#ZVView-data-copy::  16-Sep-2026 17:11:29
#=======================================
#
#name:   INDEN-Aug2023: PU-239(N,F) E_in=1.e-11 MeV
#X.axis: Energy
#Y.axis: 
#wdata:  3
#ldata:  642
#data...
# X               Y               +-dY           
# MeV             1/eV            1/eV           
  0.00            0.00            0.00                        
  1.00e-5         1.921473e-9     2.24392e-7       #dY:11678.1
  1.10e-5         2.01526e-9      2.35344e-7       #dY:11678.1
  1.20e-5         2.104867e-9     2.45809e-7       #dY:11678.1
  1.30e-5         2.190819e-9     2.55846e-7       #dY:11678.1
  1.40e-5         2.273519e-9     2.65504e-7       #dY:11678.1
  1.50e-5         2.353318e-9     2.74823e-7       #dY:11678.1
  1.60e-5         2.430496e-9     2.83836e-7       #dY:11678.1
  1.70e-5         2.505293e-9     2.92571e-7       #dY:11678.1
  1.80e-5         2.577926e-9     3.01053e-7       #dY:11678.1
  1.90e-5         2.648568e-9     3.09303e-7       #dY:11678.1
  2.00e-5         2.717374e-9     3.17338e-7       #dY:11678.1
  2.10e-5         2.78448e-9      3.25174e-7       #dY:11678.1
  2.20e-5         2.850006e-9     3.32827e-7       #dY:11678.1
  2.30e-5         2.91406e-9      3.40307e-7       #dY:11678.1
  2.40e-5         2.976736e-9     3.47626e-7       #dY:11678.1
  2.50e-5         3.038117e-9     3.54794e-7       #dY:11678.1
  2.60e-5         3.098285e-9     3.61821e-7       #dY:11678.1
  2.70e-5         3.1573e-9       3.68713e-7       #dY:11678.1
  2.80e-5         3.215241e-9     3.75479e-7       #dY:11678.1
  2.90e-5         3.272153e-9     3.82125e-7       #dY:11678.1
  3.00e-5         3.328086e-9     3.88657e-7       #dY:11678.1
  3.10e-5         3.383101e-9     3.95082e-7       #dY:11678.1
  3.20e-5         3.437235e-9     4.01404e-7       #dY:11678.1
  3.30e-5         3.490529e-9     4.07628e-7       #dY:11678.1
  3.40e-5         3.54302e-9      4.13758e-7       #dY:11678.1
  3.50e-5         3.594749e-9     4.19799e-7       #dY:11678.1
  3.60e-5         3.645739e-9     4.25753e-7       #dY:11678.1
  3.70e-5         3.696026e-9     4.31626e-7       #dY:11678.1
  3.80e-5         3.745643e-9     4.3742e-7        #dY:11678.1
  3.90e-5         3.794601e-9     4.43137e-7       #dY:11678.1
  4.00e-5         3.842945e-9     4.48783e-7       #dY:11678.1
  4.10e-5         3.890685e-9     4.54358e-7       #dY:11678.1
  4.20e-5         3.937848e-9     4.59866e-7       #dY:11678.1
  4.30e-5         3.984448e-9     4.65308e-7       #dY:11678.1
  4.40e-5         4.030514e-9     4.70688e-7       #dY:11678.1
  4.50e-5         4.076059e-9     4.76006e-7       #dY:11678.1
  4.60e-5         4.121098e-9     4.81266e-7       #dY:11678.1
  4.70e-5         4.165653e-9     4.86469e-7       #dY:11678.1
  4.80e-5         4.209735e-9     4.91617e-7       #dY:11678.1
  4.90e-5         4.253361e-9     4.96712e-7       #dY:11678.1
  5.00e-5         4.296544e-9     5.01755e-7       #dY:11678.1
  5.10e-5         4.339298e-9     5.06748e-7       #dY:11678.1
  5.20e-5         4.381634e-9     5.11692e-7       #dY:11678.1
  5.30e-5         4.423565e-9     5.16589e-7       #dY:11678.1
  5.40e-5         4.465096e-9     5.21439e-7       #dY:11678.1
  5.50e-5         4.506255e-9     5.26245e-7       #dY:11678.1
  5.60e-5         4.547036e-9     5.31008e-7       #dY:11678.1
  5.70e-5         4.587448e-9     5.35727e-7       #dY:11678.1
  5.80e-5         4.627517e-9     5.40406e-7       #dY:11678.1
  5.90e-5         4.667241e-9     5.45045e-7       #dY:11678.1
  6.00e-5         4.706627e-9     5.49645e-7       #dY:11678.1
  6.10e-5         4.745687e-9     5.54206e-7       #dY:11678.1
  6.20e-5         4.784428e-9     5.5873e-7        #dY:11678.1
  6.30e-5         4.822861e-9     5.63219e-7       #dY:11678.1
  6.40e-5         4.860982e-9     5.67671e-7       #dY:11678.1
  6.50e-5         4.898811e-9     5.72088e-7       #dY:11678.1
  6.60e-5         4.936353e-9     5.76472e-7       #dY:11678.1
  6.70e-5         4.973605e-9     5.80823e-7       #dY:11678.1
  6.80e-5         5.010589e-9     5.85142e-7       #dY:11678.1
  6.90e-5         5.047293e-9     5.89428e-7       #dY:11678.1
  7.00e-5         5.083735e-9     5.93684e-7       #dY:11678.1
  7.10e-5         5.119921e-9     5.9791e-7        #dY:11678.1
  7.20e-5         5.155848e-9     6.02105e-7       #dY:11678.1
  7.30e-5         5.191532e-9     6.06273e-7       #dY:11678.1
  7.40e-5         5.226969e-9     6.10411e-7       #dY:11678.1
  7.50e-5         5.262168e-9     6.14521e-7       #dY:11678.1
  7.60e-5         5.29713e-9      6.18604e-7       #dY:11678.1
  7.70e-5         5.331867e-9     6.22661e-7       #dY:11678.1
  7.80e-5         5.36638e-9      6.26691e-7       #dY:11678.1
  7.90e-5         5.400673e-9     6.30696e-7       #dY:11678.1
  8.00e-5         5.434744e-9     6.34675e-7       #dY:11678.1
  8.10e-5         5.468603e-9     6.38629e-7       #dY:11678.1
  8.20e-5         5.502256e-9     6.42559e-7       #dY:11678.1
  8.30e-5         5.535707e-9     6.46466e-7       #dY:11678.1
  8.40e-5         5.568953e-9     6.50348e-7       #dY:11678.1
  8.50e-5         5.602005e-9     6.54208e-7       #dY:11678.1
  8.60e-5         5.634863e-9     6.58045e-7       #dY:11678.1
  8.70e-5         5.667525e-9     6.61859e-7       #dY:11678.1
  8.80e-5         5.700003e-9     6.65652e-7       #dY:11678.1
  8.90e-5         5.732304e-9     6.69424e-7       #dY:11678.1
  9.00e-5         5.764414e-9     6.73174e-7       #dY:11678.1
  9.10e-5         5.796348e-9     6.76904e-7       #dY:11678.1
  9.20e-5         5.828112e-9     6.80613e-7       #dY:11678.1
  9.30e-5         5.859699e-9     6.84302e-7       #dY:11678.1
  9.40e-5         5.891117e-9     6.87971e-7       #dY:11678.1
  9.50e-5         5.922371e-9     6.91621e-7       #dY:11678.1
  9.60e-5         5.95346e-9      6.95251e-7       #dY:11678.1
  9.70e-5         5.98439e-9      6.98863e-7       #dY:11678.1
  9.80e-5         6.015155e-9     7.02456e-7       #dY:11678.1
  9.90e-5         6.045772e-9     7.06032e-7       #dY:11678.1
  1.00e-4         6.076229e-9     7.09588e-7       #dY:11678.1
  1.10e-4         6.3728e-9       7.44222e-7       #dY:11678.1
  1.20e-4         6.65617e-9      7.77314e-7       #dY:11678.1
  1.30e-4         6.927959e-9     8.09054e-7       #dY:11678.1
  1.40e-4         7.189483e-9     8.39595e-7       #dY:11678.1
  1.50e-4         7.441826e-9     8.69064e-7       #dY:11678.1
  1.60e-4         7.685883e-9     8.97565e-7       #dY:11678.1
  1.70e-4         7.922421e-9     9.25189e-7       #dY:11678.1
  1.80e-4         8.152105e-9     9.52011e-7       #dY:11678.1
  1.90e-4         8.37549e-9      9.78098e-7       #dY:11678.1
  2.00e-4         8.593072e-9     1.00351e-6       #dY:11678.1
  2.10e-4         8.805275e-9     1.02829e-6       #dY:11678.1
  2.20e-4         9.012488e-9     1.05249e-6       #dY:11678.1
  2.30e-4         9.215039e-9     1.07614e-6       #dY:11678.1
  2.40e-4         9.41322e-9      1.09929e-6       #dY:11678.1
  2.50e-4         9.607338e-9     1.12195e-6       #dY:11678.1
  2.60e-4         9.797592e-9     1.14417e-6       #dY:11678.1
  2.70e-4         9.984245e-9     1.16597e-6       #dY:11678.1
  2.80e-4         1.016745e-8     1.18737e-6       #dY:11678.1
  2.90e-4         1.034743e-8     1.20838e-6       #dY:11678.1
  3.00e-4         1.052432e-8     1.22904e-6       #dY:11678.1
  3.10e-4         1.069826e-8     1.24935e-6       #dY:11678.1
  3.20e-4         1.086945e-8     1.26935e-6       #dY:11678.1
  3.30e-4         1.103798e-8     1.28903e-6       #dY:11678.1
  3.40e-4         1.1204e-8       1.30841e-6       #dY:11678.1
  3.50e-4         1.136755e-8     1.32751e-6       #dY:11678.1
  3.60e-4         1.152879e-8     1.34634e-6       #dY:11678.1
  3.70e-4         1.168782e-8     1.36492e-6       #dY:11678.1
  3.80e-4         1.184469e-8     1.38324e-6       #dY:11678.1
  3.90e-4         1.19995e-8      1.40131e-6       #dY:11678.1
  4.00e-4         1.215245e-8     1.41918e-6       #dY:11678.1
  4.10e-4         1.230339e-8     1.4368e-6        #dY:11678.1
  4.20e-4         1.24525e-8      1.45422e-6       #dY:11678.1
  4.30e-4         1.259991e-8     1.47143e-6       #dY:11678.1
  4.40e-4         1.274555e-8     1.48844e-6       #dY:11678.1
  4.50e-4         1.288954e-8     1.50525e-6       #dY:11678.1
  4.60e-4         1.3032e-8       1.52189e-6       #dY:11678.1
  4.70e-4         1.317286e-8     1.53834e-6       #dY:11678.1
  4.80e-4         1.331225e-8     1.55462e-6       #dY:11678.1
  4.90e-4         1.345024e-8     1.57073e-6       #dY:11678.1
  5.00e-4         1.358681e-8     1.58668e-6       #dY:11678.1
  5.10e-4         1.372198e-8     1.60247e-6       #dY:11678.1
  5.20e-4         1.385583e-8     1.6181e-6        #dY:11678.1
  5.30e-4         1.398843e-8     1.63358e-6       #dY:11678.1
  5.40e-4         1.411976e-8     1.64892e-6       #dY:11678.1
  5.50e-4         1.424991e-8     1.66412e-6       #dY:11678.1
  5.60e-4         1.437888e-8     1.67918e-6       #dY:11678.1
  5.70e-4         1.45067e-8      1.69411e-6       #dY:11678.1
  5.80e-4         1.463338e-8     1.7089e-6        #dY:11678.1
  5.90e-4         1.475897e-8     1.72357e-6       #dY:11678.1
  6.00e-4         1.488353e-8     1.73811e-6       #dY:11678.1
  6.10e-4         1.500706e-8     1.75254e-6       #dY:11678.1
  6.20e-4         1.512956e-8     1.76685e-6       #dY:11678.1
  6.30e-4         1.525109e-8     1.78104e-6       #dY:11678.1
  6.40e-4         1.537164e-8     1.79512e-6       #dY:11678.1
  6.50e-4         1.549127e-8     1.80909e-6       #dY:11678.1
  6.60e-4         1.560994e-8     1.82295e-6       #dY:11678.1
  6.70e-4         1.572772e-8     1.8367e-6        #dY:11678.1
  6.80e-4         1.584468e-8     1.85036e-6       #dY:11678.1
  6.90e-4         1.596077e-8     1.86392e-6       #dY:11678.1
  7.00e-4         1.607599e-8     1.87737e-6       #dY:11678.1
  7.10e-4         1.619041e-8     1.89073e-6       #dY:11678.1
  7.20e-4         1.630402e-8     1.904e-6         #dY:11678.1
  7.30e-4         1.641687e-8     1.91718e-6       #dY:11678.1
  7.40e-4         1.652891e-8     1.93026e-6       #dY:11678.1
  7.50e-4         1.66402e-8      1.94326e-6       #dY:11678.1
  7.60e-4         1.675077e-8     1.95617e-6       #dY:11678.1
  7.70e-4         1.686058e-8     1.969e-6         #dY:11678.1
  7.80e-4         1.696973e-8     1.98174e-6       #dY:11678.1
  7.90e-4         1.707817e-8     1.99441e-6       #dY:11678.1
  8.00e-4         1.718586e-8     2.00698e-6       #dY:11678.1
  8.10e-4         1.729295e-8     2.01949e-6       #dY:11678.1
  8.20e-4         1.739934e-8     2.03191e-6       #dY:11678.1
  8.30e-4         1.750514e-8     2.04427e-6       #dY:11678.1
  8.40e-4         1.761025e-8     2.05654e-6       #dY:11678.1
  8.50e-4         1.771477e-8     2.06875e-6       #dY:11678.1
  8.60e-4         1.781867e-8     2.08088e-6       #dY:11678.1
  8.70e-4         1.792193e-8     2.09294e-6       #dY:11678.1
  8.80e-4         1.802464e-8     2.10494e-6       #dY:11678.1
  8.90e-4         1.812675e-8     2.11686e-6       #dY:11678.1
  9.00e-4         1.82283e-8      2.12872e-6       #dY:11678.1
  9.10e-4         1.832926e-8     2.14051e-6       #dY:11678.1
  9.20e-4         1.842964e-8     2.15223e-6       #dY:11678.1
  9.30e-4         1.852954e-8     2.1639e-6        #dY:11678.1
  9.40e-4         1.862893e-8     2.17551e-6       #dY:11678.1
  9.50e-4         1.872772e-8     2.18704e-6       #dY:11678.1
  9.60e-4         1.882602e-8     2.19852e-6       #dY:11678.1
  9.70e-4         1.892381e-8     2.20994e-6       #dY:11678.1
  9.80e-4         1.902109e-8     2.2213e-6        #dY:11678.1
  9.90e-4         1.911786e-8     2.2326e-6        #dY:11678.1
  1.00e-3         1.921417e-8     2.24385e-6       #dY:11678.1
  1.10e-3         2.015183e-8     2.35335e-6       #dY:11678.1
  1.20e-3         2.104769e-8     2.45797e-6       #dY:11678.1
  1.30e-3         2.190687e-8     2.55831e-6       #dY:11678.1
  1.40e-3         2.273363e-8     2.65486e-6       #dY:11678.1
  1.50e-3         2.353126e-8     2.74801e-6       #dY:11678.1
  1.60e-3         2.430271e-8     2.8381e-6        #dY:11678.1
  1.70e-3         2.50503e-8      2.9254e-6        #dY:11678.1
  1.80e-3         2.577616e-8     3.01017e-6       #dY:11678.1
  1.90e-3         2.648209e-8     3.09261e-6       #dY:11678.1
  2.00e-3         2.716966e-8     3.1729e-6        #dY:11678.1
  2.10e-3         2.784012e-8     3.2512e-6        #dY:11678.1
  2.20e-3         2.849483e-8     3.32766e-6       #dY:11678.1
  2.30e-3         2.913476e-8     3.40239e-6       #dY:11678.1
  2.40e-3         2.976089e-8     3.47551e-6       #dY:11678.1
  2.50e-3         3.037407e-8     3.54712e-6       #dY:11678.1
  2.60e-3         3.097499e-8     3.61729e-6       #dY:11678.1
  2.70e-3         3.156447e-8     3.68613e-6       #dY:11678.1
  2.80e-3         3.214307e-8     3.7537e-6        #dY:11678.1
  2.90e-3         3.271139e-8     3.82007e-6       #dY:11678.1
  3.00e-3         3.326999e-8     3.8853e-6        #dY:11678.1
  3.10e-3         3.381927e-8     3.94945e-6       #dY:11678.1
  3.20e-3         3.435972e-8     4.01256e-6       #dY:11678.1
  3.30e-3         3.489176e-8     4.0747e-6        #dY:11678.1
  3.40e-3         3.541579e-8     4.13589e-6       #dY:11678.1
  3.50e-3         3.593207e-8     4.19618e-6       #dY:11678.1
  3.60e-3         3.644103e-8     4.25562e-6       #dY:11678.1
  3.70e-3         3.694283e-8     4.31422e-6       #dY:11678.1
  3.80e-3         3.743797e-8     4.37205e-6       #dY:11678.1
  3.90e-3         3.792655e-8     4.4291e-6        #dY:11678.1
  4.00e-3         3.84089e-8      4.48543e-6       #dY:11678.1
  4.10e-3         3.888516e-8     4.54105e-6       #dY:11678.1
  4.20e-3         3.935564e-8     4.59599e-6       #dY:11678.1
  4.30e-3         3.982048e-8     4.65028e-6       #dY:11678.1
  4.40e-3         4.02799e-8      4.70393e-6       #dY:11678.1
  4.50e-3         4.073411e-8     4.75697e-6       #dY:11678.1
  4.60e-3         4.118328e-8     4.80943e-6       #dY:11678.1
  4.70e-3         4.162753e-8     4.86131e-6       #dY:11678.1
  4.80e-3         4.206698e-8     4.91263e-6       #dY:11678.1
  4.90e-3         4.250191e-8     4.96342e-6       #dY:11678.1
  5.00e-3         4.293237e-8     5.01369e-6       #dY:11678.1
  5.10e-3         4.33585e-8      5.06345e-6       #dY:11678.1
  5.20e-3         4.378045e-8     5.11273e-6       #dY:11678.1
  5.30e-3         4.419827e-8     5.16152e-6       #dY:11678.1
  5.40e-3         4.461217e-8     5.20986e-6       #dY:11678.1
  5.50e-3         4.502219e-8     5.25774e-6       #dY:11678.1
  5.60e-3         4.542848e-8     5.30519e-6       #dY:11678.1
  5.70e-3         4.583107e-8     5.3522e-6        #dY:11678.1
  5.80e-3         4.623016e-8     5.39881e-6       #dY:11678.1
  5.90e-3         4.662578e-8     5.44501e-6       #dY:11678.1
  6.00e-3         4.701801e-8     5.49081e-6       #dY:11678.1
  6.10e-3         4.740694e-8     5.53623e-6       #dY:11678.1
  6.20e-3         4.779268e-8     5.58128e-6       #dY:11678.1
  6.30e-3         4.817525e-8     5.62596e-6       #dY:11678.1
  6.40e-3         4.855481e-8     5.67028e-6       #dY:11678.1
  6.50e-3         4.893134e-8     5.71425e-6       #dY:11678.1
  6.60e-3         4.930496e-8     5.75788e-6       #dY:11678.1
  6.70e-3         4.967575e-8     5.80119e-6       #dY:11678.1
  6.80e-3         5.004369e-8     5.84415e-6       #dY:11678.1
  6.90e-3         5.040894e-8     5.88681e-6       #dY:11678.1
  7.00e-3         5.077153e-8     5.92915e-6       #dY:11678.1
  7.10e-3         5.113153e-8     5.97119e-6       #dY:11678.1
  7.20e-3         5.14889e-8      6.01293e-6       #dY:11678.1
  7.30e-3         5.18438e-8      6.05437e-6       #dY:11678.1
  7.40e-3         5.219624e-8     6.09553e-6       #dY:11678.1
  7.50e-3         5.254629e-8     6.13641e-6       #dY:11678.1
  7.60e-3         5.289398e-8     6.17701e-6       #dY:11678.1
  7.70e-3         5.323938e-8     6.21735e-6       #dY:11678.1
  7.80e-3         5.35825e-8      6.25742e-6       #dY:11678.1
  7.90e-3         5.392338e-8     6.29723e-6       #dY:11678.1
  8.00e-3         5.426212e-8     6.33679e-6       #dY:11678.1
  8.10e-3         5.459873e-8     6.3761e-6        #dY:11678.1
  8.20e-3         5.493321e-8     6.41516e-6       #dY:11678.1
  8.30e-3         5.526562e-8     6.45398e-6       #dY:11678.1
  8.40e-3         5.559603e-8     6.49256e-6       #dY:11678.1
  8.50e-3         5.592444e-8     6.53091e-6       #dY:11678.1
  8.60e-3         5.625089e-8     6.56904e-6       #dY:11678.1
  8.70e-3         5.657549e-8     6.60694e-6       #dY:11678.1
  8.80e-3         5.689812e-8     6.64462e-6       #dY:11678.1
  8.90e-3         5.721893e-8     6.68209e-6       #dY:11678.1
  9.00e-3         5.75379e-8      6.71934e-6       #dY:11678.1
  9.10e-3         5.785511e-8     6.75638e-6       #dY:11678.1
  9.20e-3         5.817057e-8     6.79322e-6       #dY:11678.1
  9.30e-3         5.848436e-8     6.82986e-6       #dY:11678.1
  9.40e-3         5.879633e-8     6.8663e-6        #dY:11678.1
  9.50e-3         5.910667e-8     6.90254e-6       #dY:11678.1
  9.60e-3         5.941534e-8     6.93859e-6       #dY:11678.1
  9.70e-3         5.972238e-8     6.97444e-6       #dY:11678.1
  9.80e-3         6.002785e-8     7.01011e-6       #dY:11678.1
  9.90e-3         6.033177e-8     7.04561e-6       #dY:11678.1
  0.01            6.06341e-8      7.08091e-6       #dY:11678.1
  0.011           6.357689e-8     7.42458e-6       #dY:11678.1
  0.012           6.638673e-8     7.75271e-6       #dY:11678.1
  0.013           6.907981e-8     1.79047e-8       #dY:25.9%  
  0.014           7.166927e-8     1.85758e-8       #dY:25.9%  
  0.015           7.416586e-8     1.92229e-8       #dY:25.9%  
  0.016           7.657859e-8     1.98483e-8       #dY:25.9%  
  0.017           7.89151e-8      2.04538e-8       #dY:25.9%  
  0.018           8.11818e-8      2.10413e-8       #dY:25.9%  
  0.019           8.338441e-8     2.16122e-8       #dY:25.9%  
  0.02            8.552772e-8     2.21678e-8       #dY:25.9%  
  0.021           8.761601e-8     2.2709e-8        #dY:25.9%  
  0.022           8.965312e-8     2.3237e-8        #dY:25.9%  
  0.023           9.164226e-8     2.37526e-8       #dY:25.9%  
  0.024           9.358645e-8     2.42565e-8       #dY:25.9%  
  0.025           9.548852e-8     2.47495e-8       #dY:25.9%  
  0.026           9.735093e-8     2.52322e-8       #dY:25.9%  
  0.027           9.91762e-8      2.57053e-8       #dY:25.9%  
  0.028           1.009657e-7     2.61691e-8       #dY:25.9%  
  0.029           1.02722e-7      2.66243e-8       #dY:25.9%  
  0.03            1.04447e-7      2.70714e-8       #dY:25.9%  
  0.031           1.061419e-7     2.75107e-8       #dY:25.9%  
  0.032           1.078081e-7     2.79426e-8       #dY:25.9%  
  0.033           1.094475e-7     2.83675e-8       #dY:25.9%  
  0.034           1.110609e-7     2.87857e-8       #dY:25.9%  
  0.035           1.126496e-7     2.91974e-8       #dY:25.9%  
  0.036           1.142142e-7     1.39044e-8       #dY:12.2%  
  0.037           1.157562e-7     1.40922e-8       #dY:12.2%  
  0.038           1.172758e-7     1.42772e-8       #dY:12.2%  
  0.039           1.187743e-7     1.44596e-8       #dY:12.2%  
  0.04            1.202524e-7     1.46395e-8       #dY:12.2%  
  0.041           1.217106e-7     1.48171e-8       #dY:12.2%  
  0.042           1.231499e-7     1.49923e-8       #dY:12.2%  
  0.043           1.245701e-7     1.51652e-8       #dY:12.2%  
  0.044           1.259728e-7     1.53359e-8       #dY:12.2%  
  0.045           1.27358e-7      1.55046e-8       #dY:12.2%  
  0.046           1.287269e-7     1.56712e-8       #dY:12.2%  
  0.047           1.300786e-7     1.58358e-8       #dY:12.2%  
  0.048           1.31415e-7      1.59985e-8       #dY:12.2%  
  0.049           1.327357e-7     1.61593e-8       #dY:12.2%  
  0.05            1.340419e-7     1.63183e-8       #dY:12.2%  
  0.051           1.353328e-7     1.64754e-8       #dY:12.2%  
  0.052           1.366102e-7     1.66309e-8       #dY:12.2%  
  0.053           1.378737e-7     1.67848e-8       #dY:12.2%  
  0.054           1.391238e-7     1.69369e-8       #dY:12.2%  
  0.055           1.403604e-7     1.70875e-8       #dY:12.2%  
  0.056           1.415849e-7     1.7483e-8        #dY:12.3%  
  0.057           1.427971e-7     1.76327e-8       #dY:12.3%  
  0.058           1.439967e-7     1.77808e-8       #dY:12.3%  
  0.059           1.451845e-7     1.79275e-8       #dY:12.3%  
  0.06            1.463612e-7     1.80728e-8       #dY:12.3%  
  0.061           1.475266e-7     1.82167e-8       #dY:12.3%  
  0.062           1.486807e-7     1.83592e-8       #dY:12.3%  
  0.063           1.498242e-7     1.85004e-8       #dY:12.3%  
  0.064           1.509572e-7     1.86403e-8       #dY:12.3%  
  0.065           1.520797e-7     1.87789e-8       #dY:12.3%  
  0.066           1.531914e-7     1.89162e-8       #dY:12.3%  
  0.067           1.542944e-7     1.90524e-8       #dY:12.3%  
  0.068           1.553873e-7     1.91873e-8       #dY:12.3%  
  0.069           1.564701e-7     1.9321e-8        #dY:12.3%  
  0.07            1.57544e-7      1.94536e-8       #dY:12.3%  
  0.071           1.586091e-7     1.95851e-8       #dY:12.3%  
  0.072           1.596651e-7     1.97155e-8       #dY:12.3%  
  0.073           1.607124e-7     1.98449e-8       #dY:12.3%  
  0.074           1.617515e-7     1.99732e-8       #dY:12.3%  
  0.075           1.627823e-7     2.01005e-8       #dY:12.3%  
  0.076           1.638048e-7     1.36981e-8       #dY:8.4%   
  0.077           1.648193e-7     1.37829e-8       #dY:8.4%   
  0.078           1.658266e-7     1.38672e-8       #dY:8.4%   
  0.079           1.668258e-7     1.39507e-8       #dY:8.4%   
  0.08            1.678174e-7     1.40336e-8       #dY:8.4%   
  0.081           1.688021e-7     1.4116e-8        #dY:8.4%   
  0.082           1.697798e-7     1.41977e-8       #dY:8.4%   
  0.083           1.7075e-7       1.42789e-8       #dY:8.4%   
  0.084           1.717132e-7     1.43594e-8       #dY:8.4%   
  0.085           1.726696e-7     1.44394e-8       #dY:8.4%   
  0.086           1.73619e-7      1.45188e-8       #dY:8.4%   
  0.087           1.745615e-7     1.45976e-8       #dY:8.4%   
  0.088           1.754977e-7     1.46759e-8       #dY:8.4%   
  0.089           1.764273e-7     1.47536e-8       #dY:8.4%   
  0.09            1.773506e-7     1.48308e-8       #dY:8.4%   
  0.091           1.782675e-7     1.49075e-8       #dY:8.4%   
  0.092           1.79178e-7      1.49837e-8       #dY:8.4%   
  0.093           1.800824e-7     1.50593e-8       #dY:8.4%   
  0.094           1.809808e-7     1.51344e-8       #dY:8.4%   
  0.095           1.818727e-7     1.5209e-8        #dY:8.4%   
  0.096           1.827592e-7     8.46001e-9       #dY:4.6%   
  0.097           1.836396e-7     8.50076e-9       #dY:4.6%   
  0.098           1.845137e-7     8.54122e-9       #dY:4.6%   
  0.099           1.853825e-7     8.58144e-9       #dY:4.6%   
  0.1             1.862459e-7     8.62141e-9       #dY:4.6%   
  0.11            1.9458e-7       9.0072e-9        #dY:4.6%   
  0.12            2.024333e-7     1.31593e-8       #dY:6.5%   
  0.13            2.098554e-7     1.36418e-8       #dY:6.5%   
  0.14            2.168811e-7     8.73627e-9       #dY:4.0%   
  0.15            2.235471e-7     9.00478e-9       #dY:4.0%   
  0.16            2.298757e-7     9.25971e-9       #dY:4.0%   
  0.17            2.358872e-7     8.79654e-9       #dY:3.7%   
  0.18            2.416151e-7     9.01014e-9       #dY:3.7%   
  0.19            2.4708e-7       9.21394e-9       #dY:3.7%   
  0.2             2.523006e-7     8.09149e-9       #dY:3.2%   
  0.21            2.57287e-7      8.2514e-9        #dY:3.2%   
  0.22            2.620376e-7     8.40376e-9       #dY:3.2%   
  0.23            2.665721e-7     7.16788e-9       #dY:2.7%   
  0.24            2.709233e-7     7.28488e-9       #dY:2.7%   
  0.25            2.751014e-7     7.39723e-9       #dY:2.7%   
  0.26            2.790892e-7     7.50446e-9       #dY:2.7%   
  0.27            2.828803e-7     7.20273e-9       #dY:2.5%   
  0.28            2.864896e-7     7.29463e-9       #dY:2.5%   
  0.29            2.899404e-7     7.38249e-9       #dY:2.5%   
  0.3             2.932558e-7     7.46691e-9       #dY:2.5%   
  0.31            2.964459e-7     7.04791e-9       #dY:2.4%   
  0.32            2.994938e-7     7.12037e-9       #dY:2.4%   
  0.33            3.023808e-7     7.18901e-9       #dY:2.4%   
  0.34            3.051265e-7     7.25428e-9       #dY:2.4%   
  0.35            3.077634e-7     7.31698e-9       #dY:2.4%   
  0.36            3.102788e-7     7.13805e-9       #dY:2.3%   
  0.37            3.126434e-7     7.19245e-9       #dY:2.3%   
  0.38            3.148516e-7     7.24325e-9       #dY:2.3%   
  0.39            3.169259e-7     7.29097e-9       #dY:2.3%   
  0.4             3.189135e-7     7.33669e-9       #dY:2.3%   
  0.41            3.208372e-7     8.56147e-9       #dY:2.7%   
  0.42            3.226872e-7     8.61083e-9       #dY:2.7%   
  0.43            3.244384e-7     8.65756e-9       #dY:2.7%   
  0.44            3.260771e-7     8.70129e-9       #dY:2.7%   
  0.45            3.275987e-7     8.7419e-9        #dY:2.7%   
  0.46            3.290111e-7     7.33478e-9       #dY:2.2%   
  0.47            3.303288e-7     7.36415e-9       #dY:2.2%   
  0.48            3.315633e-7     7.39168e-9       #dY:2.2%   
  0.49            3.327246e-7     7.41756e-9       #dY:2.2%   
  0.5             3.338195e-7     7.44197e-9       #dY:2.2%   
  0.51            3.348459e-7     7.43689e-9       #dY:2.2%   
  0.52            3.358035e-7     7.45816e-9       #dY:2.2%   
  0.53            3.366939e-7     7.47793e-9       #dY:2.2%   
  0.54            3.375211e-7     7.4963e-9        #dY:2.2%   
  0.55            3.382778e-7     7.51311e-9       #dY:2.2%   
  0.56            3.389559e-7     9.11045e-9       #dY:2.7%   
  0.57            3.39561e-7      9.12671e-9       #dY:2.7%   
  0.58            3.401072e-7     9.14139e-9       #dY:2.7%   
  0.59            3.405849e-7     9.15423e-9       #dY:2.7%   
  0.6             3.409967e-7     9.1653e-9        #dY:2.7%   
  0.61            3.413787e-7     7.40728e-9       #dY:2.2%   
  0.62            3.417476e-7     7.41528e-9       #dY:2.2%   
  0.63            3.420837e-7     7.42257e-9       #dY:2.2%   
  0.64            3.423851e-7     7.42911e-9       #dY:2.2%   
  0.65            3.426299e-7     7.43443e-9       #dY:2.2%   
  0.66            3.428179e-7     6.37139e-9       #dY:1.9%   
  0.67            3.429406e-7     6.37368e-9       #dY:1.9%   
  0.68            3.429921e-7     6.37463e-9       #dY:1.9%   
  0.69            3.42985e-7      6.3745e-9        #dY:1.9%   
  0.7             3.429325e-7     6.37352e-9       #dY:1.9%   
  0.71            3.428422e-7     7.82314e-9       #dY:2.3%   
  0.72            3.42735e-7      7.8207e-9        #dY:2.3%   
  0.73            3.426349e-7     7.81841e-9       #dY:2.3%   
  0.74            3.425219e-7     7.81583e-9       #dY:2.3%   
  0.75            3.424046e-7     7.81316e-9       #dY:2.3%   
  0.76            3.422686e-7     7.22627e-9       #dY:2.1%   
  0.77            3.420933e-7     7.22256e-9       #dY:2.1%   
  0.78            3.418823e-7     7.21811e-9       #dY:2.1%   
  0.79            3.41633e-7      7.21285e-9       #dY:2.1%   
  0.8             3.413411e-7     7.20668e-9       #dY:2.1%   
  0.81            3.410103e-7     7.60139e-9       #dY:2.2%   
  0.82            3.406682e-7     7.59376e-9       #dY:2.2%   
  0.83            3.403112e-7     7.5858e-9        #dY:2.2%   
  0.84            3.399316e-7     7.57734e-9       #dY:2.2%   
  0.85            3.395271e-7     7.56833e-9       #dY:2.2%   
  0.86            3.390987e-7     6.78268e-9       #dY:2.0%   
  0.87            3.386564e-7     6.77383e-9       #dY:2.0%   
  0.88            3.381906e-7     6.76452e-9       #dY:2.0%   
  0.89            3.376999e-7     6.7547e-9        #dY:2.0%   
  0.9             3.371901e-7     6.7445e-9        #dY:2.0%   
  0.91            3.366699e-7     2.08475e-8       #dY:6.2%   
  0.92            3.361531e-7     2.08155e-8       #dY:6.2%   
  0.93            3.356497e-7     2.07843e-8       #dY:6.2%   
  0.94            3.351457e-7     2.07531e-8       #dY:6.2%   
  0.95            3.346244e-7     2.07209e-8       #dY:6.2%   
  0.96            3.340772e-7     2.0687e-8        #dY:6.2%   
  0.97            3.335021e-7     7.03368e-9       #dY:2.1%   
  0.98            3.329029e-7     7.02104e-9       #dY:2.1%   
  0.99            3.322852e-7     7.00801e-9       #dY:2.1%   
  1               3.316553e-7     6.99473e-9       #dY:2.1%   
  1.1             3.250842e-7     7.0055e-9        #dY:2.2%   
  1.2             3.17689e-7      6.07268e-9       #dY:1.9%   
  1.3             3.096452e-7     6.02112e-9       #dY:1.9%   
  1.4             3.010512e-7     4.88811e-9       #dY:1.6%   
  1.5             2.919433e-7     4.6468e-9        #dY:1.6%   
  1.6             2.822738e-7     4.52452e-9       #dY:1.6%   
  1.7             2.722073e-7     5.46404e-9       #dY:2.0%   
  1.8             2.618789e-7     4.18436e-9       #dY:1.6%   
  1.9             2.513265e-7     3.9307e-9        #dY:1.6%   
  2               2.405679e-7     4.52078e-9       #dY:1.9%   
  2.1             2.297821e-7     4.31809e-9       #dY:1.9%   
  2.2             2.191108e-7     3.54943e-9       #dY:1.6%   
  2.3             2.085365e-7     3.37813e-9       #dY:1.6%   
  2.4             1.981e-7        3.20749e-9       #dY:1.6%   
  2.5             1.879417e-7     3.04301e-9       #dY:1.6%   
  2.6             1.780717e-7     2.94046e-9       #dY:1.7%   
  2.7             1.685259e-7     2.78284e-9       #dY:1.7%   
  2.8             1.593153e-7     2.87441e-9       #dY:1.8%   
  2.9             1.504678e-7     2.71478e-9       #dY:1.8%   
  3               1.420249e-7     2.45115e-9       #dY:1.7%   
  3.1             1.339203e-7     2.31128e-9       #dY:1.7%   
  3.2             1.262241e-7     2.17845e-9       #dY:1.7%   
  3.3             1.188933e-7     2.0362e-9        #dY:1.7%   
  3.4             1.119251e-7     1.91687e-9       #dY:1.7%   
  3.5             1.053188e-7     1.80372e-9       #dY:1.7%   
  3.6             9.908626e-8     1.73298e-9       #dY:1.7%   
  3.7             9.318129e-8     1.62971e-9       #dY:1.7%   
  3.8             8.76093e-8      1.53226e-9       #dY:1.7%   
  3.9             8.234299e-8     1.61913e-9       #dY:2.0%   
  4               7.738814e-8     1.5217e-9        #dY:2.0%   
  4.1             7.27201e-8      1.42991e-9       #dY:2.0%   
  4.2             6.832387e-8     1.22924e-9       #dY:1.8%   
  4.3             6.418158e-8     1.15472e-9       #dY:1.8%   
  4.4             6.028681e-8     1.08464e-9       #dY:1.8%   
  4.5             5.662221e-8     1.06924e-9       #dY:1.9%   
  4.6             5.317256e-8     1.0041e-9        #dY:1.9%   
  4.7             4.992112e-8     9.42702e-10      #dY:1.9%   
  4.8             4.686161e-8     9.50265e-10      #dY:2.0%   
  4.9             4.397879e-8     8.91807e-10      #dY:2.0%   
  5               4.126336e-8     8.36743e-10      #dY:2.0%   
  5.1             3.870612e-8     7.84887e-10      #dY:2.0%   
  5.2             3.629953e-8     7.25213e-10      #dY:2.0%   
  5.3             3.40333e-8      6.79937e-10      #dY:2.0%   
  5.4             3.189994e-8     6.37315e-10      #dY:2.0%   
  5.5             2.989202e-8     5.972e-10        #dY:2.0%   
  5.6             2.80029e-8      5.96568e-10      #dY:2.1%   
  5.7             2.622647e-8     5.58723e-10      #dY:2.1%   
  5.8             2.455368e-8     5.23086e-10      #dY:2.1%   
  5.9             2.29816e-8      4.89595e-10      #dY:2.1%   
  6               2.150359e-8     4.58108e-10      #dY:2.1%   
  6.1             2.011329e-8     4.34379e-10      #dY:2.2%   
  6.2             1.880681e-8     4.06163e-10      #dY:2.2%   
  6.3             1.757975e-8     3.79663e-10      #dY:2.2%   
  6.4             1.642731e-8     3.54774e-10      #dY:2.2%   
  6.5             1.534458e-8     3.31391e-10      #dY:2.2%   
  6.6             1.432973e-8     3.69429e-10      #dY:2.6%   
  6.7             1.337826e-8     3.449e-10        #dY:2.6%   
  6.8             1.248555e-8     3.21885e-10      #dY:2.6%   
  6.9             1.164957e-8     3.00333e-10      #dY:2.6%   
  7               1.086706e-8     2.80159e-10      #dY:2.6%   
  7.1             1.01347e-8      2.7402e-10       #dY:2.7%   
  7.2             9.449223e-9     2.55486e-10      #dY:2.7%   
  7.3             8.808175e-9     2.38154e-10      #dY:2.7%   
  7.4             8.208948e-9     2.21952e-10      #dY:2.7%   
  7.5             7.649102e-9     2.06815e-10      #dY:2.7%   
  7.6             7.125993e-9     2.40547e-10      #dY:3.4%   
  7.7             6.637596e-9     2.2406e-10       #dY:3.4%   
  7.8             6.182082e-9     2.08684e-10      #dY:3.4%   
  7.9             5.75703e-9      1.94336e-10      #dY:3.4%   
  8               5.36036e-9      1.80946e-10      #dY:3.4%   
  8.1             4.990478e-9     2.06559e-10      #dY:4.1%   
  8.2             4.645762e-9     1.92291e-10      #dY:4.1%   
  8.3             4.324565e-9     1.78997e-10      #dY:4.1%   
  8.4             4.025063e-9     1.666e-10        #dY:4.1%   
  8.5             3.746021e-9     1.5505e-10       #dY:4.1%   
  8.6             3.486219e-9     1.86252e-10      #dY:5.3%   
  8.7             3.244157e-9     1.7332e-10       #dY:5.3%   
  8.8             3.018744e-9     1.61277e-10      #dY:5.3%   
  8.9             2.808945e-9     1.50069e-10      #dY:5.3%   
  9               2.613743e-9     1.3964e-10       #dY:5.3%   
  9.1             2.431987e-9     1.50059e-10      #dY:6.2%   
  9.2             2.262747e-9     1.39617e-10      #dY:6.2%   
  9.3             2.105292e-9     1.29901e-10      #dY:6.2%   
  9.4             1.958689e-9     1.20856e-10      #dY:6.2%   
  9.5             1.822259e-9     1.12438e-10      #dY:6.2%   
  9.6             1.695313e-9     1.16222e-10      #dY:6.9%   
  9.7             1.577213e-9     1.08126e-10      #dY:6.9%   
  9.8             1.467324e-9     1.00592e-10      #dY:6.9%   
  9.9             1.365066e-9     9.35818e-11      #dY:6.9%   
  10              1.269911e-9     8.70585e-11      #dY:6.9%   
  10.2            1.098914e-9     1.90891e-10      #dY:17.4%  
  10.4            9.50803e-10     1.65163e-10      #dY:17.4%  
  10.6            8.22557e-10     1.42885e-10      #dY:17.4%  
  10.8            7.11503e-10     1.23594e-10      #dY:17.4%  
  11              6.15314e-10     1.22275e-10      #dY:19.9%  
  11.2            5.32054e-10     1.0573e-10       #dY:19.9%  
  11.4            4.59986e-10     9.14085e-11      #dY:19.9%  
  11.6            3.9759e-10      7.90092e-11      #dY:19.9%  
  11.8            3.43566e-10     6.82735e-11      #dY:19.9%  
  12              2.96807e-10     9.87197e-11      #dY:33.3%  
  12.2            2.56354e-10     8.52648e-11      #dY:33.3%  
  12.4            2.21356e-10     7.36243e-11      #dY:33.3%  
  12.6            1.91088e-10     6.3557e-11       #dY:33.3%  
  12.8            1.64916e-10     5.4852e-11       #dY:33.3%  
  13              1.42291e-10     4.73268e-11      #dY:33.3%  
  13.2            1.22737e-10     4.0823e-11       #dY:33.3%  
  13.4            1.05842e-10     3.52037e-11      #dY:33.3%  
  13.6            9.12521e-11     3.0351e-11       #dY:33.3%  
  13.8            7.86548e-11     2.6161e-11       #dY:33.3%  
  14              6.7781e-11      2.25443e-11      #dY:33.3%  
  14.2            5.83981e-11     1.94235e-11      #dY:33.3%  
  14.4            5.03028e-11     1.6731e-11       #dY:33.3%  
  14.6            4.33209e-11     1.44088e-11      #dY:33.3%  
  14.8            3.73002e-11     1.24063e-11      #dY:33.3%  
  15              3.21097e-11     1.06799e-11      #dY:33.3%  
  15.2            2.76364e-11     9.19202e-12      #dY:33.3%  
  15.4            2.37826e-11     7.91023e-12      #dY:33.3%  
  15.6            2.04628e-11     6.80604e-12      #dY:33.3%  
  15.8            1.76038e-11     5.85512e-12      #dY:33.3%  
  16              1.51422e-11     5.03638e-12      #dY:33.3%  
  16.2            1.30228e-11     4.33146e-12      #dY:33.3%  
  16.4            1.11984e-11     3.72465e-12      #dY:33.3%  
  16.6            9.62835e-12     3.20244e-12      #dY:33.3%  
  16.8            8.27742e-12     2.75312e-12      #dY:33.3%  
  17              7.1152e-12      2.36656e-12      #dY:33.3%  
  17.2            6.11561e-12     2.03409e-12      #dY:33.3%  
  17.4            5.25592e-12     1.74815e-12      #dY:33.3%  
  17.6            4.51658e-12     1.50224e-12      #dY:33.3%  
  17.8            3.88081e-12     1.29078e-12      #dY:33.3%  
  18              3.33415e-12     1.10896e-12      #dY:33.3%  
  18.2            2.86421e-12     9.52653e-13      #dY:33.3%  
  18.4            2.46026e-12     8.18296e-13      #dY:33.3%  
  18.6            2.11311e-12     7.02832e-13      #dY:33.3%  
  18.8            1.81477e-12     6.03603e-13      #dY:33.3%  
  19              1.5584e-12      5.18333e-13      #dY:33.3%  
  19.2            1.33809e-12     4.45056e-13      #dY:33.3%  
  19.4            1.1488e-12      3.82097e-13      #dY:33.3%  
  19.6            9.86199e-13     3.28015e-13      #dY:33.3%  
  19.8            8.46525e-13     2.81559e-13      #dY:33.3%  
  20              7.26563e-13     2.41659e-13      #dY:33.3%  
  20.2            6.23539e-13     1.05359e-13      #dY:16.9%  
  20.4            5.35066e-13     9.04094e-14      #dY:16.9%  
  20.6            4.59096e-13     7.75729e-14      #dY:16.9%  
  20.8            3.93874e-13     6.65524e-14      #dY:16.9%  
  21              3.37886e-13     5.70922e-14      #dY:16.9%  
  21.2            2.89826e-13     4.89715e-14      #dY:16.9%  
  21.4            2.48579e-13     4.20021e-14      #dY:16.9%  
  21.6            2.1318e-13      3.60207e-14      #dY:16.9%  
  21.8            1.82805e-13     3.08883e-14      #dY:16.9%  
  22              1.56742e-13     2.64845e-14      #dY:16.9%  
  22.2            1.34382e-13     2.27064e-14      #dY:16.9%  
  22.4            1.15202e-13     1.94655e-14      #dY:16.9%  
  22.6            9.8751e-14      1.66858e-14      #dY:16.9%  
  22.8            8.46409e-14     1.43017e-14      #dY:16.9%  
  23              7.25401e-14     1.2257e-14       #dY:16.9%  
  23.2            6.2164e-14      1.05038e-14      #dY:16.9%  
  23.4            5.3267e-14      9.00046e-15      #dY:16.9%  
  23.6            4.56394e-14     7.71163e-15      #dY:16.9%  
  23.8            3.91006e-14     6.60678e-15      #dY:16.9%  
  24              3.34955e-14     5.65969e-15      #dY:16.9%  
  24.2            2.86915e-14     4.84797e-15      #dY:16.9%  
  24.4            2.45737e-14     4.15219e-15      #dY:16.9%  
  24.6            2.1045e-14      3.55595e-15      #dY:16.9%  
  24.8            1.80214e-14     3.04505e-15      #dY:16.9%  
  25              1.54307e-14     2.60731e-15      #dY:16.9%  
  25.2            1.32112e-14     2.23228e-15      #dY:16.9%  
  25.4            1.13101e-14     1.91105e-15      #dY:16.9%  
  25.6            9.68183e-15     1.63593e-15      #dY:16.9%  
  25.8            8.28716e-15     1.40027e-15      #dY:16.9%  
  26              7.09277e-15     1.19846e-15      #dY:16.9%  
  26.2            6.07003e-15     1.02565e-15      #dY:16.9%  
  26.4            5.19422e-15     8.77661e-16      #dY:16.9%  
  26.6            4.44439e-15     7.50963e-16      #dY:16.9%  
  26.8            3.80242e-15     6.4249e-16       #dY:16.9%  
  27              3.25285e-15     5.4963e-16       #dY:16.9%  
  27.2            2.78243e-15     4.70144e-16      #dY:16.9%  
  27.4            2.37981e-15     4.02113e-16      #dY:16.9%  
  27.6            2.03522e-15     3.43888e-16      #dY:16.9%  
  27.8            1.74041e-15     2.94075e-16      #dY:16.9%  
  28              1.48819e-15     2.51458e-16      #dY:16.9%  
  28.2            1.27243e-15     2.15001e-16      #dY:16.9%  
  28.4            1.08787e-15     1.83816e-16      #dY:16.9%  
  28.6            9.30021e-16     1.57144e-16      #dY:16.9%  
  28.8            7.9501e-16      1.34332e-16      #dY:16.9%  
  29              6.79549e-16     1.14823e-16      #dY:16.9%  
  29.2            5.80813e-16     9.81392e-17      #dY:16.9%  
  29.4            4.96383e-16     8.38732e-17      #dY:16.9%  
  29.6            4.24193e-16     7.16753e-17      #dY:16.9%  
  29.8            3.62471e-16     6.12463e-17      #dY:16.9%  
  30              0.00            0.00                        
//
#-------------------------------------------------------------------------------
#
#name:   INDEN-Aug2023: PU-239(N,F) E_in=0.5 MeV
#X.axis: Energy
#Y.axis: 
#wdata:  3
#ldata:  642
#data...
# X               Y               +-dY           
# MeV             1/eV            1/eV           
  0.00            0.00            0.00                        
  1.00e-5         1.882529e-9     3.01594e-11      #dY:1.6%   
  1.10e-5         1.974413e-9     3.16315e-11      #dY:1.6%   
  1.20e-5         2.062205e-9     1.69125e-10      #dY:8.2%   
  1.30e-5         2.146412e-9     1.75674e-10      #dY:8.2%   
  1.40e-5         2.227438e-9     1.81994e-10      #dY:8.2%   
  1.50e-5         2.305615e-9     1.88107e-10      #dY:8.2%   
  1.60e-5         2.381228e-9     1.94031e-10      #dY:8.1%   
  1.70e-5         2.454515e-9     1.99784e-10      #dY:8.1%   
  1.80e-5         2.525674e-9     2.05377e-10      #dY:8.1%   
  1.90e-5         2.594883e-9     2.10823e-10      #dY:8.1%   
  2.00e-5         2.662293e-9     2.16134e-10      #dY:8.1%   
  2.10e-5         2.728036e-9     2.2132e-10       #dY:8.1%   
  2.20e-5         2.792235e-9     2.26388e-10      #dY:8.1%   
  2.30e-5         2.85499e-9      2.31345e-10      #dY:8.1%   
  2.40e-5         2.916394e-9     2.362e-10        #dY:8.1%   
  2.50e-5         2.976532e-9     2.40956e-10      #dY:8.1%   
  2.60e-5         3.035477e-9     2.4562e-10       #dY:8.1%   
  2.70e-5         3.093301e-9     2.502e-10        #dY:8.1%   
  2.80e-5         3.150063e-9     2.54698e-10      #dY:8.1%   
  2.90e-5         3.205818e-9     2.59115e-10      #dY:8.1%   
  3.00e-5         3.260623e-9     2.6346e-10       #dY:8.1%   
  3.10e-5         3.314521e-9     2.67737e-10      #dY:8.1%   
  3.20e-5         3.367554e-9     2.71945e-10      #dY:8.1%   
  3.30e-5         3.419768e-9     2.7609e-10       #dY:8.1%   
  3.40e-5         3.471195e-9     2.80172e-10      #dY:8.1%   
  3.50e-5         3.521872e-9     2.84197e-10      #dY:8.1%   
  3.60e-5         3.571828e-9     2.88164e-10      #dY:8.1%   
  3.70e-5         3.621097e-9     2.9208e-10       #dY:8.1%   
  3.80e-5         3.669705e-9     2.95942e-10      #dY:8.1%   
  3.90e-5         3.717674e-9     2.99754e-10      #dY:8.1%   
  4.00e-5         3.765035e-9     3.0352e-10       #dY:8.1%   
  4.10e-5         3.811807e-9     3.0724e-10       #dY:8.1%   
  4.20e-5         3.858011e-9     3.10914e-10      #dY:8.1%   
  4.30e-5         3.903669e-9     3.14545e-10      #dY:8.1%   
  4.40e-5         3.9488e-9       3.18137e-10      #dY:8.1%   
  4.50e-5         3.993419e-9     3.21686e-10      #dY:8.1%   
  4.60e-5         4.037544e-9     3.25199e-10      #dY:8.1%   
  4.70e-5         4.081196e-9     3.28673e-10      #dY:8.1%   
  4.80e-5         4.124382e-9     3.3211e-10       #dY:8.1%   
  4.90e-5         4.167121e-9     3.35513e-10      #dY:8.1%   
  5.00e-5         4.209428e-9     3.38882e-10      #dY:8.1%   
  5.10e-5         4.251314e-9     3.42217e-10      #dY:8.0%   
  5.20e-5         4.29279e-9      3.45521e-10      #dY:8.0%   
  5.30e-5         4.333869e-9     3.4879e-10       #dY:8.0%   
  5.40e-5         4.374563e-9     3.52033e-10      #dY:8.0%   
  5.50e-5         4.414882e-9     3.55244e-10      #dY:8.0%   
  5.60e-5         4.454835e-9     3.58428e-10      #dY:8.0%   
  5.70e-5         4.494434e-9     3.61583e-10      #dY:8.0%   
  5.80e-5         4.533686e-9     3.64711e-10      #dY:8.0%   
  5.90e-5         4.572602e-9     3.67811e-10      #dY:8.0%   
  6.00e-5         4.611189e-9     3.70886e-10      #dY:8.0%   
  6.10e-5         4.649455e-9     3.73935e-10      #dY:8.0%   
  6.20e-5         4.687411e-9     3.76962e-10      #dY:8.0%   
  6.30e-5         4.725059e-9     3.79963e-10      #dY:8.0%   
  6.40e-5         4.762411e-9     3.8294e-10       #dY:8.0%   
  6.50e-5         4.799473e-9     3.85895e-10      #dY:8.0%   
  6.60e-5         4.83625e-9      3.88827e-10      #dY:8.0%   
  6.70e-5         4.872748e-9     3.91735e-10      #dY:8.0%   
  6.80e-5         4.908978e-9     3.94626e-10      #dY:8.0%   
  6.90e-5         4.94494e-9      3.97492e-10      #dY:8.0%   
  7.00e-5         4.980643e-9     4.00338e-10      #dY:8.0%   
  7.10e-5         5.016092e-9     4.03166e-10      #dY:8.0%   
  7.20e-5         5.051294e-9     4.05973e-10      #dY:8.0%   
  7.30e-5         5.086249e-9     4.08759e-10      #dY:8.0%   
  7.40e-5         5.120966e-9     4.11528e-10      #dY:8.0%   
  7.50e-5         5.155451e-9     4.14279e-10      #dY:8.0%   
  7.60e-5         5.189706e-9     4.17012e-10      #dY:8.0%   
  7.70e-5         5.223736e-9     4.19724e-10      #dY:8.0%   
  7.80e-5         5.257546e-9     4.22423e-10      #dY:8.0%   
  7.90e-5         5.291139e-9     4.25102e-10      #dY:8.0%   
  8.00e-5         5.324522e-9     4.27766e-10      #dY:8.0%   
  8.10e-5         5.357694e-9     4.30411e-10      #dY:8.0%   
  8.20e-5         5.390665e-9     4.33043e-10      #dY:8.0%   
  8.30e-5         5.423434e-9     4.35655e-10      #dY:8.0%   
  8.40e-5         5.456006e-9     4.38254e-10      #dY:8.0%   
  8.50e-5         5.488385e-9     4.40838e-10      #dY:8.0%   
  8.60e-5         5.520575e-9     4.43406e-10      #dY:8.0%   
  8.70e-5         5.552576e-9     4.45958e-10      #dY:8.0%   
  8.80e-5         5.584397e-9     4.48499e-10      #dY:8.0%   
  8.90e-5         5.616036e-9     4.51022e-10      #dY:8.0%   
  9.00e-5         5.647496e-9     4.53532e-10      #dY:8.0%   
  9.10e-5         5.678783e-9     4.5603e-10       #dY:8.0%   
  9.20e-5         5.7099e-9       4.58512e-10      #dY:8.0%   
  9.30e-5         5.740846e-9     4.60981e-10      #dY:8.0%   
  9.40e-5         5.771626e-9     4.63439e-10      #dY:8.0%   
  9.50e-5         5.802245e-9     4.65881e-10      #dY:8.0%   
  9.60e-5         5.832701e-9     4.68312e-10      #dY:8.0%   
  9.70e-5         5.863002e-9     4.7073e-10       #dY:8.0%   
  9.80e-5         5.893146e-9     4.73135e-10      #dY:8.0%   
  9.90e-5         5.923133e-9     4.75528e-10      #dY:8.0%   
  1.00e-4         5.952971e-9     4.77911e-10      #dY:8.0%   
  1.10e-4         6.243516e-9     5.01221e-10      #dY:8.0%   
  1.20e-4         6.521128e-9     5.34616e-10      #dY:8.2%   
  1.30e-4         6.787394e-9     5.55297e-10      #dY:8.2%   
  1.40e-4         7.043594e-9     5.75255e-10      #dY:8.2%   
  1.50e-4         7.290801e-9     5.94557e-10      #dY:8.2%   
  1.60e-4         7.529893e-9     6.13262e-10      #dY:8.1%   
  1.70e-4         7.761618e-9     6.31418e-10      #dY:8.1%   
  1.80e-4         7.986622e-9     6.49073e-10      #dY:8.1%   
  1.90e-4         8.20546e-9      6.66265e-10      #dY:8.1%   
  2.00e-4         8.418608e-9     6.83027e-10      #dY:8.1%   
  2.10e-4         8.626487e-9     6.99387e-10      #dY:8.1%   
  2.20e-4         8.829477e-9     7.15375e-10      #dY:8.1%   
  2.30e-4         9.02789e-9      7.31017e-10      #dY:8.1%   
  2.40e-4         9.222052e-9     7.46327e-10      #dY:8.1%   
  2.50e-4         9.412191e-9     7.61332e-10      #dY:8.1%   
  2.60e-4         9.598569e-9     7.76045e-10      #dY:8.1%   
  2.70e-4         9.781404e-9     7.90485e-10      #dY:8.1%   
  2.80e-4         9.96088e-9      8.04665e-10      #dY:8.1%   
  2.90e-4         1.013716e-8     8.186e-10        #dY:8.1%   
  3.00e-4         1.031044e-8     8.32293e-10      #dY:8.1%   
  3.10e-4         1.048085e-8     8.45775e-10      #dY:8.1%   
  3.20e-4         1.064853e-8     8.59032e-10      #dY:8.1%   
  3.30e-4         1.081361e-8     8.72093e-10      #dY:8.1%   
  3.40e-4         1.097621e-8     8.84962e-10      #dY:8.1%   
  3.50e-4         1.113643e-8     8.97638e-10      #dY:8.1%   
  3.60e-4         1.129438e-8     9.10138e-10      #dY:8.1%   
  3.70e-4         1.145015e-8     9.22477e-10      #dY:8.1%   
  3.80e-4         1.160383e-8     9.34646e-10      #dY:8.1%   
  3.90e-4         1.175548e-8     9.46632e-10      #dY:8.1%   
  4.00e-4         1.190523e-8     9.58493e-10      #dY:8.1%   
  4.10e-4         1.20531e-8      9.70212e-10      #dY:8.0%   
  4.20e-4         1.219919e-8     9.81788e-10      #dY:8.0%   
  4.30e-4         1.234353e-8     9.93214e-10      #dY:8.0%   
  4.40e-4         1.24862e-8      1.00452e-9       #dY:8.0%   
  4.50e-4         1.262728e-8     1.0157e-9        #dY:8.0%   
  4.60e-4         1.276677e-8     1.02674e-9       #dY:8.0%   
  4.70e-4         1.290478e-8     1.03768e-9       #dY:8.0%   
  4.80e-4         1.304131e-8     1.04848e-9       #dY:8.0%   
  4.90e-4         1.317643e-8     1.05919e-9       #dY:8.0%   
  5.00e-4         1.331018e-8     1.06979e-9       #dY:8.0%   
  5.10e-4         1.34426e-8      1.08028e-9       #dY:8.0%   
  5.20e-4         1.357372e-8     1.09067e-9       #dY:8.0%   
  5.30e-4         1.370359e-8     1.10095e-9       #dY:8.0%   
  5.40e-4         1.383222e-8     1.11114e-9       #dY:8.0%   
  5.50e-4         1.395969e-8     1.12123e-9       #dY:8.0%   
  5.60e-4         1.408599e-8     1.13124e-9       #dY:8.0%   
  5.70e-4         1.421119e-8     1.14116e-9       #dY:8.0%   
  5.80e-4         1.433528e-8     1.15098e-9       #dY:8.0%   
  5.90e-4         1.44583e-8      1.16073e-9       #dY:8.0%   
  6.00e-4         1.458026e-8     1.17039e-9       #dY:8.0%   
  6.10e-4         1.470125e-8     1.17998e-9       #dY:8.0%   
  6.20e-4         1.482123e-8     1.18947e-9       #dY:8.0%   
  6.30e-4         1.494024e-8     1.1989e-9        #dY:8.0%   
  6.40e-4         1.505831e-8     1.20825e-9       #dY:8.0%   
  6.50e-4         1.517547e-8     1.21752e-9       #dY:8.0%   
  6.60e-4         1.529174e-8     1.22673e-9       #dY:8.0%   
  6.70e-4         1.54071e-8      1.23586e-9       #dY:8.0%   
  6.80e-4         1.552163e-8     1.24494e-9       #dY:8.0%   
  6.90e-4         1.56353e-8      1.25392e-9       #dY:8.0%   
  7.00e-4         1.574817e-8     1.26287e-9       #dY:8.0%   
  7.10e-4         1.586023e-8     1.27173e-9       #dY:8.0%   
  7.20e-4         1.597148e-8     1.28053e-9       #dY:8.0%   
  7.30e-4         1.608198e-8     1.28928e-9       #dY:8.0%   
  7.40e-4         1.619173e-8     1.29797e-9       #dY:8.0%   
  7.50e-4         1.630074e-8     1.30659e-9       #dY:8.0%   
  7.60e-4         1.640901e-8     1.31515e-9       #dY:8.0%   
  7.70e-4         1.651658e-8     1.32367e-9       #dY:8.0%   
  7.80e-4         1.662343e-8     1.33212e-9       #dY:8.0%   
  7.90e-4         1.67296e-8      1.34052e-9       #dY:8.0%   
  8.00e-4         1.683514e-8     1.34887e-9       #dY:8.0%   
  8.10e-4         1.694e-8        1.35715e-9       #dY:8.0%   
  8.20e-4         1.704419e-8     1.36541e-9       #dY:8.0%   
  8.30e-4         1.714778e-8     1.37359e-9       #dY:8.0%   
  8.40e-4         1.725073e-8     1.38174e-9       #dY:8.0%   
  8.50e-4         1.735306e-8     1.38983e-9       #dY:8.0%   
  8.60e-4         1.74548e-8      1.39786e-9       #dY:8.0%   
  8.70e-4         1.755597e-8     1.40586e-9       #dY:8.0%   
  8.80e-4         1.765653e-8     1.41381e-9       #dY:8.0%   
  8.90e-4         1.775654e-8     1.42171e-9       #dY:8.0%   
  9.00e-4         1.785596e-8     1.42958e-9       #dY:8.0%   
  9.10e-4         1.795485e-8     1.43738e-9       #dY:8.0%   
  9.20e-4         1.805319e-8     1.44517e-9       #dY:8.0%   
  9.30e-4         1.815099e-8     1.45289e-9       #dY:8.0%   
  9.40e-4         1.824827e-8     1.46057e-9       #dY:8.0%   
  9.50e-4         1.834504e-8     1.4682e-9        #dY:8.0%   
  9.60e-4         1.844131e-8     1.47581e-9       #dY:8.0%   
  9.70e-4         1.853706e-8     1.48338e-9       #dY:8.0%   
  9.80e-4         1.863233e-8     1.49091e-9       #dY:8.0%   
  9.90e-4         1.872711e-8     1.49837e-9       #dY:8.0%   
  1.00e-3         1.882141e-8     1.50583e-9       #dY:8.0%   
  1.10e-3         1.97396e-8      1.57918e-9       #dY:8.0%   
  1.20e-3         2.061684e-8     1.68373e-9       #dY:8.2%   
  1.30e-3         2.145817e-8     1.74816e-9       #dY:8.1%   
  1.40e-3         2.226761e-8     1.81027e-9       #dY:8.1%   
  1.50e-3         2.304857e-8     1.87027e-9       #dY:8.1%   
  1.60e-3         2.380382e-8     1.92833e-9       #dY:8.1%   
  1.70e-3         2.453574e-8     1.98464e-9       #dY:8.1%   
  1.80e-3         2.524637e-8     2.0393e-9        #dY:8.1%   
  1.90e-3         2.593744e-8     2.09246e-9       #dY:8.1%   
  2.00e-3         2.661049e-8     2.14423e-9       #dY:8.1%   
  2.10e-3         2.726682e-8     2.19471e-9       #dY:8.0%   
  2.20e-3         2.790768e-8     2.24399e-9       #dY:8.0%   
  2.30e-3         2.853402e-8     2.29211e-9       #dY:8.0%   
  2.40e-3         2.914682e-8     2.33917e-9       #dY:8.0%   
  2.50e-3         2.974693e-8     2.38524e-9       #dY:8.0%   
  2.60e-3         3.033507e-8     2.43033e-9       #dY:8.0%   
  2.70e-3         3.091196e-8     2.47456e-9       #dY:8.0%   
  2.80e-3         3.147817e-8     2.51793e-9       #dY:8.0%   
  2.90e-3         3.203431e-8     2.5605e-9        #dY:8.0%   
  3.00e-3         3.258086e-8     2.6023e-9        #dY:8.0%   
  3.10e-3         3.311834e-8     2.64337e-9       #dY:8.0%   
  3.20e-3         3.364711e-8     2.68374e-9       #dY:8.0%   
  3.30e-3         3.416765e-8     2.72346e-9       #dY:8.0%   
  3.40e-3         3.468029e-8     2.76254e-9       #dY:8.0%   
  3.50e-3         3.518539e-8     2.801e-9         #dY:8.0%   
  3.60e-3         3.568325e-8     2.83888e-9       #dY:8.0%   
  3.70e-3         3.617416e-8     2.8762e-9        #dY:8.0%   
  3.80e-3         3.665844e-8     2.913e-9         #dY:7.9%   
  3.90e-3         3.713633e-8     2.94926e-9       #dY:7.9%   
  4.00e-3         3.760807e-8     2.98502e-9       #dY:7.9%   
  4.10e-3         3.807388e-8     3.0203e-9        #dY:7.9%   
  4.20e-3         3.853399e-8     3.05513e-9       #dY:7.9%   
  4.30e-3         3.898861e-8     3.08951e-9       #dY:7.9%   
  4.40e-3         3.943789e-8     3.12344e-9       #dY:7.9%   
  4.50e-3         3.988203e-8     3.15697e-9       #dY:7.9%   
  4.60e-3         4.032121e-8     3.19009e-9       #dY:7.9%   
  4.70e-3         4.07556e-8      3.22282e-9       #dY:7.9%   
  4.80e-3         4.118531e-8     3.25516e-9       #dY:7.9%   
  4.90e-3         4.161052e-8     3.28714e-9       #dY:7.9%   
  5.00e-3         4.203137e-8     3.31876e-9       #dY:7.9%   
  5.10e-3         4.244795e-8     3.35e-9          #dY:7.9%   
  5.20e-3         4.286041e-8     3.38095e-9       #dY:7.9%   
  5.30e-3         4.32689e-8      3.41156e-9       #dY:7.9%   
  5.40e-3         4.367347e-8     3.44183e-9       #dY:7.9%   
  5.50e-3         4.407425e-8     3.4718e-9        #dY:7.9%   
  5.60e-3         4.447139e-8     3.50151e-9       #dY:7.9%   
  5.70e-3         4.486489e-8     3.53085e-9       #dY:7.9%   
  5.80e-3         4.525494e-8     3.55995e-9       #dY:7.9%   
  5.90e-3         4.564158e-8     3.58874e-9       #dY:7.9%   
  6.00e-3         4.602491e-8     3.6173e-9        #dY:7.9%   
  6.10e-3         4.640501e-8     3.64556e-9       #dY:7.9%   
  6.20e-3         4.678194e-8     3.67356e-9       #dY:7.9%   
  6.30e-3         4.71558e-8      3.70134e-9       #dY:7.8%   
  6.40e-3         4.752665e-8     3.72884e-9       #dY:7.8%   
  6.50e-3         4.789457e-8     3.7561e-9        #dY:7.8%   
  6.60e-3         4.825962e-8     3.78313e-9       #dY:7.8%   
  6.70e-3         4.862188e-8     3.80993e-9       #dY:7.8%   
  6.80e-3         4.898138e-8     3.83649e-9       #dY:7.8%   
  6.90e-3         4.933822e-8     3.86284e-9       #dY:7.8%   
  7.00e-3         4.969242e-8     3.88897e-9       #dY:7.8%   
  7.10e-3         5.004406e-8     3.91488e-9       #dY:7.8%   
  7.20e-3         5.03932e-8      3.94058e-9       #dY:7.8%   
  7.30e-3         5.073987e-8     3.96607e-9       #dY:7.8%   
  7.40e-3         5.108413e-8     3.99137e-9       #dY:7.8%   
  7.50e-3         5.142601e-8     4.01646e-9       #dY:7.8%   
  7.60e-3         5.176562e-8     4.04137e-9       #dY:7.8%   
  7.70e-3         5.210292e-8     4.06609e-9       #dY:7.8%   
  7.80e-3         5.243802e-8     4.09062e-9       #dY:7.8%   
  7.90e-3         5.277093e-8     4.11495e-9       #dY:7.8%   
  8.00e-3         5.31017e-8      4.13914e-9       #dY:7.8%   
  8.10e-3         5.343036e-8     4.16312e-9       #dY:7.8%   
  8.20e-3         5.375698e-8     4.18694e-9       #dY:7.8%   
  8.30e-3         5.408156e-8     4.21059e-9       #dY:7.8%   
  8.40e-3         5.440417e-8     4.23406e-9       #dY:7.8%   
  8.50e-3         5.472481e-8     4.25739e-9       #dY:7.8%   
  8.60e-3         5.504354e-8     4.28053e-9       #dY:7.8%   
  8.70e-3         5.536037e-8     4.30354e-9       #dY:7.8%   
  8.80e-3         5.567535e-8     4.32638e-9       #dY:7.8%   
  8.90e-3         5.598853e-8     4.34908e-9       #dY:7.8%   
  9.00e-3         5.629992e-8     4.3716e-9        #dY:7.8%   
  9.10e-3         5.660954e-8     4.39398e-9       #dY:7.8%   
  9.20e-3         5.691744e-8     4.41622e-9       #dY:7.8%   
  9.30e-3         5.722362e-8     4.4383e-9        #dY:7.8%   
  9.40e-3         5.752813e-8     4.46026e-9       #dY:7.8%   
  9.50e-3         5.783101e-8     4.48207e-9       #dY:7.8%   
  9.60e-3         5.813225e-8     4.50374e-9       #dY:7.7%   
  9.70e-3         5.843189e-8     4.52527e-9       #dY:7.7%   
  9.80e-3         5.872995e-8     4.54669e-9       #dY:7.7%   
  9.90e-3         5.902648e-8     4.56795e-9       #dY:7.7%   
  0.01            5.932148e-8     4.58908e-9       #dY:7.7%   
  0.011           6.219226e-8     4.80939e-9       #dY:7.7%   
  0.012           6.493236e-8     5.1097e-9        #dY:7.9%   
  0.013           6.755767e-8     5.28757e-9       #dY:7.8%   
  0.014           7.008109e-8     5.45728e-9       #dY:7.8%   
  0.015           7.251322e-8     5.61954e-9       #dY:7.7%   
  0.016           7.486299e-8     5.775e-9         #dY:7.7%   
  0.017           7.713785e-8     5.9242e-9        #dY:7.7%   
  0.018           7.934424e-8     6.06767e-9       #dY:7.6%   
  0.019           8.148769e-8     6.2058e-9        #dY:7.6%   
  0.02            8.357296e-8     6.33891e-9       #dY:7.6%   
  0.021           8.560428e-8     6.46741e-9       #dY:7.6%   
  0.022           8.758534e-8     6.59158e-9       #dY:7.5%   
  0.023           8.951945e-8     6.71164e-9       #dY:7.5%   
  0.024           9.140955e-8     6.82797e-9       #dY:7.5%   
  0.025           9.325827e-8     6.94067e-9       #dY:7.4%   
  0.026           9.506819e-8     7.04992e-9       #dY:7.4%   
  0.027           9.684125e-8     7.15597e-9       #dY:7.4%   
  0.028           9.857975e-8     7.25899e-9       #dY:7.4%   
  0.029           1.002853e-7     7.35918e-9       #dY:7.3%   
  0.03            1.019598e-7     7.45665e-9       #dY:7.3%   
  0.031           1.036048e-7     7.55147e-9       #dY:7.3%   
  0.032           1.052216e-7     7.6439e-9        #dY:7.3%   
  0.033           1.068117e-7     7.73381e-9       #dY:7.2%   
  0.034           1.083762e-7     7.82152e-9       #dY:7.2%   
  0.035           1.099166e-7     7.90725e-9       #dY:7.2%   
  0.036           1.114333e-7     7.99072e-9       #dY:7.2%   
  0.037           1.129275e-7     8.07221e-9       #dY:7.1%   
  0.038           1.144002e-7     8.15193e-9       #dY:7.1%   
  0.039           1.15852e-7      8.22972e-9       #dY:7.1%   
  0.04            1.172839e-7     8.30569e-9       #dY:7.1%   
  0.041           1.186961e-7     8.37994e-9       #dY:7.1%   
  0.042           1.200898e-7     8.45245e-9       #dY:7.0%   
  0.043           1.214655e-7     8.52364e-9       #dY:7.0%   
  0.044           1.228234e-7     8.59301e-9       #dY:7.0%   
  0.045           1.241645e-7     8.66086e-9       #dY:7.0%   
  0.046           1.254891e-7     8.72747e-9       #dY:7.0%   
  0.047           1.267976e-7     8.79254e-9       #dY:6.9%   
  0.048           1.280907e-7     8.85633e-9       #dY:6.9%   
  0.049           1.293688e-7     8.91879e-9       #dY:6.9%   
  0.05            1.306323e-7     8.97998e-9       #dY:6.9%   
  0.051           1.318815e-7     9.03999e-9       #dY:6.9%   
  0.052           1.331169e-7     9.09863e-9       #dY:6.8%   
  0.053           1.343389e-7     9.15633e-9       #dY:6.8%   
  0.054           1.355477e-7     9.2129e-9        #dY:6.8%   
  0.055           1.367439e-7     9.26838e-9       #dY:6.8%   
  0.056           1.379277e-7     9.32266e-9       #dY:6.8%   
  0.057           1.390993e-7     9.37605e-9       #dY:6.7%   
  0.058           1.402588e-7     9.42833e-9       #dY:6.7%   
  0.059           1.414073e-7     9.47964e-9       #dY:6.7%   
  0.06            1.425442e-7     9.53008e-9       #dY:6.7%   
  0.061           1.436702e-7     9.57932e-9       #dY:6.7%   
  0.062           1.447855e-7     9.628e-9         #dY:6.6%   
  0.063           1.458899e-7     9.67565e-9       #dY:6.6%   
  0.064           1.469843e-7     9.72258e-9       #dY:6.6%   
  0.065           1.480689e-7     9.76854e-9       #dY:6.6%   
  0.066           1.491432e-7     9.81357e-9       #dY:6.6%   
  0.067           1.502081e-7     9.85789e-9       #dY:6.6%   
  0.068           1.512635e-7     9.90151e-9       #dY:6.5%   
  0.069           1.523097e-7     9.94425e-9       #dY:6.5%   
  0.07            1.533467e-7     9.98637e-9       #dY:6.5%   
  0.071           1.543752e-7     1.00275e-8       #dY:6.5%   
  0.072           1.553947e-7     1.0068e-8        #dY:6.5%   
  0.073           1.56406e-7      1.01079e-8       #dY:6.5%   
  0.074           1.574087e-7     1.0147e-8        #dY:6.4%   
  0.075           1.584036e-7     1.01856e-8       #dY:6.4%   
  0.076           1.593905e-7     1.02233e-8       #dY:6.4%   
  0.077           1.603697e-7     1.02604e-8       #dY:6.4%   
  0.078           1.613413e-7     1.02971e-8       #dY:6.4%   
  0.079           1.623054e-7     1.0333e-8        #dY:6.4%   
  0.08            1.632623e-7     1.03683e-8       #dY:6.4%   
  0.081           1.642121e-7     1.04032e-8       #dY:6.3%   
  0.082           1.651549e-7     1.04372e-8       #dY:6.3%   
  0.083           1.660906e-7     1.04708e-8       #dY:6.3%   
  0.084           1.670197e-7     1.0504e-8        #dY:6.3%   
  0.085           1.679421e-7     1.05366e-8       #dY:6.3%   
  0.086           1.68858e-7      1.05687e-8       #dY:6.3%   
  0.087           1.697672e-7     1.06001e-8       #dY:6.2%   
  0.088           1.706703e-7     1.0631e-8        #dY:6.2%   
  0.089           1.71567e-7      1.06615e-8       #dY:6.2%   
  0.09            1.724575e-7     1.06914e-8       #dY:6.2%   
  0.091           1.733419e-7     1.07207e-8       #dY:6.2%   
  0.092           1.742203e-7     1.07497e-8       #dY:6.2%   
  0.093           1.750929e-7     1.0778e-8        #dY:6.2%   
  0.094           1.759595e-7     1.08059e-8       #dY:6.1%   
  0.095           1.768203e-7     1.08331e-8       #dY:6.1%   
  0.096           1.776753e-7     1.086e-8         #dY:6.1%   
  0.097           1.785246e-7     1.08864e-8       #dY:6.1%   
  0.098           1.793686e-7     1.09124e-8       #dY:6.1%   
  0.099           1.802068e-7     1.09378e-8       #dY:6.1%   
  0.1             1.810399e-7     1.0963e-8        #dY:6.1%   
  0.11            1.890863e-7     1.14236e-8       #dY:6.0%   
  0.12            1.966693e-7     1.18393e-8       #dY:6.0%   
  0.13            2.038459e-7     1.19759e-8       #dY:5.9%   
  0.14            2.10651e-7      1.20824e-8       #dY:5.7%   
  0.15            2.171153e-7     1.21591e-8       #dY:5.6%   
  0.16            2.232647e-7     1.22115e-8       #dY:5.5%   
  0.17            2.291205e-7     1.2241e-8        #dY:5.3%   
  0.18            2.347084e-7     1.22472e-8       #dY:5.2%   
  0.19            2.400514e-7     1.22352e-8       #dY:5.1%   
  0.2             2.451679e-7     1.2207e-8        #dY:5.0%   
  0.21            2.500712e-7     1.21635e-8       #dY:4.9%   
  0.22            2.54763e-7      1.21019e-8       #dY:4.8%   
  0.23            2.592547e-7     1.20197e-8       #dY:4.6%   
  0.24            2.635698e-7     1.19252e-8       #dY:4.5%   
  0.25            2.677249e-7     1.18293e-8       #dY:4.4%   
  0.26            2.717146e-7     1.17283e-8       #dY:4.3%   
  0.27            2.755296e-7     1.16122e-8       #dY:4.2%   
  0.28            2.791748e-7     1.14786e-8       #dY:4.1%   
  0.29            2.826696e-7     1.13399e-8       #dY:4.0%   
  0.3             2.860328e-7     1.12059e-8       #dY:3.9%   
  0.31            2.892786e-7     1.1081e-8        #dY:3.8%   
  0.32            2.924025e-7     1.09647e-8       #dY:3.7%   
  0.33            2.953889e-7     1.08436e-8       #dY:3.7%   
  0.34            2.98242e-7      1.07086e-8       #dY:3.6%   
  0.35            3.009845e-7     1.0575e-8        #dY:3.5%   
  0.36            3.0362e-7       1.04577e-8       #dY:3.4%   
  0.37            3.06125e-7      1.03454e-8       #dY:3.4%   
  0.38            3.084854e-7     1.02189e-8       #dY:3.3%   
  0.39            3.107119e-7     1.00793e-8       #dY:3.2%   
  0.4             3.128362e-7     9.94427e-9       #dY:3.2%   
  0.41            3.14886e-7      9.82913e-9       #dY:3.1%   
  0.42            3.168692e-7     9.73946e-9       #dY:3.1%   
  0.43            3.187714e-7     9.6632e-9        #dY:3.0%   
  0.44            3.205768e-7     9.58193e-9       #dY:3.0%   
  0.45            3.222768e-7     9.48906e-9       #dY:2.9%   
  0.46            3.238717e-7     9.38767e-9       #dY:2.9%   
  0.47            3.25367e-7      9.28082e-9       #dY:2.9%   
  0.48            3.267726e-7     9.17505e-9       #dY:2.8%   
  0.49            3.280962e-7     9.07441e-9       #dY:2.8%   
  0.5             3.293414e-7     8.97851e-9       #dY:2.7%   
  0.51            3.305078e-7     8.88653e-9       #dY:2.7%   
  0.52            3.315936e-7     8.79641e-9       #dY:2.7%   
  0.53            3.32599e-7      8.70435e-9       #dY:2.6%   
  0.54            3.335295e-7     8.60933e-9       #dY:2.6%   
  0.55            3.343841e-7     8.51179e-9       #dY:2.5%   
  0.56            3.351546e-7     8.41036e-9       #dY:2.5%   
  0.57            3.358411e-7     8.30059e-9       #dY:2.5%   
  0.58            3.364635e-7     8.18385e-9       #dY:2.4%   
  0.59            3.370232e-7     8.0663e-9        #dY:2.4%   
  0.6             3.375097e-7     7.94624e-9       #dY:2.4%   
  0.61            3.379492e-7     7.81865e-9       #dY:2.3%   
  0.62            3.383648e-7     7.69181e-9       #dY:2.3%   
  0.63            3.387535e-7     7.57077e-9       #dY:2.2%   
  0.64            3.391177e-7     7.45587e-9       #dY:2.2%   
  0.65            3.394299e-7     7.35023e-9       #dY:2.2%   
  0.66            3.396845e-7     7.24416e-9       #dY:2.1%   
  0.67            3.39874e-7      7.13416e-9       #dY:2.1%   
  0.68            3.399906e-7     7.01719e-9       #dY:2.1%   
  0.69            3.400388e-7     6.89246e-9       #dY:2.0%   
  0.7             3.400299e-7     6.76156e-9       #dY:2.0%   
  0.71            3.399762e-7     6.62782e-9       #dY:1.9%   
  0.72            3.39897e-7      6.49552e-9       #dY:1.9%   
  0.73            3.398217e-7     6.37103e-9       #dY:1.9%   
  0.74            3.397373e-7     6.26092e-9       #dY:1.8%   
  0.75            3.396528e-7     6.16213e-9       #dY:1.8%   
  0.76            3.395653e-7     6.07859e-9       #dY:1.8%   
  0.77            3.394445e-7     6.01505e-9       #dY:1.8%   
  0.78            3.392884e-7     5.96143e-9       #dY:1.8%   
  0.79            3.39094e-7      5.91307e-9       #dY:1.7%   
  0.8             3.3886e-7       5.87087e-9       #dY:1.7%   
  0.81            3.385869e-7     5.83459e-9       #dY:1.7%   
  0.82            3.382997e-7     5.80489e-9       #dY:1.7%   
  0.83            3.379945e-7     5.78193e-9       #dY:1.7%   
  0.84            3.376645e-7     5.76191e-9       #dY:1.7%   
  0.85            3.373102e-7     5.74592e-9       #dY:1.7%   
  0.86            3.369332e-7     5.73467e-9       #dY:1.7%   
  0.87            3.365405e-7     5.73008e-9       #dY:1.7%   
  0.88            3.361222e-7     5.73066e-9       #dY:1.7%   
  0.89            3.356771e-7     5.73866e-9       #dY:1.7%   
  0.9             3.352092e-7     5.75269e-9       #dY:1.7%   
  0.91            3.347268e-7     5.76959e-9       #dY:1.7%   
  0.92            3.342435e-7     5.78696e-9       #dY:1.7%   
  0.93            3.33771e-7      5.80169e-9       #dY:1.7%   
  0.94            3.333045e-7     5.81149e-9       #dY:1.7%   
  0.95            3.328297e-7     5.81978e-9       #dY:1.7%   
  0.96            3.323366e-7     5.82945e-9       #dY:1.8%   
  0.97            3.31819e-7      5.84241e-9       #dY:1.8%   
  0.98            3.312776e-7     5.85711e-9       #dY:1.8%   
  0.99            3.307156e-7     5.87204e-9       #dY:1.8%   
  1               3.301376e-7     5.88538e-9       #dY:1.8%   
  1.1             3.239756e-7     5.796e-9         #dY:1.8%   
  1.2             3.169517e-7     5.66957e-9       #dY:1.8%   
  1.3             3.09247e-7      5.35298e-9       #dY:1.7%   
  1.4             3.009135e-7     4.87339e-9       #dY:1.6%   
  1.5             2.919906e-7     4.4098e-9        #dY:1.5%   
  1.6             2.824455e-7     4.11318e-9       #dY:1.5%   
  1.7             2.724275e-7     3.99819e-9       #dY:1.5%   
  1.8             2.620742e-7     3.98441e-9       #dY:1.5%   
  1.9             2.514514e-7     4.06235e-9       #dY:1.6%   
  2               2.406011e-7     4.11627e-9       #dY:1.7%   
  2.1             2.296727e-7     4.10897e-9       #dY:1.8%   
  2.2             2.188658e-7     4.03672e-9       #dY:1.8%   
  2.3             2.081615e-7     3.94964e-9       #dY:1.9%   
  2.4             1.976071e-7     3.8145e-9        #dY:1.9%   
  2.5             1.873602e-7     3.63702e-9       #dY:1.9%   
  2.6             1.774319e-7     3.44146e-9       #dY:1.9%   
  2.7             1.678406e-7     3.2627e-9        #dY:1.9%   
  2.8             1.586272e-7     3.07287e-9       #dY:1.9%   
  2.9             1.497952e-7     2.89663e-9       #dY:1.9%   
  3               1.414005e-7     2.72997e-9       #dY:1.9%   
  3.1             1.333672e-7     2.58821e-9       #dY:1.9%   
  3.2             1.257566e-7     2.45922e-9       #dY:2.0%   
  3.3             1.185328e-7     2.34164e-9       #dY:2.0%   
  3.4             1.11679e-7      2.24305e-9       #dY:2.0%   
  3.5             1.051936e-7     2.15771e-9       #dY:2.1%   
  3.6             9.908309e-8     2.08193e-9       #dY:2.1%   
  3.7             9.330409e-8     2.01402e-9       #dY:2.2%   
  3.8             8.785357e-8     1.95638e-9       #dY:2.2%   
  3.9             8.270386e-8     1.90501e-9       #dY:2.3%   
  4               7.785733e-8     1.8605e-9        #dY:2.4%   
  4.1             7.329104e-8     1.8198e-9        #dY:2.5%   
  4.2             6.898443e-8     1.78305e-9       #dY:2.6%   
  4.3             6.492416e-8     1.75109e-9       #dY:2.7%   
  4.4             6.11008e-8      1.72152e-9       #dY:2.8%   
  4.5             5.74967e-8      1.69427e-9       #dY:2.9%   
  4.6             5.409886e-8     1.66941e-9       #dY:3.1%   
  4.7             5.089033e-8     1.64543e-9       #dY:3.2%   
  4.8             4.786625e-8     1.62255e-9       #dY:3.4%   
  4.9             4.501345e-8     1.59932e-9       #dY:3.6%   
  5               4.232062e-8     1.57555e-9       #dY:3.7%   
  5.1             3.978044e-8     1.55167e-9       #dY:3.9%   
  5.2             3.738675e-8     1.52691e-9       #dY:4.1%   
  5.3             3.512922e-8     1.50123e-9       #dY:4.3%   
  5.4             3.300045e-8     1.47501e-9       #dY:4.5%   
  5.5             3.099484e-8     1.44821e-9       #dY:4.7%   
  5.6             2.910513e-8     1.42007e-9       #dY:4.9%   
  5.7             2.732509e-8     1.39204e-9       #dY:5.1%   
  5.8             2.564821e-8     1.36382e-9       #dY:5.3%   
  5.9             2.407039e-8     1.3351e-9        #dY:5.5%   
  6               2.258458e-8     1.30665e-9       #dY:5.8%   
  6.1             2.118483e-8     1.27811e-9       #dY:6.0%   
  6.2             1.986741e-8     1.24948e-9       #dY:6.3%   
  6.3             1.86276e-8      1.22079e-9       #dY:6.6%   
  6.4             1.746131e-8     1.19233e-9       #dY:6.8%   
  6.5             1.636421e-8     1.16344e-9       #dY:7.1%   
  6.6             1.533293e-8     1.13472e-9       #dY:7.4%   
  6.7             1.436392e-8     1.10647e-9       #dY:7.7%   
  6.8             1.345345e-8     1.07828e-9       #dY:8.0%   
  6.9             1.259837e-8     1.05035e-9       #dY:8.3%   
  7               1.179562e-8     1.02287e-9       #dY:8.7%   
  7.1             1.10424e-8      9.95627e-10      #dY:9.0%   
  7.2             1.03353e-8      9.68335e-10      #dY:9.4%   
  7.3             9.671762e-9     9.41203e-10      #dY:9.7%   
  7.4             9.049687e-9     9.1473e-10       #dY:10.1%  
  7.5             8.466521e-9     8.887e-10        #dY:10.5%  
  7.6             7.919626e-9     8.62833e-10      #dY:10.9%  
  7.7             7.406912e-9     8.37198e-10      #dY:11.3%  
  7.8             6.926616e-9     8.11893e-10      #dY:11.7%  
  7.9             6.476479e-9     7.86681e-10      #dY:12.1%  
  8               6.054753e-9     7.61503e-10      #dY:12.6%  
  8.1             5.659875e-9     7.36837e-10      #dY:13.0%  
  8.2             5.290186e-9     7.12502e-10      #dY:13.5%  
  8.3             4.944016e-9     6.88349e-10      #dY:13.9%  
  8.4             4.619768e-9     6.64231e-10      #dY:14.4%  
  8.5             4.316283e-9     6.40474e-10      #dY:14.8%  
  8.6             4.032291e-9     6.17122e-10      #dY:15.3%  
  8.7             3.766436e-9     5.9396e-10       #dY:15.8%  
  8.8             3.517709e-9     5.71197e-10      #dY:16.2%  
  8.9             3.285048e-9     5.48885e-10      #dY:16.7%  
  9               3.06738e-9      5.26891e-10      #dY:17.2%  
  9.1             2.863759e-9     5.0513e-10       #dY:17.6%  
  9.2             2.673349e-9     4.83838e-10      #dY:18.1%  
  9.3             2.495296e-9     4.63124e-10      #dY:18.6%  
  9.4             2.328779e-9     4.42818e-10      #dY:19.0%  
  9.5             2.173116e-9     4.2307e-10       #dY:19.5%  
  9.6             2.027604e-9     4.03866e-10      #dY:19.9%  
  9.7             1.891616e-9     3.85157e-10      #dY:20.4%  
  9.8             1.764553e-9     3.6696e-10       #dY:20.8%  
  9.9             1.645823e-9     3.49343e-10      #dY:21.2%  
  10              1.534883e-9     3.32299e-10      #dY:21.6%  
  10.2            1.334448e-9     2.94462e-10      #dY:22.1%  
  10.4            1.159678e-9     2.5581e-10       #dY:22.1%  
  10.6            1.007355e-9     2.29934e-10      #dY:22.8%  
  10.8            8.74655e-10     2.0614e-10       #dY:23.6%  
  11              7.59148e-10     1.84365e-10      #dY:24.3%  
  11.2            6.58646e-10     1.64626e-10      #dY:25.0%  
  11.4            5.71226e-10     1.46675e-10      #dY:25.7%  
  11.6            4.95255e-10     1.30457e-10      #dY:26.3%  
  11.8            4.2926e-10      1.15884e-10      #dY:27.0%  
  12              3.71945e-10     1.02847e-10      #dY:27.7%  
  12.2            3.22209e-10     9.11836e-11      #dY:28.3%  
  12.4            2.7906e-10      8.07821e-11      #dY:28.9%  
  12.6            2.41634e-10     7.1537e-11       #dY:29.6%  
  12.8            2.09184e-10     6.33135e-11      #dY:30.3%  
  13              1.81064e-10     5.6017e-11       #dY:30.9%  
  13.2            1.56693e-10     4.95491e-11      #dY:31.6%  
  13.4            1.35586e-10     4.38122e-11      #dY:32.3%  
  13.6            1.17308e-10     3.87308e-11      #dY:33.0%  
  13.8            1.01478e-10     3.42305e-11      #dY:33.7%  
  14              8.77715e-11     3.0246e-11       #dY:34.5%  
  14.2            7.59082e-11     2.67213e-11      #dY:35.2%  
  14.4            6.56394e-11     2.36065e-11      #dY:36.0%  
  14.6            5.67547e-11     2.08523e-11      #dY:36.7%  
  14.8            4.90696e-11     1.8419e-11       #dY:37.5%  
  15              4.24199e-11     1.62694e-11      #dY:38.4%  
  15.2            3.6667e-11      1.43677e-11      #dY:39.2%  
  15.4            3.16901e-11     1.26861e-11      #dY:40.0%  
  15.6            2.73853e-11     1.1199e-11       #dY:40.9%  
  15.8            2.36626e-11     9.88472e-12      #dY:41.8%  
  16              2.04442e-11     8.72331e-12      #dY:42.7%  
  16.2            1.76616e-11     7.69768e-12      #dY:43.6%  
  16.4            1.52558e-11     6.79147e-12      #dY:44.5%  
  16.6            1.31758e-11     5.99043e-12      #dY:45.5%  
  16.8            1.13777e-11     5.28229e-12      #dY:46.4%  
  17              9.82365e-12     4.65652e-12      #dY:47.4%  
  17.2            8.4808e-12      4.10382e-12      #dY:48.4%  
  17.4            7.32053e-12     3.61582e-12      #dY:49.4%  
  17.6            6.31815e-12     3.18509e-12      #dY:50.4%  
  17.8            5.45216e-12     2.80488e-12      #dY:51.4%  
  18              4.70412e-12     2.46924e-12      #dY:52.5%  
  18.2            4.0581e-12      2.17305e-12      #dY:53.5%  
  18.4            3.50028e-12     1.91177e-12      #dY:54.6%  
  18.6            3.01865e-12     1.68135e-12      #dY:55.7%  
  18.8            2.6029e-12      1.47824e-12      #dY:56.8%  
  19              2.24405e-12     1.29928e-12      #dY:57.9%  
  19.2            1.93437e-12     1.14162e-12      #dY:59.0%  
  19.4            1.66717e-12     1.00278e-12      #dY:60.1%  
  19.6            1.43667e-12     8.80552e-13      #dY:61.3%  
  19.8            1.23783e-12     7.72972e-13      #dY:62.4%  
  20              1.06634e-12     6.78311e-13      #dY:63.6%  
  20.2            9.18468e-13     5.95072e-13      #dY:64.8%  
  20.4            7.90979e-13     5.21896e-13      #dY:66.0%  
  20.6            6.81092e-13     4.57589e-13      #dY:67.2%  
  20.8            5.86387e-13     4.01098e-13      #dY:68.4%  
  21              5.04775e-13     3.51483e-13      #dY:69.6%  
  21.2            4.34456e-13     3.07915e-13      #dY:70.9%  
  21.4            3.73878e-13     2.69674e-13      #dY:72.1%  
  21.6            3.21701e-13     2.36121e-13      #dY:73.4%  
  21.8            2.76769e-13     2.06691e-13      #dY:74.7%  
  22              2.38081e-13     1.80887e-13      #dY:76.0%  
  22.2            2.04774e-13     1.58265e-13      #dY:77.3%  
  22.4            1.76103e-13     1.38435e-13      #dY:78.6%  
  22.6            1.51426e-13     1.2106e-13       #dY:79.9%  
  22.8            1.30189e-13     1.05842e-13      #dY:81.3%  
  23              1.11917e-13     9.25148e-14      #dY:82.7%  
  23.2            9.61981e-14     8.0849e-14       #dY:84.0%  
  23.4            8.26763e-14     7.06388e-14      #dY:85.4%  
  23.6            7.10465e-14     6.17039e-14      #dY:86.9%  
  23.8            6.10453e-14     5.38868e-14      #dY:88.3%  
  24              5.24454e-14     4.70495e-14      #dY:89.7%  
  24.2            4.50518e-14     4.10704e-14      #dY:91.2%  
  24.4            3.8696e-14      3.5844e-14       #dY:92.6%  
  24.6            3.32333e-14     3.12763e-14      #dY:94.1%  
  24.8            2.85385e-14     2.72847e-14      #dY:95.6%  
  25              2.45041e-14     2.37974e-14      #dY:97.1%  
  25.2            2.10377e-14     2.07516e-14      #dY:98.6%  
  25.4            1.806e-14       1.80922e-14      #dY:100.2% 
  25.6            1.55022e-14     1.57707e-14      #dY:101.7% 
  25.8            1.33053e-14     1.37451e-14      #dY:103.3% 
  26              1.14187e-14     1.19777e-14      #dY:104.9% 
  26.2            9.79874e-15     1.04361e-14      #dY:106.5% 
  26.4            8.40772e-15     9.09146e-15      #dY:108.1% 
  26.6            7.21356e-15     7.91888e-15      #dY:109.8% 
  26.8            6.18844e-15     6.89647e-15      #dY:111.4% 
  27              5.30853e-15     6.00517e-15      #dY:113.1% 
  27.2            4.55334e-15     5.22822e-15      #dY:114.8% 
  27.4            3.90522e-15     4.55105e-15      #dY:116.5% 
  27.6            3.3491e-15      3.96098e-15      #dY:118.3% 
  27.8            2.87197e-15     3.4469e-15       #dY:120.0% 
  28              2.46263e-15     2.99909e-15      #dY:121.8% 
  28.2            2.11145e-15     2.60906e-15      #dY:123.6% 
  28.4            1.81022e-15     2.26951e-15      #dY:125.4% 
  28.6            1.55183e-15     1.9739e-15       #dY:127.2% 
  28.8            1.33022e-15     1.71659e-15      #dY:129.0% 
  29              1.14018e-15     1.49267e-15      #dY:130.9% 
  29.2            9.77211e-16     1.29781e-15      #dY:132.8% 
  29.4            8.37476e-16     1.12826e-15      #dY:134.7% 
  29.6            7.17677e-16     9.80773e-16      #dY:136.7% 
  29.8            6.14974e-16     8.5247e-16       #dY:138.6% 
  30              0.00            0.00                        
//
#-------------------------------------------------------------------------------
#
#name:   INDEN-Aug2023: PU-239(N,F) E_in=1. MeV
#X.axis: Energy
#Y.axis: 
#wdata:  3
#ldata:  642
#data...
# X               Y               +-dY           
# MeV             1/eV            1/eV           
  0.00            0.00            0.00                        
  1.00e-5         1.804354e-9     2.07916e-11      #dY:1.2%   
  1.10e-5         1.89242e-9      2.18064e-11      #dY:1.2%   
  1.20e-5         1.976568e-9     1.16593e-10      #dY:5.9%   
  1.30e-5         2.057277e-9     1.21108e-10      #dY:5.9%   
  1.40e-5         2.134938e-9     1.25464e-10      #dY:5.9%   
  1.50e-5         2.20987e-9      1.29679e-10      #dY:5.9%   
  1.60e-5         2.282342e-9     1.33762e-10      #dY:5.9%   
  1.70e-5         2.352585e-9     1.37728e-10      #dY:5.9%   
  1.80e-5         2.420788e-9     1.41585e-10      #dY:5.8%   
  1.90e-5         2.487123e-9     1.45339e-10      #dY:5.8%   
  2.00e-5         2.551735e-9     1.49e-10         #dY:5.8%   
  2.10e-5         2.614748e-9     1.52574e-10      #dY:5.8%   
  2.20e-5         2.67628e-9      1.56069e-10      #dY:5.8%   
  2.30e-5         2.736428e-9     1.59487e-10      #dY:5.8%   
  2.40e-5         2.795282e-9     1.62833e-10      #dY:5.8%   
  2.50e-5         2.852921e-9     1.66113e-10      #dY:5.8%   
  2.60e-5         2.90942e-9      1.69328e-10      #dY:5.8%   
  2.70e-5         2.964844e-9     1.72485e-10      #dY:5.8%   
  2.80e-5         3.019248e-9     1.75585e-10      #dY:5.8%   
  2.90e-5         3.072689e-9     1.78632e-10      #dY:5.8%   
  3.00e-5         3.125217e-9     1.81625e-10      #dY:5.8%   
  3.10e-5         3.176875e-9     1.84574e-10      #dY:5.8%   
  3.20e-5         3.227709e-9     1.87475e-10      #dY:5.8%   
  3.30e-5         3.277752e-9     1.90332e-10      #dY:5.8%   
  3.40e-5         3.327044e-9     1.93147e-10      #dY:5.8%   
  3.50e-5         3.375615e-9     1.95921e-10      #dY:5.8%   
  3.60e-5         3.423499e-9     1.98656e-10      #dY:5.8%   
  3.70e-5         3.47072e-9      2.01355e-10      #dY:5.8%   
  3.80e-5         3.517311e-9     2.04018e-10      #dY:5.8%   
  3.90e-5         3.563288e-9     2.06648e-10      #dY:5.8%   
  4.00e-5         3.608682e-9     2.09242e-10      #dY:5.8%   
  4.10e-5         3.65351e-9      2.11806e-10      #dY:5.8%   
  4.20e-5         3.697797e-9     2.14341e-10      #dY:5.8%   
  4.30e-5         3.741557e-9     2.16844e-10      #dY:5.8%   
  4.40e-5         3.784814e-9     2.19319e-10      #dY:5.8%   
  4.50e-5         3.82758e-9      2.21767e-10      #dY:5.8%   
  4.60e-5         3.869874e-9     2.24187e-10      #dY:5.8%   
  4.70e-5         3.91171e-9      2.26582e-10      #dY:5.8%   
  4.80e-5         3.953106e-9     2.28953e-10      #dY:5.8%   
  4.90e-5         3.994068e-9     2.31298e-10      #dY:5.8%   
  5.00e-5         4.034619e-9     2.3362e-10       #dY:5.8%   
  5.10e-5         4.074765e-9     2.3592e-10       #dY:5.8%   
  5.20e-5         4.114519e-9     2.38197e-10      #dY:5.8%   
  5.30e-5         4.153891e-9     2.40452e-10      #dY:5.8%   
  5.40e-5         4.192897e-9     2.42687e-10      #dY:5.8%   
  5.50e-5         4.23154e-9      2.44902e-10      #dY:5.8%   
  5.60e-5         4.269834e-9     2.47096e-10      #dY:5.8%   
  5.70e-5         4.307788e-9     2.4927e-10       #dY:5.8%   
  5.80e-5         4.345409e-9     2.51426e-10      #dY:5.8%   
  5.90e-5         4.38271e-9      2.53564e-10      #dY:5.8%   
  6.00e-5         4.419694e-9     2.55685e-10      #dY:5.8%   
  6.10e-5         4.456372e-9     2.57786e-10      #dY:5.8%   
  6.20e-5         4.49275e-9      2.59872e-10      #dY:5.8%   
  6.30e-5         4.528836e-9     2.61941e-10      #dY:5.8%   
  6.40e-5         4.564636e-9     2.63993e-10      #dY:5.8%   
  6.50e-5         4.600159e-9     2.66029e-10      #dY:5.8%   
  6.60e-5         4.635408e-9     2.6805e-10       #dY:5.8%   
  6.70e-5         4.670392e-9     2.70056e-10      #dY:5.8%   
  6.80e-5         4.705116e-9     2.72047e-10      #dY:5.8%   
  6.90e-5         4.739585e-9     2.74025e-10      #dY:5.8%   
  7.00e-5         4.773804e-9     2.75988e-10      #dY:5.8%   
  7.10e-5         4.807781e-9     2.77936e-10      #dY:5.8%   
  7.20e-5         4.841519e-9     2.79871e-10      #dY:5.8%   
  7.30e-5         4.875024e-9     2.81793e-10      #dY:5.8%   
  7.40e-5         4.9083e-9       2.83701e-10      #dY:5.8%   
  7.50e-5         4.941352e-9     2.85598e-10      #dY:5.8%   
  7.60e-5         4.974185e-9     2.87481e-10      #dY:5.8%   
  7.70e-5         5.006801e-9     2.89352e-10      #dY:5.8%   
  7.80e-5         5.039206e-9     2.91211e-10      #dY:5.8%   
  7.90e-5         5.071407e-9     2.93058e-10      #dY:5.8%   
  8.00e-5         5.103402e-9     2.94895e-10      #dY:5.8%   
  8.10e-5         5.135196e-9     2.96718e-10      #dY:5.8%   
  8.20e-5         5.166799e-9     2.98532e-10      #dY:5.8%   
  8.30e-5         5.198206e-9     3.00334e-10      #dY:5.8%   
  8.40e-5         5.229426e-9     3.02125e-10      #dY:5.8%   
  8.50e-5         5.260461e-9     3.03907e-10      #dY:5.8%   
  8.60e-5         5.291313e-9     3.05677e-10      #dY:5.8%   
  8.70e-5         5.321986e-9     3.07437e-10      #dY:5.8%   
  8.80e-5         5.352483e-9     3.09187e-10      #dY:5.8%   
  8.90e-5         5.382808e-9     3.10927e-10      #dY:5.8%   
  9.00e-5         5.412963e-9     3.12658e-10      #dY:5.8%   
  9.10e-5         5.442951e-9     3.14379e-10      #dY:5.8%   
  9.20e-5         5.472774e-9     3.16091e-10      #dY:5.8%   
  9.30e-5         5.502435e-9     3.17794e-10      #dY:5.8%   
  9.40e-5         5.531939e-9     3.19486e-10      #dY:5.8%   
  9.50e-5         5.561284e-9     3.2117e-10       #dY:5.8%   
  9.60e-5         5.590476e-9     3.22847e-10      #dY:5.8%   
  9.70e-5         5.619517e-9     3.24512e-10      #dY:5.8%   
  9.80e-5         5.648409e-9     3.26172e-10      #dY:5.8%   
  9.90e-5         5.677154e-9     3.27822e-10      #dY:5.8%   
  1.00e-4         5.70575e-9      3.29463e-10      #dY:5.8%   
  1.10e-4         5.984229e-9     3.45533e-10      #dY:5.8%   
  1.20e-4         6.250311e-9     3.68553e-10      #dY:5.9%   
  1.30e-4         6.505516e-9     3.82811e-10      #dY:5.9%   
  1.40e-4         6.751079e-9     3.9657e-10       #dY:5.9%   
  1.50e-4         6.988016e-9     4.09874e-10      #dY:5.9%   
  1.60e-4         7.217179e-9     4.22769e-10      #dY:5.9%   
  1.70e-4         7.439283e-9     4.35285e-10      #dY:5.9%   
  1.80e-4         7.654944e-9     4.47456e-10      #dY:5.8%   
  1.90e-4         7.864692e-9     4.59306e-10      #dY:5.8%   
  2.00e-4         8.068987e-9     4.70861e-10      #dY:5.8%   
  2.10e-4         8.268236e-9     4.82139e-10      #dY:5.8%   
  2.20e-4         8.462792e-9     4.93162e-10      #dY:5.8%   
  2.30e-4         8.652975e-9     5.03937e-10      #dY:5.8%   
  2.40e-4         8.839068e-9     5.14498e-10      #dY:5.8%   
  2.50e-4         9.021314e-9     5.24837e-10      #dY:5.8%   
  2.60e-4         9.19996e-9      5.34981e-10      #dY:5.8%   
  2.70e-4         9.375188e-9     5.44934e-10      #dY:5.8%   
  2.80e-4         9.547208e-9     5.54706e-10      #dY:5.8%   
  2.90e-4         9.716188e-9     5.64313e-10      #dY:5.8%   
  3.00e-4         9.88227e-9      5.73757e-10      #dY:5.8%   
  3.10e-4         1.004561e-8     5.83049e-10      #dY:5.8%   
  3.20e-4         1.020633e-8     5.92187e-10      #dY:5.8%   
  3.30e-4         1.036455e-8     6.0119e-10       #dY:5.8%   
  3.40e-4         1.05204e-8      6.10059e-10      #dY:5.8%   
  3.50e-4         1.067397e-8     6.18797e-10      #dY:5.8%   
  3.60e-4         1.082537e-8     6.27418e-10      #dY:5.8%   
  3.70e-4         1.097466e-8     6.35912e-10      #dY:5.8%   
  3.80e-4         1.112197e-8     6.44303e-10      #dY:5.8%   
  3.90e-4         1.126734e-8     6.52582e-10      #dY:5.8%   
  4.00e-4         1.141087e-8     6.60747e-10      #dY:5.8%   
  4.10e-4         1.155261e-8     6.68819e-10      #dY:5.8%   
  4.20e-4         1.169263e-8     6.76808e-10      #dY:5.8%   
  4.30e-4         1.183098e-8     6.84674e-10      #dY:5.8%   
  4.40e-4         1.196774e-8     6.92468e-10      #dY:5.8%   
  4.50e-4         1.210296e-8     7.00175e-10      #dY:5.8%   
  4.60e-4         1.223667e-8     7.07787e-10      #dY:5.8%   
  4.70e-4         1.236894e-8     7.15312e-10      #dY:5.8%   
  4.80e-4         1.249983e-8     7.22773e-10      #dY:5.8%   
  4.90e-4         1.262933e-8     7.30161e-10      #dY:5.8%   
  5.00e-4         1.275753e-8     7.3746e-10       #dY:5.8%   
  5.10e-4         1.288447e-8     7.4468e-10       #dY:5.8%   
  5.20e-4         1.301015e-8     7.51843e-10      #dY:5.8%   
  5.30e-4         1.313463e-8     7.58932e-10      #dY:5.8%   
  5.40e-4         1.325793e-8     7.65959e-10      #dY:5.8%   
  5.50e-4         1.338013e-8     7.7292e-10       #dY:5.8%   
  5.60e-4         1.350118e-8     7.79819e-10      #dY:5.8%   
  5.70e-4         1.362118e-8     7.86646e-10      #dY:5.8%   
  5.80e-4         1.374012e-8     7.93413e-10      #dY:5.8%   
  5.90e-4         1.385806e-8     8.00136e-10      #dY:5.8%   
  6.00e-4         1.397498e-8     8.06792e-10      #dY:5.8%   
  6.10e-4         1.409093e-8     8.13393e-10      #dY:5.8%   
  6.20e-4         1.420595e-8     8.19943e-10      #dY:5.8%   
  6.30e-4         1.432004e-8     8.26436e-10      #dY:5.8%   
  6.40e-4         1.443321e-8     8.32875e-10      #dY:5.8%   
  6.50e-4         1.454552e-8     8.39286e-10      #dY:5.8%   
  6.60e-4         1.465695e-8     8.45626e-10      #dY:5.8%   
  6.70e-4         1.476755e-8     8.51917e-10      #dY:5.8%   
  6.80e-4         1.487734e-8     8.58171e-10      #dY:5.8%   
  6.90e-4         1.498629e-8     8.64367e-10      #dY:5.8%   
  7.00e-4         1.50945e-8      8.70528e-10      #dY:5.8%   
  7.10e-4         1.520191e-8     8.76642e-10      #dY:5.8%   
  7.20e-4         1.530857e-8     8.82698e-10      #dY:5.8%   
  7.30e-4         1.541449e-8     8.88737e-10      #dY:5.8%   
  7.40e-4         1.551968e-8     8.94715e-10      #dY:5.8%   
  7.50e-4         1.562418e-8     9.00665e-10      #dY:5.8%   
  7.60e-4         1.572796e-8     9.06562e-10      #dY:5.8%   
  7.70e-4         1.583108e-8     9.12426e-10      #dY:5.8%   
  7.80e-4         1.593353e-8     9.18247e-10      #dY:5.8%   
  7.90e-4         1.603533e-8     9.24044e-10      #dY:5.8%   
  8.00e-4         1.613648e-8     9.29808e-10      #dY:5.8%   
  8.10e-4         1.623699e-8     9.35511e-10      #dY:5.8%   
  8.20e-4         1.633689e-8     9.4119e-10       #dY:5.8%   
  8.30e-4         1.643618e-8     9.46822e-10      #dY:5.8%   
  8.40e-4         1.653489e-8     9.52445e-10      #dY:5.8%   
  8.50e-4         1.663299e-8     9.58018e-10      #dY:5.8%   
  8.60e-4         1.673052e-8     9.63566e-10      #dY:5.8%   
  8.70e-4         1.68275e-8      9.6907e-10       #dY:5.8%   
  8.80e-4         1.69239e-8      9.74553e-10      #dY:5.8%   
  8.90e-4         1.701976e-8     9.79995e-10      #dY:5.8%   
  9.00e-4         1.71151e-8      9.85419e-10      #dY:5.8%   
  9.10e-4         1.720989e-8     9.90796e-10      #dY:5.8%   
  9.20e-4         1.730418e-8     9.9615e-10       #dY:5.8%   
  9.30e-4         1.739795e-8     1.00148e-9       #dY:5.8%   
  9.40e-4         1.749122e-8     1.00677e-9       #dY:5.8%   
  9.50e-4         1.758397e-8     1.01204e-9       #dY:5.8%   
  9.60e-4         1.767627e-8     1.01728e-9       #dY:5.8%   
  9.70e-4         1.776806e-8     1.02249e-9       #dY:5.8%   
  9.80e-4         1.78594e-8      1.02768e-9       #dY:5.8%   
  9.90e-4         1.795024e-8     1.03282e-9       #dY:5.8%   
  1.00e-3         1.804067e-8     1.03796e-9       #dY:5.8%   
  1.10e-3         1.892099e-8     1.08853e-9       #dY:5.8%   
  1.20e-3         1.976206e-8     1.16058e-9       #dY:5.9%   
  1.30e-3         2.056875e-8     1.20498e-9       #dY:5.9%   
  1.40e-3         2.134493e-8     1.24777e-9       #dY:5.8%   
  1.50e-3         2.209382e-8     1.2891e-9        #dY:5.8%   
  1.60e-3         2.281809e-8     1.32909e-9       #dY:5.8%   
  1.70e-3         2.352004e-8     1.36788e-9       #dY:5.8%   
  1.80e-3         2.420161e-8     1.40554e-9       #dY:5.8%   
  1.90e-3         2.486442e-8     1.44214e-9       #dY:5.8%   
  2.00e-3         2.550999e-8     1.47781e-9       #dY:5.8%   
  2.10e-3         2.61396e-8      1.51257e-9       #dY:5.8%   
  2.20e-3         2.675432e-8     1.54649e-9       #dY:5.8%   
  2.30e-3         2.735521e-8     1.57962e-9       #dY:5.8%   
  2.40e-3         2.794312e-8     1.61203e-9       #dY:5.8%   
  2.50e-3         2.851888e-8     1.64373e-9       #dY:5.8%   
  2.60e-3         2.908319e-8     1.67481e-9       #dY:5.8%   
  2.70e-3         2.963672e-8     1.70525e-9       #dY:5.8%   
  2.80e-3         3.018006e-8     1.73509e-9       #dY:5.7%   
  2.90e-3         3.071375e-8     1.76439e-9       #dY:5.7%   
  3.00e-3         3.123826e-8     1.79316e-9       #dY:5.7%   
  3.10e-3         3.175409e-8     1.82143e-9       #dY:5.7%   
  3.20e-3         3.226162e-8     1.84923e-9       #dY:5.7%   
  3.30e-3         3.276122e-8     1.87655e-9       #dY:5.7%   
  3.40e-3         3.32533e-8      1.90344e-9       #dY:5.7%   
  3.50e-3         3.373814e-8     1.9299e-9        #dY:5.7%   
  3.60e-3         3.421608e-8     1.95597e-9       #dY:5.7%   
  3.70e-3         3.468738e-8     1.98166e-9       #dY:5.7%   
  3.80e-3         3.515232e-8     2.00697e-9       #dY:5.7%   
  3.90e-3         3.561115e-8     2.03192e-9       #dY:5.7%   
  4.00e-3         3.606409e-8     2.05654e-9       #dY:5.7%   
  4.10e-3         3.651136e-8     2.08081e-9       #dY:5.7%   
  4.20e-3         3.695319e-8     2.10477e-9       #dY:5.7%   
  4.30e-3         3.738975e-8     2.12842e-9       #dY:5.7%   
  4.40e-3         3.782123e-8     2.15175e-9       #dY:5.7%   
  4.50e-3         3.82478e-8      2.17483e-9       #dY:5.7%   
  4.60e-3         3.866962e-8     2.19761e-9       #dY:5.7%   
  4.70e-3         3.908683e-8     2.22011e-9       #dY:5.7%   
  4.80e-3         3.949959e-8     2.24237e-9       #dY:5.7%   
  4.90e-3         3.990805e-8     2.26437e-9       #dY:5.7%   
  5.00e-3         4.031231e-8     2.28612e-9       #dY:5.7%   
  5.10e-3         4.071252e-8     2.30762e-9       #dY:5.7%   
  5.20e-3         4.11088e-8      2.3289e-9        #dY:5.7%   
  5.30e-3         4.150123e-8     2.34996e-9       #dY:5.7%   
  5.40e-3         4.188996e-8     2.37079e-9       #dY:5.7%   
  5.50e-3         4.227506e-8     2.3914e-9        #dY:5.7%   
  5.60e-3         4.265665e-8     2.41181e-9       #dY:5.7%   
  5.70e-3         4.303482e-8     2.43202e-9       #dY:5.7%   
  5.80e-3         4.340963e-8     2.45202e-9       #dY:5.6%   
  5.90e-3         4.37812e-8      2.47184e-9       #dY:5.6%   
  6.00e-3         4.41496e-8      2.49147e-9       #dY:5.6%   
  6.10e-3         4.45149e-8      2.51092e-9       #dY:5.6%   
  6.20e-3         4.487719e-8     2.53018e-9       #dY:5.6%   
  6.30e-3         4.523655e-8     2.54927e-9       #dY:5.6%   
  6.40e-3         4.559302e-8     2.5682e-9        #dY:5.6%   
  6.50e-3         4.59467e-8      2.58695e-9       #dY:5.6%   
  6.60e-3         4.62976e-8      2.60554e-9       #dY:5.6%   
  6.70e-3         4.664587e-8     2.62397e-9       #dY:5.6%   
  6.80e-3         4.699147e-8     2.64224e-9       #dY:5.6%   
  6.90e-3         4.733454e-8     2.66035e-9       #dY:5.6%   
  7.00e-3         4.76751e-8      2.67832e-9       #dY:5.6%   
  7.10e-3         4.801319e-8     2.69614e-9       #dY:5.6%   
  7.20e-3         4.834888e-8     2.71381e-9       #dY:5.6%   
  7.30e-3         4.868224e-8     2.73135e-9       #dY:5.6%   
  7.40e-3         4.901326e-8     2.74873e-9       #dY:5.6%   
  7.50e-3         4.934204e-8     2.766e-9         #dY:5.6%   
  7.60e-3         4.96686e-8      2.78312e-9       #dY:5.6%   
  7.70e-3         4.9993e-8       2.80012e-9       #dY:5.6%   
  7.80e-3         5.031527e-8     2.81699e-9       #dY:5.6%   
  7.90e-3         5.063546e-8     2.83372e-9       #dY:5.6%   
  8.00e-3         5.095359e-8     2.85035e-9       #dY:5.6%   
  8.10e-3         5.126971e-8     2.86684e-9       #dY:5.6%   
  8.20e-3         5.158387e-8     2.88322e-9       #dY:5.6%   
  8.30e-3         5.189606e-8     2.89947e-9       #dY:5.6%   
  8.40e-3         5.220639e-8     2.91561e-9       #dY:5.6%   
  8.50e-3         5.251483e-8     2.93164e-9       #dY:5.6%   
  8.60e-3         5.282145e-8     2.94756e-9       #dY:5.6%   
  8.70e-3         5.312626e-8     2.96337e-9       #dY:5.6%   
  8.80e-3         5.34293e-8      2.97906e-9       #dY:5.6%   
  8.90e-3         5.373059e-8     2.99466e-9       #dY:5.6%   
  9.00e-3         5.403019e-8     3.01015e-9       #dY:5.6%   
  9.10e-3         5.43281e-8      3.02552e-9       #dY:5.6%   
  9.20e-3         5.462434e-8     3.04081e-9       #dY:5.6%   
  9.30e-3         5.491895e-8     3.05599e-9       #dY:5.6%   
  9.40e-3         5.521199e-8     3.07107e-9       #dY:5.6%   
  9.50e-3         5.550344e-8     3.08605e-9       #dY:5.6%   
  9.60e-3         5.579331e-8     3.10094e-9       #dY:5.6%   
  9.70e-3         5.608169e-8     3.11574e-9       #dY:5.6%   
  9.80e-3         5.636854e-8     3.13044e-9       #dY:5.6%   
  9.90e-3         5.665391e-8     3.14505e-9       #dY:5.6%   
  0.01            5.693784e-8     3.15956e-9       #dY:5.5%   
  0.011           5.970138e-8     3.31162e-9       #dY:5.5%   
  0.012           6.234012e-8     3.51824e-9       #dY:5.6%   
  0.013           6.486931e-8     3.64028e-9       #dY:5.6%   
  0.014           6.730126e-8     3.75666e-9       #dY:5.6%   
  0.015           6.964618e-8     3.8679e-9        #dY:5.6%   
  0.016           7.191253e-8     3.97443e-9       #dY:5.5%   
  0.017           7.410748e-8     4.07664e-9       #dY:5.5%   
  0.018           7.623719e-8     4.17485e-9       #dY:5.5%   
  0.019           7.830697e-8     4.26942e-9       #dY:5.5%   
  0.02            8.032135e-8     4.36054e-9       #dY:5.4%   
  0.021           8.228435e-8     4.44849e-9       #dY:5.4%   
  0.022           8.419956e-8     4.53344e-9       #dY:5.4%   
  0.023           8.607011e-8     4.61561e-9       #dY:5.4%   
  0.024           8.789875e-8     4.69517e-9       #dY:5.3%   
  0.025           8.968803e-8     4.77226e-9       #dY:5.3%   
  0.026           9.144031e-8     4.847e-9         #dY:5.3%   
  0.027           9.315752e-8     4.91955e-9       #dY:5.3%   
  0.028           9.484166e-8     4.99e-9          #dY:5.3%   
  0.029           9.649436e-8     5.05843e-9       #dY:5.2%   
  0.03            9.811731e-8     5.12502e-9       #dY:5.2%   
  0.031           9.971209e-8     5.18979e-9       #dY:5.2%   
  0.032           1.0128e-7       5.25288e-9       #dY:5.2%   
  0.033           1.028223e-7     5.31428e-9       #dY:5.2%   
  0.034           1.043402e-7     5.37415e-9       #dY:5.2%   
  0.035           1.058349e-7     5.43243e-9       #dY:5.1%   
  0.036           1.073071e-7     5.48929e-9       #dY:5.1%   
  0.037           1.087581e-7     5.54485e-9       #dY:5.1%   
  0.038           1.101885e-7     5.5991e-9        #dY:5.1%   
  0.039           1.11599e-7      5.65202e-9       #dY:5.1%   
  0.04            1.129907e-7     5.70364e-9       #dY:5.0%   
  0.041           1.14364e-7      5.75412e-9       #dY:5.0%   
  0.042           1.157195e-7     5.80347e-9       #dY:5.0%   
  0.043           1.17058e-7      5.85179e-9       #dY:5.0%   
  0.044           1.183799e-7     5.89896e-9       #dY:5.0%   
  0.045           1.196854e-7     5.94502e-9       #dY:5.0%   
  0.046           1.209756e-7     5.99026e-9       #dY:5.0%   
  0.047           1.222508e-7     6.03451e-9       #dY:4.9%   
  0.048           1.235112e-7     6.07776e-9       #dY:4.9%   
  0.049           1.247573e-7     6.12019e-9       #dY:4.9%   
  0.05            1.259894e-7     6.16177e-9       #dY:4.9%   
  0.051           1.272083e-7     6.20239e-9       #dY:4.9%   
  0.052           1.284139e-7     6.24236e-9       #dY:4.9%   
  0.053           1.296068e-7     6.28132e-9       #dY:4.8%   
  0.054           1.307873e-7     6.3197e-9        #dY:4.8%   
  0.055           1.319558e-7     6.35744e-9       #dY:4.8%   
  0.056           1.331123e-7     6.39423e-9       #dY:4.8%   
  0.057           1.342573e-7     6.43049e-9       #dY:4.8%   
  0.058           1.353912e-7     6.46599e-9       #dY:4.8%   
  0.059           1.365143e-7     6.5007e-9        #dY:4.8%   
  0.06            1.376264e-7     6.53495e-9       #dY:4.7%   
  0.061           1.387282e-7     6.56843e-9       #dY:4.7%   
  0.062           1.398195e-7     6.6014e-9        #dY:4.7%   
  0.063           1.409012e-7     6.6337e-9        #dY:4.7%   
  0.064           1.419728e-7     6.66551e-9       #dY:4.7%   
  0.065           1.430352e-7     6.69664e-9       #dY:4.7%   
  0.066           1.44088e-7      6.72732e-9       #dY:4.7%   
  0.067           1.451315e-7     6.75727e-9       #dY:4.7%   
  0.068           1.461662e-7     6.78679e-9       #dY:4.6%   
  0.069           1.471922e-7     6.8158e-9        #dY:4.6%   
  0.07            1.482095e-7     6.84428e-9       #dY:4.6%   
  0.071           1.492183e-7     6.87228e-9       #dY:4.6%   
  0.072           1.502189e-7     6.89969e-9       #dY:4.6%   
  0.073           1.512115e-7     6.92672e-9       #dY:4.6%   
  0.074           1.52196e-7      6.95328e-9       #dY:4.6%   
  0.075           1.53173e-7      6.97925e-9       #dY:4.6%   
  0.076           1.541421e-7     7.00486e-9       #dY:4.5%   
  0.077           1.551039e-7     7.03009e-9       #dY:4.5%   
  0.078           1.560584e-7     7.05479e-9       #dY:4.5%   
  0.079           1.570057e-7     7.07917e-9       #dY:4.5%   
  0.08            1.579459e-7     7.10295e-9       #dY:4.5%   
  0.081           1.588793e-7     7.12649e-9       #dY:4.5%   
  0.082           1.598061e-7     7.14959e-9       #dY:4.5%   
  0.083           1.607261e-7     7.17224e-9       #dY:4.5%   
  0.084           1.616395e-7     7.19449e-9       #dY:4.5%   
  0.085           1.625468e-7     7.2165e-9        #dY:4.4%   
  0.086           1.634475e-7     7.23802e-9       #dY:4.4%   
  0.087           1.64342e-7      7.2592e-9        #dY:4.4%   
  0.088           1.652309e-7     7.28008e-9       #dY:4.4%   
  0.089           1.661135e-7     7.30048e-9       #dY:4.4%   
  0.09            1.669902e-7     7.32058e-9       #dY:4.4%   
  0.091           1.67861e-7      7.34024e-9       #dY:4.4%   
  0.092           1.687262e-7     7.35961e-9       #dY:4.4%   
  0.093           1.695858e-7     7.37867e-9       #dY:4.4%   
  0.094           1.704397e-7     7.39729e-9       #dY:4.3%   
  0.095           1.712883e-7     7.41566e-9       #dY:4.3%   
  0.096           1.721313e-7     7.4337e-9        #dY:4.3%   
  0.097           1.72969e-7      7.45128e-9       #dY:4.3%   
  0.098           1.738014e-7     7.46864e-9       #dY:4.3%   
  0.099           1.746285e-7     7.48576e-9       #dY:4.3%   
  0.1             1.754505e-7     7.50248e-9       #dY:4.3%   
  0.11            1.834004e-7     7.82318e-9       #dY:4.3%   
  0.12            1.909019e-7     8.10587e-9       #dY:4.2%   
  0.13            1.980123e-7     8.19376e-9       #dY:4.1%   
  0.14            2.047666e-7     8.26028e-9       #dY:4.0%   
  0.15            2.111921e-7     8.30545e-9       #dY:3.9%   
  0.16            2.173132e-7     8.33331e-9       #dY:3.8%   
  0.17            2.231519e-7     8.34438e-9       #dY:3.7%   
  0.18            2.287282e-7     8.33868e-9       #dY:3.6%   
  0.19            2.340626e-7     8.31975e-9       #dY:3.6%   
  0.2             2.391728e-7     8.28873e-9       #dY:3.5%   
  0.21            2.440745e-7     8.24617e-9       #dY:3.4%   
  0.22            2.487741e-7     8.19039e-9       #dY:3.3%   
  0.23            2.532762e-7     8.11909e-9       #dY:3.2%   
  0.24            2.575944e-7     8.0384e-9        #dY:3.1%   
  0.25            2.617471e-7     7.95626e-9       #dY:3.0%   
  0.26            2.657397e-7     7.87099e-9       #dY:3.0%   
  0.27            2.695691e-7     7.77458e-9       #dY:2.9%   
  0.28            2.732316e-7     7.66485e-9       #dY:2.8%   
  0.29            2.767367e-7     7.55074e-9       #dY:2.7%   
  0.3             2.800998e-7     7.44036e-9       #dY:2.7%   
  0.31            2.833354e-7     7.33712e-9       #dY:2.6%   
  0.32            2.864511e-7     7.24118e-9       #dY:2.5%   
  0.33            2.894412e-7     7.14236e-9       #dY:2.5%   
  0.34            2.923008e-7     7.03242e-9       #dY:2.4%   
  0.35            2.950393e-7     6.92276e-9       #dY:2.3%   
  0.36            2.976659e-7     6.82663e-9       #dY:2.3%   
  0.37            3.001759e-7     6.73579e-9       #dY:2.2%   
  0.38            3.025519e-7     6.63399e-9       #dY:2.2%   
  0.39            3.047907e-7     6.52168e-9       #dY:2.1%   
  0.4             3.069096e-7     6.41264e-9       #dY:2.1%   
  0.41            3.089309e-7     6.31955e-9       #dY:2.0%   
  0.42            3.108727e-7     6.24752e-9       #dY:2.0%   
  0.43            3.127384e-7     6.18751e-9       #dY:2.0%   
  0.44            3.145203e-7     6.12422e-9       #dY:1.9%   
  0.45            3.16206e-7      6.05169e-9       #dY:1.9%   
  0.46            3.177919e-7     5.97246e-9       #dY:1.9%   
  0.47            3.192789e-7     5.88949e-9       #dY:1.8%   
  0.48            3.206717e-7     5.80706e-9       #dY:1.8%   
  0.49            3.219778e-7     5.72904e-9       #dY:1.8%   
  0.5             3.232036e-7     5.65515e-9       #dY:1.7%   
  0.51            3.243497e-7     5.58407e-9       #dY:1.7%   
  0.52            3.25416e-7      5.51445e-9       #dY:1.7%   
  0.53            3.264047e-7     5.44284e-9       #dY:1.7%   
  0.54            3.273201e-7     5.36856e-9       #dY:1.6%   
  0.55            3.281651e-7     5.29174e-9       #dY:1.6%   
  0.56            3.28936e-7      5.21182e-9       #dY:1.6%   
  0.57            3.296286e-7     5.12568e-9       #dY:1.6%   
  0.58            3.302589e-7     5.03287e-9       #dY:1.5%   
  0.59            3.308373e-7     4.93971e-9       #dY:1.5%   
  0.6             3.313445e-7     4.84567e-9       #dY:1.5%   
  0.61            3.317893e-7     4.74498e-9       #dY:1.4%   
  0.62            3.321913e-7     4.64288e-9       #dY:1.4%   
  0.63            3.32563e-7      4.54407e-9       #dY:1.4%   
  0.64            3.329144e-7     4.45059e-9       #dY:1.3%   
  0.65            3.332228e-7     4.36679e-9       #dY:1.3%   
  0.66            3.334771e-7     4.28363e-9       #dY:1.3%   
  0.67            3.336742e-7     4.19801e-9       #dY:1.3%   
  0.68            3.33807e-7      4.10835e-9       #dY:1.2%   
  0.69            3.33873e-7      4.01397e-9       #dY:1.2%   
  0.7             3.338767e-7     3.91576e-9       #dY:1.2%   
  0.71            3.338267e-7     3.81439e-9       #dY:1.1%   
  0.72            3.337431e-7     3.71393e-9       #dY:1.1%   
  0.73            3.336496e-7     3.61839e-9       #dY:1.1%   
  0.74            3.335387e-7     3.53235e-9       #dY:1.1%   
  0.75            3.334255e-7     3.45497e-9       #dY:1.0%   
  0.76            3.333165e-7     3.39082e-9       #dY:1.0%   
  0.77            3.331812e-7     3.3466e-9        #dY:1.0%   
  0.78            3.330121e-7     3.31432e-9       #dY:1.0%   
  0.79            3.328075e-7     3.28749e-9       #dY:1.0%   
  0.8             3.325645e-7     3.26739e-9       #dY:1.0%   
  0.81            3.322848e-7     3.25438e-9       #dY:1.0%   
  0.82            3.319907e-7     3.24841e-9       #dY:1.0%   
  0.83            3.316741e-7     3.24811e-9       #dY:1.0%   
  0.84            3.313313e-7     3.24938e-9       #dY:1.0%   
  0.85            3.309643e-7     3.25376e-9       #dY:1.0%   
  0.86            3.305784e-7     3.26264e-9       #dY:1.0%   
  0.87            3.301811e-7     3.27766e-9       #dY:1.0%   
  0.88            3.297664e-7     3.29742e-9       #dY:1.0%   
  0.89            3.293293e-7     3.32498e-9       #dY:1.0%   
  0.9             3.288678e-7     3.35835e-9       #dY:1.0%   
  0.91            3.283875e-7     3.39373e-9       #dY:1.0%   
  0.92            3.278985e-7     3.42758e-9       #dY:1.0%   
  0.93            3.274134e-7     3.45656e-9       #dY:1.1%   
  0.94            3.26934e-7      3.47793e-9       #dY:1.1%   
  0.95            3.264538e-7     3.49678e-9       #dY:1.1%   
  0.96            3.25964e-7      3.51732e-9       #dY:1.1%   
  0.97            3.254578e-7     3.54118e-9       #dY:1.1%   
  0.98            3.249315e-7     3.56761e-9       #dY:1.1%   
  0.99            3.243859e-7     3.59429e-9       #dY:1.1%   
  1               3.238237e-7     3.61932e-9       #dY:1.1%   
  1.1             3.178899e-7     3.58066e-9       #dY:1.1%   
  1.2             3.113679e-7     3.59631e-9       #dY:1.2%   
  1.3             3.043159e-7     3.42566e-9       #dY:1.1%   
  1.4             2.967938e-7     3.09353e-9       #dY:1.0%   
  1.5             2.887558e-7     2.73847e-9       #dY:0.9%   
  1.6             2.801147e-7     2.48788e-9       #dY:0.9%   
  1.7             2.709799e-7     2.36748e-9       #dY:0.9%   
  1.8             2.61508e-7      2.33334e-9       #dY:0.9%   
  1.9             2.516967e-7     2.36835e-9       #dY:0.9%   
  2               2.415693e-7     2.39248e-9       #dY:1.0%   
  2.1             2.31279e-7      2.38403e-9       #dY:1.0%   
  2.2             2.210236e-7     2.33125e-9       #dY:1.1%   
  2.3             2.107899e-7     2.27227e-9       #dY:1.1%   
  2.4             2.006037e-7     2.18642e-9       #dY:1.1%   
  2.5             1.906332e-7     2.08091e-9       #dY:1.1%   
  2.6             1.809253e-7     1.9679e-9        #dY:1.1%   
  2.7             1.714717e-7     1.87026e-9       #dY:1.1%   
  2.8             1.623419e-7     1.76847e-9       #dY:1.1%   
  2.9             1.53532e-7      1.6804e-9        #dY:1.1%   
  3               1.451227e-7     1.59621e-9       #dY:1.1%   
  3.1             1.370373e-7     1.52491e-9       #dY:1.1%   
  3.2             1.293336e-7     1.46225e-9       #dY:1.1%   
  3.3             1.220039e-7     1.39967e-9       #dY:1.1%   
  3.4             1.15026e-7      1.34453e-9       #dY:1.2%   
  3.5             1.083997e-7     1.29135e-9       #dY:1.2%   
  3.6             1.021388e-7     1.23892e-9       #dY:1.2%   
  3.7             9.620892e-8     1.18557e-9       #dY:1.2%   
  3.8             9.060844e-8     1.13513e-9       #dY:1.3%   
  3.9             8.531233e-8     1.08448e-9       #dY:1.3%   
  4               8.031399e-8     1.03632e-9       #dY:1.3%   
  4.1             7.560619e-8     9.89588e-10      #dY:1.3%   
  4.2             7.116483e-8     9.4428e-10       #dY:1.3%   
  4.3             6.697562e-8     9.02927e-10      #dY:1.3%   
  4.4             6.302823e-8     8.64143e-10      #dY:1.4%   
  4.5             5.930785e-8     8.27795e-10      #dY:1.4%   
  4.6             5.579923e-8     7.95257e-10      #dY:1.4%   
  4.7             5.248735e-8     7.65139e-10      #dY:1.5%   
  4.8             4.936335e-8     7.3749e-10       #dY:1.5%   
  4.9             4.641365e-8     7.1193e-10       #dY:1.5%   
  5               4.362948e-8     6.86964e-10      #dY:1.6%   
  5.1             4.100218e-8     6.64222e-10      #dY:1.6%   
  5.2             3.852215e-8     6.42289e-10      #dY:1.7%   
  5.3             3.618224e-8     6.19988e-10      #dY:1.7%   
  5.4             3.397506e-8     5.99133e-10      #dY:1.8%   
  5.5             3.189236e-8     5.78658e-10      #dY:1.8%   
  5.6             2.992795e-8     5.57643e-10      #dY:1.9%   
  5.7             2.807675e-8     5.37572e-10      #dY:1.9%   
  5.8             2.633062e-8     5.18233e-10      #dY:2.0%   
  5.9             2.468484e-8     4.98621e-10      #dY:2.0%   
  6               2.313549e-8     4.79862e-10      #dY:2.1%   
  6.1             2.167571e-8     4.62158e-10      #dY:2.1%   
  6.2             2.030096e-8     4.44976e-10      #dY:2.2%   
  6.3             1.90078e-8      4.28489e-10      #dY:2.3%   
  6.4             1.779169e-8     4.13023e-10      #dY:2.3%   
  6.5             1.664789e-8     3.97666e-10      #dY:2.4%   
  6.6             1.557351e-8     3.82581e-10      #dY:2.5%   
  6.7             1.456471e-8     3.68646e-10      #dY:2.5%   
  6.8             1.361745e-8     3.55116e-10      #dY:2.6%   
  6.9             1.272874e-8     3.4187e-10       #dY:2.7%   
  7               1.189556e-8     3.29499e-10      #dY:2.8%   
  7.1             1.111492e-8     3.17768e-10      #dY:2.9%   
  7.2             1.038378e-8     3.06335e-10      #dY:3.0%   
  7.3             9.698726e-9     2.95474e-10      #dY:3.0%   
  7.4             9.057258e-9     2.85499e-10      #dY:3.2%   
  7.5             8.457207e-9     2.76144e-10      #dY:3.3%   
  7.6             7.896001e-9     2.6729e-10       #dY:3.4%   
  7.7             7.371101e-9     2.58995e-10      #dY:3.5%   
  7.8             6.880488e-9     2.5127e-10       #dY:3.7%   
  7.9             6.42215e-9      2.43936e-10      #dY:3.8%   
  8               5.993663e-9     2.36904e-10      #dY:4.0%   
  8.1             5.593345e-9     2.30297e-10      #dY:4.1%   
  8.2             5.219559e-9     2.24002e-10      #dY:4.3%   
  8.3             4.870792e-9     2.17935e-10      #dY:4.5%   
  8.4             4.545118e-9     2.11979e-10      #dY:4.7%   
  8.5             4.240891e-9     2.06205e-10      #dY:4.9%   
  8.6             3.956996e-9     2.00594e-10      #dY:5.1%   
  8.7             3.692061e-9     1.95032e-10      #dY:5.3%   
  8.8             3.444706e-9     1.8957e-10       #dY:5.5%   
  8.9             3.213921e-9     1.84203e-10      #dY:5.7%   
  9               2.998698e-9     1.78874e-10      #dY:6.0%   
  9.1             2.797841e-9     1.73503e-10      #dY:6.2%   
  9.2             2.610337e-9     1.68151e-10      #dY:6.4%   
  9.3             2.435431e-9     1.62887e-10      #dY:6.7%   
  9.4             2.272203e-9     1.57642e-10      #dY:6.9%   
  9.5             2.119851e-9     1.52445e-10      #dY:7.2%   
  9.6             1.977693e-9     1.47299e-10      #dY:7.4%   
  9.7             1.845037e-9     1.42179e-10      #dY:7.7%   
  9.8             1.721251e-9     1.37075e-10      #dY:8.0%   
  9.9             1.605751e-9     1.32042e-10      #dY:8.2%   
  10              1.497972e-9     1.27089e-10      #dY:8.5%   
  10.2            1.30345e-9      1.1399e-10       #dY:8.7%   
  10.4            1.133925e-9     1.01339e-10      #dY:8.9%   
  10.6            9.86247e-10     9.31222e-11      #dY:9.4%   
  10.8            8.57588e-10     8.52878e-11      #dY:9.9%   
  11              7.45498e-10     7.78469e-11      #dY:10.4%  
  11.2            6.47872e-10     7.08906e-11      #dY:10.9%  
  11.4            5.62893e-10     6.4358e-11       #dY:11.4%  
  11.6            4.88886e-10     5.82943e-11      #dY:11.9%  
  11.8            4.24461e-10     5.26747e-11      #dY:12.4%  
  12              3.68393e-10     4.75255e-11      #dY:12.9%  
  12.2            3.19618e-10     4.27985e-11      #dY:13.4%  
  12.4            2.77212e-10     3.84831e-11      #dY:13.9%  
  12.6            2.40351e-10     3.45725e-11      #dY:14.4%  
  12.8            2.08326e-10     3.10226e-11      #dY:14.9%  
  13              1.80508e-10     2.78117e-11      #dY:15.4%  
  13.2            1.56353e-10     2.49089e-11      #dY:15.9%  
  13.4            1.35383e-10     2.22862e-11      #dY:16.5%  
  13.6            1.17191e-10     1.99189e-11      #dY:17.0%  
  13.8            1.01415e-10     1.77903e-11      #dY:17.5%  
  14              8.77392e-11     1.58803e-11      #dY:18.1%  
  14.2            7.58905e-11     1.41686e-11      #dY:18.7%  
  14.4            6.56259e-11     1.26375e-11      #dY:19.3%  
  14.6            5.67359e-11     1.12662e-11      #dY:19.9%  
  14.8            4.90397e-11     1.00394e-11      #dY:20.5%  
  15              4.23784e-11     8.94328e-12      #dY:21.1%  
  15.2            3.66147e-11     7.96349e-12      #dY:21.7%  
  15.4            3.16299e-11     7.08913e-12      #dY:22.4%  
  15.6            2.73192e-11     6.30929e-12      #dY:23.1%  
  15.8            2.3592e-11      5.61367e-12      #dY:23.8%  
  16              2.03708e-11     4.99351e-12      #dY:24.5%  
  16.2            1.75871e-11     4.44129e-12      #dY:25.3%  
  16.4            1.51815e-11     3.94907e-12      #dY:26.0%  
  16.6            1.31034e-11     3.51043e-12      #dY:26.8%  
  16.8            1.13082e-11     3.11962e-12      #dY:27.6%  
  17              9.75774e-12     2.77146e-12      #dY:28.4%  
  17.2            8.41902e-12     2.46152e-12      #dY:29.2%  
  17.4            7.26335e-12     2.18578e-12      #dY:30.1%  
  17.6            6.26564e-12     1.9405e-12       #dY:31.0%  
  17.8            5.40435e-12     1.72222e-12      #dY:31.9%  
  18              4.66085e-12     1.52794e-12      #dY:32.8%  
  18.2            4.01914e-12     1.35506e-12      #dY:33.7%  
  18.4            3.4654e-12      1.20132e-12      #dY:34.7%  
  18.6            2.98766e-12     1.06468e-12      #dY:35.6%  
  18.8            2.57551e-12     9.43289e-13      #dY:36.6%  
  19              2.21996e-12     8.35452e-13      #dY:37.6%  
  19.2            1.91324e-12     7.39666e-13      #dY:38.7%  
  19.4            1.64867e-12     6.54596e-13      #dY:39.7%  
  19.6            1.4205e-12      5.79086e-13      #dY:40.8%  
  19.8            1.22375e-12     5.12104e-13      #dY:41.8%  
  20              1.05413e-12     4.52706e-13      #dY:42.9%  
  20.2            9.07903e-13     4.00052e-13      #dY:44.1%  
  20.4            7.81855e-13     3.53396e-13      #dY:45.2%  
  20.6            6.73211e-13     3.12064e-13      #dY:46.4%  
  20.8            5.79585e-13     2.7547e-13       #dY:47.5%  
  21              4.98912e-13     2.43087e-13      #dY:48.7%  
  21.2            4.2941e-13      2.14436e-13      #dY:49.9%  
  21.4            3.6954e-13      1.89099e-13      #dY:51.2%  
  21.6            3.17974e-13     1.66701e-13      #dY:52.4%  
  21.8            2.73567e-13     1.4691e-13       #dY:53.7%  
  22              2.35328e-13     1.29428e-13      #dY:55.0%  
  22.2            2.02405e-13     1.13991e-13      #dY:56.3%  
  22.4            1.74065e-13     1.00364e-13      #dY:57.7%  
  22.6            1.49674e-13     8.83424e-14      #dY:59.0%  
  22.8            1.28682e-13     7.7738e-14       #dY:60.4%  
  23              1.10619e-13     6.83856e-14      #dY:61.8%  
  23.2            9.50793e-14     6.01433e-14      #dY:63.3%  
  23.4            8.17111e-14     5.28802e-14      #dY:64.7%  
  23.6            7.0212e-14      4.64809e-14      #dY:66.2%  
  23.8            6.03227e-14     4.08444e-14      #dY:67.7%  
  24              5.18187e-14     3.58822e-14      #dY:69.2%  
  24.2            4.45071e-14     3.15139e-14      #dY:70.8%  
  24.4            3.82211e-14     2.767e-14        #dY:72.4%  
  24.6            3.28175e-14     2.42878e-14      #dY:74.0%  
  24.8            2.81736e-14     2.13134e-14      #dY:75.7%  
  25              2.41831e-14     1.86986e-14      #dY:77.3%  
  25.2            2.07544e-14     1.64001e-14      #dY:79.0%  
  25.4            1.78093e-14     1.43805e-14      #dY:80.7%  
  25.6            1.52802e-14     1.26072e-14      #dY:82.5%  
  25.8            1.31083e-14     1.10505e-14      #dY:84.3%  
  26              1.12435e-14     9.68377e-15      #dY:86.1%  
  26.2            9.64273e-15     8.48447e-15      #dY:88.0%  
  26.4            8.26861e-15     7.43221e-15      #dY:89.9%  
  26.6            7.08924e-15     6.509e-15        #dY:91.8%  
  26.8            6.07715e-15     5.69925e-15      #dY:93.8%  
  27              5.2087e-15      4.98917e-15      #dY:95.8%  
  27.2            4.46363e-15     4.36653e-15      #dY:97.8%  
  27.4            3.82449e-15     3.82077e-15      #dY:99.9%  
  27.6            3.27628e-15     3.34242e-15      #dY:102.0% 
  27.8            2.80621e-15     2.92335e-15      #dY:104.2% 
  28              2.40326e-15     2.55642e-15      #dY:106.4% 
  28.2            2.0579e-15      2.23521e-15      #dY:108.6% 
  28.4            1.76195e-15     1.9541e-15       #dY:110.9% 
  28.6            1.50837e-15     1.7081e-15       #dY:113.2% 
  28.8            1.29112e-15     1.49285e-15      #dY:115.6% 
  29              1.10502e-15     1.30454e-15      #dY:118.1% 
  29.2            9.45621e-16     1.13981e-15      #dY:120.5% 
  29.4            8.0911e-16      9.95753e-16      #dY:123.1% 
  29.6            6.9221e-16      8.6977e-16       #dY:125.7% 
  29.8            5.92116e-16     7.59612e-16      #dY:128.3% 
  30              0.00            0.00                        
//
#-------------------------------------------------------------------------------
#
#name:   INDEN-Aug2023: PU-239(N,F) E_in=1.5 MeV
#X.axis: Energy
#Y.axis: 
#wdata:  3
#ldata:  642
#data...
# X               Y               +-dY           
# MeV             1/eV            1/eV           
  0.00            0.00            0.00                        
  1.00e-5         1.907856e-9     2.07916e-11      #dY:1.1%   
  1.10e-5         2.000974e-9     2.18064e-11      #dY:1.1%   
  1.20e-5         2.089949e-9     1.16593e-10      #dY:5.6%   
  1.30e-5         2.175287e-9     1.21108e-10      #dY:5.6%   
  1.40e-5         2.257403e-9     1.25464e-10      #dY:5.6%   
  1.50e-5         2.336633e-9     1.29679e-10      #dY:5.5%   
  1.60e-5         2.413263e-9     1.33762e-10      #dY:5.5%   
  1.70e-5         2.487535e-9     1.37728e-10      #dY:5.5%   
  1.80e-5         2.559649e-9     1.41585e-10      #dY:5.5%   
  1.90e-5         2.629792e-9     1.45339e-10      #dY:5.5%   
  2.00e-5         2.698108e-9     1.49e-10         #dY:5.5%   
  2.10e-5         2.764738e-9     1.52574e-10      #dY:5.5%   
  2.20e-5         2.8298e-9       1.56069e-10      #dY:5.5%   
  2.30e-5         2.893396e-9     1.59486e-10      #dY:5.5%   
  2.40e-5         2.955629e-9     1.62833e-10      #dY:5.5%   
  2.50e-5         3.016574e-9     1.66113e-10      #dY:5.5%   
  2.60e-5         3.076315e-9     1.69328e-10      #dY:5.5%   
  2.70e-5         3.134915e-9     1.72485e-10      #dY:5.5%   
  2.80e-5         3.19244e-9      1.75585e-10      #dY:5.5%   
  2.90e-5         3.248946e-9     1.78632e-10      #dY:5.5%   
  3.00e-5         3.304487e-9     1.81625e-10      #dY:5.5%   
  3.10e-5         3.359111e-9     1.84574e-10      #dY:5.5%   
  3.20e-5         3.412861e-9     1.87475e-10      #dY:5.5%   
  3.30e-5         3.465775e-9     1.90332e-10      #dY:5.5%   
  3.40e-5         3.517893e-9     1.93147e-10      #dY:5.5%   
  3.50e-5         3.569251e-9     1.95921e-10      #dY:5.5%   
  3.60e-5         3.61988e-9      1.98656e-10      #dY:5.5%   
  3.70e-5         3.669812e-9     2.01355e-10      #dY:5.5%   
  3.80e-5         3.719076e-9     2.04019e-10      #dY:5.5%   
  3.90e-5         3.76769e-9      2.06648e-10      #dY:5.5%   
  4.00e-5         3.815687e-9     2.09242e-10      #dY:5.5%   
  4.10e-5         3.863088e-9     2.11806e-10      #dY:5.5%   
  4.20e-5         3.909916e-9     2.14341e-10      #dY:5.5%   
  4.30e-5         3.956186e-9     2.16844e-10      #dY:5.5%   
  4.40e-5         4.001926e-9     2.19319e-10      #dY:5.5%   
  4.50e-5         4.047143e-9     2.21767e-10      #dY:5.5%   
  4.60e-5         4.091864e-9     2.24187e-10      #dY:5.5%   
  4.70e-5         4.136101e-9     2.26582e-10      #dY:5.5%   
  4.80e-5         4.179871e-9     2.28953e-10      #dY:5.5%   
  4.90e-5         4.223184e-9     2.31298e-10      #dY:5.5%   
  5.00e-5         4.266061e-9     2.3362e-10       #dY:5.5%   
  5.10e-5         4.308509e-9     2.3592e-10       #dY:5.5%   
  5.20e-5         4.350543e-9     2.38197e-10      #dY:5.5%   
  5.30e-5         4.392175e-9     2.40453e-10      #dY:5.5%   
  5.40e-5         4.433417e-9     2.42687e-10      #dY:5.5%   
  5.50e-5         4.474279e-9     2.44902e-10      #dY:5.5%   
  5.60e-5         4.514768e-9     2.47096e-10      #dY:5.5%   
  5.70e-5         4.554899e-9     2.4927e-10       #dY:5.5%   
  5.80e-5         4.594679e-9     2.51426e-10      #dY:5.5%   
  5.90e-5         4.63412e-9      2.53564e-10      #dY:5.5%   
  6.00e-5         4.673226e-9     2.55685e-10      #dY:5.5%   
  6.10e-5         4.712008e-9     2.57786e-10      #dY:5.5%   
  6.20e-5         4.750472e-9     2.59872e-10      #dY:5.5%   
  6.30e-5         4.788628e-9     2.61941e-10      #dY:5.5%   
  6.40e-5         4.826481e-9     2.63993e-10      #dY:5.5%   
  6.50e-5         4.864041e-9     2.66029e-10      #dY:5.5%   
  6.60e-5         4.901313e-9     2.6805e-10       #dY:5.5%   
  6.70e-5         4.938304e-9     2.70056e-10      #dY:5.5%   
  6.80e-5         4.975021e-9     2.72047e-10      #dY:5.5%   
  6.90e-5         5.011468e-9     2.74025e-10      #dY:5.5%   
  7.00e-5         5.047652e-9     2.75988e-10      #dY:5.5%   
  7.10e-5         5.083577e-9     2.77936e-10      #dY:5.5%   
  7.20e-5         5.11925e-9      2.79871e-10      #dY:5.5%   
  7.30e-5         5.154675e-9     2.81793e-10      #dY:5.5%   
  7.40e-5         5.189862e-9     2.83701e-10      #dY:5.5%   
  7.50e-5         5.22481e-9      2.85598e-10      #dY:5.5%   
  7.60e-5         5.259525e-9     2.87481e-10      #dY:5.5%   
  7.70e-5         5.294012e-9     2.89352e-10      #dY:5.5%   
  7.80e-5         5.328277e-9     2.91211e-10      #dY:5.5%   
  7.90e-5         5.362325e-9     2.93058e-10      #dY:5.5%   
  8.00e-5         5.396155e-9     2.94895e-10      #dY:5.5%   
  8.10e-5         5.429773e-9     2.96718e-10      #dY:5.5%   
  8.20e-5         5.463187e-9     2.98532e-10      #dY:5.5%   
  8.30e-5         5.496396e-9     3.00334e-10      #dY:5.5%   
  8.40e-5         5.529406e-9     3.02124e-10      #dY:5.5%   
  8.50e-5         5.562224e-9     3.03907e-10      #dY:5.5%   
  8.60e-5         5.594846e-9     3.05677e-10      #dY:5.5%   
  8.70e-5         5.627277e-9     3.07437e-10      #dY:5.5%   
  8.80e-5         5.659524e-9     3.09187e-10      #dY:5.5%   
  8.90e-5         5.691589e-9     3.10927e-10      #dY:5.5%   
  9.00e-5         5.723474e-9     3.12658e-10      #dY:5.5%   
  9.10e-5         5.755183e-9     3.14379e-10      #dY:5.5%   
  9.20e-5         5.786719e-9     3.16091e-10      #dY:5.5%   
  9.30e-5         5.818079e-9     3.17794e-10      #dY:5.5%   
  9.40e-5         5.849274e-9     3.19486e-10      #dY:5.5%   
  9.50e-5         5.880305e-9     3.2117e-10       #dY:5.5%   
  9.60e-5         5.911172e-9     3.22847e-10      #dY:5.5%   
  9.70e-5         5.941879e-9     3.24512e-10      #dY:5.5%   
  9.80e-5         5.972425e-9     3.26172e-10      #dY:5.5%   
  9.90e-5         6.002823e-9     3.27822e-10      #dY:5.5%   
  1.00e-4         6.033061e-9     3.29463e-10      #dY:5.5%   
  1.10e-4         6.327512e-9     3.45532e-10      #dY:5.5%   
  1.20e-4         6.60886e-9      3.68554e-10      #dY:5.6%   
  1.30e-4         6.878706e-9     3.82811e-10      #dY:5.6%   
  1.40e-4         7.138356e-9     3.9657e-10       #dY:5.6%   
  1.50e-4         7.388888e-9     4.09874e-10      #dY:5.5%   
  1.60e-4         7.631195e-9     4.22769e-10      #dY:5.5%   
  1.70e-4         7.866041e-9     4.35285e-10      #dY:5.5%   
  1.80e-4         8.094074e-9     4.47456e-10      #dY:5.5%   
  1.90e-4         8.315855e-9     4.59307e-10      #dY:5.5%   
  2.00e-4         8.531872e-9     4.70862e-10      #dY:5.5%   
  2.10e-4         8.742551e-9     4.8214e-10       #dY:5.5%   
  2.20e-4         8.94827e-9      4.93162e-10      #dY:5.5%   
  2.30e-4         9.149361e-9     5.03937e-10      #dY:5.5%   
  2.40e-4         9.346122e-9     5.14498e-10      #dY:5.5%   
  2.50e-4         9.538833e-9     5.24837e-10      #dY:5.5%   
  2.60e-4         9.727718e-9     5.34981e-10      #dY:5.5%   
  2.70e-4         9.913015e-9     5.44934e-10      #dY:5.5%   
  2.80e-4         1.009491e-8     5.54707e-10      #dY:5.5%   
  2.90e-4         1.02736e-8      5.64314e-10      #dY:5.5%   
  3.00e-4         1.044919e-8     5.73757e-10      #dY:5.5%   
  3.10e-4         1.062188e-8     5.83047e-10      #dY:5.5%   
  3.20e-4         1.079184e-8     5.92187e-10      #dY:5.5%   
  3.30e-4         1.095914e-8     6.01191e-10      #dY:5.5%   
  3.40e-4         1.112394e-8     6.1006e-10       #dY:5.5%   
  3.50e-4         1.128633e-8     6.18798e-10      #dY:5.5%   
  3.60e-4         1.144641e-8     6.27418e-10      #dY:5.5%   
  3.70e-4         1.160427e-8     6.35913e-10      #dY:5.5%   
  3.80e-4         1.176e-8        6.44302e-10      #dY:5.5%   
  3.90e-4         1.191372e-8     6.52581e-10      #dY:5.5%   
  4.00e-4         1.20655e-8      6.60748e-10      #dY:5.5%   
  4.10e-4         1.221539e-8     6.68821e-10      #dY:5.5%   
  4.20e-4         1.23634e-8      6.76807e-10      #dY:5.5%   
  4.30e-4         1.250971e-8     6.84674e-10      #dY:5.5%   
  4.40e-4         1.265432e-8     6.92469e-10      #dY:5.5%   
  4.50e-4         1.279726e-8     7.00173e-10      #dY:5.5%   
  4.60e-4         1.293868e-8     7.07788e-10      #dY:5.5%   
  4.70e-4         1.307853e-8     7.15312e-10      #dY:5.5%   
  4.80e-4         1.321693e-8     7.22773e-10      #dY:5.5%   
  4.90e-4         1.335388e-8     7.30162e-10      #dY:5.5%   
  5.00e-4         1.348943e-8     7.3746e-10       #dY:5.5%   
  5.10e-4         1.362363e-8     7.44679e-10      #dY:5.5%   
  5.20e-4         1.375651e-8     7.51842e-10      #dY:5.5%   
  5.30e-4         1.388815e-8     7.58933e-10      #dY:5.5%   
  5.40e-4         1.401852e-8     7.65959e-10      #dY:5.5%   
  5.50e-4         1.414772e-8     7.72919e-10      #dY:5.5%   
  5.60e-4         1.427573e-8     7.79819e-10      #dY:5.5%   
  5.70e-4         1.440262e-8     7.86647e-10      #dY:5.5%   
  5.80e-4         1.452837e-8     7.93413e-10      #dY:5.5%   
  5.90e-4         1.465308e-8     8.00136e-10      #dY:5.5%   
  6.00e-4         1.47767e-8      8.06791e-10      #dY:5.5%   
  6.10e-4         1.489931e-8     8.13393e-10      #dY:5.5%   
  6.20e-4         1.502091e-8     8.19942e-10      #dY:5.5%   
  6.30e-4         1.514154e-8     8.26435e-10      #dY:5.5%   
  6.40e-4         1.526124e-8     8.32876e-10      #dY:5.5%   
  6.50e-4         1.537998e-8     8.39286e-10      #dY:5.5%   
  6.60e-4         1.549779e-8     8.45625e-10      #dY:5.5%   
  6.70e-4         1.561473e-8     8.51917e-10      #dY:5.5%   
  6.80e-4         1.573082e-8     8.58171e-10      #dY:5.5%   
  6.90e-4         1.584604e-8     8.64368e-10      #dY:5.5%   
  7.00e-4         1.596043e-8     8.70527e-10      #dY:5.5%   
  7.10e-4         1.607398e-8     8.7664e-10       #dY:5.5%   
  7.20e-4         1.618677e-8     8.82698e-10      #dY:5.5%   
  7.30e-4         1.629878e-8     8.88738e-10      #dY:5.5%   
  7.40e-4         1.641001e-8     8.94716e-10      #dY:5.5%   
  7.50e-4         1.652048e-8     9.00664e-10      #dY:5.5%   
  7.60e-4         1.663021e-8     9.06561e-10      #dY:5.5%   
  7.70e-4         1.673924e-8     9.12425e-10      #dY:5.5%   
  7.80e-4         1.684755e-8     9.18246e-10      #dY:5.5%   
  7.90e-4         1.695522e-8     9.24045e-10      #dY:5.4%   
  8.00e-4         1.706215e-8     9.29808e-10      #dY:5.4%   
  8.10e-4         1.716845e-8     9.35512e-10      #dY:5.4%   
  8.20e-4         1.727404e-8     9.41189e-10      #dY:5.4%   
  8.30e-4         1.737904e-8     9.46821e-10      #dY:5.4%   
  8.40e-4         1.748339e-8     9.52444e-10      #dY:5.4%   
  8.50e-4         1.758714e-8     9.58018e-10      #dY:5.4%   
  8.60e-4         1.769025e-8     9.63565e-10      #dY:5.4%   
  8.70e-4         1.779278e-8     9.69068e-10      #dY:5.4%   
  8.80e-4         1.789471e-8     9.74553e-10      #dY:5.4%   
  8.90e-4         1.799609e-8     9.79996e-10      #dY:5.4%   
  9.00e-4         1.809687e-8     9.85418e-10      #dY:5.4%   
  9.10e-4         1.81971e-8      9.90796e-10      #dY:5.4%   
  9.20e-4         1.829678e-8     9.96149e-10      #dY:5.4%   
  9.30e-4         1.839593e-8     1.00148e-9       #dY:5.4%   
  9.40e-4         1.849454e-8     1.00677e-9       #dY:5.4%   
  9.50e-4         1.859263e-8     1.01204e-9       #dY:5.4%   
  9.60e-4         1.86902e-8      1.01728e-9       #dY:5.4%   
  9.70e-4         1.878726e-8     1.02249e-9       #dY:5.4%   
  9.80e-4         1.88838e-8      1.02768e-9       #dY:5.4%   
  9.90e-4         1.89799e-8      1.03282e-9       #dY:5.4%   
  1.00e-3         1.907548e-8     1.03796e-9       #dY:5.4%   
  1.10e-3         2.000621e-8     1.08853e-9       #dY:5.4%   
  1.20e-3         2.089546e-8     1.16057e-9       #dY:5.6%   
  1.30e-3         2.17483e-8      1.20497e-9       #dY:5.5%   
  1.40e-3         2.25689e-8      1.24776e-9       #dY:5.5%   
  1.50e-3         2.336062e-8     1.28909e-9       #dY:5.5%   
  1.60e-3         2.412632e-8     1.32909e-9       #dY:5.5%   
  1.70e-3         2.486837e-8     1.36787e-9       #dY:5.5%   
  1.80e-3         2.558883e-8     1.40552e-9       #dY:5.5%   
  1.90e-3         2.628951e-8     1.44213e-9       #dY:5.5%   
  2.00e-3         2.697192e-8     1.4778e-9        #dY:5.5%   
  2.10e-3         2.763745e-8     1.51255e-9       #dY:5.5%   
  2.20e-3         2.82872e-8      1.54648e-9       #dY:5.5%   
  2.30e-3         2.892234e-8     1.57961e-9       #dY:5.5%   
  2.40e-3         2.954376e-8     1.61202e-9       #dY:5.5%   
  2.50e-3         3.015233e-8     1.64372e-9       #dY:5.5%   
  2.60e-3         3.074878e-8     1.67479e-9       #dY:5.4%   
  2.70e-3         3.133379e-8     1.70523e-9       #dY:5.4%   
  2.80e-3         3.190803e-8     1.73507e-9       #dY:5.4%   
  2.90e-3         3.247205e-8     1.76437e-9       #dY:5.4%   
  3.00e-3         3.30264e-8      1.79314e-9       #dY:5.4%   
  3.10e-3         3.357156e-8     1.82141e-9       #dY:5.4%   
  3.20e-3         3.410791e-8     1.84921e-9       #dY:5.4%   
  3.30e-3         3.463591e-8     1.87653e-9       #dY:5.4%   
  3.40e-3         3.51559e-8      1.90342e-9       #dY:5.4%   
  3.50e-3         3.566827e-8     1.92988e-9       #dY:5.4%   
  3.60e-3         3.617335e-8     1.95595e-9       #dY:5.4%   
  3.70e-3         3.667139e-8     1.98164e-9       #dY:5.4%   
  3.80e-3         3.716268e-8     2.00695e-9       #dY:5.4%   
  3.90e-3         3.764753e-8     2.0319e-9        #dY:5.4%   
  4.00e-3         3.812614e-8     2.05652e-9       #dY:5.4%   
  4.10e-3         3.859876e-8     2.08079e-9       #dY:5.4%   
  4.20e-3         3.906563e-8     2.10475e-9       #dY:5.4%   
  4.30e-3         3.952688e-8     2.1284e-9        #dY:5.4%   
  4.40e-3         3.998277e-8     2.15173e-9       #dY:5.4%   
  4.50e-3         4.043349e-8     2.17481e-9       #dY:5.4%   
  4.60e-3         4.087914e-8     2.19759e-9       #dY:5.4%   
  4.70e-3         4.131995e-8     2.22009e-9       #dY:5.4%   
  4.80e-3         4.175606e-8     2.24235e-9       #dY:5.4%   
  4.90e-3         4.218759e-8     2.26435e-9       #dY:5.4%   
  5.00e-3         4.261468e-8     2.2861e-9        #dY:5.4%   
  5.10e-3         4.303751e-8     2.3076e-9        #dY:5.4%   
  5.20e-3         4.345614e-8     2.32888e-9       #dY:5.4%   
  5.30e-3         4.387072e-8     2.34994e-9       #dY:5.4%   
  5.40e-3         4.428139e-8     2.37077e-9       #dY:5.4%   
  5.50e-3         4.46882e-8      2.39138e-9       #dY:5.4%   
  5.60e-3         4.509132e-8     2.41179e-9       #dY:5.3%   
  5.70e-3         4.549076e-8     2.432e-9         #dY:5.3%   
  5.80e-3         4.58867e-8      2.452e-9         #dY:5.3%   
  5.90e-3         4.62792e-8      2.47182e-9       #dY:5.3%   
  6.00e-3         4.666835e-8     2.49145e-9       #dY:5.3%   
  6.10e-3         4.705421e-8     2.51089e-9       #dY:5.3%   
  6.20e-3         4.743689e-8     2.53016e-9       #dY:5.3%   
  6.30e-3         4.781646e-8     2.54925e-9       #dY:5.3%   
  6.40e-3         4.819299e-8     2.56817e-9       #dY:5.3%   
  6.50e-3         4.856655e-8     2.58693e-9       #dY:5.3%   
  6.60e-3         4.893717e-8     2.60552e-9       #dY:5.3%   
  6.70e-3         4.930502e-8     2.62394e-9       #dY:5.3%   
  6.80e-3         4.967004e-8     2.64222e-9       #dY:5.3%   
  6.90e-3         5.003237e-8     2.66033e-9       #dY:5.3%   
  7.00e-3         5.039203e-8     2.6783e-9        #dY:5.3%   
  7.10e-3         5.074912e-8     2.69612e-9       #dY:5.3%   
  7.20e-3         5.110363e-8     2.71379e-9       #dY:5.3%   
  7.30e-3         5.145566e-8     2.73132e-9       #dY:5.3%   
  7.40e-3         5.180524e-8     2.74871e-9       #dY:5.3%   
  7.50e-3         5.215247e-8     2.76598e-9       #dY:5.3%   
  7.60e-3         5.249734e-8     2.7831e-9        #dY:5.3%   
  7.70e-3         5.283992e-8     2.8001e-9        #dY:5.3%   
  7.80e-3         5.318023e-8     2.81697e-9       #dY:5.3%   
  7.90e-3         5.351833e-8     2.8337e-9        #dY:5.3%   
  8.00e-3         5.385429e-8     2.85032e-9       #dY:5.3%   
  8.10e-3         5.418812e-8     2.86682e-9       #dY:5.3%   
  8.20e-3         5.451982e-8     2.88319e-9       #dY:5.3%   
  8.30e-3         5.484951e-8     2.89944e-9       #dY:5.3%   
  8.40e-3         5.517721e-8     2.91559e-9       #dY:5.3%   
  8.50e-3         5.550288e-8     2.93162e-9       #dY:5.3%   
  8.60e-3         5.582664e-8     2.94754e-9       #dY:5.3%   
  8.70e-3         5.614849e-8     2.96335e-9       #dY:5.3%   
  8.80e-3         5.646846e-8     2.97904e-9       #dY:5.3%   
  8.90e-3         5.67866e-8      2.99463e-9       #dY:5.3%   
  9.00e-3         5.710288e-8     3.01012e-9       #dY:5.3%   
  9.10e-3         5.741744e-8     3.02549e-9       #dY:5.3%   
  9.20e-3         5.773024e-8     3.04078e-9       #dY:5.3%   
  9.30e-3         5.804129e-8     3.05597e-9       #dY:5.3%   
  9.40e-3         5.835067e-8     3.07104e-9       #dY:5.3%   
  9.50e-3         5.865839e-8     3.08603e-9       #dY:5.3%   
  9.60e-3         5.896442e-8     3.10092e-9       #dY:5.3%   
  9.70e-3         5.926886e-8     3.11572e-9       #dY:5.3%   
  9.80e-3         5.957171e-8     3.13042e-9       #dY:5.3%   
  9.90e-3         5.987298e-8     3.14502e-9       #dY:5.3%   
  0.01            6.017274e-8     3.15954e-9       #dY:5.3%   
  0.011           6.309003e-8     3.31144e-9       #dY:5.2%   
  0.012           6.587509e-8     3.51797e-9       #dY:5.3%   
  0.013           6.854408e-8     3.63999e-9       #dY:5.3%   
  0.014           7.111001e-8     3.75636e-9       #dY:5.3%   
  0.015           7.358362e-8     3.86758e-9       #dY:5.3%   
  0.016           7.597392e-8     3.97411e-9       #dY:5.2%   
  0.017           7.828838e-8     4.0763e-9        #dY:5.2%   
  0.018           8.053358e-8     4.17449e-9       #dY:5.2%   
  0.019           8.271511e-8     4.26904e-9       #dY:5.2%   
  0.02            8.483774e-8     4.36015e-9       #dY:5.1%   
  0.021           8.690573e-8     4.44808e-9       #dY:5.1%   
  0.022           8.892288e-8     4.53301e-9       #dY:5.1%   
  0.023           9.089246e-8     4.61516e-9       #dY:5.1%   
  0.024           9.281742e-8     4.69471e-9       #dY:5.1%   
  0.025           9.47006e-8      4.77179e-9       #dY:5.0%   
  0.026           9.654412e-8     4.84651e-9       #dY:5.0%   
  0.027           9.835068e-8     4.91905e-9       #dY:5.0%   
  0.028           1.001216e-7     4.98948e-9       #dY:5.0%   
  0.029           1.018595e-7     5.05791e-9       #dY:5.0%   
  0.03            1.035656e-7     5.1245e-9        #dY:4.9%   
  0.031           1.052417e-7     5.18926e-9       #dY:4.9%   
  0.032           1.068893e-7     5.25235e-9       #dY:4.9%   
  0.033           1.085099e-7     5.31376e-9       #dY:4.9%   
  0.034           1.101043e-7     5.37361e-9       #dY:4.9%   
  0.035           1.116737e-7     5.43187e-9       #dY:4.9%   
  0.036           1.132196e-7     5.48874e-9       #dY:4.8%   
  0.037           1.147429e-7     5.5443e-9        #dY:4.8%   
  0.038           1.16244e-7      5.59853e-9       #dY:4.8%   
  0.039           1.177237e-7     5.65142e-9       #dY:4.8%   
  0.04            1.191836e-7     5.70305e-9       #dY:4.8%   
  0.041           1.206236e-7     5.75351e-9       #dY:4.8%   
  0.042           1.220446e-7     5.80285e-9       #dY:4.8%   
  0.043           1.234471e-7     5.85115e-9       #dY:4.7%   
  0.044           1.248318e-7     5.8983e-9        #dY:4.7%   
  0.045           1.261996e-7     5.94438e-9       #dY:4.7%   
  0.046           1.275506e-7     5.98961e-9       #dY:4.7%   
  0.047           1.288854e-7     6.03384e-9       #dY:4.7%   
  0.048           1.302045e-7     6.07708e-9       #dY:4.7%   
  0.049           1.315081e-7     6.11949e-9       #dY:4.7%   
  0.05            1.32797e-7      6.16108e-9       #dY:4.6%   
  0.051           1.340714e-7     6.20168e-9       #dY:4.6%   
  0.052           1.353315e-7     6.24163e-9       #dY:4.6%   
  0.053           1.365784e-7     6.28061e-9       #dY:4.6%   
  0.054           1.378121e-7     6.31899e-9       #dY:4.6%   
  0.055           1.390322e-7     6.35669e-9       #dY:4.6%   
  0.056           1.4024e-7       6.39348e-9       #dY:4.6%   
  0.057           1.414357e-7     6.42976e-9       #dY:4.5%   
  0.058           1.426188e-7     6.46523e-9       #dY:4.5%   
  0.059           1.437908e-7     6.49995e-9       #dY:4.5%   
  0.06            1.449506e-7     6.53418e-9       #dY:4.5%   
  0.061           1.460997e-7     6.56766e-9       #dY:4.5%   
  0.062           1.472377e-7     6.60064e-9       #dY:4.5%   
  0.063           1.483649e-7     6.63292e-9       #dY:4.5%   
  0.064           1.494816e-7     6.66472e-9       #dY:4.5%   
  0.065           1.505882e-7     6.69585e-9       #dY:4.4%   
  0.066           1.51684e-7      6.72649e-9       #dY:4.4%   
  0.067           1.527707e-7     6.75647e-9       #dY:4.4%   
  0.068           1.538475e-7     6.78598e-9       #dY:4.4%   
  0.069           1.549148e-7     6.81497e-9       #dY:4.4%   
  0.07            1.559729e-7     6.84345e-9       #dY:4.4%   
  0.071           1.57022e-7      6.87146e-9       #dY:4.4%   
  0.072           1.580621e-7     6.89886e-9       #dY:4.4%   
  0.073           1.590934e-7     6.92587e-9       #dY:4.4%   
  0.074           1.601162e-7     6.95243e-9       #dY:4.3%   
  0.075           1.611309e-7     6.9784e-9        #dY:4.3%   
  0.076           1.621375e-7     7.00402e-9       #dY:4.3%   
  0.077           1.631357e-7     7.02923e-9       #dY:4.3%   
  0.078           1.641263e-7     7.05393e-9       #dY:4.3%   
  0.079           1.65109e-7      7.0783e-9        #dY:4.3%   
  0.08            1.660843e-7     7.10208e-9       #dY:4.3%   
  0.081           1.670523e-7     7.12563e-9       #dY:4.3%   
  0.082           1.680128e-7     7.1487e-9        #dY:4.3%   
  0.083           1.689659e-7     7.17134e-9       #dY:4.2%   
  0.084           1.699124e-7     7.19361e-9       #dY:4.2%   
  0.085           1.708518e-7     7.2156e-9        #dY:4.2%   
  0.086           1.717845e-7     7.23712e-9       #dY:4.2%   
  0.087           1.727103e-7     7.25831e-9       #dY:4.2%   
  0.088           1.736297e-7     7.27916e-9       #dY:4.2%   
  0.089           1.745425e-7     7.29956e-9       #dY:4.2%   
  0.09            1.754488e-7     7.31965e-9       #dY:4.2%   
  0.091           1.763489e-7     7.33931e-9       #dY:4.2%   
  0.092           1.772428e-7     7.35867e-9       #dY:4.2%   
  0.093           1.781302e-7     7.37771e-9       #dY:4.1%   
  0.094           1.79012e-7      7.39634e-9       #dY:4.1%   
  0.095           1.798877e-7     7.41471e-9       #dY:4.1%   
  0.096           1.807572e-7     7.43273e-9       #dY:4.1%   
  0.097           1.816211e-7     7.4503e-9        #dY:4.1%   
  0.098           1.82479e-7      7.46766e-9       #dY:4.1%   
  0.099           1.833315e-7     7.48478e-9       #dY:4.1%   
  0.1             1.841783e-7     7.5015e-9        #dY:4.1%   
  0.11            1.923502e-7     7.81579e-9       #dY:4.1%   
  0.12            2.000347e-7     8.09488e-9       #dY:4.0%   
  0.13            2.072892e-7     8.18235e-9       #dY:3.9%   
  0.14            2.1415e-7       8.24836e-9       #dY:3.9%   
  0.15            2.206509e-7     8.29322e-9       #dY:3.8%   
  0.16            2.268152e-7     8.32077e-9       #dY:3.7%   
  0.17            2.326674e-7     8.33154e-9       #dY:3.6%   
  0.18            2.382311e-7     8.32566e-9       #dY:3.5%   
  0.19            2.43529e-7      8.30663e-9       #dY:3.4%   
  0.2             2.485799e-7     8.27554e-9       #dY:3.3%   
  0.21            2.533982e-7     8.23284e-9       #dY:3.2%   
  0.22            2.579893e-7     8.17684e-9       #dY:3.2%   
  0.23            2.623625e-7     8.10547e-9       #dY:3.1%   
  0.24            2.665392e-7     8.02499e-9       #dY:3.0%   
  0.25            2.705352e-7     7.94304e-9       #dY:2.9%   
  0.26            2.743504e-7     7.85773e-9       #dY:2.9%   
  0.27            2.77981e-7      7.76119e-9       #dY:2.8%   
  0.28            2.814306e-7     7.65153e-9       #dY:2.7%   
  0.29            2.847138e-7     7.53772e-9       #dY:2.6%   
  0.3             2.878486e-7     7.42773e-9       #dY:2.6%   
  0.31            2.908469e-7     7.32477e-9       #dY:2.5%   
  0.32            2.937104e-7     7.2289e-9        #dY:2.5%   
  0.33            2.964295e-7     7.12997e-9       #dY:2.4%   
  0.34            2.990091e-7     7.02014e-9       #dY:2.3%   
  0.35            3.014679e-7     6.91089e-9       #dY:2.3%   
  0.36            3.03806e-7      6.81501e-9       #dY:2.2%   
  0.37            3.060141e-7     6.72421e-9       #dY:2.2%   
  0.38            3.080772e-7     6.62245e-9       #dY:2.1%   
  0.39            3.100036e-7     6.51048e-9       #dY:2.1%   
  0.4             3.11818e-7      6.40201e-9       #dY:2.1%   
  0.41            3.135447e-7     6.30953e-9       #dY:2.0%   
  0.42            3.151903e-7     6.23784e-9       #dY:2.0%   
  0.43            3.167506e-7     6.17786e-9       #dY:2.0%   
  0.44            3.182178e-7     6.11455e-9       #dY:1.9%   
  0.45            3.195841e-7     6.04208e-9       #dY:1.9%   
  0.46            3.208488e-7     5.96302e-9       #dY:1.9%   
  0.47            3.220204e-7     5.88038e-9       #dY:1.8%   
  0.48            3.231078e-7     5.7984e-9        #dY:1.8%   
  0.49            3.241186e-7     5.72085e-9       #dY:1.8%   
  0.5             3.250637e-7     5.64747e-9       #dY:1.7%   
  0.51            3.259442e-7     5.57694e-9       #dY:1.7%   
  0.52            3.267621e-7     5.50788e-9       #dY:1.7%   
  0.53            3.27523e-7      5.43688e-9       #dY:1.7%   
  0.54            3.282293e-7     5.3632e-9        #dY:1.6%   
  0.55            3.288808e-7     5.28689e-9       #dY:1.6%   
  0.56            3.294712e-7     5.20739e-9       #dY:1.6%   
  0.57            3.299989e-7     5.12168e-9       #dY:1.6%   
  0.58            3.304755e-7     5.02925e-9       #dY:1.5%   
  0.59            3.309015e-7     4.93628e-9       #dY:1.5%   
  0.6             3.312652e-7     4.84245e-9       #dY:1.5%   
  0.61            3.315824e-7     4.74213e-9       #dY:1.4%   
  0.62            3.318687e-7     4.64038e-9       #dY:1.4%   
  0.63            3.321271e-7     4.54174e-9       #dY:1.4%   
  0.64            3.323581e-7     4.44823e-9       #dY:1.3%   
  0.65            3.325467e-7     4.36444e-9       #dY:1.3%   
  0.66            3.326862e-7     4.28139e-9       #dY:1.3%   
  0.67            3.32771e-7      4.19588e-9       #dY:1.3%   
  0.68            3.327956e-7     4.10632e-9       #dY:1.2%   
  0.69            3.327607e-7     4.0121e-9        #dY:1.2%   
  0.7             3.326748e-7     3.91411e-9       #dY:1.2%   
  0.71            3.325432e-7     3.81294e-9       #dY:1.1%   
  0.72            3.323847e-7     3.71263e-9       #dY:1.1%   
  0.73            3.322208e-7     3.61721e-9       #dY:1.1%   
  0.74            3.320392e-7     3.53121e-9       #dY:1.1%   
  0.75            3.318539e-7     3.45385e-9       #dY:1.0%   
  0.76            3.316621e-7     3.3896e-9        #dY:1.0%   
  0.77            3.314414e-7     3.34531e-9       #dY:1.0%   
  0.78            3.311889e-7     3.31305e-9       #dY:1.0%   
  0.79            3.309038e-7     3.28626e-9       #dY:1.0%   
  0.8             3.305814e-7     3.26619e-9       #dY:1.0%   
  0.81            3.302237e-7     3.2532e-9        #dY:1.0%   
  0.82            3.298532e-7     3.24724e-9       #dY:1.0%   
  0.83            3.294643e-7     3.24699e-9       #dY:1.0%   
  0.84            3.290521e-7     3.24831e-9       #dY:1.0%   
  0.85            3.286168e-7     3.2527e-9        #dY:1.0%   
  0.86            3.281633e-7     3.26159e-9       #dY:1.0%   
  0.87            3.27699e-7      3.27661e-9       #dY:1.0%   
  0.88            3.272188e-7     3.29637e-9       #dY:1.0%   
  0.89            3.267186e-7     3.32395e-9       #dY:1.0%   
  0.9             3.261961e-7     3.35734e-9       #dY:1.0%   
  0.91            3.25659e-7      3.39277e-9       #dY:1.0%   
  0.92            3.251173e-7     3.42666e-9       #dY:1.1%   
  0.93            3.245824e-7     3.45569e-9       #dY:1.1%   
  0.94            3.240503e-7     3.47703e-9       #dY:1.1%   
  0.95            3.235121e-7     3.49581e-9       #dY:1.1%   
  0.96            3.229604e-7     3.51626e-9       #dY:1.1%   
  0.97            3.223916e-7     3.54007e-9       #dY:1.1%   
  0.98            3.218038e-7     3.5665e-9        #dY:1.1%   
  0.99            3.212003e-7     3.59321e-9       #dY:1.1%   
  1               3.205838e-7     3.61829e-9       #dY:1.1%   
  1.1             3.142627e-7     3.57525e-9       #dY:1.1%   
  1.2             3.074979e-7     3.59003e-9       #dY:1.2%   
  1.3             3.003077e-7     3.4213e-9        #dY:1.1%   
  1.4             2.927362e-7     3.09078e-9       #dY:1.1%   
  1.5             2.847462e-7     2.73717e-9       #dY:1.0%   
  1.6             2.762438e-7     2.48778e-9       #dY:0.9%   
  1.7             2.673487e-7     2.36857e-9       #dY:0.9%   
  1.8             2.581655e-7     2.33531e-9       #dY:0.9%   
  1.9             2.486899e-7     2.37111e-9       #dY:1.0%   
  2               2.389406e-7     2.39609e-9       #dY:1.0%   
  2.1             2.290619e-7     2.38847e-9       #dY:1.0%   
  2.2             2.191921e-7     2.33587e-9       #dY:1.1%   
  2.3             2.093365e-7     2.27699e-9       #dY:1.1%   
  2.4             1.995183e-7     2.19126e-9       #dY:1.1%   
  2.5             1.898775e-7     2.08553e-9       #dY:1.1%   
  2.6             1.804581e-7     1.9721e-9        #dY:1.1%   
  2.7             1.712698e-7     1.87423e-9       #dY:1.1%   
  2.8             1.623607e-7     1.77204e-9       #dY:1.1%   
  2.9             1.53744e-7      1.68364e-9       #dY:1.1%   
  3               1.454838e-7     1.59901e-9       #dY:1.1%   
  3.1             1.375197e-7     1.52735e-9       #dY:1.1%   
  3.2             1.299134e-7     1.46443e-9       #dY:1.1%   
  3.3             1.226491e-7     1.40148e-9       #dY:1.1%   
  3.4             1.157177e-7     1.34605e-9       #dY:1.2%   
  3.5             1.09121e-7      1.29265e-9       #dY:1.2%   
  3.6             1.028743e-7     1.24e-9          #dY:1.2%   
  3.7             9.694268e-8     1.18641e-9       #dY:1.2%   
  3.8             9.133057e-8     1.13576e-9       #dY:1.2%   
  3.9             8.601483e-8     1.08495e-9       #dY:1.3%   
  4               8.099479e-8     1.03671e-9       #dY:1.3%   
  4.1             7.625828e-8     9.89856e-10      #dY:1.3%   
  4.2             7.178708e-8     9.44463e-10      #dY:1.3%   
  4.3             6.756592e-8     9.03044e-10      #dY:1.3%   
  4.4             6.358771e-8     8.64228e-10      #dY:1.4%   
  4.5             5.98375e-8      8.27866e-10      #dY:1.4%   
  4.6             5.62998e-8      7.95311e-10      #dY:1.4%   
  4.7             5.295975e-8     7.65177e-10      #dY:1.4%   
  4.8             4.980975e-8     7.37532e-10      #dY:1.5%   
  4.9             4.683518e-8     7.11973e-10      #dY:1.5%   
  5               4.402771e-8     6.87009e-10      #dY:1.6%   
  5.1             4.13785e-8      6.64271e-10      #dY:1.6%   
  5.2             3.887868e-8     6.42355e-10      #dY:1.7%   
  5.3             3.651998e-8     6.20061e-10      #dY:1.7%   
  5.4             3.429499e-8     5.99206e-10      #dY:1.7%   
  5.5             3.219588e-8     5.7874e-10       #dY:1.8%   
  5.6             3.021626e-8     5.57736e-10      #dY:1.8%   
  5.7             2.835047e-8     5.37665e-10      #dY:1.9%   
  5.8             2.658999e-8     5.18316e-10      #dY:1.9%   
  5.9             2.493105e-8     4.98708e-10      #dY:2.0%   
  6               2.336865e-8     4.79942e-10      #dY:2.1%   
  6.1             2.189602e-8     4.62222e-10      #dY:2.1%   
  6.2             2.050915e-8     4.45036e-10      #dY:2.2%   
  6.3             1.920403e-8     4.28538e-10      #dY:2.2%   
  6.4             1.797595e-8     4.13051e-10      #dY:2.3%   
  6.5             1.682033e-8     3.97673e-10      #dY:2.4%   
  6.6             1.573485e-8     3.82582e-10      #dY:2.4%   
  6.7             1.471509e-8     3.68633e-10      #dY:2.5%   
  6.8             1.375694e-8     3.55081e-10      #dY:2.6%   
  6.9             1.285796e-8     3.41825e-10      #dY:2.7%   
  7               1.20149e-8      3.29445e-10      #dY:2.7%   
  7.1             1.122474e-8     3.17701e-10      #dY:2.8%   
  7.2             1.048439e-8     3.06253e-10      #dY:2.9%   
  7.3             9.790619e-9     2.95382e-10      #dY:3.0%   
  7.4             9.14098e-9      2.85402e-10      #dY:3.1%   
  7.5             8.533206e-9     2.76041e-10      #dY:3.2%   
  7.6             7.964668e-9     2.67178e-10      #dY:3.4%   
  7.7             7.433012e-9     2.5888e-10       #dY:3.5%   
  7.8             6.93632e-9      2.51161e-10      #dY:3.6%   
  7.9             6.472316e-9     2.43827e-10      #dY:3.8%   
  8               6.038549e-9     2.36791e-10      #dY:3.9%   
  8.1             5.633464e-9     2.30186e-10      #dY:4.1%   
  8.2             5.255332e-9     2.23895e-10      #dY:4.3%   
  8.3             4.902633e-9     2.1783e-10       #dY:4.4%   
  8.4             4.573312e-9     2.11874e-10      #dY:4.6%   
  8.5             4.26585e-9      2.06104e-10      #dY:4.8%   
  8.6             3.979112e-9     2.00502e-10      #dY:5.0%   
  8.7             3.711584e-9     1.94944e-10      #dY:5.3%   
  8.8             3.461955e-9     1.89488e-10      #dY:5.5%   
  8.9             3.229211e-9     1.8413e-10       #dY:5.7%   
  9               3.01231e-9      1.78812e-10      #dY:5.9%   
  9.1             2.809932e-9     1.73446e-10      #dY:6.2%   
  9.2             2.621093e-9     1.68098e-10      #dY:6.4%   
  9.3             2.445068e-9     1.62843e-10      #dY:6.7%   
  9.4             2.280832e-9     1.57604e-10      #dY:6.9%   
  9.5             2.127636e-9     1.52413e-10      #dY:7.2%   
  9.6             1.984775e-9     1.47276e-10      #dY:7.4%   
  9.7             1.851532e-9     1.42164e-10      #dY:7.7%   
  9.8             1.727248e-9     1.37065e-10      #dY:7.9%   
  9.9             1.611323e-9     1.32037e-10      #dY:8.2%   
  10              1.503195e-9     1.2709e-10       #dY:8.5%   
  10.2            1.308108e-9     1.14001e-10      #dY:8.7%   
  10.4            1.138179e-9     1.01362e-10      #dY:8.9%   
  10.6            9.90217e-10     9.31565e-11      #dY:9.4%   
  10.8            8.61344e-10     8.53304e-11      #dY:9.9%   
  11              7.49061e-10     7.78926e-11      #dY:10.4%  
  11.2            6.51283e-10     7.09399e-11      #dY:10.9%  
  11.4            5.66166e-10     6.44099e-11      #dY:11.4%  
  11.6            4.92003e-10     5.83438e-11      #dY:11.9%  
  11.8            4.27415e-10     5.2721e-11       #dY:12.3%  
  12              3.71177e-10     4.75685e-11      #dY:12.8%  
  12.2            3.22225e-10     4.28376e-11      #dY:13.3%  
  12.4            2.79633e-10     3.85174e-11      #dY:13.8%  
  12.6            2.42585e-10     3.46023e-11      #dY:14.3%  
  12.8            2.10372e-10     3.1048e-11       #dY:14.8%  
  13              1.82367e-10     2.78327e-11      #dY:15.3%  
  13.2            1.58033e-10     2.49262e-11      #dY:15.8%  
  13.4            1.36891e-10     2.23002e-11      #dY:16.3%  
  13.6            1.18537e-10     1.99299e-11      #dY:16.8%  
  13.8            1.02611e-10     1.7799e-11       #dY:17.3%  
  14              8.87973e-11     1.58871e-11      #dY:17.9%  
  14.2            7.68215e-11     1.41735e-11      #dY:18.4%  
  14.4            6.64415e-11     1.26409e-11      #dY:19.0%  
  14.6            5.74466e-11     1.12682e-11      #dY:19.6%  
  14.8            4.96552e-11     1.00402e-11      #dY:20.2%  
  15              4.29095e-11     8.94323e-12      #dY:20.8%  
  15.2            3.70714e-11     7.96295e-12      #dY:21.5%  
  15.4            3.20217e-11     7.0883e-12       #dY:22.1%  
  15.6            2.76543e-11     6.30825e-12      #dY:22.8%  
  15.8            2.38777e-11     5.61245e-12      #dY:23.5%  
  16              2.06134e-11     4.99211e-12      #dY:24.2%  
  16.2            1.77923e-11     4.43976e-12      #dY:25.0%  
  16.4            1.53546e-11     3.94753e-12      #dY:25.7%  
  16.6            1.3249e-11      3.50893e-12      #dY:26.5%  
  16.8            1.14304e-11     3.1182e-12       #dY:27.3%  
  17              9.86005e-12     2.77013e-12      #dY:28.1%  
  17.2            8.50442e-12     2.46027e-12      #dY:28.9%  
  17.4            7.33443e-12     2.18461e-12      #dY:29.8%  
  17.6            6.32459e-12     1.9394e-12       #dY:30.7%  
  17.8            5.45309e-12     1.7212e-12       #dY:31.6%  
  18              4.70099e-12     1.52701e-12      #dY:32.5%  
  18.2            4.05206e-12     1.3542e-12       #dY:33.4%  
  18.4            3.49228e-12     1.20054e-12      #dY:34.4%  
  18.6            3.00952e-12     1.06397e-12      #dY:35.4%  
  18.8            2.59318e-12     9.42641e-13      #dY:36.4%  
  19              2.23416e-12     8.34864e-13      #dY:37.4%  
  19.2            1.92455e-12     7.39126e-13      #dY:38.4%  
  19.4            1.65758e-12     6.54097e-13      #dY:39.5%  
  19.6            1.42745e-12     5.78634e-13      #dY:40.5%  
  19.8            1.2291e-12      5.11699e-13      #dY:41.6%  
  20              1.05815e-12     4.52328e-13      #dY:42.7%  
  20.2            9.1086e-13      3.9971e-13       #dY:43.9%  
  20.4            7.83945e-13     3.53085e-13      #dY:45.0%  
  20.6            6.74599e-13     3.11777e-13      #dY:46.2%  
  20.8            5.80414e-13     2.75206e-13      #dY:47.4%  
  21              4.993e-13       2.42846e-13      #dY:48.6%  
  21.2            4.29453e-13     2.14216e-13      #dY:49.9%  
  21.4            3.69318e-13     1.88898e-13      #dY:51.1%  
  21.6            3.1755e-13      1.66516e-13      #dY:52.4%  
  21.8            2.72992e-13     1.46739e-13      #dY:53.8%  
  22              2.34647e-13     1.29272e-13      #dY:55.1%  
  22.2            2.01652e-13     1.13848e-13      #dY:56.5%  
  22.4            1.73267e-13     1.00233e-13      #dY:57.8%  
  22.6            1.48854e-13     8.82219e-14      #dY:59.3%  
  22.8            1.27857e-13     7.76276e-14      #dY:60.7%  
  23              1.09803e-13     6.82847e-14      #dY:62.2%  
  23.2            9.42823e-14     6.00509e-14      #dY:63.7%  
  23.4            8.0941e-14      5.27958e-14      #dY:65.2%  
  23.6            6.94744e-14     4.6404e-14       #dY:66.8%  
  23.8            5.96217e-14     4.07744e-14      #dY:68.4%  
  24              5.11565e-14     3.58184e-14      #dY:70.0%  
  24.2            4.38848e-14     3.14556e-14      #dY:71.7%  
  24.4            3.76389e-14     2.76168e-14      #dY:73.4%  
  24.6            3.22754e-14     2.42395e-14      #dY:75.1%  
  24.8            2.76708e-14     2.12696e-14      #dY:76.9%  
  25              2.37182e-14     1.86588e-14      #dY:78.7%  
  25.2            2.0326e-14      1.6364e-14       #dY:80.5%  
  25.4            1.74157e-14     1.43479e-14      #dY:82.4%  
  25.6            1.49194e-14     1.25777e-14      #dY:84.3%  
  25.8            1.27783e-14     1.10236e-14      #dY:86.3%  
  26              1.09423e-14     9.6594e-15       #dY:88.3%  
  26.2            9.36836e-15     8.4624e-15       #dY:90.3%  
  26.4            8.0191e-15      7.4122e-15       #dY:92.4%  
  26.6            6.86273e-15     6.49088e-15      #dY:94.6%  
  26.8            5.87182e-15     5.68283e-15      #dY:96.8%  
  27              5.02284e-15     4.97429e-15      #dY:99.0%  
  27.2            4.29565e-15     4.35309e-15      #dY:101.3% 
  27.4            3.67285e-15     3.8086e-15       #dY:103.7% 
  27.6            3.13955e-15     3.3314e-15       #dY:106.1% 
  27.8            2.6831e-15      2.91342e-15      #dY:108.6% 
  28              2.29255e-15     2.54748e-15      #dY:111.1% 
  28.2            1.95842e-15     2.22712e-15      #dY:113.7% 
  28.4            1.67265e-15     1.94678e-15      #dY:116.4% 
  28.6            1.42829e-15     1.70151e-15      #dY:119.1% 
  28.8            1.21935e-15     1.48687e-15      #dY:121.9% 
  29              1.04075e-15     1.29913e-15      #dY:124.8% 
  29.2            8.88113e-16     1.13493e-15      #dY:127.8% 
  29.4            7.57684e-16     9.91335e-16      #dY:130.8% 
  29.6            6.46255e-16     8.65774e-16      #dY:134.0% 
  29.8            5.51069e-16     7.5599e-16       #dY:137.2% 
  30              0.00            0.00                        
//
#-------------------------------------------------------------------------------
#
#name:   INDEN-Aug2023: PU-239(N,F) E_in=2. MeV
#X.axis: Energy
#Y.axis: 
#wdata:  3
#ldata:  642
#data...
# X               Y               +-dY           
# MeV             1/eV            1/eV           
  0.00            0.00            0.00                        
  1.00e-5         1.873038e-9     2.07916e-11      #dY:1.1%   
  1.10e-5         1.96446e-9      2.18065e-11      #dY:1.1%   
  1.20e-5         2.051811e-9     1.16593e-10      #dY:5.7%   
  1.30e-5         2.135591e-9     1.21108e-10      #dY:5.7%   
  1.40e-5         2.216209e-9     1.25464e-10      #dY:5.7%   
  1.50e-5         2.293994e-9     1.29679e-10      #dY:5.7%   
  1.60e-5         2.369224e-9     1.33762e-10      #dY:5.6%   
  1.70e-5         2.442142e-9     1.37728e-10      #dY:5.6%   
  1.80e-5         2.512942e-9     1.41585e-10      #dY:5.6%   
  1.90e-5         2.581803e-9     1.45339e-10      #dY:5.6%   
  2.00e-5         2.648873e-9     1.49e-10         #dY:5.6%   
  2.10e-5         2.714287e-9     1.52574e-10      #dY:5.6%   
  2.20e-5         2.778163e-9     1.56069e-10      #dY:5.6%   
  2.30e-5         2.840599e-9     1.59487e-10      #dY:5.6%   
  2.40e-5         2.901696e-9     1.62833e-10      #dY:5.6%   
  2.50e-5         2.961529e-9     1.66113e-10      #dY:5.6%   
  2.60e-5         3.020178e-9     1.69328e-10      #dY:5.6%   
  2.70e-5         3.07771e-9      1.72485e-10      #dY:5.6%   
  2.80e-5         3.134186e-9     1.75585e-10      #dY:5.6%   
  2.90e-5         3.189662e-9     1.78633e-10      #dY:5.6%   
  3.00e-5         3.24419e-9      1.81625e-10      #dY:5.6%   
  3.10e-5         3.297817e-9     1.84574e-10      #dY:5.6%   
  3.20e-5         3.350586e-9     1.87475e-10      #dY:5.6%   
  3.30e-5         3.402534e-9     1.90332e-10      #dY:5.6%   
  3.40e-5         3.453704e-9     1.93147e-10      #dY:5.6%   
  3.50e-5         3.504125e-9     1.95921e-10      #dY:5.6%   
  3.60e-5         3.553831e-9     1.98656e-10      #dY:5.6%   
  3.70e-5         3.602851e-9     2.01355e-10      #dY:5.6%   
  3.80e-5         3.651214e-9     2.04018e-10      #dY:5.6%   
  3.90e-5         3.698944e-9     2.06648e-10      #dY:5.6%   
  4.00e-5         3.746068e-9     2.09243e-10      #dY:5.6%   
  4.10e-5         3.792601e-9     2.11806e-10      #dY:5.6%   
  4.20e-5         3.838574e-9     2.14341e-10      #dY:5.6%   
  4.30e-5         3.884002e-9     2.16844e-10      #dY:5.6%   
  4.40e-5         3.928906e-9     2.19319e-10      #dY:5.6%   
  4.50e-5         3.9733e-9       2.21767e-10      #dY:5.6%   
  4.60e-5         4.017206e-9     2.24187e-10      #dY:5.6%   
  4.70e-5         4.060636e-9     2.26582e-10      #dY:5.6%   
  4.80e-5         4.103605e-9     2.28952e-10      #dY:5.6%   
  4.90e-5         4.146131e-9     2.31298e-10      #dY:5.6%   
  5.00e-5         4.188227e-9     2.3362e-10       #dY:5.6%   
  5.10e-5         4.229899e-9     2.3592e-10       #dY:5.6%   
  5.20e-5         4.271168e-9     2.38197e-10      #dY:5.6%   
  5.30e-5         4.312039e-9     2.40453e-10      #dY:5.6%   
  5.40e-5         4.352527e-9     2.42687e-10      #dY:5.6%   
  5.50e-5         4.392647e-9     2.44902e-10      #dY:5.6%   
  5.60e-5         4.432399e-9     2.47097e-10      #dY:5.6%   
  5.70e-5         4.471797e-9     2.4927e-10       #dY:5.6%   
  5.80e-5         4.510852e-9     2.51426e-10      #dY:5.6%   
  5.90e-5         4.549572e-9     2.53564e-10      #dY:5.6%   
  6.00e-5         4.587966e-9     2.55685e-10      #dY:5.6%   
  6.10e-5         4.62604e-9      2.57786e-10      #dY:5.6%   
  6.20e-5         4.663804e-9     2.59872e-10      #dY:5.6%   
  6.30e-5         4.701266e-9     2.61941e-10      #dY:5.6%   
  6.40e-5         4.738429e-9     2.63993e-10      #dY:5.6%   
  6.50e-5         4.775303e-9     2.66029e-10      #dY:5.6%   
  6.60e-5         4.811898e-9     2.6805e-10       #dY:5.6%   
  6.70e-5         4.848212e-9     2.70056e-10      #dY:5.6%   
  6.80e-5         4.884258e-9     2.72047e-10      #dY:5.6%   
  6.90e-5         4.920042e-9     2.74025e-10      #dY:5.6%   
  7.00e-5         4.955563e-9     2.75988e-10      #dY:5.6%   
  7.10e-5         4.990837e-9     2.77936e-10      #dY:5.6%   
  7.20e-5         5.025857e-9     2.79871e-10      #dY:5.6%   
  7.30e-5         5.060639e-9     2.81793e-10      #dY:5.6%   
  7.40e-5         5.095184e-9     2.83701e-10      #dY:5.6%   
  7.50e-5         5.129494e-9     2.85598e-10      #dY:5.6%   
  7.60e-5         5.163577e-9     2.87481e-10      #dY:5.6%   
  7.70e-5         5.197436e-9     2.89352e-10      #dY:5.6%   
  7.80e-5         5.231076e-9     2.91211e-10      #dY:5.6%   
  7.90e-5         5.264504e-9     2.93058e-10      #dY:5.6%   
  8.00e-5         5.297718e-9     2.94895e-10      #dY:5.6%   
  8.10e-5         5.330725e-9     2.96718e-10      #dY:5.6%   
  8.20e-5         5.36353e-9      2.98532e-10      #dY:5.6%   
  8.30e-5         5.396134e-9     3.00334e-10      #dY:5.6%   
  8.40e-5         5.428545e-9     3.02125e-10      #dY:5.6%   
  8.50e-5         5.460761e-9     3.03907e-10      #dY:5.6%   
  8.60e-5         5.492786e-9     3.05677e-10      #dY:5.6%   
  8.70e-5         5.524628e-9     3.07437e-10      #dY:5.6%   
  8.80e-5         5.556289e-9     3.09187e-10      #dY:5.6%   
  8.90e-5         5.587769e-9     3.10927e-10      #dY:5.6%   
  9.00e-5         5.619073e-9     3.12658e-10      #dY:5.6%   
  9.10e-5         5.650202e-9     3.14379e-10      #dY:5.6%   
  9.20e-5         5.681162e-9     3.16091e-10      #dY:5.6%   
  9.30e-5         5.711954e-9     3.17794e-10      #dY:5.6%   
  9.40e-5         5.742582e-9     3.19486e-10      #dY:5.6%   
  9.50e-5         5.773046e-9     3.2117e-10       #dY:5.6%   
  9.60e-5         5.80335e-9      3.22847e-10      #dY:5.6%   
  9.70e-5         5.833499e-9     3.24512e-10      #dY:5.6%   
  9.80e-5         5.863488e-9     3.26172e-10      #dY:5.6%   
  9.90e-5         5.89333e-9      3.27822e-10      #dY:5.6%   
  1.00e-4         5.923016e-9     3.29463e-10      #dY:5.6%   
  1.10e-4         6.212107e-9     3.45533e-10      #dY:5.6%   
  1.20e-4         6.488331e-9     3.68554e-10      #dY:5.7%   
  1.30e-4         6.75326e-9      3.82812e-10      #dY:5.7%   
  1.40e-4         7.008185e-9     3.9657e-10       #dY:5.7%   
  1.50e-4         7.254157e-9     4.09875e-10      #dY:5.7%   
  1.60e-4         7.492055e-9     4.2277e-10       #dY:5.6%   
  1.70e-4         7.722627e-9     4.35286e-10      #dY:5.6%   
  1.80e-4         7.946512e-9     4.47457e-10      #dY:5.6%   
  1.90e-4         8.16426e-9      4.59307e-10      #dY:5.6%   
  2.00e-4         8.376346e-9     4.70862e-10      #dY:5.6%   
  2.10e-4         8.583195e-9     4.8214e-10       #dY:5.6%   
  2.20e-4         8.785172e-9     4.93163e-10      #dY:5.6%   
  2.30e-4         8.982616e-9     5.03939e-10      #dY:5.6%   
  2.40e-4         9.175812e-9     5.145e-10        #dY:5.6%   
  2.50e-4         9.365009e-9     5.24838e-10      #dY:5.6%   
  2.60e-4         9.550477e-9     5.34982e-10      #dY:5.6%   
  2.70e-4         9.732386e-9     5.44934e-10      #dY:5.6%   
  2.80e-4         9.910978e-9     5.54707e-10      #dY:5.6%   
  2.90e-4         1.00864e-8      5.64314e-10      #dY:5.6%   
  3.00e-4         1.025883e-8     5.73758e-10      #dY:5.6%   
  3.10e-4         1.042841e-8     5.8305e-10       #dY:5.6%   
  3.20e-4         1.059526e-8     5.92187e-10      #dY:5.6%   
  3.30e-4         1.075952e-8     6.01191e-10      #dY:5.6%   
  3.40e-4         1.092131e-8     6.1006e-10       #dY:5.6%   
  3.50e-4         1.108076e-8     6.18799e-10      #dY:5.6%   
  3.60e-4         1.123797e-8     6.27421e-10      #dY:5.6%   
  3.70e-4         1.139294e-8     6.35913e-10      #dY:5.6%   
  3.80e-4         1.154589e-8     6.44304e-10      #dY:5.6%   
  3.90e-4         1.169679e-8     6.52582e-10      #dY:5.6%   
  4.00e-4         1.184582e-8     6.60748e-10      #dY:5.6%   
  4.10e-4         1.199298e-8     6.68821e-10      #dY:5.6%   
  4.20e-4         1.213836e-8     6.7681e-10       #dY:5.6%   
  4.30e-4         1.228199e-8     6.84675e-10      #dY:5.6%   
  4.40e-4         1.242397e-8     6.92469e-10      #dY:5.6%   
  4.50e-4         1.256437e-8     7.00177e-10      #dY:5.6%   
  4.60e-4         1.270318e-8     7.07788e-10      #dY:5.6%   
  4.70e-4         1.28405e-8      7.15312e-10      #dY:5.6%   
  4.80e-4         1.297642e-8     7.22775e-10      #dY:5.6%   
  4.90e-4         1.311086e-8     7.30162e-10      #dY:5.6%   
  5.00e-4         1.324397e-8     7.37461e-10      #dY:5.6%   
  5.10e-4         1.337575e-8     7.44681e-10      #dY:5.6%   
  5.20e-4         1.350625e-8     7.51845e-10      #dY:5.6%   
  5.30e-4         1.363548e-8     7.58933e-10      #dY:5.6%   
  5.40e-4         1.37635e-8      7.6596e-10       #dY:5.6%   
  5.50e-4         1.389036e-8     7.72921e-10      #dY:5.6%   
  5.60e-4         1.401605e-8     7.7982e-10       #dY:5.6%   
  5.70e-4         1.414064e-8     7.86647e-10      #dY:5.6%   
  5.80e-4         1.426416e-8     7.93416e-10      #dY:5.6%   
  5.90e-4         1.43866e-8      8.00137e-10      #dY:5.6%   
  6.00e-4         1.450799e-8     8.06792e-10      #dY:5.6%   
  6.10e-4         1.462838e-8     8.13394e-10      #dY:5.6%   
  6.20e-4         1.47478e-8      8.19944e-10      #dY:5.6%   
  6.30e-4         1.486624e-8     8.26436e-10      #dY:5.6%   
  6.40e-4         1.498376e-8     8.32876e-10      #dY:5.6%   
  6.50e-4         1.510037e-8     8.39287e-10      #dY:5.6%   
  6.60e-4         1.521607e-8     8.45628e-10      #dY:5.6%   
  6.70e-4         1.533088e-8     8.51918e-10      #dY:5.6%   
  6.80e-4         1.544489e-8     8.58172e-10      #dY:5.6%   
  6.90e-4         1.555801e-8     8.64369e-10      #dY:5.6%   
  7.00e-4         1.567036e-8     8.70529e-10      #dY:5.6%   
  7.10e-4         1.578189e-8     8.76644e-10      #dY:5.6%   
  7.20e-4         1.589262e-8     8.82699e-10      #dY:5.6%   
  7.30e-4         1.60026e-8      8.88738e-10      #dY:5.6%   
  7.40e-4         1.611185e-8     8.94718e-10      #dY:5.6%   
  7.50e-4         1.622032e-8     9.00665e-10      #dY:5.6%   
  7.60e-4         1.63281e-8      9.06564e-10      #dY:5.6%   
  7.70e-4         1.643514e-8     9.12426e-10      #dY:5.6%   
  7.80e-4         1.654153e-8     9.18249e-10      #dY:5.6%   
  7.90e-4         1.664721e-8     9.24044e-10      #dY:5.6%   
  8.00e-4         1.675225e-8     9.2981e-10       #dY:5.6%   
  8.10e-4         1.685663e-8     9.35514e-10      #dY:5.5%   
  8.20e-4         1.696032e-8     9.4119e-10       #dY:5.5%   
  8.30e-4         1.706345e-8     9.46824e-10      #dY:5.5%   
  8.40e-4         1.716593e-8     9.52446e-10      #dY:5.5%   
  8.50e-4         1.726778e-8     9.58018e-10      #dY:5.5%   
  8.60e-4         1.736906e-8     9.63567e-10      #dY:5.5%   
  8.70e-4         1.746973e-8     9.6907e-10       #dY:5.5%   
  8.80e-4         1.756984e-8     9.74554e-10      #dY:5.5%   
  8.90e-4         1.766936e-8     9.79996e-10      #dY:5.5%   
  9.00e-4         1.776837e-8     9.85421e-10      #dY:5.5%   
  9.10e-4         1.786678e-8     9.90797e-10      #dY:5.5%   
  9.20e-4         1.796468e-8     9.96151e-10      #dY:5.5%   
  9.30e-4         1.806204e-8     1.00148e-9       #dY:5.5%   
  9.40e-4         1.815888e-8     1.00677e-9       #dY:5.5%   
  9.50e-4         1.825521e-8     1.01204e-9       #dY:5.5%   
  9.60e-4         1.835105e-8     1.01728e-9       #dY:5.5%   
  9.70e-4         1.844636e-8     1.02249e-9       #dY:5.5%   
  9.80e-4         1.85412e-8      1.02768e-9       #dY:5.5%   
  9.90e-4         1.863552e-8     1.03282e-9       #dY:5.5%   
  1.00e-3         1.872939e-8     1.03796e-9       #dY:5.5%   
  1.10e-3         1.964346e-8     1.08854e-9       #dY:5.5%   
  1.20e-3         2.051679e-8     1.16059e-9       #dY:5.7%   
  1.30e-3         2.135441e-8     1.20499e-9       #dY:5.6%   
  1.40e-3         2.216036e-8     1.24778e-9       #dY:5.6%   
  1.50e-3         2.293796e-8     1.28911e-9       #dY:5.6%   
  1.60e-3         2.369003e-8     1.3291e-9        #dY:5.6%   
  1.70e-3         2.441892e-8     1.36789e-9       #dY:5.6%   
  1.80e-3         2.512663e-8     1.40555e-9       #dY:5.6%   
  1.90e-3         2.581485e-8     1.44215e-9       #dY:5.6%   
  2.00e-3         2.648519e-8     1.47781e-9       #dY:5.6%   
  2.10e-3         2.713894e-8     1.51257e-9       #dY:5.6%   
  2.20e-3         2.777725e-8     1.5465e-9        #dY:5.6%   
  2.30e-3         2.840122e-8     1.57963e-9       #dY:5.6%   
  2.40e-3         2.901169e-8     1.61204e-9       #dY:5.6%   
  2.50e-3         2.960953e-8     1.64374e-9       #dY:5.6%   
  2.60e-3         3.019552e-8     1.67481e-9       #dY:5.5%   
  2.70e-3         3.077031e-8     1.70525e-9       #dY:5.5%   
  2.80e-3         3.133449e-8     1.73509e-9       #dY:5.5%   
  2.90e-3         3.188869e-8     1.7644e-9        #dY:5.5%   
  3.00e-3         3.243336e-8     1.79317e-9       #dY:5.5%   
  3.10e-3         3.296902e-8     1.82143e-9       #dY:5.5%   
  3.20e-3         3.349603e-8     1.84923e-9       #dY:5.5%   
  3.30e-3         3.401484e-8     1.87655e-9       #dY:5.5%   
  3.40e-3         3.452584e-8     1.90344e-9       #dY:5.5%   
  3.50e-3         3.502933e-8     1.92991e-9       #dY:5.5%   
  3.60e-3         3.552562e-8     1.95597e-9       #dY:5.5%   
  3.70e-3         3.601506e-8     1.98166e-9       #dY:5.5%   
  3.80e-3         3.64979e-8      2.00698e-9       #dY:5.5%   
  3.90e-3         3.697438e-8     2.03193e-9       #dY:5.5%   
  4.00e-3         3.744476e-8     2.05655e-9       #dY:5.5%   
  4.10e-3         3.790923e-8     2.08081e-9       #dY:5.5%   
  4.20e-3         3.836808e-8     2.10478e-9       #dY:5.5%   
  4.30e-3         3.882147e-8     2.12843e-9       #dY:5.5%   
  4.40e-3         3.926956e-8     2.15176e-9       #dY:5.5%   
  4.50e-3         3.971257e-8     2.17483e-9       #dY:5.5%   
  4.60e-3         4.015062e-8     2.19762e-9       #dY:5.5%   
  4.70e-3         4.058394e-8     2.22012e-9       #dY:5.5%   
  4.80e-3         4.101259e-8     2.24238e-9       #dY:5.5%   
  4.90e-3         4.143684e-8     2.26438e-9       #dY:5.5%   
  5.00e-3         4.185666e-8     2.28613e-9       #dY:5.5%   
  5.10e-3         4.22723e-8      2.30763e-9       #dY:5.5%   
  5.20e-3         4.268388e-8     2.32891e-9       #dY:5.5%   
  5.30e-3         4.309146e-8     2.34997e-9       #dY:5.5%   
  5.40e-3         4.349518e-8     2.37079e-9       #dY:5.5%   
  5.50e-3         4.389517e-8     2.39141e-9       #dY:5.4%   
  5.60e-3         4.429146e-8     2.41182e-9       #dY:5.4%   
  5.70e-3         4.468425e-8     2.43203e-9       #dY:5.4%   
  5.80e-3         4.507354e-8     2.45203e-9       #dY:5.4%   
  5.90e-3         4.545944e-8     2.47185e-9       #dY:5.4%   
  6.00e-3         4.584209e-8     2.49148e-9       #dY:5.4%   
  6.10e-3         4.622152e-8     2.51093e-9       #dY:5.4%   
  6.20e-3         4.65978e-8      2.53019e-9       #dY:5.4%   
  6.30e-3         4.697106e-8     2.54928e-9       #dY:5.4%   
  6.40e-3         4.734128e-8     2.5682e-9        #dY:5.4%   
  6.50e-3         4.770866e-8     2.58696e-9       #dY:5.4%   
  6.60e-3         4.807315e-8     2.60555e-9       #dY:5.4%   
  6.70e-3         4.843488e-8     2.62398e-9       #dY:5.4%   
  6.80e-3         4.879388e-8     2.64225e-9       #dY:5.4%   
  6.90e-3         4.915021e-8     2.66036e-9       #dY:5.4%   
  7.00e-3         4.950396e-8     2.67833e-9       #dY:5.4%   
  7.10e-3         4.985515e-8     2.69615e-9       #dY:5.4%   
  7.20e-3         5.020381e-8     2.71382e-9       #dY:5.4%   
  7.30e-3         5.055011e-8     2.73136e-9       #dY:5.4%   
  7.40e-3         5.089395e-8     2.74874e-9       #dY:5.4%   
  7.50e-3         5.12355e-8      2.76601e-9       #dY:5.4%   
  7.60e-3         5.157471e-8     2.78313e-9       #dY:5.4%   
  7.70e-3         5.191169e-8     2.80013e-9       #dY:5.4%   
  7.80e-3         5.224648e-8     2.817e-9         #dY:5.4%   
  7.90e-3         5.257907e-8     2.83373e-9       #dY:5.4%   
  8.00e-3         5.290956e-8     2.85036e-9       #dY:5.4%   
  8.10e-3         5.323796e-8     2.86685e-9       #dY:5.4%   
  8.20e-3         5.35643e-8      2.88323e-9       #dY:5.4%   
  8.30e-3         5.388864e-8     2.89948e-9       #dY:5.4%   
  8.40e-3         5.421101e-8     2.91563e-9       #dY:5.4%   
  8.50e-3         5.453145e-8     2.93165e-9       #dY:5.4%   
  8.60e-3         5.484997e-8     2.94758e-9       #dY:5.4%   
  8.70e-3         5.516665e-8     2.96338e-9       #dY:5.4%   
  8.80e-3         5.548148e-8     2.97908e-9       #dY:5.4%   
  8.90e-3         5.579451e-8     2.99467e-9       #dY:5.4%   
  9.00e-3         5.610578e-8     3.01016e-9       #dY:5.4%   
  9.10e-3         5.641528e-8     3.02553e-9       #dY:5.4%   
  9.20e-3         5.672309e-8     3.04082e-9       #dY:5.4%   
  9.30e-3         5.702918e-8     3.056e-9         #dY:5.4%   
  9.40e-3         5.733362e-8     3.07108e-9       #dY:5.4%   
  9.50e-3         5.763644e-8     3.08607e-9       #dY:5.4%   
  9.60e-3         5.793762e-8     3.10096e-9       #dY:5.4%   
  9.70e-3         5.823727e-8     3.11576e-9       #dY:5.4%   
  9.80e-3         5.853531e-8     3.13045e-9       #dY:5.3%   
  9.90e-3         5.883181e-8     3.14506e-9       #dY:5.3%   
  0.01            5.912682e-8     3.15958e-9       #dY:5.3%   
  0.011           6.199844e-8     3.31172e-9       #dY:5.3%   
  0.012           6.474057e-8     3.51839e-9       #dY:5.4%   
  0.013           6.736899e-8     3.64043e-9       #dY:5.4%   
  0.014           6.989653e-8     3.75681e-9       #dY:5.4%   
  0.015           7.233365e-8     3.86804e-9       #dY:5.3%   
  0.016           7.468917e-8     3.97457e-9       #dY:5.3%   
  0.017           7.697045e-8     4.07677e-9       #dY:5.3%   
  0.018           7.918397e-8     4.17497e-9       #dY:5.3%   
  0.019           8.133504e-8     4.26953e-9       #dY:5.2%   
  0.02            8.342852e-8     4.36063e-9       #dY:5.2%   
  0.021           8.546851e-8     4.44858e-9       #dY:5.2%   
  0.022           8.74587e-8      4.53351e-9       #dY:5.2%   
  0.023           8.940237e-8     4.61567e-9       #dY:5.2%   
  0.024           9.130237e-8     4.69522e-9       #dY:5.1%   
  0.025           9.316132e-8     4.77229e-9       #dY:5.1%   
  0.026           9.498167e-8     4.84702e-9       #dY:5.1%   
  0.027           9.676552e-8     4.91956e-9       #dY:5.1%   
  0.028           9.851491e-8     4.99e-9          #dY:5.1%   
  0.029           1.002317e-7     5.05843e-9       #dY:5.0%   
  0.03            1.019174e-7     5.12502e-9       #dY:5.0%   
  0.031           1.035741e-7     5.1898e-9        #dY:5.0%   
  0.032           1.052026e-7     5.25288e-9       #dY:5.0%   
  0.033           1.068047e-7     5.31428e-9       #dY:5.0%   
  0.034           1.083815e-7     5.37416e-9       #dY:5.0%   
  0.035           1.099337e-7     5.43242e-9       #dY:4.9%   
  0.036           1.11463e-7      5.48929e-9       #dY:4.9%   
  0.037           1.129701e-7     5.54484e-9       #dY:4.9%   
  0.038           1.144556e-7     5.59909e-9       #dY:4.9%   
  0.039           1.159205e-7     5.652e-9         #dY:4.9%   
  0.04            1.173653e-7     5.70359e-9       #dY:4.9%   
  0.041           1.187911e-7     5.75406e-9       #dY:4.8%   
  0.042           1.201985e-7     5.80343e-9       #dY:4.8%   
  0.043           1.215877e-7     5.85173e-9       #dY:4.8%   
  0.044           1.229597e-7     5.89888e-9       #dY:4.8%   
  0.045           1.243144e-7     5.94493e-9       #dY:4.8%   
  0.046           1.256535e-7     5.99018e-9       #dY:4.8%   
  0.047           1.269764e-7     6.03441e-9       #dY:4.8%   
  0.048           1.282838e-7     6.07764e-9       #dY:4.7%   
  0.049           1.295765e-7     6.12007e-9       #dY:4.7%   
  0.05            1.308544e-7     6.16165e-9       #dY:4.7%   
  0.051           1.321186e-7     6.20226e-9       #dY:4.7%   
  0.052           1.333686e-7     6.24222e-9       #dY:4.7%   
  0.053           1.346057e-7     6.28119e-9       #dY:4.7%   
  0.054           1.358294e-7     6.31955e-9       #dY:4.7%   
  0.055           1.370405e-7     6.35727e-9       #dY:4.6%   
  0.056           1.382394e-7     6.39407e-9       #dY:4.6%   
  0.057           1.394258e-7     6.43032e-9       #dY:4.6%   
  0.058           1.406009e-7     6.46582e-9       #dY:4.6%   
  0.059           1.417643e-7     6.50051e-9       #dY:4.6%   
  0.06            1.429164e-7     6.53476e-9       #dY:4.6%   
  0.061           1.440578e-7     6.56824e-9       #dY:4.6%   
  0.062           1.451882e-7     6.60121e-9       #dY:4.5%   
  0.063           1.463082e-7     6.63349e-9       #dY:4.5%   
  0.064           1.474176e-7     6.66528e-9       #dY:4.5%   
  0.065           1.485173e-7     6.69641e-9       #dY:4.5%   
  0.066           1.496071e-7     6.72709e-9       #dY:4.5%   
  0.067           1.506871e-7     6.75704e-9       #dY:4.5%   
  0.068           1.517576e-7     6.78654e-9       #dY:4.5%   
  0.069           1.528191e-7     6.81554e-9       #dY:4.5%   
  0.07            1.538713e-7     6.84402e-9       #dY:4.4%   
  0.071           1.549146e-7     6.87202e-9       #dY:4.4%   
  0.072           1.559493e-7     6.89942e-9       #dY:4.4%   
  0.073           1.569759e-7     6.92646e-9       #dY:4.4%   
  0.074           1.579934e-7     6.953e-9         #dY:4.4%   
  0.075           1.590034e-7     6.97897e-9       #dY:4.4%   
  0.076           1.600049e-7     7.00457e-9       #dY:4.4%   
  0.077           1.60999e-7      7.0298e-9        #dY:4.4%   
  0.078           1.619852e-7     7.0545e-9        #dY:4.4%   
  0.079           1.629636e-7     7.07886e-9       #dY:4.3%   
  0.08            1.639349e-7     7.10264e-9       #dY:4.3%   
  0.081           1.648987e-7     7.12618e-9       #dY:4.3%   
  0.082           1.65856e-7      7.14928e-9       #dY:4.3%   
  0.083           1.668058e-7     7.17192e-9       #dY:4.3%   
  0.084           1.677484e-7     7.19415e-9       #dY:4.3%   
  0.085           1.686848e-7     7.21616e-9       #dY:4.3%   
  0.086           1.696141e-7     7.23768e-9       #dY:4.3%   
  0.087           1.705369e-7     7.25886e-9       #dY:4.3%   
  0.088           1.714537e-7     7.27972e-9       #dY:4.2%   
  0.089           1.723639e-7     7.30013e-9       #dY:4.2%   
  0.09            1.732674e-7     7.3202e-9        #dY:4.2%   
  0.091           1.741648e-7     7.33985e-9       #dY:4.2%   
  0.092           1.750564e-7     7.35922e-9       #dY:4.2%   
  0.093           1.759417e-7     7.37827e-9       #dY:4.2%   
  0.094           1.768213e-7     7.39689e-9       #dY:4.2%   
  0.095           1.77695e-7      7.41525e-9       #dY:4.2%   
  0.096           1.785626e-7     7.43327e-9       #dY:4.2%   
  0.097           1.794247e-7     7.45085e-9       #dY:4.2%   
  0.098           1.802812e-7     7.46821e-9       #dY:4.1%   
  0.099           1.811318e-7     7.48531e-9       #dY:4.1%   
  0.1             1.81977e-7      7.50203e-9       #dY:4.1%   
  0.11            1.901401e-7     7.81963e-9       #dY:4.1%   
  0.12            1.978237e-7     8.10032e-9       #dY:4.1%   
  0.13            2.050844e-7     8.18757e-9       #dY:4.0%   
  0.14            2.119569e-7     8.25337e-9       #dY:3.9%   
  0.15            2.184737e-7     8.29798e-9       #dY:3.8%   
  0.16            2.246576e-7     8.3253e-9        #dY:3.7%   
  0.17            2.305319e-7     8.33582e-9       #dY:3.6%   
  0.18            2.3612e-7       8.32971e-9       #dY:3.5%   
  0.19            2.414442e-7     8.31047e-9       #dY:3.4%   
  0.2             2.46523e-7      8.27917e-9       #dY:3.4%   
  0.21            2.513704e-7     8.23627e-9       #dY:3.3%   
  0.22            2.559896e-7     8.18002e-9       #dY:3.2%   
  0.23            2.603923e-7     8.10846e-9       #dY:3.1%   
  0.24            2.645987e-7     8.02781e-9       #dY:3.0%   
  0.25            2.686225e-7     7.94564e-9       #dY:3.0%   
  0.26            2.724645e-7     7.8601e-9        #dY:2.9%   
  0.27            2.761216e-7     7.76339e-9       #dY:2.8%   
  0.28            2.795978e-7     7.6536e-9        #dY:2.7%   
  0.29            2.829075e-7     7.53967e-9       #dY:2.7%   
  0.3             2.860686e-7     7.42955e-9       #dY:2.6%   
  0.31            2.890914e-7     7.32645e-9       #dY:2.5%   
  0.32            2.919769e-7     7.23041e-9       #dY:2.5%   
  0.33            2.947177e-7     7.13136e-9       #dY:2.4%   
  0.34            2.973207e-7     7.02149e-9       #dY:2.4%   
  0.35            2.998005e-7     6.91214e-9       #dY:2.3%   
  0.36            3.021569e-7     6.81611e-9       #dY:2.3%   
  0.37            3.043818e-7     6.72519e-9       #dY:2.2%   
  0.38            3.064611e-7     6.62335e-9       #dY:2.2%   
  0.39            3.08406e-7      6.51137e-9       #dY:2.1%   
  0.4             3.102383e-7     6.40287e-9       #dY:2.1%   
  0.41            3.11981e-7      6.31031e-9       #dY:2.0%   
  0.42            3.136404e-7     6.23852e-9       #dY:2.0%   
  0.43            3.152131e-7     6.17847e-9       #dY:2.0%   
  0.44            3.166902e-7     6.11507e-9       #dY:1.9%   
  0.45            3.18065e-7      6.04253e-9       #dY:1.9%   
  0.46            3.193397e-7     5.96346e-9       #dY:1.9%   
  0.47            3.205206e-7     5.8808e-9        #dY:1.8%   
  0.48            3.216162e-7     5.79877e-9       #dY:1.8%   
  0.49            3.226365e-7     5.72121e-9       #dY:1.8%   
  0.5             3.235887e-7     5.6478e-9        #dY:1.7%   
  0.51            3.244763e-7     5.57723e-9       #dY:1.7%   
  0.52            3.253004e-7     5.50814e-9       #dY:1.7%   
  0.53            3.260655e-7     5.43709e-9       #dY:1.7%   
  0.54            3.267744e-7     5.36335e-9       #dY:1.6%   
  0.55            3.27426e-7      5.28698e-9       #dY:1.6%   
  0.56            3.280157e-7     5.20745e-9       #dY:1.6%   
  0.57            3.285408e-7     5.12169e-9       #dY:1.6%   
  0.58            3.290127e-7     5.02921e-9       #dY:1.5%   
  0.59            3.294345e-7     4.93623e-9       #dY:1.5%   
  0.6             3.297933e-7     4.84238e-9       #dY:1.5%   
  0.61            3.301071e-7     4.74208e-9       #dY:1.4%   
  0.62            3.303887e-7     4.64031e-9       #dY:1.4%   
  0.63            3.306397e-7     4.54163e-9       #dY:1.4%   
  0.64            3.308626e-7     4.44809e-9       #dY:1.3%   
  0.65            3.310431e-7     4.3643e-9        #dY:1.3%   
  0.66            3.311726e-7     4.28122e-9       #dY:1.3%   
  0.67            3.312484e-7     4.19571e-9       #dY:1.3%   
  0.68            3.312634e-7     4.10615e-9       #dY:1.2%   
  0.69            3.312207e-7     4.01195e-9       #dY:1.2%   
  0.7             3.311276e-7     3.91398e-9       #dY:1.2%   
  0.71            3.309894e-7     3.81281e-9       #dY:1.2%   
  0.72            3.308245e-7     3.71251e-9       #dY:1.1%   
  0.73            3.306534e-7     3.61709e-9       #dY:1.1%   
  0.74            3.304661e-7     3.5311e-9        #dY:1.1%   
  0.75            3.302736e-7     3.45373e-9       #dY:1.0%   
  0.76            3.300752e-7     3.38948e-9       #dY:1.0%   
  0.77            3.298474e-7     3.34519e-9       #dY:1.0%   
  0.78            3.295884e-7     3.31293e-9       #dY:1.0%   
  0.79            3.292957e-7     3.28613e-9       #dY:1.0%   
  0.8             3.289642e-7     3.26604e-9       #dY:1.0%   
  0.81            3.28599e-7      3.25305e-9       #dY:1.0%   
  0.82            3.282211e-7     3.24711e-9       #dY:1.0%   
  0.83            3.278251e-7     3.24686e-9       #dY:1.0%   
  0.84            3.274063e-7     3.24818e-9       #dY:1.0%   
  0.85            3.269651e-7     3.25258e-9       #dY:1.0%   
  0.86            3.265071e-7     3.26148e-9       #dY:1.0%   
  0.87            3.260402e-7     3.27652e-9       #dY:1.0%   
  0.88            3.255593e-7     3.29632e-9       #dY:1.0%   
  0.89            3.250602e-7     3.32392e-9       #dY:1.0%   
  0.9             3.245403e-7     3.35733e-9       #dY:1.0%   
  0.91            3.24006e-7      3.39277e-9       #dY:1.0%   
  0.92            3.234677e-7     3.42667e-9       #dY:1.1%   
  0.93            3.229352e-7     3.45569e-9       #dY:1.1%   
  0.94            3.224051e-7     3.47702e-9       #dY:1.1%   
  0.95            3.218688e-7     3.49579e-9       #dY:1.1%   
  0.96            3.213196e-7     3.51625e-9       #dY:1.1%   
  0.97            3.207526e-7     3.54006e-9       #dY:1.1%   
  0.98            3.201678e-7     3.5665e-9        #dY:1.1%   
  0.99            3.195668e-7     3.59321e-9       #dY:1.1%   
  1               3.189537e-7     3.61829e-9       #dY:1.1%   
  1.1             3.126941e-7     3.57559e-9       #dY:1.1%   
  1.2             3.060244e-7     3.59092e-9       #dY:1.2%   
  1.3             2.989659e-7     3.42276e-9       #dY:1.1%   
  1.4             2.91576e-7      3.09286e-9       #dY:1.1%   
  1.5             2.837884e-7     2.73952e-9       #dY:1.0%   
  1.6             2.754716e-7     2.48996e-9       #dY:0.9%   
  1.7             2.667549e-7     2.37062e-9       #dY:0.9%   
  1.8             2.57776e-7      2.33766e-9       #dY:0.9%   
  1.9             2.484737e-7     2.37349e-9       #dY:1.0%   
  2               2.388707e-7     2.39826e-9       #dY:1.0%   
  2.1             2.291322e-7     2.3906e-9        #dY:1.0%   
  2.2             2.193821e-7     2.3379e-9        #dY:1.1%   
  2.3             2.096301e-7     2.27886e-9       #dY:1.1%   
  2.4             1.998943e-7     2.19291e-9       #dY:1.1%   
  2.5             1.90315e-7      2.08692e-9       #dY:1.1%   
  2.6             1.80951e-7      1.97336e-9       #dY:1.1%   
  2.7             1.718043e-7     1.87537e-9       #dY:1.1%   
  2.8             1.629244e-7     1.77301e-9       #dY:1.1%   
  2.9             1.543288e-7     1.6845e-9        #dY:1.1%   
  3               1.460883e-7     1.59984e-9       #dY:1.1%   
  3.1             1.381342e-7     1.5281e-9        #dY:1.1%   
  3.2             1.305344e-7     1.46512e-9       #dY:1.1%   
  3.3             1.232758e-7     1.40217e-9       #dY:1.1%   
  3.4             1.163474e-7     1.34673e-9       #dY:1.2%   
  3.5             1.097537e-7     1.29333e-9       #dY:1.2%   
  3.6             1.035095e-7     1.24069e-9       #dY:1.2%   
  3.7             9.757913e-8     1.18709e-9       #dY:1.2%   
  3.8             9.197107e-8     1.13649e-9       #dY:1.2%   
  3.9             8.665869e-8     1.08571e-9       #dY:1.3%   
  4               8.164066e-8     1.03747e-9       #dY:1.3%   
  4.1             7.690792e-8     9.90638e-10      #dY:1.3%   
  4.2             7.24412e-8      9.45282e-10      #dY:1.3%   
  4.3             6.822339e-8     9.03872e-10      #dY:1.3%   
  4.4             6.424779e-8     8.65057e-10      #dY:1.3%   
  4.5             6.049941e-8     8.28698e-10      #dY:1.4%   
  4.6             5.696223e-8     7.96141e-10      #dY:1.4%   
  4.7             5.362121e-8     7.65999e-10      #dY:1.4%   
  4.8             5.046694e-8     7.38317e-10      #dY:1.5%   
  4.9             4.748538e-8     7.12712e-10      #dY:1.5%   
  5               4.466921e-8     6.87715e-10      #dY:1.5%   
  5.1             4.200914e-8     6.64942e-10      #dY:1.6%   
  5.2             3.949499e-8     6.4296e-10       #dY:1.6%   
  5.3             3.712035e-8     6.20612e-10      #dY:1.7%   
  5.4             3.487789e-8     5.99713e-10      #dY:1.7%   
  5.5             3.275815e-8     5.79169e-10      #dY:1.8%   
  5.6             3.075664e-8     5.58098e-10      #dY:1.8%   
  5.7             2.886798e-8     5.37975e-10      #dY:1.9%   
  5.8             2.708242e-8     5.18548e-10      #dY:1.9%   
  5.9             2.539718e-8     4.98861e-10      #dY:2.0%   
  6               2.380826e-8     4.80039e-10      #dY:2.0%   
  6.1             2.230879e-8     4.62267e-10      #dY:2.1%   
  6.2             2.089485e-8     4.45025e-10      #dY:2.1%   
  6.3             1.956331e-8     4.28487e-10      #dY:2.2%   
  6.4             1.830899e-8     4.12957e-10      #dY:2.3%   
  6.5             1.71272e-8      3.97526e-10      #dY:2.3%   
  6.6             1.601681e-8     3.82405e-10      #dY:2.4%   
  6.7             1.497285e-8     3.68427e-10      #dY:2.5%   
  6.8             1.399114e-8     3.54836e-10      #dY:2.5%   
  6.9             1.306979e-8     3.41555e-10      #dY:2.6%   
  7               1.220552e-8     3.29155e-10      #dY:2.7%   
  7.1             1.139517e-8     3.17389e-10      #dY:2.8%   
  7.2             1.06359e-8      3.05926e-10      #dY:2.9%   
  7.3             9.924503e-9     2.95046e-10      #dY:3.0%   
  7.4             9.258222e-9     2.85051e-10      #dY:3.1%   
  7.5             8.634961e-9     2.75676e-10      #dY:3.2%   
  7.6             8.052267e-9     2.66811e-10      #dY:3.3%   
  7.7             7.507663e-9     2.58513e-10      #dY:3.4%   
  7.8             6.999207e-9     2.50795e-10      #dY:3.6%   
  7.9             6.524681e-9     2.43469e-10      #dY:3.7%   
  8               6.081311e-9     2.36436e-10      #dY:3.9%   
  8.1             5.667499e-9     2.29829e-10      #dY:4.1%   
  8.2             5.281584e-9     2.23543e-10      #dY:4.2%   
  8.3             4.922085e-9     2.1749e-10       #dY:4.4%   
  8.4             4.586795e-9     2.11547e-10      #dY:4.6%   
  8.5             4.274103e-9     2.05788e-10      #dY:4.8%   
  8.6             3.982861e-9     2.00199e-10      #dY:5.0%   
  8.7             3.711479e-9     1.94655e-10      #dY:5.2%   
  8.8             3.458544e-9     1.89212e-10      #dY:5.5%   
  8.9             3.223049e-9     1.83869e-10      #dY:5.7%   
  9               3.003968e-9     1.78573e-10      #dY:5.9%   
  9.1             2.799851e-9     1.73226e-10      #dY:6.2%   
  9.2             2.609608e-9     1.67893e-10      #dY:6.4%   
  9.3             2.432549e-9     1.62655e-10      #dY:6.7%   
  9.4             2.267568e-9     1.57433e-10      #dY:6.9%   
  9.5             2.113881e-9     1.52259e-10      #dY:7.2%   
  9.6             1.970783e-9     1.4714e-10       #dY:7.5%   
  9.7             1.837505e-9     1.42045e-10      #dY:7.7%   
  9.8             1.713339e-9     1.36962e-10      #dY:8.0%   
  9.9             1.597677e-9     1.31949e-10      #dY:8.3%   
  10              1.489935e-9     1.27017e-10      #dY:8.5%   
  10.2            1.295837e-9     1.13916e-10      #dY:8.8%   
  10.4            1.127064e-9     1.01292e-10      #dY:9.0%   
  10.6            9.80355e-10     9.31189e-11      #dY:9.5%   
  10.8            8.52761e-10     8.5321e-11       #dY:10.0%  
  11              7.41678e-10     7.79009e-11      #dY:10.5%  
  11.2            6.45044e-10     7.09639e-11      #dY:11.0%  
  11.4            5.60988e-10     6.44477e-11      #dY:11.5%  
  11.6            4.87753e-10     5.83874e-11      #dY:12.0%  
  11.8            4.23954e-10     5.27642e-11      #dY:12.4%  
  12              3.68392e-10     4.76109e-11      #dY:12.9%  
  12.2            3.20005e-10     4.28778e-11      #dY:13.4%  
  12.4            2.77874e-10     3.85534e-11      #dY:13.9%  
  12.6            2.41207e-10     3.46347e-11      #dY:14.4%  
  12.8            2.093e-10       3.10765e-11      #dY:14.8%  
  13              1.81534e-10     2.78562e-11      #dY:15.3%  
  13.2            1.5739e-10      2.49458e-11      #dY:15.8%  
  13.4            1.36393e-10     2.23158e-11      #dY:16.4%  
  13.6            1.18148e-10     1.99416e-11      #dY:16.9%  
  13.8            1.02306e-10     1.78079e-11      #dY:17.4%  
  14              8.8556e-11      1.58938e-11      #dY:17.9%  
  14.2            7.66263e-11     1.41779e-11      #dY:18.5%  
  14.4            6.62798e-11     1.26434e-11      #dY:19.1%  
  14.6            5.73082e-11     1.12691e-11      #dY:19.7%  
  14.8            4.95314e-11     1.00395e-11      #dY:20.3%  
  15              4.27958e-11     8.94142e-12      #dY:20.9%  
  15.2            3.6965e-11      7.96052e-12      #dY:21.5%  
  15.4            3.19212e-11     7.08555e-12      #dY:22.2%  
  15.6            2.75584e-11     6.30526e-12      #dY:22.9%  
  15.8            2.37857e-11     5.60928e-12      #dY:23.6%  
  16              2.05246e-11     4.98879e-12      #dY:24.3%  
  16.2            1.77063e-11     4.43633e-12      #dY:25.1%  
  16.4            1.52715e-11     3.94412e-12      #dY:25.8%  
  16.6            1.31693e-11     3.50571e-12      #dY:26.6%  
  16.8            1.13544e-11     3.1152e-12       #dY:27.4%  
  17              9.788e-12       2.76735e-12      #dY:28.3%  
  17.2            8.43636e-12     2.45767e-12      #dY:29.1%  
  17.4            7.27045e-12     2.1822e-12       #dY:30.0%  
  17.6            6.26466e-12     1.93718e-12      #dY:30.9%  
  17.8            5.39724e-12     1.71917e-12      #dY:31.9%  
  18              4.64915e-12     1.52517e-12      #dY:32.8%  
  18.2            4.00417e-12     1.35254e-12      #dY:33.8%  
  18.4            3.44819e-12     1.19904e-12      #dY:34.8%  
  18.6            2.96908e-12     1.06263e-12      #dY:35.8%  
  18.8            2.55622e-12     9.41446e-13      #dY:36.8%  
  19              2.20046e-12     8.33789e-13      #dY:37.9%  
  19.2            1.8939e-12      7.3816e-13       #dY:39.0%  
  19.4            1.62977e-12     6.53231e-13      #dY:40.1%  
  19.6            1.40226e-12     5.77854e-13      #dY:41.2%  
  19.8            1.20635e-12     5.11007e-13      #dY:42.4%  
  20              1.03765e-12     4.51716e-13      #dY:43.5%  
  20.2            8.924e-13       3.99157e-13      #dY:44.7%  
  20.4            7.67357e-13     3.5259e-13       #dY:45.9%  
  20.6            6.5971e-13      3.11334e-13      #dY:47.2%  
  20.8            5.67067e-13     2.74808e-13      #dY:48.5%  
  21              4.87352e-13     2.4249e-13       #dY:49.8%  
  21.2            4.18773e-13     2.139e-13        #dY:51.1%  
  21.4            3.59781e-13     1.88616e-13      #dY:52.4%  
  21.6            3.09045e-13     1.66265e-13      #dY:53.8%  
  21.8            2.65413e-13     1.46514e-13      #dY:55.2%  
  22              2.27897e-13     1.29068e-13      #dY:56.6%  
  22.2            1.95649e-13     1.13667e-13      #dY:58.1%  
  22.4            1.67933e-13     1.00072e-13      #dY:59.6%  
  22.6            1.44118e-13     8.80783e-14      #dY:61.1%  
  22.8            1.23657e-13     7.75004e-14      #dY:62.7%  
  23              1.06081e-13     6.81715e-14      #dY:64.3%  
  23.2            9.09831e-14     5.99479e-14      #dY:65.9%  
  23.4            7.80198e-14     5.27036e-14      #dY:67.6%  
  23.6            6.68896e-14     4.63219e-14      #dY:69.3%  
  23.8            5.73357e-14     4.07009e-14      #dY:71.0%  
  24              4.9136e-14      3.57527e-14      #dY:72.8%  
  24.2            4.20995e-14     3.13965e-14      #dY:74.6%  
  24.4            3.60616e-14     2.75632e-14      #dY:76.4%  
  24.6            3.08819e-14     2.41907e-14      #dY:78.3%  
  24.8            2.644e-14       2.12254e-14      #dY:80.3%  
  25              2.26314e-14     1.86189e-14      #dY:82.3%  
  25.2            1.93665e-14     1.63279e-14      #dY:84.3%  
  25.4            1.65686e-14     1.43151e-14      #dY:86.4%  
  25.6            1.41715e-14     1.25478e-14      #dY:88.5%  
  25.8            1.21178e-14     1.09962e-14      #dY:90.7%  
  26              1.03588e-14     9.6342e-15       #dY:93.0%  
  26.2            8.85273e-15     8.43922e-15      #dY:95.3%  
  26.4            7.56333e-15     7.39089e-15      #dY:97.7%  
  26.6            6.45973e-15     6.47125e-15      #dY:100.2% 
  26.8            5.51531e-15     5.66468e-15      #dY:102.7% 
  27              4.70732e-15     4.95749e-15      #dY:105.3% 
  27.2            4.01635e-15     4.33762e-15      #dY:108.0% 
  27.4            3.42554e-15     3.79435e-15      #dY:110.8% 
  27.6            2.92048e-15     3.31823e-15      #dY:113.6% 
  27.8            2.48903e-15     2.90131e-15      #dY:116.6% 
  28              2.12062e-15     2.5364e-15       #dY:119.6% 
  28.2            1.80613e-15     2.21702e-15      #dY:122.7% 
  28.4            1.53773e-15     1.93752e-15      #dY:126.0% 
  28.6            1.30879e-15     1.69307e-15      #dY:129.4% 
  28.8            1.1135e-15      1.47916e-15      #dY:132.8% 
  29              9.46994e-16     1.29207e-15      #dY:136.4% 
  29.2            8.05062e-16     1.12846e-15      #dY:140.2% 
  29.4            6.84108e-16     9.85395e-16      #dY:144.0% 
  29.6            5.81065e-16     8.60315e-16      #dY:148.1% 
  29.8            4.93304e-16     7.50971e-16      #dY:152.2% 
  30              0.00            0.00                        
//
#-------------------------------------------------------------------------------
#
#name:   INDEN-Aug2023: PU-239(N,F) E_in=3. MeV
#X.axis: Energy
#Y.axis: 
#wdata:  3
#ldata:  642
#data...
# X               Y               +-dY           
# MeV             1/eV            1/eV           
  0.00            0.00            0.00                        
  1.00e-5         2.055341e-9     2.07916e-11      #dY:1.0%   
  1.10e-5         2.155659e-9     2.18064e-11      #dY:1.0%   
  1.20e-5         2.25152e-9      1.16593e-10      #dY:5.2%   
  1.30e-5         2.343449e-9     1.21108e-10      #dY:5.2%   
  1.40e-5         2.431924e-9     1.25464e-10      #dY:5.2%   
  1.50e-5         2.517272e-9     1.29679e-10      #dY:5.2%   
  1.60e-5         2.599824e-9     1.33762e-10      #dY:5.1%   
  1.70e-5         2.67984e-9      1.37728e-10      #dY:5.1%   
  1.80e-5         2.75755e-9      1.41586e-10      #dY:5.1%   
  1.90e-5         2.833113e-9     1.45339e-10      #dY:5.1%   
  2.00e-5         2.906717e-9     1.49001e-10      #dY:5.1%   
  2.10e-5         2.978488e-9     1.52574e-10      #dY:5.1%   
  2.20e-5         3.048578e-9     1.56069e-10      #dY:5.1%   
  2.30e-5         3.11709e-9      1.59486e-10      #dY:5.1%   
  2.40e-5         3.184134e-9     1.62833e-10      #dY:5.1%   
  2.50e-5         3.249804e-9     1.66113e-10      #dY:5.1%   
  2.60e-5         3.31415e-9      1.69328e-10      #dY:5.1%   
  2.70e-5         3.377288e-9     1.72485e-10      #dY:5.1%   
  2.80e-5         3.439245e-9     1.75584e-10      #dY:5.1%   
  2.90e-5         3.500133e-9     1.78633e-10      #dY:5.1%   
  3.00e-5         3.559963e-9     1.81625e-10      #dY:5.1%   
  3.10e-5         3.618819e-9     1.84575e-10      #dY:5.1%   
  3.20e-5         3.67673e-9      1.87475e-10      #dY:5.1%   
  3.30e-5         3.733712e-9     1.90331e-10      #dY:5.1%   
  3.40e-5         3.789871e-9     1.93147e-10      #dY:5.1%   
  3.50e-5         3.845198e-9     1.95921e-10      #dY:5.1%   
  3.60e-5         3.899749e-9     1.98657e-10      #dY:5.1%   
  3.70e-5         3.953541e-9     2.01355e-10      #dY:5.1%   
  3.80e-5         4.006602e-9     2.04018e-10      #dY:5.1%   
  3.90e-5         4.058982e-9     2.06648e-10      #dY:5.1%   
  4.00e-5         4.110677e-9     2.09242e-10      #dY:5.1%   
  4.10e-5         4.161764e-9     2.11807e-10      #dY:5.1%   
  4.20e-5         4.212208e-9     2.14341e-10      #dY:5.1%   
  4.30e-5         4.26206e-9      2.16844e-10      #dY:5.1%   
  4.40e-5         4.311332e-9     2.19319e-10      #dY:5.1%   
  4.50e-5         4.360037e-9     2.21766e-10      #dY:5.1%   
  4.60e-5         4.408223e-9     2.24187e-10      #dY:5.1%   
  4.70e-5         4.455876e-9     2.26582e-10      #dY:5.1%   
  4.80e-5         4.503031e-9     2.28953e-10      #dY:5.1%   
  4.90e-5         4.549692e-9     2.31298e-10      #dY:5.1%   
  5.00e-5         4.595882e-9     2.3362e-10       #dY:5.1%   
  5.10e-5         4.641625e-9     2.35921e-10      #dY:5.1%   
  5.20e-5         4.686918e-9     2.38198e-10      #dY:5.1%   
  5.30e-5         4.731753e-9     2.40452e-10      #dY:5.1%   
  5.40e-5         4.776174e-9     2.42686e-10      #dY:5.1%   
  5.50e-5         4.820199e-9     2.44902e-10      #dY:5.1%   
  5.60e-5         4.863833e-9     2.47097e-10      #dY:5.1%   
  5.70e-5         4.907072e-9     2.4927e-10       #dY:5.1%   
  5.80e-5         4.949917e-9     2.51426e-10      #dY:5.1%   
  5.90e-5         4.992411e-9     2.53564e-10      #dY:5.1%   
  6.00e-5         5.034542e-9     2.55685e-10      #dY:5.1%   
  6.10e-5         5.076322e-9     2.57786e-10      #dY:5.1%   
  6.20e-5         5.117765e-9     2.59872e-10      #dY:5.1%   
  6.30e-5         5.158869e-9     2.61941e-10      #dY:5.1%   
  6.40e-5         5.199646e-9     2.63992e-10      #dY:5.1%   
  6.50e-5         5.240121e-9     2.66029e-10      #dY:5.1%   
  6.60e-5         5.280281e-9     2.6805e-10       #dY:5.1%   
  6.70e-5         5.32012e-9      2.70056e-10      #dY:5.1%   
  6.80e-5         5.359678e-9     2.72047e-10      #dY:5.1%   
  6.90e-5         5.398943e-9     2.74025e-10      #dY:5.1%   
  7.00e-5         5.43793e-9      2.75989e-10      #dY:5.1%   
  7.10e-5         5.476629e-9     2.77936e-10      #dY:5.1%   
  7.20e-5         5.515064e-9     2.79871e-10      #dY:5.1%   
  7.30e-5         5.55323e-9      2.81793e-10      #dY:5.1%   
  7.40e-5         5.591135e-9     2.83701e-10      #dY:5.1%   
  7.50e-5         5.628795e-9     2.85598e-10      #dY:5.1%   
  7.60e-5         5.666189e-9     2.87481e-10      #dY:5.1%   
  7.70e-5         5.703343e-9     2.89352e-10      #dY:5.1%   
  7.80e-5         5.740256e-9     2.91211e-10      #dY:5.1%   
  7.90e-5         5.776946e-9     2.93059e-10      #dY:5.1%   
  8.00e-5         5.813395e-9     2.94895e-10      #dY:5.1%   
  8.10e-5         5.849602e-9     2.96717e-10      #dY:5.1%   
  8.20e-5         5.885613e-9     2.98532e-10      #dY:5.1%   
  8.30e-5         5.921381e-9     3.00334e-10      #dY:5.1%   
  8.40e-5         5.956942e-9     3.02124e-10      #dY:5.1%   
  8.50e-5         5.992295e-9     3.03907e-10      #dY:5.1%   
  8.60e-5         6.027444e-9     3.05677e-10      #dY:5.1%   
  8.70e-5         6.062385e-9     3.07437e-10      #dY:5.1%   
  8.80e-5         6.097135e-9     3.09188e-10      #dY:5.1%   
  8.90e-5         6.131671e-9     3.10927e-10      #dY:5.1%   
  9.00e-5         6.166021e-9     3.12657e-10      #dY:5.1%   
  9.10e-5         6.200196e-9     3.1438e-10       #dY:5.1%   
  9.20e-5         6.234157e-9     3.1609e-10       #dY:5.1%   
  9.30e-5         6.267949e-9     3.17794e-10      #dY:5.1%   
  9.40e-5         6.301553e-9     3.19486e-10      #dY:5.1%   
  9.50e-5         6.334998e-9     3.21171e-10      #dY:5.1%   
  9.60e-5         6.368236e-9     3.22847e-10      #dY:5.1%   
  9.70e-5         6.401315e-9     3.24512e-10      #dY:5.1%   
  9.80e-5         6.434235e-9     3.26172e-10      #dY:5.1%   
  9.90e-5         6.466981e-9     3.27822e-10      #dY:5.1%   
  1.00e-4         6.499566e-9     3.29463e-10      #dY:5.1%   
  1.10e-4         6.816787e-9     3.45533e-10      #dY:5.1%   
  1.20e-4         7.119902e-9     3.68554e-10      #dY:5.2%   
  1.30e-4         7.410624e-9     3.82812e-10      #dY:5.2%   
  1.40e-4         7.690354e-9     3.9657e-10       #dY:5.2%   
  1.50e-4         7.960277e-9     4.09875e-10      #dY:5.1%   
  1.60e-4         8.221315e-9     4.22769e-10      #dY:5.1%   
  1.70e-4         8.47433e-9      4.35285e-10      #dY:5.1%   
  1.80e-4         8.720009e-9     4.47457e-10      #dY:5.1%   
  1.90e-4         8.958948e-9     4.59307e-10      #dY:5.1%   
  2.00e-4         9.191668e-9     4.70862e-10      #dY:5.1%   
  2.10e-4         9.418658e-9     4.8214e-10       #dY:5.1%   
  2.20e-4         9.640273e-9     4.93162e-10      #dY:5.1%   
  2.30e-4         9.856945e-9     5.03939e-10      #dY:5.1%   
  2.40e-4         1.006889e-8     5.14497e-10      #dY:5.1%   
  2.50e-4         1.027652e-8     5.24837e-10      #dY:5.1%   
  2.60e-4         1.048001e-8     5.34981e-10      #dY:5.1%   
  2.70e-4         1.067964e-8     5.44934e-10      #dY:5.1%   
  2.80e-4         1.087556e-8     5.54705e-10      #dY:5.1%   
  2.90e-4         1.106809e-8     5.64314e-10      #dY:5.1%   
  3.00e-4         1.125717e-8     5.73753e-10      #dY:5.1%   
  3.10e-4         1.144326e-8     5.83047e-10      #dY:5.1%   
  3.20e-4         1.162634e-8     5.92187e-10      #dY:5.1%   
  3.30e-4         1.180663e-8     6.01193e-10      #dY:5.1%   
  3.40e-4         1.198411e-8     6.10058e-10      #dY:5.1%   
  3.50e-4         1.215907e-8     6.18797e-10      #dY:5.1%   
  3.60e-4         1.233151e-8     6.27417e-10      #dY:5.1%   
  3.70e-4         1.250165e-8     6.35916e-10      #dY:5.1%   
  3.80e-4         1.266937e-8     6.44301e-10      #dY:5.1%   
  3.90e-4         1.283493e-8     6.52578e-10      #dY:5.1%   
  4.00e-4         1.299846e-8     6.60747e-10      #dY:5.1%   
  4.10e-4         1.315991e-8     6.68819e-10      #dY:5.1%   
  4.20e-4         1.331937e-8     6.76806e-10      #dY:5.1%   
  4.30e-4         1.347713e-8     6.84681e-10      #dY:5.1%   
  4.40e-4         1.363287e-8     6.9247e-10       #dY:5.1%   
  4.50e-4         1.378679e-8     7.00168e-10      #dY:5.1%   
  4.60e-4         1.393907e-8     7.07782e-10      #dY:5.1%   
  4.70e-4         1.408986e-8     7.15317e-10      #dY:5.1%   
  4.80e-4         1.423875e-8     7.22765e-10      #dY:5.1%   
  4.90e-4         1.438628e-8     7.30156e-10      #dY:5.1%   
  5.00e-4         1.453234e-8     7.37462e-10      #dY:5.1%   
  5.10e-4         1.467679e-8     7.44673e-10      #dY:5.1%   
  5.20e-4         1.482013e-8     7.51848e-10      #dY:5.1%   
  5.30e-4         1.496193e-8     7.58937e-10      #dY:5.1%   
  5.40e-4         1.510231e-8     7.65955e-10      #dY:5.1%   
  5.50e-4         1.524123e-8     7.72904e-10      #dY:5.1%   
  5.60e-4         1.537923e-8     7.79817e-10      #dY:5.1%   
  5.70e-4         1.551591e-8     7.86648e-10      #dY:5.1%   
  5.80e-4         1.565139e-8     7.93413e-10      #dY:5.1%   
  5.90e-4         1.578573e-8     8.00135e-10      #dY:5.1%   
  6.00e-4         1.591897e-8     8.06794e-10      #dY:5.1%   
  6.10e-4         1.605091e-8     8.13387e-10      #dY:5.1%   
  6.20e-4         1.6182e-8       8.19943e-10      #dY:5.1%   
  6.30e-4         1.631177e-8     8.26428e-10      #dY:5.1%   
  6.40e-4         1.644068e-8     8.3287e-10       #dY:5.1%   
  6.50e-4         1.65686e-8      8.39285e-10      #dY:5.1%   
  6.60e-4         1.669545e-8     8.45622e-10      #dY:5.1%   
  6.70e-4         1.682146e-8     8.51917e-10      #dY:5.1%   
  6.80e-4         1.694644e-8     8.58167e-10      #dY:5.1%   
  6.90e-4         1.707054e-8     8.64365e-10      #dY:5.1%   
  7.00e-4         1.719382e-8     8.70529e-10      #dY:5.1%   
  7.10e-4         1.731596e-8     8.76632e-10      #dY:5.1%   
  7.20e-4         1.743742e-8     8.82691e-10      #dY:5.1%   
  7.30e-4         1.755799e-8     8.88732e-10      #dY:5.1%   
  7.40e-4         1.767773e-8     8.94709e-10      #dY:5.1%   
  7.50e-4         1.779682e-8     9.00666e-10      #dY:5.1%   
  7.60e-4         1.791502e-8     9.06563e-10      #dY:5.1%   
  7.70e-4         1.803235e-8     9.12419e-10      #dY:5.1%   
  7.80e-4         1.814905e-8     9.18244e-10      #dY:5.1%   
  7.90e-4         1.826482e-8     9.24035e-10      #dY:5.1%   
  8.00e-4         1.838002e-8     9.29803e-10      #dY:5.1%   
  8.10e-4         1.849451e-8     9.35511e-10      #dY:5.1%   
  8.20e-4         1.860825e-8     9.41188e-10      #dY:5.1%   
  8.30e-4         1.872123e-8     9.46814e-10      #dY:5.1%   
  8.40e-4         1.883348e-8     9.52433e-10      #dY:5.1%   
  8.50e-4         1.894527e-8     9.58016e-10      #dY:5.1%   
  8.60e-4         1.905646e-8     9.63572e-10      #dY:5.1%   
  8.70e-4         1.916663e-8     9.69057e-10      #dY:5.1%   
  8.80e-4         1.927643e-8     9.74546e-10      #dY:5.1%   
  8.90e-4         1.938535e-8     9.79982e-10      #dY:5.1%   
  9.00e-4         1.9494e-8       9.85415e-10      #dY:5.1%   
  9.10e-4         1.960187e-8     9.90793e-10      #dY:5.1%   
  9.20e-4         1.970926e-8     9.96148e-10      #dY:5.1%   
  9.30e-4         1.981589e-8     1.00147e-9       #dY:5.1%   
  9.40e-4         1.99221e-8      1.00677e-9       #dY:5.1%   
  9.50e-4         2.00276e-8      1.01203e-9       #dY:5.1%   
  9.60e-4         2.013281e-8     1.01728e-9       #dY:5.1%   
  9.70e-4         2.023717e-8     1.02248e-9       #dY:5.1%   
  9.80e-4         2.03411e-8      1.02767e-9       #dY:5.1%   
  9.90e-4         2.044445e-8     1.03281e-9       #dY:5.1%   
  1.00e-3         2.054736e-8     1.03795e-9       #dY:5.1%   
  1.10e-3         2.154917e-8     1.08849e-9       #dY:5.1%   
  1.20e-3         2.250596e-8     1.1605e-9        #dY:5.2%   
  1.30e-3         2.342345e-8     1.20489e-9       #dY:5.1%   
  1.40e-3         2.430619e-8     1.24768e-9       #dY:5.1%   
  1.50e-3         2.515769e-8     1.289e-9         #dY:5.1%   
  1.60e-3         2.598097e-8     1.32899e-9       #dY:5.1%   
  1.70e-3         2.67786e-8      1.36776e-9       #dY:5.1%   
  1.80e-3         2.75531e-8      1.40542e-9       #dY:5.1%   
  1.90e-3         2.830617e-8     1.44203e-9       #dY:5.1%   
  2.00e-3         2.903934e-8     1.47768e-9       #dY:5.1%   
  2.10e-3         2.975432e-8     1.51243e-9       #dY:5.1%   
  2.20e-3         3.045224e-8     1.54636e-9       #dY:5.1%   
  2.30e-3         3.113423e-8     1.57948e-9       #dY:5.1%   
  2.40e-3         3.180148e-8     1.61189e-9       #dY:5.1%   
  2.50e-3         3.24547e-8      1.64358e-9       #dY:5.1%   
  2.60e-3         3.309482e-8     1.67465e-9       #dY:5.1%   
  2.70e-3         3.372282e-8     1.7051e-9        #dY:5.1%   
  2.80e-3         3.43388e-8      1.73493e-9       #dY:5.1%   
  2.90e-3         3.494377e-8     1.76422e-9       #dY:5.0%   
  3.00e-3         3.553843e-8     1.793e-9         #dY:5.0%   
  3.10e-3         3.612303e-8     1.82126e-9       #dY:5.0%   
  3.20e-3         3.669818e-8     1.84906e-9       #dY:5.0%   
  3.30e-3         3.726421e-8     1.87637e-9       #dY:5.0%   
  3.40e-3         3.78215e-8      1.90326e-9       #dY:5.0%   
  3.50e-3         3.837062e-8     1.92972e-9       #dY:5.0%   
  3.60e-3         3.891176e-8     1.95579e-9       #dY:5.0%   
  3.70e-3         3.944519e-8     1.98147e-9       #dY:5.0%   
  3.80e-3         3.997158e-8     2.00679e-9       #dY:5.0%   
  3.90e-3         4.049083e-8     2.03174e-9       #dY:5.0%   
  4.00e-3         4.100344e-8     2.05636e-9       #dY:5.0%   
  4.10e-3         4.150926e-8     2.08061e-9       #dY:5.0%   
  4.20e-3         4.200906e-8     2.10457e-9       #dY:5.0%   
  4.30e-3         4.250297e-8     2.12824e-9       #dY:5.0%   
  4.40e-3         4.299089e-8     2.15156e-9       #dY:5.0%   
  4.50e-3         4.347307e-8     2.17463e-9       #dY:5.0%   
  4.60e-3         4.394987e-8     2.19741e-9       #dY:5.0%   
  4.70e-3         4.442131e-8     2.21991e-9       #dY:5.0%   
  4.80e-3         4.488787e-8     2.24218e-9       #dY:5.0%   
  4.90e-3         4.534928e-8     2.26416e-9       #dY:5.0%   
  5.00e-3         4.580612e-8     2.28592e-9       #dY:5.0%   
  5.10e-3         4.625816e-8     2.30742e-9       #dY:5.0%   
  5.20e-3         4.670549e-8     2.32868e-9       #dY:5.0%   
  5.30e-3         4.71487e-8      2.34975e-9       #dY:5.0%   
  5.40e-3         4.758763e-8     2.37059e-9       #dY:5.0%   
  5.50e-3         4.802232e-8     2.3912e-9        #dY:5.0%   
  5.60e-3         4.845298e-8     2.4116e-9        #dY:5.0%   
  5.70e-3         4.887965e-8     2.43181e-9       #dY:5.0%   
  5.80e-3         4.930273e-8     2.45182e-9       #dY:5.0%   
  5.90e-3         4.972197e-8     2.47163e-9       #dY:5.0%   
  6.00e-3         5.013736e-8     2.49125e-9       #dY:5.0%   
  6.10e-3         5.054942e-8     2.5107e-9        #dY:5.0%   
  6.20e-3         5.095785e-8     2.52996e-9       #dY:5.0%   
  6.30e-3         5.136307e-8     2.54906e-9       #dY:5.0%   
  6.40e-3         5.176494e-8     2.56798e-9       #dY:5.0%   
  6.50e-3         5.216365e-8     2.58674e-9       #dY:5.0%   
  6.60e-3         5.255915e-8     2.60533e-9       #dY:5.0%   
  6.70e-3         5.295164e-8     2.62375e-9       #dY:5.0%   
  6.80e-3         5.334103e-8     2.64202e-9       #dY:5.0%   
  6.90e-3         5.372764e-8     2.66014e-9       #dY:5.0%   
  7.00e-3         5.411118e-8     2.6781e-9        #dY:4.9%   
  7.10e-3         5.449208e-8     2.69593e-9       #dY:4.9%   
  7.20e-3         5.487016e-8     2.7136e-9        #dY:4.9%   
  7.30e-3         5.524563e-8     2.73113e-9       #dY:4.9%   
  7.40e-3         5.561817e-8     2.74851e-9       #dY:4.9%   
  7.50e-3         5.598821e-8     2.76577e-9       #dY:4.9%   
  7.60e-3         5.635593e-8     2.7829e-9        #dY:4.9%   
  7.70e-3         5.672102e-8     2.7999e-9        #dY:4.9%   
  7.80e-3         5.708371e-8     2.81677e-9       #dY:4.9%   
  7.90e-3         5.7444e-8       2.83351e-9       #dY:4.9%   
  8.00e-3         5.780192e-8     2.85012e-9       #dY:4.9%   
  8.10e-3         5.815753e-8     2.86662e-9       #dY:4.9%   
  8.20e-3         5.851085e-8     2.883e-9         #dY:4.9%   
  8.30e-3         5.886204e-8     2.89925e-9       #dY:4.9%   
  8.40e-3         5.921114e-8     2.9154e-9        #dY:4.9%   
  8.50e-3         5.955788e-8     2.93142e-9       #dY:4.9%   
  8.60e-3         5.990264e-8     2.94734e-9       #dY:4.9%   
  8.70e-3         6.02452e-8      2.96314e-9       #dY:4.9%   
  8.80e-3         6.058596e-8     2.97884e-9       #dY:4.9%   
  8.90e-3         6.092453e-8     2.99443e-9       #dY:4.9%   
  9.00e-3         6.126124e-8     3.00992e-9       #dY:4.9%   
  9.10e-3         6.159601e-8     3.0253e-9        #dY:4.9%   
  9.20e-3         6.192893e-8     3.04059e-9       #dY:4.9%   
  9.30e-3         6.225985e-8     3.05577e-9       #dY:4.9%   
  9.40e-3         6.258889e-8     3.07084e-9       #dY:4.9%   
  9.50e-3         6.291612e-8     3.08582e-9       #dY:4.9%   
  9.60e-3         6.324183e-8     3.10073e-9       #dY:4.9%   
  9.70e-3         6.356556e-8     3.11552e-9       #dY:4.9%   
  9.80e-3         6.388748e-8     3.13021e-9       #dY:4.9%   
  9.90e-3         6.420791e-8     3.14482e-9       #dY:4.9%   
  0.01            6.452651e-8     3.15933e-9       #dY:4.9%   
  0.011           6.762557e-8     3.30993e-9       #dY:4.9%   
  0.012           7.058048e-8     3.51571e-9       #dY:5.0%   
  0.013           7.340815e-8     3.63764e-9       #dY:5.0%   
  0.014           7.612364e-8     3.75396e-9       #dY:4.9%   
  0.015           7.873758e-8     3.8651e-9        #dY:4.9%   
  0.016           8.126051e-8     3.97156e-9       #dY:4.9%   
  0.017           8.370034e-8     4.0737e-9        #dY:4.9%   
  0.018           8.606424e-8     4.17185e-9       #dY:4.8%   
  0.019           8.835802e-8     4.26634e-9       #dY:4.8%   
  0.02            9.058697e-8     4.35738e-9       #dY:4.8%   
  0.021           9.275568e-8     4.44526e-9       #dY:4.8%   
  0.022           9.486839e-8     4.53014e-9       #dY:4.8%   
  0.023           9.692921e-8     4.61227e-9       #dY:4.8%   
  0.024           9.894069e-8     4.69178e-9       #dY:4.7%   
  0.025           1.009061e-7     4.76882e-9       #dY:4.7%   
  0.026           1.02828e-7      4.84351e-9       #dY:4.7%   
  0.027           1.047095e-7     4.91604e-9       #dY:4.7%   
  0.028           1.06552e-7      4.98646e-9       #dY:4.7%   
  0.029           1.08358e-7      5.05487e-9       #dY:4.7%   
  0.03            1.101292e-7     5.12145e-9       #dY:4.7%   
  0.031           1.118686e-7     5.18625e-9       #dY:4.6%   
  0.032           1.135757e-7     5.2493e-9        #dY:4.6%   
  0.033           1.152532e-7     5.31068e-9       #dY:4.6%   
  0.034           1.169035e-7     5.3706e-9        #dY:4.6%   
  0.035           1.185247e-7     5.42881e-9       #dY:4.6%   
  0.036           1.201204e-7     5.48564e-9       #dY:4.6%   
  0.037           1.216904e-7     5.54116e-9       #dY:4.6%   
  0.038           1.232353e-7     5.59534e-9       #dY:4.5%   
  0.039           1.247572e-7     5.64823e-9       #dY:4.5%   
  0.04            1.26257e-7      5.69985e-9       #dY:4.5%   
  0.041           1.277332e-7     5.75022e-9       #dY:4.5%   
  0.042           1.291886e-7     5.79952e-9       #dY:4.5%   
  0.043           1.306254e-7     5.8479e-9        #dY:4.5%   
  0.044           1.320408e-7     5.89501e-9       #dY:4.5%   
  0.045           1.334368e-7     5.941e-9         #dY:4.5%   
  0.046           1.348137e-7     5.98619e-9       #dY:4.4%   
  0.047           1.361719e-7     6.03036e-9       #dY:4.4%   
  0.048           1.375142e-7     6.07364e-9       #dY:4.4%   
  0.049           1.388393e-7     6.11608e-9       #dY:4.4%   
  0.05            1.401474e-7     6.15762e-9       #dY:4.4%   
  0.051           1.41441e-7      6.19827e-9       #dY:4.4%   
  0.052           1.427183e-7     6.23823e-9       #dY:4.4%   
  0.053           1.439802e-7     6.27715e-9       #dY:4.4%   
  0.054           1.452269e-7     6.31549e-9       #dY:4.3%   
  0.055           1.464604e-7     6.35325e-9       #dY:4.3%   
  0.056           1.476802e-7     6.39008e-9       #dY:4.3%   
  0.057           1.488837e-7     6.42622e-9       #dY:4.3%   
  0.058           1.50075e-7      6.4617e-9        #dY:4.3%   
  0.059           1.512561e-7     6.49654e-9       #dY:4.3%   
  0.06            1.524218e-7     6.53073e-9       #dY:4.3%   
  0.061           1.535765e-7     6.56421e-9       #dY:4.3%   
  0.062           1.547187e-7     6.59719e-9       #dY:4.3%   
  0.063           1.55849e-7      6.62946e-9       #dY:4.3%   
  0.064           1.569673e-7     6.66124e-9       #dY:4.2%   
  0.065           1.58074e-7      6.69235e-9       #dY:4.2%   
  0.066           1.591724e-7     6.72313e-9       #dY:4.2%   
  0.067           1.602577e-7     6.75305e-9       #dY:4.2%   
  0.068           1.61332e-7      6.7825e-9        #dY:4.2%   
  0.069           1.623973e-7     6.81154e-9       #dY:4.2%   
  0.07            1.634502e-7     6.83996e-9       #dY:4.2%   
  0.071           1.64495e-7      6.868e-9         #dY:4.2%   
  0.072           1.655298e-7     6.89543e-9       #dY:4.2%   
  0.073           1.665544e-7     6.92243e-9       #dY:4.2%   
  0.074           1.675701e-7     6.949e-9         #dY:4.1%   
  0.075           1.685774e-7     6.975e-9         #dY:4.1%   
  0.076           1.69576e-7      7.00063e-9       #dY:4.1%   
  0.077           1.705648e-7     7.02583e-9       #dY:4.1%   
  0.078           1.715447e-7     7.05049e-9       #dY:4.1%   
  0.079           1.725182e-7     7.07496e-9       #dY:4.1%   
  0.08            1.734824e-7     7.09874e-9       #dY:4.1%   
  0.081           1.744391e-7     7.12229e-9       #dY:4.1%   
  0.082           1.753859e-7     7.1453e-9        #dY:4.1%   
  0.083           1.763284e-7     7.16807e-9       #dY:4.1%   
  0.084           1.772603e-7     7.19027e-9       #dY:4.1%   
  0.085           1.781851e-7     7.21223e-9       #dY:4.0%   
  0.086           1.791045e-7     7.23385e-9       #dY:4.0%   
  0.087           1.800138e-7     7.25497e-9       #dY:4.0%   
  0.088           1.809169e-7     7.27581e-9       #dY:4.0%   
  0.089           1.818125e-7     7.29622e-9       #dY:4.0%   
  0.09            1.827025e-7     7.31637e-9       #dY:4.0%   
  0.091           1.835836e-7     7.33599e-9       #dY:4.0%   
  0.092           1.844568e-7     7.35526e-9       #dY:4.0%   
  0.093           1.853261e-7     7.37441e-9       #dY:4.0%   
  0.094           1.861868e-7     7.39301e-9       #dY:4.0%   
  0.095           1.870414e-7     7.41136e-9       #dY:4.0%   
  0.096           1.878886e-7     7.42937e-9       #dY:4.0%   
  0.097           1.887308e-7     7.44698e-9       #dY:3.9%   
  0.098           1.895637e-7     7.46425e-9       #dY:3.9%   
  0.099           1.903926e-7     7.4814e-9        #dY:3.9%   
  0.1             1.912157e-7     7.49818e-9       #dY:3.9%   
  0.11            1.991123e-7     7.79165e-9       #dY:3.9%   
  0.12            2.064914e-7     8.06075e-9       #dY:3.9%   
  0.13            2.134002e-7     8.14904e-9       #dY:3.8%   
  0.14            2.198801e-7     8.21558e-9       #dY:3.7%   
  0.15            2.259806e-7     8.26142e-9       #dY:3.7%   
  0.16            2.31724e-7      8.28998e-9       #dY:3.6%   
  0.17            2.37125e-7      8.30122e-9       #dY:3.5%   
  0.18            2.422322e-7     8.29637e-9       #dY:3.4%   
  0.19            2.470713e-7     8.27875e-9       #dY:3.4%   
  0.2             2.516592e-7     8.24889e-9       #dY:3.3%   
  0.21            2.560081e-7     8.2072e-9        #dY:3.2%   
  0.22            2.601063e-7     8.15155e-9       #dY:3.1%   
  0.23            2.639943e-7     8.08119e-9       #dY:3.1%   
  0.24            2.677116e-7     8.00264e-9       #dY:3.0%   
  0.25            2.712549e-7     7.92217e-9       #dY:2.9%   
  0.26            2.745982e-7     7.83721e-9       #dY:2.9%   
  0.27            2.777423e-7     7.74078e-9       #dY:2.8%   
  0.28            2.807175e-7     7.63202e-9       #dY:2.7%   
  0.29            2.835608e-7     7.51999e-9       #dY:2.7%   
  0.3             2.862826e-7     7.41175e-9       #dY:2.6%   
  0.31            2.888871e-7     7.31013e-9       #dY:2.5%   
  0.32            2.91344e-7      7.21461e-9       #dY:2.5%   
  0.33            2.936316e-7     7.11534e-9       #dY:2.4%   
  0.34            2.957935e-7     7.00595e-9       #dY:2.4%   
  0.35            2.978765e-7     6.89823e-9       #dY:2.3%   
  0.36            2.998463e-7     6.80331e-9       #dY:2.3%   
  0.37            3.016543e-7     6.71214e-9       #dY:2.2%   
  0.38            3.033162e-7     6.61029e-9       #dY:2.2%   
  0.39            3.048854e-7     6.49952e-9       #dY:2.1%   
  0.4             3.064055e-7     6.39307e-9       #dY:2.1%   
  0.41            3.07894e-7      6.30255e-9       #dY:2.0%   
  0.42            3.093132e-7     6.23177e-9       #dY:2.0%   
  0.43            3.10623e-7      6.17151e-9       #dY:2.0%   
  0.44            3.118066e-7     6.10737e-9       #dY:2.0%   
  0.45            3.128867e-7     6.03463e-9       #dY:1.9%   
  0.46            3.138831e-7     5.95597e-9       #dY:1.9%   
  0.47            3.148113e-7     5.87405e-9       #dY:1.9%   
  0.48            3.156838e-7     5.7929e-9        #dY:1.8%   
  0.49            3.165097e-7     5.7162e-9        #dY:1.8%   
  0.5             3.172849e-7     5.64341e-9       #dY:1.8%   
  0.51            3.180148e-7     5.57337e-9       #dY:1.8%   
  0.52            3.187011e-7     5.50483e-9       #dY:1.7%   
  0.53            3.193473e-7     5.4343e-9        #dY:1.7%   
  0.54            3.199588e-7     5.3611e-9        #dY:1.7%   
  0.55            3.205218e-7     5.28506e-9       #dY:1.6%   
  0.56            3.210297e-7     5.20571e-9       #dY:1.6%   
  0.57            3.214923e-7     5.12032e-9       #dY:1.6%   
  0.58            3.219136e-7     5.02818e-9       #dY:1.6%   
  0.59            3.222683e-7     4.93503e-9       #dY:1.5%   
  0.6             3.225723e-7     4.84124e-9       #dY:1.5%   
  0.61            3.228792e-7     4.74173e-9       #dY:1.5%   
  0.62            3.232025e-7     4.641e-9         #dY:1.4%   
  0.63            3.234857e-7     4.5425e-9        #dY:1.4%   
  0.64            3.237262e-7     4.44866e-9       #dY:1.4%   
  0.65            3.2392e-7       4.36468e-9       #dY:1.3%   
  0.66            3.240718e-7     4.28167e-9       #dY:1.3%   
  0.67            3.241607e-7     4.19606e-9       #dY:1.3%   
  0.68            3.241878e-7     4.1064e-9        #dY:1.3%   
  0.69            3.241711e-7     4.01234e-9       #dY:1.2%   
  0.7             3.241395e-7     3.91485e-9       #dY:1.2%   
  0.71            3.24095e-7      3.81423e-9       #dY:1.2%   
  0.72            3.240393e-7     3.71424e-9       #dY:1.1%   
  0.73            3.239934e-7     3.61904e-9       #dY:1.1%   
  0.74            3.239423e-7     3.53321e-9       #dY:1.1%   
  0.75            3.238723e-7     3.4557e-9        #dY:1.1%   
  0.76            3.237766e-7     3.39114e-9       #dY:1.0%   
  0.77            3.236508e-7     3.34671e-9       #dY:1.0%   
  0.78            3.235017e-7     3.31451e-9       #dY:1.0%   
  0.79            3.233309e-7     3.28785e-9       #dY:1.0%   
  0.8             3.231238e-7     3.26782e-9       #dY:1.0%   
  0.81            3.228902e-7     3.25491e-9       #dY:1.0%   
  0.82            3.226439e-7     3.249e-9         #dY:1.0%   
  0.83            3.223817e-7     3.24877e-9       #dY:1.0%   
  0.84            3.221025e-7     3.25016e-9       #dY:1.0%   
  0.85            3.218052e-7     3.25463e-9       #dY:1.0%   
  0.86            3.21482e-7      3.26347e-9       #dY:1.0%   
  0.87            3.211397e-7     3.27837e-9       #dY:1.0%   
  0.88            3.207634e-7     3.29792e-9       #dY:1.0%   
  0.89            3.203702e-7     3.32545e-9       #dY:1.0%   
  0.9             3.199685e-7     3.35901e-9       #dY:1.0%   
  0.91            3.195693e-7     3.39471e-9       #dY:1.1%   
  0.92            3.191821e-7     3.4289e-9        #dY:1.1%   
  0.93            3.18798e-7      3.458e-9         #dY:1.1%   
  0.94            3.184127e-7     3.4793e-9        #dY:1.1%   
  0.95            3.18e-7         3.49784e-9       #dY:1.1%   
  0.96            3.175578e-7     3.51801e-9       #dY:1.1%   
  0.97            3.17094e-7      3.5417e-9        #dY:1.1%   
  0.98            3.166132e-7     3.56814e-9       #dY:1.1%   
  0.99            3.161244e-7     3.59496e-9       #dY:1.1%   
  1               3.156301e-7     3.62018e-9       #dY:1.1%   
  1.1             3.104017e-7     3.58739e-9       #dY:1.2%   
  1.2             3.043969e-7     3.60387e-9       #dY:1.2%   
  1.3             2.977297e-7     3.43034e-9       #dY:1.2%   
  1.4             2.904625e-7     3.0957e-9        #dY:1.1%   
  1.5             2.827155e-7     2.74007e-9       #dY:1.0%   
  1.6             2.743775e-7     2.48953e-9       #dY:0.9%   
  1.7             2.657391e-7     2.37078e-9       #dY:0.9%   
  1.8             2.567659e-7     2.33759e-9       #dY:0.9%   
  1.9             2.474783e-7     2.37314e-9       #dY:1.0%   
  2               2.379915e-7     2.39893e-9       #dY:1.0%   
  2.1             2.284368e-7     2.39255e-9       #dY:1.0%   
  2.2             2.188129e-7     2.3397e-9        #dY:1.1%   
  2.3             2.091996e-7     2.28061e-9       #dY:1.1%   
  2.4             1.997041e-7     2.19594e-9       #dY:1.1%   
  2.5             1.903354e-7     2.09031e-9       #dY:1.1%   
  2.6             1.811536e-7     1.97643e-9       #dY:1.1%   
  2.7             1.722113e-7     1.87868e-9       #dY:1.1%   
  2.8             1.635104e-7     1.77632e-9       #dY:1.1%   
  2.9             1.551108e-7     1.68803e-9       #dY:1.1%   
  3               1.470073e-7     1.60299e-9       #dY:1.1%   
  3.1             1.391999e-7     1.53122e-9       #dY:1.1%   
  3.2             1.317236e-7     1.46821e-9       #dY:1.1%   
  3.3             1.245512e-7     1.40488e-9       #dY:1.1%   
  3.4             1.176894e-7     1.34916e-9       #dY:1.1%   
  3.5             1.11146e-7      1.29558e-9       #dY:1.2%   
  3.6             1.0492e-7       1.24257e-9       #dY:1.2%   
  3.7             9.897192e-8     1.18842e-9       #dY:1.2%   
  3.8             9.332742e-8     1.1374e-9        #dY:1.2%   
  3.9             8.79572e-8      1.08622e-9       #dY:1.2%   
  4               8.288128e-8     1.03781e-9       #dY:1.3%   
  4.1             7.806376e-8     9.90581e-10      #dY:1.3%   
  4.2             7.350761e-8     9.44915e-10      #dY:1.3%   
  4.3             6.91966e-8      9.03325e-10      #dY:1.3%   
  4.4             6.513238e-8     8.64433e-10      #dY:1.3%   
  4.5             6.129447e-8     8.27977e-10      #dY:1.4%   
  4.6             5.767496e-8     7.95393e-10      #dY:1.4%   
  4.7             5.425548e-8     7.65237e-10      #dY:1.4%   
  4.8             5.103182e-8     7.37596e-10      #dY:1.4%   
  4.9             4.798789e-8     7.12051e-10      #dY:1.5%   
  5               4.511681e-8     6.87119e-10      #dY:1.5%   
  5.1             4.240996e-8     6.64436e-10      #dY:1.6%   
  5.2             3.985768e-8     6.42575e-10      #dY:1.6%   
  5.3             3.745224e-8     6.2035e-10       #dY:1.7%   
  5.4             3.518423e-8     5.99545e-10      #dY:1.7%   
  5.5             3.30457e-8      5.7912e-10       #dY:1.8%   
  5.6             3.103192e-8     5.58192e-10      #dY:1.8%   
  5.7             2.913316e-8     5.38148e-10      #dY:1.8%   
  5.8             2.734116e-8     5.188e-10        #dY:1.9%   
  5.9             2.565394e-8     4.9923e-10       #dY:1.9%   
  6               2.406262e-8     4.80448e-10      #dY:2.0%   
  6.1             2.256143e-8     4.62696e-10      #dY:2.1%   
  6.2             2.11475e-8      4.45509e-10      #dY:2.1%   
  6.3             1.981615e-8     4.29007e-10      #dY:2.2%   
  6.4             1.856094e-8     4.13474e-10      #dY:2.2%   
  6.5             1.737904e-8     3.98065e-10      #dY:2.3%   
  6.6             1.626855e-8     3.82971e-10      #dY:2.4%   
  6.7             1.522387e-8     3.68997e-10      #dY:2.4%   
  6.8             1.424105e-8     3.55409e-10      #dY:2.5%   
  6.9             1.331829e-8     3.42132e-10      #dY:2.6%   
  7               1.245181e-8     3.29724e-10      #dY:2.6%   
  7.1             1.163832e-8     3.17938e-10      #dY:2.7%   
  7.2             1.087506e-8     3.0645e-10       #dY:2.8%   
  7.3             1.01591e-8      2.9555e-10       #dY:2.9%   
  7.4             9.488088e-9     2.85548e-10      #dY:3.0%   
  7.5             8.859678e-9     2.76164e-10      #dY:3.1%   
  7.6             8.270969e-9     2.67267e-10      #dY:3.2%   
  7.7             7.71993e-9      2.58941e-10      #dY:3.4%   
  7.8             7.204913e-9     2.51208e-10      #dY:3.5%   
  7.9             6.723271e-9     2.43853e-10      #dY:3.6%   
  8               6.27237e-9      2.36786e-10      #dY:3.8%   
  8.1             5.850949e-9     2.30155e-10      #dY:3.9%   
  8.2             5.457431e-9     2.2385e-10       #dY:4.1%   
  8.3             5.089843e-9     2.17757e-10      #dY:4.3%   
  8.4             4.746196e-9     2.11768e-10      #dY:4.5%   
  8.5             4.425569e-9     2.05993e-10      #dY:4.7%   
  8.6             4.126385e-9     2.00383e-10      #dY:4.9%   
  8.7             3.846754e-9     1.9479e-10       #dY:5.1%   
  8.8             3.585936e-9     1.89321e-10      #dY:5.3%   
  8.9             3.342756e-9     1.83959e-10      #dY:5.5%   
  9               3.116087e-9     1.78631e-10      #dY:5.7%   
  9.1             2.90457e-9      1.73255e-10      #dY:6.0%   
  9.2             2.707286e-9     1.67904e-10      #dY:6.2%   
  9.3             2.523329e-9     1.6264e-10       #dY:6.4%   
  9.4             2.351682e-9     1.5739e-10       #dY:6.7%   
  9.5             2.191699e-9     1.522e-10        #dY:6.9%   
  9.6             2.042596e-9     1.47066e-10      #dY:7.2%   
  9.7             1.903686e-9     1.41961e-10      #dY:7.5%   
  9.8             1.774145e-9     1.36863e-10      #dY:7.7%   
  9.9             1.65343e-9      1.31839e-10      #dY:8.0%   
  10              1.540891e-9     1.26894e-10      #dY:8.2%   
  10.2            1.338174e-9     1.13708e-10      #dY:8.5%   
  10.4            1.162134e-9     1.0106e-10       #dY:8.7%   
  10.6            1.009288e-9     9.28991e-11      #dY:9.2%   
  10.8            8.76549e-10     8.5116e-11       #dY:9.7%   
  11              7.612e-10       7.77162e-11      #dY:10.2%  
  11.2            6.61042e-10     7.08007e-11      #dY:10.7%  
  11.4            5.74029e-10     6.42989e-11      #dY:11.2%  
  11.6            4.98397e-10     5.82588e-11      #dY:11.7%  
  11.8            4.32677e-10     5.26605e-11      #dY:12.2%  
  12              3.75586e-10     4.75309e-11      #dY:12.7%  
  12.2            3.25969e-10     4.28168e-11      #dY:13.1%  
  12.4            2.82848e-10     3.85075e-11      #dY:13.6%  
  12.6            2.45387e-10     3.46019e-11      #dY:14.1%  
  12.8            2.12839e-10     3.10543e-11      #dY:14.6%  
  13              1.84555e-10     2.78427e-11      #dY:15.1%  
  13.2            1.59993e-10     2.49397e-11      #dY:15.6%  
  13.4            1.3866e-10      2.23164e-11      #dY:16.1%  
  13.6            1.20138e-10     1.99468e-11      #dY:16.6%  
  13.8            1.04067e-10     1.78164e-11      #dY:17.1%  
  14              9.01234e-11     1.59045e-11      #dY:17.6%  
  14.2            7.80272e-11     1.41897e-11      #dY:18.2%  
  14.4            6.75359e-11     1.26556e-11      #dY:18.7%  
  14.6            5.84402e-11     1.1282e-11       #dY:19.3%  
  14.8            5.05538e-11     1.00525e-11      #dY:19.9%  
  15              4.37204e-11     8.95404e-12      #dY:20.5%  
  15.2            3.78031e-11     7.97288e-12      #dY:21.1%  
  15.4            3.26794e-11     7.09701e-12      #dY:21.7%  
  15.6            2.82445e-11     6.31588e-12      #dY:22.4%  
  15.8            2.44063e-11     5.61919e-12      #dY:23.0%  
  16              2.10851e-11     4.99783e-12      #dY:23.7%  
  16.2            1.82119e-11     4.44454e-12      #dY:24.4%  
  16.4            1.57269e-11     3.95154e-12      #dY:25.1%  
  16.6            1.35788e-11     3.51236e-12      #dY:25.9%  
  16.8            1.17222e-11     3.12119e-12      #dY:26.6%  
  17              1.01176e-11     2.77265e-12      #dY:27.4%  
  17.2            8.73137e-12     2.46239e-12      #dY:28.2%  
  17.4            7.53374e-12     2.1863e-12       #dY:29.0%  
  17.6            6.49927e-12     1.94074e-12      #dY:29.9%  
  17.8            5.60623e-12     1.72238e-12      #dY:30.7%  
  18              4.83543e-12     1.52815e-12      #dY:31.6%  
  18.2            4.17011e-12     1.35527e-12      #dY:32.5%  
  18.4            3.59601e-12     1.20153e-12      #dY:33.4%  
  18.6            3.10076e-12     1.06492e-12      #dY:34.3%  
  18.8            2.67344e-12     9.43523e-13      #dY:35.3%  
  19              2.30487e-12     8.35705e-13      #dY:36.3%  
  19.2            1.98706e-12     7.39991e-13      #dY:37.2%  
  19.4            1.71299e-12     6.54981e-13      #dY:38.2%  
  19.6            1.4767e-12      5.79521e-13      #dY:39.2%  
  19.8            1.27304e-12     5.12602e-13      #dY:40.3%  
  20              1.09745e-12     4.53229e-13      #dY:41.3%  
  20.2            9.46083e-13     4.00589e-13      #dY:42.3%  
  20.4            8.15601e-13     3.53946e-13      #dY:43.4%  
  20.6            7.03103e-13     3.12614e-13      #dY:44.5%  
  20.8            6.06112e-13     2.76007e-13      #dY:45.5%  
  21              5.22519e-13     2.43617e-13      #dY:46.6%  
  21.2            4.5047e-13      2.1496e-13       #dY:47.7%  
  21.4            3.88368e-13     1.89611e-13      #dY:48.8%  
  21.6            3.34826e-13     1.67189e-13      #dY:49.9%  
  21.8            2.88654e-13     1.47364e-13      #dY:51.1%  
  22              2.48846e-13     1.29852e-13      #dY:52.2%  
  22.2            2.14527e-13     1.14388e-13      #dY:53.3%  
  22.4            1.84939e-13     1.00734e-13      #dY:54.5%  
  22.6            1.59431e-13     8.86842e-14      #dY:55.6%  
  22.8            1.37437e-13     7.80529e-14      #dY:56.8%  
  23              1.18472e-13     6.86733e-14      #dY:58.0%  
  23.2            1.02119e-13     6.04041e-14      #dY:59.2%  
  23.4            8.80176e-14     5.31159e-14      #dY:60.3%  
  23.6            7.58619e-14     4.66961e-14      #dY:61.6%  
  23.8            6.53823e-14     4.10404e-14      #dY:62.8%  
  24              5.63489e-14     3.60607e-14      #dY:64.0%  
  24.2            4.85609e-14     3.16755e-14      #dY:65.2%  
  24.4            4.18479e-14     2.78167e-14      #dY:66.5%  
  24.6            3.60617e-14     2.44214e-14      #dY:67.7%  
  24.8            3.10747e-14     2.14348e-14      #dY:69.0%  
  25              2.67762e-14     1.88085e-14      #dY:70.2%  
  25.2            2.30709e-14     1.64992e-14      #dY:71.5%  
  25.4            1.98774e-14     1.44695e-14      #dY:72.8%  
  25.6            1.71251e-14     1.26869e-14      #dY:74.1%  
  25.8            1.47526e-14     1.11215e-14      #dY:75.4%  
  26              1.2708e-14      9.7471e-15       #dY:76.7%  
  26.2            1.09462e-14     8.541e-15        #dY:78.0%  
  26.4            9.42795e-15     7.48264e-15      #dY:79.4%  
  26.6            8.11986e-15     6.55408e-15      #dY:80.7%  
  26.8            6.99264e-15     5.7394e-15       #dY:82.1%  
  27              6.02157e-15     5.02503e-15      #dY:83.5%  
  27.2            5.18501e-15     4.3986e-15       #dY:84.8%  
  27.4            4.46442e-15     3.84946e-15      #dY:86.2%  
  27.6            3.84366e-15     3.36805e-15      #dY:87.6%  
  27.8            3.30906e-15     2.94625e-15      #dY:89.0%  
  28              2.8487e-15      2.57684e-15      #dY:90.5%  
  28.2            2.45214e-15     2.25326e-15      #dY:91.9%  
  28.4            2.11064e-15     1.97002e-15      #dY:93.3%  
  28.6            1.81656e-15     1.72215e-15      #dY:94.8%  
  28.8            1.56332e-15     1.50523e-15      #dY:96.3%  
  29              1.34526e-15     1.31544e-15      #dY:97.8%  
  29.2            1.1575e-15      1.14939e-15      #dY:99.3%  
  29.4            9.95841e-16     1.00416e-15      #dY:100.8% 
  29.6            8.56683e-16     8.77171e-16      #dY:102.4% 
  29.8            7.36889e-16     7.66119e-16      #dY:104.0% 
  30              0.00            0.00                        
//
#-------------------------------------------------------------------------------
#
#name:   INDEN-Aug2023: PU-239(N,F) E_in=4. MeV
#X.axis: Energy
#Y.axis: 
#wdata:  3
#ldata:  642
#data...
# X               Y               +-dY           
# MeV             1/eV            1/eV           
  0.00            0.00            0.00                        
  1.00e-5         2.032046e-9     8.24223e-11      #dY:4.1%   
  1.10e-5         2.131226e-9     8.64452e-11      #dY:4.1%   
  1.20e-5         2.225986e-9     4.62187e-10      #dY:20.8%  
  1.30e-5         2.316883e-9     4.80072e-10      #dY:20.7%  
  1.40e-5         2.404361e-9     4.97354e-10      #dY:20.7%  
  1.50e-5         2.488733e-9     5.1406e-10       #dY:20.7%  
  1.60e-5         2.570372e-9     5.30247e-10      #dY:20.6%  
  1.70e-5         2.649462e-9     5.45961e-10      #dY:20.6%  
  1.80e-5         2.726286e-9     5.61238e-10      #dY:20.6%  
  1.90e-5         2.800986e-9     5.76122e-10      #dY:20.6%  
  2.00e-5         2.873749e-9     5.90627e-10      #dY:20.6%  
  2.10e-5         2.944708e-9     6.04798e-10      #dY:20.5%  
  2.20e-5         3.013997e-9     6.1863e-10       #dY:20.5%  
  2.30e-5         3.081744e-9     6.32178e-10      #dY:20.5%  
  2.40e-5         3.148028e-9     6.4543e-10       #dY:20.5%  
  2.50e-5         3.212927e-9     6.5843e-10       #dY:20.5%  
  2.60e-5         3.276574e-9     6.71171e-10      #dY:20.5%  
  2.70e-5         3.33899e-9      6.83691e-10      #dY:20.5%  
  2.80e-5         3.400254e-9     6.95967e-10      #dY:20.5%  
  2.90e-5         3.460441e-9     7.0804e-10       #dY:20.5%  
  3.00e-5         3.519605e-9     7.19907e-10      #dY:20.5%  
  3.10e-5         3.577773e-9     7.31581e-10      #dY:20.4%  
  3.20e-5         3.635027e-9     7.43066e-10      #dY:20.4%  
  3.30e-5         3.691398e-9     7.54399e-10      #dY:20.4%  
  3.40e-5         3.746897e-9     7.6555e-10       #dY:20.4%  
  3.50e-5         3.801596e-9     7.76532e-10      #dY:20.4%  
  3.60e-5         3.855523e-9     7.87377e-10      #dY:20.4%  
  3.70e-5         3.90871e-9      7.98071e-10      #dY:20.4%  
  3.80e-5         3.961176e-9     8.0862e-10       #dY:20.4%  
  3.90e-5         4.012952e-9     8.19027e-10      #dY:20.4%  
  4.00e-5         4.064078e-9     8.29311e-10      #dY:20.4%  
  4.10e-5         4.114558e-9     8.39463e-10      #dY:20.4%  
  4.20e-5         4.164432e-9     8.49493e-10      #dY:20.4%  
  4.30e-5         4.213709e-9     8.59413e-10      #dY:20.4%  
  4.40e-5         4.262442e-9     8.69216e-10      #dY:20.4%  
  4.50e-5         4.310603e-9     8.78918e-10      #dY:20.4%  
  4.60e-5         4.358235e-9     8.88505e-10      #dY:20.4%  
  4.70e-5         4.405343e-9     8.97992e-10      #dY:20.4%  
  4.80e-5         4.451973e-9     9.07374e-10      #dY:20.4%  
  4.90e-5         4.498101e-9     9.16668e-10      #dY:20.4%  
  5.00e-5         4.543767e-9     9.25861e-10      #dY:20.4%  
  5.10e-5         4.588987e-9     9.34972e-10      #dY:20.4%  
  5.20e-5         4.633764e-9     9.43988e-10      #dY:20.4%  
  5.30e-5         4.678097e-9     9.52924e-10      #dY:20.4%  
  5.40e-5         4.722019e-9     9.61768e-10      #dY:20.4%  
  5.50e-5         4.765548e-9     9.70545e-10      #dY:20.4%  
  5.60e-5         4.808674e-9     9.79231e-10      #dY:20.4%  
  5.70e-5         4.851425e-9     9.87847e-10      #dY:20.4%  
  5.80e-5         4.893788e-9     9.96388e-10      #dY:20.4%  
  5.90e-5         4.935796e-9     1.00485e-9       #dY:20.4%  
  6.00e-5         4.977455e-9     1.01324e-9       #dY:20.4%  
  6.10e-5         5.018762e-9     1.02157e-9       #dY:20.4%  
  6.20e-5         5.059734e-9     1.02983e-9       #dY:20.4%  
  6.30e-5         5.100379e-9     1.03802e-9       #dY:20.4%  
  6.40e-5         5.140691e-9     1.04614e-9       #dY:20.4%  
  6.50e-5         5.180705e-9     1.05421e-9       #dY:20.3%  
  6.60e-5         5.220401e-9     1.06221e-9       #dY:20.3%  
  6.70e-5         5.259799e-9     1.07016e-9       #dY:20.3%  
  6.80e-5         5.298909e-9     1.07804e-9       #dY:20.3%  
  6.90e-5         5.337731e-9     1.08587e-9       #dY:20.3%  
  7.00e-5         5.376283e-9     1.09365e-9       #dY:20.3%  
  7.10e-5         5.414527e-9     1.10135e-9       #dY:20.3%  
  7.20e-5         5.452518e-9     1.10901e-9       #dY:20.3%  
  7.30e-5         5.490263e-9     1.11662e-9       #dY:20.3%  
  7.40e-5         5.527747e-9     1.12419e-9       #dY:20.3%  
  7.50e-5         5.564946e-9     1.13168e-9       #dY:20.3%  
  7.60e-5         5.601939e-9     1.13913e-9       #dY:20.3%  
  7.70e-5         5.638668e-9     1.14656e-9       #dY:20.3%  
  7.80e-5         5.675179e-9     1.1539e-9        #dY:20.3%  
  7.90e-5         5.71143e-9      1.16122e-9       #dY:20.3%  
  8.00e-5         5.747467e-9     1.16848e-9       #dY:20.3%  
  8.10e-5         5.783284e-9     1.17571e-9       #dY:20.3%  
  8.20e-5         5.818864e-9     1.18289e-9       #dY:20.3%  
  8.30e-5         5.854239e-9     1.19001e-9       #dY:20.3%  
  8.40e-5         5.889414e-9     1.19712e-9       #dY:20.3%  
  8.50e-5         5.924352e-9     1.20417e-9       #dY:20.3%  
  8.60e-5         5.959094e-9     1.21116e-9       #dY:20.3%  
  8.70e-5         5.993647e-9     1.21814e-9       #dY:20.3%  
  8.80e-5         6.028e-9        1.22507e-9       #dY:20.3%  
  8.90e-5         6.062138e-9     1.23196e-9       #dY:20.3%  
  9.00e-5         6.096108e-9     1.23879e-9       #dY:20.3%  
  9.10e-5         6.129889e-9     1.24561e-9       #dY:20.3%  
  9.20e-5         6.163457e-9     1.25239e-9       #dY:20.3%  
  9.30e-5         6.196882e-9     1.25913e-9       #dY:20.3%  
  9.40e-5         6.23009e-9      1.26583e-9       #dY:20.3%  
  9.50e-5         6.263156e-9     1.2725e-9        #dY:20.3%  
  9.60e-5         6.296041e-9     1.27914e-9       #dY:20.3%  
  9.70e-5         6.328739e-9     1.28572e-9       #dY:20.3%  
  9.80e-5         6.361289e-9     1.29229e-9       #dY:20.3%  
  9.90e-5         6.393666e-9     1.29882e-9       #dY:20.3%  
  1.00e-4         6.425854e-9     1.30532e-9       #dY:20.3%  
  1.10e-4         6.739497e-9     1.36897e-9       #dY:20.3%  
  1.20e-4         7.039178e-9     1.46009e-9       #dY:20.7%  
  1.30e-4         7.326583e-9     1.51649e-9       #dY:20.7%  
  1.40e-4         7.603146e-9     1.57088e-9       #dY:20.7%  
  1.50e-4         7.870012e-9     1.6235e-9        #dY:20.6%  
  1.60e-4         8.128085e-9     1.67448e-9       #dY:20.6%  
  1.70e-4         8.378244e-9     1.72395e-9       #dY:20.6%  
  1.80e-4         8.621115e-9     1.77205e-9       #dY:20.6%  
  1.90e-4         8.857355e-9     1.81887e-9       #dY:20.5%  
  2.00e-4         9.087438e-9     1.86452e-9       #dY:20.5%  
  2.10e-4         9.311839e-9     1.90909e-9       #dY:20.5%  
  2.20e-4         9.530967e-9     1.9526e-9        #dY:20.5%  
  2.30e-4         9.74515e-9      1.99519e-9       #dY:20.5%  
  2.40e-4         9.954725e-9     2.03683e-9       #dY:20.5%  
  2.50e-4         1.015998e-8     2.07768e-9       #dY:20.4%  
  2.60e-4         1.036117e-8     2.11768e-9       #dY:20.4%  
  2.70e-4         1.055852e-8     2.15703e-9       #dY:20.4%  
  2.80e-4         1.075224e-8     2.19557e-9       #dY:20.4%  
  2.90e-4         1.094251e-8     2.2334e-9        #dY:20.4%  
  3.00e-4         1.112963e-8     2.27065e-9       #dY:20.4%  
  3.10e-4         1.131349e-8     2.30732e-9       #dY:20.4%  
  3.20e-4         1.149447e-8     2.34335e-9       #dY:20.4%  
  3.30e-4         1.167275e-8     2.37888e-9       #dY:20.4%  
  3.40e-4         1.184825e-8     2.41388e-9       #dY:20.4%  
  3.50e-4         1.202119e-8     2.44829e-9       #dY:20.4%  
  3.60e-4         1.219174e-8     2.48224e-9       #dY:20.4%  
  3.70e-4         1.235986e-8     2.51585e-9       #dY:20.4%  
  3.80e-4         1.252571e-8     2.54886e-9       #dY:20.3%  
  3.90e-4         1.268945e-8     2.58145e-9       #dY:20.3%  
  4.00e-4         1.285106e-8     2.61355e-9       #dY:20.3%  
  4.10e-4         1.301072e-8     2.64546e-9       #dY:20.3%  
  4.20e-4         1.316842e-8     2.67682e-9       #dY:20.3%  
  4.30e-4         1.332418e-8     2.70781e-9       #dY:20.3%  
  4.40e-4         1.347817e-8     2.73844e-9       #dY:20.3%  
  4.50e-4         1.363046e-8     2.76886e-9       #dY:20.3%  
  4.60e-4         1.3781e-8       2.79876e-9       #dY:20.3%  
  4.70e-4         1.393004e-8     2.82841e-9       #dY:20.3%  
  4.80e-4         1.40774e-8      2.85789e-9       #dY:20.3%  
  4.90e-4         1.422324e-8     2.88679e-9       #dY:20.3%  
  5.00e-4         1.436752e-8     2.91561e-9       #dY:20.3%  
  5.10e-4         1.451058e-8     2.94398e-9       #dY:20.3%  
  5.20e-4         1.4652e-8       2.97213e-9       #dY:20.3%  
  5.30e-4         1.479229e-8     3.00e-9          #dY:20.3%  
  5.40e-4         1.4931e-8       3.02764e-9       #dY:20.3%  
  5.50e-4         1.506866e-8     3.05494e-9       #dY:20.3%  
  5.60e-4         1.520487e-8     3.0821e-9        #dY:20.3%  
  5.70e-4         1.534002e-8     3.10888e-9       #dY:20.3%  
  5.80e-4         1.54739e-8      3.13549e-9       #dY:20.3%  
  5.90e-4         1.560668e-8     3.16186e-9       #dY:20.3%  
  6.00e-4         1.57383e-8      3.18814e-9       #dY:20.3%  
  6.10e-4         1.586882e-8     3.21388e-9       #dY:20.3%  
  6.20e-4         1.599828e-8     3.23971e-9       #dY:20.3%  
  6.30e-4         1.612673e-8     3.26534e-9       #dY:20.2%  
  6.40e-4         1.625415e-8     3.29052e-9       #dY:20.2%  
  6.50e-4         1.638057e-8     3.31552e-9       #dY:20.2%  
  6.60e-4         1.650613e-8     3.34054e-9       #dY:20.2%  
  6.70e-4         1.663063e-8     3.36527e-9       #dY:20.2%  
  6.80e-4         1.675411e-8     3.38977e-9       #dY:20.2%  
  6.90e-4         1.687686e-8     3.41404e-9       #dY:20.2%  
  7.00e-4         1.699864e-8     3.43827e-9       #dY:20.2%  
  7.10e-4         1.711956e-8     3.46222e-9       #dY:20.2%  
  7.20e-4         1.72396e-8      3.48609e-9       #dY:20.2%  
  7.30e-4         1.735882e-8     3.50975e-9       #dY:20.2%  
  7.40e-4         1.747743e-8     3.53316e-9       #dY:20.2%  
  7.50e-4         1.759481e-8     3.5566e-9        #dY:20.2%  
  7.60e-4         1.771175e-8     3.57963e-9       #dY:20.2%  
  7.70e-4         1.782775e-8     3.60268e-9       #dY:20.2%  
  7.80e-4         1.794312e-8     3.62555e-9       #dY:20.2%  
  7.90e-4         1.805766e-8     3.64814e-9       #dY:20.2%  
  8.00e-4         1.817157e-8     3.67076e-9       #dY:20.2%  
  8.10e-4         1.828455e-8     3.69316e-9       #dY:20.2%  
  8.20e-4         1.8397e-8       3.71533e-9       #dY:20.2%  
  8.30e-4         1.850884e-8     3.73754e-9       #dY:20.2%  
  8.40e-4         1.861981e-8     3.75944e-9       #dY:20.2%  
  8.50e-4         1.873028e-8     3.78129e-9       #dY:20.2%  
  8.60e-4         1.884012e-8     3.80306e-9       #dY:20.2%  
  8.70e-4         1.894911e-8     3.82471e-9       #dY:20.2%  
  8.80e-4         1.905768e-8     3.8461e-9        #dY:20.2%  
  8.90e-4         1.916556e-8     3.86741e-9       #dY:20.2%  
  9.00e-4         1.927285e-8     3.88858e-9       #dY:20.2%  
  9.10e-4         1.937957e-8     3.90972e-9       #dY:20.2%  
  9.20e-4         1.948556e-8     3.9307e-9        #dY:20.2%  
  9.30e-4         1.959117e-8     3.95151e-9       #dY:20.2%  
  9.40e-4         1.969593e-8     3.9722e-9        #dY:20.2%  
  9.50e-4         1.980041e-8     3.99281e-9       #dY:20.2%  
  9.60e-4         1.990421e-8     4.01325e-9       #dY:20.2%  
  9.70e-4         2.000757e-8     4.03375e-9       #dY:20.2%  
  9.80e-4         2.011017e-8     4.05396e-9       #dY:20.2%  
  9.90e-4         2.021259e-8     4.0741e-9        #dY:20.2%  
  1.00e-3         2.03142e-8      4.0942e-9        #dY:20.2%  
  1.10e-3         2.13045e-8      4.2933e-9        #dY:20.2%  
  1.20e-3         2.225051e-8     4.57553e-9       #dY:20.6%  
  1.30e-3         2.315754e-8     4.74856e-9       #dY:20.5%  
  1.40e-3         2.403025e-8     4.91534e-9       #dY:20.5%  
  1.50e-3         2.48719e-8      5.07625e-9       #dY:20.4%  
  1.60e-3         2.568593e-8     5.23179e-9       #dY:20.4%  
  1.70e-3         2.64745e-8      5.38246e-9       #dY:20.3%  
  1.80e-3         2.724017e-8     5.52858e-9       #dY:20.3%  
  1.90e-3         2.798443e-8     5.67059e-9       #dY:20.3%  
  2.00e-3         2.870942e-8     5.80865e-9       #dY:20.2%  
  2.10e-3         2.941609e-8     5.94327e-9       #dY:20.2%  
  2.20e-3         3.01061e-8      6.07441e-9       #dY:20.2%  
  2.30e-3         3.078051e-8     6.20257e-9       #dY:20.2%  
  2.40e-3         3.143993e-8     6.3276e-9        #dY:20.1%  
  2.50e-3         3.208581e-8     6.4499e-9        #dY:20.1%  
  2.60e-3         3.271861e-8     6.5695e-9        #dY:20.1%  
  2.70e-3         3.333931e-8     6.68661e-9       #dY:20.1%  
  2.80e-3         3.394853e-8     6.80145e-9       #dY:20.0%  
  2.90e-3         3.454667e-8     6.91398e-9       #dY:20.0%  
  3.00e-3         3.513433e-8     7.0243e-9        #dY:20.0%  
  3.10e-3         3.571223e-8     7.13269e-9       #dY:20.0%  
  3.20e-3         3.628075e-8     7.23901e-9       #dY:20.0%  
  3.30e-3         3.68402e-8      7.34351e-9       #dY:19.9%  
  3.40e-3         3.73915e-8      7.44621e-9       #dY:19.9%  
  3.50e-3         3.793414e-8     7.54732e-9       #dY:19.9%  
  3.60e-3         3.846907e-8     7.64654e-9       #dY:19.9%  
  3.70e-3         3.899674e-8     7.74443e-9       #dY:19.9%  
  3.80e-3         3.951685e-8     7.84068e-9       #dY:19.8%  
  3.90e-3         4.003038e-8     7.9354e-9        #dY:19.8%  
  4.00e-3         4.053689e-8     8.02888e-9       #dY:19.8%  
  4.10e-3         4.103709e-8     8.12088e-9       #dY:19.8%  
  4.20e-3         4.153113e-8     8.21158e-9       #dY:19.8%  
  4.30e-3         4.201925e-8     8.30116e-9       #dY:19.8%  
  4.40e-3         4.250144e-8     8.38933e-9       #dY:19.7%  
  4.50e-3         4.297838e-8     8.47641e-9       #dY:19.7%  
  4.60e-3         4.344974e-8     8.56244e-9       #dY:19.7%  
  4.70e-3         4.391594e-8     8.64723e-9       #dY:19.7%  
  4.80e-3         4.437681e-8     8.73098e-9       #dY:19.7%  
  4.90e-3         4.483308e-8     8.81362e-9       #dY:19.7%  
  5.00e-3         4.52846e-8      8.89545e-9       #dY:19.6%  
  5.10e-3         4.573151e-8     8.97623e-9       #dY:19.6%  
  5.20e-3         4.617379e-8     9.05593e-9       #dY:19.6%  
  5.30e-3         4.661194e-8     9.13489e-9       #dY:19.6%  
  5.40e-3         4.704586e-8     9.21288e-9       #dY:19.6%  
  5.50e-3         4.747554e-8     9.28989e-9       #dY:19.6%  
  5.60e-3         4.790124e-8     9.36615e-9       #dY:19.6%  
  5.70e-3         4.832318e-8     9.44153e-9       #dY:19.5%  
  5.80e-3         4.874122e-8     9.51614e-9       #dY:19.5%  
  5.90e-3         4.915559e-8     9.58991e-9       #dY:19.5%  
  6.00e-3         4.956639e-8     9.6629e-9        #dY:19.5%  
  6.10e-3         4.997359e-8     9.7352e-9        #dY:19.5%  
  6.20e-3         5.037757e-8     9.80669e-9       #dY:19.5%  
  6.30e-3         5.077822e-8     9.87754e-9       #dY:19.5%  
  6.40e-3         5.117537e-8     9.94756e-9       #dY:19.4%  
  6.50e-3         5.156957e-8     1.00169e-8       #dY:19.4%  
  6.60e-3         5.196061e-8     1.00857e-8       #dY:19.4%  
  6.70e-3         5.234836e-8     1.01538e-8       #dY:19.4%  
  6.80e-3         5.273349e-8     1.02211e-8       #dY:19.4%  
  6.90e-3         5.311561e-8     1.02879e-8       #dY:19.4%  
  7.00e-3         5.349477e-8     1.0354e-8        #dY:19.4%  
  7.10e-3         5.387138e-8     1.04196e-8       #dY:19.3%  
  7.20e-3         5.424502e-8     1.04844e-8       #dY:19.3%  
  7.30e-3         5.461603e-8     1.05487e-8       #dY:19.3%  
  7.40e-3         5.498459e-8     1.06125e-8       #dY:19.3%  
  7.50e-3         5.535034e-8     1.06756e-8       #dY:19.3%  
  7.60e-3         5.571377e-8     1.07381e-8       #dY:19.3%  
  7.70e-3         5.607473e-8     1.08002e-8       #dY:19.3%  
  7.80e-3         5.643335e-8     1.08617e-8       #dY:19.2%  
  7.90e-3         5.678948e-8     1.09227e-8       #dY:19.2%  
  8.00e-3         5.714314e-8     1.09831e-8       #dY:19.2%  
  8.10e-3         5.749484e-8     1.1043e-8        #dY:19.2%  
  8.20e-3         5.784405e-8     1.11024e-8       #dY:19.2%  
  8.30e-3         5.819124e-8     1.11612e-8       #dY:19.2%  
  8.40e-3         5.853605e-8     1.12197e-8       #dY:19.2%  
  8.50e-3         5.887912e-8     1.12776e-8       #dY:19.2%  
  8.60e-3         5.921978e-8     1.13352e-8       #dY:19.1%  
  8.70e-3         5.955856e-8     1.13921e-8       #dY:19.1%  
  8.80e-3         5.989532e-8     1.14487e-8       #dY:19.1%  
  8.90e-3         6.023006e-8     1.15048e-8       #dY:19.1%  
  9.00e-3         6.056283e-8     1.15604e-8       #dY:19.1%  
  9.10e-3         6.089364e-8     1.16156e-8       #dY:19.1%  
  9.20e-3         6.122277e-8     1.16705e-8       #dY:19.1%  
  9.30e-3         6.154993e-8     1.17248e-8       #dY:19.0%  
  9.40e-3         6.187543e-8     1.17788e-8       #dY:19.0%  
  9.50e-3         6.219881e-8     1.18324e-8       #dY:19.0%  
  9.60e-3         6.252071e-8     1.18854e-8       #dY:19.0%  
  9.70e-3         6.284077e-8     1.19381e-8       #dY:19.0%  
  9.80e-3         6.31591e-8      1.19905e-8       #dY:19.0%  
  9.90e-3         6.347568e-8     1.20423e-8       #dY:19.0%  
  0.01            6.37907e-8      1.20939e-8       #dY:19.0%  
  0.011           6.685423e-8     1.26661e-8       #dY:18.9%  
  0.012           6.977495e-8     1.34079e-8       #dY:19.2%  
  0.013           7.257016e-8     1.3826e-8        #dY:19.1%  
  0.014           7.525416e-8     1.42198e-8       #dY:18.9%  
  0.015           7.783816e-8     1.45916e-8       #dY:18.7%  
  0.016           8.033176e-8     1.49436e-8       #dY:18.6%  
  0.017           8.274329e-8     1.52774e-8       #dY:18.5%  
  0.018           8.50795e-8      1.55947e-8       #dY:18.3%  
  0.019           8.73467e-8      1.58968e-8       #dY:18.2%  
  0.02            8.954982e-8     1.61849e-8       #dY:18.1%  
  0.021           9.169305e-8     1.64599e-8       #dY:18.0%  
  0.022           9.378128e-8     1.6723e-8        #dY:17.8%  
  0.023           9.581801e-8     1.69753e-8       #dY:17.7%  
  0.024           9.780579e-8     1.72172e-8       #dY:17.6%  
  0.025           9.974811e-8     1.7449e-8        #dY:17.5%  
  0.026           1.016475e-7     1.76715e-8       #dY:17.4%  
  0.027           1.035069e-7     1.7885e-8        #dY:17.3%  
  0.028           1.053276e-7     1.80897e-8       #dY:17.2%  
  0.029           1.07113e-7      1.82858e-8       #dY:17.1%  
  0.03            1.088635e-7     1.8473e-8        #dY:17.0%  
  0.031           1.105818e-7     1.8652e-8        #dY:16.9%  
  0.032           1.122694e-7     1.88231e-8       #dY:16.8%  
  0.033           1.139279e-7     1.89869e-8       #dY:16.7%  
  0.034           1.155572e-7     1.91437e-8       #dY:16.6%  
  0.035           1.171598e-7     1.92933e-8       #dY:16.5%  
  0.036           1.187367e-7     1.9437e-8        #dY:16.4%  
  0.037           1.20288e-7      1.95748e-8       #dY:16.3%  
  0.038           1.21814e-7      1.97065e-8       #dY:16.2%  
  0.039           1.233177e-7     1.98336e-8       #dY:16.1%  
  0.04            1.247996e-7     1.99573e-8       #dY:16.0%  
  0.041           1.262592e-7     2.00743e-8       #dY:15.9%  
  0.042           1.276969e-7     2.01895e-8       #dY:15.8%  
  0.043           1.291149e-7     2.02988e-8       #dY:15.7%  
  0.044           1.305137e-7     2.04052e-8       #dY:15.6%  
  0.045           1.31893e-7      2.05069e-8       #dY:15.5%  
  0.046           1.332537e-7     2.06054e-8       #dY:15.5%  
  0.047           1.345953e-7     2.07009e-8       #dY:15.4%  
  0.048           1.35922e-7      2.07929e-8       #dY:15.3%  
  0.049           1.372325e-7     2.0882e-8        #dY:15.2%  
  0.05            1.385236e-7     2.09688e-8       #dY:15.1%  
  0.051           1.398014e-7     2.10516e-8       #dY:15.1%  
  0.052           1.410638e-7     2.11327e-8       #dY:15.0%  
  0.053           1.423098e-7     2.12098e-8       #dY:14.9%  
  0.054           1.43542e-7      2.12848e-8       #dY:14.8%  
  0.055           1.447588e-7     2.13569e-8       #dY:14.8%  
  0.056           1.459642e-7     2.14258e-8       #dY:14.7%  
  0.057           1.471554e-7     2.14936e-8       #dY:14.6%  
  0.058           1.483323e-7     2.1558e-8        #dY:14.5%  
  0.059           1.49497e-7      2.16204e-8       #dY:14.5%  
  0.06            1.506488e-7     2.16799e-8       #dY:14.4%  
  0.061           1.517891e-7     2.17389e-8       #dY:14.3%  
  0.062           1.529176e-7     2.17957e-8       #dY:14.3%  
  0.063           1.54034e-7      2.18505e-8       #dY:14.2%  
  0.064           1.551401e-7     2.19031e-8       #dY:14.1%  
  0.065           1.562328e-7     2.19539e-8       #dY:14.1%  
  0.066           1.573164e-7     2.20028e-8       #dY:14.0%  
  0.067           1.583901e-7     2.20496e-8       #dY:13.9%  
  0.068           1.594516e-7     2.2096e-8        #dY:13.9%  
  0.069           1.605015e-7     2.21394e-8       #dY:13.8%  
  0.07            1.615426e-7     2.21809e-8       #dY:13.7%  
  0.071           1.625758e-7     2.22221e-8       #dY:13.7%  
  0.072           1.635972e-7     2.22606e-8       #dY:13.6%  
  0.073           1.646088e-7     2.22964e-8       #dY:13.5%  
  0.074           1.656124e-7     2.2332e-8        #dY:13.5%  
  0.075           1.666075e-7     2.23658e-8       #dY:13.4%  
  0.076           1.675925e-7     2.2398e-8        #dY:13.4%  
  0.077           1.685693e-7     2.24285e-8       #dY:13.3%  
  0.078           1.695398e-7     2.24573e-8       #dY:13.2%  
  0.079           1.70499e-7      2.24849e-8       #dY:13.2%  
  0.08            1.714514e-7     2.25104e-8       #dY:13.1%  
  0.081           1.72397e-7      2.25353e-8       #dY:13.1%  
  0.082           1.733333e-7     2.25582e-8       #dY:13.0%  
  0.083           1.742626e-7     2.25804e-8       #dY:13.0%  
  0.084           1.751821e-7     2.26015e-8       #dY:12.9%  
  0.085           1.760967e-7     2.26215e-8       #dY:12.8%  
  0.086           1.770029e-7     2.26407e-8       #dY:12.8%  
  0.087           1.779017e-7     2.26588e-8       #dY:12.7%  
  0.088           1.787948e-7     2.26755e-8       #dY:12.7%  
  0.089           1.79678e-7      2.2692e-8        #dY:12.6%  
  0.09            1.805567e-7     2.27068e-8       #dY:12.6%  
  0.091           1.814283e-7     2.27225e-8       #dY:12.5%  
  0.092           1.822914e-7     2.27367e-8       #dY:12.5%  
  0.093           1.831468e-7     2.27491e-8       #dY:12.4%  
  0.094           1.839973e-7     2.27607e-8       #dY:12.4%  
  0.095           1.848411e-7     2.27738e-8       #dY:12.3%  
  0.096           1.856786e-7     2.27854e-8       #dY:12.3%  
  0.097           1.865079e-7     2.2796e-8        #dY:12.2%  
  0.098           1.873338e-7     2.2806e-8        #dY:12.2%  
  0.099           1.881504e-7     2.28162e-8       #dY:12.1%  
  0.1             1.889627e-7     2.28243e-8       #dY:12.1%  
  0.11            1.967602e-7     2.3674e-8        #dY:12.0%  
  0.12            2.040469e-7     2.40702e-8       #dY:11.8%  
  0.13            2.108658e-7     2.39448e-8       #dY:11.4%  
  0.14            2.172631e-7     2.37926e-8       #dY:11.0%  
  0.15            2.232865e-7     2.36202e-8       #dY:10.6%  
  0.16            2.289539e-7     2.34319e-8       #dY:10.2%  
  0.17            2.342841e-7     2.32239e-8       #dY:9.9%   
  0.18            2.39326e-7      2.29974e-8       #dY:9.6%   
  0.19            2.44102e-7      2.27557e-8       #dY:9.3%   
  0.2             2.486324e-7     2.24984e-8       #dY:9.0%   
  0.21            2.529221e-7     2.22244e-8       #dY:8.8%   
  0.22            2.569659e-7     2.19239e-8       #dY:8.5%   
  0.23            2.608048e-7     2.15934e-8       #dY:8.3%   
  0.24            2.644772e-7     2.12573e-8       #dY:8.0%   
  0.25            2.679732e-7     2.09295e-8       #dY:7.8%   
  0.26            2.712728e-7     2.05945e-8       #dY:7.6%   
  0.27            2.74374e-7      2.02234e-8       #dY:7.4%   
  0.28            2.773147e-7     1.98194e-8       #dY:7.1%   
  0.29            2.801262e-7     1.94246e-8       #dY:6.9%   
  0.3             2.828148e-7     1.90629e-8       #dY:6.7%   
  0.31            2.853899e-7     1.87492e-8       #dY:6.6%   
  0.32            2.878149e-7     1.84591e-8       #dY:6.4%   
  0.33            2.900708e-7     1.81313e-8       #dY:6.3%   
  0.34            2.922091e-7     1.77574e-8       #dY:6.1%   
  0.35            2.942701e-7     1.74218e-8       #dY:5.9%   
  0.36            2.96214e-7      1.71462e-8       #dY:5.8%   
  0.37            2.979979e-7     1.68695e-8       #dY:5.7%   
  0.38            2.996431e-7     1.65389e-8       #dY:5.5%   
  0.39            3.012015e-7     1.61927e-8       #dY:5.4%   
  0.4             3.027152e-7     1.58991e-8       #dY:5.3%   
  0.41            3.041939e-7     1.57043e-8       #dY:5.2%   
  0.42            3.055996e-7     1.55949e-8       #dY:5.1%   
  0.43            3.068924e-7     1.54993e-8       #dY:5.1%   
  0.44            3.080644e-7     1.53642e-8       #dY:5.0%   
  0.45            3.091368e-7     1.51904e-8       #dY:4.9%   
  0.46            3.101238e-7     1.50001e-8       #dY:4.8%   
  0.47            3.110517e-7     1.48204e-8       #dY:4.8%   
  0.48            3.119229e-7     1.46629e-8       #dY:4.7%   
  0.49            3.127468e-7     1.45334e-8       #dY:4.6%   
  0.5             3.135234e-7     1.44285e-8       #dY:4.6%   
  0.51            3.142541e-7     1.43401e-8       #dY:4.6%   
  0.52            3.14942e-7      1.42562e-8       #dY:4.5%   
  0.53            3.155914e-7     1.41656e-8       #dY:4.5%   
  0.54            3.162065e-7     1.40611e-8       #dY:4.4%   
  0.55            3.167719e-7     1.39422e-8       #dY:4.4%   
  0.56            3.172838e-7     1.3815e-8        #dY:4.4%   
  0.57            3.177523e-7     1.36731e-8       #dY:4.3%   
  0.58            3.181768e-7     1.35096e-8       #dY:4.2%   
  0.59            3.185398e-7     1.33496e-8       #dY:4.2%   
  0.6             3.188513e-7     1.32165e-8       #dY:4.1%   
  0.61            3.191716e-7     1.30641e-8       #dY:4.1%   
  0.62            3.195035e-7     1.28563e-8       #dY:4.0%   
  0.63            3.197918e-7     1.26211e-8       #dY:3.9%   
  0.64            3.200399e-7     1.2418e-8        #dY:3.9%   
  0.65            3.202452e-7     1.22686e-8       #dY:3.8%   
  0.66            3.20406e-7      1.21478e-8       #dY:3.8%   
  0.67            3.205035e-7     1.20395e-8       #dY:3.8%   
  0.68            3.205409e-7     1.19476e-8       #dY:3.7%   
  0.69            3.205407e-7     1.18659e-8       #dY:3.7%   
  0.7             3.205248e-7     1.17515e-8       #dY:3.7%   
  0.71            3.20495e-7      1.15912e-8       #dY:3.6%   
  0.72            3.204577e-7     1.13848e-8       #dY:3.6%   
  0.73            3.204265e-7     1.11336e-8       #dY:3.5%   
  0.74            3.203895e-7     1.08574e-8       #dY:3.4%   
  0.75            3.20333e-7      1.05829e-8       #dY:3.3%   
  0.76            3.202515e-7     1.03389e-8       #dY:3.2%   
  0.77            3.201406e-7     1.02145e-8       #dY:3.2%   
  0.78            3.200102e-7     1.01436e-8       #dY:3.2%   
  0.79            3.198541e-7     1.00856e-8       #dY:3.2%   
  0.8             3.196619e-7     1.00519e-8       #dY:3.1%   
  0.81            3.194466e-7     1.00432e-8       #dY:3.1%   
  0.82            3.192177e-7     1.00434e-8       #dY:3.1%   
  0.83            3.189732e-7     1.003e-8         #dY:3.1%   
  0.84            3.187127e-7     9.98325e-9       #dY:3.1%   
  0.85            3.184321e-7     9.92332e-9       #dY:3.1%   
  0.86            3.181269e-7     9.8709e-9        #dY:3.1%   
  0.87            3.178033e-7     9.847e-9         #dY:3.1%   
  0.88            3.174493e-7     9.84931e-9       #dY:3.1%   
  0.89            3.170747e-7     9.89222e-9       #dY:3.1%   
  0.9             3.16696e-7      9.94892e-9       #dY:3.1%   
  0.91            3.163194e-7     9.9911e-9        #dY:3.2%   
  0.92            3.159532e-7     9.99611e-9       #dY:3.2%   
  0.93            3.155931e-7     9.94533e-9       #dY:3.2%   
  0.94            3.152242e-7     9.85608e-9       #dY:3.1%   
  0.95            3.148291e-7     9.7832e-9        #dY:3.1%   
  0.96            3.144078e-7     9.75561e-9       #dY:3.1%   
  0.97            3.139646e-7     9.7712e-9        #dY:3.1%   
  0.98            3.13504e-7      9.81025e-9       #dY:3.1%   
  0.99            3.130388e-7     9.85116e-9       #dY:3.1%   
  1               3.125663e-7     9.87992e-9       #dY:3.2%   
  1.1             3.075525e-7     9.74491e-9       #dY:3.2%   
  1.2             3.017687e-7     9.4413e-9        #dY:3.1%   
  1.3             2.953207e-7     9.02446e-9       #dY:3.1%   
  1.4             2.882778e-7     8.33734e-9       #dY:2.9%   
  1.5             2.807547e-7     7.62952e-9       #dY:2.7%   
  1.6             2.726452e-7     7.13923e-9       #dY:2.6%   
  1.7             2.642325e-7     6.74203e-9       #dY:2.6%   
  1.8             2.554796e-7     6.4325e-9        #dY:2.5%   
  1.9             2.464084e-7     6.2724e-9        #dY:2.5%   
  2               2.371325e-7     6.06203e-9       #dY:2.6%   
  2.1             2.277861e-7     5.82598e-9       #dY:2.6%   
  2.2             2.183561e-7     5.56512e-9       #dY:2.5%   
  2.3             2.089294e-7     5.32902e-9       #dY:2.6%   
  2.4             1.996099e-7     5.0863e-9        #dY:2.5%   
  2.5             1.904057e-7     4.85353e-9       #dY:2.5%   
  2.6             1.813751e-7     4.60528e-9       #dY:2.5%   
  2.7             1.72576e-7      4.40785e-9       #dY:2.6%   
  2.8             1.640016e-7     4.2105e-9        #dY:2.6%   
  2.9             1.55718e-7      4.03583e-9       #dY:2.6%   
  3               1.477202e-7     3.85917e-9       #dY:2.6%   
  3.1             1.40007e-7      3.70097e-9       #dY:2.6%   
  3.2             1.326115e-7     3.55345e-9       #dY:2.7%   
  3.3             1.255113e-7     3.40601e-9       #dY:2.7%   
  3.4             1.187093e-7     3.26487e-9       #dY:2.8%   
  3.5             1.122211e-7     3.12735e-9       #dY:2.8%   
  3.6             1.060382e-7     2.99619e-9       #dY:2.8%   
  3.7             1.001273e-7     2.86566e-9       #dY:2.9%   
  3.8             9.451119e-8     2.73911e-9       #dY:2.9%   
  3.9             8.916345e-8     2.61519e-9       #dY:2.9%   
  4               8.410365e-8     2.50055e-9       #dY:3.0%   
  4.1             7.929627e-8     2.39721e-9       #dY:3.0%   
  4.2             7.474512e-8     2.29367e-9       #dY:3.1%   
  4.3             7.043464e-8     2.20529e-9       #dY:3.1%   
  4.4             6.636661e-8     2.12163e-9       #dY:3.2%   
  4.5             6.25214e-8      2.04216e-9       #dY:3.3%   
  4.6             5.889065e-8     1.97294e-9       #dY:3.4%   
  4.7             5.545741e-8     1.90603e-9       #dY:3.4%   
  4.8             5.221694e-8     1.84173e-9       #dY:3.5%   
  4.9             4.915404e-8     1.78135e-9       #dY:3.6%   
  5               4.626188e-8     1.71875e-9       #dY:3.7%   
  5.1             4.353247e-8     1.66172e-9       #dY:3.8%   
  5.2             4.09558e-8      1.60494e-9       #dY:3.9%   
  5.3             3.85248e-8      1.54566e-9       #dY:4.0%   
  5.4             3.623027e-8     1.49127e-9       #dY:4.1%   
  5.5             3.406435e-8     1.43669e-9       #dY:4.2%   
  5.6             3.202242e-8     1.38132e-9       #dY:4.3%   
  5.7             3.009496e-8     1.33017e-9       #dY:4.4%   
  5.8             2.827392e-8     1.28046e-9       #dY:4.5%   
  5.9             2.655758e-8     1.23105e-9       #dY:4.6%   
  6               2.493671e-8     1.18506e-9       #dY:4.8%   
  6.1             2.340607e-8     1.14223e-9       #dY:4.9%   
  6.2             2.196307e-8     1.10096e-9       #dY:5.0%   
  6.3             2.060253e-8     1.06211e-9       #dY:5.2%   
  6.4             1.931846e-8     1.02558e-9       #dY:5.3%   
  6.5             1.810819e-8     9.88141e-10      #dY:5.5%   
  6.6             1.69695e-8      9.51486e-10      #dY:5.6%   
  6.7             1.589731e-8     9.17741e-10      #dY:5.8%   
  6.8             1.48875e-8      8.84258e-10      #dY:5.9%   
  6.9             1.393835e-8     8.50872e-10      #dY:6.1%   
  7               1.304615e-8     8.1953e-10       #dY:6.3%   
  7.1             1.220742e-8     7.89299e-10      #dY:6.5%   
  7.2             1.141956e-8     7.59205e-10      #dY:6.6%   
  7.3             1.067986e-8     7.30532e-10      #dY:6.8%   
  7.4             9.9858e-9       7.04278e-10      #dY:7.1%   
  7.5             9.335001e-9     6.78975e-10      #dY:7.3%   
  7.6             8.724678e-9     6.54642e-10      #dY:7.5%   
  7.7             8.152669e-9     6.31661e-10      #dY:7.7%   
  7.8             7.617569e-9     6.10052e-10      #dY:8.0%   
  7.9             7.116482e-9     5.89072e-10      #dY:8.3%   
  8               6.646876e-9     5.69024e-10      #dY:8.6%   
  8.1             6.207475e-9     5.50127e-10      #dY:8.9%   
  8.2             5.796679e-9     5.31692e-10      #dY:9.2%   
  8.3             5.412519e-9     5.13769e-10      #dY:9.5%   
  8.4             5.05297e-9      4.96057e-10      #dY:9.8%   
  8.5             4.717144e-9     4.79158e-10      #dY:10.2%  
  8.6             4.403367e-9     4.62763e-10      #dY:10.5%  
  8.7             4.109773e-9     4.4658e-10       #dY:10.9%  
  8.8             3.835636e-9     4.30882e-10      #dY:11.2%  
  8.9             3.579737e-9     4.1562e-10       #dY:11.6%  
  9               3.340923e-9     4.00618e-10      #dY:12.0%  
  9.1             3.117829e-9     3.85732e-10      #dY:12.4%  
  9.2             2.909499e-9     3.71264e-10      #dY:12.8%  
  9.3             2.715001e-9     3.5729e-10       #dY:13.2%  
  9.4             2.533313e-9     3.43579e-10      #dY:13.6%  
  9.5             2.36377e-9      3.30283e-10      #dY:14.0%  
  9.6             2.205576e-9     3.17387e-10      #dY:14.4%  
  9.7             2.05802e-9      3.04807e-10      #dY:14.8%  
  9.8             1.920274e-9     2.9253e-10       #dY:15.2%  
  9.9             1.791726e-9     2.80637e-10      #dY:15.7%  
  10              1.671779e-9     2.69139e-10      #dY:16.1%  
  10.2            1.455298e-9     2.40729e-10      #dY:16.5%  
  10.4            1.266881e-9     2.13105e-10      #dY:16.8%  
  10.6            1.102881e-9     1.95453e-10      #dY:17.7%  
  10.8            9.60118e-10     1.79071e-10      #dY:18.7%  
  11              8.35766e-10     1.63822e-10      #dY:19.6%  
  11.2            7.27535e-10     1.49801e-10      #dY:20.6%  
  11.4            6.33283e-10     1.36819e-10      #dY:21.6%  
  11.6            5.51164e-10     1.24879e-10      #dY:22.7%  
  11.8            4.79632e-10     1.13808e-10      #dY:23.7%  
  12              4.17346e-10     1.03684e-10      #dY:24.8%  
  12.2            3.63081e-10     9.43603e-11      #dY:26.0%  
  12.4            3.15809e-10     8.57802e-11      #dY:27.2%  
  12.6            2.74642e-10     7.79215e-11      #dY:28.4%  
  12.8            2.38787e-10     7.07107e-11      #dY:29.6%  
  13              2.07555e-10     6.40942e-11      #dY:30.9%  
  13.2            1.80366e-10     5.80201e-11      #dY:32.2%  
  13.4            1.56695e-10     5.24611e-11      #dY:33.5%  
  13.6            1.36095e-10     4.73658e-11      #dY:34.8%  
  13.8            1.18174e-10     4.27184e-11      #dY:36.1%  
  14              1.0259e-10      3.84924e-11      #dY:37.5%  
  14.2            8.90374e-11     3.46523e-11      #dY:38.9%  
  14.4            7.72541e-11     3.11642e-11      #dY:40.3%  
  14.6            6.70123e-11     2.79991e-11      #dY:41.8%  
  14.8            5.81113e-11     2.51294e-11      #dY:43.2%  
  15              5.03796e-11     2.25296e-11      #dY:44.7%  
  15.2            4.36682e-11     2.0183e-11       #dY:46.2%  
  15.4            3.78425e-11     1.80688e-11      #dY:47.7%  
  15.6            3.27874e-11     1.61667e-11      #dY:49.3%  
  15.8            2.8402e-11      1.44551e-11      #dY:50.9%  
  16              2.45977e-11     1.29164e-11      #dY:52.5%  
  16.2            2.12984e-11     1.1534e-11       #dY:54.2%  
  16.4            1.84379e-11     1.02926e-11      #dY:55.8%  
  16.6            1.5959e-11      9.18008e-12      #dY:57.5%  
  16.8            1.38112e-11     8.18386e-12      #dY:59.3%  
  17              1.19505e-11     7.2924e-12       #dY:61.0%  
  17.2            1.03388e-11     6.49489e-12      #dY:62.8%  
  17.4            8.94302e-12     5.78216e-12      #dY:64.7%  
  17.6            7.73436e-12     5.14529e-12      #dY:66.5%  
  17.8            6.68836e-12     4.57659e-12      #dY:68.4%  
  18              5.78324e-12     4.06912e-12      #dY:70.4%  
  18.2            5.0001e-12      3.6164e-12       #dY:72.3%  
  18.4            4.32263e-12     3.21276e-12      #dY:74.3%  
  18.6            3.73671e-12     2.85323e-12      #dY:76.4%  
  18.8            3.22989e-12     2.533e-12        #dY:78.4%  
  19              2.79167e-12     2.24793e-12      #dY:80.5%  
  19.2            2.41284e-12     1.99431e-12      #dY:82.7%  
  19.4            2.08534e-12     1.7687e-12       #dY:84.8%  
  19.6            1.80224e-12     1.56807e-12      #dY:87.0%  
  19.8            1.55765e-12     1.38989e-12      #dY:89.2%  
  20              1.34623e-12     1.2316e-12       #dY:91.5%  
  20.2            1.1635e-12      1.091e-12        #dY:93.8%  
  20.4            1.0056e-12      9.66215e-13      #dY:96.1%  
  20.6            8.69099e-13     8.55445e-13      #dY:98.4%  
  20.8            7.51126e-13     7.57159e-13      #dY:100.8% 
  21              6.49196e-13     6.70042e-13      #dY:103.2% 
  21.2            5.61112e-13     5.9282e-13       #dY:105.7% 
  21.4            4.84988e-13     5.24368e-13      #dY:108.1% 
  21.6            4.19199e-13     4.63719e-13      #dY:110.6% 
  21.8            3.6232e-13      4.09973e-13      #dY:113.2% 
  22              3.13152e-13     3.62362e-13      #dY:115.7% 
  22.2            2.70659e-13     3.20219e-13      #dY:118.3% 
  22.4            2.33926e-13     2.82914e-13      #dY:120.9% 
  22.6            2.0218e-13      2.49904e-13      #dY:123.6% 
  22.8            1.74737e-13     2.20698e-13      #dY:126.3% 
  23              1.51011e-13     1.94855e-13      #dY:129.0% 
  23.2            1.30501e-13     1.71997e-13      #dY:131.8% 
  23.4            1.12772e-13     1.51791e-13      #dY:134.6% 
  23.6            9.74469e-14     1.33928e-13      #dY:137.4% 
  23.8            8.42019e-14     1.18142e-13      #dY:140.3% 
  24              7.27554e-14     1.04198e-13      #dY:143.2% 
  24.2            6.28617e-14     9.18794e-14      #dY:146.2% 
  24.4            5.43112e-14     8.09989e-14      #dY:149.1% 
  24.6            4.69229e-14     7.13922e-14      #dY:152.1% 
  24.8            4.05384e-14     6.29137e-14      #dY:155.2% 
  25              3.50209e-14     5.54308e-14      #dY:158.3% 
  25.2            3.02531e-14     4.88266e-14      #dY:161.4% 
  25.4            2.6133e-14      4.30008e-14      #dY:164.5% 
  25.6            2.25725e-14     3.78628e-14      #dY:167.7% 
  25.8            1.94958e-14     3.33323e-14      #dY:171.0% 
  26              1.68375e-14     2.93372e-14      #dY:174.2% 
  26.2            1.45407e-14     2.58163e-14      #dY:177.5% 
  26.4            1.25563e-14     2.27132e-14      #dY:180.9% 
  26.6            1.08422e-14     1.99791e-14      #dY:184.3% 
  26.8            9.3613e-15      1.75704e-14      #dY:187.7% 
  27              8.08213e-15     1.54487e-14      #dY:191.1% 
  27.2            6.97751e-15     1.35808e-14      #dY:194.6% 
  27.4            6.02338e-15     1.19366e-14      #dY:198.2% 
  27.6            5.19932e-15     1.04887e-14      #dY:201.7% 
  27.8            4.48783e-15     9.21492e-15      #dY:205.3% 
  28              3.87351e-15     8.09481e-15      #dY:209.0% 
  28.2            3.34294e-15     7.10946e-15      #dY:212.7% 
  28.4            2.88487e-15     6.24276e-15      #dY:216.4% 
  28.6            2.4894e-15      5.48096e-15      #dY:220.2% 
  28.8            2.14793e-15     4.81113e-15      #dY:224.0% 
  29              1.85314e-15     4.22225e-15      #dY:227.8% 
  29.2            1.59864e-15     3.70473e-15      #dY:231.7% 
  29.4            1.37897e-15     3.25e-15         #dY:235.7% 
  29.6            1.18937e-15     2.85051e-15      #dY:239.7% 
  29.8            1.02572e-15     2.49958e-15      #dY:243.7% 
  30              0.00            0.00                        
//
#-------------------------------------------------------------------------------
#
#name:   INDEN-Aug2023: PU-239(N,F) E_in=5. MeV
#X.axis: Energy
#Y.axis: 
#wdata:  3
#ldata:  642
#data...
# X               Y               +-dY           
# MeV             1/eV            1/eV           
  0.00            0.00            0.00                        
  1.00e-5         2.009452e-9     8.24223e-11      #dY:4.1%   
  1.10e-5         2.107536e-9     8.64455e-11      #dY:4.1%   
  1.20e-5         2.201256e-9     4.62191e-10      #dY:21.0%  
  1.30e-5         2.291146e-9     4.80074e-10      #dY:21.0%  
  1.40e-5         2.377645e-9     4.97353e-10      #dY:20.9%  
  1.50e-5         2.461114e-9     5.14067e-10      #dY:20.9%  
  1.60e-5         2.541833e-9     5.30248e-10      #dY:20.9%  
  1.70e-5         2.620073e-9     5.45966e-10      #dY:20.8%  
  1.80e-5         2.696043e-9     5.61241e-10      #dY:20.8%  
  1.90e-5         2.769935e-9     5.76126e-10      #dY:20.8%  
  2.00e-5         2.841911e-9     5.90633e-10      #dY:20.8%  
  2.10e-5         2.912088e-9     6.04801e-10      #dY:20.8%  
  2.20e-5         2.980631e-9     6.18635e-10      #dY:20.8%  
  2.30e-5         3.047628e-9     6.3218e-10       #dY:20.7%  
  2.40e-5         3.113186e-9     6.45432e-10      #dY:20.7%  
  2.50e-5         3.177386e-9     6.58435e-10      #dY:20.7%  
  2.60e-5         3.240321e-9     6.71171e-10      #dY:20.7%  
  2.70e-5         3.302067e-9     6.83694e-10      #dY:20.7%  
  2.80e-5         3.362665e-9     6.95972e-10      #dY:20.7%  
  2.90e-5         3.422178e-9     7.0804e-10       #dY:20.7%  
  3.00e-5         3.480692e-9     7.19907e-10      #dY:20.7%  
  3.10e-5         3.53824e-9      7.31586e-10      #dY:20.7%  
  3.20e-5         3.594871e-9     7.43071e-10      #dY:20.7%  
  3.30e-5         3.650616e-9     7.544e-10        #dY:20.7%  
  3.40e-5         3.705535e-9     7.65557e-10      #dY:20.7%  
  3.50e-5         3.759637e-9     7.76537e-10      #dY:20.7%  
  3.60e-5         3.812984e-9     7.87381e-10      #dY:20.6%  
  3.70e-5         3.865587e-9     7.98073e-10      #dY:20.6%  
  3.80e-5         3.917486e-9     8.08623e-10      #dY:20.6%  
  3.90e-5         3.968708e-9     8.19031e-10      #dY:20.6%  
  4.00e-5         4.019262e-9     8.29311e-10      #dY:20.6%  
  4.10e-5         4.069218e-9     8.39469e-10      #dY:20.6%  
  4.20e-5         4.118549e-9     8.49497e-10      #dY:20.6%  
  4.30e-5         4.167293e-9     8.59416e-10      #dY:20.6%  
  4.40e-5         4.215484e-9     8.69216e-10      #dY:20.6%  
  4.50e-5         4.263127e-9     8.7892e-10       #dY:20.6%  
  4.60e-5         4.310232e-9     8.88506e-10      #dY:20.6%  
  4.70e-5         4.356847e-9     8.97997e-10      #dY:20.6%  
  4.80e-5         4.40298e-9      9.07381e-10      #dY:20.6%  
  4.90e-5         4.448596e-9     9.16669e-10      #dY:20.6%  
  5.00e-5         4.493788e-9     9.25867e-10      #dY:20.6%  
  5.10e-5         4.538511e-9     9.34975e-10      #dY:20.6%  
  5.20e-5         4.582785e-9     9.43986e-10      #dY:20.6%  
  5.30e-5         4.626658e-9     9.52928e-10      #dY:20.6%  
  5.40e-5         4.670116e-9     9.61775e-10      #dY:20.6%  
  5.50e-5         4.713142e-9     9.70542e-10      #dY:20.6%  
  5.60e-5         4.755818e-9     9.79234e-10      #dY:20.6%  
  5.70e-5         4.798101e-9     9.8785e-10       #dY:20.6%  
  5.80e-5         4.840021e-9     9.96393e-10      #dY:20.6%  
  5.90e-5         4.881566e-9     1.00485e-9       #dY:20.6%  
  6.00e-5         4.922775e-9     1.01324e-9       #dY:20.6%  
  6.10e-5         4.963643e-9     1.02158e-9       #dY:20.6%  
  6.20e-5         5.00418e-9      1.02983e-9       #dY:20.6%  
  6.30e-5         5.044375e-9     1.03802e-9       #dY:20.6%  
  6.40e-5         5.084261e-9     1.04615e-9       #dY:20.6%  
  6.50e-5         5.123844e-9     1.05421e-9       #dY:20.6%  
  6.60e-5         5.163114e-9     1.06222e-9       #dY:20.6%  
  6.70e-5         5.202101e-9     1.07017e-9       #dY:20.6%  
  6.80e-5         5.240781e-9     1.07804e-9       #dY:20.6%  
  6.90e-5         5.279187e-9     1.08587e-9       #dY:20.6%  
  7.00e-5         5.317308e-9     1.09365e-9       #dY:20.6%  
  7.10e-5         5.355162e-9     1.10136e-9       #dY:20.6%  
  7.20e-5         5.392759e-9     1.10902e-9       #dY:20.6%  
  7.30e-5         5.430076e-9     1.11662e-9       #dY:20.6%  
  7.40e-5         5.467162e-9     1.12419e-9       #dY:20.6%  
  7.50e-5         5.503989e-9     1.13169e-9       #dY:20.6%  
  7.60e-5         5.540564e-9     1.13914e-9       #dY:20.6%  
  7.70e-5         5.576905e-9     1.14656e-9       #dY:20.6%  
  7.80e-5         5.613029e-9     1.15391e-9       #dY:20.6%  
  7.90e-5         5.648893e-9     1.16122e-9       #dY:20.6%  
  8.00e-5         5.684543e-9     1.16848e-9       #dY:20.6%  
  8.10e-5         5.719983e-9     1.17571e-9       #dY:20.6%  
  8.20e-5         5.755173e-9     1.18289e-9       #dY:20.6%  
  8.30e-5         5.790175e-9     1.19001e-9       #dY:20.6%  
  8.40e-5         5.824954e-9     1.19712e-9       #dY:20.6%  
  8.50e-5         5.859527e-9     1.20417e-9       #dY:20.6%  
  8.60e-5         5.89391e-9      1.21117e-9       #dY:20.5%  
  8.70e-5         5.928086e-9     1.21814e-9       #dY:20.5%  
  8.80e-5         5.962067e-9     1.22507e-9       #dY:20.5%  
  8.90e-5         5.995857e-9     1.23196e-9       #dY:20.5%  
  9.00e-5         6.029458e-9     1.2388e-9        #dY:20.5%  
  9.10e-5         6.062888e-9     1.24562e-9       #dY:20.5%  
  9.20e-5         6.096103e-9     1.25239e-9       #dY:20.5%  
  9.30e-5         6.129159e-9     1.25913e-9       #dY:20.5%  
  9.40e-5         6.162031e-9     1.26583e-9       #dY:20.5%  
  9.50e-5         6.194721e-9     1.2725e-9        #dY:20.5%  
  9.60e-5         6.227259e-9     1.27914e-9       #dY:20.5%  
  9.70e-5         6.2596e-9       1.28572e-9       #dY:20.5%  
  9.80e-5         6.291814e-9     1.2923e-9        #dY:20.5%  
  9.90e-5         6.323836e-9     1.29882e-9       #dY:20.5%  
  1.00e-4         6.355711e-9     1.30533e-9       #dY:20.5%  
  1.10e-4         6.666004e-9     1.36899e-9       #dY:20.5%  
  1.20e-4         6.962504e-9     1.46012e-9       #dY:21.0%  
  1.30e-4         7.246907e-9     1.51653e-9       #dY:20.9%  
  1.40e-4         7.520553e-9     1.57092e-9       #dY:20.9%  
  1.50e-4         7.784603e-9     1.62352e-9       #dY:20.9%  
  1.60e-4         8.039971e-9     1.67451e-9       #dY:20.8%  
  1.70e-4         8.287513e-9     1.72398e-9       #dY:20.8%  
  1.80e-4         8.527866e-9     1.77208e-9       #dY:20.8%  
  1.90e-4         8.761627e-9     1.8189e-9        #dY:20.8%  
  2.00e-4         8.989317e-9     1.86455e-9       #dY:20.7%  
  2.10e-4         9.211392e-9     1.90912e-9       #dY:20.7%  
  2.20e-4         9.428237e-9     1.95263e-9       #dY:20.7%  
  2.30e-4         9.64021e-9      1.99522e-9       #dY:20.7%  
  2.40e-4         9.847659e-9     2.03687e-9       #dY:20.7%  
  2.50e-4         1.005081e-8     2.07771e-9       #dY:20.7%  
  2.60e-4         1.024992e-8     2.11771e-9       #dY:20.7%  
  2.70e-4         1.044521e-8     2.15705e-9       #dY:20.7%  
  2.80e-4         1.063704e-8     2.19562e-9       #dY:20.6%  
  2.90e-4         1.082532e-8     2.23343e-9       #dY:20.6%  
  3.00e-4         1.101051e-8     2.27067e-9       #dY:20.6%  
  3.10e-4         1.119254e-8     2.30736e-9       #dY:20.6%  
  3.20e-4         1.137168e-8     2.34339e-9       #dY:20.6%  
  3.30e-4         1.154811e-8     2.3789e-9        #dY:20.6%  
  3.40e-4         1.172179e-8     2.41389e-9       #dY:20.6%  
  3.50e-4         1.189303e-8     2.44832e-9       #dY:20.6%  
  3.60e-4         1.206181e-8     2.48226e-9       #dY:20.6%  
  3.70e-4         1.222821e-8     2.51586e-9       #dY:20.6%  
  3.80e-4         1.239246e-8     2.5489e-9        #dY:20.6%  
  3.90e-4         1.255464e-8     2.58151e-9       #dY:20.6%  
  4.00e-4         1.271451e-8     2.61357e-9       #dY:20.6%  
  4.10e-4         1.287253e-8     2.64547e-9       #dY:20.6%  
  4.20e-4         1.302851e-8     2.67681e-9       #dY:20.5%  
  4.30e-4         1.318295e-8     2.70788e-9       #dY:20.5%  
  4.40e-4         1.333533e-8     2.73848e-9       #dY:20.5%  
  4.50e-4         1.348611e-8     2.76889e-9       #dY:20.5%  
  4.60e-4         1.363526e-8     2.79881e-9       #dY:20.5%  
  4.70e-4         1.378256e-8     2.8284e-9        #dY:20.5%  
  4.80e-4         1.392852e-8     2.8579e-9        #dY:20.5%  
  4.90e-4         1.407297e-8     2.88684e-9       #dY:20.5%  
  5.00e-4         1.421586e-8     2.91566e-9       #dY:20.5%  
  5.10e-4         1.435733e-8     2.94398e-9       #dY:20.5%  
  5.20e-4         1.449747e-8     2.97217e-9       #dY:20.5%  
  5.30e-4         1.463612e-8     2.99998e-9       #dY:20.5%  
  5.40e-4         1.47737e-8      3.0277e-9        #dY:20.5%  
  5.50e-4         1.490994e-8     3.05498e-9       #dY:20.5%  
  5.60e-4         1.50449e-8      3.08214e-9       #dY:20.5%  
  5.70e-4         1.517854e-8     3.10888e-9       #dY:20.5%  
  5.80e-4         1.531117e-8     3.13551e-9       #dY:20.5%  
  5.90e-4         1.54427e-8      3.1619e-9        #dY:20.5%  
  6.00e-4         1.557303e-8     3.18818e-9       #dY:20.5%  
  6.10e-4         1.570229e-8     3.21391e-9       #dY:20.5%  
  6.20e-4         1.583064e-8     3.23978e-9       #dY:20.5%  
  6.30e-4         1.595775e-8     3.26536e-9       #dY:20.5%  
  6.40e-4         1.608388e-8     3.29053e-9       #dY:20.5%  
  6.50e-4         1.620909e-8     3.31555e-9       #dY:20.5%  
  6.60e-4         1.633339e-8     3.34056e-9       #dY:20.5%  
  6.70e-4         1.645673e-8     3.3653e-9        #dY:20.4%  
  6.80e-4         1.657905e-8     3.38981e-9       #dY:20.4%  
  6.90e-4         1.670058e-8     3.41406e-9       #dY:20.4%  
  7.00e-4         1.682119e-8     3.43829e-9       #dY:20.4%  
  7.10e-4         1.694097e-8     3.46225e-9       #dY:20.4%  
  7.20e-4         1.705967e-8     3.48609e-9       #dY:20.4%  
  7.30e-4         1.717783e-8     3.50978e-9       #dY:20.4%  
  7.40e-4         1.729514e-8     3.53316e-9       #dY:20.4%  
  7.50e-4         1.741147e-8     3.55662e-9       #dY:20.4%  
  7.60e-4         1.752722e-8     3.57966e-9       #dY:20.4%  
  7.70e-4         1.764214e-8     3.60271e-9       #dY:20.4%  
  7.80e-4         1.77564e-8      3.62558e-9       #dY:20.4%  
  7.90e-4         1.787001e-8     3.64821e-9       #dY:20.4%  
  8.00e-4         1.798275e-8     3.67079e-9       #dY:20.4%  
  8.10e-4         1.809469e-8     3.69319e-9       #dY:20.4%  
  8.20e-4         1.820601e-8     3.71535e-9       #dY:20.4%  
  8.30e-4         1.831679e-8     3.73757e-9       #dY:20.4%  
  8.40e-4         1.842674e-8     3.75948e-9       #dY:20.4%  
  8.50e-4         1.853592e-8     3.78127e-9       #dY:20.4%  
  8.60e-4         1.864475e-8     3.80307e-9       #dY:20.4%  
  8.70e-4         1.875289e-8     3.82478e-9       #dY:20.4%  
  8.80e-4         1.886021e-8     3.8461e-9        #dY:20.4%  
  8.90e-4         1.896709e-8     3.86742e-9       #dY:20.4%  
  9.00e-4         1.907331e-8     3.8886e-9        #dY:20.4%  
  9.10e-4         1.917905e-8     3.90975e-9       #dY:20.4%  
  9.20e-4         1.928432e-8     3.93079e-9       #dY:20.4%  
  9.30e-4         1.938871e-8     3.95152e-9       #dY:20.4%  
  9.40e-4         1.949259e-8     3.97222e-9       #dY:20.4%  
  9.50e-4         1.959611e-8     3.99285e-9       #dY:20.4%  
  9.60e-4         1.969892e-8     4.01327e-9       #dY:20.4%  
  9.70e-4         1.980109e-8     4.03373e-9       #dY:20.4%  
  9.80e-4         1.990296e-8     4.05401e-9       #dY:20.4%  
  9.90e-4         2.000432e-8     4.07413e-9       #dY:20.4%  
  1.00e-3         2.0105e-8       4.09422e-9       #dY:20.4%  
  1.10e-3         2.108591e-8     4.29347e-9       #dY:20.4%  
  1.20e-3         2.202311e-8     4.5758e-9        #dY:20.8%  
  1.30e-3         2.292168e-8     4.74882e-9       #dY:20.7%  
  1.40e-3         2.378643e-8     4.91561e-9       #dY:20.7%  
  1.50e-3         2.46206e-8      5.07656e-9       #dY:20.6%  
  1.60e-3         2.5427e-8       5.23202e-9       #dY:20.6%  
  1.70e-3         2.620857e-8     5.38272e-9       #dY:20.5%  
  1.80e-3         2.696743e-8     5.52886e-9       #dY:20.5%  
  1.90e-3         2.770526e-8     5.67089e-9       #dY:20.5%  
  2.00e-3         2.842382e-8     5.80892e-9       #dY:20.4%  
  2.10e-3         2.912434e-8     5.94353e-9       #dY:20.4%  
  2.20e-3         2.980845e-8     6.07469e-9       #dY:20.4%  
  2.30e-3         3.047696e-8     6.20282e-9       #dY:20.4%  
  2.40e-3         3.113067e-8     6.32784e-9       #dY:20.3%  
  2.50e-3         3.177114e-8     6.45017e-9       #dY:20.3%  
  2.60e-3         3.239848e-8     6.56975e-9       #dY:20.3%  
  2.70e-3         3.301398e-8     6.68686e-9       #dY:20.3%  
  2.80e-3         3.361803e-8     6.8017e-9        #dY:20.2%  
  2.90e-3         3.421119e-8     6.91423e-9       #dY:20.2%  
  3.00e-3         3.479412e-8     7.02459e-9       #dY:20.2%  
  3.10e-3         3.536725e-8     7.13295e-9       #dY:20.2%  
  3.20e-3         3.593103e-8     7.23924e-9       #dY:20.1%  
  3.30e-3         3.648602e-8     7.34378e-9       #dY:20.1%  
  3.40e-3         3.703266e-8     7.44644e-9       #dY:20.1%  
  3.50e-3         3.757108e-8     7.54759e-9       #dY:20.1%  
  3.60e-3         3.810167e-8     7.6468e-9        #dY:20.1%  
  3.70e-3         3.862498e-8     7.74464e-9       #dY:20.1%  
  3.80e-3         3.914111e-8     7.84095e-9       #dY:20.0%  
  3.90e-3         3.965029e-8     7.93561e-9       #dY:20.0%  
  4.00e-3         4.015302e-8     8.02914e-9       #dY:20.0%  
  4.10e-3         4.064935e-8     8.12116e-9       #dY:20.0%  
  4.20e-3         4.113952e-8     8.21183e-9       #dY:20.0%  
  4.30e-3         4.162375e-8     8.30138e-9       #dY:19.9%  
  4.40e-3         4.210241e-8     8.3896e-9        #dY:19.9%  
  4.50e-3         4.257538e-8     8.47661e-9       #dY:19.9%  
  4.60e-3         4.304319e-8     8.56266e-9       #dY:19.9%  
  4.70e-3         4.350566e-8     8.64745e-9       #dY:19.9%  
  4.80e-3         4.39634e-8      8.73128e-9       #dY:19.9%  
  4.90e-3         4.441596e-8     8.81384e-9       #dY:19.8%  
  5.00e-3         4.486396e-8     8.89564e-9       #dY:19.8%  
  5.10e-3         4.530752e-8     8.97645e-9       #dY:19.8%  
  5.20e-3         4.574657e-8     9.05618e-9       #dY:19.8%  
  5.30e-3         4.61813e-8      9.1351e-9        #dY:19.8%  
  5.40e-3         4.661195e-8     9.21309e-9       #dY:19.8%  
  5.50e-3         4.703841e-8     9.29011e-9       #dY:19.8%  
  5.60e-3         4.746103e-8     9.36639e-9       #dY:19.7%  
  5.70e-3         4.787979e-8     9.44175e-9       #dY:19.7%  
  5.80e-3         4.829493e-8     9.5164e-9        #dY:19.7%  
  5.90e-3         4.870625e-8     9.59015e-9       #dY:19.7%  
  6.00e-3         4.911401e-8     9.66312e-9       #dY:19.7%  
  6.10e-3         4.951828e-8     9.73542e-9       #dY:19.7%  
  6.20e-3         4.991927e-8     9.80691e-9       #dY:19.6%  
  6.30e-3         5.031688e-8     9.87773e-9       #dY:19.6%  
  6.40e-3         5.071132e-8     9.9478e-9        #dY:19.6%  
  6.50e-3         5.110248e-8     1.00171e-8       #dY:19.6%  
  6.60e-3         5.149067e-8     1.00859e-8       #dY:19.6%  
  6.70e-3         5.187587e-8     1.01541e-8       #dY:19.6%  
  6.80e-3         5.225814e-8     1.02213e-8       #dY:19.6%  
  6.90e-3         5.263747e-8     1.0288e-8        #dY:19.5%  
  7.00e-3         5.301401e-8     1.03542e-8       #dY:19.5%  
  7.10e-3         5.338783e-8     1.04197e-8       #dY:19.5%  
  7.20e-3         5.375898e-8     1.04846e-8       #dY:19.5%  
  7.30e-3         5.412754e-8     1.05489e-8       #dY:19.5%  
  7.40e-3         5.449338e-8     1.06127e-8       #dY:19.5%  
  7.50e-3         5.485682e-8     1.06759e-8       #dY:19.5%  
  7.60e-3         5.521758e-8     1.07383e-8       #dY:19.4%  
  7.70e-3         5.557594e-8     1.08003e-8       #dY:19.4%  
  7.80e-3         5.593196e-8     1.08619e-8       #dY:19.4%  
  7.90e-3         5.628583e-8     1.0923e-8        #dY:19.4%  
  8.00e-3         5.663714e-8     1.09833e-8       #dY:19.4%  
  8.10e-3         5.698629e-8     1.10432e-8       #dY:19.4%  
  8.20e-3         5.733317e-8     1.11026e-8       #dY:19.4%  
  8.30e-3         5.767784e-8     1.11614e-8       #dY:19.4%  
  8.40e-3         5.80204e-8      1.12199e-8       #dY:19.3%  
  8.50e-3         5.83611e-8      1.12778e-8       #dY:19.3%  
  8.60e-3         5.869946e-8     1.13354e-8       #dY:19.3%  
  8.70e-3         5.903586e-8     1.13923e-8       #dY:19.3%  
  8.80e-3         5.937027e-8     1.14489e-8       #dY:19.3%  
  8.90e-3         5.970284e-8     1.1505e-8        #dY:19.3%  
  9.00e-3         6.003327e-8     1.15606e-8       #dY:19.3%  
  9.10e-3         6.036204e-8     1.16158e-8       #dY:19.2%  
  9.20e-3         6.068889e-8     1.16706e-8       #dY:19.2%  
  9.30e-3         6.101381e-8     1.1725e-8        #dY:19.2%  
  9.40e-3         6.133702e-8     1.17789e-8       #dY:19.2%  
  9.50e-3         6.16583e-8      1.18326e-8       #dY:19.2%  
  9.60e-3         6.197812e-8     1.18856e-8       #dY:19.2%  
  9.70e-3         6.229608e-8     1.19383e-8       #dY:19.2%  
  9.80e-3         6.261224e-8     1.19907e-8       #dY:19.2%  
  9.90e-3         6.29267e-8      1.20425e-8       #dY:19.1%  
  0.01            6.323962e-8     1.2094e-8        #dY:19.1%  
  0.011           6.62829e-8      1.26673e-8       #dY:19.1%  
  0.012           6.918465e-8     1.34097e-8       #dY:19.4%  
  0.013           7.196213e-8     1.38278e-8       #dY:19.2%  
  0.014           7.462901e-8     1.42214e-8       #dY:19.1%  
  0.015           7.719673e-8     1.45931e-8       #dY:18.9%  
  0.016           7.967484e-8     1.49451e-8       #dY:18.8%  
  0.017           8.207137e-8     1.52787e-8       #dY:18.6%  
  0.018           8.439307e-8     1.55959e-8       #dY:18.5%  
  0.019           8.664602e-8     1.58979e-8       #dY:18.3%  
  0.02            8.883519e-8     1.61859e-8       #dY:18.2%  
  0.021           9.096519e-8     1.6461e-8        #dY:18.1%  
  0.022           9.304063e-8     1.6724e-8        #dY:18.0%  
  0.023           9.506423e-8     1.69762e-8       #dY:17.9%  
  0.024           9.703943e-8     1.7218e-8        #dY:17.7%  
  0.025           9.896954e-8     1.74498e-8       #dY:17.6%  
  0.026           1.00857e-7      1.76723e-8       #dY:17.5%  
  0.027           1.027041e-7     1.78856e-8       #dY:17.4%  
  0.028           1.045131e-7     1.80903e-8       #dY:17.3%  
  0.029           1.062861e-7     1.82863e-8       #dY:17.2%  
  0.03            1.08026e-7      1.84736e-8       #dY:17.1%  
  0.031           1.097326e-7     1.86525e-8       #dY:17.0%  
  0.032           1.114089e-7     1.88235e-8       #dY:16.9%  
  0.033           1.130556e-7     1.89872e-8       #dY:16.8%  
  0.034           1.14675e-7      1.91442e-8       #dY:16.7%  
  0.035           1.162664e-7     1.92937e-8       #dY:16.6%  
  0.036           1.178316e-7     1.94372e-8       #dY:16.5%  
  0.037           1.193715e-7     1.95749e-8       #dY:16.4%  
  0.038           1.208882e-7     1.9707e-8        #dY:16.3%  
  0.039           1.223803e-7     1.98337e-8       #dY:16.2%  
  0.04            1.238511e-7     1.99573e-8       #dY:16.1%  
  0.041           1.252987e-7     2.00742e-8       #dY:16.0%  
  0.042           1.267262e-7     2.01895e-8       #dY:15.9%  
  0.043           1.281337e-7     2.02989e-8       #dY:15.8%  
  0.044           1.295216e-7     2.04051e-8       #dY:15.8%  
  0.045           1.308904e-7     2.05069e-8       #dY:15.7%  
  0.046           1.322401e-7     2.06053e-8       #dY:15.6%  
  0.047           1.335713e-7     2.07008e-8       #dY:15.5%  
  0.048           1.348867e-7     2.07927e-8       #dY:15.4%  
  0.049           1.361851e-7     2.08816e-8       #dY:15.3%  
  0.05            1.374677e-7     2.09689e-8       #dY:15.3%  
  0.051           1.387333e-7     2.10513e-8       #dY:15.2%  
  0.052           1.399848e-7     2.11323e-8       #dY:15.1%  
  0.053           1.412222e-7     2.12099e-8       #dY:15.0%  
  0.054           1.424423e-7     2.12844e-8       #dY:14.9%  
  0.055           1.436495e-7     2.13567e-8       #dY:14.9%  
  0.056           1.448422e-7     2.14252e-8       #dY:14.8%  
  0.057           1.460223e-7     2.14931e-8       #dY:14.7%  
  0.058           1.471894e-7     2.15578e-8       #dY:14.6%  
  0.059           1.483436e-7     2.16202e-8       #dY:14.6%  
  0.06            1.494855e-7     2.16797e-8       #dY:14.5%  
  0.061           1.506134e-7     2.17383e-8       #dY:14.4%  
  0.062           1.517318e-7     2.17952e-8       #dY:14.4%  
  0.063           1.528367e-7     2.185e-8         #dY:14.3%  
  0.064           1.539322e-7     2.19026e-8       #dY:14.2%  
  0.065           1.550165e-7     2.19538e-8       #dY:14.2%  
  0.066           1.560881e-7     2.20023e-8       #dY:14.1%  
  0.067           1.5715e-7       2.20489e-8       #dY:14.0%  
  0.068           1.581994e-7     2.20953e-8       #dY:14.0%  
  0.069           1.592405e-7     2.2139e-8        #dY:13.9%  
  0.07            1.602707e-7     2.21805e-8       #dY:13.8%  
  0.071           1.61291e-7      2.22212e-8       #dY:13.8%  
  0.072           1.62302e-7      2.22599e-8       #dY:13.7%  
  0.073           1.633042e-7     2.22961e-8       #dY:13.7%  
  0.074           1.642962e-7     2.23314e-8       #dY:13.6%  
  0.075           1.652803e-7     2.23651e-8       #dY:13.5%  
  0.076           1.662548e-7     2.23974e-8       #dY:13.5%  
  0.077           1.67222e-7      2.24281e-8       #dY:13.4%  
  0.078           1.681794e-7     2.24564e-8       #dY:13.4%  
  0.079           1.691299e-7     2.24844e-8       #dY:13.3%  
  0.08            1.700711e-7     2.25099e-8       #dY:13.2%  
  0.081           1.710045e-7     2.25345e-8       #dY:13.2%  
  0.082           1.719321e-7     2.25578e-8       #dY:13.1%  
  0.083           1.728492e-7     2.25797e-8       #dY:13.1%  
  0.084           1.737596e-7     2.2601e-8        #dY:13.0%  
  0.085           1.746627e-7     2.26209e-8       #dY:13.0%  
  0.086           1.755581e-7     2.264e-8         #dY:12.9%  
  0.087           1.76445e-7      2.2658e-8        #dY:12.8%  
  0.088           1.773275e-7     2.26748e-8       #dY:12.8%  
  0.089           1.782015e-7     2.26915e-8       #dY:12.7%  
  0.09            1.790675e-7     2.2706e-8        #dY:12.7%  
  0.091           1.799272e-7     2.27215e-8       #dY:12.6%  
  0.092           1.80779e-7      2.27359e-8       #dY:12.6%  
  0.093           1.816259e-7     2.27487e-8       #dY:12.5%  
  0.094           1.824649e-7     2.27601e-8       #dY:12.5%  
  0.095           1.832969e-7     2.27729e-8       #dY:12.4%  
  0.096           1.841239e-7     2.27847e-8       #dY:12.4%  
  0.097           1.849431e-7     2.27954e-8       #dY:12.3%  
  0.098           1.857567e-7     2.28052e-8       #dY:12.3%  
  0.099           1.865629e-7     2.28155e-8       #dY:12.2%  
  0.1             1.873648e-7     2.28236e-8       #dY:12.2%  
  0.11            1.950562e-7     2.36689e-8       #dY:12.1%  
  0.12            2.022378e-7     2.40628e-8       #dY:11.9%  
  0.13            2.089541e-7     2.39375e-8       #dY:11.5%  
  0.14            2.152524e-7     2.37857e-8       #dY:11.1%  
  0.15            2.211767e-7     2.36134e-8       #dY:10.7%  
  0.16            2.267477e-7     2.34252e-8       #dY:10.3%  
  0.17            2.319868e-7     2.32178e-8       #dY:10.0%  
  0.18            2.369427e-7     2.29919e-8       #dY:9.7%   
  0.19            2.416362e-7     2.27506e-8       #dY:9.4%   
  0.2             2.460856e-7     2.24935e-8       #dY:9.1%   
  0.21            2.502949e-7     2.22196e-8       #dY:8.9%   
  0.22            2.54266e-7      2.19197e-8       #dY:8.6%   
  0.23            2.580368e-7     2.15898e-8       #dY:8.4%   
  0.24            2.616411e-7     2.12538e-8       #dY:8.1%   
  0.25            2.650699e-7     2.0926e-8        #dY:7.9%   
  0.26            2.683031e-7     2.0591e-8        #dY:7.7%   
  0.27            2.71342e-7      2.02201e-8       #dY:7.5%   
  0.28            2.742269e-7     1.98167e-8       #dY:7.2%   
  0.29            2.769871e-7     1.94223e-8       #dY:7.0%   
  0.3             2.79624e-7      1.90607e-8       #dY:6.8%   
  0.31            2.821558e-7     1.87476e-8       #dY:6.6%   
  0.32            2.845403e-7     1.84578e-8       #dY:6.5%   
  0.33            2.867573e-7     1.813e-8         #dY:6.3%   
  0.34            2.888627e-7     1.77565e-8       #dY:6.1%   
  0.35            2.908911e-7     1.7421e-8        #dY:6.0%   
  0.36            2.927996e-7     1.71452e-8       #dY:5.9%   
  0.37            2.945512e-7     1.68685e-8       #dY:5.7%   
  0.38            2.961687e-7     1.65381e-8       #dY:5.6%   
  0.39            2.977077e-7     1.61924e-8       #dY:5.4%   
  0.4             2.992065e-7     1.58992e-8       #dY:5.3%   
  0.41            3.006697e-7     1.57045e-8       #dY:5.2%   
  0.42            3.020598e-7     1.5595e-8        #dY:5.2%   
  0.43            3.033316e-7     1.5499e-8        #dY:5.1%   
  0.44            3.044891e-7     1.5364e-8        #dY:5.0%   
  0.45            3.055495e-7     1.51904e-8       #dY:5.0%   
  0.46            3.065265e-7     1.50002e-8       #dY:4.9%   
  0.47            3.074471e-7     1.48206e-8       #dY:4.8%   
  0.48            3.083129e-7     1.46632e-8       #dY:4.8%   
  0.49            3.091323e-7     1.45337e-8       #dY:4.7%   
  0.5             3.099059e-7     1.44289e-8       #dY:4.7%   
  0.51            3.106386e-7     1.43407e-8       #dY:4.6%   
  0.52            3.113254e-7     1.42568e-8       #dY:4.6%   
  0.53            3.119768e-7     1.41662e-8       #dY:4.5%   
  0.54            3.125932e-7     1.40617e-8       #dY:4.5%   
  0.55            3.131609e-7     1.39428e-8       #dY:4.5%   
  0.56            3.136755e-7     1.38155e-8       #dY:4.4%   
  0.57            3.141455e-7     1.36736e-8       #dY:4.4%   
  0.58            3.145745e-7     1.35101e-8       #dY:4.3%   
  0.59            3.149418e-7     1.33501e-8       #dY:4.2%   
  0.6             3.152621e-7     1.32172e-8       #dY:4.2%   
  0.61            3.155957e-7     1.30651e-8       #dY:4.1%   
  0.62            3.159337e-7     1.28571e-8       #dY:4.1%   
  0.63            3.162263e-7     1.26216e-8       #dY:4.0%   
  0.64            3.164842e-7     1.24186e-8       #dY:3.9%   
  0.65            3.166965e-7     1.22693e-8       #dY:3.9%   
  0.66            3.16866e-7      1.21484e-8       #dY:3.8%   
  0.67            3.169704e-7     1.204e-8         #dY:3.8%   
  0.68            3.170208e-7     1.19482e-8       #dY:3.8%   
  0.69            3.170326e-7     1.18666e-8       #dY:3.7%   
  0.7             3.170323e-7     1.17523e-8       #dY:3.7%   
  0.71            3.170181e-7     1.1592e-8        #dY:3.7%   
  0.72            3.169987e-7     1.13857e-8       #dY:3.6%   
  0.73            3.169801e-7     1.11344e-8       #dY:3.5%   
  0.74            3.169571e-7     1.08581e-8       #dY:3.4%   
  0.75            3.169127e-7     1.05835e-8       #dY:3.3%   
  0.76            3.168451e-7     1.03395e-8       #dY:3.3%   
  0.77            3.167471e-7     1.02151e-8       #dY:3.2%   
  0.78            3.166348e-7     1.01444e-8       #dY:3.2%   
  0.79            3.164906e-7     1.00862e-8       #dY:3.2%   
  0.8             3.163145e-7     1.00526e-8       #dY:3.2%   
  0.81            3.161157e-7     1.00439e-8       #dY:3.2%   
  0.82            3.159035e-7     1.00441e-8       #dY:3.2%   
  0.83            3.156765e-7     1.00307e-8       #dY:3.2%   
  0.84            3.154291e-7     9.98381e-9       #dY:3.2%   
  0.85            3.151697e-7     9.92406e-9       #dY:3.1%   
  0.86            3.148807e-7     9.87159e-9       #dY:3.1%   
  0.87            3.145767e-7     9.84771e-9       #dY:3.1%   
  0.88            3.142418e-7     9.85005e-9       #dY:3.1%   
  0.89            3.138858e-7     9.89293e-9       #dY:3.2%   
  0.9             3.13528e-7      9.94969e-9       #dY:3.2%   
  0.91            3.131739e-7     9.99197e-9       #dY:3.2%   
  0.92            3.128277e-7     9.99693e-9       #dY:3.2%   
  0.93            3.124887e-7     9.94615e-9       #dY:3.2%   
  0.94            3.121361e-7     9.85676e-9       #dY:3.2%   
  0.95            3.117585e-7     9.78383e-9       #dY:3.1%   
  0.96            3.113539e-7     9.75621e-9       #dY:3.1%   
  0.97            3.109302e-7     9.77187e-9       #dY:3.1%   
  0.98            3.104919e-7     9.81105e-9       #dY:3.2%   
  0.99            3.100467e-7     9.85194e-9       #dY:3.2%   
  1               3.095964e-7     9.88073e-9       #dY:3.2%   
  1.1             3.047853e-7     9.75015e-9       #dY:3.2%   
  1.2             2.992096e-7     9.44865e-9       #dY:3.2%   
  1.3             2.929704e-7     9.03159e-9       #dY:3.1%   
  1.4             2.861406e-7     8.34413e-9       #dY:2.9%   
  1.5             2.78828e-7      7.63588e-9       #dY:2.7%   
  1.6             2.709336e-7     7.14544e-9       #dY:2.6%   
  1.7             2.627358e-7     6.74821e-9       #dY:2.6%   
  1.8             2.541915e-7     6.43855e-9       #dY:2.5%   
  1.9             2.453272e-7     6.27852e-9       #dY:2.6%   
  2               2.362536e-7     6.0682e-9        #dY:2.6%   
  2.1             2.270992e-7     5.83206e-9       #dY:2.6%   
  2.2             2.178561e-7     5.57114e-9       #dY:2.6%   
  2.3             2.086086e-7     5.33503e-9       #dY:2.6%   
  2.4             1.994585e-7     5.09223e-9       #dY:2.6%   
  2.5             1.904103e-7     4.85927e-9       #dY:2.6%   
  2.6             1.815265e-7     4.61086e-9       #dY:2.5%   
  2.7             1.728639e-7     4.41335e-9       #dY:2.6%   
  2.8             1.644155e-7     4.21589e-9       #dY:2.6%   
  2.9             1.56245e-7      4.04106e-9       #dY:2.6%   
  3               1.483463e-7     3.86415e-9       #dY:2.6%   
  3.1             1.407276e-7     3.70594e-9       #dY:2.6%   
  3.2             1.334102e-7     3.5582e-9        #dY:2.7%   
  3.3             1.263819e-7     3.41062e-9       #dY:2.7%   
  3.4             1.196436e-7     3.26942e-9       #dY:2.7%   
  3.5             1.132091e-7     3.13174e-9       #dY:2.8%   
  3.6             1.070703e-7     3.00038e-9       #dY:2.8%   
  3.7             1.011969e-7     2.86971e-9       #dY:2.8%   
  3.8             9.561024e-8     2.743e-9         #dY:2.9%   
  3.9             9.028651e-8     2.61895e-9       #dY:2.9%   
  4               8.52447e-8      2.50418e-9       #dY:2.9%   
  4.1             8.044952e-8     2.4007e-9        #dY:3.0%   
  4.2             7.590594e-8     2.29704e-9       #dY:3.0%   
  4.3             7.159848e-8     2.20856e-9       #dY:3.1%   
  4.4             6.752929e-8     2.12477e-9       #dY:3.1%   
  4.5             6.367924e-8     2.0452e-9        #dY:3.2%   
  4.6             6.004026e-8     1.97588e-9       #dY:3.3%   
  4.7             5.659586e-8     1.90888e-9       #dY:3.4%   
  4.8             5.334178e-8     1.8445e-9        #dY:3.5%   
  4.9             5.026252e-8     1.78402e-9       #dY:3.5%   
  5               4.735221e-8     1.72134e-9       #dY:3.6%   
  5.1             4.460265e-8     1.66422e-9       #dY:3.7%   
  5.2             4.200455e-8     1.60737e-9       #dY:3.8%   
  5.3             3.95506e-8      1.54799e-9       #dY:3.9%   
  5.4             3.72321e-8      1.49353e-9       #dY:4.0%   
  5.5             3.504125e-8     1.43886e-9       #dY:4.1%   
  5.6             3.297377e-8     1.38341e-9       #dY:4.2%   
  5.7             3.102012e-8     1.3322e-9        #dY:4.3%   
  5.8             2.917233e-8     1.28241e-9       #dY:4.4%   
  5.9             2.742917e-8     1.23293e-9       #dY:4.5%   
  6               2.578092e-8     1.18686e-9       #dY:4.6%   
  6.1             2.422287e-8     1.14397e-9       #dY:4.7%   
  6.2             2.275263e-8     1.10265e-9       #dY:4.8%   
  6.3             2.136507e-8     1.06376e-9       #dY:5.0%   
  6.4             2.005387e-8     1.02717e-9       #dY:5.1%   
  6.5             1.881693e-8     9.8968e-10       #dY:5.3%   
  6.6             1.765186e-8     9.52974e-10      #dY:5.4%   
  6.7             1.655365e-8     9.19178e-10      #dY:5.6%   
  6.8             1.551828e-8     8.85651e-10      #dY:5.7%   
  6.9             1.454407e-8     8.52217e-10      #dY:5.9%   
  7               1.362754e-8     8.20841e-10      #dY:6.0%   
  7.1             1.276477e-8     7.90558e-10      #dY:6.2%   
  7.2             1.195354e-8     7.60417e-10      #dY:6.4%   
  7.3             1.119116e-8     7.31708e-10      #dY:6.5%   
  7.4             1.047501e-8     7.05416e-10      #dY:6.7%   
  7.5             9.802891e-9     6.80081e-10      #dY:6.9%   
  7.6             9.171796e-9     6.55708e-10      #dY:7.1%   
  7.7             8.579711e-9     6.32692e-10      #dY:7.4%   
  7.8             8.02525e-9      6.11051e-10      #dY:7.6%   
  7.9             7.505457e-9     5.90039e-10      #dY:7.9%   
  8               7.017806e-9     5.69961e-10      #dY:8.1%   
  8.1             6.561048e-9     5.51038e-10      #dY:8.4%   
  8.2             6.133571e-9     5.32575e-10      #dY:8.7%   
  8.3             5.733344e-9     5.14622e-10      #dY:9.0%   
  8.4             5.358368e-9     4.96883e-10      #dY:9.3%   
  8.5             5.00775e-9      4.79958e-10      #dY:9.6%   
  8.6             4.679788e-9     4.63536e-10      #dY:9.9%   
  8.7             4.372596e-9     4.47329e-10      #dY:10.2%  
  8.8             4.085455e-9     4.31607e-10      #dY:10.6%  
  8.9             3.817135e-9     4.16321e-10      #dY:10.9%  
  9               3.566433e-9     4.01293e-10      #dY:11.3%  
  9.1             3.331971e-9     3.86381e-10      #dY:11.6%  
  9.2             3.112801e-9     3.71892e-10      #dY:11.9%  
  9.3             2.907933e-9     3.57893e-10      #dY:12.3%  
  9.4             2.716374e-9     3.44161e-10      #dY:12.7%  
  9.5             2.537408e-9     3.30843e-10      #dY:13.0%  
  9.6             2.370272e-9     3.17929e-10      #dY:13.4%  
  9.7             2.214167e-9     3.05326e-10      #dY:13.8%  
  9.8             2.068275e-9     2.93026e-10      #dY:14.2%  
  9.9             1.931989e-9     2.81114e-10      #dY:14.6%  
  10              1.804667e-9     2.69597e-10      #dY:14.9%  
  10.2            1.574517e-9     2.41411e-10      #dY:15.3%  
  10.4            1.37375e-9      2.13842e-10      #dY:15.6%  
  10.6            1.198612e-9     1.96129e-10      #dY:16.4%  
  10.8            1.045817e-9     1.79692e-10      #dY:17.2%  
  11              9.12407e-10     1.64387e-10      #dY:18.0%  
  11.2            7.96043e-10     1.50319e-10      #dY:18.9%  
  11.4            6.94488e-10     1.37294e-10      #dY:19.8%  
  11.6            6.05791e-10     1.25312e-10      #dY:20.7%  
  11.8            5.28366e-10     1.14204e-10      #dY:21.6%  
  12              4.60791e-10     1.04044e-10      #dY:22.6%  
  12.2            4.01784e-10     9.46881e-11      #dY:23.6%  
  12.4            3.50265e-10     8.60785e-11      #dY:24.6%  
  12.6            3.05299e-10     7.81932e-11      #dY:25.6%  
  12.8            2.66045e-10     7.09575e-11      #dY:26.7%  
  13              2.31773e-10     6.43178e-11      #dY:27.8%  
  13.2            2.01872e-10     5.82233e-11      #dY:28.8%  
  13.4            1.75778e-10     5.26448e-11      #dY:29.9%  
  13.6            1.53019e-10     4.75321e-11      #dY:31.1%  
  13.8            1.33175e-10     4.28691e-11      #dY:32.2%  
  14              1.15876e-10     3.86275e-11      #dY:33.3%  
  14.2            1.008e-10       3.47744e-11      #dY:34.5%  
  14.4            8.76612e-11     3.12744e-11      #dY:35.7%  
  14.6            7.62151e-11     2.80983e-11      #dY:36.9%  
  14.8            6.6244e-11      2.52184e-11      #dY:38.1%  
  15              5.75636e-11     2.26098e-11      #dY:39.3%  
  15.2            5.00107e-11     2.02548e-11      #dY:40.5%  
  15.4            4.34393e-11     1.81331e-11      #dY:41.7%  
  15.6            3.77241e-11     1.62244e-11      #dY:43.0%  
  15.8            3.27545e-11     1.45068e-11      #dY:44.3%  
  16              2.84333e-11     1.29626e-11      #dY:45.6%  
  16.2            2.4677e-11      1.15754e-11      #dY:46.9%  
  16.4            2.14128e-11     1.03296e-11      #dY:48.2%  
  16.6            1.85774e-11     9.21315e-12      #dY:49.6%  
  16.8            1.61149e-11     8.21334e-12      #dY:51.0%  
  17              1.39766e-11     7.31871e-12      #dY:52.4%  
  17.2            1.21202e-11     6.51841e-12      #dY:53.8%  
  17.4            1.05086e-11     5.8031e-12       #dY:55.2%  
  17.6            9.10983e-12     5.16395e-12      #dY:56.7%  
  17.8            7.89649e-12     4.59325e-12      #dY:58.2%  
  18              6.84408e-12     4.08396e-12      #dY:59.7%  
  18.2            5.93127e-12     3.62955e-12      #dY:61.2%  
  18.4            5.13986e-12     3.2245e-12       #dY:62.7%  
  18.6            4.45376e-12     2.86369e-12      #dY:64.3%  
  18.8            3.85886e-12     2.54228e-12      #dY:65.9%  
  19              3.34328e-12     2.25618e-12      #dY:67.5%  
  19.2            2.8965e-12      2.00163e-12      #dY:69.1%  
  19.4            2.50934e-12     1.7752e-12       #dY:70.7%  
  19.6            2.17391e-12     1.57387e-12      #dY:72.4%  
  19.8            1.88337e-12     1.39501e-12      #dY:74.1%  
  20              1.63166e-12     1.23615e-12      #dY:75.8%  
  20.2            1.41359e-12     1.09504e-12      #dY:77.5%  
  20.4            1.22469e-12     9.69793e-13      #dY:79.2%  
  20.6            1.06099e-12     8.58604e-13      #dY:80.9%  
  20.8            9.19185e-13     7.59965e-13      #dY:82.7%  
  21              7.9636e-13      6.72523e-13      #dY:84.4%  
  21.2            6.89974e-13     5.9502e-13       #dY:86.2%  
  21.4            5.97814e-13     5.26321e-13      #dY:88.0%  
  21.6            5.17965e-13     4.6544e-13       #dY:89.9%  
  21.8            4.48767e-13     4.11495e-13      #dY:91.7%  
  22              3.88805e-13     3.63708e-13      #dY:93.5%  
  22.2            3.36859e-13     3.21409e-13      #dY:95.4%  
  22.4            2.91848e-13     2.83968e-13      #dY:97.3%  
  22.6            2.52852e-13     2.50835e-13      #dY:99.2%  
  22.8            2.19059e-13     2.21519e-13      #dY:101.1% 
  23              1.89776e-13     1.95582e-13      #dY:103.1% 
  23.2            1.64398e-13     1.72638e-13      #dY:105.0% 
  23.4            1.42408e-13     1.52356e-13      #dY:107.0% 
  23.6            1.23356e-13     1.34429e-13      #dY:109.0% 
  23.8            1.06848e-13     1.18584e-13      #dY:111.0% 
  24              9.25471e-14     1.04587e-13      #dY:113.0% 
  24.2            8.01567e-14     9.22229e-14      #dY:115.1% 
  24.4            6.94226e-14     8.13023e-14      #dY:117.1% 
  24.6            6.0125e-14      7.166e-14        #dY:119.2% 
  24.8            5.20704e-14     6.3149e-14       #dY:121.3% 
  25              4.50935e-14     5.56389e-14      #dY:123.4% 
  25.2            3.9049e-14      4.90094e-14      #dY:125.5% 
  25.4            3.38132e-14     4.31617e-14      #dY:127.6% 
  25.6            2.92779e-14     3.80052e-14      #dY:129.8% 
  25.8            2.53488e-14     3.34574e-14      #dY:132.0% 
  26              2.19459e-14     2.94472e-14      #dY:134.2% 
  26.2            1.89986e-14     2.59133e-14      #dY:136.4% 
  26.4            1.6446e-14      2.27987e-14      #dY:138.6% 
  26.6            1.42356e-14     2.00542e-14      #dY:140.9% 
  26.8            1.23213e-14     1.76365e-14      #dY:143.1% 
  27              1.06638e-14     1.5507e-14       #dY:145.4% 
  27.2            9.22873e-15     1.36318e-14      #dY:147.7% 
  27.4            7.98628e-15     1.19814e-14      #dY:150.0% 
  27.6            6.91059e-15     1.05283e-14      #dY:152.4% 
  27.8            5.97958e-15     9.24971e-15      #dY:154.7% 
  28              5.17371e-15     8.12534e-15      #dY:157.1% 
  28.2            4.47602e-15     7.13629e-15      #dY:159.4% 
  28.4            3.87216e-15     6.26631e-15      #dY:161.8% 
  28.6            3.34955e-15     5.50164e-15      #dY:164.3% 
  28.8            2.89719e-15     4.82929e-15      #dY:166.7% 
  29              2.50572e-15     4.23822e-15      #dY:169.1% 
  29.2            2.16691e-15     3.71874e-15      #dY:171.6% 
  29.4            1.87375e-15     3.26229e-15      #dY:174.1% 
  29.6            1.6201e-15      2.8613e-15       #dY:176.6% 
  29.8            1.40062e-15     2.50904e-15      #dY:179.1% 
  30              0.00            0.00                        
//
#-------------------------------------------------------------------------------
#
#name:   INDEN-Aug2023: PU-239(N,F) E_in=5.5 MeV
#X.axis: Energy
#Y.axis: 
#wdata:  3
#ldata:  642
#data...
# X               Y               +-dY           
# MeV             1/eV            1/eV           
  0.00            0.00            0.00                        
  1.00e-5         1.991089e-9     2.96188e-11      #dY:1.5%   
  1.10e-5         2.088416e-9     3.10667e-11      #dY:1.5%   
  1.20e-5         2.181414e-9     1.66094e-10      #dY:7.6%   
  1.30e-5         2.270617e-9     1.72501e-10      #dY:7.6%   
  1.40e-5         2.35648e-9      1.78688e-10      #dY:7.6%   
  1.50e-5         2.439331e-9     1.8467e-10       #dY:7.6%   
  1.60e-5         2.519443e-9     1.90465e-10      #dY:7.6%   
  1.70e-5         2.597117e-9     1.96092e-10      #dY:7.6%   
  1.80e-5         2.672567e-9     2.01561e-10      #dY:7.5%   
  1.90e-5         2.745925e-9     2.06886e-10      #dY:7.5%   
  2.00e-5         2.81739e-9      2.12079e-10      #dY:7.5%   
  2.10e-5         2.887116e-9     2.17148e-10      #dY:7.5%   
  2.20e-5         2.955192e-9     2.22099e-10      #dY:7.5%   
  2.30e-5         3.021744e-9     2.26942e-10      #dY:7.5%   
  2.40e-5         3.086857e-9     2.31684e-10      #dY:7.5%   
  2.50e-5         3.150655e-9     2.36331e-10      #dY:7.5%   
  2.60e-5         3.213185e-9     2.40888e-10      #dY:7.5%   
  2.70e-5         3.274524e-9     2.45358e-10      #dY:7.5%   
  2.80e-5         3.334746e-9     2.4975e-10       #dY:7.5%   
  2.90e-5         3.393915e-9     2.54063e-10      #dY:7.5%   
  3.00e-5         3.452065e-9     2.58305e-10      #dY:7.5%   
  3.10e-5         3.509263e-9     2.62477e-10      #dY:7.5%   
  3.20e-5         3.565556e-9     2.66587e-10      #dY:7.5%   
  3.30e-5         3.620962e-9     2.7063e-10       #dY:7.5%   
  3.40e-5         3.675557e-9     2.74613e-10      #dY:7.5%   
  3.50e-5         3.729344e-9     2.78537e-10      #dY:7.5%   
  3.60e-5         3.782395e-9     2.82409e-10      #dY:7.5%   
  3.70e-5         3.834695e-9     2.86232e-10      #dY:7.5%   
  3.80e-5         3.886308e-9     2.89995e-10      #dY:7.5%   
  3.90e-5         3.937234e-9     2.93713e-10      #dY:7.5%   
  4.00e-5         3.987521e-9     2.97382e-10      #dY:7.5%   
  4.10e-5         4.037206e-9     3.01011e-10      #dY:7.5%   
  4.20e-5         4.086269e-9     3.04591e-10      #dY:7.5%   
  4.30e-5         4.134772e-9     3.08133e-10      #dY:7.5%   
  4.40e-5         4.182704e-9     3.11628e-10      #dY:7.5%   
  4.50e-5         4.230106e-9     3.15089e-10      #dY:7.4%   
  4.60e-5         4.27698e-9      3.18507e-10      #dY:7.4%   
  4.70e-5         4.323351e-9     3.21896e-10      #dY:7.4%   
  4.80e-5         4.369231e-9     3.25246e-10      #dY:7.4%   
  4.90e-5         4.414651e-9     3.28559e-10      #dY:7.4%   
  5.00e-5         4.459596e-9     3.31842e-10      #dY:7.4%   
  5.10e-5         4.504117e-9     3.35087e-10      #dY:7.4%   
  5.20e-5         4.548186e-9     3.38301e-10      #dY:7.4%   
  5.30e-5         4.591859e-9     3.41492e-10      #dY:7.4%   
  5.40e-5         4.635098e-9     3.44646e-10      #dY:7.4%   
  5.50e-5         4.677964e-9     3.47772e-10      #dY:7.4%   
  5.60e-5         4.72042e-9      3.50869e-10      #dY:7.4%   
  5.70e-5         4.762517e-9     3.53941e-10      #dY:7.4%   
  5.80e-5         4.804257e-9     3.56988e-10      #dY:7.4%   
  5.90e-5         4.845612e-9     3.60003e-10      #dY:7.4%   
  6.00e-5         4.886638e-9     3.62993e-10      #dY:7.4%   
  6.10e-5         4.927332e-9     3.65964e-10      #dY:7.4%   
  6.20e-5         4.967698e-9     3.68908e-10      #dY:7.4%   
  6.30e-5         5.007724e-9     3.71826e-10      #dY:7.4%   
  6.40e-5         5.047452e-9     3.74723e-10      #dY:7.4%   
  6.50e-5         5.086856e-9     3.77598e-10      #dY:7.4%   
  6.60e-5         5.125984e-9     3.80447e-10      #dY:7.4%   
  6.70e-5         5.164794e-9     3.83279e-10      #dY:7.4%   
  6.80e-5         5.203337e-9     3.86089e-10      #dY:7.4%   
  6.90e-5         5.241586e-9     3.88872e-10      #dY:7.4%   
  7.00e-5         5.279558e-9     3.91647e-10      #dY:7.4%   
  7.10e-5         5.317282e-9     3.94391e-10      #dY:7.4%   
  7.20e-5         5.354715e-9     3.97119e-10      #dY:7.4%   
  7.30e-5         5.391903e-9     3.9983e-10       #dY:7.4%   
  7.40e-5         5.428836e-9     4.02523e-10      #dY:7.4%   
  7.50e-5         5.465546e-9     4.05197e-10      #dY:7.4%   
  7.60e-5         5.501994e-9     4.07849e-10      #dY:7.4%   
  7.70e-5         5.538207e-9     4.10488e-10      #dY:7.4%   
  7.80e-5         5.574185e-9     4.13108e-10      #dY:7.4%   
  7.90e-5         5.609946e-9     4.15712e-10      #dY:7.4%   
  8.00e-5         5.645461e-9     4.18297e-10      #dY:7.4%   
  8.10e-5         5.680765e-9     4.20865e-10      #dY:7.4%   
  8.20e-5         5.715883e-9     4.23428e-10      #dY:7.4%   
  8.30e-5         5.750755e-9     4.25964e-10      #dY:7.4%   
  8.40e-5         5.785427e-9     4.28487e-10      #dY:7.4%   
  8.50e-5         5.819893e-9     4.30999e-10      #dY:7.4%   
  8.60e-5         5.854155e-9     4.33493e-10      #dY:7.4%   
  8.70e-5         5.888215e-9     4.35966e-10      #dY:7.4%   
  8.80e-5         5.922105e-9     4.38436e-10      #dY:7.4%   
  8.90e-5         5.955792e-9     4.4089e-10       #dY:7.4%   
  9.00e-5         5.989289e-9     4.43324e-10      #dY:7.4%   
  9.10e-5         6.022604e-9     4.45755e-10      #dY:7.4%   
  9.20e-5         6.055745e-9     4.48162e-10      #dY:7.4%   
  9.30e-5         6.088696e-9     4.50556e-10      #dY:7.4%   
  9.40e-5         6.121477e-9     4.52942e-10      #dY:7.4%   
  9.50e-5         6.15409e-9      4.55312e-10      #dY:7.4%   
  9.60e-5         6.186503e-9     4.57672e-10      #dY:7.4%   
  9.70e-5         6.218804e-9     4.60022e-10      #dY:7.4%   
  9.80e-5         6.250889e-9     4.62353e-10      #dY:7.4%   
  9.90e-5         6.28284e-9      4.64674e-10      #dY:7.4%   
  1.00e-4         6.314613e-9     4.66986e-10      #dY:7.4%   
  1.10e-4         6.624188e-9     4.89844e-10      #dY:7.4%   
  1.20e-4         6.920101e-9     5.22348e-10      #dY:7.5%   
  1.30e-4         7.204031e-9     5.42379e-10      #dY:7.5%   
  1.40e-4         7.477307e-9     5.61693e-10      #dY:7.5%   
  1.50e-4         7.741105e-9     5.80375e-10      #dY:7.5%   
  1.60e-4         7.996322e-9     5.98466e-10      #dY:7.5%   
  1.70e-4         8.243754e-9     6.16025e-10      #dY:7.5%   
  1.80e-4         8.484096e-9     6.33092e-10      #dY:7.5%   
  1.90e-4         8.717906e-9     6.49701e-10      #dY:7.5%   
  2.00e-4         8.945713e-9     6.65891e-10      #dY:7.4%   
  2.10e-4         9.167961e-9     6.81691e-10      #dY:7.4%   
  2.20e-4         9.385044e-9     6.97125e-10      #dY:7.4%   
  2.30e-4         9.597293e-9     7.12215e-10      #dY:7.4%   
  2.40e-4         9.805041e-9     7.26988e-10      #dY:7.4%   
  2.50e-4         1.000857e-8     7.41457e-10      #dY:7.4%   
  2.60e-4         1.020808e-8     7.55657e-10      #dY:7.4%   
  2.70e-4         1.040385e-8     7.69582e-10      #dY:7.4%   
  2.80e-4         1.059606e-8     7.83233e-10      #dY:7.4%   
  2.90e-4         1.07849e-8      7.96661e-10      #dY:7.4%   
  3.00e-4         1.097064e-8     8.09851e-10      #dY:7.4%   
  3.10e-4         1.115329e-8     8.22856e-10      #dY:7.4%   
  3.20e-4         1.13331e-8      8.35613e-10      #dY:7.4%   
  3.30e-4         1.151005e-8     8.48198e-10      #dY:7.4%   
  3.40e-4         1.168452e-8     8.60585e-10      #dY:7.4%   
  3.50e-4         1.185641e-8     8.72777e-10      #dY:7.4%   
  3.60e-4         1.202596e-8     8.84833e-10      #dY:7.4%   
  3.70e-4         1.219314e-8     8.96692e-10      #dY:7.4%   
  3.80e-4         1.235806e-8     9.08389e-10      #dY:7.4%   
  3.90e-4         1.252079e-8     9.19931e-10      #dY:7.3%   
  4.00e-4         1.268177e-8     9.31378e-10      #dY:7.3%   
  4.10e-4         1.284066e-8     9.42634e-10      #dY:7.3%   
  4.20e-4         1.299755e-8     9.53723e-10      #dY:7.3%   
  4.30e-4         1.315261e-8     9.64717e-10      #dY:7.3%   
  4.40e-4         1.3306e-8       9.75589e-10      #dY:7.3%   
  4.50e-4         1.345766e-8     9.86333e-10      #dY:7.3%   
  4.60e-4         1.360774e-8     9.9696e-10       #dY:7.3%   
  4.70e-4         1.375597e-8     1.00746e-9       #dY:7.3%   
  4.80e-4         1.390288e-8     1.01785e-9       #dY:7.3%   
  4.90e-4         1.404817e-8     1.02814e-9       #dY:7.3%   
  5.00e-4         1.419221e-8     1.03832e-9       #dY:7.3%   
  5.10e-4         1.433461e-8     1.04843e-9       #dY:7.3%   
  5.20e-4         1.447574e-8     1.0584e-9        #dY:7.3%   
  5.30e-4         1.461558e-8     1.06824e-9       #dY:7.3%   
  5.40e-4         1.475412e-8     1.07804e-9       #dY:7.3%   
  5.50e-4         1.489123e-8     1.08776e-9       #dY:7.3%   
  5.60e-4         1.502736e-8     1.09736e-9       #dY:7.3%   
  5.70e-4         1.516222e-8     1.10688e-9       #dY:7.3%   
  5.80e-4         1.529592e-8     1.11632e-9       #dY:7.3%   
  5.90e-4         1.542838e-8     1.12565e-9       #dY:7.3%   
  6.00e-4         1.555998e-8     1.13496e-9       #dY:7.3%   
  6.10e-4         1.569029e-8     1.14418e-9       #dY:7.3%   
  6.20e-4         1.581956e-8     1.15329e-9       #dY:7.3%   
  6.30e-4         1.594802e-8     1.16236e-9       #dY:7.3%   
  6.40e-4         1.607537e-8     1.17134e-9       #dY:7.3%   
  6.50e-4         1.620169e-8     1.18028e-9       #dY:7.3%   
  6.60e-4         1.632713e-8     1.18909e-9       #dY:7.3%   
  6.70e-4         1.645157e-8     1.19786e-9       #dY:7.3%   
  6.80e-4         1.657518e-8     1.20658e-9       #dY:7.3%   
  6.90e-4         1.66978e-8      1.21521e-9       #dY:7.3%   
  7.00e-4         1.68195e-8      1.2238e-9        #dY:7.3%   
  7.10e-4         1.694064e-8     1.23234e-9       #dY:7.3%   
  7.20e-4         1.706077e-8     1.24076e-9       #dY:7.3%   
  7.30e-4         1.718021e-8     1.24917e-9       #dY:7.3%   
  7.40e-4         1.729847e-8     1.25746e-9       #dY:7.3%   
  7.50e-4         1.741627e-8     1.26576e-9       #dY:7.3%   
  7.60e-4         1.753317e-8     1.27401e-9       #dY:7.3%   
  7.70e-4         1.764941e-8     1.28217e-9       #dY:7.3%   
  7.80e-4         1.77649e-8      1.29031e-9       #dY:7.3%   
  7.90e-4         1.787967e-8     1.29835e-9       #dY:7.3%   
  8.00e-4         1.799374e-8     1.30637e-9       #dY:7.3%   
  8.10e-4         1.810699e-8     1.31432e-9       #dY:7.3%   
  8.20e-4         1.821967e-8     1.32226e-9       #dY:7.3%   
  8.30e-4         1.833183e-8     1.33013e-9       #dY:7.3%   
  8.40e-4         1.844309e-8     1.33796e-9       #dY:7.3%   
  8.50e-4         1.855367e-8     1.34569e-9       #dY:7.3%   
  8.60e-4         1.866374e-8     1.35342e-9       #dY:7.3%   
  8.70e-4         1.877302e-8     1.36107e-9       #dY:7.3%   
  8.80e-4         1.888186e-8     1.36874e-9       #dY:7.2%   
  8.90e-4         1.899018e-8     1.37635e-9       #dY:7.2%   
  9.00e-4         1.909783e-8     1.38391e-9       #dY:7.2%   
  9.10e-4         1.920484e-8     1.39138e-9       #dY:7.2%   
  9.20e-4         1.931122e-8     1.39887e-9       #dY:7.2%   
  9.30e-4         1.941692e-8     1.40628e-9       #dY:7.2%   
  9.40e-4         1.952239e-8     1.41368e-9       #dY:7.2%   
  9.50e-4         1.962716e-8     1.42101e-9       #dY:7.2%   
  9.60e-4         1.973148e-8     1.42831e-9       #dY:7.2%   
  9.70e-4         1.983509e-8     1.43559e-9       #dY:7.2%   
  9.80e-4         1.993821e-8     1.44277e-9       #dY:7.2%   
  9.90e-4         2.004093e-8     1.45003e-9       #dY:7.2%   
  1.00e-3         2.014307e-8     1.45719e-9       #dY:7.2%   
  1.10e-3         2.113852e-8     1.52896e-9       #dY:7.2%   
  1.20e-3         2.209041e-8     1.63004e-9       #dY:7.4%   
  1.30e-3         2.300442e-8     1.69198e-9       #dY:7.4%   
  1.40e-3         2.388436e-8     1.75179e-9       #dY:7.3%   
  1.50e-3         2.47342e-8      1.80955e-9       #dY:7.3%   
  1.60e-3         2.555677e-8     1.86561e-9       #dY:7.3%   
  1.70e-3         2.635485e-8     1.91998e-9       #dY:7.3%   
  1.80e-3         2.713e-8        1.97282e-9       #dY:7.3%   
  1.90e-3         2.788463e-8     2.02436e-9       #dY:7.3%   
  2.00e-3         2.861997e-8     2.07456e-9       #dY:7.2%   
  2.10e-3         2.93376e-8      2.1236e-9        #dY:7.2%   
  2.20e-3         3.003879e-8     2.17155e-9       #dY:7.2%   
  2.30e-3         3.07247e-8      2.21845e-9       #dY:7.2%   
  2.40e-3         3.139603e-8     2.26444e-9       #dY:7.2%   
  2.50e-3         3.205396e-8     2.30947e-9       #dY:7.2%   
  2.60e-3         3.26993e-8      2.35369e-9       #dY:7.2%   
  2.70e-3         3.333243e-8     2.39706e-9       #dY:7.2%   
  2.80e-3         3.395443e-8     2.43971e-9       #dY:7.2%   
  2.90e-3         3.456565e-8     2.48164e-9       #dY:7.2%   
  3.00e-3         3.516665e-8     2.5229e-9        #dY:7.2%   
  3.10e-3         3.575808e-8     2.56349e-9       #dY:7.2%   
  3.20e-3         3.634019e-8     2.6035e-9        #dY:7.2%   
  3.30e-3         3.691369e-8     2.64286e-9       #dY:7.2%   
  3.40e-3         3.74785e-8      2.68171e-9       #dY:7.2%   
  3.50e-3         3.803546e-8     2.71999e-9       #dY:7.2%   
  3.60e-3         3.858466e-8     2.75782e-9       #dY:7.1%   
  3.70e-3         3.912645e-8     2.79512e-9       #dY:7.1%   
  3.80e-3         3.966132e-8     2.83196e-9       #dY:7.1%   
  3.90e-3         4.018924e-8     2.86835e-9       #dY:7.1%   
  4.00e-3         4.071067e-8     2.90433e-9       #dY:7.1%   
  4.10e-3         4.122583e-8     2.93987e-9       #dY:7.1%   
  4.20e-3         4.173483e-8     2.97499e-9       #dY:7.1%   
  4.30e-3         4.22381e-8      3.00975e-9       #dY:7.1%   
  4.40e-3         4.273552e-8     3.04408e-9       #dY:7.1%   
  4.50e-3         4.322763e-8     3.07814e-9       #dY:7.1%   
  4.60e-3         4.371457e-8     3.11183e-9       #dY:7.1%   
  4.70e-3         4.419606e-8     3.14509e-9       #dY:7.1%   
  4.80e-3         4.467278e-8     3.17812e-9       #dY:7.1%   
  4.90e-3         4.514469e-8     3.21082e-9       #dY:7.1%   
  5.00e-3         4.561193e-8     3.2432e-9        #dY:7.1%   
  5.10e-3         4.60745e-8      3.27526e-9       #dY:7.1%   
  5.20e-3         4.653275e-8     3.30706e-9       #dY:7.1%   
  5.30e-3         4.698685e-8     3.33858e-9       #dY:7.1%   
  5.40e-3         4.743667e-8     3.36983e-9       #dY:7.1%   
  5.50e-3         4.788255e-8     3.4008e-9        #dY:7.1%   
  5.60e-3         4.832442e-8     3.43153e-9       #dY:7.1%   
  5.70e-3         4.876252e-8     3.46202e-9       #dY:7.1%   
  5.80e-3         4.919686e-8     3.49228e-9       #dY:7.1%   
  5.90e-3         4.96278e-8      3.52226e-9       #dY:7.1%   
  6.00e-3         5.00551e-8      3.55204e-9       #dY:7.1%   
  6.10e-3         5.047871e-8     3.58157e-9       #dY:7.1%   
  6.20e-3         5.089919e-8     3.61086e-9       #dY:7.1%   
  6.30e-3         5.131634e-8     3.64001e-9       #dY:7.1%   
  6.40e-3         5.173031e-8     3.66892e-9       #dY:7.1%   
  6.50e-3         5.214098e-8     3.69762e-9       #dY:7.1%   
  6.60e-3         5.254872e-8     3.72611e-9       #dY:7.1%   
  6.70e-3         5.295348e-8     3.75442e-9       #dY:7.1%   
  6.80e-3         5.335518e-8     3.7825e-9        #dY:7.1%   
  6.90e-3         5.375423e-8     3.81048e-9       #dY:7.1%   
  7.00e-3         5.415027e-8     3.83821e-9       #dY:7.1%   
  7.10e-3         5.454375e-8     3.86579e-9       #dY:7.1%   
  7.20e-3         5.493456e-8     3.89321e-9       #dY:7.1%   
  7.30e-3         5.532265e-8     3.92043e-9       #dY:7.1%   
  7.40e-3         5.5708e-8       3.94749e-9       #dY:7.1%   
  7.50e-3         5.609114e-8     3.97442e-9       #dY:7.1%   
  7.60e-3         5.647164e-8     4.00116e-9       #dY:7.1%   
  7.70e-3         5.684975e-8     4.02779e-9       #dY:7.1%   
  7.80e-3         5.722544e-8     4.05422e-9       #dY:7.1%   
  7.90e-3         5.759891e-8     4.08052e-9       #dY:7.1%   
  8.00e-3         5.797e-8        4.10667e-9       #dY:7.1%   
  8.10e-3         5.833871e-8     4.1327e-9        #dY:7.1%   
  8.20e-3         5.870527e-8     4.15858e-9       #dY:7.1%   
  8.30e-3         5.90698e-8      4.18436e-9       #dY:7.1%   
  8.40e-3         5.943212e-8     4.20997e-9       #dY:7.1%   
  8.50e-3         5.979241e-8     4.23542e-9       #dY:7.1%   
  8.60e-3         6.01506e-8      4.2608e-9        #dY:7.1%   
  8.70e-3         6.050672e-8     4.28604e-9       #dY:7.1%   
  8.80e-3         6.086089e-8     4.31114e-9       #dY:7.1%   
  8.90e-3         6.121296e-8     4.33613e-9       #dY:7.1%   
  9.00e-3         6.156336e-8     4.361e-9         #dY:7.1%   
  9.10e-3         6.191182e-8     4.38578e-9       #dY:7.1%   
  9.20e-3         6.225839e-8     4.41042e-9       #dY:7.1%   
  9.30e-3         6.260302e-8     4.43496e-9       #dY:7.1%   
  9.40e-3         6.294599e-8     4.45939e-9       #dY:7.1%   
  9.50e-3         6.328719e-8     4.48369e-9       #dY:7.1%   
  9.60e-3         6.362651e-8     4.50789e-9       #dY:7.1%   
  9.70e-3         6.396434e-8     4.53203e-9       #dY:7.1%   
  9.80e-3         6.430024e-8     4.55603e-9       #dY:7.1%   
  9.90e-3         6.463461e-8     4.57994e-9       #dY:7.1%   
  0.01            6.49671e-8      4.6037e-9        #dY:7.1%   
  0.011           6.820829e-8     4.83366e-9       #dY:7.1%   
  0.012           7.130757e-8     5.16792e-9       #dY:7.2%   
  0.013           7.428234e-8     5.37882e-9       #dY:7.2%   
  0.014           7.71459e-8      5.58427e-9       #dY:7.2%   
  0.015           7.990988e-8     5.78491e-9       #dY:7.2%   
  0.016           8.258365e-8     5.98121e-9       #dY:7.2%   
  0.017           8.517506e-8     6.17359e-9       #dY:7.2%   
  0.018           8.769066e-8     6.36224e-9       #dY:7.3%   
  0.019           9.013675e-8     6.54776e-9       #dY:7.3%   
  0.02            9.251806e-8     6.73021e-9       #dY:7.3%   
  0.021           9.483947e-8     6.90984e-9       #dY:7.3%   
  0.022           9.710476e-8     7.08691e-9       #dY:7.3%   
  0.023           9.931754e-8     7.26162e-9       #dY:7.3%   
  0.024           1.014809e-7     7.43398e-9       #dY:7.3%   
  0.025           1.035974e-7     7.60432e-9       #dY:7.3%   
  0.026           1.056708e-7     7.77266e-9       #dY:7.4%   
  0.027           1.07703e-7      7.93908e-9       #dY:7.4%   
  0.028           1.096953e-7     8.1038e-9        #dY:7.4%   
  0.029           1.116501e-7     8.26666e-9       #dY:7.4%   
  0.03            1.135711e-7     8.42788e-9       #dY:7.4%   
  0.031           1.154571e-7     8.58801e-9       #dY:7.4%   
  0.032           1.173123e-7     8.74678e-9       #dY:7.5%   
  0.033           1.191361e-7     8.90385e-9       #dY:7.5%   
  0.034           1.209311e-7     9.05962e-9       #dY:7.5%   
  0.035           1.226967e-7     9.21409e-9       #dY:7.5%   
  0.036           1.244349e-7     9.3676e-9        #dY:7.5%   
  0.037           1.261468e-7     9.51986e-9       #dY:7.5%   
  0.038           1.27833e-7      9.67111e-9       #dY:7.6%   
  0.039           1.294938e-7     9.82085e-9       #dY:7.6%   
  0.04            1.311309e-7     9.96977e-9       #dY:7.6%   
  0.041           1.327462e-7     1.01181e-8       #dY:7.6%   
  0.042           1.343378e-7     1.02654e-8       #dY:7.6%   
  0.043           1.359106e-7     1.04119e-8       #dY:7.7%   
  0.044           1.374595e-7     1.0557e-8        #dY:7.7%   
  0.045           1.389884e-7     1.07012e-8       #dY:7.7%   
  0.046           1.404976e-7     1.08451e-8       #dY:7.7%   
  0.047           1.419864e-7     1.09878e-8       #dY:7.7%   
  0.048           1.434574e-7     1.113e-8         #dY:7.8%   
  0.049           1.449111e-7     1.1272e-8        #dY:7.8%   
  0.05            1.463469e-7     1.14126e-8       #dY:7.8%   
  0.051           1.477652e-7     1.15526e-8       #dY:7.8%   
  0.052           1.491674e-7     1.16917e-8       #dY:7.8%   
  0.053           1.505526e-7     1.18306e-8       #dY:7.9%   
  0.054           1.519229e-7     1.19687e-8       #dY:7.9%   
  0.055           1.532748e-7     1.21055e-8       #dY:7.9%   
  0.056           1.546133e-7     1.22423e-8       #dY:7.9%   
  0.057           1.559381e-7     1.23789e-8       #dY:7.9%   
  0.058           1.572471e-7     1.25143e-8       #dY:8.0%   
  0.059           1.585418e-7     1.26492e-8       #dY:8.0%   
  0.06            1.598221e-7     1.27837e-8       #dY:8.0%   
  0.061           1.610894e-7     1.29172e-8       #dY:8.0%   
  0.062           1.623434e-7     1.30506e-8       #dY:8.0%   
  0.063           1.635852e-7     1.31835e-8       #dY:8.1%   
  0.064           1.648131e-7     1.33153e-8       #dY:8.1%   
  0.065           1.66028e-7      1.34468e-8       #dY:8.1%   
  0.066           1.67232e-7      1.35782e-8       #dY:8.1%   
  0.067           1.684217e-7     1.37083e-8       #dY:8.1%   
  0.068           1.696e-7        1.38384e-8       #dY:8.2%   
  0.069           1.707665e-7     1.39676e-8       #dY:8.2%   
  0.07            1.719241e-7     1.40968e-8       #dY:8.2%   
  0.071           1.730687e-7     1.42251e-8       #dY:8.2%   
  0.072           1.742013e-7     1.43527e-8       #dY:8.2%   
  0.073           1.753253e-7     1.448e-8         #dY:8.3%   
  0.074           1.764375e-7     1.46069e-8       #dY:8.3%   
  0.075           1.775389e-7     1.47327e-8       #dY:8.3%   
  0.076           1.786312e-7     1.48587e-8       #dY:8.3%   
  0.077           1.797134e-7     1.49839e-8       #dY:8.3%   
  0.078           1.807856e-7     1.51087e-8       #dY:8.4%   
  0.079           1.818487e-7     1.52327e-8       #dY:8.4%   
  0.08            1.829008e-7     1.53565e-8       #dY:8.4%   
  0.081           1.839451e-7     1.54797e-8       #dY:8.4%   
  0.082           1.849802e-7     1.56026e-8       #dY:8.4%   
  0.083           1.860062e-7     1.57249e-8       #dY:8.5%   
  0.084           1.87022e-7      1.58465e-8       #dY:8.5%   
  0.085           1.880299e-7     1.59677e-8       #dY:8.5%   
  0.086           1.89028e-7      1.60887e-8       #dY:8.5%   
  0.087           1.900177e-7     1.62088e-8       #dY:8.5%   
  0.088           1.910002e-7     1.63288e-8       #dY:8.5%   
  0.089           1.919734e-7     1.6448e-8        #dY:8.6%   
  0.09            1.929381e-7     1.6567e-8        #dY:8.6%   
  0.091           1.938951e-7     1.66854e-8       #dY:8.6%   
  0.092           1.948422e-7     1.68034e-8       #dY:8.6%   
  0.093           1.957823e-7     1.69208e-8       #dY:8.6%   
  0.094           1.967149e-7     1.70385e-8       #dY:8.7%   
  0.095           1.976403e-7     1.71547e-8       #dY:8.7%   
  0.096           1.985548e-7     1.7271e-8        #dY:8.7%   
  0.097           1.994655e-7     1.73871e-8       #dY:8.7%   
  0.098           2.003652e-7     1.75024e-8       #dY:8.7%   
  0.099           2.0126e-7       1.76176e-8       #dY:8.8%   
  0.1             2.021457e-7     1.77322e-8       #dY:8.8%   
  0.11            2.106243e-7     1.85145e-8       #dY:8.8%   
  0.12            2.184751e-7     1.99589e-8       #dY:9.1%   
  0.13            2.257485e-7     2.09765e-8       #dY:9.3%   
  0.14            2.325033e-7     2.19563e-8       #dY:9.4%   
  0.15            2.387888e-7     2.29014e-8       #dY:9.6%   
  0.16            2.446312e-7     2.38103e-8       #dY:9.7%   
  0.17            2.500625e-7     2.46895e-8       #dY:9.9%   
  0.18            2.551354e-7     2.55404e-8       #dY:10.0%  
  0.19            2.598775e-7     2.63624e-8       #dY:10.1%  
  0.2             2.643165e-7     2.71568e-8       #dY:10.3%  
  0.21            2.67838e-7      2.78573e-8       #dY:10.4%  
  0.22            2.711228e-7     2.80092e-8       #dY:10.3%  
  0.23            2.742089e-7     2.82196e-8       #dY:10.3%  
  0.24            2.771303e-7     2.84461e-8       #dY:10.3%  
  0.25            2.798766e-7     2.86816e-8       #dY:10.2%  
  0.26            2.824294e-7     2.89216e-8       #dY:10.2%  
  0.27            2.847915e-7     2.91728e-8       #dY:10.2%  
  0.28            2.87003e-7      2.94418e-8       #dY:10.3%  
  0.29            2.890887e-7     2.97271e-8       #dY:10.3%  
  0.3             2.910568e-7     3.00239e-8       #dY:10.3%  
  0.31            2.928453e-7     3.03221e-8       #dY:10.4%  
  0.32            2.944891e-7     3.01861e-8       #dY:10.3%  
  0.33            2.959665e-7     3.00932e-8       #dY:10.2%  
  0.34            2.973368e-7     3.00443e-8       #dY:10.1%  
  0.35            2.986286e-7     3.00311e-8       #dY:10.1%  
  0.36            2.998019e-7     3.00401e-8       #dY:10.0%  
  0.37            3.008215e-7     3.00711e-8       #dY:10.0%  
  0.38            3.017105e-7     3.01321e-8       #dY:10.0%  
  0.39            3.025238e-7     3.02306e-8       #dY:10.0%  
  0.4             3.032948e-7     3.03626e-8       #dY:10.0%  
  0.41            3.043299e-7     3.05512e-8       #dY:10.0%  
  0.42            3.052897e-7     3.00728e-8       #dY:9.9%   
  0.43            3.061342e-7     2.96146e-8       #dY:9.7%   
  0.44            3.06866e-7      2.92007e-8       #dY:9.5%   
  0.45            3.075032e-7     2.88334e-8       #dY:9.4%   
  0.46            3.080578e-7     2.85126e-8       #dY:9.3%   
  0.47            3.085578e-7     2.82457e-8       #dY:9.2%   
  0.48            3.09005e-7      2.80271e-8       #dY:9.1%   
  0.49            3.094052e-7     2.78614e-8       #dY:9.0%   
  0.5             3.097603e-7     2.77507e-8       #dY:9.0%   
  0.51            3.103106e-7     2.77193e-8       #dY:8.9%   
  0.52            3.108163e-7     2.75186e-8       #dY:8.9%   
  0.53            3.112855e-7     2.73626e-8       #dY:8.8%   
  0.54            3.117177e-7     2.72627e-8       #dY:8.7%   
  0.55            3.12103e-7      2.72156e-8       #dY:8.7%   
  0.56            3.124365e-7     2.72169e-8       #dY:8.7%   
  0.57            3.127258e-7     2.7274e-8        #dY:8.7%   
  0.58            3.12973e-7      2.73881e-8       #dY:8.8%   
  0.59            3.131591e-7     2.75545e-8       #dY:8.8%   
  0.6             3.133004e-7     2.778e-8         #dY:8.9%   
  0.61            3.135682e-7     2.80776e-8       #dY:9.0%   
  0.62            3.138355e-7     2.76243e-8       #dY:8.8%   
  0.63            3.140637e-7     2.72224e-8       #dY:8.7%   
  0.64            3.142527e-7     2.6879e-8        #dY:8.6%   
  0.65            3.143993e-7     2.6602e-8        #dY:8.5%   
  0.66            3.14502e-7      2.63931e-8       #dY:8.4%   
  0.67            3.14544e-7      2.62568e-8       #dY:8.3%   
  0.68            3.145302e-7     2.61979e-8       #dY:8.3%   
  0.69            3.144818e-7     2.62218e-8       #dY:8.3%   
  0.7             3.144162e-7     2.63359e-8       #dY:8.4%   
  0.71            3.143825e-7     2.65419e-8       #dY:8.4%   
  0.72            3.14345e-7      2.57601e-8       #dY:8.2%   
  0.73            3.143074e-7     2.5045e-8        #dY:8.0%   
  0.74            3.142636e-7     2.44006e-8       #dY:7.8%   
  0.75            3.141992e-7     2.38345e-8       #dY:7.6%   
  0.76            3.141124e-7     2.33575e-8       #dY:7.4%   
  0.77            3.139993e-7     2.29775e-8       #dY:7.3%   
  0.78            3.138666e-7     2.27091e-8       #dY:7.2%   
  0.79            3.137052e-7     2.25621e-8       #dY:7.2%   
  0.8             3.135101e-7     2.25444e-8       #dY:7.2%   
  0.81            3.133115e-7     2.26646e-8       #dY:7.2%   
  0.82            3.13097e-7      2.21592e-8       #dY:7.1%   
  0.83            3.128682e-7     2.17037e-8       #dY:6.9%   
  0.84            3.126218e-7     2.1303e-8        #dY:6.8%   
  0.85            3.123593e-7     2.09624e-8       #dY:6.7%   
  0.86            3.120704e-7     2.06876e-8       #dY:6.6%   
  0.87            3.117647e-7     2.04855e-8       #dY:6.6%   
  0.88            3.114294e-7     2.03618e-8       #dY:6.5%   
  0.89            3.110753e-7     2.03221e-8       #dY:6.5%   
  0.9             3.107168e-7     2.03736e-8       #dY:6.6%   
  0.91            3.103679e-7     2.05197e-8       #dY:6.6%   
  0.92            3.100281e-7     2.00821e-8       #dY:6.5%   
  0.93            3.096918e-7     1.96695e-8       #dY:6.4%   
  0.94            3.093431e-7     1.92858e-8       #dY:6.2%   
  0.95            3.089707e-7     1.89328e-8       #dY:6.1%   
  0.96            3.085719e-7     1.8613e-8        #dY:6.0%   
  0.97            3.081529e-7     1.83327e-8       #dY:5.9%   
  0.98            3.077202e-7     1.80958e-8       #dY:5.9%   
  0.99            3.07282e-7      1.79052e-8       #dY:5.8%   
  1               3.068372e-7     1.77645e-8       #dY:5.8%   
  1.1             3.020918e-7     1.74296e-8       #dY:5.8%   
  1.2             2.965896e-7     1.35492e-8       #dY:4.6%   
  1.3             2.904285e-7     9.83243e-9       #dY:3.4%   
  1.4             2.836824e-7     7.26097e-9       #dY:2.6%   
  1.5             2.764573e-7     6.07487e-9       #dY:2.2%   
  1.6             2.686635e-7     5.65911e-9       #dY:2.1%   
  1.7             2.605677e-7     5.45851e-9       #dY:2.1%   
  1.8             2.52131e-7      5.3095e-9        #dY:2.1%   
  1.9             2.433783e-7     5.21973e-9       #dY:2.1%   
  2               2.344201e-7     5.09358e-9       #dY:2.2%   
  2.1             2.253815e-7     4.93316e-9       #dY:2.2%   
  2.2             2.162523e-7     4.76721e-9       #dY:2.2%   
  2.3             2.071177e-7     4.61016e-9       #dY:2.2%   
  2.4             1.980789e-7     4.44415e-9       #dY:2.2%   
  2.5             1.89136e-7      4.2761e-9        #dY:2.3%   
  2.6             1.803566e-7     4.11387e-9       #dY:2.3%   
  2.7             1.71789e-7      3.95239e-9       #dY:2.3%   
  2.8             1.63434e-7      3.80718e-9       #dY:2.3%   
  2.9             1.553504e-7     3.65336e-9       #dY:2.4%   
  3               1.475335e-7     3.51214e-9       #dY:2.4%   
  3.1             1.399931e-7     3.37027e-9       #dY:2.4%   
  3.2             1.327488e-7     3.22632e-9       #dY:2.4%   
  3.3             1.257869e-7     3.09122e-9       #dY:2.5%   
  3.4             1.191108e-7     2.95189e-9       #dY:2.5%   
  3.5             1.127359e-7     2.81813e-9       #dY:2.5%   
  3.6             1.066494e-7     2.68973e-9       #dY:2.5%   
  3.7             1.008261e-7     2.56639e-9       #dY:2.5%   
  3.8             9.528664e-8     2.44486e-9       #dY:2.6%   
  3.9             9.000558e-8     2.32853e-9       #dY:2.6%   
  4               8.500251e-8     2.21731e-9       #dY:2.6%   
  4.1             8.024353e-8     2.11433e-9       #dY:2.6%   
  4.2             7.573279e-8     2.01459e-9       #dY:2.7%   
  4.3             7.145552e-8     1.92199e-9       #dY:2.7%   
  4.4             6.741374e-8     1.83318e-9       #dY:2.7%   
  4.5             6.358886e-8     1.74981e-9       #dY:2.8%   
  4.6             5.997235e-8     1.67093e-9       #dY:2.8%   
  4.7             5.654835e-8     1.59569e-9       #dY:2.8%   
  4.8             5.331266e-8     1.52406e-9       #dY:2.9%   
  4.9             5.025004e-8     1.45552e-9       #dY:2.9%   
  5               4.735439e-8     1.38965e-9       #dY:2.9%   
  5.1             4.461827e-8     1.32723e-9       #dY:3.0%   
  5.2             4.203194e-8     1.26699e-9       #dY:3.0%   
  5.3             3.958827e-8     1.20908e-9       #dY:3.1%   
  5.4             3.727892e-8     1.15371e-9       #dY:3.1%   
  5.5             3.509604e-8     1.10056e-9       #dY:3.1%   
  5.6             3.303558e-8     1.04911e-9       #dY:3.2%   
  5.7             3.108772e-8     1.0004e-9        #dY:3.2%   
  5.8             2.924507e-8     9.53742e-10      #dY:3.3%   
  5.9             2.750606e-8     9.08535e-10      #dY:3.3%   
  6               2.586127e-8     8.65955e-10      #dY:3.3%   
  6.1             2.430618e-8     8.25373e-10      #dY:3.4%   
  6.2             2.283814e-8     7.86662e-10      #dY:3.4%   
  6.3             2.145213e-8     7.50135e-10      #dY:3.5%   
  6.4             2.014219e-8     7.15425e-10      #dY:3.6%   
  6.5             1.890606e-8     6.82044e-10      #dY:3.6%   
  6.6             1.77414e-8      6.50006e-10      #dY:3.7%   
  6.7             1.664318e-8     6.19916e-10      #dY:3.7%   
  6.8             1.560745e-8     5.91176e-10      #dY:3.8%   
  6.9             1.463262e-8     5.63449e-10      #dY:3.9%   
  7               1.371516e-8     5.37223e-10      #dY:3.9%   
  7.1             1.285129e-8     5.12245e-10      #dY:4.0%   
  7.2             1.203886e-8     4.88387e-10      #dY:4.1%   
  7.3             1.127515e-8     4.6551e-10       #dY:4.1%   
  7.4             1.05572e-8      4.43829e-10      #dY:4.2%   
  7.5             9.883416e-9     4.2335e-10       #dY:4.3%   
  7.6             9.250536e-9     4.03807e-10      #dY:4.4%   
  7.7             8.656618e-9     3.85145e-10      #dY:4.4%   
  7.8             8.100103e-9     3.67502e-10      #dY:4.5%   
  7.9             7.57831e-9      3.50839e-10      #dY:4.6%   
  8               7.088626e-9     3.34883e-10      #dY:4.7%   
  8.1             6.629735e-9     3.19725e-10      #dY:4.8%   
  8.2             6.200124e-9     3.05362e-10      #dY:4.9%   
  8.3             5.797793e-9     2.91689e-10      #dY:5.0%   
  8.4             5.420688e-9     2.78599e-10      #dY:5.1%   
  8.5             5.067983e-9     2.66126e-10      #dY:5.3%   
  8.6             4.737918e-9     2.54252e-10      #dY:5.4%   
  8.7             4.428666e-9     2.42889e-10      #dY:5.5%   
  8.8             4.139484e-9     2.32038e-10      #dY:5.6%   
  8.9             3.869167e-9     2.2169e-10       #dY:5.7%   
  9               3.616512e-9     2.11805e-10      #dY:5.9%   
  9.1             3.380119e-9     2.02327e-10      #dY:6.0%   
  9.2             3.159058e-9     1.93233e-10      #dY:6.1%   
  9.3             2.952352e-9     1.84529e-10      #dY:6.3%   
  9.4             2.758992e-9     1.76203e-10      #dY:6.4%   
  9.5             2.578284e-9     1.6822e-10       #dY:6.5%   
  9.6             2.409445e-9     1.60579e-10      #dY:6.7%   
  9.7             2.251696e-9     1.53264e-10      #dY:6.8%   
  9.8             2.104219e-9     1.46241e-10      #dY:6.9%   
  9.9             1.966372e-9     1.39508e-10      #dY:7.1%   
  10              1.837556e-9     1.33065e-10      #dY:7.2%   
  10.2            1.604579e-9     1.18575e-10      #dY:7.4%   
  10.4            1.401163e-9     1.03982e-10      #dY:7.4%   
  10.6            1.223585e-9     9.4391e-11       #dY:7.7%   
  10.8            1.06853e-9      8.55995e-11      #dY:8.0%   
  11              9.33034e-10     7.75344e-11      #dY:8.3%   
  11.2            8.14755e-10     7.01506e-11      #dY:8.6%   
  11.4            7.11428e-10     6.33928e-11      #dY:8.9%   
  11.6            6.21115e-10     5.72228e-11      #dY:9.2%   
  11.8            5.42209e-10     5.15858e-11      #dY:9.5%   
  12              4.73284e-10     4.64501e-11      #dY:9.8%   
  12.2            4.13048e-10     4.1777e-11       #dY:10.1%  
  12.4            3.60409e-10     3.75249e-11      #dY:10.4%  
  12.6            3.14424e-10     3.36701e-11      #dY:10.7%  
  12.8            2.74247e-10     3.01764e-11      #dY:11.0%  
  13              2.39137e-10     2.70181e-11      #dY:11.3%  
  13.2            2.08477e-10     2.41614e-11      #dY:11.6%  
  13.4            1.81696e-10     2.15847e-11      #dY:11.9%  
  13.6            1.58318e-10     1.92608e-11      #dY:12.2%  
  13.8            1.37915e-10     1.71702e-11      #dY:12.4%  
  14              1.20115e-10     1.52946e-11      #dY:12.7%  
  14.2            1.04585e-10     1.36128e-11      #dY:13.0%  
  14.4            9.1039e-11      1.21075e-11      #dY:13.3%  
  14.6            7.92279e-11     1.07599e-11      #dY:13.6%  
  14.8            6.89286e-11     9.55487e-12      #dY:13.9%  
  15              5.99543e-11     8.47833e-12      #dY:14.1%  
  15.2            5.21379e-11     7.51834e-12      #dY:14.4%  
  15.4            4.53312e-11     6.66355e-12      #dY:14.7%  
  15.6            3.94056e-11     5.90328e-12      #dY:15.0%  
  15.8            3.42482e-11     5.22744e-12      #dY:15.3%  
  16              2.97592e-11     4.62653e-12      #dY:15.5%  
  16.2            2.58533e-11     4.09292e-12      #dY:15.8%  
  16.4            2.24559e-11     3.61933e-12      #dY:16.1%  
  16.6            1.95019e-11     3.19922e-12      #dY:16.4%  
  16.8            1.69338e-11     2.82687e-12      #dY:16.7%  
  17              1.47016e-11     2.49719e-12      #dY:17.0%  
  17.2            1.27618e-11     2.20524e-12      #dY:17.3%  
  17.4            1.10761e-11     1.94689e-12      #dY:17.6%  
  17.6            9.61161e-12     1.71843e-12      #dY:17.9%  
  17.8            8.33995e-12     1.51638e-12      #dY:18.2%  
  18              7.23588e-12     1.33776e-12      #dY:18.5%  
  18.2            6.27736e-12     1.17984e-12      #dY:18.8%  
  18.4            5.44539e-12     1.0403e-12       #dY:19.1%  
  18.6            4.7234e-12      9.17062e-13      #dY:19.4%  
  18.8            4.09676e-12     8.08248e-13      #dY:19.7%  
  19              3.55312e-12     7.12206e-13      #dY:20.0%  
  19.2            3.08154e-12     6.2745e-13       #dY:20.4%  
  19.4            2.67246e-12     5.52633e-13      #dY:20.7%  
  19.6            2.31767e-12     4.86596e-13      #dY:21.0%  
  19.8            2.01005e-12     4.28368e-13      #dY:21.3%  
  20              1.74325e-12     3.76988e-13      #dY:21.6%  
  20.2            1.51188e-12     3.31691e-13      #dY:21.9%  
  20.4            1.31124e-12     2.91772e-13      #dY:22.3%  
  20.6            1.13719e-12     2.56574e-13      #dY:22.6%  
  20.8            9.86259e-13     2.25561e-13      #dY:22.9%  
  21              8.55397e-13     1.98252e-13      #dY:23.2%  
  21.2            7.41914e-13     1.74195e-13      #dY:23.5%  
  21.4            6.4351e-13      1.53013e-13      #dY:23.8%  
  21.6            5.58159e-13     1.34368e-13      #dY:24.1%  
  21.8            4.84116e-13     1.17959e-13      #dY:24.4%  
  22              4.19887e-13     1.03523e-13      #dY:24.7%  
  22.2            3.64183e-13     9.08331e-14      #dY:24.9%  
  22.4            3.15867e-13     7.96767e-14      #dY:25.2%  
  22.6            2.73959e-13     6.98719e-14      #dY:25.5%  
  22.8            2.37606e-13     6.12574e-14      #dY:25.8%  
  23              2.06067e-13     5.36895e-14      #dY:26.1%  
  23.2            1.78706e-13     4.70438e-14      #dY:26.3%  
  23.4            1.54973e-13     4.12129e-14      #dY:26.6%  
  23.6            1.34387e-13     3.60963e-14      #dY:26.9%  
  23.8            1.16531e-13     3.16072e-14      #dY:27.1%  
  24              1.01046e-13     2.76707e-14      #dY:27.4%  
  24.2            8.76145e-14     2.42186e-14      #dY:27.6%  
  24.4            7.59658e-14     2.11918e-14      #dY:27.9%  
  24.6            6.58647e-14     1.85398e-14      #dY:28.1%  
  24.8            5.7105e-14      1.6216e-14       #dY:28.4%  
  25              4.95082e-14     1.41806e-14      #dY:28.6%  
  25.2            4.29198e-14     1.2398e-14       #dY:28.9%  
  25.4            3.72063e-14     1.08371e-14      #dY:29.1%  
  25.6            3.22517e-14     9.47087e-15      #dY:29.4%  
  25.8            2.7955e-14      8.27541e-15      #dY:29.6%  
  26              2.42291e-14     7.22935e-15      #dY:29.8%  
  26.2            2.09988e-14     6.31437e-15      #dY:30.1%  
  26.4            1.81978e-14     5.51424e-15      #dY:30.3%  
  26.6            1.57696e-14     4.81457e-15      #dY:30.5%  
  26.8            1.36644e-14     4.20283e-15      #dY:30.8%  
  27              1.18396e-14     3.66821e-15      #dY:31.0%  
  27.2            1.02578e-14     3.20092e-15      #dY:31.2%  
  27.4            8.88679e-15     2.79264e-15      #dY:31.4%  
  27.6            7.6985e-15      2.43596e-15      #dY:31.6%  
  27.8            6.66885e-15     2.12441e-15      #dY:31.9%  
  28              5.77661e-15     1.85239e-15      #dY:32.1%  
  28.2            5.00329e-15     1.61492e-15      #dY:32.3%  
  28.4            4.33319e-15     1.40767e-15      #dY:32.5%  
  28.6            3.75261e-15     1.22685e-15      #dY:32.7%  
  28.8            3.24952e-15     1.06906e-15      #dY:32.9%  
  29              2.8136e-15      9.31419e-16      #dY:33.1%  
  29.2            2.43595e-15     8.11361e-16      #dY:33.3%  
  29.4            2.10878e-15     7.06666e-16      #dY:33.5%  
  29.6            1.82538e-15     6.15372e-16      #dY:33.7%  
  29.8            1.57991e-15     5.35779e-16      #dY:33.9%  
  30              0.00            0.00                        
//
#-------------------------------------------------------------------------------
#
#name:   INDEN-Aug2023: PU-239(N,F) E_in=6. MeV
#X.axis: Energy
#Y.axis: 
#wdata:  3
#ldata:  642
#data...
# X               Y               +-dY           
# MeV             1/eV            1/eV           
  0.00            0.00            0.00                        
  1.00e-5         1.936077e-9     2.96188e-11      #dY:1.5%   
  1.10e-5         2.030767e-9     3.10675e-11      #dY:1.5%   
  1.20e-5         2.121256e-9     1.66101e-10      #dY:7.8%   
  1.30e-5         2.208041e-9     1.72507e-10      #dY:7.8%   
  1.40e-5         2.291567e-9     1.78692e-10      #dY:7.8%   
  1.50e-5         2.372198e-9     1.84676e-10      #dY:7.8%   
  1.60e-5         2.450151e-9     1.90471e-10      #dY:7.8%   
  1.70e-5         2.52573e-9      1.96097e-10      #dY:7.8%   
  1.80e-5         2.59914e-9      2.01565e-10      #dY:7.8%   
  1.90e-5         2.670547e-9     2.06892e-10      #dY:7.7%   
  2.00e-5         2.740098e-9     2.12085e-10      #dY:7.7%   
  2.10e-5         2.80795e-9      2.17153e-10      #dY:7.7%   
  2.20e-5         2.874212e-9     2.22105e-10      #dY:7.7%   
  2.30e-5         2.938992e-9     2.26948e-10      #dY:7.7%   
  2.40e-5         3.002375e-9     2.31691e-10      #dY:7.7%   
  2.50e-5         3.064458e-9     2.36335e-10      #dY:7.7%   
  2.60e-5         3.125328e-9     2.40893e-10      #dY:7.7%   
  2.70e-5         3.185031e-9     2.45363e-10      #dY:7.7%   
  2.80e-5         3.243654e-9     2.49756e-10      #dY:7.7%   
  2.90e-5         3.301251e-9     2.54068e-10      #dY:7.7%   
  3.00e-5         3.357869e-9     2.58311e-10      #dY:7.7%   
  3.10e-5         3.413554e-9     2.62483e-10      #dY:7.7%   
  3.20e-5         3.468339e-9     2.66591e-10      #dY:7.7%   
  3.30e-5         3.522301e-9     2.70636e-10      #dY:7.7%   
  3.40e-5         3.575444e-9     2.74619e-10      #dY:7.7%   
  3.50e-5         3.627829e-9     2.78543e-10      #dY:7.7%   
  3.60e-5         3.679479e-9     2.82415e-10      #dY:7.7%   
  3.70e-5         3.730409e-9     2.86237e-10      #dY:7.7%   
  3.80e-5         3.780655e-9     2.90e-10         #dY:7.7%   
  3.90e-5         3.830239e-9     2.93718e-10      #dY:7.7%   
  4.00e-5         3.879215e-9     2.97388e-10      #dY:7.7%   
  4.10e-5         3.927593e-9     3.01017e-10      #dY:7.7%   
  4.20e-5         3.975373e-9     3.04597e-10      #dY:7.7%   
  4.30e-5         4.022596e-9     3.08138e-10      #dY:7.7%   
  4.40e-5         4.069278e-9     3.11634e-10      #dY:7.7%   
  4.50e-5         4.115432e-9     3.15093e-10      #dY:7.7%   
  4.60e-5         4.161083e-9     3.18512e-10      #dY:7.7%   
  4.70e-5         4.206258e-9     3.21903e-10      #dY:7.7%   
  4.80e-5         4.250942e-9     3.25252e-10      #dY:7.7%   
  4.90e-5         4.295175e-9     3.28564e-10      #dY:7.6%   
  5.00e-5         4.338959e-9     3.31847e-10      #dY:7.6%   
  5.10e-5         4.382301e-9     3.35091e-10      #dY:7.6%   
  5.20e-5         4.425238e-9     3.38307e-10      #dY:7.6%   
  5.30e-5         4.467768e-9     3.41497e-10      #dY:7.6%   
  5.40e-5         4.509904e-9     3.44652e-10      #dY:7.6%   
  5.50e-5         4.551636e-9     3.47777e-10      #dY:7.6%   
  5.60e-5         4.593009e-9     3.50875e-10      #dY:7.6%   
  5.70e-5         4.634009e-9     3.53947e-10      #dY:7.6%   
  5.80e-5         4.674655e-9     3.56992e-10      #dY:7.6%   
  5.90e-5         4.714966e-9     3.6001e-10       #dY:7.6%   
  6.00e-5         4.754941e-9     3.62999e-10      #dY:7.6%   
  6.10e-5         4.794581e-9     3.65969e-10      #dY:7.6%   
  6.20e-5         4.833872e-9     3.68911e-10      #dY:7.6%   
  6.30e-5         4.872881e-9     3.71831e-10      #dY:7.6%   
  6.40e-5         4.911575e-9     3.74728e-10      #dY:7.6%   
  6.50e-5         4.949969e-9     3.77603e-10      #dY:7.6%   
  6.60e-5         4.988093e-9     3.80453e-10      #dY:7.6%   
  6.70e-5         5.025922e-9     3.83286e-10      #dY:7.6%   
  6.80e-5         5.063458e-9     3.86094e-10      #dY:7.6%   
  6.90e-5         5.100732e-9     3.88878e-10      #dY:7.6%   
  7.00e-5         5.137725e-9     3.91653e-10      #dY:7.6%   
  7.10e-5         5.174482e-9     3.94396e-10      #dY:7.6%   
  7.20e-5         5.210968e-9     3.97125e-10      #dY:7.6%   
  7.30e-5         5.24721e-9      3.99836e-10      #dY:7.6%   
  7.40e-5         5.283208e-9     4.02529e-10      #dY:7.6%   
  7.50e-5         5.318957e-9     4.05201e-10      #dY:7.6%   
  7.60e-5         5.354477e-9     4.07854e-10      #dY:7.6%   
  7.70e-5         5.389757e-9     4.10493e-10      #dY:7.6%   
  7.80e-5         5.424818e-9     4.13114e-10      #dY:7.6%   
  7.90e-5         5.459668e-9     4.15718e-10      #dY:7.6%   
  8.00e-5         5.494291e-9     4.18303e-10      #dY:7.6%   
  8.10e-5         5.52869e-9      4.20871e-10      #dY:7.6%   
  8.20e-5         5.562892e-9     4.23431e-10      #dY:7.6%   
  8.30e-5         5.596881e-9     4.25969e-10      #dY:7.6%   
  8.40e-5         5.630683e-9     4.28494e-10      #dY:7.6%   
  8.50e-5         5.664275e-9     4.31005e-10      #dY:7.6%   
  8.60e-5         5.697679e-9     4.335e-10        #dY:7.6%   
  8.70e-5         5.730883e-9     4.35972e-10      #dY:7.6%   
  8.80e-5         5.763904e-9     4.38441e-10      #dY:7.6%   
  8.90e-5         5.796724e-9     4.40894e-10      #dY:7.6%   
  9.00e-5         5.829387e-9     4.4333e-10       #dY:7.6%   
  9.10e-5         5.861858e-9     4.45761e-10      #dY:7.6%   
  9.20e-5         5.894136e-9     4.48165e-10      #dY:7.6%   
  9.30e-5         5.92627e-9      4.50562e-10      #dY:7.6%   
  9.40e-5         5.958229e-9     4.52948e-10      #dY:7.6%   
  9.50e-5         5.990026e-9     4.55318e-10      #dY:7.6%   
  9.60e-5         6.021626e-9     4.57678e-10      #dY:7.6%   
  9.70e-5         6.053082e-9     4.60025e-10      #dY:7.6%   
  9.80e-5         6.084378e-9     4.62359e-10      #dY:7.6%   
  9.90e-5         6.115523e-9     4.6468e-10       #dY:7.6%   
  1.00e-4         6.146499e-9     4.66991e-10      #dY:7.6%   
  1.10e-4         6.448313e-9     4.89882e-10      #dY:7.6%   
  1.20e-4         6.736844e-9     5.22404e-10      #dY:7.8%   
  1.30e-4         7.01371e-9      5.42433e-10      #dY:7.7%   
  1.40e-4         7.280248e-9     5.61748e-10      #dY:7.7%   
  1.50e-4         7.537547e-9     5.80428e-10      #dY:7.7%   
  1.60e-4         7.786526e-9     5.9852e-10       #dY:7.7%   
  1.70e-4         8.027946e-9     6.16081e-10      #dY:7.7%   
  1.80e-4         8.262465e-9     6.33147e-10      #dY:7.7%   
  1.90e-4         8.490635e-9     6.49755e-10      #dY:7.7%   
  2.00e-4         8.712978e-9     6.65946e-10      #dY:7.6%   
  2.10e-4         8.929924e-9     6.81746e-10      #dY:7.6%   
  2.20e-4         9.141821e-9     6.97178e-10      #dY:7.6%   
  2.30e-4         9.349048e-9     7.12269e-10      #dY:7.6%   
  2.40e-4         9.551897e-9     7.27043e-10      #dY:7.6%   
  2.50e-4         9.750611e-9     7.41508e-10      #dY:7.6%   
  2.60e-4         9.94546e-9      7.5571e-10       #dY:7.6%   
  2.70e-4         1.013668e-8     7.69637e-10      #dY:7.6%   
  2.80e-4         1.032447e-8     7.83291e-10      #dY:7.6%   
  2.90e-4         1.050898e-8     7.96719e-10      #dY:7.6%   
  3.00e-4         1.069037e-8     8.099e-10        #dY:7.6%   
  3.10e-4         1.086879e-8     8.22905e-10      #dY:7.6%   
  3.20e-4         1.10445e-8      8.35666e-10      #dY:7.6%   
  3.30e-4         1.121747e-8     8.48256e-10      #dY:7.6%   
  3.40e-4         1.138785e-8     8.60631e-10      #dY:7.6%   
  3.50e-4         1.155586e-8     8.72827e-10      #dY:7.6%   
  3.60e-4         1.172145e-8     8.84877e-10      #dY:7.5%   
  3.70e-4         1.188492e-8     8.96745e-10      #dY:7.5%   
  3.80e-4         1.204618e-8     9.08447e-10      #dY:7.5%   
  3.90e-4         1.220547e-8     9.20001e-10      #dY:7.5%   
  4.00e-4         1.236261e-8     9.3142e-10       #dY:7.5%   
  4.10e-4         1.251806e-8     9.42684e-10      #dY:7.5%   
  4.20e-4         1.267144e-8     9.53777e-10      #dY:7.5%   
  4.30e-4         1.282306e-8     9.64767e-10      #dY:7.5%   
  4.40e-4         1.297308e-8     9.75642e-10      #dY:7.5%   
  4.50e-4         1.312154e-8     9.86396e-10      #dY:7.5%   
  4.60e-4         1.326805e-8     9.96996e-10      #dY:7.5%   
  4.70e-4         1.34133e-8      1.00752e-9       #dY:7.5%   
  4.80e-4         1.355706e-8     1.01792e-9       #dY:7.5%   
  4.90e-4         1.369926e-8     1.0282e-9        #dY:7.5%   
  5.00e-4         1.383999e-8     1.03836e-9       #dY:7.5%   
  5.10e-4         1.397946e-8     1.04849e-9       #dY:7.5%   
  5.20e-4         1.411754e-8     1.05846e-9       #dY:7.5%   
  5.30e-4         1.425436e-8     1.06829e-9       #dY:7.5%   
  5.40e-4         1.438996e-8     1.0781e-9        #dY:7.5%   
  5.50e-4         1.452422e-8     1.08782e-9       #dY:7.5%   
  5.60e-4         1.465749e-8     1.09742e-9       #dY:7.5%   
  5.70e-4         1.478931e-8     1.10692e-9       #dY:7.5%   
  5.80e-4         1.492024e-8     1.11637e-9       #dY:7.5%   
  5.90e-4         1.505003e-8     1.12572e-9       #dY:7.5%   
  6.00e-4         1.517883e-8     1.13501e-9       #dY:7.5%   
  6.10e-4         1.53064e-8      1.14423e-9       #dY:7.5%   
  6.20e-4         1.543314e-8     1.15336e-9       #dY:7.5%   
  6.30e-4         1.555874e-8     1.1624e-9        #dY:7.5%   
  6.40e-4         1.568341e-8     1.17139e-9       #dY:7.5%   
  6.50e-4         1.580717e-8     1.18033e-9       #dY:7.5%   
  6.60e-4         1.593009e-8     1.18915e-9       #dY:7.5%   
  6.70e-4         1.605194e-8     1.19791e-9       #dY:7.5%   
  6.80e-4         1.617292e-8     1.20663e-9       #dY:7.5%   
  6.90e-4         1.629309e-8     1.21526e-9       #dY:7.5%   
  7.00e-4         1.641253e-8     1.22387e-9       #dY:7.5%   
  7.10e-4         1.653107e-8     1.23239e-9       #dY:7.5%   
  7.20e-4         1.664865e-8     1.2408e-9        #dY:7.5%   
  7.30e-4         1.676553e-8     1.2492e-9        #dY:7.5%   
  7.40e-4         1.68817e-8      1.25753e-9       #dY:7.4%   
  7.50e-4         1.699721e-8     1.26583e-9       #dY:7.4%   
  7.60e-4         1.711154e-8     1.27405e-9       #dY:7.4%   
  7.70e-4         1.722548e-8     1.28222e-9       #dY:7.4%   
  7.80e-4         1.73385e-8      1.29035e-9       #dY:7.4%   
  7.90e-4         1.745138e-8     1.29843e-9       #dY:7.4%   
  8.00e-4         1.756286e-8     1.30641e-9       #dY:7.4%   
  8.10e-4         1.767396e-8     1.31437e-9       #dY:7.4%   
  8.20e-4         1.778434e-8     1.32231e-9       #dY:7.4%   
  8.30e-4         1.78943e-8      1.33018e-9       #dY:7.4%   
  8.40e-4         1.800327e-8     1.338e-9         #dY:7.4%   
  8.50e-4         1.811193e-8     1.34575e-9       #dY:7.4%   
  8.60e-4         1.821985e-8     1.35348e-9       #dY:7.4%   
  8.70e-4         1.83271e-8      1.36113e-9       #dY:7.4%   
  8.80e-4         1.84338e-8      1.36879e-9       #dY:7.4%   
  8.90e-4         1.854005e-8     1.3764e-9        #dY:7.4%   
  9.00e-4         1.864552e-8     1.38396e-9       #dY:7.4%   
  9.10e-4         1.875043e-8     1.39143e-9       #dY:7.4%   
  9.20e-4         1.885467e-8     1.39891e-9       #dY:7.4%   
  9.30e-4         1.895861e-8     1.40635e-9       #dY:7.4%   
  9.40e-4         1.906199e-8     1.41374e-9       #dY:7.4%   
  9.50e-4         1.916473e-8     1.42106e-9       #dY:7.4%   
  9.60e-4         1.926703e-8     1.42836e-9       #dY:7.4%   
  9.70e-4         1.936865e-8     1.43564e-9       #dY:7.4%   
  9.80e-4         1.947005e-8     1.44284e-9       #dY:7.4%   
  9.90e-4         1.957064e-8     1.45008e-9       #dY:7.4%   
  1.00e-3         1.967088e-8     1.45724e-9       #dY:7.4%   
  1.10e-3         2.064781e-8     1.52933e-9       #dY:7.4%   
  1.20e-3         2.158245e-8     1.63059e-9       #dY:7.6%   
  1.30e-3         2.248012e-8     1.69252e-9       #dY:7.5%   
  1.40e-3         2.334507e-8     1.75235e-9       #dY:7.5%   
  1.50e-3         2.418058e-8     1.8101e-9        #dY:7.5%   
  1.60e-3         2.49896e-8      1.86615e-9       #dY:7.5%   
  1.70e-3         2.577468e-8     1.92052e-9       #dY:7.5%   
  1.80e-3         2.653779e-8     1.97337e-9       #dY:7.4%   
  1.90e-3         2.728067e-8     2.0249e-9        #dY:7.4%   
  2.00e-3         2.800506e-8     2.07511e-9       #dY:7.4%   
  2.10e-3         2.871213e-8     2.12415e-9       #dY:7.4%   
  2.20e-3         2.940337e-8     2.1721e-9        #dY:7.4%   
  2.30e-3         3.007951e-8     2.21899e-9       #dY:7.4%   
  2.40e-3         3.074171e-8     2.26498e-9       #dY:7.4%   
  2.50e-3         3.139084e-8     2.31001e-9       #dY:7.4%   
  2.60e-3         3.202765e-8     2.35423e-9       #dY:7.4%   
  2.70e-3         3.265277e-8     2.39761e-9       #dY:7.3%   
  2.80e-3         3.326681e-8     2.44024e-9       #dY:7.3%   
  2.90e-3         3.387072e-8     2.48218e-9       #dY:7.3%   
  3.00e-3         3.446457e-8     2.52345e-9       #dY:7.3%   
  3.10e-3         3.504903e-8     2.56402e-9       #dY:7.3%   
  3.20e-3         3.562458e-8     2.60404e-9       #dY:7.3%   
  3.30e-3         3.619157e-8     2.6434e-9        #dY:7.3%   
  3.40e-3         3.675052e-8     2.68226e-9       #dY:7.3%   
  3.50e-3         3.730139e-8     2.72052e-9       #dY:7.3%   
  3.60e-3         3.78451e-8      2.75837e-9       #dY:7.3%   
  3.70e-3         3.838153e-8     2.79567e-9       #dY:7.3%   
  3.80e-3         3.891102e-8     2.83249e-9       #dY:7.3%   
  3.90e-3         3.94339e-8      2.86889e-9       #dY:7.3%   
  4.00e-3         3.995059e-8     2.90488e-9       #dY:7.3%   
  4.10e-3         4.046091e-8     2.9404e-9        #dY:7.3%   
  4.20e-3         4.096552e-8     2.97553e-9       #dY:7.3%   
  4.30e-3         4.146439e-8     3.01029e-9       #dY:7.3%   
  4.40e-3         4.195781e-8     3.04463e-9       #dY:7.3%   
  4.50e-3         4.24458e-8      3.07868e-9       #dY:7.3%   
  4.60e-3         4.292876e-8     3.11235e-9       #dY:7.3%   
  4.70e-3         4.34067e-8      3.14564e-9       #dY:7.2%   
  4.80e-3         4.387987e-8     3.17867e-9       #dY:7.2%   
  4.90e-3         4.434831e-8     3.21135e-9       #dY:7.2%   
  5.00e-3         4.481223e-8     3.24373e-9       #dY:7.2%   
  5.10e-3         4.527193e-8     3.27582e-9       #dY:7.2%   
  5.20e-3         4.572732e-8     3.30762e-9       #dY:7.2%   
  5.30e-3         4.617843e-8     3.33911e-9       #dY:7.2%   
  5.40e-3         4.662553e-8     3.37037e-9       #dY:7.2%   
  5.50e-3         4.706877e-8     3.40135e-9       #dY:7.2%   
  5.60e-3         4.750825e-8     3.43208e-9       #dY:7.2%   
  5.70e-3         4.794394e-8     3.46257e-9       #dY:7.2%   
  5.80e-3         4.837593e-8     3.49282e-9       #dY:7.2%   
  5.90e-3         4.880466e-8     3.5228e-9        #dY:7.2%   
  6.00e-3         4.923004e-8     3.55259e-9       #dY:7.2%   
  6.10e-3         4.965174e-8     3.58212e-9       #dY:7.2%   
  6.20e-3         5.007021e-8     3.6114e-9        #dY:7.2%   
  6.30e-3         5.048552e-8     3.64055e-9       #dY:7.2%   
  6.40e-3         5.089786e-8     3.66946e-9       #dY:7.2%   
  6.50e-3         5.130707e-8     3.69818e-9       #dY:7.2%   
  6.60e-3         5.171333e-8     3.72666e-9       #dY:7.2%   
  6.70e-3         5.211661e-8     3.75496e-9       #dY:7.2%   
  6.80e-3         5.251708e-8     3.78305e-9       #dY:7.2%   
  6.90e-3         5.291487e-8     3.81103e-9       #dY:7.2%   
  7.00e-3         5.330988e-8     3.83876e-9       #dY:7.2%   
  7.10e-3         5.370221e-8     3.86634e-9       #dY:7.2%   
  7.20e-3         5.409209e-8     3.89376e-9       #dY:7.2%   
  7.30e-3         5.447935e-8     3.92099e-9       #dY:7.2%   
  7.40e-3         5.486392e-8     3.94804e-9       #dY:7.2%   
  7.50e-3         5.524628e-8     3.97497e-9       #dY:7.2%   
  7.60e-3         5.562613e-8     4.00171e-9       #dY:7.2%   
  7.70e-3         5.600375e-8     4.02834e-9       #dY:7.2%   
  7.80e-3         5.637877e-8     4.05476e-9       #dY:7.2%   
  7.90e-3         5.675167e-8     4.08105e-9       #dY:7.2%   
  8.00e-3         5.712252e-8     4.10722e-9       #dY:7.2%   
  8.10e-3         5.749098e-8     4.13325e-9       #dY:7.2%   
  8.20e-3         5.785741e-8     4.15914e-9       #dY:7.2%   
  8.30e-3         5.822159e-8     4.1849e-9        #dY:7.2%   
  8.40e-3         5.858383e-8     4.21051e-9       #dY:7.2%   
  8.50e-3         5.894415e-8     4.23598e-9       #dY:7.2%   
  8.60e-3         5.930227e-8     4.26134e-9       #dY:7.2%   
  8.70e-3         5.965852e-8     4.28659e-9       #dY:7.2%   
  8.80e-3         6.001289e-8     4.3117e-9        #dY:7.2%   
  8.90e-3         6.036543e-8     4.33671e-9       #dY:7.2%   
  9.00e-3         6.071591e-8     4.36155e-9       #dY:7.2%   
  9.10e-3         6.106458e-8     4.38632e-9       #dY:7.2%   
  9.20e-3         6.141151e-8     4.41096e-9       #dY:7.2%   
  9.30e-3         6.17568e-8      4.43553e-9       #dY:7.2%   
  9.40e-3         6.210012e-8     4.45994e-9       #dY:7.2%   
  9.50e-3         6.244193e-8     4.48424e-9       #dY:7.2%   
  9.60e-3         6.278184e-8     4.50845e-9       #dY:7.2%   
  9.70e-3         6.312016e-8     4.53257e-9       #dY:7.2%   
  9.80e-3         6.345697e-8     4.5566e-9        #dY:7.2%   
  9.90e-3         6.379195e-8     4.58049e-9       #dY:7.2%   
  0.01            6.412545e-8     4.60426e-9       #dY:7.2%   
  0.011           6.737725e-8     4.83764e-9       #dY:7.2%   
  0.012           7.049211e-8     5.17381e-9       #dY:7.3%   
  0.013           7.348608e-8     5.38471e-9       #dY:7.3%   
  0.014           7.637282e-8     5.5902e-9        #dY:7.3%   
  0.015           7.916357e-8     5.7909e-9        #dY:7.3%   
  0.016           8.186652e-8     5.98719e-9       #dY:7.3%   
  0.017           8.449037e-8     6.17962e-9       #dY:7.3%   
  0.018           8.704114e-8     6.36833e-9       #dY:7.3%   
  0.019           8.952489e-8     6.5539e-9        #dY:7.3%   
  0.02            9.194656e-8     6.73642e-9       #dY:7.3%   
  0.021           9.431013e-8     6.91608e-9       #dY:7.3%   
  0.022           9.662016e-8     7.09322e-9       #dY:7.3%   
  0.023           9.887922e-8     7.26796e-9       #dY:7.4%   
  0.024           1.010913e-7     7.4404e-9        #dY:7.4%   
  0.025           1.032592e-7     7.61088e-9       #dY:7.4%   
  0.026           1.053839e-7     7.77916e-9       #dY:7.4%   
  0.027           1.074701e-7     7.94565e-9       #dY:7.4%   
  0.028           1.095193e-7     8.11056e-9       #dY:7.4%   
  0.029           1.115305e-7     8.27337e-9       #dY:7.4%   
  0.03            1.135111e-7     8.43469e-9       #dY:7.4%   
  0.031           1.154578e-7     8.59492e-9       #dY:7.4%   
  0.032           1.173747e-7     8.7537e-9        #dY:7.5%   
  0.033           1.19261e-7      8.91077e-9       #dY:7.5%   
  0.034           1.211199e-7     9.06659e-9       #dY:7.5%   
  0.035           1.229525e-7     9.22126e-9       #dY:7.5%   
  0.036           1.247583e-7     9.37483e-9       #dY:7.5%   
  0.037           1.265397e-7     9.52718e-9       #dY:7.5%   
  0.038           1.28296e-7      9.67847e-9       #dY:7.5%   
  0.039           1.300304e-7     9.82843e-9       #dY:7.6%   
  0.04            1.317403e-7     9.97734e-9       #dY:7.6%   
  0.041           1.334289e-7     1.01256e-8       #dY:7.6%   
  0.042           1.350964e-7     1.02731e-8       #dY:7.6%   
  0.043           1.367435e-7     1.04195e-8       #dY:7.6%   
  0.044           1.383729e-7     1.05649e-8       #dY:7.6%   
  0.045           1.399808e-7     1.07092e-8       #dY:7.7%   
  0.046           1.415691e-7     1.0853e-8        #dY:7.7%   
  0.047           1.431433e-7     1.09961e-8       #dY:7.7%   
  0.048           1.446971e-7     1.11383e-8       #dY:7.7%   
  0.049           1.462342e-7     1.12802e-8       #dY:7.7%   
  0.05            1.477557e-7     1.14209e-8       #dY:7.7%   
  0.051           1.492607e-7     1.15611e-8       #dY:7.7%   
  0.052           1.507501e-7     1.17002e-8       #dY:7.8%   
  0.053           1.522245e-7     1.18392e-8       #dY:7.8%   
  0.054           1.536825e-7     1.19772e-8       #dY:7.8%   
  0.055           1.551287e-7     1.21145e-8       #dY:7.8%   
  0.056           1.565592e-7     1.22513e-8       #dY:7.8%   
  0.057           1.579752e-7     1.23878e-8       #dY:7.8%   
  0.058           1.593791e-7     1.25234e-8       #dY:7.9%   
  0.059           1.60768e-7      1.26583e-8       #dY:7.9%   
  0.06            1.621469e-7     1.27931e-8       #dY:7.9%   
  0.061           1.635114e-7     1.29267e-8       #dY:7.9%   
  0.062           1.648632e-7     1.306e-8         #dY:7.9%   
  0.063           1.662035e-7     1.31929e-8       #dY:7.9%   
  0.064           1.675308e-7     1.33248e-8       #dY:8.0%   
  0.065           1.688487e-7     1.34566e-8       #dY:8.0%   
  0.066           1.701545e-7     1.3588e-8        #dY:8.0%   
  0.067           1.71449e-7      1.37183e-8       #dY:8.0%   
  0.068           1.727313e-7     1.38484e-8       #dY:8.0%   
  0.069           1.740051e-7     1.39778e-8       #dY:8.0%   
  0.07            1.752682e-7     1.4107e-8        #dY:8.0%   
  0.071           1.765186e-7     1.42352e-8       #dY:8.1%   
  0.072           1.77761e-7      1.43631e-8       #dY:8.1%   
  0.073           1.789934e-7     1.44904e-8       #dY:8.1%   
  0.074           1.802171e-7     1.46175e-8       #dY:8.1%   
  0.075           1.814299e-7     1.47434e-8       #dY:8.1%   
  0.076           1.82633e-7      1.48693e-8       #dY:8.1%   
  0.077           1.838285e-7     1.49947e-8       #dY:8.2%   
  0.078           1.850142e-7     1.51196e-8       #dY:8.2%   
  0.079           1.861922e-7     1.52437e-8       #dY:8.2%   
  0.08            1.873594e-7     1.53676e-8       #dY:8.2%   
  0.081           1.885203e-7     1.54909e-8       #dY:8.2%   
  0.082           1.896715e-7     1.56138e-8       #dY:8.2%   
  0.083           1.908159e-7     1.57363e-8       #dY:8.2%   
  0.084           1.919506e-7     1.5858e-8        #dY:8.3%   
  0.085           1.930793e-7     1.59794e-8       #dY:8.3%   
  0.086           1.941986e-7     1.61004e-8       #dY:8.3%   
  0.087           1.953097e-7     1.62206e-8       #dY:8.3%   
  0.088           1.964144e-7     1.63407e-8       #dY:8.3%   
  0.089           1.975102e-7     1.64599e-8       #dY:8.3%   
  0.09            1.985991e-7     1.6579e-8        #dY:8.3%   
  0.091           1.996806e-7     1.66975e-8       #dY:8.4%   
  0.092           2.007549e-7     1.68158e-8       #dY:8.4%   
  0.093           2.018211e-7     1.69331e-8       #dY:8.4%   
  0.094           2.028824e-7     1.7051e-8        #dY:8.4%   
  0.095           2.039345e-7     1.71672e-8       #dY:8.4%   
  0.096           2.049802e-7     1.72837e-8       #dY:8.4%   
  0.097           2.060191e-7     1.73998e-8       #dY:8.4%   
  0.098           2.070499e-7     1.75152e-8       #dY:8.5%   
  0.099           2.08077e-7      1.76306e-8       #dY:8.5%   
  0.1             2.090954e-7     1.77452e-8       #dY:8.5%   
  0.11            2.189389e-7     1.86103e-8       #dY:8.5%   
  0.12            2.282236e-7     2.0106e-8        #dY:8.8%   
  0.13            2.370009e-7     2.11325e-8       #dY:8.9%   
  0.14            2.453148e-7     2.21203e-8       #dY:9.0%   
  0.15            2.532149e-7     2.30734e-8       #dY:9.1%   
  0.16            2.60724e-7      2.39902e-8       #dY:9.2%   
  0.17            2.678669e-7     2.48768e-8       #dY:9.3%   
  0.18            2.746878e-7     2.57344e-8       #dY:9.4%   
  0.19            2.812118e-7     2.65624e-8       #dY:9.4%   
  0.2             2.874597e-7     2.73623e-8       #dY:9.5%   
  0.21            2.919188e-7     2.79872e-8       #dY:9.6%   
  0.22            2.961444e-7     2.81005e-8       #dY:9.5%   
  0.23            3.001703e-7     2.8312e-8        #dY:9.4%   
  0.24            3.040236e-7     2.85385e-8       #dY:9.4%   
  0.25            3.07702e-7      2.87746e-8       #dY:9.4%   
  0.26            3.111927e-7     2.90165e-8       #dY:9.3%   
  0.27            3.144976e-7     2.92701e-8       #dY:9.3%   
  0.28            3.176448e-7     2.95401e-8       #dY:9.3%   
  0.29            3.206613e-7     2.98259e-8       #dY:9.3%   
  0.3             3.235521e-7     3.01229e-8       #dY:9.3%   
  0.31            3.251872e-7     3.03223e-8       #dY:9.3%   
  0.32            3.266925e-7     3.01403e-8       #dY:9.2%   
  0.33            3.280491e-7     3.00527e-8       #dY:9.2%   
  0.34            3.29297e-7      3.00067e-8       #dY:9.1%   
  0.35            3.304637e-7     2.99949e-8       #dY:9.1%   
  0.36            3.315239e-7     3.00066e-8       #dY:9.1%   
  0.37            3.324443e-7     3.00417e-8       #dY:9.0%   
  0.38            3.332395e-7     3.01059e-8       #dY:9.0%   
  0.39            3.339594e-7     3.0206e-8        #dY:9.0%   
  0.4             3.346305e-7     3.03382e-8       #dY:9.1%   
  0.41            3.353173e-7     3.05016e-8       #dY:9.1%   
  0.42            3.359438e-7     3.00139e-8       #dY:8.9%   
  0.43            3.364766e-7     2.95608e-8       #dY:8.8%   
  0.44            3.369096e-7     2.91514e-8       #dY:8.7%   
  0.45            3.372566e-7     2.87874e-8       #dY:8.5%   
  0.46            3.375364e-7     2.847e-8         #dY:8.4%   
  0.47            3.377641e-7     2.82052e-8       #dY:8.4%   
  0.48            3.379473e-7     2.79885e-8       #dY:8.3%   
  0.49            3.380967e-7     2.7825e-8        #dY:8.2%   
  0.5             3.38211e-7      2.77164e-8       #dY:8.2%   
  0.51            3.379544e-7     2.76379e-8       #dY:8.2%   
  0.52            3.376565e-7     2.74149e-8       #dY:8.1%   
  0.53            3.373213e-7     2.726e-8         #dY:8.1%   
  0.54            3.369515e-7     2.71611e-8       #dY:8.1%   
  0.55            3.365366e-7     2.71148e-8       #dY:8.1%   
  0.56            3.360693e-7     2.71167e-8       #dY:8.1%   
  0.57            3.355611e-7     2.71742e-8       #dY:8.1%   
  0.58            3.350145e-7     2.72885e-8       #dY:8.1%   
  0.59            3.34411e-7      2.74553e-8       #dY:8.2%   
  0.6             3.337657e-7     2.76807e-8       #dY:8.3%   
  0.61            3.329989e-7     2.79558e-8       #dY:8.4%   
  0.62            3.322322e-7     2.74938e-8       #dY:8.3%   
  0.63            3.314295e-7     2.7094e-8        #dY:8.2%   
  0.64            3.305839e-7     2.67522e-8       #dY:8.1%   
  0.65            3.29695e-7      2.64762e-8       #dY:8.0%   
  0.66            3.287662e-7     2.62686e-8       #dY:8.0%   
  0.67            3.277758e-7     2.6133e-8        #dY:8.0%   
  0.68            3.267334e-7     2.60746e-8       #dY:8.0%   
  0.69            3.256531e-7     2.6098e-8        #dY:8.0%   
  0.7             3.245548e-7     2.62111e-8       #dY:8.1%   
  0.71            3.236933e-7     2.64324e-8       #dY:8.2%   
  0.72            3.228232e-7     2.56611e-8       #dY:7.9%   
  0.73            3.219477e-7     2.49479e-8       #dY:7.7%   
  0.74            3.210695e-7     2.43058e-8       #dY:7.6%   
  0.75            3.201727e-7     2.37419e-8       #dY:7.4%   
  0.76            3.192469e-7     2.32662e-8       #dY:7.3%   
  0.77            3.182957e-7     2.28873e-8       #dY:7.2%   
  0.78            3.173243e-7     2.26197e-8       #dY:7.1%   
  0.79            3.163201e-7     2.24727e-8       #dY:7.1%   
  0.8             3.152877e-7     2.2455e-8        #dY:7.1%   
  0.81            3.145966e-7     2.25993e-8       #dY:7.2%   
  0.82            3.138883e-7     2.21072e-8       #dY:7.0%   
  0.83            3.131632e-7     2.16524e-8       #dY:6.9%   
  0.84            3.124179e-7     2.12522e-8       #dY:6.8%   
  0.85            3.116573e-7     2.09123e-8       #dY:6.7%   
  0.86            3.108689e-7     2.06378e-8       #dY:6.6%   
  0.87            3.100631e-7     2.04359e-8       #dY:6.6%   
  0.88            3.092296e-7     2.03125e-8       #dY:6.6%   
  0.89            3.08374e-7      2.02725e-8       #dY:6.6%   
  0.9             3.075158e-7     2.03237e-8       #dY:6.6%   
  0.91            3.069337e-7     2.04872e-8       #dY:6.7%   
  0.92            3.063583e-7     2.00587e-8       #dY:6.5%   
  0.93            3.057863e-7     1.96465e-8       #dY:6.4%   
  0.94            3.052011e-7     1.92631e-8       #dY:6.3%   
  0.95            3.045972e-7     1.89106e-8       #dY:6.2%   
  0.96            3.039676e-7     1.85913e-8       #dY:6.1%   
  0.97            3.033173e-7     1.83113e-8       #dY:6.0%   
  0.98            3.026518e-7     1.80744e-8       #dY:6.0%   
  0.99            3.019784e-7     1.78838e-8       #dY:5.9%   
  1               3.012998e-7     1.77432e-8       #dY:5.9%   
  1.1             2.956674e-7     1.73655e-8       #dY:5.9%   
  1.2             2.899231e-7     1.35101e-8       #dY:4.7%   
  1.3             2.83781e-7      9.82216e-9       #dY:3.5%   
  1.4             2.771639e-7     7.25876e-9       #dY:2.6%   
  1.5             2.701216e-7     6.07497e-9       #dY:2.2%   
  1.6             2.625517e-7     5.66026e-9       #dY:2.2%   
  1.7             2.547094e-7     5.46048e-9       #dY:2.1%   
  1.8             2.465437e-7     5.31199e-9       #dY:2.2%   
  1.9             2.380845e-7     5.22278e-9       #dY:2.2%   
  2               2.294233e-7     5.09693e-9       #dY:2.2%   
  2.1             2.206824e-7     4.93663e-9       #dY:2.2%   
  2.2             2.11844e-7      4.77063e-9       #dY:2.3%   
  2.3             2.029929e-7     4.61349e-9       #dY:2.3%   
  2.4             1.942213e-7     4.44723e-9       #dY:2.3%   
  2.5             1.855346e-7     4.27897e-9       #dY:2.3%   
  2.6             1.769929e-7     4.11644e-9       #dY:2.3%   
  2.7             1.68644e-7      3.95458e-9       #dY:2.3%   
  2.8             1.604943e-7     3.8091e-9        #dY:2.4%   
  2.9             1.525969e-7     3.65495e-9       #dY:2.4%   
  3               1.449515e-7     3.51342e-9       #dY:2.4%   
  3.1             1.375671e-7     3.37125e-9       #dY:2.5%   
  3.2             1.30466e-7      3.22704e-9       #dY:2.5%   
  3.3             1.236365e-7     3.09176e-9       #dY:2.5%   
  3.4             1.170801e-7     2.95219e-9       #dY:2.5%   
  3.5             1.108143e-7     2.81821e-9       #dY:2.5%   
  3.6             1.048319e-7     2.68974e-9       #dY:2.6%   
  3.7             9.910324e-8     2.56628e-9       #dY:2.6%   
  3.8             9.365089e-8     2.4446e-9        #dY:2.6%   
  3.9             8.845193e-8     2.3282e-9        #dY:2.6%   
  4               8.352417e-8     2.2169e-9        #dY:2.7%   
  4.1             7.883661e-8     2.11388e-9       #dY:2.7%   
  4.2             7.439202e-8     2.01409e-9       #dY:2.7%   
  4.3             7.01776e-8      1.92147e-9       #dY:2.7%   
  4.4             6.619479e-8     1.83263e-9       #dY:2.8%   
  4.5             6.242544e-8     1.74924e-9       #dY:2.8%   
  4.6             5.886188e-8     1.67036e-9       #dY:2.8%   
  4.7             5.548828e-8     1.59513e-9       #dY:2.9%   
  4.8             5.230014e-8     1.52349e-9       #dY:2.9%   
  4.9             4.928306e-8     1.45495e-9       #dY:3.0%   
  5               4.643085e-8     1.3891e-9        #dY:3.0%   
  5.1             4.3736e-8       1.32668e-9       #dY:3.0%   
  5.2             4.118908e-8     1.26645e-9       #dY:3.1%   
  5.3             3.878349e-8     1.20856e-9       #dY:3.1%   
  5.4             3.651028e-8     1.15321e-9       #dY:3.2%   
  5.5             3.436224e-8     1.10006e-9       #dY:3.2%   
  5.6             3.233495e-8     1.04863e-9       #dY:3.2%   
  5.7             3.04191e-8      9.99935e-10      #dY:3.3%   
  5.8             2.860711e-8     9.53293e-10      #dY:3.3%   
  5.9             2.689749e-8     9.08099e-10      #dY:3.4%   
  6               2.528108e-8     8.65539e-10      #dY:3.4%   
  6.1             2.375322e-8     8.24972e-10      #dY:3.5%   
  6.2             2.23114e-8      7.86279e-10      #dY:3.5%   
  6.3             2.095069e-8     7.49772e-10      #dY:3.6%   
  6.4             1.96649e-8      7.15072e-10      #dY:3.6%   
  6.5             1.845188e-8     6.81699e-10      #dY:3.7%   
  6.6             1.730952e-8     6.4968e-10       #dY:3.8%   
  6.7             1.62328e-8      6.19611e-10      #dY:3.8%   
  6.8             1.521759e-8     5.90882e-10      #dY:3.9%   
  6.9             1.426247e-8     5.6317e-10       #dY:3.9%   
  7               1.336374e-8     5.36953e-10      #dY:4.0%   
  7.1             1.25181e-8      5.11996e-10      #dY:4.1%   
  7.2             1.172309e-8     4.88157e-10      #dY:4.2%   
  7.3             1.097573e-8     4.6528e-10       #dY:4.2%   
  7.4             1.027383e-8     4.43622e-10      #dY:4.3%   
  7.5             9.615022e-9     4.23149e-10      #dY:4.4%   
  7.6             8.99673e-9      4.03623e-10      #dY:4.5%   
  7.7             8.41645e-9      3.84966e-10      #dY:4.6%   
  7.8             7.873104e-9     3.67336e-10      #dY:4.7%   
  7.9             7.3639e-9       3.5069e-10       #dY:4.8%   
  8               6.886131e-9     3.34741e-10      #dY:4.9%   
  8.1             6.438589e-9     3.19591e-10      #dY:5.0%   
  8.2             6.019764e-9     3.05238e-10      #dY:5.1%   
  8.3             5.627676e-9     2.91573e-10      #dY:5.2%   
  8.4             5.260291e-9     2.7849e-10       #dY:5.3%   
  8.5             4.916763e-9     2.66022e-10      #dY:5.4%   
  8.6             4.595492e-9     2.5416e-10       #dY:5.5%   
  8.7             4.294514e-9     2.42803e-10      #dY:5.7%   
  8.8             4.01316e-9      2.31956e-10      #dY:5.8%   
  8.9             3.750237e-9     2.21613e-10      #dY:5.9%   
  9               3.504587e-9     2.11735e-10      #dY:6.0%   
  9.1             3.274837e-9     2.02262e-10      #dY:6.2%   
  9.2             3.060015e-9     1.93172e-10      #dY:6.3%   
  9.3             2.859242e-9     1.84474e-10      #dY:6.5%   
  9.4             2.671459e-9     1.76151e-10      #dY:6.6%   
  9.5             2.496023e-9     1.68172e-10      #dY:6.7%   
  9.6             2.332131e-9     1.60534e-10      #dY:6.9%   
  9.7             2.179071e-9     1.53223e-10      #dY:7.0%   
  9.8             2.035993e-9     1.46202e-10      #dY:7.2%   
  9.9             1.90232e-9      1.39473e-10      #dY:7.3%   
  10              1.77741e-9      1.33032e-10      #dY:7.5%   
  10.2            1.551578e-9     1.18529e-10      #dY:7.6%   
  10.4            1.354496e-9     1.03935e-10      #dY:7.7%   
  10.6            1.182524e-9     9.43521e-11      #dY:8.0%   
  10.8            1.03242e-9      8.55667e-11      #dY:8.3%   
  11              9.01313e-10     7.7508e-11       #dY:8.6%   
  11.2            7.86882e-10     7.01273e-11      #dY:8.9%   
  11.4            6.86963e-10     6.33737e-11      #dY:9.2%   
  11.6            5.99658e-10     5.72078e-11      #dY:9.5%   
  11.8            5.23399e-10     5.15735e-11      #dY:9.9%   
  12              4.56804e-10     4.64402e-11      #dY:10.2%  
  12.2            3.98622e-10     4.17695e-11      #dY:10.5%  
  12.4            3.47791e-10     3.75195e-11      #dY:10.8%  
  12.6            3.03395e-10     3.36662e-11      #dY:11.1%  
  12.8            2.64614e-10     3.01737e-11      #dY:11.4%  
  13              2.30731e-10     2.70166e-11      #dY:11.7%  
  13.2            2.01146e-10     2.41607e-11      #dY:12.0%  
  13.4            1.75309e-10     2.15848e-11      #dY:12.3%  
  13.6            1.52758e-10     1.92616e-11      #dY:12.6%  
  13.8            1.33078e-10     1.71713e-11      #dY:12.9%  
  14              1.15912e-10     1.52962e-11      #dY:13.2%  
  14.2            1.00935e-10     1.36147e-11      #dY:13.5%  
  14.4            8.78725e-11     1.21096e-11      #dY:13.8%  
  14.6            7.64824e-11     1.0762e-11       #dY:14.1%  
  14.8            6.655e-11       9.55699e-12      #dY:14.4%  
  15              5.78958e-11     8.48053e-12      #dY:14.6%  
  15.2            5.03576e-11     7.52053e-12      #dY:14.9%  
  15.4            4.37928e-11     6.66569e-12      #dY:15.2%  
  15.6            3.80775e-11     5.9054e-12       #dY:15.5%  
  15.8            3.3102e-11      5.22939e-12      #dY:15.8%  
  16              2.8771e-11      4.62839e-12      #dY:16.1%  
  16.2            2.50021e-11     4.0947e-12       #dY:16.4%  
  16.4            2.1723e-11      3.62097e-12      #dY:16.7%  
  16.6            1.88716e-11     3.20078e-12      #dY:17.0%  
  16.8            1.63921e-11     2.82833e-12      #dY:17.3%  
  17              1.42362e-11     2.49851e-12      #dY:17.6%  
  17.2            1.23624e-11     2.20647e-12      #dY:17.8%  
  17.4            1.07337e-11     1.94805e-12      #dY:18.1%  
  17.6            9.3182e-12      1.71948e-12      #dY:18.5%  
  17.8            8.08871e-12     1.51734e-12      #dY:18.8%  
  18              7.02097e-12     1.33864e-12      #dY:19.1%  
  18.2            6.09358e-12     1.18063e-12      #dY:19.4%  
  18.4            5.2884e-12      1.04103e-12      #dY:19.7%  
  18.6            4.58939e-12     9.17721e-13      #dY:20.0%  
  18.8            3.98246e-12     8.08844e-13      #dY:20.3%  
  19              3.45568e-12     7.1274e-13       #dY:20.6%  
  19.2            2.99859e-12     6.27941e-13      #dY:20.9%  
  19.4            2.60188e-12     5.53076e-13      #dY:21.3%  
  19.6            2.25768e-12     4.86996e-13      #dY:21.6%  
  19.8            1.95909e-12     4.28725e-13      #dY:21.9%  
  20              1.70001e-12     3.7731e-13       #dY:22.2%  
  20.2            1.47522e-12     3.3198e-13       #dY:22.5%  
  20.4            1.2802e-12      2.92033e-13      #dY:22.8%  
  20.6            1.11093e-12     2.56807e-13      #dY:23.1%  
  20.8            9.64068e-13     2.25769e-13      #dY:23.4%  
  21              8.36665e-13     1.98439e-13      #dY:23.7%  
  21.2            7.26126e-13     1.74362e-13      #dY:24.0%  
  21.4            6.30228e-13     1.53165e-13      #dY:24.3%  
  21.6            5.46996e-13     1.34503e-13      #dY:24.6%  
  21.8            4.74744e-13     1.18077e-13      #dY:24.9%  
  22              4.12035e-13     1.03629e-13      #dY:25.2%  
  22.2            3.57616e-13     9.09276e-14      #dY:25.4%  
  22.4            3.10388e-13     7.97615e-14      #dY:25.7%  
  22.6            2.69396e-13     6.99471e-14      #dY:26.0%  
  22.8            2.33816e-13     6.13243e-14      #dY:26.2%  
  23              2.02925e-13     5.37485e-14      #dY:26.5%  
  23.2            1.76111e-13     4.70965e-14      #dY:26.7%  
  23.4            1.52835e-13     4.12595e-14      #dY:27.0%  
  23.6            1.32634e-13     3.61381e-14      #dY:27.2%  
  23.8            1.15098e-13     3.16441e-14      #dY:27.5%  
  24              9.98798e-14     2.77031e-14      #dY:27.7%  
  24.2            8.66711e-14     2.42475e-14      #dY:28.0%  
  24.4            7.52061e-14     2.12171e-14      #dY:28.2%  
  24.6            6.52584e-14     1.85624e-14      #dY:28.4%  
  24.8            5.66245e-14     1.6236e-14       #dY:28.7%  
  25              4.91315e-14     1.41982e-14      #dY:28.9%  
  25.2            4.2628e-14      1.24136e-14      #dY:29.1%  
  25.4            3.69841e-14     1.08508e-14      #dY:29.3%  
  25.6            3.20857e-14     9.48296e-15      #dY:29.6%  
  25.8            2.78344e-14     8.28602e-15      #dY:29.8%  
  26              2.4145e-14      7.23872e-15      #dY:30.0%  
  26.2            2.09435e-14     6.32255e-15      #dY:30.2%  
  26.4            1.81656e-14     5.5215e-15       #dY:30.4%  
  26.6            1.57553e-14     4.82097e-15      #dY:30.6%  
  26.8            1.36638e-14     4.20841e-15      #dY:30.8%  
  27              1.18493e-14     3.67308e-15      #dY:31.0%  
  27.2            1.02754e-14     3.20527e-15      #dY:31.2%  
  27.4            8.90997e-15     2.79647e-15      #dY:31.4%  
  27.6            7.72542e-15     2.43928e-15      #dY:31.6%  
  27.8            6.69813e-15     2.12731e-15      #dY:31.8%  
  28              5.80721e-15     1.85495e-15      #dY:31.9%  
  28.2            5.03428e-15     1.61715e-15      #dY:32.1%  
  28.4            4.36403e-15     1.40964e-15      #dY:32.3%  
  28.6            3.78276e-15     1.22857e-15      #dY:32.5%  
  28.8            3.27862e-15     1.07056e-15      #dY:32.7%  
  29              2.84144e-15     9.32743e-16      #dY:32.8%  
  29.2            2.46233e-15     8.12517e-16      #dY:33.0%  
  29.4            2.13359e-15     7.07671e-16      #dY:33.2%  
  29.6            1.84858e-15     6.16252e-16      #dY:33.3%  
  29.8            1.60149e-15     5.36549e-16      #dY:33.5%  
  30              0.00            0.00                        
//
#-------------------------------------------------------------------------------
#
#name:   INDEN-Aug2023: PU-239(N,F) E_in=6.5 MeV
#X.axis: Energy
#Y.axis: 
#wdata:  3
#ldata:  642
#data...
# X               Y               +-dY           
# MeV             1/eV            1/eV           
  0.00            0.00            0.00                        
  1.00e-5         1.86838e-9      2.96188e-11      #dY:1.6%   
  1.10e-5         1.959754e-9     3.10674e-11      #dY:1.6%   
  1.20e-5         2.047046e-9     1.66098e-10      #dY:8.1%   
  1.30e-5         2.130795e-9     1.72505e-10      #dY:8.1%   
  1.40e-5         2.21139e-9      1.78691e-10      #dY:8.1%   
  1.50e-5         2.289171e-9     1.84673e-10      #dY:8.1%   
  1.60e-5         2.364416e-9     1.90471e-10      #dY:8.1%   
  1.70e-5         2.437335e-9     1.96097e-10      #dY:8.0%   
  1.80e-5         2.508166e-9     2.01564e-10      #dY:8.0%   
  1.90e-5         2.577056e-9     2.0689e-10       #dY:8.0%   
  2.00e-5         2.644156e-9     2.12083e-10      #dY:8.0%   
  2.10e-5         2.709615e-9     2.17151e-10      #dY:8.0%   
  2.20e-5         2.773542e-9     2.22103e-10      #dY:8.0%   
  2.30e-5         2.836038e-9     2.26946e-10      #dY:8.0%   
  2.40e-5         2.897209e-9     2.31691e-10      #dY:8.0%   
  2.50e-5         2.957109e-9     2.36335e-10      #dY:8.0%   
  2.60e-5         3.015827e-9     2.40891e-10      #dY:8.0%   
  2.70e-5         3.073443e-9     2.45363e-10      #dY:8.0%   
  2.80e-5         3.129996e-9     2.49754e-10      #dY:8.0%   
  2.90e-5         3.185567e-9     2.54067e-10      #dY:8.0%   
  3.00e-5         3.240177e-9     2.58309e-10      #dY:8.0%   
  3.10e-5         3.293882e-9     2.6248e-10       #dY:8.0%   
  3.20e-5         3.346748e-9     2.6659e-10       #dY:8.0%   
  3.30e-5         3.398806e-9     2.70635e-10      #dY:8.0%   
  3.40e-5         3.450084e-9     2.74618e-10      #dY:8.0%   
  3.50e-5         3.500609e-9     2.78541e-10      #dY:8.0%   
  3.60e-5         3.550429e-9     2.82413e-10      #dY:8.0%   
  3.70e-5         3.599546e-9     2.86235e-10      #dY:8.0%   
  3.80e-5         3.648037e-9     2.89999e-10      #dY:7.9%   
  3.90e-5         3.695882e-9     2.93718e-10      #dY:7.9%   
  4.00e-5         3.743133e-9     2.97387e-10      #dY:7.9%   
  4.10e-5         3.789792e-9     3.01015e-10      #dY:7.9%   
  4.20e-5         3.835894e-9     3.04596e-10      #dY:7.9%   
  4.30e-5         3.881442e-9     3.08136e-10      #dY:7.9%   
  4.40e-5         3.92647e-9      3.11632e-10      #dY:7.9%   
  4.50e-5         3.97099e-9      3.15092e-10      #dY:7.9%   
  4.60e-5         4.015035e-9     3.18511e-10      #dY:7.9%   
  4.70e-5         4.058613e-9     3.21902e-10      #dY:7.9%   
  4.80e-5         4.101715e-9     3.2525e-10       #dY:7.9%   
  4.90e-5         4.144388e-9     3.28563e-10      #dY:7.9%   
  5.00e-5         4.186613e-9     3.31845e-10      #dY:7.9%   
  5.10e-5         4.228441e-9     3.35091e-10      #dY:7.9%   
  5.20e-5         4.269834e-9     3.38304e-10      #dY:7.9%   
  5.30e-5         4.310864e-9     3.41495e-10      #dY:7.9%   
  5.40e-5         4.35152e-9      3.44652e-10      #dY:7.9%   
  5.50e-5         4.39176e-9      3.47774e-10      #dY:7.9%   
  5.60e-5         4.431674e-9     3.50873e-10      #dY:7.9%   
  5.70e-5         4.471229e-9     3.53946e-10      #dY:7.9%   
  5.80e-5         4.510432e-9     3.5699e-10       #dY:7.9%   
  5.90e-5         4.549309e-9     3.60008e-10      #dY:7.9%   
  6.00e-5         4.587852e-9     3.62997e-10      #dY:7.9%   
  6.10e-5         4.62609e-9      3.65968e-10      #dY:7.9%   
  6.20e-5         4.664021e-9     3.68912e-10      #dY:7.9%   
  6.30e-5         4.701638e-9     3.7183e-10       #dY:7.9%   
  6.40e-5         4.73896e-9      3.74726e-10      #dY:7.9%   
  6.50e-5         4.775995e-9     3.77602e-10      #dY:7.9%   
  6.60e-5         4.812764e-9     3.80452e-10      #dY:7.9%   
  6.70e-5         4.849238e-9     3.83283e-10      #dY:7.9%   
  6.80e-5         4.885455e-9     3.86093e-10      #dY:7.9%   
  6.90e-5         4.9214e-9       3.88876e-10      #dY:7.9%   
  7.00e-5         4.9571e-9       3.91653e-10      #dY:7.9%   
  7.10e-5         4.992546e-9     3.94395e-10      #dY:7.9%   
  7.20e-5         5.027734e-9     3.97123e-10      #dY:7.9%   
  7.30e-5         5.062688e-9     3.99834e-10      #dY:7.9%   
  7.40e-5         5.0974e-9       4.02527e-10      #dY:7.9%   
  7.50e-5         5.131886e-9     4.05199e-10      #dY:7.9%   
  7.60e-5         5.166149e-9     4.07853e-10      #dY:7.9%   
  7.70e-5         5.200185e-9     4.10492e-10      #dY:7.9%   
  7.80e-5         5.233996e-9     4.13112e-10      #dY:7.9%   
  7.90e-5         5.267602e-9     4.15716e-10      #dY:7.9%   
  8.00e-5         5.301002e-9     4.18302e-10      #dY:7.9%   
  8.10e-5         5.334179e-9     4.20869e-10      #dY:7.9%   
  8.20e-5         5.367159e-9     4.23429e-10      #dY:7.9%   
  8.30e-5         5.39995e-9      4.25968e-10      #dY:7.9%   
  8.40e-5         5.432544e-9     4.28492e-10      #dY:7.9%   
  8.50e-5         5.464946e-9     4.31004e-10      #dY:7.9%   
  8.60e-5         5.497163e-9     4.33498e-10      #dY:7.9%   
  8.70e-5         5.529175e-9     4.3597e-10       #dY:7.9%   
  8.80e-5         5.561013e-9     4.38439e-10      #dY:7.9%   
  8.90e-5         5.592685e-9     4.40894e-10      #dY:7.9%   
  9.00e-5         5.624185e-9     4.43329e-10      #dY:7.9%   
  9.10e-5         5.655491e-9     4.45759e-10      #dY:7.9%   
  9.20e-5         5.686653e-9     4.48166e-10      #dY:7.9%   
  9.30e-5         5.717625e-9     4.5056e-10       #dY:7.9%   
  9.40e-5         5.748436e-9     4.52945e-10      #dY:7.9%   
  9.50e-5         5.779105e-9     4.55317e-10      #dY:7.9%   
  9.60e-5         5.809584e-9     4.57677e-10      #dY:7.9%   
  9.70e-5         5.839925e-9     4.60024e-10      #dY:7.9%   
  9.80e-5         5.870114e-9     4.62358e-10      #dY:7.9%   
  9.90e-5         5.90015e-9      4.64679e-10      #dY:7.9%   
  1.00e-4         5.930039e-9     4.66991e-10      #dY:7.9%   
  1.10e-4         6.22108e-9      4.89871e-10      #dY:7.9%   
  1.20e-4         6.499316e-9     5.22387e-10      #dY:8.0%   
  1.30e-4         6.766308e-9     5.42418e-10      #dY:8.0%   
  1.40e-4         7.023321e-9     5.61733e-10      #dY:8.0%   
  1.50e-4         7.271449e-9     5.80416e-10      #dY:8.0%   
  1.60e-4         7.511513e-9     5.98506e-10      #dY:8.0%   
  1.70e-4         7.744278e-9     6.16065e-10      #dY:8.0%   
  1.80e-4         7.970384e-9     6.33131e-10      #dY:7.9%   
  1.90e-4         8.190375e-9     6.49741e-10      #dY:7.9%   
  2.00e-4         8.404749e-9     6.65933e-10      #dY:7.9%   
  2.10e-4         8.613881e-9     6.81731e-10      #dY:7.9%   
  2.20e-4         8.818171e-9     6.97164e-10      #dY:7.9%   
  2.30e-4         9.017935e-9     7.12254e-10      #dY:7.9%   
  2.40e-4         9.21347e-9      7.27028e-10      #dY:7.9%   
  2.50e-4         9.405041e-9     7.41495e-10      #dY:7.9%   
  2.60e-4         9.592871e-9     7.55697e-10      #dY:7.9%   
  2.70e-4         9.777209e-9     7.69625e-10      #dY:7.9%   
  2.80e-4         9.958197e-9     7.83276e-10      #dY:7.9%   
  2.90e-4         1.013603e-8     7.96703e-10      #dY:7.9%   
  3.00e-4         1.031084e-8     8.09884e-10      #dY:7.9%   
  3.10e-4         1.048283e-8     8.22891e-10      #dY:7.8%   
  3.20e-4         1.065219e-8     8.35654e-10      #dY:7.8%   
  3.30e-4         1.081888e-8     8.48241e-10      #dY:7.8%   
  3.40e-4         1.098312e-8     8.60619e-10      #dY:7.8%   
  3.50e-4         1.114507e-8     8.72817e-10      #dY:7.8%   
  3.60e-4         1.130473e-8     8.8487e-10       #dY:7.8%   
  3.70e-4         1.14622e-8      8.96728e-10      #dY:7.8%   
  3.80e-4         1.161769e-8     9.08437e-10      #dY:7.8%   
  3.90e-4         1.177113e-8     9.19985e-10      #dY:7.8%   
  4.00e-4         1.192255e-8     9.31402e-10      #dY:7.8%   
  4.10e-4         1.207224e-8     9.42661e-10      #dY:7.8%   
  4.20e-4         1.222013e-8     9.53766e-10      #dY:7.8%   
  4.30e-4         1.236629e-8     9.64762e-10      #dY:7.8%   
  4.40e-4         1.251075e-8     9.75622e-10      #dY:7.8%   
  4.50e-4         1.265368e-8     9.86369e-10      #dY:7.8%   
  4.60e-4         1.279509e-8     9.96996e-10      #dY:7.8%   
  4.70e-4         1.293489e-8     1.00751e-9       #dY:7.8%   
  4.80e-4         1.307344e-8     1.0179e-9        #dY:7.8%   
  4.90e-4         1.321037e-8     1.02818e-9       #dY:7.8%   
  5.00e-4         1.334608e-8     1.03835e-9       #dY:7.8%   
  5.10e-4         1.348048e-8     1.04848e-9       #dY:7.8%   
  5.20e-4         1.361352e-8     1.05844e-9       #dY:7.8%   
  5.30e-4         1.374529e-8     1.06827e-9       #dY:7.8%   
  5.40e-4         1.38759e-8      1.07808e-9       #dY:7.8%   
  5.50e-4         1.400532e-8     1.08781e-9       #dY:7.8%   
  5.60e-4         1.413357e-8     1.0974e-9        #dY:7.8%   
  5.70e-4         1.426075e-8     1.10692e-9       #dY:7.8%   
  5.80e-4         1.438678e-8     1.11636e-9       #dY:7.8%   
  5.90e-4         1.451187e-8     1.1257e-9        #dY:7.8%   
  6.00e-4         1.463566e-8     1.13498e-9       #dY:7.8%   
  6.10e-4         1.475888e-8     1.14423e-9       #dY:7.8%   
  6.20e-4         1.488097e-8     1.15336e-9       #dY:7.8%   
  6.30e-4         1.500186e-8     1.16238e-9       #dY:7.7%   
  6.40e-4         1.512208e-8     1.17138e-9       #dY:7.7%   
  6.50e-4         1.524133e-8     1.18032e-9       #dY:7.7%   
  6.60e-4         1.535952e-8     1.18912e-9       #dY:7.7%   
  6.70e-4         1.547697e-8     1.19789e-9       #dY:7.7%   
  6.80e-4         1.559354e-8     1.20662e-9       #dY:7.7%   
  6.90e-4         1.570926e-8     1.21525e-9       #dY:7.7%   
  7.00e-4         1.582438e-8     1.22386e-9       #dY:7.7%   
  7.10e-4         1.593839e-8     1.23237e-9       #dY:7.7%   
  7.20e-4         1.605165e-8     1.24078e-9       #dY:7.7%   
  7.30e-4         1.616449e-8     1.24921e-9       #dY:7.7%   
  7.40e-4         1.627619e-8     1.25751e-9       #dY:7.7%   
  7.50e-4         1.638733e-8     1.2658e-9        #dY:7.7%   
  7.60e-4         1.649763e-8     1.27404e-9       #dY:7.7%   
  7.70e-4         1.66074e-8      1.28221e-9       #dY:7.7%   
  7.80e-4         1.67163e-8      1.29034e-9       #dY:7.7%   
  7.90e-4         1.682471e-8     1.29839e-9       #dY:7.7%   
  8.00e-4         1.693243e-8     1.30641e-9       #dY:7.7%   
  8.10e-4         1.703935e-8     1.31436e-9       #dY:7.7%   
  8.20e-4         1.714569e-8     1.32229e-9       #dY:7.7%   
  8.30e-4         1.725143e-8     1.33016e-9       #dY:7.7%   
  8.40e-4         1.735673e-8     1.33801e-9       #dY:7.7%   
  8.50e-4         1.746096e-8     1.34572e-9       #dY:7.7%   
  8.60e-4         1.756502e-8     1.35347e-9       #dY:7.7%   
  8.70e-4         1.766836e-8     1.36113e-9       #dY:7.7%   
  8.80e-4         1.777112e-8     1.36878e-9       #dY:7.7%   
  8.90e-4         1.787328e-8     1.37638e-9       #dY:7.7%   
  9.00e-4         1.79749e-8      1.38394e-9       #dY:7.7%   
  9.10e-4         1.807591e-8     1.39142e-9       #dY:7.7%   
  9.20e-4         1.817642e-8     1.39891e-9       #dY:7.7%   
  9.30e-4         1.827637e-8     1.40633e-9       #dY:7.7%   
  9.40e-4         1.837599e-8     1.41372e-9       #dY:7.7%   
  9.50e-4         1.847493e-8     1.42105e-9       #dY:7.7%   
  9.60e-4         1.857347e-8     1.42835e-9       #dY:7.7%   
  9.70e-4         1.86713e-8      1.43562e-9       #dY:7.7%   
  9.80e-4         1.876882e-8     1.44282e-9       #dY:7.7%   
  9.90e-4         1.886582e-8     1.45007e-9       #dY:7.7%   
  1.00e-3         1.89623e-8      1.45723e-9       #dY:7.7%   
  1.10e-3         1.990284e-8     1.52923e-9       #dY:7.7%   
  1.20e-3         2.080268e-8     1.63045e-9       #dY:7.8%   
  1.30e-3         2.16669e-8      1.6924e-9        #dY:7.8%   
  1.40e-3         2.249951e-8     1.75222e-9       #dY:7.8%   
  1.50e-3         2.330378e-8     1.80999e-9       #dY:7.8%   
  1.60e-3         2.408248e-8     1.86604e-9       #dY:7.7%   
  1.70e-3         2.4838e-8       1.9204e-9        #dY:7.7%   
  1.80e-3         2.557225e-8     1.97324e-9       #dY:7.7%   
  1.90e-3         2.628716e-8     2.02478e-9       #dY:7.7%   
  2.00e-3         2.69843e-8      2.075e-9         #dY:7.7%   
  2.10e-3         2.766456e-8     2.12403e-9       #dY:7.7%   
  2.20e-3         2.832953e-8     2.17198e-9       #dY:7.7%   
  2.30e-3         2.898008e-8     2.21888e-9       #dY:7.7%   
  2.40e-3         2.96172e-8      2.26488e-9       #dY:7.6%   
  2.50e-3         3.024163e-8     2.30991e-9       #dY:7.6%   
  2.60e-3         3.085415e-8     2.35412e-9       #dY:7.6%   
  2.70e-3         3.145539e-8     2.3975e-9        #dY:7.6%   
  2.80e-3         3.204619e-8     2.44014e-9       #dY:7.6%   
  2.90e-3         3.262694e-8     2.48208e-9       #dY:7.6%   
  3.00e-3         3.319816e-8     2.52335e-9       #dY:7.6%   
  3.10e-3         3.376036e-8     2.56393e-9       #dY:7.6%   
  3.20e-3         3.431381e-8     2.60394e-9       #dY:7.6%   
  3.30e-3         3.485899e-8     2.64329e-9       #dY:7.6%   
  3.40e-3         3.53964e-8      2.68215e-9       #dY:7.6%   
  3.50e-3         3.592626e-8     2.72043e-9       #dY:7.6%   
  3.60e-3         3.644904e-8     2.75828e-9       #dY:7.6%   
  3.70e-3         3.696497e-8     2.79559e-9       #dY:7.6%   
  3.80e-3         3.747412e-8     2.8324e-9        #dY:7.6%   
  3.90e-3         3.797692e-8     2.8688e-9        #dY:7.6%   
  4.00e-3         3.84737e-8      2.90479e-9       #dY:7.6%   
  4.10e-3         3.896455e-8     2.94032e-9       #dY:7.5%   
  4.20e-3         3.944963e-8     2.97544e-9       #dY:7.5%   
  4.30e-3         3.992926e-8     3.0102e-9        #dY:7.5%   
  4.40e-3         4.040374e-8     3.04455e-9       #dY:7.5%   
  4.50e-3         4.0873e-8       3.07861e-9       #dY:7.5%   
  4.60e-3         4.133721e-8     3.11226e-9       #dY:7.5%   
  4.70e-3         4.179686e-8     3.14556e-9       #dY:7.5%   
  4.80e-3         4.225172e-8     3.17859e-9       #dY:7.5%   
  4.90e-3         4.2702e-8       3.21126e-9       #dY:7.5%   
  5.00e-3         4.314818e-8     3.24366e-9       #dY:7.5%   
  5.10e-3         4.358991e-8     3.27573e-9       #dY:7.5%   
  5.20e-3         4.402754e-8     3.30752e-9       #dY:7.5%   
  5.30e-3         4.446167e-8     3.33907e-9       #dY:7.5%   
  5.40e-3         4.48914e-8      3.37031e-9       #dY:7.5%   
  5.50e-3         4.531742e-8     3.40126e-9       #dY:7.5%   
  5.60e-3         4.573973e-8     3.43199e-9       #dY:7.5%   
  5.70e-3         4.615871e-8     3.4625e-9        #dY:7.5%   
  5.80e-3         4.65742e-8      3.49277e-9       #dY:7.5%   
  5.90e-3         4.698618e-8     3.52273e-9       #dY:7.5%   
  6.00e-3         4.739494e-8     3.5525e-9        #dY:7.5%   
  6.10e-3         4.780036e-8     3.58205e-9       #dY:7.5%   
  6.20e-3         4.820262e-8     3.61133e-9       #dY:7.5%   
  6.30e-3         4.860215e-8     3.6405e-9        #dY:7.5%   
  6.40e-3         4.899832e-8     3.66939e-9       #dY:7.5%   
  6.50e-3         4.939175e-8     3.69811e-9       #dY:7.5%   
  6.60e-3         4.978218e-8     3.72659e-9       #dY:7.5%   
  6.70e-3         5.017012e-8     3.75491e-9       #dY:7.5%   
  6.80e-3         5.0555e-8       3.78299e-9       #dY:7.5%   
  6.90e-3         5.093748e-8     3.81097e-9       #dY:7.5%   
  7.00e-3         5.131705e-8     3.8387e-9        #dY:7.5%   
  7.10e-3         5.169428e-8     3.86628e-9       #dY:7.5%   
  7.20e-3         5.206902e-8     3.8937e-9        #dY:7.5%   
  7.30e-3         5.244115e-8     3.92092e-9       #dY:7.5%   
  7.40e-3         5.281103e-8     3.94799e-9       #dY:7.5%   
  7.50e-3         5.317847e-8     3.97491e-9       #dY:7.5%   
  7.60e-3         5.354367e-8     4.00166e-9       #dY:7.5%   
  7.70e-3         5.390655e-8     4.02828e-9       #dY:7.5%   
  7.80e-3         5.426725e-8     4.05472e-9       #dY:7.5%   
  7.90e-3         5.462589e-8     4.08102e-9       #dY:7.5%   
  8.00e-3         5.498215e-8     4.10716e-9       #dY:7.5%   
  8.10e-3         5.533646e-8     4.1332e-9        #dY:7.5%   
  8.20e-3         5.568866e-8     4.15909e-9       #dY:7.5%   
  8.30e-3         5.603878e-8     4.18485e-9       #dY:7.5%   
  8.40e-3         5.638702e-8     4.21047e-9       #dY:7.5%   
  8.50e-3         5.673339e-8     4.23593e-9       #dY:7.5%   
  8.60e-3         5.707769e-8     4.2613e-9        #dY:7.5%   
  8.70e-3         5.742025e-8     4.28655e-9       #dY:7.5%   
  8.80e-3         5.776073e-8     4.31164e-9       #dY:7.5%   
  8.90e-3         5.80997e-8      4.33666e-9       #dY:7.5%   
  9.00e-3         5.843669e-8     4.36152e-9       #dY:7.5%   
  9.10e-3         5.877193e-8     4.38628e-9       #dY:7.5%   
  9.20e-3         5.910555e-8     4.41093e-9       #dY:7.5%   
  9.30e-3         5.943728e-8     4.43548e-9       #dY:7.5%   
  9.40e-3         5.976743e-8     4.4599e-9        #dY:7.5%   
  9.50e-3         6.009611e-8     4.48421e-9       #dY:7.5%   
  9.60e-3         6.042304e-8     4.50842e-9       #dY:7.5%   
  9.70e-3         6.074819e-8     4.53253e-9       #dY:7.5%   
  9.80e-3         6.107193e-8     4.55655e-9       #dY:7.5%   
  9.90e-3         6.139418e-8     4.58047e-9       #dY:7.5%   
  0.01            6.17148e-8      4.60423e-9       #dY:7.5%   
  0.011           6.484183e-8     4.83744e-9       #dY:7.5%   
  0.012           6.783776e-8     5.17358e-9       #dY:7.6%   
  0.013           7.071818e-8     5.38458e-9       #dY:7.6%   
  0.014           7.349605e-8     5.59016e-9       #dY:7.6%   
  0.015           7.618218e-8     5.79093e-9       #dY:7.6%   
  0.016           7.878519e-8     5.98735e-9       #dY:7.6%   
  0.017           8.131233e-8     6.17984e-9       #dY:7.6%   
  0.018           8.377039e-8     6.36866e-9       #dY:7.6%   
  0.019           8.616466e-8     6.55432e-9       #dY:7.6%   
  0.02            8.849993e-8     6.73691e-9       #dY:7.6%   
  0.021           9.078042e-8     6.91667e-9       #dY:7.6%   
  0.022           9.300994e-8     7.09388e-9       #dY:7.6%   
  0.023           9.519186e-8     7.26875e-9       #dY:7.6%   
  0.024           9.732909e-8     7.44127e-9       #dY:7.6%   
  0.025           9.942385e-8     7.61175e-9       #dY:7.7%   
  0.026           1.014797e-7     7.78023e-9       #dY:7.7%   
  0.027           1.034982e-7     7.94678e-9       #dY:7.7%   
  0.028           1.05481e-7      8.11165e-9       #dY:7.7%   
  0.029           1.074305e-7     8.27469e-9       #dY:7.7%   
  0.03            1.093487e-7     8.43598e-9       #dY:7.7%   
  0.031           1.112367e-7     8.5963e-9        #dY:7.7%   
  0.032           1.130957e-7     8.75514e-9       #dY:7.7%   
  0.033           1.149284e-7     8.91242e-9       #dY:7.8%   
  0.034           1.167341e-7     9.06829e-9       #dY:7.8%   
  0.035           1.185138e-7     9.22286e-9       #dY:7.8%   
  0.036           1.202699e-7     9.37657e-9       #dY:7.8%   
  0.037           1.220032e-7     9.52904e-9       #dY:7.8%   
  0.038           1.23713e-7      9.68039e-9       #dY:7.8%   
  0.039           1.254023e-7     9.8304e-9        #dY:7.8%   
  0.04            1.270704e-7     9.97951e-9       #dY:7.9%   
  0.041           1.287184e-7     1.01279e-8       #dY:7.9%   
  0.042           1.303456e-7     1.02753e-8       #dY:7.9%   
  0.043           1.319563e-7     1.04219e-8       #dY:7.9%   
  0.044           1.335468e-7     1.05672e-8       #dY:7.9%   
  0.045           1.351194e-7     1.07116e-8       #dY:7.9%   
  0.046           1.366771e-7     1.08558e-8       #dY:7.9%   
  0.047           1.38216e-7      1.09986e-8       #dY:8.0%   
  0.048           1.397401e-7     1.1141e-8        #dY:8.0%   
  0.049           1.412473e-7     1.12829e-8       #dY:8.0%   
  0.05            1.427398e-7     1.14237e-8       #dY:8.0%   
  0.051           1.442166e-7     1.15638e-8       #dY:8.0%   
  0.052           1.456833e-7     1.17034e-8       #dY:8.0%   
  0.053           1.471328e-7     1.18423e-8       #dY:8.0%   
  0.054           1.485679e-7     1.19803e-8       #dY:8.1%   
  0.055           1.499915e-7     1.21176e-8       #dY:8.1%   
  0.056           1.514011e-7     1.22545e-8       #dY:8.1%   
  0.057           1.527985e-7     1.23911e-8       #dY:8.1%   
  0.058           1.541842e-7     1.25268e-8       #dY:8.1%   
  0.059           1.55558e-7      1.26619e-8       #dY:8.1%   
  0.06            1.569181e-7     1.27965e-8       #dY:8.2%   
  0.061           1.58269e-7      1.29302e-8       #dY:8.2%   
  0.062           1.596074e-7     1.30637e-8       #dY:8.2%   
  0.063           1.609348e-7     1.31966e-8       #dY:8.2%   
  0.064           1.622517e-7     1.33286e-8       #dY:8.2%   
  0.065           1.63559e-7      1.34605e-8       #dY:8.2%   
  0.066           1.648536e-7     1.35917e-8       #dY:8.2%   
  0.067           1.661402e-7     1.37222e-8       #dY:8.3%   
  0.068           1.674162e-7     1.38525e-8       #dY:8.3%   
  0.069           1.686834e-7     1.39819e-8       #dY:8.3%   
  0.07            1.699388e-7     1.4111e-8        #dY:8.3%   
  0.071           1.71187e-7      1.42395e-8       #dY:8.3%   
  0.072           1.724245e-7     1.43673e-8       #dY:8.3%   
  0.073           1.736542e-7     1.44946e-8       #dY:8.3%   
  0.074           1.74874e-7      1.46217e-8       #dY:8.4%   
  0.075           1.760875e-7     1.47479e-8       #dY:8.4%   
  0.076           1.772899e-7     1.48738e-8       #dY:8.4%   
  0.077           1.784876e-7     1.49993e-8       #dY:8.4%   
  0.078           1.796732e-7     1.51241e-8       #dY:8.4%   
  0.079           1.808553e-7     1.52484e-8       #dY:8.4%   
  0.08            1.820254e-7     1.53723e-8       #dY:8.4%   
  0.081           1.831892e-7     1.54955e-8       #dY:8.5%   
  0.082           1.843466e-7     1.56186e-8       #dY:8.5%   
  0.083           1.854953e-7     1.5741e-8        #dY:8.5%   
  0.084           1.866371e-7     1.58628e-8       #dY:8.5%   
  0.085           1.877732e-7     1.59843e-8       #dY:8.5%   
  0.086           1.888995e-7     1.61053e-8       #dY:8.5%   
  0.087           1.900198e-7     1.62256e-8       #dY:8.5%   
  0.088           1.911342e-7     1.63457e-8       #dY:8.6%   
  0.089           1.922413e-7     1.6465e-8        #dY:8.6%   
  0.09            1.933402e-7     1.65841e-8       #dY:8.6%   
  0.091           1.944342e-7     1.67028e-8       #dY:8.6%   
  0.092           1.955206e-7     1.6821e-8        #dY:8.6%   
  0.093           1.966011e-7     1.69385e-8       #dY:8.6%   
  0.094           1.976739e-7     1.70562e-8       #dY:8.6%   
  0.095           1.987418e-7     1.71726e-8       #dY:8.6%   
  0.096           1.998023e-7     1.72892e-8       #dY:8.7%   
  0.097           2.008576e-7     1.74053e-8       #dY:8.7%   
  0.098           2.019057e-7     1.75208e-8       #dY:8.7%   
  0.099           2.02948e-7      1.76361e-8       #dY:8.7%   
  0.1             2.039859e-7     1.77509e-8       #dY:8.7%   
  0.11            2.140442e-7     1.8652e-8        #dY:8.7%   
  0.12            2.235953e-7     2.01697e-8       #dY:9.0%   
  0.13            2.326881e-7     2.11994e-8       #dY:9.1%   
  0.14            2.413607e-7     2.21903e-8       #dY:9.2%   
  0.15            2.496534e-7     2.31455e-8       #dY:9.3%   
  0.16            2.575867e-7     2.40643e-8       #dY:9.3%   
  0.17            2.651827e-7     2.49528e-8       #dY:9.4%   
  0.18            2.724742e-7     2.58112e-8       #dY:9.5%   
  0.19            2.794879e-7     2.66401e-8       #dY:9.5%   
  0.2             2.862366e-7     2.74402e-8       #dY:9.6%   
  0.21            2.916051e-7     2.81028e-8       #dY:9.6%   
  0.22            2.967568e-7     2.82335e-8       #dY:9.5%   
  0.23            3.0172e-7       2.84437e-8       #dY:9.4%   
  0.24            3.065203e-7     2.8669e-8        #dY:9.4%   
  0.25            3.111614e-7     2.89045e-8       #dY:9.3%   
  0.26            3.15632e-7      2.91467e-8       #dY:9.2%   
  0.27            3.19931e-7      2.94005e-8       #dY:9.2%   
  0.28            3.240844e-7     2.96708e-8       #dY:9.2%   
  0.29            3.281134e-7     2.99564e-8       #dY:9.1%   
  0.3             3.320257e-7     3.02534e-8       #dY:9.1%   
  0.31            3.346347e-7     3.04504e-8       #dY:9.1%   
  0.32            3.371185e-7     3.02661e-8       #dY:9.0%   
  0.33            3.394614e-7     3.01781e-8       #dY:8.9%   
  0.34            3.416952e-7     3.01314e-8       #dY:8.8%   
  0.35            3.438449e-7     3.01185e-8       #dY:8.8%   
  0.36            3.458932e-7     3.01299e-8       #dY:8.7%   
  0.37            3.478122e-7     3.01658e-8       #dY:8.7%   
  0.38            3.496116e-7     3.0231e-8        #dY:8.6%   
  0.39            3.513279e-7     3.03307e-8       #dY:8.6%   
  0.4             3.529898e-7     3.04622e-8       #dY:8.6%   
  0.41            3.540149e-7     3.05688e-8       #dY:8.6%   
  0.42            3.549764e-7     3.00521e-8       #dY:8.5%   
  0.43            3.558514e-7     2.95993e-8       #dY:8.3%   
  0.44            3.566317e-7     2.91905e-8       #dY:8.2%   
  0.45            3.573185e-7     2.88262e-8       #dY:8.1%   
  0.46            3.579352e-7     2.85083e-8       #dY:8.0%   
  0.47            3.584908e-7     2.82426e-8       #dY:7.9%   
  0.48            3.589879e-7     2.80244e-8       #dY:7.8%   
  0.49            3.594434e-7     2.78598e-8       #dY:7.8%   
  0.5             3.598519e-7     2.775e-8         #dY:7.7%   
  0.51            3.595563e-7     2.76472e-8       #dY:7.7%   
  0.52            3.592185e-7     2.74124e-8       #dY:7.6%   
  0.53            3.588392e-7     2.72575e-8       #dY:7.6%   
  0.54            3.584187e-7     2.71582e-8       #dY:7.6%   
  0.55            3.579515e-7     2.71118e-8       #dY:7.6%   
  0.56            3.574362e-7     2.71143e-8       #dY:7.6%   
  0.57            3.568702e-7     2.71716e-8       #dY:7.6%   
  0.58            3.562624e-7     2.72855e-8       #dY:7.7%   
  0.59            3.55603e-7      2.74529e-8       #dY:7.7%   
  0.6             3.548975e-7     2.76785e-8       #dY:7.8%   
  0.61            3.545408e-7     2.79913e-8       #dY:7.9%   
  0.62            3.541818e-7     2.75472e-8       #dY:7.8%   
  0.63            3.537944e-7     2.71475e-8       #dY:7.7%   
  0.64            3.533677e-7     2.68061e-8       #dY:7.6%   
  0.65            3.529007e-7     2.65304e-8       #dY:7.5%   
  0.66            3.52394e-7      2.6323e-8        #dY:7.5%   
  0.67            3.518359e-7     2.61886e-8       #dY:7.4%   
  0.68            3.512255e-7     2.61312e-8       #dY:7.4%   
  0.69            3.505773e-7     2.61553e-8       #dY:7.5%   
  0.7             3.499062e-7     2.62687e-8       #dY:7.5%   
  0.71            3.489666e-7     2.64509e-8       #dY:7.6%   
  0.72            3.480165e-7     2.56598e-8       #dY:7.4%   
  0.73            3.47052e-7      2.4946e-8        #dY:7.2%   
  0.74            3.460874e-7     2.43039e-8       #dY:7.0%   
  0.75            3.451054e-7     2.37403e-8       #dY:6.9%   
  0.76            3.44098e-7      2.32651e-8       #dY:6.8%   
  0.77            3.430607e-7     2.28862e-8       #dY:6.7%   
  0.78            3.420035e-7     2.26186e-8       #dY:6.6%   
  0.79            3.409116e-7     2.24717e-8       #dY:6.6%   
  0.8             3.397956e-7     2.24544e-8       #dY:6.6%   
  0.81            3.386394e-7     2.25717e-8       #dY:6.7%   
  0.82            3.374652e-7     2.20668e-8       #dY:6.5%   
  0.83            3.362778e-7     2.1613e-8        #dY:6.4%   
  0.84            3.350734e-7     2.12138e-8       #dY:6.3%   
  0.85            3.338555e-7     2.08745e-8       #dY:6.3%   
  0.86            3.32614e-7      2.06008e-8       #dY:6.2%   
  0.87            3.313615e-7     2.03997e-8       #dY:6.2%   
  0.88            3.300873e-7     2.02769e-8       #dY:6.1%   
  0.89            3.287931e-7     2.02373e-8       #dY:6.2%   
  0.9             3.275013e-7     2.02886e-8       #dY:6.2%   
  0.91            3.265277e-7     2.04532e-8       #dY:6.3%   
  0.92            3.255598e-7     2.0026e-8        #dY:6.2%   
  0.93            3.245989e-7     1.96144e-8       #dY:6.0%   
  0.94            3.2363e-7       1.92319e-8       #dY:5.9%   
  0.95            3.22648e-7      1.88805e-8       #dY:5.9%   
  0.96            3.216497e-7     1.85624e-8       #dY:5.8%   
  0.97            3.206319e-7     1.8283e-8        #dY:5.7%   
  0.98            3.196034e-7     1.80468e-8       #dY:5.6%   
  0.99            3.185708e-7     1.78567e-8       #dY:5.6%   
  1               3.175352e-7     1.77164e-8       #dY:5.6%   
  1.1             3.058753e-7     1.70379e-8       #dY:5.6%   
  1.2             2.931712e-7     1.3082e-8        #dY:4.5%   
  1.3             2.815937e-7     9.52752e-9       #dY:3.4%   
  1.4             2.718527e-7     7.10652e-9       #dY:2.6%   
  1.5             2.63473e-7      6.00572e-9       #dY:2.3%   
  1.6             2.555388e-7     5.63215e-9       #dY:2.2%   
  1.7             2.477564e-7     5.45123e-9       #dY:2.2%   
  1.8             2.398081e-7     5.31024e-9       #dY:2.2%   
  1.9             2.316355e-7     5.22397e-9       #dY:2.3%   
  2               2.232881e-7     5.09936e-9       #dY:2.3%   
  2.1             2.14863e-7      4.9394e-9        #dY:2.3%   
  2.2             2.063361e-7     4.77337e-9       #dY:2.3%   
  2.3             1.977949e-7     4.61625e-9       #dY:2.3%   
  2.4             1.893176e-7     4.44979e-9       #dY:2.4%   
  2.5             1.809086e-7     4.28116e-9       #dY:2.4%   
  2.6             1.72633e-7      4.11839e-9       #dY:2.4%   
  2.7             1.645295e-7     3.95616e-9       #dY:2.4%   
  2.8             1.566139e-7     3.81043e-9       #dY:2.4%   
  2.9             1.489282e-7     3.65588e-9       #dY:2.5%   
  3               1.414824e-7     3.51406e-9       #dY:2.5%   
  3.1             1.34283e-7      3.37165e-9       #dY:2.5%   
  3.2             1.273511e-7     3.22714e-9       #dY:2.5%   
  3.3             1.20681e-7      3.09166e-9       #dY:2.6%   
  3.4             1.142768e-7     2.95202e-9       #dY:2.6%   
  3.5             1.081492e-7     2.81784e-9       #dY:2.6%   
  3.6             1.02293e-7      2.68913e-9       #dY:2.6%   
  3.7             9.668671e-8     2.56562e-9       #dY:2.7%   
  3.8             9.134876e-8     2.44389e-9       #dY:2.7%   
  3.9             8.625732e-8     2.32741e-9       #dY:2.7%   
  4               8.143012e-8     2.21604e-9       #dY:2.7%   
  4.1             7.683855e-8     2.113e-9         #dY:2.7%   
  4.2             7.248429e-8     2.01318e-9       #dY:2.8%   
  4.3             6.835591e-8     1.92054e-9       #dY:2.8%   
  4.4             6.445471e-8     1.83171e-9       #dY:2.8%   
  4.5             6.076278e-8     1.74831e-9       #dY:2.9%   
  4.6             5.727358e-8     1.66946e-9       #dY:2.9%   
  4.7             5.397088e-8     1.59424e-9       #dY:3.0%   
  4.8             5.085045e-8     1.52262e-9       #dY:3.0%   
  4.9             4.78982e-8      1.4541e-9        #dY:3.0%   
  5               4.510845e-8     1.38828e-9       #dY:3.1%   
  5.1             4.247298e-8     1.32587e-9       #dY:3.1%   
  5.2             3.99832e-8      1.26566e-9       #dY:3.2%   
  5.3             3.763226e-8     1.2078e-9        #dY:3.2%   
  5.4             3.54115e-8      1.15247e-9       #dY:3.3%   
  5.5             3.331368e-8     1.09935e-9       #dY:3.3%   
  5.6             3.133464e-8     1.04794e-9       #dY:3.3%   
  5.7             2.946526e-8     9.99277e-10      #dY:3.4%   
  5.8             2.769781e-8     9.52658e-10      #dY:3.4%   
  5.9             2.603091e-8     9.07487e-10      #dY:3.5%   
  6               2.44558e-8      8.64959e-10      #dY:3.5%   
  6.1             2.296758e-8     8.24417e-10      #dY:3.6%   
  6.2             2.15635e-8      7.85736e-10      #dY:3.6%   
  6.3             2.023931e-8     7.49257e-10      #dY:3.7%   
  6.4             1.898839e-8     7.14576e-10      #dY:3.8%   
  6.5             1.780899e-8     6.81227e-10      #dY:3.8%   
  6.6             1.669881e-8     6.49231e-10      #dY:3.9%   
  6.7             1.565306e-8     6.19188e-10      #dY:4.0%   
  6.8             1.46674e-8      5.90476e-10      #dY:4.0%   
  6.9             1.374049e-8     5.62779e-10      #dY:4.1%   
  7               1.286899e-8     5.36589e-10      #dY:4.2%   
  7.1             1.204923e-8     5.1165e-10       #dY:4.2%   
  7.2             1.12788e-8      4.87819e-10      #dY:4.3%   
  7.3             1.055526e-8     4.6497e-10       #dY:4.4%   
  7.4             9.875968e-9     4.43332e-10      #dY:4.5%   
  7.5             9.238738e-9     4.22874e-10      #dY:4.6%   
  7.6             8.640874e-9     4.03358e-10      #dY:4.7%   
  7.7             8.080201e-9     3.8472e-10       #dY:4.8%   
  7.8             7.555468e-9     3.67107e-10      #dY:4.9%   
  7.9             7.063877e-9     3.5047e-10       #dY:5.0%   
  8               6.602933e-9     3.34536e-10      #dY:5.1%   
  8.1             6.171329e-9     3.19397e-10      #dY:5.2%   
  8.2             5.767667e-9     3.05057e-10      #dY:5.3%   
  8.3             5.38997e-9      2.91405e-10      #dY:5.4%   
  8.4             5.036221e-9     2.78332e-10      #dY:5.5%   
  8.5             4.705566e-9     2.65871e-10      #dY:5.7%   
  8.6             4.396555e-9     2.54022e-10      #dY:5.8%   
  8.7             4.107139e-9     2.42672e-10      #dY:5.9%   
  8.8             3.836735e-9     2.31833e-10      #dY:6.0%   
  8.9             3.584138e-9     2.21497e-10      #dY:6.2%   
  9               3.348275e-9     2.11628e-10      #dY:6.3%   
  9.1             3.127761e-9     2.02163e-10      #dY:6.5%   
  9.2             2.921652e-9     1.93078e-10      #dY:6.6%   
  9.3             2.729104e-9     1.84386e-10      #dY:6.8%   
  9.4             2.549101e-9     1.7607e-10       #dY:6.9%   
  9.5             2.380964e-9     1.68094e-10      #dY:7.1%   
  9.6             2.223971e-9     1.60461e-10      #dY:7.2%   
  9.7             2.077406e-9     1.53155e-10      #dY:7.4%   
  9.8             1.940469e-9     1.4614e-10       #dY:7.5%   
  9.9             1.812561e-9     1.39414e-10      #dY:7.7%   
  10              1.693085e-9     1.32977e-10      #dY:7.9%   
  10.2            1.477202e-9     1.18451e-10      #dY:8.0%   
  10.4            1.288919e-9     1.03854e-10      #dY:8.1%   
  10.6            1.124747e-9     9.42827e-11      #dY:8.4%   
  10.8            9.81537e-10     8.5507e-11       #dY:8.7%   
  11              8.56512e-10     7.74551e-11      #dY:9.0%   
  11.2            7.47476e-10     7.00832e-11      #dY:9.4%   
  11.4            6.52305e-10     6.33356e-11      #dY:9.7%   
  11.6            5.69191e-10     5.71744e-11      #dY:10.0%  
  11.8            4.96634e-10     5.15453e-11      #dY:10.4%  
  12              4.33306e-10     4.64167e-11      #dY:10.7%  
  12.2            3.78005e-10     4.175e-11        #dY:11.0%  
  12.4            3.29713e-10     3.75033e-11      #dY:11.4%  
  12.6            2.87552e-10     3.36528e-11      #dY:11.7%  
  12.8            2.50739e-10     3.01628e-11      #dY:12.0%  
  13              2.18589e-10     2.7008e-11       #dY:12.4%  
  13.2            1.90528e-10     2.4154e-11       #dY:12.7%  
  13.4            1.66029e-10     2.15795e-11      #dY:13.0%  
  13.6            1.44651e-10     1.92572e-11      #dY:13.3%  
  13.8            1.26004e-10     1.71685e-11      #dY:13.6%  
  14              1.09741e-10     1.52942e-11      #dY:13.9%  
  14.2            9.55552e-11     1.36132e-11      #dY:14.2%  
  14.4            8.3187e-11      1.21089e-11      #dY:14.6%  
  14.6            7.24034e-11     1.07617e-11      #dY:14.9%  
  14.8            6.30015e-11     9.55705e-12      #dY:15.2%  
  15              5.48109e-11     8.48092e-12      #dY:15.5%  
  15.2            4.76775e-11     7.52118e-12      #dY:15.8%  
  15.4            4.14655e-11     6.66648e-12      #dY:16.1%  
  15.6            3.60577e-11     5.90627e-12      #dY:16.4%  
  15.8            3.13502e-11     5.23036e-12      #dY:16.7%  
  16              2.72524e-11     4.62939e-12      #dY:17.0%  
  16.2            2.36863e-11     4.09569e-12      #dY:17.3%  
  16.4            2.05837e-11     3.62198e-12      #dY:17.6%  
  16.6            1.78857e-11     3.2018e-12       #dY:17.9%  
  16.8            1.55391e-11     2.82927e-12      #dY:18.2%  
  17              1.34989e-11     2.49945e-12      #dY:18.5%  
  17.2            1.17252e-11     2.20735e-12      #dY:18.8%  
  17.4            1.01833e-11     1.94886e-12      #dY:19.1%  
  17.6            8.84308e-12     1.72027e-12      #dY:19.5%  
  17.8            7.67874e-12     1.51807e-12      #dY:19.8%  
  18              6.66732e-12     1.33931e-12      #dY:20.1%  
  18.2            5.78866e-12     1.18125e-12      #dY:20.4%  
  18.4            5.02566e-12     1.04161e-12      #dY:20.7%  
  18.6            4.36303e-12     9.18254e-13      #dY:21.0%  
  18.8            3.78757e-12     8.09336e-13      #dY:21.4%  
  19              3.28797e-12     7.13199e-13      #dY:21.7%  
  19.2            2.85428e-12     6.28352e-13      #dY:22.0%  
  19.4            2.47777e-12     5.53449e-13      #dY:22.3%  
  19.6            2.15098e-12     4.87337e-13      #dY:22.7%  
  19.8            1.86741e-12     4.2904e-13       #dY:23.0%  
  20              1.62125e-12     3.77594e-13      #dY:23.3%  
  20.2            1.40759e-12     3.32236e-13      #dY:23.6%  
  20.4            1.22213e-12     2.92261e-13      #dY:23.9%  
  20.6            1.06111e-12     2.57015e-13      #dY:24.2%  
  20.8            9.21345e-13     2.2596e-13       #dY:24.5%  
  21              8.00038e-13     1.98609e-13      #dY:24.8%  
  21.2            6.9474e-13      1.74516e-13      #dY:25.1%  
  21.4            6.03333e-13     1.53301e-13      #dY:25.4%  
  21.6            5.23969e-13     1.34625e-13      #dY:25.7%  
  21.8            4.55038e-13     1.18188e-13      #dY:26.0%  
  22              3.95183e-13     1.03729e-13      #dY:26.2%  
  22.2            3.43206e-13     9.10159e-14      #dY:26.5%  
  22.4            2.98075e-13     7.98404e-14      #dY:26.8%  
  22.6            2.58882e-13     7.00182e-14      #dY:27.0%  
  22.8            2.24841e-13     6.13873e-14      #dY:27.3%  
  23              1.95273e-13     5.38055e-14      #dY:27.6%  
  23.2            1.69589e-13     4.71473e-14      #dY:27.8%  
  23.4            1.47279e-13     4.13042e-14      #dY:28.0%  
  23.6            1.27903e-13     3.61774e-14      #dY:28.3%  
  23.8            1.11075e-13     3.16796e-14      #dY:28.5%  
  24              9.64604e-14     2.77347e-14      #dY:28.8%  
  24.2            8.37665e-14     2.42753e-14      #dY:29.0%  
  24.4            7.27423e-14     2.12422e-14      #dY:29.2%  
  24.6            6.31687e-14     1.85843e-14      #dY:29.4%  
  24.8            5.48543e-14     1.62553e-14      #dY:29.6%  
  25              4.76332e-14     1.42154e-14      #dY:29.8%  
  25.2            4.13614e-14     1.24288e-14      #dY:30.0%  
  25.4            3.59141e-14     1.08643e-14      #dY:30.3%  
  25.6            3.11829e-14     9.49481e-15      #dY:30.4%  
  25.8            2.70734e-14     8.29644e-15      #dY:30.6%  
  26              2.35047e-14     7.24801e-15      #dY:30.8%  
  26.2            2.04053e-14     6.33074e-15      #dY:31.0%  
  26.4            1.77138e-14     5.52868e-15      #dY:31.2%  
  26.6            1.53766e-14     4.82728e-15      #dY:31.4%  
  26.8            1.33469e-14     4.21398e-15      #dY:31.6%  
  27              1.15847e-14     3.67802e-15      #dY:31.7%  
  27.2            1.00547e-14     3.20958e-15      #dY:31.9%  
  27.4            8.7263e-15      2.80025e-15      #dY:32.1%  
  27.6            7.57294e-15     2.44262e-15      #dY:32.3%  
  27.8            6.57182e-15     2.13024e-15      #dY:32.4%  
  28              5.70282e-15     1.85751e-15      #dY:32.6%  
  28.2            4.9483e-15      1.6194e-15       #dY:32.7%  
  28.4            4.29339e-15     1.41161e-15      #dY:32.9%  
  28.6            3.72494e-15     1.23029e-15      #dY:33.0%  
  28.8            3.23148e-15     1.07208e-15      #dY:33.2%  
  29              2.80318e-15     9.34067e-16      #dY:33.3%  
  29.2            2.43146e-15     8.13684e-16      #dY:33.5%  
  29.4            2.10882e-15     7.08692e-16      #dY:33.6%  
  29.6            1.82885e-15     6.17146e-16      #dY:33.7%  
  29.8            1.58591e-15     5.37334e-16      #dY:33.9%  
  30              0.00            0.00                        
//
#-------------------------------------------------------------------------------
#
#name:   INDEN-Aug2023: PU-239(N,F) E_in=7. MeV
#X.axis: Energy
#Y.axis: 
#wdata:  3
#ldata:  642
#data...
# X               Y               +-dY           
# MeV             1/eV            1/eV           
  0.00            0.00            0.00                        
  1.00e-5         1.822418e-9     5.45765e-11      #dY:3.0%   
  1.10e-5         1.911508e-9     5.72445e-11      #dY:3.0%   
  1.20e-5         1.99666e-9      3.06073e-10      #dY:15.3%  
  1.30e-5         2.078323e-9     3.17914e-10      #dY:15.3%  
  1.40e-5         2.156923e-9     3.29339e-10      #dY:15.3%  
  1.50e-5         2.232757e-9     3.40393e-10      #dY:15.2%  
  1.60e-5         2.306135e-9     3.511e-10        #dY:15.2%  
  1.70e-5         2.377258e-9     3.61503e-10      #dY:15.2%  
  1.80e-5         2.446313e-9     3.71615e-10      #dY:15.2%  
  1.90e-5         2.513494e-9     3.81459e-10      #dY:15.2%  
  2.00e-5         2.578933e-9     3.91059e-10      #dY:15.2%  
  2.10e-5         2.642762e-9     4.00427e-10      #dY:15.2%  
  2.20e-5         2.7051e-9       4.09594e-10      #dY:15.1%  
  2.30e-5         2.766032e-9     4.18555e-10      #dY:15.1%  
  2.40e-5         2.825651e-9     4.2732e-10       #dY:15.1%  
  2.50e-5         2.884068e-9     4.35921e-10      #dY:15.1%  
  2.60e-5         2.941315e-9     4.44356e-10      #dY:15.1%  
  2.70e-5         2.997491e-9     4.52624e-10      #dY:15.1%  
  2.80e-5         3.052644e-9     4.60754e-10      #dY:15.1%  
  2.90e-5         3.106802e-9     4.68732e-10      #dY:15.1%  
  3.00e-5         3.160071e-9     4.76594e-10      #dY:15.1%  
  3.10e-5         3.212435e-9     4.84306e-10      #dY:15.1%  
  3.20e-5         3.263982e-9     4.91912e-10      #dY:15.1%  
  3.30e-5         3.314732e-9     4.99397e-10      #dY:15.1%  
  3.40e-5         3.364731e-9     5.06781e-10      #dY:15.1%  
  3.50e-5         3.413984e-9     5.14038e-10      #dY:15.1%  
  3.60e-5         3.46255e-9      5.21208e-10      #dY:15.1%  
  3.70e-5         3.510461e-9     5.28286e-10      #dY:15.0%  
  3.80e-5         3.557717e-9     5.35256e-10      #dY:15.0%  
  3.90e-5         3.604368e-9     5.42144e-10      #dY:15.0%  
  4.00e-5         3.650424e-9     5.48944e-10      #dY:15.0%  
  4.10e-5         3.695901e-9     5.55669e-10      #dY:15.0%  
  4.20e-5         3.740861e-9     5.62306e-10      #dY:15.0%  
  4.30e-5         3.785259e-9     5.68863e-10      #dY:15.0%  
  4.40e-5         3.829156e-9     5.75341e-10      #dY:15.0%  
  4.50e-5         3.872575e-9     5.8176e-10       #dY:15.0%  
  4.60e-5         3.915497e-9     5.88095e-10      #dY:15.0%  
  4.70e-5         3.957977e-9     5.9437e-10       #dY:15.0%  
  4.80e-5         3.999999e-9     6.0058e-10       #dY:15.0%  
  4.90e-5         4.041592e-9     6.06717e-10      #dY:15.0%  
  5.00e-5         4.082767e-9     6.12806e-10      #dY:15.0%  
  5.10e-5         4.123518e-9     6.18816e-10      #dY:15.0%  
  5.20e-5         4.16389e-9      6.24784e-10      #dY:15.0%  
  5.30e-5         4.20388e-9      6.30686e-10      #dY:15.0%  
  5.40e-5         4.24349e-9      6.36547e-10      #dY:15.0%  
  5.50e-5         4.282748e-9     6.42343e-10      #dY:15.0%  
  5.60e-5         4.321647e-9     6.48081e-10      #dY:15.0%  
  5.70e-5         4.3602e-9       6.53781e-10      #dY:15.0%  
  5.80e-5         4.398423e-9     6.5942e-10       #dY:15.0%  
  5.90e-5         4.436327e-9     6.65029e-10      #dY:15.0%  
  6.00e-5         4.473904e-9     6.70572e-10      #dY:15.0%  
  6.10e-5         4.511152e-9     6.76073e-10      #dY:15.0%  
  6.20e-5         4.548132e-9     6.81534e-10      #dY:15.0%  
  6.30e-5         4.584797e-9     6.86954e-10      #dY:15.0%  
  6.40e-5         4.621181e-9     6.92328e-10      #dY:15.0%  
  6.50e-5         4.657282e-9     6.97657e-10      #dY:15.0%  
  6.60e-5         4.693105e-9     7.02945e-10      #dY:15.0%  
  6.70e-5         4.728676e-9     7.08201e-10      #dY:15.0%  
  6.80e-5         4.763958e-9     7.13413e-10      #dY:15.0%  
  6.90e-5         4.799005e-9     7.18578e-10      #dY:15.0%  
  7.00e-5         4.833798e-9     7.2373e-10       #dY:15.0%  
  7.10e-5         4.868334e-9     7.28825e-10      #dY:15.0%  
  7.20e-5         4.902644e-9     7.33884e-10      #dY:15.0%  
  7.30e-5         4.936712e-9     7.38917e-10      #dY:15.0%  
  7.40e-5         4.970548e-9     7.4391e-10       #dY:15.0%  
  7.50e-5         5.004151e-9     7.48876e-10      #dY:15.0%  
  7.60e-5         5.037544e-9     7.53795e-10      #dY:15.0%  
  7.70e-5         5.070721e-9     7.58705e-10      #dY:15.0%  
  7.80e-5         5.103691e-9     7.63571e-10      #dY:15.0%  
  7.90e-5         5.136427e-9     7.68396e-10      #dY:15.0%  
  8.00e-5         5.168978e-9     7.73204e-10      #dY:15.0%  
  8.10e-5         5.20134e-9      7.77988e-10      #dY:15.0%  
  8.20e-5         5.233469e-9     7.8272e-10       #dY:15.0%  
  8.30e-5         5.265426e-9     7.87435e-10      #dY:15.0%  
  8.40e-5         5.297198e-9     7.92126e-10      #dY:15.0%  
  8.50e-5         5.328765e-9     7.96783e-10      #dY:15.0%  
  8.60e-5         5.360167e-9     8.01416e-10      #dY:15.0%  
  8.70e-5         5.39137e-9      8.06027e-10      #dY:15.0%  
  8.80e-5         5.422405e-9     8.10594e-10      #dY:14.9%  
  8.90e-5         5.453274e-9     8.15152e-10      #dY:14.9%  
  9.00e-5         5.483954e-9     8.19683e-10      #dY:14.9%  
  9.10e-5         5.514489e-9     8.24184e-10      #dY:14.9%  
  9.20e-5         5.544834e-9     8.28656e-10      #dY:14.9%  
  9.30e-5         5.575018e-9     8.33106e-10      #dY:14.9%  
  9.40e-5         5.605068e-9     8.37543e-10      #dY:14.9%  
  9.50e-5         5.634928e-9     8.41942e-10      #dY:14.9%  
  9.60e-5         5.664655e-9     8.46334e-10      #dY:14.9%  
  9.70e-5         5.694222e-9     8.50694e-10      #dY:14.9%  
  9.80e-5         5.72363e-9      8.55028e-10      #dY:14.9%  
  9.90e-5         5.752905e-9     8.59338e-10      #dY:14.9%  
  1.00e-4         5.782027e-9     8.63634e-10      #dY:14.9%  
  1.10e-4         6.065647e-9     9.05938e-10      #dY:14.9%  
  1.20e-4         6.336772e-9     9.66277e-10      #dY:15.2%  
  1.30e-4         6.59693e-9      1.00355e-9       #dY:15.2%  
  1.40e-4         6.847371e-9     1.03949e-9       #dY:15.2%  
  1.50e-4         7.089102e-9     1.07425e-9       #dY:15.2%  
  1.60e-4         7.322983e-9     1.10791e-9       #dY:15.1%  
  1.70e-4         7.549767e-9     1.1406e-9        #dY:15.1%  
  1.80e-4         7.770032e-9     1.17239e-9       #dY:15.1%  
  1.90e-4         7.984347e-9     1.20331e-9       #dY:15.1%  
  2.00e-4         8.193139e-9     1.23347e-9       #dY:15.1%  
  2.10e-4         8.396868e-9     1.26289e-9       #dY:15.0%  
  2.20e-4         8.595848e-9     1.29165e-9       #dY:15.0%  
  2.30e-4         8.790427e-9     1.31976e-9       #dY:15.0%  
  2.40e-4         8.980881e-9     1.34729e-9       #dY:15.0%  
  2.50e-4         9.167436e-9     1.37424e-9       #dY:15.0%  
  2.60e-4         9.35038e-9      1.40068e-9       #dY:15.0%  
  2.70e-4         9.529874e-9     1.42662e-9       #dY:15.0%  
  2.80e-4         9.706114e-9     1.45209e-9       #dY:15.0%  
  2.90e-4         9.879282e-9     1.47711e-9       #dY:15.0%  
  3.00e-4         1.004957e-8     1.5017e-9        #dY:14.9%  
  3.10e-4         1.021707e-8     1.5259e-9        #dY:14.9%  
  3.20e-4         1.038186e-8     1.54968e-9       #dY:14.9%  
  3.30e-4         1.054427e-8     1.57315e-9       #dY:14.9%  
  3.40e-4         1.070417e-8     1.59621e-9       #dY:14.9%  
  3.50e-4         1.086176e-8     1.61896e-9       #dY:14.9%  
  3.60e-4         1.101721e-8     1.64138e-9       #dY:14.9%  
  3.70e-4         1.117067e-8     1.66352e-9       #dY:14.9%  
  3.80e-4         1.132196e-8     1.68531e-9       #dY:14.9%  
  3.90e-4         1.147125e-8     1.70677e-9       #dY:14.9%  
  4.00e-4         1.161871e-8     1.72805e-9       #dY:14.9%  
  4.10e-4         1.176439e-8     1.74904e-9       #dY:14.9%  
  4.20e-4         1.190845e-8     1.76976e-9       #dY:14.9%  
  4.30e-4         1.205066e-8     1.79027e-9       #dY:14.9%  
  4.40e-4         1.219139e-8     1.81052e-9       #dY:14.9%  
  4.50e-4         1.233056e-8     1.83052e-9       #dY:14.8%  
  4.60e-4         1.246809e-8     1.85036e-9       #dY:14.8%  
  4.70e-4         1.260408e-8     1.86992e-9       #dY:14.8%  
  4.80e-4         1.273906e-8     1.88931e-9       #dY:14.8%  
  4.90e-4         1.287235e-8     1.90843e-9       #dY:14.8%  
  5.00e-4         1.300431e-8     1.9274e-9        #dY:14.8%  
  5.10e-4         1.313511e-8     1.94608e-9       #dY:14.8%  
  5.20e-4         1.32646e-8      1.96477e-9       #dY:14.8%  
  5.30e-4         1.339286e-8     1.98319e-9       #dY:14.8%  
  5.40e-4         1.352005e-8     2.00137e-9       #dY:14.8%  
  5.50e-4         1.364595e-8     2.01941e-9       #dY:14.8%  
  5.60e-4         1.377081e-8     2.03727e-9       #dY:14.8%  
  5.70e-4         1.389463e-8     2.05497e-9       #dY:14.8%  
  5.80e-4         1.401719e-8     2.07257e-9       #dY:14.8%  
  5.90e-4         1.413891e-8     2.09001e-9       #dY:14.8%  
  6.00e-4         1.425953e-8     2.10723e-9       #dY:14.8%  
  6.10e-4         1.437919e-8     2.12434e-9       #dY:14.8%  
  6.20e-4         1.449789e-8     2.14133e-9       #dY:14.8%  
  6.30e-4         1.461559e-8     2.15809e-9       #dY:14.8%  
  6.40e-4         1.473238e-8     2.17481e-9       #dY:14.8%  
  6.50e-4         1.484859e-8     2.19135e-9       #dY:14.8%  
  6.60e-4         1.496375e-8     2.20778e-9       #dY:14.8%  
  6.70e-4         1.507786e-8     2.22405e-9       #dY:14.8%  
  6.80e-4         1.519127e-8     2.24018e-9       #dY:14.7%  
  6.90e-4         1.530395e-8     2.25629e-9       #dY:14.7%  
  7.00e-4         1.541581e-8     2.27216e-9       #dY:14.7%  
  7.10e-4         1.552678e-8     2.2881e-9        #dY:14.7%  
  7.20e-4         1.563704e-8     2.30368e-9       #dY:14.7%  
  7.30e-4         1.574655e-8     2.31925e-9       #dY:14.7%  
  7.40e-4         1.585535e-8     2.33474e-9       #dY:14.7%  
  7.50e-4         1.596336e-8     2.35004e-9       #dY:14.7%  
  7.60e-4         1.607087e-8     2.36534e-9       #dY:14.7%  
  7.70e-4         1.617764e-8     2.38053e-9       #dY:14.7%  
  7.80e-4         1.628361e-8     2.39552e-9       #dY:14.7%  
  7.90e-4         1.63889e-8      2.41051e-9       #dY:14.7%  
  8.00e-4         1.649367e-8     2.42533e-9       #dY:14.7%  
  8.10e-4         1.659772e-8     2.44011e-9       #dY:14.7%  
  8.20e-4         1.670111e-8     2.45474e-9       #dY:14.7%  
  8.30e-4         1.680399e-8     2.46928e-9       #dY:14.7%  
  8.40e-4         1.690621e-8     2.48387e-9       #dY:14.7%  
  8.50e-4         1.700804e-8     2.49825e-9       #dY:14.7%  
  8.60e-4         1.710895e-8     2.51242e-9       #dY:14.7%  
  8.70e-4         1.720942e-8     2.52671e-9       #dY:14.7%  
  8.80e-4         1.73093e-8      2.54088e-9       #dY:14.7%  
  8.90e-4         1.740864e-8     2.55482e-9       #dY:14.7%  
  9.00e-4         1.750752e-8     2.56877e-9       #dY:14.7%  
  9.10e-4         1.760571e-8     2.58272e-9       #dY:14.7%  
  9.20e-4         1.770361e-8     2.59654e-9       #dY:14.7%  
  9.30e-4         1.78007e-8      2.61027e-9       #dY:14.7%  
  9.40e-4         1.789751e-8     2.62384e-9       #dY:14.7%  
  9.50e-4         1.79937e-8      2.63741e-9       #dY:14.7%  
  9.60e-4         1.808957e-8     2.65102e-9       #dY:14.7%  
  9.70e-4         1.818466e-8     2.66433e-9       #dY:14.7%  
  9.80e-4         1.827948e-8     2.67774e-9       #dY:14.6%  
  9.90e-4         1.837388e-8     2.69105e-9       #dY:14.6%  
  1.00e-3         1.846765e-8     2.70429e-9       #dY:14.6%  
  1.10e-3         1.938221e-8     2.83767e-9       #dY:14.6%  
  1.20e-3         2.025686e-8     3.02446e-9       #dY:14.9%  
  1.30e-3         2.109697e-8     3.13839e-9       #dY:14.9%  
  1.40e-3         2.190599e-8     3.24797e-9       #dY:14.8%  
  1.50e-3         2.268734e-8     3.35378e-9       #dY:14.8%  
  1.60e-3         2.344401e-8     3.45613e-9       #dY:14.7%  
  1.70e-3         2.417791e-8     3.55506e-9       #dY:14.7%  
  1.80e-3         2.489124e-8     3.65118e-9       #dY:14.7%  
  1.90e-3         2.558548e-8     3.74456e-9       #dY:14.6%  
  2.00e-3         2.626241e-8     3.83548e-9       #dY:14.6%  
  2.10e-3         2.692301e-8     3.92398e-9       #dY:14.6%  
  2.20e-3         2.756863e-8     4.01032e-9       #dY:14.5%  
  2.30e-3         2.819996e-8     4.09443e-9       #dY:14.5%  
  2.40e-3         2.881843e-8     4.17674e-9       #dY:14.5%  
  2.50e-3         2.942467e-8     4.25718e-9       #dY:14.5%  
  2.60e-3         3.001903e-8     4.33578e-9       #dY:14.4%  
  2.70e-3         3.060248e-8     4.4128e-9        #dY:14.4%  
  2.80e-3         3.117586e-8     4.48827e-9       #dY:14.4%  
  2.90e-3         3.17393e-8      4.56224e-9       #dY:14.4%  
  3.00e-3         3.229324e-8     4.63474e-9       #dY:14.4%  
  3.10e-3         3.283854e-8     4.70596e-9       #dY:14.3%  
  3.20e-3         3.33754e-8      4.77588e-9       #dY:14.3%  
  3.30e-3         3.390418e-8     4.84461e-9       #dY:14.3%  
  3.40e-3         3.44254e-8      4.91197e-9       #dY:14.3%  
  3.50e-3         3.493929e-8     4.97838e-9       #dY:14.2%  
  3.60e-3         3.544603e-8     5.04367e-9       #dY:14.2%  
  3.70e-3         3.594622e-8     5.10789e-9       #dY:14.2%  
  3.80e-3         3.643976e-8     5.17123e-9       #dY:14.2%  
  3.90e-3         3.692718e-8     5.23342e-9       #dY:14.2%  
  4.00e-3         3.740868e-8     5.29481e-9       #dY:14.2%  
  4.10e-3         3.78843e-8      5.35527e-9       #dY:14.1%  
  4.20e-3         3.835452e-8     5.41487e-9       #dY:14.1%  
  4.30e-3         3.881933e-8     5.47371e-9       #dY:14.1%  
  4.40e-3         3.927903e-8     5.53177e-9       #dY:14.1%  
  4.50e-3         3.973369e-8     5.58898e-9       #dY:14.1%  
  4.60e-3         4.018343e-8     5.64545e-9       #dY:14.0%  
  4.70e-3         4.062868e-8     5.70117e-9       #dY:14.0%  
  4.80e-3         4.106927e-8     5.75612e-9       #dY:14.0%  
  4.90e-3         4.150557e-8     5.81057e-9       #dY:14.0%  
  5.00e-3         4.193754e-8     5.86416e-9       #dY:14.0%  
  5.10e-3         4.236548e-8     5.91724e-9       #dY:14.0%  
  5.20e-3         4.278928e-8     5.96967e-9       #dY:14.0%  
  5.30e-3         4.320933e-8     6.02144e-9       #dY:13.9%  
  5.40e-3         4.362556e-8     6.07272e-9       #dY:13.9%  
  5.50e-3         4.403813e-8     6.12347e-9       #dY:13.9%  
  5.60e-3         4.444705e-8     6.17362e-9       #dY:13.9%  
  5.70e-3         4.485253e-8     6.22313e-9       #dY:13.9%  
  5.80e-3         4.525465e-8     6.27217e-9       #dY:13.9%  
  5.90e-3         4.565338e-8     6.32062e-9       #dY:13.8%  
  6.00e-3         4.604905e-8     6.36856e-9       #dY:13.8%  
  6.10e-3         4.644136e-8     6.41602e-9       #dY:13.8%  
  6.20e-3         4.68309e-8      6.4631e-9        #dY:13.8%  
  6.30e-3         4.721712e-8     6.50955e-9       #dY:13.8%  
  6.40e-3         4.760053e-8     6.5556e-9        #dY:13.8%  
  6.50e-3         4.798122e-8     6.60124e-9       #dY:13.8%  
  6.60e-3         4.835906e-8     6.64636e-9       #dY:13.7%  
  6.70e-3         4.873414e-8     6.6912e-9        #dY:13.7%  
  6.80e-3         4.910659e-8     6.73552e-9       #dY:13.7%  
  6.90e-3         4.94764e-8      6.77937e-9       #dY:13.7%  
  7.00e-3         4.984367e-8     6.8229e-9        #dY:13.7%  
  7.10e-3         5.020837e-8     6.86596e-9       #dY:13.7%  
  7.20e-3         5.057082e-8     6.90856e-9       #dY:13.7%  
  7.30e-3         5.093072e-8     6.95085e-9       #dY:13.6%  
  7.40e-3         5.128834e-8     6.99275e-9       #dY:13.6%  
  7.50e-3         5.164358e-8     7.0343e-9        #dY:13.6%  
  7.60e-3         5.199671e-8     7.07546e-9       #dY:13.6%  
  7.70e-3         5.234749e-8     7.11625e-9       #dY:13.6%  
  7.80e-3         5.269612e-8     7.15679e-9       #dY:13.6%  
  7.90e-3         5.304275e-8     7.19691e-9       #dY:13.6%  
  8.00e-3         5.338718e-8     7.23673e-9       #dY:13.6%  
  8.10e-3         5.372965e-8     7.27618e-9       #dY:13.5%  
  8.20e-3         5.407002e-8     7.31537e-9       #dY:13.5%  
  8.30e-3         5.440843e-8     7.35417e-9       #dY:13.5%  
  8.40e-3         5.474488e-8     7.39278e-9       #dY:13.5%  
  8.50e-3         5.507952e-8     7.43095e-9       #dY:13.5%  
  8.60e-3         5.541225e-8     7.4688e-9        #dY:13.5%  
  8.70e-3         5.574331e-8     7.50647e-9       #dY:13.5%  
  8.80e-3         5.607213e-8     7.5438e-9        #dY:13.5%  
  8.90e-3         5.639961e-8     7.58076e-9       #dY:13.4%  
  9.00e-3         5.672505e-8     7.61762e-9       #dY:13.4%  
  9.10e-3         5.704913e-8     7.65411e-9       #dY:13.4%  
  9.20e-3         5.737122e-8     7.69028e-9       #dY:13.4%  
  9.30e-3         5.769165e-8     7.72626e-9       #dY:13.4%  
  9.40e-3         5.801063e-8     7.76186e-9       #dY:13.4%  
  9.50e-3         5.832787e-8     7.79725e-9       #dY:13.4%  
  9.60e-3         5.86435e-8      7.83235e-9       #dY:13.4%  
  9.70e-3         5.895771e-8     7.86717e-9       #dY:13.3%  
  9.80e-3         5.927029e-8     7.90181e-9       #dY:13.3%  
  9.90e-3         5.958136e-8     7.936e-9         #dY:13.3%  
  0.01            5.989085e-8     7.97011e-9       #dY:13.3%  
  0.011           6.290881e-8     8.36429e-9       #dY:13.3%  
  0.012           6.579883e-8     8.8635e-9        #dY:13.5%  
  0.013           6.857611e-8     9.14067e-9       #dY:13.3%  
  0.014           7.125299e-8     9.40214e-9       #dY:13.2%  
  0.015           7.384022e-8     9.64949e-9       #dY:13.1%  
  0.016           7.634633e-8     9.88359e-9       #dY:12.9%  
  0.017           7.877817e-8     1.01064e-8       #dY:12.8%  
  0.018           8.114246e-8     1.03183e-8       #dY:12.7%  
  0.019           8.344432e-8     1.05203e-8       #dY:12.6%  
  0.02            8.568853e-8     1.07134e-8       #dY:12.5%  
  0.021           8.78794e-8      1.08983e-8       #dY:12.4%  
  0.022           9.002009e-8     1.10748e-8       #dY:12.3%  
  0.023           9.21143e-8      1.1244e-8        #dY:12.2%  
  0.024           9.41645e-8      1.14066e-8       #dY:12.1%  
  0.025           9.617387e-8     1.15632e-8       #dY:12.0%  
  0.026           9.814458e-8     1.17138e-8       #dY:11.9%  
  0.027           1.000788e-7     1.1859e-8        #dY:11.8%  
  0.028           1.019783e-7     1.19985e-8       #dY:11.8%  
  0.029           1.038452e-7     1.21324e-8       #dY:11.7%  
  0.03            1.056803e-7     1.22612e-8       #dY:11.6%  
  0.031           1.074877e-7     1.23856e-8       #dY:11.5%  
  0.032           1.092657e-7     1.25047e-8       #dY:11.4%  
  0.033           1.11017e-7      1.26192e-8       #dY:11.4%  
  0.034           1.127439e-7     1.27301e-8       #dY:11.3%  
  0.035           1.144435e-7     1.28359e-8       #dY:11.2%  
  0.036           1.161209e-7     1.29394e-8       #dY:11.1%  
  0.037           1.177744e-7     1.30383e-8       #dY:11.1%  
  0.038           1.194071e-7     1.3134e-8        #dY:11.0%  
  0.039           1.210182e-7     1.32263e-8       #dY:10.9%  
  0.04            1.226103e-7     1.33167e-8       #dY:10.9%  
  0.041           1.241802e-7     1.3403e-8        #dY:10.8%  
  0.042           1.257322e-7     1.34866e-8       #dY:10.7%  
  0.043           1.27265e-7      1.35666e-8       #dY:10.7%  
  0.044           1.287809e-7     1.36448e-8       #dY:10.6%  
  0.045           1.302779e-7     1.37213e-8       #dY:10.5%  
  0.046           1.317597e-7     1.37948e-8       #dY:10.5%  
  0.047           1.332248e-7     1.38665e-8       #dY:10.4%  
  0.048           1.346737e-7     1.39357e-8       #dY:10.3%  
  0.049           1.361077e-7     1.40022e-8       #dY:10.3%  
  0.05            1.375264e-7     1.4068e-8        #dY:10.2%  
  0.051           1.389313e-7     1.4132e-8        #dY:10.2%  
  0.052           1.403237e-7     1.41941e-8       #dY:10.1%  
  0.053           1.416989e-7     1.42547e-8       #dY:10.1%  
  0.054           1.430635e-7     1.43128e-8       #dY:10.0%  
  0.055           1.444131e-7     1.43693e-8       #dY:10.0%  
  0.056           1.457514e-7     1.44247e-8       #dY:9.9%   
  0.057           1.470765e-7     1.44769e-8       #dY:9.8%   
  0.058           1.483892e-7     1.45297e-8       #dY:9.8%   
  0.059           1.496915e-7     1.45812e-8       #dY:9.7%   
  0.06            1.509821e-7     1.46302e-8       #dY:9.7%   
  0.061           1.522616e-7     1.4678e-8        #dY:9.6%   
  0.062           1.53529e-7      1.47246e-8       #dY:9.6%   
  0.063           1.547863e-7     1.4771e-8        #dY:9.5%   
  0.064           1.560321e-7     1.48141e-8       #dY:9.5%   
  0.065           1.572677e-7     1.48579e-8       #dY:9.4%   
  0.066           1.584943e-7     1.49011e-8       #dY:9.4%   
  0.067           1.597115e-7     1.49422e-8       #dY:9.4%   
  0.068           1.609164e-7     1.49813e-8       #dY:9.3%   
  0.069           1.621136e-7     1.50204e-8       #dY:9.3%   
  0.07            1.633017e-7     1.50577e-8       #dY:9.2%   
  0.071           1.644799e-7     1.50947e-8       #dY:9.2%   
  0.072           1.65649e-7      1.51297e-8       #dY:9.1%   
  0.073           1.668089e-7     1.51645e-8       #dY:9.1%   
  0.074           1.67961e-7      1.51987e-8       #dY:9.0%   
  0.075           1.691048e-7     1.52319e-8       #dY:9.0%   
  0.076           1.702414e-7     1.52642e-8       #dY:9.0%   
  0.077           1.71369e-7      1.52963e-8       #dY:8.9%   
  0.078           1.724876e-7     1.53259e-8       #dY:8.9%   
  0.079           1.736006e-7     1.5356e-8        #dY:8.8%   
  0.08            1.747033e-7     1.53848e-8       #dY:8.8%   
  0.081           1.758014e-7     1.54135e-8       #dY:8.8%   
  0.082           1.768887e-7     1.54404e-8       #dY:8.7%   
  0.083           1.779736e-7     1.54682e-8       #dY:8.7%   
  0.084           1.790477e-7     1.54939e-8       #dY:8.7%   
  0.085           1.801139e-7     1.55192e-8       #dY:8.6%   
  0.086           1.811751e-7     1.55439e-8       #dY:8.6%   
  0.087           1.822293e-7     1.55672e-8       #dY:8.5%   
  0.088           1.832766e-7     1.55917e-8       #dY:8.5%   
  0.089           1.843176e-7     1.56151e-8       #dY:8.5%   
  0.09            1.853506e-7     1.56377e-8       #dY:8.4%   
  0.091           1.863781e-7     1.56602e-8       #dY:8.4%   
  0.092           1.873977e-7     1.56814e-8       #dY:8.4%   
  0.093           1.884131e-7     1.57022e-8       #dY:8.3%   
  0.094           1.894219e-7     1.57213e-8       #dY:8.3%   
  0.095           1.904234e-7     1.57414e-8       #dY:8.3%   
  0.096           1.91419e-7      1.57604e-8       #dY:8.2%   
  0.097           1.924089e-7     1.57781e-8       #dY:8.2%   
  0.098           1.933921e-7     1.57965e-8       #dY:8.2%   
  0.099           1.943703e-7     1.58145e-8       #dY:8.1%   
  0.1             1.953427e-7     1.58319e-8       #dY:8.1%   
  0.11            2.047616e-7     1.65311e-8       #dY:8.1%   
  0.12            2.136873e-7     1.69694e-8       #dY:7.9%   
  0.13            2.22165e-7      1.69976e-8       #dY:7.7%   
  0.14            2.302383e-7     1.69929e-8       #dY:7.4%   
  0.15            2.379423e-7     1.69689e-8       #dY:7.1%   
  0.16            2.453037e-7     1.6935e-8        #dY:6.9%   
  0.17            2.523382e-7     1.68812e-8       #dY:6.7%   
  0.18            2.590828e-7     1.68085e-8       #dY:6.5%   
  0.19            2.655603e-7     1.67319e-8       #dY:6.3%   
  0.2             2.717893e-7     1.6643e-8        #dY:6.1%   
  0.21            2.769164e-7     1.64884e-8       #dY:6.0%   
  0.22            2.818334e-7     1.63117e-8       #dY:5.8%   
  0.23            2.865677e-7     1.61421e-8       #dY:5.6%   
  0.24            2.911414e-7     1.5969e-8        #dY:5.5%   
  0.25            2.955603e-7     1.58001e-8       #dY:5.3%   
  0.26            2.998199e-7     1.56236e-8       #dY:5.2%   
  0.27            3.039138e-7     1.54199e-8       #dY:5.1%   
  0.28            3.078648e-7     1.52171e-8       #dY:4.9%   
  0.29            3.116931e-7     1.50344e-8       #dY:4.8%   
  0.3             3.154047e-7     1.48724e-8       #dY:4.7%   
  0.31            3.18111e-7      1.46901e-8       #dY:4.6%   
  0.32            3.206988e-7     1.4482e-8        #dY:4.5%   
  0.33            3.231585e-7     1.42939e-8       #dY:4.4%   
  0.34            3.255094e-7     1.41114e-8       #dY:4.3%   
  0.35            3.277761e-7     1.39608e-8       #dY:4.3%   
  0.36            3.299461e-7     1.38332e-8       #dY:4.2%   
  0.37            3.319989e-7     1.37141e-8       #dY:4.1%   
  0.38            3.339341e-7     1.36099e-8       #dY:4.1%   
  0.39            3.357873e-7     1.35247e-8       #dY:4.0%   
  0.4             3.375806e-7     1.34706e-8       #dY:4.0%   
  0.41            3.389171e-7     1.34298e-8       #dY:4.0%   
  0.42            3.401948e-7     1.33691e-8       #dY:3.9%   
  0.43            3.413975e-7     1.33238e-8       #dY:3.9%   
  0.44            3.425123e-7     1.32995e-8       #dY:3.9%   
  0.45            3.435359e-7     1.32813e-8       #dY:3.9%   
  0.46            3.444941e-7     1.32533e-8       #dY:3.8%   
  0.47            3.453886e-7     1.3243e-8        #dY:3.8%   
  0.48            3.462238e-7     1.32268e-8       #dY:3.8%   
  0.49            3.470187e-7     1.32057e-8       #dY:3.8%   
  0.5             3.477672e-7     1.31988e-8       #dY:3.8%   
  0.51            3.483681e-7     1.31822e-8       #dY:3.8%   
  0.52            3.489246e-7     1.31341e-8       #dY:3.8%   
  0.53            3.494414e-7     1.30812e-8       #dY:3.7%   
  0.54            3.499167e-7     1.30101e-8       #dY:3.7%   
  0.55            3.503493e-7     1.29155e-8       #dY:3.7%   
  0.56            3.507348e-7     1.28087e-8       #dY:3.7%   
  0.57            3.510712e-7     1.26851e-8       #dY:3.6%   
  0.58            3.513657e-7     1.25346e-8       #dY:3.6%   
  0.59            3.516166e-7     1.23673e-8       #dY:3.5%   
  0.6             3.518206e-7     1.22163e-8       #dY:3.5%   
  0.61            3.519566e-7     1.20416e-8       #dY:3.4%   
  0.62            3.520867e-7     1.18348e-8       #dY:3.4%   
  0.63            3.521967e-7     1.1629e-8        #dY:3.3%   
  0.64            3.522697e-7     1.14574e-8       #dY:3.3%   
  0.65            3.523093e-7     1.12862e-8       #dY:3.2%   
  0.66            3.523105e-7     1.11181e-8       #dY:3.2%   
  0.67            3.52269e-7      1.09363e-8       #dY:3.1%   
  0.68            3.521758e-7     1.07632e-8       #dY:3.1%   
  0.69            3.520535e-7     1.05711e-8       #dY:3.0%   
  0.7             3.519038e-7     1.03656e-8       #dY:2.9%   
  0.71            3.516631e-7     1.0146e-8        #dY:2.9%   
  0.72            3.514137e-7     9.92824e-9       #dY:2.8%   
  0.73            3.511494e-7     9.72442e-9       #dY:2.8%   
  0.74            3.508903e-7     9.52767e-9       #dY:2.7%   
  0.75            3.506203e-7     9.35879e-9       #dY:2.7%   
  0.76            3.503294e-7     9.21762e-9       #dY:2.6%   
  0.77            3.500105e-7     9.10045e-9       #dY:2.6%   
  0.78            3.49676e-7      8.9901e-9        #dY:2.6%   
  0.79            3.493152e-7     8.89032e-9       #dY:2.5%   
  0.8             3.489329e-7     8.79359e-9       #dY:2.5%   
  0.81            3.484261e-7     8.70542e-9       #dY:2.5%   
  0.82            3.479012e-7     8.62991e-9       #dY:2.5%   
  0.83            3.473564e-7     8.56177e-9       #dY:2.5%   
  0.84            3.467935e-7     8.4947e-9        #dY:2.4%   
  0.85            3.462108e-7     8.43321e-9       #dY:2.4%   
  0.86            3.456032e-7     8.37846e-9       #dY:2.4%   
  0.87            3.44983e-7      8.33341e-9       #dY:2.4%   
  0.88            3.443357e-7     8.30045e-9       #dY:2.4%   
  0.89            3.436664e-7     8.28208e-9       #dY:2.4%   
  0.9             3.429945e-7     8.27311e-9       #dY:2.4%   
  0.91            3.423404e-7     8.27271e-9       #dY:2.4%   
  0.92            3.416874e-7     8.2741e-9        #dY:2.4%   
  0.93            3.410336e-7     8.2686e-9        #dY:2.4%   
  0.94            3.403696e-7     8.2608e-9        #dY:2.4%   
  0.95            3.396922e-7     8.25091e-9       #dY:2.4%   
  0.96            3.389939e-7     8.23709e-9       #dY:2.4%   
  0.97            3.382731e-7     8.2251e-9        #dY:2.4%   
  0.98            3.375343e-7     8.21727e-9       #dY:2.4%   
  0.99            3.367876e-7     8.21106e-9       #dY:2.4%   
  1               3.360319e-7     8.2061e-9        #dY:2.4%   
  1.1             3.243781e-7     7.93428e-9       #dY:2.4%   
  1.2             3.137585e-7     7.60818e-9       #dY:2.4%   
  1.3             3.004131e-7     7.09475e-9       #dY:2.4%   
  1.4             2.864325e-7     6.39483e-9       #dY:2.2%   
  1.5             2.743222e-7     5.80543e-9       #dY:2.1%   
  1.6             2.617636e-7     5.38067e-9       #dY:2.1%   
  1.7             2.495665e-7     5.16033e-9       #dY:2.1%   
  1.8             2.385802e-7     5.11068e-9       #dY:2.1%   
  1.9             2.288563e-7     5.19865e-9       #dY:2.3%   
  2               2.199577e-7     5.27944e-9       #dY:2.4%   
  2.1             2.114714e-7     5.35856e-9       #dY:2.5%   
  2.2             2.03074e-7      5.36502e-9       #dY:2.6%   
  2.3             1.947235e-7     5.32395e-9       #dY:2.7%   
  2.4             1.864522e-7     5.22524e-9       #dY:2.8%   
  2.5             1.782401e-7     5.09087e-9       #dY:2.9%   
  2.6             1.701544e-7     4.94222e-9       #dY:2.9%   
  2.7             1.622265e-7     4.78069e-9       #dY:2.9%   
  2.8             1.544714e-7     4.57274e-9       #dY:3.0%   
  2.9             1.469367e-7     4.32341e-9       #dY:2.9%   
  3               1.396224e-7     4.06662e-9       #dY:2.9%   
  3.1             1.325482e-7     3.83674e-9       #dY:2.9%   
  3.2             1.257289e-7     3.6386e-9        #dY:2.9%   
  3.3             1.191629e-7     3.47707e-9       #dY:2.9%   
  3.4             1.128522e-7     3.33632e-9       #dY:3.0%   
  3.5             1.068135e-7     3.21344e-9       #dY:3.0%   
  3.6             1.010365e-7     3.11809e-9       #dY:3.1%   
  3.7             9.550104e-8     3.06331e-9       #dY:3.2%   
  3.8             9.023053e-8     3.07571e-9       #dY:3.4%   
  3.9             8.520132e-8     3.14559e-9       #dY:3.7%   
  4               8.043035e-8     3.22168e-9       #dY:4.0%   
  4.1             7.589211e-8     3.39544e-9       #dY:4.5%   
  4.2             7.158674e-8     3.38686e-9       #dY:4.7%   
  4.3             6.750422e-8     3.43209e-9       #dY:5.1%   
  4.4             6.364588e-8     3.37963e-9       #dY:5.3%   
  4.5             5.999387e-8     3.10446e-9       #dY:5.2%   
  4.6             5.654239e-8     2.79224e-9       #dY:4.9%   
  4.7             5.327518e-8     2.47825e-9       #dY:4.7%   
  4.8             5.01885e-8      2.14738e-9       #dY:4.3%   
  4.9             4.726806e-8     1.84035e-9       #dY:3.9%   
  5               4.450858e-8     1.62721e-9       #dY:3.7%   
  5.1             4.190162e-8     1.51768e-9       #dY:3.6%   
  5.2             3.943891e-8     1.4476e-9        #dY:3.7%   
  5.3             3.711391e-8     1.38527e-9       #dY:3.7%   
  5.4             3.491753e-8     1.32857e-9       #dY:3.8%   
  5.5             3.284309e-8     1.27402e-9       #dY:3.9%   
  5.6             3.088629e-8     1.22062e-9       #dY:4.0%   
  5.7             2.903816e-8     1.17098e-9       #dY:4.0%   
  5.8             2.729111e-8     1.124e-9         #dY:4.1%   
  5.9             2.564364e-8     1.07862e-9       #dY:4.2%   
  6               2.40874e-8      1.03697e-9       #dY:4.3%   
  6.1             2.261701e-8     9.98451e-10      #dY:4.4%   
  6.2             2.123003e-8     9.61301e-10      #dY:4.5%   
  6.3             1.992236e-8     9.26353e-10      #dY:4.6%   
  6.4             1.868703e-8     8.93301e-10      #dY:4.8%   
  6.5             1.752259e-8     8.59887e-10      #dY:4.9%   
  6.6             1.642695e-8     8.27044e-10      #dY:5.0%   
  6.7             1.539492e-8     7.96621e-10      #dY:5.2%   
  6.8             1.44225e-8      7.66062e-10      #dY:5.3%   
  6.9             1.350824e-8     7.35984e-10      #dY:5.4%   
  7               1.264866e-8     7.07788e-10      #dY:5.6%   
  7.1             1.18405e-8      6.80487e-10      #dY:5.7%   
  7.2             1.108121e-8     6.53395e-10      #dY:5.9%   
  7.3             1.036821e-8     6.27501e-10      #dY:6.1%   
  7.4             9.698974e-9     6.03355e-10      #dY:6.2%   
  7.5             9.071323e-9     5.80204e-10      #dY:6.4%   
  7.6             8.482666e-9     5.57915e-10      #dY:6.6%   
  7.7             7.93074e-9      5.3687e-10       #dY:6.8%   
  7.8             7.414199e-9     5.17024e-10      #dY:7.0%   
  7.9             6.930615e-9     4.97905e-10      #dY:7.2%   
  8               6.477131e-9     4.79541e-10      #dY:7.4%   
  8.1             6.052718e-9     4.6213e-10       #dY:7.6%   
  8.2             5.655816e-9     4.45358e-10      #dY:7.9%   
  8.3             5.284582e-9     4.2931e-10       #dY:8.1%   
  8.4             4.936969e-9     4.13602e-10      #dY:8.4%   
  8.5             4.61206e-9      3.98614e-10      #dY:8.6%   
  8.6             4.308554e-9     3.84309e-10      #dY:8.9%   
  8.7             4.024331e-9     3.70254e-10      #dY:9.2%   
  8.8             3.758811e-9     3.56718e-10      #dY:9.5%   
  8.9             3.510848e-9     3.43707e-10      #dY:9.8%   
  9               3.279375e-9     3.31128e-10      #dY:10.1%  
  9.1             3.063e-9        3.18749e-10      #dY:10.4%  
  9.2             2.860782e-9     3.06816e-10      #dY:10.7%  
  9.3             2.671927e-9     2.9539e-10       #dY:11.1%  
  9.4             2.4954e-9       2.84219e-10      #dY:11.4%  
  9.5             2.330535e-9     2.73502e-10      #dY:11.7%  
  9.6             2.176611e-9     2.63161e-10      #dY:12.1%  
  9.7             2.032961e-9     2.53131e-10      #dY:12.5%  
  9.8             1.89876e-9      2.43398e-10      #dY:12.8%  
  9.9             1.773417e-9     2.34026e-10      #dY:13.2%  
  10              1.656369e-9     2.25005e-10      #dY:13.6%  
  10.2            1.444893e-9     2.01997e-10      #dY:14.0%  
  10.4            1.260533e-9     1.80015e-10      #dY:14.3%  
  10.6            1.099809e-9     1.66179e-10      #dY:15.1%  
  10.8            9.59664e-10     1.53345e-10      #dY:16.0%  
  11              8.37326e-10     1.41358e-10      #dY:16.9%  
  11.2            7.30651e-10     1.30224e-10      #dY:17.8%  
  11.4            6.37569e-10     1.19814e-10      #dY:18.8%  
  11.6            5.5629e-10      1.10162e-10      #dY:19.8%  
  11.8            4.85349e-10     1.01113e-10      #dY:20.8%  
  12              4.23445e-10     9.27255e-11      #dY:21.9%  
  12.2            3.69393e-10     8.49191e-11      #dY:23.0%  
  12.4            3.22199e-10     7.76652e-11      #dY:24.1%  
  12.6            2.81001e-10     7.09406e-11      #dY:25.2%  
  12.8            2.45035e-10     6.47086e-11      #dY:26.4%  
  13              2.13627e-10     5.89387e-11      #dY:27.6%  
  13.2            1.86215e-10     5.35909e-11      #dY:28.8%  
  13.4            1.62283e-10     4.86608e-11      #dY:30.0%  
  13.6            1.41402e-10     4.41103e-11      #dY:31.2%  
  13.8            1.23189e-10     3.99365e-11      #dY:32.4%  
  14              1.07305e-10     3.61192e-11      #dY:33.7%  
  14.2            9.34501e-11     3.26331e-11      #dY:34.9%  
  14.4            8.13687e-11     2.94485e-11      #dY:36.2%  
  14.6            7.08341e-11     2.65457e-11      #dY:37.5%  
  14.8            6.16502e-11     2.39026e-11      #dY:38.8%  
  15              5.36473e-11     2.14968e-11      #dY:40.1%  
  15.2            4.66768e-11     1.9319e-11       #dY:41.4%  
  15.4            4.06065e-11     1.73501e-11      #dY:42.7%  
  15.6            3.53206e-11     1.55739e-11      #dY:44.1%  
  15.8            3.07187e-11     1.39695e-11      #dY:45.5%  
  16              2.6712e-11      1.2523e-11       #dY:46.9%  
  16.2            2.32244e-11     1.12196e-11      #dY:48.3%  
  16.4            2.01895e-11     1.00456e-11      #dY:49.8%  
  16.6            1.75495e-11     8.99068e-12      #dY:51.2%  
  16.8            1.52529e-11     8.04347e-12      #dY:52.7%  
  17              1.32555e-11     7.19369e-12      #dY:54.3%  
  17.2            1.15186e-11     6.4314e-12       #dY:55.8%  
  17.4            1.00081e-11     5.74802e-12      #dY:57.4%  
  17.6            8.69475e-12     5.13561e-12      #dY:59.1%  
  17.8            7.55343e-12     4.58706e-12      #dY:60.7%  
  18              6.56159e-12     4.09611e-12      #dY:62.4%  
  18.2            5.69964e-12     3.65664e-12      #dY:64.2%  
  18.4            4.9508e-12      3.26354e-12      #dY:65.9%  
  18.6            4.30027e-12     2.91216e-12      #dY:67.7%  
  18.8            3.73503e-12     2.59806e-12      #dY:69.6%  
  19              3.24409e-12     2.31731e-12      #dY:71.4%  
  19.2            2.81774e-12     2.06658e-12      #dY:73.3%  
  19.4            2.44743e-12     1.84261e-12      #dY:75.3%  
  19.6            2.12585e-12     1.64258e-12      #dY:77.3%  
  19.8            1.84667e-12     1.46414e-12      #dY:79.3%  
  20              1.60421e-12     1.3049e-12       #dY:81.3%  
  20.2            1.39363e-12     1.16275e-12      #dY:83.4%  
  20.4            1.21077e-12     1.03598e-12      #dY:85.6%  
  20.6            1.05191e-12     9.22877e-13      #dY:87.7%  
  20.8            9.13941e-13     8.2199e-13       #dY:89.9%  
  21              7.94131e-13     7.32102e-13      #dY:92.2%  
  21.2            6.90067e-13     6.51964e-13      #dY:94.5%  
  21.4            5.99679e-13     5.80535e-13      #dY:96.8%  
  21.6            5.21154e-13     5.1688e-13       #dY:99.2%  
  21.8            4.5291e-13      4.60137e-13      #dY:101.6% 
  22              3.93612e-13     4.09563e-13      #dY:104.1% 
  22.2            3.4209e-13      3.64522e-13      #dY:106.6% 
  22.4            2.97319e-13     3.244e-13        #dY:109.1% 
  22.6            2.58417e-13     2.88672e-13      #dY:111.7% 
  22.8            2.24605e-13     2.56848e-13      #dY:114.4% 
  23              1.95214e-13     2.28499e-13      #dY:117.1% 
  23.2            1.69668e-13     2.0326e-13       #dY:119.8% 
  23.4            1.47462e-13     1.80785e-13      #dY:122.6% 
  23.6            1.28163e-13     1.60781e-13      #dY:125.5% 
  23.8            1.11389e-13     1.42974e-13      #dY:128.4% 
  24              9.68098e-14     1.27128e-13      #dY:131.3% 
  24.2            8.41383e-14     1.13026e-13      #dY:134.3% 
  24.4            7.3125e-14      1.00478e-13      #dY:137.4% 
  24.6            6.35536e-14     8.93115e-14      #dY:140.5% 
  24.8            5.52347e-14     7.93785e-14      #dY:143.7% 
  25              4.80041e-14     7.05431e-14      #dY:147.0% 
  25.2            4.17187e-14     6.26821e-14      #dY:150.2% 
  25.4            3.62554e-14     5.56904e-14      #dY:153.6% 
  25.6            3.15064e-14     4.94736e-14      #dY:157.0% 
  25.8            2.73782e-14     4.39453e-14      #dY:160.5% 
  26              2.379e-14       3.9029e-14       #dY:164.1% 
  26.2            2.06713e-14     3.46589e-14      #dY:167.7% 
  26.4            1.79606e-14     3.07745e-14      #dY:171.3% 
  26.6            1.56049e-14     2.73214e-14      #dY:175.1% 
  26.8            1.35573e-14     2.42529e-14      #dY:178.9% 
  27              1.17779e-14     2.15254e-14      #dY:182.8% 
  27.2            1.02318e-14     1.91027e-14      #dY:186.7% 
  27.4            8.88813e-15     1.69503e-14      #dY:190.7% 
  27.6            7.72051e-15     1.50379e-14      #dY:194.8% 
  27.8            6.70603e-15     1.33396e-14      #dY:198.9% 
  28              5.82473e-15     1.18324e-14      #dY:203.1% 
  28.2            5.05882e-15     1.04939e-14      #dY:207.4% 
  28.4            4.39339e-15     9.30547e-15      #dY:211.8% 
  28.6            3.81533e-15     8.25106e-15      #dY:216.3% 
  28.8            3.31303e-15     7.31493e-15      #dY:220.8% 
  29              2.87669e-15     6.48407e-15      #dY:225.4% 
  29.2            2.49759e-15     5.74677e-15      #dY:230.1% 
  29.4            2.16828e-15     5.09254e-15      #dY:234.9% 
  29.6            1.88224e-15     4.51211e-15      #dY:239.7% 
  29.8            1.63378e-15     3.99723e-15      #dY:244.7% 
  30              0.00            0.00                        
//
#-------------------------------------------------------------------------------
#
#name:   INDEN-Aug2023: PU-239(N,F) E_in=8. MeV
#X.axis: Energy
#Y.axis: 
#wdata:  3
#ldata:  642
#data...
# X               Y               +-dY           
# MeV             1/eV            1/eV           
  0.00            0.00            0.00                        
  1.00e-5         1.770316e-9     5.45765e-11      #dY:3.1%   
  1.10e-5         1.85684e-9      5.72439e-11      #dY:3.1%   
  1.20e-5         1.939545e-9     3.06069e-10      #dY:15.8%  
  1.30e-5         2.018884e-9     3.17915e-10      #dY:15.7%  
  1.40e-5         2.095221e-9     3.29337e-10      #dY:15.7%  
  1.50e-5         2.168878e-9     3.40391e-10      #dY:15.7%  
  1.60e-5         2.24016e-9      3.511e-10        #dY:15.7%  
  1.70e-5         2.309229e-9     3.61501e-10      #dY:15.7%  
  1.80e-5         2.376309e-9     3.71614e-10      #dY:15.6%  
  1.90e-5         2.441548e-9     3.81456e-10      #dY:15.6%  
  2.00e-5         2.505115e-9     3.91058e-10      #dY:15.6%  
  2.10e-5         2.567107e-9     4.00425e-10      #dY:15.6%  
  2.20e-5         2.627644e-9     4.09591e-10      #dY:15.6%  
  2.30e-5         2.686834e-9     4.18554e-10      #dY:15.6%  
  2.40e-5         2.744761e-9     4.27323e-10      #dY:15.6%  
  2.50e-5         2.801481e-9     4.35919e-10      #dY:15.6%  
  2.60e-5         2.857085e-9     4.44353e-10      #dY:15.6%  
  2.70e-5         2.911647e-9     4.52623e-10      #dY:15.5%  
  2.80e-5         2.965215e-9     4.60752e-10      #dY:15.5%  
  2.90e-5         3.017829e-9     4.68732e-10      #dY:15.5%  
  3.00e-5         3.069538e-9     4.76589e-10      #dY:15.5%  
  3.10e-5         3.120422e-9     4.84306e-10      #dY:15.5%  
  3.20e-5         3.170487e-9     4.91913e-10      #dY:15.5%  
  3.30e-5         3.219769e-9     4.99394e-10      #dY:15.5%  
  3.40e-5         3.268308e-9     5.06775e-10      #dY:15.5%  
  3.50e-5         3.316171e-9     5.14039e-10      #dY:15.5%  
  3.60e-5         3.363338e-9     5.21208e-10      #dY:15.5%  
  3.70e-5         3.409856e-9     5.28282e-10      #dY:15.5%  
  3.80e-5         3.455769e-9     5.35257e-10      #dY:15.5%  
  3.90e-5         3.501056e-9     5.42141e-10      #dY:15.5%  
  4.00e-5         3.545799e-9     5.48943e-10      #dY:15.5%  
  4.10e-5         3.589975e-9     5.5567e-10       #dY:15.5%  
  4.20e-5         3.633626e-9     5.62303e-10      #dY:15.5%  
  4.30e-5         3.676762e-9     5.68863e-10      #dY:15.5%  
  4.40e-5         3.719401e-9     5.75341e-10      #dY:15.5%  
  4.50e-5         3.76156e-9      5.81757e-10      #dY:15.5%  
  4.60e-5         3.80325e-9      5.88093e-10      #dY:15.5%  
  4.70e-5         3.844496e-9     5.94368e-10      #dY:15.5%  
  4.80e-5         3.885324e-9     6.0058e-10       #dY:15.5%  
  4.90e-5         3.925709e-9     6.06715e-10      #dY:15.5%  
  5.00e-5         3.965696e-9     6.12803e-10      #dY:15.5%  
  5.10e-5         4.005274e-9     6.18814e-10      #dY:15.4%  
  5.20e-5         4.044484e-9     6.24783e-10      #dY:15.4%  
  5.30e-5         4.083323e-9     6.30685e-10      #dY:15.4%  
  5.40e-5         4.121798e-9     6.36547e-10      #dY:15.4%  
  5.50e-5         4.159911e-9     6.4234e-10       #dY:15.4%  
  5.60e-5         4.197681e-9     6.48078e-10      #dY:15.4%  
  5.70e-5         4.235128e-9     6.5378e-10       #dY:15.4%  
  5.80e-5         4.272236e-9     6.59417e-10      #dY:15.4%  
  5.90e-5         4.309055e-9     6.65028e-10      #dY:15.4%  
  6.00e-5         4.345552e-9     6.70572e-10      #dY:15.4%  
  6.10e-5         4.381739e-9     6.76074e-10      #dY:15.4%  
  6.20e-5         4.417642e-9     6.81532e-10      #dY:15.4%  
  6.30e-5         4.453254e-9     6.86953e-10      #dY:15.4%  
  6.40e-5         4.488573e-9     6.92325e-10      #dY:15.4%  
  6.50e-5         4.523647e-9     6.97657e-10      #dY:15.4%  
  6.60e-5         4.55844e-9      7.02945e-10      #dY:15.4%  
  6.70e-5         4.592961e-9     7.08196e-10      #dY:15.4%  
  6.80e-5         4.627254e-9     7.13414e-10      #dY:15.4%  
  6.90e-5         4.661286e-9     7.18579e-10      #dY:15.4%  
  7.00e-5         4.695061e-9     7.23726e-10      #dY:15.4%  
  7.10e-5         4.728622e-9     7.28826e-10      #dY:15.4%  
  7.20e-5         4.761924e-9     7.33882e-10      #dY:15.4%  
  7.30e-5         4.795011e-9     7.38915e-10      #dY:15.4%  
  7.40e-5         4.827864e-9     7.43907e-10      #dY:15.4%  
  7.50e-5         4.86051e-9      7.48877e-10      #dY:15.4%  
  7.60e-5         4.892938e-9     7.53795e-10      #dY:15.4%  
  7.70e-5         4.925157e-9     7.58703e-10      #dY:15.4%  
  7.80e-5         4.95716e-9      7.63567e-10      #dY:15.4%  
  7.90e-5         4.98895e-9      7.68394e-10      #dY:15.4%  
  8.00e-5         5.020571e-9     7.73204e-10      #dY:15.4%  
  8.10e-5         5.051978e-9     7.77984e-10      #dY:15.4%  
  8.20e-5         5.083206e-9     7.82721e-10      #dY:15.4%  
  8.30e-5         5.114229e-9     7.87435e-10      #dY:15.4%  
  8.40e-5         5.145076e-9     7.92123e-10      #dY:15.4%  
  8.50e-5         5.175732e-9     7.96781e-10      #dY:15.4%  
  8.60e-5         5.206218e-9     8.01413e-10      #dY:15.4%  
  8.70e-5         5.236533e-9     8.06027e-10      #dY:15.4%  
  8.80e-5         5.266698e-9     8.10598e-10      #dY:15.4%  
  8.90e-5         5.296647e-9     8.15149e-10      #dY:15.4%  
  9.00e-5         5.326447e-9     8.19681e-10      #dY:15.4%  
  9.10e-5         5.356094e-9     8.24183e-10      #dY:15.4%  
  9.20e-5         5.385572e-9     8.28656e-10      #dY:15.4%  
  9.30e-5         5.414873e-9     8.33104e-10      #dY:15.4%  
  9.40e-5         5.444028e-9     8.37536e-10      #dY:15.4%  
  9.50e-5         5.473051e-9     8.41943e-10      #dY:15.4%  
  9.60e-5         5.501909e-9     8.46334e-10      #dY:15.4%  
  9.70e-5         5.530627e-9     8.50693e-10      #dY:15.4%  
  9.80e-5         5.559195e-9     8.55029e-10      #dY:15.4%  
  9.90e-5         5.587606e-9     8.59335e-10      #dY:15.4%  
  1.00e-4         5.615883e-9     8.63631e-10      #dY:15.4%  
  1.10e-4         5.891306e-9     9.0593e-10       #dY:15.4%  
  1.20e-4         6.154572e-9     9.66263e-10      #dY:15.7%  
  1.30e-4         6.407212e-9     1.00353e-9       #dY:15.7%  
  1.40e-4         6.650369e-9     1.03947e-9       #dY:15.6%  
  1.50e-4         6.885093e-9     1.07424e-9       #dY:15.6%  
  1.60e-4         7.112194e-9     1.1079e-9        #dY:15.6%  
  1.70e-4         7.332364e-9     1.14058e-9       #dY:15.6%  
  1.80e-4         7.546253e-9     1.17238e-9       #dY:15.5%  
  1.90e-4         7.754328e-9     1.2033e-9        #dY:15.5%  
  2.00e-4         7.957076e-9     1.23346e-9       #dY:15.5%  
  2.10e-4         8.154858e-9     1.26288e-9       #dY:15.5%  
  2.20e-4         8.348049e-9     1.29163e-9       #dY:15.5%  
  2.30e-4         8.53696e-9      1.31975e-9       #dY:15.5%  
  2.40e-4         8.721829e-9     1.34727e-9       #dY:15.4%  
  2.50e-4         8.902982e-9     1.37423e-9       #dY:15.4%  
  2.60e-4         9.080568e-9     1.40066e-9       #dY:15.4%  
  2.70e-4         9.254824e-9     1.42661e-9       #dY:15.4%  
  2.80e-4         9.425909e-9     1.45207e-9       #dY:15.4%  
  2.90e-4         9.59404e-9      1.4771e-9        #dY:15.4%  
  3.00e-4         9.759353e-9     1.50169e-9       #dY:15.4%  
  3.10e-4         9.921931e-9     1.52588e-9       #dY:15.4%  
  3.20e-4         1.0082e-8       1.54968e-9       #dY:15.4%  
  3.30e-4         1.023954e-8     1.57313e-9       #dY:15.4%  
  3.40e-4         1.039481e-8     1.5962e-9        #dY:15.4%  
  3.50e-4         1.054786e-8     1.61896e-9       #dY:15.3%  
  3.60e-4         1.069876e-8     1.64137e-9       #dY:15.3%  
  3.70e-4         1.08475e-8      1.66347e-9       #dY:15.3%  
  3.80e-4         1.099429e-8     1.68527e-9       #dY:15.3%  
  3.90e-4         1.113947e-8     1.70679e-9       #dY:15.3%  
  4.00e-4         1.128261e-8     1.72806e-9       #dY:15.3%  
  4.10e-4         1.142394e-8     1.74902e-9       #dY:15.3%  
  4.20e-4         1.156374e-8     1.76974e-9       #dY:15.3%  
  4.30e-4         1.170185e-8     1.79026e-9       #dY:15.3%  
  4.40e-4         1.183836e-8     1.8105e-9        #dY:15.3%  
  4.50e-4         1.197352e-8     1.83051e-9       #dY:15.3%  
  4.60e-4         1.210695e-8     1.85034e-9       #dY:15.3%  
  4.70e-4         1.223916e-8     1.86993e-9       #dY:15.3%  
  4.80e-4         1.236983e-8     1.88926e-9       #dY:15.3%  
  4.90e-4         1.249941e-8     1.90842e-9       #dY:15.3%  
  5.00e-4         1.262748e-8     1.9274e-9        #dY:15.3%  
  5.10e-4         1.275446e-8     1.94607e-9       #dY:15.3%  
  5.20e-4         1.288009e-8     1.96475e-9       #dY:15.3%  
  5.30e-4         1.300454e-8     1.98317e-9       #dY:15.2%  
  5.40e-4         1.312786e-8     2.00133e-9       #dY:15.2%  
  5.50e-4         1.325011e-8     2.0194e-9        #dY:15.2%  
  5.60e-4         1.337138e-8     2.03727e-9       #dY:15.2%  
  5.70e-4         1.349136e-8     2.05493e-9       #dY:15.2%  
  5.80e-4         1.361045e-8     2.07257e-9       #dY:15.2%  
  5.90e-4         1.372852e-8     2.09e-9          #dY:15.2%  
  6.00e-4         1.38456e-8      2.10721e-9       #dY:15.2%  
  6.10e-4         1.396177e-8     2.12433e-9       #dY:15.2%  
  6.20e-4         1.407701e-8     2.14133e-9       #dY:15.2%  
  6.30e-4         1.419122e-8     2.15808e-9       #dY:15.2%  
  6.40e-4         1.430471e-8     2.17482e-9       #dY:15.2%  
  6.50e-4         1.441734e-8     2.19132e-9       #dY:15.2%  
  6.60e-4         1.452884e-8     2.20772e-9       #dY:15.2%  
  6.70e-4         1.463974e-8     2.22405e-9       #dY:15.2%  
  6.80e-4         1.474982e-8     2.24018e-9       #dY:15.2%  
  6.90e-4         1.485904e-8     2.25626e-9       #dY:15.2%  
  7.00e-4         1.49677e-8      2.27216e-9       #dY:15.2%  
  7.10e-4         1.507537e-8     2.28809e-9       #dY:15.2%  
  7.20e-4         1.518244e-8     2.30368e-9       #dY:15.2%  
  7.30e-4         1.528877e-8     2.31925e-9       #dY:15.2%  
  7.40e-4         1.539427e-8     2.33472e-9       #dY:15.2%  
  7.50e-4         1.549922e-8     2.35004e-9       #dY:15.2%  
  7.60e-4         1.560348e-8     2.36533e-9       #dY:15.2%  
  7.70e-4         1.570701e-8     2.3805e-9        #dY:15.2%  
  7.80e-4         1.580973e-8     2.39548e-9       #dY:15.2%  
  7.90e-4         1.591214e-8     2.41053e-9       #dY:15.1%  
  8.00e-4         1.601369e-8     2.42532e-9       #dY:15.1%  
  8.10e-4         1.611454e-8     2.44008e-9       #dY:15.1%  
  8.20e-4         1.621499e-8     2.45474e-9       #dY:15.1%  
  8.30e-4         1.631479e-8     2.46928e-9       #dY:15.1%  
  8.40e-4         1.641395e-8     2.48385e-9       #dY:15.1%  
  8.50e-4         1.651255e-8     2.4982e-9        #dY:15.1%  
  8.60e-4         1.661061e-8     2.51242e-9       #dY:15.1%  
  8.70e-4         1.670813e-8     2.52671e-9       #dY:15.1%  
  8.80e-4         1.680512e-8     2.54089e-9       #dY:15.1%  
  8.90e-4         1.690155e-8     2.55482e-9       #dY:15.1%  
  9.00e-4         1.699747e-8     2.56876e-9       #dY:15.1%  
  9.10e-4         1.709269e-8     2.5827e-9        #dY:15.1%  
  9.20e-4         1.718763e-8     2.59652e-9       #dY:15.1%  
  9.30e-4         1.728198e-8     2.61028e-9       #dY:15.1%  
  9.40e-4         1.73759e-8      2.62383e-9       #dY:15.1%  
  9.50e-4         1.746921e-8     2.6374e-9        #dY:15.1%  
  9.60e-4         1.756199e-8     2.65097e-9       #dY:15.1%  
  9.70e-4         1.765454e-8     2.66434e-9       #dY:15.1%  
  9.80e-4         1.774649e-8     2.67774e-9       #dY:15.1%  
  9.90e-4         1.783786e-8     2.691e-9         #dY:15.1%  
  1.00e-3         1.792904e-8     2.70429e-9       #dY:15.1%  
  1.10e-3         1.881611e-8     2.83756e-9       #dY:15.1%  
  1.20e-3         1.966482e-8     3.02434e-9       #dY:15.4%  
  1.30e-3         2.047951e-8     3.13823e-9       #dY:15.3%  
  1.40e-3         2.126463e-8     3.24787e-9       #dY:15.3%  
  1.50e-3         2.202248e-8     3.35366e-9       #dY:15.2%  
  1.60e-3         2.275642e-8     3.456e-9         #dY:15.2%  
  1.70e-3         2.346804e-8     3.5549e-9        #dY:15.1%  
  1.80e-3         2.415997e-8     3.65106e-9       #dY:15.1%  
  1.90e-3         2.483324e-8     3.74444e-9       #dY:15.1%  
  2.00e-3         2.548954e-8     3.83532e-9       #dY:15.0%  
  2.10e-3         2.613037e-8     3.92388e-9       #dY:15.0%  
  2.20e-3         2.675625e-8     4.01019e-9       #dY:15.0%  
  2.30e-3         2.736858e-8     4.09431e-9       #dY:15.0%  
  2.40e-3         2.796818e-8     4.17661e-9       #dY:14.9%  
  2.50e-3         2.85559e-8      4.25704e-9       #dY:14.9%  
  2.60e-3         2.91323e-8      4.33567e-9       #dY:14.9%  
  2.70e-3         2.969789e-8     4.41267e-9       #dY:14.9%  
  2.80e-3         3.025362e-8     4.48812e-9       #dY:14.8%  
  2.90e-3         3.079985e-8     4.56211e-9       #dY:14.8%  
  3.00e-3         3.133707e-8     4.63466e-9       #dY:14.8%  
  3.10e-3         3.186557e-8     4.70584e-9       #dY:14.8%  
  3.20e-3         3.238597e-8     4.77575e-9       #dY:14.7%  
  3.30e-3         3.289859e-8     4.8445e-9        #dY:14.7%  
  3.40e-3         3.34037e-8      4.91184e-9       #dY:14.7%  
  3.50e-3         3.39018e-8      4.97826e-9       #dY:14.7%  
  3.60e-3         3.439299e-8     5.04356e-9       #dY:14.7%  
  3.70e-3         3.487768e-8     5.10776e-9       #dY:14.6%  
  3.80e-3         3.53562e-8      5.17113e-9       #dY:14.6%  
  3.90e-3         3.582846e-8     5.2333e-9        #dY:14.6%  
  4.00e-3         3.629507e-8     5.29468e-9       #dY:14.6%  
  4.10e-3         3.675612e-8     5.35517e-9       #dY:14.6%  
  4.20e-3         3.721168e-8     5.41475e-9       #dY:14.6%  
  4.30e-3         3.766214e-8     5.47359e-9       #dY:14.5%  
  4.40e-3         3.810758e-8     5.53165e-9       #dY:14.5%  
  4.50e-3         3.854798e-8     5.58884e-9       #dY:14.5%  
  4.60e-3         3.898393e-8     5.64534e-9       #dY:14.5%  
  4.70e-3         3.94151e-8      5.70103e-9       #dY:14.5%  
  4.80e-3         3.98422e-8      5.75601e-9       #dY:14.4%  
  4.90e-3         4.026489e-8     5.81046e-9       #dY:14.4%  
  5.00e-3         4.068339e-8     5.86404e-9       #dY:14.4%  
  5.10e-3         4.1098e-8       5.91713e-9       #dY:14.4%  
  5.20e-3         4.150868e-8     5.96957e-9       #dY:14.4%  
  5.30e-3         4.191553e-8     6.02131e-9       #dY:14.4%  
  5.40e-3         4.231871e-8     6.0726e-9        #dY:14.3%  
  5.50e-3         4.271824e-8     6.12333e-9       #dY:14.3%  
  5.60e-3         4.311438e-8     6.1735e-9        #dY:14.3%  
  5.70e-3         4.350723e-8     6.22302e-9       #dY:14.3%  
  5.80e-3         4.389673e-8     6.27205e-9       #dY:14.3%  
  5.90e-3         4.428307e-8     6.32052e-9       #dY:14.3%  
  6.00e-3         4.466622e-8     6.36843e-9       #dY:14.3%  
  6.10e-3         4.504629e-8     6.4159e-9        #dY:14.2%  
  6.20e-3         4.542339e-8     6.46297e-9       #dY:14.2%  
  6.30e-3         4.57977e-8      6.50945e-9       #dY:14.2%  
  6.40e-3         4.616906e-8     6.55551e-9       #dY:14.2%  
  6.50e-3         4.653763e-8     6.60111e-9       #dY:14.2%  
  6.60e-3         4.690352e-8     6.64623e-9       #dY:14.2%  
  6.70e-3         4.726676e-8     6.69108e-9       #dY:14.2%  
  6.80e-3         4.762739e-8     6.73539e-9       #dY:14.1%  
  6.90e-3         4.798552e-8     6.77925e-9       #dY:14.1%  
  7.00e-3         4.834122e-8     6.82279e-9       #dY:14.1%  
  7.10e-3         4.869451e-8     6.86586e-9       #dY:14.1%  
  7.20e-3         4.904537e-8     6.90844e-9       #dY:14.1%  
  7.30e-3         4.93939e-8      6.95073e-9       #dY:14.1%  
  7.40e-3         4.97401e-8      6.99263e-9       #dY:14.1%  
  7.50e-3         5.008413e-8     7.03419e-9       #dY:14.0%  
  7.60e-3         5.042609e-8     7.07535e-9       #dY:14.0%  
  7.70e-3         5.076564e-8     7.11612e-9       #dY:14.0%  
  7.80e-3         5.110332e-8     7.15668e-9       #dY:14.0%  
  7.90e-3         5.143878e-8     7.19678e-9       #dY:14.0%  
  8.00e-3         5.177228e-8     7.23661e-9       #dY:14.0%  
  8.10e-3         5.210383e-8     7.27606e-9       #dY:14.0%  
  8.20e-3         5.243346e-8     7.31527e-9       #dY:14.0%  
  8.30e-3         5.276096e-8     7.35404e-9       #dY:13.9%  
  8.40e-3         5.308678e-8     7.39268e-9       #dY:13.9%  
  8.50e-3         5.341066e-8     7.43084e-9       #dY:13.9%  
  8.60e-3         5.37328e-8      7.46868e-9       #dY:13.9%  
  8.70e-3         5.405305e-8     7.50633e-9       #dY:13.9%  
  8.80e-3         5.43716e-8      7.54371e-9       #dY:13.9%  
  8.90e-3         5.468838e-8     7.58063e-9       #dY:13.9%  
  9.00e-3         5.500363e-8     7.61752e-9       #dY:13.8%  
  9.10e-3         5.531708e-8     7.65398e-9       #dY:13.8%  
  9.20e-3         5.56289e-8      7.69016e-9       #dY:13.8%  
  9.30e-3         5.593913e-8     7.72616e-9       #dY:13.8%  
  9.40e-3         5.624781e-8     7.76175e-9       #dY:13.8%  
  9.50e-3         5.655474e-8     7.79711e-9       #dY:13.8%  
  9.60e-3         5.686031e-8     7.83224e-9       #dY:13.8%  
  9.70e-3         5.716418e-8     7.86703e-9       #dY:13.8%  
  9.80e-3         5.746669e-8     7.90168e-9       #dY:13.8%  
  9.90e-3         5.776782e-8     7.93589e-9       #dY:13.7%  
  0.01            5.806737e-8     7.97e-9          #dY:13.7%  
  0.011           6.098776e-8     8.36347e-9       #dY:13.7%  
  0.012           6.378358e-8     8.86227e-9       #dY:13.9%  
  0.013           6.646984e-8     9.13944e-9       #dY:13.7%  
  0.014           6.905884e-8     9.40095e-9       #dY:13.6%  
  0.015           7.156065e-8     9.64833e-9       #dY:13.5%  
  0.016           7.398344e-8     9.8824e-9        #dY:13.4%  
  0.017           7.633435e-8     1.01053e-8       #dY:13.2%  
  0.018           7.861935e-8     1.03171e-8       #dY:13.1%  
  0.019           8.08438e-8      1.05191e-8       #dY:13.0%  
  0.02            8.301239e-8     1.07122e-8       #dY:12.9%  
  0.021           8.512864e-8     1.08972e-8       #dY:12.8%  
  0.022           8.719651e-8     1.10737e-8       #dY:12.7%  
  0.023           8.921935e-8     1.12429e-8       #dY:12.6%  
  0.024           9.119926e-8     1.14056e-8       #dY:12.5%  
  0.025           9.313961e-8     1.15621e-8       #dY:12.4%  
  0.026           9.504202e-8     1.17127e-8       #dY:12.3%  
  0.027           9.69091e-8      1.18578e-8       #dY:12.2%  
  0.028           9.874245e-8     1.19974e-8       #dY:12.2%  
  0.029           1.005443e-7     1.21314e-8       #dY:12.1%  
  0.03            1.023158e-7     1.22602e-8       #dY:12.0%  
  0.031           1.040597e-7     1.23845e-8       #dY:11.9%  
  0.032           1.057747e-7     1.25036e-8       #dY:11.8%  
  0.033           1.074638e-7     1.26181e-8       #dY:11.7%  
  0.034           1.091289e-7     1.2729e-8        #dY:11.7%  
  0.035           1.107688e-7     1.28349e-8       #dY:11.6%  
  0.036           1.123859e-7     1.29384e-8       #dY:11.5%  
  0.037           1.139812e-7     1.30374e-8       #dY:11.4%  
  0.038           1.155551e-7     1.3133e-8        #dY:11.4%  
  0.039           1.171082e-7     1.32253e-8       #dY:11.3%  
  0.04            1.186409e-7     1.33154e-8       #dY:11.2%  
  0.041           1.201558e-7     1.34021e-8       #dY:11.2%  
  0.042           1.216504e-7     1.34856e-8       #dY:11.1%  
  0.043           1.231294e-7     1.35658e-8       #dY:11.0%  
  0.044           1.245886e-7     1.36438e-8       #dY:11.0%  
  0.045           1.260324e-7     1.37204e-8       #dY:10.9%  
  0.046           1.274592e-7     1.37938e-8       #dY:10.8%  
  0.047           1.288712e-7     1.38656e-8       #dY:10.8%  
  0.048           1.302665e-7     1.39347e-8       #dY:10.7%  
  0.049           1.316472e-7     1.40012e-8       #dY:10.6%  
  0.05            1.330148e-7     1.40672e-8       #dY:10.6%  
  0.051           1.343668e-7     1.41311e-8       #dY:10.5%  
  0.052           1.357078e-7     1.41932e-8       #dY:10.5%  
  0.053           1.370325e-7     1.42539e-8       #dY:10.4%  
  0.054           1.383452e-7     1.43118e-8       #dY:10.3%  
  0.055           1.396455e-7     1.43684e-8       #dY:10.3%  
  0.056           1.409339e-7     1.44239e-8       #dY:10.2%  
  0.057           1.422084e-7     1.4476e-8        #dY:10.2%  
  0.058           1.434738e-7     1.4529e-8        #dY:10.1%  
  0.059           1.447265e-7     1.45804e-8       #dY:10.1%  
  0.06            1.459678e-7     1.46293e-8       #dY:10.0%  
  0.061           1.471977e-7     1.46769e-8       #dY:10.0%  
  0.062           1.484185e-7     1.47238e-8       #dY:9.9%   
  0.063           1.496273e-7     1.47701e-8       #dY:9.9%   
  0.064           1.508269e-7     1.48133e-8       #dY:9.8%   
  0.065           1.520153e-7     1.48571e-8       #dY:9.8%   
  0.066           1.531947e-7     1.49002e-8       #dY:9.7%   
  0.067           1.543643e-7     1.49413e-8       #dY:9.7%   
  0.068           1.555237e-7     1.49804e-8       #dY:9.6%   
  0.069           1.566753e-7     1.50196e-8       #dY:9.6%   
  0.07            1.578181e-7     1.5057e-8        #dY:9.5%   
  0.071           1.589508e-7     1.50938e-8       #dY:9.5%   
  0.072           1.60075e-7      1.51289e-8       #dY:9.5%   
  0.073           1.611914e-7     1.51638e-8       #dY:9.4%   
  0.074           1.622983e-7     1.51979e-8       #dY:9.4%   
  0.075           1.633976e-7     1.52311e-8       #dY:9.3%   
  0.076           1.644876e-7     1.52631e-8       #dY:9.3%   
  0.077           1.655728e-7     1.52955e-8       #dY:9.2%   
  0.078           1.666473e-7     1.53252e-8       #dY:9.2%   
  0.079           1.677169e-7     1.53552e-8       #dY:9.2%   
  0.08            1.687784e-7     1.53842e-8       #dY:9.1%   
  0.081           1.69831e-7      1.54126e-8       #dY:9.1%   
  0.082           1.708785e-7     1.54397e-8       #dY:9.0%   
  0.083           1.719164e-7     1.54671e-8       #dY:9.0%   
  0.084           1.7295e-7       1.54931e-8       #dY:9.0%   
  0.085           1.739749e-7     1.55186e-8       #dY:8.9%   
  0.086           1.749934e-7     1.55431e-8       #dY:8.9%   
  0.087           1.760068e-7     1.55665e-8       #dY:8.8%   
  0.088           1.770115e-7     1.55909e-8       #dY:8.8%   
  0.089           1.780115e-7     1.56143e-8       #dY:8.8%   
  0.09            1.790024e-7     1.56369e-8       #dY:8.7%   
  0.091           1.799892e-7     1.56594e-8       #dY:8.7%   
  0.092           1.809705e-7     1.56809e-8       #dY:8.7%   
  0.093           1.819431e-7     1.57014e-8       #dY:8.6%   
  0.094           1.829122e-7     1.57206e-8       #dY:8.6%   
  0.095           1.838737e-7     1.57407e-8       #dY:8.6%   
  0.096           1.848294e-7     1.57597e-8       #dY:8.5%   
  0.097           1.857796e-7     1.57774e-8       #dY:8.5%   
  0.098           1.867232e-7     1.57957e-8       #dY:8.5%   
  0.099           1.876618e-7     1.58138e-8       #dY:8.4%   
  0.1             1.885941e-7     1.58311e-8       #dY:8.4%   
  0.11            1.976309e-7     1.6526e-8        #dY:8.4%   
  0.12            2.06188e-7      1.69623e-8       #dY:8.2%   
  0.13            2.143118e-7     1.69908e-8       #dY:7.9%   
  0.14            2.220459e-7     1.69866e-8       #dY:7.7%   
  0.15            2.294229e-7     1.6963e-8        #dY:7.4%   
  0.16            2.364696e-7     1.69294e-8       #dY:7.2%   
  0.17            2.432011e-7     1.6876e-8        #dY:6.9%   
  0.18            2.496549e-7     1.68037e-8       #dY:6.7%   
  0.19            2.558476e-7     1.67271e-8       #dY:6.5%   
  0.2             2.618025e-7     1.66385e-8       #dY:6.4%   
  0.21            2.667024e-7     1.64846e-8       #dY:6.2%   
  0.22            2.714019e-7     1.63083e-8       #dY:6.0%   
  0.23            2.759235e-7     1.61388e-8       #dY:5.8%   
  0.24            2.802863e-7     1.59656e-8       #dY:5.7%   
  0.25            2.845017e-7     1.57968e-8       #dY:5.6%   
  0.26            2.885637e-7     1.56205e-8       #dY:5.4%   
  0.27            2.924692e-7     1.5417e-8        #dY:5.3%   
  0.28            2.96236e-7      1.52144e-8       #dY:5.1%   
  0.29            2.998825e-7     1.50317e-8       #dY:5.0%   
  0.3             3.034151e-7     1.48696e-8       #dY:4.9%   
  0.31            3.06079e-7      1.4692e-8        #dY:4.8%   
  0.32            3.086307e-7     1.44863e-8       #dY:4.7%   
  0.33            3.110633e-7     1.42983e-8       #dY:4.6%   
  0.34            3.133915e-7     1.41158e-8       #dY:4.5%   
  0.35            3.156346e-7     1.39649e-8       #dY:4.4%   
  0.36            3.177855e-7     1.38372e-8       #dY:4.4%   
  0.37            3.198286e-7     1.37182e-8       #dY:4.3%   
  0.38            3.217598e-7     1.36142e-8       #dY:4.2%   
  0.39            3.236102e-7     1.35288e-8       #dY:4.2%   
  0.4             3.253989e-7     1.34745e-8       #dY:4.1%   
  0.41            3.267088e-7     1.3432e-8        #dY:4.1%   
  0.42            3.279609e-7     1.33704e-8       #dY:4.1%   
  0.43            3.291465e-7     1.33252e-8       #dY:4.0%   
  0.44            3.302518e-7     1.33013e-8       #dY:4.0%   
  0.45            3.312707e-7     1.32832e-8       #dY:4.0%   
  0.46            3.322263e-7     1.32552e-8       #dY:4.0%   
  0.47            3.331177e-7     1.32447e-8       #dY:4.0%   
  0.48            3.339499e-7     1.32284e-8       #dY:4.0%   
  0.49            3.347448e-7     1.32074e-8       #dY:3.9%   
  0.5             3.354922e-7     1.32004e-8       #dY:3.9%   
  0.51            3.360065e-7     1.31801e-8       #dY:3.9%   
  0.52            3.364781e-7     1.31302e-8       #dY:3.9%   
  0.53            3.369092e-7     1.30773e-8       #dY:3.9%   
  0.54            3.372985e-7     1.30061e-8       #dY:3.9%   
  0.55            3.376474e-7     1.29116e-8       #dY:3.8%   
  0.56            3.379489e-7     1.28047e-8       #dY:3.8%   
  0.57            3.382001e-7     1.26811e-8       #dY:3.7%   
  0.58            3.384099e-7     1.25305e-8       #dY:3.7%   
  0.59            3.385805e-7     1.23634e-8       #dY:3.7%   
  0.6             3.387049e-7     1.22124e-8       #dY:3.6%   
  0.61            3.387662e-7     1.20379e-8       #dY:3.6%   
  0.62            3.388192e-7     1.1831e-8        #dY:3.5%   
  0.63            3.388538e-7     1.16253e-8       #dY:3.4%   
  0.64            3.388523e-7     1.14538e-8       #dY:3.4%   
  0.65            3.388212e-7     1.12827e-8       #dY:3.3%   
  0.66            3.387502e-7     1.11146e-8       #dY:3.3%   
  0.67            3.386432e-7     1.0933e-8        #dY:3.2%   
  0.68            3.38487e-7      1.076e-8         #dY:3.2%   
  0.69            3.382992e-7     1.05679e-8       #dY:3.1%   
  0.7             3.38085e-7      1.03623e-8       #dY:3.1%   
  0.71            3.37873e-7      1.01455e-8       #dY:3.0%   
  0.72            3.376477e-7     9.92895e-9       #dY:2.9%   
  0.73            3.374074e-7     9.72502e-9       #dY:2.9%   
  0.74            3.371714e-7     9.52823e-9       #dY:2.8%   
  0.75            3.369284e-7     9.35942e-9       #dY:2.8%   
  0.76            3.366613e-7     9.21819e-9       #dY:2.7%   
  0.77            3.363707e-7     9.10105e-9       #dY:2.7%   
  0.78            3.360632e-7     8.99068e-9       #dY:2.7%   
  0.79            3.357274e-7     8.89079e-9       #dY:2.6%   
  0.8             3.353756e-7     8.79414e-9       #dY:2.6%   
  0.81            3.350602e-7     8.71009e-9       #dY:2.6%   
  0.82            3.347241e-7     8.63648e-9       #dY:2.6%   
  0.83            3.343681e-7     8.56824e-9       #dY:2.6%   
  0.84            3.339951e-7     8.50114e-9       #dY:2.5%   
  0.85            3.336012e-7     8.43958e-9       #dY:2.5%   
  0.86            3.33184e-7      8.38479e-9       #dY:2.5%   
  0.87            3.327529e-7     8.33969e-9       #dY:2.5%   
  0.88            3.322987e-7     8.30678e-9       #dY:2.5%   
  0.89            3.318227e-7     8.28845e-9       #dY:2.5%   
  0.9             3.313419e-7     8.27942e-9       #dY:2.5%   
  0.91            3.308936e-7     8.2794e-9        #dY:2.5%   
  0.92            3.304404e-7     8.28086e-9       #dY:2.5%   
  0.93            3.299865e-7     8.2753e-9        #dY:2.5%   
  0.94            3.295274e-7     8.26763e-9       #dY:2.5%   
  0.95            3.290554e-7     8.25782e-9       #dY:2.5%   
  0.96            3.285648e-7     8.24406e-9       #dY:2.5%   
  0.97            3.280525e-7     8.23211e-9       #dY:2.5%   
  0.98            3.275245e-7     8.22434e-9       #dY:2.5%   
  0.99            3.269892e-7     8.21819e-9       #dY:2.5%   
  1               3.264431e-7     8.2132e-9        #dY:2.5%   
  1.1             3.204955e-7     8.07191e-9       #dY:2.5%   
  1.2             3.132321e-7     7.75357e-9       #dY:2.5%   
  1.3             3.04948e-7      7.25195e-9       #dY:2.4%   
  1.4             2.954266e-7     6.55286e-9       #dY:2.2%   
  1.5             2.858084e-7     5.91221e-9       #dY:2.1%   
  1.6             2.760812e-7     5.47501e-9       #dY:2.0%   
  1.7             2.661873e-7     5.25124e-9       #dY:2.0%   
  1.8             2.560309e-7     5.17159e-9       #dY:2.0%   
  1.9             2.451704e-7     5.20588e-9       #dY:2.1%   
  2               2.346274e-7     5.25216e-9       #dY:2.2%   
  2.1             2.229187e-7     5.28385e-9       #dY:2.4%   
  2.2             2.120775e-7     5.28306e-9       #dY:2.5%   
  2.3             2.010488e-7     5.23847e-9       #dY:2.6%   
  2.4             1.905174e-7     5.14106e-9       #dY:2.7%   
  2.5             1.807968e-7     5.02686e-9       #dY:2.8%   
  2.6             1.712758e-7     4.88607e-9       #dY:2.9%   
  2.7             1.621173e-7     4.72757e-9       #dY:2.9%   
  2.8             1.535552e-7     4.53182e-9       #dY:3.0%   
  2.9             1.456299e-7     4.29888e-9       #dY:3.0%   
  3               1.382218e-7     4.05573e-9       #dY:2.9%   
  3.1             1.311948e-7     3.83379e-9       #dY:2.9%   
  3.2             1.244704e-7     3.63901e-9       #dY:2.9%   
  3.3             1.180158e-7     3.47877e-9       #dY:2.9%   
  3.4             1.118124e-7     3.33837e-9       #dY:3.0%   
  3.5             1.058701e-7     3.21536e-9       #dY:3.0%   
  3.6             1.00184e-7      3.11995e-9       #dY:3.1%   
  3.7             9.473027e-8     3.06507e-9       #dY:3.2%   
  3.8             8.953386e-8     3.07738e-9       #dY:3.4%   
  3.9             8.457084e-8     3.14717e-9       #dY:3.7%   
  4               7.985898e-8     3.22318e-9       #dY:4.0%   
  4.1             7.537437e-8     3.39693e-9       #dY:4.5%   
  4.2             7.111692e-8     3.38823e-9       #dY:4.8%   
  4.3             6.707786e-8     3.4334e-9        #dY:5.1%   
  4.4             6.325864e-8     3.38085e-9       #dY:5.3%   
  4.5             5.964192e-8     3.10552e-9       #dY:5.2%   
  4.6             5.622256e-8     2.79314e-9       #dY:5.0%   
  4.7             5.298443e-8     2.47902e-9       #dY:4.7%   
  4.8             4.992389e-8     2.14801e-9       #dY:4.3%   
  4.9             4.702735e-8     1.84086e-9       #dY:3.9%   
  5               4.428949e-8     1.62764e-9       #dY:3.7%   
  5.1             4.170198e-8     1.51806e-9       #dY:3.6%   
  5.2             3.925702e-8     1.44794e-9       #dY:3.7%   
  5.3             3.694805e-8     1.38558e-9       #dY:3.8%   
  5.4             3.476639e-8     1.32885e-9       #dY:3.8%   
  5.5             3.270524e-8     1.27428e-9       #dY:3.9%   
  5.6             3.076033e-8     1.22085e-9       #dY:4.0%   
  5.7             2.892343e-8     1.1712e-9        #dY:4.0%   
  5.8             2.718626e-8     1.12419e-9       #dY:4.1%   
  5.9             2.554806e-8     1.0788e-9        #dY:4.2%   
  6               2.400022e-8     1.03714e-9       #dY:4.3%   
  6.1             2.253745e-8     9.98608e-10      #dY:4.4%   
  6.2             2.115737e-8     9.61444e-10      #dY:4.5%   
  6.3             1.985604e-8     9.26486e-10      #dY:4.7%   
  6.4             1.862682e-8     8.9344e-10       #dY:4.8%   
  6.5             1.746778e-8     8.60016e-10      #dY:4.9%   
  6.6             1.637698e-8     8.27156e-10      #dY:5.1%   
  6.7             1.534955e-8     7.96732e-10      #dY:5.2%   
  6.8             1.438142e-8     7.66176e-10      #dY:5.3%   
  6.9             1.347105e-8     7.36092e-10      #dY:5.5%   
  7               1.2615e-8       7.07888e-10      #dY:5.6%   
  7.1             1.181012e-8     6.80584e-10      #dY:5.8%   
  7.2             1.105391e-8     6.53494e-10      #dY:5.9%   
  7.3             1.034366e-8     6.27595e-10      #dY:6.1%   
  7.4             9.676984e-9     6.03446e-10      #dY:6.2%   
  7.5             9.051827e-9     5.80303e-10      #dY:6.4%   
  7.6             8.465415e-9     5.58014e-10      #dY:6.6%   
  7.7             7.915509e-9     5.36963e-10      #dY:6.8%   
  7.8             7.400887e-9     5.1712e-10       #dY:7.0%   
  7.9             6.919055e-9     4.98001e-10      #dY:7.2%   
  8               6.467192e-9     4.79637e-10      #dY:7.4%   
  8.1             6.044226e-9     4.62223e-10      #dY:7.6%   
  8.2             5.648694e-9     4.45452e-10      #dY:7.9%   
  8.3             5.278707e-9     4.29406e-10      #dY:8.1%   
  8.4             4.932223e-9     4.13696e-10      #dY:8.4%   
  8.5             4.608331e-9     3.98706e-10      #dY:8.7%   
  8.6             4.305814e-9     3.84405e-10      #dY:8.9%   
  8.7             4.022431e-9     3.70348e-10      #dY:9.2%   
  8.8             3.757673e-9     3.56809e-10      #dY:9.5%   
  8.9             3.510402e-9     3.43798e-10      #dY:9.8%   
  9               3.27956e-9      3.31219e-10      #dY:10.1%  
  9.1             3.063746e-9     3.18839e-10      #dY:10.4%  
  9.2             2.862019e-9     3.06903e-10      #dY:10.7%  
  9.3             2.673622e-9     2.95479e-10      #dY:11.1%  
  9.4             2.497489e-9     2.84306e-10      #dY:11.4%  
  9.5             2.332949e-9     2.73585e-10      #dY:11.7%  
  9.6             2.179332e-9     2.63245e-10      #dY:12.1%  
  9.7             2.035935e-9     2.53213e-10      #dY:12.4%  
  9.8             1.901949e-9     2.43478e-10      #dY:12.8%  
  9.9             1.776794e-9     2.34104e-10      #dY:13.2%  
  10              1.659914e-9     2.25084e-10      #dY:13.6%  
  10.2            1.448665e-9     2.02116e-10      #dY:14.0%  
  10.4            1.264428e-9     1.80146e-10      #dY:14.2%  
  10.6            1.103763e-9     1.66305e-10      #dY:15.1%  
  10.8            9.63627e-10     1.53467e-10      #dY:15.9%  
  11              8.4124e-10      1.41475e-10      #dY:16.8%  
  11.2            7.34464e-10     1.30332e-10      #dY:17.7%  
  11.4            6.4126e-10      1.19917e-10      #dY:18.7%  
  11.6            5.59842e-10     1.1026e-10       #dY:19.7%  
  11.8            4.8874e-10      1.01205e-10      #dY:20.7%  
  12              4.2667e-10      9.28131e-11      #dY:21.8%  
  12.2            3.72447e-10     8.50024e-11      #dY:22.8%  
  12.4            3.2508e-10      7.7744e-11       #dY:23.9%  
  12.6            2.83709e-10     7.10148e-11      #dY:25.0%  
  12.8            2.47572e-10     6.47784e-11      #dY:26.2%  
  13              2.15994e-10     5.90035e-11      #dY:27.3%  
  13.2            1.88421e-10     5.36521e-11      #dY:28.5%  
  13.4            1.64333e-10     4.87183e-11      #dY:29.6%  
  13.6            1.43302e-10     4.41637e-11      #dY:30.8%  
  13.8            1.24946e-10     3.9986e-11       #dY:32.0%  
  14              1.08928e-10     3.61657e-11      #dY:33.2%  
  14.2            9.49457e-11     3.26762e-11      #dY:34.4%  
  14.4            8.27447e-11     2.94884e-11      #dY:35.6%  
  14.6            7.20984e-11     2.65829e-11      #dY:36.9%  
  14.8            6.28087e-11     2.39366e-11      #dY:38.1%  
  15              5.47083e-11     2.15282e-11      #dY:39.4%  
  15.2            4.76472e-11     1.93481e-11      #dY:40.6%  
  15.4            4.14923e-11     1.73767e-11      #dY:41.9%  
  15.6            3.61282e-11     1.55982e-11      #dY:43.2%  
  15.8            3.1454e-11      1.39919e-11      #dY:44.5%  
  16              2.73807e-11     1.25434e-11      #dY:45.8%  
  16.2            2.38318e-11     1.12383e-11      #dY:47.2%  
  16.4            2.07406e-11     1.00626e-11      #dY:48.5%  
  16.6            1.80489e-11     9.00619e-12      #dY:49.9%  
  16.8            1.57052e-11     8.0577e-12       #dY:51.3%  
  17              1.36645e-11     7.20657e-12      #dY:52.7%  
  17.2            1.18883e-11     6.44316e-12      #dY:54.2%  
  17.4            1.03418e-11     5.75867e-12      #dY:55.7%  
  17.6            8.99575e-12     5.14527e-12      #dY:57.2%  
  17.8            7.82468e-12     4.59582e-12      #dY:58.7%  
  18              6.80584e-12     4.10405e-12      #dY:60.3%  
  18.2            5.91944e-12     3.66385e-12      #dY:61.9%  
  18.4            5.14845e-12     3.27007e-12      #dY:63.5%  
  18.6            4.47789e-12     2.91807e-12      #dY:65.2%  
  18.8            3.8945e-12      2.60338e-12      #dY:66.8%  
  19              3.38721e-12     2.32212e-12      #dY:68.6%  
  19.2            2.9461e-12      2.07093e-12      #dY:70.3%  
  19.4            2.56249e-12     1.84654e-12      #dY:72.1%  
  19.6            2.22892e-12     1.64612e-12      #dY:73.9%  
  19.8            1.93898e-12     1.46734e-12      #dY:75.7%  
  20              1.68681e-12     1.30777e-12      #dY:77.5%  
  20.2            1.46753e-12     1.16534e-12      #dY:79.4%  
  20.4            1.27686e-12     1.03833e-12      #dY:81.3%  
  20.6            1.11097e-12     9.24973e-13      #dY:83.3%  
  20.8            9.66703e-13     8.23875e-13      #dY:85.2%  
  21              8.41246e-13     7.33797e-13      #dY:87.2%  
  21.2            7.32134e-13     6.53496e-13      #dY:89.3%  
  21.4            6.37216e-13     5.81908e-13      #dY:91.3%  
  21.6            5.5464e-13      5.18113e-13      #dY:93.4%  
  21.8            4.82767e-13     4.61243e-13      #dY:95.5%  
  22              4.20226e-13     4.10557e-13      #dY:97.7%  
  22.2            3.65803e-13     3.65413e-13      #dY:99.9%  
  22.4            3.18445e-13     3.25204e-13      #dY:102.1% 
  22.6            2.77226e-13     2.8939e-13       #dY:104.4% 
  22.8            2.41348e-13     2.57491e-13      #dY:106.7% 
  23              2.10113e-13     2.29077e-13      #dY:109.0% 
  23.2            1.8292e-13      2.03776e-13      #dY:111.4% 
  23.4            1.59246e-13     1.81249e-13      #dY:113.8% 
  23.6            1.38638e-13     1.61196e-13      #dY:116.3% 
  23.8            1.20698e-13     1.43347e-13      #dY:118.8% 
  24              1.0508e-13      1.27462e-13      #dY:121.3% 
  24.2            9.14834e-14     1.13325e-13      #dY:123.9% 
  24.4            7.96459e-14     1.00744e-13      #dY:126.5% 
  24.6            6.93416e-14     8.95497e-14      #dY:129.1% 
  24.8            6.03712e-14     7.95923e-14      #dY:131.8% 
  25              5.25607e-14     7.0734e-14       #dY:134.6% 
  25.2            4.57596e-14     6.28523e-14      #dY:137.4% 
  25.4            3.98376e-14     5.58419e-14      #dY:140.2% 
  25.6            3.46817e-14     4.96097e-14      #dY:143.0% 
  25.8            3.01918e-14     4.40669e-14      #dY:146.0% 
  26              2.62822e-14     3.91371e-14      #dY:148.9% 
  26.2            2.28782e-14     3.47553e-14      #dY:151.9% 
  26.4            1.99144e-14     3.08606e-14      #dY:155.0% 
  26.6            1.73342e-14     2.73982e-14      #dY:158.1% 
  26.8            1.50873e-14     2.43212e-14      #dY:161.2% 
  27              1.31315e-14     2.15866e-14      #dY:164.4% 
  27.2            1.14288e-14     1.91571e-14      #dY:167.6% 
  27.4            9.9465e-15      1.69988e-14      #dY:170.9% 
  27.6            8.65593e-15     1.5081e-14       #dY:174.2% 
  27.8            7.53269e-15     1.3378e-14       #dY:177.6% 
  28              6.55502e-15     1.18665e-14      #dY:181.0% 
  28.2            5.70386e-15     1.05243e-14      #dY:184.5% 
  28.4            4.96298e-15     9.33256e-15      #dY:188.0% 
  28.6            4.31813e-15     8.27506e-15      #dY:191.6% 
  28.8            3.75683e-15     7.33638e-15      #dY:195.3% 
  29              3.26827e-15     6.50312e-15      #dY:199.0% 
  29.2            2.84304e-15     5.76374e-15      #dY:202.7% 
  29.4            2.47291e-15     5.10756e-15      #dY:206.5% 
  29.6            2.15085e-15     4.5255e-15       #dY:210.4% 
  29.8            1.87054e-15     4.00911e-15      #dY:214.3% 
  30              0.00            0.00                        
//
#-------------------------------------------------------------------------------
#
#name:   INDEN-Aug2023: PU-239(N,F) E_in=9. MeV
#X.axis: Energy
#Y.axis: 
#wdata:  3
#ldata:  642
#data...
# X               Y               +-dY           
# MeV             1/eV            1/eV           
  0.00            0.00            0.00                        
  1.00e-5         1.735592e-9     5.45765e-11      #dY:3.1%   
  1.10e-5         1.820442e-9     5.72446e-11      #dY:3.1%   
  1.20e-5         1.901508e-9     3.06068e-10      #dY:16.1%  
  1.30e-5         1.979273e-9     3.17911e-10      #dY:16.1%  
  1.40e-5         2.054111e-9     3.29336e-10      #dY:16.0%  
  1.50e-5         2.126336e-9     3.40393e-10      #dY:16.0%  
  1.60e-5         2.19619e-9      3.51096e-10      #dY:16.0%  
  1.70e-5         2.263906e-9     3.61499e-10      #dY:16.0%  
  1.80e-5         2.329642e-9     3.7161e-10       #dY:16.0%  
  1.90e-5         2.393617e-9     3.81457e-10      #dY:15.9%  
  2.00e-5         2.455921e-9     3.91057e-10      #dY:15.9%  
  2.10e-5         2.516702e-9     4.00425e-10      #dY:15.9%  
  2.20e-5         2.576035e-9     4.09589e-10      #dY:15.9%  
  2.30e-5         2.634055e-9     4.18552e-10      #dY:15.9%  
  2.40e-5         2.690827e-9     4.27319e-10      #dY:15.9%  
  2.50e-5         2.746441e-9     4.35919e-10      #dY:15.9%  
  2.60e-5         2.800942e-9     4.44352e-10      #dY:15.9%  
  2.70e-5         2.854426e-9     4.52621e-10      #dY:15.9%  
  2.80e-5         2.906919e-9     4.60748e-10      #dY:15.9%  
  2.90e-5         2.958508e-9     4.68732e-10      #dY:15.8%  
  3.00e-5         3.009176e-9     4.76586e-10      #dY:15.8%  
  3.10e-5         3.059059e-9     4.84304e-10      #dY:15.8%  
  3.20e-5         3.108126e-9     4.91911e-10      #dY:15.8%  
  3.30e-5         3.156436e-9     4.99393e-10      #dY:15.8%  
  3.40e-5         3.20403e-9      5.06777e-10      #dY:15.8%  
  3.50e-5         3.250926e-9     5.14036e-10      #dY:15.8%  
  3.60e-5         3.297149e-9     5.21204e-10      #dY:15.8%  
  3.70e-5         3.34276e-9      5.28282e-10      #dY:15.8%  
  3.80e-5         3.387747e-9     5.35254e-10      #dY:15.8%  
  3.90e-5         3.432159e-9     5.42141e-10      #dY:15.8%  
  4.00e-5         3.476008e-9     5.48943e-10      #dY:15.8%  
  4.10e-5         3.519317e-9     5.55669e-10      #dY:15.8%  
  4.20e-5         3.56208e-9      5.62298e-10      #dY:15.8%  
  4.30e-5         3.604357e-9     5.68859e-10      #dY:15.8%  
  4.40e-5         3.646143e-9     5.75339e-10      #dY:15.8%  
  4.50e-5         3.687477e-9     5.81757e-10      #dY:15.8%  
  4.60e-5         3.728342e-9     5.88093e-10      #dY:15.8%  
  4.70e-5         3.768763e-9     5.94365e-10      #dY:15.8%  
  4.80e-5         3.808771e-9     6.00577e-10      #dY:15.8%  
  4.90e-5         3.848352e-9     6.06713e-10      #dY:15.8%  
  5.00e-5         3.887537e-9     6.128e-10        #dY:15.8%  
  5.10e-5         3.926364e-9     6.18818e-10      #dY:15.8%  
  5.20e-5         3.964786e-9     6.24783e-10      #dY:15.8%  
  5.30e-5         4.002839e-9     6.30681e-10      #dY:15.8%  
  5.40e-5         4.040548e-9     6.36544e-10      #dY:15.8%  
  5.50e-5         4.077902e-9     6.42339e-10      #dY:15.8%  
  5.60e-5         4.11493e-9      6.48077e-10      #dY:15.7%  
  5.70e-5         4.151621e-9     6.53777e-10      #dY:15.7%  
  5.80e-5         4.188005e-9     6.59417e-10      #dY:15.7%  
  5.90e-5         4.224075e-9     6.65025e-10      #dY:15.7%  
  6.00e-5         4.25985e-9      6.7057e-10       #dY:15.7%  
  6.10e-5         4.295303e-9     6.76071e-10      #dY:15.7%  
  6.20e-5         4.33051e-9      6.81533e-10      #dY:15.7%  
  6.30e-5         4.365398e-9     6.8695e-10       #dY:15.7%  
  6.40e-5         4.400033e-9     6.92325e-10      #dY:15.7%  
  6.50e-5         4.434383e-9     6.97653e-10      #dY:15.7%  
  6.60e-5         4.468496e-9     7.02944e-10      #dY:15.7%  
  6.70e-5         4.502333e-9     7.08196e-10      #dY:15.7%  
  6.80e-5         4.535929e-9     7.13411e-10      #dY:15.7%  
  6.90e-5         4.569286e-9     7.18577e-10      #dY:15.7%  
  7.00e-5         4.602391e-9     7.23725e-10      #dY:15.7%  
  7.10e-5         4.63526e-9      7.28821e-10      #dY:15.7%  
  7.20e-5         4.66792e-9      7.33882e-10      #dY:15.7%  
  7.30e-5         4.700346e-9     7.38915e-10      #dY:15.7%  
  7.40e-5         4.732538e-9     7.43905e-10      #dY:15.7%  
  7.50e-5         4.764529e-9     7.48874e-10      #dY:15.7%  
  7.60e-5         4.796304e-9     7.53792e-10      #dY:15.7%  
  7.70e-5         4.827878e-9     7.58701e-10      #dY:15.7%  
  7.80e-5         4.859258e-9     7.63568e-10      #dY:15.7%  
  7.90e-5         4.890423e-9     7.68395e-10      #dY:15.7%  
  8.00e-5         4.921391e-9     7.732e-10        #dY:15.7%  
  8.10e-5         4.952183e-9     7.77983e-10      #dY:15.7%  
  8.20e-5         4.982762e-9     7.82717e-10      #dY:15.7%  
  8.30e-5         5.013168e-9     7.87431e-10      #dY:15.7%  
  8.40e-5         5.043396e-9     7.92121e-10      #dY:15.7%  
  8.50e-5         5.073447e-9     7.9678e-10       #dY:15.7%  
  8.60e-5         5.103344e-9     8.01415e-10      #dY:15.7%  
  8.70e-5         5.133039e-9     8.06025e-10      #dY:15.7%  
  8.80e-5         5.162573e-9     8.10591e-10      #dY:15.7%  
  8.90e-5         5.191948e-9     8.15149e-10      #dY:15.7%  
  9.00e-5         5.221146e-9     8.1968e-10       #dY:15.7%  
  9.10e-5         5.250196e-9     8.2418e-10       #dY:15.7%  
  9.20e-5         5.279082e-9     8.28654e-10      #dY:15.7%  
  9.30e-5         5.307814e-9     8.33105e-10      #dY:15.7%  
  9.40e-5         5.336393e-9     8.37537e-10      #dY:15.7%  
  9.50e-5         5.364821e-9     8.4194e-10       #dY:15.7%  
  9.60e-5         5.393088e-9     8.46329e-10      #dY:15.7%  
  9.70e-5         5.42123e-9      8.5069e-10       #dY:15.7%  
  9.80e-5         5.449225e-9     8.55027e-10      #dY:15.7%  
  9.90e-5         5.477087e-9     8.59337e-10      #dY:15.7%  
  1.00e-4         5.504776e-9     8.63628e-10      #dY:15.7%  
  1.10e-4         5.774696e-9     9.05919e-10      #dY:15.7%  
  1.20e-4         6.032665e-9     9.66245e-10      #dY:16.0%  
  1.30e-4         6.280222e-9     1.00351e-9       #dY:16.0%  
  1.40e-4         6.518488e-9     1.03946e-9       #dY:15.9%  
  1.50e-4         6.748471e-9     1.07422e-9       #dY:15.9%  
  1.60e-4         6.970975e-9     1.10788e-9       #dY:15.9%  
  1.70e-4         7.186732e-9     1.14057e-9       #dY:15.9%  
  1.80e-4         7.396281e-9     1.17236e-9       #dY:15.9%  
  1.90e-4         7.600141e-9     1.20328e-9       #dY:15.8%  
  2.00e-4         7.798771e-9     1.23344e-9       #dY:15.8%  
  2.10e-4         7.99255e-9      1.26286e-9       #dY:15.8%  
  2.20e-4         8.181819e-9     1.29161e-9       #dY:15.8%  
  2.30e-4         8.36689e-9      1.31973e-9       #dY:15.8%  
  2.40e-4         8.548028e-9     1.34725e-9       #dY:15.8%  
  2.50e-4         8.725469e-9     1.37421e-9       #dY:15.7%  
  2.60e-4         8.899438e-9     1.40064e-9       #dY:15.7%  
  2.70e-4         9.07015e-9      1.42659e-9       #dY:15.7%  
  2.80e-4         9.23776e-9      1.45206e-9       #dY:15.7%  
  2.90e-4         9.402452e-9     1.47708e-9       #dY:15.7%  
  3.00e-4         9.564365e-9     1.50166e-9       #dY:15.7%  
  3.10e-4         9.723645e-9     1.52587e-9       #dY:15.7%  
  3.20e-4         9.880413e-9     1.54966e-9       #dY:15.7%  
  3.30e-4         1.003475e-8     1.57311e-9       #dY:15.7%  
  3.40e-4         1.01868e-8      1.59618e-9       #dY:15.7%  
  3.50e-4         1.033671e-8     1.61894e-9       #dY:15.7%  
  3.60e-4         1.048452e-8     1.64136e-9       #dY:15.7%  
  3.70e-4         1.063026e-8     1.66346e-9       #dY:15.6%  
  3.80e-4         1.077417e-8     1.68527e-9       #dY:15.6%  
  3.90e-4         1.091617e-8     1.70675e-9       #dY:15.6%  
  4.00e-4         1.105638e-8     1.72803e-9       #dY:15.6%  
  4.10e-4         1.119495e-8     1.74902e-9       #dY:15.6%  
  4.20e-4         1.133173e-8     1.76971e-9       #dY:15.6%  
  4.30e-4         1.146687e-8     1.79021e-9       #dY:15.6%  
  4.40e-4         1.160069e-8     1.81049e-9       #dY:15.6%  
  4.50e-4         1.173295e-8     1.83049e-9       #dY:15.6%  
  4.60e-4         1.186375e-8     1.85033e-9       #dY:15.6%  
  4.70e-4         1.199315e-8     1.86991e-9       #dY:15.6%  
  4.80e-4         1.212114e-8     1.88924e-9       #dY:15.6%  
  4.90e-4         1.224802e-8     1.9084e-9        #dY:15.6%  
  5.00e-4         1.237351e-8     1.92739e-9       #dY:15.6%  
  5.10e-4         1.249776e-8     1.94604e-9       #dY:15.6%  
  5.20e-4         1.262077e-8     1.96472e-9       #dY:15.6%  
  5.30e-4         1.27428e-8      1.98318e-9       #dY:15.6%  
  5.40e-4         1.286347e-8     2.00132e-9       #dY:15.6%  
  5.50e-4         1.298322e-8     2.01938e-9       #dY:15.6%  
  5.60e-4         1.310195e-8     2.03726e-9       #dY:15.5%  
  5.70e-4         1.321941e-8     2.05491e-9       #dY:15.5%  
  5.80e-4         1.333597e-8     2.07254e-9       #dY:15.5%  
  5.90e-4         1.345158e-8     2.08998e-9       #dY:15.5%  
  6.00e-4         1.356642e-8     2.10723e-9       #dY:15.5%  
  6.10e-4         1.368009e-8     2.12432e-9       #dY:15.5%  
  6.20e-4         1.379284e-8     2.14129e-9       #dY:15.5%  
  6.30e-4         1.390475e-8     2.15806e-9       #dY:15.5%  
  6.40e-4         1.40158e-8      2.17479e-9       #dY:15.5%  
  6.50e-4         1.412607e-8     2.1913e-9        #dY:15.5%  
  6.60e-4         1.423546e-8     2.20773e-9       #dY:15.5%  
  6.70e-4         1.434401e-8     2.22404e-9       #dY:15.5%  
  6.80e-4         1.445178e-8     2.24016e-9       #dY:15.5%  
  6.90e-4         1.455867e-8     2.25623e-9       #dY:15.5%  
  7.00e-4         1.466489e-8     2.27211e-9       #dY:15.5%  
  7.10e-4         1.477035e-8     2.28807e-9       #dY:15.5%  
  7.20e-4         1.48753e-8      2.30368e-9       #dY:15.5%  
  7.30e-4         1.497919e-8     2.31921e-9       #dY:15.5%  
  7.40e-4         1.508276e-8     2.33473e-9       #dY:15.5%  
  7.50e-4         1.518529e-8     2.35001e-9       #dY:15.5%  
  7.60e-4         1.528745e-8     2.3653e-9        #dY:15.5%  
  7.70e-4         1.538872e-8     2.38048e-9       #dY:15.5%  
  7.80e-4         1.548953e-8     2.39549e-9       #dY:15.5%  
  7.90e-4         1.558954e-8     2.41049e-9       #dY:15.5%  
  8.00e-4         1.568902e-8     2.42529e-9       #dY:15.5%  
  8.10e-4         1.578777e-8     2.44007e-9       #dY:15.5%  
  8.20e-4         1.588609e-8     2.45472e-9       #dY:15.5%  
  8.30e-4         1.598378e-8     2.46926e-9       #dY:15.4%  
  8.40e-4         1.60809e-8      2.48384e-9       #dY:15.4%  
  8.50e-4         1.617738e-8     2.49818e-9       #dY:15.4%  
  8.60e-4         1.627338e-8     2.5124e-9        #dY:15.4%  
  8.70e-4         1.636899e-8     2.52672e-9       #dY:15.4%  
  8.80e-4         1.646363e-8     2.54083e-9       #dY:15.4%  
  8.90e-4         1.655819e-8     2.5548e-9        #dY:15.4%  
  9.00e-4         1.6652e-8       2.56874e-9       #dY:15.4%  
  9.10e-4         1.674542e-8     2.58271e-9       #dY:15.4%  
  9.20e-4         1.683832e-8     2.59651e-9       #dY:15.4%  
  9.30e-4         1.693059e-8     2.61024e-9       #dY:15.4%  
  9.40e-4         1.702257e-8     2.62382e-9       #dY:15.4%  
  9.50e-4         1.711383e-8     2.63737e-9       #dY:15.4%  
  9.60e-4         1.720474e-8     2.65096e-9       #dY:15.4%  
  9.70e-4         1.729524e-8     2.66432e-9       #dY:15.4%  
  9.80e-4         1.73852e-8      2.67771e-9       #dY:15.4%  
  9.90e-4         1.74748e-8      2.691e-9         #dY:15.4%  
  1.00e-3         1.756396e-8     2.70427e-9       #dY:15.4%  
  1.10e-3         1.843229e-8     2.83744e-9       #dY:15.4%  
  1.20e-3         1.926286e-8     3.02415e-9       #dY:15.7%  
  1.30e-3         2.006029e-8     3.13807e-9       #dY:15.6%  
  1.40e-3         2.082827e-8     3.24766e-9       #dY:15.6%  
  1.50e-3         2.157003e-8     3.3535e-9        #dY:15.5%  
  1.60e-3         2.228811e-8     3.45584e-9       #dY:15.5%  
  1.70e-3         2.298441e-8     3.55474e-9       #dY:15.5%  
  1.80e-3         2.366132e-8     3.65089e-9       #dY:15.4%  
  1.90e-3         2.431992e-8     3.74426e-9       #dY:15.4%  
  2.00e-3         2.496196e-8     3.83516e-9       #dY:15.4%  
  2.10e-3         2.558867e-8     3.92369e-9       #dY:15.3%  
  2.20e-3         2.620102e-8     4.01004e-9       #dY:15.3%  
  2.30e-3         2.68e-8         4.09417e-9       #dY:15.3%  
  2.40e-3         2.738636e-8     4.17644e-9       #dY:15.3%  
  2.50e-3         2.796112e-8     4.25687e-9       #dY:15.2%  
  2.60e-3         2.852483e-8     4.33551e-9       #dY:15.2%  
  2.70e-3         2.907794e-8     4.41252e-9       #dY:15.2%  
  2.80e-3         2.962141e-8     4.48797e-9       #dY:15.2%  
  2.90e-3         3.015527e-8     4.56192e-9       #dY:15.1%  
  3.00e-3         3.068063e-8     4.63449e-9       #dY:15.1%  
  3.10e-3         3.119732e-8     4.70568e-9       #dY:15.1%  
  3.20e-3         3.170618e-8     4.7756e-9        #dY:15.1%  
  3.30e-3         3.220735e-8     4.84435e-9       #dY:15.0%  
  3.40e-3         3.270124e-8     4.91169e-9       #dY:15.0%  
  3.50e-3         3.318816e-8     4.97811e-9       #dY:15.0%  
  3.60e-3         3.366828e-8     5.0434e-9        #dY:15.0%  
  3.70e-3         3.414206e-8     5.1076e-9        #dY:15.0%  
  3.80e-3         3.460966e-8     5.17095e-9       #dY:14.9%  
  3.90e-3         3.507136e-8     5.23315e-9       #dY:14.9%  
  4.00e-3         3.552751e-8     5.29455e-9       #dY:14.9%  
  4.10e-3         3.597797e-8     5.355e-9         #dY:14.9%  
  4.20e-3         3.64233e-8      5.4146e-9        #dY:14.9%  
  4.30e-3         3.686345e-8     5.47343e-9       #dY:14.8%  
  4.40e-3         3.729872e-8     5.53149e-9       #dY:14.8%  
  4.50e-3         3.772925e-8     5.58871e-9       #dY:14.8%  
  4.60e-3         3.815518e-8     5.64519e-9       #dY:14.8%  
  4.70e-3         3.857658e-8     5.70089e-9       #dY:14.8%  
  4.80e-3         3.899375e-8     5.75584e-9       #dY:14.8%  
  4.90e-3         3.940673e-8     5.81029e-9       #dY:14.7%  
  5.00e-3         3.981568e-8     5.8639e-9        #dY:14.7%  
  5.10e-3         4.022066e-8     5.91696e-9       #dY:14.7%  
  5.20e-3         4.062186e-8     5.96941e-9       #dY:14.7%  
  5.30e-3         4.101948e-8     6.02118e-9       #dY:14.7%  
  5.40e-3         4.141332e-8     6.07245e-9       #dY:14.7%  
  5.50e-3         4.18037e-8      6.12319e-9       #dY:14.6%  
  5.60e-3         4.219077e-8     6.17337e-9       #dY:14.6%  
  5.70e-3         4.25745e-8      6.22288e-9       #dY:14.6%  
  5.80e-3         4.295499e-8     6.27191e-9       #dY:14.6%  
  5.90e-3         4.333231e-8     6.32036e-9       #dY:14.6%  
  6.00e-3         4.370654e-8     6.36828e-9       #dY:14.6%  
  6.10e-3         4.407776e-8     6.41575e-9       #dY:14.6%  
  6.20e-3         4.444614e-8     6.46283e-9       #dY:14.5%  
  6.30e-3         4.481156e-8     6.50928e-9       #dY:14.5%  
  6.40e-3         4.517446e-8     6.55538e-9       #dY:14.5%  
  6.50e-3         4.55343e-8      6.60096e-9       #dY:14.5%  
  6.60e-3         4.589172e-8     6.64609e-9       #dY:14.5%  
  6.70e-3         4.624637e-8     6.69093e-9       #dY:14.5%  
  6.80e-3         4.659861e-8     6.73525e-9       #dY:14.5%  
  6.90e-3         4.694829e-8     6.7791e-9        #dY:14.4%  
  7.00e-3         4.729559e-8     6.82263e-9       #dY:14.4%  
  7.10e-3         4.764054e-8     6.86571e-9       #dY:14.4%  
  7.20e-3         4.798323e-8     6.90831e-9       #dY:14.4%  
  7.30e-3         4.832336e-8     6.95057e-9       #dY:14.4%  
  7.40e-3         4.866155e-8     6.99249e-9       #dY:14.4%  
  7.50e-3         4.899746e-8     7.03406e-9       #dY:14.4%  
  7.60e-3         4.933124e-8     7.0752e-9        #dY:14.3%  
  7.70e-3         4.966281e-8     7.11598e-9       #dY:14.3%  
  7.80e-3         4.999242e-8     7.15654e-9       #dY:14.3%  
  7.90e-3         5.032e-8        7.19665e-9       #dY:14.3%  
  8.00e-3         5.06455e-8      7.23646e-9       #dY:14.3%  
  8.10e-3         5.096928e-8     7.27593e-9       #dY:14.3%  
  8.20e-3         5.129088e-8     7.31511e-9       #dY:14.3%  
  8.30e-3         5.161085e-8     7.35393e-9       #dY:14.2%  
  8.40e-3         5.192878e-8     7.39254e-9       #dY:14.2%  
  8.50e-3         5.224492e-8     7.43068e-9       #dY:14.2%  
  8.60e-3         5.255937e-8     7.46854e-9       #dY:14.2%  
  8.70e-3         5.287187e-8     7.50618e-9       #dY:14.2%  
  8.80e-3         5.318304e-8     7.54359e-9       #dY:14.2%  
  8.90e-3         5.349209e-8     7.58049e-9       #dY:14.2%  
  9.00e-3         5.379979e-8     7.61737e-9       #dY:14.2%  
  9.10e-3         5.410561e-8     7.65383e-9       #dY:14.1%  
  9.20e-3         5.441008e-8     7.69003e-9       #dY:14.1%  
  9.30e-3         5.471262e-8     7.726e-9         #dY:14.1%  
  9.40e-3         5.501399e-8     7.76161e-9       #dY:14.1%  
  9.50e-3         5.531359e-8     7.79699e-9       #dY:14.1%  
  9.60e-3         5.561171e-8     7.83209e-9       #dY:14.1%  
  9.70e-3         5.590832e-8     7.8669e-9        #dY:14.1%  
  9.80e-3         5.620359e-8     7.90156e-9       #dY:14.1%  
  9.90e-3         5.649728e-8     7.93574e-9       #dY:14.0%  
  0.01            5.678963e-8     7.96986e-9       #dY:14.0%  
  0.011           5.963905e-8     8.36249e-9       #dY:14.0%  
  0.012           6.236643e-8     8.86084e-9       #dY:14.2%  
  0.013           6.498656e-8     9.13806e-9       #dY:14.1%  
  0.014           6.751124e-8     9.39959e-9       #dY:13.9%  
  0.015           6.995037e-8     9.64696e-9       #dY:13.8%  
  0.016           7.231235e-8     9.88109e-9       #dY:13.7%  
  0.017           7.460357e-8     1.0104e-8        #dY:13.5%  
  0.018           7.68307e-8      1.03159e-8       #dY:13.4%  
  0.019           7.899819e-8     1.05179e-8       #dY:13.3%  
  0.02            8.111088e-8     1.0711e-8        #dY:13.2%  
  0.021           8.317266e-8     1.0896e-8        #dY:13.1%  
  0.022           8.518707e-8     1.10725e-8       #dY:13.0%  
  0.023           8.715704e-8     1.12417e-8       #dY:12.9%  
  0.024           8.908543e-8     1.14044e-8       #dY:12.8%  
  0.025           9.097462e-8     1.1561e-8        #dY:12.7%  
  0.026           9.282725e-8     1.17116e-8       #dY:12.6%  
  0.027           9.464508e-8     1.18568e-8       #dY:12.5%  
  0.028           9.642993e-8     1.19963e-8       #dY:12.4%  
  0.029           9.818389e-8     1.21303e-8       #dY:12.4%  
  0.03            9.990834e-8     1.22592e-8       #dY:12.3%  
  0.031           1.016051e-7     1.23835e-8       #dY:12.2%  
  0.032           1.032746e-7     1.25026e-8       #dY:12.1%  
  0.033           1.04918e-7      1.26171e-8       #dY:12.0%  
  0.034           1.065378e-7     1.2728e-8        #dY:11.9%  
  0.035           1.081343e-7     1.2834e-8        #dY:11.9%  
  0.036           1.097072e-7     1.29374e-8       #dY:11.8%  
  0.037           1.112589e-7     1.30364e-8       #dY:11.7%  
  0.038           1.127894e-7     1.3132e-8        #dY:11.6%  
  0.039           1.142999e-7     1.32243e-8       #dY:11.6%  
  0.04            1.157909e-7     1.33146e-8       #dY:11.5%  
  0.041           1.172649e-7     1.34013e-8       #dY:11.4%  
  0.042           1.187185e-7     1.34848e-8       #dY:11.4%  
  0.043           1.201551e-7     1.35647e-8       #dY:11.3%  
  0.044           1.215758e-7     1.36431e-8       #dY:11.2%  
  0.045           1.229798e-7     1.37196e-8       #dY:11.2%  
  0.046           1.243672e-7     1.3793e-8        #dY:11.1%  
  0.047           1.257379e-7     1.38645e-8       #dY:11.0%  
  0.048           1.270963e-7     1.3934e-8        #dY:11.0%  
  0.049           1.284387e-7     1.40005e-8       #dY:10.9%  
  0.05            1.297683e-7     1.40664e-8       #dY:10.8%  
  0.051           1.310844e-7     1.41305e-8       #dY:10.8%  
  0.052           1.323857e-7     1.41923e-8       #dY:10.7%  
  0.053           1.336743e-7     1.42531e-8       #dY:10.7%  
  0.054           1.349505e-7     1.43112e-8       #dY:10.6%  
  0.055           1.362145e-7     1.43677e-8       #dY:10.5%  
  0.056           1.374657e-7     1.44231e-8       #dY:10.5%  
  0.057           1.387072e-7     1.44755e-8       #dY:10.4%  
  0.058           1.399365e-7     1.45284e-8       #dY:10.4%  
  0.059           1.411533e-7     1.45796e-8       #dY:10.3%  
  0.06            1.423613e-7     1.46287e-8       #dY:10.3%  
  0.061           1.43557e-7      1.46764e-8       #dY:10.2%  
  0.062           1.447416e-7     1.4723e-8        #dY:10.2%  
  0.063           1.459172e-7     1.47695e-8       #dY:10.1%  
  0.064           1.47082e-7      1.48126e-8       #dY:10.1%  
  0.065           1.48238e-7      1.48565e-8       #dY:10.0%  
  0.066           1.493833e-7     1.48995e-8       #dY:10.0%  
  0.067           1.505199e-7     1.49406e-8       #dY:9.9%   
  0.068           1.516481e-7     1.498e-8         #dY:9.9%   
  0.069           1.527668e-7     1.50191e-8       #dY:9.8%   
  0.07            1.53876e-7      1.50562e-8       #dY:9.8%   
  0.071           1.549771e-7     1.50933e-8       #dY:9.7%   
  0.072           1.560705e-7     1.51285e-8       #dY:9.7%   
  0.073           1.571535e-7     1.51631e-8       #dY:9.6%   
  0.074           1.582298e-7     1.51973e-8       #dY:9.6%   
  0.075           1.592981e-7     1.52306e-8       #dY:9.6%   
  0.076           1.603599e-7     1.52629e-8       #dY:9.5%   
  0.077           1.614115e-7     1.52949e-8       #dY:9.5%   
  0.078           1.624574e-7     1.53247e-8       #dY:9.4%   
  0.079           1.634961e-7     1.53547e-8       #dY:9.4%   
  0.08            1.645258e-7     1.53835e-8       #dY:9.4%   
  0.081           1.655493e-7     1.54121e-8       #dY:9.3%   
  0.082           1.665675e-7     1.54393e-8       #dY:9.3%   
  0.083           1.67576e-7      1.54667e-8       #dY:9.2%   
  0.084           1.685796e-7     1.54926e-8       #dY:9.2%   
  0.085           1.695759e-7     1.55182e-8       #dY:9.2%   
  0.086           1.705658e-7     1.55427e-8       #dY:9.1%   
  0.087           1.715501e-7     1.55661e-8       #dY:9.1%   
  0.088           1.725255e-7     1.55904e-8       #dY:9.0%   
  0.089           1.734971e-7     1.56138e-8       #dY:9.0%   
  0.09            1.744618e-7     1.56366e-8       #dY:9.0%   
  0.091           1.754201e-7     1.5659e-8        #dY:8.9%   
  0.092           1.763717e-7     1.56803e-8       #dY:8.9%   
  0.093           1.773181e-7     1.5701e-8        #dY:8.9%   
  0.094           1.78259e-7      1.57202e-8       #dY:8.8%   
  0.095           1.791943e-7     1.57404e-8       #dY:8.8%   
  0.096           1.801223e-7     1.57593e-8       #dY:8.7%   
  0.097           1.810454e-7     1.5777e-8        #dY:8.7%   
  0.098           1.819629e-7     1.57954e-8       #dY:8.7%   
  0.099           1.828754e-7     1.58135e-8       #dY:8.6%   
  0.1             1.837798e-7     1.58307e-8       #dY:8.6%   
  0.11            1.925657e-7     1.65241e-8       #dY:8.6%   
  0.12            2.008812e-7     1.69595e-8       #dY:8.4%   
  0.13            2.087808e-7     1.69886e-8       #dY:8.1%   
  0.14            2.163028e-7     1.6985e-8        #dY:7.9%   
  0.15            2.234817e-7     1.6962e-8        #dY:7.6%   
  0.16            2.303402e-7     1.69288e-8       #dY:7.3%   
  0.17            2.368988e-7     1.68759e-8       #dY:7.1%   
  0.18            2.431883e-7     1.6804e-8        #dY:6.9%   
  0.19            2.492285e-7     1.67278e-8       #dY:6.7%   
  0.2             2.550387e-7     1.66394e-8       #dY:6.5%   
  0.21            2.598634e-7     1.64881e-8       #dY:6.3%   
  0.22            2.644952e-7     1.63132e-8       #dY:6.2%   
  0.23            2.689504e-7     1.61433e-8       #dY:6.0%   
  0.24            2.73253e-7      1.59699e-8       #dY:5.8%   
  0.25            2.774092e-7     1.58009e-8       #dY:5.7%   
  0.26            2.814171e-7     1.56244e-8       #dY:5.6%   
  0.27            2.852766e-7     1.54211e-8       #dY:5.4%   
  0.28            2.889979e-7     1.52182e-8       #dY:5.3%   
  0.29            2.92603e-7      1.50354e-8       #dY:5.1%   
  0.3             2.960972e-7     1.48731e-8       #dY:5.0%   
  0.31            2.987698e-7     1.46968e-8       #dY:4.9%   
  0.32            3.013378e-7     1.44918e-8       #dY:4.8%   
  0.33            3.037927e-7     1.43039e-8       #dY:4.7%   
  0.34            3.061462e-7     1.41213e-8       #dY:4.6%   
  0.35            3.084159e-7     1.39703e-8       #dY:4.5%   
  0.36            3.10594e-7      1.38423e-8       #dY:4.5%   
  0.37            3.126728e-7     1.37235e-8       #dY:4.4%   
  0.38            3.146424e-7     1.36195e-8       #dY:4.3%   
  0.39            3.165336e-7     1.3534e-8        #dY:4.3%   
  0.4             3.183617e-7     1.34795e-8       #dY:4.2%   
  0.41            3.197261e-7     1.34371e-8       #dY:4.2%   
  0.42            3.210352e-7     1.33756e-8       #dY:4.2%   
  0.43            3.222808e-7     1.33305e-8       #dY:4.1%   
  0.44            3.234542e-7     1.33068e-8       #dY:4.1%   
  0.45            3.24542e-7      1.32887e-8       #dY:4.1%   
  0.46            3.25569e-7      1.32608e-8       #dY:4.1%   
  0.47            3.265337e-7     1.32503e-8       #dY:4.1%   
  0.48            3.274383e-7     1.32338e-8       #dY:4.0%   
  0.49            3.283059e-7     1.32127e-8       #dY:4.0%   
  0.5             3.291277e-7     1.32057e-8       #dY:4.0%   
  0.51            3.297232e-7     1.31855e-8       #dY:4.0%   
  0.52            3.302771e-7     1.31357e-8       #dY:4.0%   
  0.53            3.307879e-7     1.30826e-8       #dY:4.0%   
  0.54            3.312564e-7     1.30112e-8       #dY:3.9%   
  0.55            3.316857e-7     1.29167e-8       #dY:3.9%   
  0.56            3.320676e-7     1.28097e-8       #dY:3.9%   
  0.57            3.324016e-7     1.2686e-8        #dY:3.8%   
  0.58            3.326918e-7     1.25353e-8       #dY:3.8%   
  0.59            3.329475e-7     1.23682e-8       #dY:3.7%   
  0.6             3.331556e-7     1.22172e-8       #dY:3.7%   
  0.61            3.333021e-7     1.20425e-8       #dY:3.6%   
  0.62            3.334369e-7     1.18355e-8       #dY:3.5%   
  0.63            3.335573e-7     1.16298e-8       #dY:3.5%   
  0.64            3.336424e-7     1.14582e-8       #dY:3.4%   
  0.65            3.336975e-7     1.12871e-8       #dY:3.4%   
  0.66            3.337167e-7     1.1119e-8        #dY:3.3%   
  0.67            3.336978e-7     1.09373e-8       #dY:3.3%   
  0.68            3.336336e-7     1.07643e-8       #dY:3.2%   
  0.69            3.335405e-7     1.05722e-8       #dY:3.2%   
  0.7             3.334172e-7     1.03665e-8       #dY:3.1%   
  0.71            3.332875e-7     1.01493e-8       #dY:3.0%   
  0.72            3.331442e-7     9.93249e-9       #dY:3.0%   
  0.73            3.329828e-7     9.72839e-9       #dY:2.9%   
  0.74            3.328276e-7     9.53154e-9       #dY:2.9%   
  0.75            3.326639e-7     9.36266e-9       #dY:2.8%   
  0.76            3.324809e-7     9.22148e-9       #dY:2.8%   
  0.77            3.322724e-7     9.10431e-9       #dY:2.7%   
  0.78            3.320471e-7     8.99387e-9       #dY:2.7%   
  0.79            3.317943e-7     8.89396e-9       #dY:2.7%   
  0.8             3.315279e-7     8.79735e-9       #dY:2.7%   
  0.81            3.312727e-7     8.71265e-9       #dY:2.6%   
  0.82            3.310018e-7     8.63882e-9       #dY:2.6%   
  0.83            3.307061e-7     8.5705e-9        #dY:2.6%   
  0.84            3.30395e-7      8.50335e-9       #dY:2.6%   
  0.85            3.300624e-7     8.44178e-9       #dY:2.6%   
  0.86            3.297092e-7     8.38703e-9       #dY:2.5%   
  0.87            3.293389e-7     8.34187e-9       #dY:2.5%   
  0.88            3.289488e-7     8.309e-9         #dY:2.5%   
  0.89            3.285362e-7     8.29067e-9       #dY:2.5%   
  0.9             3.281217e-7     8.28172e-9       #dY:2.5%   
  0.91            3.277051e-7     8.28087e-9       #dY:2.5%   
  0.92            3.272839e-7     8.2819e-9        #dY:2.5%   
  0.93            3.268641e-7     8.2764e-9        #dY:2.5%   
  0.94            3.264353e-7     8.26867e-9       #dY:2.5%   
  0.95            3.259959e-7     8.25887e-9       #dY:2.5%   
  0.96            3.255403e-7     8.24518e-9       #dY:2.5%   
  0.97            3.250617e-7     8.23323e-9       #dY:2.5%   
  0.98            3.245687e-7     8.22547e-9       #dY:2.5%   
  0.99            3.240674e-7     8.21931e-9       #dY:2.5%   
  1               3.235547e-7     8.21429e-9       #dY:2.5%   
  1.1             3.177347e-7     8.07417e-9       #dY:2.5%   
  1.2             3.106512e-7     7.75743e-9       #dY:2.5%   
  1.3             3.024281e-7     7.25316e-9       #dY:2.4%   
  1.4             2.93301e-7      6.55984e-9       #dY:2.2%   
  1.5             2.835643e-7     5.91153e-9       #dY:2.1%   
  1.6             2.733396e-7     5.4617e-9        #dY:2.0%   
  1.7             2.630197e-7     5.2352e-9        #dY:2.0%   
  1.8             2.526715e-7     5.15996e-9       #dY:2.0%   
  1.9             2.424618e-7     5.21353e-9       #dY:2.2%   
  2               2.324605e-7     5.26743e-9       #dY:2.3%   
  2.1             2.226831e-7     5.33246e-9       #dY:2.4%   
  2.2             2.129812e-7     5.33358e-9       #dY:2.5%   
  2.3             2.035127e-7     5.29453e-9       #dY:2.6%   
  2.4             1.942307e-7     5.19889e-9       #dY:2.7%   
  2.5             1.853816e-7     5.07429e-9       #dY:2.7%   
  2.6             1.768894e-7     4.93591e-9       #dY:2.8%   
  2.7             1.686606e-7     4.77992e-9       #dY:2.8%   
  2.8             1.607267e-7     4.57659e-9       #dY:2.8%   
  2.9             1.527773e-7     4.32208e-9       #dY:2.8%   
  3               1.451907e-7     4.06564e-9       #dY:2.8%   
  3.1             1.371848e-7     3.81891e-9       #dY:2.8%   
  3.2             1.295979e-7     3.61503e-9       #dY:2.8%   
  3.3             1.220927e-7     3.44897e-9       #dY:2.8%   
  3.4             1.149924e-7     3.30776e-9       #dY:2.9%   
  3.5             1.083937e-7     3.19124e-9       #dY:2.9%   
  3.6             1.019991e-7     3.09537e-9       #dY:3.0%   
  3.7             9.58718e-8      3.03804e-9       #dY:3.2%   
  3.8             9.017833e-8     3.05322e-9       #dY:3.4%   
  3.9             8.492952e-8     3.13018e-9       #dY:3.7%   
  4               8.009108e-8     3.21403e-9       #dY:4.0%   
  4.1             7.556765e-8     3.39345e-9       #dY:4.5%   
  4.2             7.130721e-8     3.38802e-9       #dY:4.8%   
  4.3             6.7278e-8       3.43465e-9       #dY:5.1%   
  4.4             6.347101e-8     3.38264e-9       #dY:5.3%   
  4.5             5.986588e-8     3.10734e-9       #dY:5.2%   
  4.6             5.64562e-8      2.79483e-9       #dY:5.0%   
  4.7             5.322569e-8     2.48051e-9       #dY:4.7%   
  4.8             5.017069e-8     2.14928e-9       #dY:4.3%   
  4.9             4.727791e-8     1.84193e-9       #dY:3.9%   
  5               4.454238e-8     1.62858e-9       #dY:3.7%   
  5.1             4.19555e-8      1.51891e-9       #dY:3.6%   
  5.2             3.951011e-8     1.44875e-9       #dY:3.7%   
  5.3             3.71996e-8      1.38634e-9       #dY:3.7%   
  5.4             3.501547e-8     1.32957e-9       #dY:3.8%   
  5.5             3.295097e-8     1.27495e-9       #dY:3.9%   
  5.6             3.100221e-8     1.22149e-9       #dY:3.9%   
  5.7             2.916077e-8     1.17181e-9       #dY:4.0%   
  5.8             2.741842e-8     1.12476e-9       #dY:4.1%   
  5.9             2.577451e-8     1.07933e-9       #dY:4.2%   
  6               2.422093e-8     1.03765e-9       #dY:4.3%   
  6.1             2.275207e-8     9.99101e-10      #dY:4.4%   
  6.2             2.136595e-8     9.61924e-10      #dY:4.5%   
  6.3             2.005813e-8     9.26937e-10      #dY:4.6%   
  6.4             1.882225e-8     8.93863e-10      #dY:4.7%   
  6.5             1.765659e-8     8.60424e-10      #dY:4.9%   
  6.6             1.655927e-8     8.27553e-10      #dY:5.0%   
  6.7             1.552531e-8     7.97115e-10      #dY:5.1%   
  6.8             1.455067e-8     7.66542e-10      #dY:5.3%   
  6.9             1.36339e-8      7.36445e-10      #dY:5.4%   
  7               1.277149e-8     7.08225e-10      #dY:5.5%   
  7.1             1.196044e-8     6.80911e-10      #dY:5.7%   
  7.2             1.119819e-8     6.53811e-10      #dY:5.8%   
  7.3             1.048186e-8     6.2789e-10       #dY:6.0%   
  7.4             9.809655e-9     6.03748e-10      #dY:6.2%   
  7.5             9.17871e-9      5.80582e-10      #dY:6.3%   
  7.6             8.58679e-9      5.58277e-10      #dY:6.5%   
  7.7             8.031622e-9     5.37226e-10      #dY:6.7%   
  7.8             7.511957e-9     5.17379e-10      #dY:6.9%   
  7.9             7.025221e-9     4.98252e-10      #dY:7.1%   
  8               6.568618e-9     4.79879e-10      #dY:7.3%   
  8.1             6.141156e-9     4.62464e-10      #dY:7.5%   
  8.2             5.741166e-9     4.45679e-10      #dY:7.8%   
  8.3             5.366947e-9     4.29625e-10      #dY:8.0%   
  8.4             5.016397e-9     4.13911e-10      #dY:8.3%   
  8.5             4.688587e-9     3.98914e-10      #dY:8.5%   
  8.6             4.382364e-9     3.84611e-10      #dY:8.8%   
  8.7             4.095381e-9     3.70547e-10      #dY:9.0%   
  8.8             3.827188e-9     3.57001e-10      #dY:9.3%   
  8.9             3.576617e-9     3.43984e-10      #dY:9.6%   
  9               3.342648e-9     3.31402e-10      #dY:9.9%   
  9.1             3.123826e-9     3.19017e-10      #dY:10.2%  
  9.2             2.91921e-9      3.07074e-10      #dY:10.5%  
  9.3             2.728057e-9     2.95644e-10      #dY:10.8%  
  9.4             2.549297e-9     2.84468e-10      #dY:11.2%  
  9.5             2.382222e-9     2.73739e-10      #dY:11.5%  
  9.6             2.226213e-9     2.63396e-10      #dY:11.8%  
  9.7             2.080527e-9     2.5336e-10       #dY:12.2%  
  9.8             1.944363e-9     2.43621e-10      #dY:12.5%  
  9.9             1.817117e-9     2.34242e-10      #dY:12.9%  
  10              1.698223e-9     2.25214e-10      #dY:13.3%  
  10.2            1.483279e-9     2.02317e-10      #dY:13.6%  
  10.4            1.295669e-9     1.80366e-10      #dY:13.9%  
  10.6            1.131949e-9     1.6651e-10       #dY:14.7%  
  10.8            9.89044e-10     1.53659e-10      #dY:15.5%  
  11              8.64134e-10     1.41652e-10      #dY:16.4%  
  11.2            7.55089e-10     1.30499e-10      #dY:17.3%  
  11.4            6.59821e-10     1.20072e-10      #dY:18.2%  
  11.6            5.76536e-10     1.10404e-10      #dY:19.1%  
  11.8            5.03754e-10     1.0134e-10       #dY:20.1%  
  12              4.40164e-10     9.29381e-11      #dY:21.1%  
  12.2            3.84568e-10     8.51179e-11      #dY:22.1%  
  12.4            3.35964e-10     7.78514e-11      #dY:23.2%  
  12.6            2.93477e-10     7.11144e-11      #dY:24.2%  
  12.8            2.56335e-10     6.48706e-11      #dY:25.3%  
  13              2.23853e-10     5.90893e-11      #dY:26.4%  
  13.2            1.95464e-10     5.37309e-11      #dY:27.5%  
  13.4            1.70641e-10     4.87906e-11      #dY:28.6%  
  13.6            1.48952e-10     4.42309e-11      #dY:29.7%  
  13.8            1.30004e-10     4.0048e-11       #dY:30.8%  
  14              1.13455e-10     3.62228e-11      #dY:31.9%  
  14.2            9.89938e-11     3.27281e-11      #dY:33.1%  
  14.4            8.63649e-11     2.95363e-11      #dY:34.2%  
  14.6            7.53332e-11     2.66265e-11      #dY:35.3%  
  14.8            6.5699e-11      2.39766e-11      #dY:36.5%  
  15              5.72886e-11     2.15645e-11      #dY:37.6%  
  15.2            4.99507e-11     1.93813e-11      #dY:38.8%  
  15.4            4.35479e-11     1.7407e-11       #dY:40.0%  
  15.6            3.7962e-11      1.56258e-11      #dY:41.2%  
  15.8            3.30895e-11     1.4017e-11       #dY:42.4%  
  16              2.88387e-11     1.25663e-11      #dY:43.6%  
  16.2            2.51311e-11     1.1259e-11       #dY:44.8%  
  16.4            2.1898e-11      1.00814e-11      #dY:46.0%  
  16.6            1.90797e-11     9.02322e-12      #dY:47.3%  
  16.8            1.66229e-11     8.07311e-12      #dY:48.6%  
  17              1.44814e-11     7.22058e-12      #dY:49.9%  
  17.2            1.2615e-11      6.45573e-12      #dY:51.2%  
  17.4            1.09882e-11     5.77005e-12      #dY:52.5%  
  17.6            9.57055e-12     5.15559e-12      #dY:53.9%  
  17.8            8.33566e-12     4.60513e-12      #dY:55.2%  
  18              7.26006e-12     4.11248e-12      #dY:56.6%  
  18.2            6.32302e-12     3.67144e-12      #dY:58.1%  
  18.4            5.50697e-12     3.27689e-12      #dY:59.5%  
  18.6            4.79628e-12     2.9242e-12       #dY:61.0%  
  18.8            4.17725e-12     2.60893e-12      #dY:62.5%  
  19              3.63822e-12     2.32712e-12      #dY:64.0%  
  19.2            3.16893e-12     2.07544e-12      #dY:65.5%  
  19.4            2.76024e-12     1.85058e-12      #dY:67.0%  
  19.6            2.40441e-12     1.64976e-12      #dY:68.6%  
  19.8            2.09468e-12     1.47061e-12      #dY:70.2%  
  20              1.82494e-12     1.31071e-12      #dY:71.8%  
  20.2            1.59006e-12     1.16798e-12      #dY:73.5%  
  20.4            1.38552e-12     1.04069e-12      #dY:75.1%  
  20.6            1.20734e-12     9.27109e-13      #dY:76.8%  
  20.8            1.05215e-12     8.25791e-13      #dY:78.5%  
  21              9.17005e-13     7.35515e-13      #dY:80.2%  
  21.2            7.99293e-13     6.55036e-13      #dY:82.0%  
  21.4            6.96742e-13     5.83284e-13      #dY:83.7%  
  21.6            6.07395e-13     5.19346e-13      #dY:85.5%  
  21.8            5.29517e-13     4.62352e-13      #dY:87.3%  
  22              4.61648e-13     4.11552e-13      #dY:89.1%  
  22.2            4.02501e-13     3.66304e-13      #dY:91.0%  
  22.4            3.50948e-13     3.25998e-13      #dY:92.9%  
  22.6            3.06014e-13     2.90102e-13      #dY:94.8%  
  22.8            2.66843e-13     2.58131e-13      #dY:96.7%  
  23              2.32686e-13     2.29649e-13      #dY:98.7%  
  23.2            2.02904e-13     2.04288e-13      #dY:100.7% 
  23.4            1.76934e-13     1.81706e-13      #dY:102.7% 
  23.6            1.54292e-13     1.61605e-13      #dY:104.7% 
  23.8            1.3455e-13      1.43712e-13      #dY:106.8% 
  24              1.17336e-13     1.27789e-13      #dY:108.9% 
  24.2            1.02325e-13     1.13617e-13      #dY:111.0% 
  24.4            8.92361e-14     1.01006e-13      #dY:113.2% 
  24.6            7.78232e-14     8.97834e-14      #dY:115.4% 
  24.8            6.78712e-14     7.98006e-14      #dY:117.6% 
  25              5.91917e-14     7.09198e-14      #dY:119.8% 
  25.2            5.16218e-14     6.30188e-14      #dY:122.1% 
  25.4            4.50186e-14     5.59899e-14      #dY:124.4% 
  25.6            3.92605e-14     4.97419e-14      #dY:126.7% 
  25.8            3.42372e-14     4.41846e-14      #dY:129.1% 
  26              2.9856e-14      3.92421e-14      #dY:131.4% 
  26.2            2.60349e-14     3.48491e-14      #dY:133.9% 
  26.4            2.27023e-14     3.09444e-14      #dY:136.3% 
  26.6            1.97957e-14     2.74725e-14      #dY:138.8% 
  26.8            1.72606e-14     2.43877e-14      #dY:141.3% 
  27              1.50497e-14     2.16455e-14      #dY:143.8% 
  27.2            1.31218e-14     1.92097e-14      #dY:146.4% 
  27.4            1.14404e-14     1.70456e-14      #dY:149.0% 
  27.6            9.97401e-15     1.51228e-14      #dY:151.6% 
  27.8            8.6954e-15      1.34151e-14      #dY:154.3% 
  28              7.58049e-15     1.18994e-14      #dY:157.0% 
  28.2            6.60817e-15     1.05536e-14      #dY:159.7% 
  28.4            5.76029e-15     9.35863e-15      #dY:162.5% 
  28.6            5.02103e-15     8.29829e-15      #dY:165.3% 
  28.8            4.37633e-15     7.35696e-15      #dY:168.1% 
  29              3.81421e-15     6.52144e-15      #dY:171.0% 
  29.2            3.32404e-15     5.77999e-15      #dY:173.9% 
  29.4            2.89666e-15     5.12206e-15      #dY:176.8% 
  29.6            2.52407e-15     4.53837e-15      #dY:179.8% 
  29.8            2.19921e-15     4.02055e-15      #dY:182.8% 
  30              0.00            0.00                        
//
#-------------------------------------------------------------------------------
#
#name:   INDEN-Aug2023: PU-239(N,F) E_in=10. MeV
#X.axis: Energy
#Y.axis: 
#wdata:  3
#ldata:  642
#data...
# X               Y               +-dY           
# MeV             1/eV            1/eV           
  0.00            0.00            0.00                        
  1.00e-5         1.705967e-9     5.45765e-11      #dY:3.2%   
  1.10e-5         1.789342e-9     5.72438e-11      #dY:3.2%   
  1.20e-5         1.869028e-9     3.06067e-10      #dY:16.4%  
  1.30e-5         1.945464e-9     3.17911e-10      #dY:16.3%  
  1.40e-5         2.019021e-9     3.29335e-10      #dY:16.3%  
  1.50e-5         2.089982e-9     3.40388e-10      #dY:16.3%  
  1.60e-5         2.158655e-9     3.51096e-10      #dY:16.3%  
  1.70e-5         2.225204e-9     3.61498e-10      #dY:16.2%  
  1.80e-5         2.289828e-9     3.71611e-10      #dY:16.2%  
  1.90e-5         2.352679e-9     3.81453e-10      #dY:16.2%  
  2.00e-5         2.41391e-9      3.91053e-10      #dY:16.2%  
  2.10e-5         2.47364e-9      4.00423e-10      #dY:16.2%  
  2.20e-5         2.531963e-9     4.09589e-10      #dY:16.2%  
  2.30e-5         2.588986e-9     4.18551e-10      #dY:16.2%  
  2.40e-5         2.644779e-9     4.27318e-10      #dY:16.2%  
  2.50e-5         2.699434e-9     4.35917e-10      #dY:16.1%  
  2.60e-5         2.753003e-9     4.44352e-10      #dY:16.1%  
  2.70e-5         2.805555e-9     4.52619e-10      #dY:16.1%  
  2.80e-5         2.85714e-9      4.60746e-10      #dY:16.1%  
  2.90e-5         2.907849e-9     4.68732e-10      #dY:16.1%  
  3.00e-5         2.957654e-9     4.76587e-10      #dY:16.1%  
  3.10e-5         3.006662e-9     4.84301e-10      #dY:16.1%  
  3.20e-5         3.054877e-9     4.91907e-10      #dY:16.1%  
  3.30e-5         3.102357e-9     4.99391e-10      #dY:16.1%  
  3.40e-5         3.149111e-9     5.06772e-10      #dY:16.1%  
  3.50e-5         3.195213e-9     5.14035e-10      #dY:16.1%  
  3.60e-5         3.240651e-9     5.21206e-10      #dY:16.1%  
  3.70e-5         3.285453e-9     5.28278e-10      #dY:16.1%  
  3.80e-5         3.329665e-9     5.35251e-10      #dY:16.1%  
  3.90e-5         3.373312e-9     5.42141e-10      #dY:16.1%  
  4.00e-5         3.41639e-9      5.48939e-10      #dY:16.1%  
  4.10e-5         3.458955e-9     5.55668e-10      #dY:16.1%  
  4.20e-5         3.50099e-9      5.62299e-10      #dY:16.1%  
  4.30e-5         3.542533e-9     5.68858e-10      #dY:16.1%  
  4.40e-5         3.583606e-9     5.75339e-10      #dY:16.1%  
  4.50e-5         3.6242e-9       5.81752e-10      #dY:16.1%  
  4.60e-5         3.664364e-9     5.88091e-10      #dY:16.0%  
  4.70e-5         3.704093e-9     5.94366e-10      #dY:16.0%  
  4.80e-5         3.743397e-9     6.00574e-10      #dY:16.0%  
  4.90e-5         3.782304e-9     6.06712e-10      #dY:16.0%  
  5.00e-5         3.8208e-9       6.12798e-10      #dY:16.0%  
  5.10e-5         3.858942e-9     6.18813e-10      #dY:16.0%  
  5.20e-5         3.896707e-9     6.24782e-10      #dY:16.0%  
  5.30e-5         3.934109e-9     6.30681e-10      #dY:16.0%  
  5.40e-5         3.971164e-9     6.36543e-10      #dY:16.0%  
  5.50e-5         4.007862e-9     6.42336e-10      #dY:16.0%  
  5.60e-5         4.044252e-9     6.48076e-10      #dY:16.0%  
  5.70e-5         4.080312e-9     6.53777e-10      #dY:16.0%  
  5.80e-5         4.116061e-9     6.59415e-10      #dY:16.0%  
  5.90e-5         4.1515e-9       6.65023e-10      #dY:16.0%  
  6.00e-5         4.186638e-9     6.70565e-10      #dY:16.0%  
  6.10e-5         4.221499e-9     6.76072e-10      #dY:16.0%  
  6.20e-5         4.256073e-9     6.8153e-10       #dY:16.0%  
  6.30e-5         4.290366e-9     6.86949e-10      #dY:16.0%  
  6.40e-5         4.324395e-9     6.92324e-10      #dY:16.0%  
  6.50e-5         4.358155e-9     6.97652e-10      #dY:16.0%  
  6.60e-5         4.391671e-9     7.02942e-10      #dY:16.0%  
  6.70e-5         4.424921e-9     7.08194e-10      #dY:16.0%  
  6.80e-5         4.457936e-9     7.1341e-10       #dY:16.0%  
  6.90e-5         4.490722e-9     7.18577e-10      #dY:16.0%  
  7.00e-5         4.523237e-9     7.23722e-10      #dY:16.0%  
  7.10e-5         4.555538e-9     7.28819e-10      #dY:16.0%  
  7.20e-5         4.587615e-9     7.33878e-10      #dY:16.0%  
  7.30e-5         4.619466e-9     7.38911e-10      #dY:16.0%  
  7.40e-5         4.651127e-9     7.43907e-10      #dY:16.0%  
  7.50e-5         4.682542e-9     7.48872e-10      #dY:16.0%  
  7.60e-5         4.713794e-9     7.53794e-10      #dY:16.0%  
  7.70e-5         4.74481e-9      7.587e-10        #dY:16.0%  
  7.80e-5         4.775622e-9     7.63562e-10      #dY:16.0%  
  7.90e-5         4.806246e-9     7.68392e-10      #dY:16.0%  
  8.00e-5         4.836685e-9     7.732e-10        #dY:16.0%  
  8.10e-5         4.86693e-9      7.7798e-10       #dY:16.0%  
  8.20e-5         4.896991e-9     7.82717e-10      #dY:16.0%  
  8.30e-5         4.926878e-9     7.87433e-10      #dY:16.0%  
  8.40e-5         4.95658e-9      7.9212e-10       #dY:16.0%  
  8.50e-5         4.986101e-9     7.96778e-10      #dY:16.0%  
  8.60e-5         5.015455e-9     8.0141e-10       #dY:16.0%  
  8.70e-5         5.044636e-9     8.06022e-10      #dY:16.0%  
  8.80e-5         5.073656e-9     8.1059e-10       #dY:16.0%  
  8.90e-5         5.102521e-9     8.15148e-10      #dY:16.0%  
  9.00e-5         5.131208e-9     8.19678e-10      #dY:16.0%  
  9.10e-5         5.159753e-9     8.24179e-10      #dY:16.0%  
  9.20e-5         5.188132e-9     8.28652e-10      #dY:16.0%  
  9.30e-5         5.216373e-9     8.33105e-10      #dY:16.0%  
  9.40e-5         5.244436e-9     8.37534e-10      #dY:16.0%  
  9.50e-5         5.272381e-9     8.41939e-10      #dY:16.0%  
  9.60e-5         5.300167e-9     8.4633e-10       #dY:16.0%  
  9.70e-5         5.327801e-9     8.50687e-10      #dY:16.0%  
  9.80e-5         5.355311e-9     8.55024e-10      #dY:16.0%  
  9.90e-5         5.382674e-9     8.59333e-10      #dY:16.0%  
  1.00e-4         5.4099e-9       8.63628e-10      #dY:16.0%  
  1.10e-4         5.675067e-9     9.05904e-10      #dY:16.0%  
  1.20e-4         5.928542e-9     9.6623e-10       #dY:16.3%  
  1.30e-4         6.171734e-9     1.0035e-9        #dY:16.3%  
  1.40e-4         6.405821e-9     1.03944e-9       #dY:16.2%  
  1.50e-4         6.631762e-9     1.0742e-9        #dY:16.2%  
  1.60e-4         6.850368e-9     1.10787e-9       #dY:16.2%  
  1.70e-4         7.062311e-9     1.14055e-9       #dY:16.1%  
  1.80e-4         7.268155e-9     1.17234e-9       #dY:16.1%  
  1.90e-4         7.468422e-9     1.20327e-9       #dY:16.1%  
  2.00e-4         7.663544e-9     1.23343e-9       #dY:16.1%  
  2.10e-4         7.853885e-9     1.26284e-9       #dY:16.1%  
  2.20e-4         8.039817e-9     1.2916e-9        #dY:16.1%  
  2.30e-4         8.221607e-9     1.31972e-9       #dY:16.1%  
  2.40e-4         8.399513e-9     1.34723e-9       #dY:16.0%  
  2.50e-4         8.573805e-9     1.37419e-9       #dY:16.0%  
  2.60e-4         8.744698e-9     1.40063e-9       #dY:16.0%  
  2.70e-4         8.91237e-9      1.42658e-9       #dY:16.0%  
  2.80e-4         9.077007e-9     1.45204e-9       #dY:16.0%  
  2.90e-4         9.238756e-9     1.47706e-9       #dY:16.0%  
  3.00e-4         9.397781e-9     1.50165e-9       #dY:16.0%  
  3.10e-4         9.554206e-9     1.52585e-9       #dY:16.0%  
  3.20e-4         9.708165e-9     1.54964e-9       #dY:16.0%  
  3.30e-4         9.859772e-9     1.5731e-9        #dY:16.0%  
  3.40e-4         1.000914e-8     1.59617e-9       #dY:15.9%  
  3.50e-4         1.015631e-8     1.61892e-9       #dY:15.9%  
  3.60e-4         1.030151e-8     1.64134e-9       #dY:15.9%  
  3.70e-4         1.044465e-8     1.66345e-9       #dY:15.9%  
  3.80e-4         1.058585e-8     1.68524e-9       #dY:15.9%  
  3.90e-4         1.072532e-8     1.70673e-9       #dY:15.9%  
  4.00e-4         1.086304e-8     1.72802e-9       #dY:15.9%  
  4.10e-4         1.099905e-8     1.749e-9         #dY:15.9%  
  4.20e-4         1.113344e-8     1.7697e-9        #dY:15.9%  
  4.30e-4         1.12663e-8      1.79023e-9       #dY:15.9%  
  4.40e-4         1.139758e-8     1.81046e-9       #dY:15.9%  
  4.50e-4         1.152749e-8     1.83047e-9       #dY:15.9%  
  4.60e-4         1.165593e-8     1.85032e-9       #dY:15.9%  
  4.70e-4         1.178302e-8     1.8699e-9        #dY:15.9%  
  4.80e-4         1.190885e-8     1.88925e-9       #dY:15.9%  
  4.90e-4         1.203327e-8     1.90837e-9       #dY:15.9%  
  5.00e-4         1.215641e-8     1.92735e-9       #dY:15.9%  
  5.10e-4         1.227858e-8     1.94605e-9       #dY:15.8%  
  5.20e-4         1.239935e-8     1.96471e-9       #dY:15.8%  
  5.30e-4         1.251899e-8     1.98313e-9       #dY:15.8%  
  5.40e-4         1.263761e-8     2.00131e-9       #dY:15.8%  
  5.50e-4         1.275513e-8     2.01936e-9       #dY:15.8%  
  5.60e-4         1.287161e-8     2.03722e-9       #dY:15.8%  
  5.70e-4         1.298718e-8     2.05492e-9       #dY:15.8%  
  5.80e-4         1.310165e-8     2.07255e-9       #dY:15.8%  
  5.90e-4         1.32151e-8      2.08996e-9       #dY:15.8%  
  6.00e-4         1.332762e-8     2.10717e-9       #dY:15.8%  
  6.10e-4         1.34393e-8      2.1243e-9        #dY:15.8%  
  6.20e-4         1.355001e-8     2.14129e-9       #dY:15.8%  
  6.30e-4         1.365996e-8     2.15806e-9       #dY:15.8%  
  6.40e-4         1.376899e-8     2.17479e-9       #dY:15.8%  
  6.50e-4         1.387717e-8     2.19127e-9       #dY:15.8%  
  6.60e-4         1.398456e-8     2.20771e-9       #dY:15.8%  
  6.70e-4         1.409109e-8     2.22402e-9       #dY:15.8%  
  6.80e-4         1.419686e-8     2.24014e-9       #dY:15.8%  
  6.90e-4         1.430187e-8     2.25622e-9       #dY:15.8%  
  7.00e-4         1.440639e-8     2.27214e-9       #dY:15.8%  
  7.10e-4         1.45098e-8      2.28805e-9       #dY:15.8%  
  7.20e-4         1.461268e-8     2.30363e-9       #dY:15.8%  
  7.30e-4         1.471482e-8     2.31921e-9       #dY:15.8%  
  7.40e-4         1.481635e-8     2.33471e-9       #dY:15.8%  
  7.50e-4         1.491705e-8     2.34999e-9       #dY:15.8%  
  7.60e-4         1.501722e-8     2.36527e-9       #dY:15.8%  
  7.70e-4         1.511672e-8     2.38047e-9       #dY:15.7%  
  7.80e-4         1.52156e-8      2.39547e-9       #dY:15.7%  
  7.90e-4         1.531381e-8     2.41047e-9       #dY:15.7%  
  8.00e-4         1.541154e-8     2.42529e-9       #dY:15.7%  
  8.10e-4         1.550854e-8     2.44007e-9       #dY:15.7%  
  8.20e-4         1.560485e-8     2.45468e-9       #dY:15.7%  
  8.30e-4         1.570102e-8     2.46927e-9       #dY:15.7%  
  8.40e-4         1.579629e-8     2.48383e-9       #dY:15.7%  
  8.50e-4         1.589095e-8     2.49815e-9       #dY:15.7%  
  8.60e-4         1.598512e-8     2.51237e-9       #dY:15.7%  
  8.70e-4         1.607889e-8     2.52669e-9       #dY:15.7%  
  8.80e-4         1.617203e-8     2.54085e-9       #dY:15.7%  
  8.90e-4         1.626468e-8     2.55478e-9       #dY:15.7%  
  9.00e-4         1.635682e-8     2.56872e-9       #dY:15.7%  
  9.10e-4         1.644843e-8     2.58268e-9       #dY:15.7%  
  9.20e-4         1.653964e-8     2.59649e-9       #dY:15.7%  
  9.30e-4         1.663026e-8     2.61024e-9       #dY:15.7%  
  9.40e-4         1.67204e-8      2.62378e-9       #dY:15.7%  
  9.50e-4         1.681015e-8     2.63737e-9       #dY:15.7%  
  9.60e-4         1.689936e-8     2.65095e-9       #dY:15.7%  
  9.70e-4         1.698826e-8     2.66431e-9       #dY:15.7%  
  9.80e-4         1.707652e-8     2.6777e-9        #dY:15.7%  
  9.90e-4         1.71645e-8      2.69099e-9       #dY:15.7%  
  1.00e-3         1.725201e-8     2.70426e-9       #dY:15.7%  
  1.10e-3         1.810413e-8     2.83731e-9       #dY:15.7%  
  1.20e-3         1.891922e-8     3.02398e-9       #dY:16.0%  
  1.30e-3         1.970178e-8     3.13791e-9       #dY:15.9%  
  1.40e-3         2.045542e-8     3.24751e-9       #dY:15.9%  
  1.50e-3         2.118321e-8     3.35334e-9       #dY:15.8%  
  1.60e-3         2.188765e-8     3.45566e-9       #dY:15.8%  
  1.70e-3         2.257082e-8     3.55458e-9       #dY:15.7%  
  1.80e-3         2.323482e-8     3.65072e-9       #dY:15.7%  
  1.90e-3         2.388098e-8     3.74411e-9       #dY:15.7%  
  2.00e-3         2.451077e-8     3.83501e-9       #dY:15.6%  
  2.10e-3         2.512558e-8     3.92355e-9       #dY:15.6%  
  2.20e-3         2.572602e-8     4.00986e-9       #dY:15.6%  
  2.30e-3         2.631353e-8     4.09401e-9       #dY:15.6%  
  2.40e-3         2.68886e-8      4.17629e-9       #dY:15.5%  
  2.50e-3         2.745227e-8     4.25672e-9       #dY:15.5%  
  2.60e-3         2.800509e-8     4.33536e-9       #dY:15.5%  
  2.70e-3         2.854759e-8     4.41239e-9       #dY:15.5%  
  2.80e-3         2.908044e-8     4.48782e-9       #dY:15.4%  
  2.90e-3         2.960405e-8     4.56178e-9       #dY:15.4%  
  3.00e-3         3.011908e-8     4.63434e-9       #dY:15.4%  
  3.10e-3         3.062582e-8     4.70555e-9       #dY:15.4%  
  3.20e-3         3.112464e-8     4.77545e-9       #dY:15.3%  
  3.30e-3         3.161567e-8     4.84415e-9       #dY:15.3%  
  3.40e-3         3.21e-8         4.91155e-9       #dY:15.3%  
  3.50e-3         3.257737e-8     4.97798e-9       #dY:15.3%  
  3.60e-3         3.304795e-8     5.04324e-9       #dY:15.3%  
  3.70e-3         3.351251e-8     5.10747e-9       #dY:15.2%  
  3.80e-3         3.39708e-8      5.17081e-9       #dY:15.2%  
  3.90e-3         3.442333e-8     5.23299e-9       #dY:15.2%  
  4.00e-3         3.487034e-8     5.29439e-9       #dY:15.2%  
  4.10e-3         3.531191e-8     5.35486e-9       #dY:15.2%  
  4.20e-3         3.574825e-8     5.41444e-9       #dY:15.1%  
  4.30e-3         3.617976e-8     5.4733e-9        #dY:15.1%  
  4.40e-3         3.660625e-8     5.53134e-9       #dY:15.1%  
  4.50e-3         3.70282e-8      5.58856e-9       #dY:15.1%  
  4.60e-3         3.744555e-8     5.64505e-9       #dY:15.1%  
  4.70e-3         3.785854e-8     5.70075e-9       #dY:15.1%  
  4.80e-3         3.826744e-8     5.75572e-9       #dY:15.0%  
  4.90e-3         3.867209e-8     5.81016e-9       #dY:15.0%  
  5.00e-3         3.90728e-8      5.86376e-9       #dY:15.0%  
  5.10e-3         3.946961e-8     5.91683e-9       #dY:15.0%  
  5.20e-3         3.986261e-8     5.96926e-9       #dY:15.0%  
  5.30e-3         4.025211e-8     6.02103e-9       #dY:15.0%  
  5.40e-3         4.063802e-8     6.07231e-9       #dY:14.9%  
  5.50e-3         4.102065e-8     6.12309e-9       #dY:14.9%  
  5.60e-3         4.139966e-8     6.17321e-9       #dY:14.9%  
  5.70e-3         4.177565e-8     6.22274e-9       #dY:14.9%  
  5.80e-3         4.214836e-8     6.27177e-9       #dY:14.9%  
  5.90e-3         4.251792e-8     6.32022e-9       #dY:14.9%  
  6.00e-3         4.288452e-8     6.36814e-9       #dY:14.8%  
  6.10e-3         4.324819e-8     6.41562e-9       #dY:14.8%  
  6.20e-3         4.36089e-8      6.46268e-9       #dY:14.8%  
  6.30e-3         4.396696e-8     6.50916e-9       #dY:14.8%  
  6.40e-3         4.432223e-8     6.55522e-9       #dY:14.8%  
  6.50e-3         4.467479e-8     6.60083e-9       #dY:14.8%  
  6.60e-3         4.502486e-8     6.64596e-9       #dY:14.8%  
  6.70e-3         4.537226e-8     6.69081e-9       #dY:14.7%  
  6.80e-3         4.571724e-8     6.73512e-9       #dY:14.7%  
  6.90e-3         4.605974e-8     6.77897e-9       #dY:14.7%  
  7.00e-3         4.639984e-8     6.8225e-9        #dY:14.7%  
  7.10e-3         4.673761e-8     6.86557e-9       #dY:14.7%  
  7.20e-3         4.707312e-8     6.90816e-9       #dY:14.7%  
  7.30e-3         4.740632e-8     6.95045e-9       #dY:14.7%  
  7.40e-3         4.773734e-8     6.99235e-9       #dY:14.6%  
  7.50e-3         4.806642e-8     7.03394e-9       #dY:14.6%  
  7.60e-3         4.839313e-8     7.07506e-9       #dY:14.6%  
  7.70e-3         4.871794e-8     7.11586e-9       #dY:14.6%  
  7.80e-3         4.904045e-8     7.15638e-9       #dY:14.6%  
  7.90e-3         4.936124e-8     7.1965e-9        #dY:14.6%  
  8.00e-3         4.968e-8        7.23634e-9       #dY:14.6%  
  8.10e-3         4.999706e-8     7.27581e-9       #dY:14.6%  
  8.20e-3         5.031184e-8     7.31497e-9       #dY:14.5%  
  8.30e-3         5.062504e-8     7.35378e-9       #dY:14.5%  
  8.40e-3         5.093647e-8     7.39243e-9       #dY:14.5%  
  8.50e-3         5.124582e-8     7.43054e-9       #dY:14.5%  
  8.60e-3         5.155365e-8     7.4684e-9        #dY:14.5%  
  8.70e-3         5.185981e-8     7.50608e-9       #dY:14.5%  
  8.80e-3         5.216394e-8     7.54341e-9       #dY:14.5%  
  8.90e-3         5.246675e-8     7.58037e-9       #dY:14.4%  
  9.00e-3         5.276777e-8     7.61724e-9       #dY:14.4%  
  9.10e-3         5.306732e-8     7.65371e-9       #dY:14.4%  
  9.20e-3         5.336524e-8     7.6899e-9        #dY:14.4%  
  9.30e-3         5.366141e-8     7.72587e-9       #dY:14.4%  
  9.40e-3         5.395632e-8     7.76147e-9       #dY:14.4%  
  9.50e-3         5.424958e-8     7.79686e-9       #dY:14.4%  
  9.60e-3         5.454139e-8     7.83197e-9       #dY:14.4%  
  9.70e-3         5.483179e-8     7.86678e-9       #dY:14.3%  
  9.80e-3         5.512064e-8     7.90142e-9       #dY:14.3%  
  9.90e-3         5.540813e-8     7.93561e-9       #dY:14.3%  
  0.01            5.569422e-8     7.96973e-9       #dY:14.3%  
  0.011           5.848238e-8     8.36154e-9       #dY:14.3%  
  0.012           6.115079e-8     8.8595e-9        #dY:14.5%  
  0.013           6.371394e-8     9.13676e-9       #dY:14.3%  
  0.014           6.618329e-8     9.39832e-9       #dY:14.2%  
  0.015           6.856837e-8     9.64568e-9       #dY:14.1%  
  0.016           7.087772e-8     9.87983e-9       #dY:13.9%  
  0.017           7.31178e-8      1.01028e-8       #dY:13.8%  
  0.018           7.529462e-8     1.03147e-8       #dY:13.7%  
  0.019           7.741303e-8     1.05167e-8       #dY:13.6%  
  0.02            7.947761e-8     1.07098e-8       #dY:13.5%  
  0.021           8.14922e-8      1.08948e-8       #dY:13.4%  
  0.022           8.346022e-8     1.10714e-8       #dY:13.3%  
  0.023           8.538463e-8     1.12406e-8       #dY:13.2%  
  0.024           8.726825e-8     1.14033e-8       #dY:13.1%  
  0.025           8.911343e-8     1.15599e-8       #dY:13.0%  
  0.026           9.09227e-8      1.17106e-8       #dY:12.9%  
  0.027           9.269762e-8     1.18557e-8       #dY:12.8%  
  0.028           9.444042e-8     1.19953e-8       #dY:12.7%  
  0.029           9.615283e-8     1.21293e-8       #dY:12.6%  
  0.03            9.783638e-8     1.22582e-8       #dY:12.5%  
  0.031           9.949216e-8     1.23824e-8       #dY:12.4%  
  0.032           1.011215e-7     1.25016e-8       #dY:12.4%  
  0.033           1.027265e-7     1.26162e-8       #dY:12.3%  
  0.034           1.043062e-7     1.27269e-8       #dY:12.2%  
  0.035           1.058644e-7     1.28331e-8       #dY:12.1%  
  0.036           1.073998e-7     1.29366e-8       #dY:12.0%  
  0.037           1.089132e-7     1.30355e-8       #dY:12.0%  
  0.038           1.104064e-7     1.31311e-8       #dY:11.9%  
  0.039           1.118803e-7     1.32235e-8       #dY:11.8%  
  0.04            1.133342e-7     1.33136e-8       #dY:11.7%  
  0.041           1.14772e-7      1.34004e-8       #dY:11.7%  
  0.042           1.161903e-7     1.3484e-8        #dY:11.6%  
  0.043           1.175917e-7     1.35639e-8       #dY:11.5%  
  0.044           1.189766e-7     1.36422e-8       #dY:11.5%  
  0.045           1.203453e-7     1.37187e-8       #dY:11.4%  
  0.046           1.216985e-7     1.37922e-8       #dY:11.3%  
  0.047           1.23038e-7      1.38641e-8       #dY:11.3%  
  0.048           1.243601e-7     1.39331e-8       #dY:11.2%  
  0.049           1.256692e-7     1.39996e-8       #dY:11.1%  
  0.05            1.269655e-7     1.40657e-8       #dY:11.1%  
  0.051           1.282465e-7     1.41295e-8       #dY:11.0%  
  0.052           1.295157e-7     1.41915e-8       #dY:11.0%  
  0.053           1.307725e-7     1.42525e-8       #dY:10.9%  
  0.054           1.320166e-7     1.43105e-8       #dY:10.8%  
  0.055           1.332491e-7     1.43671e-8       #dY:10.8%  
  0.056           1.344687e-7     1.44224e-8       #dY:10.7%  
  0.057           1.35678e-7      1.44747e-8       #dY:10.7%  
  0.058           1.368783e-7     1.45279e-8       #dY:10.6%  
  0.059           1.380636e-7     1.45789e-8       #dY:10.6%  
  0.06            1.392398e-7     1.46279e-8       #dY:10.5%  
  0.061           1.404053e-7     1.46757e-8       #dY:10.5%  
  0.062           1.415612e-7     1.47226e-8       #dY:10.4%  
  0.063           1.42705e-7      1.47687e-8       #dY:10.3%  
  0.064           1.43842e-7      1.48121e-8       #dY:10.3%  
  0.065           1.449685e-7     1.4856e-8        #dY:10.2%  
  0.066           1.460834e-7     1.48988e-8       #dY:10.2%  
  0.067           1.471913e-7     1.494e-8         #dY:10.2%  
  0.068           1.482899e-7     1.49794e-8       #dY:10.1%  
  0.069           1.493797e-7     1.50184e-8       #dY:10.1%  
  0.07            1.504614e-7     1.50557e-8       #dY:10.0%  
  0.071           1.515328e-7     1.50926e-8       #dY:10.0%  
  0.072           1.525973e-7     1.51277e-8       #dY:9.9%   
  0.073           1.536548e-7     1.51627e-8       #dY:9.9%   
  0.074           1.547031e-7     1.51969e-8       #dY:9.8%   
  0.075           1.557425e-7     1.52299e-8       #dY:9.8%   
  0.076           1.567772e-7     1.52623e-8       #dY:9.7%   
  0.077           1.578029e-7     1.52945e-8       #dY:9.7%   
  0.078           1.588208e-7     1.53242e-8       #dY:9.6%   
  0.079           1.598316e-7     1.53541e-8       #dY:9.6%   
  0.08            1.608366e-7     1.53832e-8       #dY:9.6%   
  0.081           1.618326e-7     1.54116e-8       #dY:9.5%   
  0.082           1.628237e-7     1.54387e-8       #dY:9.5%   
  0.083           1.638072e-7     1.54663e-8       #dY:9.4%   
  0.084           1.647844e-7     1.54921e-8       #dY:9.4%   
  0.085           1.657544e-7     1.55176e-8       #dY:9.4%   
  0.086           1.667176e-7     1.55421e-8       #dY:9.3%   
  0.087           1.676766e-7     1.55656e-8       #dY:9.3%   
  0.088           1.68628e-7      1.55901e-8       #dY:9.2%   
  0.089           1.695732e-7     1.56133e-8       #dY:9.2%   
  0.09            1.705132e-7     1.56362e-8       #dY:9.2%   
  0.091           1.714468e-7     1.56586e-8       #dY:9.1%   
  0.092           1.723743e-7     1.56799e-8       #dY:9.1%   
  0.093           1.732954e-7     1.57006e-8       #dY:9.1%   
  0.094           1.742116e-7     1.57197e-8       #dY:9.0%   
  0.095           1.75123e-7      1.574e-8         #dY:9.0%   
  0.096           1.760259e-7     1.57588e-8       #dY:9.0%   
  0.097           1.769251e-7     1.57765e-8       #dY:8.9%   
  0.098           1.778189e-7     1.5795e-8        #dY:8.9%   
  0.099           1.787072e-7     1.58131e-8       #dY:8.8%   
  0.1             1.795893e-7     1.58304e-8       #dY:8.8%   
  0.11            1.881454e-7     1.65215e-8       #dY:8.8%   
  0.12            1.962461e-7     1.69561e-8       #dY:8.6%   
  0.13            2.039407e-7     1.69857e-8       #dY:8.3%   
  0.14            2.112699e-7     1.69826e-8       #dY:8.0%   
  0.15            2.182655e-7     1.696e-8         #dY:7.8%   
  0.16            2.249521e-7     1.69272e-8       #dY:7.5%   
  0.17            2.313491e-7     1.68748e-8       #dY:7.3%   
  0.18            2.374838e-7     1.68031e-8       #dY:7.1%   
  0.19            2.433818e-7     1.67275e-8       #dY:6.9%   
  0.2             2.490552e-7     1.66393e-8       #dY:6.7%   
  0.21            2.538009e-7     1.64903e-8       #dY:6.5%   
  0.22            2.583587e-7     1.63164e-8       #dY:6.3%   
  0.23            2.627461e-7     1.61466e-8       #dY:6.1%   
  0.24            2.669811e-7     1.59729e-8       #dY:6.0%   
  0.25            2.710716e-7     1.58036e-8       #dY:5.8%   
  0.26            2.750197e-7     1.56271e-8       #dY:5.7%   
  0.27            2.788213e-7     1.54236e-8       #dY:5.5%   
  0.28            2.824911e-7     1.52208e-8       #dY:5.4%   
  0.29            2.860437e-7     1.50377e-8       #dY:5.3%   
  0.3             2.894882e-7     1.48754e-8       #dY:5.1%   
  0.31            2.921597e-7     1.47005e-8       #dY:5.0%   
  0.32            2.947304e-7     1.44961e-8       #dY:4.9%   
  0.33            2.971904e-7     1.43082e-8       #dY:4.8%   
  0.34            2.995543e-7     1.41256e-8       #dY:4.7%   
  0.35            3.018319e-7     1.39744e-8       #dY:4.6%   
  0.36            3.040199e-7     1.38462e-8       #dY:4.6%   
  0.37            3.06116e-7      1.37275e-8       #dY:4.5%   
  0.38            3.081054e-7     1.36235e-8       #dY:4.4%   
  0.39            3.10019e-7      1.35381e-8       #dY:4.4%   
  0.4             3.118678e-7     1.34834e-8       #dY:4.3%   
  0.41            3.132739e-7     1.34413e-8       #dY:4.3%   
  0.42            3.146213e-7     1.33798e-8       #dY:4.3%   
  0.43            3.159126e-7     1.33348e-8       #dY:4.2%   
  0.44            3.171341e-7     1.33113e-8       #dY:4.2%   
  0.45            3.182745e-7     1.32933e-8       #dY:4.2%   
  0.46            3.193555e-7     1.32654e-8       #dY:4.2%   
  0.47            3.203725e-7     1.32547e-8       #dY:4.1%   
  0.48            3.213323e-7     1.32383e-8       #dY:4.1%   
  0.49            3.22255e-7      1.32171e-8       #dY:4.1%   
  0.5             3.231325e-7     1.32101e-8       #dY:4.1%   
  0.51            3.237903e-7     1.31899e-8       #dY:4.1%   
  0.52            3.244038e-7     1.314e-8         #dY:4.1%   
  0.53            3.249765e-7     1.30868e-8       #dY:4.0%   
  0.54            3.255067e-7     1.30154e-8       #dY:4.0%   
  0.55            3.259979e-7     1.29208e-8       #dY:4.0%   
  0.56            3.264431e-7     1.28138e-8       #dY:3.9%   
  0.57            3.268389e-7     1.269e-8         #dY:3.9%   
  0.58            3.271937e-7     1.25392e-8       #dY:3.8%   
  0.59            3.275123e-7     1.2372e-8        #dY:3.8%   
  0.6             3.277884e-7     1.22211e-8       #dY:3.7%   
  0.61            3.279963e-7     1.20462e-8       #dY:3.7%   
  0.62            3.281918e-7     1.18389e-8       #dY:3.6%   
  0.63            3.283741e-7     1.16332e-8       #dY:3.5%   
  0.64            3.285222e-7     1.14616e-8       #dY:3.5%   
  0.65            3.286417e-7     1.12904e-8       #dY:3.4%   
  0.66            3.287244e-7     1.11223e-8       #dY:3.4%   
  0.67            3.287741e-7     1.09406e-8       #dY:3.3%   
  0.68            3.287782e-7     1.07676e-8       #dY:3.3%   
  0.69            3.287549e-7     1.05755e-8       #dY:3.2%   
  0.7             3.287022e-7     1.03698e-8       #dY:3.2%   
  0.71            3.286337e-7     1.01521e-8       #dY:3.1%   
  0.72            3.285525e-7     9.9352e-9        #dY:3.0%   
  0.73            3.284553e-7     9.73111e-9       #dY:3.0%   
  0.74            3.283594e-7     9.5341e-9        #dY:2.9%   
  0.75            3.282604e-7     9.36526e-9       #dY:2.9%   
  0.76            3.281392e-7     9.22403e-9       #dY:2.8%   
  0.77            3.279929e-7     9.10678e-9       #dY:2.8%   
  0.78            3.278343e-7     8.99644e-9       #dY:2.7%   
  0.79            3.276445e-7     8.89645e-9       #dY:2.7%   
  0.8             3.274424e-7     8.79979e-9       #dY:2.7%   
  0.81            3.272512e-7     8.71508e-9       #dY:2.7%   
  0.82            3.270387e-7     8.64108e-9       #dY:2.6%   
  0.83            3.268058e-7     8.57278e-9       #dY:2.6%   
  0.84            3.265543e-7     8.50558e-9       #dY:2.6%   
  0.85            3.262821e-7     8.44396e-9       #dY:2.6%   
  0.86            3.259898e-7     8.38922e-9       #dY:2.6%   
  0.87            3.256817e-7     8.34409e-9       #dY:2.6%   
  0.88            3.253522e-7     8.31117e-9       #dY:2.6%   
  0.89            3.25002e-7      8.29287e-9       #dY:2.6%   
  0.9             3.246491e-7     8.28391e-9       #dY:2.6%   
  0.91            3.242887e-7     8.28292e-9       #dY:2.6%   
  0.92            3.239252e-7     8.28393e-9       #dY:2.6%   
  0.93            3.235597e-7     8.27837e-9       #dY:2.6%   
  0.94            3.231857e-7     8.2706e-9        #dY:2.6%   
  0.95            3.228015e-7     8.26081e-9       #dY:2.6%   
  0.96            3.224028e-7     8.24717e-9       #dY:2.6%   
  0.97            3.21983e-7      8.23528e-9       #dY:2.6%   
  0.98            3.215464e-7     8.22749e-9       #dY:2.6%   
  0.99            3.211025e-7     8.22132e-9       #dY:2.6%   
  1               3.206471e-7     8.21631e-9       #dY:2.6%   
  1.1             3.153471e-7     8.08683e-9       #dY:2.6%   
  1.2             3.087543e-7     7.77425e-9       #dY:2.5%   
  1.3             3.009672e-7     7.26768e-9       #dY:2.4%   
  1.4             2.921911e-7     6.571e-9         #dY:2.2%   
  1.5             2.827219e-7     5.91952e-9       #dY:2.1%   
  1.6             2.727437e-7     5.4683e-9        #dY:2.0%   
  1.7             2.626564e-7     5.24151e-9       #dY:2.0%   
  1.8             2.524773e-7     5.16523e-9       #dY:2.0%   
  1.9             2.423244e-7     5.21621e-9       #dY:2.2%   
  2               2.322793e-7     5.26685e-9       #dY:2.3%   
  2.1             2.224332e-7     5.33005e-9       #dY:2.4%   
  2.2             2.127361e-7     5.33249e-9       #dY:2.5%   
  2.3             2.032676e-7     5.29417e-9       #dY:2.6%   
  2.4             1.940764e-7     5.20088e-9       #dY:2.7%   
  2.5             1.851189e-7     5.07219e-9       #dY:2.7%   
  2.6             1.764292e-7     4.92848e-9       #dY:2.8%   
  2.7             1.680168e-7     4.77119e-9       #dY:2.8%   
  2.8             1.598943e-7     4.56748e-9       #dY:2.9%   
  2.9             1.520956e-7     4.32217e-9       #dY:2.8%   
  3               1.44613e-7      4.06911e-9       #dY:2.8%   
  3.1             1.374258e-7     3.84186e-9       #dY:2.8%   
  3.2             1.304858e-7     3.64414e-9       #dY:2.8%   
  3.3             1.238369e-7     3.4835e-9        #dY:2.8%   
  3.4             1.174483e-7     3.34344e-9       #dY:2.8%   
  3.5             1.114668e-7     3.22459e-9       #dY:2.9%   
  3.6             1.057926e-7     3.13295e-9       #dY:3.0%   
  3.7             1.003746e-7     3.0802e-9        #dY:3.1%   
  3.8             9.528756e-8     3.09638e-9       #dY:3.2%   
  3.9             9.021299e-8     3.16157e-9       #dY:3.5%   
  4               8.544798e-8     3.23689e-9       #dY:3.8%   
  4.1             8.03388e-8      3.38917e-9       #dY:4.2%   
  4.2             7.549146e-8     3.3677e-9        #dY:4.5%   
  4.3             7.071951e-8     3.40287e-9       #dY:4.8%   
  4.4             6.627186e-8     3.3477e-9        #dY:5.1%   
  4.5             6.217276e-8     3.08003e-9       #dY:5.0%   
  4.6             5.821414e-8     2.76725e-9       #dY:4.8%   
  4.7             5.444577e-8     2.45169e-9       #dY:4.5%   
  4.8             5.097861e-8     2.12616e-9       #dY:4.2%   
  4.9             4.783353e-8     1.82773e-9       #dY:3.8%   
  5               4.497122e-8     1.62157e-9       #dY:3.6%   
  5.1             4.232841e-8     1.51616e-9       #dY:3.6%   
  5.2             3.985837e-8     1.44809e-9       #dY:3.6%   
  5.3             3.753507e-8     1.38657e-9       #dY:3.7%   
  5.4             3.534225e-8     1.33012e-9       #dY:3.8%   
  5.5             3.327043e-8     1.27561e-9       #dY:3.8%   
  5.6             3.131411e-8     1.22216e-9       #dY:3.9%   
  5.7             2.946488e-8     1.17245e-9       #dY:4.0%   
  5.8             2.771478e-8     1.1254e-9        #dY:4.1%   
  5.9             2.606255e-8     1.07994e-9       #dY:4.1%   
  6               2.450039e-8     1.03822e-9       #dY:4.2%   
  6.1             2.302284e-8     9.99645e-10      #dY:4.3%   
  6.2             2.162773e-8     9.62436e-10      #dY:4.5%   
  6.3             2.03113e-8      9.27442e-10      #dY:4.6%   
  6.4             1.906631e-8     8.94336e-10      #dY:4.7%   
  6.5             1.78918e-8      8.60876e-10      #dY:4.8%   
  6.6             1.678577e-8     8.27994e-10      #dY:4.9%   
  6.7             1.574319e-8     7.97539e-10      #dY:5.1%   
  6.8             1.475992e-8     7.66943e-10      #dY:5.2%   
  6.9             1.383476e-8     7.3683e-10       #dY:5.3%   
  7               1.296434e-8     7.08608e-10      #dY:5.5%   
  7.1             1.214494e-8     6.81257e-10      #dY:5.6%   
  7.2             1.137483e-8     6.54143e-10      #dY:5.8%   
  7.3             1.06511e-8      6.28231e-10      #dY:5.9%   
  7.4             9.971512e-9     6.04073e-10      #dY:6.1%   
  7.5             9.333522e-9     5.80896e-10      #dY:6.2%   
  7.6             8.734561e-9     5.5857e-10       #dY:6.4%   
  7.7             8.172773e-9     5.37513e-10      #dY:6.6%   
  7.8             7.646638e-9     5.17656e-10      #dY:6.8%   
  7.9             7.153736e-9     4.9852e-10       #dY:7.0%   
  8               6.691178e-9     4.8014e-10       #dY:7.2%   
  8.1             6.257913e-9     4.6271e-10       #dY:7.4%   
  8.2             5.852499e-9     4.45925e-10      #dY:7.6%   
  8.3             5.473023e-9     4.29864e-10      #dY:7.9%   
  8.4             5.117426e-9     4.14142e-10      #dY:8.1%   
  8.5             4.784766e-9     3.99136e-10      #dY:8.3%   
  8.6             4.473929e-9     3.84827e-10      #dY:8.6%   
  8.7             4.182495e-9     3.70755e-10      #dY:8.9%   
  8.8             3.910077e-9     3.57204e-10      #dY:9.1%   
  8.9             3.655443e-9     3.4418e-10       #dY:9.4%   
  9               3.41762e-9      3.31592e-10      #dY:9.7%   
  9.1             3.19525e-9      3.19215e-10      #dY:10.0%  
  9.2             2.98696e-9      3.07245e-10      #dY:10.3%  
  9.3             2.792445e-9     2.95809e-10      #dY:10.6%  
  9.4             2.610474e-9     2.84634e-10      #dY:10.9%  
  9.5             2.440361e-9     2.73903e-10      #dY:11.2%  
  9.6             2.281417e-9     2.63551e-10      #dY:11.6%  
  9.7             2.132967e-9     2.53511e-10      #dY:11.9%  
  9.8             1.994145e-9     2.43765e-10      #dY:12.2%  
  9.9             1.864378e-9     2.34381e-10      #dY:12.6%  
  10              1.7431e-9       2.25351e-10      #dY:12.9%  
  10.2            1.523691e-9     2.02521e-10      #dY:13.3%  
  10.4            1.332048e-9     1.80589e-10      #dY:13.6%  
  10.6            1.164681e-9     1.66718e-10      #dY:14.3%  
  10.8            1.018479e-9     1.53853e-10      #dY:15.1%  
  11              8.90603e-10     1.41834e-10      #dY:15.9%  
  11.2            7.78865e-10     1.30666e-10      #dY:16.8%  
  11.4            6.81182e-10     1.20228e-10      #dY:17.6%  
  11.6            5.9571e-10      1.10549e-10      #dY:18.6%  
  11.8            5.20956e-10     1.01473e-10      #dY:19.5%  
  12              4.55592e-10     9.3062e-11       #dY:20.4%  
  12.2            3.98401e-10     8.52332e-11      #dY:21.4%  
  12.4            3.48361e-10     7.79582e-11      #dY:22.4%  
  12.6            3.04584e-10     7.12134e-11      #dY:23.4%  
  12.8            2.66281e-10     6.49619e-11      #dY:24.4%  
  13              2.32755e-10     5.91733e-11      #dY:25.4%  
  13.2            2.03429e-10     5.38084e-11      #dY:26.5%  
  13.4            1.77766e-10     4.88623e-11      #dY:27.5%  
  13.6            1.55322e-10     4.42966e-11      #dY:28.5%  
  13.8            1.35699e-10     4.01088e-11      #dY:29.6%  
  14              1.18542e-10     3.62778e-11      #dY:30.6%  
  14.2            1.03539e-10     3.27791e-11      #dY:31.7%  
  14.4            9.04229e-11     2.95828e-11      #dY:32.7%  
  14.6            7.89556e-11     2.6669e-11       #dY:33.8%  
  14.8            6.89302e-11     2.40151e-11      #dY:34.8%  
  15              6.01714e-11     2.16e-11         #dY:35.9%  
  15.2            5.25214e-11     1.94136e-11      #dY:37.0%  
  15.4            4.58401e-11     1.74366e-11      #dY:38.0%  
  15.6            4.0005e-11      1.56527e-11      #dY:39.1%  
  15.8            3.49094e-11     1.40412e-11      #dY:40.2%  
  16              3.04598e-11     1.25883e-11      #dY:41.3%  
  16.2            2.65745e-11     1.1279e-11       #dY:42.4%  
  16.4            2.3183e-11      1.00995e-11      #dY:43.6%  
  16.6            2.02233e-11     9.03962e-12      #dY:44.7%  
  16.8            1.76405e-11     8.08797e-12      #dY:45.8%  
  17              1.53866e-11     7.23402e-12      #dY:47.0%  
  17.2            1.34199e-11     6.46781e-12      #dY:48.2%  
  17.4            1.1704e-11      5.78107e-12      #dY:49.4%  
  17.6            1.02067e-11     5.16548e-12      #dY:50.6%  
  17.8            8.90105e-12     4.61406e-12      #dY:51.8%  
  18              7.76241e-12     4.12054e-12      #dY:53.1%  
  18.2            6.7693e-12      3.67871e-12      #dY:54.3%  
  18.4            5.90335e-12     3.28344e-12      #dY:55.6%  
  18.6            5.14834e-12     2.93013e-12      #dY:56.9%  
  18.8            4.48983e-12     2.61426e-12      #dY:58.2%  
  19              3.91573e-12     2.33191e-12      #dY:59.6%  
  19.2            3.41526e-12     2.07974e-12      #dY:60.9%  
  19.4            2.97888e-12     1.85446e-12      #dY:62.3%  
  19.6            2.59846e-12     1.65326e-12      #dY:63.6%  
  19.8            2.26689e-12     1.47375e-12      #dY:65.0%  
  20              1.97775e-12     1.31353e-12      #dY:66.4%  
  20.2            1.72564e-12     1.17051e-12      #dY:67.8%  
  20.4            1.50581e-12     1.04296e-12      #dY:69.3%  
  20.6            1.31404e-12     9.29146e-13      #dY:70.7%  
  20.8            1.1468e-12      8.27624e-13      #dY:72.2%  
  21              1.00095e-12     7.37155e-13      #dY:73.6%  
  21.2            8.73732e-13     6.56498e-13      #dY:75.1%  
  21.4            7.62764e-13     5.84607e-13      #dY:76.6%  
  21.6            6.65941e-13     5.20533e-13      #dY:78.2%  
  21.8            5.81423e-13     4.63411e-13      #dY:79.7%  
  22              5.07665e-13     4.125e-13        #dY:81.3%  
  22.2            4.43293e-13     3.67155e-13      #dY:82.8%  
  22.4            3.87105e-13     3.26759e-13      #dY:84.4%  
  22.6            3.3806e-13      2.90784e-13      #dY:86.0%  
  22.8            2.95241e-13     2.58741e-13      #dY:87.6%  
  23              2.5785e-13      2.30196e-13      #dY:89.3%  
  23.2            2.25198e-13     2.04777e-13      #dY:90.9%  
  23.4            1.96684e-13     1.82144e-13      #dY:92.6%  
  23.6            1.71785e-13     1.61996e-13      #dY:94.3%  
  23.8            1.50043e-13     1.44062e-13      #dY:96.0%  
  24              1.31056e-13     1.28102e-13      #dY:97.7%  
  24.2            1.14474e-13     1.13897e-13      #dY:99.5%  
  24.4            9.9992e-14      1.01256e-13      #dY:101.3% 
  24.6            8.73447e-14     9.00062e-14      #dY:103.0% 
  24.8            7.62991e-14     7.99996e-14      #dY:104.8% 
  25              6.66502e-14     7.10971e-14      #dY:106.7% 
  25.2            5.82221e-14     6.31774e-14      #dY:108.5% 
  25.4            5.0859e-14      5.61322e-14      #dY:110.4% 
  25.6            4.44267e-14     4.98678e-14      #dY:112.2% 
  25.8            3.88072e-14     4.42973e-14      #dY:114.1% 
  26              3.38976e-14     3.93426e-14      #dY:116.1% 
  26.2            2.96091e-14     3.49389e-14      #dY:118.0% 
  26.4            2.5862e-14      3.10238e-14      #dY:120.0% 
  26.6            2.25893e-14     2.75438e-14      #dY:121.9% 
  26.8            1.97297e-14     2.44511e-14      #dY:123.9% 
  27              1.72319e-14     2.1702e-14       #dY:125.9% 
  27.2            1.50501e-14     1.926e-14        #dY:128.0% 
  27.4            1.3144e-14      1.70903e-14      #dY:130.0% 
  27.6            1.14789e-14     1.51625e-14      #dY:132.1% 
  27.8            1.00246e-14     1.34505e-14      #dY:134.2% 
  28              8.75441e-15     1.1931e-14       #dY:136.3% 
  28.2            7.6447e-15      1.05816e-14      #dY:138.4% 
  28.4            6.67548e-15     9.38364e-15      #dY:140.6% 
  28.6            5.82889e-15     8.32048e-15      #dY:142.7% 
  28.8            5.08933e-15     7.37665e-15      #dY:144.9% 
  29              4.44337e-15     6.53891e-15      #dY:147.2% 
  29.2            3.87918e-15     5.79559e-15      #dY:149.4% 
  29.4            3.38637e-15     5.13591e-15      #dY:151.7% 
  29.6            2.956e-15       4.55065e-15      #dY:153.9% 
  29.8            2.58012e-15     4.03149e-15      #dY:156.3% 
  30              0.00            0.00                        
//
#-------------------------------------------------------------------------------
#
#name:   INDEN-Aug2023: PU-239(N,F) E_in=11. MeV
#X.axis: Energy
#Y.axis: 
#wdata:  3
#ldata:  642
#data...
# X               Y               +-dY           
# MeV             1/eV            1/eV           
  0.00            0.00            0.00                        
  1.00e-5         1.678311e-9     5.45765e-11      #dY:3.3%   
  1.10e-5         1.760333e-9     5.72437e-11      #dY:3.3%   
  1.20e-5         1.838727e-9     3.06067e-10      #dY:16.6%  
  1.30e-5         1.913928e-9     3.17912e-10      #dY:16.6%  
  1.40e-5         1.986293e-9     3.29335e-10      #dY:16.6%  
  1.50e-5         2.056125e-9     3.40391e-10      #dY:16.6%  
  1.60e-5         2.123663e-9     3.51094e-10      #dY:16.5%  
  1.70e-5         2.189126e-9     3.61495e-10      #dY:16.5%  
  1.80e-5         2.25272e-9      3.71613e-10      #dY:16.5%  
  1.90e-5         2.314553e-9     3.81454e-10      #dY:16.5%  
  2.00e-5         2.374797e-9     3.91054e-10      #dY:16.5%  
  2.10e-5         2.433559e-9     4.00423e-10      #dY:16.5%  
  2.20e-5         2.490933e-9     4.09588e-10      #dY:16.4%  
  2.30e-5         2.547036e-9     4.18552e-10      #dY:16.4%  
  2.40e-5         2.601915e-9     4.27317e-10      #dY:16.4%  
  2.50e-5         2.655697e-9     4.35918e-10      #dY:16.4%  
  2.60e-5         2.708412e-9     4.44355e-10      #dY:16.4%  
  2.70e-5         2.760103e-9     4.52618e-10      #dY:16.4%  
  2.80e-5         2.810871e-9     4.60748e-10      #dY:16.4%  
  2.90e-5         2.860735e-9     4.68729e-10      #dY:16.4%  
  3.00e-5         2.909756e-9     4.76589e-10      #dY:16.4%  
  3.10e-5         2.957977e-9     4.84304e-10      #dY:16.4%  
  3.20e-5         3.005401e-9     4.91906e-10      #dY:16.4%  
  3.30e-5         3.052109e-9     4.9939e-10       #dY:16.4%  
  3.40e-5         3.098122e-9     5.06775e-10      #dY:16.4%  
  3.50e-5         3.143467e-9     5.14035e-10      #dY:16.4%  
  3.60e-5         3.188164e-9     5.21204e-10      #dY:16.3%  
  3.70e-5         3.232275e-9     5.28284e-10      #dY:16.3%  
  3.80e-5         3.275761e-9     5.35252e-10      #dY:16.3%  
  3.90e-5         3.318695e-9     5.42139e-10      #dY:16.3%  
  4.00e-5         3.361098e-9     5.48942e-10      #dY:16.3%  
  4.10e-5         3.402964e-9     5.55668e-10      #dY:16.3%  
  4.20e-5         3.444327e-9     5.623e-10        #dY:16.3%  
  4.30e-5         3.48519e-9      5.68858e-10      #dY:16.3%  
  4.40e-5         3.525585e-9     5.75336e-10      #dY:16.3%  
  4.50e-5         3.565553e-9     5.81756e-10      #dY:16.3%  
  4.60e-5         3.605058e-9     5.88092e-10      #dY:16.3%  
  4.70e-5         3.644153e-9     5.94366e-10      #dY:16.3%  
  4.80e-5         3.682818e-9     6.00574e-10      #dY:16.3%  
  4.90e-5         3.721092e-9     6.06712e-10      #dY:16.3%  
  5.00e-5         3.758988e-9     6.12802e-10      #dY:16.3%  
  5.10e-5         3.796511e-9     6.18815e-10      #dY:16.3%  
  5.20e-5         3.833653e-9     6.24779e-10      #dY:16.3%  
  5.30e-5         3.870458e-9     6.30682e-10      #dY:16.3%  
  5.40e-5         3.90691e-9      6.36543e-10      #dY:16.3%  
  5.50e-5         3.943024e-9     6.42337e-10      #dY:16.3%  
  5.60e-5         3.978826e-9     6.48077e-10      #dY:16.3%  
  5.70e-5         4.0143e-9       6.53776e-10      #dY:16.3%  
  5.80e-5         4.049473e-9     6.59415e-10      #dY:16.3%  
  5.90e-5         4.084351e-9     6.65025e-10      #dY:16.3%  
  6.00e-5         4.118941e-9     6.70569e-10      #dY:16.3%  
  6.10e-5         4.153228e-9     6.76072e-10      #dY:16.3%  
  6.20e-5         4.18724e-9      6.81528e-10      #dY:16.3%  
  6.30e-5         4.220982e-9     6.86949e-10      #dY:16.3%  
  6.40e-5         4.254467e-9     6.92325e-10      #dY:16.3%  
  6.50e-5         4.287691e-9     6.97654e-10      #dY:16.3%  
  6.60e-5         4.320645e-9     7.0294e-10       #dY:16.3%  
  6.70e-5         4.353375e-9     7.08196e-10      #dY:16.3%  
  6.80e-5         4.38584e-9      7.13409e-10      #dY:16.3%  
  6.90e-5         4.418095e-9     7.18575e-10      #dY:16.3%  
  7.00e-5         4.450104e-9     7.23725e-10      #dY:16.3%  
  7.10e-5         4.481888e-9     7.28822e-10      #dY:16.3%  
  7.20e-5         4.513447e-9     7.33879e-10      #dY:16.3%  
  7.30e-5         4.54481e-9      7.38915e-10      #dY:16.3%  
  7.40e-5         4.575931e-9     7.43905e-10      #dY:16.3%  
  7.50e-5         4.606857e-9     7.48872e-10      #dY:16.3%  
  7.60e-5         4.637583e-9     7.53792e-10      #dY:16.3%  
  7.70e-5         4.66811e-9      7.58701e-10      #dY:16.3%  
  7.80e-5         4.69842e-9      7.63562e-10      #dY:16.3%  
  7.90e-5         4.728572e-9     7.68395e-10      #dY:16.3%  
  8.00e-5         4.75852e-9      7.73202e-10      #dY:16.2%  
  8.10e-5         4.788262e-9     7.77978e-10      #dY:16.2%  
  8.20e-5         4.817842e-9     7.82716e-10      #dY:16.2%  
  8.30e-5         4.84724e-9      7.87432e-10      #dY:16.2%  
  8.40e-5         4.876465e-9     7.9212e-10       #dY:16.2%  
  8.50e-5         4.905514e-9     7.96779e-10      #dY:16.2%  
  8.60e-5         4.934399e-9     8.01411e-10      #dY:16.2%  
  8.70e-5         4.96312e-9      8.06024e-10      #dY:16.2%  
  8.80e-5         4.991676e-9     8.10592e-10      #dY:16.2%  
  8.90e-5         5.020057e-9     8.15145e-10      #dY:16.2%  
  9.00e-5         5.048299e-9     8.1968e-10       #dY:16.2%  
  9.10e-5         5.076374e-9     8.24179e-10      #dY:16.2%  
  9.20e-5         5.104299e-9     8.28652e-10      #dY:16.2%  
  9.30e-5         5.132071e-9     8.33103e-10      #dY:16.2%  
  9.40e-5         5.15971e-9      8.37538e-10      #dY:16.2%  
  9.50e-5         5.187178e-9     8.41937e-10      #dY:16.2%  
  9.60e-5         5.214537e-9     8.46332e-10      #dY:16.2%  
  9.70e-5         5.241733e-9     8.5069e-10       #dY:16.2%  
  9.80e-5         5.268782e-9     8.55022e-10      #dY:16.2%  
  9.90e-5         5.295718e-9     8.59335e-10      #dY:16.2%  
  1.00e-4         5.322497e-9     8.63629e-10      #dY:16.2%  
  1.10e-4         5.583415e-9     9.05909e-10      #dY:16.2%  
  1.20e-4         5.83283e-9      9.66238e-10      #dY:16.6%  
  1.30e-4         6.072114e-9     1.0035e-9        #dY:16.5%  
  1.40e-4         6.302451e-9     1.03945e-9       #dY:16.5%  
  1.50e-4         6.524769e-9     1.07421e-9       #dY:16.5%  
  1.60e-4         6.739882e-9     1.10788e-9       #dY:16.4%  
  1.70e-4         6.94842e-9      1.14055e-9       #dY:16.4%  
  1.80e-4         7.150976e-9     1.17235e-9       #dY:16.4%  
  1.90e-4         7.348033e-9     1.20327e-9       #dY:16.4%  
  2.00e-4         7.540021e-9     1.23343e-9       #dY:16.4%  
  2.10e-4         7.72733e-9      1.26285e-9       #dY:16.3%  
  2.20e-4         7.91029e-9      1.2916e-9        #dY:16.3%  
  2.30e-4         8.089168e-9     1.31972e-9       #dY:16.3%  
  2.40e-4         8.264246e-9     1.34724e-9       #dY:16.3%  
  2.50e-4         8.435769e-9     1.3742e-9        #dY:16.3%  
  2.60e-4         8.603917e-9     1.40063e-9       #dY:16.3%  
  2.70e-4         8.768912e-9     1.42658e-9       #dY:16.3%  
  2.80e-4         8.930928e-9     1.45205e-9       #dY:16.3%  
  2.90e-4         9.090099e-9     1.47707e-9       #dY:16.2%  
  3.00e-4         9.246574e-9     1.50165e-9       #dY:16.2%  
  3.10e-4         9.400516e-9     1.52585e-9       #dY:16.2%  
  3.20e-4         9.552018e-9     1.54965e-9       #dY:16.2%  
  3.30e-4         9.701217e-9     1.5731e-9        #dY:16.2%  
  3.40e-4         9.84816e-9      1.59617e-9       #dY:16.2%  
  3.50e-4         9.993024e-9     1.61893e-9       #dY:16.2%  
  3.60e-4         1.013593e-8     1.64135e-9       #dY:16.2%  
  3.70e-4         1.027681e-8     1.66346e-9       #dY:16.2%  
  3.80e-4         1.04158e-8      1.68525e-9       #dY:16.2%  
  3.90e-4         1.055306e-8     1.70674e-9       #dY:16.2%  
  4.00e-4         1.068857e-8     1.72802e-9       #dY:16.2%  
  4.10e-4         1.082241e-8     1.749e-9         #dY:16.2%  
  4.20e-4         1.095462e-8     1.7697e-9        #dY:16.2%  
  4.30e-4         1.108539e-8     1.79023e-9       #dY:16.1%  
  4.40e-4         1.121463e-8     1.81048e-9       #dY:16.1%  
  4.50e-4         1.134237e-8     1.83046e-9       #dY:16.1%  
  4.60e-4         1.14688e-8      1.85032e-9       #dY:16.1%  
  4.70e-4         1.159385e-8     1.8699e-9        #dY:16.1%  
  4.80e-4         1.171758e-8     1.88923e-9       #dY:16.1%  
  4.90e-4         1.184003e-8     1.90837e-9       #dY:16.1%  
  5.00e-4         1.196141e-8     1.92739e-9       #dY:16.1%  
  5.10e-4         1.208157e-8     1.94606e-9       #dY:16.1%  
  5.20e-4         1.220035e-8     1.9647e-9        #dY:16.1%  
  5.30e-4         1.231823e-8     1.98315e-9       #dY:16.1%  
  5.40e-4         1.243499e-8     2.00133e-9       #dY:16.1%  
  5.50e-4         1.255062e-8     2.01936e-9       #dY:16.1%  
  5.60e-4         1.266529e-8     2.03723e-9       #dY:16.1%  
  5.70e-4         1.277885e-8     2.0549e-9        #dY:16.1%  
  5.80e-4         1.289157e-8     2.07255e-9       #dY:16.1%  
  5.90e-4         1.300322e-8     2.08997e-9       #dY:16.1%  
  6.00e-4         1.311409e-8     2.1072e-9        #dY:16.1%  
  6.10e-4         1.32238e-8      2.12428e-9       #dY:16.1%  
  6.20e-4         1.333289e-8     2.1413e-9        #dY:16.1%  
  6.30e-4         1.344104e-8     2.15807e-9       #dY:16.1%  
  6.40e-4         1.354835e-8     2.17479e-9       #dY:16.1%  
  6.50e-4         1.365499e-8     2.1913e-9        #dY:16.0%  
  6.60e-4         1.376054e-8     2.20771e-9       #dY:16.0%  
  6.70e-4         1.386546e-8     2.22402e-9       #dY:16.0%  
  6.80e-4         1.39696e-8      2.24016e-9       #dY:16.0%  
  6.90e-4         1.407299e-8     2.25624e-9       #dY:16.0%  
  7.00e-4         1.417543e-8     2.27208e-9       #dY:16.0%  
  7.10e-4         1.427754e-8     2.28808e-9       #dY:16.0%  
  7.20e-4         1.437871e-8     2.30365e-9       #dY:16.0%  
  7.30e-4         1.447936e-8     2.31922e-9       #dY:16.0%  
  7.40e-4         1.457917e-8     2.3347e-9        #dY:16.0%  
  7.50e-4         1.467838e-8     2.35e-9          #dY:16.0%  
  7.60e-4         1.47769e-8      2.36528e-9       #dY:16.0%  
  7.70e-4         1.487493e-8     2.38048e-9       #dY:16.0%  
  7.80e-4         1.497211e-8     2.39546e-9       #dY:16.0%  
  7.90e-4         1.506878e-8     2.41047e-9       #dY:16.0%  
  8.00e-4         1.516483e-8     2.42527e-9       #dY:16.0%  
  8.10e-4         1.526051e-8     2.44009e-9       #dY:16.0%  
  8.20e-4         1.53555e-8      2.45473e-9       #dY:16.0%  
  8.30e-4         1.544986e-8     2.46924e-9       #dY:16.0%  
  8.40e-4         1.554366e-8     2.48382e-9       #dY:16.0%  
  8.50e-4         1.56369e-8      2.49817e-9       #dY:16.0%  
  8.60e-4         1.572954e-8     2.51237e-9       #dY:16.0%  
  8.70e-4         1.582192e-8     2.5267e-9        #dY:16.0%  
  8.80e-4         1.591346e-8     2.54084e-9       #dY:16.0%  
  8.90e-4         1.600462e-8     2.55477e-9       #dY:16.0%  
  9.00e-4         1.609555e-8     2.56876e-9       #dY:16.0%  
  9.10e-4         1.618559e-8     2.58269e-9       #dY:16.0%  
  9.20e-4         1.627529e-8     2.59648e-9       #dY:16.0%  
  9.30e-4         1.63645e-8      2.61024e-9       #dY:16.0%  
  9.40e-4         1.645327e-8     2.6238e-9        #dY:15.9%  
  9.50e-4         1.654154e-8     2.63737e-9       #dY:15.9%  
  9.60e-4         1.662936e-8     2.65095e-9       #dY:15.9%  
  9.70e-4         1.671691e-8     2.66432e-9       #dY:15.9%  
  9.80e-4         1.680383e-8     2.67771e-9       #dY:15.9%  
  9.90e-4         1.689033e-8     2.69098e-9       #dY:15.9%  
  1.00e-3         1.697646e-8     2.70425e-9       #dY:15.9%  
  1.10e-3         1.781521e-8     2.83735e-9       #dY:15.9%  
  1.20e-3         1.861761e-8     3.02405e-9       #dY:16.2%  
  1.30e-3         1.938792e-8     3.13797e-9       #dY:16.2%  
  1.40e-3         2.012972e-8     3.24755e-9       #dY:16.1%  
  1.50e-3         2.084621e-8     3.3534e-9        #dY:16.1%  
  1.60e-3         2.153972e-8     3.45573e-9       #dY:16.0%  
  1.70e-3         2.221241e-8     3.55466e-9       #dY:16.0%  
  1.80e-3         2.286596e-8     3.65077e-9       #dY:16.0%  
  1.90e-3         2.350202e-8     3.74414e-9       #dY:15.9%  
  2.00e-3         2.412218e-8     3.83508e-9       #dY:15.9%  
  2.10e-3         2.472725e-8     3.92358e-9       #dY:15.9%  
  2.20e-3         2.531871e-8     4.00995e-9       #dY:15.8%  
  2.30e-3         2.589699e-8     4.09407e-9       #dY:15.8%  
  2.40e-3         2.646346e-8     4.17638e-9       #dY:15.8%  
  2.50e-3         2.701824e-8     4.25676e-9       #dY:15.8%  
  2.60e-3         2.75625e-8      4.33539e-9       #dY:15.7%  
  2.70e-3         2.80967e-8      4.41244e-9       #dY:15.7%  
  2.80e-3         2.862133e-8     4.48787e-9       #dY:15.7%  
  2.90e-3         2.913701e-8     4.56185e-9       #dY:15.7%  
  3.00e-3         2.964403e-8     4.63438e-9       #dY:15.6%  
  3.10e-3         3.014301e-8     4.7056e-9        #dY:15.6%  
  3.20e-3         3.063413e-8     4.7755e-9        #dY:15.6%  
  3.30e-3         3.111808e-8     4.84426e-9       #dY:15.6%  
  3.40e-3         3.159463e-8     4.91157e-9       #dY:15.5%  
  3.50e-3         3.206483e-8     4.97802e-9       #dY:15.5%  
  3.60e-3         3.252826e-8     5.04331e-9       #dY:15.5%  
  3.70e-3         3.29856e-8      5.1075e-9        #dY:15.5%  
  3.80e-3         3.343699e-8     5.17087e-9       #dY:15.5%  
  3.90e-3         3.388272e-8     5.23307e-9       #dY:15.4%  
  4.00e-3         3.432301e-8     5.29446e-9       #dY:15.4%  
  4.10e-3         3.475783e-8     5.35491e-9       #dY:15.4%  
  4.20e-3         3.518767e-8     5.41451e-9       #dY:15.4%  
  4.30e-3         3.561251e-8     5.47334e-9       #dY:15.4%  
  4.40e-3         3.603258e-8     5.53139e-9       #dY:15.4%  
  4.50e-3         3.644812e-8     5.58862e-9       #dY:15.3%  
  4.60e-3         3.68591e-8      5.64509e-9       #dY:15.3%  
  4.70e-3         3.726594e-8     5.70081e-9       #dY:15.3%  
  4.80e-3         3.766861e-8     5.75577e-9       #dY:15.3%  
  4.90e-3         3.806722e-8     5.81022e-9       #dY:15.3%  
  5.00e-3         3.846177e-8     5.8638e-9        #dY:15.2%  
  5.10e-3         3.885265e-8     5.91688e-9       #dY:15.2%  
  5.20e-3         3.923986e-8     5.96933e-9       #dY:15.2%  
  5.30e-3         3.962343e-8     6.02108e-9       #dY:15.2%  
  5.40e-3         4.000355e-8     6.07236e-9       #dY:15.2%  
  5.50e-3         4.03804e-8      6.12313e-9       #dY:15.2%  
  5.60e-3         4.07537e-8      6.17326e-9       #dY:15.1%  
  5.70e-3         4.112403e-8     6.22278e-9       #dY:15.1%  
  5.80e-3         4.14911e-8      6.27181e-9       #dY:15.1%  
  5.90e-3         4.185524e-8     6.32028e-9       #dY:15.1%  
  6.00e-3         4.221628e-8     6.36819e-9       #dY:15.1%  
  6.10e-3         4.25745e-8      6.41567e-9       #dY:15.1%  
  6.20e-3         4.292995e-8     6.46275e-9       #dY:15.1%  
  6.30e-3         4.328263e-8     6.50921e-9       #dY:15.0%  
  6.40e-3         4.363266e-8     6.55528e-9       #dY:15.0%  
  6.50e-3         4.397994e-8     6.60088e-9       #dY:15.0%  
  6.60e-3         4.43248e-8      6.64602e-9       #dY:15.0%  
  6.70e-3         4.466695e-8     6.69085e-9       #dY:15.0%  
  6.80e-3         4.500683e-8     6.73517e-9       #dY:15.0%  
  6.90e-3         4.534407e-8     6.779e-9         #dY:15.0%  
  7.00e-3         4.567917e-8     6.82255e-9       #dY:14.9%  
  7.10e-3         4.6012e-8       6.86564e-9       #dY:14.9%  
  7.20e-3         4.634241e-8     6.9082e-9        #dY:14.9%  
  7.30e-3         4.667069e-8     6.95049e-9       #dY:14.9%  
  7.40e-3         4.699688e-8     6.99241e-9       #dY:14.9%  
  7.50e-3         4.732085e-8     7.03396e-9       #dY:14.9%  
  7.60e-3         4.764282e-8     7.0751e-9        #dY:14.9%  
  7.70e-3         4.796275e-8     7.11591e-9       #dY:14.8%  
  7.80e-3         4.82806e-8      7.15644e-9       #dY:14.8%  
  7.90e-3         4.859658e-8     7.19655e-9       #dY:14.8%  
  8.00e-3         4.891059e-8     7.23638e-9       #dY:14.8%  
  8.10e-3         4.922274e-8     7.27582e-9       #dY:14.8%  
  8.20e-3         4.953316e-8     7.31504e-9       #dY:14.8%  
  8.30e-3         4.984158e-8     7.35383e-9       #dY:14.8%  
  8.40e-3         5.014827e-8     7.39244e-9       #dY:14.7%  
  8.50e-3         5.045323e-8     7.43061e-9       #dY:14.7%  
  8.60e-3         5.075652e-8     7.46846e-9       #dY:14.7%  
  8.70e-3         5.10579e-8      7.50609e-9       #dY:14.7%  
  8.80e-3         5.135776e-8     7.54347e-9       #dY:14.7%  
  8.90e-3         5.165598e-8     7.58041e-9       #dY:14.7%  
  9.00e-3         5.195268e-8     7.61729e-9       #dY:14.7%  
  9.10e-3         5.224757e-8     7.65373e-9       #dY:14.6%  
  9.20e-3         5.254117e-8     7.68994e-9       #dY:14.6%  
  9.30e-3         5.283305e-8     7.72593e-9       #dY:14.6%  
  9.40e-3         5.312351e-8     7.76151e-9       #dY:14.6%  
  9.50e-3         5.341246e-8     7.7969e-9        #dY:14.6%  
  9.60e-3         5.369998e-8     7.83201e-9       #dY:14.6%  
  9.70e-3         5.398609e-8     7.86683e-9       #dY:14.6%  
  9.80e-3         5.42708e-8      7.90148e-9       #dY:14.6%  
  9.90e-3         5.455396e-8     7.93564e-9       #dY:14.5%  
  0.01            5.483572e-8     7.96975e-9       #dY:14.5%  
  0.011           5.758299e-8     8.36185e-9       #dY:14.5%  
  0.012           6.021234e-8     8.85994e-9       #dY:14.7%  
  0.013           6.273796e-8     9.13717e-9       #dY:14.6%  
  0.014           6.517101e-8     9.39868e-9       #dY:14.4%  
  0.015           6.752145e-8     9.64606e-9       #dY:14.3%  
  0.016           6.979722e-8     9.8802e-9        #dY:14.2%  
  0.017           7.200457e-8     1.01031e-8       #dY:14.0%  
  0.018           7.414981e-8     1.0315e-8        #dY:13.9%  
  0.019           7.623761e-8     1.0517e-8        #dY:13.8%  
  0.02            7.827218e-8     1.07101e-8       #dY:13.7%  
  0.021           8.02576e-8      1.08951e-8       #dY:13.6%  
  0.022           8.219712e-8     1.10717e-8       #dY:13.5%  
  0.023           8.409384e-8     1.12409e-8       #dY:13.4%  
  0.024           8.595003e-8     1.14036e-8       #dY:13.3%  
  0.025           8.776871e-8     1.15601e-8       #dY:13.2%  
  0.026           8.955173e-8     1.17108e-8       #dY:13.1%  
  0.027           9.130105e-8     1.18559e-8       #dY:13.0%  
  0.028           9.301885e-8     1.19955e-8       #dY:12.9%  
  0.029           9.470655e-8     1.21295e-8       #dY:12.8%  
  0.03            9.636547e-8     1.22583e-8       #dY:12.7%  
  0.031           9.799746e-8     1.23826e-8       #dY:12.6%  
  0.032           9.960364e-8     1.25018e-8       #dY:12.6%  
  0.033           1.011846e-7     1.26163e-8       #dY:12.5%  
  0.034           1.027424e-7     1.27272e-8       #dY:12.4%  
  0.035           1.042771e-7     1.28332e-8       #dY:12.3%  
  0.036           1.057904e-7     1.29367e-8       #dY:12.2%  
  0.037           1.072817e-7     1.30356e-8       #dY:12.2%  
  0.038           1.08754e-7      1.31313e-8       #dY:12.1%  
  0.039           1.102053e-7     1.32235e-8       #dY:12.0%  
  0.04            1.11638e-7      1.33137e-8       #dY:11.9%  
  0.041           1.13054e-7      1.34004e-8       #dY:11.9%  
  0.042           1.144518e-7     1.3484e-8        #dY:11.8%  
  0.043           1.158328e-7     1.3564e-8        #dY:11.7%  
  0.044           1.171977e-7     1.36423e-8       #dY:11.6%  
  0.045           1.185463e-7     1.37188e-8       #dY:11.6%  
  0.046           1.198796e-7     1.37922e-8       #dY:11.5%  
  0.047           1.211972e-7     1.38639e-8       #dY:11.4%  
  0.048           1.225028e-7     1.39334e-8       #dY:11.4%  
  0.049           1.237927e-7     1.39999e-8       #dY:11.3%  
  0.05            1.250689e-7     1.40656e-8       #dY:11.2%  
  0.051           1.263338e-7     1.41298e-8       #dY:11.2%  
  0.052           1.275833e-7     1.41916e-8       #dY:11.1%  
  0.053           1.288211e-7     1.42524e-8       #dY:11.1%  
  0.054           1.300468e-7     1.43105e-8       #dY:11.0%  
  0.055           1.312608e-7     1.43671e-8       #dY:10.9%  
  0.056           1.324641e-7     1.44226e-8       #dY:10.9%  
  0.057           1.336545e-7     1.44747e-8       #dY:10.8%  
  0.058           1.348344e-7     1.45275e-8       #dY:10.8%  
  0.059           1.360021e-7     1.45788e-8       #dY:10.7%  
  0.06            1.371621e-7     1.46281e-8       #dY:10.7%  
  0.061           1.383098e-7     1.46757e-8       #dY:10.6%  
  0.062           1.394465e-7     1.47223e-8       #dY:10.6%  
  0.063           1.40575e-7      1.47688e-8       #dY:10.5%  
  0.064           1.416935e-7     1.4812e-8        #dY:10.5%  
  0.065           1.428034e-7     1.48559e-8       #dY:10.4%  
  0.066           1.439014e-7     1.48988e-8       #dY:10.4%  
  0.067           1.449925e-7     1.494e-8         #dY:10.3%  
  0.068           1.460743e-7     1.49793e-8       #dY:10.3%  
  0.069           1.471481e-7     1.50185e-8       #dY:10.2%  
  0.07            1.482121e-7     1.50556e-8       #dY:10.2%  
  0.071           1.492687e-7     1.50926e-8       #dY:10.1%  
  0.072           1.503164e-7     1.51277e-8       #dY:10.1%  
  0.073           1.513568e-7     1.51626e-8       #dY:10.0%  
  0.074           1.523885e-7     1.51967e-8       #dY:10.0%  
  0.075           1.534146e-7     1.52301e-8       #dY:9.9%   
  0.076           1.544328e-7     1.52623e-8       #dY:9.9%   
  0.077           1.554421e-7     1.52943e-8       #dY:9.8%   
  0.078           1.564443e-7     1.53241e-8       #dY:9.8%   
  0.079           1.574379e-7     1.53538e-8       #dY:9.8%   
  0.08            1.584263e-7     1.53829e-8       #dY:9.7%   
  0.081           1.594084e-7     1.54116e-8       #dY:9.7%   
  0.082           1.603834e-7     1.54386e-8       #dY:9.6%   
  0.083           1.613514e-7     1.54662e-8       #dY:9.6%   
  0.084           1.623122e-7     1.54919e-8       #dY:9.5%   
  0.085           1.632676e-7     1.55175e-8       #dY:9.5%   
  0.086           1.642181e-7     1.55422e-8       #dY:9.5%   
  0.087           1.651587e-7     1.55653e-8       #dY:9.4%   
  0.088           1.660951e-7     1.55898e-8       #dY:9.4%   
  0.089           1.67025e-7      1.56132e-8       #dY:9.3%   
  0.09            1.679485e-7     1.56359e-8       #dY:9.3%   
  0.091           1.688675e-7     1.56585e-8       #dY:9.3%   
  0.092           1.697804e-7     1.56798e-8       #dY:9.2%   
  0.093           1.70687e-7      1.57005e-8       #dY:9.2%   
  0.094           1.715896e-7     1.57197e-8       #dY:9.2%   
  0.095           1.724839e-7     1.57397e-8       #dY:9.1%   
  0.096           1.733742e-7     1.57588e-8       #dY:9.1%   
  0.097           1.742584e-7     1.57764e-8       #dY:9.1%   
  0.098           1.751385e-7     1.5795e-8        #dY:9.0%   
  0.099           1.760108e-7     1.58128e-8       #dY:9.0%   
  0.1             1.768806e-7     1.58303e-8       #dY:8.9%   
  0.11            1.852921e-7     1.65201e-8       #dY:8.9%   
  0.12            1.932554e-7     1.69542e-8       #dY:8.8%   
  0.13            2.008163e-7     1.69837e-8       #dY:8.5%   
  0.14            2.08014e-7      1.69803e-8       #dY:8.2%   
  0.15            2.148847e-7     1.69579e-8       #dY:7.9%   
  0.16            2.214471e-7     1.6925e-8        #dY:7.6%   
  0.17            2.277231e-7     1.68725e-8       #dY:7.4%   
  0.18            2.337416e-7     1.68009e-8       #dY:7.2%   
  0.19            2.395236e-7     1.67252e-8       #dY:7.0%   
  0.2             2.450858e-7     1.66371e-8       #dY:6.8%   
  0.21            2.497293e-7     1.64879e-8       #dY:6.6%   
  0.22            2.541876e-7     1.63139e-8       #dY:6.4%   
  0.23            2.584791e-7     1.61442e-8       #dY:6.2%   
  0.24            2.626211e-7     1.59707e-8       #dY:6.1%   
  0.25            2.666181e-7     1.58013e-8       #dY:5.9%   
  0.26            2.704762e-7     1.56248e-8       #dY:5.8%   
  0.27            2.741946e-7     1.54217e-8       #dY:5.6%   
  0.28            2.777842e-7     1.52192e-8       #dY:5.5%   
  0.29            2.812572e-7     1.50361e-8       #dY:5.3%   
  0.3             2.846214e-7     1.48736e-8       #dY:5.2%   
  0.31            2.872382e-7     1.46994e-8       #dY:5.1%   
  0.32            2.897538e-7     1.44953e-8       #dY:5.0%   
  0.33            2.921668e-7     1.43076e-8       #dY:4.9%   
  0.34            2.94486e-7      1.41252e-8       #dY:4.8%   
  0.35            2.967169e-7     1.39739e-8       #dY:4.7%   
  0.36            2.988631e-7     1.38458e-8       #dY:4.6%   
  0.37            3.009169e-7     1.37271e-8       #dY:4.6%   
  0.38            3.028682e-7     1.36232e-8       #dY:4.5%   
  0.39            3.047475e-7     1.35379e-8       #dY:4.4%   
  0.4             3.065614e-7     1.34832e-8       #dY:4.4%   
  0.41            3.07956e-7      1.34418e-8       #dY:4.4%   
  0.42            3.092922e-7     1.33806e-8       #dY:4.3%   
  0.43            3.105762e-7     1.33357e-8       #dY:4.3%   
  0.44            3.11796e-7      1.33124e-8       #dY:4.3%   
  0.45            3.129326e-7     1.32944e-8       #dY:4.2%   
  0.46            3.140136e-7     1.32665e-8       #dY:4.2%   
  0.47            3.150318e-7     1.32559e-8       #dY:4.2%   
  0.48            3.159931e-7     1.32394e-8       #dY:4.2%   
  0.49            3.169182e-7     1.32182e-8       #dY:4.2%   
  0.5             3.177952e-7     1.3211e-8        #dY:4.2%   
  0.51            3.184759e-7     1.31916e-8       #dY:4.1%   
  0.52            3.191124e-7     1.3142e-8        #dY:4.1%   
  0.53            3.197064e-7     1.30888e-8       #dY:4.1%   
  0.54            3.202568e-7     1.30172e-8       #dY:4.1%   
  0.55            3.207695e-7     1.29226e-8       #dY:4.0%   
  0.56            3.212364e-7     1.28155e-8       #dY:4.0%   
  0.57            3.216563e-7     1.26918e-8       #dY:3.9%   
  0.58            3.220323e-7     1.25409e-8       #dY:3.9%   
  0.59            3.223767e-7     1.23737e-8       #dY:3.8%   
  0.6             3.226757e-7     1.22227e-8       #dY:3.8%   
  0.61            3.229216e-7     1.20482e-8       #dY:3.7%   
  0.62            3.231488e-7     1.18409e-8       #dY:3.7%   
  0.63            3.233656e-7     1.16351e-8       #dY:3.6%   
  0.64            3.235489e-7     1.14636e-8       #dY:3.5%   
  0.65            3.237062e-7     1.12925e-8       #dY:3.5%   
  0.66            3.238262e-7     1.11243e-8       #dY:3.4%   
  0.67            3.239138e-7     1.09426e-8       #dY:3.4%   
  0.68            3.239591e-7     1.07696e-8       #dY:3.3%   
  0.69            3.239784e-7     1.05776e-8       #dY:3.3%   
  0.7             3.23965e-7      1.03717e-8       #dY:3.2%   
  0.71            3.239424e-7     1.01542e-8       #dY:3.1%   
  0.72            3.239078e-7     9.93728e-9       #dY:3.1%   
  0.73            3.238551e-7     9.73309e-9       #dY:3.0%   
  0.74            3.238045e-7     9.53603e-9       #dY:2.9%   
  0.75            3.2375e-7       9.36714e-9       #dY:2.9%   
  0.76            3.236749e-7     9.22591e-9       #dY:2.9%   
  0.77            3.235768e-7     9.10871e-9       #dY:2.8%   
  0.78            3.234621e-7     8.99824e-9       #dY:2.8%   
  0.79            3.233196e-7     8.89826e-9       #dY:2.8%   
  0.8             3.23164e-7      8.80159e-9       #dY:2.7%   
  0.81            3.230238e-7     8.71698e-9       #dY:2.7%   
  0.82            3.228643e-7     8.64307e-9       #dY:2.7%   
  0.83            3.226818e-7     8.5747e-9        #dY:2.7%   
  0.84            3.224815e-7     8.50747e-9       #dY:2.6%   
  0.85            3.222635e-7     8.44592e-9       #dY:2.6%   
  0.86            3.220217e-7     8.39111e-9       #dY:2.6%   
  0.87            3.217641e-7     8.34591e-9       #dY:2.6%   
  0.88            3.214875e-7     8.31304e-9       #dY:2.6%   
  0.89            3.21189e-7      8.29473e-9       #dY:2.6%   
  0.9             3.208913e-7     8.28584e-9       #dY:2.6%   
  0.91            3.205852e-7     8.28488e-9       #dY:2.6%   
  0.92            3.202725e-7     8.28579e-9       #dY:2.6%   
  0.93            3.199598e-7     8.28023e-9       #dY:2.6%   
  0.94            3.196382e-7     8.27248e-9       #dY:2.6%   
  0.95            3.193068e-7     8.26269e-9       #dY:2.6%   
  0.96            3.189604e-7     8.24904e-9       #dY:2.6%   
  0.97            3.185938e-7     8.23716e-9       #dY:2.6%   
  0.98            3.182116e-7     8.2294e-9        #dY:2.6%   
  0.99            3.178203e-7     8.2232e-9        #dY:2.6%   
  1               3.174207e-7     8.21826e-9       #dY:2.6%   
  1.1             3.126443e-7     8.09966e-9       #dY:2.6%   
  1.2             3.065548e-7     7.79151e-9       #dY:2.5%   
  1.3             2.992361e-7     7.28309e-9       #dY:2.4%   
  1.4             2.908747e-7     6.58384e-9       #dY:2.3%   
  1.5             2.817629e-7     5.9299e-9        #dY:2.1%   
  1.6             2.720713e-7     5.4765e-9        #dY:2.0%   
  1.7             2.622021e-7     5.24785e-9       #dY:2.0%   
  1.8             2.521731e-7     5.16989e-9       #dY:2.1%   
  1.9             2.421261e-7     5.21963e-9       #dY:2.2%   
  2               2.32161e-7      5.26952e-9       #dY:2.3%   
  2.1             2.223782e-7     5.33229e-9       #dY:2.4%   
  2.2             2.127379e-7     5.33457e-9       #dY:2.5%   
  2.3             2.033216e-7     5.29622e-9       #dY:2.6%   
  2.4             1.94167e-7      5.20261e-9       #dY:2.7%   
  2.5             1.852386e-7     5.07362e-9       #dY:2.7%   
  2.6             1.765906e-7     4.93026e-9       #dY:2.8%   
  2.7             1.682309e-7     4.77356e-9       #dY:2.8%   
  2.8             1.601531e-7     4.56989e-9       #dY:2.9%   
  2.9             1.523667e-7     4.32364e-9       #dY:2.8%   
  3               1.448643e-7     4.06927e-9       #dY:2.8%   
  3.1             1.376531e-7     3.84145e-9       #dY:2.8%   
  3.2             1.307176e-7     3.64443e-9       #dY:2.8%   
  3.3             1.240686e-7     3.48405e-9       #dY:2.8%   
  3.4             1.176963e-7     3.3444e-9        #dY:2.8%   
  3.5             1.116101e-7     3.22233e-9       #dY:2.9%   
  3.6             1.057901e-7     3.12753e-9       #dY:3.0%   
  3.7             1.002146e-7     3.07329e-9       #dY:3.1%   
  3.8             9.491739e-8     3.08679e-9       #dY:3.3%   
  3.9             8.988273e-8     3.15856e-9       #dY:3.5%   
  4               8.512357e-8     3.23682e-9       #dY:3.8%   
  4.1             8.060084e-8     3.41294e-9       #dY:4.2%   
  4.2             7.628521e-8     3.40439e-9       #dY:4.5%   
  4.3             7.219358e-8     3.45042e-9       #dY:4.8%   
  4.4             6.8324e-8       3.39865e-9       #dY:5.0%   
  4.5             6.476127e-8     3.12776e-9       #dY:4.8%   
  4.6             6.141537e-8     2.81763e-9       #dY:4.6%   
  4.7             5.82686e-8      2.50344e-9       #dY:4.3%   
  4.8             5.536188e-8     2.17346e-9       #dY:3.9%   
  4.9             5.241825e-8     1.85826e-9       #dY:3.5%   
  5               4.96807e-8      1.64233e-9       #dY:3.3%   
  5.1             4.653131e-8     1.51498e-9       #dY:3.3%   
  5.2             4.353447e-8     1.43514e-9       #dY:3.3%   
  5.3             4.055702e-8     1.36714e-9       #dY:3.4%   
  5.4             3.780304e-8     1.30941e-9       #dY:3.5%   
  5.5             3.529392e-8     1.25851e-9       #dY:3.6%   
  5.6             3.285e-8        1.20345e-9       #dY:3.7%   
  5.7             3.052087e-8     1.15104e-9       #dY:3.8%   
  5.8             2.84002e-8      1.10606e-9       #dY:3.9%   
  5.9             2.651879e-8     1.06636e-9       #dY:4.0%   
  6               2.483864e-8     1.03067e-9       #dY:4.1%   
  6.1             2.33061e-8      9.96289e-10      #dY:4.3%   
  6.2             2.188476e-8     9.61302e-10      #dY:4.4%   
  6.3             2.055339e-8     9.27276e-10      #dY:4.5%   
  6.4             1.929792e-8     8.94554e-10      #dY:4.6%   
  6.5             1.811434e-8     8.61224e-10      #dY:4.8%   
  6.6             1.699997e-8     8.28381e-10      #dY:4.9%   
  6.7             1.594926e-8     7.97929e-10      #dY:5.0%   
  6.8             1.495788e-8     7.67315e-10      #dY:5.1%   
  6.9             1.402507e-8     7.37201e-10      #dY:5.3%   
  7               1.314687e-8     7.08959e-10      #dY:5.4%   
  7.1             1.232023e-8     6.81607e-10      #dY:5.5%   
  7.2             1.154275e-8     6.54473e-10      #dY:5.7%   
  7.3             1.081178e-8     6.28536e-10      #dY:5.8%   
  7.4             1.012533e-8     6.04375e-10      #dY:6.0%   
  7.5             9.480539e-9     5.81183e-10      #dY:6.1%   
  7.6             8.875255e-9     5.58858e-10      #dY:6.3%   
  7.7             8.307053e-9     5.37781e-10      #dY:6.5%   
  7.8             7.77488e-9      5.17914e-10      #dY:6.7%   
  7.9             7.276168e-9     4.98775e-10      #dY:6.9%   
  8               6.80796e-9      4.80384e-10      #dY:7.1%   
  8.1             6.369276e-9     4.62945e-10      #dY:7.3%   
  8.2             5.958668e-9     4.46154e-10      #dY:7.5%   
  8.3             5.574208e-9     4.30086e-10      #dY:7.7%   
  8.4             5.213814e-9     4.14356e-10      #dY:7.9%   
  8.5             4.876553e-9     3.99342e-10      #dY:8.2%   
  8.6             4.561335e-9     3.85028e-10      #dY:8.4%   
  8.7             4.265693e-9     3.70951e-10      #dY:8.7%   
  8.8             3.989217e-9     3.57391e-10      #dY:9.0%   
  8.9             3.730753e-9     3.44363e-10      #dY:9.2%   
  9               3.489257e-9     3.3177e-10       #dY:9.5%   
  9.1             3.263242e-9     3.19373e-10      #dY:9.8%   
  9.2             3.051724e-9     3.07415e-10      #dY:10.1%  
  9.3             2.854024e-9     2.95977e-10      #dY:10.4%  
  9.4             2.668988e-9     2.84788e-10      #dY:10.7%  
  9.5             2.495946e-9     2.7405e-10       #dY:11.0%  
  9.6             2.33423e-9      2.63695e-10      #dY:11.3%  
  9.7             2.183133e-9     2.5365e-10       #dY:11.6%  
  9.8             2.041788e-9     2.43899e-10      #dY:11.9%  
  9.9             1.909613e-9     2.3451e-10       #dY:12.3%  
  10              1.786035e-9     2.25475e-10      #dY:12.6%  
  10.2            1.562374e-9     2.02708e-10      #dY:13.0%  
  10.4            1.366887e-9     1.80795e-10      #dY:13.2%  
  10.6            1.196051e-9     1.66911e-10      #dY:14.0%  
  10.8            1.046697e-9     1.54031e-10      #dY:14.7%  
  11              9.15979e-10     1.41999e-10      #dY:15.5%  
  11.2            8.01677e-10     1.30821e-10      #dY:16.3%  
  11.4            7.01669e-10     1.2037e-10       #dY:17.2%  
  11.6            6.14106e-10     1.1068e-10       #dY:18.0%  
  11.8            5.3747e-10      1.01596e-10      #dY:18.9%  
  12              4.70412e-10     9.31762e-11      #dY:19.8%  
  12.2            4.11693e-10     8.53387e-11      #dY:20.7%  
  12.4            3.6028e-10      7.80561e-11      #dY:21.7%  
  12.6            3.15266e-10     7.13036e-11      #dY:22.6%  
  12.8            2.75852e-10     6.50454e-11      #dY:23.6%  
  13              2.41327e-10     5.92505e-11      #dY:24.6%  
  13.2            2.11104e-10     5.38796e-11      #dY:25.5%  
  13.4            1.84634e-10     4.89276e-11      #dY:26.5%  
  13.6            1.61467e-10     4.43569e-11      #dY:27.5%  
  13.8            1.41193e-10     4.01635e-11      #dY:28.4%  
  14              1.23457e-10     3.63291e-11      #dY:29.4%  
  14.2            1.07931e-10     3.28256e-11      #dY:30.4%  
  14.4            9.43485e-11     2.96256e-11      #dY:31.4%  
  14.6            8.24627e-11     2.67083e-11      #dY:32.4%  
  14.8            7.20621e-11     2.40509e-11      #dY:33.4%  
  15              6.2967e-11      2.16324e-11      #dY:34.4%  
  15.2            5.5017e-11      1.94434e-11      #dY:35.3%  
  15.4            4.80667e-11     1.74635e-11      #dY:36.3%  
  15.6            4.19913e-11     1.56772e-11      #dY:37.3%  
  15.8            3.66812e-11     1.40636e-11      #dY:38.3%  
  16              3.20393e-11     1.26085e-11      #dY:39.4%  
  16.2            2.79825e-11     1.12974e-11      #dY:40.4%  
  16.4            2.44378e-11     1.01162e-11      #dY:41.4%  
  16.6            2.13413e-11     9.05478e-12      #dY:42.4%  
  16.8            1.86363e-11     8.10166e-12      #dY:43.5%  
  17              1.62734e-11     7.24641e-12      #dY:44.5%  
  17.2            1.42095e-11     6.47905e-12      #dY:45.6%  
  17.4            1.24068e-11     5.79119e-12      #dY:46.7%  
  17.6            1.08322e-11     5.17465e-12      #dY:47.8%  
  17.8            9.45765e-12     4.62236e-12      #dY:48.9%  
  18              8.2576e-12      4.12803e-12      #dY:50.0%  
  18.2            7.20981e-12     3.68547e-12      #dY:51.1%  
  18.4            6.29513e-12     3.28953e-12      #dY:52.3%  
  18.6            5.49673e-12     2.93561e-12      #dY:53.4%  
  18.8            4.79961e-12     2.61921e-12      #dY:54.6%  
  19              4.19114e-12     2.33637e-12      #dY:55.7%  
  19.2            3.66011e-12     2.08377e-12      #dY:56.9%  
  19.4            3.19652e-12     1.85808e-12      #dY:58.1%  
  19.6            2.79186e-12     1.65649e-12      #dY:59.3%  
  19.8            2.43879e-12     1.47668e-12      #dY:60.5%  
  20              2.13051e-12     1.31616e-12      #dY:61.8%  
  20.2            1.86138e-12     1.17288e-12      #dY:63.0%  
  20.4            1.62642e-12     1.04509e-12      #dY:64.3%  
  20.6            1.42119e-12     9.31051e-13      #dY:65.5%  
  20.8            1.24199e-12     8.29335e-13      #dY:66.8%  
  21              1.08552e-12     7.38699e-13      #dY:68.1%  
  21.2            9.48853e-13     6.57879e-13      #dY:69.3%  
  21.4            8.29488e-13     5.85842e-13      #dY:70.6%  
  21.6            7.25202e-13     5.21641e-13      #dY:71.9%  
  21.8            6.34052e-13     4.64406e-13      #dY:73.2%  
  22              5.544e-13       4.13393e-13      #dY:74.6%  
  22.2            4.84789e-13     3.67953e-13      #dY:75.9%  
  22.4            4.23949e-13     3.27476e-13      #dY:77.2%  
  22.6            3.7077e-13      2.91426e-13      #dY:78.6%  
  22.8            3.24277e-13     2.59315e-13      #dY:80.0%  
  23              2.8362e-13      2.30708e-13      #dY:81.3%  
  23.2            2.48069e-13     2.05237e-13      #dY:82.7%  
  23.4            2.16979e-13     1.82556e-13      #dY:84.1%  
  23.6            1.89794e-13     1.62365e-13      #dY:85.5%  
  23.8            1.6602e-13      1.44392e-13      #dY:87.0%  
  24              1.4523e-13      1.28397e-13      #dY:88.4%  
  24.2            1.27046e-13     1.14161e-13      #dY:89.9%  
  24.4            1.11142e-13     1.01491e-13      #dY:91.3%  
  24.6            9.7233e-14      9.0217e-14       #dY:92.8%  
  24.8            8.50673e-14     8.01878e-14      #dY:94.3%  
  25              7.44251e-14     7.12659e-14      #dY:95.8%  
  25.2            6.51136e-14     6.33268e-14      #dY:97.3%  
  25.4            5.69678e-14     5.62659e-14      #dY:98.8%  
  25.6            4.9841e-14      4.99876e-14      #dY:100.3% 
  25.8            4.36046e-14     4.44035e-14      #dY:101.8% 
  26              3.81485e-14     3.94378e-14      #dY:103.4% 
  26.2            3.33749e-14     3.50238e-14      #dY:104.9% 
  26.4            2.91979e-14     3.10997e-14      #dY:106.5% 
  26.6            2.55434e-14     2.76109e-14      #dY:108.1% 
  26.8            2.23457e-14     2.45111e-14      #dY:109.7% 
  27              1.95481e-14     2.17556e-14      #dY:111.3% 
  27.2            1.71006e-14     1.93077e-14      #dY:112.9% 
  27.4            1.49591e-14     1.71328e-14      #dY:114.5% 
  27.6            1.30852e-14     1.52002e-14      #dY:116.2% 
  27.8            1.14462e-14     1.34843e-14      #dY:117.8% 
  28              1.00121e-14     1.19608e-14      #dY:119.5% 
  28.2            8.75738e-15     1.06083e-14      #dY:121.1% 
  28.4            7.65964e-15     9.40731e-15      #dY:122.8% 
  28.6            6.69926e-15     8.34149e-15      #dY:124.5% 
  28.8            5.85904e-15     7.39547e-15      #dY:126.2% 
  29              5.12385e-15     6.55556e-15      #dY:127.9% 
  29.2            4.48068e-15     5.81033e-15      #dY:129.7% 
  29.4            3.918e-15       5.14905e-15      #dY:131.4% 
  29.6            3.42578e-15     4.56232e-15      #dY:133.2% 
  29.8            2.99522e-15     4.0419e-15       #dY:134.9% 
  30              0.00            0.00                        
//
#-------------------------------------------------------------------------------
#
#name:   INDEN-Aug2023: PU-239(N,F) E_in=11.5 MeV
#X.axis: Energy
#Y.axis: 
#wdata:  3
#ldata:  642
#data...
# X               Y               +-dY           
# MeV             1/eV            1/eV           
  0.00            0.00            0.00                        
  1.00e-5         1.66228e-9      5.45765e-11      #dY:3.3%   
  1.10e-5         1.743513e-9     5.72435e-11      #dY:3.3%   
  1.20e-5         1.821137e-9     3.06063e-10      #dY:16.8%  
  1.30e-5         1.895618e-9     3.1791e-10       #dY:16.8%  
  1.40e-5         1.967274e-9     3.29333e-10      #dY:16.7%  
  1.50e-5         2.036421e-9     3.40387e-10      #dY:16.7%  
  1.60e-5         2.103323e-9     3.51094e-10      #dY:16.7%  
  1.70e-5         2.168154e-9     3.61495e-10      #dY:16.7%  
  1.80e-5         2.23111e-9      3.71608e-10      #dY:16.7%  
  1.90e-5         2.292352e-9     3.81452e-10      #dY:16.6%  
  2.00e-5         2.35201e-9      3.91053e-10      #dY:16.6%  
  2.10e-5         2.410197e-9     4.0042e-10       #dY:16.6%  
  2.20e-5         2.467017e-9     4.09586e-10      #dY:16.6%  
  2.30e-5         2.522562e-9     4.18548e-10      #dY:16.6%  
  2.40e-5         2.576924e-9     4.27317e-10      #dY:16.6%  
  2.50e-5         2.630172e-9     4.35916e-10      #dY:16.6%  
  2.60e-5         2.682353e-9     4.44349e-10      #dY:16.6%  
  2.70e-5         2.733561e-9     4.52618e-10      #dY:16.6%  
  2.80e-5         2.783817e-9     4.60745e-10      #dY:16.6%  
  2.90e-5         2.833192e-9     4.68726e-10      #dY:16.5%  
  3.00e-5         2.881736e-9     4.76587e-10      #dY:16.5%  
  3.10e-5         2.929477e-9     4.84301e-10      #dY:16.5%  
  3.20e-5         2.976456e-9     4.91907e-10      #dY:16.5%  
  3.30e-5         3.022725e-9     4.99393e-10      #dY:16.5%  
  3.40e-5         3.068263e-9     5.0677e-10       #dY:16.5%  
  3.50e-5         3.113162e-9     5.14031e-10      #dY:16.5%  
  3.60e-5         3.157428e-9     5.21203e-10      #dY:16.5%  
  3.70e-5         3.201082e-9     5.28278e-10      #dY:16.5%  
  3.80e-5         3.24416e-9      5.35251e-10      #dY:16.5%  
  3.90e-5         3.286664e-9     5.42137e-10      #dY:16.5%  
  4.00e-5         3.328649e-9     5.4894e-10       #dY:16.5%  
  4.10e-5         3.370096e-9     5.55665e-10      #dY:16.5%  
  4.20e-5         3.41105e-9      5.62297e-10      #dY:16.5%  
  4.30e-5         3.451512e-9     5.68856e-10      #dY:16.5%  
  4.40e-5         3.491528e-9     5.75337e-10      #dY:16.5%  
  4.50e-5         3.531073e-9     5.81751e-10      #dY:16.5%  
  4.60e-5         3.570191e-9     5.88088e-10      #dY:16.5%  
  4.70e-5         3.60889e-9      5.94363e-10      #dY:16.5%  
  4.80e-5         3.647191e-9     6.00574e-10      #dY:16.5%  
  4.90e-5         3.685086e-9     6.06711e-10      #dY:16.5%  
  5.00e-5         3.722608e-9     6.128e-10        #dY:16.5%  
  5.10e-5         3.759752e-9     6.18812e-10      #dY:16.5%  
  5.20e-5         3.796526e-9     6.24777e-10      #dY:16.5%  
  5.30e-5         3.83297e-9      6.3068e-10       #dY:16.5%  
  5.40e-5         3.869044e-9     6.36539e-10      #dY:16.5%  
  5.50e-5         3.904817e-9     6.42337e-10      #dY:16.4%  
  5.60e-5         3.94026e-9      6.48076e-10      #dY:16.4%  
  5.70e-5         3.975383e-9     6.53774e-10      #dY:16.4%  
  5.80e-5         4.010193e-9     6.59411e-10      #dY:16.4%  
  5.90e-5         4.044722e-9     6.65021e-10      #dY:16.4%  
  6.00e-5         4.078961e-9     6.70566e-10      #dY:16.4%  
  6.10e-5         4.112914e-9     6.7607e-10       #dY:16.4%  
  6.20e-5         4.146581e-9     6.81526e-10      #dY:16.4%  
  6.30e-5         4.180009e-9     6.8695e-10       #dY:16.4%  
  6.40e-5         4.213153e-9     6.92324e-10      #dY:16.4%  
  6.50e-5         4.246032e-9     6.97649e-10      #dY:16.4%  
  6.60e-5         4.278671e-9     7.02939e-10      #dY:16.4%  
  6.70e-5         4.311064e-9     7.08193e-10      #dY:16.4%  
  6.80e-5         4.343237e-9     7.13411e-10      #dY:16.4%  
  6.90e-5         4.375158e-9     7.18574e-10      #dY:16.4%  
  7.00e-5         4.406831e-9     7.23719e-10      #dY:16.4%  
  7.10e-5         4.438316e-9     7.28821e-10      #dY:16.4%  
  7.20e-5         4.469558e-9     7.33878e-10      #dY:16.4%  
  7.30e-5         4.500581e-9     7.38908e-10      #dY:16.4%  
  7.40e-5         4.53141e-9      7.43904e-10      #dY:16.4%  
  7.50e-5         4.562027e-9     7.48872e-10      #dY:16.4%  
  7.60e-5         4.592442e-9     7.53789e-10      #dY:16.4%  
  7.70e-5         4.622665e-9     7.58699e-10      #dY:16.4%  
  7.80e-5         4.652675e-9     7.63561e-10      #dY:16.4%  
  7.90e-5         4.682512e-9     7.68391e-10      #dY:16.4%  
  8.00e-5         4.712153e-9     7.73198e-10      #dY:16.4%  
  8.10e-5         4.741621e-9     7.77979e-10      #dY:16.4%  
  8.20e-5         4.770886e-9     7.82713e-10      #dY:16.4%  
  8.30e-5         4.799994e-9     7.87429e-10      #dY:16.4%  
  8.40e-5         4.828931e-9     7.92119e-10      #dY:16.4%  
  8.50e-5         4.857692e-9     7.96778e-10      #dY:16.4%  
  8.60e-5         4.886283e-9     8.01409e-10      #dY:16.4%  
  8.70e-5         4.914709e-9     8.06021e-10      #dY:16.4%  
  8.80e-5         4.942979e-9     8.10589e-10      #dY:16.4%  
  8.90e-5         4.971081e-9     8.15144e-10      #dY:16.4%  
  9.00e-5         4.999032e-9     8.19677e-10      #dY:16.4%  
  9.10e-5         5.026833e-9     8.24177e-10      #dY:16.4%  
  9.20e-5         5.054473e-9     8.2865e-10       #dY:16.4%  
  9.30e-5         5.081968e-9     8.33101e-10      #dY:16.4%  
  9.40e-5         5.10932e-9      8.37534e-10      #dY:16.4%  
  9.50e-5         5.13652e-9      8.41936e-10      #dY:16.4%  
  9.60e-5         5.163593e-9     8.46329e-10      #dY:16.4%  
  9.70e-5         5.190523e-9     8.50688e-10      #dY:16.4%  
  9.80e-5         5.217312e-9     8.55023e-10      #dY:16.4%  
  9.90e-5         5.243961e-9     8.59331e-10      #dY:16.4%  
  1.00e-4         5.270477e-9     8.63626e-10      #dY:16.4%  
  1.10e-4         5.528759e-9     9.05895e-10      #dY:16.4%  
  1.20e-4         5.775633e-9     9.66214e-10      #dY:16.7%  
  1.30e-4         6.012496e-9     1.00348e-9       #dY:16.7%  
  1.40e-4         6.240473e-9     1.03942e-9       #dY:16.7%  
  1.50e-4         6.460519e-9     1.07419e-9       #dY:16.6%  
  1.60e-4         6.673412e-9     1.10785e-9       #dY:16.6%  
  1.70e-4         6.879814e-9     1.14053e-9       #dY:16.6%  
  1.80e-4         7.080273e-9     1.17233e-9       #dY:16.6%  
  1.90e-4         7.275309e-9     1.20325e-9       #dY:16.5%  
  2.00e-4         7.465314e-9     1.23341e-9       #dY:16.5%  
  2.10e-4         7.650676e-9     1.26283e-9       #dY:16.5%  
  2.20e-4         7.831735e-9     1.29158e-9       #dY:16.5%  
  2.30e-4         8.008742e-9     1.3197e-9        #dY:16.5%  
  2.40e-4         8.181985e-9     1.34722e-9       #dY:16.5%  
  2.50e-4         8.351728e-9     1.37418e-9       #dY:16.5%  
  2.60e-4         8.518117e-9     1.40061e-9       #dY:16.4%  
  2.70e-4         8.681383e-9     1.42656e-9       #dY:16.4%  
  2.80e-4         8.841693e-9     1.45203e-9       #dY:16.4%  
  2.90e-4         8.999194e-9     1.47705e-9       #dY:16.4%  
  3.00e-4         9.154046e-9     1.50164e-9       #dY:16.4%  
  3.10e-4         9.306328e-9     1.52583e-9       #dY:16.4%  
  3.20e-4         9.456235e-9     1.54963e-9       #dY:16.4%  
  3.30e-4         9.603851e-9     1.57308e-9       #dY:16.4%  
  3.40e-4         9.74924e-9      1.59615e-9       #dY:16.4%  
  3.50e-4         9.892582e-9     1.61891e-9       #dY:16.4%  
  3.60e-4         1.003389e-8     1.64132e-9       #dY:16.4%  
  3.70e-4         1.017329e-8     1.66343e-9       #dY:16.4%  
  3.80e-4         1.031083e-8     1.68524e-9       #dY:16.3%  
  3.90e-4         1.044662e-8     1.70672e-9       #dY:16.3%  
  4.00e-4         1.058065e-8     1.728e-9         #dY:16.3%  
  4.10e-4         1.071312e-8     1.74899e-9       #dY:16.3%  
  4.20e-4         1.084399e-8     1.7697e-9        #dY:16.3%  
  4.30e-4         1.097324e-8     1.7902e-9        #dY:16.3%  
  4.40e-4         1.110106e-8     1.81044e-9       #dY:16.3%  
  4.50e-4         1.122743e-8     1.83044e-9       #dY:16.3%  
  4.60e-4         1.135256e-8     1.85031e-9       #dY:16.3%  
  4.70e-4         1.147629e-8     1.86989e-9       #dY:16.3%  
  4.80e-4         1.159862e-8     1.88921e-9       #dY:16.3%  
  4.90e-4         1.171976e-8     1.90835e-9       #dY:16.3%  
  5.00e-4         1.183976e-8     1.92736e-9       #dY:16.3%  
  5.10e-4         1.195858e-8     1.94602e-9       #dY:16.3%  
  5.20e-4         1.207623e-8     1.9647e-9        #dY:16.3%  
  5.30e-4         1.219263e-8     1.98312e-9       #dY:16.3%  
  5.40e-4         1.230815e-8     2.0013e-9        #dY:16.3%  
  5.50e-4         1.242266e-8     2.01937e-9       #dY:16.3%  
  5.60e-4         1.253574e-8     2.03717e-9       #dY:16.3%  
  5.70e-4         1.26483e-8      2.05489e-9       #dY:16.2%  
  5.80e-4         1.275977e-8     2.07254e-9       #dY:16.2%  
  5.90e-4         1.287033e-8     2.08997e-9       #dY:16.2%  
  6.00e-4         1.297982e-8     2.10716e-9       #dY:16.2%  
  6.10e-4         1.308852e-8     2.12428e-9       #dY:16.2%  
  6.20e-4         1.319622e-8     2.14126e-9       #dY:16.2%  
  6.30e-4         1.330327e-8     2.15805e-9       #dY:16.2%  
  6.40e-4         1.340935e-8     2.17477e-9       #dY:16.2%  
  6.50e-4         1.351471e-8     2.19126e-9       #dY:16.2%  
  6.60e-4         1.361906e-8     2.20767e-9       #dY:16.2%  
  6.70e-4         1.372289e-8     2.22401e-9       #dY:16.2%  
  6.80e-4         1.382588e-8     2.24014e-9       #dY:16.2%  
  6.90e-4         1.392811e-8     2.25622e-9       #dY:16.2%  
  7.00e-4         1.402961e-8     2.27209e-9       #dY:16.2%  
  7.10e-4         1.413046e-8     2.28805e-9       #dY:16.2%  
  7.20e-4         1.423055e-8     2.30363e-9       #dY:16.2%  
  7.30e-4         1.433e-8        2.3192e-9        #dY:16.2%  
  7.40e-4         1.442875e-8     2.33468e-9       #dY:16.2%  
  7.50e-4         1.452689e-8     2.34999e-9       #dY:16.2%  
  7.60e-4         1.462431e-8     2.36526e-9       #dY:16.2%  
  7.70e-4         1.472119e-8     2.38045e-9       #dY:16.2%  
  7.80e-4         1.481743e-8     2.39546e-9       #dY:16.2%  
  7.90e-4         1.491306e-8     2.41047e-9       #dY:16.2%  
  8.00e-4         1.500803e-8     2.42525e-9       #dY:16.2%  
  8.10e-4         1.510246e-8     2.44004e-9       #dY:16.2%  
  8.20e-4         1.519625e-8     2.45468e-9       #dY:16.2%  
  8.30e-4         1.528967e-8     2.46923e-9       #dY:16.1%  
  8.40e-4         1.538237e-8     2.4838e-9        #dY:16.1%  
  8.50e-4         1.547463e-8     2.49816e-9       #dY:16.1%  
  8.60e-4         1.556632e-8     2.51237e-9       #dY:16.1%  
  8.70e-4         1.565741e-8     2.52665e-9       #dY:16.1%  
  8.80e-4         1.574814e-8     2.54084e-9       #dY:16.1%  
  8.90e-4         1.583837e-8     2.55479e-9       #dY:16.1%  
  9.00e-4         1.5928e-8       2.56871e-9       #dY:16.1%  
  9.10e-4         1.601708e-8     2.58265e-9       #dY:16.1%  
  9.20e-4         1.610593e-8     2.59649e-9       #dY:16.1%  
  9.30e-4         1.619404e-8     2.61022e-9       #dY:16.1%  
  9.40e-4         1.628178e-8     2.62377e-9       #dY:16.1%  
  9.50e-4         1.636899e-8     2.63734e-9       #dY:16.1%  
  9.60e-4         1.645601e-8     2.65096e-9       #dY:16.1%  
  9.70e-4         1.654238e-8     2.66429e-9       #dY:16.1%  
  9.80e-4         1.662816e-8     2.67765e-9       #dY:16.1%  
  9.90e-4         1.671382e-8     2.69098e-9       #dY:16.1%  
  1.00e-3         1.679901e-8     2.70425e-9       #dY:16.1%  
  1.10e-3         1.762825e-8     2.83723e-9       #dY:16.1%  
  1.20e-3         1.842134e-8     3.02384e-9       #dY:16.4%  
  1.30e-3         1.918279e-8     3.13778e-9       #dY:16.4%  
  1.40e-3         1.991589e-8     3.24735e-9       #dY:16.3%  
  1.50e-3         2.06239e-8      3.35318e-9       #dY:16.3%  
  1.60e-3         2.130919e-8     3.45552e-9       #dY:16.2%  
  1.70e-3         2.197396e-8     3.55448e-9       #dY:16.2%  
  1.80e-3         2.261989e-8     3.65061e-9       #dY:16.1%  
  1.90e-3         2.324841e-8     3.74398e-9       #dY:16.1%  
  2.00e-3         2.386114e-8     3.8349e-9        #dY:16.1%  
  2.10e-3         2.445887e-8     3.9234e-9        #dY:16.0%  
  2.20e-3         2.50431e-8      4.00975e-9       #dY:16.0%  
  2.30e-3         2.561446e-8     4.0939e-9        #dY:16.0%  
  2.40e-3         2.617366e-8     4.17615e-9       #dY:16.0%  
  2.50e-3         2.672187e-8     4.25659e-9       #dY:15.9%  
  2.60e-3         2.725937e-8     4.33522e-9       #dY:15.9%  
  2.70e-3         2.778702e-8     4.41227e-9       #dY:15.9%  
  2.80e-3         2.830516e-8     4.4877e-9        #dY:15.9%  
  2.90e-3         2.881442e-8     4.56168e-9       #dY:15.8%  
  3.00e-3         2.931517e-8     4.63422e-9       #dY:15.8%  
  3.10e-3         2.980794e-8     4.70544e-9       #dY:15.8%  
  3.20e-3         3.029283e-8     4.77532e-9       #dY:15.8%  
  3.30e-3         3.077063e-8     4.84408e-9       #dY:15.7%  
  3.40e-3         3.124135e-8     4.91143e-9       #dY:15.7%  
  3.50e-3         3.170548e-8     4.97785e-9       #dY:15.7%  
  3.60e-3         3.216322e-8     5.04317e-9       #dY:15.7%  
  3.70e-3         3.261476e-8     5.10736e-9       #dY:15.7%  
  3.80e-3         3.306037e-8     5.1707e-9        #dY:15.6%  
  3.90e-3         3.350026e-8     5.23288e-9       #dY:15.6%  
  4.00e-3         3.39349e-8      5.29429e-9       #dY:15.6%  
  4.10e-3         3.436417e-8     5.35476e-9       #dY:15.6%  
  4.20e-3         3.47885e-8      5.41436e-9       #dY:15.6%  
  4.30e-3         3.520778e-8     5.47318e-9       #dY:15.5%  
  4.40e-3         3.562254e-8     5.53125e-9       #dY:15.5%  
  4.50e-3         3.603262e-8     5.58846e-9       #dY:15.5%  
  4.60e-3         3.643844e-8     5.64496e-9       #dY:15.5%  
  4.70e-3         3.683989e-8     5.70066e-9       #dY:15.5%  
  4.80e-3         3.723729e-8     5.75561e-9       #dY:15.5%  
  4.90e-3         3.763058e-8     5.81005e-9       #dY:15.4%  
  5.00e-3         3.802025e-8     5.86368e-9       #dY:15.4%  
  5.10e-3         3.840598e-8     5.91675e-9       #dY:15.4%  
  5.20e-3         3.878812e-8     5.96919e-9       #dY:15.4%  
  5.30e-3         3.916659e-8     6.02092e-9       #dY:15.4%  
  5.40e-3         3.954172e-8     6.07222e-9       #dY:15.4%  
  5.50e-3         3.991361e-8     6.12299e-9       #dY:15.3%  
  5.60e-3         4.028217e-8     6.17315e-9       #dY:15.3%  
  5.70e-3         4.064744e-8     6.22263e-9       #dY:15.3%  
  5.80e-3         4.100965e-8     6.27166e-9       #dY:15.3%  
  5.90e-3         4.136897e-8     6.32014e-9       #dY:15.3%  
  6.00e-3         4.172542e-8     6.36808e-9       #dY:15.3%  
  6.10e-3         4.207879e-8     6.41553e-9       #dY:15.2%  
  6.20e-3         4.242955e-8     6.46261e-9       #dY:15.2%  
  6.30e-3         4.277734e-8     6.50905e-9       #dY:15.2%  
  6.40e-3         4.312265e-8     6.55513e-9       #dY:15.2%  
  6.50e-3         4.346541e-8     6.60076e-9       #dY:15.2%  
  6.60e-3         4.380556e-8     6.64588e-9       #dY:15.2%  
  6.70e-3         4.414328e-8     6.69073e-9       #dY:15.2%  
  6.80e-3         4.447852e-8     6.73504e-9       #dY:15.1%  
  6.90e-3         4.481129e-8     6.77888e-9       #dY:15.1%  
  7.00e-3         4.514187e-8     6.82242e-9       #dY:15.1%  
  7.10e-3         4.547004e-8     6.86548e-9       #dY:15.1%  
  7.20e-3         4.579616e-8     6.90808e-9       #dY:15.1%  
  7.30e-3         4.612e-8        6.95037e-9       #dY:15.1%  
  7.40e-3         4.644169e-8     6.99227e-9       #dY:15.1%  
  7.50e-3         4.676132e-8     7.03383e-9       #dY:15.0%  
  7.60e-3         4.707903e-8     7.075e-9         #dY:15.0%  
  7.70e-3         4.739462e-8     7.11579e-9       #dY:15.0%  
  7.80e-3         4.770821e-8     7.15633e-9       #dY:15.0%  
  7.90e-3         4.80198e-8      7.19642e-9       #dY:15.0%  
  8.00e-3         4.832971e-8     7.23628e-9       #dY:15.0%  
  8.10e-3         4.863745e-8     7.27569e-9       #dY:15.0%  
  8.20e-3         4.894354e-8     7.31489e-9       #dY:14.9%  
  8.30e-3         4.924794e-8     7.35373e-9       #dY:14.9%  
  8.40e-3         4.955035e-8     7.39232e-9       #dY:14.9%  
  8.50e-3         4.985126e-8     7.4305e-9        #dY:14.9%  
  8.60e-3         5.015025e-8     7.46833e-9       #dY:14.9%  
  8.70e-3         5.044761e-8     7.50598e-9       #dY:14.9%  
  8.80e-3         5.074348e-8     7.54338e-9       #dY:14.9%  
  8.90e-3         5.103756e-8     7.5803e-9        #dY:14.9%  
  9.00e-3         5.133017e-8     7.61717e-9       #dY:14.8%  
  9.10e-3         5.162116e-8     7.65364e-9       #dY:14.8%  
  9.20e-3         5.191064e-8     7.68982e-9       #dY:14.8%  
  9.30e-3         5.219843e-8     7.7258e-9        #dY:14.8%  
  9.40e-3         5.248501e-8     7.7614e-9        #dY:14.8%  
  9.50e-3         5.277003e-8     7.7968e-9        #dY:14.8%  
  9.60e-3         5.305336e-8     7.83187e-9       #dY:14.8%  
  9.70e-3         5.333568e-8     7.86672e-9       #dY:14.7%  
  9.80e-3         5.361628e-8     7.90135e-9       #dY:14.7%  
  9.90e-3         5.389575e-8     7.93555e-9       #dY:14.7%  
  0.01            5.417375e-8     7.96968e-9       #dY:14.7%  
  0.011           5.688308e-8     8.36112e-9       #dY:14.7%  
  0.012           5.947576e-8     8.85888e-9       #dY:14.9%  
  0.013           6.196628e-8     9.1362e-9        #dY:14.7%  
  0.014           6.436554e-8     9.3978e-9        #dY:14.6%  
  0.015           6.668325e-8     9.64524e-9       #dY:14.5%  
  0.016           6.892717e-8     9.87941e-9       #dY:14.3%  
  0.017           7.110384e-8     1.01024e-8       #dY:14.2%  
  0.018           7.321923e-8     1.03143e-8       #dY:14.1%  
  0.019           7.527796e-8     1.05164e-8       #dY:14.0%  
  0.02            7.728446e-8     1.07096e-8       #dY:13.9%  
  0.021           7.924251e-8     1.08946e-8       #dY:13.7%  
  0.022           8.115525e-8     1.10712e-8       #dY:13.6%  
  0.023           8.302597e-8     1.12405e-8       #dY:13.5%  
  0.024           8.485702e-8     1.14032e-8       #dY:13.4%  
  0.025           8.665091e-8     1.15598e-8       #dY:13.3%  
  0.026           8.84099e-8      1.17105e-8       #dY:13.2%  
  0.027           9.013575e-8     1.18557e-8       #dY:13.2%  
  0.028           9.18308e-8      1.19954e-8       #dY:13.1%  
  0.029           9.349614e-8     1.21293e-8       #dY:13.0%  
  0.03            9.51334e-8      1.22582e-8       #dY:12.9%  
  0.031           9.674384e-8     1.23825e-8       #dY:12.8%  
  0.032           9.832937e-8     1.25018e-8       #dY:12.7%  
  0.033           9.98901e-8      1.26163e-8       #dY:12.6%  
  0.034           1.014279e-7     1.27272e-8       #dY:12.5%  
  0.035           1.029432e-7     1.28332e-8       #dY:12.5%  
  0.036           1.044368e-7     1.29367e-8       #dY:12.4%  
  0.037           1.059106e-7     1.30358e-8       #dY:12.3%  
  0.038           1.073637e-7     1.31314e-8       #dY:12.2%  
  0.039           1.087977e-7     1.32236e-8       #dY:12.2%  
  0.04            1.102143e-7     1.3314e-8        #dY:12.1%  
  0.041           1.116123e-7     1.34005e-8       #dY:12.0%  
  0.042           1.129942e-7     1.34843e-8       #dY:11.9%  
  0.043           1.143603e-7     1.35645e-8       #dY:11.9%  
  0.044           1.157069e-7     1.36423e-8       #dY:11.8%  
  0.045           1.170409e-7     1.37191e-8       #dY:11.7%  
  0.046           1.183598e-7     1.37927e-8       #dY:11.7%  
  0.047           1.196646e-7     1.38645e-8       #dY:11.6%  
  0.048           1.209539e-7     1.39336e-8       #dY:11.5%  
  0.049           1.222292e-7     1.40001e-8       #dY:11.5%  
  0.05            1.234924e-7     1.40661e-8       #dY:11.4%  
  0.051           1.247423e-7     1.41301e-8       #dY:11.3%  
  0.052           1.25979e-7      1.4192e-8        #dY:11.3%  
  0.053           1.272039e-7     1.42529e-8       #dY:11.2%  
  0.054           1.28419e-7      1.43112e-8       #dY:11.1%  
  0.055           1.296186e-7     1.43674e-8       #dY:11.1%  
  0.056           1.308099e-7     1.4423e-8        #dY:11.0%  
  0.057           1.319903e-7     1.44754e-8       #dY:11.0%  
  0.058           1.331575e-7     1.4528e-8        #dY:10.9%  
  0.059           1.343158e-7     1.45795e-8       #dY:10.9%  
  0.06            1.354639e-7     1.46286e-8       #dY:10.8%  
  0.061           1.366013e-7     1.46763e-8       #dY:10.7%  
  0.062           1.377286e-7     1.4723e-8        #dY:10.7%  
  0.063           1.388469e-7     1.47694e-8       #dY:10.6%  
  0.064           1.399558e-7     1.48127e-8       #dY:10.6%  
  0.065           1.410542e-7     1.48564e-8       #dY:10.5%  
  0.066           1.421449e-7     1.48996e-8       #dY:10.5%  
  0.067           1.432266e-7     1.49407e-8       #dY:10.4%  
  0.068           1.443006e-7     1.49801e-8       #dY:10.4%  
  0.069           1.453644e-7     1.5019e-8        #dY:10.3%  
  0.07            1.464198e-7     1.50562e-8       #dY:10.3%  
  0.071           1.474688e-7     1.50934e-8       #dY:10.2%  
  0.072           1.48508e-7      1.51284e-8       #dY:10.2%  
  0.073           1.49541e-7      1.51633e-8       #dY:10.1%  
  0.074           1.505668e-7     1.51976e-8       #dY:10.1%  
  0.075           1.515838e-7     1.52307e-8       #dY:10.0%  
  0.076           1.52594e-7      1.52629e-8       #dY:10.0%  
  0.077           1.535962e-7     1.5295e-8        #dY:10.0%  
  0.078           1.545927e-7     1.53249e-8       #dY:9.9%   
  0.079           1.55581e-7      1.53548e-8       #dY:9.9%   
  0.08            1.565636e-7     1.53838e-8       #dY:9.8%   
  0.081           1.575387e-7     1.54124e-8       #dY:9.8%   
  0.082           1.585082e-7     1.54394e-8       #dY:9.7%   
  0.083           1.594701e-7     1.5467e-8        #dY:9.7%   
  0.084           1.604261e-7     1.54928e-8       #dY:9.7%   
  0.085           1.613764e-7     1.55184e-8       #dY:9.6%   
  0.086           1.623209e-7     1.5543e-8        #dY:9.6%   
  0.087           1.632587e-7     1.55663e-8       #dY:9.5%   
  0.088           1.641894e-7     1.55907e-8       #dY:9.5%   
  0.089           1.651142e-7     1.5614e-8        #dY:9.5%   
  0.09            1.660337e-7     1.56368e-8       #dY:9.4%   
  0.091           1.669494e-7     1.56594e-8       #dY:9.4%   
  0.092           1.678558e-7     1.56805e-8       #dY:9.3%   
  0.093           1.687608e-7     1.57015e-8       #dY:9.3%   
  0.094           1.696584e-7     1.57206e-8       #dY:9.3%   
  0.095           1.705494e-7     1.57405e-8       #dY:9.2%   
  0.096           1.714369e-7     1.57597e-8       #dY:9.2%   
  0.097           1.723184e-7     1.57774e-8       #dY:9.2%   
  0.098           1.731945e-7     1.57958e-8       #dY:9.1%   
  0.099           1.740659e-7     1.58139e-8       #dY:9.1%   
  0.1             1.749301e-7     1.58311e-8       #dY:9.0%   
  0.11            1.833255e-7     1.65272e-8       #dY:9.0%   
  0.12            1.912816e-7     1.69645e-8       #dY:8.9%   
  0.13            1.988501e-7     1.69943e-8       #dY:8.5%   
  0.14            2.060664e-7     1.69912e-8       #dY:8.2%   
  0.15            2.129655e-7     1.69688e-8       #dY:8.0%   
  0.16            2.195634e-7     1.69359e-8       #dY:7.7%   
  0.17            2.258847e-7     1.68834e-8       #dY:7.5%   
  0.18            2.31954e-7      1.68117e-8       #dY:7.2%   
  0.19            2.377933e-7     1.67358e-8       #dY:7.0%   
  0.2             2.434164e-7     1.66475e-8       #dY:6.8%   
  0.21            2.481305e-7     1.6498e-8        #dY:6.6%   
  0.22            2.526598e-7     1.63236e-8       #dY:6.5%   
  0.23            2.57026e-7      1.61537e-8       #dY:6.3%   
  0.24            2.61237e-7      1.59794e-8       #dY:6.1%   
  0.25            2.653099e-7     1.58098e-8       #dY:6.0%   
  0.26            2.692413e-7     1.5633e-8        #dY:5.8%   
  0.27            2.730354e-7     1.54296e-8       #dY:5.7%   
  0.28            2.766993e-7     1.52267e-8       #dY:5.5%   
  0.29            2.802486e-7     1.50434e-8       #dY:5.4%   
  0.3             2.836879e-7     1.48806e-8       #dY:5.2%   
  0.31            2.863455e-7     1.47042e-8       #dY:5.1%   
  0.32            2.889031e-7     1.44991e-8       #dY:5.0%   
  0.33            2.913607e-7     1.43114e-8       #dY:4.9%   
  0.34            2.937229e-7     1.41289e-8       #dY:4.8%   
  0.35            2.959963e-7     1.39773e-8       #dY:4.7%   
  0.36            2.981839e-7     1.38491e-8       #dY:4.6%   
  0.37            3.002828e-7     1.37305e-8       #dY:4.6%   
  0.38            3.022801e-7     1.36266e-8       #dY:4.5%   
  0.39            3.042033e-7     1.35411e-8       #dY:4.5%   
  0.4             3.060587e-7     1.34862e-8       #dY:4.4%   
  0.41            3.07449e-7      1.34427e-8       #dY:4.4%   
  0.42            3.087819e-7     1.33805e-8       #dY:4.3%   
  0.43            3.100634e-7     1.33357e-8       #dY:4.3%   
  0.44            3.112819e-7     1.33124e-8       #dY:4.3%   
  0.45            3.124203e-7     1.32946e-8       #dY:4.3%   
  0.46            3.135014e-7     1.32666e-8       #dY:4.2%   
  0.47            3.145184e-7     1.32559e-8       #dY:4.2%   
  0.48            3.15478e-7      1.32394e-8       #dY:4.2%   
  0.49            3.164015e-7     1.32182e-8       #dY:4.2%   
  0.5             3.172787e-7     1.32111e-8       #dY:4.2%   
  0.51            3.179278e-7     1.31904e-8       #dY:4.1%   
  0.52            3.185333e-7     1.31402e-8       #dY:4.1%   
  0.53            3.190981e-7     1.3087e-8        #dY:4.1%   
  0.54            3.196186e-7     1.30155e-8       #dY:4.1%   
  0.55            3.201001e-7     1.29208e-8       #dY:4.0%   
  0.56            3.205386e-7     1.28138e-8       #dY:4.0%   
  0.57            3.209262e-7     1.269e-8         #dY:4.0%   
  0.58            3.212719e-7     1.25391e-8       #dY:3.9%   
  0.59            3.215868e-7     1.23721e-8       #dY:3.8%   
  0.6             3.218567e-7     1.22211e-8       #dY:3.8%   
  0.61            3.220637e-7     1.20463e-8       #dY:3.7%   
  0.62            3.222543e-7     1.18389e-8       #dY:3.7%   
  0.63            3.224333e-7     1.16331e-8       #dY:3.6%   
  0.64            3.225815e-7     1.14617e-8       #dY:3.6%   
  0.65            3.226999e-7     1.12905e-8       #dY:3.5%   
  0.66            3.227854e-7     1.11224e-8       #dY:3.4%   
  0.67            3.228384e-7     1.09408e-8       #dY:3.4%   
  0.68            3.228475e-7     1.07679e-8       #dY:3.3%   
  0.69            3.228327e-7     1.05759e-8       #dY:3.3%   
  0.7             3.227835e-7     1.037e-8         #dY:3.2%   
  0.71            3.227337e-7     1.01527e-8       #dY:3.1%   
  0.72            3.226717e-7     9.93602e-9       #dY:3.1%   
  0.73            3.225904e-7     9.73181e-9       #dY:3.0%   
  0.74            3.225092e-7     9.53469e-9       #dY:3.0%   
  0.75            3.224271e-7     9.36589e-9       #dY:2.9%   
  0.76            3.223225e-7     9.22466e-9       #dY:2.9%   
  0.77            3.221957e-7     9.10746e-9       #dY:2.8%   
  0.78            3.220524e-7     8.99702e-9       #dY:2.8%   
  0.79            3.218834e-7     8.89711e-9       #dY:2.8%   
  0.8             3.217005e-7     8.80045e-9       #dY:2.7%   
  0.81            3.215438e-7     8.71614e-9       #dY:2.7%   
  0.82            3.213682e-7     8.64239e-9       #dY:2.7%   
  0.83            3.211709e-7     8.57406e-9       #dY:2.7%   
  0.84            3.209569e-7     8.50688e-9       #dY:2.7%   
  0.85            3.207217e-7     8.44525e-9       #dY:2.6%   
  0.86            3.204649e-7     8.39045e-9       #dY:2.6%   
  0.87            3.201926e-7     8.34528e-9       #dY:2.6%   
  0.88            3.199007e-7     8.3124e-9        #dY:2.6%   
  0.89            3.19588e-7      8.2941e-9        #dY:2.6%   
  0.9             3.192734e-7     8.28516e-9       #dY:2.6%   
  0.91            3.18965e-7      8.28454e-9       #dY:2.6%   
  0.92            3.186486e-7     8.2856e-9        #dY:2.6%   
  0.93            3.183316e-7     8.28001e-9       #dY:2.6%   
  0.94            3.18006e-7      8.27225e-9       #dY:2.6%   
  0.95            3.17671e-7      8.26248e-9       #dY:2.6%   
  0.96            3.173228e-7     8.24888e-9       #dY:2.6%   
  0.97            3.169527e-7     8.23698e-9       #dY:2.6%   
  0.98            3.16568e-7      8.22922e-9       #dY:2.6%   
  0.99            3.161737e-7     8.22302e-9       #dY:2.6%   
  1               3.15768e-7      8.21798e-9       #dY:2.6%   
  1.1             3.110456e-7     8.10031e-9       #dY:2.6%   
  1.2             3.050693e-7     7.79397e-9       #dY:2.6%   
  1.3             2.978989e-7     7.28684e-9       #dY:2.4%   
  1.4             2.896983e-7     6.58791e-9       #dY:2.3%   
  1.5             2.807421e-7     5.93369e-9       #dY:2.1%   
  1.6             2.712032e-7     5.48005e-9       #dY:2.0%   
  1.7             2.614696e-7     5.2511e-9        #dY:2.0%   
  1.8             2.515635e-7     5.17288e-9       #dY:2.1%   
  1.9             2.416282e-7     5.22252e-9       #dY:2.2%   
  2               2.317606e-7     5.27224e-9       #dY:2.3%   
  2.1             2.220661e-7     5.33491e-9       #dY:2.4%   
  2.2             2.125031e-7     5.33705e-9       #dY:2.5%   
  2.3             2.031565e-7     5.29858e-9       #dY:2.6%   
  2.4             1.940633e-7     5.20483e-9       #dY:2.7%   
  2.5             1.851879e-7     5.07567e-9       #dY:2.7%   
  2.6             1.765787e-7     4.93193e-9       #dY:2.8%   
  2.7             1.682425e-7     4.77472e-9       #dY:2.8%   
  2.8             1.601776e-7     4.57059e-9       #dY:2.9%   
  2.9             1.523965e-7     4.32401e-9       #dY:2.8%   
  3               1.448951e-7     4.06943e-9       #dY:2.8%   
  3.1             1.37689e-7      3.84167e-9       #dY:2.8%   
  3.2             1.307647e-7     3.64488e-9       #dY:2.8%   
  3.3             1.24134e-7      3.48481e-9       #dY:2.8%   
  3.4             1.177734e-7     3.34512e-9       #dY:2.8%   
  3.5             1.116994e-7     3.22301e-9       #dY:2.9%   
  3.6             1.058932e-7     3.12831e-9       #dY:3.0%   
  3.7             1.003331e-7     3.07421e-9       #dY:3.1%   
  3.8             9.504267e-8     3.08754e-9       #dY:3.2%   
  3.9             8.999703e-8     3.15863e-9       #dY:3.5%   
  4               8.520793e-8     3.23583e-9       #dY:3.8%   
  4.1             8.064985e-8     3.41115e-9       #dY:4.2%   
  4.2             7.631881e-8     3.40315e-9       #dY:4.5%   
  4.3             7.221704e-8     3.44972e-9       #dY:4.8%   
  4.4             6.83547e-8      3.39887e-9       #dY:5.0%   
  4.5             6.471315e-8     3.12423e-9       #dY:4.8%   
  4.6             6.127189e-8     2.81141e-9       #dY:4.6%   
  4.7             5.799233e-8     2.49536e-9       #dY:4.3%   
  4.8             5.48913e-8      2.16257e-9       #dY:3.9%   
  4.9             5.195732e-8     1.85411e-9       #dY:3.6%   
  5               4.928245e-8     1.64336e-9       #dY:3.3%   
  5.1             4.677083e-8     1.5357e-9        #dY:3.3%   
  5.2             4.442067e-8     1.46677e-9       #dY:3.3%   
  5.3             4.226858e-8     1.40724e-9       #dY:3.3%   
  5.4             4.004999e-8     1.34567e-9       #dY:3.4%   
  5.5             3.80016e-8      1.2899e-9        #dY:3.4%   
  5.6             3.549545e-8     1.21782e-9       #dY:3.4%   
  5.7             3.310741e-8     1.15764e-9       #dY:3.5%   
  5.8             3.071305e-8     1.10491e-9       #dY:3.6%   
  5.9             2.851294e-8     1.05853e-9       #dY:3.7%   
  6               2.652487e-8     1.0206e-9        #dY:3.8%   
  6.1             2.457448e-8     9.80262e-10      #dY:4.0%   
  6.2             2.271494e-8     9.40076e-10      #dY:4.1%   
  6.3             2.104007e-8     9.07108e-10      #dY:4.3%   
  6.4             1.957244e-8     8.79974e-10      #dY:4.5%   
  6.5             1.828168e-8     8.52889e-10      #dY:4.7%   
  6.6             1.711977e-8     8.24481e-10      #dY:4.8%   
  6.7             1.604851e-8     7.96383e-10      #dY:5.0%   
  6.8             1.504769e-8     7.66825e-10      #dY:5.1%   
  6.9             1.410931e-8     7.3712e-10       #dY:5.2%   
  7               1.322715e-8     7.0903e-10       #dY:5.4%   
  7.1             1.239711e-8     6.81733e-10      #dY:5.5%   
  7.2             1.161662e-8     6.54622e-10      #dY:5.6%   
  7.3             1.088267e-8     6.28686e-10      #dY:5.8%   
  7.4             1.019318e-8     6.0451e-10       #dY:5.9%   
  7.5             9.54561e-9      5.8132e-10       #dY:6.1%   
  7.6             8.937451e-9     5.58985e-10      #dY:6.3%   
  7.7             8.366735e-9     5.37915e-10      #dY:6.4%   
  7.8             7.831883e-9     5.18037e-10      #dY:6.6%   
  7.9             7.330565e-9     4.98884e-10      #dY:6.8%   
  8               6.859965e-9     4.80497e-10      #dY:7.0%   
  8.1             6.418911e-9     4.63055e-10      #dY:7.2%   
  8.2             6.006004e-9     4.46256e-10      #dY:7.4%   
  8.3             5.619348e-9     4.30185e-10      #dY:7.7%   
  8.4             5.256829e-9     4.14451e-10      #dY:7.9%   
  8.5             4.917525e-9     3.99434e-10      #dY:8.1%   
  8.6             4.600378e-9     3.85118e-10      #dY:8.4%   
  8.7             4.302859e-9     3.71037e-10      #dY:8.6%   
  8.8             4.024592e-9     3.57473e-10      #dY:8.9%   
  8.9             3.764397e-9     3.44441e-10      #dY:9.1%   
  9               3.521263e-9     3.31846e-10      #dY:9.4%   
  9.1             3.293671e-9     3.19446e-10      #dY:9.7%   
  9.2             3.080659e-9     3.07487e-10      #dY:10.0%  
  9.3             2.881515e-9     2.96045e-10      #dY:10.3%  
  9.4             2.695121e-9     2.84855e-10      #dY:10.6%  
  9.5             2.520761e-9     2.74113e-10      #dY:10.9%  
  9.6             2.357803e-9     2.63756e-10      #dY:11.2%  
  9.7             2.205523e-9     2.5371e-10       #dY:11.5%  
  9.8             2.06305e-9      2.43957e-10      #dY:11.8%  
  9.9             1.929791e-9     2.34565e-10      #dY:12.2%  
  10              1.805198e-9     2.25529e-10      #dY:12.5%  
  10.2            1.579633e-9     2.02788e-10      #dY:12.8%  
  10.4            1.382412e-9     1.80881e-10      #dY:13.1%  
  10.6            1.210263e-9     1.67025e-10      #dY:13.8%  
  10.8            1.059255e-9     1.54091e-10      #dY:14.5%  
  11              9.27278e-10     1.42055e-10      #dY:15.3%  
  11.2            8.11816e-10     1.30884e-10      #dY:16.1%  
  11.4            7.10773e-10     1.20428e-10      #dY:16.9%  
  11.6            6.22284e-10     1.10737e-10      #dY:17.8%  
  11.8            5.44802e-10     1.01647e-10      #dY:18.7%  
  12              4.76989e-10     9.32234e-11      #dY:19.5%  
  12.2            4.17589e-10     8.53826e-11      #dY:20.4%  
  12.4            3.65565e-10     7.80968e-11      #dY:21.4%  
  12.6            3.20003e-10     7.13417e-11      #dY:22.3%  
  12.8            2.80095e-10     6.50804e-11      #dY:23.2%  
  13              2.45125e-10     5.92824e-11      #dY:24.2%  
  13.2            2.14505e-10     5.39095e-11      #dY:25.1%  
  13.4            1.87677e-10     4.89551e-11      #dY:26.1%  
  13.6            1.6419e-10      4.43822e-11      #dY:27.0%  
  13.8            1.43629e-10     4.0187e-11       #dY:28.0%  
  14              1.25635e-10     3.63504e-11      #dY:28.9%  
  14.2            1.09878e-10     3.28451e-11      #dY:29.9%  
  14.4            9.60892e-11     2.96437e-11      #dY:30.9%  
  14.6            8.40172e-11     2.67246e-11      #dY:31.8%  
  14.8            7.34514e-11     2.4066e-11       #dY:32.8%  
  15              6.42085e-11     2.16465e-11      #dY:33.7%  
  15.2            5.61248e-11     1.94558e-11      #dY:34.7%  
  15.4            4.9056e-11      1.7475e-11       #dY:35.6%  
  15.6            4.28741e-11     1.56877e-11      #dY:36.6%  
  15.8            3.74692e-11     1.40732e-11      #dY:37.6%  
  16              3.27426e-11     1.26173e-11      #dY:38.5%  
  16.2            2.86098e-11     1.13053e-11      #dY:39.5%  
  16.4            2.49972e-11     1.01234e-11      #dY:40.5%  
  16.6            2.18402e-11     9.06132e-12      #dY:41.5%  
  16.8            1.90811e-11     8.1076e-12       #dY:42.5%  
  17              1.66698e-11     7.25174e-12      #dY:43.5%  
  17.2            1.4563e-11      6.48399e-12      #dY:44.5%  
  17.4            1.27217e-11     5.7956e-12       #dY:45.6%  
  17.6            1.11129e-11     5.17869e-12      #dY:46.6%  
  17.8            9.70767e-12     4.626e-12        #dY:47.7%  
  18              8.48025e-12     4.13127e-12      #dY:48.7%  
  18.2            7.40815e-12     3.68845e-12      #dY:49.8%  
  18.4            6.47178e-12     3.29224e-12      #dY:50.9%  
  18.6            5.65404e-12     2.93805e-12      #dY:52.0%  
  18.8            4.93963e-12     2.62138e-12      #dY:53.1%  
  19              4.3158e-12      2.33834e-12      #dY:54.2%  
  19.2            3.77109e-12     2.08556e-12      #dY:55.3%  
  19.4            3.2953e-12      1.85969e-12      #dY:56.4%  
  19.6            2.8798e-12      1.65795e-12      #dY:57.6%  
  19.8            2.51706e-12     1.47799e-12      #dY:58.7%  
  20              2.20017e-12     1.31734e-12      #dY:59.9%  
  20.2            1.92338e-12     1.17394e-12      #dY:61.0%  
  20.4            1.68159e-12     1.04604e-12      #dY:62.2%  
  20.6            1.47028e-12     9.31904e-13      #dY:63.4%  
  20.8            1.28567e-12     8.30104e-13      #dY:64.6%  
  21              1.12439e-12     7.39394e-13      #dY:65.8%  
  21.2            9.83439e-13     6.58504e-13      #dY:67.0%  
  21.4            8.60265e-13     5.86405e-13      #dY:68.2%  
  21.6            7.52583e-13     5.22144e-13      #dY:69.4%  
  21.8            6.58412e-13     4.64858e-13      #dY:70.6%  
  22              5.76069e-13     4.13799e-13      #dY:71.8%  
  22.2            5.04066e-13     3.68319e-13      #dY:73.1%  
  22.4            4.41092e-13     3.27802e-13      #dY:74.3%  
  22.6            3.86014e-13     2.91717e-13      #dY:75.6%  
  22.8            3.37835e-13     2.59578e-13      #dY:76.8%  
  23              2.95678e-13     2.30946e-13      #dY:78.1%  
  23.2            2.5879e-13      2.05449e-13      #dY:79.4%  
  23.4            2.26511e-13     1.82746e-13      #dY:80.7%  
  23.6            1.98265e-13     1.62534e-13      #dY:82.0%  
  23.8            1.73551e-13     1.44545e-13      #dY:83.3%  
  24              1.51922e-13     1.28533e-13      #dY:84.6%  
  24.2            1.32993e-13     1.14282e-13      #dY:85.9%  
  24.4            1.16426e-13     1.016e-13        #dY:87.3%  
  24.6            1.01928e-13     9.03147e-14      #dY:88.6%  
  24.8            8.92389e-14     8.02757e-14      #dY:90.0%  
  25              7.81308e-14     7.13443e-14      #dY:91.3%  
  25.2            6.84053e-14     6.3397e-14       #dY:92.7%  
  25.4            5.98909e-14     5.63283e-14      #dY:94.1%  
  25.6            5.24366e-14     5.00433e-14      #dY:95.4%  
  25.8            4.59089e-14     4.44532e-14      #dY:96.8%  
  26              4.01941e-14     3.94823e-14      #dY:98.2%  
  26.2            3.51903e-14     3.50632e-14      #dY:99.6%  
  26.4            3.08091e-14     3.11351e-14      #dY:101.1% 
  26.6            2.69733e-14     2.76428e-14      #dY:102.5% 
  26.8            2.36143e-14     2.45394e-14      #dY:103.9% 
  27              2.06735e-14     2.17807e-14      #dY:105.4% 
  27.2            1.80988e-14     1.93301e-14      #dY:106.8% 
  27.4            1.58443e-14     1.71527e-14      #dY:108.3% 
  27.6            1.38702e-14     1.52181e-14      #dY:109.7% 
  27.8            1.21421e-14     1.35001e-14      #dY:111.2% 
  28              1.06291e-14     1.1975e-14       #dY:112.7% 
  28.2            9.30411e-15     1.06207e-14      #dY:114.2% 
  28.4            8.14416e-15     9.41842e-15      #dY:115.6% 
  28.6            7.12863e-15     8.35151e-15      #dY:117.2% 
  28.8            6.23939e-15     7.4043e-15       #dY:118.7% 
  29              5.46079e-15     6.56346e-15      #dY:120.2% 
  29.2            4.77911e-15     5.81739e-15      #dY:121.7% 
  29.4            4.18223e-15     5.15527e-15      #dY:123.3% 
  29.6            3.65973e-15     4.56787e-15      #dY:124.8% 
  29.8            3.20228e-15     4.0468e-15       #dY:126.4% 
  30              0.00            0.00                        
//
#-------------------------------------------------------------------------------
#
#name:   INDEN-Aug2023: PU-239(N,F) E_in=12. MeV
#X.axis: Energy
#Y.axis: 
#wdata:  3
#ldata:  642
#data...
# X               Y               +-dY           
# MeV             1/eV            1/eV           
  0.00            0.00            0.00                        
  1.00e-5         1.643123e-9     5.45765e-11      #dY:3.3%   
  1.10e-5         1.723422e-9     5.72436e-11      #dY:3.3%   
  1.20e-5         1.800177e-9     3.06067e-10      #dY:17.0%  
  1.30e-5         1.873794e-9     3.17911e-10      #dY:17.0%  
  1.40e-5         1.944629e-9     3.29333e-10      #dY:16.9%  
  1.50e-5         2.012978e-9     3.40387e-10      #dY:16.9%  
  1.60e-5         2.079103e-9     3.51093e-10      #dY:16.9%  
  1.70e-5         2.143197e-9     3.61496e-10      #dY:16.9%  
  1.80e-5         2.205442e-9     3.71611e-10      #dY:16.8%  
  1.90e-5         2.265979e-9     3.81453e-10      #dY:16.8%  
  2.00e-5         2.324959e-9     3.91054e-10      #dY:16.8%  
  2.10e-5         2.382482e-9     4.00422e-10      #dY:16.8%  
  2.20e-5         2.43864e-9      4.09585e-10      #dY:16.8%  
  2.30e-5         2.493557e-9     4.18549e-10      #dY:16.8%  
  2.40e-5         2.547305e-9     4.27319e-10      #dY:16.8%  
  2.50e-5         2.599932e-9     4.35916e-10      #dY:16.8%  
  2.60e-5         2.651518e-9     4.44349e-10      #dY:16.8%  
  2.70e-5         2.702127e-9     4.52617e-10      #dY:16.8%  
  2.80e-5         2.751824e-9     4.60747e-10      #dY:16.7%  
  2.90e-5         2.800634e-9     4.68728e-10      #dY:16.7%  
  3.00e-5         2.848613e-9     4.76586e-10      #dY:16.7%  
  3.10e-5         2.895814e-9     4.84302e-10      #dY:16.7%  
  3.20e-5         2.942239e-9     4.91905e-10      #dY:16.7%  
  3.30e-5         2.987966e-9     4.9939e-10       #dY:16.7%  
  3.40e-5         3.033029e-9     5.06778e-10      #dY:16.7%  
  3.50e-5         3.077394e-9     5.14032e-10      #dY:16.7%  
  3.60e-5         3.121151e-9     5.21201e-10      #dY:16.7%  
  3.70e-5         3.164312e-9     5.2828e-10       #dY:16.7%  
  3.80e-5         3.206892e-9     5.35252e-10      #dY:16.7%  
  3.90e-5         3.248925e-9     5.4214e-10       #dY:16.7%  
  4.00e-5         3.290412e-9     5.48938e-10      #dY:16.7%  
  4.10e-5         3.331383e-9     5.55663e-10      #dY:16.7%  
  4.20e-5         3.371871e-9     5.62298e-10      #dY:16.7%  
  4.30e-5         3.411889e-9     5.6886e-10       #dY:16.7%  
  4.40e-5         3.451434e-9     5.75337e-10      #dY:16.7%  
  4.50e-5         3.490532e-9     5.81751e-10      #dY:16.7%  
  4.60e-5         3.529205e-9     5.88089e-10      #dY:16.7%  
  4.70e-5         3.567479e-9     5.94367e-10      #dY:16.7%  
  4.80e-5         3.605326e-9     6.00574e-10      #dY:16.7%  
  4.90e-5         3.642794e-9     6.06711e-10      #dY:16.7%  
  5.00e-5         3.679872e-9     6.12798e-10      #dY:16.7%  
  5.10e-5         3.716608e-9     6.18814e-10      #dY:16.6%  
  5.20e-5         3.752963e-9     6.24779e-10      #dY:16.6%  
  5.30e-5         3.788973e-9     6.30678e-10      #dY:16.6%  
  5.40e-5         3.824657e-9     6.36541e-10      #dY:16.6%  
  5.50e-5         3.860041e-9     6.42342e-10      #dY:16.6%  
  5.60e-5         3.895051e-9     6.48073e-10      #dY:16.6%  
  5.70e-5         3.929786e-9     6.53775e-10      #dY:16.6%  
  5.80e-5         3.964204e-9     6.59414e-10      #dY:16.6%  
  5.90e-5         3.998345e-9     6.65023e-10      #dY:16.6%  
  6.00e-5         4.032179e-9     6.70565e-10      #dY:16.6%  
  6.10e-5         4.065756e-9     6.76071e-10      #dY:16.6%  
  6.20e-5         4.09905e-9      6.81529e-10      #dY:16.6%  
  6.30e-5         4.132067e-9     6.86946e-10      #dY:16.6%  
  6.40e-5         4.16484e-9      6.92323e-10      #dY:16.6%  
  6.50e-5         4.197348e-9     6.97651e-10      #dY:16.6%  
  6.60e-5         4.22963e-9      7.02942e-10      #dY:16.6%  
  6.70e-5         4.26165e-9      7.08194e-10      #dY:16.6%  
  6.80e-5         4.293444e-9     7.13409e-10      #dY:16.6%  
  6.90e-5         4.325001e-9     7.18573e-10      #dY:16.6%  
  7.00e-5         4.356328e-9     7.23722e-10      #dY:16.6%  
  7.10e-5         4.387435e-9     7.2882e-10       #dY:16.6%  
  7.20e-5         4.418331e-9     7.33878e-10      #dY:16.6%  
  7.30e-5         4.449012e-9     7.38912e-10      #dY:16.6%  
  7.40e-5         4.479482e-9     7.43904e-10      #dY:16.6%  
  7.50e-5         4.509749e-9     7.48872e-10      #dY:16.6%  
  7.60e-5         4.539812e-9     7.53789e-10      #dY:16.6%  
  7.70e-5         4.569691e-9     7.58699e-10      #dY:16.6%  
  7.80e-5         4.599379e-9     7.63565e-10      #dY:16.6%  
  7.90e-5         4.628869e-9     7.68392e-10      #dY:16.6%  
  8.00e-5         4.658172e-9     7.73198e-10      #dY:16.6%  
  8.10e-5         4.687295e-9     7.77978e-10      #dY:16.6%  
  8.20e-5         4.71624e-9      7.82715e-10      #dY:16.6%  
  8.30e-5         4.745034e-9     7.87434e-10      #dY:16.6%  
  8.40e-5         4.773629e-9     7.92119e-10      #dY:16.6%  
  8.50e-5         4.802051e-9     7.96775e-10      #dY:16.6%  
  8.60e-5         4.830321e-9     8.01409e-10      #dY:16.6%  
  8.70e-5         4.85842e-9      8.06021e-10      #dY:16.6%  
  8.80e-5         4.88638e-9      8.10591e-10      #dY:16.6%  
  8.90e-5         4.914154e-9     8.15144e-10      #dY:16.6%  
  9.00e-5         4.941775e-9     8.19675e-10      #dY:16.6%  
  9.10e-5         4.969283e-9     8.24181e-10      #dY:16.6%  
  9.20e-5         4.996603e-9     8.28651e-10      #dY:16.6%  
  9.30e-5         5.023796e-9     8.33103e-10      #dY:16.6%  
  9.40e-5         5.050834e-9     8.37535e-10      #dY:16.6%  
  9.50e-5         5.077728e-9     8.41937e-10      #dY:16.6%  
  9.60e-5         5.104484e-9     8.46328e-10      #dY:16.6%  
  9.70e-5         5.131116e-9     8.5069e-10       #dY:16.6%  
  9.80e-5         5.157596e-9     8.55024e-10      #dY:16.6%  
  9.90e-5         5.18394e-9      8.59331e-10      #dY:16.6%  
  1.00e-4         5.210155e-9     8.63627e-10      #dY:16.6%  
  1.10e-4         5.465519e-9     9.05902e-10      #dY:16.6%  
  1.20e-4         5.709588e-9     9.66221e-10      #dY:16.9%  
  1.30e-4         5.943772e-9     1.00349e-9       #dY:16.9%  
  1.40e-4         6.169178e-9     1.03943e-9       #dY:16.8%  
  1.50e-4         6.386755e-9     1.0742e-9        #dY:16.8%  
  1.60e-4         6.597258e-9     1.10786e-9       #dY:16.8%  
  1.70e-4         6.801323e-9     1.14054e-9       #dY:16.8%  
  1.80e-4         6.999533e-9     1.17233e-9       #dY:16.7%  
  1.90e-4         7.19238e-9      1.20326e-9       #dY:16.7%  
  2.00e-4         7.380243e-9     1.23342e-9       #dY:16.7%  
  2.10e-4         7.563522e-9     1.26284e-9       #dY:16.7%  
  2.20e-4         7.742553e-9     1.29159e-9       #dY:16.7%  
  2.30e-4         7.917584e-9     1.31971e-9       #dY:16.7%  
  2.40e-4         8.088906e-9     1.34723e-9       #dY:16.7%  
  2.50e-4         8.256724e-9     1.37419e-9       #dY:16.6%  
  2.60e-4         8.421268e-9     1.40062e-9       #dY:16.6%  
  2.70e-4         8.582704e-9     1.42657e-9       #dY:16.6%  
  2.80e-4         8.741223e-9     1.45203e-9       #dY:16.6%  
  2.90e-4         8.896963e-9     1.47706e-9       #dY:16.6%  
  3.00e-4         9.050075e-9     1.50164e-9       #dY:16.6%  
  3.10e-4         9.200685e-9     1.52584e-9       #dY:16.6%  
  3.20e-4         9.348916e-9     1.54964e-9       #dY:16.6%  
  3.30e-4         9.494877e-9     1.57309e-9       #dY:16.6%  
  3.40e-4         9.63866e-9      1.59616e-9       #dY:16.6%  
  3.50e-4         9.780383e-9     1.61892e-9       #dY:16.6%  
  3.60e-4         9.920168e-9     1.64134e-9       #dY:16.5%  
  3.70e-4         1.005801e-8     1.66344e-9       #dY:16.5%  
  3.80e-4         1.019403e-8     1.68525e-9       #dY:16.5%  
  3.90e-4         1.032828e-8     1.70672e-9       #dY:16.5%  
  4.00e-4         1.04609e-8      1.72801e-9       #dY:16.5%  
  4.10e-4         1.059187e-8     1.749e-9         #dY:16.5%  
  4.20e-4         1.072124e-8     1.76969e-9       #dY:16.5%  
  4.30e-4         1.084908e-8     1.79021e-9       #dY:16.5%  
  4.40e-4         1.097554e-8     1.81046e-9       #dY:16.5%  
  4.50e-4         1.110056e-8     1.83046e-9       #dY:16.5%  
  4.60e-4         1.122421e-8     1.85031e-9       #dY:16.5%  
  4.70e-4         1.134654e-8     1.86989e-9       #dY:16.5%  
  4.80e-4         1.146768e-8     1.88924e-9       #dY:16.5%  
  4.90e-4         1.158738e-8     1.90835e-9       #dY:16.5%  
  5.00e-4         1.170601e-8     1.92735e-9       #dY:16.5%  
  5.10e-4         1.182354e-8     1.94603e-9       #dY:16.5%  
  5.20e-4         1.193994e-8     1.96472e-9       #dY:16.5%  
  5.30e-4         1.205513e-8     1.98314e-9       #dY:16.5%  
  5.40e-4         1.21694e-8      2.00131e-9       #dY:16.4%  
  5.50e-4         1.228249e-8     2.01935e-9       #dY:16.4%  
  5.60e-4         1.239466e-8     2.03722e-9       #dY:16.4%  
  5.70e-4         1.250587e-8     2.05491e-9       #dY:16.4%  
  5.80e-4         1.261603e-8     2.07253e-9       #dY:16.4%  
  5.90e-4         1.272524e-8     2.08995e-9       #dY:16.4%  
  6.00e-4         1.283353e-8     2.10716e-9       #dY:16.4%  
  6.10e-4         1.294122e-8     2.12432e-9       #dY:16.4%  
  6.20e-4         1.304791e-8     2.14131e-9       #dY:16.4%  
  6.30e-4         1.315358e-8     2.15803e-9       #dY:16.4%  
  6.40e-4         1.32585e-8      2.17476e-9       #dY:16.4%  
  6.50e-4         1.336266e-8     2.19126e-9       #dY:16.4%  
  6.60e-4         1.346597e-8     2.20769e-9       #dY:16.4%  
  6.70e-4         1.356861e-8     2.22402e-9       #dY:16.4%  
  6.80e-4         1.367056e-8     2.24016e-9       #dY:16.4%  
  6.90e-4         1.37716e-8      2.25622e-9       #dY:16.4%  
  7.00e-4         1.387205e-8     2.2721e-9        #dY:16.4%  
  7.10e-4         1.397173e-8     2.28805e-9       #dY:16.4%  
  7.20e-4         1.407081e-8     2.30364e-9       #dY:16.4%  
  7.30e-4         1.416908e-8     2.31919e-9       #dY:16.4%  
  7.40e-4         1.426684e-8     2.3347e-9        #dY:16.4%  
  7.50e-4         1.436382e-8     2.34999e-9       #dY:16.4%  
  7.60e-4         1.446013e-8     2.36525e-9       #dY:16.4%  
  7.70e-4         1.455607e-8     2.38048e-9       #dY:16.4%  
  7.80e-4         1.465126e-8     2.39548e-9       #dY:16.3%  
  7.90e-4         1.47459e-8      2.41048e-9       #dY:16.3%  
  8.00e-4         1.483983e-8     2.42526e-9       #dY:16.3%  
  8.10e-4         1.49333e-8      2.44006e-9       #dY:16.3%  
  8.20e-4         1.502609e-8     2.45469e-9       #dY:16.3%  
  8.30e-4         1.511843e-8     2.46923e-9       #dY:16.3%  
  8.40e-4         1.521022e-8     2.48382e-9       #dY:16.3%  
  8.50e-4         1.530155e-8     2.49819e-9       #dY:16.3%  
  8.60e-4         1.539212e-8     2.51236e-9       #dY:16.3%  
  8.70e-4         1.548234e-8     2.52667e-9       #dY:16.3%  
  8.80e-4         1.557207e-8     2.54085e-9       #dY:16.3%  
  8.90e-4         1.566123e-8     2.55478e-9       #dY:16.3%  
  9.00e-4         1.574988e-8     2.5687e-9        #dY:16.3%  
  9.10e-4         1.583798e-8     2.58266e-9       #dY:16.3%  
  9.20e-4         1.592585e-8     2.59649e-9       #dY:16.3%  
  9.30e-4         1.601316e-8     2.61025e-9       #dY:16.3%  
  9.40e-4         1.609999e-8     2.62379e-9       #dY:16.3%  
  9.50e-4         1.618626e-8     2.63735e-9       #dY:16.3%  
  9.60e-4         1.62722e-8      2.65095e-9       #dY:16.3%  
  9.70e-4         1.635773e-8     2.6643e-9        #dY:16.3%  
  9.80e-4         1.644266e-8     2.67768e-9       #dY:16.3%  
  9.90e-4         1.652745e-8     2.691e-9         #dY:16.3%  
  1.00e-3         1.661169e-8     2.70426e-9       #dY:16.3%  
  1.10e-3         1.743203e-8     2.83729e-9       #dY:16.3%  
  1.20e-3         1.821677e-8     3.02395e-9       #dY:16.6%  
  1.30e-3         1.897015e-8     3.13788e-9       #dY:16.5%  
  1.40e-3         1.969552e-8     3.24745e-9       #dY:16.5%  
  1.50e-3         2.039623e-8     3.35331e-9       #dY:16.4%  
  1.60e-3         2.107447e-8     3.45565e-9       #dY:16.4%  
  1.70e-3         2.173232e-8     3.55459e-9       #dY:16.4%  
  1.80e-3         2.237151e-8     3.6507e-9        #dY:16.3%  
  1.90e-3         2.299364e-8     3.7441e-9        #dY:16.3%  
  2.00e-3         2.359987e-8     3.83498e-9       #dY:16.3%  
  2.10e-3         2.419182e-8     3.92354e-9       #dY:16.2%  
  2.20e-3         2.477006e-8     4.00988e-9       #dY:16.2%  
  2.30e-3         2.533572e-8     4.09402e-9       #dY:16.2%  
  2.40e-3         2.588946e-8     4.1763e-9        #dY:16.1%  
  2.50e-3         2.643211e-8     4.25671e-9       #dY:16.1%  
  2.60e-3         2.696437e-8     4.33535e-9       #dY:16.1%  
  2.70e-3         2.748674e-8     4.41239e-9       #dY:16.1%  
  2.80e-3         2.79998e-8      4.48782e-9       #dY:16.0%  
  2.90e-3         2.850418e-8     4.56182e-9       #dY:16.0%  
  3.00e-3         2.899983e-8     4.63432e-9       #dY:16.0%  
  3.10e-3         2.948786e-8     4.70555e-9       #dY:16.0%  
  3.20e-3         2.996816e-8     4.77546e-9       #dY:15.9%  
  3.30e-3         3.044125e-8     4.8442e-9        #dY:15.9%  
  3.40e-3         3.090766e-8     4.91158e-9       #dY:15.9%  
  3.50e-3         3.136709e-8     4.97795e-9       #dY:15.9%  
  3.60e-3         3.182051e-8     5.04328e-9       #dY:15.8%  
  3.70e-3         3.226766e-8     5.10747e-9       #dY:15.8%  
  3.80e-3         3.27092e-8      5.17084e-9       #dY:15.8%  
  3.90e-3         3.314513e-8     5.23305e-9       #dY:15.8%  
  4.00e-3         3.357556e-8     5.29441e-9       #dY:15.8%  
  4.10e-3         3.400086e-8     5.35488e-9       #dY:15.7%  
  4.20e-3         3.442115e-8     5.41447e-9       #dY:15.7%  
  4.30e-3         3.483665e-8     5.47331e-9       #dY:15.7%  
  4.40e-3         3.524753e-8     5.53138e-9       #dY:15.7%  
  4.50e-3         3.565398e-8     5.58861e-9       #dY:15.7%  
  4.60e-3         3.605605e-8     5.64509e-9       #dY:15.7%  
  4.70e-3         3.645375e-8     5.70077e-9       #dY:15.6%  
  4.80e-3         3.684746e-8     5.75572e-9       #dY:15.6%  
  4.90e-3         3.723744e-8     5.81021e-9       #dY:15.6%  
  5.00e-3         3.762349e-8     5.86382e-9       #dY:15.6%  
  5.10e-3         3.800558e-8     5.91684e-9       #dY:15.6%  
  5.20e-3         3.838435e-8     5.96931e-9       #dY:15.6%  
  5.30e-3         3.875957e-8     6.02108e-9       #dY:15.5%  
  5.40e-3         3.913128e-8     6.07234e-9       #dY:15.5%  
  5.50e-3         3.949986e-8     6.12311e-9       #dY:15.5%  
  5.60e-3         3.986519e-8     6.17328e-9       #dY:15.5%  
  5.70e-3         4.022728e-8     6.22277e-9       #dY:15.5%  
  5.80e-3         4.058646e-8     6.27182e-9       #dY:15.5%  
  5.90e-3         4.094236e-8     6.32024e-9       #dY:15.4%  
  6.00e-3         4.129554e-8     6.36817e-9       #dY:15.4%  
  6.10e-3         4.164606e-8     6.41569e-9       #dY:15.4%  
  6.20e-3         4.199367e-8     6.46274e-9       #dY:15.4%  
  6.30e-3         4.233874e-8     6.50922e-9       #dY:15.4%  
  6.40e-3         4.268109e-8     6.55528e-9       #dY:15.4%  
  6.50e-3         4.302086e-8     6.60089e-9       #dY:15.3%  
  6.60e-3         4.335799e-8     6.64599e-9       #dY:15.3%  
  6.70e-3         4.369282e-8     6.69085e-9       #dY:15.3%  
  6.80e-3         4.402519e-8     6.73517e-9       #dY:15.3%  
  6.90e-3         4.435524e-8     6.77902e-9       #dY:15.3%  
  7.00e-3         4.468313e-8     6.82257e-9       #dY:15.3%  
  7.10e-3         4.500849e-8     6.86561e-9       #dY:15.3%  
  7.20e-3         4.533186e-8     6.90821e-9       #dY:15.2%  
  7.30e-3         4.565294e-8     6.9505e-9        #dY:15.2%  
  7.40e-3         4.597215e-8     6.99243e-9       #dY:15.2%  
  7.50e-3         4.62891e-8      7.03398e-9       #dY:15.2%  
  7.60e-3         4.660404e-8     7.07511e-9       #dY:15.2%  
  7.70e-3         4.691713e-8     7.11593e-9       #dY:15.2%  
  7.80e-3         4.722814e-8     7.15647e-9       #dY:15.2%  
  7.90e-3         4.753728e-8     7.19657e-9       #dY:15.1%  
  8.00e-3         4.784454e-8     7.2364e-9        #dY:15.1%  
  8.10e-3         4.814982e-8     7.27582e-9       #dY:15.1%  
  8.20e-3         4.845346e-8     7.31504e-9       #dY:15.1%  
  8.30e-3         4.875538e-8     7.35386e-9       #dY:15.1%  
  8.40e-3         4.905544e-8     7.39247e-9       #dY:15.1%  
  8.50e-3         4.935382e-8     7.43062e-9       #dY:15.1%  
  8.60e-3         4.965046e-8     7.46846e-9       #dY:15.0%  
  8.70e-3         4.994571e-8     7.50615e-9       #dY:15.0%  
  8.80e-3         5.023893e-8     7.54349e-9       #dY:15.0%  
  8.90e-3         5.053072e-8     7.58041e-9       #dY:15.0%  
  9.00e-3         5.082106e-8     7.61731e-9       #dY:15.0%  
  9.10e-3         5.110981e-8     7.65378e-9       #dY:15.0%  
  9.20e-3         5.139695e-8     7.68995e-9       #dY:15.0%  
  9.30e-3         5.168267e-8     7.72596e-9       #dY:14.9%  
  9.40e-3         5.196673e-8     7.76151e-9       #dY:14.9%  
  9.50e-3         5.224966e-8     7.79693e-9       #dY:14.9%  
  9.60e-3         5.253096e-8     7.83204e-9       #dY:14.9%  
  9.70e-3         5.281103e-8     7.86686e-9       #dY:14.9%  
  9.80e-3         5.308941e-8     7.90147e-9       #dY:14.9%  
  9.90e-3         5.336671e-8     7.93568e-9       #dY:14.9%  
  0.01            5.364251e-8     7.9698e-9        #dY:14.9%  
  0.011           5.633141e-8     8.36207e-9       #dY:14.8%  
  0.012           5.890544e-8     8.86033e-9       #dY:15.0%  
  0.013           6.137822e-8     9.13761e-9       #dY:14.9%  
  0.014           6.376092e-8     9.39918e-9       #dY:14.7%  
  0.015           6.606334e-8     9.64665e-9       #dY:14.6%  
  0.016           6.829277e-8     9.88081e-9       #dY:14.5%  
  0.017           7.045561e-8     1.01037e-8       #dY:14.3%  
  0.018           7.255793e-8     1.03157e-8       #dY:14.2%  
  0.019           7.460433e-8     1.05177e-8       #dY:14.1%  
  0.02            7.659913e-8     1.07109e-8       #dY:14.0%  
  0.021           7.854594e-8     1.08959e-8       #dY:13.9%  
  0.022           8.044837e-8     1.10725e-8       #dY:13.8%  
  0.023           8.230874e-8     1.12417e-8       #dY:13.7%  
  0.024           8.413021e-8     1.14045e-8       #dY:13.6%  
  0.025           8.591485e-8     1.1561e-8        #dY:13.5%  
  0.026           8.766486e-8     1.17117e-8       #dY:13.4%  
  0.027           8.938232e-8     1.18569e-8       #dY:13.3%  
  0.028           9.106909e-8     1.19965e-8       #dY:13.2%  
  0.029           9.272644e-8     1.21305e-8       #dY:13.1%  
  0.03            9.4356e-8       1.22594e-8       #dY:13.0%  
  0.031           9.595939e-8     1.23836e-8       #dY:12.9%  
  0.032           9.753765e-8     1.25029e-8       #dY:12.8%  
  0.033           9.909087e-8     1.26173e-8       #dY:12.7%  
  0.034           1.006219e-7     1.27282e-8       #dY:12.6%  
  0.035           1.021299e-7     1.28341e-8       #dY:12.6%  
  0.036           1.036183e-7     1.29378e-8       #dY:12.5%  
  0.037           1.050854e-7     1.30368e-8       #dY:12.4%  
  0.038           1.06534e-7      1.31325e-8       #dY:12.3%  
  0.039           1.079628e-7     1.32248e-8       #dY:12.2%  
  0.04            1.093733e-7     1.33149e-8       #dY:12.2%  
  0.041           1.107663e-7     1.34015e-8       #dY:12.1%  
  0.042           1.121419e-7     1.34851e-8       #dY:12.0%  
  0.043           1.135016e-7     1.35652e-8       #dY:12.0%  
  0.044           1.148457e-7     1.36435e-8       #dY:11.9%  
  0.045           1.161729e-7     1.37199e-8       #dY:11.8%  
  0.046           1.17486e-7      1.37933e-8       #dY:11.7%  
  0.047           1.187852e-7     1.38652e-8       #dY:11.7%  
  0.048           1.200713e-7     1.39346e-8       #dY:11.6%  
  0.049           1.21344e-7      1.40012e-8       #dY:11.5%  
  0.05            1.226017e-7     1.40669e-8       #dY:11.5%  
  0.051           1.238476e-7     1.41309e-8       #dY:11.4%  
  0.052           1.250797e-7     1.41927e-8       #dY:11.3%  
  0.053           1.263002e-7     1.42536e-8       #dY:11.3%  
  0.054           1.275091e-7     1.43117e-8       #dY:11.2%  
  0.055           1.287062e-7     1.43682e-8       #dY:11.2%  
  0.056           1.298931e-7     1.44238e-8       #dY:11.1%  
  0.057           1.310692e-7     1.44761e-8       #dY:11.0%  
  0.058           1.322336e-7     1.45288e-8       #dY:11.0%  
  0.059           1.333865e-7     1.45801e-8       #dY:10.9%  
  0.06            1.345307e-7     1.46292e-8       #dY:10.9%  
  0.061           1.356639e-7     1.46769e-8       #dY:10.8%  
  0.062           1.367878e-7     1.47237e-8       #dY:10.8%  
  0.063           1.379023e-7     1.47701e-8       #dY:10.7%  
  0.064           1.39007e-7      1.48132e-8       #dY:10.7%  
  0.065           1.401026e-7     1.48571e-8       #dY:10.6%  
  0.066           1.411875e-7     1.49e-8          #dY:10.6%  
  0.067           1.422672e-7     1.49413e-8       #dY:10.5%  
  0.068           1.433368e-7     1.49806e-8       #dY:10.5%  
  0.069           1.44397e-7      1.50196e-8       #dY:10.4%  
  0.07            1.4545e-7       1.50569e-8       #dY:10.4%  
  0.071           1.464934e-7     1.50938e-8       #dY:10.3%  
  0.072           1.475296e-7     1.51289e-8       #dY:10.3%  
  0.073           1.485591e-7     1.51638e-8       #dY:10.2%  
  0.074           1.495801e-7     1.5198e-8        #dY:10.2%  
  0.075           1.505944e-7     1.52312e-8       #dY:10.1%  
  0.076           1.516005e-7     1.52633e-8       #dY:10.1%  
  0.077           1.525993e-7     1.52955e-8       #dY:10.0%  
  0.078           1.535915e-7     1.53253e-8       #dY:10.0%  
  0.079           1.545772e-7     1.53553e-8       #dY:9.9%   
  0.08            1.555552e-7     1.53842e-8       #dY:9.9%   
  0.081           1.565259e-7     1.54126e-8       #dY:9.8%   
  0.082           1.574922e-7     1.54398e-8       #dY:9.8%   
  0.083           1.584499e-7     1.54673e-8       #dY:9.8%   
  0.084           1.594031e-7     1.54932e-8       #dY:9.7%   
  0.085           1.603477e-7     1.55186e-8       #dY:9.7%   
  0.086           1.612878e-7     1.55432e-8       #dY:9.6%   
  0.087           1.622226e-7     1.55667e-8       #dY:9.6%   
  0.088           1.631507e-7     1.55911e-8       #dY:9.6%   
  0.089           1.640719e-7     1.56143e-8       #dY:9.5%   
  0.09            1.649879e-7     1.56371e-8       #dY:9.5%   
  0.091           1.65899e-7      1.56597e-8       #dY:9.4%   
  0.092           1.668042e-7     1.5681e-8        #dY:9.4%   
  0.093           1.677035e-7     1.57017e-8       #dY:9.4%   
  0.094           1.685961e-7     1.57206e-8       #dY:9.3%   
  0.095           1.694841e-7     1.57408e-8       #dY:9.3%   
  0.096           1.703685e-7     1.57601e-8       #dY:9.3%   
  0.097           1.712453e-7     1.57776e-8       #dY:9.2%   
  0.098           1.721184e-7     1.57961e-8       #dY:9.2%   
  0.099           1.729853e-7     1.58141e-8       #dY:9.1%   
  0.1             1.738458e-7     1.58313e-8       #dY:9.1%   
  0.11            1.822028e-7     1.65285e-8       #dY:9.1%   
  0.12            1.90118e-7      1.69658e-8       #dY:8.9%   
  0.13            1.976463e-7     1.69952e-8       #dY:8.6%   
  0.14            2.048206e-7     1.69916e-8       #dY:8.3%   
  0.15            2.116731e-7     1.69685e-8       #dY:8.0%   
  0.16            2.182261e-7     1.69353e-8       #dY:7.8%   
  0.17            2.245007e-7     1.68826e-8       #dY:7.5%   
  0.18            2.305264e-7     1.6811e-8        #dY:7.3%   
  0.19            2.36317e-7      1.67347e-8       #dY:7.1%   
  0.2             2.418947e-7     1.66464e-8       #dY:6.9%   
  0.21            2.465306e-7     1.64944e-8       #dY:6.7%   
  0.22            2.509866e-7     1.63192e-8       #dY:6.5%   
  0.23            2.552785e-7     1.61494e-8       #dY:6.3%   
  0.24            2.594204e-7     1.59755e-8       #dY:6.2%   
  0.25            2.634243e-7     1.58062e-8       #dY:6.0%   
  0.26            2.672948e-7     1.56299e-8       #dY:5.8%   
  0.27            2.710273e-7     1.54267e-8       #dY:5.7%   
  0.28            2.746317e-7     1.52239e-8       #dY:5.5%   
  0.29            2.781205e-7     1.50406e-8       #dY:5.4%   
  0.3             2.815016e-7     1.4878e-8        #dY:5.3%   
  0.31            2.841307e-7     1.47029e-8       #dY:5.2%   
  0.32            2.866619e-7     1.44985e-8       #dY:5.1%   
  0.33            2.890971e-7     1.4311e-8        #dY:5.0%   
  0.34            2.914368e-7     1.41286e-8       #dY:4.8%   
  0.35            2.936862e-7     1.39769e-8       #dY:4.8%   
  0.36            2.958507e-7     1.38486e-8       #dY:4.7%   
  0.37            2.979314e-7     1.37302e-8       #dY:4.6%   
  0.38            2.999104e-7     1.36264e-8       #dY:4.5%   
  0.39            3.018107e-7     1.35407e-8       #dY:4.5%   
  0.4             3.036433e-7     1.34857e-8       #dY:4.4%   
  0.41            3.050626e-7     1.34443e-8       #dY:4.4%   
  0.42            3.064261e-7     1.33832e-8       #dY:4.4%   
  0.43            3.077444e-7     1.33386e-8       #dY:4.3%   
  0.44            3.089986e-7     1.33153e-8       #dY:4.3%   
  0.45            3.101702e-7     1.32973e-8       #dY:4.3%   
  0.46            3.112885e-7     1.32694e-8       #dY:4.3%   
  0.47            3.123439e-7     1.32588e-8       #dY:4.2%   
  0.48            3.133364e-7     1.3242e-8        #dY:4.2%   
  0.49            3.142938e-7     1.32208e-8       #dY:4.2%   
  0.5             3.152039e-7     1.32135e-8       #dY:4.2%   
  0.51            3.159172e-7     1.31941e-8       #dY:4.2%   
  0.52            3.165867e-7     1.31444e-8       #dY:4.2%   
  0.53            3.172146e-7     1.30911e-8       #dY:4.1%   
  0.54            3.177979e-7     1.30195e-8       #dY:4.1%   
  0.55            3.183423e-7     1.29248e-8       #dY:4.1%   
  0.56            3.188426e-7     1.28177e-8       #dY:4.0%   
  0.57            3.192928e-7     1.26938e-8       #dY:4.0%   
  0.58            3.197005e-7     1.25429e-8       #dY:3.9%   
  0.59            3.200783e-7     1.23758e-8       #dY:3.9%   
  0.6             3.204127e-7     1.22249e-8       #dY:3.8%   
  0.61            3.206832e-7     1.20499e-8       #dY:3.8%   
  0.62            3.209358e-7     1.18424e-8       #dY:3.7%   
  0.63            3.211789e-7     1.16366e-8       #dY:3.6%   
  0.64            3.213905e-7     1.14651e-8       #dY:3.6%   
  0.65            3.215756e-7     1.1294e-8        #dY:3.5%   
  0.66            3.21727e-7      1.11259e-8       #dY:3.5%   
  0.67            3.218482e-7     1.09443e-8       #dY:3.4%   
  0.68            3.219261e-7     1.07713e-8       #dY:3.3%   
  0.69            3.219805e-7     1.05793e-8       #dY:3.3%   
  0.7             3.219995e-7     1.03733e-8       #dY:3.2%   
  0.71            3.219965e-7     1.01553e-8       #dY:3.2%   
  0.72            3.219791e-7     9.93811e-9       #dY:3.1%   
  0.73            3.219449e-7     9.7339e-9        #dY:3.0%   
  0.74            3.219119e-7     9.53681e-9       #dY:3.0%   
  0.75            3.21879e-7      9.36801e-9       #dY:2.9%   
  0.76            3.218236e-7     9.22677e-9       #dY:2.9%   
  0.77            3.217453e-7     9.10952e-9       #dY:2.8%   
  0.78            3.216539e-7     8.99914e-9       #dY:2.8%   
  0.79            3.215342e-7     8.89918e-9       #dY:2.8%   
  0.8             3.214044e-7     8.80257e-9       #dY:2.7%   
  0.81            3.212704e-7     8.71747e-9       #dY:2.7%   
  0.82            3.211176e-7     8.6433e-9        #dY:2.7%   
  0.83            3.20943e-7      8.57497e-9       #dY:2.7%   
  0.84            3.207508e-7     8.50775e-9       #dY:2.7%   
  0.85            3.205383e-7     8.44613e-9       #dY:2.6%   
  0.86            3.20307e-7      8.39141e-9       #dY:2.6%   
  0.87            3.200579e-7     8.34621e-9       #dY:2.6%   
  0.88            3.1979e-7       8.31332e-9       #dY:2.6%   
  0.89            3.195022e-7     8.29506e-9       #dY:2.6%   
  0.9             3.192134e-7     8.28615e-9       #dY:2.6%   
  0.91            3.189025e-7     8.28481e-9       #dY:2.6%   
  0.92            3.185845e-7     8.28552e-9       #dY:2.6%   
  0.93            3.18265e-7      8.27992e-9       #dY:2.6%   
  0.94            3.179347e-7     8.2721e-9        #dY:2.6%   
  0.95            3.176007e-7     8.26244e-9       #dY:2.6%   
  0.96            3.172513e-7     8.24886e-9       #dY:2.6%   
  0.97            3.168784e-7     8.23688e-9       #dY:2.6%   
  0.98            3.164912e-7     8.22911e-9       #dY:2.6%   
  0.99            3.160973e-7     8.22299e-9       #dY:2.6%   
  1               3.156901e-7     8.21794e-9       #dY:2.6%   
  1.1             3.107762e-7     8.09528e-9       #dY:2.6%   
  1.2             3.045475e-7     7.78496e-9       #dY:2.6%   
  1.3             2.97157e-7      7.27803e-9       #dY:2.4%   
  1.4             2.888231e-7     6.5818e-9        #dY:2.3%   
  1.5             2.798221e-7     5.93057e-9       #dY:2.1%   
  1.6             2.703035e-7     5.47911e-9       #dY:2.0%   
  1.7             2.606318e-7     5.25159e-9       #dY:2.0%   
  1.8             2.50804e-7      5.17414e-9       #dY:2.1%   
  1.9             2.409561e-7     5.22426e-9       #dY:2.2%   
  2               2.311779e-7     5.2743e-9        #dY:2.3%   
  2.1             2.215651e-7     5.33702e-9       #dY:2.4%   
  2.2             2.120803e-7     5.33918e-9       #dY:2.5%   
  2.3             2.028093e-7     5.3008e-9        #dY:2.6%   
  2.4             1.937847e-7     5.20701e-9       #dY:2.7%   
  2.5             1.849734e-7     5.07779e-9       #dY:2.7%   
  2.6             1.764254e-7     4.93406e-9       #dY:2.8%   
  2.7             1.681458e-7     4.77683e-9       #dY:2.8%   
  2.8             1.601308e-7     4.57257e-9       #dY:2.9%   
  2.9             1.52395e-7      4.32586e-9       #dY:2.8%   
  3               1.449336e-7     4.07114e-9       #dY:2.8%   
  3.1             1.37761e-7      3.8432e-9        #dY:2.8%   
  3.2             1.308551e-7     3.64598e-9       #dY:2.8%   
  3.3             1.242346e-7     3.48552e-9       #dY:2.8%   
  3.4             1.17881e-7      3.34567e-9       #dY:2.8%   
  3.5             1.118094e-7     3.22341e-9       #dY:2.9%   
  3.6             1.060058e-7     3.12867e-9       #dY:3.0%   
  3.7             1.004555e-7     3.07481e-9       #dY:3.1%   
  3.8             9.51766e-8      3.08837e-9       #dY:3.2%   
  3.9             9.013871e-8     3.15945e-9       #dY:3.5%   
  4               8.535706e-8     3.23668e-9       #dY:3.8%   
  4.1             8.080804e-8     3.41217e-9       #dY:4.2%   
  4.2             7.648547e-8     3.40428e-9       #dY:4.5%   
  4.3             7.238341e-8     3.45053e-9       #dY:4.8%   
  4.4             6.85049e-8      3.39872e-9       #dY:5.0%   
  4.5             6.483089e-8     3.12288e-9       #dY:4.8%   
  4.6             6.135273e-8     2.80946e-9       #dY:4.6%   
  4.7             5.805564e-8     2.49415e-9       #dY:4.3%   
  4.8             5.494419e-8     2.16204e-9       #dY:3.9%   
  4.9             5.201297e-8     1.85419e-9       #dY:3.6%   
  5               4.925641e-8     1.64083e-9       #dY:3.3%   
  5.1             4.665066e-8     1.53131e-9       #dY:3.3%   
  5.2             4.416708e-8     1.46062e-9       #dY:3.3%   
  5.3             4.181688e-8     1.39793e-9       #dY:3.3%   
  5.4             3.959471e-8     1.34128e-9       #dY:3.4%   
  5.5             3.758794e-8     1.29008e-9       #dY:3.4%   
  5.6             3.567952e-8     1.23792e-9       #dY:3.5%   
  5.7             3.385432e-8     1.18747e-9       #dY:3.5%   
  5.8             3.218455e-8     1.14235e-9       #dY:3.5%   
  5.9             3.039852e-8     1.09062e-9       #dY:3.6%   
  6               2.887937e-8     1.05159e-9       #dY:3.6%   
  6.1             2.681522e-8     9.93134e-10      #dY:3.7%   
  6.2             2.491817e-8     9.46172e-10      #dY:3.8%   
  6.3             2.303121e-8     9.07657e-10      #dY:3.9%   
  6.4             2.128366e-8     8.73204e-10      #dY:4.1%   
  6.5             1.96907e-8      8.41875e-10      #dY:4.3%   
  6.6             1.814809e-8     8.07448e-10      #dY:4.4%   
  6.7             1.671161e-8     7.7587e-10       #dY:4.6%   
  6.8             1.544246e-8     7.48759e-10      #dY:4.8%   
  6.9             1.434647e-8     7.24851e-10      #dY:5.1%   
  7               1.338728e-8     7.0239e-10       #dY:5.2%   
  7.1             1.252304e-8     6.78793e-10      #dY:5.4%   
  7.2             1.172655e-8     6.53521e-10      #dY:5.6%   
  7.3             1.098418e-8     6.28378e-10      #dY:5.7%   
  7.4             1.02891e-8      6.04518e-10      #dY:5.9%   
  7.5             9.637111e-9     5.81445e-10      #dY:6.0%   
  7.6             9.024865e-9     5.59143e-10      #dY:6.2%   
  7.7             8.450177e-9     5.38071e-10      #dY:6.4%   
  7.8             7.911624e-9     5.18195e-10      #dY:6.5%   
  7.9             7.406787e-9     4.99044e-10      #dY:6.7%   
  8               6.93266e-9      4.80645e-10      #dY:6.9%   
  8.1             6.488231e-9     4.63194e-10      #dY:7.1%   
  8.2             6.072068e-9     4.46391e-10      #dY:7.4%   
  8.3             5.682264e-9     4.30313e-10      #dY:7.6%   
  8.4             5.316735e-9     4.14575e-10      #dY:7.8%   
  8.5             4.974501e-9     3.99549e-10      #dY:8.0%   
  8.6             4.654565e-9     3.85229e-10      #dY:8.3%   
  8.7             4.35436e-9      3.71143e-10      #dY:8.5%   
  8.8             4.073522e-9     3.57575e-10      #dY:8.8%   
  8.9             3.810877e-9     3.44539e-10      #dY:9.0%   
  9               3.565398e-9     3.31939e-10      #dY:9.3%   
  9.1             3.335562e-9     3.19535e-10      #dY:9.6%   
  9.2             3.120394e-9     3.07571e-10      #dY:9.9%   
  9.3             2.919211e-9     2.96126e-10      #dY:10.1%  
  9.4             2.730865e-9     2.84933e-10      #dY:10.4%  
  9.5             2.554659e-9     2.74189e-10      #dY:10.7%  
  9.6             2.389916e-9     2.63826e-10      #dY:11.0%  
  9.7             2.235953e-9     2.53776e-10      #dY:11.3%  
  9.8             2.091891e-9     2.44023e-10      #dY:11.7%  
  9.9             1.957108e-9     2.34627e-10      #dY:12.0%  
  10              1.831071e-9     2.25588e-10      #dY:12.3%  
  10.2            1.602811e-9     2.02875e-10      #dY:12.7%  
  10.4            1.40317e-9      1.80975e-10      #dY:12.9%  
  10.6            1.228587e-9     1.67076e-10      #dY:13.6%  
  10.8            1.075882e-9     1.54185e-10      #dY:14.3%  
  11              9.42132e-10     1.42142e-10      #dY:15.1%  
  11.2            8.25103e-10     1.30951e-10      #dY:15.9%  
  11.4            7.22645e-10     1.2049e-10       #dY:16.7%  
  11.6            6.3288e-10      1.10792e-10      #dY:17.5%  
  11.8            5.54267e-10     1.01699e-10      #dY:18.3%  
  12              4.85434e-10     9.32707e-11      #dY:19.2%  
  12.2            4.25124e-10     8.54259e-11      #dY:20.1%  
  12.4            3.72282e-10     7.8136e-11       #dY:21.0%  
  12.6            3.2599e-10      7.13775e-11      #dY:21.9%  
  12.8            2.85431e-10     6.51136e-11      #dY:22.8%  
  13              2.49879e-10     5.93129e-11      #dY:23.7%  
  13.2            2.18738e-10     5.39371e-11      #dY:24.7%  
  13.4            1.91446e-10     4.89805e-11      #dY:25.6%  
  13.6            1.67545e-10     4.44056e-11      #dY:26.5%  
  13.8            1.46616e-10     4.02086e-11      #dY:27.4%  
  14              1.28292e-10     3.63698e-11      #dY:28.3%  
  14.2            1.12242e-10     3.2863e-11       #dY:29.3%  
  14.4            9.819e-11       2.96595e-11      #dY:30.2%  
  14.6            8.58862e-11     2.67394e-11      #dY:31.1%  
  14.8            7.51126e-11     2.40796e-11      #dY:32.1%  
  15              6.56852e-11     2.16588e-11      #dY:33.0%  
  15.2            5.74374e-11     1.94671e-11      #dY:33.9%  
  15.4            5.02222e-11     1.74851e-11      #dY:34.8%  
  15.6            4.39104e-11     1.56969e-11      #dY:35.7%  
  15.8            3.83896e-11     1.40815e-11      #dY:36.7%  
  16              3.35601e-11     1.26249e-11      #dY:37.6%  
  16.2            2.9336e-11      1.13123e-11      #dY:38.6%  
  16.4            2.56422e-11     1.01297e-11      #dY:39.5%  
  16.6            2.24129e-11     9.06701e-12      #dY:40.5%  
  16.8            1.95896e-11     8.11274e-12      #dY:41.4%  
  17              1.71213e-11     7.25643e-12      #dY:42.4%  
  17.2            1.49638e-11     6.48822e-12      #dY:43.4%  
  17.4            1.30777e-11     5.79952e-12      #dY:44.3%  
  17.6            1.14288e-11     5.18217e-12      #dY:45.3%  
  17.8            9.98806e-12     4.62912e-12      #dY:46.3%  
  18              8.72924e-12     4.13417e-12      #dY:47.4%  
  18.2            7.62913e-12     3.69104e-12      #dY:48.4%  
  18.4            6.66793e-12     3.29457e-12      #dY:49.4%  
  18.6            5.82816e-12     2.94017e-12      #dY:50.4%  
  18.8            5.0942e-12      2.6233e-12       #dY:51.5%  
  19              4.45296e-12     2.34005e-12      #dY:52.6%  
  19.2            3.89286e-12     2.08712e-12      #dY:53.6%  
  19.4            3.40343e-12     1.86112e-12      #dY:54.7%  
  19.6            2.97578e-12     1.65923e-12      #dY:55.8%  
  19.8            2.60228e-12     1.47914e-12      #dY:56.8%  
  20              2.27583e-12     1.31837e-12      #dY:57.9%  
  20.2            1.99056e-12     1.17487e-12      #dY:59.0%  
  20.4            1.74125e-12     1.04689e-12      #dY:60.1%  
  20.6            1.52327e-12     9.32674e-13      #dY:61.2%  
  20.8            1.33272e-12     8.3079e-13       #dY:62.3%  
  21              1.16617e-12     7.40006e-13      #dY:63.5%  
  21.2            1.02056e-12     6.59068e-13      #dY:64.6%  
  21.4            8.93224e-13     5.86903e-13      #dY:65.7%  
  21.6            7.81853e-13     5.22588e-13      #dY:66.8%  
  21.8            6.84419e-13     4.65269e-13      #dY:68.0%  
  22              5.99166e-13     4.14164e-13      #dY:69.1%  
  22.2            5.24579e-13     3.68644e-13      #dY:70.3%  
  22.4            4.59317e-13     3.28099e-13      #dY:71.4%  
  22.6            4.02205e-13     2.91985e-13      #dY:72.6%  
  22.8            3.52217e-13     2.59818e-13      #dY:73.8%  
  23              3.08451e-13     2.3116e-13       #dY:74.9%  
  23.2            2.70133e-13     2.0564e-13       #dY:76.1%  
  23.4            2.36584e-13     1.82917e-13      #dY:77.3%  
  23.6            2.07213e-13     1.6269e-13       #dY:78.5%  
  23.8            1.81496e-13     1.44683e-13      #dY:79.7%  
  24              1.58979e-13     1.28658e-13      #dY:80.9%  
  24.2            1.3926e-13      1.14395e-13      #dY:82.1%  
  24.4            1.21991e-13     1.017e-13        #dY:83.4%  
  24.6            1.0687e-13      9.0405e-14       #dY:84.6%  
  24.8            9.36264e-14     8.03559e-14      #dY:85.8%  
  25              8.20265e-14     7.14163e-14      #dY:87.1%  
  25.2            7.18641e-14     6.34618e-14      #dY:88.3%  
  25.4            6.29608e-14     5.63857e-14      #dY:89.6%  
  25.6            5.51616e-14     5.00947e-14      #dY:90.8%  
  25.8            4.83279e-14     4.44998e-14      #dY:92.1%  
  26              4.23407e-14     3.95236e-14      #dY:93.3%  
  26.2            3.70954e-14     3.51003e-14      #dY:94.6%  
  26.4            3.24995e-14     3.11682e-14      #dY:95.9%  
  26.6            2.84729e-14     2.76721e-14      #dY:97.2%  
  26.8            2.49447e-14     2.45657e-14      #dY:98.5%  
  27              2.18536e-14     2.18043e-14      #dY:99.8%  
  27.2            1.91456e-14     1.93512e-14      #dY:101.1% 
  27.4            1.67726e-14     1.71715e-14      #dY:102.4% 
  27.6            1.46934e-14     1.52348e-14      #dY:103.7% 
  27.8            1.28719e-14     1.35149e-14      #dY:105.0% 
  28              1.12761e-14     1.19882e-14      #dY:106.3% 
  28.2            9.87776e-15     1.06327e-14      #dY:107.6% 
  28.4            8.65255e-15     9.42896e-15      #dY:109.0% 
  28.6            7.5792e-15      8.36088e-15      #dY:110.3% 
  28.8            6.63863e-15     7.41265e-15      #dY:111.7% 
  29              5.81453e-15     6.57091e-15      #dY:113.0% 
  29.2            5.09249e-15     5.82404e-15      #dY:114.4% 
  29.4            4.45981e-15     5.16119e-15      #dY:115.7% 
  29.6            3.90557e-15     4.57313e-15      #dY:117.1% 
  29.8            3.41998e-15     4.05149e-15      #dY:118.5% 
  30              0.00            0.00                        
//
#-------------------------------------------------------------------------------
#
#name:   INDEN-Aug2023: PU-239(N,F) E_in=13. MeV
#X.axis: Energy
#Y.axis: 
#wdata:  3
#ldata:  642
#data...
# X               Y               +-dY           
# MeV             1/eV            1/eV           
  0.00            0.00            0.00                        
  1.00e-5         1.582183e-9     5.45765e-11      #dY:3.4%   
  1.10e-5         1.659555e-9     5.72454e-11      #dY:3.4%   
  1.20e-5         1.733509e-9     3.0608e-10       #dY:17.7%  
  1.30e-5         1.804461e-9     3.17925e-10      #dY:17.6%  
  1.40e-5         1.872696e-9     3.29342e-10      #dY:17.6%  
  1.50e-5         1.938592e-9     3.40402e-10      #dY:17.6%  
  1.60e-5         2.002315e-9     3.51107e-10      #dY:17.5%  
  1.70e-5         2.064089e-9     3.61508e-10      #dY:17.5%  
  1.80e-5         2.124083e-9     3.71623e-10      #dY:17.5%  
  1.90e-5         2.182446e-9     3.81468e-10      #dY:17.5%  
  2.00e-5         2.239284e-9     3.91065e-10      #dY:17.5%  
  2.10e-5         2.294731e-9     4.00433e-10      #dY:17.5%  
  2.20e-5         2.348884e-9     4.096e-10        #dY:17.4%  
  2.30e-5         2.401822e-9     4.18562e-10      #dY:17.4%  
  2.40e-5         2.453637e-9     4.27331e-10      #dY:17.4%  
  2.50e-5         2.504371e-9     4.35927e-10      #dY:17.4%  
  2.60e-5         2.554117e-9     4.44363e-10      #dY:17.4%  
  2.70e-5         2.602915e-9     4.5263e-10       #dY:17.4%  
  2.80e-5         2.65084e-9      4.60761e-10      #dY:17.4%  
  2.90e-5         2.697905e-9     4.68741e-10      #dY:17.4%  
  3.00e-5         2.744173e-9     4.76599e-10      #dY:17.4%  
  3.10e-5         2.789668e-9     4.84311e-10      #dY:17.4%  
  3.20e-5         2.834481e-9     4.91923e-10      #dY:17.4%  
  3.30e-5         2.878556e-9     4.99402e-10      #dY:17.3%  
  3.40e-5         2.922002e-9     5.06785e-10      #dY:17.3%  
  3.50e-5         2.964815e-9     5.14047e-10      #dY:17.3%  
  3.60e-5         3.007007e-9     5.21214e-10      #dY:17.3%  
  3.70e-5         3.048636e-9     5.28291e-10      #dY:17.3%  
  3.80e-5         3.089711e-9     5.35264e-10      #dY:17.3%  
  3.90e-5         3.130247e-9     5.42151e-10      #dY:17.3%  
  4.00e-5         3.170282e-9     5.48953e-10      #dY:17.3%  
  4.10e-5         3.209801e-9     5.55676e-10      #dY:17.3%  
  4.20e-5         3.248869e-9     5.62311e-10      #dY:17.3%  
  4.30e-5         3.287466e-9     5.68871e-10      #dY:17.3%  
  4.40e-5         3.325609e-9     5.75347e-10      #dY:17.3%  
  4.50e-5         3.363341e-9     5.81765e-10      #dY:17.3%  
  4.60e-5         3.400663e-9     5.88104e-10      #dY:17.3%  
  4.70e-5         3.437565e-9     5.94375e-10      #dY:17.3%  
  4.80e-5         3.47408e-9      6.00584e-10      #dY:17.3%  
  4.90e-5         3.510241e-9     6.06725e-10      #dY:17.3%  
  5.00e-5         3.546015e-9     6.12811e-10      #dY:17.3%  
  5.10e-5         3.581449e-9     6.18824e-10      #dY:17.3%  
  5.20e-5         3.616541e-9     6.24792e-10      #dY:17.3%  
  5.30e-5         3.651292e-9     6.30692e-10      #dY:17.3%  
  5.40e-5         3.685738e-9     6.36556e-10      #dY:17.3%  
  5.50e-5         3.719858e-9     6.42351e-10      #dY:17.3%  
  5.60e-5         3.753668e-9     6.48087e-10      #dY:17.3%  
  5.70e-5         3.787179e-9     6.53787e-10      #dY:17.3%  
  5.80e-5         3.820409e-9     6.59427e-10      #dY:17.3%  
  5.90e-5         3.853343e-9     6.65034e-10      #dY:17.3%  
  6.00e-5         3.886022e-9     6.7058e-10       #dY:17.3%  
  6.10e-5         3.918397e-9     6.7608e-10       #dY:17.3%  
  6.20e-5         3.950538e-9     6.8154e-10       #dY:17.3%  
  6.30e-5         3.982429e-9     6.86963e-10      #dY:17.2%  
  6.40e-5         4.014046e-9     6.92334e-10      #dY:17.2%  
  6.50e-5         4.045434e-9     6.97663e-10      #dY:17.2%  
  6.60e-5         4.076571e-9     7.02951e-10      #dY:17.2%  
  6.70e-5         4.107495e-9     7.08207e-10      #dY:17.2%  
  6.80e-5         4.138189e-9     7.13423e-10      #dY:17.2%  
  6.90e-5         4.168634e-9     7.18583e-10      #dY:17.2%  
  7.00e-5         4.198909e-9     7.23739e-10      #dY:17.2%  
  7.10e-5         4.228939e-9     7.28835e-10      #dY:17.2%  
  7.20e-5         4.258739e-9     7.33886e-10      #dY:17.2%  
  7.30e-5         4.288356e-9     7.38921e-10      #dY:17.2%  
  7.40e-5         4.317792e-9     7.43919e-10      #dY:17.2%  
  7.50e-5         4.347004e-9     7.48884e-10      #dY:17.2%  
  7.60e-5         4.376037e-9     7.53801e-10      #dY:17.2%  
  7.70e-5         4.404881e-9     7.58711e-10      #dY:17.2%  
  7.80e-5         4.433535e-9     7.63575e-10      #dY:17.2%  
  7.90e-5         4.462022e-9     7.68406e-10      #dY:17.2%  
  8.00e-5         4.490343e-9     7.73216e-10      #dY:17.2%  
  8.10e-5         4.518459e-9     7.77992e-10      #dY:17.2%  
  8.20e-5         4.546396e-9     7.82725e-10      #dY:17.2%  
  8.30e-5         4.574188e-9     7.87443e-10      #dY:17.2%  
  8.40e-5         4.601811e-9     7.92132e-10      #dY:17.2%  
  8.50e-5         4.629252e-9     7.96788e-10      #dY:17.2%  
  8.60e-5         4.656566e-9     8.01423e-10      #dY:17.2%  
  8.70e-5         4.683702e-9     8.06035e-10      #dY:17.2%  
  8.80e-5         4.710686e-9     8.10601e-10      #dY:17.2%  
  8.90e-5         4.737522e-9     8.15157e-10      #dY:17.2%  
  9.00e-5         4.764207e-9     8.1969e-10       #dY:17.2%  
  9.10e-5         4.790755e-9     8.24191e-10      #dY:17.2%  
  9.20e-5         4.817152e-9     8.28664e-10      #dY:17.2%  
  9.30e-5         4.84341e-9      8.33115e-10      #dY:17.2%  
  9.40e-5         4.869519e-9     8.37546e-10      #dY:17.2%  
  9.50e-5         4.89551e-9      8.41951e-10      #dY:17.2%  
  9.60e-5         4.921345e-9     8.4634e-10       #dY:17.2%  
  9.70e-5         4.947057e-9     8.50699e-10      #dY:17.2%  
  9.80e-5         4.972644e-9     8.55036e-10      #dY:17.2%  
  9.90e-5         4.998102e-9     8.59346e-10      #dY:17.2%  
  1.00e-4         5.023422e-9     8.6364e-10       #dY:17.2%  
  1.10e-4         5.2701e-9       9.05986e-10      #dY:17.2%  
  1.20e-4         5.505941e-9     9.6635e-10       #dY:17.6%  
  1.30e-4         5.732261e-9     1.00362e-9       #dY:17.5%  
  1.40e-4         5.950126e-9     1.03956e-9       #dY:17.5%  
  1.50e-4         6.160462e-9     1.07432e-9       #dY:17.4%  
  1.60e-4         6.363975e-9     1.10799e-9       #dY:17.4%  
  1.70e-4         6.561323e-9     1.14067e-9       #dY:17.4%  
  1.80e-4         6.753015e-9     1.17246e-9       #dY:17.4%  
  1.90e-4         6.93955e-9      1.20339e-9       #dY:17.3%  
  2.00e-4         7.121309e-9     1.23354e-9       #dY:17.3%  
  2.10e-4         7.298624e-9     1.26296e-9       #dY:17.3%  
  2.20e-4         7.471869e-9     1.29172e-9       #dY:17.3%  
  2.30e-4         7.641261e-9     1.31983e-9       #dY:17.3%  
  2.40e-4         7.807073e-9     1.34735e-9       #dY:17.3%  
  2.50e-4         7.969527e-9     1.37431e-9       #dY:17.2%  
  2.60e-4         8.128824e-9     1.40074e-9       #dY:17.2%  
  2.70e-4         8.285127e-9     1.42669e-9       #dY:17.2%  
  2.80e-4         8.438624e-9     1.45216e-9       #dY:17.2%  
  2.90e-4         8.589467e-9     1.47718e-9       #dY:17.2%  
  3.00e-4         8.737765e-9     1.50177e-9       #dY:17.2%  
  3.10e-4         8.883644e-9     1.52596e-9       #dY:17.2%  
  3.20e-4         9.027254e-9     1.54976e-9       #dY:17.2%  
  3.30e-4         9.168678e-9     1.57321e-9       #dY:17.2%  
  3.40e-4         9.308016e-9     1.59628e-9       #dY:17.1%  
  3.50e-4         9.445352e-9     1.61904e-9       #dY:17.1%  
  3.60e-4         9.580802e-9     1.64145e-9       #dY:17.1%  
  3.70e-4         9.714369e-9     1.66356e-9       #dY:17.1%  
  3.80e-4         9.846243e-9     1.68537e-9       #dY:17.1%  
  3.90e-4         9.976418e-9     1.70685e-9       #dY:17.1%  
  4.00e-4         1.010494e-8     1.72813e-9       #dY:17.1%  
  4.10e-4         1.023192e-8     1.74911e-9       #dY:17.1%  
  4.20e-4         1.03574e-8      1.76982e-9       #dY:17.1%  
  4.30e-4         1.04814e-8      1.79034e-9       #dY:17.1%  
  4.40e-4         1.06041e-8      1.8106e-9        #dY:17.1%  
  4.50e-4         1.072538e-8     1.83059e-9       #dY:17.1%  
  4.60e-4         1.084525e-8     1.85042e-9       #dY:17.1%  
  4.70e-4         1.096396e-8     1.87001e-9       #dY:17.1%  
  4.80e-4         1.108144e-8     1.88935e-9       #dY:17.0%  
  4.90e-4         1.119764e-8     1.90848e-9       #dY:17.0%  
  5.00e-4         1.131284e-8     1.92749e-9       #dY:17.0%  
  5.10e-4         1.142681e-8     1.94615e-9       #dY:17.0%  
  5.20e-4         1.153973e-8     1.96483e-9       #dY:17.0%  
  5.30e-4         1.165169e-8     1.98328e-9       #dY:17.0%  
  5.40e-4         1.176249e-8     2.00143e-9       #dY:17.0%  
  5.50e-4         1.187228e-8     2.01946e-9       #dY:17.0%  
  5.60e-4         1.198109e-8     2.03732e-9       #dY:17.0%  
  5.70e-4         1.208901e-8     2.05502e-9       #dY:17.0%  
  5.80e-4         1.219616e-8     2.07268e-9       #dY:17.0%  
  5.90e-4         1.23023e-8      2.0901e-9        #dY:17.0%  
  6.00e-4         1.240751e-8     2.10729e-9       #dY:17.0%  
  6.10e-4         1.251198e-8     2.12442e-9       #dY:17.0%  
  6.20e-4         1.261542e-8     2.14139e-9       #dY:17.0%  
  6.30e-4         1.271809e-8     2.15814e-9       #dY:17.0%  
  6.40e-4         1.282022e-8     2.17492e-9       #dY:17.0%  
  6.50e-4         1.292142e-8     2.1914e-9        #dY:17.0%  
  6.60e-4         1.302189e-8     2.20783e-9       #dY:17.0%  
  6.70e-4         1.312158e-8     2.22414e-9       #dY:17.0%  
  6.80e-4         1.322043e-8     2.24024e-9       #dY:16.9%  
  6.90e-4         1.331886e-8     2.25636e-9       #dY:16.9%  
  7.00e-4         1.341643e-8     2.27223e-9       #dY:16.9%  
  7.10e-4         1.351334e-8     2.28818e-9       #dY:16.9%  
  7.20e-4         1.36096e-8      2.30376e-9       #dY:16.9%  
  7.30e-4         1.370516e-8     2.31932e-9       #dY:16.9%  
  7.40e-4         1.380035e-8     2.33485e-9       #dY:16.9%  
  7.50e-4         1.389435e-8     2.35008e-9       #dY:16.9%  
  7.60e-4         1.398823e-8     2.36539e-9       #dY:16.9%  
  7.70e-4         1.408144e-8     2.3806e-9        #dY:16.9%  
  7.80e-4         1.417384e-8     2.39557e-9       #dY:16.9%  
  7.90e-4         1.426593e-8     2.4106e-9        #dY:16.9%  
  8.00e-4         1.43573e-8      2.42539e-9       #dY:16.9%  
  8.10e-4         1.444833e-8     2.44021e-9       #dY:16.9%  
  8.20e-4         1.453852e-8     2.45481e-9       #dY:16.9%  
  8.30e-4         1.46283e-8      2.46934e-9       #dY:16.9%  
  8.40e-4         1.471763e-8     2.48394e-9       #dY:16.9%  
  8.50e-4         1.480637e-8     2.49829e-9       #dY:16.9%  
  8.60e-4         1.489474e-8     2.51252e-9       #dY:16.9%  
  8.70e-4         1.498238e-8     2.52678e-9       #dY:16.9%  
  8.80e-4         1.506971e-8     2.54096e-9       #dY:16.9%  
  8.90e-4         1.515638e-8     2.55488e-9       #dY:16.9%  
  9.00e-4         1.524277e-8     2.56884e-9       #dY:16.9%  
  9.10e-4         1.532852e-8     2.58279e-9       #dY:16.8%  
  9.20e-4         1.5414e-8       2.59661e-9       #dY:16.8%  
  9.30e-4         1.549895e-8     2.61036e-9       #dY:16.8%  
  9.40e-4         1.55834e-8      2.6239e-9        #dY:16.8%  
  9.50e-4         1.566755e-8     2.63749e-9       #dY:16.8%  
  9.60e-4         1.575115e-8     2.65107e-9       #dY:16.8%  
  9.70e-4         1.583435e-8     2.66441e-9       #dY:16.8%  
  9.80e-4         1.591721e-8     2.67783e-9       #dY:16.8%  
  9.90e-4         1.599962e-8     2.69111e-9       #dY:16.8%  
  1.00e-3         1.608161e-8     2.70436e-9       #dY:16.8%  
  1.10e-3         1.688084e-8     2.83818e-9       #dY:16.8%  
  1.20e-3         1.764554e-8     3.02521e-9       #dY:17.1%  
  1.30e-3         1.83803e-8      3.13915e-9       #dY:17.1%  
  1.40e-3         1.908809e-8     3.24873e-9       #dY:17.0%  
  1.50e-3         1.977198e-8     3.35455e-9       #dY:17.0%  
  1.60e-3         2.043432e-8     3.45689e-9       #dY:16.9%  
  1.70e-3         2.107697e-8     3.55581e-9       #dY:16.9%  
  1.80e-3         2.170204e-8     3.65198e-9       #dY:16.8%  
  1.90e-3         2.231027e-8     3.74533e-9       #dY:16.8%  
  2.00e-3         2.290369e-8     3.83625e-9       #dY:16.7%  
  2.10e-3         2.348281e-8     3.92475e-9       #dY:16.7%  
  2.20e-3         2.404901e-8     4.01109e-9       #dY:16.7%  
  2.30e-3         2.460301e-8     4.09523e-9       #dY:16.6%  
  2.40e-3         2.514554e-8     4.1775e-9        #dY:16.6%  
  2.50e-3         2.567754e-8     4.25793e-9       #dY:16.6%  
  2.60e-3         2.619932e-8     4.33654e-9       #dY:16.6%  
  2.70e-3         2.671179e-8     4.4136e-9        #dY:16.5%  
  2.80e-3         2.721523e-8     4.48903e-9       #dY:16.5%  
  2.90e-3         2.771028e-8     4.56301e-9       #dY:16.5%  
  3.00e-3         2.819723e-8     4.63555e-9       #dY:16.4%  
  3.10e-3         2.867649e-8     4.70675e-9       #dY:16.4%  
  3.20e-3         2.914852e-8     4.77667e-9       #dY:16.4%  
  3.30e-3         2.961349e-8     4.84539e-9       #dY:16.4%  
  3.40e-3         3.007197e-8     4.91276e-9       #dY:16.3%  
  3.50e-3         3.052395e-8     4.97915e-9       #dY:16.3%  
  3.60e-3         3.097002e-8     5.04447e-9       #dY:16.3%  
  3.70e-3         3.14102e-8      5.10868e-9       #dY:16.3%  
  3.80e-3         3.184472e-8     5.17202e-9       #dY:16.2%  
  3.90e-3         3.2274e-8       5.23422e-9       #dY:16.2%  
  4.00e-3         3.2698e-8       5.2956e-9        #dY:16.2%  
  4.10e-3         3.31171e-8      5.35608e-9       #dY:16.2%  
  4.20e-3         3.353121e-8     5.41564e-9       #dY:16.2%  
  4.30e-3         3.3941e-8       5.47451e-9       #dY:16.1%  
  4.40e-3         3.434631e-8     5.53259e-9       #dY:16.1%  
  4.50e-3         3.474713e-8     5.58978e-9       #dY:16.1%  
  4.60e-3         3.514362e-8     5.64622e-9       #dY:16.1%  
  4.70e-3         3.553639e-8     5.70197e-9       #dY:16.0%  
  4.80e-3         3.592508e-8     5.75692e-9       #dY:16.0%  
  4.90e-3         3.631006e-8     5.81137e-9       #dY:16.0%  
  5.00e-3         3.66913e-8      5.86497e-9       #dY:16.0%  
  5.10e-3         3.706889e-8     5.91802e-9       #dY:16.0%  
  5.20e-3         3.744318e-8     5.97048e-9       #dY:15.9%  
  5.30e-3         3.781391e-8     6.02222e-9       #dY:15.9%  
  5.40e-3         3.818172e-8     6.07354e-9       #dY:15.9%  
  5.50e-3         3.854606e-8     6.12427e-9       #dY:15.9%  
  5.60e-3         3.890745e-8     6.17443e-9       #dY:15.9%  
  5.70e-3         3.926553e-8     6.2239e-9        #dY:15.9%  
  5.80e-3         3.962103e-8     6.27297e-9       #dY:15.8%  
  5.90e-3         3.997365e-8     6.32145e-9       #dY:15.8%  
  6.00e-3         4.032318e-8     6.36932e-9       #dY:15.8%  
  6.10e-3         4.067035e-8     6.41683e-9       #dY:15.8%  
  6.20e-3         4.101469e-8     6.4639e-9        #dY:15.8%  
  6.30e-3         4.135649e-8     6.51036e-9       #dY:15.7%  
  6.40e-3         4.169574e-8     6.55642e-9       #dY:15.7%  
  6.50e-3         4.203251e-8     6.60203e-9       #dY:15.7%  
  6.60e-3         4.236692e-8     6.64716e-9       #dY:15.7%  
  6.70e-3         4.26988e-8      6.69198e-9       #dY:15.7%  
  6.80e-3         4.302858e-8     6.73632e-9       #dY:15.7%  
  6.90e-3         4.335606e-8     6.78018e-9       #dY:15.6%  
  7.00e-3         4.368127e-8     6.82369e-9       #dY:15.6%  
  7.10e-3         4.400449e-8     6.86678e-9       #dY:15.6%  
  7.20e-3         4.432532e-8     6.90934e-9       #dY:15.6%  
  7.30e-3         4.464425e-8     6.95164e-9       #dY:15.6%  
  7.40e-3         4.496112e-8     6.99355e-9       #dY:15.6%  
  7.50e-3         4.52761e-8      7.03512e-9       #dY:15.5%  
  7.60e-3         4.558901e-8     7.07625e-9       #dY:15.5%  
  7.70e-3         4.590018e-8     7.11707e-9       #dY:15.5%  
  7.80e-3         4.620913e-8     7.15757e-9       #dY:15.5%  
  7.90e-3         4.651655e-8     7.1977e-9        #dY:15.5%  
  8.00e-3         4.682203e-8     7.23753e-9       #dY:15.5%  
  8.10e-3         4.712576e-8     7.27696e-9       #dY:15.4%  
  8.20e-3         4.742777e-8     7.31617e-9       #dY:15.4%  
  8.30e-3         4.772807e-8     7.35497e-9       #dY:15.4%  
  8.40e-3         4.802669e-8     7.39359e-9       #dY:15.4%  
  8.50e-3         4.832362e-8     7.43174e-9       #dY:15.4%  
  8.60e-3         4.861901e-8     7.46959e-9       #dY:15.4%  
  8.70e-3         4.891285e-8     7.50726e-9       #dY:15.3%  
  8.80e-3         4.92051e-8      7.54463e-9       #dY:15.3%  
  8.90e-3         4.94957e-8      7.58154e-9       #dY:15.3%  
  9.00e-3         4.978483e-8     7.61841e-9       #dY:15.3%  
  9.10e-3         5.007261e-8     7.6549e-9        #dY:15.3%  
  9.20e-3         5.035888e-8     7.69108e-9       #dY:15.3%  
  9.30e-3         5.064363e-8     7.72707e-9       #dY:15.3%  
  9.40e-3         5.092686e-8     7.76262e-9       #dY:15.2%  
  9.50e-3         5.120886e-8     7.79803e-9       #dY:15.2%  
  9.60e-3         5.148943e-8     7.83314e-9       #dY:15.2%  
  9.70e-3         5.176882e-8     7.86797e-9       #dY:15.2%  
  9.80e-3         5.204674e-8     7.90261e-9       #dY:15.2%  
  9.90e-3         5.232342e-8     7.93679e-9       #dY:15.2%  
  0.01            5.259869e-8     7.9709e-9        #dY:15.2%  
  0.011           5.528494e-8     8.36998e-9       #dY:15.1%  
  0.012           5.786082e-8     8.87183e-9       #dY:15.3%  
  0.013           6.033925e-8     9.14895e-9       #dY:15.2%  
  0.014           6.273126e-8     9.4104e-9        #dY:15.0%  
  0.015           6.50457e-8      9.6577e-9        #dY:14.8%  
  0.016           6.72901e-8      9.89173e-9       #dY:14.7%  
  0.017           6.947056e-8     1.01146e-8       #dY:14.6%  
  0.018           7.159279e-8     1.03264e-8       #dY:14.4%  
  0.019           7.366108e-8     1.05283e-8       #dY:14.3%  
  0.02            7.567968e-8     1.07214e-8       #dY:14.2%  
  0.021           7.765235e-8     1.09063e-8       #dY:14.0%  
  0.022           7.95823e-8      1.10828e-8       #dY:13.9%  
  0.023           8.147177e-8     1.12519e-8       #dY:13.8%  
  0.024           8.33237e-8      1.14146e-8       #dY:13.7%  
  0.025           8.514027e-8     1.15711e-8       #dY:13.6%  
  0.026           8.692343e-8     1.17216e-8       #dY:13.5%  
  0.027           8.867525e-8     1.18667e-8       #dY:13.4%  
  0.028           9.03975e-8      1.20063e-8       #dY:13.3%  
  0.029           9.20915e-8      1.21402e-8       #dY:13.2%  
  0.03            9.37587e-8      1.2269e-8        #dY:13.1%  
  0.031           9.540067e-8     1.23932e-8       #dY:13.0%  
  0.032           9.701821e-8     1.25123e-8       #dY:12.9%  
  0.033           9.861185e-8     1.26267e-8       #dY:12.8%  
  0.034           1.001839e-7     1.27375e-8       #dY:12.7%  
  0.035           1.017351e-7     1.28435e-8       #dY:12.6%  
  0.036           1.032649e-7     1.29468e-8       #dY:12.5%  
  0.037           1.047756e-7     1.30458e-8       #dY:12.5%  
  0.038           1.062665e-7     1.31413e-8       #dY:12.4%  
  0.039           1.077397e-7     1.32335e-8       #dY:12.3%  
  0.04            1.091973e-7     1.3324e-8        #dY:12.2%  
  0.041           1.106358e-7     1.34103e-8       #dY:12.1%  
  0.042           1.120582e-7     1.34938e-8       #dY:12.0%  
  0.043           1.134647e-7     1.35738e-8       #dY:12.0%  
  0.044           1.148567e-7     1.36521e-8       #dY:11.9%  
  0.045           1.162333e-7     1.37286e-8       #dY:11.8%  
  0.046           1.17595e-7      1.38019e-8       #dY:11.7%  
  0.047           1.189445e-7     1.38737e-8       #dY:11.7%  
  0.048           1.202793e-7     1.39429e-8       #dY:11.6%  
  0.049           1.216015e-7     1.40094e-8       #dY:11.5%  
  0.05            1.229098e-7     1.40751e-8       #dY:11.5%  
  0.051           1.242066e-7     1.41391e-8       #dY:11.4%  
  0.052           1.254911e-7     1.4201e-8        #dY:11.3%  
  0.053           1.267633e-7     1.42617e-8       #dY:11.3%  
  0.054           1.280243e-7     1.43197e-8       #dY:11.2%  
  0.055           1.292742e-7     1.43762e-8       #dY:11.1%  
  0.056           1.305134e-7     1.44316e-8       #dY:11.1%  
  0.057           1.317429e-7     1.44839e-8       #dY:11.0%  
  0.058           1.329613e-7     1.45367e-8       #dY:10.9%  
  0.059           1.341681e-7     1.45879e-8       #dY:10.9%  
  0.06            1.353658e-7     1.46368e-8       #dY:10.8%  
  0.061           1.365544e-7     1.46846e-8       #dY:10.8%  
  0.062           1.377328e-7     1.47313e-8       #dY:10.7%  
  0.063           1.389021e-7     1.47776e-8       #dY:10.6%  
  0.064           1.400613e-7     1.48206e-8       #dY:10.6%  
  0.065           1.412113e-7     1.48644e-8       #dY:10.5%  
  0.066           1.423538e-7     1.49075e-8       #dY:10.5%  
  0.067           1.434891e-7     1.49488e-8       #dY:10.4%  
  0.068           1.446139e-7     1.49878e-8       #dY:10.4%  
  0.069           1.457319e-7     1.50269e-8       #dY:10.3%  
  0.07            1.468424e-7     1.50643e-8       #dY:10.3%  
  0.071           1.479437e-7     1.51011e-8       #dY:10.2%  
  0.072           1.490367e-7     1.5136e-8        #dY:10.2%  
  0.073           1.501216e-7     1.51707e-8       #dY:10.1%  
  0.074           1.512002e-7     1.5205e-8        #dY:10.1%  
  0.075           1.522716e-7     1.52382e-8       #dY:10.0%  
  0.076           1.533354e-7     1.52703e-8       #dY:10.0%  
  0.077           1.543938e-7     1.53026e-8       #dY:9.9%   
  0.078           1.55444e-7      1.53322e-8       #dY:9.9%   
  0.079           1.564859e-7     1.53619e-8       #dY:9.8%   
  0.08            1.575236e-7     1.5391e-8        #dY:9.8%   
  0.081           1.585524e-7     1.54194e-8       #dY:9.7%   
  0.082           1.595776e-7     1.54465e-8       #dY:9.7%   
  0.083           1.605935e-7     1.54739e-8       #dY:9.6%   
  0.084           1.616059e-7     1.54998e-8       #dY:9.6%   
  0.085           1.626103e-7     1.55253e-8       #dY:9.5%   
  0.086           1.636104e-7     1.55499e-8       #dY:9.5%   
  0.087           1.646038e-7     1.55731e-8       #dY:9.5%   
  0.088           1.655905e-7     1.55975e-8       #dY:9.4%   
  0.089           1.665717e-7     1.56208e-8       #dY:9.4%   
  0.09            1.675479e-7     1.56436e-8       #dY:9.3%   
  0.091           1.685181e-7     1.5666e-8        #dY:9.3%   
  0.092           1.694823e-7     1.56872e-8       #dY:9.3%   
  0.093           1.70442e-7      1.5708e-8        #dY:9.2%   
  0.094           1.713961e-7     1.57271e-8       #dY:9.2%   
  0.095           1.723436e-7     1.5747e-8        #dY:9.1%   
  0.096           1.732877e-7     1.57662e-8       #dY:9.1%   
  0.097           1.74225e-7      1.57838e-8       #dY:9.1%   
  0.098           1.751574e-7     1.58021e-8       #dY:9.0%   
  0.099           1.760858e-7     1.58202e-8       #dY:9.0%   
  0.1             1.770073e-7     1.58374e-8       #dY:8.9%   
  0.11            1.859727e-7     1.65713e-8       #dY:8.9%   
  0.12            1.944996e-7     1.70254e-8       #dY:8.8%   
  0.13            2.026416e-7     1.70514e-8       #dY:8.4%   
  0.14            2.104285e-7     1.70447e-8       #dY:8.1%   
  0.15            2.178899e-7     1.70185e-8       #dY:7.8%   
  0.16            2.25051e-7      1.69828e-8       #dY:7.5%   
  0.17            2.319321e-7     1.69279e-8       #dY:7.3%   
  0.18            2.385527e-7     1.68536e-8       #dY:7.1%   
  0.19            2.449317e-7     1.67749e-8       #dY:6.8%   
  0.2             2.510933e-7     1.66846e-8       #dY:6.6%   
  0.21            2.559748e-7     1.65113e-8       #dY:6.5%   
  0.22            2.606874e-7     1.63267e-8       #dY:6.3%   
  0.23            2.652429e-7     1.6158e-8        #dY:6.1%   
  0.24            2.696535e-7     1.59848e-8       #dY:5.9%   
  0.25            2.739323e-7     1.5816e-8        #dY:5.8%   
  0.26            2.780871e-7     1.56405e-8       #dY:5.6%   
  0.27            2.821155e-7     1.54382e-8       #dY:5.5%   
  0.28            2.860176e-7     1.52358e-8       #dY:5.3%   
  0.29            2.898087e-7     1.50527e-8       #dY:5.2%   
  0.3             2.934959e-7     1.48903e-8       #dY:5.1%   
  0.31            2.960934e-7     1.46999e-8       #dY:5.0%   
  0.32            2.986015e-7     1.44887e-8       #dY:4.9%   
  0.33            3.010189e-7     1.43023e-8       #dY:4.8%   
  0.34            3.03344e-7      1.41206e-8       #dY:4.7%   
  0.35            3.05579e-7      1.39695e-8       #dY:4.6%   
  0.36            3.077366e-7     1.3842e-8        #dY:4.5%   
  0.37            3.098184e-7     1.37245e-8       #dY:4.4%   
  0.38            3.117997e-7     1.36212e-8       #dY:4.4%   
  0.39            3.137017e-7     1.35359e-8       #dY:4.3%   
  0.4             3.155347e-7     1.3481e-8        #dY:4.3%   
  0.41            3.167591e-7     1.34321e-8       #dY:4.2%   
  0.42            3.179309e-7     1.33677e-8       #dY:4.2%   
  0.43            3.190681e-7     1.33238e-8       #dY:4.2%   
  0.44            3.201466e-7     1.33013e-8       #dY:4.2%   
  0.45            3.211427e-7     1.32837e-8       #dY:4.1%   
  0.46            3.220896e-7     1.32562e-8       #dY:4.1%   
  0.47            3.229699e-7     1.32458e-8       #dY:4.1%   
  0.48            3.237857e-7     1.32291e-8       #dY:4.1%   
  0.49            3.245671e-7     1.3208e-8        #dY:4.1%   
  0.5             3.252997e-7     1.32009e-8       #dY:4.1%   
  0.51            3.257606e-7     1.31787e-8       #dY:4.0%   
  0.52            3.261792e-7     1.31279e-8       #dY:4.0%   
  0.53            3.26552e-7      1.30747e-8       #dY:4.0%   
  0.54            3.268788e-7     1.30032e-8       #dY:4.0%   
  0.55            3.271659e-7     1.29086e-8       #dY:3.9%   
  0.56            3.274092e-7     1.28018e-8       #dY:3.9%   
  0.57            3.27603e-7      1.26782e-8       #dY:3.9%   
  0.58            3.277511e-7     1.25274e-8       #dY:3.8%   
  0.59            3.278742e-7     1.23607e-8       #dY:3.8%   
  0.6             3.279508e-7     1.221e-8         #dY:3.7%   
  0.61            3.279536e-7     1.2035e-8        #dY:3.7%   
  0.62            3.279363e-7     1.18275e-8       #dY:3.6%   
  0.63            3.279155e-7     1.16222e-8       #dY:3.5%   
  0.64            3.278625e-7     1.1451e-8        #dY:3.5%   
  0.65            3.277856e-7     1.12802e-8       #dY:3.4%   
  0.66            3.276731e-7     1.11123e-8       #dY:3.4%   
  0.67            3.275353e-7     1.09311e-8       #dY:3.3%   
  0.68            3.273531e-7     1.07584e-8       #dY:3.3%   
  0.69            3.271454e-7     1.05666e-8       #dY:3.2%   
  0.7             3.269004e-7     1.03607e-8       #dY:3.2%   
  0.71            3.266636e-7     1.01439e-8       #dY:3.1%   
  0.72            3.264106e-7     9.9274e-9        #dY:3.0%   
  0.73            3.261346e-7     9.72319e-9       #dY:3.0%   
  0.74            3.25867e-7      9.52644e-9       #dY:2.9%   
  0.75            3.255965e-7     9.35783e-9       #dY:2.9%   
  0.76            3.253074e-7     9.21681e-9       #dY:2.8%   
  0.77            3.24997e-7      9.09979e-9       #dY:2.8%   
  0.78            3.246708e-7     8.98947e-9       #dY:2.8%   
  0.79            3.243159e-7     8.88956e-9       #dY:2.7%   
  0.8             3.239528e-7     8.7931e-9        #dY:2.7%   
  0.81            3.236295e-7     8.70928e-9       #dY:2.7%   
  0.82            3.232849e-7     8.63569e-9       #dY:2.7%   
  0.83            3.229176e-7     8.56736e-9       #dY:2.7%   
  0.84            3.225344e-7     8.50022e-9       #dY:2.6%   
  0.85            3.221314e-7     8.43868e-9       #dY:2.6%   
  0.86            3.217079e-7     8.38396e-9       #dY:2.6%   
  0.87            3.212686e-7     8.33883e-9       #dY:2.6%   
  0.88            3.208116e-7     8.30601e-9       #dY:2.6%   
  0.89            3.203363e-7     8.2878e-9        #dY:2.6%   
  0.9             3.198563e-7     8.27881e-9       #dY:2.6%   
  0.91            3.193928e-7     8.2784e-9        #dY:2.6%   
  0.92            3.189219e-7     8.27959e-9       #dY:2.6%   
  0.93            3.184487e-7     8.27395e-9       #dY:2.6%   
  0.94            3.17971e-7      8.26628e-9       #dY:2.6%   
  0.95            3.174876e-7     8.25665e-9       #dY:2.6%   
  0.96            3.169892e-7     8.24304e-9       #dY:2.6%   
  0.97            3.164708e-7     8.23115e-9       #dY:2.6%   
  0.98            3.15936e-7      8.22336e-9       #dY:2.6%   
  0.99            3.153943e-7     8.21719e-9       #dY:2.6%   
  1               3.148403e-7     8.21215e-9       #dY:2.6%   
  1.1             3.087918e-7     8.0634e-9        #dY:2.6%   
  1.2             3.017563e-7     7.74866e-9       #dY:2.6%   
  1.3             2.938562e-7     7.25349e-9       #dY:2.5%   
  1.4             2.852574e-7     6.56703e-9       #dY:2.3%   
  1.5             2.761705e-7     5.92258e-9       #dY:2.1%   
  1.6             2.666623e-7     5.47479e-9       #dY:2.1%   
  1.7             2.570176e-7     5.24834e-9       #dY:2.0%   
  1.8             2.471895e-7     5.17023e-9       #dY:2.1%   
  1.9             2.37308e-7      5.21893e-9       #dY:2.2%   
  2               2.2749e-7       5.26796e-9       #dY:2.3%   
  2.1             2.178642e-7     5.3307e-9        #dY:2.4%   
  2.2             2.084071e-7     5.33376e-9       #dY:2.6%   
  2.3             1.9922e-7       5.29706e-9       #dY:2.7%   
  2.4             1.903268e-7     5.20521e-9       #dY:2.7%   
  2.5             1.816762e-7     5.0775e-9        #dY:2.8%   
  2.6             1.733064e-7     4.93485e-9       #dY:2.8%   
  2.7             1.652117e-7     4.77831e-9       #dY:2.9%   
  2.8             1.573856e-7     4.57454e-9       #dY:2.9%   
  2.9             1.498304e-7     4.32793e-9       #dY:2.9%   
  3               1.425458e-7     4.07327e-9       #dY:2.9%   
  3.1             1.355408e-7     3.84531e-9       #dY:2.8%   
  3.2             1.287993e-7     3.64816e-9       #dY:2.8%   
  3.3             1.223326e-7     3.48768e-9       #dY:2.9%   
  3.4             1.161267e-7     3.34782e-9       #dY:2.9%   
  3.5             1.101932e-7     3.22552e-9       #dY:2.9%   
  3.6             1.045192e-7     3.13073e-9       #dY:3.0%   
  3.7             9.908306e-8     3.07663e-9       #dY:3.1%   
  3.8             9.390812e-8     3.09e-9          #dY:3.3%   
  3.9             8.896679e-8     3.16105e-9       #dY:3.6%   
  4               8.427237e-8     3.23819e-9       #dY:3.8%   
  4.1             7.980507e-8     3.41372e-9       #dY:4.3%   
  4.2             7.556006e-8     3.40588e-9       #dY:4.5%   
  4.3             7.15306e-8      3.4522e-9        #dY:4.8%   
  4.4             6.771747e-8     3.40027e-9       #dY:5.0%   
  4.5             6.410356e-8     3.12422e-9       #dY:4.9%   
  4.6             6.068647e-8     2.81089e-9       #dY:4.6%   
  4.7             5.745196e-8     2.49578e-9       #dY:4.3%   
  4.8             5.439055e-8     2.16326e-9       #dY:4.0%   
  4.9             5.149289e-8     1.85464e-9       #dY:3.6%   
  5               4.875229e-8     1.6405e-9        #dY:3.4%   
  5.1             4.615809e-8     1.53062e-9       #dY:3.3%   
  5.2             4.370217e-8     1.46042e-9       #dY:3.3%   
  5.3             4.137982e-8     1.39806e-9       #dY:3.4%   
  5.4             3.918515e-8     1.34148e-9       #dY:3.4%   
  5.5             3.711201e-8     1.28713e-9       #dY:3.5%   
  5.6             3.515261e-8     1.23379e-9       #dY:3.5%   
  5.7             3.329854e-8     1.18418e-9       #dY:3.6%   
  5.8             3.154198e-8     1.13725e-9       #dY:3.6%   
  5.9             2.987721e-8     1.09173e-9       #dY:3.7%   
  6               2.828504e-8     1.04947e-9       #dY:3.7%   
  6.1             2.676225e-8     1.01018e-9       #dY:3.8%   
  6.2             2.536264e-8     9.74373e-10      #dY:3.8%   
  6.3             2.403741e-8     9.40196e-10      #dY:3.9%   
  6.4             2.278625e-8     9.07398e-10      #dY:4.0%   
  6.5             2.169906e-8     8.78035e-10      #dY:4.0%   
  6.6             2.065073e-8     8.46281e-10      #dY:4.1%   
  6.7             1.964461e-8     8.14892e-10      #dY:4.1%   
  6.8             1.874883e-8     7.86445e-10      #dY:4.2%   
  6.9             1.770509e-8     7.49171e-10      #dY:4.2%   
  7               1.685316e-8     7.22567e-10      #dY:4.3%   
  7.1             1.549111e-8     6.73855e-10      #dY:4.3%   
  7.2             1.424096e-8     6.35776e-10      #dY:4.5%   
  7.3             1.298774e-8     6.05991e-10      #dY:4.7%   
  7.4             1.183972e-8     5.80199e-10      #dY:4.9%   
  7.5             1.081796e-8     5.59255e-10      #dY:5.2%   
  7.6             9.831526e-9     5.35689e-10      #dY:5.4%   
  7.7             8.929211e-9     5.13849e-10      #dY:5.8%   
  7.8             8.161569e-9     4.97931e-10      #dY:6.1%   
  7.9             7.527333e-9     4.85533e-10      #dY:6.5%   
  8               6.993008e-9     4.73379e-10      #dY:6.8%   
  8.1             6.524189e-9     4.59959e-10      #dY:7.1%   
  8.2             6.098996e-9     4.45176e-10      #dY:7.3%   
  8.3             5.706113e-9     4.29966e-10      #dY:7.5%   
  8.4             5.339621e-9     4.14568e-10      #dY:7.8%   
  8.5             4.99711e-9      3.99667e-10      #dY:8.0%   
  8.6             4.677074e-9     3.85388e-10      #dY:8.2%   
  8.7             4.376712e-9     3.71309e-10      #dY:8.5%   
  8.8             4.095658e-9     3.57737e-10      #dY:8.7%   
  8.9             3.832679e-9     3.4469e-10       #dY:9.0%   
  9               3.586826e-9     3.32084e-10      #dY:9.3%   
  9.1             3.356561e-9     3.19673e-10      #dY:9.5%   
  9.2             3.140901e-9     3.077e-10        #dY:9.8%   
  9.3             2.939205e-9     2.96249e-10      #dY:10.1%  
  9.4             2.750322e-9     2.85051e-10      #dY:10.4%  
  9.5             2.573523e-9     2.74298e-10      #dY:10.7%  
  9.6             2.408188e-9     2.63929e-10      #dY:11.0%  
  9.7             2.253618e-9     2.53875e-10      #dY:11.3%  
  9.8             2.108942e-9     2.44116e-10      #dY:11.6%  
  9.9             1.973551e-9     2.34716e-10      #dY:11.9%  
  10              1.846907e-9     2.25672e-10      #dY:12.2%  
  10.2            1.617454e-9     2.02998e-10      #dY:12.6%  
  10.4            1.416656e-9     1.81107e-10      #dY:12.8%  
  10.6            1.240958e-9     1.67193e-10      #dY:13.5%  
  10.8            1.087207e-9     1.54292e-10      #dY:14.2%  
  11              9.52467e-10     1.42239e-10      #dY:14.9%  
  11.2            8.34522e-10     1.3104e-10       #dY:15.7%  
  11.4            7.31206e-10     1.2057e-10       #dY:16.5%  
  11.6            6.40654e-10     1.10865e-10      #dY:17.3%  
  11.8            5.61306e-10     1.01764e-10      #dY:18.1%  
  12              4.91806e-10     9.33304e-11      #dY:19.0%  
  12.2            4.30886e-10     8.54811e-11      #dY:19.8%  
  12.4            3.77485e-10     7.81861e-11      #dY:20.7%  
  12.6            3.30682e-10     7.14227e-11      #dY:21.6%  
  12.8            2.8966e-10      6.51551e-11      #dY:22.5%  
  13              2.53685e-10     5.93504e-11      #dY:23.4%  
  13.2            2.22163e-10     5.39716e-11      #dY:24.3%  
  13.4            1.94525e-10     4.9012e-11       #dY:25.2%  
  13.6            1.70311e-10     4.44341e-11      #dY:26.1%  
  13.8            1.49098e-10     4.02342e-11      #dY:27.0%  
  14              1.3052e-10      3.63935e-11      #dY:27.9%  
  14.2            1.14241e-10     3.28848e-11      #dY:28.8%  
  14.4            9.99832e-11     2.96796e-11      #dY:29.7%  
  14.6            8.74926e-11     2.67574e-11      #dY:30.6%  
  14.8            7.65512e-11     2.40958e-11      #dY:31.5%  
  15              6.6974e-11      2.16739e-11      #dY:32.4%  
  15.2            5.85915e-11     1.94809e-11      #dY:33.2%  
  15.4            5.12558e-11     1.74978e-11      #dY:34.1%  
  15.6            4.48356e-11     1.57084e-11      #dY:35.0%  
  15.8            3.92179e-11     1.40921e-11      #dY:35.9%  
  16              3.43014e-11     1.26346e-11      #dY:36.8%  
  16.2            2.99992e-11     1.1321e-11       #dY:37.7%  
  16.4            2.62356e-11     1.01378e-11      #dY:38.6%  
  16.6            2.29438e-11     9.07437e-12      #dY:39.6%  
  16.8            2.00647e-11     8.11953e-12      #dY:40.5%  
  17              1.75463e-11     7.2626e-12       #dY:41.4%  
  17.2            1.5344e-11      6.49385e-12      #dY:42.3%  
  17.4            1.34177e-11     5.80463e-12      #dY:43.3%  
  17.6            1.1733e-11      5.18688e-12      #dY:44.2%  
  17.8            1.02602e-11     4.63344e-12      #dY:45.2%  
  18              8.97257e-12     4.13805e-12      #dY:46.1%  
  18.2            7.84686e-12     3.69463e-12      #dY:47.1%  
  18.4            6.86269e-12     3.29785e-12      #dY:48.1%  
  18.6            6.00239e-12     2.94315e-12      #dY:49.0%  
  18.8            5.25004e-12     2.62601e-12      #dY:50.0%  
  19              4.59244e-12     2.34256e-12      #dY:51.0%  
  19.2            4.01761e-12     2.08937e-12      #dY:52.0%  
  19.4            3.51505e-12     1.86317e-12      #dY:53.0%  
  19.6            3.07565e-12     1.6611e-12       #dY:54.0%  
  19.8            2.69164e-12     1.48084e-12      #dY:55.0%  
  20              2.3558e-12      1.31992e-12      #dY:56.0%  
  20.2            2.06212e-12     1.17628e-12      #dY:57.0%  
  20.4            1.8053e-12      1.04817e-12      #dY:58.1%  
  20.6            1.58058e-12     9.3383e-13       #dY:59.1%  
  20.8            1.38403e-12     8.31851e-13      #dY:60.1%  
  21              1.2121e-12      7.4097e-13       #dY:61.1%  
  21.2            1.06165e-12     6.59924e-13      #dY:62.2%  
  21.4            9.30019e-13     5.87693e-13      #dY:63.2%  
  21.6            8.14799e-13     5.23312e-13      #dY:64.2%  
  21.8            7.13894e-13     4.65908e-13      #dY:65.3%  
  22              6.2555e-13      4.14746e-13      #dY:66.3%  
  22.2            5.48202e-13     3.69179e-13      #dY:67.3%  
  22.4            4.80457e-13     3.28578e-13      #dY:68.4%  
  22.6            4.21125e-13     2.92417e-13      #dY:69.4%  
  22.8            3.69152e-13     2.60211e-13      #dY:70.5%  
  23              3.23605e-13     2.31513e-13      #dY:71.5%  
  23.2            2.83693e-13     2.05959e-13      #dY:72.6%  
  23.4            2.4872e-13      1.83208e-13      #dY:73.7%  
  23.6            2.1807e-13      1.62951e-13      #dY:74.7%  
  23.8            1.91208e-13     1.44917e-13      #dY:75.8%  
  24              1.67666e-13     1.28869e-13      #dY:76.9%  
  24.2            1.47029e-13     1.14584e-13      #dY:77.9%  
  24.4            1.2894e-13      1.01873e-13      #dY:79.0%  
  24.6            1.13084e-13     9.05598e-14      #dY:80.1%  
  24.8            9.91821e-14     8.04945e-14      #dY:81.2%  
  25              8.69927e-14     7.15405e-14      #dY:82.2%  
  25.2            7.63034e-14     6.35739e-14      #dY:83.3%  
  25.4            6.6929e-14      5.64871e-14      #dY:84.4%  
  25.6            5.87076e-14     5.01855e-14      #dY:85.5%  
  25.8            5.14964e-14     4.45813e-14      #dY:86.6%  
  26              4.51712e-14     3.95967e-14      #dY:87.7%  
  26.2            3.96233e-14     3.51655e-14      #dY:88.7%  
  26.4            3.47568e-14     3.12266e-14      #dY:89.8%  
  26.6            3.04887e-14     2.77249e-14      #dY:90.9%  
  26.8            2.67442e-14     2.46129e-14      #dY:92.0%  
  27              2.34597e-14     2.18464e-14      #dY:93.1%  
  27.2            2.05789e-14     1.93889e-14      #dY:94.2%  
  27.4            1.80516e-14     1.72054e-14      #dY:95.3%  
  27.6            1.58342e-14     1.52649e-14      #dY:96.4%  
  27.8            1.38896e-14     1.3542e-14       #dY:97.5%  
  28              1.21837e-14     1.20125e-14      #dY:98.6%  
  28.2            1.06869e-14     1.06542e-14      #dY:99.7%  
  28.4            9.37388e-15     9.44824e-15      #dY:100.8% 
  28.6            8.22206e-15     8.37807e-15      #dY:101.9% 
  28.8            7.21152e-15     7.42805e-15      #dY:103.0% 
  29              6.325e-15       6.58474e-15      #dY:104.1% 
  29.2            5.54716e-15     5.8363e-15       #dY:105.2% 
  29.4            4.86471e-15     5.17209e-15      #dY:106.3% 
  29.6            4.26612e-15     4.58291e-15      #dY:107.4% 
  29.8            3.74092e-15     4.06018e-15      #dY:108.5% 
  30              0.00            0.00                        
//
#-------------------------------------------------------------------------------
#
#name:   INDEN-Aug2023: PU-239(N,F) E_in=14. MeV
#X.axis: Energy
#Y.axis: 
#wdata:  3
#ldata:  642
#data...
# X               Y               +-dY           
# MeV             1/eV            1/eV           
  0.00            0.00            0.00                        
  1.00e-5         1.52116e-9      4.57127e-11      #dY:3.0%   
  1.10e-5         1.595541e-9     4.79479e-11      #dY:3.0%   
  1.20e-5         1.666651e-9     2.56339e-10      #dY:15.4%  
  1.30e-5         1.734857e-9     2.66243e-10      #dY:15.3%  
  1.40e-5         1.800473e-9     2.75803e-10      #dY:15.3%  
  1.50e-5         1.863831e-9     2.85032e-10      #dY:15.3%  
  1.60e-5         1.925104e-9     2.93991e-10      #dY:15.3%  
  1.70e-5         1.984497e-9     3.02679e-10      #dY:15.3%  
  1.80e-5         2.042184e-9     3.11127e-10      #dY:15.2%  
  1.90e-5         2.098283e-9     3.19356e-10      #dY:15.2%  
  2.00e-5         2.152948e-9     3.27378e-10      #dY:15.2%  
  2.10e-5         2.206251e-9     3.35206e-10      #dY:15.2%  
  2.20e-5         2.258323e-9     3.42849e-10      #dY:15.2%  
  2.30e-5         2.309228e-9     3.50339e-10      #dY:15.2%  
  2.40e-5         2.359038e-9     3.57674e-10      #dY:15.2%  
  2.50e-5         2.407824e-9     3.64842e-10      #dY:15.2%  
  2.60e-5         2.455649e-9     3.71883e-10      #dY:15.1%  
  2.70e-5         2.502584e-9     3.78791e-10      #dY:15.1%  
  2.80e-5         2.548648e-9     3.85577e-10      #dY:15.1%  
  2.90e-5         2.593907e-9     3.92243e-10      #dY:15.1%  
  3.00e-5         2.638399e-9     3.98797e-10      #dY:15.1%  
  3.10e-5         2.682167e-9     4.05242e-10      #dY:15.1%  
  3.20e-5         2.725205e-9     4.11594e-10      #dY:15.1%  
  3.30e-5         2.767622e-9     4.17835e-10      #dY:15.1%  
  3.40e-5         2.809398e-9     4.23994e-10      #dY:15.1%  
  3.50e-5         2.850548e-9     4.30065e-10      #dY:15.1%  
  3.60e-5         2.891122e-9     4.36042e-10      #dY:15.1%  
  3.70e-5         2.931151e-9     4.41943e-10      #dY:15.1%  
  3.80e-5         2.970647e-9     4.47757e-10      #dY:15.1%  
  3.90e-5         3.009624e-9     4.53512e-10      #dY:15.1%  
  4.00e-5         3.048104e-9     4.59182e-10      #dY:15.1%  
  4.10e-5         3.086132e-9     4.64777e-10      #dY:15.1%  
  4.20e-5         3.123671e-9     4.70321e-10      #dY:15.1%  
  4.30e-5         3.16078e-9      4.75789e-10      #dY:15.1%  
  4.40e-5         3.197481e-9     4.81197e-10      #dY:15.0%  
  4.50e-5         3.233758e-9     4.8655e-10       #dY:15.0%  
  4.60e-5         3.26963e-9      4.91831e-10      #dY:15.0%  
  4.70e-5         3.305127e-9     4.97062e-10      #dY:15.0%  
  4.80e-5         3.340237e-9     5.02245e-10      #dY:15.0%  
  4.90e-5         3.374989e-9     5.07353e-10      #dY:15.0%  
  5.00e-5         3.409405e-9     5.12423e-10      #dY:15.0%  
  5.10e-5         3.443481e-9     5.17452e-10      #dY:15.0%  
  5.20e-5         3.477225e-9     5.22431e-10      #dY:15.0%  
  5.30e-5         3.510638e-9     5.27351e-10      #dY:15.0%  
  5.40e-5         3.543757e-9     5.32231e-10      #dY:15.0%  
  5.50e-5         3.576566e-9     5.37065e-10      #dY:15.0%  
  5.60e-5         3.609088e-9     5.41858e-10      #dY:15.0%  
  5.70e-5         3.64129e-9      5.466e-10        #dY:15.0%  
  5.80e-5         3.673231e-9     5.51291e-10      #dY:15.0%  
  5.90e-5         3.704919e-9     5.55962e-10      #dY:15.0%  
  6.00e-5         3.736335e-9     5.60598e-10      #dY:15.0%  
  6.10e-5         3.767494e-9     5.65179e-10      #dY:15.0%  
  6.20e-5         3.798379e-9     5.69724e-10      #dY:15.0%  
  6.30e-5         3.829046e-9     5.74241e-10      #dY:15.0%  
  6.40e-5         3.859462e-9     5.78719e-10      #dY:15.0%  
  6.50e-5         3.889638e-9     5.8316e-10       #dY:15.0%  
  6.60e-5         3.919588e-9     5.87567e-10      #dY:15.0%  
  6.70e-5         3.949308e-9     5.91941e-10      #dY:15.0%  
  6.80e-5         3.978832e-9     5.96285e-10      #dY:15.0%  
  6.90e-5         4.008116e-9     6.006e-10        #dY:15.0%  
  7.00e-5         4.037197e-9     6.04867e-10      #dY:15.0%  
  7.10e-5         4.066082e-9     6.09113e-10      #dY:15.0%  
  7.20e-5         4.094756e-9     6.13337e-10      #dY:15.0%  
  7.30e-5         4.123243e-9     6.17527e-10      #dY:15.0%  
  7.40e-5         4.151529e-9     6.2169e-10       #dY:15.0%  
  7.50e-5         4.179638e-9     6.2582e-10       #dY:15.0%  
  7.60e-5         4.207548e-9     6.29929e-10      #dY:15.0%  
  7.70e-5         4.235276e-9     6.33998e-10      #dY:15.0%  
  7.80e-5         4.262839e-9     6.38048e-10      #dY:15.0%  
  7.90e-5         4.290237e-9     6.42083e-10      #dY:15.0%  
  8.00e-5         4.31744e-9      6.46083e-10      #dY:15.0%  
  8.10e-5         4.344484e-9     6.5005e-10       #dY:15.0%  
  8.20e-5         4.371369e-9     6.54003e-10      #dY:15.0%  
  8.30e-5         4.398069e-9     6.57932e-10      #dY:15.0%  
  8.40e-5         4.424648e-9     6.61822e-10      #dY:15.0%  
  8.50e-5         4.451051e-9     6.65711e-10      #dY:15.0%  
  8.60e-5         4.477308e-9     6.69576e-10      #dY:15.0%  
  8.70e-5         4.503389e-9     6.73406e-10      #dY:15.0%  
  8.80e-5         4.529343e-9     6.77206e-10      #dY:15.0%  
  8.90e-5         4.555147e-9     6.80999e-10      #dY:15.0%  
  9.00e-5         4.580815e-9     6.8476e-10       #dY:14.9%  
  9.10e-5         4.606355e-9     6.88511e-10      #dY:14.9%  
  9.20e-5         4.631717e-9     6.92243e-10      #dY:14.9%  
  9.30e-5         4.656974e-9     6.95943e-10      #dY:14.9%  
  9.40e-5         4.682105e-9     6.9963e-10       #dY:14.9%  
  9.50e-5         4.707066e-9     7.03308e-10      #dY:14.9%  
  9.60e-5         4.731914e-9     7.06936e-10      #dY:14.9%  
  9.70e-5         4.756647e-9     7.10566e-10      #dY:14.9%  
  9.80e-5         4.781249e-9     7.14178e-10      #dY:14.9%  
  9.90e-5         4.805724e-9     7.17768e-10      #dY:14.9%  
  1.00e-4         4.830081e-9     7.21336e-10      #dY:14.9%  
  1.10e-4         5.067307e-9     7.56705e-10      #dY:14.9%  
  1.20e-4         5.294095e-9     8.06966e-10      #dY:15.2%  
  1.30e-4         5.511724e-9     8.37931e-10      #dY:15.2%  
  1.40e-4         5.721246e-9     8.67793e-10      #dY:15.2%  
  1.50e-4         5.923516e-9     8.96662e-10      #dY:15.1%  
  1.60e-4         6.119248e-9     9.2463e-10       #dY:15.1%  
  1.70e-4         6.309013e-9     9.51768e-10      #dY:15.1%  
  1.80e-4         6.493386e-9     9.78138e-10      #dY:15.1%  
  1.90e-4         6.672762e-9     1.0038e-9        #dY:15.0%  
  2.00e-4         6.847557e-9     1.02881e-9       #dY:15.0%  
  2.10e-4         7.018103e-9     1.05321e-9       #dY:15.0%  
  2.20e-4         7.184689e-9     1.07705e-9       #dY:15.0%  
  2.30e-4         7.347605e-9     1.10036e-9       #dY:15.0%  
  2.40e-4         7.507085e-9     1.12316e-9       #dY:15.0%  
  2.50e-4         7.663316e-9     1.1455e-9        #dY:14.9%  
  2.60e-4         7.816525e-9     1.1674e-9        #dY:14.9%  
  2.70e-4         7.966851e-9     1.18889e-9       #dY:14.9%  
  2.80e-4         8.114483e-9     1.20997e-9       #dY:14.9%  
  2.90e-4         8.259544e-9     1.23069e-9       #dY:14.9%  
  3.00e-4         8.402171e-9     1.25103e-9       #dY:14.9%  
  3.10e-4         8.542486e-9     1.27105e-9       #dY:14.9%  
  3.20e-4         8.680615e-9     1.29074e-9       #dY:14.9%  
  3.30e-4         8.816635e-9     1.31013e-9       #dY:14.9%  
  3.40e-4         8.950653e-9     1.32922e-9       #dY:14.9%  
  3.50e-4         9.082735e-9     1.34803e-9       #dY:14.8%  
  3.60e-4         9.213001e-9     1.36655e-9       #dY:14.8%  
  3.70e-4         9.341497e-9     1.38483e-9       #dY:14.8%  
  3.80e-4         9.468321e-9     1.40286e-9       #dY:14.8%  
  3.90e-4         9.593511e-9     1.42064e-9       #dY:14.8%  
  4.00e-4         9.717173e-9     1.43821e-9       #dY:14.8%  
  4.10e-4         9.839275e-9     1.45556e-9       #dY:14.8%  
  4.20e-4         9.959948e-9     1.47266e-9       #dY:14.8%  
  4.30e-4         1.007927e-8     1.48959e-9       #dY:14.8%  
  4.40e-4         1.019718e-8     1.5063e-9        #dY:14.8%  
  4.50e-4         1.031383e-8     1.52279e-9       #dY:14.8%  
  4.60e-4         1.042921e-8     1.53912e-9       #dY:14.8%  
  4.70e-4         1.054335e-8     1.55529e-9       #dY:14.8%  
  4.80e-4         1.065632e-8     1.57126e-9       #dY:14.7%  
  4.90e-4         1.076823e-8     1.58708e-9       #dY:14.7%  
  5.00e-4         1.087897e-8     1.60273e-9       #dY:14.7%  
  5.10e-4         1.098858e-8     1.61822e-9       #dY:14.7%  
  5.20e-4         1.109724e-8     1.6335e-9        #dY:14.7%  
  5.30e-4         1.120482e-8     1.64878e-9       #dY:14.7%  
  5.40e-4         1.131149e-8     1.6637e-9        #dY:14.7%  
  5.50e-4         1.141712e-8     1.67861e-9       #dY:14.7%  
  5.60e-4         1.152182e-8     1.69334e-9       #dY:14.7%  
  5.70e-4         1.162555e-8     1.70792e-9       #dY:14.7%  
  5.80e-4         1.172866e-8     1.72243e-9       #dY:14.7%  
  5.90e-4         1.183057e-8     1.73674e-9       #dY:14.7%  
  6.00e-4         1.193194e-8     1.75099e-9       #dY:14.7%  
  6.10e-4         1.203231e-8     1.7651e-9        #dY:14.7%  
  6.20e-4         1.213197e-8     1.77911e-9       #dY:14.7%  
  6.30e-4         1.22308e-8      1.79294e-9       #dY:14.7%  
  6.40e-4         1.23289e-8      1.80664e-9       #dY:14.7%  
  6.50e-4         1.242614e-8     1.82023e-9       #dY:14.6%  
  6.60e-4         1.252284e-8     1.83377e-9       #dY:14.6%  
  6.70e-4         1.261884e-8     1.84721e-9       #dY:14.6%  
  6.80e-4         1.271398e-8     1.86054e-9       #dY:14.6%  
  6.90e-4         1.280845e-8     1.87374e-9       #dY:14.6%  
  7.00e-4         1.290233e-8     1.88684e-9       #dY:14.6%  
  7.10e-4         1.299561e-8     1.89977e-9       #dY:14.6%  
  7.20e-4         1.308818e-8     1.91271e-9       #dY:14.6%  
  7.30e-4         1.318019e-8     1.92554e-9       #dY:14.6%  
  7.40e-4         1.327157e-8     1.93832e-9       #dY:14.6%  
  7.50e-4         1.336226e-8     1.95097e-9       #dY:14.6%  
  7.60e-4         1.345233e-8     1.96344e-9       #dY:14.6%  
  7.70e-4         1.354203e-8     1.97595e-9       #dY:14.6%  
  7.80e-4         1.363106e-8     1.98832e-9       #dY:14.6%  
  7.90e-4         1.37196e-8      2.00058e-9       #dY:14.6%  
  8.00e-4         1.380758e-8     2.01285e-9       #dY:14.6%  
  8.10e-4         1.389494e-8     2.0249e-9        #dY:14.6%  
  8.20e-4         1.398179e-8     2.03696e-9       #dY:14.6%  
  8.30e-4         1.406813e-8     2.04891e-9       #dY:14.6%  
  8.40e-4         1.415415e-8     2.06081e-9       #dY:14.6%  
  8.50e-4         1.423933e-8     2.07267e-9       #dY:14.6%  
  8.60e-4         1.432438e-8     2.08439e-9       #dY:14.6%  
  8.70e-4         1.440879e-8     2.09617e-9       #dY:14.5%  
  8.80e-4         1.449278e-8     2.10771e-9       #dY:14.5%  
  8.90e-4         1.457621e-8     2.11919e-9       #dY:14.5%  
  9.00e-4         1.465918e-8     2.13059e-9       #dY:14.5%  
  9.10e-4         1.474186e-8     2.14206e-9       #dY:14.5%  
  9.20e-4         1.482401e-8     2.15337e-9       #dY:14.5%  
  9.30e-4         1.490567e-8     2.16468e-9       #dY:14.5%  
  9.40e-4         1.498699e-8     2.17589e-9       #dY:14.5%  
  9.50e-4         1.506793e-8     2.18699e-9       #dY:14.5%  
  9.60e-4         1.514833e-8     2.19805e-9       #dY:14.5%  
  9.70e-4         1.522851e-8     2.20906e-9       #dY:14.5%  
  9.80e-4         1.530821e-8     2.22006e-9       #dY:14.5%  
  9.90e-4         1.538747e-8     2.23101e-9       #dY:14.5%  
  1.00e-3         1.54663e-8      2.24178e-9       #dY:14.5%  
  1.10e-3         1.623504e-8     2.35255e-9       #dY:14.5%  
  1.20e-3         1.697087e-8     2.50646e-9       #dY:14.8%  
  1.30e-3         1.767773e-8     2.59939e-9       #dY:14.7%  
  1.40e-3         1.835866e-8     2.68896e-9       #dY:14.6%  
  1.50e-3         1.901678e-8     2.77522e-9       #dY:14.6%  
  1.60e-3         1.96539e-8      2.85857e-9       #dY:14.5%  
  1.70e-3         2.027244e-8     2.93926e-9       #dY:14.5%  
  1.80e-3         2.087356e-8     3.01754e-9       #dY:14.5%  
  1.90e-3         2.145897e-8     3.09337e-9       #dY:14.4%  
  2.00e-3         2.202973e-8     3.16722e-9       #dY:14.4%  
  2.10e-3         2.258711e-8     3.23897e-9       #dY:14.3%  
  2.20e-3         2.313199e-8     3.30899e-9       #dY:14.3%  
  2.30e-3         2.366504e-8     3.37722e-9       #dY:14.3%  
  2.40e-3         2.418715e-8     3.44373e-9       #dY:14.2%  
  2.50e-3         2.469901e-8     3.50862e-9       #dY:14.2%  
  2.60e-3         2.520112e-8     3.5722e-9        #dY:14.2%  
  2.70e-3         2.569416e-8     3.63428e-9       #dY:14.1%  
  2.80e-3         2.61788e-8      3.69512e-9       #dY:14.1%  
  2.90e-3         2.665502e-8     3.75483e-9       #dY:14.1%  
  3.00e-3         2.712366e-8     3.81327e-9       #dY:14.1%  
  3.10e-3         2.758486e-8     3.87062e-9       #dY:14.0%  
  3.20e-3         2.803913e-8     3.9268e-9        #dY:14.0%  
  3.30e-3         2.848667e-8     3.98215e-9       #dY:14.0%  
  3.40e-3         2.892785e-8     4.03628e-9       #dY:14.0%  
  3.50e-3         2.936277e-8     4.08951e-9       #dY:13.9%  
  3.60e-3         2.979213e-8     4.14195e-9       #dY:13.9%  
  3.70e-3         3.021567e-8     4.19356e-9       #dY:13.9%  
  3.80e-3         3.063394e-8     4.24416e-9       #dY:13.9%  
  3.90e-3         3.104698e-8     4.29413e-9       #dY:13.8%  
  4.00e-3         3.145515e-8     4.34323e-9       #dY:13.8%  
  4.10e-3         3.185841e-8     4.39168e-9       #dY:13.8%  
  4.20e-3         3.225718e-8     4.4394e-9        #dY:13.8%  
  4.30e-3         3.265139e-8     4.48642e-9       #dY:13.7%  
  4.40e-3         3.304131e-8     4.53286e-9       #dY:13.7%  
  4.50e-3         3.342718e-8     4.57868e-9       #dY:13.7%  
  4.60e-3         3.3809e-8       4.6238e-9        #dY:13.7%  
  4.70e-3         3.41868e-8      4.66825e-9       #dY:13.7%  
  4.80e-3         3.456093e-8     4.71214e-9       #dY:13.6%  
  4.90e-3         3.493145e-8     4.75555e-9       #dY:13.6%  
  5.00e-3         3.529824e-8     4.7983e-9        #dY:13.6%  
  5.10e-3         3.566184e-8     4.84058e-9       #dY:13.6%  
  5.20e-3         3.602207e-8     4.88238e-9       #dY:13.6%  
  5.30e-3         3.637899e-8     4.92376e-9       #dY:13.5%  
  5.40e-3         3.673286e-8     4.96457e-9       #dY:13.5%  
  5.50e-3         3.708365e-8     5.00494e-9       #dY:13.5%  
  5.60e-3         3.743134e-8     5.04483e-9       #dY:13.5%  
  5.70e-3         3.777619e-8     5.08428e-9       #dY:13.5%  
  5.80e-3         3.811827e-8     5.12315e-9       #dY:13.4%  
  5.90e-3         3.845762e-8     5.16171e-9       #dY:13.4%  
  6.00e-3         3.87942e-8      5.19989e-9       #dY:13.4%  
  6.10e-3         3.912824e-8     5.2375e-9        #dY:13.4%  
  6.20e-3         3.945971e-8     5.27497e-9       #dY:13.4%  
  6.30e-3         3.97887e-8      5.31186e-9       #dY:13.4%  
  6.40e-3         4.011528e-8     5.34834e-9       #dY:13.3%  
  6.50e-3         4.043951e-8     5.38464e-9       #dY:13.3%  
  6.60e-3         4.076127e-8     5.42047e-9       #dY:13.3%  
  6.70e-3         4.108098e-8     5.45601e-9       #dY:13.3%  
  6.80e-3         4.139831e-8     5.49112e-9       #dY:13.3%  
  6.90e-3         4.171335e-8     5.52597e-9       #dY:13.2%  
  7.00e-3         4.202663e-8     5.56045e-9       #dY:13.2%  
  7.10e-3         4.233762e-8     5.59462e-9       #dY:13.2%  
  7.20e-3         4.26466e-8      5.62845e-9       #dY:13.2%  
  7.30e-3         4.295352e-8     5.66197e-9       #dY:13.2%  
  7.40e-3         4.325862e-8     5.69508e-9       #dY:13.2%  
  7.50e-3         4.356182e-8     5.72808e-9       #dY:13.1%  
  7.60e-3         4.386305e-8     5.76079e-9       #dY:13.1%  
  7.70e-3         4.416244e-8     5.79311e-9       #dY:13.1%  
  7.80e-3         4.446003e-8     5.82514e-9       #dY:13.1%  
  7.90e-3         4.475577e-8     5.85691e-9       #dY:13.1%  
  8.00e-3         4.504989e-8     5.88829e-9       #dY:13.1%  
  8.10e-3         4.534226e-8     5.91949e-9       #dY:13.1%  
  8.20e-3         4.563318e-8     5.95053e-9       #dY:13.0%  
  8.30e-3         4.592219e-8     5.98136e-9       #dY:13.0%  
  8.40e-3         4.62097e-8      6.01176e-9       #dY:13.0%  
  8.50e-3         4.649572e-8     6.04202e-9       #dY:13.0%  
  8.60e-3         4.677995e-8     6.07209e-9       #dY:13.0%  
  8.70e-3         4.706281e-8     6.10177e-9       #dY:13.0%  
  8.80e-3         4.734411e-8     6.13132e-9       #dY:13.0%  
  8.90e-3         4.762402e-8     6.16056e-9       #dY:12.9%  
  9.00e-3         4.790246e-8     6.18976e-9       #dY:12.9%  
  9.10e-3         4.817924e-8     6.21857e-9       #dY:12.9%  
  9.20e-3         4.845485e-8     6.24719e-9       #dY:12.9%  
  9.30e-3         4.872908e-8     6.27562e-9       #dY:12.9%  
  9.40e-3         4.900179e-8     6.30376e-9       #dY:12.9%  
  9.50e-3         4.92733e-8      6.3317e-9        #dY:12.9%  
  9.60e-3         4.954347e-8     6.35951e-9       #dY:12.8%  
  9.70e-3         4.981234e-8     6.38705e-9       #dY:12.8%  
  9.80e-3         5.007988e-8     6.4144e-9        #dY:12.8%  
  9.90e-3         5.034618e-8     6.44143e-9       #dY:12.8%  
  0.01            5.061155e-8     6.46842e-9       #dY:12.8%  
  0.011           5.319777e-8     6.79175e-9       #dY:12.8%  
  0.012           5.567797e-8     7.19155e-9       #dY:12.9%  
  0.013           5.806477e-8     7.40908e-9       #dY:12.8%  
  0.014           6.036835e-8     7.61425e-9       #dY:12.6%  
  0.015           6.259741e-8     7.80818e-9       #dY:12.5%  
  0.016           6.475917e-8     7.99176e-9       #dY:12.3%  
  0.017           6.685977e-8     8.16613e-9       #dY:12.2%  
  0.018           6.890417e-8     8.3317e-9        #dY:12.1%  
  0.019           7.08967e-8      8.48943e-9       #dY:12.0%  
  0.02            7.28417e-8      8.63964e-9       #dY:11.9%  
  0.021           7.474288e-8     8.78377e-9       #dY:11.8%  
  0.022           7.66027e-8      8.92138e-9       #dY:11.6%  
  0.023           7.842392e-8     9.0531e-9        #dY:11.5%  
  0.024           8.020918e-8     9.17966e-9       #dY:11.4%  
  0.025           8.196032e-8     9.3015e-9        #dY:11.3%  
  0.026           8.367997e-8     9.41861e-9       #dY:11.3%  
  0.027           8.536926e-8     9.53168e-9       #dY:11.2%  
  0.028           8.70302e-8      9.64055e-9       #dY:11.1%  
  0.029           8.866432e-8     9.74505e-9       #dY:11.0%  
  0.03            9.027267e-8     9.84596e-9       #dY:10.9%  
  0.031           9.185664e-8     9.9432e-9        #dY:10.8%  
  0.032           9.341693e-8     1.00365e-8       #dY:10.7%  
  0.033           9.495548e-8     1.01264e-8       #dY:10.7%  
  0.034           9.647327e-8     1.0214e-8        #dY:10.6%  
  0.035           9.796979e-8     1.02982e-8       #dY:10.5%  
  0.036           9.944747e-8     1.03799e-8       #dY:10.4%  
  0.037           1.009065e-7     1.04589e-8       #dY:10.4%  
  0.038           1.023466e-7     1.05355e-8       #dY:10.3%  
  0.039           1.037696e-7     1.0609e-8        #dY:10.2%  
  0.04            1.051764e-7     1.06808e-8       #dY:10.2%  
  0.041           1.065672e-7     1.07505e-8       #dY:10.1%  
  0.042           1.07942e-7      1.08171e-8       #dY:10.0%  
  0.043           1.09303e-7      1.08823e-8       #dY:10.0%  
  0.044           1.106473e-7     1.09453e-8       #dY:9.9%   
  0.045           1.119785e-7     1.10065e-8       #dY:9.8%   
  0.046           1.132974e-7     1.10667e-8       #dY:9.8%   
  0.047           1.146033e-7     1.11248e-8       #dY:9.7%   
  0.048           1.158935e-7     1.1182e-8        #dY:9.6%   
  0.049           1.17172e-7      1.12358e-8       #dY:9.6%   
  0.05            1.184384e-7     1.12892e-8       #dY:9.5%   
  0.051           1.196941e-7     1.13416e-8       #dY:9.5%   
  0.052           1.209385e-7     1.13931e-8       #dY:9.4%   
  0.053           1.221703e-7     1.14435e-8       #dY:9.4%   
  0.054           1.233931e-7     1.1492e-8        #dY:9.3%   
  0.055           1.246035e-7     1.15395e-8       #dY:9.3%   
  0.056           1.258049e-7     1.15856e-8       #dY:9.2%   
  0.057           1.269947e-7     1.16306e-8       #dY:9.2%   
  0.058           1.281759e-7     1.16742e-8       #dY:9.1%   
  0.059           1.293492e-7     1.17176e-8       #dY:9.1%   
  0.06            1.305092e-7     1.17595e-8       #dY:9.0%   
  0.061           1.31662e-7      1.18e-8          #dY:9.0%   
  0.062           1.32806e-7      1.18401e-8       #dY:8.9%   
  0.063           1.339408e-7     1.18796e-8       #dY:8.9%   
  0.064           1.350661e-7     1.19183e-8       #dY:8.8%   
  0.065           1.361842e-7     1.1956e-8        #dY:8.8%   
  0.066           1.372929e-7     1.19936e-8       #dY:8.7%   
  0.067           1.383962e-7     1.20298e-8       #dY:8.7%   
  0.068           1.394905e-7     1.20657e-8       #dY:8.6%   
  0.069           1.40575e-7      1.21008e-8       #dY:8.6%   
  0.07            1.416547e-7     1.2134e-8        #dY:8.6%   
  0.071           1.427254e-7     1.21679e-8       #dY:8.5%   
  0.072           1.437898e-7     1.22005e-8       #dY:8.5%   
  0.073           1.448463e-7     1.22321e-8       #dY:8.4%   
  0.074           1.458959e-7     1.22638e-8       #dY:8.4%   
  0.075           1.469387e-7     1.2295e-8        #dY:8.4%   
  0.076           1.479741e-7     1.23254e-8       #dY:8.3%   
  0.077           1.490043e-7     1.23554e-8       #dY:8.3%   
  0.078           1.500279e-7     1.23853e-8       #dY:8.3%   
  0.079           1.510436e-7     1.24145e-8       #dY:8.2%   
  0.08            1.520541e-7     1.24431e-8       #dY:8.2%   
  0.081           1.530581e-7     1.24712e-8       #dY:8.1%   
  0.082           1.540559e-7     1.24992e-8       #dY:8.1%   
  0.083           1.550497e-7     1.25262e-8       #dY:8.1%   
  0.084           1.560357e-7     1.2554e-8        #dY:8.0%   
  0.085           1.570182e-7     1.25804e-8       #dY:8.0%   
  0.086           1.579927e-7     1.26076e-8       #dY:8.0%   
  0.087           1.589627e-7     1.26326e-8       #dY:7.9%   
  0.088           1.599274e-7     1.26584e-8       #dY:7.9%   
  0.089           1.608866e-7     1.26841e-8       #dY:7.9%   
  0.09            1.618395e-7     1.27088e-8       #dY:7.9%   
  0.091           1.627878e-7     1.27333e-8       #dY:7.8%   
  0.092           1.637318e-7     1.27574e-8       #dY:7.8%   
  0.093           1.646703e-7     1.27802e-8       #dY:7.8%   
  0.094           1.656034e-7     1.28029e-8       #dY:7.7%   
  0.095           1.665325e-7     1.28252e-8       #dY:7.7%   
  0.096           1.674557e-7     1.28477e-8       #dY:7.7%   
  0.097           1.683748e-7     1.28696e-8       #dY:7.6%   
  0.098           1.692869e-7     1.28913e-8       #dY:7.6%   
  0.099           1.701975e-7     1.29128e-8       #dY:7.6%   
  0.1             1.711013e-7     1.29345e-8       #dY:7.6%   
  0.11            1.79904e-7      1.35514e-8       #dY:7.5%   
  0.12            1.883031e-7     1.40068e-8       #dY:7.4%   
  0.13            1.963478e-7     1.41187e-8       #dY:7.2%   
  0.14            2.040702e-7     1.42122e-8       #dY:7.0%   
  0.15            2.114991e-7     1.42968e-8       #dY:6.8%   
  0.16            2.186545e-7     1.43835e-8       #dY:6.6%   
  0.17            2.255534e-7     1.44626e-8       #dY:6.4%   
  0.18            2.322215e-7     1.4528e-8        #dY:6.3%   
  0.19            2.386727e-7     1.46048e-8       #dY:6.1%   
  0.2             2.449289e-7     1.46824e-8       #dY:6.0%   
  0.21            2.499892e-7     1.47031e-8       #dY:5.9%   
  0.22            2.548849e-7     1.46447e-8       #dY:5.7%   
  0.23            2.59632e-7      1.46055e-8       #dY:5.6%   
  0.24            2.642375e-7     1.45708e-8       #dY:5.5%   
  0.25            2.687181e-7     1.45517e-8       #dY:5.4%   
  0.26            2.730816e-7     1.45395e-8       #dY:5.3%   
  0.27            2.773242e-7     1.45177e-8       #dY:5.2%   
  0.28            2.814466e-7     1.45053e-8       #dY:5.2%   
  0.29            2.854598e-7     1.45171e-8       #dY:5.1%   
  0.3             2.893707e-7     1.45511e-8       #dY:5.0%   
  0.31            2.922337e-7     1.45603e-8       #dY:5.0%   
  0.32            2.950122e-7     1.44673e-8       #dY:4.9%   
  0.33            2.977079e-7     1.44093e-8       #dY:4.8%   
  0.34            3.003124e-7     1.43667e-8       #dY:4.8%   
  0.35            3.0283e-7       1.4349e-8        #dY:4.7%   
  0.36            3.052737e-7     1.43506e-8       #dY:4.7%   
  0.37            3.076478e-7     1.43689e-8       #dY:4.7%   
  0.38            3.099268e-7     1.44096e-8       #dY:4.6%   
  0.39            3.121294e-7     1.44699e-8       #dY:4.6%   
  0.4             3.142599e-7     1.45476e-8       #dY:4.6%   
  0.41            3.157538e-7     1.46098e-8       #dY:4.6%   
  0.42            3.17195e-7      1.45883e-8       #dY:4.6%   
  0.43            3.186074e-7     1.45896e-8       #dY:4.6%   
  0.44            3.199648e-7     1.46172e-8       #dY:4.6%   
  0.45            3.212466e-7     1.46649e-8       #dY:4.6%   
  0.46            3.224798e-7     1.47127e-8       #dY:4.6%   
  0.47            3.236472e-7     1.47685e-8       #dY:4.6%   
  0.48            3.247515e-7     1.48224e-8       #dY:4.6%   
  0.49            3.258215e-7     1.48659e-8       #dY:4.6%   
  0.5             3.268445e-7     1.4911e-8        #dY:4.6%   
  0.51            3.275447e-7     1.49412e-8       #dY:4.6%   
  0.52            3.282019e-7     1.49094e-8       #dY:4.5%   
  0.53            3.288161e-7     1.48726e-8       #dY:4.5%   
  0.54            3.293828e-7     1.4821e-8        #dY:4.5%   
  0.55            3.299119e-7     1.47519e-8       #dY:4.5%   
  0.56            3.303985e-7     1.46733e-8       #dY:4.4%   
  0.57            3.308352e-7     1.45842e-8       #dY:4.4%   
  0.58            3.31226e-7      1.4474e-8        #dY:4.4%   
  0.59            3.315938e-7     1.43496e-8       #dY:4.3%   
  0.6             3.319164e-7     1.42382e-8       #dY:4.3%   
  0.61            3.32117e-7      1.41073e-8       #dY:4.2%   
  0.62            3.322933e-7     1.39316e-8       #dY:4.2%   
  0.63            3.324681e-7     1.37505e-8       #dY:4.1%   
  0.64            3.326126e-7     1.35967e-8       #dY:4.1%   
  0.65            3.327341e-7     1.34482e-8       #dY:4.0%   
  0.66            3.32821e-7      1.33003e-8       #dY:4.0%   
  0.67            3.328843e-7     1.31435e-8       #dY:3.9%   
  0.68            3.329042e-7     1.29863e-8       #dY:3.9%   
  0.69            3.329009e-7     1.28175e-8       #dY:3.9%   
  0.7             3.328597e-7     1.26382e-8       #dY:3.8%   
  0.71            3.327822e-7     1.24476e-8       #dY:3.7%   
  0.72            3.326891e-7     1.22428e-8       #dY:3.7%   
  0.73            3.325723e-7     1.20492e-8       #dY:3.6%   
  0.74            3.324618e-7     1.18635e-8       #dY:3.6%   
  0.75            3.323483e-7     1.16943e-8       #dY:3.5%   
  0.76            3.32219e-7      1.15471e-8       #dY:3.5%   
  0.77            3.320678e-7     1.14186e-8       #dY:3.4%   
  0.78            3.319006e-7     1.12918e-8       #dY:3.4%   
  0.79            3.317063e-7     1.11701e-8       #dY:3.4%   
  0.8             3.315037e-7     1.1051e-8        #dY:3.3%   
  0.81            3.313037e-7     1.09402e-8       #dY:3.3%   
  0.82            3.310813e-7     1.08248e-8       #dY:3.3%   
  0.83            3.308369e-7     1.07128e-8       #dY:3.2%   
  0.84            3.305744e-7     1.06021e-8       #dY:3.2%   
  0.85            3.302908e-7     1.04943e-8       #dY:3.2%   
  0.86            3.299881e-7     1.03904e-8       #dY:3.1%   
  0.87            3.296697e-7     1.02911e-8       #dY:3.1%   
  0.88            3.29334e-7      1.01962e-8       #dY:3.1%   
  0.89            3.28979e-7      1.01057e-8       #dY:3.1%   
  0.9             3.286205e-7     1.00203e-8       #dY:3.0%   
  0.91            3.282306e-7     9.94447e-9       #dY:3.0%   
  0.92            3.278306e-7     9.8578e-9        #dY:3.0%   
  0.93            3.274293e-7     9.77311e-9       #dY:3.0%   
  0.94            3.270205e-7     9.69227e-9       #dY:3.0%   
  0.95            3.266094e-7     9.61383e-9       #dY:2.9%   
  0.96            3.261844e-7     9.53182e-9       #dY:2.9%   
  0.97            3.257384e-7     9.44956e-9       #dY:2.9%   
  0.98            3.252764e-7     9.37089e-9       #dY:2.9%   
  0.99            3.248077e-7     9.2945e-9        #dY:2.9%   
  1               3.243234e-7     9.22218e-9       #dY:2.8%   
  1.1             3.184143e-7     8.99825e-9       #dY:2.8%   
  1.2             3.109065e-7     8.05645e-9       #dY:2.6%   
  1.3             3.019693e-7     7.17425e-9       #dY:2.4%   
  1.4             2.918897e-7     6.45126e-9       #dY:2.2%   
  1.5             2.810548e-7     6.07824e-9       #dY:2.2%   
  1.6             2.697412e-7     6.08455e-9       #dY:2.3%   
  1.7             2.584142e-7     6.33538e-9       #dY:2.5%   
  1.8             2.471563e-7     6.63368e-9       #dY:2.7%   
  1.9             2.36137e-7      6.90254e-9       #dY:2.9%   
  2               2.254672e-7     7.03473e-9       #dY:3.1%   
  2.1             2.152352e-7     7.02711e-9       #dY:3.3%   
  2.2             2.053865e-7     6.87788e-9       #dY:3.3%   
  2.3             1.959761e-7     6.6461e-9        #dY:3.4%   
  2.4             1.869855e-7     6.36035e-9       #dY:3.4%   
  2.5             1.78328e-7      6.06429e-9       #dY:3.4%   
  2.6             1.700059e-7     5.77276e-9       #dY:3.4%   
  2.7             1.619769e-7     5.50004e-9       #dY:3.4%   
  2.8             1.542193e-7     5.21009e-9       #dY:3.4%   
  2.9             1.467281e-7     4.8773e-9        #dY:3.3%   
  3               1.395059e-7     4.52234e-9       #dY:3.2%   
  3.1             1.325689e-7     4.16677e-9       #dY:3.1%   
  3.2             1.259057e-7     3.83309e-9       #dY:3.0%   
  3.3             1.195362e-7     3.55999e-9       #dY:3.0%   
  3.4             1.134389e-7     3.32508e-9       #dY:2.9%   
  3.5             1.076225e-7     3.13343e-9       #dY:2.9%   
  3.6             1.020699e-7     2.97189e-9       #dY:2.9%   
  3.7             9.675735e-8     2.8254e-9        #dY:2.9%   
  3.8             9.170548e-8     2.69458e-9       #dY:2.9%   
  3.9             8.688468e-8     2.57182e-9       #dY:3.0%   
  4               8.230633e-8     2.46104e-9       #dY:3.0%   
  4.1             7.795234e-8     2.36275e-9       #dY:3.0%   
  4.2             7.381589e-8     2.26753e-9       #dY:3.1%   
  4.3             6.989089e-8     2.18318e-9       #dY:3.1%   
  4.4             6.617806e-8     2.10586e-9       #dY:3.2%   
  4.5             6.265937e-8     2.02965e-9       #dY:3.2%   
  4.6             5.933003e-8     1.95949e-9       #dY:3.3%   
  4.7             5.617474e-8     1.89223e-9       #dY:3.4%   
  4.8             5.318954e-8     1.82933e-9       #dY:3.4%   
  4.9             5.036018e-8     1.76668e-9       #dY:3.5%   
  5               4.768217e-8     1.70553e-9       #dY:3.6%   
  5.1             4.514703e-8     1.64796e-9       #dY:3.7%   
  5.2             4.274791e-8     1.591e-9         #dY:3.7%   
  5.3             4.04778e-8      1.53351e-9       #dY:3.8%   
  5.4             3.832867e-8     1.47994e-9       #dY:3.9%   
  5.5             3.629526e-8     1.42773e-9       #dY:3.9%   
  5.6             3.437463e-8     1.3762e-9        #dY:4.0%   
  5.7             3.255643e-8     1.32906e-9       #dY:4.1%   
  5.8             3.083657e-8     1.28503e-9       #dY:4.2%   
  5.9             2.921276e-8     1.24465e-9       #dY:4.3%   
  6               2.767659e-8     1.21105e-9       #dY:4.4%   
  6.1             2.62197e-8      1.18365e-9       #dY:4.5%   
  6.2             2.483929e-8     1.15919e-9       #dY:4.7%   
  6.3             2.353362e-8     1.13666e-9       #dY:4.8%   
  6.4             2.229856e-8     1.1176e-9        #dY:5.0%   
  6.5             2.113267e-8     1.10534e-9       #dY:5.2%   
  6.6             2.003265e-8     1.10499e-9       #dY:5.5%   
  6.7             1.899241e-8     1.10943e-9       #dY:5.8%   
  6.8             1.800941e-8     1.102e-9         #dY:6.1%   
  6.9             1.707856e-8     1.07751e-9       #dY:6.3%   
  7               1.618486e-8     1.04328e-9       #dY:6.4%   
  7.1             1.532752e-8     1.01063e-9       #dY:6.6%   
  7.2             1.455755e-8     9.90274e-10      #dY:6.8%   
  7.3             1.382416e-8     9.79145e-10      #dY:7.1%   
  7.4             1.314032e-8     9.75867e-10      #dY:7.4%   
  7.5             1.258981e-8     9.92201e-10      #dY:7.9%   
  7.6             1.203996e-8     1.02255e-9       #dY:8.5%   
  7.7             1.151433e-8     1.07314e-9       #dY:9.3%   
  7.8             1.106775e-8     1.1718e-9        #dY:10.6%  
  7.9             1.046592e-8     1.27591e-9       #dY:12.2%  
  8               9.99429e-9      1.4016e-9        #dY:14.0%  
  8.1             9.061661e-9     1.52255e-9       #dY:16.8%  
  8.2             8.201735e-9     1.51219e-9       #dY:18.4%  
  8.3             7.338749e-9     1.52857e-9       #dY:20.8%  
  8.4             6.569537e-9     1.46031e-9       #dY:22.2%  
  8.5             5.9058e-9       1.28089e-9       #dY:21.7%  
  8.6             5.270007e-9     1.0772e-9        #dY:20.4%  
  8.7             4.699315e-9     8.7178e-10       #dY:18.6%  
  8.8             4.232946e-9     6.74824e-10      #dY:15.9%  
  8.9             3.867557e-9     5.08573e-10      #dY:13.1%  
  9               3.575559e-9     4.07373e-10      #dY:11.4%  
  9.1             3.328133e-9     3.66815e-10      #dY:11.0%  
  9.2             3.107676e-9     3.48113e-10      #dY:11.2%  
  9.3             2.905972e-9     3.34112e-10      #dY:11.5%  
  9.4             2.718696e-9     3.20772e-10      #dY:11.8%  
  9.5             2.544016e-9     3.07961e-10      #dY:12.1%  
  9.6             2.380818e-9     2.95579e-10      #dY:12.4%  
  9.7             2.228295e-9     2.83547e-10      #dY:12.7%  
  9.8             2.085549e-9     2.71892e-10      #dY:13.0%  
  9.9             1.951931e-9     2.60708e-10      #dY:13.4%  
  10              1.826938e-9     2.50001e-10      #dY:13.7%  
  10.2            1.60041e-9      2.24317e-10      #dY:14.0%  
  10.4            1.402101e-9     1.99189e-10      #dY:14.2%  
  10.6            1.228536e-9     1.83114e-10      #dY:14.9%  
  10.8            1.076601e-9     1.68369e-10      #dY:15.6%  
  11              9.43418e-10     1.54746e-10      #dY:16.4%  
  11.2            8.26798e-10     1.42248e-10      #dY:17.2%  
  11.4            7.24626e-10     1.30646e-10      #dY:18.0%  
  11.6            6.35055e-10     1.19989e-10      #dY:18.9%  
  11.8            5.56545e-10     1.10074e-10      #dY:19.8%  
  12              4.87757e-10     1.00939e-10      #dY:20.7%  
  12.2            4.27447e-10     9.24792e-11      #dY:21.6%  
  12.4            3.74567e-10     8.46372e-11      #dY:22.6%  
  12.6            3.28209e-10     7.73876e-11      #dY:23.6%  
  12.8            2.87568e-10     7.06755e-11      #dY:24.6%  
  13              2.5192e-10      6.44671e-11      #dY:25.6%  
  13.2            2.20675e-10     5.8714e-11       #dY:26.6%  
  13.4            1.93274e-10     5.34072e-11      #dY:27.6%  
  13.6            1.6926e-10      4.85028e-11      #dY:28.7%  
  13.8            1.4822e-10      4.39999e-11      #dY:29.7%  
  14              1.29787e-10     3.98751e-11      #dY:30.7%  
  14.2            1.13632e-10     3.61e-11         #dY:31.8%  
  14.4            9.94791e-11     3.26447e-11      #dY:32.8%  
  14.6            8.70793e-11     2.94903e-11      #dY:33.9%  
  14.8            7.62132e-11     2.661e-11        #dY:34.9%  
  15              6.66992e-11     2.39841e-11      #dY:36.0%  
  15.2            5.83701e-11     2.1602e-11       #dY:37.0%  
  15.4            5.10794e-11     1.94425e-11      #dY:38.1%  
  15.6            4.46966e-11     1.74901e-11      #dY:39.1%  
  15.8            3.91102e-11     1.57222e-11      #dY:40.2%  
  16              3.42198e-11     1.41251e-11      #dY:41.3%  
  16.2            2.99392e-11     1.26823e-11      #dY:42.4%  
  16.4            2.61934e-11     1.13801e-11      #dY:43.4%  
  16.6            2.29161e-11     1.02074e-11      #dY:44.5%  
  16.8            2.00488e-11     9.15225e-12      #dY:45.6%  
  17              1.754e-11       8.20328e-12      #dY:46.8%  
  17.2            1.53452e-11     7.35013e-12      #dY:47.9%  
  17.4            1.3425e-11      6.58386e-12      #dY:49.0%  
  17.6            1.17448e-11     5.89548e-12      #dY:50.2%  
  17.8            1.02755e-11     5.27761e-12      #dY:51.4%  
  18              8.99052e-12     4.7235e-12       #dY:52.5%  
  18.2            7.86654e-12     4.22645e-12      #dY:53.7%  
  18.4            6.88354e-12     3.78096e-12      #dY:54.9%  
  18.6            6.02391e-12     3.38182e-12      #dY:56.1%  
  18.8            5.27188e-12     3.02423e-12      #dY:57.4%  
  19              4.61418e-12     2.70401e-12      #dY:58.6%  
  19.2            4.03905e-12     2.41737e-12      #dY:59.8%  
  19.4            3.53595e-12     2.1608e-12       #dY:61.1%  
  19.6            3.09587e-12     1.9311e-12       #dY:62.4%  
  19.8            2.71108e-12     1.72573e-12      #dY:63.7%  
  20              2.37438e-12     1.54203e-12      #dY:64.9%  
  20.2            2.0798e-12      1.3777e-12       #dY:66.2%  
  20.4            1.82203e-12     1.2308e-12       #dY:67.6%  
  20.6            1.59637e-12     1.09942e-12      #dY:68.9%  
  20.8            1.39886e-12     9.81964e-13      #dY:70.2%  
  21              1.226e-12       8.77045e-13      #dY:71.5%  
  21.2            1.07465e-12     7.83281e-13      #dY:72.9%  
  21.4            9.42126e-13     6.99486e-13      #dY:74.2%  
  21.6            8.26063e-13     6.24626e-13      #dY:75.6%  
  21.8            7.2435e-13      5.57723e-13      #dY:77.0%  
  22              6.35241e-13     4.97947e-13      #dY:78.4%  
  22.2            5.57158e-13     4.44558e-13      #dY:79.8%  
  22.4            4.88727e-13     3.96877e-13      #dY:81.2%  
  22.6            4.28749e-13     3.54294e-13      #dY:82.6%  
  22.8            3.76166e-13     3.16261e-13      #dY:84.1%  
  23              3.30056e-13     2.82288e-13      #dY:85.5%  
  23.2            2.89616e-13     2.51947e-13      #dY:87.0%  
  23.4            2.54149e-13     2.24856e-13      #dY:88.5%  
  23.6            2.23043e-13     2.00667e-13      #dY:90.0%  
  23.8            1.95759e-13     1.79073e-13      #dY:91.5%  
  24              1.71827e-13     1.59796e-13      #dY:93.0%  
  24.2            1.50828e-13     1.42584e-13      #dY:94.5%  
  24.4            1.32405e-13     1.27219e-13      #dY:96.1%  
  24.6            1.16243e-13     1.13505e-13      #dY:97.6%  
  24.8            1.0206e-13      1.01264e-13      #dY:99.2%  
  25              8.96124e-14     9.0337e-14       #dY:100.8% 
  25.2            7.86852e-14     8.05823e-14      #dY:102.4% 
  25.4            6.90927e-14     7.18734e-14      #dY:104.0% 
  25.6            6.06729e-14     6.41045e-14      #dY:105.7% 
  25.8            5.32792e-14     5.71717e-14      #dY:107.3% 
  26              4.67877e-14     5.09823e-14      #dY:109.0% 
  26.2            4.10879e-14     4.546e-14        #dY:110.6% 
  26.4            3.60833e-14     4.05334e-14      #dY:112.3% 
  26.6            3.1689e-14      3.61374e-14      #dY:114.0% 
  26.8            2.78299e-14     3.22155e-14      #dY:115.8% 
  27              2.44413e-14     2.87164e-14      #dY:117.5% 
  27.2            2.14656e-14     2.55952e-14      #dY:119.2% 
  27.4            1.88523e-14     2.28114e-14      #dY:121.0% 
  27.6            1.65568e-14     2.03275e-14      #dY:122.8% 
  27.8            1.45412e-14     1.81125e-14      #dY:124.6% 
  28              1.27712e-14     1.61385e-14      #dY:126.4% 
  28.2            1.12163e-14     1.43783e-14      #dY:128.2% 
  28.4            9.85072e-15     1.28089e-14      #dY:130.0% 
  28.6            8.6514e-15      1.14101e-14      #dY:131.9% 
  28.8            7.59785e-15     1.01631e-14      #dY:133.8% 
  29              6.67241e-15     9.05137e-15      #dY:135.7% 
  29.2            5.85957e-15     8.06057e-15      #dY:137.6% 
  29.4            5.14543e-15     7.17731e-15      #dY:139.5% 
  29.6            4.51828e-15     6.39012e-15      #dY:141.4% 
  29.8            3.96738e-15     5.68877e-15      #dY:143.4% 
  30              0.00            0.00                        
//
#-------------------------------------------------------------------------------
#
#name:   INDEN-Aug2023: PU-239(N,F) E_in=15. MeV
#X.axis: Energy
#Y.axis: 
#wdata:  3
#ldata:  642
#data...
# X               Y               +-dY           
# MeV             1/eV            1/eV           
  0.00            0.00            0.00                        
  1.00e-5         1.489703e-9     4.57127e-11      #dY:3.1%   
  1.10e-5         1.562538e-9     4.79477e-11      #dY:3.1%   
  1.20e-5         1.632154e-9     2.56335e-10      #dY:15.7%  
  1.30e-5         1.698919e-9     2.66236e-10      #dY:15.7%  
  1.40e-5         1.763166e-9     2.75799e-10      #dY:15.6%  
  1.50e-5         1.825196e-9     2.85029e-10      #dY:15.6%  
  1.60e-5         1.885182e-9     2.93987e-10      #dY:15.6%  
  1.70e-5         1.943325e-9     3.02675e-10      #dY:15.6%  
  1.80e-5         1.999787e-9     3.11121e-10      #dY:15.6%  
  1.90e-5         2.054718e-9     3.19354e-10      #dY:15.5%  
  2.00e-5         2.108206e-9     3.27371e-10      #dY:15.5%  
  2.10e-5         2.160394e-9     3.35202e-10      #dY:15.5%  
  2.20e-5         2.211353e-9     3.42843e-10      #dY:15.5%  
  2.30e-5         2.261198e-9     3.50337e-10      #dY:15.5%  
  2.40e-5         2.309954e-9     3.57671e-10      #dY:15.5%  
  2.50e-5         2.357706e-9     3.64838e-10      #dY:15.5%  
  2.60e-5         2.404526e-9     3.7188e-10       #dY:15.5%  
  2.70e-5         2.450445e-9     3.78785e-10      #dY:15.5%  
  2.80e-5         2.495551e-9     3.85574e-10      #dY:15.5%  
  2.90e-5         2.539842e-9     3.92239e-10      #dY:15.4%  
  3.00e-5         2.583391e-9     3.98793e-10      #dY:15.4%  
  3.10e-5         2.626212e-9     4.05236e-10      #dY:15.4%  
  3.20e-5         2.668364e-9     4.11593e-10      #dY:15.4%  
  3.30e-5         2.709845e-9     4.17828e-10      #dY:15.4%  
  3.40e-5         2.750733e-9     4.23988e-10      #dY:15.4%  
  3.50e-5         2.791026e-9     4.30064e-10      #dY:15.4%  
  3.60e-5         2.830731e-9     4.36039e-10      #dY:15.4%  
  3.70e-5         2.869907e-9     4.41939e-10      #dY:15.4%  
  3.80e-5         2.908556e-9     4.47752e-10      #dY:15.4%  
  3.90e-5         2.946682e-9     4.53505e-10      #dY:15.4%  
  4.00e-5         2.984348e-9     4.59178e-10      #dY:15.4%  
  4.10e-5         3.021565e-9     4.64774e-10      #dY:15.4%  
  4.20e-5         3.058294e-9     4.70316e-10      #dY:15.4%  
  4.30e-5         3.094622e-9     4.75787e-10      #dY:15.4%  
  4.40e-5         3.13052e-9      4.81191e-10      #dY:15.4%  
  4.50e-5         3.166021e-9     4.86544e-10      #dY:15.4%  
  4.60e-5         3.201116e-9     4.91826e-10      #dY:15.4%  
  4.70e-5         3.235848e-9     4.97057e-10      #dY:15.4%  
  4.80e-5         3.270228e-9     5.02245e-10      #dY:15.4%  
  4.90e-5         3.304239e-9     5.07351e-10      #dY:15.4%  
  5.00e-5         3.337907e-9     5.12418e-10      #dY:15.4%  
  5.10e-5         3.371252e-9     5.17448e-10      #dY:15.3%  
  5.20e-5         3.40426e-9      5.22425e-10      #dY:15.3%  
  5.30e-5         3.43696e-9      5.27347e-10      #dY:15.3%  
  5.40e-5         3.46936e-9      5.32226e-10      #dY:15.3%  
  5.50e-5         3.501447e-9     5.37058e-10      #dY:15.3%  
  5.60e-5         3.533272e-9     5.41853e-10      #dY:15.3%  
  5.70e-5         3.564791e-9     5.46598e-10      #dY:15.3%  
  5.80e-5         3.596056e-9     5.5129e-10       #dY:15.3%  
  5.90e-5         3.627058e-9     5.55959e-10      #dY:15.3%  
  6.00e-5         3.657779e-9     5.60591e-10      #dY:15.3%  
  6.10e-5         3.688263e-9     5.65173e-10      #dY:15.3%  
  6.20e-5         3.718488e-9     5.69721e-10      #dY:15.3%  
  6.30e-5         3.748479e-9     5.74236e-10      #dY:15.3%  
  6.40e-5         3.778233e-9     5.78714e-10      #dY:15.3%  
  6.50e-5         3.80775e-9      5.83155e-10      #dY:15.3%  
  6.60e-5         3.837066e-9     5.87565e-10      #dY:15.3%  
  6.70e-5         3.866141e-9     5.91938e-10      #dY:15.3%  
  6.80e-5         3.895013e-9     5.96279e-10      #dY:15.3%  
  6.90e-5         3.923676e-9     6.00597e-10      #dY:15.3%  
  7.00e-5         3.952126e-9     6.04864e-10      #dY:15.3%  
  7.10e-5         3.98038e-9      6.09108e-10      #dY:15.3%  
  7.20e-5         4.008439e-9     6.13334e-10      #dY:15.3%  
  7.30e-5         4.036305e-9     6.17523e-10      #dY:15.3%  
  7.40e-5         4.063976e-9     6.21685e-10      #dY:15.3%  
  7.50e-5         4.091448e-9     6.25812e-10      #dY:15.3%  
  7.60e-5         4.118771e-9     6.29926e-10      #dY:15.3%  
  7.70e-5         4.145906e-9     6.33997e-10      #dY:15.3%  
  7.80e-5         4.172885e-9     6.38047e-10      #dY:15.3%  
  7.90e-5         4.199648e-9     6.42074e-10      #dY:15.3%  
  8.00e-5         4.22628e-9      6.46079e-10      #dY:15.3%  
  8.10e-5         4.252726e-9     6.50046e-10      #dY:15.3%  
  8.20e-5         4.279012e-9     6.53996e-10      #dY:15.3%  
  8.30e-5         4.305147e-9     6.57929e-10      #dY:15.3%  
  8.40e-5         4.331133e-9     6.61817e-10      #dY:15.3%  
  8.50e-5         4.356966e-9     6.65706e-10      #dY:15.3%  
  8.60e-5         4.38263e-9      6.69569e-10      #dY:15.3%  
  8.70e-5         4.408169e-9     6.73405e-10      #dY:15.3%  
  8.80e-5         4.433548e-9     6.77203e-10      #dY:15.3%  
  8.90e-5         4.4588e-9       6.80996e-10      #dY:15.3%  
  9.00e-5         4.483903e-9     6.84757e-10      #dY:15.3%  
  9.10e-5         4.508869e-9     6.88504e-10      #dY:15.3%  
  9.20e-5         4.533686e-9     6.92239e-10      #dY:15.3%  
  9.30e-5         4.558374e-9     6.95937e-10      #dY:15.3%  
  9.40e-5         4.582939e-9     6.99622e-10      #dY:15.3%  
  9.50e-5         4.607388e-9     7.03308e-10      #dY:15.3%  
  9.60e-5         4.631695e-9     7.06935e-10      #dY:15.3%  
  9.70e-5         4.655885e-9     7.10562e-10      #dY:15.3%  
  9.80e-5         4.67994e-9      7.14172e-10      #dY:15.3%  
  9.90e-5         4.703892e-9     7.17765e-10      #dY:15.3%  
  1.00e-4         4.727702e-9     7.21331e-10      #dY:15.3%  
  1.10e-4         4.959702e-9     7.56672e-10      #dY:15.3%  
  1.20e-4         5.181495e-9     8.06923e-10      #dY:15.6%  
  1.30e-4         5.394303e-9     8.37887e-10      #dY:15.5%  
  1.40e-4         5.599182e-9     8.6775e-10       #dY:15.5%  
  1.50e-4         5.796963e-9     8.96621e-10      #dY:15.5%  
  1.60e-4         5.988298e-9     9.24584e-10      #dY:15.4%  
  1.70e-4         6.173822e-9     9.51724e-10      #dY:15.4%  
  1.80e-4         6.354029e-9     9.7809e-10       #dY:15.4%  
  1.90e-4         6.529395e-9     1.00376e-9       #dY:15.4%  
  2.00e-4         6.700252e-9     1.02877e-9       #dY:15.4%  
  2.10e-4         6.866923e-9     1.05317e-9       #dY:15.3%  
  2.20e-4         7.029754e-9     1.07701e-9       #dY:15.3%  
  2.30e-4         7.188966e-9     1.10032e-9       #dY:15.3%  
  2.40e-4         7.344801e-9     1.12312e-9       #dY:15.3%  
  2.50e-4         7.497481e-9     1.14546e-9       #dY:15.3%  
  2.60e-4         7.647175e-9     1.16735e-9       #dY:15.3%  
  2.70e-4         7.794067e-9     1.18885e-9       #dY:15.3%  
  2.80e-4         7.93831e-9      1.20992e-9       #dY:15.2%  
  2.90e-4         8.080028e-9     1.23065e-9       #dY:15.2%  
  3.00e-4         8.21937e-9      1.25099e-9       #dY:15.2%  
  3.10e-4         8.356449e-9     1.27101e-9       #dY:15.2%  
  3.20e-4         8.491367e-9     1.2907e-9        #dY:15.2%  
  3.30e-4         8.624239e-9     1.31009e-9       #dY:15.2%  
  3.40e-4         8.755132e-9     1.32918e-9       #dY:15.2%  
  3.50e-4         8.884157e-9     1.34799e-9       #dY:15.2%  
  3.60e-4         9.011403e-9     1.36651e-9       #dY:15.2%  
  3.70e-4         9.13689e-9      1.38479e-9       #dY:15.2%  
  3.80e-4         9.260759e-9     1.40282e-9       #dY:15.1%  
  3.90e-4         9.383015e-9     1.4206e-9        #dY:15.1%  
  4.00e-4         9.503727e-9     1.43816e-9       #dY:15.1%  
  4.10e-4         9.623006e-9     1.45552e-9       #dY:15.1%  
  4.20e-4         9.740842e-9     1.47262e-9       #dY:15.1%  
  4.30e-4         9.857291e-9     1.48954e-9       #dY:15.1%  
  4.40e-4         9.972485e-9     1.50626e-9       #dY:15.1%  
  4.50e-4         1.008634e-8     1.52274e-9       #dY:15.1%  
  4.60e-4         1.019899e-8     1.53908e-9       #dY:15.1%  
  4.70e-4         1.03104e-8      1.55524e-9       #dY:15.1%  
  4.80e-4         1.042079e-8     1.57123e-9       #dY:15.1%  
  4.90e-4         1.053e-8        1.58704e-9       #dY:15.1%  
  5.00e-4         1.063805e-8     1.60268e-9       #dY:15.1%  
  5.10e-4         1.074503e-8     1.61818e-9       #dY:15.1%  
  5.20e-4         1.085103e-8     1.63345e-9       #dY:15.1%  
  5.30e-4         1.095615e-8     1.64875e-9       #dY:15.0%  
  5.40e-4         1.106026e-8     1.66366e-9       #dY:15.0%  
  5.50e-4         1.116324e-8     1.67855e-9       #dY:15.0%  
  5.60e-4         1.126555e-8     1.69331e-9       #dY:15.0%  
  5.70e-4         1.136686e-8     1.7079e-9        #dY:15.0%  
  5.80e-4         1.146725e-8     1.72236e-9       #dY:15.0%  
  5.90e-4         1.156685e-8     1.7367e-9        #dY:15.0%  
  6.00e-4         1.166574e-8     1.75095e-9       #dY:15.0%  
  6.10e-4         1.176369e-8     1.76506e-9       #dY:15.0%  
  6.20e-4         1.186094e-8     1.77906e-9       #dY:15.0%  
  6.30e-4         1.195746e-8     1.79291e-9       #dY:15.0%  
  6.40e-4         1.205317e-8     1.8066e-9        #dY:15.0%  
  6.50e-4         1.214814e-8     1.82021e-9       #dY:15.0%  
  6.60e-4         1.224236e-8     1.83372e-9       #dY:15.0%  
  6.70e-4         1.233595e-8     1.84715e-9       #dY:15.0%  
  6.80e-4         1.242879e-8     1.8605e-9        #dY:15.0%  
  6.90e-4         1.252121e-8     1.87374e-9       #dY:15.0%  
  7.00e-4         1.26127e-8      1.8868e-9        #dY:15.0%  
  7.10e-4         1.270369e-8     1.89972e-9       #dY:15.0%  
  7.20e-4         1.279388e-8     1.91265e-9       #dY:14.9%  
  7.30e-4         1.288354e-8     1.92548e-9       #dY:14.9%  
  7.40e-4         1.297268e-8     1.93827e-9       #dY:14.9%  
  7.50e-4         1.306131e-8     1.95095e-9       #dY:14.9%  
  7.60e-4         1.314916e-8     1.96341e-9       #dY:14.9%  
  7.70e-4         1.323666e-8     1.97591e-9       #dY:14.9%  
  7.80e-4         1.332357e-8     1.98829e-9       #dY:14.9%  
  7.90e-4         1.340972e-8     2.00052e-9       #dY:14.9%  
  8.00e-4         1.34955e-8      2.01279e-9       #dY:14.9%  
  8.10e-4         1.358078e-8     2.02487e-9       #dY:14.9%  
  8.20e-4         1.366551e-8     2.03692e-9       #dY:14.9%  
  8.30e-4         1.374979e-8     2.04889e-9       #dY:14.9%  
  8.40e-4         1.383341e-8     2.06074e-9       #dY:14.9%  
  8.50e-4         1.391678e-8     2.07265e-9       #dY:14.9%  
  8.60e-4         1.399942e-8     2.08433e-9       #dY:14.9%  
  8.70e-4         1.408179e-8     2.09612e-9       #dY:14.9%  
  8.80e-4         1.416374e-8     2.10768e-9       #dY:14.9%  
  8.90e-4         1.424523e-8     2.11918e-9       #dY:14.9%  
  9.00e-4         1.432612e-8     2.13055e-9       #dY:14.9%  
  9.10e-4         1.440661e-8     2.142e-9         #dY:14.9%  
  9.20e-4         1.448681e-8     2.15333e-9       #dY:14.9%  
  9.30e-4         1.456638e-8     2.16464e-9       #dY:14.9%  
  9.40e-4         1.464571e-8     2.17586e-9       #dY:14.9%  
  9.50e-4         1.472451e-8     2.18694e-9       #dY:14.9%  
  9.60e-4         1.480299e-8     2.19802e-9       #dY:14.8%  
  9.70e-4         1.488109e-8     2.20901e-9       #dY:14.8%  
  9.80e-4         1.495868e-8     2.22e-9          #dY:14.8%  
  9.90e-4         1.503602e-8     2.23098e-9       #dY:14.8%  
  1.00e-3         1.511298e-8     2.24176e-9       #dY:14.8%  
  1.10e-3         1.58623e-8      2.35227e-9       #dY:14.8%  
  1.20e-3         1.65792e-8      2.50601e-9       #dY:15.1%  
  1.30e-3         1.72678e-8      2.59894e-9       #dY:15.1%  
  1.40e-3         1.793118e-8     2.68855e-9       #dY:15.0%  
  1.50e-3         1.857193e-8     2.77478e-9       #dY:14.9%  
  1.60e-3         1.919232e-8     2.85814e-9       #dY:14.9%  
  1.70e-3         1.979442e-8     2.93884e-9       #dY:14.8%  
  1.80e-3         2.037954e-8     3.01713e-9       #dY:14.8%  
  1.90e-3         2.094918e-8     3.09295e-9       #dY:14.8%  
  2.00e-3         2.150451e-8     3.16681e-9       #dY:14.7%  
  2.10e-3         2.204672e-8     3.23855e-9       #dY:14.7%  
  2.20e-3         2.257666e-8     3.30857e-9       #dY:14.7%  
  2.30e-3         2.309498e-8     3.3768e-9        #dY:14.6%  
  2.40e-3         2.360256e-8     3.4433e-9        #dY:14.6%  
  2.50e-3         2.410023e-8     3.50821e-9       #dY:14.6%  
  2.60e-3         2.458845e-8     3.57182e-9       #dY:14.5%  
  2.70e-3         2.506765e-8     3.63389e-9       #dY:14.5%  
  2.80e-3         2.553846e-8     3.6947e-9        #dY:14.5%  
  2.90e-3         2.600127e-8     3.75443e-9       #dY:14.4%  
  3.00e-3         2.645634e-8     3.81284e-9       #dY:14.4%  
  3.10e-3         2.690448e-8     3.87022e-9       #dY:14.4%  
  3.20e-3         2.734557e-8     3.92639e-9       #dY:14.4%  
  3.30e-3         2.778016e-8     3.98174e-9       #dY:14.3%  
  3.40e-3         2.820858e-8     4.03589e-9       #dY:14.3%  
  3.50e-3         2.863081e-8     4.08911e-9       #dY:14.3%  
  3.60e-3         2.904758e-8     4.14155e-9       #dY:14.3%  
  3.70e-3         2.945874e-8     4.19317e-9       #dY:14.2%  
  3.80e-3         2.986463e-8     4.24376e-9       #dY:14.2%  
  3.90e-3         3.026549e-8     4.29374e-9       #dY:14.2%  
  4.00e-3         3.066133e-8     4.34281e-9       #dY:14.2%  
  4.10e-3         3.105261e-8     4.39128e-9       #dY:14.1%  
  4.20e-3         3.143941e-8     4.439e-9         #dY:14.1%  
  4.30e-3         3.182165e-8     4.48601e-9       #dY:14.1%  
  4.40e-3         3.219989e-8     4.53247e-9       #dY:14.1%  
  4.50e-3         3.257392e-8     4.57827e-9       #dY:14.1%  
  4.60e-3         3.294406e-8     4.62339e-9       #dY:14.0%  
  4.70e-3         3.331049e-8     4.66787e-9       #dY:14.0%  
  4.80e-3         3.367309e-8     4.71175e-9       #dY:14.0%  
  4.90e-3         3.403219e-8     4.75514e-9       #dY:14.0%  
  5.00e-3         3.438788e-8     4.79794e-9       #dY:14.0%  
  5.10e-3         3.474017e-8     4.84019e-9       #dY:13.9%  
  5.20e-3         3.508904e-8     4.88196e-9       #dY:13.9%  
  5.30e-3         3.543498e-8     4.92337e-9       #dY:13.9%  
  5.40e-3         3.577774e-8     4.96418e-9       #dY:13.9%  
  5.50e-3         3.611755e-8     5.00455e-9       #dY:13.9%  
  5.60e-3         3.645441e-8     5.04446e-9       #dY:13.8%  
  5.70e-3         3.678828e-8     5.08388e-9       #dY:13.8%  
  5.80e-3         3.71196e-8      5.12276e-9       #dY:13.8%  
  5.90e-3         3.744817e-8     5.16133e-9       #dY:13.8%  
  6.00e-3         3.777406e-8     5.19951e-9       #dY:13.8%  
  6.10e-3         3.809746e-8     5.23712e-9       #dY:13.7%  
  6.20e-3         3.841819e-8     5.27456e-9       #dY:13.7%  
  6.30e-3         3.873667e-8     5.31147e-9       #dY:13.7%  
  6.40e-3         3.905258e-8     5.34794e-9       #dY:13.7%  
  6.50e-3         3.936641e-8     5.38426e-9       #dY:13.7%  
  6.60e-3         3.967788e-8     5.42011e-9       #dY:13.7%  
  6.70e-3         3.998725e-8     5.45564e-9       #dY:13.6%  
  6.80e-3         4.029422e-8     5.49073e-9       #dY:13.6%  
  6.90e-3         4.059921e-8     5.52561e-9       #dY:13.6%  
  7.00e-3         4.090191e-8     5.56004e-9       #dY:13.6%  
  7.10e-3         4.120284e-8     5.59424e-9       #dY:13.6%  
  7.20e-3         4.150176e-8     5.6281e-9        #dY:13.6%  
  7.30e-3         4.179852e-8     5.66159e-9       #dY:13.5%  
  7.40e-3         4.20935e-8      5.69469e-9       #dY:13.5%  
  7.50e-3         4.23865e-8      5.72768e-9       #dY:13.5%  
  7.60e-3         4.267778e-8     5.7604e-9        #dY:13.5%  
  7.70e-3         4.296716e-8     5.79273e-9       #dY:13.5%  
  7.80e-3         4.325496e-8     5.82478e-9       #dY:13.5%  
  7.90e-3         4.354101e-8     5.85656e-9       #dY:13.5%  
  8.00e-3         4.382509e-8     5.8879e-9        #dY:13.4%  
  8.10e-3         4.410763e-8     5.9191e-9        #dY:13.4%  
  8.20e-3         4.438867e-8     5.95014e-9       #dY:13.4%  
  8.30e-3         4.466807e-8     5.981e-9         #dY:13.4%  
  8.40e-3         4.494581e-8     6.01139e-9       #dY:13.4%  
  8.50e-3         4.522199e-8     6.04163e-9       #dY:13.4%  
  8.60e-3         4.549666e-8     6.07172e-9       #dY:13.3%  
  8.70e-3         4.57699e-8      6.1014e-9        #dY:13.3%  
  8.80e-3         4.604161e-8     6.13095e-9       #dY:13.3%  
  8.90e-3         4.631187e-8     6.16018e-9       #dY:13.3%  
  9.00e-3         4.658071e-8     6.18938e-9       #dY:13.3%  
  9.10e-3         4.684825e-8     6.21823e-9       #dY:13.3%  
  9.20e-3         4.711425e-8     6.24682e-9       #dY:13.3%  
  9.30e-3         4.737897e-8     6.27523e-9       #dY:13.2%  
  9.40e-3         4.764238e-8     6.3034e-9        #dY:13.2%  
  9.50e-3         4.790444e-8     6.33133e-9       #dY:13.2%  
  9.60e-3         4.81652e-8      6.35913e-9       #dY:13.2%  
  9.70e-3         4.842464e-8     6.38666e-9       #dY:13.2%  
  9.80e-3         4.868286e-8     6.41403e-9       #dY:13.2%  
  9.90e-3         4.893995e-8     6.44107e-9       #dY:13.2%  
  0.01            4.919571e-8     6.46801e-9       #dY:13.1%  
  0.011           5.169071e-8     6.78912e-9       #dY:13.1%  
  0.012           5.408154e-8     7.18773e-9       #dY:13.3%  
  0.013           5.638075e-8     7.40529e-9       #dY:13.1%  
  0.014           5.859836e-8     7.61049e-9       #dY:13.0%  
  0.015           6.074321e-8     7.80451e-9       #dY:12.8%  
  0.016           6.282196e-8     7.98813e-9       #dY:12.7%  
  0.017           6.484057e-8     8.16251e-9       #dY:12.6%  
  0.018           6.680444e-8     8.32815e-9       #dY:12.5%  
  0.019           6.871742e-8     8.48593e-9       #dY:12.3%  
  0.02            7.058391e-8     8.63618e-9       #dY:12.2%  
  0.021           7.240705e-8     8.78031e-9       #dY:12.1%  
  0.022           7.419e-8        8.91797e-9       #dY:12.0%  
  0.023           7.593526e-8     9.04975e-9       #dY:11.9%  
  0.024           7.764502e-8     9.17632e-9       #dY:11.8%  
  0.025           7.932164e-8     9.29821e-9       #dY:11.7%  
  0.026           8.096703e-8     9.41532e-9       #dY:11.6%  
  0.027           8.258292e-8     9.52843e-9       #dY:11.5%  
  0.028           8.417099e-8     9.63733e-9       #dY:11.4%  
  0.029           8.573283e-8     9.74187e-9       #dY:11.4%  
  0.03            8.726952e-8     9.84281e-9       #dY:11.3%  
  0.031           8.878213e-8     9.94007e-9       #dY:11.2%  
  0.032           9.027203e-8     1.00335e-8       #dY:11.1%  
  0.033           9.174007e-8     1.01234e-8       #dY:11.0%  
  0.034           9.318745e-8     1.02109e-8       #dY:11.0%  
  0.035           9.4615e-8       1.02952e-8       #dY:10.9%  
  0.036           9.602369e-8     1.0377e-8        #dY:10.8%  
  0.037           9.741347e-8     1.04559e-8       #dY:10.7%  
  0.038           9.878663e-8     1.05326e-8       #dY:10.7%  
  0.039           1.00142e-7      1.06062e-8       #dY:10.6%  
  0.04            1.014816e-7     1.0678e-8        #dY:10.5%  
  0.041           1.028051e-7     1.07476e-8       #dY:10.5%  
  0.042           1.041136e-7     1.08143e-8       #dY:10.4%  
  0.043           1.054069e-7     1.08794e-8       #dY:10.3%  
  0.044           1.066867e-7     1.09426e-8       #dY:10.3%  
  0.045           1.079515e-7     1.10038e-8       #dY:10.2%  
  0.046           1.092037e-7     1.10638e-8       #dY:10.1%  
  0.047           1.104432e-7     1.11219e-8       #dY:10.1%  
  0.048           1.116706e-7     1.11794e-8       #dY:10.0%  
  0.049           1.128846e-7     1.12332e-8       #dY:10.0%  
  0.05            1.140875e-7     1.12866e-8       #dY:9.9%   
  0.051           1.152796e-7     1.1339e-8        #dY:9.8%   
  0.052           1.164591e-7     1.13904e-8       #dY:9.8%   
  0.053           1.176279e-7     1.14409e-8       #dY:9.7%   
  0.054           1.187871e-7     1.14894e-8       #dY:9.7%   
  0.055           1.199351e-7     1.1537e-8        #dY:9.6%   
  0.056           1.210742e-7     1.15831e-8       #dY:9.6%   
  0.057           1.222025e-7     1.16282e-8       #dY:9.5%   
  0.058           1.233226e-7     1.16718e-8       #dY:9.5%   
  0.059           1.244304e-7     1.17148e-8       #dY:9.4%   
  0.06            1.255316e-7     1.17571e-8       #dY:9.4%   
  0.061           1.266235e-7     1.17977e-8       #dY:9.3%   
  0.062           1.27704e-7      1.18375e-8       #dY:9.3%   
  0.063           1.287774e-7     1.1877e-8        #dY:9.2%   
  0.064           1.298442e-7     1.19161e-8       #dY:9.2%   
  0.065           1.309013e-7     1.19537e-8       #dY:9.1%   
  0.066           1.319504e-7     1.19913e-8       #dY:9.1%   
  0.067           1.329922e-7     1.20274e-8       #dY:9.0%   
  0.068           1.340281e-7     1.20635e-8       #dY:9.0%   
  0.069           1.35054e-7      1.20987e-8       #dY:9.0%   
  0.07            1.360719e-7     1.21315e-8       #dY:8.9%   
  0.071           1.370832e-7     1.21655e-8       #dY:8.9%   
  0.072           1.380891e-7     1.21983e-8       #dY:8.8%   
  0.073           1.390878e-7     1.223e-8         #dY:8.8%   
  0.074           1.400787e-7     1.22616e-8       #dY:8.8%   
  0.075           1.410627e-7     1.22928e-8       #dY:8.7%   
  0.076           1.420406e-7     1.23233e-8       #dY:8.7%   
  0.077           1.430123e-7     1.23532e-8       #dY:8.6%   
  0.078           1.439773e-7     1.2383e-8        #dY:8.6%   
  0.079           1.449363e-7     1.24124e-8       #dY:8.6%   
  0.08            1.458882e-7     1.24409e-8       #dY:8.5%   
  0.081           1.46835e-7      1.2469e-8        #dY:8.5%   
  0.082           1.477767e-7     1.24972e-8       #dY:8.5%   
  0.083           1.487125e-7     1.2524e-8        #dY:8.4%   
  0.084           1.496428e-7     1.25519e-8       #dY:8.4%   
  0.085           1.505661e-7     1.25782e-8       #dY:8.4%   
  0.086           1.514857e-7     1.26055e-8       #dY:8.3%   
  0.087           1.524e-7        1.26307e-8       #dY:8.3%   
  0.088           1.533063e-7     1.26562e-8       #dY:8.3%   
  0.089           1.542101e-7     1.2682e-8        #dY:8.2%   
  0.09            1.551066e-7     1.27067e-8       #dY:8.2%   
  0.091           1.560005e-7     1.27314e-8       #dY:8.2%   
  0.092           1.568892e-7     1.27555e-8       #dY:8.1%   
  0.093           1.577721e-7     1.27782e-8       #dY:8.1%   
  0.094           1.586498e-7     1.28009e-8       #dY:8.1%   
  0.095           1.595238e-7     1.28232e-8       #dY:8.0%   
  0.096           1.603933e-7     1.28459e-8       #dY:8.0%   
  0.097           1.612553e-7     1.28676e-8       #dY:8.0%   
  0.098           1.621149e-7     1.28895e-8       #dY:8.0%   
  0.099           1.629694e-7     1.29108e-8       #dY:7.9%   
  0.1             1.638194e-7     1.29326e-8       #dY:7.9%   
  0.11            1.720884e-7     1.35383e-8       #dY:7.9%   
  0.12            1.799648e-7     1.39882e-8       #dY:7.8%   
  0.13            1.875045e-7     1.41015e-8       #dY:7.5%   
  0.14            1.94733e-7      1.41961e-8       #dY:7.3%   
  0.15            2.016769e-7     1.42812e-8       #dY:7.1%   
  0.16            2.083626e-7     1.4369e-8        #dY:6.9%   
  0.17            2.148053e-7     1.44491e-8       #dY:6.7%   
  0.18            2.210237e-7     1.45149e-8       #dY:6.6%   
  0.19            2.270388e-7     1.45924e-8       #dY:6.4%   
  0.2             2.328681e-7     1.46708e-8       #dY:6.3%   
  0.21            2.376902e-7     1.47e-8          #dY:6.2%   
  0.22            2.423543e-7     1.46456e-8       #dY:6.0%   
  0.23            2.468685e-7     1.46058e-8       #dY:5.9%   
  0.24            2.512455e-7     1.45707e-8       #dY:5.8%   
  0.25            2.554994e-7     1.45513e-8       #dY:5.7%   
  0.26            2.596389e-7     1.45388e-8       #dY:5.6%   
  0.27            2.636605e-7     1.45167e-8       #dY:5.5%   
  0.28            2.675638e-7     1.45041e-8       #dY:5.4%   
  0.29            2.713614e-7     1.45157e-8       #dY:5.3%   
  0.3             2.750591e-7     1.45496e-8       #dY:5.3%   
  0.31            2.778826e-7     1.45652e-8       #dY:5.2%   
  0.32            2.806258e-7     1.44752e-8       #dY:5.2%   
  0.33            2.832901e-7     1.44169e-8       #dY:5.1%   
  0.34            2.858653e-7     1.4374e-8        #dY:5.0%   
  0.35            2.883543e-7     1.4356e-8        #dY:5.0%   
  0.36            2.907689e-7     1.43572e-8       #dY:4.9%   
  0.37            2.931199e-7     1.43755e-8       #dY:4.9%   
  0.38            2.953791e-7     1.44161e-8       #dY:4.9%   
  0.39            2.975617e-7     1.44761e-8       #dY:4.9%   
  0.4             2.996741e-7     1.45536e-8       #dY:4.9%   
  0.41            3.012516e-7     1.46192e-8       #dY:4.9%   
  0.42            3.027774e-7     1.45993e-8       #dY:4.8%   
  0.43            3.042766e-7     1.46005e-8       #dY:4.8%   
  0.44            3.057262e-7     1.46282e-8       #dY:4.8%   
  0.45            3.071004e-7     1.46757e-8       #dY:4.8%   
  0.46            3.084257e-7     1.47233e-8       #dY:4.8%   
  0.47            3.096886e-7     1.4779e-8        #dY:4.8%   
  0.48            3.108897e-7     1.48327e-8       #dY:4.8%   
  0.49            3.12056e-7      1.48761e-8       #dY:4.8%   
  0.5             3.131754e-7     1.4921e-8        #dY:4.8%   
  0.51            3.140266e-7     1.49531e-8       #dY:4.8%   
  0.52            3.148333e-7     1.49221e-8       #dY:4.7%   
  0.53            3.155984e-7     1.48851e-8       #dY:4.7%   
  0.54            3.163159e-7     1.48333e-8       #dY:4.7%   
  0.55            3.169982e-7     1.4764e-8        #dY:4.7%   
  0.56            3.176373e-7     1.46852e-8       #dY:4.6%   
  0.57            3.182262e-7     1.45959e-8       #dY:4.6%   
  0.58            3.18771e-7      1.44856e-8       #dY:4.5%   
  0.59            3.192944e-7     1.4361e-8        #dY:4.5%   
  0.6             3.197712e-7     1.42494e-8       #dY:4.5%   
  0.61            3.201515e-7     1.41193e-8       #dY:4.4%   
  0.62            3.205092e-7     1.39438e-8       #dY:4.4%   
  0.63            3.208623e-7     1.37625e-8       #dY:4.3%   
  0.64            3.211881e-7     1.36085e-8       #dY:4.2%   
  0.65            3.214905e-7     1.34598e-8       #dY:4.2%   
  0.66            3.217608e-7     1.33119e-8       #dY:4.1%   
  0.67            3.220053e-7     1.31548e-8       #dY:4.1%   
  0.68            3.222114e-7     1.29975e-8       #dY:4.0%   
  0.69            3.223939e-7     1.28286e-8       #dY:4.0%   
  0.7             3.225374e-7     1.2649e-8        #dY:3.9%   
  0.71            3.226621e-7     1.24589e-8       #dY:3.9%   
  0.72            3.227692e-7     1.22541e-8       #dY:3.8%   
  0.73            3.228519e-7     1.20602e-8       #dY:3.7%   
  0.74            3.229396e-7     1.18743e-8       #dY:3.7%   
  0.75            3.230273e-7     1.1705e-8        #dY:3.6%   
  0.76            3.230976e-7     1.15577e-8       #dY:3.6%   
  0.77            3.231457e-7     1.1429e-8        #dY:3.5%   
  0.78            3.231782e-7     1.1302e-8        #dY:3.5%   
  0.79            3.231853e-7     1.11802e-8       #dY:3.5%   
  0.8             3.231851e-7     1.10611e-8       #dY:3.4%   
  0.81            3.232016e-7     1.09507e-8       #dY:3.4%   
  0.82            3.231979e-7     1.08355e-8       #dY:3.4%   
  0.83            3.231704e-7     1.07233e-8       #dY:3.3%   
  0.84            3.23125e-7      1.06125e-8       #dY:3.3%   
  0.85            3.230582e-7     1.05046e-8       #dY:3.3%   
  0.86            3.229721e-7     1.04006e-8       #dY:3.2%   
  0.87            3.228707e-7     1.03012e-8       #dY:3.2%   
  0.88            3.227525e-7     1.02062e-8       #dY:3.2%   
  0.89            3.226155e-7     1.01156e-8       #dY:3.1%   
  0.9             3.224742e-7     1.00301e-8       #dY:3.1%   
  0.91            3.223185e-7     9.95473e-9       #dY:3.1%   
  0.92            3.221516e-7     9.8682e-9        #dY:3.1%   
  0.93            3.219824e-7     9.78338e-9       #dY:3.0%   
  0.94            3.218055e-7     9.70245e-9       #dY:3.0%   
  0.95            3.216262e-7     9.62393e-9       #dY:3.0%   
  0.96            3.214338e-7     9.54187e-9       #dY:3.0%   
  0.97            3.21223e-7      9.45962e-9       #dY:2.9%   
  0.98            3.209932e-7     9.38082e-9       #dY:2.9%   
  0.99            3.207581e-7     9.30437e-9       #dY:2.9%   
  1               3.205053e-7     9.23194e-9       #dY:2.9%   
  1.1             3.170049e-7     9.06833e-9       #dY:2.9%   
  1.2             3.118398e-7     8.14689e-9       #dY:2.6%   
  1.3             3.049997e-7     7.25174e-9       #dY:2.4%   
  1.4             2.966445e-7     6.51422e-9       #dY:2.2%   
  1.5             2.871048e-7     6.12874e-9       #dY:2.1%   
  1.6             2.76656e-7      6.12502e-9       #dY:2.2%   
  1.7             2.657756e-7     6.36601e-9       #dY:2.4%   
  1.8             2.54598e-7      6.65357e-9       #dY:2.6%   
  1.9             2.433438e-7     6.91085e-9       #dY:2.8%   
  2               2.321834e-7     7.03117e-9       #dY:3.0%   
  2.1             2.212834e-7     7.01304e-9       #dY:3.2%   
  2.2             2.106704e-7     6.85624e-9       #dY:3.3%   
  2.3             2.004639e-7     6.61995e-9       #dY:3.3%   
  2.4             1.906807e-7     6.33188e-9       #dY:3.3%   
  2.5             1.812724e-7     6.03546e-9       #dY:3.3%   
  2.6             1.722695e-7     5.7452e-9        #dY:3.3%   
  2.7             1.636506e-7     5.47501e-9       #dY:3.3%   
  2.8             1.554064e-7     5.18865e-9       #dY:3.3%   
  2.9             1.475269e-7     4.85988e-9       #dY:3.3%   
  3               1.400021e-7     4.50867e-9       #dY:3.2%   
  3.1             1.328448e-7     4.15664e-9       #dY:3.1%   
  3.2             1.260215e-7     3.82576e-9       #dY:3.0%   
  3.3             1.195451e-7     3.55487e-9       #dY:3.0%   
  3.4             1.133839e-7     3.32178e-9       #dY:2.9%   
  3.5             1.075316e-7     3.1314e-9        #dY:2.9%   
  3.6             1.019589e-7     2.97062e-9       #dY:2.9%   
  3.7             9.663001e-8     2.8244e-9        #dY:2.9%   
  3.8             9.155832e-8     2.69348e-9       #dY:2.9%   
  3.9             8.671219e-8     2.57046e-9       #dY:3.0%   
  4               8.21051e-8      2.45943e-9       #dY:3.0%   
  4.1             7.77248e-8      2.36107e-9       #dY:3.0%   
  4.2             7.356848e-8     2.26599e-9       #dY:3.1%   
  4.3             6.96328e-8      2.18195e-9       #dY:3.1%   
  4.4             6.591918e-8     2.10503e-9       #dY:3.2%   
  4.5             6.240735e-8     2.02919e-9       #dY:3.3%   
  4.6             5.909123e-8     1.95938e-9       #dY:3.3%   
  4.7             5.595319e-8     1.89238e-9       #dY:3.4%   
  4.8             5.298792e-8     1.82969e-9       #dY:3.5%   
  4.9             5.018051e-8     1.76722e-9       #dY:3.5%   
  5               4.75254e-8      1.7062e-9        #dY:3.6%   
  5.1             4.501386e-8     1.64876e-9       #dY:3.7%   
  5.2             4.263877e-8     1.59191e-9       #dY:3.7%   
  5.3             4.039293e-8     1.53453e-9       #dY:3.8%   
  5.4             3.826816e-8     1.48105e-9       #dY:3.9%   
  5.5             3.625827e-8     1.42891e-9       #dY:3.9%   
  5.6             3.435764e-8     1.37732e-9       #dY:4.0%   
  5.7             3.255982e-8     1.33022e-9       #dY:4.1%   
  5.8             3.08558e-8      1.2861e-9        #dY:4.2%   
  5.9             2.924342e-8     1.24551e-9       #dY:4.3%   
  6               2.771636e-8     1.21178e-9       #dY:4.4%   
  6.1             2.626831e-8     1.18438e-9       #dY:4.5%   
  6.2             2.489678e-8     1.15997e-9       #dY:4.7%   
  6.3             2.359862e-8     1.13744e-9       #dY:4.8%   
  6.4             2.236648e-8     1.11817e-9       #dY:5.0%   
  6.5             2.119962e-8     1.10563e-9       #dY:5.2%   
  6.6             2.009379e-8     1.10493e-9       #dY:5.5%   
  6.7             1.905078e-8     1.10939e-9       #dY:5.8%   
  6.8             1.806631e-8     1.1021e-9        #dY:6.1%   
  6.9             1.713884e-8     1.07796e-9       #dY:6.3%   
  7               1.626228e-8     1.04479e-9       #dY:6.4%   
  7.1             1.543204e-8     1.01333e-9       #dY:6.6%   
  7.2             1.464529e-8     9.90524e-10      #dY:6.8%   
  7.3             1.390181e-8     9.78351e-10      #dY:7.0%   
  7.4             1.320212e-8     9.74776e-10      #dY:7.4%   
  7.5             1.254367e-8     9.83479e-10      #dY:7.8%   
  7.6             1.192259e-8     1.01197e-9       #dY:8.5%   
  7.7             1.133728e-8     1.0637e-9        #dY:9.4%   
  7.8             1.078887e-8     1.15673e-9       #dY:10.7%  
  7.9             1.027172e-8     1.27804e-9       #dY:12.4%  
  8               9.771503e-9     1.40114e-9       #dY:14.3%  
  8.1             9.2892e-9       1.59325e-9       #dY:17.2%  
  8.2             8.875537e-9     1.63601e-9       #dY:18.4%  
  8.3             8.475063e-9     1.67766e-9       #dY:19.8%  
  8.4             8.110157e-9     1.61469e-9       #dY:19.9%  
  8.5             7.863238e-9     1.43016e-9       #dY:18.2%  
  8.6             7.593779e-9     1.21227e-9       #dY:16.0%  
  8.7             7.343426e-9     9.84973e-10      #dY:13.4%  
  8.8             7.147649e-9     7.60514e-10      #dY:10.6%  
  8.9             6.790474e-9     5.50398e-10      #dY:8.1%   
  9               6.516267e-9     4.31475e-10      #dY:6.6%   
  9.1             5.793162e-9     3.57145e-10      #dY:6.2%   
  9.2             5.113345e-9     3.21243e-10      #dY:6.3%   
  9.3             4.43832e-9      3.01118e-10      #dY:6.8%   
  9.4             3.86711e-9      2.87264e-10      #dY:7.4%   
  9.5             3.397425e-9     2.78523e-10      #dY:8.2%   
  9.6             2.951833e-9     2.65485e-10      #dY:9.0%   
  9.7             2.560734e-9     2.52747e-10      #dY:9.9%   
  9.8             2.255122e-9     2.45816e-10      #dY:10.9%  
  9.9             2.030535e-9     2.42936e-10      #dY:12.0%  
  10              1.86278e-9      2.40144e-10      #dY:12.9%  
  10.2            1.611413e-9     2.1922e-10       #dY:13.6%  
  10.4            1.409316e-9     1.97514e-10      #dY:14.0%  
  10.6            1.234941e-9     1.82959e-10      #dY:14.8%  
  10.8            1.082564e-9     1.6843e-10       #dY:15.6%  
  11              9.48959e-10     1.54824e-10      #dY:16.3%  
  11.2            8.31951e-10     1.42324e-10      #dY:17.1%  
  11.4            7.29398e-10     1.30716e-10      #dY:17.9%  
  11.6            6.39458e-10     1.20053e-10      #dY:18.8%  
  11.8            5.60602e-10     1.10134e-10      #dY:19.6%  
  12              4.91487e-10     1.00994e-10      #dY:20.5%  
  12.2            4.30871e-10     9.25301e-11      #dY:21.5%  
  12.4            3.77705e-10     8.46843e-11      #dY:22.4%  
  12.6            3.3108e-10      7.7431e-11       #dY:23.4%  
  12.8            2.90192e-10     7.07158e-11      #dY:24.4%  
  13              2.54314e-10     6.45041e-11      #dY:25.4%  
  13.2            2.22857e-10     5.87481e-11      #dY:26.4%  
  13.4            1.95262e-10     5.34391e-11      #dY:27.4%  
  13.6            1.71069e-10     4.85323e-11      #dY:28.4%  
  13.8            1.49865e-10     4.40271e-11      #dY:29.4%  
  14              1.31282e-10     3.99004e-11      #dY:30.4%  
  14.2            1.14989e-10     3.61231e-11      #dY:31.4%  
  14.4            1.0071e-10      3.26659e-11      #dY:32.4%  
  14.6            8.81955e-11     2.95099e-11      #dY:33.5%  
  14.8            7.72244e-11     2.66281e-11      #dY:34.5%  
  15              6.76149e-11     2.40007e-11      #dY:35.5%  
  15.2            5.91995e-11     2.16175e-11      #dY:36.5%  
  15.4            5.18298e-11     1.94567e-11      #dY:37.5%  
  15.6            4.53755e-11     1.75032e-11      #dY:38.6%  
  15.8            3.97241e-11     1.57342e-11      #dY:39.6%  
  16              3.47747e-11     1.41361e-11      #dY:40.7%  
  16.2            3.04407e-11     1.26925e-11      #dY:41.7%  
  16.4            2.66463e-11     1.13894e-11      #dY:42.7%  
  16.6            2.33252e-11     1.0216e-11       #dY:43.8%  
  16.8            2.04182e-11     9.1601e-12       #dY:44.9%  
  17              1.78734e-11     8.21044e-12      #dY:45.9%  
  17.2            1.56459e-11     7.35662e-12      #dY:47.0%  
  17.4            1.36963e-11     6.58984e-12      #dY:48.1%  
  17.6            1.19895e-11     5.90099e-12      #dY:49.2%  
  17.8            1.04962e-11     5.28267e-12      #dY:50.3%  
  18              9.18949e-12     4.72811e-12      #dY:51.5%  
  18.2            8.04593e-12     4.23067e-12      #dY:52.6%  
  18.4            7.04522e-12     3.78481e-12      #dY:53.7%  
  18.6            6.16963e-12     3.38534e-12      #dY:54.9%  
  18.8            5.40312e-12     3.02742e-12      #dY:56.0%  
  19              4.73242e-12     2.70693e-12      #dY:57.2%  
  19.2            4.14557e-12     2.42005e-12      #dY:58.4%  
  19.4            3.63186e-12     2.16322e-12      #dY:59.6%  
  19.6            3.18224e-12     1.93331e-12      #dY:60.8%  
  19.8            2.78887e-12     1.72776e-12      #dY:62.0%  
  20              2.44441e-12     1.54387e-12      #dY:63.2%  
  20.2            2.14283e-12     1.37936e-12      #dY:64.4%  
  20.4            1.87878e-12     1.23232e-12      #dY:65.6%  
  20.6            1.64745e-12     1.10081e-12      #dY:66.8%  
  20.8            1.44482e-12     9.83212e-13      #dY:68.1%  
  21              1.26736e-12     8.78181e-13      #dY:69.3%  
  21.2            1.11187e-12     7.84318e-13      #dY:70.5%  
  21.4            9.75619e-13     7.00429e-13      #dY:71.8%  
  21.6            8.56192e-13     6.25477e-13      #dY:73.1%  
  21.8            7.5145e-13      5.58493e-13      #dY:74.3%  
  22              6.59609e-13     4.98642e-13      #dY:75.6%  
  22.2            5.79076e-13     4.45194e-13      #dY:76.9%  
  22.4            5.08433e-13     3.97452e-13      #dY:78.2%  
  22.6            4.46468e-13     3.54815e-13      #dY:79.5%  
  22.8            3.92095e-13     3.16733e-13      #dY:80.8%  
  23              3.44371e-13     2.82713e-13      #dY:82.1%  
  23.2            3.02481e-13     2.52333e-13      #dY:83.4%  
  23.4            2.65707e-13     2.25204e-13      #dY:84.8%  
  23.6            2.33427e-13     2.00982e-13      #dY:86.1%  
  23.8            2.05085e-13     1.79357e-13      #dY:87.5%  
  24              1.80202e-13     1.60052e-13      #dY:88.8%  
  24.2            1.58349e-13     1.42817e-13      #dY:90.2%  
  24.4            1.39158e-13     1.27429e-13      #dY:91.6%  
  24.6            1.22303e-13     1.13692e-13      #dY:93.0%  
  24.8            1.075e-13       1.01435e-13      #dY:94.4%  
  25              9.44935e-14     9.04906e-14      #dY:95.8%  
  25.2            8.30646e-14     8.07207e-14      #dY:97.2%  
  25.4            7.30213e-14     7.19984e-14      #dY:98.6%  
  25.6            6.41958e-14     6.42165e-14      #dY:100.0% 
  25.8            5.6438e-14      5.72726e-14      #dY:101.5% 
  26              4.96195e-14     5.10732e-14      #dY:102.9% 
  26.2            4.36262e-14     4.5542e-14       #dY:104.4% 
  26.4            3.83581e-14     4.06072e-14      #dY:105.9% 
  26.6            3.37269e-14     3.62034e-14      #dY:107.3% 
  26.8            2.96554e-14     3.22749e-14      #dY:108.8% 
  27              2.60761e-14     2.87697e-14      #dY:110.3% 
  27.2            2.29295e-14     2.56432e-14      #dY:111.8% 
  27.4            2.01628e-14     2.28544e-14      #dY:113.3% 
  27.6            1.77298e-14     2.03662e-14      #dY:114.9% 
  27.8            1.55909e-14     1.81472e-14      #dY:116.4% 
  28              1.37104e-14     1.61696e-14      #dY:117.9% 
  28.2            1.20565e-14     1.44063e-14      #dY:119.5% 
  28.4            1.06021e-14     1.28339e-14      #dY:121.1% 
  28.6            9.32331e-15     1.14326e-14      #dY:122.6% 
  28.8            8.19848e-15     1.01832e-14      #dY:124.2% 
  29              7.20924e-15     9.06935e-15      #dY:125.8% 
  29.2            6.33928e-15     8.07669e-15      #dY:127.4% 
  29.4            5.57405e-15     7.19182e-15      #dY:129.0% 
  29.6            4.90113e-15     6.40308e-15      #dY:130.6% 
  29.8            4.30926e-15     5.70033e-15      #dY:132.3% 
  30              0.00            0.00                        
//
#-------------------------------------------------------------------------------
#
#name:   INDEN-Aug2023: PU-239(N,F) E_in=17.5 MeV
#X.axis: Energy
#Y.axis: 
#wdata:  3
#ldata:  642
#data...
# X               Y               +-dY           
# MeV             1/eV            1/eV           
  0.00            0.00            0.00                        
  1.00e-5         1.44352e-9      4.57127e-11      #dY:3.2%   
  1.10e-5         1.514087e-9     4.79473e-11      #dY:3.2%   
  1.20e-5         1.581525e-9     2.56331e-10      #dY:16.2%  
  1.30e-5         1.646208e-9     2.66233e-10      #dY:16.2%  
  1.40e-5         1.708471e-9     2.75799e-10      #dY:16.1%  
  1.50e-5         1.768562e-9     2.85027e-10      #dY:16.1%  
  1.60e-5         1.826659e-9     2.93982e-10      #dY:16.1%  
  1.70e-5         1.882989e-9     3.02671e-10      #dY:16.1%  
  1.80e-5         1.937717e-9     3.11123e-10      #dY:16.1%  
  1.90e-5         1.990921e-9     3.19352e-10      #dY:16.0%  
  2.00e-5         2.042753e-9     3.2737e-10       #dY:16.0%  
  2.10e-5         2.093324e-9     3.35203e-10      #dY:16.0%  
  2.20e-5         2.142698e-9     3.42843e-10      #dY:16.0%  
  2.30e-5         2.190979e-9     3.50334e-10      #dY:16.0%  
  2.40e-5         2.238199e-9     3.57666e-10      #dY:16.0%  
  2.50e-5         2.284482e-9     3.64839e-10      #dY:16.0%  
  2.60e-5         2.329834e-9     3.71879e-10      #dY:16.0%  
  2.70e-5         2.374332e-9     3.78784e-10      #dY:16.0%  
  2.80e-5         2.418007e-9     3.85569e-10      #dY:15.9%  
  2.90e-5         2.460919e-9     3.92236e-10      #dY:15.9%  
  3.00e-5         2.50312e-9      3.98793e-10      #dY:15.9%  
  3.10e-5         2.544605e-9     4.05235e-10      #dY:15.9%  
  3.20e-5         2.585426e-9     4.11589e-10      #dY:15.9%  
  3.30e-5         2.625631e-9     4.17829e-10      #dY:15.9%  
  3.40e-5         2.665229e-9     4.23986e-10      #dY:15.9%  
  3.50e-5         2.70426e-9      4.30061e-10      #dY:15.9%  
  3.60e-5         2.74272e-9      4.36037e-10      #dY:15.9%  
  3.70e-5         2.780665e-9     4.41936e-10      #dY:15.9%  
  3.80e-5         2.818107e-9     4.4775e-10       #dY:15.9%  
  3.90e-5         2.85507e-9      4.53508e-10      #dY:15.9%  
  4.00e-5         2.891549e-9     4.59178e-10      #dY:15.9%  
  4.10e-5         2.927581e-9     4.64768e-10      #dY:15.9%  
  4.20e-5         2.963189e-9     4.70317e-10      #dY:15.9%  
  4.30e-5         2.998369e-9     4.75785e-10      #dY:15.9%  
  4.40e-5         3.033146e-9     4.81189e-10      #dY:15.9%  
  4.50e-5         3.06753e-9      4.86542e-10      #dY:15.9%  
  4.60e-5         3.10155e-9      4.91827e-10      #dY:15.9%  
  4.70e-5         3.135187e-9     4.97056e-10      #dY:15.9%  
  4.80e-5         3.168486e-9     5.02242e-10      #dY:15.9%  
  4.90e-5         3.201432e-9     5.07349e-10      #dY:15.8%  
  5.00e-5         3.234054e-9     5.12417e-10      #dY:15.8%  
  5.10e-5         3.26635e-9      5.17446e-10      #dY:15.8%  
  5.20e-5         3.298323e-9     5.22423e-10      #dY:15.8%  
  5.30e-5         3.330005e-9     5.27346e-10      #dY:15.8%  
  5.40e-5         3.36139e-9      5.32225e-10      #dY:15.8%  
  5.50e-5         3.392473e-9     5.37057e-10      #dY:15.8%  
  5.60e-5         3.423291e-9     5.4185e-10       #dY:15.8%  
  5.70e-5         3.453829e-9     5.46597e-10      #dY:15.8%  
  5.80e-5         3.484111e-9     5.51288e-10      #dY:15.8%  
  5.90e-5         3.514134e-9     5.55956e-10      #dY:15.8%  
  6.00e-5         3.543888e-9     5.60588e-10      #dY:15.8%  
  6.10e-5         3.573436e-9     5.65174e-10      #dY:15.8%  
  6.20e-5         3.6027e-9       5.69719e-10      #dY:15.8%  
  6.30e-5         3.631759e-9     5.74234e-10      #dY:15.8%  
  6.40e-5         3.660585e-9     5.78713e-10      #dY:15.8%  
  6.50e-5         3.689174e-9     5.83153e-10      #dY:15.8%  
  6.60e-5         3.717569e-9     5.87563e-10      #dY:15.8%  
  6.70e-5         3.745735e-9     5.91937e-10      #dY:15.8%  
  6.80e-5         3.773692e-9     5.96276e-10      #dY:15.8%  
  6.90e-5         3.801466e-9     6.00597e-10      #dY:15.8%  
  7.00e-5         3.829021e-9     6.04862e-10      #dY:15.8%  
  7.10e-5         3.856383e-9     6.09106e-10      #dY:15.8%  
  7.20e-5         3.883568e-9     6.13333e-10      #dY:15.8%  
  7.30e-5         3.910557e-9     6.17521e-10      #dY:15.8%  
  7.40e-5         3.937353e-9     6.21683e-10      #dY:15.8%  
  7.50e-5         3.963987e-9     6.25813e-10      #dY:15.8%  
  7.60e-5         3.990429e-9     6.29923e-10      #dY:15.8%  
  7.70e-5         4.016729e-9     6.33997e-10      #dY:15.8%  
  7.80e-5         4.042831e-9     6.38042e-10      #dY:15.8%  
  7.90e-5         4.068767e-9     6.42072e-10      #dY:15.8%  
  8.00e-5         4.094563e-9     6.46079e-10      #dY:15.8%  
  8.10e-5         4.120176e-9     6.50044e-10      #dY:15.8%  
  8.20e-5         4.145645e-9     6.53996e-10      #dY:15.8%  
  8.30e-5         4.170961e-9     6.57928e-10      #dY:15.8%  
  8.40e-5         4.196124e-9     6.61815e-10      #dY:15.8%  
  8.50e-5         4.221145e-9     6.65704e-10      #dY:15.8%  
  8.60e-5         4.246004e-9     6.69568e-10      #dY:15.8%  
  8.70e-5         4.270753e-9     6.73405e-10      #dY:15.8%  
  8.80e-5         4.295322e-9     6.77201e-10      #dY:15.8%  
  8.90e-5         4.319777e-9     6.80993e-10      #dY:15.8%  
  9.00e-5         4.344094e-9     6.84755e-10      #dY:15.8%  
  9.10e-5         4.368269e-9     6.88502e-10      #dY:15.8%  
  9.20e-5         4.392313e-9     6.92238e-10      #dY:15.8%  
  9.30e-5         4.416235e-9     6.95938e-10      #dY:15.8%  
  9.40e-5         4.440038e-9     6.99623e-10      #dY:15.8%  
  9.50e-5         4.463711e-9     7.03306e-10      #dY:15.8%  
  9.60e-5         4.487245e-9     7.06932e-10      #dY:15.8%  
  9.70e-5         4.51066e-9      7.10558e-10      #dY:15.8%  
  9.80e-5         4.533965e-9     7.14171e-10      #dY:15.8%  
  9.90e-5         4.557154e-9     7.17763e-10      #dY:15.8%  
  1.00e-4         4.580228e-9     7.21331e-10      #dY:15.7%  
  1.10e-4         4.804935e-9     7.56664e-10      #dY:15.7%  
  1.20e-4         5.019736e-9     8.06907e-10      #dY:16.1%  
  1.30e-4         5.225843e-9     8.37872e-10      #dY:16.0%  
  1.40e-4         5.424253e-9     8.67734e-10      #dY:16.0%  
  1.50e-4         5.61577e-9      8.96602e-10      #dY:16.0%  
  1.60e-4         5.80107e-9      9.24568e-10      #dY:15.9%  
  1.70e-4         5.980742e-9     9.51711e-10      #dY:15.9%  
  1.80e-4         6.155267e-9     9.78079e-10      #dY:15.9%  
  1.90e-4         6.325057e-9     1.00374e-9       #dY:15.9%  
  2.00e-4         6.49049e-9      1.02875e-9       #dY:15.9%  
  2.10e-4         6.651909e-9     1.05316e-9       #dY:15.8%  
  2.20e-4         6.809563e-9     1.077e-9         #dY:15.8%  
  2.30e-4         6.963722e-9     1.1003e-9        #dY:15.8%  
  2.40e-4         7.114606e-9     1.1231e-9        #dY:15.8%  
  2.50e-4         7.262436e-9     1.14544e-9       #dY:15.8%  
  2.60e-4         7.407373e-9     1.16734e-9       #dY:15.8%  
  2.70e-4         7.549601e-9     1.18883e-9       #dY:15.7%  
  2.80e-4         7.689242e-9     1.20991e-9       #dY:15.7%  
  2.90e-4         7.826458e-9     1.23063e-9       #dY:15.7%  
  3.00e-4         7.961367e-9     1.25097e-9       #dY:15.7%  
  3.10e-4         8.094071e-9     1.27099e-9       #dY:15.7%  
  3.20e-4         8.224689e-9     1.29068e-9       #dY:15.7%  
  3.30e-4         8.353326e-9     1.31007e-9       #dY:15.7%  
  3.40e-4         8.480045e-9     1.32916e-9       #dY:15.7%  
  3.50e-4         8.604947e-9     1.34797e-9       #dY:15.7%  
  3.60e-4         8.728107e-9     1.36649e-9       #dY:15.7%  
  3.70e-4         8.849614e-9     1.38478e-9       #dY:15.6%  
  3.80e-4         8.969497e-9     1.40281e-9       #dY:15.6%  
  3.90e-4         9.087853e-9     1.42058e-9       #dY:15.6%  
  4.00e-4         9.204718e-9     1.43815e-9       #dY:15.6%  
  4.10e-4         9.320172e-9     1.45551e-9       #dY:15.6%  
  4.20e-4         9.434235e-9     1.4726e-9        #dY:15.6%  
  4.30e-4         9.546981e-9     1.48953e-9       #dY:15.6%  
  4.40e-4         9.658449e-9     1.50624e-9       #dY:15.6%  
  4.50e-4         9.768664e-9     1.52273e-9       #dY:15.6%  
  4.60e-4         9.87772e-9      1.53906e-9       #dY:15.6%  
  4.70e-4         9.985593e-9     1.55523e-9       #dY:15.6%  
  4.80e-4         1.009237e-8     1.57121e-9       #dY:15.6%  
  4.90e-4         1.019803e-8     1.58701e-9       #dY:15.6%  
  5.00e-4         1.030265e-8     1.60267e-9       #dY:15.6%  
  5.10e-4         1.040625e-8     1.61817e-9       #dY:15.5%  
  5.20e-4         1.050888e-8     1.63344e-9       #dY:15.5%  
  5.30e-4         1.061045e-8     1.64871e-9       #dY:15.5%  
  5.40e-4         1.071123e-8     1.66364e-9       #dY:15.5%  
  5.50e-4         1.081107e-8     1.67856e-9       #dY:15.5%  
  5.60e-4         1.091e-8        1.69329e-9       #dY:15.5%  
  5.70e-4         1.100806e-8     1.70788e-9       #dY:15.5%  
  5.80e-4         1.110524e-8     1.72235e-9       #dY:15.5%  
  5.90e-4         1.120167e-8     1.73669e-9       #dY:15.5%  
  6.00e-4         1.129726e-8     1.75092e-9       #dY:15.5%  
  6.10e-4         1.1392e-8       1.76503e-9       #dY:15.5%  
  6.20e-4         1.148608e-8     1.77904e-9       #dY:15.5%  
  6.30e-4         1.157967e-8     1.79292e-9       #dY:15.5%  
  6.40e-4         1.167204e-8     1.80656e-9       #dY:15.5%  
  6.50e-4         1.17641e-8      1.8202e-9        #dY:15.5%  
  6.60e-4         1.185527e-8     1.83371e-9       #dY:15.5%  
  6.70e-4         1.194582e-8     1.84713e-9       #dY:15.5%  
  6.80e-4         1.203577e-8     1.8605e-9        #dY:15.5%  
  6.90e-4         1.212492e-8     1.87369e-9       #dY:15.5%  
  7.00e-4         1.221361e-8     1.88679e-9       #dY:15.4%  
  7.10e-4         1.230153e-8     1.89969e-9       #dY:15.4%  
  7.20e-4         1.238908e-8     1.91267e-9       #dY:15.4%  
  7.30e-4         1.247579e-8     1.92548e-9       #dY:15.4%  
  7.40e-4         1.256204e-8     1.93825e-9       #dY:15.4%  
  7.50e-4         1.264763e-8     1.95091e-9       #dY:15.4%  
  7.60e-4         1.273288e-8     1.96342e-9       #dY:15.4%  
  7.70e-4         1.281749e-8     1.97591e-9       #dY:15.4%  
  7.80e-4         1.290148e-8     1.98825e-9       #dY:15.4%  
  7.90e-4         1.298479e-8     2.00049e-9       #dY:15.4%  
  8.00e-4         1.306781e-8     2.01277e-9       #dY:15.4%  
  8.10e-4         1.315026e-8     2.02485e-9       #dY:15.4%  
  8.20e-4         1.32323e-8      2.03691e-9       #dY:15.4%  
  8.30e-4         1.331392e-8     2.04889e-9       #dY:15.4%  
  8.40e-4         1.339484e-8     2.06073e-9       #dY:15.4%  
  8.50e-4         1.347535e-8     2.07262e-9       #dY:15.4%  
  8.60e-4         1.355548e-8     2.08433e-9       #dY:15.4%  
  8.70e-4         1.363526e-8     2.09613e-9       #dY:15.4%  
  8.80e-4         1.371451e-8     2.10767e-9       #dY:15.4%  
  8.90e-4         1.379323e-8     2.11914e-9       #dY:15.4%  
  9.00e-4         1.387148e-8     2.13053e-9       #dY:15.4%  
  9.10e-4         1.394938e-8     2.14199e-9       #dY:15.4%  
  9.20e-4         1.402686e-8     2.1533e-9        #dY:15.4%  
  9.30e-4         1.410397e-8     2.16464e-9       #dY:15.3%  
  9.40e-4         1.418061e-8     2.17583e-9       #dY:15.3%  
  9.50e-4         1.425695e-8     2.18693e-9       #dY:15.3%  
  9.60e-4         1.433284e-8     2.19801e-9       #dY:15.3%  
  9.70e-4         1.440839e-8     2.20899e-9       #dY:15.3%  
  9.80e-4         1.448356e-8     2.22e-9          #dY:15.3%  
  9.90e-4         1.45583e-8      2.23096e-9       #dY:15.3%  
  1.00e-3         1.463269e-8     2.24173e-9       #dY:15.3%  
  1.10e-3         1.535769e-8     2.35218e-9       #dY:15.3%  
  1.20e-3         1.605107e-8     2.50586e-9       #dY:15.6%  
  1.30e-3         1.671703e-8     2.59877e-9       #dY:15.5%  
  1.40e-3         1.735873e-8     2.68841e-9       #dY:15.5%  
  1.50e-3         1.79784e-8      2.77464e-9       #dY:15.4%  
  1.60e-3         1.857848e-8     2.85802e-9       #dY:15.4%  
  1.70e-3         1.916044e-8     2.93866e-9       #dY:15.3%  
  1.80e-3         1.972622e-8     3.01697e-9       #dY:15.3%  
  1.90e-3         2.027699e-8     3.09281e-9       #dY:15.3%  
  2.00e-3         2.081386e-8     3.16666e-9       #dY:15.2%  
  2.10e-3         2.133807e-8     3.23842e-9       #dY:15.2%  
  2.20e-3         2.185032e-8     3.30842e-9       #dY:15.1%  
  2.30e-3         2.235133e-8     3.37665e-9       #dY:15.1%  
  2.40e-3         2.284212e-8     3.44318e-9       #dY:15.1%  
  2.50e-3         2.332311e-8     3.50808e-9       #dY:15.0%  
  2.60e-3         2.379479e-8     3.57165e-9       #dY:15.0%  
  2.70e-3         2.425802e-8     3.63375e-9       #dY:15.0%  
  2.80e-3         2.471288e-8     3.69455e-9       #dY:14.9%  
  2.90e-3         2.516018e-8     3.75429e-9       #dY:14.9%  
  3.00e-3         2.559991e-8     3.81271e-9       #dY:14.9%  
  3.10e-3         2.603307e-8     3.8701e-9        #dY:14.9%  
  3.20e-3         2.645921e-8     3.92626e-9       #dY:14.8%  
  3.30e-3         2.687901e-8     3.98159e-9       #dY:14.8%  
  3.40e-3         2.729287e-8     4.03573e-9       #dY:14.8%  
  3.50e-3         2.770093e-8     4.08899e-9       #dY:14.8%  
  3.60e-3         2.810336e-8     4.14139e-9       #dY:14.7%  
  3.70e-3         2.850067e-8     4.19304e-9       #dY:14.7%  
  3.80e-3         2.889262e-8     4.24362e-9       #dY:14.7%  
  3.90e-3         2.927988e-8     4.2936e-9        #dY:14.7%  
  4.00e-3         2.966231e-8     4.34269e-9       #dY:14.6%  
  4.10e-3         3.004023e-8     4.39115e-9       #dY:14.6%  
  4.20e-3         3.041373e-8     4.43886e-9       #dY:14.6%  
  4.30e-3         3.078295e-8     4.48588e-9       #dY:14.6%  
  4.40e-3         3.114824e-8     4.53234e-9       #dY:14.6%  
  4.50e-3         3.150933e-8     4.57812e-9       #dY:14.5%  
  4.60e-3         3.186703e-8     4.62328e-9       #dY:14.5%  
  4.70e-3         3.22209e-8      4.66776e-9       #dY:14.5%  
  4.80e-3         3.257105e-8     4.71162e-9       #dY:14.5%  
  4.90e-3         3.291776e-8     4.75501e-9       #dY:14.4%  
  5.00e-3         3.326114e-8     4.7978e-9        #dY:14.4%  
  5.10e-3         3.360118e-8     4.84004e-9       #dY:14.4%  
  5.20e-3         3.393821e-8     4.88186e-9       #dY:14.4%  
  5.30e-3         3.427196e-8     4.92322e-9       #dY:14.4%  
  5.40e-3         3.460297e-8     4.96405e-9       #dY:14.3%  
  5.50e-3         3.493097e-8     5.00442e-9       #dY:14.3%  
  5.60e-3         3.525619e-8     5.04433e-9       #dY:14.3%  
  5.70e-3         3.557864e-8     5.08378e-9       #dY:14.3%  
  5.80e-3         3.589823e-8     5.12261e-9       #dY:14.3%  
  5.90e-3         3.621534e-8     5.16118e-9       #dY:14.3%  
  6.00e-3         3.653003e-8     5.19939e-9       #dY:14.2%  
  6.10e-3         3.684217e-8     5.237e-9         #dY:14.2%  
  6.20e-3         3.715179e-8     5.27444e-9       #dY:14.2%  
  6.30e-3         3.745914e-8     5.31135e-9       #dY:14.2%  
  6.40e-3         3.776423e-8     5.34784e-9       #dY:14.2%  
  6.50e-3         3.806696e-8     5.38412e-9       #dY:14.1%  
  6.60e-3         3.836742e-8     5.41995e-9       #dY:14.1%  
  6.70e-3         3.866584e-8     5.45548e-9       #dY:14.1%  
  6.80e-3         3.89622e-8      5.49062e-9       #dY:14.1%  
  6.90e-3         3.925646e-8     5.52549e-9       #dY:14.1%  
  7.00e-3         3.95486e-8      5.55992e-9       #dY:14.1%  
  7.10e-3         3.983898e-8     5.59411e-9       #dY:14.0%  
  7.20e-3         4.012717e-8     5.62794e-9       #dY:14.0%  
  7.30e-3         4.041355e-8     5.66146e-9       #dY:14.0%  
  7.40e-3         4.069826e-8     5.69458e-9       #dY:14.0%  
  7.50e-3         4.098102e-8     5.72757e-9       #dY:14.0%  
  7.60e-3         4.126206e-8     5.76029e-9       #dY:14.0%  
  7.70e-3         4.154121e-8     5.7926e-9        #dY:13.9%  
  7.80e-3         4.181881e-8     5.82465e-9       #dY:13.9%  
  7.90e-3         4.209467e-8     5.85642e-9       #dY:13.9%  
  8.00e-3         4.236885e-8     5.88779e-9       #dY:13.9%  
  8.10e-3         4.264136e-8     5.91898e-9       #dY:13.9%  
  8.20e-3         4.291235e-8     5.95e-9          #dY:13.9%  
  8.30e-3         4.318186e-8     5.98086e-9       #dY:13.9%  
  8.40e-3         4.344982e-8     6.01128e-9       #dY:13.8%  
  8.50e-3         4.371608e-8     6.04149e-9       #dY:13.8%  
  8.60e-3         4.398102e-8     6.07159e-9       #dY:13.8%  
  8.70e-3         4.424445e-8     6.10126e-9       #dY:13.8%  
  8.80e-3         4.450655e-8     6.13083e-9       #dY:13.8%  
  8.90e-3         4.476712e-8     6.16005e-9       #dY:13.8%  
  9.00e-3         4.502638e-8     6.18925e-9       #dY:13.7%  
  9.10e-3         4.528447e-8     6.21812e-9       #dY:13.7%  
  9.20e-3         4.554096e-8     6.24669e-9       #dY:13.7%  
  9.30e-3         4.579628e-8     6.27511e-9       #dY:13.7%  
  9.40e-3         4.605027e-8     6.30328e-9       #dY:13.7%  
  9.50e-3         4.630286e-8     6.33119e-9       #dY:13.7%  
  9.60e-3         4.655422e-8     6.35899e-9       #dY:13.7%  
  9.70e-3         4.680452e-8     6.38655e-9       #dY:13.6%  
  9.80e-3         4.705343e-8     6.4139e-9        #dY:13.6%  
  9.90e-3         4.730138e-8     6.44095e-9       #dY:13.6%  
  0.01            4.754788e-8     6.46788e-9       #dY:13.6%  
  0.011           4.995296e-8     6.7882e-9        #dY:13.6%  
  0.012           5.225706e-8     7.18641e-9       #dY:13.8%  
  0.013           5.447247e-8     7.404e-9         #dY:13.6%  
  0.014           5.660857e-8     7.6092e-9        #dY:13.4%  
  0.015           5.867432e-8     7.80324e-9       #dY:13.3%  
  0.016           6.06757e-8      7.98685e-9       #dY:13.2%  
  0.017           6.261922e-8     8.16128e-9       #dY:13.0%  
  0.018           6.450932e-8     8.32691e-9       #dY:12.9%  
  0.019           6.635035e-8     8.48472e-9       #dY:12.8%  
  0.02            6.814611e-8     8.63497e-9       #dY:12.7%  
  0.021           6.989991e-8     8.7791e-9        #dY:12.6%  
  0.022           7.161481e-8     8.91678e-9       #dY:12.5%  
  0.023           7.329303e-8     9.04856e-9       #dY:12.3%  
  0.024           7.493716e-8     9.17517e-9       #dY:12.2%  
  0.025           7.654892e-8     9.29706e-9       #dY:12.1%  
  0.026           7.813036e-8     9.41416e-9       #dY:12.0%  
  0.027           7.96833e-8      9.52728e-9       #dY:12.0%  
  0.028           8.120934e-8     9.63621e-9       #dY:11.9%  
  0.029           8.270991e-8     9.74075e-9       #dY:11.8%  
  0.03            8.418602e-8     9.84169e-9       #dY:11.7%  
  0.031           8.563873e-8     9.93895e-9       #dY:11.6%  
  0.032           8.706932e-8     1.00323e-8       #dY:11.5%  
  0.033           8.847883e-8     1.01222e-8       #dY:11.4%  
  0.034           8.98683e-8      1.02098e-8       #dY:11.4%  
  0.035           9.123844e-8     1.02941e-8       #dY:11.3%  
  0.036           9.259021e-8     1.03759e-8       #dY:11.2%  
  0.037           9.392425e-8     1.04549e-8       #dY:11.1%  
  0.038           9.52412e-8      1.05315e-8       #dY:11.1%  
  0.039           9.654185e-8     1.06052e-8       #dY:11.0%  
  0.04            9.782592e-8     1.06768e-8       #dY:10.9%  
  0.041           9.909595e-8     1.07466e-8       #dY:10.8%  
  0.042           1.003502e-7     1.08132e-8       #dY:10.8%  
  0.043           1.015909e-7     1.08783e-8       #dY:10.7%  
  0.044           1.028176e-7     1.09416e-8       #dY:10.6%  
  0.045           1.040309e-7     1.10028e-8       #dY:10.6%  
  0.046           1.052308e-7     1.10628e-8       #dY:10.5%  
  0.047           1.064196e-7     1.11209e-8       #dY:10.5%  
  0.048           1.07594e-7      1.11783e-8       #dY:10.4%  
  0.049           1.087589e-7     1.12323e-8       #dY:10.3%  
  0.05            1.099113e-7     1.12857e-8       #dY:10.3%  
  0.051           1.110518e-7     1.13379e-8       #dY:10.2%  
  0.052           1.121829e-7     1.13895e-8       #dY:10.2%  
  0.053           1.133018e-7     1.14399e-8       #dY:10.1%  
  0.054           1.14412e-7      1.14884e-8       #dY:10.0%  
  0.055           1.155129e-7     1.15362e-8       #dY:10.0%  
  0.056           1.166022e-7     1.15821e-8       #dY:9.9%   
  0.057           1.176831e-7     1.16272e-8       #dY:9.9%   
  0.058           1.187534e-7     1.16707e-8       #dY:9.8%   
  0.059           1.198154e-7     1.17139e-8       #dY:9.8%   
  0.06            1.208703e-7     1.17564e-8       #dY:9.7%   
  0.061           1.219133e-7     1.17967e-8       #dY:9.7%   
  0.062           1.229491e-7     1.18367e-8       #dY:9.6%   
  0.063           1.239775e-7     1.18763e-8       #dY:9.6%   
  0.064           1.249952e-7     1.1915e-8        #dY:9.5%   
  0.065           1.260058e-7     1.19526e-8       #dY:9.5%   
  0.066           1.270097e-7     1.19904e-8       #dY:9.4%   
  0.067           1.280067e-7     1.20266e-8       #dY:9.4%   
  0.068           1.289962e-7     1.20625e-8       #dY:9.4%   
  0.069           1.299767e-7     1.20977e-8       #dY:9.3%   
  0.07            1.309523e-7     1.21308e-8       #dY:9.3%   
  0.071           1.319171e-7     1.21645e-8       #dY:9.2%   
  0.072           1.328799e-7     1.21974e-8       #dY:9.2%   
  0.073           1.338329e-7     1.2229e-8        #dY:9.1%   
  0.074           1.347798e-7     1.22607e-8       #dY:9.1%   
  0.075           1.357203e-7     1.22919e-8       #dY:9.1%   
  0.076           1.366548e-7     1.23224e-8       #dY:9.0%   
  0.077           1.375837e-7     1.23524e-8       #dY:9.0%   
  0.078           1.385052e-7     1.23822e-8       #dY:8.9%   
  0.079           1.394216e-7     1.24116e-8       #dY:8.9%   
  0.08            1.40331e-7      1.24401e-8       #dY:8.9%   
  0.081           1.412354e-7     1.24682e-8       #dY:8.8%   
  0.082           1.421345e-7     1.24963e-8       #dY:8.8%   
  0.083           1.430267e-7     1.2523e-8        #dY:8.8%   
  0.084           1.439151e-7     1.25511e-8       #dY:8.7%   
  0.085           1.447967e-7     1.25774e-8       #dY:8.7%   
  0.086           1.456738e-7     1.26046e-8       #dY:8.7%   
  0.087           1.465459e-7     1.26298e-8       #dY:8.6%   
  0.088           1.474132e-7     1.26555e-8       #dY:8.6%   
  0.089           1.482756e-7     1.26813e-8       #dY:8.6%   
  0.09            1.491307e-7     1.27059e-8       #dY:8.5%   
  0.091           1.499833e-7     1.27305e-8       #dY:8.5%   
  0.092           1.508296e-7     1.27545e-8       #dY:8.5%   
  0.093           1.516731e-7     1.27774e-8       #dY:8.4%   
  0.094           1.525104e-7     1.28001e-8       #dY:8.4%   
  0.095           1.53343e-7      1.28223e-8       #dY:8.4%   
  0.096           1.541729e-7     1.28451e-8       #dY:8.3%   
  0.097           1.549955e-7     1.28668e-8       #dY:8.3%   
  0.098           1.558149e-7     1.28887e-8       #dY:8.3%   
  0.099           1.566295e-7     1.291e-8         #dY:8.2%   
  0.1             1.574401e-7     1.29318e-8       #dY:8.2%   
  0.11            1.653204e-7     1.35325e-8       #dY:8.2%   
  0.12            1.728193e-7     1.398e-8         #dY:8.1%   
  0.13            1.799897e-7     1.40933e-8       #dY:7.8%   
  0.14            1.868621e-7     1.41883e-8       #dY:7.6%   
  0.15            1.934578e-7     1.42738e-8       #dY:7.4%   
  0.16            1.998028e-7     1.43616e-8       #dY:7.2%   
  0.17            2.059143e-7     1.4442e-8        #dY:7.0%   
  0.18            2.118096e-7     1.45081e-8       #dY:6.8%   
  0.19            2.175065e-7     1.45857e-8       #dY:6.7%   
  0.2             2.230244e-7     1.46641e-8       #dY:6.6%   
  0.21            2.276106e-7     1.46957e-8       #dY:6.5%   
  0.22            2.32046e-7      1.46426e-8       #dY:6.3%   
  0.23            2.363384e-7     1.4603e-8        #dY:6.2%   
  0.24            2.404922e-7     1.45676e-8       #dY:6.1%   
  0.25            2.445305e-7     1.45482e-8       #dY:5.9%   
  0.26            2.484595e-7     1.45359e-8       #dY:5.9%   
  0.27            2.522761e-7     1.4514e-8        #dY:5.8%   
  0.28            2.55979e-7      1.45014e-8       #dY:5.7%   
  0.29            2.595778e-7     1.45129e-8       #dY:5.6%   
  0.3             2.630776e-7     1.45465e-8       #dY:5.5%   
  0.31            2.657764e-7     1.4564e-8        #dY:5.5%   
  0.32            2.683971e-7     1.4475e-8        #dY:5.4%   
  0.33            2.70948e-7      1.4417e-8        #dY:5.3%   
  0.34            2.734127e-7     1.43742e-8       #dY:5.3%   
  0.35            2.757906e-7     1.43559e-8       #dY:5.2%   
  0.36            2.780966e-7     1.4357e-8        #dY:5.2%   
  0.37            2.803475e-7     1.43755e-8       #dY:5.1%   
  0.38            2.825123e-7     1.44164e-8       #dY:5.1%   
  0.39            2.845996e-7     1.44762e-8       #dY:5.1%   
  0.4             2.866157e-7     1.45533e-8       #dY:5.1%   
  0.41            2.881401e-7     1.46198e-8       #dY:5.1%   
  0.42            2.896124e-7     1.46003e-8       #dY:5.0%   
  0.43            2.910679e-7     1.46019e-8       #dY:5.0%   
  0.44            2.924788e-7     1.46299e-8       #dY:5.0%   
  0.45            2.938157e-7     1.46774e-8       #dY:5.0%   
  0.46            2.951099e-7     1.47252e-8       #dY:5.0%   
  0.47            2.96338e-7      1.47807e-8       #dY:5.0%   
  0.48            2.975048e-7     1.48341e-8       #dY:5.0%   
  0.49            2.98638e-7      1.48774e-8       #dY:5.0%   
  0.5             2.997273e-7     1.49223e-8       #dY:5.0%   
  0.51            3.00569e-7      1.49549e-8       #dY:5.0%   
  0.52            3.013699e-7     1.49241e-8       #dY:5.0%   
  0.53            3.021274e-7     1.4887e-8        #dY:4.9%   
  0.54            3.028379e-7     1.48351e-8       #dY:4.9%   
  0.55            3.035133e-7     1.47657e-8       #dY:4.9%   
  0.56            3.041468e-7     1.46868e-8       #dY:4.8%   
  0.57            3.047301e-7     1.45974e-8       #dY:4.8%   
  0.58            3.052689e-7     1.44868e-8       #dY:4.7%   
  0.59            3.057907e-7     1.43623e-8       #dY:4.7%   
  0.6             3.062666e-7     1.42508e-8       #dY:4.7%   
  0.61            3.066534e-7     1.41207e-8       #dY:4.6%   
  0.62            3.070139e-7     1.39451e-8       #dY:4.5%   
  0.63            3.073757e-7     1.37639e-8       #dY:4.5%   
  0.64            3.077081e-7     1.36099e-8       #dY:4.4%   
  0.65            3.080205e-7     1.34613e-8       #dY:4.4%   
  0.66            3.083003e-7     1.33133e-8       #dY:4.3%   
  0.67            3.085606e-7     1.31563e-8       #dY:4.3%   
  0.68            3.087828e-7     1.29991e-8       #dY:4.2%   
  0.69            3.089834e-7     1.28302e-8       #dY:4.2%   
  0.7             3.091434e-7     1.26505e-8       #dY:4.1%   
  0.71            3.092859e-7     1.24603e-8       #dY:4.0%   
  0.72            3.09412e-7      1.22555e-8       #dY:4.0%   
  0.73            3.0951e-7       1.20613e-8       #dY:3.9%   
  0.74            3.09614e-7      1.18754e-8       #dY:3.8%   
  0.75            3.097199e-7     1.17062e-8       #dY:3.8%   
  0.76            3.098106e-7     1.15589e-8       #dY:3.7%   
  0.77            3.098771e-7     1.14302e-8       #dY:3.7%   
  0.78            3.099303e-7     1.13032e-8       #dY:3.6%   
  0.79            3.09957e-7      1.11813e-8       #dY:3.6%   
  0.8             3.099769e-7     1.10621e-8       #dY:3.6%   
  0.81            3.100232e-7     1.09521e-8       #dY:3.5%   
  0.82            3.100452e-7     1.08369e-8       #dY:3.5%   
  0.83            3.100413e-7     1.07245e-8       #dY:3.5%   
  0.84            3.100205e-7     1.06137e-8       #dY:3.4%   
  0.85            3.099795e-7     1.05058e-8       #dY:3.4%   
  0.86            3.099192e-7     1.04017e-8       #dY:3.4%   
  0.87            3.098437e-7     1.03023e-8       #dY:3.3%   
  0.88            3.097531e-7     1.02073e-8       #dY:3.3%   
  0.89            3.09641e-7      1.01166e-8       #dY:3.3%   
  0.9             3.0953e-7       1.00312e-8       #dY:3.2%   
  0.91            3.094034e-7     9.95586e-9       #dY:3.2%   
  0.92            3.092679e-7     9.86935e-9       #dY:3.2%   
  0.93            3.091262e-7     9.78443e-9       #dY:3.2%   
  0.94            3.089782e-7     9.70346e-9       #dY:3.1%   
  0.95            3.08829e-7      9.62499e-9       #dY:3.1%   
  0.96            3.086696e-7     9.54301e-9       #dY:3.1%   
  0.97            3.084899e-7     9.46071e-9       #dY:3.1%   
  0.98            3.082925e-7     9.38188e-9       #dY:3.0%   
  0.99            3.08089e-7      9.3054e-9        #dY:3.0%   
  1               3.078692e-7     9.23297e-9       #dY:3.0%   
  1.1             3.04767e-7      9.07642e-9       #dY:3.0%   
  1.2             3.00147e-7      8.15979e-9       #dY:2.7%   
  1.3             2.94021e-7      7.26726e-9       #dY:2.5%   
  1.4             2.865486e-7     6.53262e-9       #dY:2.3%   
  1.5             2.780342e-7     6.15056e-9       #dY:2.2%   
  1.6             2.687236e-7     6.15137e-9       #dY:2.3%   
  1.7             2.590582e-7     6.39808e-9       #dY:2.5%   
  1.8             2.491302e-7     6.6914e-9        #dY:2.7%   
  1.9             2.391349e-7     6.95416e-9       #dY:2.9%   
  2               2.292082e-7     7.07863e-9       #dY:3.1%   
  2.1             2.194696e-7     7.06225e-9       #dY:3.2%   
  2.2             2.098946e-7     6.90391e-9       #dY:3.3%   
  2.3             2.005936e-7     6.66418e-9       #dY:3.3%   
  2.4             1.915799e-7     6.37175e-9       #dY:3.3%   
  2.5             1.828262e-7     6.07122e-9       #dY:3.3%   
  2.6             1.743808e-7     5.77751e-9       #dY:3.3%   
  2.7             1.662317e-7     5.5043e-9        #dY:3.3%   
  2.8             1.583878e-7     5.21534e-9       #dY:3.3%   
  2.9             1.508337e-7     4.88367e-9       #dY:3.2%   
  3               1.435713e-7     4.52959e-9       #dY:3.2%   
  3.1             1.366081e-7     4.17456e-9       #dY:3.1%   
  3.2             1.299168e-7     3.84079e-9       #dY:3.0%   
  3.3             1.235156e-7     3.5674e-9        #dY:2.9%   
  3.4             1.173779e-7     3.33206e-9       #dY:2.8%   
  3.5             1.115123e-7     3.13996e-9       #dY:2.8%   
  3.6             1.059036e-7     2.97804e-9       #dY:2.8%   
  3.7             1.005308e-7     2.8313e-9        #dY:2.8%   
  3.8             9.541666e-8     2.70031e-9       #dY:2.8%   
  3.9             9.053206e-8     2.57743e-9       #dY:2.8%   
  4               8.588704e-8     2.46648e-9       #dY:2.9%   
  4.1             8.146665e-8     2.3681e-9        #dY:2.9%   
  4.2             7.725681e-8     2.27261e-9       #dY:2.9%   
  4.3             7.324738e-8     2.18777e-9       #dY:3.0%   
  4.4             6.943195e-8     2.10962e-9       #dY:3.0%   
  4.5             6.578827e-8     2.03227e-9       #dY:3.1%   
  4.6             6.232052e-8     1.96111e-9       #dY:3.1%   
  4.7             5.902096e-8     1.89314e-9       #dY:3.2%   
  4.8             5.589064e-8     1.82977e-9       #dY:3.3%   
  4.9             5.291658e-8     1.76675e-9       #dY:3.3%   
  5               5.009382e-8     1.70521e-9       #dY:3.4%   
  5.1             4.741345e-8     1.64722e-9       #dY:3.5%   
  5.2             4.486874e-8     1.58982e-9       #dY:3.5%   
  5.3             4.245419e-8     1.53193e-9       #dY:3.6%   
  5.4             4.016496e-8     1.47807e-9       #dY:3.7%   
  5.5             3.799874e-8     1.42576e-9       #dY:3.8%   
  5.6             3.595524e-8     1.37429e-9       #dY:3.8%   
  5.7             3.403401e-8     1.32768e-9       #dY:3.9%   
  5.8             3.222871e-8     1.28436e-9       #dY:4.0%   
  5.9             3.053793e-8     1.24476e-9       #dY:4.1%   
  6               2.895155e-8     1.21199e-9       #dY:4.2%   
  6.1             2.745653e-8     1.18531e-9       #dY:4.3%   
  6.2             2.60434e-8      1.16126e-9       #dY:4.5%   
  6.3             2.470383e-8     1.13875e-9       #dY:4.6%   
  6.4             2.342851e-8     1.11929e-9       #dY:4.8%   
  6.5             2.221721e-8     1.10653e-9       #dY:5.0%   
  6.6             2.107237e-8     1.10595e-9       #dY:5.2%   
  6.7             1.999211e-8     1.11052e-9       #dY:5.6%   
  6.8             1.89748e-8      1.1034e-9        #dY:5.8%   
  6.9             1.802044e-8     1.0796e-9        #dY:6.0%   
  7               1.712481e-8     1.04696e-9       #dY:6.1%   
  7.1             1.628322e-8     1.01616e-9       #dY:6.2%   
  7.2             1.549173e-8     9.94025e-10      #dY:6.4%   
  7.3             1.474669e-8     9.82364e-10      #dY:6.7%   
  7.4             1.40451e-8      9.79014e-10      #dY:7.0%   
  7.5             1.338349e-8     9.8781e-10       #dY:7.4%   
  7.6             1.275969e-8     1.01657e-9       #dY:8.0%   
  7.7             1.217144e-8     1.06872e-9       #dY:8.8%   
  7.8             1.161694e-8     1.16202e-9       #dY:10.0%  
  7.9             1.109414e-8     1.28392e-9       #dY:11.6%  
  8               1.059992e-8     1.40947e-9       #dY:13.3%  
  8.1             1.013275e-8     1.60568e-9       #dY:15.8%  
  8.2             9.69147e-9      1.64235e-9       #dY:16.9%  
  8.3             9.274112e-9     1.68215e-9       #dY:18.1%  
  8.4             8.878439e-9     1.61713e-9       #dY:18.2%  
  8.5             8.503484e-9     1.41307e-9       #dY:16.6%  
  8.6             8.149013e-9     1.19549e-9       #dY:14.7%  
  8.7             7.807457e-9     9.72034e-10      #dY:12.5%  
  8.8             7.481725e-9     7.45209e-10      #dY:10.0%  
  8.9             7.172636e-9     5.51026e-10      #dY:7.7%   
  9               6.880937e-9     4.33353e-10      #dY:6.3%   
  9.1             6.607836e-9     3.85721e-10      #dY:5.8%   
  9.2             6.354049e-9     3.64287e-10      #dY:5.7%   
  9.3             6.119049e-9     3.49317e-10      #dY:5.7%   
  9.4             5.900101e-9     3.35628e-10      #dY:5.7%   
  9.5             5.694269e-9     3.2258e-10       #dY:5.7%   
  9.6             5.498559e-9     3.09855e-10      #dY:5.6%   
  9.7             5.311506e-9     2.97387e-10      #dY:5.6%   
  9.8             5.134026e-9     2.8538e-10       #dY:5.6%   
  9.9             4.967547e-9     2.7401e-10       #dY:5.5%   
  10              4.810699e-9     2.63116e-10      #dY:5.5%   
  10.2            4.520901e-9     2.44882e-10      #dY:5.4%   
  10.4            4.275481e-9     2.23086e-10      #dY:5.2%   
  10.6            4.039371e-9     2.05508e-10      #dY:5.1%   
  10.8            3.894537e-9     1.92695e-10      #dY:4.9%   
  11              3.913023e-9     1.86482e-10      #dY:4.8%   
  11.2            3.999357e-9     1.78024e-10      #dY:4.5%   
  11.4            3.998535e-9     1.61288e-10      #dY:4.0%   
  11.6            3.219361e-9     1.17992e-10      #dY:3.7%   
  11.8            1.905456e-9     7.09923e-11      #dY:3.7%   
  12              1.161631e-9     5.58955e-11      #dY:4.8%   
  12.2            6.84571e-10     5.0429e-11       #dY:7.4%   
  12.4            4.38369e-10     4.91033e-11      #dY:11.2%  
  12.6            3.45042e-10     5.81057e-11      #dY:16.8%  
  12.8            2.96085e-10     6.52788e-11      #dY:22.0%  
  13              2.58654e-10     6.35732e-11      #dY:24.6%  
  13.2            2.2657e-10      5.86252e-11      #dY:25.9%  
  13.4            1.98505e-10     5.3425e-11       #dY:26.9%  
  13.6            1.7391e-10      4.85309e-11      #dY:27.9%  
  13.8            1.52355e-10     4.40274e-11      #dY:28.9%  
  14              1.33467e-10     3.99016e-11      #dY:29.9%  
  14.2            1.16907e-10     3.61249e-11      #dY:30.9%  
  14.4            1.02396e-10     3.26685e-11      #dY:31.9%  
  14.6            8.96778e-11     2.95128e-11      #dY:32.9%  
  14.8            7.85296e-11     2.66315e-11      #dY:33.9%  
  15              6.87653e-11     2.40045e-11      #dY:34.9%  
  15.2            6.02145e-11     2.16215e-11      #dY:35.9%  
  15.4            5.27262e-11     1.94609e-11      #dY:36.9%  
  15.6            4.61679e-11     1.75074e-11      #dY:37.9%  
  15.8            4.04258e-11     1.57387e-11      #dY:38.9%  
  16              3.53966e-11     1.41406e-11      #dY:39.9%  
  16.2            3.09927e-11     1.2697e-11       #dY:41.0%  
  16.4            2.71369e-11     1.1394e-11       #dY:42.0%  
  16.6            2.37616e-11     1.02204e-11      #dY:43.0%  
  16.8            2.08069e-11     9.16448e-12      #dY:44.0%  
  17              1.82202e-11     8.2148e-12       #dY:45.1%  
  17.2            1.59558e-11     7.36094e-12      #dY:46.1%  
  17.4            1.39733e-11     6.59393e-12      #dY:47.2%  
  17.6            1.22374e-11     5.90489e-12      #dY:48.3%  
  17.8            1.07184e-11     5.28647e-12      #dY:49.3%  
  18              9.38881e-12     4.73174e-12      #dY:50.4%  
  18.2            8.22495e-12     4.23414e-12      #dY:51.5%  
  18.4            7.20616e-12     3.78812e-12      #dY:52.6%  
  18.6            6.31445e-12     3.38847e-12      #dY:53.7%  
  18.8            5.53359e-12     3.0304e-12       #dY:54.8%  
  19              4.85007e-12     2.70976e-12      #dY:55.9%  
  19.2            4.2517e-12      2.4227e-12       #dY:57.0%  
  19.4            3.72773e-12     2.16573e-12      #dY:58.1%  
  19.6            3.26888e-12     1.93567e-12      #dY:59.2%  
  19.8            2.86721e-12     1.72996e-12      #dY:60.3%  
  20              2.51532e-12     1.54594e-12      #dY:61.5%  
  20.2            2.20703e-12     1.38129e-12      #dY:62.6%  
  20.4            1.93695e-12     1.23413e-12      #dY:63.7%  
  20.6            1.70016e-12     1.10248e-12      #dY:64.8%  
  20.8            1.49263e-12     9.84781e-13      #dY:66.0%  
  21              1.31072e-12     8.79633e-13      #dY:67.1%  
  21.2            1.15122e-12     7.85665e-13      #dY:68.2%  
  21.4            1.01133e-12     7.01675e-13      #dY:69.4%  
  21.6            8.88616e-13     6.26632e-13      #dY:70.5%  
  21.8            7.80892e-13     5.59562e-13      #dY:71.7%  
  22              6.86347e-13     4.99628e-13      #dY:72.8%  
  22.2            6.03364e-13     4.46105e-13      #dY:73.9%  
  22.4            5.30492e-13     3.98288e-13      #dY:75.1%  
  22.6            4.66506e-13     3.55585e-13      #dY:76.2%  
  22.8            4.10299e-13     3.17444e-13      #dY:77.4%  
  23              3.60904e-13     2.83364e-13      #dY:78.5%  
  23.2            3.17499e-13     2.52931e-13      #dY:79.7%  
  23.4            2.79348e-13     2.25754e-13      #dY:80.8%  
  23.6            2.45813e-13     2.01484e-13      #dY:82.0%  
  23.8            2.16333e-13     1.79817e-13      #dY:83.1%  
  24              1.90414e-13     1.60474e-13      #dY:84.3%  
  24.2            1.67619e-13     1.43202e-13      #dY:85.4%  
  24.4            1.47572e-13     1.27781e-13      #dY:86.6%  
  24.6            1.2994e-13      1.14014e-13      #dY:87.7%  
  24.8            1.14428e-13     1.01727e-13      #dY:88.9%  
  25              1.00778e-13     9.07567e-14      #dY:90.1%  
  25.2            8.87632e-14     8.09627e-14      #dY:91.2%  
  25.4            7.81876e-14     7.22184e-14      #dY:92.4%  
  25.6            6.88781e-14     6.44164e-14      #dY:93.5%  
  25.8            6.06808e-14     5.74544e-14      #dY:94.7%  
  26              5.34621e-14     5.12376e-14      #dY:95.8%  
  26.2            4.71061e-14     4.56914e-14      #dY:97.0%  
  26.4            4.15084e-14     4.07428e-14      #dY:98.2%  
  26.6            3.65783e-14     3.63264e-14      #dY:99.3%  
  26.8            3.2235e-14      3.23859e-14      #dY:100.5% 
  27              2.84093e-14     2.88702e-14      #dY:101.6% 
  27.2            2.50393e-14     2.57342e-14      #dY:102.8% 
  27.4            2.20699e-14     2.29366e-14      #dY:103.9% 
  27.6            1.9453e-14      2.04402e-14      #dY:105.1% 
  27.8            1.71476e-14     1.82142e-14      #dY:106.2% 
  28              1.51162e-14     1.623e-14        #dY:107.4% 
  28.2            1.33255e-14     1.44606e-14      #dY:108.5% 
  28.4            1.17474e-14     1.28829e-14      #dY:109.7% 
  28.6            1.03566e-14     1.14767e-14      #dY:110.8% 
  28.8            9.13042e-15     1.0223e-14       #dY:112.0% 
  29              8.04955e-15     9.10524e-15      #dY:113.1% 
  29.2            7.09669e-15     8.10896e-15      #dY:114.3% 
  29.4            6.2565e-15      7.22082e-15      #dY:115.4% 
  29.6            5.51588e-15     6.42918e-15      #dY:116.6% 
  29.8            4.86287e-15     5.72383e-15      #dY:117.7% 
  30              0.00            0.00                        
//
#-------------------------------------------------------------------------------
#
#name:   INDEN-Aug2023: PU-239(N,F) E_in=20. MeV
#X.axis: Energy
#Y.axis: 
#wdata:  3
#ldata:  642
#data...
# X               Y               +-dY           
# MeV             1/eV            1/eV           
  0.00            0.00            0.00                        
  1.00e-5         1.39229e-9      4.57127e-11      #dY:3.3%   
  1.10e-5         1.460404e-9     4.7949e-11       #dY:3.3%   
  1.20e-5         1.52551e-9      2.56345e-10      #dY:16.8%  
  1.30e-5         1.587946e-9     2.66245e-10      #dY:16.8%  
  1.40e-5         1.648056e-9     2.75812e-10      #dY:16.7%  
  1.50e-5         1.706047e-9     2.85036e-10      #dY:16.7%  
  1.60e-5         1.762163e-9     2.93996e-10      #dY:16.7%  
  1.70e-5         1.816551e-9     3.02685e-10      #dY:16.7%  
  1.80e-5         1.869375e-9     3.11132e-10      #dY:16.6%  
  1.90e-5         1.920751e-9     3.19362e-10      #dY:16.6%  
  2.00e-5         1.970793e-9     3.2738e-10       #dY:16.6%  
  2.10e-5         2.01962e-9      3.35212e-10      #dY:16.6%  
  2.20e-5         2.06731e-9      3.42855e-10      #dY:16.6%  
  2.30e-5         2.113938e-9     3.50346e-10      #dY:16.6%  
  2.40e-5         2.159566e-9     3.57682e-10      #dY:16.6%  
  2.50e-5         2.204244e-9     3.64848e-10      #dY:16.6%  
  2.60e-5         2.248056e-9     3.71889e-10      #dY:16.5%  
  2.70e-5         2.29103e-9      3.78795e-10      #dY:16.5%  
  2.80e-5         2.333228e-9     3.85582e-10      #dY:16.5%  
  2.90e-5         2.374683e-9     3.92249e-10      #dY:16.5%  
  3.00e-5         2.415432e-9     3.98802e-10      #dY:16.5%  
  3.10e-5         2.455523e-9     4.05247e-10      #dY:16.5%  
  3.20e-5         2.494978e-9     4.11605e-10      #dY:16.5%  
  3.30e-5         2.533802e-9     4.17838e-10      #dY:16.5%  
  3.40e-5         2.572075e-9     4.23998e-10      #dY:16.5%  
  3.50e-5         2.609757e-9     4.30069e-10      #dY:16.5%  
  3.60e-5         2.64695e-9      4.3605e-10       #dY:16.5%  
  3.70e-5         2.68362e-9      4.4195e-10       #dY:16.5%  
  3.80e-5         2.719796e-9     4.47761e-10      #dY:16.5%  
  3.90e-5         2.755498e-9     4.53516e-10      #dY:16.5%  
  4.00e-5         2.790762e-9     4.59189e-10      #dY:16.5%  
  4.10e-5         2.825593e-9     4.64782e-10      #dY:16.4%  
  4.20e-5         2.859993e-9     4.70327e-10      #dY:16.4%  
  4.30e-5         2.893997e-9     4.75796e-10      #dY:16.4%  
  4.40e-5         2.927608e-9     4.81201e-10      #dY:16.4%  
  4.50e-5         2.960845e-9     4.86554e-10      #dY:16.4%  
  4.60e-5         2.993716e-9     4.91837e-10      #dY:16.4%  
  4.70e-5         3.02624e-9      4.97068e-10      #dY:16.4%  
  4.80e-5         3.058411e-9     5.02251e-10      #dY:16.4%  
  4.90e-5         3.090264e-9     5.0736e-10       #dY:16.4%  
  5.00e-5         3.121798e-9     5.12429e-10      #dY:16.4%  
  5.10e-5         3.153022e-9     5.17458e-10      #dY:16.4%  
  5.20e-5         3.18392e-9      5.22433e-10      #dY:16.4%  
  5.30e-5         3.214546e-9     5.27356e-10      #dY:16.4%  
  5.40e-5         3.244887e-9     5.32236e-10      #dY:16.4%  
  5.50e-5         3.274948e-9     5.37069e-10      #dY:16.4%  
  5.60e-5         3.304754e-9     5.41864e-10      #dY:16.4%  
  5.70e-5         3.334262e-9     5.46606e-10      #dY:16.4%  
  5.80e-5         3.363548e-9     5.51299e-10      #dY:16.4%  
  5.90e-5         3.392578e-9     5.55968e-10      #dY:16.4%  
  6.00e-5         3.421354e-9     5.606e-10        #dY:16.4%  
  6.10e-5         3.449911e-9     5.65183e-10      #dY:16.4%  
  6.20e-5         3.478229e-9     5.69732e-10      #dY:16.4%  
  6.30e-5         3.506316e-9     5.74245e-10      #dY:16.4%  
  6.40e-5         3.534185e-9     5.78722e-10      #dY:16.4%  
  6.50e-5         3.561844e-9     5.83166e-10      #dY:16.4%  
  6.60e-5         3.589297e-9     5.87574e-10      #dY:16.4%  
  6.70e-5         3.616538e-9     5.91947e-10      #dY:16.4%  
  6.80e-5         3.643591e-9     5.9629e-10       #dY:16.4%  
  6.90e-5         3.670441e-9     6.00607e-10      #dY:16.4%  
  7.00e-5         3.697095e-9     6.04873e-10      #dY:16.4%  
  7.10e-5         3.723563e-9     6.09118e-10      #dY:16.4%  
  7.20e-5         3.749841e-9     6.13342e-10      #dY:16.4%  
  7.30e-5         3.775949e-9     6.17532e-10      #dY:16.4%  
  7.40e-5         3.801875e-9     6.21695e-10      #dY:16.4%  
  7.50e-5         3.827637e-9     6.25825e-10      #dY:16.4%  
  7.60e-5         3.853218e-9     6.29934e-10      #dY:16.3%  
  7.70e-5         3.878652e-9     6.34007e-10      #dY:16.3%  
  7.80e-5         3.903903e-9     6.38053e-10      #dY:16.3%  
  7.90e-5         3.929001e-9     6.42085e-10      #dY:16.3%  
  8.00e-5         3.953955e-9     6.46091e-10      #dY:16.3%  
  8.10e-5         3.978735e-9     6.50055e-10      #dY:16.3%  
  8.20e-5         4.003367e-9     6.54006e-10      #dY:16.3%  
  8.30e-5         4.027863e-9     6.5794e-10       #dY:16.3%  
  8.40e-5         4.052222e-9     6.61829e-10      #dY:16.3%  
  8.50e-5         4.076402e-9     6.65712e-10      #dY:16.3%  
  8.60e-5         4.100469e-9     6.69579e-10      #dY:16.3%  
  8.70e-5         4.124401e-9     6.73416e-10      #dY:16.3%  
  8.80e-5         4.148188e-9     6.77213e-10      #dY:16.3%  
  8.90e-5         4.171841e-9     6.81003e-10      #dY:16.3%  
  9.00e-5         4.195369e-9     6.84765e-10      #dY:16.3%  
  9.10e-5         4.218772e-9     6.88515e-10      #dY:16.3%  
  9.20e-5         4.242043e-9     6.92251e-10      #dY:16.3%  
  9.30e-5         4.265188e-9     6.95949e-10      #dY:16.3%  
  9.40e-5         4.288214e-9     6.99633e-10      #dY:16.3%  
  9.50e-5         4.311117e-9     7.03316e-10      #dY:16.3%  
  9.60e-5         4.333899e-9     7.06943e-10      #dY:16.3%  
  9.70e-5         4.356562e-9     7.1057e-10       #dY:16.3%  
  9.80e-5         4.379114e-9     7.14182e-10      #dY:16.3%  
  9.90e-5         4.401553e-9     7.17773e-10      #dY:16.3%  
  1.00e-4         4.423892e-9     7.21343e-10      #dY:16.3%  
  1.10e-4         4.641378e-9     7.56741e-10      #dY:16.3%  
  1.20e-4         4.849327e-9     8.07021e-10      #dY:16.6%  
  1.30e-4         5.048897e-9     8.37987e-10      #dY:16.6%  
  1.40e-4         5.241055e-9     8.6785e-10       #dY:16.6%  
  1.50e-4         5.426561e-9     8.96717e-10      #dY:16.5%  
  1.60e-4         5.606084e-9     9.24683e-10      #dY:16.5%  
  1.70e-4         5.780168e-9     9.51824e-10      #dY:16.5%  
  1.80e-4         5.949293e-9     9.78191e-10      #dY:16.4%  
  1.90e-4         6.113861e-9     1.00386e-9       #dY:16.4%  
  2.00e-4         6.27424e-9      1.02886e-9       #dY:16.4%  
  2.10e-4         6.430717e-9     1.05327e-9       #dY:16.4%  
  2.20e-4         6.583585e-9     1.07711e-9       #dY:16.4%  
  2.30e-4         6.73309e-9      1.10042e-9       #dY:16.3%  
  2.40e-4         6.87943e-9      1.12321e-9       #dY:16.3%  
  2.50e-4         7.02284e-9      1.14556e-9       #dY:16.3%  
  2.60e-4         7.163453e-9     1.16745e-9       #dY:16.3%  
  2.70e-4         7.301446e-9     1.18894e-9       #dY:16.3%  
  2.80e-4         7.436953e-9     1.21002e-9       #dY:16.3%  
  2.90e-4         7.57011e-9      1.23074e-9       #dY:16.3%  
  3.00e-4         7.701048e-9     1.25108e-9       #dY:16.2%  
  3.10e-4         7.829888e-9     1.27111e-9       #dY:16.2%  
  3.20e-4         7.956699e-9     1.29079e-9       #dY:16.2%  
  3.30e-4         8.081587e-9     1.31018e-9       #dY:16.2%  
  3.40e-4         8.204633e-9     1.32927e-9       #dY:16.2%  
  3.50e-4         8.32594e-9      1.34808e-9       #dY:16.2%  
  3.60e-4         8.445565e-9     1.36661e-9       #dY:16.2%  
  3.70e-4         8.563582e-9     1.38489e-9       #dY:16.2%  
  3.80e-4         8.680057e-9     1.40292e-9       #dY:16.2%  
  3.90e-4         8.79504e-9      1.42069e-9       #dY:16.2%  
  4.00e-4         8.908607e-9     1.43826e-9       #dY:16.1%  
  4.10e-4         9.020782e-9     1.45562e-9       #dY:16.1%  
  4.20e-4         9.131636e-9     1.47271e-9       #dY:16.1%  
  4.30e-4         9.241239e-9     1.48964e-9       #dY:16.1%  
  4.40e-4         9.349595e-9     1.50635e-9       #dY:16.1%  
  4.50e-4         9.456773e-9     1.52284e-9       #dY:16.1%  
  4.60e-4         9.562764e-9     1.53917e-9       #dY:16.1%  
  4.70e-4         9.667635e-9     1.55534e-9       #dY:16.1%  
  4.80e-4         9.771471e-9     1.57132e-9       #dY:16.1%  
  4.90e-4         9.874225e-9     1.58712e-9       #dY:16.1%  
  5.00e-4         9.976004e-9     1.60278e-9       #dY:16.1%  
  5.10e-4         1.007675e-8     1.61828e-9       #dY:16.1%  
  5.20e-4         1.017656e-8     1.63355e-9       #dY:16.1%  
  5.30e-4         1.027549e-8     1.64884e-9       #dY:16.0%  
  5.40e-4         1.037343e-8     1.66374e-9       #dY:16.0%  
  5.50e-4         1.047054e-8     1.67866e-9       #dY:16.0%  
  5.60e-4         1.056681e-8     1.6934e-9        #dY:16.0%  
  5.70e-4         1.066224e-8     1.70799e-9       #dY:16.0%  
  5.80e-4         1.075686e-8     1.72247e-9       #dY:16.0%  
  5.90e-4         1.08508e-8      1.73682e-9       #dY:16.0%  
  6.00e-4         1.094377e-8     1.75103e-9       #dY:16.0%  
  6.10e-4         1.103609e-8     1.76514e-9       #dY:16.0%  
  6.20e-4         1.112768e-8     1.77916e-9       #dY:16.0%  
  6.30e-4         1.121859e-8     1.793e-9         #dY:16.0%  
  6.40e-4         1.130886e-8     1.8067e-9        #dY:16.0%  
  6.50e-4         1.139828e-8     1.82029e-9       #dY:16.0%  
  6.60e-4         1.148726e-8     1.83384e-9       #dY:16.0%  
  6.70e-4         1.157535e-8     1.84724e-9       #dY:16.0%  
  6.80e-4         1.166292e-8     1.86059e-9       #dY:16.0%  
  6.90e-4         1.174985e-8     1.87381e-9       #dY:15.9%  
  7.00e-4         1.183613e-8     1.88689e-9       #dY:15.9%  
  7.10e-4         1.192186e-8     1.8998e-9        #dY:15.9%  
  7.20e-4         1.200709e-8     1.91277e-9       #dY:15.9%  
  7.30e-4         1.209174e-8     1.92561e-9       #dY:15.9%  
  7.40e-4         1.217576e-8     1.93837e-9       #dY:15.9%  
  7.50e-4         1.22591e-8      1.95101e-9       #dY:15.9%  
  7.60e-4         1.234203e-8     1.9635e-9        #dY:15.9%  
  7.70e-4         1.24245e-8      1.976e-9         #dY:15.9%  
  7.80e-4         1.250636e-8     1.98836e-9       #dY:15.9%  
  7.90e-4         1.258775e-8     2.00062e-9       #dY:15.9%  
  8.00e-4         1.266861e-8     2.01288e-9       #dY:15.9%  
  8.10e-4         1.274918e-8     2.02498e-9       #dY:15.9%  
  8.20e-4         1.282917e-8     2.03704e-9       #dY:15.9%  
  8.30e-4         1.290847e-8     2.04895e-9       #dY:15.9%  
  8.40e-4         1.298768e-8     2.06086e-9       #dY:15.9%  
  8.50e-4         1.306621e-8     2.07275e-9       #dY:15.9%  
  8.60e-4         1.314437e-8     2.08444e-9       #dY:15.9%  
  8.70e-4         1.3222e-8       2.09621e-9       #dY:15.9%  
  8.80e-4         1.329929e-8     2.10776e-9       #dY:15.8%  
  8.90e-4         1.337599e-8     2.11923e-9       #dY:15.8%  
  9.00e-4         1.345249e-8     2.13066e-9       #dY:15.8%  
  9.10e-4         1.352849e-8     2.14211e-9       #dY:15.8%  
  9.20e-4         1.360419e-8     2.15343e-9       #dY:15.8%  
  9.30e-4         1.367934e-8     2.16474e-9       #dY:15.8%  
  9.40e-4         1.375414e-8     2.17594e-9       #dY:15.8%  
  9.50e-4         1.382869e-8     2.18705e-9       #dY:15.8%  
  9.60e-4         1.390274e-8     2.19812e-9       #dY:15.8%  
  9.70e-4         1.397633e-8     2.20908e-9       #dY:15.8%  
  9.80e-4         1.404973e-8     2.2201e-9        #dY:15.8%  
  9.90e-4         1.41228e-8      2.23108e-9       #dY:15.8%  
  1.00e-3         1.419536e-8     2.24183e-9       #dY:15.8%  
  1.10e-3         1.490318e-8     2.35292e-9       #dY:15.8%  
  1.20e-3         1.558092e-8     2.50701e-9       #dY:16.1%  
  1.30e-3         1.623205e-8     2.59992e-9       #dY:16.0%  
  1.40e-3         1.685967e-8     2.68951e-9       #dY:16.0%  
  1.50e-3         1.746609e-8     2.77573e-9       #dY:15.9%  
  1.60e-3         1.805367e-8     2.85912e-9       #dY:15.8%  
  1.70e-3         1.862402e-8     2.93979e-9       #dY:15.8%  
  1.80e-3         1.917852e-8     3.01807e-9       #dY:15.7%  
  1.90e-3         1.971873e-8     3.09391e-9       #dY:15.7%  
  2.00e-3         2.024532e-8     3.16774e-9       #dY:15.6%  
  2.10e-3         2.075977e-8     3.23948e-9       #dY:15.6%  
  2.20e-3         2.126282e-8     3.30951e-9       #dY:15.6%  
  2.30e-3         2.175498e-8     3.37774e-9       #dY:15.5%  
  2.40e-3         2.223737e-8     3.44427e-9       #dY:15.5%  
  2.50e-3         2.271021e-8     3.50916e-9       #dY:15.5%  
  2.60e-3         2.317424e-8     3.57274e-9       #dY:15.4%  
  2.70e-3         2.362971e-8     3.63479e-9       #dY:15.4%  
  2.80e-3         2.40776e-8      3.69562e-9       #dY:15.3%  
  2.90e-3         2.451794e-8     3.75536e-9       #dY:15.3%  
  3.00e-3         2.495125e-8     3.81379e-9       #dY:15.3%  
  3.10e-3         2.537779e-8     3.87114e-9       #dY:15.3%  
  3.20e-3         2.579794e-8     3.92732e-9       #dY:15.2%  
  3.30e-3         2.621186e-8     3.98265e-9       #dY:15.2%  
  3.40e-3         2.662e-8        4.03678e-9       #dY:15.2%  
  3.50e-3         2.702271e-8     4.09005e-9       #dY:15.1%  
  3.60e-3         2.741987e-8     4.14244e-9       #dY:15.1%  
  3.70e-3         2.781197e-8     4.19406e-9       #dY:15.1%  
  3.80e-3         2.819932e-8     4.24469e-9       #dY:15.1%  
  3.90e-3         2.858172e-8     4.29464e-9       #dY:15.0%  
  4.00e-3         2.895965e-8     4.34372e-9       #dY:15.0%  
  4.10e-3         2.933329e-8     4.3922e-9        #dY:15.0%  
  4.20e-3         2.970253e-8     4.43988e-9       #dY:14.9%  
  4.30e-3         3.006774e-8     4.48691e-9       #dY:14.9%  
  4.40e-3         3.042911e-8     4.53337e-9       #dY:14.9%  
  4.50e-3         3.078663e-8     4.57917e-9       #dY:14.9%  
  4.60e-3         3.114052e-8     4.62429e-9       #dY:14.8%  
  4.70e-3         3.149088e-8     4.66877e-9       #dY:14.8%  
  4.80e-3         3.183763e-8     4.71263e-9       #dY:14.8%  
  4.90e-3         3.218115e-8     4.75603e-9       #dY:14.8%  
  5.00e-3         3.252158e-8     4.79884e-9       #dY:14.8%  
  5.10e-3         3.285856e-8     4.84105e-9       #dY:14.7%  
  5.20e-3         3.31928e-8      4.88287e-9       #dY:14.7%  
  5.30e-3         3.352391e-8     4.92426e-9       #dY:14.7%  
  5.40e-3         3.385218e-8     4.96506e-9       #dY:14.7%  
  5.50e-3         3.417769e-8     5.00543e-9       #dY:14.6%  
  5.60e-3         3.450058e-8     5.04535e-9       #dY:14.6%  
  5.70e-3         3.482041e-8     5.08475e-9       #dY:14.6%  
  5.80e-3         3.513789e-8     5.12361e-9       #dY:14.6%  
  5.90e-3         3.545295e-8     5.1622e-9        #dY:14.6%  
  6.00e-3         3.576546e-8     5.20038e-9       #dY:14.5%  
  6.10e-3         3.607541e-8     5.23795e-9       #dY:14.5%  
  6.20e-3         3.638336e-8     5.27545e-9       #dY:14.5%  
  6.30e-3         3.668887e-8     5.31235e-9       #dY:14.5%  
  6.40e-3         3.699221e-8     5.34882e-9       #dY:14.5%  
  6.50e-3         3.729336e-8     5.38511e-9       #dY:14.4%  
  6.60e-3         3.759227e-8     5.42094e-9       #dY:14.4%  
  6.70e-3         3.788937e-8     5.45649e-9       #dY:14.4%  
  6.80e-3         3.818428e-8     5.4916e-9        #dY:14.4%  
  6.90e-3         3.847707e-8     5.52645e-9       #dY:14.4%  
  7.00e-3         3.876805e-8     5.5609e-9        #dY:14.3%  
  7.10e-3         3.905719e-8     5.59509e-9       #dY:14.3%  
  7.20e-3         3.934449e-8     5.62894e-9       #dY:14.3%  
  7.30e-3         3.962972e-8     5.66243e-9       #dY:14.3%  
  7.40e-3         3.991332e-8     5.69552e-9       #dY:14.3%  
  7.50e-3         4.019521e-8     5.72854e-9       #dY:14.3%  
  7.60e-3         4.047537e-8     5.76126e-9       #dY:14.2%  
  7.70e-3         4.075386e-8     5.79359e-9       #dY:14.2%  
  7.80e-3         4.103069e-8     5.82562e-9       #dY:14.2%  
  7.90e-3         4.130578e-8     5.85737e-9       #dY:14.2%  
  8.00e-3         4.157933e-8     5.88875e-9       #dY:14.2%  
  8.10e-3         4.185141e-8     5.91996e-9       #dY:14.1%  
  8.20e-3         4.21219e-8      5.95096e-9       #dY:14.1%  
  8.30e-3         4.239092e-8     5.98182e-9       #dY:14.1%  
  8.40e-3         4.265843e-8     6.01222e-9       #dY:14.1%  
  8.50e-3         4.292454e-8     6.04246e-9       #dY:14.1%  
  8.60e-3         4.318918e-8     6.07255e-9       #dY:14.1%  
  8.70e-3         4.345241e-8     6.10222e-9       #dY:14.0%  
  8.80e-3         4.371413e-8     6.13175e-9       #dY:14.0%  
  8.90e-3         4.397485e-8     6.16102e-9       #dY:14.0%  
  9.00e-3         4.423398e-8     6.19021e-9       #dY:14.0%  
  9.10e-3         4.449188e-8     6.21904e-9       #dY:14.0%  
  9.20e-3         4.474844e-8     6.24763e-9       #dY:14.0%  
  9.30e-3         4.500369e-8     6.27604e-9       #dY:13.9%  
  9.40e-3         4.52579e-8      6.30423e-9       #dY:13.9%  
  9.50e-3         4.551065e-8     6.33214e-9       #dY:13.9%  
  9.60e-3         4.576235e-8     6.35994e-9       #dY:13.9%  
  9.70e-3         4.601275e-8     6.38748e-9       #dY:13.9%  
  9.80e-3         4.626205e-8     6.41485e-9       #dY:13.9%  
  9.90e-3         4.651011e-8     6.44186e-9       #dY:13.9%  
  0.01            4.675713e-8     6.46882e-9       #dY:13.8%  
  0.011           4.916806e-8     6.79488e-9       #dY:13.8%  
  0.012           5.148148e-8     7.19605e-9       #dY:14.0%  
  0.013           5.370913e-8     7.41343e-9       #dY:13.8%  
  0.014           5.586049e-8     7.61849e-9       #dY:13.6%  
  0.015           5.794367e-8     7.81237e-9       #dY:13.5%  
  0.016           5.996483e-8     7.99584e-9       #dY:13.3%  
  0.017           6.192979e-8     8.1701e-9        #dY:13.2%  
  0.018           6.384328e-8     8.33561e-9       #dY:13.1%  
  0.019           6.570921e-8     8.49328e-9       #dY:12.9%  
  0.02            6.753118e-8     8.64339e-9       #dY:12.8%  
  0.021           6.931272e-8     8.78741e-9       #dY:12.7%  
  0.022           7.105638e-8     8.92497e-9       #dY:12.6%  
  0.023           7.276469e-8     9.05665e-9       #dY:12.4%  
  0.024           7.443963e-8     9.18313e-9       #dY:12.3%  
  0.025           7.608332e-8     9.30491e-9       #dY:12.2%  
  0.026           7.769742e-8     9.42189e-9       #dY:12.1%  
  0.027           7.928403e-8     9.53493e-9       #dY:12.0%  
  0.028           8.084428e-8     9.64375e-9       #dY:11.9%  
  0.029           8.237975e-8     9.74818e-9       #dY:11.8%  
  0.03            8.389127e-8     9.84901e-9       #dY:11.7%  
  0.031           8.538006e-8     9.94617e-9       #dY:11.6%  
  0.032           8.684732e-8     1.00395e-8       #dY:11.6%  
  0.033           8.829382e-8     1.01293e-8       #dY:11.5%  
  0.034           8.972089e-8     1.02168e-8       #dY:11.4%  
  0.035           9.112897e-8     1.03009e-8       #dY:11.3%  
  0.036           9.251893e-8     1.03826e-8       #dY:11.2%  
  0.037           9.389175e-8     1.04615e-8       #dY:11.1%  
  0.038           9.524768e-8     1.05381e-8       #dY:11.1%  
  0.039           9.658722e-8     1.06116e-8       #dY:11.0%  
  0.04            9.791199e-8     1.06833e-8       #dY:10.9%  
  0.041           9.922136e-8     1.07529e-8       #dY:10.8%  
  0.042           1.005169e-7     1.08196e-8       #dY:10.8%  
  0.043           1.017968e-7     1.08845e-8       #dY:10.7%  
  0.044           1.030646e-7     1.09477e-8       #dY:10.6%  
  0.045           1.043189e-7     1.10089e-8       #dY:10.6%  
  0.046           1.055612e-7     1.10689e-8       #dY:10.5%  
  0.047           1.067898e-7     1.11267e-8       #dY:10.4%  
  0.048           1.080073e-7     1.11842e-8       #dY:10.4%  
  0.049           1.092136e-7     1.12381e-8       #dY:10.3%  
  0.05            1.104064e-7     1.12912e-8       #dY:10.2%  
  0.051           1.115893e-7     1.13435e-8       #dY:10.2%  
  0.052           1.12762e-7      1.1395e-8        #dY:10.1%  
  0.053           1.139242e-7     1.14455e-8       #dY:10.0%  
  0.054           1.150765e-7     1.14939e-8       #dY:10.0%  
  0.055           1.162187e-7     1.15414e-8       #dY:9.9%   
  0.056           1.17352e-7      1.15875e-8       #dY:9.9%   
  0.057           1.184743e-7     1.16324e-8       #dY:9.8%   
  0.058           1.195885e-7     1.1676e-8        #dY:9.8%   
  0.059           1.206931e-7     1.17191e-8       #dY:9.7%   
  0.06            1.217874e-7     1.17611e-8       #dY:9.7%   
  0.061           1.228742e-7     1.18016e-8       #dY:9.6%   
  0.062           1.239533e-7     1.18417e-8       #dY:9.6%   
  0.063           1.250224e-7     1.18811e-8       #dY:9.5%   
  0.064           1.260838e-7     1.19199e-8       #dY:9.5%   
  0.065           1.271383e-7     1.19575e-8       #dY:9.4%   
  0.066           1.281849e-7     1.19952e-8       #dY:9.4%   
  0.067           1.292239e-7     1.20312e-8       #dY:9.3%   
  0.068           1.302542e-7     1.20669e-8       #dY:9.3%   
  0.069           1.312778e-7     1.21022e-8       #dY:9.2%   
  0.07            1.322972e-7     1.21355e-8       #dY:9.2%   
  0.071           1.333055e-7     1.21692e-8       #dY:9.1%   
  0.072           1.343084e-7     1.22017e-8       #dY:9.1%   
  0.073           1.353055e-7     1.22334e-8       #dY:9.0%   
  0.074           1.362943e-7     1.2265e-8        #dY:9.0%   
  0.075           1.37277e-7      1.22961e-8       #dY:9.0%   
  0.076           1.382555e-7     1.23268e-8       #dY:8.9%   
  0.077           1.392246e-7     1.23565e-8       #dY:8.9%   
  0.078           1.401876e-7     1.23862e-8       #dY:8.8%   
  0.079           1.411445e-7     1.24155e-8       #dY:8.8%   
  0.08            1.420976e-7     1.24442e-8       #dY:8.8%   
  0.081           1.430432e-7     1.24722e-8       #dY:8.7%   
  0.082           1.439831e-7     1.25002e-8       #dY:8.7%   
  0.083           1.449183e-7     1.2527e-8        #dY:8.6%   
  0.084           1.458477e-7     1.25549e-8       #dY:8.6%   
  0.085           1.467713e-7     1.25812e-8       #dY:8.6%   
  0.086           1.476891e-7     1.26084e-8       #dY:8.5%   
  0.087           1.486025e-7     1.26335e-8       #dY:8.5%   
  0.088           1.495096e-7     1.26591e-8       #dY:8.5%   
  0.089           1.504121e-7     1.26848e-8       #dY:8.4%   
  0.09            1.513101e-7     1.27096e-8       #dY:8.4%   
  0.091           1.522017e-7     1.2734e-8        #dY:8.4%   
  0.092           1.530905e-7     1.27581e-8       #dY:8.3%   
  0.093           1.539724e-7     1.27808e-8       #dY:8.3%   
  0.094           1.548519e-7     1.28036e-8       #dY:8.3%   
  0.095           1.55725e-7      1.28258e-8       #dY:8.2%   
  0.096           1.565941e-7     1.28484e-8       #dY:8.2%   
  0.097           1.574571e-7     1.28701e-8       #dY:8.2%   
  0.098           1.583161e-7     1.2892e-8        #dY:8.1%   
  0.099           1.591712e-7     1.29133e-8       #dY:8.1%   
  0.1             1.600216e-7     1.29351e-8       #dY:8.1%   
  0.11            1.682934e-7     1.35548e-8       #dY:8.1%   
  0.12            1.761682e-7     1.40098e-8       #dY:8.0%   
  0.13            1.83701e-7      1.41199e-8       #dY:7.7%   
  0.14            1.909196e-7     1.4212e-8        #dY:7.4%   
  0.15            1.978463e-7     1.42948e-8       #dY:7.2%   
  0.16            2.045062e-7     1.43803e-8       #dY:7.0%   
  0.17            2.109163e-7     1.44585e-8       #dY:6.9%   
  0.18            2.170958e-7     1.45228e-8       #dY:6.7%   
  0.19            2.230593e-7     1.45985e-8       #dY:6.5%   
  0.2             2.288268e-7     1.46752e-8       #dY:6.4%   
  0.21            2.333578e-7     1.46882e-8       #dY:6.3%   
  0.22            2.377424e-7     1.46272e-8       #dY:6.2%   
  0.23            2.419907e-7     1.4589e-8        #dY:6.0%   
  0.24            2.461061e-7     1.4555e-8        #dY:5.9%   
  0.25            2.501076e-7     1.45365e-8       #dY:5.8%   
  0.26            2.54007e-7      1.45253e-8       #dY:5.7%   
  0.27            2.578027e-7     1.45046e-8       #dY:5.6%   
  0.28            2.614892e-7     1.44931e-8       #dY:5.5%   
  0.29            2.650709e-7     1.4505e-8        #dY:5.5%   
  0.3             2.68557e-7      1.45392e-8       #dY:5.4%   
  0.31            2.710137e-7     1.45457e-8       #dY:5.4%   
  0.32            2.733974e-7     1.44518e-8       #dY:5.3%   
  0.33            2.75719e-7      1.4395e-8        #dY:5.2%   
  0.34            2.779548e-7     1.4353e-8        #dY:5.2%   
  0.35            2.801035e-7     1.43352e-8       #dY:5.1%   
  0.36            2.821838e-7     1.43368e-8       #dY:5.1%   
  0.37            2.842162e-7     1.43562e-8       #dY:5.1%   
  0.38            2.861654e-7     1.43977e-8       #dY:5.0%   
  0.39            2.880358e-7     1.44578e-8       #dY:5.0%   
  0.4             2.898344e-7     1.45351e-8       #dY:5.0%   
  0.41            2.910747e-7     1.45987e-8       #dY:5.0%   
  0.42            2.922677e-7     1.45781e-8       #dY:5.0%   
  0.43            2.934467e-7     1.45801e-8       #dY:5.0%   
  0.44            2.945869e-7     1.46087e-8       #dY:5.0%   
  0.45            2.956546e-7     1.46565e-8       #dY:5.0%   
  0.46            2.966815e-7     1.47046e-8       #dY:5.0%   
  0.47            2.976428e-7     1.47603e-8       #dY:5.0%   
  0.48            2.985419e-7     1.48138e-8       #dY:5.0%   
  0.49            2.994078e-7     1.48571e-8       #dY:5.0%   
  0.5             3.002273e-7     1.4902e-8        #dY:5.0%   
  0.51            3.008204e-7     1.49357e-8       #dY:5.0%   
  0.52            3.013706e-7     1.49055e-8       #dY:4.9%   
  0.53            3.018762e-7     1.48684e-8       #dY:4.9%   
  0.54            3.023353e-7     1.48166e-8       #dY:4.9%   
  0.55            3.027589e-7     1.47474e-8       #dY:4.9%   
  0.56            3.031422e-7     1.46687e-8       #dY:4.8%   
  0.57            3.034751e-7     1.45794e-8       #dY:4.8%   
  0.58            3.037628e-7     1.44691e-8       #dY:4.8%   
  0.59            3.040357e-7     1.43449e-8       #dY:4.7%   
  0.6             3.042643e-7     1.42336e-8       #dY:4.7%   
  0.61            3.044419e-7     1.41055e-8       #dY:4.6%   
  0.62            3.045929e-7     1.3931e-8        #dY:4.6%   
  0.63            3.047482e-7     1.37501e-8       #dY:4.5%   
  0.64            3.048754e-7     1.35963e-8       #dY:4.5%   
  0.65            3.04984e-7      1.3448e-8        #dY:4.4%   
  0.66            3.05059e-7      1.33001e-8       #dY:4.4%   
  0.67            3.051179e-7     1.31434e-8       #dY:4.3%   
  0.68            3.051404e-7     1.29865e-8       #dY:4.3%   
  0.69            3.051414e-7     1.28177e-8       #dY:4.2%   
  0.7             3.051006e-7     1.26381e-8       #dY:4.1%   
  0.71            3.050849e-7     1.24498e-8       #dY:4.1%   
  0.72            3.050536e-7     1.22461e-8       #dY:4.0%   
  0.73            3.049959e-7     1.20522e-8       #dY:4.0%   
  0.74            3.049417e-7     1.18663e-8       #dY:3.9%   
  0.75            3.048908e-7     1.16973e-8       #dY:3.8%   
  0.76            3.048267e-7     1.15502e-8       #dY:3.8%   
  0.77            3.047375e-7     1.14215e-8       #dY:3.7%   
  0.78            3.046339e-7     1.12945e-8       #dY:3.7%   
  0.79            3.045084e-7     1.11729e-8       #dY:3.7%   
  0.8             3.043776e-7     1.10539e-8       #dY:3.6%   
  0.81            3.043104e-7     1.09454e-8       #dY:3.6%   
  0.82            3.04222e-7      1.0831e-8        #dY:3.6%   
  0.83            3.04106e-7      1.07186e-8       #dY:3.5%   
  0.84            3.039749e-7     1.06079e-8       #dY:3.5%   
  0.85            3.038219e-7     1.05e-8          #dY:3.5%   
  0.86            3.036507e-7     1.0396e-8        #dY:3.4%   
  0.87            3.034629e-7     1.02965e-8       #dY:3.4%   
  0.88            3.032643e-7     1.02017e-8       #dY:3.4%   
  0.89            3.030457e-7     1.01112e-8       #dY:3.3%   
  0.9             3.028225e-7     1.00256e-8       #dY:3.3%   
  0.91            3.026236e-7     9.95151e-9       #dY:3.3%   
  0.92            3.024126e-7     9.86557e-9       #dY:3.3%   
  0.93            3.021964e-7     9.78065e-9       #dY:3.2%   
  0.94            3.019765e-7     9.6998e-9        #dY:3.2%   
  0.95            3.017536e-7     9.62133e-9       #dY:3.2%   
  0.96            3.015219e-7     9.53939e-9       #dY:3.2%   
  0.97            3.012713e-7     9.45716e-9       #dY:3.1%   
  0.98            3.010035e-7     9.37837e-9       #dY:3.1%   
  0.99            3.007275e-7     9.30185e-9       #dY:3.1%   
  1               3.004356e-7     9.2294e-9        #dY:3.1%   
  1.1             2.969577e-7     9.0615e-9        #dY:3.1%   
  1.2             2.922995e-7     8.14921e-9       #dY:2.8%   
  1.3             2.864206e-7     7.26751e-9       #dY:2.5%   
  1.4             2.793943e-7     6.53954e-9       #dY:2.3%   
  1.5             2.714289e-7     6.16101e-9       #dY:2.3%   
  1.6             2.626927e-7     6.16353e-9       #dY:2.3%   
  1.7             2.535552e-7     6.41032e-9       #dY:2.5%   
  1.8             2.440826e-7     6.70229e-9       #dY:2.7%   
  1.9             2.344675e-7     6.96299e-9       #dY:3.0%   
  2               2.248536e-7     7.08512e-9       #dY:3.2%   
  2.1             2.153718e-7     7.06652e-9       #dY:3.3%   
  2.2             2.06015e-7      6.9064e-9        #dY:3.4%   
  2.3             1.969052e-7     6.66549e-9       #dY:3.4%   
  2.4             1.880608e-7     6.37219e-9       #dY:3.4%   
  2.5             1.794594e-7     6.07099e-9       #dY:3.4%   
  2.6             1.711534e-7     5.77683e-9       #dY:3.4%   
  2.7             1.631327e-7     5.50328e-9       #dY:3.4%   
  2.8             1.55406e-7      5.214e-9         #dY:3.4%   
  2.9             1.479608e-7     4.88211e-9       #dY:3.3%   
  3               1.407958e-7     4.52776e-9       #dY:3.2%   
  3.1             1.339275e-7     4.1727e-9        #dY:3.1%   
  3.2             1.273226e-7     3.83886e-9       #dY:3.0%   
  3.3             1.210015e-7     3.56535e-9       #dY:2.9%   
  3.4             1.149434e-7     3.33007e-9       #dY:2.9%   
  3.5             1.09156e-7      3.13807e-9       #dY:2.9%   
  3.6             1.036272e-7     2.97633e-9       #dY:2.9%   
  3.7             9.83363e-8      2.8298e-9        #dY:2.9%   
  3.8             9.330668e-8     2.69905e-9       #dY:2.9%   
  3.9             8.850919e-8     2.57644e-9       #dY:2.9%   
  4               8.395309e-8     2.46575e-9       #dY:2.9%   
  4.1             7.962595e-8     2.3677e-9        #dY:3.0%   
  4.2             7.551721e-8     2.2727e-9        #dY:3.0%   
  4.3             7.162306e-8     2.18862e-9       #dY:3.1%   
  4.4             6.794437e-8     2.11162e-9       #dY:3.1%   
  4.5             6.446315e-8     2.03573e-9       #dY:3.2%   
  4.6             6.117503e-8     1.96595e-9       #dY:3.2%   
  4.7             5.806597e-8     1.89913e-9       #dY:3.3%   
  4.8             5.513234e-8     1.83674e-9       #dY:3.3%   
  4.9             5.235935e-8     1.7746e-9        #dY:3.4%   
  5               4.974345e-8     1.71401e-9       #dY:3.4%   
  5.1             4.727576e-8     1.65704e-9       #dY:3.5%   
  5.2             4.495005e-8     1.60071e-9       #dY:3.6%   
  5.3             4.275877e-8     1.54386e-9       #dY:3.6%   
  5.4             4.069451e-8     1.49097e-9       #dY:3.7%   
  5.5             3.875089e-8     1.43945e-9       #dY:3.7%   
  5.6             3.692132e-8     1.38845e-9       #dY:3.8%   
  5.7             3.520077e-8     1.34202e-9       #dY:3.8%   
  5.8             3.357778e-8     1.29855e-9       #dY:3.9%   
  5.9             3.204952e-8     1.25859e-9       #dY:3.9%   
  6               3.060878e-8     1.22552e-9       #dY:4.0%   
  6.1             2.924632e-8     1.19873e-9       #dY:4.1%   
  6.2             2.795826e-8     1.17485e-9       #dY:4.2%   
  6.3             2.673568e-8     1.15259e-9       #dY:4.3%   
  6.4             2.557138e-8     1.13351e-9       #dY:4.4%   
  6.5             2.446395e-8     1.12119e-9       #dY:4.6%   
  6.6             2.341032e-8     1.12086e-9       #dY:4.8%   
  6.7             2.240203e-8     1.12522e-9       #dY:5.0%   
  6.8             2.142964e-8     1.11701e-9       #dY:5.2%   
  6.9             2.048778e-8     1.09119e-9       #dY:5.3%   
  7               1.95712e-8      1.05603e-9       #dY:5.4%   
  7.1             1.868033e-8     1.02276e-9       #dY:5.5%   
  7.2             1.781746e-8     9.98494e-10      #dY:5.6%   
  7.3             1.698491e-8     9.85052e-10      #dY:5.8%   
  7.4             1.618203e-8     9.80048e-10      #dY:6.1%   
  7.5             1.540599e-8     9.8709e-10       #dY:6.4%   
  7.6             1.465585e-8     1.01389e-9       #dY:6.9%   
  7.7             1.393079e-8     1.06375e-9       #dY:7.6%   
  7.8             1.323146e-8     1.15427e-9       #dY:8.7%   
  7.9             1.256035e-8     1.27304e-9       #dY:10.1%  
  8               1.191928e-8     1.39559e-9       #dY:11.7%  
  8.1             1.13138e-8      1.58883e-9       #dY:14.0%  
  8.2             1.074932e-8     1.62557e-9       #dY:15.1%  
  8.3             1.022854e-8     1.667e-9         #dY:16.3%  
  8.4             9.751183e-9     1.60572e-9       #dY:16.5%  
  8.5             9.314115e-9     1.40624e-9       #dY:15.1%  
  8.6             8.911859e-9     1.19197e-9       #dY:13.4%  
  8.7             8.535204e-9     9.709e-10        #dY:11.4%  
  8.8             8.179005e-9     7.4506e-10       #dY:9.1%   
  8.9             7.840093e-9     5.50951e-10      #dY:7.0%   
  9               7.518527e-9     4.33167e-10      #dY:5.8%   
  9.1             7.215495e-9     3.85403e-10      #dY:5.3%   
  9.2             6.933079e-9     3.63891e-10      #dY:5.2%   
  9.3             6.673153e-9     3.48997e-10      #dY:5.2%   
  9.4             6.43476e-9      3.35558e-10      #dY:5.2%   
  9.5             6.216256e-9     3.229e-10        #dY:5.2%   
  9.6             6.015438e-9     3.10669e-10      #dY:5.2%   
  9.7             5.829989e-9     2.98693e-10      #dY:5.1%   
  9.8             5.657708e-9     2.87001e-10      #dY:5.1%   
  9.9             5.496916e-9     2.75703e-10      #dY:5.0%   
  10              5.346527e-9     2.64817e-10      #dY:5.0%   
  10.2            5.072248e-9     2.47757e-10      #dY:4.9%   
  10.4            4.827752e-9     2.25617e-10      #dY:4.7%   
  10.6            4.605303e-9     2.08182e-10      #dY:4.5%   
  10.8            4.388879e-9     1.91413e-10      #dY:4.4%   
  11              4.18441e-9      1.75907e-10      #dY:4.2%   
  11.2            3.990939e-9     1.61782e-10      #dY:4.1%   
  11.4            3.807522e-9     1.48643e-10      #dY:3.9%   
  11.6            3.640636e-9     1.36845e-10      #dY:3.8%   
  11.8            3.50444e-9      1.2653e-10       #dY:3.6%   
  12              3.392307e-9     1.17078e-10      #dY:3.5%   
  12.2            3.285293e-9     1.07626e-10      #dY:3.3%   
  12.4            3.17942e-9      9.8464e-11       #dY:3.1%   
  12.6            3.073686e-9     8.99111e-11      #dY:2.9%   
  12.8            2.97827e-9      8.22648e-11      #dY:2.8%   
  13              2.902558e-9     7.5576e-11       #dY:2.6%   
  13.2            2.880357e-9     7.03037e-11      #dY:2.4%   
  13.4            2.89962e-9      6.54802e-11      #dY:2.3%   
  13.6            3.135236e-9     6.43433e-11      #dY:2.1%   
  13.8            3.541155e-9     6.31498e-11      #dY:1.8%   
  14              3.528892e-9     5.15566e-11      #dY:1.5%   
  14.2            2.044042e-9     2.55346e-11      #dY:1.2%   
  14.4            8.48657e-10     1.21642e-11      #dY:1.4%   
  14.6            4.12415e-10     1.02897e-11      #dY:2.5%   
  14.8            1.68424e-10     8.69949e-12      #dY:5.2%   
  15              8.73143e-11     8.8267e-12       #dY:10.1%  
  15.2            6.49612e-11     1.34348e-11      #dY:20.7%  
  15.4            5.51726e-11     1.72485e-11      #dY:31.3%  
  15.6            4.81135e-11     1.71528e-11      #dY:35.7%  
  15.8            4.21164e-11     1.56996e-11      #dY:37.3%  
  16              3.68812e-11     1.41399e-11      #dY:38.3%  
  16.2            3.22976e-11     1.26998e-11      #dY:39.3%  
  16.4            2.8284e-11      1.13967e-11      #dY:40.3%  
  16.6            2.47701e-11     1.0223e-11       #dY:41.3%  
  16.8            2.16935e-11     9.16676e-12      #dY:42.3%  
  17              1.89997e-11     8.21686e-12      #dY:43.2%  
  17.2            1.66412e-11     7.36281e-12      #dY:44.2%  
  17.4            1.45762e-11     6.59572e-12      #dY:45.2%  
  17.6            1.27677e-11     5.90653e-12      #dY:46.3%  
  17.8            1.11849e-11     5.28793e-12      #dY:47.3%  
  18              9.79941e-12     4.73315e-12      #dY:48.3%  
  18.2            8.58642e-12     4.23547e-12      #dY:49.3%  
  18.4            7.52464e-12     3.78943e-12      #dY:50.4%  
  18.6            6.59511e-12     3.38972e-12      #dY:51.4%  
  18.8            5.78097e-12     3.03154e-12      #dY:52.4%  
  19              7.2003e-12      3.85121e-12      #dY:53.5%  
  19.2            4.44428e-12     2.02568e-12      #dY:45.6%  
  19.4            3.89778e-12     1.77003e-12      #dY:45.4%  
  19.6            3.41916e-12     1.93665e-12      #dY:56.6%  
  19.8            3.0001e-12      1.73089e-12      #dY:57.7%  
  20              2.6329e-12      1.54682e-12      #dY:58.7%  
  20.2            2.31114e-12     1.38213e-12      #dY:59.8%  
  20.4            2.0292e-12      1.23493e-12      #dY:60.9%  
  20.6            1.78196e-12     1.10325e-12      #dY:61.9%  
  20.8            1.56522e-12     9.85513e-13      #dY:63.0%  
  21              1.37519e-12     8.8033e-13       #dY:64.0%  
  21.2            1.20852e-12     7.86326e-13      #dY:65.1%  
  21.4            1.06229e-12     7.02295e-13      #dY:66.1%  
  21.6            9.3397e-13      6.27216e-13      #dY:67.2%  
  21.8            8.21298e-13     5.60122e-13      #dY:68.2%  
  22              7.22365e-13     5.00155e-13      #dY:69.2%  
  22.2            6.35488e-13     4.46595e-13      #dY:70.3%  
  22.4            5.59173e-13     3.98754e-13      #dY:71.3%  
  22.6            4.92123e-13     3.56019e-13      #dY:72.3%  
  22.8            4.33199e-13     3.1785e-13       #dY:73.4%  
  23              3.81386e-13     2.83744e-13      #dY:74.4%  
  23.2            3.35828e-13     2.53284e-13      #dY:75.4%  
  23.4            2.95759e-13     2.26082e-13      #dY:76.4%  
  23.6            2.60517e-13     2.01791e-13      #dY:77.5%  
  23.8            2.29515e-13     1.80103e-13      #dY:78.5%  
  24              2.02237e-13     1.60739e-13      #dY:79.5%  
  24.2            1.78229e-13     1.43448e-13      #dY:80.5%  
  24.4            1.57097e-13     1.28008e-13      #dY:81.5%  
  24.6            1.38495e-13     1.14224e-13      #dY:82.5%  
  24.8            1.22115e-13     1.01921e-13      #dY:83.5%  
  25              1.07688e-13     9.09355e-14      #dY:84.4%  
  25.2            9.49766e-14     8.11273e-14      #dY:85.4%  
  25.4            8.37767e-14     7.23701e-14      #dY:86.4%  
  25.6            7.39064e-14     6.45552e-14      #dY:87.3%  
  25.8            6.52051e-14     5.75811e-14      #dY:88.3%  
  26              5.75352e-14     5.13547e-14      #dY:89.3%  
  26.2            5.07726e-14     4.57982e-14      #dY:90.2%  
  26.4            4.48102e-14     4.08406e-14      #dY:91.1%  
  26.6            3.95516e-14     3.64157e-14      #dY:92.1%  
  26.8            3.49134e-14     3.24677e-14      #dY:93.0%  
  27              3.0822e-14      2.89447e-14      #dY:93.9%  
  27.2            2.72129e-14     2.5802e-14       #dY:94.8%  
  27.4            2.40283e-14     2.29985e-14      #dY:95.7%  
  27.6            2.12175e-14     2.04965e-14      #dY:96.6%  
  27.8            1.87374e-14     1.82652e-14      #dY:97.5%  
  28              1.65487e-14     1.62764e-14      #dY:98.4%  
  28.2            1.46162e-14     1.45027e-14      #dY:99.2%  
  28.4            1.29103e-14     1.29211e-14      #dY:100.1% 
  28.6            1.14044e-14     1.15114e-14      #dY:100.9% 
  28.8            1.00746e-14     1.02546e-14      #dY:101.8% 
  29              8.90009e-15     9.13367e-15      #dY:102.6% 
  29.2            7.86286e-15     8.13462e-15      #dY:103.5% 
  29.4            6.94675e-15     7.24421e-15      #dY:104.3% 
  29.6            6.13762e-15     6.45033e-15      #dY:105.1% 
  29.8            5.42279e-15     5.74286e-15      #dY:105.9% 
  30              0.00            0.00                        
//
#-------------------------------------------------------------------------------
#
#name:   INDEN-Aug2023: PU-239(N,F) E_in=30. MeV
#X.axis: Energy
#Y.axis: 
#wdata:  3
#ldata:  642
#data...
# X               Y               +-dY           
# MeV             1/eV            1/eV           
  0.00            0.00            0.00                        
  1.00e-5         1.149939e-9     4.57127e-11      #dY:4.0%   
  1.10e-5         1.206312e-9     4.79536e-11      #dY:4.0%   
  1.20e-5         1.260207e-9     2.56381e-10      #dY:20.3%  
  1.30e-5         1.311915e-9     2.66284e-10      #dY:20.3%  
  1.40e-5         1.3617e-9       2.7585e-10       #dY:20.3%  
  1.50e-5         1.409733e-9     2.85073e-10      #dY:20.2%  
  1.60e-5         1.456211e-9     2.9403e-10       #dY:20.2%  
  1.70e-5         1.501276e-9     3.0272e-10       #dY:20.2%  
  1.80e-5         1.545062e-9     3.1117e-10       #dY:20.1%  
  1.90e-5         1.587639e-9     3.19398e-10      #dY:20.1%  
  2.00e-5         1.62913e-9      3.27418e-10      #dY:20.1%  
  2.10e-5         1.669615e-9     3.3525e-10       #dY:20.1%  
  2.20e-5         1.709152e-9     3.4289e-10       #dY:20.1%  
  2.30e-5         1.747813e-9     3.5038e-10       #dY:20.0%  
  2.40e-5         1.785654e-9     3.57716e-10      #dY:20.0%  
  2.50e-5         1.822718e-9     3.64884e-10      #dY:20.0%  
  2.60e-5         1.85906e-9      3.71924e-10      #dY:20.0%  
  2.70e-5         1.894724e-9     3.78832e-10      #dY:20.0%  
  2.80e-5         1.929737e-9     3.85617e-10      #dY:20.0%  
  2.90e-5         1.964151e-9     3.92286e-10      #dY:20.0%  
  3.00e-5         1.997979e-9     3.98839e-10      #dY:20.0%  
  3.10e-5         2.03125e-9      4.05281e-10      #dY:20.0%  
  3.20e-5         2.063992e-9     4.11636e-10      #dY:19.9%  
  3.30e-5         2.096253e-9     4.17877e-10      #dY:19.9%  
  3.40e-5         2.128015e-9     4.24032e-10      #dY:19.9%  
  3.50e-5         2.159338e-9     4.30108e-10      #dY:19.9%  
  3.60e-5         2.19021e-9      4.36085e-10      #dY:19.9%  
  3.70e-5         2.220655e-9     4.4198e-10       #dY:19.9%  
  3.80e-5         2.250716e-9     4.47796e-10      #dY:19.9%  
  3.90e-5         2.280379e-9     4.53552e-10      #dY:19.9%  
  4.00e-5         2.30968e-9      4.59224e-10      #dY:19.9%  
  4.10e-5         2.338622e-9     4.64817e-10      #dY:19.9%  
  4.20e-5         2.367223e-9     4.70365e-10      #dY:19.9%  
  4.30e-5         2.395487e-9     4.75833e-10      #dY:19.9%  
  4.40e-5         2.423425e-9     4.81236e-10      #dY:19.9%  
  4.50e-5         2.45105e-9      4.86588e-10      #dY:19.9%  
  4.60e-5         2.478378e-9     4.91871e-10      #dY:19.8%  
  4.70e-5         2.505419e-9     4.97103e-10      #dY:19.8%  
  4.80e-5         2.532191e-9     5.0229e-10       #dY:19.8%  
  4.90e-5         2.558675e-9     5.07396e-10      #dY:19.8%  
  5.00e-5         2.584897e-9     5.12462e-10      #dY:19.8%  
  5.10e-5         2.610856e-9     5.1749e-10       #dY:19.8%  
  5.20e-5         2.636579e-9     5.2247e-10       #dY:19.8%  
  5.30e-5         2.662053e-9     5.27392e-10      #dY:19.8%  
  5.40e-5         2.687294e-9     5.3227e-10       #dY:19.8%  
  5.50e-5         2.712302e-9     5.37103e-10      #dY:19.8%  
  5.60e-5         2.737108e-9     5.41899e-10      #dY:19.8%  
  5.70e-5         2.761678e-9     5.46644e-10      #dY:19.8%  
  5.80e-5         2.786049e-9     5.51335e-10      #dY:19.8%  
  5.90e-5         2.810205e-9     5.56001e-10      #dY:19.8%  
  6.00e-5         2.834166e-9     5.60636e-10      #dY:19.8%  
  6.10e-5         2.857931e-9     5.65217e-10      #dY:19.8%  
  6.20e-5         2.881512e-9     5.69767e-10      #dY:19.8%  
  6.30e-5         2.904889e-9     5.74279e-10      #dY:19.8%  
  6.40e-5         2.928119e-9     5.78761e-10      #dY:19.8%  
  6.50e-5         2.951136e-9     5.832e-10        #dY:19.8%  
  6.60e-5         2.974002e-9     5.87608e-10      #dY:19.8%  
  6.70e-5         2.996688e-9     5.91982e-10      #dY:19.8%  
  6.80e-5         3.019217e-9     5.96324e-10      #dY:19.8%  
  6.90e-5         3.041582e-9     6.00641e-10      #dY:19.7%  
  7.00e-5         3.063785e-9     6.04907e-10      #dY:19.7%  
  7.10e-5         3.085834e-9     6.09152e-10      #dY:19.7%  
  7.20e-5         3.107741e-9     6.13379e-10      #dY:19.7%  
  7.30e-5         3.129486e-9     6.17566e-10      #dY:19.7%  
  7.40e-5         3.151097e-9     6.2173e-10       #dY:19.7%  
  7.50e-5         3.172567e-9     6.2586e-10       #dY:19.7%  
  7.60e-5         3.193888e-9     6.29969e-10      #dY:19.7%  
  7.70e-5         3.215084e-9     6.34041e-10      #dY:19.7%  
  7.80e-5         3.236129e-9     6.38087e-10      #dY:19.7%  
  7.90e-5         3.257061e-9     6.42121e-10      #dY:19.7%  
  8.00e-5         3.27786e-9      6.46125e-10      #dY:19.7%  
  8.10e-5         3.298517e-9     6.50089e-10      #dY:19.7%  
  8.20e-5         3.319061e-9     6.54041e-10      #dY:19.7%  
  8.30e-5         3.339485e-9     6.57974e-10      #dY:19.7%  
  8.40e-5         3.359787e-9     6.61861e-10      #dY:19.7%  
  8.50e-5         3.379981e-9     6.65751e-10      #dY:19.7%  
  8.60e-5         3.40005e-9      6.69616e-10      #dY:19.7%  
  8.70e-5         3.419991e-9     6.73446e-10      #dY:19.7%  
  8.80e-5         3.439838e-9     6.77247e-10      #dY:19.7%  
  8.90e-5         3.459571e-9     6.81039e-10      #dY:19.7%  
  9.00e-5         3.479199e-9     6.848e-10        #dY:19.7%  
  9.10e-5         3.498726e-9     6.8855e-10       #dY:19.7%  
  9.20e-5         3.518135e-9     6.92284e-10      #dY:19.7%  
  9.30e-5         3.537452e-9     6.95984e-10      #dY:19.7%  
  9.40e-5         3.556676e-9     6.9967e-10       #dY:19.7%  
  9.50e-5         3.575778e-9     7.03349e-10      #dY:19.7%  
  9.60e-5         3.594798e-9     7.06978e-10      #dY:19.7%  
  9.70e-5         3.613715e-9     7.10606e-10      #dY:19.7%  
  9.80e-5         3.632542e-9     7.14217e-10      #dY:19.7%  
  9.90e-5         3.651278e-9     7.17809e-10      #dY:19.7%  
  1.00e-4         3.669915e-9     7.21376e-10      #dY:19.7%  
  1.10e-4         3.851529e-9     7.56987e-10      #dY:19.7%  
  1.20e-4         4.02528e-9      8.07382e-10      #dY:20.1%  
  1.30e-4         4.192128e-9     8.38346e-10      #dY:20.0%  
  1.40e-4         4.352873e-9     8.6821e-10       #dY:19.9%  
  1.50e-4         4.508129e-9     8.97074e-10      #dY:19.9%  
  1.60e-4         4.658444e-9     9.25036e-10      #dY:19.9%  
  1.70e-4         4.804287e-9     9.52177e-10      #dY:19.8%  
  1.80e-4         4.946043e-9     9.78544e-10      #dY:19.8%  
  1.90e-4         5.084034e-9     1.00421e-9       #dY:19.8%  
  2.00e-4         5.218579e-9     1.02921e-9       #dY:19.7%  
  2.10e-4         5.349914e-9     1.05362e-9       #dY:19.7%  
  2.20e-4         5.478258e-9     1.07746e-9       #dY:19.7%  
  2.30e-4         5.603845e-9     1.10076e-9       #dY:19.6%  
  2.40e-4         5.726821e-9     1.12356e-9       #dY:19.6%  
  2.50e-4         5.847361e-9     1.1459e-9        #dY:19.6%  
  2.60e-4         5.96561e-9      1.1678e-9        #dY:19.6%  
  2.70e-4         6.081692e-9     1.18929e-9       #dY:19.6%  
  2.80e-4         6.195744e-9     1.21036e-9       #dY:19.5%  
  2.90e-4         6.307859e-9     1.23109e-9       #dY:19.5%  
  3.00e-4         6.418142e-9     1.25143e-9       #dY:19.5%  
  3.10e-4         6.526669e-9     1.27145e-9       #dY:19.5%  
  3.20e-4         6.633547e-9     1.29113e-9       #dY:19.5%  
  3.30e-4         6.738837e-9     1.31052e-9       #dY:19.4%  
  3.40e-4         6.842625e-9     1.32962e-9       #dY:19.4%  
  3.50e-4         6.944958e-9     1.34842e-9       #dY:19.4%  
  3.60e-4         7.045892e-9     1.36694e-9       #dY:19.4%  
  3.70e-4         7.145518e-9     1.38522e-9       #dY:19.4%  
  3.80e-4         7.243865e-9     1.40326e-9       #dY:19.4%  
  3.90e-4         7.341014e-9     1.42104e-9       #dY:19.4%  
  4.00e-4         7.436948e-9     1.4386e-9        #dY:19.3%  
  4.10e-4         7.531761e-9     1.45595e-9       #dY:19.3%  
  4.20e-4         7.625485e-9     1.47305e-9       #dY:19.3%  
  4.30e-4         7.718154e-9     1.48997e-9       #dY:19.3%  
  4.40e-4         7.809808e-9     1.50669e-9       #dY:19.3%  
  4.50e-4         7.900483e-9     1.52318e-9       #dY:19.3%  
  4.60e-4         7.990224e-9     1.53951e-9       #dY:19.3%  
  4.70e-4         8.079018e-9     1.55568e-9       #dY:19.3%  
  4.80e-4         8.166938e-9     1.57165e-9       #dY:19.2%  
  4.90e-4         8.253991e-9     1.58746e-9       #dY:19.2%  
  5.00e-4         8.340211e-9     1.60312e-9       #dY:19.2%  
  5.10e-4         8.425614e-9     1.61862e-9       #dY:19.2%  
  5.20e-4         8.510255e-9     1.63389e-9       #dY:19.2%  
  5.30e-4         8.594088e-9     1.64916e-9       #dY:19.2%  
  5.40e-4         8.677215e-9     1.66407e-9       #dY:19.2%  
  5.50e-4         8.759612e-9     1.679e-9         #dY:19.2%  
  5.60e-4         8.84131e-9      1.69373e-9       #dY:19.2%  
  5.70e-4         8.922301e-9     1.70832e-9       #dY:19.1%  
  5.80e-4         9.002675e-9     1.7228e-9        #dY:19.1%  
  5.90e-4         9.082344e-9     1.73714e-9       #dY:19.1%  
  6.00e-4         9.161409e-9     1.75137e-9       #dY:19.1%  
  6.10e-4         9.239848e-9     1.76548e-9       #dY:19.1%  
  6.20e-4         9.317684e-9     1.77949e-9       #dY:19.1%  
  6.30e-4         9.394952e-9     1.79333e-9       #dY:19.1%  
  6.40e-4         9.47162e-9      1.80702e-9       #dY:19.1%  
  6.50e-4         9.547763e-9     1.82063e-9       #dY:19.1%  
  6.60e-4         9.623286e-9     1.83414e-9       #dY:19.1%  
  6.70e-4         9.698328e-9     1.84757e-9       #dY:19.1%  
  6.80e-4         9.772878e-9     1.86094e-9       #dY:19.0%  
  6.90e-4         9.846877e-9     1.87414e-9       #dY:19.0%  
  7.00e-4         9.920374e-9     1.88722e-9       #dY:19.0%  
  7.10e-4         9.993398e-9     1.90014e-9       #dY:19.0%  
  7.20e-4         1.006596e-8     1.9131e-9        #dY:19.0%  
  7.30e-4         1.013794e-8     1.92591e-9       #dY:19.0%  
  7.40e-4         1.02096e-8      1.93869e-9       #dY:19.0%  
  7.50e-4         1.028075e-8     1.95136e-9       #dY:19.0%  
  7.60e-4         1.03515e-8      1.96385e-9       #dY:19.0%  
  7.70e-4         1.04218e-8      1.97633e-9       #dY:19.0%  
  7.80e-4         1.049166e-8     1.98869e-9       #dY:19.0%  
  7.90e-4         1.056103e-8     2.00094e-9       #dY:18.9%  
  8.00e-4         1.063009e-8     2.01322e-9       #dY:18.9%  
  8.10e-4         1.069865e-8     2.02527e-9       #dY:18.9%  
  8.20e-4         1.076692e-8     2.03734e-9       #dY:18.9%  
  8.30e-4         1.083481e-8     2.04931e-9       #dY:18.9%  
  8.40e-4         1.090224e-8     2.06117e-9       #dY:18.9%  
  8.50e-4         1.096941e-8     2.07308e-9       #dY:18.9%  
  8.60e-4         1.10361e-8      2.08476e-9       #dY:18.9%  
  8.70e-4         1.11025e-8      2.09654e-9       #dY:18.9%  
  8.80e-4         1.116837e-8     2.10806e-9       #dY:18.9%  
  8.90e-4         1.123423e-8     2.1196e-9        #dY:18.9%  
  9.00e-4         1.129953e-8     2.13099e-9       #dY:18.9%  
  9.10e-4         1.13644e-8      2.1424e-9        #dY:18.9%  
  9.20e-4         1.142924e-8     2.15376e-9       #dY:18.8%  
  9.30e-4         1.149353e-8     2.16507e-9       #dY:18.8%  
  9.40e-4         1.15576e-8      2.17628e-9       #dY:18.8%  
  9.50e-4         1.162124e-8     2.18735e-9       #dY:18.8%  
  9.60e-4         1.168455e-8     2.19841e-9       #dY:18.8%  
  9.70e-4         1.17477e-8      2.20942e-9       #dY:18.8%  
  9.80e-4         1.181053e-8     2.22044e-9       #dY:18.8%  
  9.90e-4         1.187292e-8     2.23137e-9       #dY:18.8%  
  1.00e-3         1.193525e-8     2.24218e-9       #dY:18.8%  
  1.10e-3         1.25422e-8      2.35527e-9       #dY:18.8%  
  1.20e-3         1.312412e-8     2.51037e-9       #dY:19.1%  
  1.30e-3         1.368417e-8     2.60324e-9       #dY:19.0%  
  1.40e-3         1.422491e-8     2.69283e-9       #dY:18.9%  
  1.50e-3         1.474808e-8     2.77902e-9       #dY:18.8%  
  1.60e-3         1.525576e-8     2.86238e-9       #dY:18.8%  
  1.70e-3         1.574919e-8     2.94303e-9       #dY:18.7%  
  1.80e-3         1.622974e-8     3.02132e-9       #dY:18.6%  
  1.90e-3         1.669822e-8     3.09711e-9       #dY:18.5%  
  2.00e-3         1.715569e-8     3.17093e-9       #dY:18.5%  
  2.10e-3         1.760304e-8     3.24266e-9       #dY:18.4%  
  2.20e-3         1.804089e-8     3.31264e-9       #dY:18.4%  
  2.30e-3         1.847003e-8     3.3809e-9        #dY:18.3%  
  2.40e-3         1.889072e-8     3.44737e-9       #dY:18.2%  
  2.50e-3         1.930374e-8     3.51224e-9       #dY:18.2%  
  2.60e-3         1.970941e-8     3.57582e-9       #dY:18.1%  
  2.70e-3         2.010829e-8     3.6379e-9        #dY:18.1%  
  2.80e-3         2.050051e-8     3.69867e-9       #dY:18.0%  
  2.90e-3         2.088682e-8     3.75842e-9       #dY:18.0%  
  3.00e-3         2.126708e-8     3.81682e-9       #dY:17.9%  
  3.10e-3         2.164188e-8     3.87415e-9       #dY:17.9%  
  3.20e-3         2.201127e-8     3.93031e-9       #dY:17.9%  
  3.30e-3         2.237563e-8     3.98564e-9       #dY:17.8%  
  3.40e-3         2.273536e-8     4.03979e-9       #dY:17.8%  
  3.50e-3         2.309036e-8     4.09302e-9       #dY:17.7%  
  3.60e-3         2.344097e-8     4.14542e-9       #dY:17.7%  
  3.70e-3         2.378736e-8     4.19703e-9       #dY:17.6%  
  3.80e-3         2.412954e-8     4.2476e-9        #dY:17.6%  
  3.90e-3         2.446798e-8     4.29757e-9       #dY:17.6%  
  4.00e-3         2.480245e-8     4.34663e-9       #dY:17.5%  
  4.10e-3         2.513348e-8     4.39509e-9       #dY:17.5%  
  4.20e-3         2.546103e-8     4.4428e-9        #dY:17.4%  
  4.30e-3         2.578514e-8     4.48981e-9       #dY:17.4%  
  4.40e-3         2.610609e-8     4.53625e-9       #dY:17.4%  
  4.50e-3         2.642378e-8     4.58204e-9       #dY:17.3%  
  4.60e-3         2.673858e-8     4.62716e-9       #dY:17.3%  
  4.70e-3         2.705022e-8     4.67159e-9       #dY:17.3%  
  4.80e-3         2.735906e-8     4.71546e-9       #dY:17.2%  
  4.90e-3         2.766536e-8     4.75889e-9       #dY:17.2%  
  5.00e-3         2.796889e-8     4.80166e-9       #dY:17.2%  
  5.10e-3         2.826965e-8     4.84387e-9       #dY:17.1%  
  5.20e-3         2.856809e-8     4.88568e-9       #dY:17.1%  
  5.30e-3         2.886396e-8     4.92705e-9       #dY:17.1%  
  5.40e-3         2.915738e-8     4.96782e-9       #dY:17.0%  
  5.50e-3         2.944864e-8     5.0082e-9        #dY:17.0%  
  5.60e-3         2.973766e-8     5.04812e-9       #dY:17.0%  
  5.70e-3         3.002424e-8     5.08752e-9       #dY:16.9%  
  5.80e-3         3.030892e-8     5.12638e-9       #dY:16.9%  
  5.90e-3         3.059146e-8     5.16495e-9       #dY:16.9%  
  6.00e-3         3.087195e-8     5.20312e-9       #dY:16.9%  
  6.10e-3         3.115049e-8     5.24072e-9       #dY:16.8%  
  6.20e-3         3.142701e-8     5.27816e-9       #dY:16.8%  
  6.30e-3         3.170185e-8     5.31508e-9       #dY:16.8%  
  6.40e-3         3.197459e-8     5.35152e-9       #dY:16.7%  
  6.50e-3         3.224553e-8     5.38778e-9       #dY:16.7%  
  6.60e-3         3.251488e-8     5.42365e-9       #dY:16.7%  
  6.70e-3         3.27824e-8      5.45916e-9       #dY:16.7%  
  6.80e-3         3.304826e-8     5.49426e-9       #dY:16.6%  
  6.90e-3         3.331246e-8     5.52913e-9       #dY:16.6%  
  7.00e-3         3.357516e-8     5.56358e-9       #dY:16.6%  
  7.10e-3         3.383614e-8     5.59773e-9       #dY:16.5%  
  7.20e-3         3.409541e-8     5.63153e-9       #dY:16.5%  
  7.30e-3         3.435359e-8     5.6651e-9        #dY:16.5%  
  7.40e-3         3.461011e-8     5.69819e-9       #dY:16.5%  
  7.50e-3         3.486511e-8     5.73116e-9       #dY:16.4%  
  7.60e-3         3.511868e-8     5.76386e-9       #dY:16.4%  
  7.70e-3         3.537086e-8     5.79618e-9       #dY:16.4%  
  7.80e-3         3.562182e-8     5.82823e-9       #dY:16.4%  
  7.90e-3         3.587128e-8     5.85998e-9       #dY:16.3%  
  8.00e-3         3.611932e-8     5.89132e-9       #dY:16.3%  
  8.10e-3         3.636614e-8     5.92252e-9       #dY:16.3%  
  8.20e-3         3.661187e-8     5.95356e-9       #dY:16.3%  
  8.30e-3         3.68561e-8      5.98438e-9       #dY:16.2%  
  8.40e-3         3.709926e-8     6.01478e-9       #dY:16.2%  
  8.50e-3         3.734132e-8     6.04504e-9       #dY:16.2%  
  8.60e-3         3.758196e-8     6.0751e-9        #dY:16.2%  
  8.70e-3         3.782147e-8     6.10475e-9       #dY:16.1%  
  8.80e-3         3.805989e-8     6.13431e-9       #dY:16.1%  
  8.90e-3         3.829731e-8     6.16356e-9       #dY:16.1%  
  9.00e-3         3.853336e-8     6.19271e-9       #dY:16.1%  
  9.10e-3         3.876847e-8     6.22155e-9       #dY:16.0%  
  9.20e-3         3.900242e-8     6.25014e-9       #dY:16.0%  
  9.30e-3         3.923549e-8     6.27857e-9       #dY:16.0%  
  9.40e-3         3.946718e-8     6.30669e-9       #dY:16.0%  
  9.50e-3         3.969819e-8     6.33464e-9       #dY:16.0%  
  9.60e-3         3.992826e-8     6.36247e-9       #dY:15.9%  
  9.70e-3         4.015698e-8     6.38995e-9       #dY:15.9%  
  9.80e-3         4.038484e-8     6.4173e-9        #dY:15.9%  
  9.90e-3         4.061181e-8     6.44434e-9       #dY:15.9%  
  0.01            4.083787e-8     6.47129e-9       #dY:15.8%  
  0.011           4.304859e-8     6.81235e-9       #dY:15.8%  
  0.012           4.517792e-8     7.22121e-9       #dY:16.0%  
  0.013           4.723546e-8     7.43792e-9       #dY:15.7%  
  0.014           4.922909e-8     7.64237e-9       #dY:15.5%  
  0.015           5.116542e-8     7.83566e-9       #dY:15.3%  
  0.016           5.304949e-8     8.01857e-9       #dY:15.1%  
  0.017           5.488631e-8     8.19232e-9       #dY:14.9%  
  0.018           5.667937e-8     8.3573e-9        #dY:14.7%  
  0.019           5.843237e-8     8.51452e-9       #dY:14.6%  
  0.02            6.014833e-8     8.66422e-9       #dY:14.4%  
  0.021           6.182953e-8     8.80777e-9       #dY:14.2%  
  0.022           6.347869e-8     8.94491e-9       #dY:14.1%  
  0.023           6.50975e-8      9.07618e-9       #dY:13.9%  
  0.024           6.668793e-8     9.20228e-9       #dY:13.8%  
  0.025           6.825154e-8     9.3237e-9        #dY:13.7%  
  0.026           6.978978e-8     9.44033e-9       #dY:13.5%  
  0.027           7.130424e-8     9.55301e-9       #dY:13.4%  
  0.028           7.279583e-8     9.66146e-9       #dY:13.3%  
  0.029           7.426602e-8     9.76556e-9       #dY:13.1%  
  0.03            7.571525e-8     9.86605e-9       #dY:13.0%  
  0.031           7.714497e-8     9.96292e-9       #dY:12.9%  
  0.032           7.855577e-8     1.00559e-8       #dY:12.8%  
  0.033           7.994849e-8     1.01454e-8       #dY:12.7%  
  0.034           8.132402e-8     1.02326e-8       #dY:12.6%  
  0.035           8.268311e-8     1.03165e-8       #dY:12.5%  
  0.036           8.402616e-8     1.03979e-8       #dY:12.4%  
  0.037           8.535383e-8     1.04765e-8       #dY:12.3%  
  0.038           8.666682e-8     1.05528e-8       #dY:12.2%  
  0.039           8.796534e-8     1.06261e-8       #dY:12.1%  
  0.04            8.925006e-8     1.06975e-8       #dY:12.0%  
  0.041           9.052152e-8     1.07669e-8       #dY:11.9%  
  0.042           9.17802e-8      1.08333e-8       #dY:11.8%  
  0.043           9.302604e-8     1.0898e-8        #dY:11.7%  
  0.044           9.426006e-8     1.0961e-8        #dY:11.6%  
  0.045           9.548196e-8     1.10219e-8       #dY:11.5%  
  0.046           9.669235e-8     1.10816e-8       #dY:11.5%  
  0.047           9.789245e-8     1.11394e-8       #dY:11.4%  
  0.048           9.9081e-8       1.11966e-8       #dY:11.3%  
  0.049           1.002592e-7     1.12502e-8       #dY:11.2%  
  0.05            1.014269e-7     1.13033e-8       #dY:11.1%  
  0.051           1.025849e-7     1.13554e-8       #dY:11.1%  
  0.052           1.037315e-7     1.14065e-8       #dY:11.0%  
  0.053           1.048711e-7     1.1457e-8        #dY:10.9%  
  0.054           1.059988e-7     1.1505e-8        #dY:10.9%  
  0.055           1.071193e-7     1.15524e-8       #dY:10.8%  
  0.056           1.082309e-7     1.15984e-8       #dY:10.7%  
  0.057           1.093324e-7     1.16431e-8       #dY:10.6%  
  0.058           1.104262e-7     1.16865e-8       #dY:10.6%  
  0.059           1.115105e-7     1.17293e-8       #dY:10.5%  
  0.06            1.125881e-7     1.17715e-8       #dY:10.5%  
  0.061           1.136566e-7     1.18117e-8       #dY:10.4%  
  0.062           1.147173e-7     1.18515e-8       #dY:10.3%  
  0.063           1.157697e-7     1.18908e-8       #dY:10.3%  
  0.064           1.168161e-7     1.19296e-8       #dY:10.2%  
  0.065           1.178537e-7     1.19669e-8       #dY:10.2%  
  0.066           1.18884e-7      1.20044e-8       #dY:10.1%  
  0.067           1.199076e-7     1.20403e-8       #dY:10.0%  
  0.068           1.209242e-7     1.2076e-8        #dY:10.0%  
  0.069           1.219339e-7     1.21111e-8       #dY:9.9%   
  0.07            1.229362e-7     1.21439e-8       #dY:9.9%   
  0.071           1.239323e-7     1.21777e-8       #dY:9.8%   
  0.072           1.249212e-7     1.22101e-8       #dY:9.8%   
  0.073           1.259037e-7     1.22415e-8       #dY:9.7%   
  0.074           1.26882e-7      1.22733e-8       #dY:9.7%   
  0.075           1.278511e-7     1.23042e-8       #dY:9.6%   
  0.076           1.288151e-7     1.23344e-8       #dY:9.6%   
  0.077           1.29772e-7      1.23641e-8       #dY:9.5%   
  0.078           1.307248e-7     1.2394e-8        #dY:9.5%   
  0.079           1.316693e-7     1.2423e-8        #dY:9.4%   
  0.08            1.326091e-7     1.24514e-8       #dY:9.4%   
  0.081           1.335437e-7     1.24794e-8       #dY:9.3%   
  0.082           1.344714e-7     1.25073e-8       #dY:9.3%   
  0.083           1.353947e-7     1.2534e-8        #dY:9.3%   
  0.084           1.363121e-7     1.25618e-8       #dY:9.2%   
  0.085           1.372253e-7     1.25881e-8       #dY:9.2%   
  0.086           1.381314e-7     1.2615e-8        #dY:9.1%   
  0.087           1.390336e-7     1.264e-8         #dY:9.1%   
  0.088           1.399294e-7     1.26656e-8       #dY:9.1%   
  0.089           1.408204e-7     1.26911e-8       #dY:9.0%   
  0.09            1.417063e-7     1.27157e-8       #dY:9.0%   
  0.091           1.425877e-7     1.27402e-8       #dY:8.9%   
  0.092           1.434632e-7     1.2764e-8        #dY:8.9%   
  0.093           1.443347e-7     1.27867e-8       #dY:8.9%   
  0.094           1.452001e-7     1.28092e-8       #dY:8.8%   
  0.095           1.460634e-7     1.28316e-8       #dY:8.8%   
  0.096           1.469188e-7     1.28538e-8       #dY:8.7%   
  0.097           1.477724e-7     1.28757e-8       #dY:8.7%   
  0.098           1.486199e-7     1.28975e-8       #dY:8.7%   
  0.099           1.494636e-7     1.29186e-8       #dY:8.6%   
  0.1             1.503017e-7     1.29402e-8       #dY:8.6%   
  0.11            1.58447e-7      1.35888e-8       #dY:8.6%   
  0.12            1.661831e-7     1.40532e-8       #dY:8.5%   
  0.13            1.73553e-7      1.41549e-8       #dY:8.2%   
  0.14            1.805842e-7     1.42393e-8       #dY:7.9%   
  0.15            1.873012e-7     1.43157e-8       #dY:7.6%   
  0.16            1.937181e-7     1.43949e-8       #dY:7.4%   
  0.17            1.998559e-7     1.44674e-8       #dY:7.2%   
  0.18            2.057346e-7     1.45268e-8       #dY:7.1%   
  0.19            2.113605e-7     1.45975e-8       #dY:6.9%   
  0.2             2.167585e-7     1.46697e-8       #dY:6.8%   
  0.21            2.219346e-7     1.47447e-8       #dY:6.6%   
  0.22            2.269019e-7     1.47078e-8       #dY:6.5%   
  0.23            2.316641e-7     1.46592e-8       #dY:6.3%   
  0.24            2.362287e-7     1.46157e-8       #dY:6.2%   
  0.25            2.406072e-7     1.45882e-8       #dY:6.1%   
  0.26            2.448119e-7     1.45684e-8       #dY:6.0%   
  0.27            2.488505e-7     1.45402e-8       #dY:5.8%   
  0.28            2.527234e-7     1.45221e-8       #dY:5.7%   
  0.29            2.564293e-7     1.45278e-8       #dY:5.7%   
  0.3             2.599763e-7     1.45559e-8       #dY:5.6%   
  0.31            2.633748e-7     1.46071e-8       #dY:5.5%   
  0.32            2.666364e-7     1.45312e-8       #dY:5.4%   
  0.33            2.69776e-7      1.44674e-8       #dY:5.4%   
  0.34            2.72783e-7      1.44195e-8       #dY:5.3%   
  0.35            2.756534e-7     1.43964e-8       #dY:5.2%   
  0.36            2.78393e-7      1.43924e-8       #dY:5.2%   
  0.37            2.81023e-7      1.4406e-8        #dY:5.1%   
  0.38            2.835425e-7     1.44438e-8       #dY:5.1%   
  0.39            2.85935e-7      1.45002e-8       #dY:5.1%   
  0.4             2.882077e-7     1.45734e-8       #dY:5.1%   
  0.41            2.896371e-7     1.46209e-8       #dY:5.0%   
  0.42            2.910178e-7     1.45927e-8       #dY:5.0%   
  0.43            2.923737e-7     1.4594e-8        #dY:5.0%   
  0.44            2.937005e-7     1.46228e-8       #dY:5.0%   
  0.45            2.949907e-7     1.46725e-8       #dY:5.0%   
  0.46            2.962364e-7     1.47212e-8       #dY:5.0%   
  0.47            2.974356e-7     1.47777e-8       #dY:5.0%   
  0.48            2.985867e-7     1.48323e-8       #dY:5.0%   
  0.49            2.99697e-7      1.48755e-8       #dY:5.0%   
  0.5             3.007717e-7     1.49207e-8       #dY:5.0%   
  0.51            3.018105e-7     1.4964e-8        #dY:5.0%   
  0.52            3.028074e-7     1.49385e-8       #dY:4.9%   
  0.53            3.037662e-7     1.49014e-8       #dY:4.9%   
  0.54            3.046884e-7     1.485e-8         #dY:4.9%   
  0.55            3.055801e-7     1.4781e-8        #dY:4.8%   
  0.56            3.064376e-7     1.47024e-8       #dY:4.8%   
  0.57            3.07254e-7      1.46135e-8       #dY:4.8%   
  0.58            3.080339e-7     1.45034e-8       #dY:4.7%   
  0.59            3.087915e-7     1.43786e-8       #dY:4.7%   
  0.6             3.095225e-7     1.42676e-8       #dY:4.6%   
  0.61            3.100188e-7     1.41312e-8       #dY:4.6%   
  0.62            3.104829e-7     1.3952e-8        #dY:4.5%   
  0.63            3.10933e-7      1.37699e-8       #dY:4.4%   
  0.64            3.113769e-7     1.36164e-8       #dY:4.4%   
  0.65            3.118008e-7     1.34683e-8       #dY:4.3%   
  0.66            3.122015e-7     1.33206e-8       #dY:4.3%   
  0.67            3.125801e-7     1.31637e-8       #dY:4.2%   
  0.68            3.129373e-7     1.3007e-8        #dY:4.2%   
  0.69            3.132786e-7     1.28385e-8       #dY:4.1%   
  0.7             3.135848e-7     1.26591e-8       #dY:4.0%   
  0.71            3.138604e-7     1.24683e-8       #dY:4.0%   
  0.72            3.14113e-7      1.22629e-8       #dY:3.9%   
  0.73            3.143531e-7     1.20691e-8       #dY:3.8%   
  0.74            3.145818e-7     1.18827e-8       #dY:3.8%   
  0.75            3.148039e-7     1.17128e-8       #dY:3.7%   
  0.76            3.150256e-7     1.15658e-8       #dY:3.7%   
  0.77            3.152297e-7     1.14375e-8       #dY:3.6%   
  0.78            3.15414e-7      1.13103e-8       #dY:3.6%   
  0.79            3.155842e-7     1.11887e-8       #dY:3.5%   
  0.8             3.157546e-7     1.10699e-8       #dY:3.5%   
  0.81            3.160009e-7     1.09616e-8       #dY:3.5%   
  0.82            3.16235e-7      1.08476e-8       #dY:3.4%   
  0.83            3.164424e-7     1.07353e-8       #dY:3.4%   
  0.84            3.166309e-7     1.06243e-8       #dY:3.4%   
  0.85            3.168016e-7     1.05163e-8       #dY:3.3%   
  0.86            3.169556e-7     1.04123e-8       #dY:3.3%   
  0.87            3.170944e-7     1.03128e-8       #dY:3.3%   
  0.88            3.172217e-7     1.02179e-8       #dY:3.2%   
  0.89            3.173365e-7     1.01275e-8       #dY:3.2%   
  0.9             3.174508e-7     1.00421e-8       #dY:3.2%   
  0.91            3.175451e-7     9.96647e-9       #dY:3.1%   
  0.92            3.176237e-7     9.8796e-9        #dY:3.1%   
  0.93            3.176976e-7     9.79455e-9       #dY:3.1%   
  0.94            3.17764e-7      9.71349e-9       #dY:3.1%   
  0.95            3.178253e-7     9.63481e-9       #dY:3.0%   
  0.96            3.17882e-7      9.55287e-9       #dY:3.0%   
  0.97            3.179247e-7     9.47078e-9       #dY:3.0%   
  0.98            3.17953e-7      9.39209e-9       #dY:3.0%   
  0.99            3.179768e-7     9.31564e-9       #dY:2.9%   
  1               3.179833e-7     9.24315e-9       #dY:2.9%   
  1.1             3.159039e-7     9.11219e-9       #dY:2.9%   
  1.2             3.130784e-7     8.226e-9         #dY:2.6%   
  1.3             3.060493e-7     7.2751e-9        #dY:2.4%   
  1.4             2.985485e-7     6.5318e-9        #dY:2.2%   
  1.5             2.880101e-7     6.11803e-9       #dY:2.1%   
  1.6             2.771194e-7     6.1059e-9        #dY:2.2%   
  1.7             2.651698e-7     6.33612e-9       #dY:2.4%   
  1.8             2.52981e-7      6.61305e-9       #dY:2.6%   
  1.9             2.409363e-7     6.87183e-9       #dY:2.9%   
  2               2.287522e-7     6.98371e-9       #dY:3.1%   
  2.1             2.173899e-7     6.97529e-9       #dY:3.2%   
  2.2             2.059061e-7     6.81121e-9       #dY:3.3%   
  2.3             1.954542e-7     6.58653e-9       #dY:3.4%   
  2.4             1.849951e-7     6.29268e-9       #dY:3.4%   
  2.5             1.754941e-7     6.00733e-9       #dY:3.4%   
  2.6             1.660452e-7     5.71372e-9       #dY:3.4%   
  2.7             1.574687e-7     5.45333e-9       #dY:3.5%   
  2.8             1.489851e-7     5.16502e-9       #dY:3.5%   
  2.9             1.41236e-7      4.84399e-9       #dY:3.4%   
  3               1.3361e-7       4.49129e-9       #dY:3.4%   
  3.1             1.266227e-7     4.14478e-9       #dY:3.3%   
  3.2             1.19768e-7      3.81216e-9       #dY:3.2%   
  3.3             1.134658e-7     3.54494e-9       #dY:3.1%   
  3.4             1.073141e-7     3.3102e-9        #dY:3.1%   
  3.5             1.016345e-7     3.12254e-9       #dY:3.1%   
  3.6             9.611972e-8     2.96088e-9       #dY:3.1%   
  3.7             9.100347e-8     2.8178e-9        #dY:3.1%   
  3.8             8.606032e-8     2.68687e-9       #dY:3.1%   
  3.9             8.1475e-8       2.56696e-9       #dY:3.2%   
  4               7.705186e-8     2.45595e-9       #dY:3.2%   
  4.1             7.295458e-8     2.36002e-9       #dY:3.2%   
  4.2             6.900645e-8     2.26466e-9       #dY:3.3%   
  4.3             6.534393e-8     2.18216e-9       #dY:3.3%   
  4.4             6.183634e-8     2.10474e-9       #dY:3.4%   
  4.5             5.857859e-8     2.03008e-9       #dY:3.5%   
  4.6             5.545912e-8     1.95977e-9       #dY:3.5%   
  4.7             5.255962e-8     1.89391e-9       #dY:3.6%   
  4.8             4.978712e-8     1.83098e-9       #dY:3.7%   
  4.9             4.720355e-8     1.76949e-9       #dY:3.7%   
  5               4.47335e-8      1.70826e-9       #dY:3.8%   
  5.1             4.243053e-8     1.65166e-9       #dY:3.9%   
  5.2             4.023115e-8     1.59465e-9       #dY:4.0%   
  5.3             3.81782e-8      1.53796e-9       #dY:4.0%   
  5.4             3.621838e-8     1.48436e-9       #dY:4.1%   
  5.5             3.438655e-8     1.43283e-9       #dY:4.2%   
  5.6             3.263818e-8     1.38106e-9       #dY:4.2%   
  5.7             3.100352e-8     1.3345e-9        #dY:4.3%   
  5.8             2.94421e-8      1.29034e-9       #dY:4.4%   
  5.9             2.79785e-8      1.25019e-9       #dY:4.5%   
  6               2.658372e-8     1.21648e-9       #dY:4.6%   
  6.1             2.527219e-8     1.18954e-9       #dY:4.7%   
  6.2             2.402195e-8     1.16516e-9       #dY:4.9%   
  6.3             2.284663e-8     1.14299e-9       #dY:5.0%   
  6.4             2.172579e-8     1.12384e-9       #dY:5.2%   
  6.5             2.066813e-8     1.11159e-9       #dY:5.4%   
  6.6             1.966358e-8     1.11117e-9       #dY:5.7%   
  6.7             1.87141e-8      1.11577e-9       #dY:6.0%   
  6.8             1.78098e-8      1.10816e-9       #dY:6.2%   
  6.9             1.695612e-8     1.08378e-9       #dY:6.4%   
  7               1.614527e-8     1.05037e-9       #dY:6.5%   
  7.1             1.53783e-8      1.01894e-9       #dY:6.6%   
  7.2             1.465039e-8     9.96236e-10      #dY:6.8%   
  7.3             1.39619e-8      9.84172e-10      #dY:7.0%   
  7.4             1.330912e-8     9.80438e-10      #dY:7.4%   
  7.5             1.269103e-8     9.88936e-10      #dY:7.8%   
  7.6             1.210548e-8     1.01744e-9       #dY:8.4%   
  7.7             1.15515e-8      1.06937e-9       #dY:9.3%   
  7.8             1.1027e-8       1.16241e-9       #dY:10.5%  
  7.9             1.053096e-8     1.28405e-9       #dY:12.2%  
  8               1.006081e-8     1.40934e-9       #dY:14.0%  
  8.1             9.614998e-9     1.6052e-9        #dY:16.7%  
  8.2             9.192991e-9     1.64155e-9       #dY:17.9%  
  8.3             8.792703e-9     1.68101e-9       #dY:19.1%  
  8.4             8.413288e-9     1.6159e-9        #dY:19.2%  
  8.5             8.052293e-9     1.41171e-9       #dY:17.5%  
  8.6             7.710791e-9     1.19415e-9       #dY:15.5%  
  8.7             7.384446e-9     9.71244e-10      #dY:13.2%  
  8.8             7.07499e-9      7.44902e-10      #dY:10.5%  
  8.9             6.778972e-9     5.50668e-10      #dY:8.1%   
  9               6.498211e-9     4.32893e-10      #dY:6.7%   
  9.1             6.228853e-9     3.8486e-10       #dY:6.2%   
  9.2             5.97245e-9      3.62903e-10      #dY:6.1%   
  9.3             5.72646e-9      3.47283e-10      #dY:6.1%   
  9.4             5.49192e-9      3.33083e-10      #dY:6.1%   
  9.5             5.266965e-9     3.19671e-10      #dY:6.1%   
  9.6             5.052377e-9     3.06821e-10      #dY:6.1%   
  9.7             4.847856e-9     2.94403e-10      #dY:6.1%   
  9.8             4.652265e-9     2.82366e-10      #dY:6.1%   
  9.9             4.467543e-9     2.70953e-10      #dY:6.1%   
  10              4.290778e-9     2.59943e-10      #dY:6.1%   
  10.2            3.968281e-9     2.3998e-10       #dY:6.0%   
  10.4            3.685479e-9     2.17274e-10      #dY:5.9%   
  10.6            3.442517e-9     2.01289e-10      #dY:5.8%   
  10.8            3.238944e-9     1.86941e-10      #dY:5.8%   
  11              3.073286e-9     1.73917e-10      #dY:5.7%   
  11.2            2.94277e-9      1.62023e-10      #dY:5.5%   
  11.4            2.839178e-9     1.50622e-10      #dY:5.3%   
  11.6            2.752653e-9     1.39552e-10      #dY:5.1%   
  11.8            2.676649e-9     1.28724e-10      #dY:4.8%   
  12              2.60734e-9      1.18424e-10      #dY:4.5%   
  12.2            2.544428e-9     1.08797e-10      #dY:4.3%   
  12.4            2.488458e-9     9.98904e-11      #dY:4.0%   
  12.6            2.439449e-9     9.16595e-11      #dY:3.8%   
  12.8            2.397078e-9     8.40166e-11      #dY:3.5%   
  13              2.360788e-9     7.6917e-11       #dY:3.3%   
  13.2            2.330219e-9     7.03e-11         #dY:3.0%   
  13.4            2.305051e-9     6.41697e-11      #dY:2.8%   
  13.6            2.285144e-9     5.84787e-11      #dY:2.6%   
  13.8            2.270567e-9     5.32349e-11      #dY:2.3%   
  14              2.261542e-9     4.84212e-11      #dY:2.1%   
  14.2            2.258685e-9     4.40167e-11      #dY:1.9%   
  14.4            2.262741e-9     3.99862e-11      #dY:1.8%   
  14.6            2.274664e-9     3.63088e-11      #dY:1.6%   
  14.8            2.295357e-9     3.29513e-11      #dY:1.4%   
  15              2.32534e-9      2.9877e-11       #dY:1.3%   
  15.2            2.364761e-9     2.70678e-11      #dY:1.1%   
  15.4            2.413377e-9     2.44963e-11      #dY:1.0%   
  15.6            2.470147e-9     2.2141e-11       #dY:0.9%   
  15.8            2.531719e-9     1.99601e-11      #dY:0.8%   
  16              2.59162e-9      1.79239e-11      #dY:0.7%   
  16.2            2.637623e-9     1.59919e-11      #dY:0.6%   
  16.4            2.670329e-9     1.42344e-11      #dY:0.5%   
  16.6            2.688574e-9     1.26644e-11      #dY:0.5%   
  16.8            2.678636e-9     1.12058e-11      #dY:0.4%   
  17              2.625141e-9     9.82824e-12      #dY:0.4%   
  17.2            2.535632e-9     8.6076e-12       #dY:0.3%   
  17.4            2.422704e-9     7.57099e-12      #dY:0.3%   
  17.6            2.28808e-9      6.66426e-12      #dY:0.3%   
  17.8            2.135968e-9     5.86159e-12      #dY:0.3%   
  18              1.978923e-9     5.17502e-12      #dY:0.3%   
  18.2            1.839262e-9     4.62668e-12      #dY:0.3%   
  18.4            1.737117e-9     4.21254e-12      #dY:0.2%   
  18.6            1.67101e-9      3.86902e-12      #dY:0.2%   
  18.8            1.619187e-9     3.5178e-12       #dY:0.2%   
  19              1.566577e-9     3.15181e-12      #dY:0.2%   
  19.2            1.517399e-9     2.81821e-12      #dY:0.2%   
  19.4            1.480212e-9     2.53805e-12      #dY:0.2%   
  19.6            1.454223e-9     2.29224e-12      #dY:0.2%   
  19.8            1.434476e-9     2.06363e-12      #dY:0.1%   
  20              1.417049e-9     1.85001e-12      #dY:0.1%   
  20.2            1.399645e-9     1.6535e-12       #dY:0.1%   
  20.4            1.380588e-9     1.47477e-12      #dY:0.1%   
  20.6            1.35829e-9      1.31284e-12      #dY:0.1%   
  20.8            1.330579e-9     1.16577e-12      #dY:0.1%   
  21              1.294988e-9     1.03195e-12      #dY:0.1%   
  21.2            1.255704e-9     9.14999e-13      #dY:0.1%   
  21.4            1.214039e-9     8.13008e-13      #dY:0.1%   
  21.6            1.175282e-9     7.25696e-13      #dY:0.1%   
  21.8            1.147413e-9     6.53798e-13      #dY:0.1%   
  22              1.126248e-9     5.89296e-13      #dY:0.1%   
  22.2            1.102084e-9     5.25833e-13      #dY:0.0%   
  22.4            1.072859e-9     4.66202e-13      #dY:0.0%   
  22.6            1.037457e-9     4.12255e-13      #dY:0.0%   
  22.8            1.012286e-9     3.70012e-13      #dY:0.0%   
  23              1.017775e-9     3.41828e-13      #dY:0.0%   
  23.2            1.039426e-9     3.14566e-13      #dY:0.0%   
  23.4            1.076617e-9     2.86921e-13      #dY:0.0%   
  23.6            1.163705e-9     2.6904e-13       #dY:0.0%   
  23.8            1.436546e-9     2.79905e-13      #dY:0.0%   
  24              1.662896e-9     2.49077e-13      #dY:0.0%   
  24.2            1.067188e-9     1.19648e-13      #dY:0.0%   
  24.4            3.3606e-10      3.81616e-14      #dY:0.0%   
  24.6            9.09892e-11     1.79327e-14      #dY:0.0%   
  24.8            2.28621e-11     1.32076e-14      #dY:0.1%   
  25              3.76711e-12     7.28161e-15      #dY:0.2%   
  25.2            5.5899e-13      4.12052e-15      #dY:0.7%   
  25.4            1.95244e-13     7.90123e-15      #dY:4.0%   
  25.6            1.35229e-13     2.79941e-14      #dY:20.7%  
  25.8            1.15658e-13     4.8733e-14       #dY:42.1%  
  26              1.02541e-13     5.07492e-14      #dY:49.5%  
  26.2            9.12924e-14     4.63221e-14      #dY:50.7%  
  26.4            8.13204e-14     4.14139e-14      #dY:50.9%  
  26.6            7.24522e-14     3.69388e-14      #dY:51.0%  
  26.8            6.45598e-14     3.29374e-14      #dY:51.0%  
  27              5.75357e-14     2.93657e-14      #dY:51.0%  
  27.2            5.12841e-14     2.61795e-14      #dY:51.0%  
  27.4            4.57178e-14     2.33369e-14      #dY:51.0%  
  27.6            4.07605e-14     2.08001e-14      #dY:51.0%  
  27.8            3.6346e-14      1.85371e-14      #dY:51.0%  
  28              3.24142e-14     1.652e-14        #dY:51.0%  
  28.2            2.89105e-14     1.4721e-14       #dY:50.9%  
  28.4            2.57885e-14     1.31165e-14      #dY:50.9%  
  28.6            2.30064e-14     1.16863e-14      #dY:50.8%  
  28.8            2.05263e-14     1.04111e-14      #dY:50.7%  
  29              1.19939e-12     6.07309e-13      #dY:50.6%  
  29.2            1.63436e-14     2.62996e-16      #dY:1.6%   
  29.4            1.45852e-14     2.09717e-16      #dY:1.4%   
  29.6            1.30172e-14     6.55059e-15      #dY:50.3%  
  29.8            1.16185e-14     5.83259e-15      #dY:50.2%  
  30              0.00            0.00                        
//
#-------------------------------------------------------------------------------
