#ZVView-data-copy::  16-Sep-2026 17:16:23
#=======================================
#
#name:   JENDL-5: PU-239(N,F) E_in=1.e-11 MeV
#X.axis: Energy
#Y.axis: 
#wdata:  3
#ldata:  164
#data...
# X               Y               +-dY           
# MeV             1/eV            1/eV           
  0.00            0.00            0.00                        
  1.00e-8         5.63295e-11     0.00                        
  2.00e-8         7.9662e-11      3.16946e-12      #dY:4.0%   
  3.00e-8         9.75656e-11     5.94883e-12      #dY:6.1%   
  4.00e-8         1.12659e-10     7.08874e-12      #dY:6.3%   
  5.00e-8         1.25957e-10     7.92548e-12      #dY:6.3%   
  6.00e-8         1.37979e-10     8.92347e-12      #dY:6.5%   
  7.00e-8         1.49033e-10     9.63836e-12      #dY:6.5%   
  8.00e-8         1.59325e-10     1.04335e-11      #dY:6.5%   
  1.00e-7         1.7813e-10      1.16649e-11      #dY:6.5%   
  1.50e-7         2.18164e-10     1.39611e-11      #dY:6.4%   
  2.00e-7         2.51914e-10     1.53598e-11      #dY:6.1%   
  2.50e-7         2.81648e-10     1.77219e-11      #dY:6.3%   
  3.00e-7         3.0853e-10      1.97441e-11      #dY:6.4%   
  3.50e-7         3.33251e-10     2.17086e-11      #dY:6.5%   
  4.00e-7         3.56259e-10     2.32074e-11      #dY:6.5%   
  4.50e-7         3.77869e-10     2.48441e-11      #dY:6.6%   
  5.00e-7         3.9831e-10      2.61881e-11      #dY:6.6%   
  5.50e-7         4.17751e-10     2.75527e-11      #dY:6.6%   
  6.00e-7         4.36326e-10     2.88509e-11      #dY:6.6%   
  6.50e-7         4.54143e-10     3.01446e-11      #dY:6.6%   
  7.00e-7         4.71287e-10     3.13291e-11      #dY:6.6%   
  7.50e-7         4.87828e-10     3.24287e-11      #dY:6.6%   
  8.00e-7         5.03827e-10     3.35352e-11      #dY:6.7%   
  8.50e-7         5.19333e-10     3.46055e-11      #dY:6.7%   
  9.00e-7         5.34389e-10     3.56739e-11      #dY:6.7%   
  9.50e-7         5.49032e-10     3.66798e-11      #dY:6.7%   
  1.00e-6         5.63295e-10     3.76327e-11      #dY:6.7%   
  1.50e-6         6.89893e-10     4.61228e-11      #dY:6.7%   
  2.00e-6         7.96619e-10     4.8571e-11       #dY:6.1%   
  2.50e-6         8.90647e-10     5.61182e-11      #dY:6.3%   
  3.00e-6         9.75656e-10     6.25205e-11      #dY:6.4%   
  3.50e-6         1.053831e-9     6.82466e-11      #dY:6.5%   
  4.00e-6         1.126595e-9     7.34876e-11      #dY:6.5%   
  4.50e-6         1.194924e-9     7.83559e-11      #dY:6.6%   
  5.00e-6         1.259568e-9     8.29262e-11      #dY:6.6%   
  5.50e-6         1.321043e-9     8.72468e-11      #dY:6.6%   
  6.00e-6         1.379778e-9     9.13571e-11      #dY:6.6%   
  6.50e-6         1.436131e-9     9.52873e-11      #dY:6.6%   
  7.00e-6         1.490333e-9     9.91976e-11      #dY:6.7%   
  7.50e-6         1.542641e-9     1.02831e-10      #dY:6.7%   
  8.00e-6         1.593236e-9     1.0634e-10       #dY:6.7%   
  8.50e-6         1.642276e-9     1.09735e-10      #dY:6.7%   
  9.00e-6         1.689872e-9     1.13026e-10      #dY:6.7%   
  9.50e-6         1.736182e-9     1.16225e-10      #dY:6.7%   
  1.00e-5         1.781287e-9     1.19336e-10      #dY:6.7%   
  1.50e-5         2.181621e-9     1.46258e-10      #dY:6.7%   
  2.00e-5         2.519096e-9     1.54022e-10      #dY:6.1%   
  2.50e-5         2.816437e-9     1.7796e-10       #dY:6.3%   
  3.00e-5         3.085233e-9     1.98277e-10      #dY:6.4%   
  3.50e-5         3.332427e-9     2.16431e-10      #dY:6.5%   
  4.00e-5         3.562515e-9     2.33054e-10      #dY:6.5%   
  4.50e-5         3.778594e-9     2.48494e-10      #dY:6.6%   
  5.00e-5         3.982985e-9     2.63354e-10      #dY:6.6%   
  5.50e-5         4.177373e-9     2.77077e-10      #dY:6.6%   
  6.00e-5         4.363123e-9     2.90136e-10      #dY:6.6%   
  6.50e-5         4.541271e-9     3.0304e-10       #dY:6.7%   
  7.00e-5         4.712703e-9     3.15025e-10      #dY:6.7%   
  7.50e-5         4.878098e-9     3.26565e-10      #dY:6.7%   
  8.00e-5         5.038082e-9     3.38174e-10      #dY:6.7%   
  8.50e-5         5.193134e-9     3.48969e-10      #dY:6.7%   
  9.00e-5         5.343683e-9     3.5943e-10       #dY:6.7%   
  9.50e-5         5.490116e-9     3.69598e-10      #dY:6.7%   
  1.00e-4         5.632744e-9     3.79492e-10      #dY:6.7%   
  1.50e-4         6.898718e-9     4.65791e-10      #dY:6.8%   
  2.00e-4         7.96602e-9      4.90485e-10      #dY:6.2%   
  2.50e-4         8.906357e-9     5.66716e-10      #dY:6.4%   
  3.00e-4         9.756504e-9     6.32287e-10      #dY:6.5%   
  3.50e-4         1.053841e-8     6.92117e-10      #dY:6.6%   
  4.00e-4         1.126615e-8     7.46322e-10      #dY:6.6%   
  4.50e-4         1.194954e-8     7.96843e-10      #dY:6.7%   
  5.00e-4         1.259608e-8     8.43336e-10      #dY:6.7%   
  5.50e-4         1.321102e-8     8.88508e-10      #dY:6.7%   
  6.00e-4         1.379857e-8     9.31664e-10      #dY:6.8%   
  6.50e-4         1.436221e-8     9.73097e-10      #dY:6.8%   
  7.00e-4         1.490442e-8     1.01297e-9       #dY:6.8%   
  7.50e-4         1.542761e-8     1.05163e-9       #dY:6.8%   
  8.00e-4         1.593375e-8     1.08752e-9       #dY:6.8%   
  8.50e-4         1.642426e-8     1.12221e-9       #dY:6.8%   
  9.00e-4         1.690041e-8     1.15743e-9       #dY:6.8%   
  9.50e-4         1.736362e-8     1.19181e-9       #dY:6.9%   
  1.00e-3         1.781467e-8     1.22367e-9       #dY:6.9%   
  1.50e-3         2.18187e-8      1.50181e-9       #dY:6.9%   
  2.00e-3         2.519325e-8     1.58139e-9       #dY:6.3%   
  2.50e-3         2.816517e-8     1.83456e-9       #dY:6.5%   
  3.00e-3         3.085093e-8     2.0494e-9        #dY:6.6%   
  3.50e-3         3.331959e-8     2.23704e-9       #dY:6.7%   
  4.00e-3         3.561608e-8     2.412e-9         #dY:6.8%   
  4.50e-3         3.777219e-8     2.57167e-9       #dY:6.8%   
  5.00e-3         3.981042e-8     2.71782e-9       #dY:6.8%   
  5.50e-3         4.174813e-8     2.85935e-9       #dY:6.8%   
  6.00e-3         4.359855e-8     2.99386e-9       #dY:6.9%   
  6.50e-3         4.537246e-8     3.12246e-9       #dY:6.9%   
  7.00e-3         4.707861e-8     3.2456e-9        #dY:6.9%   
  7.50e-3         4.872418e-8     3.35971e-9       #dY:6.9%   
  8.00e-3         5.031526e-8     3.47398e-9       #dY:6.9%   
  8.50e-3         5.185701e-8     3.5797e-9        #dY:6.9%   
  9.00e-3         5.335373e-8     3.68677e-9       #dY:6.9%   
  9.50e-3         5.48086e-8      3.79062e-9       #dY:6.9%   
  0.01            5.622482e-8     3.88633e-9       #dY:6.9%   
  0.015           6.876968e-8     4.75689e-9       #dY:6.9%   
  0.02            7.929474e-8     5.00545e-9       #dY:6.3%   
  0.025           8.852534e-8     5.79985e-9       #dY:6.6%   
  0.03            9.682365e-8     6.4628e-9        #dY:6.7%   
  0.035           1.044246e-7     7.0566e-9        #dY:6.8%   
  0.04            1.114688e-7     7.56988e-9       #dY:6.8%   
  0.045           1.180438e-7     8.04942e-9       #dY:6.8%   
  0.05            1.242431e-7     8.51942e-9       #dY:6.9%   
  0.055           1.301036e-7     8.95227e-9       #dY:6.9%   
  0.06            1.356662e-7     9.34888e-9       #dY:6.9%   
  0.065           1.409668e-7     9.68441e-9       #dY:6.9%   
  0.07            1.460402e-7     1.00406e-8       #dY:6.9%   
  0.075           1.509134e-7     1.03672e-8       #dY:6.9%   
  0.08            1.555992e-7     1.06471e-8       #dY:6.8%   
  0.085           1.601207e-7     1.09261e-8       #dY:6.8%   
  0.09            1.644797e-7     1.11914e-8       #dY:6.8%   
  0.095           1.686883e-7     1.14739e-8       #dY:6.8%   
  0.1             1.727654e-7     1.17794e-8       #dY:6.8%   
  0.15            2.077552e-7     1.41994e-8       #dY:6.8%   
  0.2             2.352884e-7     1.48053e-8       #dY:6.3%   
  0.25            2.575938e-7     1.61981e-8       #dY:6.3%   
  0.3             2.759884e-7     1.69674e-8       #dY:6.1%   
  0.35            2.913302e-7     1.70964e-8       #dY:5.9%   
  0.4             3.039859e-7     1.6979e-8        #dY:5.6%   
  0.45            3.140241e-7     1.7177e-8        #dY:5.5%   
  0.5             3.21986e-7      1.66228e-8       #dY:5.2%   
  0.55            3.27705e-7      1.54555e-8       #dY:4.7%   
  0.6             3.319584e-7     1.49348e-8       #dY:4.5%   
  0.65            3.348837e-7     1.36939e-8       #dY:4.1%   
  0.7             3.363633e-7     1.2447e-8        #dY:3.7%   
  0.75            3.370807e-7     1.17964e-8       #dY:3.5%   
  0.8             3.367937e-7     1.04153e-8       #dY:3.1%   
  0.85            3.360295e-7     1.02217e-8       #dY:3.0%   
  0.9             3.346416e-7     9.73733e-9       #dY:2.9%   
  0.95            3.328532e-7     9.43786e-9       #dY:2.8%   
  1               3.305715e-7     8.76419e-9       #dY:2.7%   
  1.5             2.93016e-7      7.37039e-9       #dY:2.5%   
  2               2.422499e-7     5.9762e-9        #dY:2.5%   
  2.5             1.900581e-7     2.20323e-9       #dY:1.2%   
  3               1.443723e-7     1.80071e-9       #dY:1.2%   
  3.5             1.077215e-7     2.62609e-9       #dY:2.4%   
  4               7.954443e-8     2.64848e-9       #dY:3.3%   
  4.5             5.831068e-8     2.36705e-9       #dY:4.1%   
  5               4.24658e-8      1.98434e-9       #dY:4.7%   
  5.5             3.073984e-8     1.65309e-9       #dY:5.4%   
  6               2.211422e-8     1.34209e-9       #dY:6.1%   
  6.5             1.582196e-8     1.08695e-9       #dY:6.9%   
  7               1.125937e-8     8.5985e-10       #dY:7.6%   
  7.5             7.975804e-9     6.705e-10        #dY:8.4%   
  8               5.628948e-9     5.13907e-10      #dY:9.1%   
  8.5             3.961145e-9     3.93965e-10      #dY:9.9%   
  9               2.781863e-9     2.95791e-10      #dY:10.6%  
  9.5             1.950697e-9     2.20874e-10      #dY:11.3%  
  10              1.365271e-9     1.63891e-10      #dY:12.0%  
  11              6.65494e-10     8.42462e-11      #dY:12.7%  
  12              3.22033e-10     4.92854e-11      #dY:15.3%  
  13              1.54681e-10     2.57874e-11      #dY:16.7%  
  14              7.37915e-11     1.34e-11         #dY:18.2%  
  15              3.50041e-11     6.83954e-12      #dY:19.5%  
  16              1.65233e-11     3.45522e-12      #dY:20.9%  
  17              7.76561e-12     1.74495e-12      #dY:22.5%  
  18              3.63393e-12     8.6849e-13       #dY:23.9%  
  20              7.86839e-13     2.01315e-13      #dY:25.6%  
  21              0.00            0.00                        
//
#-------------------------------------------------------------------------------
#
#name:   JENDL-5: PU-239(N,F) E_in=0.1 MeV
#X.axis: Energy
#Y.axis: 
#wdata:  3
#ldata:  164
#data...
# X               Y               +-dY           
# MeV             1/eV            1/eV           
  0.00            0.00            0.00                        
  1.00e-8         5.63616e-11     0.00                        
  2.00e-8         7.97072e-11     3.16945e-12      #dY:4.0%   
  3.00e-8         9.76215e-11     5.94885e-12      #dY:6.1%   
  4.00e-8         1.12724e-10     7.08875e-12      #dY:6.3%   
  5.00e-8         1.26028e-10     7.92539e-12      #dY:6.3%   
  6.00e-8         1.38056e-10     8.92345e-12      #dY:6.5%   
  7.00e-8         1.49119e-10     9.63852e-12      #dY:6.5%   
  8.00e-8         1.59415e-10     1.04334e-11      #dY:6.5%   
  1.00e-7         1.7823e-10      1.16648e-11      #dY:6.5%   
  1.50e-7         2.18287e-10     1.39611e-11      #dY:6.4%   
  2.00e-7         2.52056e-10     1.53598e-11      #dY:6.1%   
  2.50e-7         2.81808e-10     1.77219e-11      #dY:6.3%   
  3.00e-7         3.08704e-10     1.9744e-11       #dY:6.4%   
  3.50e-7         3.33439e-10     2.17086e-11      #dY:6.5%   
  4.00e-7         3.56461e-10     2.32074e-11      #dY:6.5%   
  4.50e-7         3.78085e-10     2.48442e-11      #dY:6.6%   
  5.00e-7         3.98536e-10     2.6188e-11       #dY:6.6%   
  5.50e-7         4.17989e-10     2.75527e-11      #dY:6.6%   
  6.00e-7         4.36575e-10     2.88509e-11      #dY:6.6%   
  6.50e-7         4.54402e-10     3.01445e-11      #dY:6.6%   
  7.00e-7         4.71555e-10     3.13291e-11      #dY:6.6%   
  7.50e-7         4.88105e-10     3.24287e-11      #dY:6.6%   
  8.00e-7         5.04114e-10     3.35352e-11      #dY:6.7%   
  8.50e-7         5.19628e-10     3.46055e-11      #dY:6.7%   
  9.00e-7         5.34693e-10     3.56739e-11      #dY:6.7%   
  9.50e-7         5.49345e-10     3.66798e-11      #dY:6.7%   
  1.00e-6         5.63615e-10     3.76326e-11      #dY:6.7%   
  1.50e-6         6.90286e-10     4.61228e-11      #dY:6.7%   
  2.00e-6         7.97071e-10     4.85709e-11      #dY:6.1%   
  2.50e-6         8.91154e-10     5.61183e-11      #dY:6.3%   
  3.00e-6         9.76207e-10     6.25203e-11      #dY:6.4%   
  3.50e-6         1.054432e-9     6.82468e-11      #dY:6.5%   
  4.00e-6         1.127237e-9     7.34878e-11      #dY:6.5%   
  4.50e-6         1.195608e-9     7.83561e-11      #dY:6.6%   
  5.00e-6         1.260282e-9     8.29258e-11      #dY:6.6%   
  5.50e-6         1.321788e-9     8.72463e-11      #dY:6.6%   
  6.00e-6         1.380564e-9     9.13575e-11      #dY:6.6%   
  6.50e-6         1.436939e-9     9.52869e-11      #dY:6.6%   
  7.00e-6         1.491182e-9     9.9198e-11       #dY:6.7%   
  7.50e-6         1.543521e-9     1.02831e-10      #dY:6.7%   
  8.00e-6         1.594137e-9     1.06339e-10      #dY:6.7%   
  8.50e-6         1.643198e-9     1.09735e-10      #dY:6.7%   
  9.00e-6         1.690835e-9     1.13027e-10      #dY:6.7%   
  9.50e-6         1.737166e-9     1.16225e-10      #dY:6.7%   
  1.00e-5         1.782302e-9     1.19336e-10      #dY:6.7%   
  1.50e-5         2.182844e-9     1.46257e-10      #dY:6.7%   
  2.00e-5         2.520535e-9     1.54023e-10      #dY:6.1%   
  2.50e-5         2.818042e-9     1.7796e-10       #dY:6.3%   
  3.00e-5         3.086993e-9     1.98277e-10      #dY:6.4%   
  3.50e-5         3.334322e-9     2.16431e-10      #dY:6.5%   
  4.00e-5         3.564534e-9     2.33053e-10      #dY:6.5%   
  4.50e-5         3.780747e-9     2.48495e-10      #dY:6.6%   
  5.00e-5         3.985253e-9     2.63355e-10      #dY:6.6%   
  5.50e-5         4.179755e-9     2.77077e-10      #dY:6.6%   
  6.00e-5         4.365598e-9     2.90135e-10      #dY:6.6%   
  6.50e-5         4.543859e-9     3.03041e-10      #dY:6.7%   
  7.00e-5         4.715385e-9     3.15025e-10      #dY:6.7%   
  7.50e-5         4.880882e-9     3.26566e-10      #dY:6.7%   
  8.00e-5         5.04094e-9      3.38173e-10      #dY:6.7%   
  8.50e-5         5.196075e-9     3.48968e-10      #dY:6.7%   
  9.00e-5         5.346727e-9     3.59431e-10      #dY:6.7%   
  9.50e-5         5.493243e-9     3.69599e-10      #dY:6.7%   
  1.00e-4         5.635954e-9     3.79492e-10      #dY:6.7%   
  1.50e-4         6.902643e-9     4.65791e-10      #dY:6.7%   
  2.00e-4         7.970535e-9     4.90484e-10      #dY:6.2%   
  2.50e-4         8.9114e-9       5.66715e-10      #dY:6.4%   
  3.00e-4         9.761974e-9     6.32283e-10      #dY:6.5%   
  3.50e-4         1.054432e-8     6.92115e-10      #dY:6.6%   
  4.00e-4         1.127247e-8     7.46322e-10      #dY:6.6%   
  4.50e-4         1.195628e-8     7.96846e-10      #dY:6.7%   
  5.00e-4         1.260322e-8     8.4334e-10       #dY:6.7%   
  5.50e-4         1.321848e-8     8.88508e-10      #dY:6.7%   
  6.00e-4         1.380634e-8     9.31662e-10      #dY:6.7%   
  6.50e-4         1.437019e-8     9.73089e-10      #dY:6.8%   
  7.00e-4         1.491271e-8     1.01297e-9       #dY:6.8%   
  7.50e-4         1.543621e-8     1.05163e-9       #dY:6.8%   
  8.00e-4         1.594257e-8     1.08751e-9       #dY:6.8%   
  8.50e-4         1.643328e-8     1.1222e-9        #dY:6.8%   
  9.00e-4         1.690974e-8     1.15743e-9       #dY:6.8%   
  9.50e-4         1.737316e-8     1.19181e-9       #dY:6.9%   
  1.00e-3         1.782461e-8     1.22367e-9       #dY:6.9%   
  1.50e-3         2.183053e-8     1.50179e-9       #dY:6.9%   
  2.00e-3         2.520684e-8     1.58138e-9       #dY:6.3%   
  2.50e-3         2.818022e-8     1.83455e-9       #dY:6.5%   
  3.00e-3         3.086714e-8     2.04938e-9       #dY:6.6%   
  3.50e-3         3.333695e-8     2.23702e-9       #dY:6.7%   
  4.00e-3         3.563448e-8     2.41199e-9       #dY:6.8%   
  4.50e-3         3.779143e-8     2.57165e-9       #dY:6.8%   
  5.00e-3         3.983051e-8     2.7178e-9        #dY:6.8%   
  5.50e-3         4.176895e-8     2.85932e-9       #dY:6.8%   
  6.00e-3         4.362011e-8     2.99384e-9       #dY:6.9%   
  6.50e-3         4.539455e-8     3.12243e-9       #dY:6.9%   
  7.00e-3         4.710124e-8     3.24557e-9       #dY:6.9%   
  7.50e-3         4.874745e-8     3.35969e-9       #dY:6.9%   
  8.00e-3         5.033895e-8     3.47395e-9       #dY:6.9%   
  8.50e-3         5.188124e-8     3.57968e-9       #dY:6.9%   
  9.00e-3         5.337829e-8     3.68674e-9       #dY:6.9%   
  9.50e-3         5.483359e-8     3.7906e-9        #dY:6.9%   
  0.01            5.625014e-8     3.8863e-9        #dY:6.9%   
  0.015           6.879696e-8     4.75662e-9       #dY:6.9%   
  0.02            7.932215e-8     5.00508e-9       #dY:6.3%   
  0.025           8.855105e-8     5.79939e-9       #dY:6.5%   
  0.03            9.684695e-8     6.46231e-9       #dY:6.7%   
  0.035           1.044428e-7     7.05596e-9       #dY:6.8%   
  0.04            1.114842e-7     7.56937e-9       #dY:6.8%   
  0.045           1.180543e-7     8.04888e-9       #dY:6.8%   
  0.05            1.242467e-7     8.5187e-9        #dY:6.9%   
  0.055           1.301024e-7     8.95166e-9       #dY:6.9%   
  0.06            1.356582e-7     9.34824e-9       #dY:6.9%   
  0.065           1.409519e-7     9.68372e-9       #dY:6.9%   
  0.07            1.460185e-7     1.004e-8         #dY:6.9%   
  0.075           1.508837e-7     1.03664e-8       #dY:6.9%   
  0.08            1.555617e-7     1.06464e-8       #dY:6.8%   
  0.085           1.600743e-7     1.09253e-8       #dY:6.8%   
  0.09            1.644255e-7     1.11907e-8       #dY:6.8%   
  0.095           1.686242e-7     1.14731e-8       #dY:6.8%   
  0.1             1.726924e-7     1.17786e-8       #dY:6.8%   
  0.15            2.075814e-7     1.41932e-8       #dY:6.8%   
  0.2             2.350045e-7     1.4797e-8        #dY:6.3%   
  0.25            2.571997e-7     1.619e-8         #dY:6.3%   
  0.3             2.754882e-7     1.696e-8         #dY:6.2%   
  0.35            2.907287e-7     1.70897e-8       #dY:5.9%   
  0.4             3.032929e-7     1.69732e-8       #dY:5.6%   
  0.45            3.132497e-7     1.7172e-8        #dY:5.5%   
  0.5             3.21141e-7      1.66186e-8       #dY:5.2%   
  0.55            3.268113e-7     1.54527e-8       #dY:4.7%   
  0.6             3.31026e-7      1.49328e-8       #dY:4.5%   
  0.65            3.339274e-7     1.36927e-8       #dY:4.1%   
  0.7             3.353981e-7     1.24465e-8       #dY:3.7%   
  0.75            3.361184e-7     1.17965e-8       #dY:3.5%   
  0.8             3.358504e-7     1.0416e-8        #dY:3.1%   
  0.85            3.351061e-7     1.02225e-8       #dY:3.1%   
  0.9             3.337401e-7     9.73811e-9       #dY:2.9%   
  0.95            3.319755e-7     9.43866e-9       #dY:2.8%   
  1               3.297197e-7     8.76497e-9       #dY:2.7%   
  1.5             2.924554e-7     7.37552e-9       #dY:2.5%   
  2               2.42011e-7      5.98386e-9       #dY:2.5%   
  2.5             1.90092e-7      2.20692e-9       #dY:1.2%   
  3               1.445667e-7     1.80399e-9       #dY:1.2%   
  3.5             1.079829e-7     2.63067e-9       #dY:2.4%   
  4               7.981615e-8     2.65273e-9       #dY:3.3%   
  4.5             5.856591e-8     2.37066e-9       #dY:4.0%   
  5               4.269568e-8     1.98749e-9       #dY:4.7%   
  5.5             3.094147e-8     1.65596e-9       #dY:5.4%   
  6               2.228856e-8     1.34475e-9       #dY:6.0%   
  6.5             1.597266e-8     1.08955e-9       #dY:6.8%   
  7               1.138904e-8     8.62364e-10      #dY:7.6%   
  7.5             8.086453e-9     6.72836e-10      #dY:8.3%   
  8               5.723047e-9     5.16051e-10      #dY:9.0%   
  8.5             4.040571e-9     3.95907e-10      #dY:9.8%   
  9               2.848212e-9     2.97463e-10      #dY:10.4%  
  9.5             2.005858e-9     2.22314e-10      #dY:11.1%  
  10              1.410705e-9     1.65105e-10      #dY:11.7%  
  11              6.95602e-10     8.5465e-11       #dY:12.3%  
  12              3.41389e-10     5.03739e-11      #dY:14.8%  
  13              1.66792e-10     2.64802e-11      #dY:15.9%  
  14              8.11851e-11     1.38298e-11      #dY:17.0%  
  15              3.9422e-11      7.0969e-12       #dY:18.0%  
  16              1.91058e-11     3.60398e-12      #dY:18.9%  
  17              9.25442e-12     1.83076e-12      #dY:19.8%  
  18              4.48607e-12     9.18233e-13      #dY:20.5%  
  20              1.05996e-12     2.24991e-13      #dY:21.2%  
  21              0.00            0.00                        
//
#-------------------------------------------------------------------------------
#
#name:   JENDL-5: PU-239(N,F) E_in=0.2 MeV
#X.axis: Energy
#Y.axis: 
#wdata:  3
#ldata:  164
#data...
# X               Y               +-dY           
# MeV             1/eV            1/eV           
  0.00            0.00            0.00                        
  1.00e-8         5.63394e-11     0.00                        
  2.00e-8         7.9676e-11      3.16946e-12      #dY:4.0%   
  3.00e-8         9.75825e-11     5.94883e-12      #dY:6.1%   
  4.00e-8         1.1268e-10      7.08878e-12      #dY:6.3%   
  5.00e-8         1.25978e-10     7.92537e-12      #dY:6.3%   
  6.00e-8         1.38003e-10     8.9235e-12       #dY:6.5%   
  7.00e-8         1.4906e-10      9.63847e-12      #dY:6.5%   
  8.00e-8         1.59352e-10     1.04334e-11      #dY:6.5%   
  1.00e-7         1.78161e-10     1.16649e-11      #dY:6.5%   
  1.50e-7         2.18201e-10     1.3961e-11       #dY:6.4%   
  2.00e-7         2.51958e-10     1.53599e-11      #dY:6.1%   
  2.50e-7         2.81698e-10     1.7722e-11       #dY:6.3%   
  3.00e-7         3.08584e-10     1.9744e-11       #dY:6.4%   
  3.50e-7         3.33309e-10     2.17086e-11      #dY:6.5%   
  4.00e-7         3.56321e-10     2.32074e-11      #dY:6.5%   
  4.50e-7         3.77937e-10     2.48442e-11      #dY:6.6%   
  5.00e-7         3.9838e-10      2.6188e-11       #dY:6.6%   
  5.50e-7         4.17824e-10     2.75526e-11      #dY:6.6%   
  6.00e-7         4.36404e-10     2.8851e-11       #dY:6.6%   
  6.50e-7         4.54223e-10     3.01445e-11      #dY:6.6%   
  7.00e-7         4.7137e-10      3.13291e-11      #dY:6.6%   
  7.50e-7         4.87913e-10     3.24287e-11      #dY:6.6%   
  8.00e-7         5.03915e-10     3.35351e-11      #dY:6.7%   
  8.50e-7         5.19424e-10     3.46055e-11      #dY:6.7%   
  9.00e-7         5.34483e-10     3.56739e-11      #dY:6.7%   
  9.50e-7         5.49128e-10     3.66798e-11      #dY:6.7%   
  1.00e-6         5.63393e-10     3.76326e-11      #dY:6.7%   
  1.50e-6         6.90014e-10     4.61228e-11      #dY:6.7%   
  2.00e-6         7.96759e-10     4.8571e-11       #dY:6.1%   
  2.50e-6         8.90804e-10     5.61183e-11      #dY:6.3%   
  3.00e-6         9.75825e-10     6.25203e-11      #dY:6.4%   
  3.50e-6         1.054021e-9     6.8247e-11       #dY:6.5%   
  4.00e-6         1.126786e-9     7.34871e-11      #dY:6.5%   
  4.50e-6         1.195138e-9     7.83562e-11      #dY:6.6%   
  5.00e-6         1.259783e-9     8.29259e-11      #dY:6.6%   
  5.50e-6         1.32127e-9      8.72465e-11      #dY:6.6%   
  6.00e-6         1.380016e-9     9.13572e-11      #dY:6.6%   
  6.50e-6         1.436372e-9     9.52869e-11      #dY:6.6%   
  7.00e-6         1.490595e-9     9.91982e-11      #dY:6.7%   
  7.50e-6         1.542915e-9     1.02831e-10      #dY:6.7%   
  8.00e-6         1.593511e-9     1.0634e-10       #dY:6.7%   
  8.50e-6         1.642563e-9     1.09735e-10      #dY:6.7%   
  9.00e-6         1.69017e-9      1.13027e-10      #dY:6.7%   
  9.50e-6         1.736481e-9     1.16224e-10      #dY:6.7%   
  1.00e-5         1.781597e-9     1.19336e-10      #dY:6.7%   
  1.50e-5         2.182003e-9     1.46258e-10      #dY:6.7%   
  2.00e-5         2.519556e-9     1.54023e-10      #dY:6.1%   
  2.50e-5         2.816936e-9     1.77959e-10      #dY:6.3%   
  3.00e-5         3.085789e-9     1.98277e-10      #dY:6.4%   
  3.50e-5         3.333021e-9     2.16431e-10      #dY:6.5%   
  4.00e-5         3.563125e-9     2.33052e-10      #dY:6.5%   
  4.50e-5         3.77926e-9      2.48495e-10      #dY:6.6%   
  5.00e-5         3.983677e-9     2.63354e-10      #dY:6.6%   
  5.50e-5         4.178111e-9     2.77077e-10      #dY:6.6%   
  6.00e-5         4.363886e-9     2.90136e-10      #dY:6.6%   
  6.50e-5         4.542069e-9     3.0304e-10       #dY:6.7%   
  7.00e-5         4.713526e-9     3.15025e-10      #dY:6.7%   
  7.50e-5         4.878955e-9     3.26566e-10      #dY:6.7%   
  8.00e-5         5.038954e-9     3.38173e-10      #dY:6.7%   
  8.50e-5         5.19404e-9      3.48969e-10      #dY:6.7%   
  9.00e-5         5.344633e-9     3.59431e-10      #dY:6.7%   
  9.50e-5         5.491081e-9     3.69598e-10      #dY:6.7%   
  1.00e-4         5.633733e-9     3.79491e-10      #dY:6.7%   
  1.50e-4         6.899923e-9     4.65791e-10      #dY:6.8%   
  2.00e-4         7.967405e-9     4.90485e-10      #dY:6.2%   
  2.50e-4         8.907898e-9     5.66715e-10      #dY:6.4%   
  3.00e-4         9.758149e-9     6.32284e-10      #dY:6.5%   
  3.50e-4         1.054011e-8     6.9211e-10       #dY:6.6%   
  4.00e-4         1.126796e-8     7.46319e-10      #dY:6.6%   
  4.50e-4         1.195158e-8     7.96851e-10      #dY:6.7%   
  5.00e-4         1.259823e-8     8.4334e-10       #dY:6.7%   
  5.50e-4         1.32132e-8      8.88503e-10      #dY:6.7%   
  6.00e-4         1.380086e-8     9.31663e-10      #dY:6.8%   
  6.50e-4         1.436441e-8     9.73085e-10      #dY:6.8%   
  7.00e-4         1.490684e-8     1.01297e-9       #dY:6.8%   
  7.50e-4         1.543014e-8     1.05164e-9       #dY:6.8%   
  8.00e-4         1.59363e-8      1.08751e-9       #dY:6.8%   
  8.50e-4         1.642692e-8     1.12221e-9       #dY:6.8%   
  9.00e-4         1.690309e-8     1.15743e-9       #dY:6.8%   
  9.50e-4         1.736641e-8     1.19181e-9       #dY:6.9%   
  1.00e-3         1.781757e-8     1.22367e-9       #dY:6.9%   
  1.50e-3         2.182202e-8     1.50179e-9       #dY:6.9%   
  2.00e-3         2.519686e-8     1.58137e-9       #dY:6.3%   
  2.50e-3         2.816906e-8     1.83454e-9       #dY:6.5%   
  3.00e-3         3.0855e-8       2.04939e-9       #dY:6.6%   
  3.50e-3         3.332364e-8     2.23701e-9       #dY:6.7%   
  4.00e-3         3.562029e-8     2.41198e-9       #dY:6.8%   
  4.50e-3         3.777636e-8     2.57165e-9       #dY:6.8%   
  5.00e-3         3.981465e-8     2.7178e-9        #dY:6.8%   
  5.50e-3         4.175221e-8     2.85932e-9       #dY:6.8%   
  6.00e-3         4.360259e-8     2.99383e-9       #dY:6.9%   
  6.50e-3         4.537645e-8     3.12244e-9       #dY:6.9%   
  7.00e-3         4.708225e-8     3.24556e-9       #dY:6.9%   
  7.50e-3         4.872787e-8     3.35969e-9       #dY:6.9%   
  8.00e-3         5.031869e-8     3.47395e-9       #dY:6.9%   
  8.50e-3         5.186029e-8     3.57967e-9       #dY:6.9%   
  9.00e-3         5.335676e-8     3.68674e-9       #dY:6.9%   
  9.50e-3         5.481137e-8     3.79059e-9       #dY:6.9%   
  0.01            5.622753e-8     3.88631e-9       #dY:6.9%   
  0.015           6.876886e-8     4.75659e-9       #dY:6.9%   
  0.02            7.928934e-8     5.00504e-9       #dY:6.3%   
  0.025           8.851413e-8     5.79936e-9       #dY:6.6%   
  0.03            9.680591e-8     6.46225e-9       #dY:6.7%   
  0.035           1.043987e-7     7.05595e-9       #dY:6.8%   
  0.04            1.114352e-7     7.56924e-9       #dY:6.8%   
  0.045           1.180023e-7     8.04881e-9       #dY:6.8%   
  0.05            1.241918e-7     8.51869e-9       #dY:6.9%   
  0.055           1.300436e-7     8.95157e-9       #dY:6.9%   
  0.06            1.355964e-7     9.34816e-9       #dY:6.9%   
  0.065           1.408872e-7     9.68367e-9       #dY:6.9%   
  0.07            1.459508e-7     1.00399e-8       #dY:6.9%   
  0.075           1.508131e-7     1.03664e-8       #dY:6.9%   
  0.08            1.554881e-7     1.06463e-8       #dY:6.8%   
  0.085           1.599977e-7     1.09253e-8       #dY:6.8%   
  0.09            1.643459e-7     1.11906e-8       #dY:6.8%   
  0.095           1.685417e-7     1.1473e-8        #dY:6.8%   
  0.1             1.726059e-7     1.17785e-8       #dY:6.8%   
  0.15            2.074673e-7     1.41924e-8       #dY:6.8%   
  0.2             2.348647e-7     1.4796e-8        #dY:6.3%   
  0.25            2.570352e-7     1.6189e-8        #dY:6.3%   
  0.3             2.752998e-7     1.69589e-8       #dY:6.2%   
  0.35            2.905205e-7     1.70888e-8       #dY:5.9%   
  0.4             3.03066e-7      1.69724e-8       #dY:5.6%   
  0.45            3.130059e-7     1.71712e-8       #dY:5.5%   
  0.5             3.208812e-7     1.66179e-8       #dY:5.2%   
  0.55            3.265397e-7     1.54521e-8       #dY:4.7%   
  0.6             3.307434e-7     1.49323e-8       #dY:4.5%   
  0.65            3.336359e-7     1.36922e-8       #dY:4.1%   
  0.7             3.350996e-7     1.24462e-8       #dY:3.7%   
  0.75            3.35816e-7      1.17963e-8       #dY:3.5%   
  0.8             3.35546e-7      1.04159e-8       #dY:3.1%   
  0.85            3.348017e-7     1.02224e-8       #dY:3.1%   
  0.9             3.334376e-7     9.73812e-9       #dY:2.9%   
  0.95            3.31675e-7      9.43868e-9       #dY:2.8%   
  1               3.294222e-7     8.765e-9         #dY:2.7%   
  1.5             2.922303e-7     7.37651e-9       #dY:2.5%   
  2               2.418962e-7     5.98605e-9       #dY:2.5%   
  2.5             1.900784e-7     2.20817e-9       #dY:1.2%   
  3               1.446206e-7     1.8052e-9        #dY:1.2%   
  3.5             1.080754e-7     2.6326e-9        #dY:2.4%   
  4               7.992364e-8     2.65476e-9       #dY:3.3%   
  4.5             5.867573e-8     2.37258e-9       #dY:4.0%   
  5               4.279931e-8     1.98919e-9       #dY:4.6%   
  5.5             3.103425e-8     1.65744e-9       #dY:5.3%   
  6               2.236864e-8     1.34599e-9       #dY:6.0%   
  6.5             1.603983e-8     1.09059e-9       #dY:6.8%   
  7               1.144382e-8     8.6319e-10       #dY:7.5%   
  7.5             8.130343e-9     6.73486e-10      #dY:8.3%   
  8               5.757682e-9     5.16557e-10      #dY:9.0%   
  8.5             4.067563e-9     3.96298e-10      #dY:9.7%   
  9               2.869027e-9     2.97758e-10      #dY:10.4%  
  9.5             2.021785e-9     2.22535e-10      #dY:11.0%  
  10              1.422801e-9     1.6527e-10       #dY:11.6%  
  11              7.0245e-10      8.56042e-11      #dY:12.2%  
  12              3.45178e-10     5.0479e-11       #dY:14.6%  
  13              1.68848e-10     2.65344e-11      #dY:15.7%  
  14              8.22806e-11     1.3857e-11       #dY:16.8%  
  15              3.99979e-11     7.11022e-12      #dY:17.8%  
  16              1.94052e-11     3.61043e-12      #dY:18.6%  
  17              9.40843e-12     1.8338e-12       #dY:19.5%  
  18              4.56466e-12     9.19617e-13      #dY:20.1%  
  20              1.08007e-12     2.25443e-13      #dY:20.9%  
  21              0.00            0.00                        
//
#-------------------------------------------------------------------------------
#
#name:   JENDL-5: PU-239(N,F) E_in=1. MeV
#X.axis: Energy
#Y.axis: 
#wdata:  3
#ldata:  164
#data...
# X               Y               +-dY           
# MeV             1/eV            1/eV           
  0.00            0.00            0.00                        
  1.00e-8         5.6126e-11      0.00                        
  2.00e-8         7.93742e-11     3.22675e-12      #dY:4.1%   
  3.00e-8         9.72132e-11     6.04925e-12      #dY:6.2%   
  4.00e-8         1.12252e-10     7.20525e-12      #dY:6.4%   
  5.00e-8         1.25501e-10     8.05568e-12      #dY:6.4%   
  6.00e-8         1.3748e-10      9.06684e-12      #dY:6.6%   
  7.00e-8         1.48496e-10     9.79335e-12      #dY:6.6%   
  8.00e-8         1.58749e-10     1.05992e-11      #dY:6.7%   
  1.00e-7         1.77486e-10     1.18502e-11      #dY:6.7%   
  1.50e-7         2.17374e-10     1.41873e-11      #dY:6.5%   
  2.00e-7         2.51004e-10     1.56192e-11      #dY:6.2%   
  2.50e-7         2.8063e-10      1.80131e-11      #dY:6.4%   
  3.00e-7         3.07415e-10     2.0064e-11       #dY:6.5%   
  3.50e-7         3.32046e-10     2.20551e-11      #dY:6.6%   
  4.00e-7         3.54972e-10     2.35779e-11      #dY:6.6%   
  4.50e-7         3.76505e-10     2.52377e-11      #dY:6.7%   
  5.00e-7         3.96871e-10     2.66028e-11      #dY:6.7%   
  5.50e-7         4.16242e-10     2.7988e-11       #dY:6.7%   
  6.00e-7         4.34751e-10     2.93058e-11      #dY:6.7%   
  6.50e-7         4.52502e-10     3.06182e-11      #dY:6.8%   
  7.00e-7         4.69584e-10     3.18209e-11      #dY:6.8%   
  7.50e-7         4.86066e-10     3.29377e-11      #dY:6.8%   
  8.00e-7         5.02006e-10     3.40609e-11      #dY:6.8%   
  8.50e-7         5.17457e-10     3.51479e-11      #dY:6.8%   
  9.00e-7         5.32458e-10     3.62327e-11      #dY:6.8%   
  9.50e-7         5.47049e-10     3.7254e-11       #dY:6.8%   
  1.00e-6         5.6126e-10      3.82217e-11      #dY:6.8%   
  1.50e-6         6.87401e-10     4.6844e-11       #dY:6.8%   
  2.00e-6         7.93741e-10     4.93918e-11      #dY:6.2%   
  2.50e-6         8.8743e-10      5.69624e-11      #dY:6.4%   
  3.00e-6         9.7213e-10      6.34476e-11      #dY:6.5%   
  3.50e-6         1.050023e-9     6.92488e-11      #dY:6.6%   
  4.00e-6         1.122514e-9     7.4559e-11       #dY:6.6%   
  4.50e-6         1.19061e-9      7.94938e-11      #dY:6.7%   
  5.00e-6         1.255e-9        8.41242e-11      #dY:6.7%   
  5.50e-6         1.316271e-9     8.85063e-11      #dY:6.7%   
  6.00e-6         1.374801e-9     9.26703e-11      #dY:6.7%   
  6.50e-6         1.43094e-9      9.66532e-11      #dY:6.8%   
  7.00e-6         1.484947e-9     1.00474e-10      #dY:6.8%   
  7.50e-6         1.537071e-9     1.04299e-10      #dY:6.8%   
  8.00e-6         1.58748e-9      1.07856e-10      #dY:6.8%   
  8.50e-6         1.636336e-9     1.11296e-10      #dY:6.8%   
  9.00e-6         1.683766e-9     1.14633e-10      #dY:6.8%   
  9.50e-6         1.729911e-9     1.17875e-10      #dY:6.8%   
  1.00e-5         1.77485e-9      1.21029e-10      #dY:6.8%   
  1.50e-5         2.173723e-9     1.4833e-10       #dY:6.8%   
  2.00e-5         2.51e-9         1.56403e-10      #dY:6.2%   
  2.50e-5         2.80626e-9      1.80623e-10      #dY:6.4%   
  3.00e-5         3.074092e-9     2.01185e-10      #dY:6.5%   
  3.50e-5         3.32039e-9      2.19879e-10      #dY:6.6%   
  4.00e-5         3.54964e-9      2.36757e-10      #dY:6.7%   
  4.50e-5         3.76494e-9      2.52422e-10      #dY:6.7%   
  5.00e-5         3.968591e-9     2.67125e-10      #dY:6.7%   
  5.50e-5         4.162278e-9     2.81034e-10      #dY:6.8%   
  6.00e-5         4.347356e-9     2.94266e-10      #dY:6.8%   
  6.50e-5         4.524861e-9     3.07336e-10      #dY:6.8%   
  7.00e-5         4.69567e-9      3.19482e-10      #dY:6.8%   
  7.50e-5         4.86048e-9      3.31185e-10      #dY:6.8%   
  8.00e-5         5.01988e-9      3.42475e-10      #dY:6.8%   
  8.50e-5         5.174377e-9     3.53889e-10      #dY:6.8%   
  9.00e-5         5.32438e-9      3.64499e-10      #dY:6.8%   
  9.50e-5         5.470288e-9     3.74806e-10      #dY:6.9%   
  1.00e-4         5.6124e-9       3.84833e-10      #dY:6.9%   
  1.50e-4         6.873797e-9     4.72293e-10      #dY:6.9%   
  2.00e-4         7.937232e-9     4.9798e-10       #dY:6.3%   
  2.50e-4         8.87417e-9      5.75885e-10      #dY:6.5%   
  3.00e-4         9.72121e-9      6.41474e-10      #dY:6.6%   
  3.50e-4         1.050013e-8     7.02032e-10      #dY:6.7%   
  4.00e-4         1.122524e-8     7.56902e-10      #dY:6.7%   
  4.50e-4         1.19062e-8      8.08054e-10      #dY:6.8%   
  5.00e-4         1.25504e-8      8.56335e-10      #dY:6.8%   
  5.50e-4         1.31632e-8      9.02143e-10      #dY:6.9%   
  6.00e-4         1.374861e-8     9.44609e-10      #dY:6.9%   
  6.50e-4         1.43101e-8      9.86525e-10      #dY:6.9%   
  7.00e-4         1.485037e-8     1.02695e-9       #dY:6.9%   
  7.50e-4         1.53717e-8      1.06604e-9       #dY:6.9%   
  8.00e-4         1.58758e-8      1.10386e-9       #dY:7.0%   
  8.50e-4         1.636455e-8     1.14061e-9       #dY:7.0%   
  9.00e-4         1.683895e-8     1.17479e-9       #dY:7.0%   
  9.50e-4         1.73005e-8      1.20798e-9       #dY:7.0%   
  1.00e-3         1.774989e-8     1.24195e-9       #dY:7.0%   
  1.50e-3         2.173912e-8     1.52216e-9       #dY:7.0%   
  2.00e-3         2.510119e-8     1.60685e-9       #dY:6.4%   
  2.50e-3         2.8062e-8       1.863e-9         #dY:6.6%   
  3.00e-3         3.073753e-8     2.07779e-9       #dY:6.8%   
  3.50e-3         3.319683e-8     2.27073e-9       #dY:6.8%   
  4.00e-3         3.548454e-8     2.44479e-9       #dY:6.9%   
  4.50e-3         3.763226e-8     2.60648e-9       #dY:6.9%   
  5.00e-3         3.96626e-8      2.7582e-9        #dY:7.0%   
  5.50e-3         4.159269e-8     2.90165e-9       #dY:7.0%   
  6.00e-3         4.34359e-8      3.03813e-9       #dY:7.0%   
  6.50e-3         4.520277e-8     3.16423e-9       #dY:7.0%   
  7.00e-3         4.690209e-8     3.28908e-9       #dY:7.0%   
  7.50e-3         4.854123e-8     3.40478e-9       #dY:7.0%   
  8.00e-3         5.012586e-8     3.52056e-9       #dY:7.0%   
  8.50e-3         5.166137e-8     3.62787e-9       #dY:7.0%   
  9.00e-3         5.315203e-8     3.73634e-9       #dY:7.0%   
  9.50e-3         5.460095e-8     3.84162e-9       #dY:7.0%   
  0.01            5.60115e-8      3.94408e-9       #dY:7.0%   
  0.015           6.850371e-8     4.82715e-9       #dY:7.0%   
  0.02            7.898192e-8     5.08507e-9       #dY:6.4%   
  0.025           8.816895e-8     5.88049e-9       #dY:6.7%   
  0.03            9.642571e-8     6.55955e-9       #dY:6.8%   
  0.035           1.03986e-7      7.15164e-9       #dY:6.9%   
  0.04            1.109929e-7     7.68105e-9       #dY:6.9%   
  0.045           1.175305e-7     8.16695e-9       #dY:6.9%   
  0.05            1.236935e-7     8.65571e-9       #dY:7.0%   
  0.055           1.295176e-7     9.08227e-9       #dY:7.0%   
  0.06            1.350458e-7     9.47245e-9       #dY:7.0%   
  0.065           1.40311e-7      9.82571e-9       #dY:7.0%   
  0.07            1.45349e-7      1.01867e-8       #dY:7.0%   
  0.075           1.501887e-7     1.05037e-8       #dY:7.0%   
  0.08            1.54839e-7      1.07892e-8       #dY:7.0%   
  0.085           1.59327e-7      1.10882e-8       #dY:7.0%   
  0.09            1.636515e-7     1.13408e-8       #dY:6.9%   
  0.095           1.678266e-7     1.16432e-8       #dY:6.9%   
  0.1             1.718691e-7     1.19524e-8       #dY:7.0%   
  0.15            2.065231e-7     1.44175e-8       #dY:7.0%   
  0.2             2.337347e-7     1.50241e-8       #dY:6.4%   
  0.25            2.55738e-7      1.6421e-8        #dY:6.4%   
  0.3             2.738492e-7     1.71868e-8       #dY:6.3%   
  0.35            2.889323e-7     1.73084e-8       #dY:6.0%   
  0.4             3.013668e-7     1.7185e-8        #dY:5.7%   
  0.45            3.111926e-7     1.73914e-8       #dY:5.6%   
  0.5             3.189668e-7     1.67913e-8       #dY:5.3%   
  0.55            3.245448e-7     1.56745e-8       #dY:4.8%   
  0.6             3.286761e-7     1.51338e-8       #dY:4.6%   
  0.65            3.315129e-7     1.38447e-8       #dY:4.2%   
  0.7             3.329259e-7     1.26107e-8       #dY:3.8%   
  0.75            3.336164e-7     1.18984e-8       #dY:3.6%   
  0.8             3.333394e-7     1.0567e-8        #dY:3.2%   
  0.85            3.32597e-7      1.03759e-8       #dY:3.1%   
  0.9             3.312319e-7     9.86566e-9       #dY:3.0%   
  0.95            3.294802e-7     9.63265e-9       #dY:2.9%   
  1               3.272552e-7     8.9294e-9        #dY:2.7%   
  1.5             2.905873e-7     7.53102e-9       #dY:2.6%   
  2               2.410526e-7     6.07772e-9       #dY:2.5%   
  2.5             1.899653e-7     2.11476e-9       #dY:1.1%   
  3               1.450072e-7     1.84862e-9       #dY:1.3%   
  3.5             1.087439e-7     2.69175e-9       #dY:2.5%   
  4               8.071831e-8     2.71969e-9       #dY:3.4%   
  4.5             5.949354e-8     2.42674e-9       #dY:4.1%   
  5               4.35753e-8      2.03207e-9       #dY:4.7%   
  5.5             3.173117e-8     1.6977e-9        #dY:5.4%   
  6               2.297072e-8     1.38583e-9       #dY:6.0%   
  6.5             1.654351e-8     1.12716e-9       #dY:6.8%   
  7               1.185439e-8     8.9595e-10       #dY:7.6%   
  7.5             8.458019e-9     7.02358e-10      #dY:8.3%   
  8               6.01484e-9      5.43998e-10      #dY:9.0%   
  8.5             4.266695e-9     4.18981e-10      #dY:9.8%   
  9               3.021569e-9     3.1742e-10       #dY:10.5%  
  9.5             2.137522e-9     2.37368e-10      #dY:11.1%  
  10              1.509908e-9     1.77625e-10      #dY:11.8%  
  11              7.50722e-10     9.30167e-11      #dY:12.4%  
  12              3.71239e-10     5.53983e-11      #dY:14.9%  
  13              1.82582e-10     2.97193e-11      #dY:16.3%  
  14              8.93653e-11     1.57162e-11      #dY:17.6%  
  15              4.3584e-11      8.20978e-12      #dY:18.8%  
  16              2.11922e-11     4.21963e-12      #dY:19.9%  
  17              1.02844e-11     2.16912e-12      #dY:21.1%  
  18              4.98582e-12     1.10933e-12      #dY:22.2%  
  20              1.17159e-12     2.73648e-13      #dY:23.4%  
  21              0.00            0.00                        
//
#-------------------------------------------------------------------------------
#
#name:   JENDL-5: PU-239(N,F) E_in=2. MeV
#X.axis: Energy
#Y.axis: 
#wdata:  3
#ldata:  164
#data...
# X               Y               +-dY           
# MeV             1/eV            1/eV           
  0.00            0.00            0.00                        
  1.00e-8         5.55154e-11     0.00                        
  2.00e-8         7.85107e-11     3.02387e-12      #dY:3.9%   
  3.00e-8         9.61555e-11     5.67902e-12      #dY:5.9%   
  4.00e-8         1.11031e-10     6.76875e-12      #dY:6.1%   
  5.00e-8         1.24136e-10     7.56766e-12      #dY:6.1%   
  6.00e-8         1.35984e-10     8.5223e-12       #dY:6.3%   
  7.00e-8         1.46881e-10     9.20523e-12      #dY:6.3%   
  8.00e-8         1.57022e-10     9.96518e-12      #dY:6.3%   
  1.00e-7         1.75555e-10     1.11413e-11      #dY:6.3%   
  1.50e-7         2.15011e-10     1.33325e-11      #dY:6.2%   
  2.00e-7         2.48272e-10     1.46632e-11      #dY:5.9%   
  2.50e-7         2.77578e-10     1.69219e-11      #dY:6.1%   
  3.00e-7         3.04071e-10     1.8855e-11       #dY:6.2%   
  3.50e-7         3.28434e-10     2.07335e-11      #dY:6.3%   
  4.00e-7         3.5111e-10      2.2165e-11       #dY:6.3%   
  4.50e-7         3.72409e-10     2.37297e-11      #dY:6.4%   
  5.00e-7         3.92552e-10     2.50133e-11      #dY:6.4%   
  5.50e-7         4.11712e-10     2.63173e-11      #dY:6.4%   
  6.00e-7         4.30021e-10     2.75581e-11      #dY:6.4%   
  6.50e-7         4.47579e-10     2.87943e-11      #dY:6.4%   
  7.00e-7         4.64475e-10     2.99261e-11      #dY:6.4%   
  7.50e-7         4.80777e-10     3.09764e-11      #dY:6.4%   
  8.00e-7         4.96544e-10     3.20335e-11      #dY:6.5%   
  8.50e-7         5.11826e-10     3.30566e-11      #dY:6.5%   
  9.00e-7         5.26665e-10     3.40782e-11      #dY:6.5%   
  9.50e-7         5.41097e-10     3.50392e-11      #dY:6.5%   
  1.00e-6         5.55154e-10     3.59495e-11      #dY:6.5%   
  1.50e-6         6.79922e-10     4.40597e-11      #dY:6.5%   
  2.00e-6         7.85106e-10     4.6369e-11       #dY:5.9%   
  2.50e-6         8.77774e-10     5.35116e-11      #dY:6.1%   
  3.00e-6         9.61553e-10     5.96245e-11      #dY:6.2%   
  3.50e-6         1.038592e-9     6.50897e-11      #dY:6.3%   
  4.00e-6         1.110301e-9     7.0092e-11       #dY:6.3%   
  4.50e-6         1.177655e-9     7.47386e-11      #dY:6.3%   
  5.00e-6         1.241362e-9     7.90989e-11      #dY:6.4%   
  5.50e-6         1.30195e-9      8.32227e-11      #dY:6.4%   
  6.00e-6         1.359837e-9     8.71446e-11      #dY:6.4%   
  6.50e-6         1.415363e-9     9.08951e-11      #dY:6.4%   
  7.00e-6         1.468795e-9     9.44926e-11      #dY:6.4%   
  7.50e-6         1.520345e-9     9.79553e-11      #dY:6.4%   
  8.00e-6         1.57021e-9      1.01299e-10      #dY:6.5%   
  8.50e-6         1.618531e-9     1.04534e-10      #dY:6.5%   
  9.00e-6         1.665447e-9     1.0767e-10       #dY:6.5%   
  9.50e-6         1.711087e-9     1.10717e-10      #dY:6.5%   
  1.00e-5         1.755541e-9     1.13682e-10      #dY:6.5%   
  1.50e-5         2.150089e-9     1.39328e-10      #dY:6.5%   
  2.00e-5         2.482694e-9     1.46627e-10      #dY:5.9%   
  2.50e-5         2.775728e-9     1.69456e-10      #dY:6.1%   
  3.00e-5         3.04065e-9      1.88814e-10      #dY:6.2%   
  3.50e-5         3.284267e-9     2.0642e-10       #dY:6.3%   
  4.00e-5         3.511012e-9     2.22294e-10      #dY:6.3%   
  4.50e-5         3.723977e-9     2.37026e-10      #dY:6.4%   
  5.00e-5         3.925401e-9     2.51223e-10      #dY:6.4%   
  5.50e-5         4.11699e-9      2.64319e-10      #dY:6.4%   
  6.00e-5         4.300049e-9     2.76778e-10      #dY:6.4%   
  6.50e-5         4.475634e-9     2.88684e-10      #dY:6.5%   
  7.00e-5         4.644582e-9     3.00109e-10      #dY:6.5%   
  7.50e-5         4.807601e-9     3.111e-10        #dY:6.5%   
  8.00e-5         4.965259e-9     3.21713e-10      #dY:6.5%   
  8.50e-5         5.118074e-9     3.32474e-10      #dY:6.5%   
  9.00e-5         5.266454e-9     3.4245e-10       #dY:6.5%   
  9.50e-5         5.410768e-9     3.52143e-10      #dY:6.5%   
  1.00e-4         5.551336e-9     3.61572e-10      #dY:6.5%   
  1.50e-4         6.799006e-9     4.4314e-10       #dY:6.5%   
  2.00e-4         7.850872e-9     4.67007e-10      #dY:5.9%   
  2.50e-4         8.777596e-9     5.405e-10        #dY:6.2%   
  3.00e-4         9.615421e-9     6.02308e-10      #dY:6.3%   
  3.50e-4         1.038592e-8     6.5939e-10       #dY:6.3%   
  4.00e-4         1.110311e-8     7.11061e-10      #dY:6.4%   
  4.50e-4         1.177675e-8     7.59276e-10      #dY:6.4%   
  5.00e-4         1.241382e-8     8.03615e-10      #dY:6.5%   
  5.50e-4         1.30199e-8      8.46726e-10      #dY:6.5%   
  6.00e-4         1.359887e-8     8.87871e-10      #dY:6.5%   
  6.50e-4         1.415432e-8     9.27344e-10      #dY:6.6%   
  7.00e-4         1.468875e-8     9.65416e-10      #dY:6.6%   
  7.50e-4         1.520425e-8     1.00086e-9       #dY:6.6%   
  8.00e-4         1.57031e-8      1.03654e-9       #dY:6.6%   
  8.50e-4         1.618641e-8     1.07115e-9       #dY:6.6%   
  9.00e-4         1.665576e-8     1.10328e-9       #dY:6.6%   
  9.50e-4         1.711206e-8     1.13604e-9       #dY:6.6%   
  1.00e-3         1.755671e-8     1.16811e-9       #dY:6.7%   
  1.50e-3         2.150259e-8     1.43164e-9       #dY:6.7%   
  2.00e-3         2.482784e-8     1.50652e-9       #dY:6.1%   
  2.50e-3         2.775638e-8     1.74839e-9       #dY:6.3%   
  3.00e-3         3.040281e-8     1.95076e-9       #dY:6.4%   
  3.50e-3         3.283519e-8     2.13247e-9       #dY:6.5%   
  4.00e-3         3.509797e-8     2.29628e-9       #dY:6.5%   
  4.50e-3         3.722213e-8     2.44502e-9       #dY:6.6%   
  5.00e-3         3.923029e-8     2.58753e-9       #dY:6.6%   
  5.50e-3         4.113941e-8     2.72229e-9       #dY:6.6%   
  6.00e-3         4.296232e-8     2.85039e-9       #dY:6.6%   
  6.50e-3         4.47099e-8      2.96838e-9       #dY:6.6%   
  7.00e-3         4.639061e-8     3.08559e-9       #dY:6.7%   
  7.50e-3         4.801164e-8     3.19854e-9       #dY:6.7%   
  8.00e-3         4.957895e-8     3.30748e-9       #dY:6.7%   
  8.50e-3         5.109773e-8     3.41278e-9       #dY:6.7%   
  9.00e-3         5.257206e-8     3.50995e-9       #dY:6.7%   
  9.50e-3         5.400504e-8     3.6089e-9        #dY:6.7%   
  0.01            5.540006e-8     3.70503e-9       #dY:6.7%   
  0.015           6.775459e-8     4.53452e-9       #dY:6.7%   
  0.02            7.811679e-8     4.76805e-9       #dY:6.1%   
  0.025           8.720157e-8     5.51931e-9       #dY:6.3%   
  0.03            9.536597e-8     6.15955e-9       #dY:6.5%   
  0.035           1.028408e-7     6.72576e-9       #dY:6.5%   
  0.04            1.097685e-7     7.21404e-9       #dY:6.6%   
  0.045           1.162309e-7     7.67076e-9       #dY:6.6%   
  0.05            1.223246e-7     8.13082e-9       #dY:6.6%   
  0.055           1.280824e-7     8.53148e-9       #dY:6.7%   
  0.06            1.335452e-7     8.88411e-9       #dY:6.7%   
  0.065           1.3875e-7       9.22757e-9       #dY:6.7%   
  0.07            1.437296e-7     9.56564e-9       #dY:6.7%   
  0.075           1.485118e-7     9.87621e-9       #dY:6.7%   
  0.08            1.531077e-7     1.01554e-8       #dY:6.6%   
  0.085           1.575432e-7     1.04059e-8       #dY:6.6%   
  0.09            1.618172e-7     1.06713e-8       #dY:6.6%   
  0.095           1.659408e-7     1.09711e-8       #dY:6.6%   
  0.1             1.699358e-7     1.12639e-8       #dY:6.6%   
  0.15            2.041669e-7     1.35666e-8       #dY:6.6%   
  0.2             2.310348e-7     1.4113e-8        #dY:6.1%   
  0.25            2.527537e-7     1.54285e-8       #dY:6.1%   
  0.3             2.706301e-7     1.61423e-8       #dY:6.0%   
  0.35            2.85519e-7      1.62638e-8       #dY:5.7%   
  0.4             2.977979e-7     1.61291e-8       #dY:5.4%   
  0.45            3.075139e-7     1.63031e-8       #dY:5.3%   
  0.5             3.15212e-7      1.57795e-8       #dY:5.0%   
  0.55            3.207585e-7     1.47888e-8       #dY:4.6%   
  0.6             3.248851e-7     1.42515e-8       #dY:4.4%   
  0.65            3.277431e-7     1.30449e-8       #dY:4.0%   
  0.7             3.292079e-7     1.18977e-8       #dY:3.6%   
  0.75            3.299643e-7     1.12393e-8       #dY:3.4%   
  0.8             3.29769e-7      1.00267e-8       #dY:3.0%   
  0.85            3.291163e-7     9.84591e-9       #dY:3.0%   
  0.9             3.278487e-7     9.34539e-9       #dY:2.9%   
  0.95            3.261975e-7     9.19198e-9       #dY:2.8%   
  1               3.240819e-7     8.50817e-9       #dY:2.6%   
  1.5             2.88645e-7      7.22062e-9       #dY:2.5%   
  2               2.403093e-7     5.95548e-9       #dY:2.5%   
  2.5             1.901739e-7     2.43018e-9       #dY:1.3%   
  3               1.458222e-7     1.78218e-9       #dY:1.2%   
  3.5             1.098652e-7     2.54148e-9       #dY:2.3%   
  4               8.193841e-8     2.56707e-9       #dY:3.1%   
  4.5             6.068425e-8     2.30939e-9       #dY:3.8%   
  5               4.466595e-8     1.94523e-9       #dY:4.4%   
  5.5             3.268831e-8     1.64178e-9       #dY:5.0%   
  6               2.378469e-8     1.34825e-9       #dY:5.7%   
  6.5             1.721959e-8     1.10472e-9       #dY:6.4%   
  7               1.240495e-8     8.87647e-10      #dY:7.2%   
  7.5             8.899349e-9     7.03011e-10      #dY:7.9%   
  8               6.364109e-9     5.49358e-10      #dY:8.6%   
  8.5             4.540168e-9     4.26408e-10      #dY:9.4%   
  9               3.233833e-9     3.25538e-10      #dY:10.1%  
  9.5             2.30112e-9      2.46711e-10      #dY:10.7%  
  10              1.635163e-9     1.86722e-10      #dY:11.4%  
  11              8.22936e-10     9.94573e-11      #dY:12.1%  
  12              4.12055e-10     5.96482e-11      #dY:14.5%  
  13              2.05263e-10     3.27103e-11      #dY:15.9%  
  14              1.01786e-10     1.76687e-11      #dY:17.4%  
  15              5.03045e-11     9.36719e-12      #dY:18.6%  
  16              2.47899e-11     4.96329e-12      #dY:20.0%  
  17              1.21946e-11     2.58879e-12      #dY:21.2%  
  18              5.99379e-12     1.33332e-12      #dY:22.2%  
  20              1.4484e-12      3.39158e-13      #dY:23.4%  
  21              0.00            0.00                        
//
#-------------------------------------------------------------------------------
#
#name:   JENDL-5: PU-239(N,F) E_in=5. MeV
#X.axis: Energy
#Y.axis: 
#wdata:  3
#ldata:  164
#data...
# X               Y               +-dY           
# MeV             1/eV            1/eV           
  0.00            0.00            0.00                        
  1.00e-8         5.3745e-11      0.00                        
  2.00e-8         7.6007e-11      2.87429e-12      #dY:3.8%   
  3.00e-8         9.3089e-11      5.39479e-12      #dY:5.8%   
  4.00e-8         1.0749e-10      6.42857e-12      #dY:6.0%   
  5.00e-8         1.20178e-10     7.18739e-12      #dY:6.0%   
  6.00e-8         1.31648e-10     8.09247e-12      #dY:6.1%   
  7.00e-8         1.42196e-10     8.74086e-12      #dY:6.1%   
  8.00e-8         1.52014e-10     9.46173e-12      #dY:6.2%   
  1.00e-7         1.69956e-10     1.05785e-11      #dY:6.2%   
  1.50e-7         2.08153e-10     1.26609e-11      #dY:6.1%   
  2.00e-7         2.40354e-10     1.39293e-11      #dY:5.8%   
  2.50e-7         2.68725e-10     1.60714e-11      #dY:6.0%   
  3.00e-7         2.94373e-10     1.79052e-11      #dY:6.1%   
  3.50e-7         3.1796e-10      1.96868e-11      #dY:6.2%   
  4.00e-7         3.39913e-10     2.10461e-11      #dY:6.2%   
  4.50e-7         3.60532e-10     2.25303e-11      #dY:6.2%   
  5.00e-7         3.80034e-10     2.37491e-11      #dY:6.2%   
  5.50e-7         3.98583e-10     2.49867e-11      #dY:6.3%   
  6.00e-7         4.16308e-10     2.61641e-11      #dY:6.3%   
  6.50e-7         4.33307e-10     2.73371e-11      #dY:6.3%   
  7.00e-7         4.49663e-10     2.84114e-11      #dY:6.3%   
  7.50e-7         4.65445e-10     2.94085e-11      #dY:6.3%   
  8.00e-7         4.8071e-10      3.04121e-11      #dY:6.3%   
  8.50e-7         4.95504e-10     3.13829e-11      #dY:6.3%   
  9.00e-7         5.09869e-10     3.23525e-11      #dY:6.3%   
  9.50e-7         5.23842e-10     3.32647e-11      #dY:6.4%   
  1.00e-6         5.3745e-10      3.41289e-11      #dY:6.4%   
  1.50e-6         6.58239e-10     4.18279e-11      #dY:6.4%   
  2.00e-6         7.60069e-10     4.40485e-11      #dY:5.8%   
  2.50e-6         8.49783e-10     5.08222e-11      #dY:6.0%   
  3.00e-6         9.30889e-10     5.66212e-11      #dY:6.1%   
  3.50e-6         1.005463e-9     6.18061e-11      #dY:6.1%   
  4.00e-6         1.074894e-9     6.65537e-11      #dY:6.2%   
  4.50e-6         1.140099e-9     7.09631e-11      #dY:6.2%   
  5.00e-6         1.201776e-9     7.51016e-11      #dY:6.2%   
  5.50e-6         1.260422e-9     7.90143e-11      #dY:6.3%   
  6.00e-6         1.316467e-9     8.27373e-11      #dY:6.3%   
  6.50e-6         1.37023e-9      8.62966e-11      #dY:6.3%   
  7.00e-6         1.42196e-9      8.97112e-11      #dY:6.3%   
  7.50e-6         1.471865e-9     9.29976e-11      #dY:6.3%   
  8.00e-6         1.520126e-9     9.617e-11        #dY:6.3%   
  8.50e-6         1.566911e-9     9.92406e-11      #dY:6.3%   
  9.00e-6         1.612342e-9     1.02219e-10      #dY:6.3%   
  9.50e-6         1.656526e-9     1.05111e-10      #dY:6.3%   
  1.00e-5         1.699554e-9     1.07924e-10      #dY:6.4%   
  1.50e-5         2.081514e-9     1.32271e-10      #dY:6.4%   
  2.00e-5         2.403512e-9     1.39292e-10      #dY:5.8%   
  2.50e-5         2.687206e-9     1.60712e-10      #dY:6.0%   
  3.00e-5         2.94367e-9      1.7905e-10       #dY:6.1%   
  3.50e-5         3.179522e-9     1.9545e-10       #dY:6.1%   
  4.00e-5         3.399048e-9     2.10461e-10      #dY:6.2%   
  4.50e-5         3.605218e-9     2.24406e-10      #dY:6.2%   
  5.00e-5         3.800225e-9     2.37492e-10      #dY:6.2%   
  5.50e-5         3.985703e-9     2.4987e-10       #dY:6.3%   
  6.00e-5         4.162918e-9     2.61645e-10      #dY:6.3%   
  6.50e-5         4.332907e-9     2.72901e-10      #dY:6.3%   
  7.00e-5         4.496458e-9     2.84114e-10      #dY:6.3%   
  7.50e-5         4.654277e-9     2.9452e-10       #dY:6.3%   
  8.00e-5         4.806924e-9     3.0457e-10       #dY:6.3%   
  8.50e-5         4.954856e-9     3.14296e-10      #dY:6.3%   
  9.00e-5         5.098502e-9     3.23726e-10      #dY:6.3%   
  9.50e-5         5.238221e-9     3.32887e-10      #dY:6.4%   
  1.00e-4         5.374302e-9     3.41798e-10      #dY:6.4%   
  1.50e-4         6.582178e-9     4.1891e-10       #dY:6.4%   
  2.00e-4         7.600489e-9     4.41839e-10      #dY:5.8%   
  2.50e-4         8.49767e-9      5.09768e-10      #dY:6.0%   
  3.00e-4         9.308754e-9     5.69615e-10      #dY:6.1%   
  3.50e-4         1.005463e-8     6.22714e-10      #dY:6.2%   
  4.00e-4         1.074904e-8     6.7152e-10       #dY:6.2%   
  4.50e-4         1.140109e-8     7.16015e-10      #dY:6.3%   
  5.00e-4         1.201796e-8     7.58861e-10      #dY:6.3%   
  5.50e-4         1.260462e-8     7.99622e-10      #dY:6.3%   
  6.00e-4         1.316517e-8     8.3851e-10       #dY:6.4%   
  6.50e-4         1.37029e-8      8.74594e-10      #dY:6.4%   
  7.00e-4         1.422009e-8     9.09153e-10      #dY:6.4%   
  7.50e-4         1.471935e-8     9.43801e-10      #dY:6.4%   
  8.00e-4         1.520205e-8     9.77423e-10      #dY:6.4%   
  8.50e-4         1.567001e-8     1.00868e-9       #dY:6.4%   
  9.00e-4         1.612431e-8     1.04044e-9       #dY:6.5%   
  9.50e-4         1.656625e-8     1.07142e-9       #dY:6.5%   
  1.00e-3         1.699663e-8     1.10008e-9       #dY:6.5%   
  1.50e-3         2.081643e-8     1.34829e-9       #dY:6.5%   
  2.00e-3         2.403542e-8     1.41971e-9       #dY:5.9%   
  2.50e-3         2.687037e-8     1.64521e-9       #dY:6.1%   
  3.00e-3         2.943211e-8     1.83814e-9       #dY:6.2%   
  3.50e-3         3.178685e-8     2.00634e-9       #dY:6.3%   
  4.00e-3         3.397722e-8     2.15716e-9       #dY:6.3%   
  4.50e-3         3.603344e-8     2.29995e-9       #dY:6.4%   
  5.00e-3         3.797713e-8     2.43044e-9       #dY:6.4%   
  5.50e-3         3.982503e-8     2.55694e-9       #dY:6.4%   
  6.00e-3         4.158961e-8     2.67733e-9       #dY:6.4%   
  6.50e-3         4.328103e-8     2.79231e-9       #dY:6.5%   
  7.00e-3         4.490807e-8     2.8983e-9        #dY:6.5%   
  7.50e-3         4.647699e-8     2.99983e-9       #dY:6.5%   
  8.00e-3         4.799409e-8     3.10182e-9       #dY:6.5%   
  8.50e-3         4.946394e-8     3.19598e-9       #dY:6.5%   
  9.00e-3         5.089083e-8     3.29157e-9       #dY:6.5%   
  9.50e-3         5.227786e-8     3.38433e-9       #dY:6.5%   
  0.01            5.36279e-8      3.4745e-9        #dY:6.5%   
  0.015           6.558376e-8     4.25216e-9       #dY:6.5%   
  0.02            7.560989e-8     4.47385e-9       #dY:5.9%   
  0.025           8.43988e-8      5.18515e-9       #dY:6.1%   
  0.03            9.229605e-8     5.79438e-9       #dY:6.3%   
  0.035           9.952531e-8     6.31766e-9       #dY:6.3%   
  0.04            1.062236e-7     6.78477e-9       #dY:6.4%   
  0.045           1.12472e-7      7.23427e-9       #dY:6.4%   
  0.05            1.183616e-7     7.64666e-9       #dY:6.5%   
  0.055           1.239272e-7     8.03427e-9       #dY:6.5%   
  0.06            1.292068e-7     8.34093e-9       #dY:6.5%   
  0.065           1.342342e-7     8.67325e-9       #dY:6.5%   
  0.07            1.390463e-7     8.99162e-9       #dY:6.5%   
  0.075           1.436651e-7     9.28122e-9       #dY:6.5%   
  0.08            1.481055e-7     9.54226e-9       #dY:6.4%   
  0.085           1.523863e-7     9.80383e-9       #dY:6.4%   
  0.09            1.565137e-7     1.0067e-8        #dY:6.4%   
  0.095           1.604956e-7     1.03501e-8       #dY:6.4%   
  0.1             1.643509e-7     1.06417e-8       #dY:6.5%   
  0.15            1.973749e-7     1.28137e-8       #dY:6.5%   
  0.2             2.232675e-7     1.32945e-8       #dY:6.0%   
  0.25            2.441905e-7     1.45345e-8       #dY:6.0%   
  0.3             2.614087e-7     1.52093e-8       #dY:5.8%   
  0.35            2.757554e-7     1.53495e-8       #dY:5.6%   
  0.4             2.876043e-7     1.53081e-8       #dY:5.3%   
  0.45            2.970173e-7     1.52978e-8       #dY:5.2%   
  0.5             3.045115e-7     1.48105e-8       #dY:4.9%   
  0.55            3.099855e-7     1.41207e-8       #dY:4.6%   
  0.6             3.141099e-7     1.35165e-8       #dY:4.3%   
  0.65            3.170382e-7     1.23577e-8       #dY:3.9%   
  0.7             3.186589e-7     1.13829e-8       #dY:3.6%   
  0.75            3.196057e-7     1.06586e-8       #dY:3.3%   
  0.8             3.196536e-7     9.75054e-9       #dY:3.1%   
  0.85            3.192579e-7     9.45921e-9       #dY:3.0%   
  0.9             3.182721e-7     8.98335e-9       #dY:2.8%   
  0.95            3.169146e-7     9.00034e-9       #dY:2.8%   
  1               3.151116e-7     8.31464e-9       #dY:2.6%   
  1.5             2.831221e-7     7.12154e-9       #dY:2.5%   
  2               2.381116e-7     5.99357e-9       #dY:2.5%   
  2.5             1.906292e-7     2.54671e-9       #dY:1.3%   
  3               1.479938e-7     1.73999e-9       #dY:1.2%   
  3.5             1.129295e-7     2.43314e-9       #dY:2.2%   
  4               8.531767e-8     2.48132e-9       #dY:2.9%   
  4.5             6.401643e-8     2.25041e-9       #dY:3.5%   
  5               4.77486e-8      1.90815e-9       #dY:4.0%   
  5.5             3.542006e-8     1.64735e-9       #dY:4.7%   
  6               2.61318e-8      1.37992e-9       #dY:5.3%   
  6.5             1.91899e-8      1.15785e-9       #dY:6.0%   
  7               1.402783e-8     9.50757e-10      #dY:6.8%   
  7.5             1.02155e-8      7.69922e-10      #dY:7.5%   
  8               7.418499e-9     6.1699e-10       #dY:8.3%   
  8.5             5.376246e-9     4.90551e-10      #dY:9.1%   
  9               3.891125e-9     3.84262e-10      #dY:9.9%   
  9.5             2.814386e-9     3.01009e-10      #dY:10.7%  
  10              2.033403e-9     2.31077e-10      #dY:11.4%  
  11              1.058807e-9     1.29888e-10      #dY:12.3%  
  12              5.49093e-10     8.10717e-11      #dY:14.8%  
  13              2.83571e-10     4.68691e-11      #dY:16.5%  
  14              1.45898e-10     2.66675e-11      #dY:18.3%  
  15              7.48603e-11     1.48806e-11      #dY:19.9%  
  16              3.83122e-11     8.25271e-12      #dY:21.5%  
  17              1.95804e-11     4.52935e-12      #dY:23.1%  
  18              1.00044e-11     2.4651e-12       #dY:24.6%  
  20              2.61506e-12     6.80738e-13      #dY:26.0%  
  21              0.00            0.00                        
//
#-------------------------------------------------------------------------------
#
#name:   JENDL-5: PU-239(N,F) E_in=5.5 MeV
#X.axis: Energy
#Y.axis: 
#wdata:  3
#ldata:  512
#data...
# X               Y               +-dY           
# MeV             1/eV            1/eV           
  0.00            0.00            0.00                        
  1.00e-11        1.97726e-12     0.00                        
  1.20e-11        2.16598e-12     0.00                        
  1.40e-11        2.33953e-12     0.00                        
  1.60e-11        2.50106e-12     0.00                        
  1.80e-11        2.65278e-12     0.00                        
  2.20e-11        2.93275e-12     0.00                        
  2.50e-11        3.12633e-12     0.00                        
  2.90e-11        3.36716e-12     0.00                        
  3.40e-11        3.64589e-12     3.37136e-13      #dY:9.2%   
  4.00e-11        3.95453e-12     3.65676e-13      #dY:9.2%   
  4.60e-11        4.24076e-12     3.92144e-13      #dY:9.2%   
  5.40e-11        4.59475e-12     4.24878e-13      #dY:9.2%   
  6.30e-11        4.96289e-12     4.5892e-13       #dY:9.2%   
  7.40e-11        5.37874e-12     4.97373e-13      #dY:9.2%   
  8.60e-11        5.79848e-12     5.36187e-13      #dY:9.2%   
  1.00e-10        6.25266e-12     6.75771e-13      #dY:10.8%  
  1.20e-10        6.84945e-12     7.4027e-13       #dY:10.8%  
  1.40e-10        7.39825e-12     7.99583e-13      #dY:10.8%  
  1.60e-10        7.90907e-12     8.54791e-13      #dY:10.8%  
  1.80e-10        8.38883e-12     9.06642e-13      #dY:10.8%  
  2.20e-10        9.27421e-12     1.00233e-12      #dY:10.8%  
  2.50e-10        9.88634e-12     1.06849e-12      #dY:10.8%  
  2.90e-10        1.06479e-11     1.1508e-12       #dY:10.8%  
  3.40e-10        1.15294e-11     1.23545e-12      #dY:10.7%  
  4.00e-10        1.25054e-11     1.34004e-12      #dY:10.7%  
  4.60e-10        1.34105e-11     1.43703e-12      #dY:10.7%  
  5.40e-10        1.45299e-11     1.55698e-12      #dY:10.7%  
  6.30e-10        1.56941e-11     1.68173e-12      #dY:10.7%  
  7.40e-10        1.70091e-11     1.82264e-12      #dY:10.7%  
  8.60e-10        1.83365e-11     1.96488e-12      #dY:10.7%  
  1.00e-9         1.97728e-11     2.11879e-12      #dY:10.7%  
  1.20e-9         2.166e-11       2.34096e-12      #dY:10.8%  
  1.40e-9         2.33955e-11     2.52853e-12      #dY:10.8%  
  1.60e-9         2.50108e-11     2.70311e-12      #dY:10.8%  
  1.80e-9         2.6528e-11      2.86708e-12      #dY:10.8%  
  2.20e-9         2.93278e-11     3.16968e-12      #dY:10.8%  
  2.50e-9         3.12636e-11     3.3789e-12       #dY:10.8%  
  2.90e-9         3.3672e-11      3.63919e-12      #dY:10.8%  
  3.40e-9         3.64594e-11     3.90687e-12      #dY:10.7%  
  4.00e-9         3.95458e-11     4.2376e-12       #dY:10.7%  
  4.60e-9         4.24082e-11     4.54433e-12      #dY:10.7%  
  5.40e-9         4.59482e-11     4.92366e-12      #dY:10.7%  
  6.30e-9         4.96298e-11     5.31817e-12      #dY:10.7%  
  7.40e-9         5.37884e-11     5.76379e-12      #dY:10.7%  
  8.60e-9         5.79859e-11     6.21358e-12      #dY:10.7%  
  1.00e-8         6.25279e-11     6.75773e-12      #dY:10.8%  
  1.20e-8         6.84961e-11     7.40275e-12      #dY:10.8%  
  1.40e-8         7.39844e-11     7.9959e-12       #dY:10.8%  
  1.60e-8         7.90928e-11     8.54799e-12      #dY:10.8%  
  1.80e-8         8.38907e-11     9.06652e-12      #dY:10.8%  
  2.20e-8         9.27449e-11     1.00234e-11      #dY:10.8%  
  2.50e-8         9.88667e-11     1.06851e-11      #dY:10.8%  
  2.90e-8         1.06483e-10     1.15082e-11      #dY:10.8%  
  3.40e-8         1.15298e-10     1.23545e-11      #dY:10.7%  
  4.00e-8         1.25059e-10     1.34004e-11      #dY:10.7%  
  4.60e-8         1.34111e-10     1.43704e-11      #dY:10.7%  
  5.40e-8         1.45306e-10     1.55699e-11      #dY:10.7%  
  6.30e-8         1.56949e-10     1.68175e-11      #dY:10.7%  
  7.40e-8         1.70101e-10     1.82268e-11      #dY:10.7%  
  8.60e-8         1.83376e-10     1.96493e-11      #dY:10.7%  
  1.00e-7         1.97741e-10     2.11885e-11      #dY:10.7%  
  1.20e-7         2.16616e-10     2.34085e-11      #dY:10.8%  
  1.40e-7         2.33973e-10     2.52842e-11      #dY:10.8%  
  1.60e-7         2.50129e-10     2.70301e-11      #dY:10.8%  
  1.80e-7         2.65304e-10     2.867e-11        #dY:10.8%  
  2.20e-7         2.93307e-10     3.16961e-11      #dY:10.8%  
  2.50e-7         3.12669e-10     3.37885e-11      #dY:10.8%  
  2.90e-7         3.36758e-10     3.63916e-11      #dY:10.8%  
  3.40e-7         3.64639e-10     3.90682e-11      #dY:10.7%  
  4.00e-7         3.95511e-10     4.23759e-11      #dY:10.7%  
  4.60e-7         4.24143e-10     4.54436e-11      #dY:10.7%  
  5.40e-7         4.59553e-10     4.92375e-11      #dY:10.7%  
  6.30e-7         4.96381e-10     5.31834e-11      #dY:10.7%  
  7.40e-7         5.37982e-10     5.76406e-11      #dY:10.7%  
  8.60e-7         5.79974e-10     6.21397e-11      #dY:10.7%  
  1.00e-6         6.25412e-10     6.7008e-11       #dY:10.7%  
  1.20e-6         6.85121e-10     7.40253e-11      #dY:10.8%  
  1.40e-6         7.40031e-10     7.99582e-11      #dY:10.8%  
  1.60e-6         7.91142e-10     8.54805e-11      #dY:10.8%  
  1.80e-6         8.39148e-10     9.06674e-11      #dY:10.8%  
  2.20e-6         9.27745e-10     1.0024e-10       #dY:10.8%  
  2.50e-6         9.89003e-10     1.06859e-10      #dY:10.8%  
  2.90e-6         1.06522e-9      1.15094e-10      #dY:10.8%  
  3.40e-6         1.15344e-9      1.2353e-10       #dY:10.7%  
  4.00e-6         1.25113e-9      1.33993e-10      #dY:10.7%  
  4.60e-6         1.34173e-9      1.43696e-10      #dY:10.7%  
  5.40e-6         1.4538e-9       1.55698e-10      #dY:10.7%  
  6.30e-6         1.57035e-9      1.6818e-10       #dY:10.7%  
  7.40e-6         1.70202e-9      1.82282e-10      #dY:10.7%  
  8.60e-6         1.83494e-9      1.96517e-10      #dY:10.7%  
  1.00e-5         1.97878e-9      2.11922e-10      #dY:10.7%  
  1.20e-5         2.16781e-9      2.34057e-10      #dY:10.8%  
  1.40e-5         2.34167e-9      2.52828e-10      #dY:10.8%  
  1.60e-5         2.50351e-9      2.70302e-10      #dY:10.8%  
  1.80e-5         2.65554e-9      2.86716e-10      #dY:10.8%  
  2.20e-5         2.936149e-9     3.17014e-10      #dY:10.8%  
  2.50e-5         3.130189e-9     3.37964e-10      #dY:10.8%  
  2.90e-5         3.371659e-9     3.64035e-10      #dY:10.8%  
  3.40e-5         3.651189e-9     3.9053e-10       #dY:10.7%  
  4.00e-5         3.960779e-9     4.23644e-10      #dY:10.7%  
  4.60e-5         4.247969e-9     4.54362e-10      #dY:10.7%  
  5.40e-5         4.603249e-9     4.92362e-10      #dY:10.7%  
  6.30e-5         4.972849e-9     5.31895e-10      #dY:10.7%  
  7.40e-5         5.390489e-9     5.76565e-10      #dY:10.7%  
  8.60e-5         5.812189e-9     6.2167e-10       #dY:10.7%  
  1.00e-4         6.268669e-9     6.70495e-10      #dY:10.7%  
  1.20e-4         6.868749e-9     7.40027e-10      #dY:10.8%  
  1.40e-4         7.420869e-9     7.99511e-10      #dY:10.8%  
  1.60e-4         7.935009e-9     8.54904e-10      #dY:10.8%  
  1.80e-4         8.418119e-9     9.06953e-10      #dY:10.8%  
  2.20e-4         9.310208e-9     1.00307e-9       #dY:10.8%  
  2.50e-4         9.927408e-9     1.06956e-9       #dY:10.8%  
  2.90e-4         1.06958e-8      1.15235e-9       #dY:10.8%  
  3.40e-4         1.15857e-8      1.22656e-9       #dY:10.6%  
  4.00e-4         1.2572e-8       1.33098e-9       #dY:10.6%  
  4.60e-4         1.34874e-8      1.42789e-9       #dY:10.6%  
  5.40e-4         1.46206e-8      1.54786e-9       #dY:10.6%  
  6.30e-4         1.58003e-8      1.67275e-9       #dY:10.6%  
  7.40e-4         1.71344e-8      1.81399e-9       #dY:10.6%  
  8.60e-4         1.84826e-8      1.95672e-9       #dY:10.6%  
  1.00e-3         1.99432e-8      2.11135e-9       #dY:10.6%  
  1.20e-3         2.18653e-8      2.30923e-9       #dY:10.6%  
  1.40e-3         2.36357e-8      2.4962e-9        #dY:10.6%  
  1.60e-3         2.52859e-8      2.67049e-9       #dY:10.6%  
  1.80e-3         2.6838e-8       2.8344e-9        #dY:10.6%  
  2.20e-3         2.970759e-8     3.13747e-9       #dY:10.6%  
  2.50e-3         3.169549e-8     3.34741e-9       #dY:10.6%  
  2.90e-3         3.417329e-8     3.6091e-9        #dY:10.6%  
  3.40e-3         3.704709e-8     3.82458e-9       #dY:10.3%  
  4.00e-3         4.023669e-8     4.15386e-9       #dY:10.3%  
  4.60e-3         4.320149e-8     4.45994e-9       #dY:10.3%  
  5.40e-3         4.687709e-8     4.83939e-9       #dY:10.3%  
  6.30e-3         5.070979e-8     5.23506e-9       #dY:10.3%  
  7.40e-3         5.505099e-8     5.68323e-9       #dY:10.3%  
  8.60e-3         5.944509e-8     6.13686e-9       #dY:10.3%  
  0.01            6.421299e-8     6.62908e-9       #dY:10.3%  
  0.012           7.049759e-8     7.10087e-9       #dY:10.1%  
  0.014           7.629529e-8     7.68485e-9       #dY:10.1%  
  0.016           8.170649e-8     8.22989e-9       #dY:10.1%  
  0.018           8.680058e-8     8.74299e-9       #dY:10.1%  
  0.022           9.622898e-8     9.69267e-9       #dY:10.1%  
  0.025           1.02766e-7      1.03511e-8       #dY:10.1%  
  0.029           1.10917e-7      1.11721e-8       #dY:10.1%  
  0.034           1.20372e-7      1.14496e-8       #dY:9.5%   
  0.04            1.3086e-7       1.24472e-8       #dY:9.5%   
  0.046           1.40601e-7      1.33738e-8       #dY:9.5%   
  0.054           1.52656e-7      1.45204e-8       #dY:9.5%   
  0.055           1.54099e-7      1.46577e-8       #dY:9.5%   
  0.11            2.19275e-7      1.96739e-8       #dY:9.0%   
  0.165           2.5311e-7       2.27097e-8       #dY:9.0%   
  0.22            2.78199e-7      2.68761e-8       #dY:9.7%   
  0.275           2.927529e-7     2.82822e-8       #dY:9.7%   
  0.33            3.030479e-7     2.92767e-8       #dY:9.7%   
  0.385           3.105989e-7     3.00062e-8       #dY:9.7%   
  0.44            3.154929e-7     3.11206e-8       #dY:9.9%   
  0.495           3.199249e-7     3.15577e-8       #dY:9.9%   
  0.55            3.225179e-7     3.18135e-8       #dY:9.9%   
  0.605           3.248689e-7     3.33651e-8       #dY:10.3%  
  0.66            3.258979e-7     3.34708e-8       #dY:10.3%  
  0.715           3.265339e-7     3.35361e-8       #dY:10.3%  
  0.77            3.261859e-7     3.35004e-8       #dY:10.3%  
  0.825           3.253509e-7     3.15974e-8       #dY:9.7%   
  0.88            3.237659e-7     3.14434e-8       #dY:9.7%   
  0.935           3.216909e-7     3.12419e-8       #dY:9.7%   
  0.99            3.190379e-7     3.09842e-8       #dY:9.7%   
  1.045           3.159449e-7     2.79132e-8       #dY:8.8%   
  1.1             3.123989e-7     2.75999e-8       #dY:8.8%   
  1.155           3.084889e-7     2.72545e-8       #dY:8.8%   
  1.21            3.042449e-7     2.38006e-8       #dY:7.8%   
  1.265           2.997309e-7     2.34475e-8       #dY:7.8%   
  1.32            2.949789e-7     2.30757e-8       #dY:7.8%   
  1.375           2.900349e-7     2.2689e-8        #dY:7.8%   
  1.43            2.849289e-7     1.91094e-8       #dY:6.7%   
  1.485           2.79693e-7      1.87582e-8       #dY:6.7%   
  1.54            2.74353e-7      1.84001e-8       #dY:6.7%   
  1.595           2.68934e-7      1.80366e-8       #dY:6.7%   
  1.65            2.63458e-7      1.45212e-8       #dY:5.5%   
  1.705           2.57943e-7      1.42172e-8       #dY:5.5%   
  1.76            2.52407e-7      1.39121e-8       #dY:5.5%   
  1.815           2.46865e-7      1.05853e-8       #dY:4.3%   
  1.87            2.4133e-7       1.03479e-8       #dY:4.3%   
  1.925           2.35815e-7      1.01115e-8       #dY:4.3%   
  1.98            2.3033e-7       9.87627e-9       #dY:4.3%   
  2.035           2.24884e-7      6.90217e-9       #dY:3.1%   
  2.09            2.19485e-7      6.73646e-9       #dY:3.1%   
  2.145           2.14141e-7      6.57244e-9       #dY:3.1%   
  2.2             2.08859e-7      6.41033e-9       #dY:3.1%   
  2.255           2.03643e-7      3.93021e-9       #dY:1.9%   
  2.31            1.98498e-7      3.83091e-9       #dY:1.9%   
  2.365           1.93429e-7      3.73308e-9       #dY:1.9%   
  2.42            1.88439e-7      2.31369e-9       #dY:1.2%   
  2.475           1.8353e-7       2.25342e-9       #dY:1.2%   
  2.53            1.78706e-7      2.19419e-9       #dY:1.2%   
  2.585           1.73969e-7      2.13603e-9       #dY:1.2%   
  2.64            1.69319e-7      2.85014e-9       #dY:1.7%   
  2.695           1.64759e-7      2.77338e-9       #dY:1.7%   
  2.75            1.6029e-7       2.69815e-9       #dY:1.7%   
  2.805           1.55911e-7      4.33971e-9       #dY:2.8%   
  2.86            1.51624e-7      4.22039e-9       #dY:2.8%   
  2.915           1.47428e-7      4.10359e-9       #dY:2.8%   
  2.97            1.43324e-7      3.98936e-9       #dY:2.8%   
  3.025           1.39311e-7      5.65063e-9       #dY:4.1%   
  3.08            1.35389e-7      5.49155e-9       #dY:4.1%   
  3.135           1.31557e-7      5.33612e-9       #dY:4.1%   
  3.19            1.27815e-7      5.18434e-9       #dY:4.1%   
  3.245           1.24161e-7      6.6765e-9        #dY:5.4%   
  3.3             1.20596e-7      6.4848e-9        #dY:5.4%   
  3.355           1.17118e-7      6.29777e-9       #dY:5.4%   
  3.41            1.13725e-7      7.63991e-9       #dY:6.7%   
  3.465           1.10417e-7      7.41768e-9       #dY:6.7%   
  3.52            1.07192e-7      7.20103e-9       #dY:6.7%   
  3.575           1.04049e-7      6.98989e-9       #dY:6.7%   
  3.63            1.00988e-7      8.15914e-9       #dY:8.1%   
  3.685           9.800528e-8     7.91816e-9       #dY:8.1%   
  3.74            9.510108e-8     7.68352e-9       #dY:8.1%   
  3.795           9.227338e-8     7.45506e-9       #dY:8.1%   
  3.85            8.952088e-8     8.47071e-9       #dY:9.5%   
  3.905           8.684218e-8     8.21724e-9       #dY:9.5%   
  3.96            8.423569e-8     7.97061e-9       #dY:9.5%   
  4.015           8.169999e-8     8.82591e-9       #dY:10.8%  
  4.07            7.923359e-8     8.55947e-9       #dY:10.8%  
  4.125           7.683499e-8     8.30036e-9       #dY:10.8%  
  4.18            7.450279e-8     8.04841e-9       #dY:10.8%  
  4.235           7.223539e-8     8.86238e-9       #dY:12.3%  
  4.29            7.003149e-8     8.59199e-9       #dY:12.3%  
  4.345           6.788949e-8     8.32919e-9       #dY:12.3%  
  4.4             6.580799e-8     8.07382e-9       #dY:12.3%  
  4.455           6.378569e-8     8.6937e-9        #dY:13.6%  
  4.51            6.182099e-8     8.42592e-9       #dY:13.6%  
  4.565           5.991259e-8     8.16582e-9       #dY:13.6%  
  4.62            5.805909e-8     8.76436e-9       #dY:15.1%  
  4.675           5.625909e-8     8.49264e-9       #dY:15.1%  
  4.73            5.451139e-8     8.22882e-9       #dY:15.1%  
  4.785           5.281459e-8     7.97267e-9       #dY:15.1%  
  4.84            5.116729e-8     8.4732e-9        #dY:16.6%  
  4.895           4.956839e-8     8.20843e-9       #dY:16.6%  
  4.95            4.801659e-8     7.95145e-9       #dY:16.6%  
  5.005           4.651049e-8     8.33405e-9       #dY:17.9%  
  5.06            4.504909e-8     8.07219e-9       #dY:17.9%  
  5.115           4.363119e-8     7.81812e-9       #dY:17.9%  
  5.17            4.225549e-8     7.57161e-9       #dY:17.9%  
  5.225           4.092099e-8     7.93142e-9       #dY:19.4%  
  5.28            3.962649e-8     7.68051e-9       #dY:19.4%  
  5.335           3.837089e-8     7.43715e-9       #dY:19.4%  
  5.39            3.715329e-8     7.20115e-9       #dY:19.4%  
  5.445           3.597239e-8     7.49805e-9       #dY:20.8%  
  5.5             3.482729e-8     7.25937e-9       #dY:20.8%  
  5.555           3.371709e-8     7.02796e-9       #dY:20.8%  
  5.61            3.264069e-8     7.28047e-9       #dY:22.3%  
  5.665           3.159709e-8     7.0477e-9        #dY:22.3%  
  5.72            3.058549e-8     6.82206e-9       #dY:22.3%  
  5.775           2.960499e-8     6.60336e-9       #dY:22.3%  
  5.83            2.865459e-8     6.80992e-9       #dY:23.8%  
  5.885           2.77335e-8      6.59102e-9       #dY:23.8%  
  5.94            2.68409e-8      6.37888e-9       #dY:23.8%  
  5.995           2.59759e-8      6.17331e-9       #dY:23.8%  
  6.05            2.51377e-8      6.34073e-9       #dY:25.2%  
  6.105           2.43255e-8      6.13586e-9       #dY:25.2%  
  6.16            2.35387e-8      5.9374e-9        #dY:25.2%  
  6.215           2.27764e-8      6.07723e-9       #dY:26.7%  
  6.27            2.20379e-8      5.88018e-9       #dY:26.7%  
  6.325           2.13225e-8      5.6893e-9        #dY:26.7%  
  6.38            2.06296e-8      5.50442e-9       #dY:26.7%  
  6.435           1.99584e-8      5.637e-9         #dY:28.2%  
  6.49            1.93084e-8      5.45341e-9       #dY:28.2%  
  6.545           1.86788e-8      5.27559e-9       #dY:28.2%  
  6.6             1.80691e-8      5.10339e-9       #dY:28.2%  
  6.655           1.74787e-8      5.19097e-9       #dY:29.7%  
  6.71            1.6907e-8       5.02119e-9       #dY:29.7%  
  6.765           1.63535e-8      4.8568e-9        #dY:29.7%  
  6.82            1.58175e-8      4.94432e-9       #dY:31.3%  
  6.875           1.52986e-8      4.78212e-9       #dY:31.3%  
  6.93            1.47962e-8      4.62507e-9       #dY:31.3%  
  6.985           1.43098e-8      4.47303e-9       #dY:31.3%  
  7.04            1.3839e-8       4.52672e-9       #dY:32.7%  
  7.095           1.33833e-8      4.37766e-9       #dY:32.7%  
  7.15            1.29421e-8      4.23335e-9       #dY:32.7%  
  7.205           1.25151e-8      4.28878e-9       #dY:34.3%  
  7.26            1.21018e-8      4.14715e-9       #dY:34.3%  
  7.315           1.17018e-8      4.01008e-9       #dY:34.3%  
  7.37            1.13147e-8      3.87742e-9       #dY:34.3%  
  7.425           1.09401e-8      3.90763e-9       #dY:35.7%  
  7.48            1.05776e-8      3.77816e-9       #dY:35.7%  
  7.535           1.02267e-8      3.65282e-9       #dY:35.7%  
  7.59            9.887278e-9     3.53158e-9       #dY:35.7%  
  7.645           9.558808e-9     3.56276e-9       #dY:37.3%  
  7.7             9.240998e-9     3.44431e-9       #dY:37.3%  
  7.755           8.933508e-9     3.3297e-9        #dY:37.3%  
  7.81            8.636008e-9     3.35272e-9       #dY:38.8%  
  7.865           8.348199e-9     3.24098e-9       #dY:38.8%  
  7.92            8.069759e-9     3.13288e-9       #dY:38.8%  
  7.975           7.800399e-9     3.02831e-9       #dY:38.8%  
  8.03            7.539839e-9     3.04401e-9       #dY:40.4%  
  8.085           7.287789e-9     2.94225e-9       #dY:40.4%  
  8.14            7.043979e-9     2.84382e-9       #dY:40.4%  
  8.195           6.808159e-9     2.74861e-9       #dY:40.4%  
  8.25            6.580069e-9     2.75852e-9       #dY:41.9%  
  8.305           6.359459e-9     2.66604e-9       #dY:41.9%  
  8.36            6.146099e-9     2.57659e-9       #dY:41.9%  
  8.415           5.939749e-9     2.5819e-9        #dY:43.5%  
  8.47            5.740189e-9     2.49516e-9       #dY:43.5%  
  8.525           5.547199e-9     2.41127e-9       #dY:43.5%  
  8.58            5.360579e-9     2.33015e-9       #dY:43.5%  
  8.635           5.180109e-9     2.3318e-9        #dY:45.0%  
  8.69            5.005599e-9     2.25325e-9       #dY:45.0%  
  8.745           4.836859e-9     2.17729e-9       #dY:45.0%  
  8.8             4.673699e-9     2.10384e-9       #dY:45.0%  
  8.855           4.515939e-9     2.10257e-9       #dY:46.6%  
  8.91            4.363409e-9     2.03156e-9       #dY:46.6%  
  8.965           4.215929e-9     1.96289e-9       #dY:46.6%  
  9.02            4.073359e-9     1.95935e-9       #dY:48.1%  
  9.075           3.935509e-9     1.89304e-9       #dY:48.1%  
  9.13            3.802249e-9     1.82894e-9       #dY:48.1%  
  9.185           3.673429e-9     1.76698e-9       #dY:48.1%  
  9.24            3.548889e-9     1.76539e-9       #dY:49.7%  
  9.295           3.428509e-9     1.70551e-9       #dY:49.7%  
  9.35            3.312129e-9     1.64762e-9       #dY:49.7%  
  9.405           3.199649e-9     1.64089e-9       #dY:51.3%  
  9.46            3.090909e-9     1.58512e-9       #dY:51.3%  
  9.515           2.985819e-9     1.53123e-9       #dY:51.3%  
  9.57            2.884239e-9     1.47913e-9       #dY:51.3%  
  9.625           2.78605e-9      1.47165e-9       #dY:52.8%  
  9.68            2.69116e-9      1.42152e-9       #dY:52.8%  
  9.735           2.59945e-9      1.37308e-9       #dY:52.8%  
  9.79            2.51081e-9      1.32626e-9       #dY:52.8%  
  9.845           2.42515e-9      1.32073e-9       #dY:54.5%  
  9.9             2.34237e-9      1.27565e-9       #dY:54.5%  
  9.955           2.26237e-9      1.23208e-9       #dY:54.5%  
  10.01           2.18506e-9      1.22346e-9       #dY:56.0%  
  10.065          2.11035e-9      1.18163e-9       #dY:56.0%  
  10.12           2.03816e-9      1.14121e-9       #dY:56.0%  
  10.175          1.9684e-9       1.10215e-9       #dY:56.0%  
  10.23           1.901e-9        1.09554e-9       #dY:57.6%  
  10.285          1.83587e-9      1.05801e-9       #dY:57.6%  
  10.34           1.77294e-9      1.02174e-9       #dY:57.6%  
  10.395          1.71213e-9      9.86695e-10      #dY:57.6%  
  10.45           1.65338e-9      9.79817e-10      #dY:59.3%  
  10.505          1.59662e-9      9.4618e-10       #dY:59.3%  
  10.56           1.54178e-9      9.13681e-10      #dY:59.3%  
  10.615          1.4888e-9       9.05033e-10      #dY:60.8%  
  10.67           1.43761e-9      8.73915e-10      #dY:60.8%  
  10.725          1.38816e-9      8.43854e-10      #dY:60.8%  
  10.78           1.34039e-9      8.14815e-10      #dY:60.8%  
  10.835          1.29424e-9      8.07842e-10      #dY:62.4%  
  10.89           1.24965e-9      7.8001e-10       #dY:62.4%  
  10.945          1.20659e-9      7.53132e-10      #dY:62.4%  
  11              1.16498e-9      7.2716e-10       #dY:62.4%  
  11.055          1.1248e-9       7.2041e-10       #dY:64.0%  
  11.11           1.08598e-9      6.95547e-10      #dY:64.0%  
  11.165          1.04848e-9      6.71529e-10      #dY:64.0%  
  11.22           1.01227e-9      6.64779e-10      #dY:65.7%  
  11.275          9.77284e-10     6.41803e-10      #dY:65.7%  
  11.33           9.43495e-10     6.19613e-10      #dY:65.7%  
  11.385          9.10861e-10     5.98182e-10      #dY:65.7%  
  11.44           8.79341e-10     5.91775e-10      #dY:67.3%  
  11.495          8.48899e-10     5.71288e-10      #dY:67.3%  
  11.55           8.19497e-10     5.51501e-10      #dY:67.3%  
  11.605          7.91102e-10     5.45205e-10      #dY:68.9%  
  11.66           7.63679e-10     5.26306e-10      #dY:68.9%  
  11.715          7.37195e-10     5.08054e-10      #dY:68.9%  
  11.77           7.11619e-10     4.90428e-10      #dY:68.9%  
  11.825          6.8692e-10      4.84531e-10      #dY:70.5%  
  11.88           6.63068e-10     4.67707e-10      #dY:70.5%  
  11.935          6.40035e-10     4.5146e-10       #dY:70.5%  
  11.99           6.17792e-10     4.35771e-10      #dY:70.5%  
  12.045          5.96314e-10     4.30269e-10      #dY:72.2%  
  12.1            5.75574e-10     4.15304e-10      #dY:72.2%  
  12.155          5.55547e-10     4.00853e-10      #dY:72.2%  
  12.21           5.3621e-10      3.95554e-10      #dY:73.8%  
  12.265          5.17537e-10     3.81779e-10      #dY:73.8%  
  12.32           4.99508e-10     3.68479e-10      #dY:73.8%  
  12.375          4.82101e-10     3.55639e-10      #dY:73.8%  
  12.43           4.65293e-10     3.51232e-10      #dY:75.5%  
  12.485          4.49065e-10     3.38982e-10      #dY:75.5%  
  12.54           4.33396e-10     3.27154e-10      #dY:75.5%  
  12.595          4.18269e-10     3.15735e-10      #dY:75.5%  
  12.65           4.03664e-10     3.11211e-10      #dY:77.1%  
  12.705          3.89564e-10     3.0034e-10       #dY:77.1%  
  12.76           3.75951e-10     2.89845e-10      #dY:77.1%  
  12.815          3.62808e-10     2.85554e-10      #dY:78.7%  
  12.87           3.50121e-10     2.75569e-10      #dY:78.7%  
  12.925          3.37872e-10     2.65928e-10      #dY:78.7%  
  12.98           3.26048e-10     2.56622e-10      #dY:78.7%  
  13.035          3.14633e-10     2.53011e-10      #dY:80.4%  
  13.09           3.03614e-10     2.4415e-10       #dY:80.4%  
  13.145          2.92977e-10     2.35596e-10      #dY:80.4%  
  13.2            2.82709e-10     2.27339e-10      #dY:80.4%  
  13.255          2.72797e-10     2.23741e-10      #dY:82.0%  
  13.31           2.63229e-10     2.15894e-10      #dY:82.0%  
  13.365          2.53994e-10     2.0832e-10       #dY:82.0%  
  13.42           2.45079e-10     2.05191e-10      #dY:83.7%  
  13.475          2.36474e-10     1.97987e-10      #dY:83.7%  
  13.53           2.28169e-10     1.91034e-10      #dY:83.7%  
  13.585          2.20152e-10     1.84321e-10      #dY:83.7%  
  13.64           2.12415e-10     1.81243e-10      #dY:85.3%  
  13.695          2.04946e-10     1.7487e-10       #dY:85.3%  
  13.75           1.97738e-10     1.6872e-10       #dY:85.3%  
  13.805          1.90781e-10     1.66025e-10      #dY:87.0%  
  13.86           1.84067e-10     1.60182e-10      #dY:87.0%  
  13.915          1.77586e-10     1.54542e-10      #dY:87.0%  
  13.97           1.71332e-10     1.491e-10        #dY:87.0%  
  14.025          1.65296e-10     1.46484e-10      #dY:88.6%  
  14.08           1.59471e-10     1.41322e-10      #dY:88.6%  
  14.135          1.53849e-10     1.3634e-10       #dY:88.6%  
  14.19           1.48423e-10     1.31531e-10      #dY:88.6%  
  14.245          1.43187e-10     1.29323e-10      #dY:90.3%  
  14.3            1.38134e-10     1.24759e-10      #dY:90.3%  
  14.355          1.33258e-10     1.20355e-10      #dY:90.3%  
  14.41           1.28553e-10     1.1828e-10       #dY:92.0%  
  14.465          1.24012e-10     1.14102e-10      #dY:92.0%  
  14.52           1.1963e-10      1.1007e-10       #dY:92.0%  
  14.575          1.15402e-10     1.0618e-10       #dY:92.0%  
  14.63           1.11322e-10     1.04309e-10      #dY:93.7%  
  14.685          1.07385e-10     1.0062e-10       #dY:93.7%  
  14.74           1.03585e-10     9.70595e-11      #dY:93.7%  
  14.795          9.99197e-11     9.36251e-11      #dY:93.7%  
  14.85           9.63825e-11     9.1935e-11       #dY:95.4%  
  14.905          9.29695e-11     8.86795e-11      #dY:95.4%  
  14.96           8.96763e-11     8.55383e-11      #dY:95.4%  
  15.015          8.64989e-11     8.39673e-11      #dY:97.1%  
  15.07           8.3433e-11      8.09911e-11      #dY:97.1%  
  15.125          8.0475e-11      7.81197e-11      #dY:97.1%  
  15.18           7.76209e-11     7.53491e-11      #dY:97.1%  
  15.235          7.48673e-11     7.38605e-11      #dY:98.7%  
  15.29           7.22105e-11     7.12394e-11      #dY:98.7%  
  15.345          6.96473e-11     6.87107e-11      #dY:98.7%  
  15.4            6.71743e-11     6.62709e-11      #dY:98.7%  
  15.455          6.47885e-11     6.50045e-11      #dY:100.3% 
  15.51           6.24867e-11     6.2695e-11       #dY:100.3% 
  15.565          6.0266e-11      6.04669e-11      #dY:100.3% 
  15.62           5.81236e-11     5.93533e-11      #dY:102.1% 
  15.675          5.60568e-11     5.72427e-11      #dY:102.1% 
  15.73           5.40629e-11     5.52067e-11      #dY:102.1% 
  15.785          5.21394e-11     5.32425e-11      #dY:102.1% 
  15.84           5.02838e-11     5.20365e-11      #dY:103.5% 
  15.895          4.84937e-11     5.0184e-11       #dY:103.5% 
  15.95           4.67669e-11     4.8397e-11       #dY:103.5% 
  16.005          4.5101e-11      4.75652e-11      #dY:105.5% 
  16.06           4.34941e-11     4.58705e-11      #dY:105.5% 
  16.115          4.1944e-11      4.42357e-11      #dY:105.5% 
  16.17           4.04487e-11     4.26587e-11      #dY:105.5% 
  16.225          3.90064e-11     4.19096e-11      #dY:107.4% 
  16.28           3.7615e-11      4.04147e-11      #dY:107.4% 
  16.335          3.6273e-11      3.89728e-11      #dY:107.4% 
  16.39           3.49785e-11     3.75819e-11      #dY:107.4% 
  16.445          3.37298e-11     3.65617e-11      #dY:108.4% 
  16.5            3.25254e-11     3.52562e-11      #dY:108.4% 
  16.555          3.13637e-11     3.3997e-11       #dY:108.4% 
  16.61           3.02431e-11     3.33778e-11      #dY:110.4% 
  16.665          2.91623e-11     3.2185e-11       #dY:110.4% 
  16.72           2.81199e-11     3.10346e-11      #dY:110.4% 
  16.775          2.71145e-11     2.9925e-11       #dY:110.4% 
  16.83           2.61447e-11     2.937e-11        #dY:112.3% 
  16.885          2.52094e-11     2.83193e-11      #dY:112.3% 
  16.94           2.43073e-11     2.73059e-11      #dY:112.3% 
  16.995          2.34373e-11     2.63286e-11      #dY:112.3% 
  17.05           2.25982e-11     2.58296e-11      #dY:114.3% 
  17.105          2.17889e-11     2.49046e-11      #dY:114.3% 
  17.16           2.10084e-11     2.40125e-11      #dY:114.3% 
  17.215          2.02557e-11     2.33443e-11      #dY:115.2% 
  17.27           1.95297e-11     2.25076e-11      #dY:115.2% 
  17.325          1.88296e-11     2.17008e-11      #dY:115.2% 
  17.38           1.81545e-11     2.09227e-11      #dY:115.2% 
  17.435          1.75033e-11     2.05147e-11      #dY:117.2% 
  17.49           1.68754e-11     1.97788e-11      #dY:117.2% 
  17.545          1.62698e-11     1.9069e-11       #dY:117.2% 
  17.6            1.56859e-11     1.83846e-11      #dY:117.2% 
  17.655          1.51227e-11     1.80205e-11      #dY:119.2% 
  17.71           1.45796e-11     1.73733e-11      #dY:119.2% 
  17.765          1.40559e-11     1.67493e-11      #dY:119.2% 
  17.82           1.35509e-11     1.64123e-11      #dY:121.1% 
  17.875          1.30639e-11     1.58225e-11      #dY:121.1% 
  17.93           1.25943e-11     1.52537e-11      #dY:121.1% 
  17.985          1.21415e-11     1.47053e-11      #dY:121.1% 
  18.04           1.17049e-11     1.42863e-11      #dY:122.1% 
  18.095          1.12838e-11     1.37724e-11      #dY:122.1% 
  18.15           1.08778e-11     1.32768e-11      #dY:122.1% 
  18.205          1.04863e-11     1.30027e-11      #dY:124.0% 
  18.26           1.01088e-11     1.25346e-11      #dY:124.0% 
  18.315          9.74486e-12     1.20834e-11      #dY:124.0% 
  18.37           9.3939e-12      1.16482e-11      #dY:124.0% 
  18.425          9.0555e-12      1.1405e-11       #dY:125.9% 
  18.48           8.72922e-12     1.09941e-11      #dY:125.9% 
  18.535          8.41461e-12     1.05978e-11      #dY:125.9% 
  18.59           8.11128e-12     1.02158e-11      #dY:125.9% 
  18.645          7.81881e-12     9.99957e-12      #dY:127.9% 
  18.7            7.53683e-12     9.63894e-12      #dY:127.9% 
  18.755          7.26495e-12     9.29123e-12      #dY:127.9% 
  18.81           7.00281e-12     9.02082e-12      #dY:128.8% 
  18.865          6.75008e-12     8.69526e-12      #dY:128.8% 
  18.92           6.50642e-12     8.38139e-12      #dY:128.8% 
  18.975          6.27149e-12     8.07876e-12      #dY:128.8% 
  19.03           6.045e-12       7.90416e-12      #dY:130.8% 
  19.085          5.82664e-12     7.61864e-12      #dY:130.8% 
  19.14           5.61612e-12     7.34337e-12      #dY:130.8% 
  19.195          5.41316e-12     7.07799e-12      #dY:130.8% 
  19.25           5.21749e-12     6.92306e-12      #dY:132.7% 
  19.305          5.02885e-12     6.67275e-12      #dY:132.7% 
  19.36           4.847e-12       6.43146e-12      #dY:132.7% 
  19.415          4.67168e-12     6.28896e-12      #dY:134.6% 
  19.47           4.50266e-12     6.06143e-12      #dY:134.6% 
  19.525          4.33972e-12     5.84208e-12      #dY:134.6% 
  19.58           4.18265e-12     5.63063e-12      #dY:134.6% 
  19.635          4.03123e-12     5.50459e-12      #dY:136.5% 
  19.69           3.88526e-12     5.30527e-12      #dY:136.5% 
  19.745          3.74454e-12     5.11312e-12      #dY:136.5% 
  19.8            3.60889e-12     4.92789e-12      #dY:136.5% 
  19.855          3.47813e-12     4.78117e-12      #dY:137.5% 
  19.91           3.35208e-12     4.60789e-12      #dY:137.5% 
  19.965          3.23057e-12     4.44086e-12      #dY:137.5% 
  20.165          0.00            0.00                        
//
#-------------------------------------------------------------------------------
#
#name:   JENDL-5: PU-239(N,F) E_in=6. MeV
#X.axis: Energy
#Y.axis: 
#wdata:  3
#ldata:  482
#data...
# X               Y               +-dY           
# MeV             1/eV            1/eV           
  0.00            0.00            0.00                        
  1.00e-11        1.91428e-12     0.00                        
  1.20e-11        2.09699e-12     0.00                        
  1.40e-11        2.26501e-12     0.00                        
  1.60e-11        2.4214e-12      0.00                        
  1.80e-11        2.56828e-12     0.00                        
  2.20e-11        2.83934e-12     0.00                        
  2.50e-11        3.02675e-12     0.00                        
  2.90e-11        3.25991e-12     0.00                        
  3.40e-11        3.52977e-12     3.37137e-13      #dY:9.6%   
  4.00e-11        3.82857e-12     3.65676e-13      #dY:9.6%   
  4.60e-11        4.10569e-12     3.92145e-13      #dY:9.6%   
  5.40e-11        4.4484e-12      4.24878e-13      #dY:9.6%   
  6.30e-11        4.80482e-12     4.5892e-13       #dY:9.6%   
  7.40e-11        5.20743e-12     4.97375e-13      #dY:9.6%   
  8.60e-11        5.6138e-12      5.36188e-13      #dY:9.6%   
  1.00e-10        6.05351e-12     6.75771e-13      #dY:11.2%  
  1.20e-10        6.63129e-12     7.4027e-13       #dY:11.2%  
  1.40e-10        7.16262e-12     7.99584e-13      #dY:11.2%  
  1.60e-10        7.65716e-12     8.54791e-13      #dY:11.2%  
  1.80e-10        8.12165e-12     9.06643e-13      #dY:11.2%  
  2.20e-10        8.97883e-12     1.00233e-12      #dY:11.2%  
  2.50e-10        9.57147e-12     1.06849e-12      #dY:11.2%  
  2.90e-10        1.03088e-11     1.1508e-12       #dY:11.2%  
  3.40e-10        1.11622e-11     1.23545e-12      #dY:11.1%  
  4.00e-10        1.21071e-11     1.34004e-12      #dY:11.1%  
  4.60e-10        1.29834e-11     1.43703e-12      #dY:11.1%  
  5.40e-10        1.40672e-11     1.55698e-12      #dY:11.1%  
  6.30e-10        1.51943e-11     1.68173e-12      #dY:11.1%  
  7.40e-10        1.64675e-11     1.82265e-12      #dY:11.1%  
  8.60e-10        1.77525e-11     1.96488e-12      #dY:11.1%  
  1.00e-9         1.91431e-11     2.11879e-12      #dY:11.1%  
  1.20e-9         2.09702e-11     2.34096e-12      #dY:11.2%  
  1.40e-9         2.26505e-11     2.52854e-12      #dY:11.2%  
  1.60e-9         2.42144e-11     2.70312e-12      #dY:11.2%  
  1.80e-9         2.56833e-11     2.8671e-12       #dY:11.2%  
  2.20e-9         2.8394e-11      3.1697e-12       #dY:11.2%  
  2.50e-9         3.02681e-11     3.37891e-12      #dY:11.2%  
  2.90e-9         3.25998e-11     3.63921e-12      #dY:11.2%  
  3.40e-9         3.52985e-11     3.90688e-12      #dY:11.1%  
  4.00e-9         3.82867e-11     4.23762e-12      #dY:11.1%  
  4.60e-9         4.1058e-11      4.54435e-12      #dY:11.1%  
  5.40e-9         4.44853e-11     4.92368e-12      #dY:11.1%  
  6.30e-9         4.80498e-11     5.31821e-12      #dY:11.1%  
  7.40e-9         5.20761e-11     5.76384e-12      #dY:11.1%  
  8.60e-9         5.61401e-11     6.21365e-12      #dY:11.1%  
  1.00e-8         6.05376e-11     6.75776e-12      #dY:11.2%  
  1.20e-8         6.63159e-11     7.40279e-12      #dY:11.2%  
  1.40e-8         7.16298e-11     7.99597e-12      #dY:11.2%  
  1.60e-8         7.65757e-11     8.54808e-12      #dY:11.2%  
  1.80e-8         8.1221e-11      9.06663e-12      #dY:11.2%  
  2.20e-8         8.97938e-11     1.00236e-11      #dY:11.2%  
  2.50e-8         9.5721e-11      1.06853e-11      #dY:11.2%  
  2.90e-8         1.03095e-10     1.15084e-11      #dY:11.2%  
  3.40e-8         1.1163e-10      1.23546e-11      #dY:11.1%  
  4.00e-8         1.21081e-10     1.34006e-11      #dY:11.1%  
  4.60e-8         1.29846e-10     1.43707e-11      #dY:11.1%  
  5.40e-8         1.40685e-10     1.55703e-11      #dY:11.1%  
  6.30e-8         1.51959e-10     1.6818e-11       #dY:11.1%  
  7.40e-8         1.64693e-10     1.82273e-11      #dY:11.1%  
  8.60e-8         1.77547e-10     1.96499e-11      #dY:11.1%  
  1.00e-7         1.91456e-10     2.11893e-11      #dY:11.1%  
  1.20e-7         2.09732e-10     2.34089e-11      #dY:11.2%  
  1.40e-7         2.2654e-10      2.52849e-11      #dY:11.2%  
  1.60e-7         2.42184e-10     2.7031e-11       #dY:11.2%  
  1.80e-7         2.56878e-10     2.8671e-11       #dY:11.2%  
  2.20e-7         2.83995e-10     3.16976e-11      #dY:11.2%  
  2.50e-7         3.02744e-10     3.37903e-11      #dY:11.2%  
  2.90e-7         3.26071e-10     3.63939e-11      #dY:11.2%  
  3.40e-7         3.53071e-10     3.90693e-11      #dY:11.1%  
  4.00e-7         3.82968e-10     4.23776e-11      #dY:11.1%  
  4.60e-7         4.10696e-10     4.54458e-11      #dY:11.1%  
  5.40e-7         4.4499e-10      4.92406e-11      #dY:11.1%  
  6.30e-7         4.80657e-10     5.31874e-11      #dY:11.1%  
  7.40e-7         5.20948e-10     5.76458e-11      #dY:11.1%  
  8.60e-7         5.61618e-10     6.21462e-11      #dY:11.1%  
  1.00e-6         6.05629e-10     6.70162e-11      #dY:11.1%  
  1.20e-6         6.63463e-10     7.40298e-11      #dY:11.2%  
  1.40e-6         7.16652e-10     7.99647e-11      #dY:11.2%  
  1.60e-6         7.66162e-10     8.54891e-11      #dY:11.2%  
  1.80e-6         8.12667e-10     9.06782e-11      #dY:11.2%  
  2.20e-6         8.98497e-10     1.00255e-10      #dY:11.2%  
  2.50e-6         9.57845e-10     1.06877e-10      #dY:11.2%  
  2.90e-6         1.03169e-9      1.15117e-10      #dY:11.2%  
  3.40e-6         1.11717e-9      1.23541e-10      #dY:11.1%  
  4.00e-6         1.21183e-9      1.34009e-10      #dY:11.1%  
  4.60e-6         1.29963e-9      1.43718e-10      #dY:11.1%  
  5.40e-6         1.40823e-9      1.55728e-10      #dY:11.1%  
  6.30e-6         1.5212e-9       1.6822e-10       #dY:11.1%  
  7.40e-6         1.64883e-9      1.82334e-10      #dY:11.1%  
  8.60e-6         1.77768e-9      1.96583e-10      #dY:11.1%  
  1.00e-5         1.91713e-9      2.12004e-10      #dY:11.1%  
  1.20e-5         2.10041e-9      2.34102e-10      #dY:11.1%  
  1.40e-5         2.26901e-9      2.52893e-10      #dY:11.1%  
  1.60e-5         2.42597e-9      2.70387e-10      #dY:11.1%  
  1.80e-5         2.57344e-9      2.86824e-10      #dY:11.1%  
  2.20e-5         2.84566e-9      3.17164e-10      #dY:11.1%  
  2.50e-5         3.03393e-9      3.38148e-10      #dY:11.1%  
  2.90e-5         3.26826e-9      3.64265e-10      #dY:11.1%  
  3.40e-5         3.53957e-9      3.90635e-10      #dY:11.0%  
  4.00e-5         3.84013e-9      4.23805e-10      #dY:11.0%  
  4.60e-5         4.11902e-9      4.54584e-10      #dY:11.0%  
  5.40e-5         4.46407e-9      4.92665e-10      #dY:11.0%  
  6.30e-5         4.82314e-9      5.32293e-10      #dY:11.0%  
  7.40e-5         5.22899e-9      5.77083e-10      #dY:11.0%  
  8.60e-5         5.63891e-9      6.22323e-10      #dY:11.0%  
  1.00e-4         6.08278e-9      6.71309e-10      #dY:11.0%  
  1.20e-4         6.667661e-9     7.40612e-10      #dY:11.1%  
  1.40e-4         7.203801e-9     8.00164e-10      #dY:11.1%  
  1.60e-4         7.704331e-9     8.5576e-10       #dY:11.1%  
  1.80e-4         8.174811e-9     9.08019e-10      #dY:11.1%  
  2.20e-4         9.044011e-9     1.00457e-9       #dY:11.1%  
  2.50e-4         9.645681e-9     1.0714e-9        #dY:11.1%  
  2.90e-4         1.03951e-8      1.15464e-9       #dY:11.1%  
  3.40e-4         1.12636e-8      1.22759e-9       #dY:10.9%  
  4.00e-4         1.22267e-8      1.33255e-9       #dY:10.9%  
  4.60e-4         1.31213e-8      1.43005e-9       #dY:10.9%  
  5.40e-4         1.42294e-8      1.55082e-9       #dY:10.9%  
  6.30e-4         1.5384e-8       1.67666e-9       #dY:10.9%  
  7.40e-4         1.66908e-8      1.81908e-9       #dY:10.9%  
  8.60e-4         1.80126e-8      1.96314e-9       #dY:10.9%  
  1.00e-3         1.9446e-8       2.11936e-9       #dY:10.9%  
  1.20e-3         2.13345e-8      2.31368e-9       #dY:10.8%  
  1.40e-3         2.30762e-8      2.50256e-9       #dY:10.8%  
  1.60e-3         2.47015e-8      2.67882e-9       #dY:10.8%  
  1.80e-3         2.62318e-8      2.84478e-9       #dY:10.8%  
  2.20e-3         2.90652e-8      3.15205e-9       #dY:10.8%  
  2.50e-3         3.10313e-8      3.36527e-9       #dY:10.8%  
  2.90e-3         3.34855e-8      3.63142e-9       #dY:10.8%  
  3.40e-3         3.63369e-8      3.83459e-9       #dY:10.6%  
  4.00e-3         3.95078e-8      4.16921e-9       #dY:10.6%  
  4.60e-3         4.24613e-8      4.48089e-9       #dY:10.6%  
  5.40e-3         4.61305e-8      4.86809e-9       #dY:10.6%  
  6.30e-3         4.99656e-8      5.2728e-9        #dY:10.6%  
  7.40e-3         5.43207e-8      5.73239e-9       #dY:10.6%  
  8.60e-3         5.87408e-8      6.19884e-9       #dY:10.6%  
  0.01            6.355061e-8     6.70641e-9       #dY:10.6%  
  0.012           6.991181e-8     7.14234e-9       #dY:10.2%  
  0.014           7.580171e-8     7.74406e-9       #dY:10.2%  
  0.016           8.131731e-8     8.30755e-9       #dY:10.2%  
  0.018           8.652611e-8     8.83969e-9       #dY:10.2%  
  0.022           9.620791e-8     9.8288e-9        #dY:10.2%  
  0.025           1.02952e-7      1.05178e-8       #dY:10.2%  
  0.029           1.11397e-7      1.13806e-8       #dY:10.2%  
  0.034           1.21243e-7      1.15387e-8       #dY:9.5%   
  0.04            1.32229e-7      1.25842e-8       #dY:9.5%   
  0.046           1.4249e-7       1.35607e-8       #dY:9.5%   
  0.054           1.5527e-7       1.4777e-8        #dY:9.5%   
  0.06            1.64297e-7      1.56361e-8       #dY:9.5%   
  0.12            2.38403e-7      2.08948e-8       #dY:8.8%   
  0.18            2.86462e-7      2.51069e-8       #dY:8.8%   
  0.24            3.25583e-7      2.92094e-8       #dY:9.0%   
  0.3             3.48491e-7      3.12645e-8       #dY:9.0%   
  0.36            3.67048e-7      3.29294e-8       #dY:9.0%   
  0.42            3.71776e-7      3.14417e-8       #dY:8.5%   
  0.48            3.73796e-7      3.16126e-8       #dY:8.5%   
  0.54            3.68141e-7      3.11343e-8       #dY:8.5%   
  0.6             3.60649e-7      3.05007e-8       #dY:8.5%   
  0.66            3.52278e-7      3.12655e-8       #dY:8.9%   
  0.72            3.42599e-7      3.04064e-8       #dY:8.9%   
  0.78            3.35269e-7      2.97559e-8       #dY:8.9%   
  0.84            3.26977e-7      2.98946e-8       #dY:9.1%   
  0.9             3.21477e-7      2.93917e-8       #dY:9.1%   
  0.96            3.15257e-7      2.8823e-8        #dY:9.1%   
  1.02            3.10526e-7      2.7543e-8        #dY:8.9%   
  1.08            3.05247e-7      2.70748e-8       #dY:8.9%   
  1.14            3.00518e-7      2.66553e-8       #dY:8.9%   
  1.2             2.95388e-7      2.62003e-8       #dY:8.9%   
  1.26            2.90365e-7      2.33439e-8       #dY:8.0%   
  1.32            2.85065e-7      2.29178e-8       #dY:8.0%   
  1.38            2.79715e-7      2.24877e-8       #dY:8.0%   
  1.44            2.74184e-7      1.90188e-8       #dY:6.9%   
  1.5             2.68576e-7      1.86298e-8       #dY:6.9%   
  1.56            2.62858e-7      1.82332e-8       #dY:6.9%   
  1.62            2.57085e-7      1.46799e-8       #dY:5.7%   
  1.68            2.51257e-7      1.43471e-8       #dY:5.7%   
  1.74            2.45407e-7      1.4013e-8        #dY:5.7%   
  1.8             2.39545e-7      1.36783e-8       #dY:5.7%   
  1.86            2.33692e-7      1.03875e-8       #dY:4.4%   
  1.92            2.2786e-7       1.01283e-8       #dY:4.4%   
  1.98            2.22064e-7      9.87064e-9       #dY:4.4%   
  2.04            2.16314e-7      6.88519e-9       #dY:3.2%   
  2.1             2.10622e-7      6.70402e-9       #dY:3.2%   
  2.16            2.04994e-7      6.52488e-9       #dY:3.2%   
  2.22            1.9944e-7       3.99321e-9       #dY:2.0%   
  2.28            1.93966e-7      3.88361e-9       #dY:2.0%   
  2.34            1.88577e-7      3.77571e-9       #dY:2.0%   
  2.4             1.83278e-7      3.66961e-9       #dY:2.0%   
  2.46            1.78073e-7      2.2691e-9        #dY:1.3%   
  2.52            1.72965e-7      2.20401e-9       #dY:1.3%   
  2.58            1.67957e-7      2.1402e-9        #dY:1.3%   
  2.64            1.63051e-7      2.84941e-9       #dY:1.7%   
  2.7             1.58248e-7      2.76548e-9       #dY:1.7%   
  2.76            1.5355e-7       2.68338e-9       #dY:1.7%   
  2.82            1.48958e-7      4.30597e-9       #dY:2.9%   
  2.88            1.44471e-7      4.17627e-9       #dY:2.9%   
  2.94            1.4009e-7       4.04962e-9       #dY:2.9%   
  3               1.35815e-7      3.92605e-9       #dY:2.9%   
  3.06            1.31645e-7      5.54739e-9       #dY:4.2%   
  3.12            1.27579e-7      5.37606e-9       #dY:4.2%   
  3.18            1.23617e-7      5.2091e-9        #dY:4.2%   
  3.24            1.19758e-7      6.6925e-9        #dY:5.6%   
  3.3             1.16001e-7      6.48255e-9       #dY:5.6%   
  3.36            1.12344e-7      6.27818e-9       #dY:5.6%   
  3.42            1.08785e-7      7.59743e-9       #dY:7.0%   
  3.48            1.05324e-7      7.35572e-9       #dY:7.0%   
  3.54            1.01959e-7      7.12071e-9       #dY:7.0%   
  3.6             9.868771e-8     6.89225e-9       #dY:7.0%   
  3.66            9.550901e-8     8.02468e-9       #dY:8.4%   
  3.72            9.242101e-8     7.76523e-9       #dY:8.4%   
  3.78            8.942181e-8     7.51324e-9       #dY:8.4%   
  3.84            8.650971e-8     8.51551e-9       #dY:9.8%   
  3.9             8.368291e-8     8.23725e-9       #dY:9.8%   
  3.96            8.093941e-8     7.9672e-9        #dY:9.8%   
  4.02            7.827741e-8     8.79957e-9       #dY:11.2%  
  4.08            7.569501e-8     8.50927e-9       #dY:11.2%  
  4.14            7.319031e-8     8.22771e-9       #dY:11.2%  
  4.2             7.076161e-8     7.95468e-9       #dY:11.2%  
  4.26            6.840691e-8     8.73622e-9       #dY:12.8%  
  4.32            6.612431e-8     8.44471e-9       #dY:12.8%  
  4.38            6.391221e-8     8.1622e-9        #dY:12.8%  
  4.44            6.176851e-8     8.7661e-9        #dY:14.2%  
  4.5             5.96917e-8      8.47136e-9       #dY:14.2%  
  4.56            5.76798e-8      8.18584e-9       #dY:14.2%  
  4.62            5.57312e-8      8.76263e-9       #dY:15.7%  
  4.68            5.38442e-8      8.46593e-9       #dY:15.7%  
  4.74            5.20169e-8      8.17863e-9       #dY:15.7%  
  4.8             5.02479e-8      7.90049e-9       #dY:15.7%  
  4.86            4.85355e-8      8.37392e-9       #dY:17.3%  
  4.92            4.68781e-8      8.08796e-9       #dY:17.3%  
  4.98            4.5274e-8       7.8112e-9        #dY:17.3%  
  5.04            4.37218e-8      8.16478e-9       #dY:18.7%  
  5.1             4.222e-8        7.88433e-9       #dY:18.7%  
  5.16            4.07671e-8      7.61301e-9       #dY:18.7%  
  5.22            3.93617e-8      7.95311e-9       #dY:20.2%  
  5.28            3.80023e-8      7.67844e-9       #dY:20.2%  
  5.34            3.66876e-8      7.4128e-9        #dY:20.2%  
  5.4             3.54162e-8      7.15591e-9       #dY:20.2%  
  5.46            3.41868e-8      7.43047e-9       #dY:21.7%  
  5.52            3.29983e-8      7.17216e-9       #dY:21.7%  
  5.58            3.18492e-8      6.9224e-9        #dY:21.7%  
  5.64            3.07384e-8      7.15121e-9       #dY:23.3%  
  5.7             2.96647e-8      6.90142e-9       #dY:23.3%  
  5.76            2.8627e-8       6.66e-9          #dY:23.3%  
  5.82            2.76242e-8      6.84924e-9       #dY:24.8%  
  5.88            2.66551e-8      6.60896e-9       #dY:24.8%  
  5.94            2.57187e-8      6.37678e-9       #dY:24.8%  
  6               2.48139e-8      6.15244e-9       #dY:24.8%  
  6.06            2.39398e-8      6.30163e-9       #dY:26.3%  
  6.12            2.30954e-8      6.07936e-9       #dY:26.3%  
  6.18            2.22797e-8      5.86465e-9       #dY:26.3%  
  6.24            2.14919e-8      5.98582e-9       #dY:27.9%  
  6.3             2.07309e-8      5.77387e-9       #dY:27.9%  
  6.36            1.9996e-8       5.56919e-9       #dY:27.9%  
  6.42            1.92863e-8      5.68716e-9       #dY:29.5%  
  6.48            1.86009e-8      5.48505e-9       #dY:29.5%  
  6.54            1.79392e-8      5.28993e-9       #dY:29.5%  
  6.6             1.73002e-8      5.1015e-9        #dY:29.5%  
  6.66            1.66834e-8      5.17433e-9       #dY:31.0%  
  6.72            1.60878e-8      4.9896e-9        #dY:31.0%  
  6.78            1.55129e-8      4.8113e-9        #dY:31.0%  
  6.84            1.4958e-8       4.88391e-9       #dY:32.7%  
  6.9             1.44223e-8      4.709e-9         #dY:32.7%  
  6.96            1.39053e-8      4.5402e-9        #dY:32.7%  
  7.02            1.34063e-8      4.58144e-9       #dY:34.2%  
  7.08            1.29247e-8      4.41686e-9       #dY:34.2%  
  7.14            1.246e-8        4.25805e-9       #dY:34.2%  
  7.2             1.20115e-8      4.10479e-9       #dY:34.2%  
  7.26            1.15788e-8      4.14644e-9       #dY:35.8%  
  7.32            1.11613e-8      3.99693e-9       #dY:35.8%  
  7.38            1.07584e-8      3.85265e-9       #dY:35.8%  
  7.44            1.03698e-8      3.87131e-9       #dY:37.3%  
  7.5             9.994781e-9     3.73131e-9       #dY:37.3%  
  7.56            9.633051e-9     3.59626e-9       #dY:37.3%  
  7.62            9.284101e-9     3.61741e-9       #dY:39.0%  
  7.68            8.947491e-9     3.48625e-9       #dY:39.0%  
  7.74            8.622821e-9     3.35975e-9       #dY:39.0%  
  7.8             8.309651e-9     3.23773e-9       #dY:39.0%  
  7.86            8.007611e-9     3.25048e-9       #dY:40.6%  
  7.92            7.716311e-9     3.13224e-9       #dY:40.6%  
  7.98            7.435381e-9     3.0182e-9        #dY:40.6%  
  8.04            7.164451e-9     3.02483e-9       #dY:42.2%  
  8.1             6.903201e-9     2.91453e-9       #dY:42.2%  
  8.16            6.651271e-9     2.80816e-9       #dY:42.2%  
  8.22            6.408341e-9     2.80994e-9       #dY:43.8%  
  8.28            6.174111e-9     2.70723e-9       #dY:43.8%  
  8.34            5.94827e-9      2.6082e-9        #dY:43.8%  
  8.4             5.73053e-9      2.51273e-9       #dY:43.8%  
  8.46            5.5206e-9       2.51037e-9       #dY:45.5%  
  8.52            5.31822e-9      2.41834e-9       #dY:45.5%  
  8.58            5.12311e-9      2.32962e-9       #dY:45.5%  
  8.64            4.93503e-9      2.32426e-9       #dY:47.1%  
  8.7             4.75373e-9      2.23887e-9       #dY:47.1%  
  8.76            4.57896e-9      2.15656e-9       #dY:47.1%  
  8.82            4.4105e-9       2.1488e-9        #dY:48.7%  
  8.88            4.24813e-9      2.06969e-9       #dY:48.7%  
  8.94            4.09164e-9      1.99345e-9       #dY:48.7%  
  9               3.9408e-9       1.91996e-9       #dY:48.7%  
  9.06            3.79543e-9      1.91068e-9       #dY:50.3%  
  9.12            3.65534e-9      1.84015e-9       #dY:50.3%  
  9.18            3.52032e-9      1.77218e-9       #dY:50.3%  
  9.24            3.39021e-9      1.7652e-9        #dY:52.1%  
  9.3             3.26483e-9      1.69992e-9       #dY:52.1%  
  9.36            3.14401e-9      1.63701e-9       #dY:52.1%  
  9.42            3.02759e-9      1.62534e-9       #dY:53.7%  
  9.48            2.91541e-9      1.56512e-9       #dY:53.7%  
  9.54            2.80732e-9      1.50709e-9       #dY:53.7%  
  9.6             2.70318e-9      1.45119e-9       #dY:53.7%  
  9.66            2.60284e-9      1.43941e-9       #dY:55.3%  
  9.72            2.50617e-9      1.38595e-9       #dY:55.3%  
  9.78            2.41303e-9      1.33444e-9       #dY:55.3%  
  9.84            2.32331e-9      1.32479e-9       #dY:57.0%  
  9.9             2.23687e-9      1.2755e-9        #dY:57.0%  
  9.96            2.1536e-9       1.22802e-9       #dY:57.0%  
  10.02           2.07338e-9      1.21565e-9       #dY:58.6%  
  10.08           1.99611e-9      1.17035e-9       #dY:58.6%  
  10.14           1.92167e-9      1.1267e-9        #dY:58.6%  
  10.2            1.84998e-9      1.08467e-9       #dY:58.6%  
  10.26           1.78092e-9      1.07482e-9       #dY:60.4%  
  10.32           1.7144e-9       1.03467e-9       #dY:60.4%  
  10.38           1.65033e-9      9.96002e-10      #dY:60.4%  
  10.44           1.58863e-9      9.85994e-10      #dY:62.1%  
  10.5            1.5292e-9       9.49109e-10      #dY:62.1%  
  10.56           1.47196e-9      9.13582e-10      #dY:62.1%  
  10.62           1.41684e-9      9.02104e-10      #dY:63.7%  
  10.68           1.36376e-9      8.68308e-10      #dY:63.7%  
  10.74           1.31263e-9      8.35754e-10      #dY:63.7%  
  10.8            1.2634e-9       8.04409e-10      #dY:63.7%  
  10.86           1.216e-9        7.95023e-10      #dY:65.4%  
  10.92           1.17034e-9      7.65171e-10      #dY:65.4%  
  10.98           1.12638e-9      7.3643e-10       #dY:65.4%  
  11.04           1.08406e-9      7.27308e-10      #dY:67.1%  
  11.1            1.0433e-9       6.99962e-10      #dY:67.1%  
  11.16           1.00406e-9      6.73636e-10      #dY:67.1%  
  11.22           9.6627e-10      6.64744e-10      #dY:68.8%  
  11.28           9.29889e-10     6.39716e-10      #dY:68.8%  
  11.34           8.94862e-10     6.15619e-10      #dY:68.8%  
  11.4            8.61138e-10     5.92419e-10      #dY:68.8%  
  11.46           8.2867e-10      5.84216e-10      #dY:70.5%  
  11.52           7.97413e-10     5.6218e-10       #dY:70.5%  
  11.58           7.6732e-10      5.40964e-10      #dY:70.5%  
  11.64           7.38351e-10     5.33088e-10      #dY:72.2%  
  11.7            7.10462e-10     5.12953e-10      #dY:72.2%  
  11.76           6.83615e-10     4.93569e-10      #dY:72.2%  
  11.82           6.57771e-10     4.86073e-10      #dY:73.9%  
  11.88           6.32894e-10     4.67689e-10      #dY:73.9%  
  11.94           6.08947e-10     4.49993e-10      #dY:73.9%  
  12              5.85896e-10     4.32959e-10      #dY:73.9%  
  12.06           5.63708e-10     4.26126e-10      #dY:75.6%  
  12.12           5.42351e-10     4.09981e-10      #dY:75.6%  
  12.18           5.21795e-10     3.94442e-10      #dY:75.6%  
  12.24           5.02009e-10     3.87977e-10      #dY:77.3%  
  12.3            4.82966e-10     3.73259e-10      #dY:77.3%  
  12.36           4.64638e-10     3.59095e-10      #dY:77.3%  
  12.42           4.46998e-10     3.53498e-10      #dY:79.1%  
  12.48           4.30021e-10     3.40072e-10      #dY:79.1%  
  12.54           4.13682e-10     3.27151e-10      #dY:79.1%  
  12.6            3.97958e-10     3.14716e-10      #dY:79.1%  
  12.66           3.82825e-10     3.09206e-10      #dY:80.8%  
  12.72           3.68262e-10     2.97443e-10      #dY:80.8%  
  12.78           3.54247e-10     2.86123e-10      #dY:80.8%  
  12.84           3.4076e-10      2.80973e-10      #dY:82.5%  
  12.9            3.27782e-10     2.70272e-10      #dY:82.5%  
  12.96           3.15294e-10     2.59975e-10      #dY:82.5%  
  13.02           3.03276e-10     2.5548e-10       #dY:84.2%  
  13.08           2.91712e-10     2.45739e-10      #dY:84.2%  
  13.14           2.80585e-10     2.36365e-10      #dY:84.2%  
  13.2            2.69879e-10     2.27347e-10      #dY:84.2%  
  13.26           2.59577e-10     2.23022e-10      #dY:85.9%  
  13.32           2.49664e-10     2.14505e-10      #dY:85.9%  
  13.38           2.40127e-10     2.06311e-10      #dY:85.9%  
  13.44           2.30951e-10     2.02547e-10      #dY:87.7%  
  13.5            2.22122e-10     1.94804e-10      #dY:87.7%  
  13.56           2.13627e-10     1.87354e-10      #dY:87.7%  
  13.62           2.05454e-10     1.83617e-10      #dY:89.4%  
  13.68           1.97592e-10     1.7659e-10       #dY:89.4%  
  13.74           1.90027e-10     1.6983e-10       #dY:89.4%  
  13.8            1.8275e-10      1.63326e-10      #dY:89.4%  
  13.86           1.75748e-10     1.60188e-10      #dY:91.1%  
  13.92           1.69013e-10     1.5405e-10       #dY:91.1%  
  13.98           1.62533e-10     1.48143e-10      #dY:91.1%  
  14.04           1.563e-10       1.45063e-10      #dY:92.8%  
  14.1            1.50304e-10     1.39498e-10      #dY:92.8%  
  14.16           1.44536e-10     1.34145e-10      #dY:92.8%  
  14.22           1.38987e-10     1.31455e-10      #dY:94.6%  
  14.28           1.3365e-10      1.26407e-10      #dY:94.6%  
  14.34           1.28515e-10     1.21551e-10      #dY:94.6%  
  14.4            1.23577e-10     1.1688e-10       #dY:94.6%  
  14.46           1.18826e-10     1.14483e-10      #dY:96.3%  
  14.52           1.14257e-10     1.10081e-10      #dY:96.3%  
  14.58           1.09862e-10     1.05846e-10      #dY:96.3%  
  14.64           1.05635e-10     1.03634e-10      #dY:98.1%  
  14.7            1.01569e-10     9.96451e-11      #dY:98.1%  
  14.76           9.76578e-11     9.5808e-11       #dY:98.1%  
  14.82           9.38964e-11     9.37641e-11      #dY:99.9%  
  14.88           9.02787e-11     9.01515e-11      #dY:99.9%  
  14.94           8.67993e-11     8.6677e-11       #dY:99.9%  
  15              8.34529e-11     8.33353e-11      #dY:99.9%  
  15.06           8.02346e-11     8.15312e-11      #dY:101.6% 
  15.12           7.71394e-11     7.8386e-11       #dY:101.6% 
  15.18           7.41626e-11     7.53611e-11      #dY:101.6% 
  15.24           7.12999e-11     7.36233e-11      #dY:103.3% 
  15.3            6.85468e-11     7.07805e-11      #dY:103.3% 
  15.36           6.58993e-11     6.80467e-11      #dY:103.3% 
  15.42           6.33532e-11     6.65218e-11      #dY:105.0% 
  15.48           6.09047e-11     6.39508e-11      #dY:105.0% 
  15.54           5.85502e-11     6.14786e-11      #dY:105.0% 
  15.6            5.6286e-11      5.91011e-11      #dY:105.0% 
  15.66           5.41087e-11     5.78167e-11      #dY:106.9% 
  15.72           5.2015e-11      5.55795e-11      #dY:106.9% 
  15.78           5.00017e-11     5.34282e-11      #dY:106.9% 
  15.84           4.80658e-11     5.20408e-11      #dY:108.3% 
  15.9            4.62044e-11     5.00255e-11      #dY:108.3% 
  15.96           4.44144e-11     4.80875e-11      #dY:108.3% 
  16.02           4.26934e-11     4.71006e-11      #dY:110.3% 
  16.08           4.10385e-11     4.52749e-11      #dY:110.3% 
  16.14           3.94473e-11     4.35194e-11      #dY:110.3% 
  16.2            3.79174e-11     4.18316e-11      #dY:110.3% 
  16.26           3.64464e-11     4.09568e-11      #dY:112.4% 
  16.32           3.50321e-11     3.93675e-11      #dY:112.4% 
  16.38           3.36723e-11     3.78394e-11      #dY:112.4% 
  16.44           3.23649e-11     3.66866e-11      #dY:113.4% 
  16.5            3.11079e-11     3.52617e-11      #dY:113.4% 
  16.56           2.98994e-11     3.38918e-11      #dY:113.4% 
  16.62           2.87375e-11     3.31608e-11      #dY:115.4% 
  16.68           2.76205e-11     3.18718e-11      #dY:115.4% 
  16.74           2.65466e-11     3.06326e-11      #dY:115.4% 
  16.8            2.55142e-11     2.94413e-11      #dY:115.4% 
  16.86           2.45216e-11     2.8796e-11       #dY:117.4% 
  16.92           2.35674e-11     2.76754e-11      #dY:117.4% 
  16.98           2.26501e-11     2.65982e-11      #dY:117.4% 
  17.04           2.17683e-11     2.60046e-11      #dY:119.5% 
  17.1            2.09206e-11     2.49919e-11      #dY:119.5% 
  17.16           2.01057e-11     2.40184e-11      #dY:119.5% 
  17.22           1.93223e-11     2.32694e-11      #dY:120.4% 
  17.28           1.85692e-11     2.23625e-11      #dY:120.4% 
  17.34           1.78453e-11     2.14907e-11      #dY:120.4% 
  17.4            1.71494e-11     2.06527e-11      #dY:120.4% 
  17.46           1.64805e-11     2.01799e-11      #dY:122.4% 
  17.52           1.58376e-11     1.93926e-11      #dY:122.4% 
  17.58           1.52195e-11     1.86358e-11      #dY:122.4% 
  17.64           1.46255e-11     1.82038e-11      #dY:124.5% 
  17.7            1.40544e-11     1.7493e-11       #dY:124.5% 
  17.76           1.35055e-11     1.68098e-11      #dY:124.5% 
  17.82           1.2978e-11      1.64142e-11      #dY:126.5% 
  17.88           1.24709e-11     1.57729e-11      #dY:126.5% 
  17.94           1.19835e-11     1.51564e-11      #dY:126.5% 
  18              1.1515e-11      1.45639e-11      #dY:126.5% 
  18.06           1.10648e-11     1.40996e-11      #dY:127.4% 
  18.12           1.0632e-11      1.35481e-11      #dY:127.4% 
  18.18           1.02161e-11     1.30182e-11      #dY:127.4% 
  18.24           9.81629e-12     1.27049e-11      #dY:129.4% 
  18.3            9.43208e-12     1.22077e-11      #dY:129.4% 
  18.36           9.06282e-12     1.17297e-11      #dY:129.4% 
  18.42           8.70792e-12     1.14445e-11      #dY:131.4% 
  18.48           8.36685e-12     1.09963e-11      #dY:131.4% 
  18.54           8.03905e-12     1.05655e-11      #dY:131.4% 
  18.6            7.72402e-12     1.01514e-11      #dY:131.4% 
  18.66           7.42127e-12     9.90178e-12      #dY:133.4% 
  18.72           7.13031e-12     9.51357e-12      #dY:133.4% 
  18.78           6.8507e-12      9.1405e-12       #dY:133.4% 
  18.84           6.58199e-12     8.84335e-12      #dY:134.4% 
  18.9            6.32376e-12     8.4964e-12       #dY:134.4% 
  18.96           6.0756e-12      8.16298e-12      #dY:134.4% 
  19.02           5.83712e-12     7.95828e-12      #dY:136.3% 
  19.08           5.60796e-12     7.64584e-12      #dY:136.3% 
  19.14           5.38774e-12     7.3456e-12       #dY:136.3% 
  19.2            5.17612e-12     7.05708e-12      #dY:136.3% 
  19.26           4.97276e-12     6.8783e-12       #dY:138.3% 
  19.32           4.77735e-12     6.60801e-12      #dY:138.3% 
  19.38           4.58958e-12     6.34828e-12      #dY:138.3% 
  19.44           4.40915e-12     6.18569e-12      #dY:140.3% 
  19.5            4.23577e-12     5.94245e-12      #dY:140.3% 
  19.56           4.06917e-12     5.70872e-12      #dY:140.3% 
  19.62           3.90909e-12     5.56105e-12      #dY:142.3% 
  19.68           3.75527e-12     5.34222e-12      #dY:142.3% 
  19.74           3.60748e-12     5.13198e-12      #dY:142.3% 
  19.8            3.46546e-12     4.92994e-12      #dY:142.3% 
  19.86           3.32901e-12     4.76624e-12      #dY:143.2% 
  19.92           3.19791e-12     4.57854e-12      #dY:143.2% 
  19.98           3.07194e-12     4.39818e-12      #dY:143.2% 
  20.18           0.00            0.00                        
//
#-------------------------------------------------------------------------------
#
#name:   JENDL-5: PU-239(N,F) E_in=6.5 MeV
#X.axis: Energy
#Y.axis: 
#wdata:  3
#ldata:  457
#data...
# X               Y               +-dY           
# MeV             1/eV            1/eV           
  0.00            0.00            0.00                        
  1.00e-11        1.86612e-12     0.00                        
  1.20e-11        2.04423e-12     0.00                        
  1.40e-11        2.20802e-12     0.00                        
  1.60e-11        2.36047e-12     0.00                        
  1.80e-11        2.50366e-12     0.00                        
  2.20e-11        2.7679e-12      0.00                        
  2.50e-11        2.95059e-12     0.00                        
  2.90e-11        3.17789e-12     0.00                        
  3.40e-11        3.44095e-12     3.37136e-13      #dY:9.8%   
  4.00e-11        3.73224e-12     3.65676e-13      #dY:9.8%   
  4.60e-11        4.00238e-12     3.92144e-13      #dY:9.8%   
  5.40e-11        4.33647e-12     4.24877e-13      #dY:9.8%   
  6.30e-11        4.68392e-12     4.5892e-13       #dY:9.8%   
  7.40e-11        5.0764e-12      4.97374e-13      #dY:9.8%   
  8.60e-11        5.47254e-12     5.36187e-13      #dY:9.8%   
  1.00e-10        5.90119e-12     6.75771e-13      #dY:11.5%  
  1.20e-10        6.46444e-12     7.40271e-13      #dY:11.5%  
  1.40e-10        6.98239e-12     7.99583e-13      #dY:11.5%  
  1.60e-10        7.46449e-12     8.54791e-13      #dY:11.5%  
  1.80e-10        7.91729e-12     9.06643e-13      #dY:11.5%  
  2.20e-10        8.7529e-12      1.00233e-12      #dY:11.5%  
  2.50e-10        9.33062e-12     1.06849e-12      #dY:11.5%  
  2.90e-10        1.00494e-11     1.1508e-12       #dY:11.5%  
  3.40e-10        1.08813e-11     1.23545e-12      #dY:11.4%  
  4.00e-10        1.18024e-11     1.34003e-12      #dY:11.4%  
  4.60e-10        1.26567e-11     1.43703e-12      #dY:11.4%  
  5.40e-10        1.37132e-11     1.55698e-12      #dY:11.4%  
  6.30e-10        1.48119e-11     1.68173e-12      #dY:11.4%  
  7.40e-10        1.60531e-11     1.82265e-12      #dY:11.4%  
  8.60e-10        1.73058e-11     1.96488e-12      #dY:11.4%  
  1.00e-9         1.86613e-11     2.11878e-12      #dY:11.4%  
  1.20e-9         2.04425e-11     2.34096e-12      #dY:11.5%  
  1.40e-9         2.20804e-11     2.52853e-12      #dY:11.5%  
  1.60e-9         2.3605e-11      2.70312e-12      #dY:11.5%  
  1.80e-9         2.50369e-11     2.86709e-12      #dY:11.5%  
  2.20e-9         2.76794e-11     3.16969e-12      #dY:11.5%  
  2.50e-9         2.95063e-11     3.3789e-12       #dY:11.5%  
  2.90e-9         3.17793e-11     3.63919e-12      #dY:11.5%  
  3.40e-9         3.44101e-11     3.90688e-12      #dY:11.4%  
  4.00e-9         3.7323e-11      4.2376e-12       #dY:11.4%  
  4.60e-9         4.00246e-11     4.54434e-12      #dY:11.4%  
  5.40e-9         4.33656e-11     4.92367e-12      #dY:11.4%  
  6.30e-9         4.68403e-11     5.31819e-12      #dY:11.4%  
  7.40e-9         5.07652e-11     5.76381e-12      #dY:11.4%  
  8.60e-9         5.47268e-11     6.21361e-12      #dY:11.4%  
  1.00e-8         5.90136e-11     6.75774e-12      #dY:11.5%  
  1.20e-8         6.46463e-11     7.40275e-12      #dY:11.5%  
  1.40e-8         6.98262e-11     7.99591e-12      #dY:11.5%  
  1.60e-8         7.46475e-11     8.54801e-12      #dY:11.5%  
  1.80e-8         7.91759e-11     9.06656e-12      #dY:11.5%  
  2.20e-8         8.75326e-11     1.00235e-11      #dY:11.5%  
  2.50e-8         9.33103e-11     1.06851e-11      #dY:11.5%  
  2.90e-8         1.00499e-10     1.15083e-11      #dY:11.5%  
  3.40e-8         1.08819e-10     1.23546e-11      #dY:11.4%  
  4.00e-8         1.18031e-10     1.34005e-11      #dY:11.4%  
  4.60e-8         1.26575e-10     1.43705e-11      #dY:11.4%  
  5.40e-8         1.37141e-10     1.55701e-11      #dY:11.4%  
  6.30e-8         1.4813e-10      1.68177e-11      #dY:11.4%  
  7.40e-8         1.60543e-10     1.8227e-11       #dY:11.4%  
  8.60e-8         1.73072e-10     1.96495e-11      #dY:11.4%  
  1.00e-7         1.8663e-10      2.11888e-11      #dY:11.4%  
  1.20e-7         2.04445e-10     2.34086e-11      #dY:11.4%  
  1.40e-7         2.20827e-10     2.52844e-11      #dY:11.4%  
  1.60e-7         2.36076e-10     2.70303e-11      #dY:11.4%  
  1.80e-7         2.50399e-10     2.86703e-11      #dY:11.4%  
  2.20e-7         2.7683e-10      3.16966e-11      #dY:11.4%  
  2.50e-7         2.95105e-10     3.37891e-11      #dY:11.4%  
  2.90e-7         3.17841e-10     3.63923e-11      #dY:11.4%  
  3.40e-7         3.44157e-10     3.90685e-11      #dY:11.4%  
  4.00e-7         3.73297e-10     4.23765e-11      #dY:11.4%  
  4.60e-7         4.00322e-10     4.54444e-11      #dY:11.4%  
  5.40e-7         4.33746e-10     4.92386e-11      #dY:11.4%  
  6.30e-7         4.68508e-10     5.31848e-11      #dY:11.4%  
  7.40e-7         5.07775e-10     5.76424e-11      #dY:11.4%  
  8.60e-7         5.47412e-10     6.2142e-11       #dY:11.4%  
  1.00e-6         5.90303e-10     6.70109e-11      #dY:11.4%  
  1.20e-6         6.46664e-10     7.40268e-11      #dY:11.4%  
  1.40e-6         6.98497e-10     7.99604e-11      #dY:11.4%  
  1.60e-6         7.46744e-10     8.54835e-11      #dY:11.4%  
  1.80e-6         7.92061e-10     9.06711e-11      #dY:11.4%  
  2.20e-6         8.75696e-10     1.00245e-10      #dY:11.4%  
  2.50e-6         9.33525e-10     1.06865e-10      #dY:11.4%  
  2.90e-6         1.00548e-9      1.15102e-10      #dY:11.4%  
  3.40e-6         1.08876e-9      1.23534e-10      #dY:11.3%  
  4.00e-6         1.18099e-9      1.33999e-10      #dY:11.3%  
  4.60e-6         1.26653e-9      1.43704e-10      #dY:11.3%  
  5.40e-6         1.37233e-9      1.55709e-10      #dY:11.3%  
  6.30e-6         1.48237e-9      1.68194e-10      #dY:11.3%  
  7.40e-6         1.60669e-9      1.823e-10        #dY:11.3%  
  8.60e-6         1.73219e-9      1.96539e-10      #dY:11.3%  
  1.00e-5         1.86801e-9      2.1195e-10       #dY:11.3%  
  1.20e-5         2.04651e-9      2.34072e-10      #dY:11.4%  
  1.40e-5         2.21069e-9      2.52851e-10      #dY:11.4%  
  1.60e-5         2.363531e-9     2.70332e-10      #dY:11.4%  
  1.80e-5         2.507101e-9     2.86753e-10      #dY:11.4%  
  2.20e-5         2.772121e-9     3.17065e-10      #dY:11.4%  
  2.50e-5         2.955401e-9     3.38028e-10      #dY:11.4%  
  2.90e-5         3.183471e-9     3.64114e-10      #dY:11.4%  
  3.40e-5         3.447521e-9     3.90566e-10      #dY:11.3%  
  4.00e-5         3.739991e-9     4.237e-10        #dY:11.3%  
  4.60e-5         4.011311e-9     4.54437e-10      #dY:11.3%  
  5.40e-5         4.346991e-9     4.92466e-10      #dY:11.3%  
  6.30e-5         4.696241e-9     5.32032e-10      #dY:11.3%  
  7.40e-5         5.090911e-9     5.76744e-10      #dY:11.3%  
  8.60e-5         5.489461e-9     6.21895e-10      #dY:11.3%  
  1.00e-4         5.920931e-9     6.70776e-10      #dY:11.3%  
  1.20e-4         6.488211e-9     7.40185e-10      #dY:11.4%  
  1.40e-4         7.010222e-9     7.99737e-10      #dY:11.4%  
  1.60e-4         7.496392e-9     8.552e-10        #dY:11.4%  
  1.80e-4         7.953282e-9     9.07323e-10      #dY:11.4%  
  2.20e-4         8.797082e-9     1.00358e-9       #dY:11.4%  
  2.50e-4         9.380982e-9     1.0702e-9        #dY:11.4%  
  2.90e-4         1.0108e-8       1.15314e-9       #dY:11.4%  
  3.40e-4         1.09503e-8      1.22693e-9       #dY:11.2%  
  4.00e-4         1.18839e-8      1.33153e-9       #dY:11.2%  
  4.60e-4         1.27506e-8      1.42864e-9       #dY:11.2%  
  5.40e-4         1.38238e-8      1.54889e-9       #dY:11.2%  
  6.30e-4         1.49415e-8      1.67412e-9       #dY:11.2%  
  7.40e-4         1.62057e-8      1.81577e-9       #dY:11.2%  
  8.60e-4         1.74837e-8      1.95896e-9       #dY:11.2%  
  1.00e-3         1.88688e-8      2.11416e-9       #dY:11.2%  
  1.20e-3         2.06922e-8      2.31079e-9       #dY:11.2%  
  1.40e-3         2.23724e-8      2.49842e-9       #dY:11.2%  
  1.60e-3         2.393931e-8     2.67341e-9       #dY:11.2%  
  1.80e-3         2.541351e-8     2.83804e-9       #dY:11.2%  
  2.20e-3         2.814051e-8     3.14257e-9       #dY:11.2%  
  2.50e-3         3.003081e-8     3.35367e-9       #dY:11.2%  
  2.90e-3         3.238801e-8     3.61691e-9       #dY:11.2%  
  3.40e-3         3.512381e-8     3.8281e-9        #dY:10.9%  
  4.00e-3         3.816231e-8     4.15926e-9       #dY:10.9%  
  4.60e-3         4.098871e-8     4.46731e-9       #dY:10.9%  
  5.40e-3         4.449531e-8     4.84949e-9       #dY:10.9%  
  6.30e-3         4.815491e-8     5.24834e-9       #dY:10.9%  
  7.40e-3         5.230391e-8     5.70054e-9       #dY:10.9%  
  8.60e-3         5.650751e-8     6.15868e-9       #dY:10.9%  
  0.01            6.107341e-8     6.65631e-9       #dY:10.9%  
  0.012           6.709901e-8     7.11557e-9       #dY:10.6%  
  0.014           7.266522e-8     7.70584e-9       #dY:10.6%  
  0.016           7.786662e-8     8.25742e-9       #dY:10.6%  
  0.018           8.276882e-8     8.77728e-9       #dY:10.6%  
  0.022           9.185612e-8     9.74095e-9       #dY:10.6%  
  0.025           9.816742e-8     1.04102e-8       #dY:10.6%  
  0.029           1.06049e-7      1.1246e-8        #dY:10.6%  
  0.034           1.15209e-7      1.14815e-8       #dY:10.0%  
  0.04            1.25392e-7      1.24963e-8       #dY:10.0%  
  0.046           1.34869e-7      1.34408e-8       #dY:10.0%  
  0.054           1.46625e-7      1.46124e-8       #dY:10.0%  
  0.063           1.58886e-7      1.58343e-8       #dY:10.0%  
  0.065           1.61492e-7      1.6094e-8        #dY:10.0%  
  0.13            2.312001e-7     2.15197e-8       #dY:9.3%   
  0.195           2.758811e-7     2.56786e-8       #dY:9.3%   
  0.26            3.114011e-7     3.00127e-8       #dY:9.6%   
  0.325           3.351481e-7     3.23014e-8       #dY:9.6%   
  0.39            3.544421e-7     3.41609e-8       #dY:9.6%   
  0.455           3.679561e-7     3.3166e-8        #dY:9.0%   
  0.52            3.787111e-7     3.41354e-8       #dY:9.0%   
  0.585           3.836291e-7     3.45787e-8       #dY:9.0%   
  0.65            3.867061e-7     3.39458e-8       #dY:8.8%   
  0.715           3.857261e-7     3.38598e-8       #dY:8.8%   
  0.78            3.834521e-7     3.36602e-8       #dY:8.8%   
  0.845           3.744241e-7     3.07782e-8       #dY:8.2%   
  0.91            3.644591e-7     2.99591e-8       #dY:8.2%   
  0.975           3.514651e-7     2.8891e-8        #dY:8.2%   
  1.04            3.377781e-7     2.63895e-8       #dY:7.8%   
  1.105           3.245531e-7     2.53563e-8       #dY:7.8%   
  1.17            3.108181e-7     2.42832e-8       #dY:7.8%   
  1.235           2.999221e-7     2.24996e-8       #dY:7.5%   
  1.3             2.886851e-7     2.16566e-8       #dY:7.5%   
  1.365           2.802061e-7     2.10205e-8       #dY:7.5%   
  1.43            2.715081e-7     1.86417e-8       #dY:6.9%   
  1.495           2.643871e-7     1.81528e-8       #dY:6.9%   
  1.56            2.571371e-7     1.7655e-8        #dY:6.9%   
  1.625           2.505781e-7     1.45599e-8       #dY:5.8%   
  1.69            2.439601e-7     1.41753e-8       #dY:5.8%   
  1.755           2.376141e-7     1.38066e-8       #dY:5.8%   
  1.82            2.312601e-7     1.0543e-8        #dY:4.6%   
  1.885           2.2503e-7       1.02589e-8       #dY:4.6%   
  1.95            2.18831e-7      9.97632e-9       #dY:4.6%   
  2.015           2.12718e-7      6.95843e-9       #dY:3.3%   
  2.08            2.06665e-7      6.76043e-9       #dY:3.3%   
  2.145           2.00697e-7      6.5652e-9        #dY:3.3%   
  2.21            1.94812e-7      4.01093e-9       #dY:2.1%   
  2.275           1.89022e-7      3.89172e-9       #dY:2.1%   
  2.34            1.83329e-7      3.77451e-9       #dY:2.1%   
  2.405           1.77741e-7      2.32958e-9       #dY:1.3%   
  2.47            1.72261e-7      2.25775e-9       #dY:1.3%   
  2.535           1.66894e-7      2.18741e-9       #dY:1.3%   
  2.6             1.61642e-7      2.11857e-9       #dY:1.3%   
  2.665           1.56508e-7      2.81377e-9       #dY:1.8%   
  2.73            1.51493e-7      2.72361e-9       #dY:1.8%   
  2.795           1.46599e-7      2.63562e-9       #dY:1.8%   
  2.86            1.41825e-7      4.21852e-9       #dY:3.0%   
  2.925           1.37173e-7      4.08015e-9       #dY:3.0%   
  2.99            1.32643e-7      3.9454e-9        #dY:3.0%   
  3.055           1.28232e-7      5.56103e-9       #dY:4.3%   
  3.12            1.23942e-7      5.37499e-9       #dY:4.3%   
  3.185           1.1977e-7       5.19406e-9       #dY:4.3%   
  3.25            1.15716e-7      6.65618e-9       #dY:5.8%   
  3.315           1.11778e-7      6.42966e-9       #dY:5.8%   
  3.38            1.07955e-7      6.20976e-9       #dY:5.8%   
  3.445           1.04244e-7      7.49498e-9       #dY:7.2%   
  3.51            1.00643e-7      7.23608e-9       #dY:7.2%   
  3.575           9.715142e-8     6.98504e-9       #dY:7.2%   
  3.64            9.376612e-8     8.1118e-9        #dY:8.7%   
  3.705           9.048532e-8     7.82798e-9       #dY:8.7%   
  3.77            8.730662e-8     7.55299e-9       #dY:8.7%   
  3.835           8.422792e-8     8.53803e-9       #dY:10.1%  
  3.9             8.124682e-8     8.23585e-9       #dY:10.1%  
  3.965           7.836092e-8     7.94331e-9       #dY:10.1%  
  4.03            7.556812e-8     8.7496e-9        #dY:11.6%  
  4.095           7.286602e-8     8.43674e-9       #dY:11.6%  
  4.16            7.025212e-8     8.13409e-9       #dY:11.6%  
  4.225           6.772431e-8     8.90952e-9       #dY:13.2%  
  4.29            6.528031e-8     8.58799e-9       #dY:13.2%  
  4.355           6.291761e-8     8.27717e-9       #dY:13.2%  
  4.42            6.063421e-8     8.86554e-9       #dY:14.6%  
  4.485           5.842771e-8     8.54292e-9       #dY:14.6%  
  4.55            5.629601e-8     8.23124e-9       #dY:14.6%  
  4.615           5.423681e-8     8.78699e-9       #dY:16.2%  
  4.68            5.224811e-8     8.4648e-9        #dY:16.2%  
  4.745           5.032781e-8     8.15369e-9       #dY:16.2%  
  4.81            4.847371e-8     8.61867e-9       #dY:17.8%  
  4.875           4.668401e-8     8.30046e-9       #dY:17.8%  
  4.94            4.495661e-8     7.99333e-9       #dY:17.8%  
  5.005           4.328961e-8     8.33203e-9       #dY:19.2%  
  5.07            4.168101e-8     8.02242e-9       #dY:19.2%  
  5.135           4.012911e-8     7.72372e-9       #dY:19.2%  
  5.2             3.863211e-8     7.43559e-9       #dY:19.2%  
  5.265           3.718821e-8     7.74541e-9       #dY:20.8%  
  5.33            3.579561e-8     7.45537e-9       #dY:20.8%  
  5.395           3.445281e-8     7.17569e-9       #dY:20.8%  
  5.46            3.315801e-8     7.42969e-9       #dY:22.4%  
  5.525           3.190981e-8     7.15e-9          #dY:22.4%  
  5.59            3.070651e-8     6.88038e-9       #dY:22.4%  
  5.655           2.954671e-8     7.08726e-9       #dY:24.0%  
  5.72            2.842881e-8     6.81911e-9       #dY:24.0%  
  5.785           2.735161e-8     6.56073e-9       #dY:24.0%  
  5.85            2.631361e-8     6.72746e-9       #dY:25.6%  
  5.915           2.531351e-8     6.47177e-9       #dY:25.6%  
  5.98            2.435001e-8     6.22544e-9       #dY:25.6%  
  6.045           2.342181e-8     6.35785e-9       #dY:27.1%  
  6.11            2.25277e-8      6.11515e-9       #dY:27.1%  
  6.175           2.16666e-8      5.8814e-9        #dY:27.1%  
  6.24            2.08372e-8      5.98528e-9       #dY:28.7%  
  6.305           2.00385e-8      5.75587e-9       #dY:28.7%  
  6.37            1.92695e-8      5.53498e-9       #dY:28.7%  
  6.435           1.8529e-8       5.63556e-9       #dY:30.4%  
  6.5             1.78161e-8      5.41874e-9       #dY:30.4%  
  6.565           1.71297e-8      5.20997e-9       #dY:30.4%  
  6.63            1.6469e-8       5.26874e-9       #dY:32.0%  
  6.695           1.58331e-8      5.06531e-9       #dY:32.0%  
  6.76            1.52209e-8      4.86945e-9       #dY:32.0%  
  6.825           1.46318e-8      4.92827e-9       #dY:33.7%  
  6.89            1.40648e-8      4.7373e-9        #dY:33.7%  
  6.955           1.35192e-8      4.55353e-9       #dY:33.7%  
  7.02            1.29942e-8      4.5812e-9        #dY:35.3%  
  7.085           1.2489e-8       4.40309e-9       #dY:35.3%  
  7.15            1.2003e-8       4.23174e-9       #dY:35.3%  
  7.215           1.15354e-8      4.26191e-9       #dY:36.9%  
  7.28            1.10855e-8      4.09569e-9       #dY:36.9%  
  7.345           1.06528e-8      3.93582e-9       #dY:36.9%  
  7.41            1.02366e-8      3.94301e-9       #dY:38.5%  
  7.475           9.836182e-9     3.78878e-9       #dY:38.5%  
  7.54            9.451102e-9     3.64045e-9       #dY:38.5%  
  7.605           9.080742e-9     3.65081e-9       #dY:40.2%  
  7.67            8.724562e-9     3.50761e-9       #dY:40.2%  
  7.735           8.382042e-9     3.3699e-9        #dY:40.2%  
  7.8             8.052682e-9     3.23749e-9       #dY:40.2%  
  7.865           7.735972e-9     3.2403e-9        #dY:41.9%  
  7.93            7.431452e-9     3.11275e-9       #dY:41.9%  
  7.995           7.138672e-9     2.99011e-9       #dY:41.9%  
  8.06            6.857191e-9     2.98748e-9       #dY:43.6%  
  8.125           6.586571e-9     2.86958e-9       #dY:43.6%  
  8.19            6.326421e-9     2.75624e-9       #dY:43.6%  
  8.255           6.076341e-9     2.74948e-9       #dY:45.2%  
  8.32            5.835961e-9     2.64071e-9       #dY:45.2%  
  8.385           5.604901e-9     2.53616e-9       #dY:45.2%  
  8.45            5.382811e-9     2.52595e-9       #dY:46.9%  
  8.515           5.169361e-9     2.42579e-9       #dY:46.9%  
  8.58            4.964221e-9     2.32952e-9       #dY:46.9%  
  8.645           4.767071e-9     2.31695e-9       #dY:48.6%  
  8.71            4.577601e-9     2.22486e-9       #dY:48.6%  
  8.775           4.395541e-9     2.13638e-9       #dY:48.6%  
  8.84            4.220591e-9     2.12206e-9       #dY:50.3%  
  8.905           4.052481e-9     2.03754e-9       #dY:50.3%  
  8.97            3.890951e-9     1.95633e-9       #dY:50.3%  
  9.035           3.735751e-9     1.9408e-9        #dY:52.0%  
  9.1             3.586641e-9     1.86333e-9       #dY:52.0%  
  9.165           3.443381e-9     1.7889e-9        #dY:52.0%  
  9.23            3.305751e-9     1.77629e-9       #dY:53.7%  
  9.295           3.173541e-9     1.70525e-9       #dY:53.7%  
  9.36            3.046531e-9     1.637e-9         #dY:53.7%  
  9.425           2.924521e-9     1.62023e-9       #dY:55.4%  
  9.49            2.807321e-9     1.5553e-9        #dY:55.4%  
  9.555           2.694751e-9     1.49293e-9       #dY:55.4%  
  9.62            2.586621e-9     1.47615e-9       #dY:57.1%  
  9.685           2.482771e-9     1.41689e-9       #dY:57.1%  
  9.75            2.383021e-9     1.35996e-9       #dY:57.1%  
  9.815           2.28722e-9      1.34586e-9       #dY:58.8%  
  9.88            2.19522e-9      1.29173e-9       #dY:58.8%  
  9.945           2.10687e-9      1.23974e-9       #dY:58.8%  
  10.01           2.02202e-9      1.22338e-9       #dY:60.5%  
  10.075          1.94054e-9      1.17408e-9       #dY:60.5%  
  10.14           1.8623e-9       1.12674e-9       #dY:60.5%  
  10.205          1.78717e-9      1.11296e-9       #dY:62.3%  
  10.27           1.71503e-9      1.06804e-9       #dY:62.3%  
  10.335          1.64576e-9      1.0249e-9        #dY:62.3%  
  10.4            1.57926e-9      9.83485e-10      #dY:62.3%  
  10.465          1.5154e-9       9.70476e-10      #dY:64.0%  
  10.53           1.4541e-9       9.31219e-10      #dY:64.0%  
  10.595          1.39524e-9      8.93524e-10      #dY:64.0%  
  10.66           1.33873e-9      8.79458e-10      #dY:65.7%  
  10.725          1.28449e-9      8.43826e-10      #dY:65.7%  
  10.79           1.23241e-9      8.09613e-10      #dY:65.7%  
  10.855          1.18242e-9      7.97581e-10      #dY:67.5%  
  10.92           1.13443e-9      7.6521e-10       #dY:67.5%  
  10.985          1.08837e-9      7.34141e-10      #dY:67.5%  
  11.05           1.04415e-9      7.22696e-10      #dY:69.2%  
  11.115          1.00171e-9      6.93322e-10      #dY:69.2%  
  11.18           9.60976e-10     6.65128e-10      #dY:69.2%  
  11.245          9.21877e-10     6.54229e-10      #dY:71.0%  
  11.31           8.84351e-10     6.27598e-10      #dY:71.0%  
  11.375          8.48334e-10     6.02038e-10      #dY:71.0%  
  11.44           8.13768e-10     5.91771e-10      #dY:72.7%  
  11.505          7.80594e-10     5.67647e-10      #dY:72.7%  
  11.57           7.48758e-10     5.44496e-10      #dY:72.7%  
  11.635          7.18206e-10     5.34821e-10      #dY:74.5%  
  11.7            6.88886e-10     5.12988e-10      #dY:74.5%  
  11.765          6.60751e-10     4.92037e-10      #dY:74.5%  
  11.83           6.33752e-10     4.82983e-10      #dY:76.2%  
  11.895          6.07845e-10     4.63239e-10      #dY:76.2%  
  11.96           5.82986e-10     4.44294e-10      #dY:76.2%  
  12.025          5.59132e-10     4.3585e-10       #dY:78.0%  
  12.09           5.36245e-10     4.18009e-10      #dY:78.0%  
  12.155          5.14284e-10     4.0089e-10       #dY:78.0%  
  12.22           4.93214e-10     3.93027e-10      #dY:79.7%  
  12.285          4.72998e-10     3.76917e-10      #dY:79.7%  
  12.35           4.53603e-10     3.61462e-10      #dY:79.7%  
  12.415          4.34995e-10     3.5466e-10       #dY:81.5%  
  12.48           4.17143e-10     3.40105e-10      #dY:81.5%  
  12.545          4.00016e-10     3.26141e-10      #dY:81.5%  
  12.61           3.83585e-10     3.19373e-10      #dY:83.3%  
  12.675          3.67823e-10     3.0625e-10       #dY:83.3%  
  12.74           3.52703e-10     2.93661e-10      #dY:83.3%  
  12.805          3.38198e-10     2.87423e-10      #dY:85.0%  
  12.87           3.24284e-10     2.75598e-10      #dY:85.0%  
  12.935          3.10937e-10     2.64255e-10      #dY:85.0%  
  13              2.98134e-10     2.53374e-10      #dY:85.0%  
  13.065          2.85854e-10     2.48166e-10      #dY:86.8%  
  13.13           2.74074e-10     2.37939e-10      #dY:86.8%  
  13.195          2.62776e-10     2.28131e-10      #dY:86.8%  
  13.26           2.5194e-10      2.23044e-10      #dY:88.5%  
  13.325          2.41546e-10     2.13842e-10      #dY:88.5%  
  13.39           2.31577e-10     2.05017e-10      #dY:88.5%  
  13.455          2.22016e-10     2.00603e-10      #dY:90.4%  
  13.52           2.12846e-10     1.92317e-10      #dY:90.4%  
  13.585          2.04052e-10     1.84371e-10      #dY:90.4%  
  13.65           1.95618e-10     1.8009e-10       #dY:92.1%  
  13.715          1.8753e-10      1.72644e-10      #dY:92.1%  
  13.78           1.79773e-10     1.65502e-10      #dY:92.1%  
  13.845          1.72334e-10     1.61777e-10      #dY:93.9%  
  13.91           1.65201e-10     1.55081e-10      #dY:93.9%  
  13.975          1.5836e-10      1.48659e-10      #dY:93.9%  
  14.04           1.518e-10       1.45077e-10      #dY:95.6%  
  14.105          1.4551e-10      1.39066e-10      #dY:95.6%  
  14.17           1.39478e-10     1.33301e-10      #dY:95.6%  
  14.235          1.33695e-10     1.30189e-10      #dY:97.4%  
  14.3            1.28149e-10     1.24789e-10      #dY:97.4%  
  14.365          1.22831e-10     1.1961e-10       #dY:97.4%  
  14.43           1.17733e-10     1.16761e-10      #dY:99.2%  
  14.495          1.12844e-10     1.11912e-10      #dY:99.2%  
  14.56           1.08157e-10     1.07264e-10      #dY:99.2%  
  14.625          1.03663e-10     1.04666e-10      #dY:101.0% 
  14.69           9.9354e-11      1.00315e-10      #dY:101.0% 
  14.755          9.52229e-11     9.61443e-11      #dY:101.0% 
  14.82           9.12623e-11     9.37744e-11      #dY:102.8% 
  14.885          8.74652e-11     8.98728e-11      #dY:102.8% 
  14.95           8.38249e-11     8.61323e-11      #dY:102.8% 
  15.015          8.03349e-11     8.39803e-11      #dY:104.5% 
  15.08           7.69892e-11     8.04828e-11      #dY:104.5% 
  15.145          7.37818e-11     7.71298e-11      #dY:104.5% 
  15.21           7.07071e-11     7.50944e-11      #dY:106.2% 
  15.275          6.77595e-11     7.19639e-11      #dY:106.2% 
  15.34           6.49339e-11     6.8963e-11       #dY:106.2% 
  15.405          6.22253e-11     6.71875e-11      #dY:108.0% 
  15.47           5.96289e-11     6.4384e-11       #dY:108.0% 
  15.535          5.71401e-11     6.16968e-11      #dY:108.0% 
  15.6            5.47544e-11     5.91208e-11      #dY:108.0% 
  15.665          5.24676e-11     5.7637e-11       #dY:109.9% 
  15.73           5.02757e-11     5.52291e-11      #dY:109.9% 
  15.795          4.81747e-11     5.29211e-11      #dY:109.9% 
  15.86           4.61609e-11     5.13692e-11      #dY:111.3% 
  15.925          4.42306e-11     4.92211e-11      #dY:111.3% 
  15.99           4.23806e-11     4.71624e-11      #dY:111.3% 
  16.055          4.06074e-11     4.60351e-11      #dY:113.4% 
  16.12           3.89079e-11     4.41085e-11      #dY:113.4% 
  16.185          3.72791e-11     4.22619e-11      #dY:113.4% 
  16.25           3.5718e-11      4.12349e-11      #dY:115.4% 
  16.315          3.42218e-11     3.95076e-11      #dY:115.4% 
  16.38           3.27879e-11     3.78522e-11      #dY:115.4% 
  16.445          3.14137e-11     3.65717e-11      #dY:116.4% 
  16.51           3.00967e-11     3.50385e-11      #dY:116.4% 
  16.575          2.88346e-11     3.35692e-11      #dY:116.4% 
  16.64           2.7625e-11      3.27311e-11      #dY:118.5% 
  16.705          2.64659e-11     3.13578e-11      #dY:118.5% 
  16.77           2.53551e-11     3.00417e-11      #dY:118.5% 
  16.835          2.42906e-11     2.92808e-11      #dY:120.5% 
  16.9            2.32706e-11     2.80512e-11      #dY:120.5% 
  16.965          2.22931e-11     2.68729e-11      #dY:120.5% 
  17.03           2.13564e-11     2.61815e-11      #dY:122.6% 
  17.095          2.04588e-11     2.50811e-11      #dY:122.6% 
  17.16           1.95987e-11     2.40266e-11      #dY:122.6% 
  17.225          1.87746e-11     2.31964e-11      #dY:123.6% 
  17.29           1.79849e-11     2.22207e-11      #dY:123.6% 
  17.355          1.72282e-11     2.12858e-11      #dY:123.6% 
  17.42           1.65031e-11     2.07255e-11      #dY:125.6% 
  17.485          1.58084e-11     1.9853e-11       #dY:125.6% 
  17.55           1.51428e-11     1.90171e-11      #dY:125.6% 
  17.615          1.4505e-11      1.85111e-11      #dY:127.6% 
  17.68           1.38939e-11     1.77312e-11      #dY:127.6% 
  17.745          1.33085e-11     1.69841e-11      #dY:127.6% 
  17.81           1.27475e-11     1.65262e-11      #dY:129.6% 
  17.875          1.22101e-11     1.58295e-11      #dY:129.6% 
  17.94           1.16952e-11     1.5162e-11       #dY:129.6% 
  18.005          1.12018e-11     1.46268e-11      #dY:130.6% 
  18.07           1.07292e-11     1.40097e-11      #dY:130.6% 
  18.135          1.02764e-11     1.34184e-11      #dY:130.6% 
  18.2            9.84258e-12     1.2852e-11       #dY:130.6% 
  18.265          9.42699e-12     1.24985e-11      #dY:132.6% 
  18.33           9.02884e-12     1.19706e-11      #dY:132.6% 
  18.395          8.64742e-12     1.14649e-11      #dY:132.6% 
  18.46           8.28202e-12     1.11466e-11      #dY:134.6% 
  18.525          7.93198e-12     1.06754e-11      #dY:134.6% 
  18.59           7.59665e-12     1.02241e-11      #dY:134.6% 
  18.655          7.27542e-12     9.93723e-12      #dY:136.6% 
  18.72           6.9677e-12      9.51692e-12      #dY:136.6% 
  18.785          6.67292e-12     9.11429e-12      #dY:136.6% 
  18.85           6.39055e-12     8.78663e-12      #dY:137.5% 
  18.915          6.12006e-12     8.41472e-12      #dY:137.5% 
  18.98           5.86097e-12     8.05849e-12      #dY:137.5% 
  19.045          5.61278e-12     7.82847e-12      #dY:139.5% 
  19.11           5.37504e-12     7.49688e-12      #dY:139.5% 
  19.175          5.14733e-12     7.17928e-12      #dY:139.5% 
  19.24           4.92921e-12     6.9724e-12       #dY:141.5% 
  19.305          4.72028e-12     6.67687e-12      #dY:141.5% 
  19.37           4.52017e-12     6.39381e-12      #dY:141.5% 
  19.435          4.32849e-12     6.20777e-12      #dY:143.4% 
  19.5            4.1449e-12      5.94447e-12      #dY:143.4% 
  19.565          3.96906e-12     5.69228e-12      #dY:143.4% 
  19.63           3.80064e-12     5.52522e-12      #dY:145.4% 
  19.695          3.63933e-12     5.29071e-12      #dY:145.4% 
  19.76           3.48484e-12     5.06612e-12      #dY:145.4% 
  19.825          3.33686e-12     4.88028e-12      #dY:146.3% 
  19.89           3.19514e-12     4.67301e-12      #dY:146.3% 
  19.955          3.05941e-12     4.4745e-12       #dY:146.3% 
  20.155          0.00            0.00                        
//
#-------------------------------------------------------------------------------
#
#name:   JENDL-5: PU-239(N,F) E_in=7. MeV
#X.axis: Energy
#Y.axis: 
#wdata:  3
#ldata:  435
#data...
# X               Y               +-dY           
# MeV             1/eV            1/eV           
  0.00            0.00            0.00                        
  1.00e-11        1.83721e-12     0.00                        
  1.20e-11        2.01257e-12     0.00                        
  1.40e-11        2.17382e-12     0.00                        
  1.60e-11        2.32391e-12     0.00                        
  1.80e-11        2.46488e-12     0.00                        
  2.20e-11        2.72503e-12     0.00                        
  2.50e-11        2.90489e-12     0.00                        
  2.90e-11        3.12866e-12     0.00                        
  3.40e-11        3.38766e-12     3.37137e-13      #dY:10.0%  
  4.00e-11        3.67443e-12     3.65676e-13      #dY:10.0%  
  4.60e-11        3.94039e-12     3.92144e-13      #dY:10.0%  
  5.40e-11        4.2693e-12      4.24877e-13      #dY:10.0%  
  6.30e-11        4.61137e-12     4.5892e-13       #dY:10.0%  
  7.40e-11        4.99777e-12     4.97374e-13      #dY:10.0%  
  8.60e-11        5.38778e-12     5.36187e-13      #dY:10.0%  
  1.00e-10        5.80979e-12     6.75771e-13      #dY:11.6%  
  1.20e-10        6.36431e-12     7.4027e-13       #dY:11.6%  
  1.40e-10        6.87424e-12     7.99583e-13      #dY:11.6%  
  1.60e-10        7.34887e-12     8.5479e-13       #dY:11.6%  
  1.80e-10        7.79466e-12     9.06643e-13      #dY:11.6%  
  2.20e-10        8.61732e-12     1.00233e-12      #dY:11.6%  
  2.50e-10        9.1861e-12      1.06849e-12      #dY:11.6%  
  2.90e-10        9.89373e-12     1.1508e-12       #dY:11.6%  
  3.40e-10        1.07127e-11     1.23544e-12      #dY:11.5%  
  4.00e-10        1.16196e-11     1.34003e-12      #dY:11.5%  
  4.60e-10        1.24606e-11     1.43702e-12      #dY:11.5%  
  5.40e-10        1.35008e-11     1.55698e-12      #dY:11.5%  
  6.30e-10        1.45825e-11     1.68173e-12      #dY:11.5%  
  7.40e-10        1.58044e-11     1.82265e-12      #dY:11.5%  
  8.60e-10        1.70377e-11     1.96488e-12      #dY:11.5%  
  1.00e-9         1.83723e-11     2.11879e-12      #dY:11.5%  
  1.20e-9         2.01258e-11     2.34096e-12      #dY:11.6%  
  1.40e-9         2.17384e-11     2.52853e-12      #dY:11.6%  
  1.60e-9         2.32393e-11     2.70311e-12      #dY:11.6%  
  1.80e-9         2.4649e-11      2.86708e-12      #dY:11.6%  
  2.20e-9         2.72506e-11     3.16969e-12      #dY:11.6%  
  2.50e-9         2.90492e-11     3.3789e-12       #dY:11.6%  
  2.90e-9         3.1287e-11      3.63919e-12      #dY:11.6%  
  3.40e-9         3.3877e-11      3.90687e-12      #dY:11.5%  
  4.00e-9         3.67448e-11     4.2376e-12       #dY:11.5%  
  4.60e-9         3.94044e-11     4.54432e-12      #dY:11.5%  
  5.40e-9         4.26937e-11     4.92366e-12      #dY:11.5%  
  6.30e-9         4.61145e-11     5.31817e-12      #dY:11.5%  
  7.40e-9         4.99786e-11     5.76379e-12      #dY:11.5%  
  8.60e-9         5.38788e-11     6.21359e-12      #dY:11.5%  
  1.00e-8         5.80991e-11     6.75773e-12      #dY:11.6%  
  1.20e-8         6.36446e-11     7.40275e-12      #dY:11.6%  
  1.40e-8         6.87441e-11     7.99589e-12      #dY:11.6%  
  1.60e-8         7.34907e-11     8.54799e-12      #dY:11.6%  
  1.80e-8         7.79488e-11     9.06653e-12      #dY:11.6%  
  2.20e-8         8.61759e-11     1.00235e-11      #dY:11.6%  
  2.50e-8         9.18641e-11     1.06851e-11      #dY:11.6%  
  2.90e-8         9.89409e-11     1.15082e-11      #dY:11.6%  
  3.40e-8         1.07132e-10     1.23546e-11      #dY:11.5%  
  4.00e-8         1.16201e-10     1.34004e-11      #dY:11.5%  
  4.60e-8         1.24612e-10     1.43704e-11      #dY:11.5%  
  5.40e-8         1.35014e-10     1.55699e-11      #dY:11.5%  
  6.30e-8         1.45833e-10     1.68176e-11      #dY:11.5%  
  7.40e-8         1.58053e-10     1.82268e-11      #dY:11.5%  
  8.60e-8         1.70388e-10     1.96493e-11      #dY:11.5%  
  1.00e-7         1.83735e-10     2.11885e-11      #dY:11.5%  
  1.20e-7         2.01273e-10     2.34085e-11      #dY:11.6%  
  1.40e-7         2.17401e-10     2.52842e-11      #dY:11.6%  
  1.60e-7         2.32413e-10     2.70301e-11      #dY:11.6%  
  1.80e-7         2.46513e-10     2.867e-11        #dY:11.6%  
  2.20e-7         2.72533e-10     3.16962e-11      #dY:11.6%  
  2.50e-7         2.90524e-10     3.37886e-11      #dY:11.6%  
  2.90e-7         3.12907e-10     3.63918e-11      #dY:11.6%  
  3.40e-7         3.38813e-10     3.90683e-11      #dY:11.5%  
  4.00e-7         3.67498e-10     4.23759e-11      #dY:11.5%  
  4.60e-7         3.94103e-10     4.54437e-11      #dY:11.5%  
  5.40e-7         4.27005e-10     4.92376e-11      #dY:11.5%  
  6.30e-7         4.61225e-10     5.31835e-11      #dY:11.5%  
  7.40e-7         4.9988e-10      5.76408e-11      #dY:11.5%  
  8.60e-7         5.38897e-10     6.21398e-11      #dY:11.5%  
  1.00e-6         5.81119e-10     6.70084e-11      #dY:11.5%  
  1.20e-6         6.36598e-10     7.40254e-11      #dY:11.6%  
  1.40e-6         6.8762e-10      7.99583e-11      #dY:11.6%  
  1.60e-6         7.35111e-10     8.54807e-11      #dY:11.6%  
  1.80e-6         7.79718e-10     9.06677e-11      #dY:11.6%  
  2.20e-6         8.62042e-10     1.00241e-10      #dY:11.6%  
  2.50e-6         9.18962e-10     1.06859e-10      #dY:11.6%  
  2.90e-6         9.89784e-10     1.15095e-10      #dY:11.6%  
  3.40e-6         1.07176e-9      1.23531e-10      #dY:11.5%  
  4.00e-6         1.16253e-9      1.33993e-10      #dY:11.5%  
  4.60e-6         1.24672e-9      1.43697e-10      #dY:11.5%  
  5.40e-6         1.35085e-9      1.55699e-10      #dY:11.5%  
  6.30e-6         1.45915e-9      1.68182e-10      #dY:11.5%  
  7.40e-6         1.5815e-9       1.82284e-10      #dY:11.5%  
  8.60e-6         1.70501e-9      1.9652e-10       #dY:11.5%  
  1.00e-5         1.83866e-9      2.11924e-10      #dY:11.5%  
  1.20e-5         2.01431e-9      2.34057e-10      #dY:11.6%  
  1.40e-5         2.17586e-9      2.52829e-10      #dY:11.6%  
  1.60e-5         2.32625e-9      2.70304e-10      #dY:11.6%  
  1.80e-5         2.46752e-9      2.86719e-10      #dY:11.6%  
  2.20e-5         2.72827e-9      3.17018e-10      #dY:11.6%  
  2.50e-5         2.90858e-9      3.37969e-10      #dY:11.6%  
  2.90e-5         3.132959e-9     3.64041e-10      #dY:11.6%  
  3.40e-5         3.392709e-9     3.90533e-10      #dY:11.5%  
  4.00e-5         3.680399e-9     4.23649e-10      #dY:11.5%  
  4.60e-5         3.947269e-9     4.54368e-10      #dY:11.5%  
  5.40e-5         4.277419e-9     4.92372e-10      #dY:11.5%  
  6.30e-5         4.620879e-9     5.31907e-10      #dY:11.5%  
  7.40e-5         5.008979e-9     5.76581e-10      #dY:11.5%  
  8.60e-5         5.400859e-9     6.2169e-10       #dY:11.5%  
  1.00e-4         5.825059e-9     6.7052e-10       #dY:11.5%  
  1.20e-4         6.382729e-9     7.40042e-10      #dY:11.6%  
  1.40e-4         6.895819e-9     7.99532e-10      #dY:11.6%  
  1.60e-4         7.373639e-9     8.54932e-10      #dY:11.6%  
  1.80e-4         7.822609e-9     9.06988e-10      #dY:11.6%  
  2.20e-4         8.651679e-9     1.00311e-9       #dY:11.6%  
  2.50e-4         9.225288e-9     1.06962e-9       #dY:11.6%  
  2.90e-4         9.939388e-9     1.15242e-9       #dY:11.6%  
  3.40e-4         1.07665e-8      1.22659e-9       #dY:11.4%  
  4.00e-4         1.16832e-8      1.33103e-9       #dY:11.4%  
  4.60e-4         1.2534e-8       1.42796e-9       #dY:11.4%  
  5.40e-4         1.35873e-8      1.54796e-9       #dY:11.4%  
  6.30e-4         1.46839e-8      1.67289e-9       #dY:11.4%  
  7.40e-4         1.5924e-8       1.81417e-9       #dY:11.4%  
  8.60e-4         1.71772e-8      1.95695e-9       #dY:11.4%  
  1.00e-3         1.8535e-8       2.11163e-9       #dY:11.4%  
  1.20e-3         2.03219e-8      2.30939e-9       #dY:11.4%  
  1.40e-3         2.19678e-8      2.49643e-9       #dY:11.4%  
  1.60e-3         2.35021e-8      2.67079e-9       #dY:11.4%  
  1.80e-3         2.49451e-8      2.83478e-9       #dY:11.4%  
  2.20e-3         2.76133e-8      3.13799e-9       #dY:11.4%  
  2.50e-3         2.94619e-8      3.34807e-9       #dY:11.4%  
  2.90e-3         3.176599e-8     3.60991e-9       #dY:11.4%  
  3.40e-3         3.443869e-8     3.82496e-9       #dY:11.1%  
  4.00e-3         3.740519e-8     4.15444e-9       #dY:11.1%  
  4.60e-3         4.016299e-8     4.46073e-9       #dY:11.1%  
  5.40e-3         4.358209e-8     4.84048e-9       #dY:11.1%  
  6.30e-3         4.714939e-8     5.23668e-9       #dY:11.1%  
  7.40e-3         5.118679e-8     5.6851e-9        #dY:11.1%  
  8.60e-3         5.527549e-8     6.13921e-9       #dY:11.1%  
  0.01            5.971259e-8     6.63202e-9       #dY:11.1%  
  0.012           6.556199e-8     7.10245e-9       #dY:10.8%  
  0.014           7.095909e-8     7.68713e-9       #dY:10.8%  
  0.016           7.599699e-8     8.23289e-9       #dY:10.8%  
  0.018           8.074039e-8     8.74675e-9       #dY:10.8%  
  0.022           8.952109e-8     9.69798e-9       #dY:10.8%  
  0.025           9.561038e-8     1.03576e-8       #dY:10.8%  
  0.029           1.03204e-7      1.11803e-8       #dY:10.8%  
  0.034           1.12015e-7      1.14532e-8       #dY:10.2%  
  0.04            1.21792e-7      1.24529e-8       #dY:10.2%  
  0.046           1.30873e-7      1.33814e-8       #dY:10.2%  
  0.054           1.42116e-7      1.4531e-8        #dY:10.2%  
  0.063           1.53813e-7      1.5727e-8        #dY:10.2%  
  0.07            1.62341e-7      1.65989e-8       #dY:10.2%  
  0.14            2.3063e-7       2.2161e-8        #dY:9.6%   
  0.21            2.73899e-7      2.74415e-8       #dY:10.0%  
  0.28            3.077199e-7     3.083e-8         #dY:10.0%  
  0.35            3.294309e-7     3.30052e-8       #dY:10.0%  
  0.42            3.465549e-7     3.25125e-8       #dY:9.4%   
  0.49            3.572589e-7     3.35167e-8       #dY:9.4%   
  0.56            3.651519e-7     3.42571e-8       #dY:9.4%   
  0.63            3.688629e-7     3.38647e-8       #dY:9.2%   
  0.7             3.707229e-7     3.40354e-8       #dY:9.2%   
  0.77            3.693499e-7     3.39094e-8       #dY:9.2%   
  0.84            3.666919e-7     3.14179e-8       #dY:8.6%   
  0.91            3.630839e-7     3.11087e-8       #dY:8.6%   
  0.98            3.585599e-7     3.07211e-8       #dY:8.6%   
  1.05            3.526179e-7     2.76778e-8       #dY:7.8%   
  1.12            3.460079e-7     2.71589e-8       #dY:7.8%   
  1.19            3.377439e-7     2.65103e-8       #dY:7.8%   
  1.26            3.290309e-7     2.31248e-8       #dY:7.0%   
  1.33            3.172029e-7     2.22935e-8       #dY:7.0%   
  1.4             3.0509e-7       2.14422e-8       #dY:7.0%   
  1.47            2.91406e-7      1.80121e-8       #dY:6.2%   
  1.54            2.77557e-7      1.7156e-8        #dY:6.2%   
  1.61            2.65059e-7      1.42293e-8       #dY:5.4%   
  1.68            2.52484e-7      1.35543e-8       #dY:5.4%   
  1.75            2.42409e-7      1.30134e-8       #dY:5.4%   
  1.82            2.32322e-7      1.02904e-8       #dY:4.4%   
  1.89            2.24221e-7      9.93158e-9       #dY:4.4%   
  1.96            2.16157e-7      9.57439e-9       #dY:4.4%   
  2.03            2.09135e-7      6.85504e-9       #dY:3.3%   
  2.1             2.02185e-7      6.62723e-9       #dY:3.3%   
  2.17            1.95705e-7      6.41483e-9       #dY:3.3%   
  2.24            1.89322e-7      3.94609e-9       #dY:2.1%   
  2.31            1.83177e-7      3.818e-9         #dY:2.1%   
  2.38            1.77147e-7      3.69232e-9       #dY:2.1%   
  2.45            1.71281e-7      2.27861e-9       #dY:1.3%   
  2.52            1.65542e-7      2.20227e-9       #dY:1.3%   
  2.59            1.59946e-7      2.12782e-9       #dY:1.3%   
  2.66            1.54484e-7      2.82053e-9       #dY:1.8%   
  2.73            1.49163e-7      2.72338e-9       #dY:1.8%   
  2.8             1.43979e-7      2.62873e-9       #dY:1.8%   
  2.87            1.38934e-7      4.19702e-9       #dY:3.0%   
  2.94            1.34028e-7      4.04882e-9       #dY:3.0%   
  3.01            1.2926e-7       5.69295e-9       #dY:4.4%   
  3.08            1.2463e-7       5.48903e-9       #dY:4.4%   
  3.15            1.20136e-7      5.2911e-9        #dY:4.4%   
  3.22            1.15777e-7      6.76313e-9       #dY:5.8%   
  3.29            1.11551e-7      6.51627e-9       #dY:5.8%   
  3.36            1.07456e-7      6.27706e-9       #dY:5.8%   
  3.43            1.03491e-7      7.55602e-9       #dY:7.3%   
  3.5             9.965218e-8     7.27574e-9       #dY:7.3%   
  3.57            9.593788e-8     7.00456e-9       #dY:7.3%   
  3.64            9.234528e-8     8.11209e-9       #dY:8.8%   
  3.71            8.887179e-8     7.80696e-9       #dY:8.8%   
  3.78            8.551469e-8     7.51205e-9       #dY:8.8%   
  3.85            8.227129e-8     8.46775e-9       #dY:10.3%  
  3.92            7.913859e-8     8.14532e-9       #dY:10.3%  
  3.99            7.611389e-8     7.834e-9         #dY:10.3%  
  4.06            7.319419e-8     8.60427e-9       #dY:11.8%  
  4.13            7.037679e-8     8.27307e-9       #dY:11.8%  
  4.2             6.765879e-8     7.95356e-9       #dY:11.8%  
  4.27            6.503729e-8     8.68615e-9       #dY:13.4%  
  4.34            6.250949e-8     8.34855e-9       #dY:13.4%  
  4.41            6.007269e-8     8.91637e-9       #dY:14.8%  
  4.48            5.772409e-8     8.56777e-9       #dY:14.8%  
  4.55            5.546099e-8     8.23187e-9       #dY:14.8%  
  4.62            5.328069e-8     8.76208e-9       #dY:16.4%  
  4.69            5.118069e-8     8.41673e-9       #dY:16.4%  
  4.76            4.915829e-8     8.08415e-9       #dY:16.4%  
  4.83            4.721109e-8     8.51991e-9       #dY:18.0%  
  4.9             4.533649e-8     8.18161e-9       #dY:18.0%  
  4.97            4.353219e-8     7.856e-9         #dY:18.0%  
  5.04            4.179579e-8     8.16431e-9       #dY:19.5%  
  5.11            4.012499e-8     7.83794e-9       #dY:19.5%  
  5.18            3.851759e-8     7.52395e-9       #dY:19.5%  
  5.25            3.697149e-8     7.81425e-9       #dY:21.1%  
  5.32            3.548439e-8     7.49994e-9       #dY:21.1%  
  5.39            3.405429e-8     7.19767e-9       #dY:21.1%  
  5.46            3.267929e-8     7.4301e-9        #dY:22.7%  
  5.53            3.135739e-8     7.12955e-9       #dY:22.7%  
  5.6             3.00866e-8      6.84062e-9       #dY:22.7%  
  5.67            2.88652e-8      7.02492e-9       #dY:24.3%  
  5.74            2.76914e-8      6.73925e-9       #dY:24.3%  
  5.81            2.65634e-8      6.88984e-9       #dY:25.9%  
  5.88            2.54796e-8      6.60873e-9       #dY:25.9%  
  5.95            2.44383e-8      6.33865e-9       #dY:25.9%  
  6.02            2.34381e-8      6.45395e-9       #dY:27.5%  
  6.09            2.24773e-8      6.18938e-9       #dY:27.5%  
  6.16            2.15545e-8      5.93528e-9       #dY:27.5%  
  6.23            2.06683e-8      6.02169e-9       #dY:29.1%  
  6.3             1.98174e-8      5.77378e-9       #dY:29.1%  
  6.37            1.90003e-8      5.53572e-9       #dY:29.1%  
  6.44            1.82159e-8      5.61897e-9       #dY:30.8%  
  6.51            1.74628e-8      5.38666e-9       #dY:30.8%  
  6.58            1.67399e-8      5.16367e-9       #dY:30.8%  
  6.65            1.60461e-8      5.20571e-9       #dY:32.4%  
  6.72            1.53801e-8      4.98964e-9       #dY:32.4%  
  6.79            1.47411e-8      4.78234e-9       #dY:32.4%  
  6.86            1.41278e-8      4.82492e-9       #dY:34.2%  
  6.93            1.35393e-8      4.62393e-9       #dY:34.2%  
  7               1.29747e-8      4.43111e-9       #dY:34.2%  
  7.07            1.2433e-8       4.44395e-9       #dY:35.7%  
  7.14            1.19134e-8      4.25823e-9       #dY:35.7%  
  7.21            1.14149e-8      4.27516e-9       #dY:37.5%  
  7.28            1.09368e-8      4.0961e-9        #dY:37.5%  
  7.35            1.04782e-8      3.92435e-9       #dY:37.5%  
  7.42            1.00383e-8      3.91909e-9       #dY:39.0%  
  7.49            9.616508e-9     3.75442e-9       #dY:39.0%  
  7.56            9.212018e-9     3.5965e-9        #dY:39.0%  
  7.63            8.824149e-9     3.59533e-9       #dY:40.7%  
  7.7             8.452249e-9     3.4438e-9        #dY:40.7%  
  7.77            8.095679e-9     3.29852e-9       #dY:40.7%  
  7.84            7.753829e-9     3.29097e-9       #dY:42.4%  
  7.91            7.426099e-9     3.15187e-9       #dY:42.4%  
  7.98            7.111939e-9     3.01853e-9       #dY:42.4%  
  8.05            6.810799e-9     3.0063e-9        #dY:44.1%  
  8.12            6.522149e-9     2.87889e-9       #dY:44.1%  
  8.19            6.245489e-9     2.75677e-9       #dY:44.1%  
  8.26            5.980329e-9     2.74123e-9       #dY:45.8%  
  8.33            5.726219e-9     2.62475e-9       #dY:45.8%  
  8.4             5.482689e-9     2.51312e-9       #dY:45.8%  
  8.47            5.249339e-9     2.49497e-9       #dY:47.5%  
  8.54            5.025729e-9     2.38869e-9       #dY:47.5%  
  8.61            4.811469e-9     2.36822e-9       #dY:49.2%  
  8.68            4.606179e-9     2.26718e-9       #dY:49.2%  
  8.75            4.409499e-9     2.17037e-9       #dY:49.2%  
  8.82            4.221069e-9     2.14893e-9       #dY:50.9%  
  8.89            4.040549e-9     2.05702e-9       #dY:50.9%  
  8.96            3.867629e-9     1.96899e-9       #dY:50.9%  
  9.03            3.701979e-9     1.94707e-9       #dY:52.6%  
  9.1             3.543309e-9     1.86361e-9       #dY:52.6%  
  9.17            3.391329e-9     1.78368e-9       #dY:52.6%  
  9.24            3.245759e-9     1.76535e-9       #dY:54.4%  
  9.31            3.106349e-9     1.68953e-9       #dY:54.4%  
  9.38            2.97283e-9      1.61691e-9       #dY:54.4%  
  9.45            2.84496e-9      1.59513e-9       #dY:56.1%  
  9.52            2.7225e-9       1.52647e-9       #dY:56.1%  
  9.59            2.60524e-9      1.46072e-9       #dY:56.1%  
  9.66            2.49296e-9      1.43958e-9       #dY:57.7%  
  9.73            2.38544e-9      1.37749e-9       #dY:57.7%  
  9.8             2.28249e-9      1.31804e-9       #dY:57.7%  
  9.87            2.18392e-9      1.30008e-9       #dY:59.5%  
  9.94            2.08955e-9      1.2439e-9        #dY:59.5%  
  10.01           1.9992e-9       1.22347e-9       #dY:61.2%  
  10.08           1.91271e-9      1.17054e-9       #dY:61.2%  
  10.15           1.8299e-9       1.11986e-9       #dY:61.2%  
  10.22           1.75063e-9      1.10253e-9       #dY:63.0%  
  10.29           1.67475e-9      1.05474e-9       #dY:63.0%  
  10.36           1.60212e-9      1.009e-9         #dY:63.0%  
  10.43           1.53259e-9      9.92394e-10      #dY:64.8%  
  10.5            1.46605e-9      9.49307e-10      #dY:64.8%  
  10.57           1.40235e-9      9.0806e-10       #dY:64.8%  
  10.64           1.34139e-9      8.90828e-10      #dY:66.4%  
  10.71           1.28305e-9      8.52084e-10      #dY:66.4%  
  10.78           1.22721e-9      8.15e-10         #dY:66.4%  
  10.85           1.17377e-9      8.00231e-10      #dY:68.2%  
  10.92           1.12264e-9      7.65373e-10      #dY:68.2%  
  10.99           1.0737e-9       7.32008e-10      #dY:68.2%  
  11.06           1.02687e-9      7.18204e-10      #dY:69.9%  
  11.13           9.82061e-10     6.86864e-10      #dY:69.9%  
  11.2            9.39184e-10     6.56875e-10      #dY:69.9%  
  11.27           8.98158e-10     6.43957e-10      #dY:71.7%  
  11.34           8.58904e-10     6.15813e-10      #dY:71.7%  
  11.41           8.21346e-10     6.03302e-10      #dY:73.5%  
  11.48           7.85412e-10     5.76908e-10      #dY:73.5%  
  11.55           7.51033e-10     5.51655e-10      #dY:73.5%  
  11.62           7.18143e-10     5.4005e-10       #dY:75.2%  
  11.69           6.86678e-10     5.16388e-10      #dY:75.2%  
  11.76           6.56576e-10     4.93751e-10      #dY:75.2%  
  11.83           6.27781e-10     4.83047e-10      #dY:76.9%  
  11.9            6.00235e-10     4.61852e-10      #dY:76.9%  
  11.97           5.73885e-10     4.41577e-10      #dY:76.9%  
  12.04           5.4868e-10      4.3173e-10       #dY:78.7%  
  12.11           5.24571e-10     4.1276e-10       #dY:78.7%  
  12.18           5.0151e-10      3.94614e-10      #dY:78.7%  
  12.25           4.79454e-10     3.8557e-10       #dY:80.4%  
  12.32           4.58357e-10     3.68604e-10      #dY:80.4%  
  12.39           4.3818e-10      3.52378e-10      #dY:80.4%  
  12.46           4.18883e-10     3.44577e-10      #dY:82.3%  
  12.53           4.00427e-10     3.29395e-10      #dY:82.3%  
  12.6            3.82777e-10     3.14876e-10      #dY:82.3%  
  12.67           3.65897e-10     3.07296e-10      #dY:84.0%  
  12.74           3.49755e-10     2.93739e-10      #dY:84.0%  
  12.81           3.34319e-10     2.86528e-10      #dY:85.7%  
  12.88           3.19557e-10     2.73876e-10      #dY:85.7%  
  12.95           3.05441e-10     2.61778e-10      #dY:85.7%  
  13.02           2.91943e-10     2.55532e-10      #dY:87.5%  
  13.09           2.79037e-10     2.44235e-10      #dY:87.5%  
  13.16           2.66695e-10     2.33433e-10      #dY:87.5%  
  13.23           2.54895e-10     2.27455e-10      #dY:89.2%  
  13.3            2.43613e-10     2.17388e-10      #dY:89.2%  
  13.37           2.32825e-10     2.07761e-10      #dY:89.2%  
  13.44           2.22511e-10     2.02598e-10      #dY:91.1%  
  13.51           2.1265e-10      1.93619e-10      #dY:91.1%  
  13.58           2.03223e-10     1.85036e-10      #dY:91.1%  
  13.65           1.9421e-10      1.80123e-10      #dY:92.7%  
  13.72           1.85593e-10     1.72131e-10      #dY:92.7%  
  13.79           1.77355e-10     1.6449e-10       #dY:92.7%  
  13.86           1.69481e-10     1.60239e-10      #dY:94.5%  
  13.93           1.61952e-10     1.5312e-10       #dY:94.5%  
  14              1.54756e-10     1.46317e-10      #dY:94.5%  
  14.07           1.47877e-10     1.42301e-10      #dY:96.2%  
  14.14           1.41301e-10     1.35973e-10      #dY:96.2%  
  14.21           1.35015e-10     1.32344e-10      #dY:98.0%  
  14.28           1.29007e-10     1.26455e-10      #dY:98.0%  
  14.35           1.23264e-10     1.20825e-10      #dY:98.0%  
  14.42           1.17775e-10     1.17543e-10      #dY:99.8%  
  14.49           1.12528e-10     1.12306e-10      #dY:99.8%  
  14.56           1.07513e-10     1.07301e-10      #dY:99.8%  
  14.63           1.0272e-10      1.04342e-10      #dY:101.6% 
  14.7            9.81396e-11     9.96895e-11      #dY:101.6% 
  14.77           9.37615e-11     9.52423e-11      #dY:101.6% 
  14.84           8.95773e-11     9.2574e-11       #dY:103.3% 
  14.91           8.55784e-11     8.84414e-11      #dY:103.3% 
  14.98           8.17568e-11     8.44919e-11      #dY:103.3% 
  15.05           7.81046e-11     8.20955e-11      #dY:105.1% 
  15.12           7.46144e-11     7.8427e-11       #dY:105.1% 
  15.19           7.1279e-11      7.49212e-11      #dY:105.1% 
  15.26           6.80917e-11     7.26905e-11      #dY:106.8% 
  15.33           6.50459e-11     6.9439e-11       #dY:106.8% 
  15.4            6.21354e-11     6.63319e-11      #dY:106.8% 
  15.47           5.93542e-11     6.43989e-11      #dY:108.5% 
  15.54           5.66967e-11     6.15156e-11      #dY:108.5% 
  15.61           5.41573e-11     5.97641e-11      #dY:110.4% 
  15.68           5.17309e-11     5.70865e-11      #dY:110.4% 
  15.75           4.94125e-11     5.4528e-11       #dY:110.4% 
  15.82           4.71973e-11     5.27458e-11      #dY:111.8% 
  15.89           4.50808e-11     5.03805e-11      #dY:111.8% 
  15.96           4.30585e-11     4.81204e-11      #dY:111.8% 
  16.03           4.11264e-11     4.68071e-11      #dY:113.8% 
  16.1            3.92804e-11     4.47061e-11      #dY:113.8% 
  16.17           3.75167e-11     4.26988e-11      #dY:113.8% 
  16.24           3.58317e-11     4.15159e-11      #dY:115.9% 
  16.31           3.42219e-11     3.96507e-11      #dY:115.9% 
  16.38           3.26839e-11     3.78687e-11      #dY:115.9% 
  16.45           3.12147e-11     3.64598e-11      #dY:116.8% 
  16.52           2.98111e-11     3.48204e-11      #dY:116.8% 
  16.59           2.84702e-11     3.32542e-11      #dY:116.8% 
  16.66           2.71892e-11     3.23103e-11      #dY:118.8% 
  16.73           2.59655e-11     3.08561e-11      #dY:118.8% 
  16.8            2.47966e-11     2.9467e-11       #dY:118.8% 
  16.87           2.36799e-11     2.86196e-11      #dY:120.9% 
  16.94           2.26133e-11     2.73305e-11      #dY:120.9% 
  17.01           2.15944e-11     2.65339e-11      #dY:122.9% 
  17.08           2.06211e-11     2.5338e-11       #dY:122.9% 
  17.15           1.96915e-11     2.41958e-11      #dY:122.9% 
  17.22           1.88035e-11     2.32775e-11      #dY:123.8% 
  17.29           1.79553e-11     2.22275e-11      #dY:123.8% 
  17.36           1.71452e-11     2.12247e-11      #dY:123.8% 
  17.43           1.63714e-11     2.05933e-11      #dY:125.8% 
  17.5            1.56323e-11     1.96636e-11      #dY:125.8% 
  17.57           1.49264e-11     1.87756e-11      #dY:125.8% 
  17.64           1.42522e-11     1.82114e-11      #dY:127.8% 
  17.71           1.36083e-11     1.73886e-11      #dY:127.8% 
  17.78           1.29933e-11     1.66028e-11      #dY:127.8% 
  17.85           1.24059e-11     1.60979e-11      #dY:129.8% 
  17.92           1.18449e-11     1.53699e-11      #dY:129.8% 
  17.99           1.13092e-11     1.46748e-11      #dY:129.8% 
  18.06           1.07976e-11     1.41067e-11      #dY:130.6% 
  18.13           1.0309e-11      1.34684e-11      #dY:130.6% 
  18.2            9.84235e-12     1.28587e-11      #dY:130.6% 
  18.27           9.39674e-12     1.24606e-11      #dY:132.6% 
  18.34           8.97119e-12     1.18963e-11      #dY:132.6% 
  18.41           8.56481e-12     1.1525e-11       #dY:134.6% 
  18.48           8.17674e-12     1.10028e-11      #dY:134.6% 
  18.55           7.80617e-12     1.05041e-11      #dY:134.6% 
  18.62           7.4523e-12      1.01732e-11      #dY:136.5% 
  18.69           7.11438e-12     9.71192e-12      #dY:136.5% 
  18.76           6.79171e-12     9.27144e-12      #dY:136.5% 
  18.83           6.4836e-12      8.90636e-12      #dY:137.4% 
  18.9            6.1894e-12      8.50223e-12      #dY:137.4% 
  18.97           5.90847e-12     8.11632e-12      #dY:137.4% 
  19.04           5.64024e-12     7.85657e-12      #dY:139.3% 
  19.11           5.38412e-12     7.4998e-12       #dY:139.3% 
  19.18           5.13957e-12     7.15916e-12      #dY:139.3% 
  19.25           4.90607e-12     6.928e-12        #dY:141.2% 
  19.32           4.68313e-12     6.61318e-12      #dY:141.2% 
  19.39           4.47027e-12     6.31259e-12      #dY:141.2% 
  19.46           4.26703e-12     6.10695e-12      #dY:143.1% 
  19.53           4.07299e-12     5.82924e-12      #dY:143.1% 
  19.6            3.88773e-12     5.5641e-12       #dY:143.1% 
  19.67           3.71086e-12     5.38139e-12      #dY:145.0% 
  19.74           3.542e-12       5.13652e-12      #dY:145.0% 
  19.81           3.38078e-12     4.93037e-12      #dY:145.8% 
  19.88           3.22686e-12     4.7059e-12       #dY:145.8% 
  19.95           3.07992e-12     4.49161e-12      #dY:145.8% 
  20.15           0.00            0.00                        
//
#-------------------------------------------------------------------------------
#
#name:   JENDL-5: PU-239(N,F) E_in=8. MeV
#X.axis: Energy
#Y.axis: 
#wdata:  3
#ldata:  401
#data...
# X               Y               +-dY           
# MeV             1/eV            1/eV           
  0.00            0.00            0.00                        
  1.00e-11        1.79857e-12     0.00                        
  1.20e-11        1.97023e-12     0.00                        
  1.40e-11        2.1281e-12      0.00                        
  1.60e-11        2.27503e-12     0.00                        
  1.80e-11        2.41303e-12     0.00                        
  2.20e-11        2.66771e-12     0.00                        
  2.50e-11        2.84379e-12     0.00                        
  2.90e-11        3.06285e-12     0.00                        
  3.40e-11        3.3164e-12      3.37137e-13      #dY:10.2%  
  4.00e-11        3.59714e-12     3.65676e-13      #dY:10.2%  
  4.60e-11        3.8575e-12      3.92144e-13      #dY:10.2%  
  5.40e-11        4.1795e-12      4.24877e-13      #dY:10.2%  
  6.30e-11        4.51438e-12     4.5892e-13       #dY:10.2%  
  7.40e-11        4.89264e-12     4.97373e-13      #dY:10.2%  
  8.60e-11        5.27445e-12     5.36187e-13      #dY:10.2%  
  1.00e-10        5.68758e-12     6.7577e-13       #dY:11.9%  
  1.20e-10        6.23043e-12     7.40269e-13      #dY:11.9%  
  1.40e-10        6.72964e-12     7.99583e-13      #dY:11.9%  
  1.60e-10        7.19429e-12     8.5479e-13       #dY:11.9%  
  1.80e-10        7.6307e-12      9.06643e-13      #dY:11.9%  
  2.20e-10        8.43605e-12     1.00233e-12      #dY:11.9%  
  2.50e-10        8.99286e-12     1.06849e-12      #dY:11.9%  
  2.90e-10        9.68561e-12     1.1508e-12       #dY:11.9%  
  3.40e-10        1.04874e-11     1.23545e-12      #dY:11.8%  
  4.00e-10        1.13752e-11     1.34004e-12      #dY:11.8%  
  4.60e-10        1.21985e-11     1.43702e-12      #dY:11.8%  
  5.40e-10        1.32168e-11     1.55698e-12      #dY:11.8%  
  6.30e-10        1.42757e-11     1.68172e-12      #dY:11.8%  
  7.40e-10        1.54719e-11     1.82264e-12      #dY:11.8%  
  8.60e-10        1.66793e-11     1.96488e-12      #dY:11.8%  
  1.00e-9         1.79858e-11     2.11878e-12      #dY:11.8%  
  1.20e-9         1.97024e-11     2.34096e-12      #dY:11.9%  
  1.40e-9         2.12811e-11     2.52853e-12      #dY:11.9%  
  1.60e-9         2.27504e-11     2.70311e-12      #dY:11.9%  
  1.80e-9         2.41305e-11     2.86708e-12      #dY:11.9%  
  2.20e-9         2.66773e-11     3.16968e-12      #dY:11.9%  
  2.50e-9         2.84381e-11     3.37889e-12      #dY:11.9%  
  2.90e-9         3.06288e-11     3.63918e-12      #dY:11.9%  
  3.40e-9         3.31643e-11     3.90687e-12      #dY:11.8%  
  4.00e-9         3.59717e-11     4.23759e-12      #dY:11.8%  
  4.60e-9         3.85754e-11     4.54432e-12      #dY:11.8%  
  5.40e-9         4.17954e-11     4.92364e-12      #dY:11.8%  
  6.30e-9         4.51443e-11     5.31816e-12      #dY:11.8%  
  7.40e-9         4.8927e-11      5.76377e-12      #dY:11.8%  
  8.60e-9         5.27451e-11     6.21356e-12      #dY:11.8%  
  1.00e-8         5.68766e-11     6.75772e-12      #dY:11.9%  
  1.20e-8         6.23053e-11     7.40273e-12      #dY:11.9%  
  1.40e-8         6.72975e-11     7.99587e-12      #dY:11.9%  
  1.60e-8         7.19442e-11     8.54796e-12      #dY:11.9%  
  1.80e-8         7.63084e-11     9.06649e-12      #dY:11.9%  
  2.20e-8         8.43623e-11     1.00234e-11      #dY:11.9%  
  2.50e-8         8.99307e-11     1.0685e-11       #dY:11.9%  
  2.90e-8         9.68585e-11     1.15081e-11      #dY:11.9%  
  3.40e-8         1.04877e-10     1.23545e-11      #dY:11.8%  
  4.00e-8         1.13755e-10     1.34003e-11      #dY:11.8%  
  4.60e-8         1.21989e-10     1.43703e-11      #dY:11.8%  
  5.40e-8         1.32172e-10     1.55699e-11      #dY:11.8%  
  6.30e-8         1.42763e-10     1.68175e-11      #dY:11.8%  
  7.40e-8         1.54725e-10     1.82266e-11      #dY:11.8%  
  8.60e-8         1.668e-10       1.9649e-11       #dY:11.8%  
  1.00e-7         1.79866e-10     2.11882e-11      #dY:11.8%  
  1.20e-7         1.97034e-10     2.34083e-11      #dY:11.9%  
  1.40e-7         2.12822e-10     2.5284e-11       #dY:11.9%  
  1.60e-7         2.27517e-10     2.70298e-11      #dY:11.9%  
  1.80e-7         2.4132e-10      2.86696e-11      #dY:11.9%  
  2.20e-7         2.66791e-10     3.16957e-11      #dY:11.9%  
  2.50e-7         2.84401e-10     3.37878e-11      #dY:11.9%  
  2.90e-7         3.06311e-10     3.63908e-11      #dY:11.9%  
  3.40e-7         3.3167e-10      3.90678e-11      #dY:11.8%  
  4.00e-7         3.5975e-10      4.23754e-11      #dY:11.8%  
  4.60e-7         3.85795e-10     4.54433e-11      #dY:11.8%  
  5.40e-7         4.17999e-10     4.92366e-11      #dY:11.8%  
  6.30e-7         4.51495e-10     5.31822e-11      #dY:11.8%  
  7.40e-7         4.89331e-10     5.76389e-11      #dY:11.8%  
  8.60e-7         5.27523e-10     6.21376e-11      #dY:11.8%  
  1.00e-6         5.68849e-10     6.70054e-11      #dY:11.8%  
  1.20e-6         6.23153e-10     7.40237e-11      #dY:11.9%  
  1.40e-6         6.73092e-10     7.99559e-11      #dY:11.9%  
  1.60e-6         7.19575e-10     8.54776e-11      #dY:11.9%  
  1.80e-6         7.63234e-10     9.06638e-11      #dY:11.9%  
  2.20e-6         8.43808e-10     1.00235e-10      #dY:11.9%  
  2.50e-6         8.99517e-10     1.06853e-10      #dY:11.9%  
  2.90e-6         9.68829e-10     1.15086e-10      #dY:11.9%  
  3.40e-6         1.04905e-9      1.23526e-10      #dY:11.8%  
  4.00e-6         1.13789e-9      1.33987e-10      #dY:11.8%  
  4.60e-6         1.22028e-9      1.43689e-10      #dY:11.8%  
  5.40e-6         1.32218e-9      1.55688e-10      #dY:11.8%  
  6.30e-6         1.42817e-9      1.68168e-10      #dY:11.8%  
  7.40e-6         1.54794e-9      1.82271e-10      #dY:11.8%  
  8.60e-6         1.66874e-9      1.96495e-10      #dY:11.8%  
  1.00e-5         1.79953e-9      2.11896e-10      #dY:11.8%  
  1.20e-5         1.97139e-9      2.34041e-10      #dY:11.9%  
  1.40e-5         2.12945e-9      2.52805e-10      #dY:11.9%  
  1.60e-5         2.27658e-9      2.70272e-10      #dY:11.9%  
  1.80e-5         2.41478e-9      2.86679e-10      #dY:11.9%  
  2.20e-5         2.66986e-9      3.16962e-10      #dY:11.9%  
  2.50e-5         2.84624e-9      3.37901e-10      #dY:11.9%  
  2.90e-5         3.06572e-9      3.63958e-10      #dY:11.9%  
  3.40e-5         3.31977e-9      3.90495e-10      #dY:11.8%  
  4.00e-5         3.60113e-9      4.23591e-10      #dY:11.8%  
  4.60e-5         3.86212e-9      4.5429e-10       #dY:11.8%  
  5.40e-5         4.18495e-9      4.92264e-10      #dY:11.8%  
  6.30e-5         4.52077e-9      5.31765e-10      #dY:11.8%  
  7.40e-5         4.90019e-9      5.76396e-10      #dY:11.8%  
  8.60e-5         5.28327e-9      6.21456e-10      #dY:11.8%  
  1.00e-4         5.69791e-9      6.70229e-10      #dY:11.8%  
  1.20e-4         6.24291e-9      7.39877e-10      #dY:11.9%  
  1.40e-4         6.74429e-9      7.99298e-10      #dY:11.9%  
  1.60e-4         7.21112e-9      8.54624e-10      #dY:11.9%  
  1.80e-4         7.64973e-9      9.06606e-10      #dY:11.9%  
  2.20e-4         8.45951e-9      1.00258e-9       #dY:11.9%  
  2.50e-4         9.01966e-9      1.06896e-9       #dY:11.9%  
  2.90e-4         9.71689e-9      1.15159e-9       #dY:11.9%  
  3.40e-4         1.05243e-8      1.22622e-9       #dY:11.7%  
  4.00e-4         1.14189e-8      1.33046e-9       #dY:11.7%  
  4.60e-4         1.22491e-8      1.42718e-9       #dY:11.7%  
  5.40e-4         1.32765e-8      1.54689e-9       #dY:11.7%  
  6.30e-4         1.43458e-8      1.67148e-9       #dY:11.7%  
  7.40e-4         1.55547e-8      1.81233e-9       #dY:11.7%  
  8.60e-4         1.6776e-8       1.95463e-9       #dY:11.7%  
  1.00e-3         1.80987e-8      2.10874e-9       #dY:11.7%  
  1.20e-3         1.98387e-8      2.30778e-9       #dY:11.6%  
  1.40e-3         2.14407e-8      2.49414e-9       #dY:11.6%  
  1.60e-3         2.29335e-8      2.66779e-9       #dY:11.6%  
  1.80e-3         2.43369e-8      2.83104e-9       #dY:11.6%  
  2.20e-3         2.69304e-8      3.13274e-9       #dY:11.6%  
  2.50e-3         2.87262e-8      3.34164e-9       #dY:11.6%  
  2.90e-3         3.09633e-8      3.60187e-9       #dY:11.6%  
  3.40e-3         3.35565e-8      3.82134e-9       #dY:11.4%  
  4.00e-3         3.64327e-8      4.14887e-9       #dY:11.4%  
  4.60e-3         3.91046e-8      4.45314e-9       #dY:11.4%  
  5.40e-3         4.24147e-8      4.83009e-9       #dY:11.4%  
  6.30e-3         4.58635e-8      5.22283e-9       #dY:11.4%  
  7.40e-3         4.97665e-8      5.6673e-9        #dY:11.4%  
  8.60e-3         5.37135e-8      6.11677e-9       #dY:11.4%  
  0.01            5.79922e-8      6.60402e-9       #dY:11.4%  
  0.012           6.36257e-8      7.08733e-9       #dY:11.1%  
  0.014           6.88163e-8      7.66552e-9       #dY:11.1%  
  0.016           7.36553e-8      8.20454e-9       #dY:11.1%  
  0.018           7.8206e-8       8.71144e-9       #dY:11.1%  
  0.022           8.66161e-8      9.64825e-9       #dY:11.1%  
  0.025           9.24378e-8      1.02967e-8       #dY:11.1%  
  0.029           9.96862e-8      1.11041e-8       #dY:11.1%  
  0.034           1.08079e-7      1.14201e-8       #dY:10.6%  
  0.04            1.17371e-7      1.24019e-8       #dY:10.6%  
  0.046           1.25983e-7      1.33119e-8       #dY:10.6%  
  0.054           1.36617e-7      1.44355e-8       #dY:10.6%  
  0.063           1.4765e-7       1.56013e-8       #dY:10.6%  
  0.074           1.60067e-7      1.69133e-8       #dY:10.6%  
  0.08            1.66428e-7      1.75855e-8       #dY:10.6%  
  0.16            2.33851e-7      2.33621e-8       #dY:10.0%  
  0.24            2.75374e-7      2.89659e-8       #dY:10.5%  
  0.32            3.06835e-7      3.22752e-8       #dY:10.5%  
  0.4             3.2686e-7       3.43816e-8       #dY:10.5%  
  0.48            3.42021e-7      3.36615e-8       #dY:9.8%   
  0.56            3.50152e-7      3.44617e-8       #dY:9.8%   
  0.64            3.5539e-7       3.40319e-8       #dY:9.6%   
  0.72            3.563e-7        3.4119e-8        #dY:9.6%   
  0.8             3.55344e-7      3.40275e-8       #dY:9.6%   
  0.88            3.51797e-7      3.13275e-8       #dY:8.9%   
  0.96            3.4699e-7       3.08994e-8       #dY:8.9%   
  1.04            3.40758e-7      2.77386e-8       #dY:8.1%   
  1.12            3.33651e-7      2.71601e-8       #dY:8.1%   
  1.2             3.25879e-7      2.65274e-8       #dY:8.1%   
  1.28            3.17547e-7      2.31303e-8       #dY:7.3%   
  1.36            3.08621e-7      2.24801e-8       #dY:7.3%   
  1.44            2.99366e-7      1.8894e-8        #dY:6.3%   
  1.52            2.90119e-7      1.83104e-8       #dY:6.3%   
  1.6             2.80704e-7      1.77162e-8       #dY:6.3%   
  1.68            2.71318e-7      1.42275e-8       #dY:5.2%   
  1.76            2.61877e-7      1.37324e-8       #dY:5.2%   
  1.84            2.5258e-7       1.04066e-8       #dY:4.1%   
  1.92            2.43309e-7      1.00246e-8       #dY:4.1%   
  2               2.3419e-7       9.64889e-9       #dY:4.1%   
  2.08            2.25153e-7      6.70441e-9       #dY:3.0%   
  2.16            2.15881e-7      6.42831e-9       #dY:3.0%   
  2.24            2.06729e-7      3.91367e-9       #dY:1.9%   
  2.32            1.96788e-7      3.72547e-9       #dY:1.9%   
  2.4             1.86994e-7      3.54006e-9       #dY:1.9%   
  2.48            1.77214e-7      2.17819e-9       #dY:1.2%   
  2.56            1.67596e-7      2.05997e-9       #dY:1.2%   
  2.64            1.59176e-7      2.77865e-9       #dY:1.7%   
  2.72            1.50928e-7      2.63467e-9       #dY:1.7%   
  2.8             1.44049e-7      2.51459e-9       #dY:1.7%   
  2.88            1.37345e-7      4.10065e-9       #dY:3.0%   
  2.96            1.31503e-7      3.92623e-9       #dY:3.0%   
  3.04            1.25837e-7      5.57509e-9       #dY:4.4%   
  3.12            1.20608e-7      5.34343e-9       #dY:4.4%   
  3.2             1.15551e-7      5.11938e-9       #dY:4.4%   
  3.28            1.10747e-7      6.54452e-9       #dY:5.9%   
  3.36            1.0611e-7       6.2705e-9        #dY:5.9%   
  3.44            1.01662e-7      7.51609e-9       #dY:7.4%   
  3.52            9.73741e-8      7.19908e-9       #dY:7.4%   
  3.6             9.32509e-8      6.89424e-9       #dY:7.4%   
  3.68            8.92815e-8      7.93991e-9       #dY:8.9%   
  3.76            8.54639e-8      7.60041e-9       #dY:8.9%   
  3.84            8.17922e-8      8.51803e-9       #dY:10.4%  
  3.92            7.8263e-8       8.15049e-9       #dY:10.4%  
  4               7.48715e-8      7.79729e-9       #dY:10.4%  
  4.08            7.16139e-8      8.51298e-9       #dY:11.9%  
  4.16            6.84857e-8      8.14112e-9       #dY:11.9%  
  4.24            6.54831e-8      8.83835e-9       #dY:13.5%  
  4.32            6.26017e-8      8.44945e-9       #dY:13.5%  
  4.4             5.98376e-8      8.07637e-9       #dY:13.5%  
  4.48            5.71869e-8      8.57251e-9       #dY:15.0%  
  4.56            5.46454e-8      8.19153e-9       #dY:15.0%  
  4.64            5.22095e-8      8.66576e-9       #dY:16.6%  
  4.72            4.98753e-8      8.27833e-9       #dY:16.6%  
  4.8             4.76391e-8      7.90716e-9       #dY:16.6%  
  4.88            4.54973e-8      8.28157e-9       #dY:18.2%  
  4.96            4.34464e-8      7.90826e-9       #dY:18.2%  
  5.04            4.14829e-8      8.16782e-9       #dY:19.7%  
  5.12            3.96035e-8      7.79778e-9       #dY:19.7%  
  5.2             3.78049e-8      7.44364e-9       #dY:19.7%  
  5.28            3.6084e-8       7.68239e-9       #dY:21.3%  
  5.36            3.44378e-8      7.33191e-9       #dY:21.3%  
  5.44            3.28633e-8      7.52151e-9       #dY:22.9%  
  5.52            3.13575e-8      7.17688e-9       #dY:22.9%  
  5.6             2.99178e-8      6.84737e-9       #dY:22.9%  
  5.68            2.85415e-8      6.98751e-9       #dY:24.5%  
  5.76            2.72259e-8      6.66542e-9       #dY:24.5%  
  5.84            2.59686e-8      6.77105e-9       #dY:26.1%  
  5.92            2.47672e-8      6.4578e-9        #dY:26.1%  
  6               2.36193e-8      6.1585e-9        #dY:26.1%  
  6.08            2.25227e-8      6.23022e-9       #dY:27.7%  
  6.16            2.14753e-8      5.94048e-9       #dY:27.7%  
  6.24            2.04749e-8      5.9884e-9        #dY:29.2%  
  6.32            1.95196e-8      5.709e-9         #dY:29.2%  
  6.4             1.86074e-8      5.4422e-9        #dY:29.2%  
  6.48            1.77365e-8      5.48835e-9       #dY:30.9%  
  6.56            1.69052e-8      5.23111e-9       #dY:30.9%  
  6.64            1.61116e-8      5.23973e-9       #dY:32.5%  
  6.72            1.53542e-8      4.99341e-9       #dY:32.5%  
  6.8             1.46314e-8      4.75835e-9       #dY:32.5%  
  6.88            1.39417e-8      4.76958e-9       #dY:34.2%  
  6.96            1.32837e-8      4.54447e-9       #dY:34.2%  
  7.04            1.26558e-8      4.52812e-9       #dY:35.8%  
  7.12            1.20569e-8      4.31384e-9       #dY:35.8%  
  7.2             1.14856e-8      4.10944e-9       #dY:35.8%  
  7.28            1.09407e-8      4.09867e-9       #dY:37.5%  
  7.36            1.04211e-8      3.90401e-9       #dY:37.5%  
  7.44            9.9255e-9       3.87323e-9       #dY:39.0%  
  7.52            9.45296e-9      3.68883e-9       #dY:39.0%  
  7.6             9.0024e-9       3.51301e-9       #dY:39.0%  
  7.68            8.57284e-9      3.48866e-9       #dY:40.7%  
  7.76            8.16332e-9      3.32201e-9       #dY:40.7%  
  7.84            7.77296e-9      3.29259e-9       #dY:42.4%  
  7.92            7.40087e-9      3.13497e-9       #dY:42.4%  
  8               7.04622e-9      2.98474e-9       #dY:42.4%  
  8.08            6.70823e-9      2.95295e-9       #dY:44.0%  
  8.16            6.38612e-9      2.81116e-9       #dY:44.0%  
  8.24            6.07919e-9      2.77683e-9       #dY:45.7%  
  8.32            5.78672e-9      2.64323e-9       #dY:45.7%  
  8.4             5.50806e-9      2.51595e-9       #dY:45.7%  
  8.48            5.24258e-9      2.48117e-9       #dY:47.3%  
  8.56            4.98965e-9      2.36146e-9       #dY:47.3%  
  8.64            4.74872e-9      2.32559e-9       #dY:49.0%  
  8.72            4.51921e-9      2.21319e-9       #dY:49.0%  
  8.8             4.30061e-9      2.10614e-9       #dY:49.0%  
  8.88            4.0924e-9       2.07131e-9       #dY:50.6%  
  8.96            3.8941e-9       1.97094e-9       #dY:50.6%  
  9.04            3.70525e-9      1.93592e-9       #dY:52.2%  
  9.12            3.52542e-9      1.84196e-9       #dY:52.2%  
  9.2             3.35417e-9      1.75249e-9       #dY:52.2%  
  9.28            3.19112e-9      1.7228e-9        #dY:54.0%  
  9.36            3.03586e-9      1.63898e-9       #dY:54.0%  
  9.44            2.88805e-9      1.60603e-9       #dY:55.6%  
  9.52            2.74733e-9      1.52777e-9       #dY:55.6%  
  9.6             2.61336e-9      1.45327e-9       #dY:55.6%  
  9.68            2.48583e-9      1.42255e-9       #dY:57.2%  
  9.76            2.36444e-9      1.35308e-9       #dY:57.2%  
  9.84            2.24889e-9      1.32564e-9       #dY:58.9%  
  9.92            2.1389e-9       1.26081e-9       #dY:58.9%  
  10              2.03423e-9      1.19911e-9       #dY:58.9%  
  10.08           1.93461e-9      1.17138e-9       #dY:60.5%  
  10.16           1.8398e-9       1.11397e-9       #dY:60.5%  
  10.24           1.74957e-9      1.08926e-9       #dY:62.3%  
  10.32           1.66372e-9      1.03581e-9       #dY:62.3%  
  10.4            1.58202e-9      9.84943e-10      #dY:62.3%  
  10.48           1.50429e-9      9.62116e-10      #dY:64.0%  
  10.56           1.43032e-9      9.14806e-10      #dY:64.0%  
  10.64           1.35995e-9      8.91319e-10      #dY:65.5%  
  10.72           1.293e-9        8.4744e-10       #dY:65.5%  
  10.8            1.22931e-9      8.05697e-10      #dY:65.5%  
  10.88           1.16872e-9      7.85681e-10      #dY:67.2%  
  10.96           1.11107e-9      7.46926e-10      #dY:67.2%  
  11.04           1.05624e-9      7.27826e-10      #dY:68.9%  
  11.12           1.00409e-9      6.9189e-10       #dY:68.9%  
  11.2            9.54477e-10     6.57704e-10      #dY:68.9%  
  11.28           9.07291e-10     6.40339e-10      #dY:70.6%  
  11.36           8.62413e-10     6.08665e-10      #dY:70.6%  
  11.44           8.1973e-10      5.9219e-10       #dY:72.2%  
  11.52           7.79137e-10     5.62865e-10      #dY:72.2%  
  11.6            7.40533e-10     5.34977e-10      #dY:72.2%  
  11.68           7.03821e-10     5.20096e-10      #dY:73.9%  
  11.76           6.68911e-10     4.94299e-10      #dY:73.9%  
  11.84           6.35715e-10     4.8024e-10       #dY:75.5%  
  11.92           6.04149e-10     4.56394e-10      #dY:75.5%  
  12              5.74135e-10     4.3372e-10       #dY:75.5%  
  12.08           5.45598e-10     4.21108e-10      #dY:77.2%  
  12.16           5.18465e-10     4.00166e-10      #dY:77.2%  
  12.24           4.92668e-10     3.88285e-10      #dY:78.8%  
  12.32           4.68143e-10     3.68956e-10      #dY:78.8%  
  12.4            4.44827e-10     3.5058e-10       #dY:78.8%  
  12.48           4.22661e-10     3.40435e-10      #dY:80.5%  
  12.56           4.0159e-10      3.23463e-10      #dY:80.5%  
  12.64           3.81559e-10     3.13484e-10      #dY:82.2%  
  12.72           3.62518e-10     2.9784e-10       #dY:82.2%  
  12.8            3.4442e-10      2.82971e-10      #dY:82.2%  
  12.88           3.27216e-10     2.74093e-10      #dY:83.8%  
  12.96           3.10865e-10     2.60397e-10      #dY:83.8%  
  13.04           2.95323e-10     2.52406e-10      #dY:85.5%  
  13.12           2.80552e-10     2.39782e-10      #dY:85.5%  
  13.2            2.66513e-10     2.27783e-10      #dY:85.5%  
  13.28           2.53171e-10     2.20394e-10      #dY:87.1%  
  13.36           2.40491e-10     2.09355e-10      #dY:87.1%  
  13.44           2.28441e-10     2.02723e-10      #dY:88.7%  
  13.52           2.16989e-10     1.9256e-10       #dY:88.7%  
  13.6            2.06107e-10     1.82903e-10      #dY:88.7%  
  13.68           1.95767e-10     1.76796e-10      #dY:90.3%  
  13.76           1.85941e-10     1.67923e-10      #dY:90.3%  
  13.84           1.76604e-10     1.62433e-10      #dY:92.0%  
  13.92           1.67733e-10     1.54274e-10      #dY:92.0%  
  14              1.59303e-10     1.46521e-10      #dY:92.0%  
  14.08           1.51294e-10     1.41497e-10      #dY:93.5%  
  14.16           1.43685e-10     1.3438e-10       #dY:93.5%  
  14.24           1.36456e-10     1.29872e-10      #dY:95.2%  
  14.32           1.29587e-10     1.23334e-10      #dY:95.2%  
  14.4            1.23062e-10     1.17124e-10      #dY:95.2%  
  14.48           1.16862e-10     1.13134e-10      #dY:96.8%  
  14.56           1.10973e-10     1.07433e-10      #dY:96.8%  
  14.64           1.05379e-10     1.03732e-10      #dY:98.4%  
  14.72           1.00064e-10     9.85e-11         #dY:98.4%  
  14.8            9.50158e-11     9.35307e-11      #dY:98.4%  
  14.88           9.02203e-11     9.02656e-11      #dY:100.1% 
  14.96           8.56651e-11     8.57081e-11      #dY:100.1% 
  15.04           8.13384e-11     8.26873e-11      #dY:101.7% 
  15.12           7.72286e-11     7.85093e-11      #dY:101.7% 
  15.2            7.33251e-11     7.45411e-11      #dY:101.7% 
  15.28           6.96176e-11     7.18081e-11      #dY:103.1% 
  15.36           6.60963e-11     6.8176e-11       #dY:103.1% 
  15.44           6.27519e-11     6.57194e-11      #dY:104.7% 
  15.52           5.95756e-11     6.23929e-11      #dY:104.7% 
  15.6            5.6559e-11      5.92337e-11      #dY:104.7% 
  15.68           5.36942e-11     5.71364e-11      #dY:106.4% 
  15.76           5.09736e-11     5.42414e-11      #dY:106.4% 
  15.84           4.83899e-11     5.20939e-11      #dY:107.7% 
  15.92           4.59364e-11     4.94526e-11      #dY:107.7% 
  16              4.36065e-11     4.69444e-11      #dY:107.7% 
  16.08           4.1394e-11      4.53364e-11      #dY:109.5% 
  16.16           3.92931e-11     4.30354e-11      #dY:109.5% 
  16.24           3.72981e-11     4.15439e-11      #dY:111.4% 
  16.32           3.54039e-11     3.94341e-11      #dY:111.4% 
  16.4            3.36052e-11     3.74307e-11      #dY:111.4% 
  16.48           3.18974e-11     3.57798e-11      #dY:112.2% 
  16.56           3.02759e-11     3.3961e-11       #dY:112.2% 
  16.64           2.87363e-11     3.27608e-11      #dY:114.0% 
  16.72           2.72745e-11     3.10943e-11      #dY:114.0% 
  16.8            2.58867e-11     2.95121e-11      #dY:114.0% 
  16.88           2.4569e-11      2.84577e-11      #dY:115.8% 
  16.96           2.33181e-11     2.70088e-11      #dY:115.8% 
  17.04           2.21305e-11     2.6033e-11       #dY:117.6% 
  17.12           2.1003e-11      2.47067e-11      #dY:117.6% 
  17.2            1.99326e-11     2.34476e-11      #dY:117.6% 
  17.28           1.89165e-11     2.2395e-11       #dY:118.4% 
  17.36           1.79519e-11     2.1253e-11       #dY:118.4% 
  17.44           1.70362e-11     2.04722e-11      #dY:120.2% 
  17.52           1.6167e-11      1.94277e-11      #dY:120.2% 
  17.6            1.53419e-11     1.84362e-11      #dY:120.2% 
  17.68           1.45587e-11     1.7753e-11       #dY:121.9% 
  17.76           1.38152e-11     1.68464e-11      #dY:121.9% 
  17.84           1.31095e-11     1.62162e-11      #dY:123.7% 
  17.92           1.24397e-11     1.53877e-11      #dY:123.7% 
  18              1.18039e-11     1.46012e-11      #dY:123.7% 
  18.08           1.12004e-11     1.39343e-11      #dY:124.4% 
  18.16           1.06276e-11     1.32217e-11      #dY:124.4% 
  18.24           1.0084e-11      1.27198e-11      #dY:126.1% 
  18.32           9.56803e-12     1.2069e-11       #dY:126.1% 
  18.4            9.07833e-12     1.14513e-11      #dY:126.1% 
  18.48           8.61356e-12     1.10133e-11      #dY:127.9% 
  18.56           8.17247e-12     1.04493e-11      #dY:127.9% 
  18.64           7.75386e-12     1.00466e-11      #dY:129.6% 
  18.72           7.35658e-12     9.53184e-12      #dY:129.6% 
  18.8            6.97956e-12     9.04334e-12      #dY:129.6% 
  18.88           6.62177e-12     8.62403e-12      #dY:130.2% 
  18.96           6.28223e-12     8.18182e-12      #dY:130.2% 
  19.04           5.96001e-12     7.86235e-12      #dY:131.9% 
  19.12           5.65425e-12     7.459e-12        #dY:131.9% 
  19.2            5.36409e-12     7.07622e-12      #dY:131.9% 
  19.28           5.08876e-12     6.79787e-12      #dY:133.6% 
  19.36           4.82749e-12     6.44885e-12      #dY:133.6% 
  19.44           4.57957e-12     6.19334e-12      #dY:135.2% 
  19.52           4.34433e-12     5.8752e-12       #dY:135.2% 
  19.6            4.12111e-12     5.57332e-12      #dY:135.2% 
  19.68           3.90931e-12     5.35098e-12      #dY:136.9% 
  19.76           3.70835e-12     5.07591e-12      #dY:136.9% 
  19.84           3.51767e-12     4.83659e-12      #dY:137.5% 
  19.92           3.33675e-12     4.58784e-12      #dY:137.5% 
  20              3.16509e-12     4.35182e-12      #dY:137.5% 
  20.2            0.00            0.00                        
//
#-------------------------------------------------------------------------------
#
#name:   JENDL-5: PU-239(N,F) E_in=9. MeV
#X.axis: Energy
#Y.axis: 
#wdata:  3
#ldata:  374
#data...
# X               Y               +-dY           
# MeV             1/eV            1/eV           
  0.00            0.00            0.00                        
  1.00e-11        1.77081e-12     0.00                        
  1.20e-11        1.93983e-12     0.00                        
  1.40e-11        2.09525e-12     0.00                        
  1.60e-11        2.23992e-12     0.00                        
  1.80e-11        2.3758e-12      0.00                        
  2.20e-11        2.62654e-12     0.00                        
  2.50e-11        2.7999e-12      0.00                        
  2.90e-11        3.01559e-12     0.00                        
  3.40e-11        3.26522e-12     3.37137e-13      #dY:10.3%  
  4.00e-11        3.54163e-12     3.65676e-13      #dY:10.3%  
  4.60e-11        3.79797e-12     3.92144e-13      #dY:10.3%  
  5.40e-11        4.115e-12       4.24877e-13      #dY:10.3%  
  6.30e-11        4.44471e-12     4.5892e-13       #dY:10.3%  
  7.40e-11        4.81714e-12     4.97374e-13      #dY:10.3%  
  8.60e-11        5.19305e-12     5.36187e-13      #dY:10.3%  
  1.00e-10        5.59981e-12     6.75771e-13      #dY:12.1%  
  1.20e-10        6.13428e-12     7.40269e-13      #dY:12.1%  
  1.40e-10        6.62578e-12     7.99582e-13      #dY:12.1%  
  1.60e-10        7.08326e-12     8.5479e-13       #dY:12.1%  
  1.80e-10        7.51293e-12     9.06641e-13      #dY:12.1%  
  2.20e-10        8.30586e-12     1.00233e-12      #dY:12.1%  
  2.50e-10        8.85408e-12     1.06849e-12      #dY:12.1%  
  2.90e-10        9.53613e-12     1.1508e-12       #dY:12.1%  
  3.40e-10        1.03255e-11     1.23544e-12      #dY:12.0%  
  4.00e-10        1.11996e-11     1.34003e-12      #dY:12.0%  
  4.60e-10        1.20103e-11     1.43703e-12      #dY:12.0%  
  5.40e-10        1.30128e-11     1.55698e-12      #dY:12.0%  
  6.30e-10        1.40554e-11     1.68173e-12      #dY:12.0%  
  7.40e-10        1.52331e-11     1.82264e-12      #dY:12.0%  
  8.60e-10        1.64219e-11     1.96488e-12      #dY:12.0%  
  1.00e-9         1.77082e-11     2.11878e-12      #dY:12.0%  
  1.20e-9         1.93983e-11     2.34095e-12      #dY:12.1%  
  1.40e-9         2.09526e-11     2.52852e-12      #dY:12.1%  
  1.60e-9         2.23993e-11     2.70311e-12      #dY:12.1%  
  1.80e-9         2.3758e-11      2.86707e-12      #dY:12.1%  
  2.20e-9         2.62655e-11     3.16967e-12      #dY:12.1%  
  2.50e-9         2.79991e-11     3.37888e-12      #dY:12.1%  
  2.90e-9         3.0156e-11      3.63917e-12      #dY:12.1%  
  3.40e-9         3.26524e-11     3.90687e-12      #dY:12.0%  
  4.00e-9         3.54165e-11     4.2376e-12       #dY:12.0%  
  4.60e-9         3.79799e-11     4.54431e-12      #dY:12.0%  
  5.40e-9         4.11503e-11     4.92365e-12      #dY:12.0%  
  6.30e-9         4.44474e-11     5.31815e-12      #dY:12.0%  
  7.40e-9         4.81717e-11     5.76376e-12      #dY:12.0%  
  8.60e-9         5.19309e-11     6.21355e-12      #dY:12.0%  
  1.00e-8         5.59986e-11     6.75772e-12      #dY:12.1%  
  1.20e-8         6.13434e-11     7.40271e-12      #dY:12.1%  
  1.40e-8         6.62585e-11     7.99585e-12      #dY:12.1%  
  1.60e-8         7.08334e-11     8.54793e-12      #dY:12.1%  
  1.80e-8         7.51302e-11     9.06646e-12      #dY:12.1%  
  2.20e-8         8.30597e-11     1.00234e-11      #dY:12.1%  
  2.50e-8         8.8542e-11      1.06849e-11      #dY:12.1%  
  2.90e-8         9.53631e-11     1.15081e-11      #dY:12.1%  
  3.40e-8         1.03257e-10     1.23544e-11      #dY:12.0%  
  4.00e-8         1.11998e-10     1.34003e-11      #dY:12.0%  
  4.60e-8         1.20105e-10     1.43703e-11      #dY:12.0%  
  5.40e-8         1.30131e-10     1.55698e-11      #dY:12.0%  
  6.30e-8         1.40557e-10     1.68173e-11      #dY:12.0%  
  7.40e-8         1.52335e-10     1.82265e-11      #dY:12.0%  
  8.60e-8         1.64223e-10     1.96489e-11      #dY:12.0%  
  1.00e-7         1.77087e-10     2.1188e-11       #dY:12.0%  
  1.20e-7         1.93989e-10     2.34082e-11      #dY:12.1%  
  1.40e-7         2.09533e-10     2.52838e-11      #dY:12.1%  
  1.60e-7         2.24001e-10     2.70296e-11      #dY:12.1%  
  1.80e-7         2.37589e-10     2.86693e-11      #dY:12.1%  
  2.20e-7         2.62666e-10     3.16952e-11      #dY:12.1%  
  2.50e-7         2.80004e-10     3.37874e-11      #dY:12.1%  
  2.90e-7         3.01575e-10     3.63903e-11      #dY:12.1%  
  3.40e-7         3.26541e-10     3.90676e-11      #dY:12.0%  
  4.00e-7         3.54185e-10     4.2375e-11       #dY:12.0%  
  4.60e-7         3.79823e-10     4.54423e-11      #dY:12.0%  
  5.40e-7         4.1153e-10      4.92358e-11      #dY:12.0%  
  6.30e-7         4.44506e-10     5.3181e-11       #dY:12.0%  
  7.40e-7         4.81755e-10     5.76375e-11      #dY:12.0%  
  8.60e-7         5.19353e-10     6.21358e-11      #dY:12.0%  
  1.00e-6         5.60037e-10     6.70033e-11      #dY:12.0%  
  1.20e-6         6.13496e-10     7.40225e-11      #dY:12.1%  
  1.40e-6         6.62657e-10     7.99542e-11      #dY:12.1%  
  1.60e-6         7.08417e-10     8.54754e-11      #dY:12.1%  
  1.80e-6         7.51396e-10     9.06611e-11      #dY:12.1%  
  2.20e-6         8.30712e-10     1.00231e-10      #dY:12.1%  
  2.50e-6         8.85551e-10     1.06848e-10      #dY:12.1%  
  2.90e-6         9.5378e-10      1.1508e-10       #dY:12.1%  
  3.40e-6         1.03275e-9      1.23524e-10      #dY:12.0%  
  4.00e-6         1.1202e-9       1.33984e-10      #dY:12.0%  
  4.60e-6         1.20129e-9      1.43683e-10      #dY:12.0%  
  5.40e-6         1.3016e-9       1.5568e-10       #dY:12.0%  
  6.30e-6         1.40591e-9      1.68157e-10      #dY:12.0%  
  7.40e-6         1.52375e-9      1.82251e-10      #dY:12.0%  
  8.60e-6         1.6427e-9       1.96478e-10      #dY:12.0%  
  1.00e-5         1.77142e-9      2.11874e-10      #dY:12.0%  
  1.20e-5         1.94056e-9      2.34029e-10      #dY:12.1%  
  1.40e-5         2.09611e-9      2.52789e-10      #dY:12.1%  
  1.60e-5         2.24091e-9      2.70251e-10      #dY:12.1%  
  1.80e-5         2.37691e-9      2.86653e-10      #dY:12.1%  
  2.20e-5         2.62792e-9      3.16924e-10      #dY:12.1%  
  2.50e-5         2.80148e-9      3.37856e-10      #dY:12.1%  
  2.90e-5         3.01743e-9      3.63899e-10      #dY:12.1%  
  3.40e-5         3.26739e-9      3.90467e-10      #dY:12.0%  
  4.00e-5         3.54421e-9      4.23548e-10      #dY:12.0%  
  4.60e-5         3.80096e-9      4.54231e-10      #dY:12.0%  
  5.40e-5         4.11854e-9      4.92183e-10      #dY:12.0%  
  6.30e-5         4.44887e-9      5.31659e-10      #dY:12.0%  
  7.40e-5         4.82207e-9      5.76258e-10      #dY:12.0%  
  8.60e-5         5.19884e-9      6.21283e-10      #dY:12.0%  
  1.00e-4         5.6066e-9       6.70012e-10      #dY:12.0%  
  1.20e-4         6.14252e-9      7.39756e-10      #dY:12.0%  
  1.40e-4         6.63548e-9      7.99124e-10      #dY:12.0%  
  1.60e-4         7.09443e-9      8.54397e-10      #dY:12.0%  
  1.80e-4         7.52559e-9      9.06322e-10      #dY:12.0%  
  2.20e-4         8.32152e-9      1.00218e-9       #dY:12.0%  
  2.50e-4         8.87201e-9      1.06847e-9       #dY:12.0%  
  2.90e-4         9.55712e-9      1.15098e-9       #dY:12.0%  
  3.40e-4         1.03504e-8      1.22595e-9       #dY:11.8%  
  4.00e-4         1.12291e-8      1.33002e-9       #dY:11.8%  
  4.60e-4         1.20445e-8      1.4266e-9        #dY:11.8%  
  5.40e-4         1.30533e-8      1.54609e-9       #dY:11.8%  
  6.30e-4         1.41031e-8      1.67043e-9       #dY:11.8%  
  7.40e-4         1.52896e-8      1.81097e-9       #dY:11.8%  
  8.60e-4         1.64879e-8      1.9529e-9        #dY:11.8%  
  1.00e-3         1.77855e-8      2.10659e-9       #dY:11.8%  
  1.20e-3         1.94919e-8      2.30659e-9       #dY:11.8%  
  1.40e-3         2.10623e-8      2.49243e-9       #dY:11.8%  
  1.60e-3         2.25253e-8      2.66555e-9       #dY:11.8%  
  1.80e-3         2.39002e-8      2.82825e-9       #dY:11.8%  
  2.20e-3         2.64401e-8      3.12881e-9       #dY:11.8%  
  2.50e-3         2.81979e-8      3.33682e-9       #dY:11.8%  
  2.90e-3         3.03869e-8      3.59586e-9       #dY:11.8%  
  3.40e-3         3.2923e-8       3.81861e-9       #dY:11.6%  
  4.00e-3         3.57344e-8      4.1447e-9        #dY:11.6%  
  4.60e-3         3.83447e-8      4.44745e-9       #dY:11.6%  
  5.40e-3         4.15763e-8      4.82228e-9       #dY:11.6%  
  6.30e-3         4.49412e-8      5.21256e-9       #dY:11.6%  
  7.40e-3         4.87465e-8      5.65392e-9       #dY:11.6%  
  8.60e-3         5.25916e-8      6.0999e-9        #dY:11.6%  
  0.01            5.67565e-8      6.58297e-9       #dY:11.6%  
  0.012           6.22347e-8      7.07586e-9       #dY:11.4%  
  0.014           6.7277e-8       7.64915e-9       #dY:11.4%  
  0.016           7.19729e-8      8.18306e-9       #dY:11.4%  
  0.018           7.63851e-8      8.68471e-9       #dY:11.4%  
  0.022           8.45288e-8      9.61062e-9       #dY:11.4%  
  0.025           9.01581e-8      1.02506e-8       #dY:11.4%  
  0.029           9.71579e-8      1.10465e-8       #dY:11.4%  
  0.034           1.0525e-7       1.13947e-8       #dY:10.8%  
  0.04            1.14194e-7      1.23631e-8       #dY:10.8%  
  0.046           1.22467e-7      1.32587e-8       #dY:10.8%  
  0.054           1.32664e-7      1.43627e-8       #dY:10.8%  
  0.063           1.43219e-7      1.55054e-8       #dY:10.8%  
  0.074           1.55068e-7      1.67882e-8       #dY:10.8%  
  0.086           1.66936e-7      1.80731e-8       #dY:10.8%  
  0.09            1.70684e-7      1.84789e-8       #dY:10.8%  
  0.18            2.37388e-7      2.44117e-8       #dY:10.3%  
  0.27            2.77151e-7      3.02777e-8       #dY:10.9%  
  0.36            3.06245e-7      3.34561e-8       #dY:10.9%  
  0.45            3.2407e-7       3.3158e-8        #dY:10.2%  
  0.54            3.36775e-7      3.44579e-8       #dY:10.2%  
  0.63            3.42747e-7      3.40545e-8       #dY:9.9%   
  0.72            3.45757e-7      3.43535e-8       #dY:9.9%   
  0.81            3.44732e-7      3.16957e-8       #dY:9.2%   
  0.9             3.41842e-7      3.143e-8         #dY:9.2%   
  0.99            3.37053e-7      3.09897e-8       #dY:9.2%   
  1.08            3.3104e-7       2.76554e-8       #dY:8.4%   
  1.17            3.23529e-7      2.7028e-8        #dY:8.4%   
  1.26            3.15246e-7      2.33929e-8       #dY:7.4%   
  1.35            3.06278e-7      2.27274e-8       #dY:7.4%   
  1.44            2.96879e-7      1.8979e-8        #dY:6.4%   
  1.53            2.87066e-7      1.83517e-8       #dY:6.4%   
  1.62            2.77047e-7      1.46334e-8       #dY:5.3%   
  1.71            2.66836e-7      1.4094e-8        #dY:5.3%   
  1.8             2.56572e-7      1.35519e-8       #dY:5.3%   
  1.89            2.46204e-7      1.01816e-8       #dY:4.1%   
  1.98            2.35887e-7      9.75498e-9       #dY:4.1%   
  2.07            2.25862e-7      6.7416e-9        #dY:3.0%   
  2.16            2.15957e-7      6.44596e-9       #dY:3.0%   
  2.25            2.06588e-7      3.9144e-9        #dY:1.9%   
  2.34            1.97385e-7      3.74002e-9       #dY:1.9%   
  2.43            1.88521e-7      2.29121e-9       #dY:1.2%   
  2.52            1.7985e-7       2.18583e-9       #dY:1.2%   
  2.61            1.71719e-7      2.88264e-9       #dY:1.7%   
  2.7             1.63798e-7      2.74967e-9       #dY:1.7%   
  2.79            1.563e-7        2.6238e-9        #dY:1.7%   
  2.88            1.49019e-7      4.16028e-9       #dY:2.8%   
  2.97            1.42055e-7      3.96586e-9       #dY:2.8%   
  3.06            1.35307e-7      5.5287e-9        #dY:4.1%   
  3.15            1.28569e-7      5.25338e-9       #dY:4.1%   
  3.24            1.22044e-7      6.64766e-9       #dY:5.4%   
  3.33            1.15283e-7      6.27939e-9       #dY:5.4%   
  3.42            1.08728e-7      7.49667e-9       #dY:6.9%   
  3.51            1.02373e-7      7.0585e-9        #dY:6.9%   
  3.6             9.62151e-8      6.63392e-9       #dY:6.9%   
  3.69            9.08469e-8      7.71572e-9       #dY:8.5%   
  3.78            8.56641e-8      7.27554e-9       #dY:8.5%   
  3.87            8.12328e-8      8.27654e-9       #dY:10.2%  
  3.96            7.69759e-8      7.84282e-9       #dY:10.2%  
  4.05            7.31556e-8      8.62252e-9       #dY:11.8%  
  4.14            6.94985e-8      8.19148e-9       #dY:11.8%  
  4.23            6.60846e-8      8.8825e-9        #dY:13.4%  
  4.32            6.28225e-8      8.44403e-9       #dY:13.4%  
  4.41            5.97299e-8      8.92136e-9       #dY:14.9%  
  4.5             5.67779e-8      8.48044e-9       #dY:14.9%  
  4.59            5.39672e-8      8.06063e-9       #dY:14.9%  
  4.68            5.12863e-8      8.47668e-9       #dY:16.5%  
  4.77            4.87317e-8      8.05445e-9       #dY:16.5%  
  4.86            4.62967e-8      8.38381e-9       #dY:18.1%  
  4.95            4.39768e-8      7.9637e-9        #dY:18.1%  
  5.04            4.17668e-8      8.1733e-9        #dY:19.6%  
  5.13            3.96621e-8      7.76143e-9       #dY:19.6%  
  5.22            3.76581e-8      7.96027e-9       #dY:21.1%  
  5.31            3.57505e-8      7.55704e-9       #dY:21.1%  
  5.4             3.3935e-8       7.17327e-9       #dY:21.1%  
  5.49            3.22076e-8      7.31136e-9       #dY:22.7%  
  5.58            3.05642e-8      6.9383e-9        #dY:22.7%  
  5.67            2.90013e-8      7.03489e-9       #dY:24.3%  
  5.76            2.7515e-8       6.67436e-9       #dY:24.3%  
  5.85            2.61019e-8      6.73615e-9       #dY:25.8%  
  5.94            2.47587e-8      6.38951e-9       #dY:25.8%  
  6.03            2.34821e-8      6.42233e-9       #dY:27.3%  
  6.12            2.22689e-8      6.09052e-9       #dY:27.3%  
  6.21            2.11163e-8      6.09991e-9       #dY:28.9%  
  6.3             2.00214e-8      5.78362e-9       #dY:28.9%  
  6.39            1.89814e-8      5.48319e-9       #dY:28.9%  
  6.48            1.79938e-8      5.49359e-9       #dY:30.5%  
  6.57            1.70559e-8      5.20724e-9       #dY:30.5%  
  6.66            1.61655e-8      5.18136e-9       #dY:32.1%  
  6.75            1.53203e-8      4.91045e-9       #dY:32.1%  
  6.84            1.4518e-8       4.88968e-9       #dY:33.7%  
  6.93            1.37566e-8      4.63324e-9       #dY:33.7%  
  7.02            1.3034e-8       4.58611e-9       #dY:35.2%  
  7.11            1.23485e-8      4.34491e-9       #dY:35.2%  
  7.2             1.1698e-8       4.11603e-9       #dY:35.2%  
  7.29            1.1081e-8       4.07799e-9       #dY:36.8%  
  7.38            1.04958e-8      3.86263e-9       #dY:36.8%  
  7.47            9.94074e-9      3.80654e-9       #dY:38.3%  
  7.56            9.41436e-9      3.60498e-9       #dY:38.3%  
  7.65            8.91524e-9      3.55606e-9       #dY:39.9%  
  7.74            8.442e-9        3.36729e-9       #dY:39.9%  
  7.83            7.99335e-9      3.31508e-9       #dY:41.5%  
  7.92            7.56804e-9      3.13869e-9       #dY:41.5%  
  8.01            7.1649e-9       3.08454e-9       #dY:43.1%  
  8.1             6.78281e-9      2.92005e-9       #dY:43.1%  
  8.19            6.4207e-9       2.76416e-9       #dY:43.1%  
  8.28            6.07754e-9      2.71194e-9       #dY:44.6%  
  8.37            5.75239e-9      2.56685e-9       #dY:44.6%  
  8.46            5.44431e-9      2.51421e-9       #dY:46.2%  
  8.55            5.15243e-9      2.37942e-9       #dY:46.2%  
  8.64            4.87592e-9      2.32734e-9       #dY:47.7%  
  8.73            4.614e-9        2.20232e-9       #dY:47.7%  
  8.82            4.36591e-9      2.15126e-9       #dY:49.3%  
  8.91            4.13093e-9      2.03547e-9       #dY:49.3%  
  9               3.90839e-9      1.92582e-9       #dY:49.3%  
  9.09            3.69765e-9      1.87868e-9       #dY:50.8%  
  9.18            3.4981e-9       1.7773e-9        #dY:50.8%  
  9.27            3.30914e-9      1.73524e-9       #dY:52.4%  
  9.36            3.13024e-9      1.64143e-9       #dY:52.4%  
  9.45            2.96087e-9      1.59737e-9       #dY:53.9%  
  9.54            2.80052e-9      1.51086e-9       #dY:53.9%  
  9.63            2.64873e-9      1.46879e-9       #dY:55.5%  
  9.72            2.50506e-9      1.38912e-9       #dY:55.5%  
  9.81            2.36906e-9      1.35162e-9       #dY:57.1%  
  9.9             2.24035e-9      1.27818e-9       #dY:57.1%  
  9.99            2.11854e-9      1.20869e-9       #dY:57.1%  
  10.08           2.00326e-9      1.17261e-9       #dY:58.5%  
  10.17           1.89417e-9      1.10875e-9       #dY:58.5%  
  10.26           1.79095e-9      1.07664e-9       #dY:60.1%  
  10.35           1.69328e-9      1.01792e-9       #dY:60.1%  
  10.44           1.60087e-9      9.87446e-10      #dY:61.7%  
  10.53           1.51344e-9      9.33517e-10      #dY:61.7%  
  10.62           1.43073e-9      9.03251e-10      #dY:63.1%  
  10.71           1.35248e-9      8.5385e-10       #dY:63.1%  
  10.8            1.27847e-9      8.07126e-10      #dY:63.1%  
  10.89           1.20845e-9      7.81606e-10      #dY:64.7%  
  10.98           1.14223e-9      7.38776e-10      #dY:64.7%  
  11.07           1.0796e-9       7.14864e-10      #dY:66.2%  
  11.16           1.02036e-9      6.75638e-10      #dY:66.2%  
  11.25           9.64334e-10     6.532e-10        #dY:67.7%  
  11.34           9.11353e-10     6.17313e-10      #dY:67.7%  
  11.43           8.61252e-10     5.96407e-10      #dY:69.2%  
  11.52           8.13876e-10     5.636e-10        #dY:69.2%  
  11.61           7.69079e-10     5.44108e-10      #dY:70.7%  
  11.7            7.26723e-10     5.14142e-10      #dY:70.7%  
  11.79           6.86675e-10     4.85809e-10      #dY:70.7%  
  11.88           6.48813e-10     4.68681e-10      #dY:72.2%  
  11.97           6.13018e-10     4.42824e-10      #dY:72.2%  
  12.06           5.79178e-10     4.2692e-10       #dY:73.7%  
  12.15           5.47188e-10     4.0334e-10       #dY:73.7%  
  12.24           5.16949e-10     3.88606e-10      #dY:75.2%  
  12.33           4.88365e-10     3.67119e-10      #dY:75.2%  
  12.42           4.61347e-10     3.53992e-10      #dY:76.7%  
  12.51           4.35809e-10     3.34396e-10      #dY:76.7%  
  12.6            4.11673e-10     3.15877e-10      #dY:76.7%  
  12.69           3.88862e-10     3.03972e-10      #dY:78.2%  
  12.78           3.67303e-10     2.87119e-10      #dY:78.2%  
  12.87           3.46929e-10     2.76146e-10      #dY:79.6%  
  12.96           3.27676e-10     2.60821e-10      #dY:79.6%  
  13.05           3.09482e-10     2.51021e-10      #dY:81.1%  
  13.14           2.9229e-10      2.37077e-10      #dY:81.1%  
  13.23           2.76044e-10     2.27761e-10      #dY:82.5%  
  13.32           2.60695e-10     2.15097e-10      #dY:82.5%  
  13.41           2.46191e-10     2.06807e-10      #dY:84.0%  
  13.5            2.32489e-10     1.95297e-10      #dY:84.0%  
  13.59           2.19543e-10     1.84422e-10      #dY:84.0%  
  13.68           2.07312e-10     1.76999e-10      #dY:85.4%  
  13.77           1.95757e-10     1.67134e-10      #dY:85.4%  
  13.86           1.84841e-10     1.60514e-10      #dY:86.8%  
  13.95           1.74529e-10     1.5156e-10       #dY:86.8%  
  14.04           1.64788e-10     1.45319e-10      #dY:88.2%  
  14.13           1.55587e-10     1.37205e-10      #dY:88.2%  
  14.22           1.46896e-10     1.31656e-10      #dY:89.6%  
  14.31           1.38687e-10     1.24298e-10      #dY:89.6%  
  14.4            1.30933e-10     1.17349e-10      #dY:89.6%  
  14.49           1.23609e-10     1.12543e-10      #dY:91.0%  
  14.58           1.16693e-10     1.06246e-10      #dY:91.0%  
  14.67           1.1016e-10      1.01849e-10      #dY:92.5%  
  14.76           1.03991e-10     9.61457e-11      #dY:92.5%  
  14.85           9.8165e-11      9.21232e-11      #dY:93.8%  
  14.94           9.26631e-11     8.69599e-11      #dY:93.8%  
  15.03           8.74674e-11     8.32924e-11      #dY:95.2%  
  15.12           8.25612e-11     7.86204e-11      #dY:95.2%  
  15.21           7.79283e-11     7.51957e-11      #dY:96.5%  
  15.3            7.35537e-11     7.09745e-11      #dY:96.5%  
  15.39           6.9423e-11      6.69886e-11      #dY:96.5%  
  15.48           6.55229e-11     6.41108e-11      #dY:97.8%  
  15.57           6.18404e-11     6.05076e-11      #dY:97.8%  
  15.66           5.83637e-11     5.7944e-11       #dY:99.3%  
  15.75           5.50811e-11     5.4685e-11       #dY:99.3%  
  15.84           5.19821e-11     5.21405e-11      #dY:100.3% 
  15.93           4.90563e-11     4.92058e-11      #dY:100.3% 
  16.02           4.62942e-11     4.71781e-11      #dY:101.9% 
  16.11           4.36867e-11     4.45208e-11      #dY:101.9% 
  16.2            4.12252e-11     4.20123e-11      #dY:101.9% 
  16.29           3.89015e-11     4.02635e-11      #dY:103.5% 
  16.38           3.67081e-11     3.79933e-11      #dY:103.5% 
  16.47           3.46376e-11     3.60548e-11      #dY:104.1% 
  16.56           3.26832e-11     3.40204e-11      #dY:104.1% 
  16.65           3.08385e-11     3.25796e-11      #dY:105.6% 
  16.74           2.90973e-11     3.07401e-11      #dY:105.6% 
  16.83           2.74538e-11     2.94271e-11      #dY:107.2% 
  16.92           2.59027e-11     2.77645e-11      #dY:107.2% 
  17.01           2.44387e-11     2.65675e-11      #dY:108.7% 
  17.1            2.3057e-11      2.50655e-11      #dY:108.7% 
  17.19           2.1753e-11      2.36479e-11      #dY:108.7% 
  17.28           2.05224e-11     2.24226e-11      #dY:109.3% 
  17.37           1.9361e-11      2.11537e-11      #dY:109.3% 
  17.46           1.82649e-11     2.02275e-11      #dY:110.7% 
  17.55           1.72306e-11     1.90821e-11      #dY:110.7% 
  17.64           1.62546e-11     1.82412e-11      #dY:112.2% 
  17.73           1.53336e-11     1.72076e-11      #dY:112.2% 
  17.82           1.44645e-11     1.64433e-11      #dY:113.7% 
  17.91           1.36443e-11     1.55109e-11      #dY:113.7% 
  18              1.28705e-11     1.46312e-11      #dY:113.7% 
  18.09           1.21403e-11     1.38613e-11      #dY:114.2% 
  18.18           1.14514e-11     1.30748e-11      #dY:114.2% 
  18.27           1.08013e-11     1.24863e-11      #dY:115.6% 
  18.36           1.0188e-11      1.17773e-11      #dY:115.6% 
  18.45           9.60933e-12     1.12439e-11      #dY:117.0% 
  18.54           9.06337e-12     1.06051e-11      #dY:117.0% 
  18.63           8.54828e-12     1.01217e-11      #dY:118.4% 
  18.72           8.06232e-12     9.54625e-12      #dY:118.4% 
  18.81           7.60386e-12     9.03715e-12      #dY:118.8% 
  18.9            7.17135e-12     8.52311e-12      #dY:118.8% 
  18.99           6.76332e-12     8.03817e-12      #dY:118.8% 
  19.08           6.37841e-12     7.66775e-12      #dY:120.2% 
  19.17           6.0153e-12      7.23124e-12      #dY:120.2% 
  19.26           5.67276e-12     6.89564e-12      #dY:121.6% 
  19.35           5.34964e-12     6.50287e-12      #dY:121.6% 
  19.44           5.04485e-12     6.19925e-12      #dY:122.9% 
  19.53           4.75734e-12     5.84595e-12      #dY:122.9% 
  19.62           4.48615e-12     5.57155e-12      #dY:124.2% 
  19.71           4.23035e-12     5.25386e-12      #dY:124.2% 
  19.8            3.98907e-12     4.9542e-12       #dY:124.2% 
  19.89           3.76149e-12     4.68591e-12      #dY:124.6% 
  19.98           3.54684e-12     4.41851e-12      #dY:124.6% 
  20.18           0.00            0.00                        
//
#-------------------------------------------------------------------------------
#
#name:   JENDL-5: PU-239(N,F) E_in=10. MeV
#X.axis: Energy
#Y.axis: 
#wdata:  3
#ldata:  450
#data...
# X               Y               +-dY           
# MeV             1/eV            1/eV           
  0.00            0.00            0.00                        
  1.00e-11        1.7496e-12      0.00                        
  1.20e-11        1.91659e-12     0.00                        
  1.40e-11        2.07015e-12     0.00                        
  1.60e-11        2.21309e-12     0.00                        
  1.80e-11        2.34733e-12     0.00                        
  2.20e-11        2.59507e-12     0.00                        
  2.50e-11        2.76636e-12     0.00                        
  2.90e-11        2.97946e-12     0.00                        
  3.40e-11        3.2261e-12      3.37136e-13      #dY:10.5%  
  4.00e-11        3.4992e-12      3.65676e-13      #dY:10.5%  
  4.60e-11        3.75247e-12     3.92144e-13      #dY:10.5%  
  5.40e-11        4.0657e-12      4.24877e-13      #dY:10.5%  
  6.30e-11        4.39146e-12     4.5892e-13       #dY:10.5%  
  7.40e-11        4.75942e-12     4.97373e-13      #dY:10.5%  
  8.60e-11        5.13083e-12     5.36186e-13      #dY:10.5%  
  1.00e-10        5.53271e-12     6.7577e-13       #dY:12.2%  
  1.20e-10        6.06079e-12     7.4027e-13       #dY:12.2%  
  1.40e-10        6.5464e-12      7.99583e-13      #dY:12.2%  
  1.60e-10        6.99839e-12     8.54789e-13      #dY:12.2%  
  1.80e-10        7.42292e-12     9.06642e-13      #dY:12.2%  
  2.20e-10        8.20634e-12     1.00233e-12      #dY:12.2%  
  2.50e-10        8.74799e-12     1.06849e-12      #dY:12.2%  
  2.90e-10        9.42188e-12     1.1508e-12       #dY:12.2%  
  3.40e-10        1.02018e-11     1.23545e-12      #dY:12.1%  
  4.00e-10        1.10654e-11     1.34003e-12      #dY:12.1%  
  4.60e-10        1.18664e-11     1.43703e-12      #dY:12.1%  
  5.40e-10        1.28569e-11     1.55698e-12      #dY:12.1%  
  6.30e-10        1.3887e-11      1.68173e-12      #dY:12.1%  
  7.40e-10        1.50506e-11     1.82264e-12      #dY:12.1%  
  8.60e-10        1.62251e-11     1.96487e-12      #dY:12.1%  
  1.00e-9         1.7496e-11      2.11878e-12      #dY:12.1%  
  1.20e-9         1.91659e-11     2.34096e-12      #dY:12.2%  
  1.40e-9         2.07015e-11     2.52852e-12      #dY:12.2%  
  1.60e-9         2.21309e-11     2.70311e-12      #dY:12.2%  
  1.80e-9         2.34734e-11     2.86708e-12      #dY:12.2%  
  2.20e-9         2.59508e-11     3.16968e-12      #dY:12.2%  
  2.50e-9         2.76636e-11     3.37888e-12      #dY:12.2%  
  2.90e-9         2.97946e-11     3.63916e-12      #dY:12.2%  
  3.40e-9         3.22611e-11     3.90687e-12      #dY:12.1%  
  4.00e-9         3.4992e-11      4.23758e-12      #dY:12.1%  
  4.60e-9         3.75248e-11     4.54431e-12      #dY:12.1%  
  5.40e-9         4.06571e-11     4.92364e-12      #dY:12.1%  
  6.30e-9         4.39147e-11     5.31814e-12      #dY:12.1%  
  7.40e-9         4.75944e-11     5.76375e-12      #dY:12.1%  
  8.60e-9         5.13085e-11     6.21354e-12      #dY:12.1%  
  1.00e-8         5.53274e-11     6.75771e-12      #dY:12.2%  
  1.20e-8         6.06081e-11     7.4027e-12       #dY:12.2%  
  1.40e-8         6.54643e-11     7.99584e-12      #dY:12.2%  
  1.60e-8         6.99843e-11     8.54791e-12      #dY:12.2%  
  1.80e-8         7.42296e-11     9.06644e-12      #dY:12.2%  
  2.20e-8         8.20639e-11     1.00233e-11      #dY:12.2%  
  2.50e-8         8.74805e-11     1.06849e-11      #dY:12.2%  
  2.90e-8         9.42194e-11     1.1508e-11       #dY:12.2%  
  3.40e-8         1.02019e-10     1.23544e-11      #dY:12.1%  
  4.00e-8         1.10655e-10     1.34002e-11      #dY:12.1%  
  4.60e-8         1.18665e-10     1.43702e-11      #dY:12.1%  
  5.40e-8         1.2857e-10      1.55697e-11      #dY:12.1%  
  6.30e-8         1.38872e-10     1.68173e-11      #dY:12.1%  
  7.40e-8         1.50508e-10     1.82264e-11      #dY:12.1%  
  8.60e-8         1.62253e-10     1.96487e-11      #dY:12.1%  
  1.00e-7         1.74962e-10     2.11878e-11      #dY:12.1%  
  1.20e-7         1.91662e-10     2.34081e-11      #dY:12.2%  
  1.40e-7         2.07019e-10     2.52837e-11      #dY:12.2%  
  1.60e-7         2.21313e-10     2.70295e-11      #dY:12.2%  
  1.80e-7         2.34738e-10     2.86691e-11      #dY:12.2%  
  2.20e-7         2.59513e-10     3.16949e-11      #dY:12.2%  
  2.50e-7         2.76642e-10     3.37869e-11      #dY:12.2%  
  2.90e-7         2.97953e-10     3.63897e-11      #dY:12.2%  
  3.40e-7         3.22619e-10     3.90674e-11      #dY:12.1%  
  4.00e-7         3.4993e-10      4.23746e-11      #dY:12.1%  
  4.60e-7         3.75259e-10     4.54418e-11      #dY:12.1%  
  5.40e-7         4.06584e-10     4.92351e-11      #dY:12.1%  
  6.30e-7         4.39163e-10     5.31802e-11      #dY:12.1%  
  7.40e-7         4.75962e-10     5.76363e-11      #dY:12.1%  
  8.60e-7         5.13106e-10     6.21343e-11      #dY:12.1%  
  1.00e-6         5.53299e-10     6.70014e-11      #dY:12.1%  
  1.20e-6         6.06112e-10     7.40215e-11      #dY:12.2%  
  1.40e-6         6.54679e-10     7.99528e-11      #dY:12.2%  
  1.60e-6         6.99884e-10     8.54735e-11      #dY:12.2%  
  1.80e-6         7.42342e-10     9.06587e-11      #dY:12.2%  
  2.20e-6         8.20697e-10     1.00228e-10      #dY:12.2%  
  2.50e-6         8.74871e-10     1.06844e-10      #dY:12.2%  
  2.90e-6         9.42271e-10     1.15075e-10      #dY:12.2%  
  3.40e-6         1.02028e-9      1.23522e-10      #dY:12.1%  
  4.00e-6         1.10666e-9      1.33979e-10      #dY:12.1%  
  4.60e-6         1.18677e-9      1.43678e-10      #dY:12.1%  
  5.40e-6         1.28585e-9      1.55673e-10      #dY:12.1%  
  6.30e-6         1.38889e-9      1.68148e-10      #dY:12.1%  
  7.40e-6         1.50529e-9      1.8224e-10       #dY:12.1%  
  8.60e-6         1.62278e-9      1.96464e-10      #dY:12.1%  
  1.00e-5         1.74991e-9      2.11855e-10      #dY:12.1%  
  1.20e-5         1.91697e-9      2.34019e-10      #dY:12.2%  
  1.40e-5         2.0706e-9       2.52774e-10      #dY:12.2%  
  1.60e-5         2.21361e-9      2.70232e-10      #dY:12.2%  
  1.80e-5         2.34793e-9      2.86629e-10      #dY:12.2%  
  2.20e-5         2.59581e-9      3.1689e-10       #dY:12.2%  
  2.50e-5         2.7672e-9       3.37813e-10      #dY:12.2%  
  2.90e-5         2.98045e-9      3.63846e-10      #dY:12.2%  
  3.40e-5         3.22728e-9      3.90443e-10      #dY:12.1%  
  4.00e-5         3.50061e-9      4.23511e-10      #dY:12.1%  
  4.60e-5         3.75412e-9      4.54182e-10      #dY:12.1%  
  5.40e-5         4.06766e-9      4.92114e-10      #dY:12.1%  
  6.30e-5         4.39378e-9      5.31569e-10      #dY:12.1%  
  7.40e-5         4.7622e-9       5.76141e-10      #dY:12.1%  
  8.60e-5         5.13411e-9      6.21136e-10      #dY:12.1%  
  1.00e-4         5.53658e-9      6.69828e-10      #dY:12.1%  
  1.20e-4         6.06552e-9      7.39653e-10      #dY:12.2%  
  1.40e-4         6.552e-9        7.98976e-10      #dY:12.2%  
  1.60e-4         7.00489e-9      8.54203e-10      #dY:12.2%  
  1.80e-4         7.43031e-9      9.06081e-10      #dY:12.2%  
  2.20e-4         8.215559e-9     1.00184e-9       #dY:12.2%  
  2.50e-4         8.758599e-9     1.06806e-9       #dY:12.2%  
  2.90e-4         9.434359e-9     1.15046e-9       #dY:12.2%  
  3.40e-4         1.02167e-8      1.22571e-9       #dY:12.0%  
  4.00e-4         1.10832e-8      1.32966e-9       #dY:12.0%  
  4.60e-4         1.1887e-8       1.4261e-9        #dY:12.0%  
  5.40e-4         1.28815e-8      1.54541e-9       #dY:12.0%  
  6.30e-4         1.39161e-8      1.66953e-9       #dY:12.0%  
  7.40e-4         1.50853e-8      1.8098e-9        #dY:12.0%  
  8.60e-4         1.62659e-8      1.95144e-9       #dY:12.0%  
  1.00e-3         1.75439e-8      2.10476e-9       #dY:12.0%  
  1.20e-3         1.92241e-8      2.30557e-9       #dY:12.0%  
  1.40e-3         2.077e-8        2.49097e-9       #dY:12.0%  
  1.60e-3         2.22097e-8      2.66363e-9       #dY:12.0%  
  1.80e-3         2.35624e-8      2.82586e-9       #dY:12.0%  
  2.20e-3         2.60604e-8      3.12545e-9       #dY:12.0%  
  2.50e-3         2.77886e-8      3.33272e-9       #dY:12.0%  
  2.90e-3         2.99398e-8      3.59071e-9       #dY:12.0%  
  3.40e-3         3.24313e-8      3.81629e-9       #dY:11.8%  
  4.00e-3         3.51918e-8      4.14113e-9       #dY:11.8%  
  4.60e-3         3.77535e-8      4.44257e-9       #dY:11.8%  
  5.40e-3         4.09235e-8      4.81559e-9       #dY:11.8%  
  6.30e-3         4.42222e-8      5.20376e-9       #dY:11.8%  
  7.40e-3         4.79503e-8      5.64246e-9       #dY:11.8%  
  8.60e-3         5.17148e-8      6.08544e-9       #dY:11.8%  
  0.01            5.57896e-8      6.56493e-9       #dY:11.8%  
  0.012           6.11446e-8      7.06599e-9       #dY:11.6%  
  0.014           6.60689e-8      7.63505e-9       #dY:11.6%  
  0.016           7.06511e-8      8.16458e-9       #dY:11.6%  
  0.018           7.49528e-8      8.66169e-9       #dY:11.6%  
  0.022           8.288379e-8     9.57821e-9       #dY:11.6%  
  0.025           8.835929e-8     1.0211e-8        #dY:11.6%  
  0.029           9.515999e-8     1.09969e-8       #dY:11.6%  
  0.034           1.03011e-7      1.13728e-8       #dY:11.0%  
  0.04            1.11675e-7      1.23293e-8       #dY:11.0%  
  0.046           1.19676e-7      1.32127e-8       #dY:11.0%  
  0.054           1.2952e-7       1.42995e-8       #dY:11.0%  
  0.063           1.39689e-7      1.54222e-8       #dY:11.0%  
  0.0666667       1.43601e-7      1.58541e-8       #dY:11.0%  
  0.133333        1.99957e-7      2.12196e-8       #dY:10.6%  
  0.2             2.40362e-7      2.55074e-8       #dY:10.6%  
  0.266667        2.67439e-7      3.00321e-8       #dY:11.2%  
  0.333333        2.88714e-7      3.24212e-8       #dY:11.2%  
  0.4             3.05749e-7      3.43341e-8       #dY:11.2%  
  0.466667        3.17005e-7      3.34317e-8       #dY:10.5%  
  0.533333        3.25644e-7      3.43428e-8       #dY:10.5%  
  0.6             3.32168e-7      3.50308e-8       #dY:10.5%  
  0.666667        3.35173e-7      3.42955e-8       #dY:10.2%  
  0.733333        3.36727e-7      3.44545e-8       #dY:10.2%  
  0.8             3.37059e-7      3.44885e-8       #dY:10.2%  
  0.866667        3.35622e-7      3.16668e-8       #dY:9.4%   
  0.933333        3.33303e-7      3.1448e-8        #dY:9.4%   
  1               3.30228e-7      3.11578e-8       #dY:9.4%   
  1.06667         3.25966e-7      2.78114e-8       #dY:8.5%   
  1.13333         3.21143e-7      2.73999e-8       #dY:8.5%   
  1.2             3.15852e-7      2.69485e-8       #dY:8.5%   
  1.26667         3.09965e-7      2.34066e-8       #dY:7.6%   
  1.33333         3.03767e-7      2.29386e-8       #dY:7.6%   
  1.4             2.97318e-7      2.24516e-8       #dY:7.6%   
  1.46667         2.90547e-7      1.884e-8         #dY:6.5%   
  1.53333         2.83624e-7      1.83911e-8       #dY:6.5%   
  1.6             2.76588e-7      1.79348e-8       #dY:6.5%   
  1.66667         2.69423e-7      1.43918e-8       #dY:5.3%   
  1.73333         2.62209e-7      1.40064e-8       #dY:5.3%   
  1.8             2.54972e-7      1.36198e-8       #dY:5.3%   
  1.86667         2.47757e-7      1.03288e-8       #dY:4.2%   
  1.93333         2.4056e-7       1.00288e-8       #dY:4.2%   
  2               2.33399e-7      9.73026e-9       #dY:4.2%   
  2.06667         2.26357e-7      6.78142e-9       #dY:3.0%   
  2.13333         2.19376e-7      6.57227e-9       #dY:3.0%   
  2.2             2.12469e-7      6.36535e-9       #dY:3.0%   
  2.26667         2.05792e-7      3.89427e-9       #dY:1.9%   
  2.33333         1.99205e-7      3.76962e-9       #dY:1.9%   
  2.4             1.92714e-7      3.64679e-9       #dY:1.9%   
  2.46667         1.86466e-7      2.25495e-9       #dY:1.2%   
  2.53333         1.80324e-7      2.18067e-9       #dY:1.2%   
  2.6             1.7429e-7       2.1077e-9        #dY:1.2%   
  2.66667         1.68469e-7      2.80414e-9       #dY:1.7%   
  2.73333         1.62761e-7      2.70913e-9       #dY:1.7%   
  2.8             1.57168e-7      2.61603e-9       #dY:1.7%   
  2.86667         1.51789e-7      4.1932e-9        #dY:2.8%   
  2.93333         1.46527e-7      4.04783e-9       #dY:2.8%   
  3               1.41381e-7      3.90567e-9       #dY:2.8%   
  3.06667         1.36473e-7      5.51416e-9       #dY:4.0%   
  3.13333         1.31681e-7      5.32054e-9       #dY:4.0%   
  3.2             1.27003e-7      5.13153e-9       #dY:4.0%   
  3.26667         1.22576e-7      6.58766e-9       #dY:5.4%   
  3.33333         1.18262e-7      6.35581e-9       #dY:5.4%   
  3.4             1.14057e-7      6.12982e-9       #dY:5.4%   
  3.46667         1.10082e-7      7.40718e-9       #dY:6.7%   
  3.53333         1.06213e-7      7.14685e-9       #dY:6.7%   
  3.6             1.0245e-7       6.89364e-9       #dY:6.7%   
  3.66667         9.888909e-8     8.00614e-9       #dY:8.1%   
  3.73333         9.542929e-8     7.72603e-9       #dY:8.1%   
  3.8             9.206839e-8     7.45393e-9       #dY:8.1%   
  3.86667         8.881629e-8     8.40942e-9       #dY:9.5%   
  3.93333         8.565859e-8     8.11044e-9       #dY:9.5%   
  4               8.259309e-8     7.82019e-9       #dY:9.5%   
  4.06667         7.95171e-8      8.57635e-9       #dY:10.8%  
  4.13333         7.65288e-8      8.25405e-9       #dY:10.8%  
  4.2             7.3626e-8       7.94096e-9       #dY:10.8%  
  4.26667         7.05529e-8      8.64569e-9       #dY:12.3%  
  4.33333         6.75609e-8      8.27904e-9       #dY:12.3%  
  4.4             6.46476e-8      7.92204e-9       #dY:12.3%  
  4.46667         6.17153e-8      8.48374e-9       #dY:13.7%  
  4.53333         5.88575e-8      8.09089e-9       #dY:13.7%  
  4.6             5.6072e-8       7.70798e-9       #dY:13.7%  
  4.66667         5.36356e-8      8.35155e-9       #dY:15.6%  
  4.73333         5.12675e-8      7.98282e-9       #dY:15.6%  
  4.8             4.89654e-8      7.62436e-9       #dY:15.6%  
  4.86667         4.7013e-8       8.23287e-9       #dY:17.5%  
  4.93333         4.51228e-8      7.90186e-9       #dY:17.5%  
  5               4.32928e-8      7.58139e-9       #dY:17.5%  
  5.06667         4.16436e-8      8.00712e-9       #dY:19.2%  
  5.13333         4.00509e-8      7.70088e-9       #dY:19.2%  
  5.2             3.85129e-8      7.40515e-9       #dY:19.2%  
  5.26667         3.70622e-8      7.74158e-9       #dY:20.9%  
  5.33333         3.56627e-8      7.44925e-9       #dY:20.9%  
  5.4             3.43129e-8      7.1673e-9        #dY:20.9%  
  5.46667         3.30193e-8      7.41423e-9       #dY:22.5%  
  5.53333         3.17721e-8      7.13419e-9       #dY:22.5%  
  5.6             3.05698e-8      6.86422e-9       #dY:22.5%  
  5.66667         2.94127e-8      7.05409e-9       #dY:24.0%  
  5.73333         2.82976e-8      6.78666e-9       #dY:24.0%  
  5.8             2.72231e-8      6.52896e-9       #dY:24.0%  
  5.86667         2.61881e-8      6.67661e-9       #dY:25.5%  
  5.93333         2.51909e-8      6.42237e-9       #dY:25.5%  
  6               2.42303e-8      6.17747e-9       #dY:25.5%  
  6.06667         2.33051e-8      6.29092e-9       #dY:27.0%  
  6.13333         2.2414e-8       6.05038e-9       #dY:27.0%  
  6.2             2.15557e-8      5.81869e-9       #dY:27.0%  
  6.26667         2.07292e-8      5.90434e-9       #dY:28.5%  
  6.33333         1.99333e-8      5.67764e-9       #dY:28.5%  
  6.4             1.9167e-8       5.45938e-9       #dY:28.5%  
  6.46667         1.84293e-8      5.54237e-9       #dY:30.1%  
  6.53333         1.7719e-8       5.32876e-9       #dY:30.1%  
  6.6             1.70353e-8      5.12314e-9       #dY:30.1%  
  6.66667         1.63771e-8      5.16565e-9       #dY:31.5%  
  6.73333         1.57437e-8      4.96586e-9       #dY:31.5%  
  6.8             1.5134e-8       4.77355e-9       #dY:31.5%  
  6.86667         1.45473e-8      4.81688e-9       #dY:33.1%  
  6.93333         1.39828e-8      4.62996e-9       #dY:33.1%  
  7               1.34395e-8      4.45007e-9       #dY:33.1%  
  7.06667         1.29168e-8      4.46373e-9       #dY:34.6%  
  7.13333         1.24139e-8      4.28994e-9       #dY:34.6%  
  7.2             1.193e-8        4.12272e-9       #dY:34.6%  
  7.26667         1.14646e-8      4.13963e-9       #dY:36.1%  
  7.33333         1.10168e-8      3.97794e-9       #dY:36.1%  
  7.4             1.05862e-8      3.82246e-9       #dY:36.1%  
  7.46667         1.01719e-8      3.81782e-9       #dY:37.5%  
  7.53333         9.773539e-9     3.6683e-9        #dY:37.5%  
  7.6             9.390389e-9     3.52449e-9       #dY:37.5%  
  7.66667         9.021919e-9     3.52377e-9       #dY:39.1%  
  7.73333         8.667579e-9     3.38537e-9       #dY:39.1%  
  7.8             8.326859e-9     3.25229e-9       #dY:39.1%  
  7.86667         7.99925e-9      3.24526e-9       #dY:40.6%  
  7.93333         7.68426e-9      3.11747e-9       #dY:40.6%  
  8               7.38141e-9      2.9946e-9        #dY:40.6%  
  8.06667         7.09025e-9      2.98284e-9       #dY:42.1%  
  8.13333         6.81035e-9      2.86509e-9       #dY:42.1%  
  8.2             6.54129e-9      2.7519e-9        #dY:42.1%  
  8.26667         6.28264e-9      2.73673e-9       #dY:43.6%  
  8.33333         6.03403e-9      2.62844e-9       #dY:43.6%  
  8.4             5.79507e-9      2.52435e-9       #dY:43.6%  
  8.46667         5.56539e-9      2.50643e-9       #dY:45.0%  
  8.53333         5.34466e-9      2.40702e-9       #dY:45.0%  
  8.6             5.13252e-9      2.31148e-9       #dY:45.0%  
  8.66667         4.92865e-9      2.29188e-9       #dY:46.5%  
  8.73333         4.73274e-9      2.20078e-9       #dY:46.5%  
  8.8             4.54448e-9      2.11323e-9       #dY:46.5%  
  8.86667         4.36358e-9      2.09252e-9       #dY:48.0%  
  8.93333         4.18976e-9      2.00917e-9       #dY:48.0%  
  9               4.02275e-9      1.92908e-9       #dY:48.0%  
  9.06667         3.86229e-9      1.90776e-9       #dY:49.4%  
  9.13333         3.70813e-9      1.83161e-9       #dY:49.4%  
  9.2             3.56002e-9      1.75845e-9       #dY:49.4%  
  9.26667         3.41773e-9      1.74053e-9       #dY:50.9%  
  9.33333         3.28105e-9      1.67092e-9       #dY:50.9%  
  9.4             3.14975e-9      1.60406e-9       #dY:50.9%  
  9.46667         3.02362e-9      1.58258e-9       #dY:52.3%  
  9.53333         2.90247e-9      1.51917e-9       #dY:52.3%  
  9.6             2.7861e-9       1.45826e-9       #dY:52.3%  
  9.66667         2.67433e-9      1.43727e-9       #dY:53.7%  
  9.73333         2.56698e-9      1.37957e-9       #dY:53.7%  
  9.8             2.46387e-9      1.32416e-9       #dY:53.7%  
  9.86667         2.36485e-9      1.30623e-9       #dY:55.2%  
  9.93333         2.26976e-9      1.2537e-9        #dY:55.2%  
  10              2.17844e-9      1.20326e-9       #dY:55.2%  
  10.0667         2.09074e-9      1.18355e-9       #dY:56.6%  
  10.1333         2.00652e-9      1.13587e-9       #dY:56.6%  
  10.2            1.92566e-9      1.0901e-9        #dY:56.6%  
  10.2667         1.84801e-9      1.07327e-9       #dY:58.1%  
  10.3333         1.77345e-9      1.02997e-9       #dY:58.1%  
  10.4            1.70186e-9      9.88389e-10      #dY:58.1%  
  10.4667         1.63312e-9      9.72155e-10      #dY:59.5%  
  10.5333         1.56713e-9      9.32872e-10      #dY:59.5%  
  10.6            1.50377e-9      8.95156e-10      #dY:59.5%  
  10.6667         1.44294e-9      8.782e-10        #dY:60.9%  
  10.7333         1.38454e-9      8.42656e-10      #dY:60.9%  
  10.8            1.32847e-9      8.08531e-10      #dY:60.9%  
  10.8667         1.27465e-9      7.93909e-10      #dY:62.3%  
  10.9333         1.22299e-9      7.61733e-10      #dY:62.3%  
  11              1.17339e-9      7.3084e-10       #dY:62.3%  
  11.0667         1.12579e-9      7.17089e-10      #dY:63.7%  
  11.1333         1.08009e-9      6.8798e-10       #dY:63.7%  
  11.2            1.03623e-9      6.60043e-10      #dY:63.7%  
  11.2667         9.94128e-10     6.47079e-10      #dY:65.1%  
  11.3333         9.53719e-10     6.20776e-10      #dY:65.1%  
  11.4            9.14934e-10     5.95531e-10      #dY:65.1%  
  11.4667         8.7771e-10      5.83431e-10      #dY:66.5%  
  11.5333         8.41985e-10     5.59684e-10      #dY:66.5%  
  11.6            8.07698e-10     5.36893e-10      #dY:66.5%  
  11.6667         7.74793e-10     5.25592e-10      #dY:67.8%  
  11.7333         7.43215e-10     5.04171e-10      #dY:67.8%  
  11.8            7.12911e-10     4.83614e-10      #dY:67.8%  
  11.8667         6.8383e-10      4.73122e-10      #dY:69.2%  
  11.9333         6.55923e-10     4.53814e-10      #dY:69.2%  
  12              6.29144e-10     4.35287e-10      #dY:69.2%  
  12.0667         6.03447e-10     4.25574e-10      #dY:70.5%  
  12.1333         5.7879e-10      4.08184e-10      #dY:70.5%  
  12.2            5.55131e-10     3.91499e-10      #dY:70.5%  
  12.2667         5.32429e-10     3.82519e-10      #dY:71.8%  
  12.3333         5.10648e-10     3.66871e-10      #dY:71.8%  
  12.4            4.89748e-10     3.51855e-10      #dY:71.8%  
  12.4667         4.69697e-10     3.44059e-10      #dY:73.3%  
  12.5333         4.50459e-10     3.29967e-10      #dY:73.3%  
  12.6            4.32001e-10     3.16446e-10      #dY:73.3%  
  12.6667         4.14293e-10     3.08821e-10      #dY:74.5%  
  12.7333         3.97305e-10     2.96158e-10      #dY:74.5%  
  12.8            3.81007e-10     2.84009e-10      #dY:74.5%  
  12.8667         3.65371e-10     2.77021e-10      #dY:75.8%  
  12.9333         3.50372e-10     2.65649e-10      #dY:75.8%  
  13              3.35983e-10     2.54739e-10      #dY:75.8%  
  13.0667         3.2218e-10      2.48645e-10      #dY:77.2%  
  13.1333         3.08939e-10     2.38427e-10      #dY:77.2%  
  13.2            2.96238e-10     2.28624e-10      #dY:77.2%  
  13.2667         2.84055e-10     2.22756e-10      #dY:78.4%  
  13.3333         2.72368e-10     2.13591e-10      #dY:78.4%  
  13.4            2.61159e-10     2.04801e-10      #dY:78.4%  
  13.4667         2.50407e-10     1.99698e-10      #dY:79.7%  
  13.5333         2.40094e-10     1.91473e-10      #dY:79.7%  
  13.6            2.30202e-10     1.83584e-10      #dY:79.7%  
  13.6667         2.20715e-10     1.78697e-10      #dY:81.0%  
  13.7333         2.11616e-10     1.7133e-10       #dY:81.0%  
  13.8            2.02889e-10     1.64264e-10      #dY:81.0%  
  13.8667         1.94519e-10     1.60006e-10      #dY:82.3%  
  13.9333         1.86491e-10     1.53403e-10      #dY:82.3%  
  14              1.78793e-10     1.47071e-10      #dY:82.3%  
  14.0667         1.71409e-10     1.43022e-10      #dY:83.4%  
  14.1333         1.64329e-10     1.37115e-10      #dY:83.4%  
  14.2            1.57539e-10     1.31449e-10      #dY:83.4%  
  14.2667         1.51027e-10     1.27928e-10      #dY:84.7%  
  14.3333         1.44782e-10     1.22638e-10      #dY:84.7%  
  14.4            1.38794e-10     1.17566e-10      #dY:84.7%  
  14.4667         1.33052e-10     1.14358e-10      #dY:85.9%  
  14.5333         1.27545e-10     1.09625e-10      #dY:86.0%  
  14.6            1.22265e-10     1.05087e-10      #dY:86.0%  
  14.6667         1.17202e-10     1.02177e-10      #dY:87.2%  
  14.7333         1.12347e-10     9.79446e-11      #dY:87.2%  
  14.8            1.07692e-10     9.38864e-11      #dY:87.2%  
  14.8667         1.03228e-10     9.12447e-11      #dY:88.4%  
  14.9333         9.8948e-11      8.74616e-11      #dY:88.4%  
  15              9.48444e-11     8.38343e-11      #dY:88.4%  
  15.0667         9.09097e-11     8.14466e-11      #dY:89.6%  
  15.1333         8.71372e-11     7.80668e-11      #dY:89.6%  
  15.2            8.35203e-11     7.48264e-11      #dY:89.6%  
  15.2667         8.00524e-11     7.25893e-11      #dY:90.7%  
  15.3333         7.67276e-11     6.95745e-11      #dY:90.7%  
  15.4            7.354e-11       6.6684e-11       #dY:90.7%  
  15.4667         7.0484e-11      6.47323e-11      #dY:91.8%  
  15.5333         6.75542e-11     6.20416e-11      #dY:91.8%  
  15.6            6.47453e-11     5.94619e-11      #dY:91.8%  
  15.6667         6.20526e-11     5.77599e-11      #dY:93.1%  
  15.7333         5.94711e-11     5.53569e-11      #dY:93.1%  
  15.8            5.69963e-11     5.30533e-11      #dY:93.1%  
  15.8667         5.46239e-11     5.13106e-11      #dY:93.9%  
  15.9333         5.23496e-11     4.91743e-11      #dY:93.9%  
  16              5.01694e-11     4.71263e-11      #dY:93.9%  
  16.0667         4.80795e-11     4.58323e-11      #dY:95.3%  
  16.1333         4.60761e-11     4.39226e-11      #dY:95.3%  
  16.2            4.41557e-11     4.20919e-11      #dY:95.3%  
  16.2667         4.23149e-11     4.09188e-11      #dY:96.7%  
  16.3333         4.05504e-11     3.92125e-11      #dY:96.7%  
  16.4            3.8859e-11      3.75769e-11      #dY:96.7%  
  16.4667         3.72377e-11     3.61723e-11      #dY:97.1%  
  16.5333         3.56837e-11     3.46627e-11      #dY:97.1%  
  16.6            3.41942e-11     3.32158e-11      #dY:97.1%  
  16.6667         3.27665e-11     3.22672e-11      #dY:98.5%  
  16.7333         3.1398e-11      3.09196e-11      #dY:98.5%  
  16.8            3.00864e-11     2.9628e-11       #dY:98.5%  
  16.8667         2.88293e-11     2.87707e-11      #dY:99.8%  
  16.9333         2.76244e-11     2.75682e-11      #dY:99.8%  
  17              2.64696e-11     2.64158e-11      #dY:99.8%  
  17.0667         2.53628e-11     2.56405e-11      #dY:101.1% 
  17.1333         2.4302e-11      2.4568e-11       #dY:101.1% 
  17.2            2.32854e-11     2.35403e-11      #dY:101.1% 
  17.2667         2.2311e-11      2.26419e-11      #dY:101.5% 
  17.3333         2.13772e-11     2.16943e-11      #dY:101.5% 
  17.4            2.04823e-11     2.07861e-11      #dY:101.5% 
  17.4667         1.96247e-11     2.01633e-11      #dY:102.7% 
  17.5333         1.88027e-11     1.93187e-11      #dY:102.7% 
  17.6            1.8015e-11      1.85094e-11      #dY:102.7% 
  17.6667         1.72602e-11     1.79492e-11      #dY:104.0% 
  17.7333         1.65368e-11     1.71969e-11      #dY:104.0% 
  17.8            1.58436e-11     1.6476e-11       #dY:104.0% 
  17.8667         1.51792e-11     1.59713e-11      #dY:105.2% 
  17.9333         1.45426e-11     1.53014e-11      #dY:105.2% 
  18              1.39326e-11     1.46596e-11      #dY:105.2% 
  18.0667         1.3348e-11      1.40887e-11      #dY:105.5% 
  18.1333         1.27878e-11     1.34974e-11      #dY:105.5% 
  18.2            1.22511e-11     1.29309e-11      #dY:105.5% 
  18.2667         1.17367e-11     1.25275e-11      #dY:106.7% 
  18.3333         1.12438e-11     1.20014e-11      #dY:106.7% 
  18.4            1.07716e-11     1.14974e-11      #dY:106.7% 
  18.4667         1.0319e-11      1.11355e-11      #dY:107.9% 
  18.5333         9.88541e-12     1.06676e-11      #dY:107.9% 
  18.6            9.46993e-12     1.02193e-11      #dY:107.9% 
  18.6667         9.07183e-12     9.89463e-12      #dY:109.1% 
  18.7333         8.69039e-12     9.47859e-12      #dY:109.1% 
  18.8            8.32491e-12     9.07997e-12      #dY:109.1% 
  18.8667         7.97472e-12     8.72e-12         #dY:109.3% 
  18.9333         7.6392e-12      8.35313e-12      #dY:109.3% 
  19              7.31773e-12     8.00161e-12      #dY:109.3% 
  19.0667         7.00973e-12     7.74335e-12      #dY:110.5% 
  19.1333         6.71463e-12     7.41737e-12      #dY:110.5% 
  19.2            6.4319e-12      7.10505e-12      #dY:110.5% 
  19.2667         6.16102e-12     6.8737e-12       #dY:111.6% 
  19.3333         5.90149e-12     6.58414e-12      #dY:111.6% 
  19.4            5.65285e-12     6.30674e-12      #dY:111.6% 
  19.4667         5.41464e-12     6.09954e-12      #dY:112.6% 
  19.5333         5.18642e-12     5.84245e-12      #dY:112.6% 
  19.6            4.96778e-12     5.59616e-12      #dY:112.6% 
  19.6667         4.75831e-12     5.4108e-12       #dY:113.7% 
  19.7333         4.55764e-12     5.18262e-12      #dY:113.7% 
  19.8            4.36539e-12     4.964e-12        #dY:113.7% 
  19.8667         4.18122e-12     4.76329e-12      #dY:113.9% 
  19.9333         4.00479e-12     4.5623e-12       #dY:113.9% 
  20              3.83576e-12     4.36974e-12      #dY:113.9% 
  20.2            0.00            0.00                        
//
#-------------------------------------------------------------------------------
#
#name:   JENDL-5: PU-239(N,F) E_in=11. MeV
#X.axis: Energy
#Y.axis: 
#wdata:  3
#ldata:  422
#data...
# X               Y               +-dY           
# MeV             1/eV            1/eV           
  0.00            0.00            0.00                        
  1.00e-11        1.73151e-12     0.00                        
  1.20e-11        1.89677e-12     0.00                        
  1.40e-11        2.04875e-12     0.00                        
  1.60e-11        2.1902e-12      0.00                        
  1.80e-11        2.32306e-12     0.00                        
  2.20e-11        2.56824e-12     0.00                        
  2.50e-11        2.73775e-12     0.00                        
  2.90e-11        2.94865e-12     0.00                        
  3.40e-11        3.19274e-12     2.08184e-13      #dY:6.5%   
  4.00e-11        3.46302e-12     2.25807e-13      #dY:6.5%   
  4.60e-11        3.71367e-12     2.42151e-13      #dY:6.5%   
  5.40e-11        4.02366e-12     2.62364e-13      #dY:6.5%   
  6.30e-11        4.34605e-12     2.83386e-13      #dY:6.5%   
  7.40e-11        4.71021e-12     3.07131e-13      #dY:6.5%   
  8.60e-11        5.07778e-12     3.31099e-13      #dY:6.5%   
  1.00e-10        5.47551e-12     4.17293e-13      #dY:7.6%   
  1.20e-10        5.99812e-12     4.57121e-13      #dY:7.6%   
  1.40e-10        6.47871e-12     4.93748e-13      #dY:7.6%   
  1.60e-10        6.92603e-12     5.27838e-13      #dY:7.6%   
  1.80e-10        7.34616e-12     5.59857e-13      #dY:7.6%   
  2.20e-10        8.12149e-12     6.18945e-13      #dY:7.6%   
  2.50e-10        8.65754e-12     6.59798e-13      #dY:7.6%   
  2.90e-10        9.32445e-12     7.10624e-13      #dY:7.6%   
  3.40e-10        1.00963e-11     7.62889e-13      #dY:7.6%   
  4.00e-10        1.0951e-11      8.27471e-13      #dY:7.6%   
  4.60e-10        1.17437e-11     8.87368e-13      #dY:7.6%   
  5.40e-10        1.27239e-11     9.61434e-13      #dY:7.6%   
  6.30e-10        1.37434e-11     1.03847e-12      #dY:7.6%   
  7.40e-10        1.4895e-11      1.12548e-12      #dY:7.6%   
  8.60e-10        1.60573e-11     1.21331e-12      #dY:7.6%   
  1.00e-9         1.73151e-11     1.30835e-12      #dY:7.6%   
  1.20e-9         1.89677e-11     1.44554e-12      #dY:7.6%   
  1.40e-9         2.04875e-11     1.56137e-12      #dY:7.6%   
  1.60e-9         2.1902e-11      1.66917e-12      #dY:7.6%   
  1.80e-9         2.32306e-11     1.77042e-12      #dY:7.6%   
  2.20e-9         2.56824e-11     1.95727e-12      #dY:7.6%   
  2.50e-9         2.73775e-11     2.08646e-12      #dY:7.6%   
  2.90e-9         2.94865e-11     2.24718e-12      #dY:7.6%   
  3.40e-9         3.19274e-11     2.41251e-12      #dY:7.6%   
  4.00e-9         3.46302e-11     2.61674e-12      #dY:7.6%   
  4.60e-9         3.71367e-11     2.80614e-12      #dY:7.6%   
  5.40e-9         4.02366e-11     3.04037e-12      #dY:7.6%   
  6.30e-9         4.34605e-11     3.28398e-12      #dY:7.6%   
  7.40e-9         4.71021e-11     3.55915e-12      #dY:7.6%   
  8.60e-9         5.07778e-11     3.83689e-12      #dY:7.6%   
  1.00e-8         5.47551e-11     4.17293e-12      #dY:7.6%   
  1.20e-8         5.99812e-11     4.57121e-12      #dY:7.6%   
  1.40e-8         6.47871e-11     4.93748e-12      #dY:7.6%   
  1.60e-8         6.92604e-11     5.27839e-12      #dY:7.6%   
  1.80e-8         7.34617e-11     5.59857e-12      #dY:7.6%   
  2.20e-8         8.1215e-11      6.18946e-12      #dY:7.6%   
  2.50e-8         8.65755e-11     6.59799e-12      #dY:7.6%   
  2.90e-8         9.32447e-11     7.10625e-12      #dY:7.6%   
  3.40e-8         1.00964e-10     7.62897e-12      #dY:7.6%   
  4.00e-8         1.0951e-10      8.27472e-12      #dY:7.6%   
  4.60e-8         1.17437e-10     8.8737e-12       #dY:7.6%   
  5.40e-8         1.2724e-10      9.61442e-12      #dY:7.6%   
  6.30e-8         1.37434e-10     1.03847e-11      #dY:7.6%   
  7.40e-8         1.4895e-10      1.12549e-11      #dY:7.6%   
  8.60e-8         1.60574e-10     1.21332e-11      #dY:7.6%   
  1.00e-7         1.73151e-10     1.30835e-11      #dY:7.6%   
  1.20e-7         1.89678e-10     1.44553e-11      #dY:7.6%   
  1.40e-7         2.04875e-10     1.56134e-11      #dY:7.6%   
  1.60e-7         2.19021e-10     1.66915e-11      #dY:7.6%   
  1.80e-7         2.32307e-10     1.7704e-11       #dY:7.6%   
  2.20e-7         2.56825e-10     1.95725e-11      #dY:7.6%   
  2.50e-7         2.73777e-10     2.08644e-11      #dY:7.6%   
  2.90e-7         2.94867e-10     2.24717e-11      #dY:7.6%   
  3.40e-7         3.19276e-10     2.41246e-11      #dY:7.6%   
  4.00e-7         3.46304e-10     2.61668e-11      #dY:7.6%   
  4.60e-7         3.7137e-10      2.80608e-11      #dY:7.6%   
  5.40e-7         4.02369e-10     3.04031e-11      #dY:7.6%   
  6.30e-7         4.34609e-10     3.28391e-11      #dY:7.6%   
  7.40e-7         4.71026e-10     3.55908e-11      #dY:7.6%   
  8.60e-7         5.07783e-10     3.83682e-11      #dY:7.6%   
  1.00e-6         5.47557e-10     4.13735e-11      #dY:7.6%   
  1.20e-6         5.9982e-10      4.5713e-11       #dY:7.6%   
  1.40e-6         6.4788e-10      4.93757e-11      #dY:7.6%   
  1.60e-6         6.92614e-10     5.27849e-11      #dY:7.6%   
  1.80e-6         7.34629e-10     5.59869e-11      #dY:7.6%   
  2.20e-6         8.12166e-10     6.18961e-11      #dY:7.6%   
  2.50e-6         8.65773e-10     6.59815e-11      #dY:7.6%   
  2.90e-6         9.32468e-10     7.10644e-11      #dY:7.6%   
  3.40e-6         1.00966e-9      7.6295e-11       #dY:7.6%   
  4.00e-6         1.09514e-9      8.27543e-11      #dY:7.6%   
  4.60e-6         1.17441e-9      8.87443e-11      #dY:7.6%   
  5.40e-6         1.27244e-9      9.6152e-11       #dY:7.6%   
  6.30e-6         1.3744e-9       1.03857e-10      #dY:7.6%   
  7.40e-6         1.48957e-9      1.12559e-10      #dY:7.6%   
  8.60e-6         1.60582e-9      1.21344e-10      #dY:7.6%   
  1.00e-5         1.73161e-9      1.30849e-10      #dY:7.6%   
  1.20e-5         1.8969e-9       1.44571e-10      #dY:7.6%   
  1.40e-5         2.048901e-9     1.56156e-10      #dY:7.6%   
  1.60e-5         2.190391e-9     1.66939e-10      #dY:7.6%   
  1.80e-5         2.323271e-9     1.77067e-10      #dY:7.6%   
  2.20e-5         2.568511e-9     1.95757e-10      #dY:7.6%   
  2.50e-5         2.738071e-9     2.0868e-10       #dY:7.6%   
  2.90e-5         2.949031e-9     2.24759e-10      #dY:7.6%   
  3.40e-5         3.193201e-9     2.41317e-10      #dY:7.6%   
  4.00e-5         3.463581e-9     2.6175e-10       #dY:7.6%   
  4.60e-5         3.714341e-9     2.807e-10        #dY:7.6%   
  5.40e-5         4.024471e-9     3.04137e-10      #dY:7.6%   
  6.30e-5         4.347031e-9     3.28514e-10      #dY:7.6%   
  7.40e-5         4.711411e-9     3.56051e-10      #dY:7.6%   
  8.60e-5         5.079221e-9     3.83847e-10      #dY:7.6%   
  1.00e-4         5.477241e-9     4.13926e-10      #dY:7.6%   
  1.20e-4         6.000282e-9     4.53099e-10      #dY:7.6%   
  1.40e-4         6.481322e-9     4.89423e-10      #dY:7.6%   
  1.60e-4         6.929102e-9     5.23236e-10      #dY:7.6%   
  1.80e-4         7.349702e-9     5.54997e-10      #dY:7.6%   
  2.20e-4         8.125992e-9     6.13617e-10      #dY:7.6%   
  2.50e-4         8.662782e-9     6.54152e-10      #dY:7.6%   
  2.90e-4         9.330712e-9     7.04589e-10      #dY:7.6%   
  3.40e-4         1.01039e-8      7.56532e-10      #dY:7.5%   
  4.00e-4         1.09602e-8      8.20647e-10      #dY:7.5%   
  4.60e-4         1.17544e-8      8.80113e-10      #dY:7.5%   
  5.40e-4         1.27369e-8      9.53678e-10      #dY:7.5%   
  6.30e-4         1.3759e-8       1.03021e-9       #dY:7.5%   
  7.40e-4         1.49137e-8      1.11667e-9       #dY:7.5%   
  8.60e-4         1.60795e-8      1.20396e-9       #dY:7.5%   
  1.00e-3         1.73414e-8      1.29844e-9       #dY:7.5%   
  1.20e-3         1.89999e-8      1.42145e-9       #dY:7.5%   
  1.40e-3         2.052561e-8     1.5356e-9        #dY:7.5%   
  1.60e-3         2.194611e-8     1.64187e-9       #dY:7.5%   
  1.80e-3         2.328071e-8     1.74172e-9       #dY:7.5%   
  2.20e-3         2.574431e-8     1.92603e-9       #dY:7.5%   
  2.50e-3         2.744821e-8     2.0535e-9        #dY:7.5%   
  2.90e-3         2.956871e-8     2.21215e-9       #dY:7.5%   
  3.40e-3         3.202371e-8     2.35328e-9       #dY:7.3%   
  4.00e-3         3.474291e-8     2.5531e-9        #dY:7.3%   
  4.60e-3         3.726531e-8     2.73846e-9       #dY:7.3%   
  5.40e-3         4.038541e-8     2.96774e-9       #dY:7.3%   
  6.30e-3         4.363081e-8     3.20623e-9       #dY:7.3%   
  7.40e-3         4.729681e-8     3.47563e-9       #dY:7.3%   
  8.60e-3         5.099681e-8     3.74753e-9       #dY:7.3%   
  0.01            5.499951e-8     4.04167e-9       #dY:7.3%   
  0.012           6.025642e-8     4.3418e-9        #dY:7.2%   
  0.014           6.508692e-8     4.68987e-9       #dY:7.2%   
  0.016           6.957892e-8     5.01354e-9       #dY:7.2%   
  0.018           7.379332e-8     5.31721e-9       #dY:7.2%   
  0.022           8.155652e-8     5.87659e-9       #dY:7.2%   
  0.025           8.691112e-8     6.26242e-9       #dY:7.2%   
  0.029           9.355572e-8     6.7412e-9        #dY:7.2%   
  0.034           1.01219e-7      7.04016e-9       #dY:7.0%   
  0.04            1.09664e-7      7.62754e-9       #dY:7.0%   
  0.046           1.17454e-7      8.16937e-9       #dY:7.0%   
  0.054           1.27024e-7      8.835e-9         #dY:7.0%   
  0.063           1.36895e-7      9.52156e-9       #dY:7.0%   
  0.0733333       1.4729e-7       1.02446e-8       #dY:7.0%   
  0.146667        2.036591e-7     1.35954e-8       #dY:6.7%   
  0.22            2.432891e-7     1.73076e-8       #dY:7.1%   
  0.293333        2.691621e-7     1.91482e-8       #dY:7.1%   
  0.366667        2.889381e-7     2.05551e-8       #dY:7.1%   
  0.44            3.042701e-7     2.03157e-8       #dY:6.7%   
  0.513333        3.140591e-7     2.09693e-8       #dY:6.7%   
  0.586667        3.211471e-7     2.14426e-8       #dY:6.7%   
  0.66            3.260681e-7     2.11047e-8       #dY:6.5%   
  0.733333        3.278201e-7     2.12181e-8       #dY:6.5%   
  0.806667        3.281061e-7     1.96115e-8       #dY:6.0%   
  0.88            3.271681e-7     1.95554e-8       #dY:6.0%   
  0.953333        3.247271e-7     1.94095e-8       #dY:6.0%   
  1.02667         3.214181e-7     1.73029e-8       #dY:5.4%   
  1.1             3.173721e-7     1.70851e-8       #dY:5.4%   
  1.17333         3.122321e-7     1.68084e-8       #dY:5.4%   
  1.24667         3.065911e-7     1.46064e-8       #dY:4.8%   
  1.32            3.005471e-7     1.43185e-8       #dY:4.8%   
  1.39333         2.939601e-7     1.40046e-8       #dY:4.8%   
  1.46667         2.871251e-7     1.17593e-8       #dY:4.1%   
  1.54            2.801041e-7     1.14717e-8       #dY:4.1%   
  1.61333         2.727571e-7     9.232e-9         #dY:3.4%   
  1.68667         2.653191e-7     8.98025e-9       #dY:3.4%   
  1.76            2.578291e-7     8.72674e-9       #dY:3.4%   
  1.83333         2.502221e-7     6.65491e-9       #dY:2.7%   
  1.90667         2.426221e-7     6.45278e-9       #dY:2.7%   
  1.98            2.350541e-7     6.2515e-9        #dY:2.7%   
  2.05333         2.275181e-7     4.4288e-9        #dY:1.9%   
  2.12667         2.200521e-7     4.28347e-9       #dY:1.9%   
  2.2             2.126681e-7     4.13974e-9       #dY:1.9%   
  2.27333         2.054891e-7     2.62338e-9       #dY:1.3%   
  2.34667         1.984161e-7     2.53308e-9       #dY:1.3%   
  2.42            1.91456e-7      1.58778e-9       #dY:0.8%   
  2.49333         1.84755e-7      1.53221e-9       #dY:0.8%   
  2.56667         1.78179e-7      1.47767e-9       #dY:0.8%   
  2.64            1.71733e-7      1.70524e-9       #dY:1.0%   
  2.71333         1.65559e-7      1.64394e-9       #dY:1.0%   
  2.78667         1.5952e-7       1.58397e-9       #dY:1.0%   
  2.86            1.53618e-7      2.46789e-9       #dY:1.6%   
  2.93333         1.48e-7         2.37764e-9       #dY:1.6%   
  3.00667         1.42519e-7      3.35235e-9       #dY:2.4%   
  3.08            1.37176e-7      3.22667e-9       #dY:2.4%   
  3.15333         1.32089e-7      3.10701e-9       #dY:2.4%   
  3.22667         1.27136e-7      4.00293e-9       #dY:3.1%   
  3.3             1.22318e-7      3.85123e-9       #dY:3.1%   
  3.37333         1.17751e-7      3.70744e-9       #dY:3.1%   
  3.44667         1.13314e-7      4.47278e-9       #dY:3.9%   
  3.52            1.09004e-7      4.30265e-9       #dY:3.9%   
  3.59333         1.04898e-7      4.14058e-9       #dY:3.9%   
  3.66667         1.00915e-7      4.81788e-9       #dY:4.8%   
  3.74            9.705282e-8     4.63349e-9       #dY:4.8%   
  3.81333         9.333082e-8     5.21778e-9       #dY:5.6%   
  3.88667         8.972372e-8     5.01612e-9       #dY:5.6%   
  3.96            8.622862e-8     4.82073e-9       #dY:5.6%   
  4.03333         8.290212e-8     5.32011e-9       #dY:6.4%   
  4.10667         7.968182e-8     5.11345e-9       #dY:6.4%   
  4.18            7.656482e-8     4.91342e-9       #dY:6.4%   
  4.25333         7.361622e-8     5.3433e-9        #dY:7.3%   
  4.32667         7.076522e-8     5.13637e-9       #dY:7.3%   
  4.4             6.800882e-8     4.9363e-9        #dY:7.3%   
  4.47333         6.539932e-8     5.28258e-9       #dY:8.1%   
  4.54667         6.287882e-8     5.07899e-9       #dY:8.1%   
  4.62            6.044452e-8     5.37875e-9       #dY:8.9%   
  4.69333         5.813061e-8     5.17284e-9       #dY:8.9%   
  4.76667         5.589761e-8     4.97414e-9       #dY:8.9%   
  4.84            5.374271e-8     5.20242e-9       #dY:9.7%   
  4.91333         5.163181e-8     4.99808e-9       #dY:9.7%   
  4.98667         4.959391e-8     4.80081e-9       #dY:9.7%   
  5.06            4.762671e-8     5.01482e-9       #dY:10.5%  
  5.13333         4.558231e-8     4.79956e-9       #dY:10.5%  
  5.20667         4.360371e-8     4.94157e-9       #dY:11.3%  
  5.28            4.168881e-8     4.72456e-9       #dY:11.3%  
  5.35333         3.952971e-8     4.47987e-9       #dY:11.3%  
  5.42667         3.742991e-8     4.62187e-9       #dY:12.3%  
  5.5             3.538711e-8     4.36962e-9       #dY:12.3%  
  5.57333         3.350511e-8     4.13723e-9       #dY:12.3%  
  5.64667         3.167621e-8     4.3087e-9        #dY:13.6%  
  5.72            2.989831e-8     4.06687e-9       #dY:13.6%  
  5.79333         2.847411e-8     3.87314e-9       #dY:13.6%  
  5.86667         2.709731e-8     4.08906e-9       #dY:15.1%  
  5.94            2.576621e-8     3.88819e-9       #dY:15.1%  
  6.01333         2.464711e-8     4.02879e-9       #dY:16.3%  
  6.08667         2.357031e-8     3.85277e-9       #dY:16.3%  
  6.16            2.253431e-8     3.68343e-9       #dY:16.3%  
  6.23333         2.158431e-8     3.78085e-9       #dY:17.5%  
  6.30667         2.067211e-8     3.62107e-9       #dY:17.5%  
  6.38            1.979621e-8     3.46764e-9       #dY:17.5%  
  6.45333         1.89654e-8      3.50467e-9       #dY:18.5%  
  6.52667         1.81681e-8      3.35734e-9       #dY:18.5%  
  6.6             1.74031e-8      3.21597e-9       #dY:18.5%  
  6.67333         1.66712e-8      3.25156e-9       #dY:19.5%  
  6.74667         1.59691e-8      3.11462e-9       #dY:19.5%  
  6.82            1.52957e-8      3.13804e-9       #dY:20.5%  
  6.89333         1.46503e-8      3.00563e-9       #dY:20.5%  
  6.96667         1.40313e-8      2.87864e-9       #dY:20.5%  
  7.04            1.34378e-8      2.8922e-9        #dY:21.5%  
  7.11333         1.28688e-8      2.76974e-9       #dY:21.5%  
  7.18667         1.23233e-8      2.65233e-9       #dY:21.5%  
  7.26            1.18003e-8      2.64629e-9       #dY:22.4%  
  7.33333         1.1299e-8       2.53387e-9       #dY:22.4%  
  7.40667         1.08185e-8      2.53444e-9       #dY:23.4%  
  7.48            1.03579e-8      2.42654e-9       #dY:23.4%  
  7.55333         9.916443e-9     2.32312e-9       #dY:23.4%  
  7.62667         9.493392e-9     2.31896e-9       #dY:24.4%  
  7.7             9.087992e-9     2.21993e-9       #dY:24.4%  
  7.77333         8.699532e-9     2.12504e-9       #dY:24.4%  
  7.84667         8.327312e-9     2.11725e-9       #dY:25.4%  
  7.92            7.970682e-9     2.02657e-9       #dY:25.4%  
  7.99333         7.629002e-9     1.9397e-9        #dY:25.4%  
  8.06667         7.301672e-9     1.92911e-9       #dY:26.4%  
  8.14            6.988112e-9     1.84627e-9       #dY:26.4%  
  8.21333         6.687752e-9     1.84018e-9       #dY:27.5%  
  8.28667         6.400052e-9     1.76102e-9       #dY:27.5%  
  8.36            6.124482e-9     1.68519e-9       #dY:27.5%  
  8.43333         5.860572e-9     1.67067e-9       #dY:28.5%  
  8.50667         5.607811e-9     1.59862e-9       #dY:28.5%  
  8.58            5.365761e-9     1.52962e-9       #dY:28.5%  
  8.65333         5.133971e-9     1.51433e-9       #dY:29.5%  
  8.72667         4.912021e-9     1.44886e-9       #dY:29.5%  
  8.8             4.699501e-9     1.38618e-9       #dY:29.5%  
  8.87333         4.496011e-9     1.37054e-9       #dY:30.5%  
  8.94667         4.301191e-9     1.31115e-9       #dY:30.5%  
  9.02            4.114681e-9     1.299e-9         #dY:31.6%  
  9.09333         3.936121e-9     1.24262e-9       #dY:31.6%  
  9.16667         3.765181e-9     1.18866e-9       #dY:31.6%  
  9.24            3.601551e-9     1.17241e-9       #dY:32.6%  
  9.31333         3.444931e-9     1.12142e-9       #dY:32.6%  
  9.38667         3.295011e-9     1.07262e-9       #dY:32.6%  
  9.46            3.151511e-9     1.05996e-9       #dY:33.6%  
  9.53333         3.014171e-9     1.01377e-9       #dY:33.6%  
  9.60667         2.882731e-9     9.97744e-10      #dY:34.6%  
  9.68            2.756941e-9     9.54207e-10      #dY:34.6%  
  9.75333         2.636561e-9     9.12542e-10      #dY:34.6%  
  9.82667         2.521371e-9     8.99841e-10      #dY:35.7%  
  9.9             2.411131e-9     8.60498e-10      #dY:35.7%  
  9.97333         2.305651e-9     8.22854e-10      #dY:35.7%  
  10.0467         2.204721e-9     8.08322e-10      #dY:36.7%  
  10.12           2.108151e-9     7.72916e-10      #dY:36.7%  
  10.1933         2.015761e-9     7.39043e-10      #dY:36.7%  
  10.2667         1.92736e-9      7.27288e-10      #dY:37.7%  
  10.34           1.84279e-9      6.95376e-10      #dY:37.7%  
  10.4133         1.76188e-9      6.83648e-10      #dY:38.8%  
  10.4867         1.68449e-9      6.53619e-10      #dY:38.8%  
  10.56           1.61044e-9      6.24886e-10      #dY:38.8%  
  10.6333         1.53962e-9      6.13882e-10      #dY:39.9%  
  10.7067         1.47187e-9      5.86868e-10      #dY:39.9%  
  10.78           1.40707e-9      5.61031e-10      #dY:39.9%  
  10.8533         1.34509e-9      5.49271e-10      #dY:40.8%  
  10.9267         1.2858e-9       5.2506e-10       #dY:40.8%  
  11              1.2291e-9       5.01906e-10      #dY:40.8%  
  11.0733         1.17487e-9      4.92248e-10      #dY:41.9%  
  11.1467         1.12301e-9      4.7052e-10       #dY:41.9%  
  11.22           1.07341e-9      4.61095e-10      #dY:43.0%  
  11.2933         1.02598e-9      4.40721e-10      #dY:43.0%  
  11.3667         9.80618e-10     4.21235e-10      #dY:43.0%  
  11.44           9.37243e-10     4.12517e-10      #dY:44.0%  
  11.5133         8.95766e-10     3.94262e-10      #dY:44.0%  
  11.5867         8.56106e-10     3.76806e-10      #dY:44.0%  
  11.66           8.18183e-10     3.6956e-10       #dY:45.2%  
  11.7333         7.81923e-10     3.53182e-10      #dY:45.2%  
  11.8067         7.47254e-10     3.45379e-10      #dY:46.2%  
  11.88           7.14107e-10     3.30059e-10      #dY:46.2%  
  11.9533         6.82415e-10     3.15411e-10      #dY:46.2%  
  12.0267         6.52116e-10     3.08254e-10      #dY:47.3%  
  12.1            6.2315e-10      2.94562e-10      #dY:47.3%  
  12.1733         5.95458e-10     2.81472e-10      #dY:47.3%  
  12.2467         5.68984e-10     2.7491e-10       #dY:48.3%  
  12.32           5.43677e-10     2.62683e-10      #dY:48.3%  
  12.3933         5.19485e-10     2.50994e-10      #dY:48.3%  
  12.4667         4.96359e-10     2.45498e-10      #dY:49.5%  
  12.54           4.74254e-10     2.34565e-10      #dY:49.5%  
  12.6133         4.53124e-10     2.28831e-10      #dY:50.5%  
  12.6867         4.32927e-10     2.18631e-10      #dY:50.5%  
  12.76           4.13623e-10     2.08882e-10      #dY:50.5%  
  12.8333         3.95171e-10     2.04065e-10      #dY:51.6%  
  12.9067         3.77536e-10     1.94958e-10      #dY:51.6%  
  12.98           3.60681e-10     1.86254e-10      #dY:51.6%  
  13.0533         3.44572e-10     1.81507e-10      #dY:52.7%  
  13.1267         3.29177e-10     1.73398e-10      #dY:52.7%  
  13.2            3.14463e-10     1.65647e-10      #dY:52.7%  
  13.2733         3.00402e-10     1.61644e-10      #dY:53.8%  
  13.3467         2.86965e-10     1.54414e-10      #dY:53.8%  
  13.42           2.74123e-10     1.50322e-10      #dY:54.8%  
  13.4933         2.61852e-10     1.43593e-10      #dY:54.8%  
  13.5667         2.50126e-10     1.37163e-10      #dY:54.8%  
  13.64           2.3892e-10      1.33715e-10      #dY:56.0%  
  13.7133         2.28213e-10     1.27723e-10      #dY:56.0%  
  13.7867         2.17982e-10     1.21997e-10      #dY:56.0%  
  13.86           2.08206e-10     1.18869e-10      #dY:57.1%  
  13.9333         1.98865e-10     1.13536e-10      #dY:57.1%  
  14.0067         1.8994e-10      1.10567e-10      #dY:58.2%  
  14.08           1.81413e-10     1.05604e-10      #dY:58.2%  
  14.1533         1.73265e-10     1.0086e-10       #dY:58.2%  
  14.2267         1.65481e-10     9.81832e-11      #dY:59.3%  
  14.3            1.58044e-10     9.37707e-11      #dY:59.3%  
  14.3733         1.50939e-10     8.95552e-11      #dY:59.3%  
  14.4467         1.44151e-10     8.71333e-11      #dY:60.4%  
  14.52           1.37666e-10     8.32134e-11      #dY:60.4%  
  14.5933         1.31471e-10     7.94688e-11      #dY:60.4%  
  14.6667         1.25553e-10     7.72926e-11      #dY:61.6%  
  14.74           1.19899e-10     7.38119e-11      #dY:61.6%  
  14.8133         1.14498e-10     7.17572e-11      #dY:62.7%  
  14.8867         1.09339e-10     6.8524e-11       #dY:62.7%  
  14.96           1.0441e-10      6.5435e-11       #dY:62.7%  
  15.0333         9.97026e-11     6.3585e-11       #dY:63.8%  
  15.1067         9.52057e-11     6.07171e-11      #dY:63.8%  
  15.18           9.09103e-11     5.79777e-11      #dY:63.8%  
  15.2533         8.68075e-11     5.63212e-11      #dY:64.9%  
  15.3267         8.28886e-11     5.37786e-11      #dY:64.9%  
  15.4            7.91455e-11     5.13501e-11      #dY:64.9%  
  15.4733         7.55704e-11     4.99362e-11      #dY:66.1%  
  15.5467         7.21557e-11     4.76798e-11      #dY:66.1%  
  15.62           6.88944e-11     4.6282e-11       #dY:67.2%  
  15.6933         6.57795e-11     4.41895e-11      #dY:67.2%  
  15.7667         6.28047e-11     4.2191e-11       #dY:67.2%  
  15.84           5.99635e-11     4.09393e-11      #dY:68.3%  
  15.9133         5.72501e-11     3.90868e-11      #dY:68.3%  
  15.9867         5.46587e-11     3.73175e-11      #dY:68.3%  
  16.06           5.21839e-11     3.62491e-11      #dY:69.5%  
  16.1333         4.98205e-11     3.46074e-11      #dY:69.5%  
  16.2067         4.75635e-11     3.36035e-11      #dY:70.6%  
  16.28           4.54082e-11     3.20807e-11      #dY:70.6%  
  16.3533         4.33499e-11     3.06266e-11      #dY:70.6%  
  16.4267         4.13845e-11     2.96876e-11      #dY:71.7%  
  16.5            3.95076e-11     2.83412e-11      #dY:71.7%  
  16.5733         3.77154e-11     2.70555e-11      #dY:71.7%  
  16.6467         3.6004e-11      2.62532e-11      #dY:72.9%  
  16.72           3.43698e-11     2.50616e-11      #dY:72.9%  
  16.7933         3.28094e-11     2.39238e-11      #dY:72.9%  
  16.8667         3.13194e-11     2.32055e-11      #dY:74.1%  
  16.94           2.98968e-11     2.21515e-11      #dY:74.1%  
  17.0133         2.85384e-11     2.14523e-11      #dY:75.2%  
  17.0867         2.72414e-11     2.04774e-11      #dY:75.2%  
  17.16           2.6003e-11      1.95465e-11      #dY:75.2%  
  17.2333         2.48206e-11     1.89485e-11      #dY:76.3%  
  17.3067         2.36917e-11     1.80866e-11      #dY:76.3%  
  17.38           2.26139e-11     1.72638e-11      #dY:76.3%  
  17.4533         2.15848e-11     1.67304e-11      #dY:77.5%  
  17.5267         2.06024e-11     1.59689e-11      #dY:77.5%  
  17.6            1.96644e-11     1.52419e-11      #dY:77.5%  
  17.6733         1.87689e-11     1.47663e-11      #dY:78.7%  
  17.7467         1.7914e-11      1.40937e-11      #dY:78.7%  
  17.82           1.70978e-11     1.36503e-11      #dY:79.8%  
  17.8933         1.63187e-11     1.30283e-11      #dY:79.8%  
  17.9667         1.55748e-11     1.24344e-11      #dY:79.8%  
  18.04           1.48647e-11     1.20542e-11      #dY:81.1%  
  18.1133         1.41868e-11     1.15045e-11      #dY:81.1%  
  18.1867         1.35397e-11     1.09797e-11      #dY:81.1%  
  18.26           1.2922e-11      1.06279e-11      #dY:82.2%  
  18.3333         1.23323e-11     1.01429e-11      #dY:82.2%  
  18.4067         1.17693e-11     9.81488e-12      #dY:83.4%  
  18.48           1.1232e-11      9.36681e-12      #dY:83.4%  
  18.5533         1.07191e-11     8.93908e-12      #dY:83.4%  
  18.6267         1.02295e-11     8.64848e-12      #dY:84.5%  
  18.7            9.7621e-12      8.25332e-12      #dY:84.5%  
  18.7733         9.316e-12       7.87616e-12      #dY:84.5%  
  18.8467         8.89019e-12     7.62667e-12      #dY:85.8%  
  18.92           8.48375e-12     7.278e-12        #dY:85.8%  
  18.9933         8.09582e-12     6.9452e-12       #dY:85.8%  
  19.0667         7.72554e-12     6.71569e-12      #dY:86.9%  
  19.14           7.37212e-12     6.40847e-12      #dY:86.9%  
  19.2133         7.03479e-12     6.20206e-12      #dY:88.2%  
  19.2867         6.71283e-12     5.91821e-12      #dY:88.2%  
  19.36           6.40555e-12     5.6473e-12       #dY:88.2%  
  19.4333         6.11226e-12     5.4582e-12       #dY:89.3%  
  19.5067         5.83235e-12     5.20824e-12      #dY:89.3%  
  19.58           5.5652e-12      4.96968e-12      #dY:89.3%  
  19.6533         5.31023e-12     4.80721e-12      #dY:90.5%  
  19.7267         5.0669e-12      4.58693e-12      #dY:90.5%  
  19.8            4.83466e-12     4.37669e-12      #dY:90.5%  
  19.8733         4.61303e-12     4.23245e-12      #dY:91.7%  
  19.9467         4.40151e-12     4.03838e-12      #dY:91.7%  
  20.1467         0.00            0.00                        
//
#-------------------------------------------------------------------------------
#
#name:   JENDL-5: PU-239(N,F) E_in=12. MeV
#X.axis: Energy
#Y.axis: 
#wdata:  3
#ldata:  401
#data...
# X               Y               +-dY           
# MeV             1/eV            1/eV           
  0.00            0.00            0.00                        
  1.00e-11        1.70527e-12     0.00                        
  1.20e-11        1.86803e-12     0.00                        
  1.40e-11        2.0177e-12      0.00                        
  1.60e-11        2.15702e-12     0.00                        
  1.80e-11        2.28786e-12     0.00                        
  2.20e-11        2.52933e-12     0.00                        
  2.50e-11        2.69627e-12     0.00                        
  2.90e-11        2.90397e-12     0.00                        
  3.40e-11        3.14436e-12     2.08184e-13      #dY:6.6%   
  4.00e-11        3.41054e-12     2.25807e-13      #dY:6.6%   
  4.60e-11        3.6574e-12      2.42151e-13      #dY:6.6%   
  5.40e-11        3.96269e-12     2.62364e-13      #dY:6.6%   
  6.30e-11        4.2802e-12      2.83386e-13      #dY:6.6%   
  7.40e-11        4.63884e-12     3.07131e-13      #dY:6.6%   
  8.60e-11        5.00084e-12     3.31099e-13      #dY:6.6%   
  1.00e-10        5.39254e-12     4.17293e-13      #dY:7.7%   
  1.20e-10        5.90723e-12     4.57121e-13      #dY:7.7%   
  1.40e-10        6.38054e-12     4.93747e-13      #dY:7.7%   
  1.60e-10        6.82109e-12     5.27839e-13      #dY:7.7%   
  1.80e-10        7.23486e-12     5.59858e-13      #dY:7.7%   
  2.20e-10        7.99844e-12     6.18946e-13      #dY:7.7%   
  2.50e-10        8.52636e-12     6.59798e-13      #dY:7.7%   
  2.90e-10        9.18317e-12     7.10624e-13      #dY:7.7%   
  3.40e-10        9.94336e-12     7.62891e-13      #dY:7.7%   
  4.00e-10        1.07851e-11     8.27473e-13      #dY:7.7%   
  4.60e-10        1.15657e-11     8.87363e-13      #dY:7.7%   
  5.40e-10        1.25311e-11     9.61432e-13      #dY:7.7%   
  6.30e-10        1.35352e-11     1.03847e-12      #dY:7.7%   
  7.40e-10        1.46693e-11     1.12548e-12      #dY:7.7%   
  8.60e-10        1.58141e-11     1.21332e-12      #dY:7.7%   
  1.00e-9         1.70527e-11     1.30835e-12      #dY:7.7%   
  1.20e-9         1.86803e-11     1.44554e-12      #dY:7.7%   
  1.40e-9         2.01771e-11     1.56137e-12      #dY:7.7%   
  1.60e-9         2.15702e-11     1.66917e-12      #dY:7.7%   
  1.80e-9         2.28787e-11     1.77042e-12      #dY:7.7%   
  2.20e-9         2.52933e-11     1.95727e-12      #dY:7.7%   
  2.50e-9         2.69628e-11     2.08646e-12      #dY:7.7%   
  2.90e-9         2.90398e-11     2.24719e-12      #dY:7.7%   
  3.40e-9         3.14438e-11     2.41252e-12      #dY:7.7%   
  4.00e-9         3.41056e-11     2.61674e-12      #dY:7.7%   
  4.60e-9         3.65742e-11     2.80614e-12      #dY:7.7%   
  5.40e-9         3.96271e-11     3.04038e-12      #dY:7.7%   
  6.30e-9         4.28022e-11     3.28399e-12      #dY:7.7%   
  7.40e-9         4.63887e-11     3.55916e-12      #dY:7.7%   
  8.60e-9         5.00087e-11     3.8369e-12       #dY:7.7%   
  1.00e-8         5.39258e-11     4.17293e-12      #dY:7.7%   
  1.20e-8         5.90728e-11     4.57122e-12      #dY:7.7%   
  1.40e-8         6.38059e-11     4.93748e-12      #dY:7.7%   
  1.60e-8         6.82115e-11     5.2784e-12       #dY:7.7%   
  1.80e-8         7.23492e-11     5.59859e-12      #dY:7.7%   
  2.20e-8         7.99852e-11     6.18948e-12      #dY:7.7%   
  2.50e-8         8.52645e-11     6.59801e-12      #dY:7.7%   
  2.90e-8         9.18328e-11     7.10629e-12      #dY:7.7%   
  3.40e-8         9.94349e-11     7.62896e-12      #dY:7.7%   
  4.00e-8         1.07852e-10     8.27475e-12      #dY:7.7%   
  4.60e-8         1.15659e-10     8.87372e-12      #dY:7.7%   
  5.40e-8         1.25314e-10     9.61449e-12      #dY:7.7%   
  6.30e-8         1.35354e-10     1.03848e-11      #dY:7.7%   
  7.40e-8         1.46696e-10     1.1255e-11       #dY:7.7%   
  8.60e-8         1.58144e-10     1.21333e-11      #dY:7.7%   
  1.00e-7         1.70531e-10     1.30837e-11      #dY:7.7%   
  1.20e-7         1.86808e-10     1.44553e-11      #dY:7.7%   
  1.40e-7         2.01776e-10     1.56136e-11      #dY:7.7%   
  1.60e-7         2.15708e-10     1.66916e-11      #dY:7.7%   
  1.80e-7         2.28793e-10     1.77041e-11      #dY:7.7%   
  2.20e-7         2.52942e-10     1.95728e-11      #dY:7.7%   
  2.50e-7         2.69637e-10     2.08647e-11      #dY:7.7%   
  2.90e-7         2.90409e-10     2.2472e-11       #dY:7.7%   
  3.40e-7         3.1445e-10      2.41247e-11      #dY:7.7%   
  4.00e-7         3.41071e-10     2.61671e-11      #dY:7.7%   
  4.60e-7         3.65759e-10     2.80612e-11      #dY:7.7%   
  5.40e-7         3.96292e-10     3.04037e-11      #dY:7.7%   
  6.30e-7         4.28046e-10     3.28399e-11      #dY:7.7%   
  7.40e-7         4.63915e-10     3.55918e-11      #dY:7.7%   
  8.60e-7         5.0012e-10      3.83694e-11      #dY:7.7%   
  1.00e-6         5.39296e-10     4.1375e-11       #dY:7.7%   
  1.20e-6         5.90774e-10     4.57138e-11      #dY:7.7%   
  1.40e-6         6.38114e-10     4.93769e-11      #dY:7.7%   
  1.60e-6         6.82177e-10     5.27865e-11      #dY:7.7%   
  1.80e-6         7.23563e-10     5.59889e-11      #dY:7.7%   
  2.20e-6         7.99938e-10     6.18988e-11      #dY:7.7%   
  2.50e-6         8.52744e-10     6.59849e-11      #dY:7.7%   
  2.90e-6         9.18443e-10     7.10686e-11      #dY:7.7%   
  3.40e-6         9.94485e-10     7.6297e-11       #dY:7.7%   
  4.00e-6         1.07869e-9      8.27573e-11      #dY:7.7%   
  4.60e-6         1.15678e-9      8.87483e-11      #dY:7.7%   
  5.40e-6         1.25336e-9      9.6158e-11       #dY:7.7%   
  6.30e-6         1.3538e-9       1.03864e-10      #dY:7.7%   
  7.40e-6         1.46727e-9      1.12569e-10      #dY:7.7%   
  8.60e-6         1.5818e-9       1.21356e-10      #dY:7.7%   
  1.00e-5         1.70573e-9      1.30864e-10      #dY:7.7%   
  1.20e-5         1.86859e-9      1.44579e-10      #dY:7.7%   
  1.40e-5         2.01836e-9      1.56168e-10      #dY:7.7%   
  1.60e-5         2.15777e-9      1.66954e-10      #dY:7.7%   
  1.80e-5         2.28872e-9      1.77086e-10      #dY:7.7%   
  2.20e-5         2.53038e-9      1.95784e-10      #dY:7.7%   
  2.50e-5         2.69748e-9      2.08713e-10      #dY:7.7%   
  2.90e-5         2.90539e-9      2.248e-10        #dY:7.7%   
  3.40e-5         3.14604e-9      2.41336e-10      #dY:7.7%   
  4.00e-5         3.41253e-9      2.61779e-10      #dY:7.7%   
  4.60e-5         3.65971e-9      2.8074e-10       #dY:7.7%   
  5.40e-5         3.96543e-9      3.04192e-10      #dY:7.7%   
  6.30e-5         4.28343e-9      3.28586e-10      #dY:7.7%   
  7.40e-5         4.642681e-9     3.56145e-10      #dY:7.7%   
  8.60e-5         5.005341e-9     3.83965e-10      #dY:7.7%   
  1.00e-4         5.397841e-9     4.14074e-10      #dY:7.7%   
  1.20e-4         5.913671e-9     4.53181e-10      #dY:7.7%   
  1.40e-4         6.388131e-9     4.8954e-10       #dY:7.7%   
  1.60e-4         6.829851e-9     5.2339e-10       #dY:7.7%   
  1.80e-4         7.244791e-9     5.55188e-10      #dY:7.7%   
  2.20e-4         8.010761e-9     6.13887e-10      #dY:7.7%   
  2.50e-4         8.540491e-9     6.54481e-10      #dY:7.7%   
  2.90e-4         9.199731e-9     7.05001e-10      #dY:7.7%   
  3.40e-4         9.962991e-9     7.5672e-10       #dY:7.6%   
  4.00e-4         1.08084e-8      8.20931e-10      #dY:7.6%   
  4.60e-4         1.15928e-8      8.80509e-10      #dY:7.6%   
  5.40e-4         1.25633e-8      9.54221e-10      #dY:7.6%   
  6.30e-4         1.3573e-8       1.03091e-9       #dY:7.6%   
  7.40e-4         1.47142e-8      1.11759e-9       #dY:7.6%   
  8.60e-4         1.58667e-8      1.20512e-9       #dY:7.6%   
  1.00e-3         1.71144e-8      1.29989e-9       #dY:7.6%   
  1.20e-3         1.8755e-8       1.42227e-9       #dY:7.6%   
  1.40e-3         2.02647e-8      1.53675e-9       #dY:7.6%   
  1.60e-3         2.16708e-8      1.64338e-9       #dY:7.6%   
  1.80e-3         2.29923e-8      1.7436e-9        #dY:7.6%   
  2.20e-3         2.54329e-8      1.92868e-9       #dY:7.6%   
  2.50e-3         2.71217e-8      2.05675e-9       #dY:7.6%   
  2.90e-3         2.92243e-8      2.2162e-9        #dY:7.6%   
  3.40e-3         3.166e-8        2.35512e-9       #dY:7.4%   
  4.00e-3         3.43594e-8      2.55592e-9       #dY:7.4%   
  4.60e-3         3.6865e-8       2.74231e-9       #dY:7.4%   
  5.40e-3         3.99664e-8      2.97301e-9       #dY:7.4%   
  6.30e-3         4.31946e-8      3.21315e-9       #dY:7.4%   
  7.40e-3         4.684431e-8     3.48464e-9       #dY:7.4%   
  8.60e-3         5.053101e-8     3.75889e-9       #dY:7.4%   
  0.01            5.452291e-8     4.05584e-9       #dY:7.4%   
  0.012           5.977141e-8     4.34953e-9       #dY:7.3%   
  0.014           6.460001e-8     4.70091e-9       #dY:7.3%   
  0.016           6.909511e-8     5.02801e-9       #dY:7.3%   
  0.018           7.331691e-8     5.33523e-9       #dY:7.3%   
  0.022           8.110501e-8     5.90197e-9       #dY:7.3%   
  0.025           8.648521e-8     6.29348e-9       #dY:7.3%   
  0.029           9.317161e-8     6.78004e-9       #dY:7.3%   
  0.034           1.00896e-7      7.05747e-9       #dY:7.0%   
  0.04            1.09427e-7      7.6542e-9        #dY:7.0%   
  0.046           1.17313e-7      8.20581e-9       #dY:7.0%   
  0.054           1.27023e-7      8.885e-9         #dY:7.0%   
  0.063           1.37064e-7      9.58735e-9       #dY:7.0%   
  0.074           1.48324e-7      1.0375e-8        #dY:7.0%   
  0.08            1.54075e-7      1.07772e-8       #dY:7.0%   
  0.16            2.14262e-7      1.4248e-8        #dY:6.6%   
  0.24            2.5705e-7       1.8106e-8        #dY:7.0%   
  0.32            2.81448e-7      1.98246e-8       #dY:7.0%   
  0.4             2.9951e-7       2.10968e-8       #dY:7.0%   
  0.48            3.12963e-7      2.0562e-8        #dY:6.6%   
  0.56            3.1951e-7       2.09921e-8       #dY:6.6%   
  0.64            3.23309e-7      2.08053e-8       #dY:6.4%   
  0.72            3.24912e-7      2.09084e-8       #dY:6.4%   
  0.8             3.23995e-7      2.08494e-8       #dY:6.4%   
  0.88            3.21617e-7      1.93729e-8       #dY:6.0%   
  0.96            3.18031e-7      1.91569e-8       #dY:6.0%   
  1.04            3.13716e-7      1.71869e-8       #dY:5.5%   
  1.12            3.08559e-7      1.69044e-8       #dY:5.5%   
  1.2             3.0271e-7       1.65839e-8       #dY:5.5%   
  1.28            2.96446e-7      1.44561e-8       #dY:4.9%   
  1.36            2.89752e-7      1.41296e-8       #dY:4.9%   
  1.44            2.82728e-7      1.1869e-8        #dY:4.2%   
  1.52            2.75447e-7      1.15634e-8       #dY:4.2%   
  1.6             2.67987e-7      1.12502e-8       #dY:4.2%   
  1.68            2.60408e-7      9.02536e-9       #dY:3.5%   
  1.76            2.52671e-7      8.75721e-9       #dY:3.5%   
  1.84            2.44907e-7      6.65207e-9       #dY:2.7%   
  1.92            2.37149e-7      6.44135e-9       #dY:2.7%   
  2               2.29354e-7      6.22962e-9       #dY:2.7%   
  2.08            2.21621e-7      4.39055e-9       #dY:2.0%   
  2.16            2.13971e-7      4.239e-9         #dY:2.0%   
  2.24            2.06452e-7      2.67234e-9       #dY:1.3%   
  2.32            1.99048e-7      2.5765e-9        #dY:1.3%   
  2.4             1.91771e-7      2.48231e-9       #dY:1.3%   
  2.48            1.84694e-7      1.54708e-9       #dY:0.8%   
  2.56            1.77761e-7      1.48901e-9       #dY:0.8%   
  2.64            1.70976e-7      1.70891e-9       #dY:1.0%   
  2.72            1.64436e-7      1.64355e-9       #dY:1.0%   
  2.8             1.58053e-7      1.57975e-9       #dY:1.0%   
  2.88            1.51828e-7      2.44819e-9       #dY:1.6%   
  2.96            1.45872e-7      2.35215e-9       #dY:1.6%   
  3.04            1.40077e-7      3.29947e-9       #dY:2.4%   
  3.12            1.3444e-7       3.16669e-9       #dY:2.4%   
  3.2             1.29076e-7      3.04035e-9       #dY:2.4%   
  3.28            1.23869e-7      3.89842e-9       #dY:3.1%   
  3.36            1.18815e-7      3.73936e-9       #dY:3.1%   
  3.44            1.14036e-7      4.49247e-9       #dY:3.9%   
  3.52            1.09406e-7      4.31007e-9       #dY:3.9%   
  3.6             1.04923e-7      4.13347e-9       #dY:3.9%   
  3.68            1.0068e-7       4.79072e-9       #dY:4.8%   
  3.76            9.657701e-8     4.59549e-9       #dY:4.8%   
  3.84            9.261061e-8     5.15186e-9       #dY:5.6%   
  3.92            8.884511e-8     4.94239e-9       #dY:5.6%   
  4               8.520891e-8     4.74011e-9       #dY:5.6%   
  4.08            8.169851e-8     5.20227e-9       #dY:6.4%   
  4.16            7.836231e-8     4.98983e-9       #dY:6.4%   
  4.24            7.514461e-8     5.39399e-9       #dY:7.2%   
  4.32            7.204171e-8     5.17126e-9       #dY:7.2%   
  4.4             6.909901e-8     4.96003e-9       #dY:7.2%   
  4.48            6.626391e-8     5.27701e-9       #dY:8.0%   
  4.56            6.353291e-8     5.05952e-9       #dY:8.0%   
  4.64            6.093311e-8     5.33123e-9       #dY:8.7%   
  4.72            5.843041e-8     5.11226e-9       #dY:8.7%   
  4.8             5.602151e-8     4.9015e-9        #dY:8.7%   
  4.88            5.370351e-8     5.09977e-9       #dY:9.5%   
  4.96            5.147271e-8     4.88793e-9       #dY:9.5%   
  5.04            4.932601e-8     5.08333e-9       #dY:10.3%  
  5.12            4.729321e-8     4.87384e-9       #dY:10.3%  
  5.2             4.53385e-8      4.67239e-9       #dY:10.3%  
  5.28            4.34588e-8      4.79017e-9       #dY:11.0%  
  5.36            4.16656e-8      4.59251e-9       #dY:11.0%  
  5.44            3.99418e-8      4.70509e-9       #dY:11.8%  
  5.52            3.8285e-8       4.50992e-9       #dY:11.8%  
  5.6             3.67235e-8      4.32598e-9       #dY:11.8%  
  5.68            3.52238e-8      4.38577e-9       #dY:12.5%  
  5.76            3.37834e-8      4.20643e-9       #dY:12.5%  
  5.84            3.2391e-8       4.26934e-9       #dY:13.2%  
  5.92            3.10534e-8      4.09304e-9       #dY:13.2%  
  6               2.97683e-8      3.92365e-9       #dY:13.2%  
  6.08            2.83852e-8      3.91936e-9       #dY:13.8%  
  6.16            2.70506e-8      3.73508e-9       #dY:13.8%  
  6.24            2.57623e-8      3.76236e-9       #dY:14.6%  
  6.32            2.42265e-8      3.53807e-9       #dY:14.6%  
  6.4             2.27333e-8      3.32e-9          #dY:14.6%  
  6.48            2.12811e-8      3.3191e-9        #dY:15.6%  
  6.56            1.99088e-8      3.10507e-9       #dY:15.6%  
  6.64            1.85741e-8      3.19247e-9       #dY:17.2%  
  6.72            1.72754e-8      2.96926e-9       #dY:17.2%  
  6.8             1.63187e-8      2.80482e-9       #dY:17.2%  
  6.88            1.53951e-8      2.9357e-9        #dY:19.1%  
  6.96            1.45032e-8      2.76562e-9       #dY:19.1%  
  7.04            1.3802e-8       2.85621e-9       #dY:20.7%  
  7.12            1.31299e-8      2.71713e-9       #dY:20.7%  
  7.2             1.24856e-8      2.5838e-9        #dY:20.7%  
  7.28            1.19067e-8      2.60489e-9       #dY:21.9%  
  7.36            1.13532e-8      2.4838e-9        #dY:21.9%  
  7.44            1.08241e-8      2.48365e-9       #dY:22.9%  
  7.52            1.03255e-8      2.36924e-9       #dY:22.9%  
  7.6             9.849241e-9     2.25996e-9       #dY:22.9%  
  7.68            9.394311e-9     2.248e-9         #dY:23.9%  
  7.76            8.961021e-9     2.14431e-9       #dY:23.9%  
  7.84            8.547271e-9     2.12717e-9       #dY:24.9%  
  7.92            8.152211e-9     2.02885e-9       #dY:24.9%  
  8               7.775211e-9     1.93502e-9       #dY:24.9%  
  8.08            7.415291e-9     1.91567e-9       #dY:25.8%  
  8.16            7.071701e-9     1.82691e-9       #dY:25.8%  
  8.24            6.743751e-9     1.81242e-9       #dY:26.9%  
  8.32            6.430711e-9     1.72829e-9       #dY:26.9%  
  8.4             6.131941e-9     1.648e-9         #dY:26.9%  
  8.48            5.846801e-9     1.62611e-9       #dY:27.8%  
  8.56            5.574671e-9     1.55042e-9       #dY:27.8%  
  8.64            5.314991e-9     1.52774e-9       #dY:28.7%  
  8.72            5.067201e-9     1.45652e-9       #dY:28.7%  
  8.8             4.830761e-9     1.38856e-9       #dY:28.7%  
  8.88            4.605161e-9     1.36645e-9       #dY:29.7%  
  8.96            4.38993e-9      1.30258e-9       #dY:29.7%  
  9.04            4.1846e-9       1.28441e-9       #dY:30.7%  
  9.12            3.98871e-9      1.22429e-9       #dY:30.7%  
  9.2             3.80186e-9      1.16694e-9       #dY:30.7%  
  9.28            3.62362e-9      1.14551e-9       #dY:31.6%  
  9.36            3.45361e-9      1.09176e-9       #dY:31.6%  
  9.44            3.29145e-9      1.07378e-9       #dY:32.6%  
  9.52            3.1368e-9       1.02333e-9       #dY:32.6%  
  9.6             2.98931e-9      9.7521e-10       #dY:32.6%  
  9.68            2.84866e-9      9.55224e-10      #dY:33.5%  
  9.76            2.71453e-9      9.10247e-10      #dY:33.5%  
  9.84            2.58663e-9      8.93289e-10      #dY:34.5%  
  9.92            2.46467e-9      8.5117e-10       #dY:34.5%  
  10              2.34839e-9      8.11013e-10      #dY:34.5%  
  10.08           2.23752e-9      7.92874e-10      #dY:35.4%  
  10.16           2.13181e-9      7.55416e-10      #dY:35.4%  
  10.24           2.03104e-9      7.39864e-10      #dY:36.4%  
  10.32           1.93497e-9      7.04867e-10      #dY:36.4%  
  10.4            1.84339e-9      6.71507e-10      #dY:36.4%  
  10.48           1.75608e-9      6.57005e-10      #dY:37.4%  
  10.56           1.67287e-9      6.25874e-10      #dY:37.4%  
  10.64           1.59355e-9      6.11887e-10      #dY:38.4%  
  10.72           1.51794e-9      5.82855e-10      #dY:38.4%  
  10.8            1.44588e-9      5.55185e-10      #dY:38.4%  
  10.88           1.3772e-9       5.40924e-10      #dY:39.3%  
  10.96           1.31175e-9      5.15217e-10      #dY:39.3%  
  11.04           1.24938e-9      5.02883e-10      #dY:40.3%  
  11.12           1.18993e-9      4.78954e-10      #dY:40.3%  
  11.2            1.13329e-9      4.56156e-10      #dY:40.3%  
  11.28           1.07931e-9      4.44848e-10      #dY:41.2%  
  11.36           1.02787e-9      4.23646e-10      #dY:41.2%  
  11.44           9.78866e-10     4.12868e-10      #dY:42.2%  
  11.52           9.32169e-10     3.93172e-10      #dY:42.2%  
  11.6            8.87678e-10     3.74407e-10      #dY:42.2%  
  11.68           8.45288e-10     3.65424e-10      #dY:43.2%  
  11.76           8.04903e-10     3.47965e-10      #dY:43.2%  
  11.84           7.66428e-10     3.38625e-10      #dY:44.2%  
  11.92           7.29774e-10     3.22431e-10      #dY:44.2%  
  12              6.94856e-10     3.07003e-10      #dY:44.2%  
  12.08           6.61593e-10     2.98568e-10      #dY:45.1%  
  12.16           6.29908e-10     2.84269e-10      #dY:45.1%  
  12.24           5.99726e-10     2.76288e-10      #dY:46.1%  
  12.32           5.70977e-10     2.63044e-10      #dY:46.1%  
  12.4            5.43593e-10     2.50429e-10      #dY:46.1%  
  12.48           5.17511e-10     2.43749e-10      #dY:47.1%  
  12.56           4.92669e-10     2.32049e-10      #dY:47.1%  
  12.64           4.6901e-10      2.2527e-10       #dY:48.0%  
  12.72           4.46476e-10     2.14446e-10      #dY:48.0%  
  12.8            4.25016e-10     2.04139e-10      #dY:48.0%  
  12.88           4.04579e-10     1.98448e-10      #dY:49.1%  
  12.96           3.85116e-10     1.88901e-10      #dY:49.1%  
  13.04           3.66582e-10     1.83183e-10      #dY:50.0%  
  13.12           3.48932e-10     1.74364e-10      #dY:50.0%  
  13.2            3.32125e-10     1.65965e-10      #dY:50.0%  
  13.28           3.16122e-10     1.6116e-10       #dY:51.0%  
  13.36           3.00883e-10     1.53391e-10      #dY:51.0%  
  13.44           2.86373e-10     1.48591e-10      #dY:51.9%  
  13.52           2.72557e-10     1.41422e-10      #dY:51.9%  
  13.6            2.59403e-10     1.34597e-10      #dY:51.9%  
  13.68           2.46879e-10     1.30563e-10      #dY:52.9%  
  13.76           2.34955e-10     1.24257e-10      #dY:52.9%  
  13.84           2.23602e-10     1.20474e-10      #dY:53.9%  
  13.92           2.12794e-10     1.14651e-10      #dY:53.9%  
  14              2.02504e-10     1.09107e-10      #dY:53.9%  
  14.08           1.92709e-10     1.05728e-10      #dY:54.9%  
  14.16           1.83384e-10     1.00612e-10      #dY:54.9%  
  14.24           1.74507e-10     9.74548e-11      #dY:55.8%  
  14.32           1.66056e-10     9.27352e-11      #dY:55.8%  
  14.4            1.58012e-10     8.8243e-11       #dY:55.8%  
  14.48           1.50355e-10     8.54294e-11      #dY:56.8%  
  14.56           1.43066e-10     8.12879e-11      #dY:56.8%  
  14.64           1.36129e-10     7.86705e-11      #dY:57.8%  
  14.72           1.29525e-10     7.4854e-11       #dY:57.8%  
  14.8            1.2324e-10      7.12218e-11      #dY:57.8%  
  14.88           1.17258e-10     6.88948e-11      #dY:58.8%  
  14.96           1.11564e-10     6.55493e-11      #dY:58.8%  
  15.04           1.06145e-10     6.33773e-11      #dY:59.7%  
  15.12           1.00987e-10     6.02975e-11      #dY:59.7%  
  15.2            9.60785e-11     5.73668e-11      #dY:59.7%  
  15.28           9.1407e-11      5.54492e-11      #dY:60.7%  
  15.36           8.69612e-11     5.27523e-11      #dY:60.7%  
  15.44           8.27303e-11     5.10445e-11      #dY:61.7%  
  15.52           7.8704e-11      4.85603e-11      #dY:61.7%  
  15.6            7.48724e-11     4.61962e-11      #dY:61.7%  
  15.68           7.12262e-11     4.46169e-11      #dY:62.6%  
  15.76           6.77566e-11     4.24435e-11      #dY:62.6%  
  15.84           6.44549e-11     4.09774e-11      #dY:63.6%  
  15.92           6.13132e-11     3.89801e-11      #dY:63.6%  
  16              5.83238e-11     3.70795e-11      #dY:63.6%  
  16.08           5.54792e-11     3.58372e-11      #dY:64.6%  
  16.16           5.27726e-11     3.40889e-11      #dY:64.6%  
  16.24           5.01973e-11     3.29341e-11      #dY:65.6%  
  16.32           4.7747e-11      3.13265e-11      #dY:65.6%  
  16.4            4.54155e-11     2.97968e-11      #dY:65.6%  
  16.48           4.31973e-11     2.87373e-11      #dY:66.5%  
  16.56           4.10869e-11     2.73334e-11      #dY:66.5%  
  16.64           3.9079e-11      2.63892e-11      #dY:67.5%  
  16.72           3.71687e-11     2.50992e-11      #dY:67.5%  
  16.8            3.53512e-11     2.38719e-11      #dY:67.5%  
  16.88           3.36222e-11     2.30388e-11      #dY:68.5%  
  16.96           3.19773e-11     2.19116e-11      #dY:68.5%  
  17.04           3.04124e-11     2.11131e-11      #dY:69.4%  
  17.12           2.89237e-11     2.00796e-11      #dY:69.4%  
  17.2            2.75075e-11     1.90964e-11      #dY:69.4%  
  17.28           2.61603e-11     1.84182e-11      #dY:70.4%  
  17.36           2.48788e-11     1.7516e-11       #dY:70.4%  
  17.44           2.36597e-11     1.68889e-11      #dY:71.4%  
  17.52           2.25e-11        1.60611e-11      #dY:71.4%  
  17.6            2.13969e-11     1.52737e-11      #dY:71.4%  
  17.68           2.03476e-11     1.47224e-11      #dY:72.4%  
  17.76           1.93495e-11     1.40002e-11      #dY:72.4%  
  17.84           1.84002e-11     1.3491e-11       #dY:73.3%  
  17.92           1.74972e-11     1.28289e-11      #dY:73.3%  
  18              1.66383e-11     1.21992e-11      #dY:73.3%  
  18.08           1.58213e-11     1.17659e-11      #dY:74.4%  
  18.16           1.50443e-11     1.11881e-11      #dY:74.4%  
  18.24           1.43053e-11     1.07746e-11      #dY:75.3%  
  18.32           1.36023e-11     1.02451e-11      #dY:75.3%  
  18.4            1.29338e-11     9.74159e-12      #dY:75.3%  
  18.48           1.2298e-11      9.37878e-12      #dY:76.3%  
  18.56           1.16933e-11     8.91762e-12      #dY:76.3%  
  18.64           1.11182e-11     8.58368e-12      #dY:77.2%  
  18.72           1.05712e-11     8.16137e-12      #dY:77.2%  
  18.8            1.00511e-11     7.75984e-12      #dY:77.2%  
  18.88           9.55641e-12     7.47566e-12      #dY:78.2%  
  18.96           9.08597e-12     7.10765e-12      #dY:78.2%  
  19.04           8.63858e-12     6.83779e-12      #dY:79.2%  
  19.12           8.21313e-12     6.50103e-12      #dY:79.2%  
  19.2            7.80855e-12     6.18078e-12      #dY:79.2%  
  19.28           7.42381e-12     5.95118e-12      #dY:80.2%  
  19.36           7.05794e-12     5.65789e-12      #dY:80.2%  
  19.44           6.71003e-12     5.44039e-12      #dY:81.1%  
  19.52           6.3792e-12      5.17216e-12      #dY:81.1%  
  19.6            6.06461e-12     4.91709e-12      #dY:81.1%  
  19.68           5.76546e-12     4.73198e-12      #dY:82.1%  
  19.76           5.48102e-12     4.49853e-12      #dY:82.1%  
  19.84           5.21055e-12     4.32808e-12      #dY:83.1%  
  19.92           4.95337e-12     4.11445e-12      #dY:83.1%  
  20              4.70884e-12     3.91134e-12      #dY:83.1%  
  20.2            0.00            0.00                        
//
#-------------------------------------------------------------------------------
#
#name:   JENDL-5: PU-239(N,F) E_in=13. MeV
#X.axis: Energy
#Y.axis: 
#wdata:  3
#ldata:  382
#data...
# X               Y               +-dY           
# MeV             1/eV            1/eV           
  0.00            0.00            0.00                        
  1.00e-11        1.66873e-12     0.00                        
  1.20e-11        1.828e-12       0.00                        
  1.40e-11        1.97447e-12     0.00                        
  1.60e-11        2.1108e-12      0.00                        
  1.80e-11        2.23884e-12     0.00                        
  2.20e-11        2.47513e-12     0.00                        
  2.50e-11        2.6385e-12      0.00                        
  2.90e-11        2.84175e-12     0.00                        
  3.40e-11        3.07699e-12     2.08184e-13      #dY:6.8%   
  4.00e-11        3.33746e-12     2.25807e-13      #dY:6.8%   
  4.60e-11        3.57903e-12     2.42151e-13      #dY:6.8%   
  5.40e-11        3.87778e-12     2.62364e-13      #dY:6.8%   
  6.30e-11        4.18849e-12     2.83386e-13      #dY:6.8%   
  7.40e-11        4.53944e-12     3.07131e-13      #dY:6.8%   
  8.60e-11        4.89369e-12     3.31099e-13      #dY:6.8%   
  1.00e-10        5.277e-12       4.17293e-13      #dY:7.9%   
  1.20e-10        5.78066e-12     4.57122e-13      #dY:7.9%   
  1.40e-10        6.24383e-12     4.93748e-13      #dY:7.9%   
  1.60e-10        6.67494e-12     5.27839e-13      #dY:7.9%   
  1.80e-10        7.07984e-12     5.59858e-13      #dY:7.9%   
  2.20e-10        7.82706e-12     6.18946e-13      #dY:7.9%   
  2.50e-10        8.34367e-12     6.59799e-13      #dY:7.9%   
  2.90e-10        8.98641e-12     7.10625e-13      #dY:7.9%   
  3.40e-10        9.73031e-12     7.62892e-13      #dY:7.8%   
  4.00e-10        1.0554e-11      8.27472e-13      #dY:7.8%   
  4.60e-10        1.13179e-11     8.87364e-13      #dY:7.8%   
  5.40e-10        1.22627e-11     9.6144e-13       #dY:7.8%   
  6.30e-10        1.32452e-11     1.03847e-12      #dY:7.8%   
  7.40e-10        1.4355e-11      1.12548e-12      #dY:7.8%   
  8.60e-10        1.54752e-11     1.21331e-12      #dY:7.8%   
  1.00e-9         1.66874e-11     1.30835e-12      #dY:7.8%   
  1.20e-9         1.82801e-11     1.44554e-12      #dY:7.9%   
  1.40e-9         1.97448e-11     1.56137e-12      #dY:7.9%   
  1.60e-9         2.11081e-11     1.66917e-12      #dY:7.9%   
  1.80e-9         2.23885e-11     1.77042e-12      #dY:7.9%   
  2.20e-9         2.47514e-11     1.95727e-12      #dY:7.9%   
  2.50e-9         2.63851e-11     2.08646e-12      #dY:7.9%   
  2.90e-9         2.84177e-11     2.2472e-12       #dY:7.9%   
  3.40e-9         3.07701e-11     2.41251e-12      #dY:7.8%   
  4.00e-9         3.33749e-11     2.61674e-12      #dY:7.8%   
  4.60e-9         3.57906e-11     2.80614e-12      #dY:7.8%   
  5.40e-9         3.87782e-11     3.04038e-12      #dY:7.8%   
  6.30e-9         4.18853e-11     3.28399e-12      #dY:7.8%   
  7.40e-9         4.53949e-11     3.55916e-12      #dY:7.8%   
  8.60e-9         4.89374e-11     3.83691e-12      #dY:7.8%   
  1.00e-8         5.27706e-11     4.17294e-12      #dY:7.9%   
  1.20e-8         5.78074e-11     4.57123e-12      #dY:7.9%   
  1.40e-8         6.24392e-11     4.9375e-12       #dY:7.9%   
  1.60e-8         6.67504e-11     5.27842e-12      #dY:7.9%   
  1.80e-8         7.07995e-11     5.59861e-12      #dY:7.9%   
  2.20e-8         7.8272e-11      6.18951e-12      #dY:7.9%   
  2.50e-8         8.34383e-11     6.59805e-12      #dY:7.9%   
  2.90e-8         8.9866e-11      7.10633e-12      #dY:7.9%   
  3.40e-8         9.73053e-11     7.62897e-12      #dY:7.8%   
  4.00e-8         1.05543e-10     8.27483e-12      #dY:7.8%   
  4.60e-8         1.13182e-10     8.87375e-12      #dY:7.8%   
  5.40e-8         1.2263e-10      9.61449e-12      #dY:7.8%   
  6.30e-8         1.32456e-10     1.03849e-11      #dY:7.8%   
  7.40e-8         1.43555e-10     1.12551e-11      #dY:7.8%   
  8.60e-8         1.54758e-10     1.21334e-11      #dY:7.8%   
  1.00e-7         1.6688e-10      1.30838e-11      #dY:7.8%   
  1.20e-7         1.82809e-10     1.44554e-11      #dY:7.9%   
  1.40e-7         1.97457e-10     1.56137e-11      #dY:7.9%   
  1.60e-7         2.11091e-10     1.66918e-11      #dY:7.9%   
  1.80e-7         2.23897e-10     1.77044e-11      #dY:7.9%   
  2.20e-7         2.47529e-10     1.95731e-11      #dY:7.9%   
  2.50e-7         2.63868e-10     2.0865e-11       #dY:7.9%   
  2.90e-7         2.84196e-10     2.24725e-11      #dY:7.9%   
  3.40e-7         3.07723e-10     2.41249e-11      #dY:7.8%   
  4.00e-7         3.33775e-10     2.61673e-11      #dY:7.8%   
  4.60e-7         3.57936e-10     2.80615e-11      #dY:7.8%   
  5.40e-7         3.87817e-10     3.04041e-11      #dY:7.8%   
  6.30e-7         4.18894e-10     3.28405e-11      #dY:7.8%   
  7.40e-7         4.53998e-10     3.55926e-11      #dY:7.8%   
  8.60e-7         4.89431e-10     3.83704e-11      #dY:7.8%   
  1.00e-6         5.27772e-10     4.13763e-11      #dY:7.8%   
  1.20e-6         5.78153e-10     4.57145e-11      #dY:7.9%   
  1.40e-6         6.24485e-10     4.9378e-11       #dY:7.9%   
  1.60e-6         6.6761e-10      5.27879e-11      #dY:7.9%   
  1.80e-6         7.08115e-10     5.59906e-11      #dY:7.9%   
  2.20e-6         7.82867e-10     6.19012e-11      #dY:7.9%   
  2.50e-6         8.34551e-10     6.59879e-11      #dY:7.9%   
  2.90e-6         8.98855e-10     7.10724e-11      #dY:7.9%   
  3.40e-6         9.73283e-10     7.62988e-11      #dY:7.8%   
  4.00e-6         1.0557e-9       8.27597e-11      #dY:7.8%   
  4.60e-6         1.13213e-9      8.87513e-11      #dY:7.8%   
  5.40e-6         1.22667e-9      9.61626e-11      #dY:7.8%   
  6.30e-6         1.32499e-9      1.0387e-10       #dY:7.8%   
  7.40e-6         1.43606e-9      1.12577e-10      #dY:7.8%   
  8.60e-6         1.54817e-9      1.21366e-10      #dY:7.8%   
  1.00e-5         1.6695e-9       1.30877e-10      #dY:7.8%   
  1.20e-5         1.82893e-9      1.44587e-10      #dY:7.9%   
  1.40e-5         1.97555e-9      1.56178e-10      #dY:7.9%   
  1.60e-5         2.11204e-9      1.66969e-10      #dY:7.9%   
  1.80e-5         2.24024e-9      1.77103e-10      #dY:7.9%   
  2.20e-5         2.47686e-9      1.9581e-10       #dY:7.9%   
  2.50e-5         2.64047e-9      2.08744e-10      #dY:7.9%   
  2.90e-5         2.84405e-9      2.24838e-10      #dY:7.9%   
  3.40e-5         3.0797e-9       2.41353e-10      #dY:7.8%   
  4.00e-5         3.34067e-9      2.61805e-10      #dY:7.8%   
  4.60e-5         3.58274e-9      2.80776e-10      #dY:7.8%   
  5.40e-5         3.88217e-9      3.04242e-10      #dY:7.8%   
  6.30e-5         4.19363e-9      3.2865e-10       #dY:7.8%   
  7.40e-5         4.54553e-9      3.56229e-10      #dY:7.8%   
  8.60e-5         4.9008e-9       3.84071e-10      #dY:7.8%   
  1.00e-4         5.28532e-9      4.14205e-10      #dY:7.8%   
  1.20e-4         5.79073e-9      4.53254e-10      #dY:7.8%   
  1.40e-4         6.25566e-9      4.89645e-10      #dY:7.8%   
  1.60e-4         6.68854e-9      5.23528e-10      #dY:7.8%   
  1.80e-4         7.09525e-9      5.55362e-10      #dY:7.8%   
  2.20e-4         7.84603e-9      6.14127e-10      #dY:7.8%   
  2.50e-4         8.36535e-9      6.54776e-10      #dY:7.8%   
  2.90e-4         9.01173e-9      7.05369e-10      #dY:7.8%   
  3.40e-4         9.760209e-9     7.56889e-10      #dY:7.8%   
  4.00e-4         1.05894e-8      8.21191e-10      #dY:7.8%   
  4.60e-4         1.13589e-8      8.80865e-10      #dY:7.8%   
  5.40e-4         1.23111e-8      9.54706e-10      #dY:7.8%   
  6.30e-4         1.3302e-8       1.03155e-9       #dY:7.8%   
  7.40e-4         1.44222e-8      1.11842e-9       #dY:7.8%   
  8.60e-4         1.55537e-8      1.20616e-9       #dY:7.8%   
  1.00e-3         1.67791e-8      1.30119e-9       #dY:7.8%   
  1.20e-3         1.83909e-8      1.42299e-9       #dY:7.7%   
  1.40e-3         1.98745e-8      1.53779e-9       #dY:7.7%   
  1.60e-3         2.12568e-8      1.64474e-9       #dY:7.7%   
  1.80e-3         2.25563e-8      1.74529e-9       #dY:7.7%   
  2.20e-3         2.49571e-8      1.93105e-9       #dY:7.7%   
  2.50e-3         2.66191e-8      2.05965e-9       #dY:7.7%   
  2.90e-3         2.86893e-8      2.21983e-9       #dY:7.7%   
  3.40e-3         3.10885e-8      2.35676e-9       #dY:7.6%   
  4.00e-3         3.37489e-8      2.55844e-9       #dY:7.6%   
  4.60e-3         3.62197e-8      2.74575e-9       #dY:7.6%   
  5.40e-3         3.92798e-8      2.97773e-9       #dY:7.6%   
  6.30e-3         4.24672e-8      3.21936e-9       #dY:7.6%   
  7.40e-3         4.60733e-8      3.49273e-9       #dY:7.6%   
  8.60e-3         4.97187e-8      3.76908e-9       #dY:7.6%   
  0.01            5.36691e-8      4.06855e-9       #dY:7.6%   
  0.012           5.88681e-8      4.35645e-9       #dY:7.4%   
  0.014           6.36561e-8      4.71078e-9       #dY:7.4%   
  0.016           6.81178e-8      5.04096e-9       #dY:7.4%   
  0.018           7.2312e-8       5.35134e-9       #dY:7.4%   
  0.022           8.0059e-8       5.92465e-9       #dY:7.4%   
  0.025           8.54184e-8      6.32126e-9       #dY:7.4%   
  0.029           9.20872e-8      6.81478e-9       #dY:7.4%   
  0.034           9.980379e-8     7.0729e-9        #dY:7.1%   
  0.04            1.08341e-7      7.67792e-9       #dY:7.1%   
  0.046           1.16246e-7      8.23813e-9       #dY:7.1%   
  0.054           1.26e-7         8.92938e-9       #dY:7.1%   
  0.063           1.36109e-7      9.64579e-9       #dY:7.1%   
  0.074           1.47473e-7      1.04511e-8       #dY:7.1%   
  0.086           1.58874e-7      1.12591e-8       #dY:7.1%   
  0.0866667       1.59481e-7      1.13021e-8       #dY:7.1%   
  0.173333        2.22974e-7      1.49001e-8       #dY:6.7%   
  0.26            2.68573e-7      1.89041e-8       #dY:7.0%   
  0.346667        2.93152e-7      2.06342e-8       #dY:7.0%   
  0.433333        3.11222e-7      2.01497e-8       #dY:6.5%   
  0.52            3.2457e-7       2.10139e-8       #dY:6.5%   
  0.606667        3.29527e-7      2.07606e-8       #dY:6.3%   
  0.693333        3.31718e-7      2.08986e-8       #dY:6.3%   
  0.78            3.31717e-7      2.08985e-8       #dY:6.3%   
  0.866667        3.28641e-7      1.93637e-8       #dY:5.9%   
  0.953333        3.24131e-7      1.9098e-8        #dY:5.9%   
  1.04            3.18448e-7      1.71147e-8       #dY:5.4%   
  1.12667         3.11458e-7      1.6739e-8        #dY:5.4%   
  1.21333         3.03686e-7      1.46315e-8       #dY:4.8%   
  1.3             2.95308e-7      1.42278e-8       #dY:4.8%   
  1.38667         2.86695e-7      1.38129e-8       #dY:4.8%   
  1.47333         2.77734e-7      1.16371e-8       #dY:4.2%   
  1.56            2.68522e-7      1.12511e-8       #dY:4.2%   
  1.64667         2.59538e-7      9.07203e-9       #dY:3.5%   
  1.73333         2.50448e-7      8.7543e-9        #dY:3.5%   
  1.82            2.4131e-7       6.67077e-9       #dY:2.8%   
  1.90667         2.32654e-7      6.43148e-9       #dY:2.8%   
  1.99333         2.24033e-7      6.19316e-9       #dY:2.8%   
  2.08            2.1548e-7       4.37403e-9       #dY:2.0%   
  2.16667         2.07416e-7      4.21034e-9       #dY:2.0%   
  2.25333         1.99468e-7      2.65465e-9       #dY:1.3%   
  2.34            1.91652e-7      2.55063e-9       #dY:1.3%   
  2.42667         1.84191e-7      1.58729e-9       #dY:0.9%   
  2.51333         1.76887e-7      1.52435e-9       #dY:0.9%   
  2.6             1.6975e-7       1.46284e-9       #dY:0.9%   
  2.68667         1.62904e-7      1.67347e-9       #dY:1.0%   
  2.77333         1.56236e-7      1.60497e-9       #dY:1.0%   
  2.86            1.49748e-7      2.4772e-9        #dY:1.7%   
  2.94667         1.4355e-7       2.37467e-9       #dY:1.7%   
  3.03333         1.37533e-7      3.31602e-9       #dY:2.4%   
  3.12            1.31699e-7      3.17536e-9       #dY:2.4%   
  3.20667         1.26135e-7      4.05357e-9       #dY:3.2%   
  3.29333         1.2075e-7       3.88051e-9       #dY:3.2%   
  3.38            1.15541e-7      3.71311e-9       #dY:3.2%   
  3.46667         1.10601e-7      4.43869e-9       #dY:4.0%   
  3.55333         1.05831e-7      4.24726e-9       #dY:4.0%   
  3.64            1.01228e-7      4.89656e-9       #dY:4.8%   
  3.72667         9.686089e-8     4.68532e-9       #dY:4.8%   
  3.81333         9.2652e-8       5.23018e-9       #dY:5.6%   
  3.9             8.85969e-8      5.00127e-9       #dY:5.6%   
  3.98667         8.47364e-8      4.78335e-9       #dY:5.6%   
  4.07333         8.10207e-8      5.22707e-9       #dY:6.5%   
  4.16            7.74454e-8      4.99641e-9       #dY:6.5%   
  4.24667         7.40566e-8      5.37934e-9       #dY:7.3%   
  4.33333         7.07992e-8      5.14273e-9       #dY:7.3%   
  4.42            6.76687e-8      5.4471e-9        #dY:8.0%   
  4.50667         6.47095e-8      5.20889e-9       #dY:8.0%   
  4.59333         6.18684e-8      4.9802e-9        #dY:8.0%   
  4.68            5.91411e-8      5.22538e-9       #dY:8.8%   
  4.76667         5.65615e-8      4.99746e-9       #dY:8.8%   
  4.85333         5.40873e-8      5.18034e-9       #dY:9.6%   
  4.94            5.17147e-8      4.9531e-9        #dY:9.6%   
  5.02667         4.94669e-8      5.13031e-9       #dY:10.4%  
  5.11333         4.73129e-8      4.90692e-9       #dY:10.4%  
  5.2             4.52488e-8      4.69284e-9       #dY:10.4%  
  5.28667         4.32924e-8      4.78755e-9       #dY:11.1%  
  5.37333         4.14189e-8      4.58036e-9       #dY:11.1%  
  5.46            3.96248e-8      4.66856e-9       #dY:11.8%  
  5.54667         3.79136e-8      4.46695e-9       #dY:11.8%  
  5.63333         3.62754e-8      4.50183e-9       #dY:12.4%  
  5.72            3.47072e-8      4.30721e-9       #dY:12.4%  
  5.80667         3.3182e-8       4.3485e-9        #dY:13.1%  
  5.89333         3.17208e-8      4.15701e-9       #dY:13.1%  
  5.98            3.03211e-8      3.97358e-9       #dY:13.1%  
  6.06667         2.90054e-8      3.97605e-9       #dY:13.7%  
  6.15333         2.77458e-8      3.80339e-9       #dY:13.7%  
  6.24            2.654e-8        3.81236e-9       #dY:14.4%  
  6.32667         2.53922e-8      3.64749e-9       #dY:14.4%  
  6.41333         2.42934e-8      3.61987e-9       #dY:14.9%  
  6.5             2.32416e-8      3.46315e-9       #dY:14.9%  
  6.58667         2.22589e-8      3.31672e-9       #dY:14.9%  
  6.67333         2.1319e-8       3.301e-9         #dY:15.5%  
  6.76            2.04199e-8      3.16179e-9       #dY:15.5%  
  6.84667         1.95348e-8      3.12711e-9       #dY:16.0%  
  6.93333         1.86869e-8      2.99138e-9       #dY:16.0%  
  7.02            1.78745e-8      2.95376e-9       #dY:16.5%  
  7.10667         1.69374e-8      2.7989e-9        #dY:16.5%  
  7.19333         1.60327e-8      2.6494e-9        #dY:16.5%  
  7.28            1.51589e-8      2.59308e-9       #dY:17.1%  
  7.36667         1.40066e-8      2.39596e-9       #dY:17.1%  
  7.45333         1.28823e-8      2.34494e-9       #dY:18.2%  
  7.54            1.17848e-8      2.14517e-9       #dY:18.2%  
  7.62667         1.08775e-8      2.21033e-9       #dY:20.3%  
  7.71333         9.994479e-9     2.0309e-9        #dY:20.3%  
  7.8             9.13466e-9      1.85618e-9       #dY:20.3%  
  7.88667         8.58272e-9      1.95801e-9       #dY:22.8%  
  7.97333         8.05184e-9      1.8369e-9        #dY:22.8%  
  8.06            7.54101e-9      1.89078e-9       #dY:25.1%  
  8.14667         7.14762e-9      1.79214e-9       #dY:25.1%  
  8.23333         6.77243e-9      1.81033e-9       #dY:26.7%  
  8.32            6.41458e-9      1.71468e-9       #dY:26.7%  
  8.40667         6.09118e-9      1.69629e-9       #dY:27.8%  
  8.49333         5.78351e-9      1.61061e-9       #dY:27.8%  
  8.58            5.4908e-9       1.52909e-9       #dY:27.8%  
  8.66667         5.21508e-9      1.50345e-9       #dY:28.8%  
  8.75333         4.95293e-9      1.42788e-9       #dY:28.8%  
  8.84            4.70369e-9      1.39983e-9       #dY:29.8%  
  8.92667         4.46714e-9      1.32943e-9       #dY:29.8%  
  9.01333         4.24229e-9      1.30544e-9       #dY:30.8%  
  9.1             4.02858e-9      1.23968e-9       #dY:30.8%  
  9.18667         3.82551e-9      1.17719e-9       #dY:30.8%  
  9.27333         3.63253e-9      1.15066e-9       #dY:31.7%  
  9.36            3.44913e-9      1.09256e-9       #dY:31.7%  
  9.44667         3.27487e-9      1.06991e-9       #dY:32.7%  
  9.53333         3.10928e-9      1.01581e-9       #dY:32.7%  
  9.62            2.95195e-9      9.907e-10        #dY:33.6%  
  9.70667         2.80246e-9      9.4053e-10       #dY:33.6%  
  9.79333         2.66045e-9      8.9287e-10       #dY:33.6%  
  9.88            2.52553e-9      8.72437e-10      #dY:34.5%  
  9.96667         2.39737e-9      8.28164e-10      #dY:34.5%  
  10.0533         2.27562e-9      8.06112e-10      #dY:35.4%  
  10.14           2.15998e-9      7.65148e-10      #dY:35.4%  
  10.2267         2.05014e-9      7.46123e-10      #dY:36.4%  
  10.3133         1.94582e-9      7.08157e-10      #dY:36.4%  
  10.4            1.84674e-9      6.72098e-10      #dY:36.4%  
  10.4867         1.75264e-9      6.54718e-10      #dY:37.4%  
  10.5733         1.66328e-9      6.21337e-10      #dY:37.4%  
  10.66           1.57843e-9      6.04785e-10      #dY:38.3%  
  10.7467         1.49785e-9      5.7391e-10       #dY:38.3%  
  10.8333         1.42135e-9      5.56713e-10      #dY:39.2%  
  10.92           1.3487e-9       5.28258e-10      #dY:39.2%  
  11.0067         1.27973e-9      5.13355e-10      #dY:40.1%  
  11.0933         1.21425e-9      4.87088e-10      #dY:40.1%  
  11.18           1.15208e-9      4.62149e-10      #dY:40.1%  
  11.2667         1.09306e-9      4.48715e-10      #dY:41.1%  
  11.3533         1.03703e-9      4.25714e-10      #dY:41.1%  
  11.44           9.83849e-10     4.13037e-10      #dY:42.0%  
  11.5267         9.33364e-10     3.91842e-10      #dY:42.0%  
  11.6133         8.85445e-10     3.80758e-10      #dY:43.0%  
  11.7            8.39962e-10     3.61199e-10      #dY:43.0%  
  11.7867         7.96792e-10     3.42636e-10      #dY:43.0%  
  11.8733         7.5582e-10      3.31966e-10      #dY:43.9%  
  11.96           7.16935e-10     3.14887e-10      #dY:43.9%  
  12.0467         6.80032e-10     3.04873e-10      #dY:44.8%  
  12.1333         6.45011e-10     2.89172e-10      #dY:44.8%  
  12.22           6.11777e-10     2.79802e-10      #dY:45.7%  
  12.3067         5.8024e-10      2.65378e-10      #dY:45.7%  
  12.3933         5.50315e-10     2.51692e-10      #dY:45.7%  
  12.48           5.21919e-10     2.43892e-10      #dY:46.7%  
  12.5667         4.94976e-10     2.31302e-10      #dY:46.7%  
  12.6533         4.69412e-10     2.23537e-10      #dY:47.6%  
  12.74           4.45158e-10     2.11987e-10      #dY:47.6%  
  12.8267         4.22146e-10     2.05157e-10      #dY:48.6%  
  12.9133         4.00314e-10     1.94547e-10      #dY:48.6%  
  13              3.79602e-10     1.84481e-10      #dY:48.6%  
  13.0867         3.59953e-10     1.78097e-10      #dY:49.5%  
  13.1733         3.41313e-10     1.68874e-10      #dY:49.5%  
  13.26           3.2363e-10      1.63248e-10      #dY:50.4%  
  13.3467         3.06857e-10     1.54787e-10      #dY:50.4%  
  13.4333         2.90947e-10     1.49267e-10      #dY:51.3%  
  13.52           2.75855e-10     1.41524e-10      #dY:51.3%  
  13.6067         2.6154e-10      1.3667e-10       #dY:52.3%  
  13.6933         2.47962e-10     1.29575e-10      #dY:52.3%  
  13.78           2.35085e-10     1.22846e-10      #dY:52.3%  
  13.8667         2.22871e-10     1.1857e-10       #dY:53.2%  
  13.9533         2.11287e-10     1.12407e-10      #dY:53.2%  
  14.04           2.00301e-10     1.08431e-10      #dY:54.1%  
  14.1267         1.89882e-10     1.02791e-10      #dY:54.1%  
  14.2133         1.80002e-10     9.91164e-11      #dY:55.1%  
  14.3            1.70632e-10     9.39569e-11      #dY:55.1%  
  14.3867         1.61747e-10     8.90644e-11      #dY:55.1%  
  14.4733         1.53321e-10     8.58366e-11      #dY:56.0%  
  14.56           1.45331e-10     8.13634e-11      #dY:56.0%  
  14.6467         1.37755e-10     7.83842e-11      #dY:56.9%  
  14.7333         1.30571e-10     7.42964e-11      #dY:56.9%  
  14.82           1.23759e-10     7.15426e-11      #dY:57.8%  
  14.9067         1.17301e-10     6.78094e-11      #dY:57.8%  
  14.9933         1.11177e-10     6.42692e-11      #dY:57.8%  
  15.08           1.05372e-10     6.18586e-11      #dY:58.7%  
  15.1667         9.98671e-11     5.8627e-11       #dY:58.7%  
  15.2533         9.46483e-11     5.64084e-11      #dY:59.6%  
  15.34           8.97007e-11     5.34597e-11      #dY:59.6%  
  15.4267         8.50101e-11     5.1493e-11       #dY:60.6%  
  15.5133         8.05634e-11     4.87995e-11      #dY:60.6%  
  15.6            7.63478e-11     4.6246e-11       #dY:60.6%  
  15.6867         7.23516e-11     4.44619e-11      #dY:61.5%  
  15.7733         6.85634e-11     4.21339e-11      #dY:61.5%  
  15.86           6.49724e-11     4.04922e-11      #dY:62.3%  
  15.9467         6.15684e-11     3.83708e-11      #dY:62.3%  
  16.0333         5.83417e-11     3.69149e-11      #dY:63.3%  
  16.12           5.52832e-11     3.49797e-11      #dY:63.3%  
  16.2067         5.23842e-11     3.36407e-11      #dY:64.2%  
  16.2933         4.96364e-11     3.18761e-11      #dY:64.2%  
  16.38           4.70319e-11     3.02035e-11      #dY:64.2%  
  16.4667         4.45634e-11     2.89965e-11      #dY:65.1%  
  16.5533         4.22237e-11     2.74741e-11      #dY:65.1%  
  16.64           4.00062e-11     2.64023e-11      #dY:66.0%  
  16.7267         3.79046e-11     2.50153e-11      #dY:66.0%  
  16.8133         3.59128e-11     2.40316e-11      #dY:66.9%  
  16.9            3.40252e-11     2.27684e-11      #dY:66.9%  
  16.9867         3.22363e-11     2.15714e-11      #dY:66.9%  
  17.0733         3.05409e-11     2.069e-11        #dY:67.7%  
  17.16           2.89343e-11     1.96016e-11      #dY:67.7%  
  17.2467         2.74118e-11     1.8818e-11       #dY:68.6%  
  17.3333         2.5969e-11      1.78275e-11      #dY:68.6%  
  17.42           2.46017e-11     1.71098e-11      #dY:69.5%  
  17.5067         2.33061e-11     1.62087e-11      #dY:69.5%  
  17.5933         2.20784e-11     1.53549e-11      #dY:69.5%  
  17.68           2.09151e-11     1.47327e-11      #dY:70.4%  
  17.7667         1.98128e-11     1.39562e-11      #dY:70.4%  
  17.8533         1.87683e-11     1.33861e-11      #dY:71.3%  
  17.94           1.77786e-11     1.26802e-11      #dY:71.3%  
  18.0267         1.68409e-11     1.21733e-11      #dY:72.3%  
  18.1133         1.59524e-11     1.1531e-11       #dY:72.3%  
  18.2            1.51106e-11     1.09226e-11      #dY:72.3%  
  18.2867         1.4313e-11      1.04702e-11      #dY:73.2%  
  18.3733         1.35573e-11     9.91741e-12      #dY:73.2%  
  18.46           1.28413e-11     9.50366e-12      #dY:74.0%  
  18.5467         1.2163e-11      9.00166e-12      #dY:74.0%  
  18.6333         1.15204e-11     8.62413e-12      #dY:74.9%  
  18.72           1.09115e-11     8.16831e-12      #dY:74.9%  
  18.8067         1.03347e-11     7.83283e-12      #dY:75.8%  
  18.8933         9.78831e-12     7.41872e-12      #dY:75.8%  
  18.98           9.27065e-12     7.02637e-12      #dY:75.8%  
  19.0667         8.78025e-12     6.72822e-12      #dY:76.6%  
  19.1533         8.31568e-12     6.37222e-12      #dY:76.6%  
  19.24           7.8756e-12      6.10673e-12      #dY:77.5%  
  19.3267         7.45871e-12     5.78348e-12      #dY:77.5%  
  19.4133         7.0638e-12      5.53523e-12      #dY:78.4%  
  19.5            6.68971e-12     5.24209e-12      #dY:78.4%  
  19.5867         6.33536e-12     4.96442e-12      #dY:78.4%  
  19.6733         5.9997e-12      4.75538e-12      #dY:79.3%  
  19.76           5.68175e-12     4.50337e-12      #dY:79.3%  
  19.8467         5.38059e-12     4.31237e-12      #dY:80.1%  
  19.9333         5.09533e-12     4.08375e-12      #dY:80.1%  
  20.1333         0.00            0.00                        
//
#-------------------------------------------------------------------------------
#
#name:   JENDL-5: PU-239(N,F) E_in=14. MeV
#X.axis: Energy
#Y.axis: 
#wdata:  3
#ldata:  366
#data...
# X               Y               +-dY           
# MeV             1/eV            1/eV           
  0.00            0.00            0.00                        
  1.00e-11        1.63107e-12     0.00                        
  1.20e-11        1.78675e-12     0.00                        
  1.40e-11        1.92991e-12     0.00                        
  1.60e-11        2.06316e-12     0.00                        
  1.80e-11        2.18832e-12     0.00                        
  2.20e-11        2.41927e-12     0.00                        
  2.50e-11        2.57895e-12     0.00                        
  2.90e-11        2.77762e-12     0.00                        
  3.40e-11        3.00755e-12     2.08184e-13      #dY:6.9%   
  4.00e-11        3.26215e-12     2.25807e-13      #dY:6.9%   
  4.60e-11        3.49826e-12     2.42151e-13      #dY:6.9%   
  5.40e-11        3.79027e-12     2.62364e-13      #dY:6.9%   
  6.30e-11        4.09396e-12     2.83386e-13      #dY:6.9%   
  7.40e-11        4.437e-12       3.07131e-13      #dY:6.9%   
  8.60e-11        4.78325e-12     3.31099e-13      #dY:6.9%   
  1.00e-10        5.15791e-12     4.17293e-13      #dY:8.1%   
  1.20e-10        5.65021e-12     4.57122e-13      #dY:8.1%   
  1.40e-10        6.10293e-12     4.93749e-13      #dY:8.1%   
  1.60e-10        6.5243e-12      5.27839e-13      #dY:8.1%   
  1.80e-10        6.92007e-12     5.59858e-13      #dY:8.1%   
  2.20e-10        7.65042e-12     6.18946e-13      #dY:8.1%   
  2.50e-10        8.15538e-12     6.59799e-13      #dY:8.1%   
  2.90e-10        8.78362e-12     7.10626e-13      #dY:8.1%   
  3.40e-10        9.51073e-12     7.62892e-13      #dY:8.0%   
  4.00e-10        1.03158e-11     8.2747e-13       #dY:8.0%   
  4.60e-10        1.10625e-11     8.87365e-13      #dY:8.0%   
  5.40e-10        1.19859e-11     9.61435e-13      #dY:8.0%   
  6.30e-10        1.29463e-11     1.03847e-12      #dY:8.0%   
  7.40e-10        1.40311e-11     1.12549e-12      #dY:8.0%   
  8.60e-10        1.5126e-11      1.21331e-12      #dY:8.0%   
  1.00e-9         1.63108e-11     1.30835e-12      #dY:8.0%   
  1.20e-9         1.78676e-11     1.44554e-12      #dY:8.1%   
  1.40e-9         1.92992e-11     1.56136e-12      #dY:8.1%   
  1.60e-9         2.06317e-11     1.66917e-12      #dY:8.1%   
  1.80e-9         2.18833e-11     1.77043e-12      #dY:8.1%   
  2.20e-9         2.41929e-11     1.95728e-12      #dY:8.1%   
  2.50e-9         2.57897e-11     2.08646e-12      #dY:8.1%   
  2.90e-9         2.77764e-11     2.24719e-12      #dY:8.1%   
  3.40e-9         3.00757e-11     2.41251e-12      #dY:8.0%   
  4.00e-9         3.26217e-11     2.61674e-12      #dY:8.0%   
  4.60e-9         3.49829e-11     2.80614e-12      #dY:8.0%   
  5.40e-9         3.79031e-11     3.04038e-12      #dY:8.0%   
  6.30e-9         4.094e-11       3.28399e-12      #dY:8.0%   
  7.40e-9         4.43705e-11     3.55916e-12      #dY:8.0%   
  8.60e-9         4.78331e-11     3.83691e-12      #dY:8.0%   
  1.00e-8         5.15798e-11     4.17294e-12      #dY:8.1%   
  1.20e-8         5.65029e-11     4.57123e-12      #dY:8.1%   
  1.40e-8         6.10301e-11     4.9375e-12       #dY:8.1%   
  1.60e-8         6.5244e-11      5.27841e-12      #dY:8.1%   
  1.80e-8         6.92018e-11     5.59861e-12      #dY:8.1%   
  2.20e-8         7.65057e-11     6.18951e-12      #dY:8.1%   
  2.50e-8         8.15554e-11     6.59805e-12      #dY:8.1%   
  2.90e-8         8.7838e-11      7.10633e-12      #dY:8.1%   
  3.40e-8         9.51095e-11     7.62898e-12      #dY:8.0%   
  4.00e-8         1.03161e-10     8.27481e-12      #dY:8.0%   
  4.60e-8         1.10628e-10     8.87376e-12      #dY:8.0%   
  5.40e-8         1.19863e-10     9.61452e-12      #dY:8.0%   
  6.30e-8         1.29467e-10     1.03849e-11      #dY:8.0%   
  7.40e-8         1.40315e-10     1.1255e-11       #dY:8.0%   
  8.60e-8         1.51266e-10     1.21334e-11      #dY:8.0%   
  1.00e-7         1.63114e-10     1.30838e-11      #dY:8.0%   
  1.20e-7         1.78684e-10     1.44554e-11      #dY:8.1%   
  1.40e-7         1.93001e-10     1.56137e-11      #dY:8.1%   
  1.60e-7         2.06328e-10     1.66918e-11      #dY:8.1%   
  1.80e-7         2.18844e-10     1.77043e-11      #dY:8.1%   
  2.20e-7         2.41944e-10     1.95731e-11      #dY:8.1%   
  2.50e-7         2.57913e-10     2.0865e-11       #dY:8.1%   
  2.90e-7         2.77783e-10     2.24725e-11      #dY:8.1%   
  3.40e-7         3.00779e-10     2.41249e-11      #dY:8.0%   
  4.00e-7         3.26243e-10     2.61673e-11      #dY:8.0%   
  4.60e-7         3.49859e-10     2.80615e-11      #dY:8.0%   
  5.40e-7         3.79066e-10     3.04041e-11      #dY:8.0%   
  6.30e-7         4.09442e-10     3.28405e-11      #dY:8.0%   
  7.40e-7         4.43754e-10     3.55926e-11      #dY:8.0%   
  8.60e-7         4.78387e-10     3.83705e-11      #dY:8.0%   
  1.00e-6         5.15864e-10     4.13764e-11      #dY:8.0%   
  1.20e-6         5.65108e-10     4.57146e-11      #dY:8.1%   
  1.40e-6         6.10394e-10     4.9378e-11       #dY:8.1%   
  1.60e-6         6.52547e-10     5.2788e-11       #dY:8.1%   
  1.80e-6         6.92138e-10     5.59907e-11      #dY:8.1%   
  2.20e-6         7.65204e-10     6.19014e-11      #dY:8.1%   
  2.50e-6         8.15722e-10     6.59881e-11      #dY:8.1%   
  2.90e-6         8.78575e-10     7.10726e-11      #dY:8.1%   
  3.40e-6         9.51324e-10     7.62988e-11      #dY:8.0%   
  4.00e-6         1.03188e-9      8.27596e-11      #dY:8.0%   
  4.60e-6         1.10659e-9      8.87516e-11      #dY:8.0%   
  5.40e-6         1.199e-9        9.61631e-11      #dY:8.0%   
  6.30e-6         1.2951e-9       1.03871e-10      #dY:8.0%   
  7.40e-6         1.40366e-9      1.12577e-10      #dY:8.0%   
  8.60e-6         1.51325e-9      1.21367e-10      #dY:8.0%   
  1.00e-5         1.63184e-9      1.30878e-10      #dY:8.0%   
  1.20e-5         1.78767e-9      1.44587e-10      #dY:8.1%   
  1.40e-5         1.93099e-9      1.56179e-10      #dY:8.1%   
  1.60e-5         2.0644e-9       1.66969e-10      #dY:8.1%   
  1.80e-5         2.18972e-9      1.77105e-10      #dY:8.1%   
  2.20e-5         2.421e-9        1.95811e-10      #dY:8.1%   
  2.50e-5         2.58092e-9      2.08745e-10      #dY:8.1%   
  2.90e-5         2.77991e-9      2.2484e-10       #dY:8.1%   
  3.40e-5         3.010261e-9     2.41354e-10      #dY:8.0%   
  4.00e-5         3.265351e-9     2.61807e-10      #dY:8.0%   
  4.60e-5         3.501971e-9     2.80778e-10      #dY:8.0%   
  5.40e-5         3.794651e-9     3.04245e-10      #dY:8.0%   
  6.30e-5         4.099101e-9     3.28655e-10      #dY:8.0%   
  7.40e-5         4.443071e-9     3.56233e-10      #dY:8.0%   
  8.60e-5         4.790351e-9     3.84077e-10      #dY:8.0%   
  1.00e-4         5.166211e-9     4.14213e-10      #dY:8.0%   
  1.20e-4         5.660251e-9     4.53258e-10      #dY:8.0%   
  1.40e-4         6.114721e-9     4.89651e-10      #dY:8.0%   
  1.60e-4         6.537861e-9     5.23535e-10      #dY:8.0%   
  1.80e-4         6.935401e-9     5.55368e-10      #dY:8.0%   
  2.20e-4         7.669331e-9     6.1414e-10       #dY:8.0%   
  2.50e-4         8.176981e-9     6.54791e-10      #dY:8.0%   
  2.90e-4         8.808842e-9     7.05389e-10      #dY:8.0%   
  3.40e-4         9.540502e-9     7.56897e-10      #dY:7.9%   
  4.00e-4         1.03511e-8      8.21206e-10      #dY:7.9%   
  4.60e-4         1.11033e-8      8.80882e-10      #dY:7.9%   
  5.40e-4         1.20341e-8      9.54728e-10      #dY:7.9%   
  6.30e-4         1.30029e-8      1.03159e-9       #dY:7.9%   
  7.40e-4         1.40979e-8      1.11846e-9       #dY:7.9%   
  8.60e-4         1.52041e-8      1.20622e-9       #dY:7.9%   
  1.00e-3         1.64021e-8      1.30126e-9       #dY:7.9%   
  1.20e-3         1.79778e-8      1.42303e-9       #dY:7.9%   
  1.40e-3         1.94283e-8      1.53785e-9       #dY:7.9%   
  1.60e-3         2.07797e-8      1.64482e-9       #dY:7.9%   
  1.80e-3         2.20501e-8      1.74537e-9       #dY:7.9%   
  2.20e-3         2.43974e-8      1.93117e-9       #dY:7.9%   
  2.50e-3         2.60225e-8      2.05981e-9       #dY:7.9%   
  2.90e-3         2.804651e-8     2.22002e-9       #dY:7.9%   
  3.40e-3         3.039241e-8     2.35685e-9       #dY:7.8%   
  4.00e-3         3.299371e-8     2.55857e-9       #dY:7.8%   
  4.60e-3         3.540971e-8     2.74592e-9       #dY:7.8%   
  5.40e-3         3.840201e-8     2.97797e-9       #dY:7.8%   
  6.30e-3         4.151891e-8     3.21968e-9       #dY:7.8%   
  7.40e-3         4.504531e-8     3.49314e-9       #dY:7.8%   
  8.60e-3         4.861041e-8     3.7696e-9        #dY:7.8%   
  0.01            5.247391e-8     4.06921e-9       #dY:7.8%   
  0.012           5.755861e-8     4.35679e-9       #dY:7.6%   
  0.014           6.224181e-8     4.71128e-9       #dY:7.6%   
  0.016           6.660601e-8     5.04162e-9       #dY:7.6%   
  0.018           7.070871e-8     5.35216e-9       #dY:7.6%   
  0.022           7.828721e-8     5.9258e-9        #dY:7.6%   
  0.025           8.353031e-8     6.32267e-9       #dY:7.6%   
  0.029           9.005512e-8     6.81655e-9       #dY:7.6%   
  0.034           9.760542e-8     7.07369e-9       #dY:7.2%   
  0.04            1.05959e-7      7.67909e-9       #dY:7.2%   
  0.046           1.13695e-7      8.23974e-9       #dY:7.2%   
  0.054           1.23242e-7      8.93163e-9       #dY:7.2%   
  0.063           1.33137e-7      9.64875e-9       #dY:7.2%   
  0.074           1.44263e-7      1.04551e-8       #dY:7.2%   
  0.086           1.55425e-7      1.1264e-8        #dY:7.2%   
  0.0933333       1.6183e-7       1.17282e-8       #dY:7.2%   
  0.186667        2.25938e-7      1.54186e-8       #dY:6.8%   
  0.28            2.71732e-7      1.9562e-8        #dY:7.2%   
  0.373333        2.957631e-7     2.12921e-8       #dY:7.2%   
  0.466667        3.131451e-7     2.05843e-8       #dY:6.6%   
  0.56            3.257291e-7     2.14115e-8       #dY:6.6%   
  0.653333        3.297931e-7     2.09798e-8       #dY:6.4%   
  0.746667        3.310931e-7     2.10625e-8       #dY:6.4%   
  0.84            3.302211e-7     1.95194e-8       #dY:5.9%   
  0.933333        3.261891e-7     1.9281e-8        #dY:5.9%   
  1.02667         3.207631e-7     1.72033e-8       #dY:5.4%   
  1.12            3.142041e-7     1.68516e-8       #dY:5.4%   
  1.21333         3.062661e-7     1.46658e-8       #dY:4.8%   
  1.30667         2.976381e-7     1.42526e-8       #dY:4.8%   
  1.4             2.884901e-7     1.38145e-8       #dY:4.8%   
  1.49333         2.78923e-7      1.15734e-8       #dY:4.1%   
  1.58667         2.6909e-7       1.11654e-8       #dY:4.1%   
  1.68            2.59083e-7      8.94912e-9       #dY:3.5%   
  1.77333         2.49138e-7      8.60561e-9       #dY:3.5%   
  1.86667         2.3916e-7       6.53336e-9       #dY:2.7%   
  1.96            2.292e-7        6.26127e-9       #dY:2.7%   
  2.05333         2.19554e-7      4.41353e-9       #dY:2.0%   
  2.14667         2.10002e-7      4.22151e-9       #dY:2.0%   
  2.24            2.00574e-7      2.65593e-9       #dY:1.3%   
  2.33333         1.91692e-7      2.53832e-9       #dY:1.3%   
  2.42667         1.82974e-7      1.58004e-9       #dY:0.9%   
  2.52            1.74432e-7      1.50628e-9       #dY:0.9%   
  2.61333         1.66535e-7      1.72701e-9       #dY:1.0%   
  2.70667         1.58833e-7      1.64713e-9       #dY:1.0%   
  2.8             1.51331e-7      1.56934e-9       #dY:1.0%   
  2.89333         1.44475e-7      2.42729e-9       #dY:1.7%   
  2.98667         1.37823e-7      2.31554e-9       #dY:1.7%   
  3.08            1.31378e-7      3.23104e-9       #dY:2.5%   
  3.17333         1.25415e-7      3.08439e-9       #dY:2.5%   
  3.26667         1.19655e-7      3.9314e-9        #dY:3.3%   
  3.36            1.14095e-7      3.74872e-9       #dY:3.3%   
  3.45333         1.0891e-7       4.47062e-9       #dY:4.1%   
  3.54667         1.03917e-7      4.26567e-9       #dY:4.1%   
  3.64            9.911192e-8     4.90033e-9       #dY:4.9%   
  3.73333         9.458732e-8     4.67662e-9       #dY:4.9%   
  3.82667         9.024092e-8     5.20014e-9       #dY:5.8%   
  3.92            8.606752e-8     4.95964e-9       #dY:5.8%   
  4.01333         8.210321e-8     5.39758e-9       #dY:6.6%   
  4.10667         7.830121e-8     5.14764e-9       #dY:6.6%   
  4.2             7.465621e-8     4.90801e-9       #dY:6.6%   
  4.29333         7.120491e-8     5.26041e-9       #dY:7.4%   
  4.38667         6.789961e-8     5.01623e-9       #dY:7.4%   
  4.48            6.473501e-8     5.2897e-9        #dY:8.2%   
  4.57333         6.173811e-8     5.04481e-9       #dY:8.2%   
  4.66667         5.887141e-8     5.27009e-9       #dY:9.0%   
  4.76            5.612961e-8     5.02465e-9       #dY:9.0%   
  4.85333         5.353121e-8     5.1858e-9        #dY:9.7%   
  4.94667         5.104791e-8     4.94523e-9       #dY:9.7%   
  5.04            4.867491e-8     5.09877e-9       #dY:10.5%  
  5.13333         4.642571e-8     4.86316e-9       #dY:10.5%  
  5.22667         4.427771e-8     4.93997e-9       #dY:11.2%  
  5.32            4.222651e-8     4.71112e-9       #dY:11.2%  
  5.41333         4.028631e-8     4.78395e-9       #dY:11.9%  
  5.50667         3.843481e-8     4.56409e-9       #dY:11.9%  
  5.6             3.666781e-8     4.35426e-9       #dY:11.9%  
  5.69333         3.499691e-8     4.3727e-9        #dY:12.5%  
  5.78667         3.340311e-8     4.17356e-9       #dY:12.5%  
  5.88            3.188311e-8     4.19958e-9       #dY:13.2%  
  5.97333         3.044701e-8     4.01042e-9       #dY:13.2%  
  6.06667         2.907801e-8     3.99087e-9       #dY:13.7%  
  6.16            2.77729e-8      3.81175e-9       #dY:13.7%  
  6.25333         2.65376e-8      3.7999e-9        #dY:14.3%  
  6.34667         2.53605e-8      3.63135e-9       #dY:14.3%  
  6.44            2.42387e-8      3.58361e-9       #dY:14.8%  
  6.53333         2.31679e-8      3.42529e-9       #dY:14.8%  
  6.62667         2.21474e-8      3.38611e-9       #dY:15.3%  
  6.72            2.11747e-8      3.23739e-9       #dY:15.3%  
  6.81333         2.02209e-8      3.18579e-9       #dY:15.8%  
  6.90667         1.93104e-8      3.04234e-9       #dY:15.8%  
  7               1.84411e-8      2.90538e-9       #dY:15.8%  
  7.09333         1.76278e-8      2.85809e-9       #dY:16.2%  
  7.18667         1.68518e-8      2.73227e-9       #dY:16.2%  
  7.28            1.61112e-8      2.66741e-9       #dY:16.6%  
  7.37333         1.54065e-8      2.55074e-9       #dY:16.6%  
  7.46667         1.47337e-8      2.49307e-9       #dY:16.9%  
  7.56            1.40914e-8      2.38439e-9       #dY:16.9%  
  7.65333         1.34895e-8      2.32616e-9       #dY:17.2%  
  7.74667         1.2915e-8       2.22709e-9       #dY:17.2%  
  7.84            1.23665e-8      2.16528e-9       #dY:17.5%  
  7.93333         1.17804e-8      2.06266e-9       #dY:17.5%  
  8.02667         1.12177e-8      1.99522e-9       #dY:17.8%  
  8.12            1.06774e-8      1.89912e-9       #dY:17.8%  
  8.21333         9.905592e-9     1.81543e-9       #dY:18.3%  
  8.30667         9.153932e-9     1.67767e-9       #dY:18.3%  
  8.4             8.421372e-9     1.54341e-9       #dY:18.3%  
  8.49333         7.582661e-9     1.49088e-9       #dY:19.7%  
  8.58667         6.761151e-9     1.32936e-9       #dY:19.7%  
  8.68            5.955971e-9     1.31491e-9       #dY:22.1%  
  8.77333         5.470881e-9     1.20781e-9       #dY:22.1%  
  8.86667         5.000481e-9     1.28904e-9       #dY:25.8%  
  8.96            4.544011e-9     1.17137e-9       #dY:25.8%  
  9.05333         4.269621e-9     1.23129e-9       #dY:28.8%  
  9.14667         4.007761e-9     1.15577e-9       #dY:28.8%  
  9.24            3.757791e-9     1.15906e-9       #dY:30.8%  
  9.33333         3.551431e-9     1.09541e-9       #dY:30.8%  
  9.42667         3.355741e-9     1.08114e-9       #dY:32.2%  
  9.52            3.170191e-9     1.02136e-9       #dY:32.2%  
  9.61333         2.998631e-9     9.94472e-10      #dY:33.2%  
  9.70667         2.836171e-9     9.40593e-10      #dY:33.2%  
  9.8             2.68233e-9      8.89573e-10      #dY:33.2%  
  9.89333         2.53721e-9      8.66048e-10      #dY:34.1%  
  9.98667         2.39984e-9      8.19158e-10      #dY:34.1%  
  10.08           2.26981e-9      7.93934e-10      #dY:35.0%  
  10.1733         2.1468e-9       7.50908e-10      #dY:35.0%  
  10.2667         2.03037e-9      7.28946e-10      #dY:35.9%  
  10.36           1.92018e-9      6.89385e-10      #dY:35.9%  
  10.4533         1.81591e-9      6.68509e-10      #dY:36.8%  
  10.5467         1.71723e-9      6.32181e-10      #dY:36.8%  
  10.64           1.62386e-9      6.12551e-10      #dY:37.7%  
  10.7333         1.53551e-9      5.79224e-10      #dY:37.7%  
  10.8267         1.45191e-9      5.5932e-10       #dY:38.5%  
  10.92           1.37282e-9      5.28853e-10      #dY:38.5%  
  11.0133         1.29799e-9      5.11571e-10      #dY:39.4%  
  11.1067         1.2272e-9       4.83671e-10      #dY:39.4%  
  11.2            1.16023e-9      4.57277e-10      #dY:39.4%  
  11.2933         1.09687e-9      4.41941e-10      #dY:40.3%  
  11.3867         1.03695e-9      4.17799e-10      #dY:40.3%  
  11.48           9.8026e-10      4.03502e-10      #dY:41.2%  
  11.5733         9.26644e-10     3.81432e-10      #dY:41.2%  
  11.6667         8.75933e-10     3.68925e-10      #dY:42.1%  
  11.76           8.27972e-10     3.48725e-10      #dY:42.1%  
  11.8533         7.82612e-10     3.36295e-10      #dY:43.0%  
  11.9467         7.39716e-10     3.17862e-10      #dY:43.0%  
  12.04           6.99149e-10     3.06339e-10      #dY:43.8%  
  12.1333         6.60788e-10     2.8953e-10       #dY:43.8%  
  12.2267         6.24514e-10     2.78855e-10      #dY:44.7%  
  12.32           5.90214e-10     2.6354e-10       #dY:44.7%  
  12.4133         5.57783e-10     2.54187e-10      #dY:45.6%  
  12.5067         5.27119e-10     2.40213e-10      #dY:45.6%  
  12.6            4.98126e-10     2.27e-10         #dY:45.6%  
  12.6933         4.70716e-10     2.18363e-10      #dY:46.4%  
  12.7867         4.44802e-10     2.06341e-10      #dY:46.4%  
  12.88           4.20304e-10     1.98763e-10      #dY:47.3%  
  12.9733         3.97145e-10     1.87811e-10      #dY:47.3%  
  13.0667         3.75252e-10     1.80459e-10      #dY:48.1%  
  13.16           3.54556e-10     1.70507e-10      #dY:48.1%  
  13.2533         3.34994e-10     1.64054e-10      #dY:49.0%  
  13.3467         3.16504e-10     1.54999e-10      #dY:49.0%  
  13.44           2.99026e-10     1.48774e-10      #dY:49.8%  
  13.5333         2.82507e-10     1.40555e-10      #dY:49.8%  
  13.6267         2.66894e-10     1.35095e-10      #dY:50.6%  
  13.72           2.52138e-10     1.27626e-10      #dY:50.6%  
  13.8133         2.38192e-10     1.22603e-10      #dY:51.5%  
  13.9067         2.25013e-10     1.15819e-10      #dY:51.5%  
  14              2.12558e-10     1.09409e-10      #dY:51.5%  
  14.0933         2.00787e-10     1.05045e-10      #dY:52.3%  
  14.1867         1.89665e-10     9.92259e-11      #dY:52.3%  
  14.28           1.79154e-10     9.5225e-11       #dY:53.2%  
  14.3733         1.69222e-10     8.99459e-11      #dY:53.2%  
  14.4667         1.59838e-10     8.62732e-11      #dY:54.0%  
  14.56           1.5097e-10      8.14866e-11      #dY:54.0%  
  14.6533         1.42592e-10     7.81315e-11      #dY:54.8%  
  14.7467         1.34675e-10     7.37935e-11      #dY:54.8%  
  14.84           1.27196e-10     7.07221e-11      #dY:55.6%  
  14.9333         1.2013e-10      6.67934e-11      #dY:55.6%  
  15.0267         1.13453e-10     6.3981e-11       #dY:56.4%  
  15.12           1.07146e-10     6.04242e-11      #dY:56.4%  
  15.2133         1.01187e-10     5.78622e-11      #dY:57.2%  
  15.3067         9.55582e-11     5.46435e-11      #dY:57.2%  
  15.4            9.02405e-11     5.16026e-11      #dY:57.2%  
  15.4933         8.52171e-11     4.94673e-11      #dY:58.0%  
  15.5867         8.04718e-11     4.67127e-11      #dY:58.0%  
  15.68           7.59893e-11     4.46954e-11      #dY:58.8%  
  15.7733         7.17551e-11     4.22049e-11      #dY:58.8%  
  15.8667         6.77557e-11     4.0366e-11       #dY:59.6%  
  15.96           6.39779e-11     3.81154e-11      #dY:59.6%  
  16.0533         6.04098e-11     3.64937e-11      #dY:60.4%  
  16.1467         5.70396e-11     3.44578e-11      #dY:60.4%  
  16.24           5.38565e-11     3.2979e-11       #dY:61.2%  
  16.3333         5.08501e-11     3.1138e-11       #dY:61.2%  
  16.4267         4.80107e-11     2.97499e-11      #dY:62.0%  
  16.52           4.53291e-11     2.80883e-11      #dY:62.0%  
  16.6133         4.27966e-11     2.68636e-11      #dY:62.8%  
  16.7067         4.04048e-11     2.53622e-11      #dY:62.8%  
  16.8            3.81461e-11     2.39444e-11      #dY:62.8%  
  16.8933         3.60131e-11     2.28918e-11      #dY:63.6%  
  16.9867         3.39987e-11     2.16113e-11      #dY:63.6%  
  17.08           3.20966e-11     2.06278e-11      #dY:64.3%  
  17.1733         3.03003e-11     1.94733e-11      #dY:64.3%  
  17.2667         2.86042e-11     1.86046e-11      #dY:65.0%  
  17.36           2.70025e-11     1.75628e-11      #dY:65.0%  
  17.4533         2.54901e-11     1.6774e-11       #dY:65.8%  
  17.5467         2.40621e-11     1.58343e-11      #dY:65.8%  
  17.64           2.27137e-11     1.51188e-11      #dY:66.6%  
  17.7333         2.14406e-11     1.42714e-11      #dY:66.6%  
  17.8267         2.02385e-11     1.36222e-11      #dY:67.3%  
  17.92           1.91035e-11     1.28583e-11      #dY:67.3%  
  18.0133         1.80319e-11     1.22843e-11      #dY:68.1%  
  18.1067         1.70202e-11     1.15951e-11      #dY:68.1%  
  18.2            1.6065e-11      1.09444e-11      #dY:68.1%  
  18.2933         1.51632e-11     1.044e-11        #dY:68.9%  
  18.3867         1.43118e-11     9.85376e-12      #dY:68.9%  
  18.48           1.3508e-11      9.39673e-12      #dY:69.6%  
  18.5733         1.27492e-11     8.86887e-12      #dY:69.6%  
  18.6667         1.20328e-11     8.45544e-12      #dY:70.3%  
  18.76           1.13565e-11     7.9802e-12       #dY:70.3%  
  18.8533         1.07181e-11     7.61475e-12      #dY:71.0%  
  18.9467         1.01154e-11     7.18656e-12      #dY:71.0%  
  19.04           9.54654e-12     6.84793e-12      #dY:71.7%  
  19.1333         9.00952e-12     6.46271e-12      #dY:71.7%  
  19.2267         8.50258e-12     6.16337e-12      #dY:72.5%  
  19.32           8.02407e-12     5.81651e-12      #dY:72.5%  
  19.4133         7.57238e-12     5.53952e-12      #dY:73.2%  
  19.5067         7.14603e-12     5.22762e-12      #dY:73.2%  
  19.6            6.7436e-12      4.93323e-12      #dY:73.2%  
  19.6933         6.36374e-12     4.70218e-12      #dY:73.9%  
  19.7867         6.00521e-12     4.43727e-12      #dY:73.9%  
  19.88           5.66681e-12     4.22829e-12      #dY:74.6%  
  19.9733         5.3474e-12      3.98996e-12      #dY:74.6%  
  20.1733         0.00            0.00                        
//
#-------------------------------------------------------------------------------
#
#name:   JENDL-5: PU-239(N,F) E_in=15. MeV
#X.axis: Energy
#Y.axis: 
#wdata:  3
#ldata:  352
#data...
# X               Y               +-dY           
# MeV             1/eV            1/eV           
  0.00            0.00            0.00                        
  1.00e-11        1.60477e-12     0.00                        
  1.20e-11        1.75793e-12     0.00                        
  1.40e-11        1.89879e-12     0.00                        
  1.60e-11        2.02989e-12     0.00                        
  1.80e-11        2.15302e-12     0.00                        
  2.20e-11        2.38026e-12     0.00                        
  2.50e-11        2.53736e-12     0.00                        
  2.90e-11        2.73282e-12     0.00                        
  3.40e-11        2.95905e-12     2.08184e-13      #dY:7.0%   
  4.00e-11        3.20954e-12     2.25807e-13      #dY:7.0%   
  4.60e-11        3.44184e-12     2.42151e-13      #dY:7.0%   
  5.40e-11        3.72915e-12     2.62365e-13      #dY:7.0%   
  6.30e-11        4.02794e-12     2.83386e-13      #dY:7.0%   
  7.40e-11        4.36544e-12     3.07131e-13      #dY:7.0%   
  8.60e-11        4.70611e-12     3.31099e-13      #dY:7.0%   
  1.00e-10        5.07473e-12     4.17293e-13      #dY:8.2%   
  1.20e-10        5.55908e-12     4.57121e-13      #dY:8.2%   
  1.40e-10        6.0045e-12      4.93748e-13      #dY:8.2%   
  1.60e-10        6.41908e-12     5.27839e-13      #dY:8.2%   
  1.80e-10        6.80846e-12     5.59857e-13      #dY:8.2%   
  2.20e-10        7.52704e-12     6.18946e-13      #dY:8.2%   
  2.50e-10        8.02385e-12     6.59798e-13      #dY:8.2%   
  2.90e-10        8.64195e-12     7.10624e-13      #dY:8.2%   
  3.40e-10        9.35734e-12     7.62892e-13      #dY:8.2%   
  4.00e-10        1.01495e-11     8.27476e-13      #dY:8.2%   
  4.60e-10        1.08841e-11     8.87367e-13      #dY:8.2%   
  5.40e-10        1.17926e-11     9.61435e-13      #dY:8.2%   
  6.30e-10        1.27375e-11     1.03847e-12      #dY:8.2%   
  7.40e-10        1.38048e-11     1.12549e-12      #dY:8.2%   
  8.60e-10        1.48821e-11     1.21332e-12      #dY:8.2%   
  1.00e-9         1.60477e-11     1.30835e-12      #dY:8.2%   
  1.20e-9         1.75794e-11     1.44554e-12      #dY:8.2%   
  1.40e-9         1.89879e-11     1.56136e-12      #dY:8.2%   
  1.60e-9         2.0299e-11      1.66917e-12      #dY:8.2%   
  1.80e-9         2.15303e-11     1.77042e-12      #dY:8.2%   
  2.20e-9         2.38027e-11     1.95728e-12      #dY:8.2%   
  2.50e-9         2.53737e-11     2.08646e-12      #dY:8.2%   
  2.90e-9         2.73284e-11     2.24719e-12      #dY:8.2%   
  3.40e-9         2.95906e-11     2.41251e-12      #dY:8.2%   
  4.00e-9         3.20956e-11     2.61674e-12      #dY:8.2%   
  4.60e-9         3.44187e-11     2.80614e-12      #dY:8.2%   
  5.40e-9         3.72917e-11     3.04038e-12      #dY:8.2%   
  6.30e-9         4.02797e-11     3.28399e-12      #dY:8.2%   
  7.40e-9         4.36548e-11     3.55916e-12      #dY:8.2%   
  8.60e-9         4.70615e-11     3.83691e-12      #dY:8.2%   
  1.00e-8         5.07478e-11     4.17294e-12      #dY:8.2%   
  1.20e-8         5.55915e-11     4.57123e-12      #dY:8.2%   
  1.40e-8         6.00457e-11     4.9375e-12       #dY:8.2%   
  1.60e-8         6.41916e-11     5.27841e-12      #dY:8.2%   
  1.80e-8         6.80856e-11     5.59861e-12      #dY:8.2%   
  2.20e-8         7.52716e-11     6.18951e-12      #dY:8.2%   
  2.50e-8         8.02399e-11     6.59805e-12      #dY:8.2%   
  2.90e-8         8.64211e-11     7.10632e-12      #dY:8.2%   
  3.40e-8         9.35752e-11     7.62897e-12      #dY:8.2%   
  4.00e-8         1.01497e-10     8.27481e-12      #dY:8.2%   
  4.60e-8         1.08843e-10     8.87371e-12      #dY:8.2%   
  5.40e-8         1.17929e-10     9.61447e-12      #dY:8.2%   
  6.30e-8         1.27378e-10     1.03848e-11      #dY:8.2%   
  7.40e-8         1.38052e-10     1.12551e-11      #dY:8.2%   
  8.60e-8         1.48825e-10     1.21334e-11      #dY:8.2%   
  1.00e-7         1.60483e-10     1.30838e-11      #dY:8.2%   
  1.20e-7         1.75801e-10     1.44554e-11      #dY:8.2%   
  1.40e-7         1.89887e-10     1.56136e-11      #dY:8.2%   
  1.60e-7         2.02998e-10     1.66917e-11      #dY:8.2%   
  1.80e-7         2.15313e-10     1.77043e-11      #dY:8.2%   
  2.20e-7         2.38039e-10     1.9573e-11       #dY:8.2%   
  2.50e-7         2.53751e-10     2.08649e-11      #dY:8.2%   
  2.90e-7         2.733e-10       2.24724e-11      #dY:8.2%   
  3.40e-7         2.95925e-10     2.41249e-11      #dY:8.2%   
  4.00e-7         3.20978e-10     2.61673e-11      #dY:8.2%   
  4.60e-7         3.44212e-10     2.80614e-11      #dY:8.2%   
  5.40e-7         3.72947e-10     3.0404e-11       #dY:8.2%   
  6.30e-7         4.02832e-10     3.28403e-11      #dY:8.2%   
  7.40e-7         4.36589e-10     3.55923e-11      #dY:8.2%   
  8.60e-7         4.70663e-10     3.83701e-11      #dY:8.2%   
  1.00e-6         5.07538e-10     4.13763e-11      #dY:8.2%   
  1.20e-6         5.55982e-10     4.57143e-11      #dY:8.2%   
  1.40e-6         6.00536e-10     4.93776e-11      #dY:8.2%   
  1.60e-6         6.42007e-10     5.27875e-11      #dY:8.2%   
  1.80e-6         6.80957e-10     5.59901e-11      #dY:8.2%   
  2.20e-6         7.5284e-10      6.19005e-11      #dY:8.2%   
  2.50e-6         8.0254e-10      6.59869e-11      #dY:8.2%   
  2.90e-6         8.64376e-10     7.10712e-11      #dY:8.2%   
  3.40e-6         9.35947e-10     7.62982e-11      #dY:8.2%   
  4.00e-6         1.0152e-9       8.27589e-11      #dY:8.2%   
  4.60e-6         1.0887e-9       8.87506e-11      #dY:8.2%   
  5.40e-6         1.1796e-9       9.61608e-11      #dY:8.2%   
  6.30e-6         1.27415e-9      1.03868e-10      #dY:8.2%   
  7.40e-6         1.38095e-9      1.12575e-10      #dY:8.2%   
  8.60e-6         1.48876e-9      1.21363e-10      #dY:8.2%   
  1.00e-5         1.60542e-9      1.30874e-10      #dY:8.2%   
  1.20e-5         1.75872e-9      1.44585e-10      #dY:8.2%   
  1.40e-5         1.89971e-9      1.56175e-10      #dY:8.2%   
  1.60e-5         2.03095e-9      1.66965e-10      #dY:8.2%   
  1.80e-5         2.15422e-9      1.77099e-10      #dY:8.2%   
  2.20e-5         2.38173e-9      1.95802e-10      #dY:8.2%   
  2.50e-5         2.53904e-9      2.08735e-10      #dY:8.2%   
  2.90e-5         2.73478e-9      2.24827e-10      #dY:8.2%   
  3.40e-5         2.96136e-9      2.41348e-10      #dY:8.1%   
  4.00e-5         3.212279e-9     2.61798e-10      #dY:8.1%   
  4.60e-5         3.445019e-9     2.80766e-10      #dY:8.1%   
  5.40e-5         3.732889e-9     3.04227e-10      #dY:8.1%   
  6.30e-5         4.032339e-9     3.28632e-10      #dY:8.1%   
  7.40e-5         4.370659e-9     3.56205e-10      #dY:8.1%   
  8.60e-5         4.712209e-9     3.84041e-10      #dY:8.1%   
  1.00e-4         5.081869e-9     4.14168e-10      #dY:8.1%   
  1.20e-4         5.567739e-9     4.53234e-10      #dY:8.1%   
  1.40e-4         6.014669e-9     4.89615e-10      #dY:8.1%   
  1.60e-4         6.430779e-9     5.23488e-10      #dY:8.1%   
  1.80e-4         6.821699e-9     5.5531e-10       #dY:8.1%   
  2.20e-4         7.543389e-9     6.14059e-10      #dY:8.1%   
  2.50e-4         8.042549e-9     6.54692e-10      #dY:8.1%   
  2.90e-4         8.663799e-9     7.05264e-10      #dY:8.1%   
  3.40e-4         9.383158e-9     7.56841e-10      #dY:8.1%   
  4.00e-4         1.01801e-8      8.21122e-10      #dY:8.1%   
  4.60e-4         1.09195e-8      8.80761e-10      #dY:8.1%   
  5.40e-4         1.18345e-8      9.54565e-10      #dY:8.1%   
  6.30e-4         1.27867e-8      1.03137e-9       #dY:8.1%   
  7.40e-4         1.3863e-8       1.11818e-9       #dY:8.1%   
  8.60e-4         1.49501e-8      1.20587e-9       #dY:8.1%   
  1.00e-3         1.61273e-8      1.30082e-9       #dY:8.1%   
  1.20e-3         1.76755e-8      1.42278e-9       #dY:8.0%   
  1.40e-3         1.91006e-8      1.53749e-9       #dY:8.0%   
  1.60e-3         2.04282e-8      1.64436e-9       #dY:8.0%   
  1.80e-3         2.1676e-8       1.7448e-9        #dY:8.0%   
  2.20e-3         2.39814e-8      1.93037e-9       #dY:8.0%   
  2.50e-3         2.55771e-8      2.05881e-9       #dY:8.0%   
  2.90e-3         2.75644e-8      2.21878e-9       #dY:8.0%   
  3.40e-3         2.98673e-8      2.35629e-9       #dY:7.9%   
  4.00e-3         3.242049e-8     2.55771e-9       #dY:7.9%   
  4.60e-3         3.479139e-8     2.74476e-9       #dY:7.9%   
  5.40e-3         3.772719e-8     2.97637e-9       #dY:7.9%   
  6.30e-3         4.078459e-8     3.21757e-9       #dY:7.9%   
  7.40e-3         4.424279e-8     3.49039e-9       #dY:7.9%   
  8.60e-3         4.773799e-8     3.76614e-9       #dY:7.9%   
  0.01            5.152479e-8     4.06488e-9       #dY:7.9%   
  0.012           5.650699e-8     4.35445e-9       #dY:7.7%   
  0.014           6.109399e-8     4.70793e-9       #dY:7.7%   
  0.016           6.536719e-8     5.03722e-9       #dY:7.7%   
  0.018           6.938319e-8     5.3467e-9        #dY:7.7%   
  0.022           7.679829e-8     5.91811e-9       #dY:7.7%   
  0.025           8.192599e-8     6.31325e-9       #dY:7.7%   
  0.029           8.830439e-8     6.80477e-9       #dY:7.7%   
  0.034           9.568148e-8     7.06848e-9       #dY:7.4%   
  0.04            1.03839e-7      7.67112e-9       #dY:7.4%   
  0.046           1.11389e-7      8.22888e-9       #dY:7.4%   
  0.054           1.20699e-7      8.91666e-9       #dY:7.4%   
  0.063           1.30342e-7      9.62903e-9       #dY:7.4%   
  0.074           1.41175e-7      1.04293e-8       #dY:7.4%   
  0.086           1.52034e-7      1.12315e-8       #dY:7.4%   
  0.1             1.63685e-7      1.20923e-8       #dY:7.4%   
  0.2             2.27492e-7      1.58562e-8       #dY:7.0%   
  0.3             2.72486e-7      2.01168e-8       #dY:7.4%   
  0.4             2.95433e-7      2.18109e-8       #dY:7.4%   
  0.5             3.11567e-7      2.09447e-8       #dY:6.7%   
  0.6             3.228289e-7     2.17018e-8       #dY:6.7%   
  0.7             3.258699e-7     2.11547e-8       #dY:6.5%   
  0.8             3.261449e-7     2.11725e-8       #dY:6.5%   
  0.9             3.242649e-7     1.94554e-8       #dY:6.0%   
  1               3.193989e-7     1.91635e-8       #dY:6.0%   
  1.1             3.131749e-7     1.69941e-8       #dY:5.4%   
  1.2             3.05871e-7      1.65978e-8       #dY:5.4%   
  1.3             2.97244e-7      1.4345e-8        #dY:4.8%   
  1.4             2.88014e-7      1.38996e-8       #dY:4.8%   
  1.5             2.78352e-7      1.159e-8         #dY:4.2%   
  1.6             2.68303e-7      1.11716e-8       #dY:4.2%   
  1.7             2.58069e-7      8.91097e-9       #dY:3.5%   
  1.8             2.47739e-7      8.55428e-9       #dY:3.5%   
  1.9             2.37362e-7      6.45702e-9       #dY:2.7%   
  2               2.2702e-7       6.17569e-9       #dY:2.7%   
  2.1             2.16761e-7      4.32522e-9       #dY:2.0%   
  2.2             2.0693e-7       4.12905e-9       #dY:2.0%   
  2.3             1.9725e-7       2.58694e-9       #dY:1.3%   
  2.4             1.87744e-7      2.46227e-9       #dY:1.3%   
  2.5             1.78781e-7      1.52516e-9       #dY:0.9%   
  2.6             1.70025e-7      1.45046e-9       #dY:0.9%   
  2.7             1.61486e-7      1.65165e-9       #dY:1.0%   
  2.8             1.53526e-7      1.57023e-9       #dY:1.0%   
  2.9             1.45794e-7      2.41611e-9       #dY:1.7%   
  3               1.38292e-7      2.29179e-9       #dY:1.7%   
  3.1             1.31286e-7      3.18886e-9       #dY:2.4%   
  3.2             1.24509e-7      3.02425e-9       #dY:2.4%   
  3.3             1.17959e-7      3.84155e-9       #dY:3.3%   
  3.4             1.11943e-7      3.64563e-9       #dY:3.3%   
  3.5             1.06147e-7      4.34306e-9       #dY:4.1%   
  3.6             1.00565e-7      4.11467e-9       #dY:4.1%   
  3.7             9.547148e-8     4.73109e-9       #dY:5.0%   
  3.8             9.058099e-8     4.48875e-9       #dY:5.0%   
  3.9             8.588709e-8     4.98625e-9       #dY:5.8%   
  4               8.158969e-8     4.73676e-9       #dY:5.8%   
  4.1             7.747609e-8     5.1535e-9        #dY:6.7%   
  4.2             7.353989e-8     4.89168e-9       #dY:6.7%   
  4.3             6.990219e-8     5.23677e-9       #dY:7.5%   
  4.4             6.642879e-8     4.97656e-9       #dY:7.5%   
  4.5             6.311329e-8     5.23536e-9       #dY:8.3%   
  4.6             6.001689e-8     4.97851e-9       #dY:8.3%   
  4.7             5.706579e-8     5.18576e-9       #dY:9.1%   
  4.8             5.425389e-8     4.93023e-9       #dY:9.1%   
  4.9             5.160739e-8     5.07058e-9       #dY:9.8%   
  5               4.908839e-8     4.82308e-9       #dY:9.8%   
  5.1             4.669109e-8     4.95418e-9       #dY:10.6%  
  5.2             4.442729e-8     4.71398e-9       #dY:10.6%  
  5.3             4.227449e-8     4.76915e-9       #dY:11.3%  
  5.4             4.022749e-8     4.53822e-9       #dY:11.3%  
  5.5             3.829059e-8     4.58845e-9       #dY:12.0%  
  5.6             3.644979e-8     4.36787e-9       #dY:12.0%  
  5.7             3.470059e-8     4.36652e-9       #dY:12.6%  
  5.8             3.304359e-8     4.15802e-9       #dY:12.6%  
  5.9             3.146949e-8     4.16631e-9       #dY:13.2%  
  6               2.99744e-8      3.96838e-9       #dY:13.2%  
  6.1             2.85627e-8      3.93282e-9       #dY:13.8%  
  6.2             2.72224e-8      3.74827e-9       #dY:13.8%  
  6.3             2.59498e-8      3.72119e-9       #dY:14.3%  
  6.4             2.47477e-8      3.54881e-9       #dY:14.3%  
  6.5             2.36067e-8      3.48886e-9       #dY:14.8%  
  6.6             2.25236e-8      3.32879e-9       #dY:14.8%  
  6.7             2.15034e-8      3.27892e-9       #dY:15.2%  
  6.8             2.05353e-8      3.1313e-9        #dY:15.2%  
  6.9             1.96167e-8      3.07205e-9       #dY:15.7%  
  7               1.87526e-8      2.93673e-9       #dY:15.7%  
  7.1             1.79329e-8      2.87126e-9       #dY:16.0%  
  7.2             1.71555e-8      2.74679e-9       #dY:16.0%  
  7.3             1.64131e-8      2.66253e-9       #dY:16.2%  
  7.4             1.57086e-8      2.54825e-9       #dY:16.2%  
  7.5             1.504e-8        2.4743e-9        #dY:16.5%  
  7.6             1.43515e-8      2.36103e-9       #dY:16.5%  
  7.7             1.36952e-8      2.27911e-9       #dY:16.6%  
  7.8             1.30693e-8      2.17495e-9       #dY:16.6%  
  7.9             1.24641e-8      2.1033e-9        #dY:16.9%  
  8               1.18861e-8      2.00577e-9       #dY:16.9%  
  8.1             1.1334e-8       1.93831e-9       #dY:17.1%  
  8.2             1.08387e-8      1.8536e-9        #dY:17.1%  
  8.3             1.03665e-8      1.80041e-9       #dY:17.4%  
  8.4             9.916168e-9     1.7222e-9        #dY:17.4%  
  8.5             9.498608e-9     1.65875e-9       #dY:17.5%  
  8.6             9.100609e-9     1.58925e-9       #dY:17.5%  
  8.7             8.721109e-9     1.52515e-9       #dY:17.5%  
  8.8             8.346199e-9     1.45959e-9       #dY:17.5%  
  8.9             7.987819e-9     1.39455e-9       #dY:17.5%  
  9               7.645069e-9     1.33471e-9       #dY:17.5%  
  9.1             7.149189e-9     1.25041e-9       #dY:17.5%  
  9.2             6.667259e-9     1.16612e-9       #dY:17.5%  
  9.3             6.198509e-9     1.10675e-9       #dY:17.9%  
  9.4             5.464009e-9     9.75607e-10      #dY:17.9%  
  9.5             4.741269e-9     9.03817e-10      #dY:19.1%  
  9.6             4.029639e-9     7.6816e-10       #dY:19.1%  
  9.7             3.583909e-9     8.04871e-10      #dY:22.5%  
  9.8             3.148089e-9     7.06995e-10      #dY:22.5%  
  9.9             2.72163e-9      7.38204e-10      #dY:27.1%  
  10              2.52462e-9      6.84768e-10      #dY:27.1%  
  10.1            2.33596e-9      7.43641e-10      #dY:31.8%  
  10.2            2.15517e-9      6.86087e-10      #dY:31.8%  
  10.3            2.02603e-9      6.98403e-10      #dY:34.5%  
  10.4            1.90391e-9      6.56306e-10      #dY:34.5%  
  10.5            1.78842e-9      6.46778e-10      #dY:36.2%  
  10.6            1.68453e-9      6.09206e-10      #dY:36.2%  
  10.7            1.58655e-9      5.90485e-10      #dY:37.2%  
  10.8            1.49414e-9      5.56092e-10      #dY:37.2%  
  10.9            1.40756e-9      5.35369e-10      #dY:38.0%  
  11              1.32594e-9      5.04325e-10      #dY:38.0%  
  11.1            1.249e-9        4.859e-10        #dY:38.9%  
  11.2            1.17654e-9      4.57711e-10      #dY:38.9%  
  11.3            1.10823e-9      4.40464e-10      #dY:39.7%  
  11.4            1.04386e-9      4.1488e-10       #dY:39.7%  
  11.5            9.83193e-10     3.9894e-10       #dY:40.6%  
  11.6            9.2602e-10      3.75742e-10      #dY:40.6%  
  11.7            8.72142e-10     3.61835e-10      #dY:41.5%  
  11.8            8.21371e-10     3.40771e-10      #dY:41.5%  
  11.9            7.7353e-10      3.27187e-10      #dY:42.3%  
  12              7.28451e-10     3.08119e-10      #dY:42.3%  
  12.1            6.85977e-10     2.9564e-10       #dY:43.1%  
  12.2            6.45959e-10     2.78393e-10      #dY:43.1%  
  12.3            6.08257e-10     2.66943e-10      #dY:43.9%  
  12.4            5.72737e-10     2.51354e-10      #dY:43.9%  
  12.5            5.39275e-10     2.41361e-10      #dY:44.8%  
  12.6            5.07753e-10     2.27253e-10      #dY:44.8%  
  12.7            4.78059e-10     2.1764e-10       #dY:45.5%  
  12.8            4.50089e-10     2.04906e-10      #dY:45.5%  
  12.9            4.23742e-10     1.96506e-10      #dY:46.4%  
  13              3.98927e-10     1.84998e-10      #dY:46.4%  
  13.1            3.75554e-10     1.76972e-10      #dY:47.1%  
  13.2            3.53541e-10     1.66599e-10      #dY:47.1%  
  13.3            3.32809e-10     1.59585e-10      #dY:48.0%  
  13.4            3.13285e-10     1.50223e-10      #dY:48.0%  
  13.5            2.94898e-10     1.43547e-10      #dY:48.7%  
  13.6            2.77583e-10     1.35119e-10      #dY:48.7%  
  13.7            2.61278e-10     1.29289e-10      #dY:49.5%  
  13.8            2.45924e-10     1.21692e-10      #dY:49.5%  
  13.9            2.31467e-10     1.16381e-10      #dY:50.3%  
  14              2.17854e-10     1.09536e-10      #dY:50.3%  
  14.1            2.05037e-10     1.04698e-10      #dY:51.1%  
  14.2            1.92969e-10     9.85358e-11      #dY:51.1%  
  14.3            1.81607e-10     9.41403e-11      #dY:51.8%  
  14.4            1.7091e-10      8.85953e-11      #dY:51.8%  
  14.5            1.60839e-10     8.45982e-11      #dY:52.6%  
  14.6            1.51359e-10     7.96119e-11      #dY:52.6%  
  14.7            1.42434e-10     7.5993e-11       #dY:53.4%  
  14.8            1.34032e-10     7.15103e-11      #dY:53.4%  
  14.9            1.26123e-10     6.82255e-11      #dY:54.1%  
  15              1.18678e-10     6.41982e-11      #dY:54.1%  
  15.1            1.1167e-10      6.12185e-11      #dY:54.8%  
  15.2            1.05073e-10     5.76019e-11      #dY:54.8%  
  15.3            9.88647e-11     5.49116e-11      #dY:55.5%  
  15.4            9.30209e-11     5.16658e-11      #dY:55.5%  
  15.5            8.75206e-11     4.93047e-11      #dY:56.3%  
  15.6            8.2344e-11      4.63885e-11      #dY:56.3%  
  15.7            7.74719e-11     4.41851e-11      #dY:57.0%  
  15.8            7.28866e-11     4.15699e-11      #dY:57.0%  
  15.9            6.85714e-11     3.95798e-11      #dY:57.7%  
  16              6.45104e-11     3.72358e-11      #dY:57.7%  
  16.1            6.06887e-11     3.5491e-11       #dY:58.5%  
  16.2            5.70924e-11     3.33878e-11      #dY:58.5%  
  16.3            5.37081e-11     3.18101e-11      #dY:59.2%  
  16.4            5.05235e-11     2.9924e-11       #dY:59.2%  
  16.5            4.75268e-11     2.84601e-11      #dY:59.9%  
  16.6            4.47071e-11     2.67716e-11      #dY:59.9%  
  16.7            4.20539e-11     2.54881e-11      #dY:60.6%  
  16.8            3.95574e-11     2.3975e-11       #dY:60.6%  
  16.9            3.72085e-11     2.28169e-11      #dY:61.3%  
  17              3.49985e-11     2.14617e-11      #dY:61.3%  
  17.1            3.29191e-11     2.03918e-11      #dY:61.9%  
  17.2            3.09628e-11     1.918e-11        #dY:61.9%  
  17.3            2.91222e-11     1.82412e-11      #dY:62.6%  
  17.4            2.73906e-11     1.71566e-11      #dY:62.6%  
  17.5            2.57615e-11     1.63117e-11      #dY:63.3%  
  17.6            2.42289e-11     1.53412e-11      #dY:63.3%  
  17.7            2.2787e-11      1.45811e-11      #dY:64.0%  
  17.8            2.14307e-11     1.37132e-11      #dY:64.0%  
  17.9            2.01548e-11     1.30297e-11      #dY:64.6%  
  18              1.89545e-11     1.22537e-11      #dY:64.6%  
  18.1            1.78254e-11     1.16532e-11      #dY:65.4%  
  18.2            1.67633e-11     1.09589e-11      #dY:65.4%  
  18.3            1.57643e-11     1.0406e-11       #dY:66.0%  
  18.4            1.48245e-11     9.78563e-12      #dY:66.0%  
  18.5            1.39406e-11     9.28909e-12      #dY:66.6%  
  18.6            1.31092e-11     8.7351e-12       #dY:66.6%  
  18.7            1.23272e-11     8.28994e-12      #dY:67.2%  
  18.8            1.15916e-11     7.79525e-12      #dY:67.2%  
  18.9            1.08998e-11     7.40426e-12      #dY:67.9%  
  19              1.02492e-11     6.96231e-12      #dY:67.9%  
  19.1            9.6372e-12      6.60371e-12      #dY:68.5%  
  19.2            9.06164e-12     6.20932e-12      #dY:68.5%  
  19.3            8.52034e-12     5.89446e-12      #dY:69.2%  
  19.4            8.01126e-12     5.54227e-12      #dY:69.2%  
  19.5            7.53249e-12     5.25407e-12      #dY:69.8%  
  19.6            7.08223e-12     4.94001e-12      #dY:69.8%  
  19.7            6.6588e-12      4.68697e-12      #dY:70.4%  
  19.8            6.2606e-12      4.40668e-12      #dY:70.4%  
  19.9            5.88613e-12     4.1798e-12       #dY:71.0%  
  20              5.53399e-12     3.92974e-12      #dY:71.0%  
  20.2            0.00            0.00                        
//
#-------------------------------------------------------------------------------
#
#name:   JENDL-5: PU-239(N,F) E_in=16. MeV
#X.axis: Energy
#Y.axis: 
#wdata:  3
#ldata:  401
#data...
# X               Y               +-dY           
# MeV             1/eV            1/eV           
  0.00            0.00            0.00                        
  1.00e-11        1.58241e-12     0.00                        
  1.20e-11        1.73345e-12     0.00                        
  1.40e-11        1.87234e-12     0.00                        
  1.60e-11        2.00161e-12     0.00                        
  1.80e-11        2.12303e-12     0.00                        
  2.20e-11        2.3471e-12      0.00                        
  2.50e-11        2.50202e-12     0.00                        
  2.90e-11        2.69475e-12     0.00                        
  3.40e-11        2.91783e-12     1.61731e-13      #dY:5.5%   
  4.00e-11        3.16483e-12     1.75422e-13      #dY:5.5%   
  4.60e-11        3.3939e-12      1.88119e-13      #dY:5.5%   
  5.40e-11        3.6772e-12      2.03822e-13      #dY:5.5%   
  6.30e-11        3.97183e-12     2.20153e-13      #dY:5.5%   
  7.40e-11        4.30463e-12     2.386e-13        #dY:5.5%   
  8.60e-11        4.64055e-12     2.5722e-13       #dY:5.5%   
  1.00e-10        5.00404e-12     3.24528e-13      #dY:6.5%   
  1.20e-10        5.48165e-12     3.55502e-13      #dY:6.5%   
  1.40e-10        5.92086e-12     3.83986e-13      #dY:6.5%   
  1.60e-10        6.32966e-12     4.10498e-13      #dY:6.5%   
  1.80e-10        6.71362e-12     4.35399e-13      #dY:6.5%   
  2.20e-10        7.42219e-12     4.81352e-13      #dY:6.5%   
  2.50e-10        7.91208e-12     5.13123e-13      #dY:6.5%   
  2.90e-10        8.52157e-12     5.52651e-13      #dY:6.5%   
  3.40e-10        9.22699e-12     5.92666e-13      #dY:6.4%   
  4.00e-10        1.00081e-11     6.42838e-13      #dY:6.4%   
  4.60e-10        1.07325e-11     6.89367e-13      #dY:6.4%   
  5.40e-10        1.16283e-11     7.46906e-13      #dY:6.4%   
  6.30e-10        1.256e-11       8.06751e-13      #dY:6.4%   
  7.40e-10        1.36125e-11     8.74354e-13      #dY:6.4%   
  8.60e-10        1.46747e-11     9.42581e-13      #dY:6.4%   
  1.00e-9         1.58242e-11     1.01642e-12      #dY:6.4%   
  1.20e-9         1.73345e-11     1.12298e-12      #dY:6.5%   
  1.40e-9         1.87234e-11     1.21296e-12      #dY:6.5%   
  1.60e-9         2.00162e-11     1.29671e-12      #dY:6.5%   
  1.80e-9         2.12304e-11     1.37537e-12      #dY:6.5%   
  2.20e-9         2.34711e-11     1.52053e-12      #dY:6.5%   
  2.50e-9         2.50203e-11     1.62089e-12      #dY:6.5%   
  2.90e-9         2.69477e-11     1.74575e-12      #dY:6.5%   
  3.40e-9         2.91784e-11     1.8742e-12       #dY:6.4%   
  4.00e-9         3.16485e-11     2.03286e-12      #dY:6.4%   
  4.60e-9         3.39392e-11     2.18e-12         #dY:6.4%   
  5.40e-9         3.67722e-11     2.36197e-12      #dY:6.4%   
  6.30e-9         3.97186e-11     2.55122e-12      #dY:6.4%   
  7.40e-9         4.30466e-11     2.76499e-12      #dY:6.4%   
  8.60e-9         4.64059e-11     2.98077e-12      #dY:6.4%   
  1.00e-8         5.00408e-11     3.24173e-12      #dY:6.5%   
  1.20e-8         5.4817e-11      3.55115e-12      #dY:6.5%   
  1.40e-8         5.92091e-11     3.83567e-12      #dY:6.5%   
  1.60e-8         6.32973e-11     4.10051e-12      #dY:6.5%   
  1.80e-8         6.7137e-11      4.34926e-12      #dY:6.5%   
  2.20e-8         7.42228e-11     4.80829e-12      #dY:6.5%   
  2.50e-8         7.91219e-11     5.12566e-12      #dY:6.5%   
  2.90e-8         8.52169e-11     5.52051e-12      #dY:6.5%   
  3.40e-8         9.22714e-11     5.92668e-12      #dY:6.4%   
  4.00e-8         1.00083e-10     6.42842e-12      #dY:6.4%   
  4.60e-8         1.07327e-10     6.89371e-12      #dY:6.4%   
  5.40e-8         1.16286e-10     7.46916e-12      #dY:6.4%   
  6.30e-8         1.25604e-10     8.06766e-12      #dY:6.4%   
  7.40e-8         1.36128e-10     8.74363e-12      #dY:6.4%   
  8.60e-8         1.46751e-10     9.42595e-12      #dY:6.4%   
  1.00e-7         1.58246e-10     1.01643e-11      #dY:6.4%   
  1.20e-7         1.7335e-10      1.123e-11        #dY:6.5%   
  1.40e-7         1.8724e-10      1.21299e-11      #dY:6.5%   
  1.60e-7         2.00169e-10     1.29674e-11      #dY:6.5%   
  1.80e-7         2.12312e-10     1.37541e-11      #dY:6.5%   
  2.20e-7         2.3472e-10      1.52057e-11      #dY:6.5%   
  2.50e-7         2.50214e-10     1.62095e-11      #dY:6.5%   
  2.90e-7         2.69489e-10     1.74581e-11      #dY:6.5%   
  3.40e-7         2.91799e-10     1.87419e-11      #dY:6.4%   
  4.00e-7         3.16502e-10     2.03285e-11      #dY:6.4%   
  4.60e-7         3.39412e-10     2.18e-11         #dY:6.4%   
  5.40e-7         3.67746e-10     2.36198e-11      #dY:6.4%   
  6.30e-7         3.97213e-10     2.55125e-11      #dY:6.4%   
  7.40e-7         4.30499e-10     2.76504e-11      #dY:6.4%   
  8.60e-7         4.64097e-10     2.98083e-11      #dY:6.4%   
  1.00e-6         5.00452e-10     3.21434e-11      #dY:6.4%   
  1.20e-6         5.48223e-10     3.55127e-11      #dY:6.5%   
  1.40e-6         5.92154e-10     3.83585e-11      #dY:6.5%   
  1.60e-6         6.33045e-10     4.10073e-11      #dY:6.5%   
  1.80e-6         6.71451e-10     4.34952e-11      #dY:6.5%   
  2.20e-6         7.42328e-10     4.80864e-11      #dY:6.5%   
  2.50e-6         7.91332e-10     5.12608e-11      #dY:6.5%   
  2.90e-6         8.52302e-10     5.52103e-11      #dY:6.5%   
  3.40e-6         9.2287e-10      5.9275e-11       #dY:6.4%   
  4.00e-6         1.00101e-9      6.42939e-11      #dY:6.4%   
  4.60e-6         1.07348e-9      6.89485e-11      #dY:6.4%   
  5.40e-6         1.16311e-9      7.47054e-11      #dY:6.4%   
  6.30e-6         1.25633e-9      8.06928e-11      #dY:6.4%   
  7.40e-6         1.36163e-9      8.74561e-11      #dY:6.4%   
  8.60e-6         1.46792e-9      9.4283e-11       #dY:6.4%   
  1.00e-5         1.58294e-9      1.01671e-10      #dY:6.4%   
  1.20e-5         1.73408e-9      1.12207e-10      #dY:6.5%   
  1.40e-5         1.87308e-9      1.21201e-10      #dY:6.5%   
  1.60e-5         2.00247e-9      1.29573e-10      #dY:6.5%   
  1.80e-5         2.124e-9        1.37437e-10      #dY:6.5%   
  2.20e-5         2.34829e-9      1.5195e-10       #dY:6.5%   
  2.50e-5         2.50338e-9      1.61986e-10      #dY:6.5%   
  2.90e-5         2.69635e-9      1.74472e-10      #dY:6.5%   
  3.40e-5         2.91971e-9      1.86901e-10      #dY:6.4%   
  4.00e-5         3.16706e-9      2.02735e-10      #dY:6.4%   
  4.60e-5         3.39649e-9      2.17422e-10      #dY:6.4%   
  5.40e-5         3.68026e-9      2.35587e-10      #dY:6.4%   
  6.30e-5         3.97543e-9      2.54482e-10      #dY:6.4%   
  7.40e-5         4.3089e-9       2.75828e-10      #dY:6.4%   
  8.60e-5         4.64555e-9      2.97378e-10      #dY:6.4%   
  1.00e-4         5.0099e-9       3.20702e-10      #dY:6.4%   
  1.20e-4         5.48876e-9      3.53548e-10      #dY:6.4%   
  1.40e-4         5.92923e-9      3.8192e-10       #dY:6.4%   
  1.60e-4         6.33931e-9      4.08334e-10      #dY:6.4%   
  1.80e-4         6.72455e-9      4.33148e-10      #dY:6.4%   
  2.20e-4         7.4357e-9       4.78956e-10      #dY:6.4%   
  2.50e-4         7.92755e-9      5.10637e-10      #dY:6.4%   
  2.90e-4         8.53967e-9      5.50066e-10      #dY:6.4%   
  3.40e-4         9.24841e-9      5.87892e-10      #dY:6.4%   
  4.00e-4         1.00335e-8      6.37797e-10      #dY:6.4%   
  4.60e-4         1.07619e-8      6.84099e-10      #dY:6.4%   
  5.40e-4         1.16632e-8      7.41392e-10      #dY:6.4%   
  6.30e-4         1.26011e-8      8.01011e-10      #dY:6.4%   
  7.40e-4         1.36611e-8      8.68392e-10      #dY:6.4%   
  8.60e-4         1.47316e-8      9.3644e-10       #dY:6.4%   
  1.00e-3         1.58908e-8      1.01013e-9       #dY:6.4%   
  1.20e-3         1.7415e-8       1.10617e-9       #dY:6.4%   
  1.40e-3         1.88178e-8      1.19528e-9       #dY:6.4%   
  1.60e-3         2.01245e-8      1.27828e-9       #dY:6.4%   
  1.80e-3         2.13526e-8      1.35629e-9       #dY:6.4%   
  2.20e-3         2.3621e-8       1.50037e-9       #dY:6.4%   
  2.50e-3         2.51909e-8      1.60009e-9       #dY:6.4%   
  2.90e-3         2.71458e-8      1.72426e-9       #dY:6.4%   
  3.40e-3         2.94106e-8      1.82595e-9       #dY:6.2%   
  4.00e-3         3.1921e-8       1.98181e-9       #dY:6.2%   
  4.60e-3         3.42516e-8      2.1265e-9        #dY:6.2%   
  5.40e-3         3.71369e-8      2.30563e-9       #dY:6.2%   
  6.30e-3         4.01409e-8      2.49214e-9       #dY:6.2%   
  7.40e-3         4.35377e-8      2.70303e-9       #dY:6.2%   
  8.60e-3         4.69698e-8      2.91611e-9       #dY:6.2%   
  0.01            5.0687e-8       3.14689e-9       #dY:6.2%   
  0.012           5.55757e-8      3.39486e-9       #dY:6.1%   
  0.014           6.00747e-8      3.66969e-9       #dY:6.1%   
  0.016           6.42643e-8      3.92561e-9       #dY:6.1%   
  0.018           6.82003e-8      4.16604e-9       #dY:6.1%   
  0.022           7.54639e-8      4.60974e-9       #dY:6.1%   
  0.025           8.0484e-8       4.9164e-9        #dY:6.1%   
  0.029           8.67253e-8      5.29765e-9       #dY:6.1%   
  0.034           9.39394e-8      5.47362e-9       #dY:5.8%   
  0.04            1.01911e-7      5.93811e-9       #dY:5.8%   
  0.046           1.09283e-7      6.36766e-9       #dY:5.8%   
  0.054           1.18367e-7      6.89696e-9       #dY:5.8%   
  0.063           1.27767e-7      7.44468e-9       #dY:5.8%   
  0.074           1.38317e-7      8.0594e-9        #dY:5.8%   
  0.08            1.43709e-7      8.37358e-9       #dY:5.8%   
  0.16            2.00296e-7      1.28611e-8       #dY:6.4%   
  0.24            2.40741e-7      1.54581e-8       #dY:6.4%   
  0.32            2.72336e-7      1.51832e-8       #dY:5.6%   
  0.4             2.89545e-7      1.61426e-8       #dY:5.6%   
  0.48            3.02482e-7      1.63557e-8       #dY:5.4%   
  0.56            3.12155e-7      1.68787e-8       #dY:5.4%   
  0.64            3.19279e-7      1.64592e-8       #dY:5.2%   
  0.72            3.21029e-7      1.65494e-8       #dY:5.2%   
  0.8             3.21123e-7      1.54381e-8       #dY:4.8%   
  0.88            3.19858e-7      1.53773e-8       #dY:4.8%   
  0.96            3.17467e-7      1.42117e-8       #dY:4.5%   
  1.04            3.13173e-7      1.40194e-8       #dY:4.5%   
  1.12            3.08092e-7      1.26805e-8       #dY:4.1%   
  1.2             3.02362e-7      1.24447e-8       #dY:4.1%   
  1.28            2.96116e-7      1.11258e-8       #dY:3.8%   
  1.36            2.8917e-7       9.72674e-9       #dY:3.4%   
  1.44            2.81909e-7      9.48251e-9       #dY:3.4%   
  1.52            2.74408e-7      8.12547e-9       #dY:3.0%   
  1.6             2.66733e-7      7.89821e-9       #dY:3.0%   
  1.68            2.58787e-7      6.56539e-9       #dY:2.5%   
  1.76            2.50766e-7      6.3619e-9        #dY:2.5%   
  1.84            2.42711e-7      5.15033e-9       #dY:2.1%   
  1.92            2.34654e-7      4.97936e-9       #dY:2.1%   
  2               2.26741e-7      3.87013e-9       #dY:1.7%   
  2.08            2.18878e-7      3.73592e-9       #dY:1.7%   
  2.16            2.11084e-7      2.7721e-9        #dY:1.3%   
  2.24            2.03377e-7      2.67089e-9       #dY:1.3%   
  2.32            1.96009e-7      1.85865e-9       #dY:0.9%   
  2.4             1.88752e-7      1.78983e-9       #dY:0.9%   
  2.48            1.81615e-7      1.285e-9         #dY:0.7%   
  2.56            1.74605e-7      1.269e-9         #dY:0.7%   
  2.64            1.67966e-7      1.22075e-9       #dY:0.7%   
  2.72            1.61464e-7      1.6122e-9        #dY:1.0%   
  2.8             1.55102e-7      1.54867e-9       #dY:1.0%   
  2.88            1.48883e-7      2.06099e-9       #dY:1.4%   
  2.96            1.43032e-7      1.97999e-9       #dY:1.4%   
  3.04            1.37326e-7      2.50642e-9       #dY:1.8%   
  3.12            1.31764e-7      2.4049e-9        #dY:1.8%   
  3.2             1.26345e-7      2.88027e-9       #dY:2.3%   
  3.28            1.21292e-7      2.76507e-9       #dY:2.3%   
  3.36            1.16379e-7      3.20906e-9       #dY:2.8%   
  3.44            1.11605e-7      3.07742e-9       #dY:2.8%   
  3.52            1.06967e-7      3.46134e-9       #dY:3.2%   
  3.6             1.02638e-7      3.32126e-9       #dY:3.2%   
  3.68            9.84398e-8      3.66494e-9       #dY:3.7%   
  3.76            9.43699e-8      3.97297e-9       #dY:4.2%   
  3.84            9.04252e-8      3.8069e-9        #dY:4.2%   
  3.92            8.67086e-8      4.07668e-9       #dY:4.7%   
  4               8.3111e-8       3.90753e-9       #dY:4.7%   
  4.08            7.96292e-8      4.13858e-9       #dY:5.2%   
  4.16            7.62599e-8      3.96347e-9       #dY:5.2%   
  4.24            7.30962e-8      4.16766e-9       #dY:5.7%   
  4.32            7.00385e-8      3.99332e-9       #dY:5.7%   
  4.4             6.70837e-8      4.16095e-9       #dY:6.2%   
  4.48            6.42286e-8      3.98386e-9       #dY:6.2%   
  4.56            6.15827e-8      4.12669e-9       #dY:6.7%   
  4.64            5.90302e-8      3.95564e-9       #dY:6.7%   
  4.72            5.65678e-8      4.07589e-9       #dY:7.2%   
  4.8             5.41927e-8      3.90476e-9       #dY:7.2%   
  4.88            5.20125e-8      4.00492e-9       #dY:7.7%   
  4.96            4.99136e-8      4.0818e-9        #dY:8.2%   
  5.04            4.78932e-8      3.91658e-9       #dY:8.2%   
  5.12            4.59484e-8      3.97582e-9       #dY:8.7%   
  5.2             4.41466e-8      3.81991e-9       #dY:8.7%   
  5.28            4.2415e-8       3.8609e-9        #dY:9.1%   
  5.36            4.07512e-8      3.70945e-9       #dY:9.1%   
  5.44            3.91525e-8      3.73264e-9       #dY:9.5%   
  5.52            3.76489e-8      3.5893e-9        #dY:9.5%   
  5.6             3.62057e-8      3.60621e-9       #dY:10.0%  
  5.68            3.48206e-8      3.46825e-9       #dY:10.0%  
  5.76            3.34913e-8      3.46926e-9       #dY:10.4%  
  5.84            3.22285e-8      3.33845e-9       #dY:10.4%  
  5.92            3.10173e-8      3.33574e-9       #dY:10.8%  
  6               2.98557e-8      3.21082e-9       #dY:10.8%  
  6.08            2.87417e-8      3.20581e-9       #dY:11.2%  
  6.16            2.76781e-8      3.16785e-9       #dY:11.4%  
  6.24            2.66583e-8      3.05113e-9       #dY:11.4%  
  6.32            2.56808e-8      3.01394e-9       #dY:11.7%  
  6.4             2.47438e-8      2.90397e-9       #dY:11.7%  
  6.48            2.38424e-8      2.89111e-9       #dY:12.1%  
  6.56            2.29784e-8      2.78634e-9       #dY:12.1%  
  6.64            2.21502e-8      2.7499e-9        #dY:12.4%  
  6.72            2.13562e-8      2.65132e-9       #dY:12.4%  
  6.8             2.0591e-8       2.59441e-9       #dY:12.6%  
  6.88            1.98573e-8      2.50197e-9       #dY:12.6%  
  6.96            1.91539e-8      2.46953e-9       #dY:12.9%  
  7.04            1.84794e-8      2.38257e-9       #dY:12.9%  
  7.12            1.78304e-8      2.33302e-9       #dY:13.1%  
  7.2             1.7208e-8       2.25158e-9       #dY:13.1%  
  7.28            1.66112e-8      2.20669e-9       #dY:13.3%  
  7.36            1.60388e-8      2.16287e-9       #dY:13.5%  
  7.44            1.54892e-8      2.08876e-9       #dY:13.5%  
  7.52            1.4962e-8       2.04703e-9       #dY:13.7%  
  7.6             1.44563e-8      1.97784e-9       #dY:13.7%  
  7.68            1.39713e-8      1.9247e-9        #dY:13.8%  
  7.76            1.35065e-8      1.86067e-9       #dY:13.8%  
  7.84            1.30605e-8      1.81439e-9       #dY:13.9%  
  7.92            1.26327e-8      1.75496e-9       #dY:13.9%  
  8               1.22221e-8      1.71048e-9       #dY:14.0%  
  8.08            1.18277e-8      1.65529e-9       #dY:14.0%  
  8.16            1.14492e-8      1.61085e-9       #dY:14.1%  
  8.24            1.10858e-8      1.55972e-9       #dY:14.1%  
  8.32            1.07369e-8      1.50607e-9       #dY:14.0%  
  8.4             1.03972e-8      1.45842e-9       #dY:14.0%  
  8.48            1.00709e-8      1.42316e-9       #dY:14.1%  
  8.56            9.7572e-9       1.36969e-9       #dY:14.0%  
  8.64            9.45567e-9      1.32736e-9       #dY:14.0%  
  8.72            9.13974e-9      1.28586e-9       #dY:14.1%  
  8.8             8.83491e-9      1.24297e-9       #dY:14.1%  
  8.88            8.54072e-9      1.20034e-9       #dY:14.1%  
  8.96            8.25668e-9      1.16042e-9       #dY:14.1%  
  9.04            7.991e-9        1.12823e-9       #dY:14.1%  
  9.12            7.73461e-9      1.09203e-9       #dY:14.1%  
  9.2             7.4871e-9       1.0531e-9        #dY:14.1%  
  9.28            7.24808e-9      1.01948e-9       #dY:14.1%  
  9.36            7.02031e-9      9.8773e-10       #dY:14.1%  
  9.44            6.80029e-9      9.56774e-10      #dY:14.1%  
  9.52            6.58769e-9      9.18974e-10      #dY:13.9%  
  9.6             6.38217e-9      8.90304e-10      #dY:13.9%  
  9.68            6.18556e-9      8.59692e-10      #dY:13.9%  
  9.76            5.99543e-9      8.27649e-10      #dY:13.8%  
  9.84            5.81147e-9      8.02254e-10      #dY:13.8%  
  9.92            5.63342e-9      7.7239e-10       #dY:13.7%  
  10              5.38094e-9      7.37773e-10      #dY:13.7%  
  10.08           5.13384e-9      7.03893e-10      #dY:13.7%  
  10.16           4.8919e-9       6.80439e-10      #dY:13.9%  
  10.24           4.65488e-9      6.63706e-10      #dY:14.3%  
  10.32           4.1892e-9       5.97308e-10      #dY:14.3%  
  10.4            3.72801e-9      5.3155e-10       #dY:14.3%  
  10.48           3.2711e-9       4.98613e-10      #dY:15.2%  
  10.56           2.8183e-9       5.01293e-10      #dY:17.8%  
  10.64           2.51837e-9      4.47944e-10      #dY:17.8%  
  10.72           2.22219e-9      4.73068e-10      #dY:21.3%  
  10.8            1.92957e-9      4.10774e-10      #dY:21.3%  
  10.88           1.64036e-9      4.14755e-10      #dY:25.3%  
  10.96           1.53389e-9      3.87834e-10      #dY:25.3%  
  11.04           1.43053e-9      4.32182e-10      #dY:30.2%  
  11.12           1.33013e-9      4.36565e-10      #dY:32.8%  
  11.2            1.23256e-9      4.04541e-10      #dY:32.8%  
  11.28           1.17226e-9      3.8475e-10       #dY:32.8%  
  11.36           1.11455e-9      3.87907e-10      #dY:34.8%  
  11.44           1.0593e-9       3.81356e-10      #dY:36.0%  
  11.52           1.0064e-9       3.62312e-10      #dY:36.0%  
  11.6            9.59394e-10     3.45389e-10      #dY:36.0%  
  11.68           9.14534e-10     3.37321e-10      #dY:36.9%  
  11.76           8.71721e-10     3.28416e-10      #dY:37.7%  
  11.84           8.30861e-10     3.13023e-10      #dY:37.7%  
  11.92           7.92209e-10     3.03994e-10      #dY:38.4%  
  12              7.55336e-10     2.89845e-10      #dY:38.4%  
  12.08           7.20162e-10     2.81528e-10      #dY:39.1%  
  12.16           6.8661e-10      2.68411e-10      #dY:39.1%  
  12.24           6.54637e-10     2.60325e-10      #dY:39.8%  
  12.32           6.2414e-10      2.52605e-10      #dY:40.5%  
  12.4            5.95052e-10     2.40832e-10      #dY:40.5%  
  12.48           5.67309e-10     2.29604e-10      #dY:40.5%  
  12.56           5.40852e-10     2.22523e-10      #dY:41.1%  
  12.64           5.1562e-10      2.15763e-10      #dY:41.8%  
  12.72           4.91556e-10     2.05693e-10      #dY:41.8%  
  12.8            4.68606e-10     1.9609e-10       #dY:41.8%  
  12.88           4.46721e-10     1.89908e-10      #dY:42.5%  
  12.96           4.2585e-10      1.84029e-10      #dY:43.2%  
  13.04           4.05947e-10     1.75428e-10      #dY:43.2%  
  13.12           3.86968e-10     1.69788e-10      #dY:43.9%  
  13.2            3.6887e-10      1.61847e-10      #dY:43.9%  
  13.28           3.51612e-10     1.56743e-10      #dY:44.6%  
  13.36           3.35157e-10     1.49407e-10      #dY:44.6%  
  13.44           3.19466e-10     1.44838e-10      #dY:45.3%  
  13.52           3.04505e-10     1.40186e-10      #dY:46.0%  
  13.6            2.90241e-10     1.33619e-10      #dY:46.0%  
  13.68           2.7664e-10      1.27357e-10      #dY:46.0%  
  13.76           2.63672e-10     1.23121e-10      #dY:46.7%  
  13.84           2.51308e-10     1.19096e-10      #dY:47.4%  
  13.92           2.39521e-10     1.1351e-10       #dY:47.4%  
  14              2.28283e-10     1.08184e-10      #dY:47.4%  
  14.08           2.17569e-10     1.04751e-10      #dY:48.1%  
  14.16           2.07355e-10     1.01276e-10      #dY:48.8%  
  14.24           1.97617e-10     9.65201e-11      #dY:48.8%  
  14.32           1.88334e-10     9.33973e-11      #dY:49.6%  
  14.4            1.79485e-10     8.9009e-11       #dY:49.6%  
  14.48           1.71049e-10     8.60184e-11      #dY:50.3%  
  14.56           1.63007e-10     8.19742e-11      #dY:50.3%  
  14.64           1.55341e-10     7.92764e-11      #dY:51.0%  
  14.72           1.48034e-10     7.65711e-11      #dY:51.7%  
  14.8            1.41068e-10     7.29679e-11      #dY:51.7%  
  14.88           1.34428e-10     6.95333e-11      #dY:51.7%  
  14.96           1.281e-10       6.72162e-11      #dY:52.5%  
  15.04           1.22067e-10     6.48925e-11      #dY:53.2%  
  15.12           1.16317e-10     6.18357e-11      #dY:53.2%  
  15.2            1.10837e-10     5.89225e-11      #dY:53.2%  
  15.28           1.05613e-10     5.69283e-11      #dY:53.9%  
  15.36           1.00635e-10     5.50422e-11      #dY:54.7%  
  15.44           9.58896e-11     5.24467e-11      #dY:54.7%  
  15.52           9.13671e-11     5.05535e-11      #dY:55.3%  
  15.6            8.70568e-11     4.81686e-11      #dY:55.3%  
  15.68           8.29488e-11     4.65493e-11      #dY:56.1%  
  15.76           7.90338e-11     4.43523e-11      #dY:56.1%  
  15.84           7.53026e-11     4.2811e-11       #dY:56.9%  
  15.92           7.17467e-11     4.13513e-11      #dY:57.6%  
  16              6.8358e-11      3.93983e-11      #dY:57.6%  
  16.08           6.51285e-11     3.75369e-11      #dY:57.6%  
  16.16           6.20509e-11     3.61563e-11      #dY:58.3%  
  16.24           5.91181e-11     3.49088e-11      #dY:59.0%  
  16.32           5.63233e-11     3.32585e-11      #dY:59.0%  
  16.4            5.36599e-11     3.16857e-11      #dY:59.0%  
  16.48           5.1122e-11      3.05598e-11      #dY:59.8%  
  16.56           4.87036e-11     2.94948e-11      #dY:60.6%  
  16.64           4.6399e-11      2.80992e-11      #dY:60.6%  
  16.72           4.42031e-11     2.70889e-11      #dY:61.3%  
  16.8            4.21106e-11     2.58065e-11      #dY:61.3%  
  16.88           4.01167e-11     2.48976e-11      #dY:62.1%  
  16.96           3.82169e-11     2.37186e-11      #dY:62.1%  
  17.04           3.64066e-11     2.28572e-11      #dY:62.8%  
  17.12           3.46818e-11     2.20432e-11      #dY:63.6%  
  17.2            3.30383e-11     2.09986e-11      #dY:63.6%  
  17.28           3.14724e-11     2.00033e-11      #dY:63.6%  
  17.36           2.99804e-11     1.92702e-11      #dY:64.3%  
  17.44           2.85588e-11     1.86055e-11      #dY:65.1%  
  17.52           2.72044e-11     1.77232e-11      #dY:65.1%  
  17.6            2.5914e-11      1.68825e-11      #dY:65.1%  
  17.68           2.46845e-11     1.62582e-11      #dY:65.9%  
  17.76           2.35131e-11     1.56682e-11      #dY:66.6%  
  17.84           2.23971e-11     1.49246e-11      #dY:66.6%  
  17.92           2.13339e-11     1.4367e-11       #dY:67.3%  
  18              2.0321e-11      1.36849e-11      #dY:67.3%  
  18.08           1.9356e-11      1.32034e-11      #dY:68.2%  
  18.16           1.84366e-11     1.25762e-11      #dY:68.2%  
  18.24           1.75607e-11     1.21026e-11      #dY:68.9%  
  18.32           1.67263e-11     1.1656e-11       #dY:69.7%  
  18.4            1.59314e-11     1.11021e-11      #dY:69.7%  
  18.48           1.51741e-11     1.05743e-11      #dY:69.7%  
  18.56           1.44527e-11     1.01875e-11      #dY:70.5%  
  18.64           1.37655e-11     9.80799e-12      #dY:71.3%  
  18.72           1.31109e-11     9.34159e-12      #dY:71.3%  
  18.8            1.24872e-11     8.8972e-12       #dY:71.3%  
  18.88           1.18931e-11     8.5574e-12       #dY:72.0%  
  18.96           1.13272e-11     8.24819e-12      #dY:72.8%  
  19.04           1.07882e-11     7.85571e-12      #dY:72.8%  
  19.12           1.02747e-11     7.55276e-12      #dY:73.5%  
  19.2            9.78551e-12     7.19317e-12      #dY:73.5%  
  19.28           9.31958e-12     6.93106e-12      #dY:74.4%  
  19.36           8.87575e-12     6.60098e-12      #dY:74.4%  
  19.44           8.45299e-12     6.35299e-12      #dY:75.2%  
  19.52           8.05031e-12     6.11125e-12      #dY:75.9%  
  19.6            7.66674e-12     5.82007e-12      #dY:75.9%  
  19.68           7.30139e-12     5.54272e-12      #dY:75.9%  
  19.76           6.95339e-12     5.33329e-12      #dY:76.7%  
  19.84           6.62193e-12     5.13548e-12      #dY:77.6%  
  19.92           6.30622e-12     4.89064e-12      #dY:77.6%  
  20              6.00551e-12     4.65743e-12      #dY:77.6%  
  20.2            0.00            0.00                        
//
#-------------------------------------------------------------------------------
#
#name:   JENDL-5: PU-239(N,F) E_in=17. MeV
#X.axis: Energy
#Y.axis: 
#wdata:  3
#ldata:  386
#data...
# X               Y               +-dY           
# MeV             1/eV            1/eV           
  0.00            0.00            0.00                        
  1.00e-11        1.56592e-12     0.00                        
  1.20e-11        1.71537e-12     0.00                        
  1.40e-11        1.85282e-12     0.00                        
  1.60e-11        1.98074e-12     0.00                        
  1.80e-11        2.1009e-12      0.00                        
  2.20e-11        2.32263e-12     0.00                        
  2.50e-11        2.47593e-12     0.00                        
  2.90e-11        2.66666e-12     0.00                        
  3.40e-11        2.88741e-12     1.61731e-13      #dY:5.6%   
  4.00e-11        3.13183e-12     1.75422e-13      #dY:5.6%   
  4.60e-11        3.35852e-12     1.88119e-13      #dY:5.6%   
  5.40e-11        3.63886e-12     2.03822e-13      #dY:5.6%   
  6.30e-11        3.93042e-12     2.20153e-13      #dY:5.6%   
  7.40e-11        4.25975e-12     2.386e-13        #dY:5.6%   
  8.60e-11        4.59217e-12     2.57219e-13      #dY:5.6%   
  1.00e-10        4.95186e-12     3.24527e-13      #dY:6.6%   
  1.20e-10        5.42449e-12     3.55502e-13      #dY:6.6%   
  1.40e-10        5.85912e-12     3.83986e-13      #dY:6.6%   
  1.60e-10        6.26367e-12     4.10499e-13      #dY:6.6%   
  1.80e-10        6.64362e-12     4.35399e-13      #dY:6.6%   
  2.20e-10        7.3448e-12      4.81352e-13      #dY:6.6%   
  2.50e-10        7.82959e-12     5.13123e-13      #dY:6.6%   
  2.90e-10        8.43272e-12     5.5265e-13       #dY:6.6%   
  3.40e-10        9.13079e-12     5.92666e-13      #dY:6.5%   
  4.00e-10        9.90373e-12     6.42836e-13      #dY:6.5%   
  4.60e-10        1.06206e-11     6.89367e-13      #dY:6.5%   
  5.40e-10        1.15071e-11     7.46909e-13      #dY:6.5%   
  6.30e-10        1.24291e-11     8.06754e-13      #dY:6.5%   
  7.40e-10        1.34705e-11     8.7435e-13       #dY:6.5%   
  8.60e-10        1.45217e-11     9.42582e-13      #dY:6.5%   
  1.00e-9         1.56592e-11     1.01642e-12      #dY:6.5%   
  1.20e-9         1.71538e-11     1.12298e-12      #dY:6.5%   
  1.40e-9         1.85282e-11     1.21296e-12      #dY:6.5%   
  1.60e-9         1.98075e-11     1.29671e-12      #dY:6.5%   
  1.80e-9         2.1009e-11      1.37537e-12      #dY:6.5%   
  2.20e-9         2.32264e-11     1.52053e-12      #dY:6.5%   
  2.50e-9         2.47594e-11     1.62089e-12      #dY:6.5%   
  2.90e-9         2.66667e-11     1.74575e-12      #dY:6.5%   
  3.40e-9         2.88742e-11     1.8742e-12       #dY:6.5%   
  4.00e-9         3.13185e-11     2.03286e-12      #dY:6.5%   
  4.60e-9         3.35853e-11     2.18e-12         #dY:6.5%   
  5.40e-9         3.63888e-11     2.36197e-12      #dY:6.5%   
  6.30e-9         3.93044e-11     2.55122e-12      #dY:6.5%   
  7.40e-9         4.25977e-11     2.76499e-12      #dY:6.5%   
  8.60e-9         4.59219e-11     2.98076e-12      #dY:6.5%   
  1.00e-8         4.95189e-11     3.24173e-12      #dY:6.5%   
  1.20e-8         5.42453e-11     3.55114e-12      #dY:6.5%   
  1.40e-8         5.85917e-11     3.83568e-12      #dY:6.5%   
  1.60e-8         6.26371e-11     4.10051e-12      #dY:6.5%   
  1.80e-8         6.64368e-11     4.34925e-12      #dY:6.5%   
  2.20e-8         7.34487e-11     4.80828e-12      #dY:6.5%   
  2.50e-8         7.82966e-11     5.12565e-12      #dY:6.5%   
  2.90e-8         8.43281e-11     5.5205e-12       #dY:6.5%   
  3.40e-8         9.13089e-11     5.92667e-12      #dY:6.5%   
  4.00e-8         9.90385e-11     6.42838e-12      #dY:6.5%   
  4.60e-8         1.06207e-10     6.89367e-12      #dY:6.5%   
  5.40e-8         1.15073e-10     7.46915e-12      #dY:6.5%   
  6.30e-8         1.24293e-10     8.0676e-12       #dY:6.5%   
  7.40e-8         1.34708e-10     8.74361e-12      #dY:6.5%   
  8.60e-8         1.4522e-10      9.42593e-12      #dY:6.5%   
  1.00e-7         1.56595e-10     1.01643e-11      #dY:6.5%   
  1.20e-7         1.71541e-10     1.123e-11        #dY:6.5%   
  1.40e-7         1.85286e-10     1.21298e-11      #dY:6.5%   
  1.60e-7         1.9808e-10      1.29674e-11      #dY:6.5%   
  1.80e-7         2.10096e-10     1.3754e-11       #dY:6.5%   
  2.20e-7         2.3227e-10      1.52056e-11      #dY:6.5%   
  2.50e-7         2.47601e-10     1.62093e-11      #dY:6.5%   
  2.90e-7         2.66676e-10     1.74581e-11      #dY:6.5%   
  3.40e-7         2.88752e-10     1.87418e-11      #dY:6.5%   
  4.00e-7         3.13197e-10     2.03284e-11      #dY:6.5%   
  4.60e-7         3.35867e-10     2.17998e-11      #dY:6.5%   
  5.40e-7         3.63904e-10     2.36196e-11      #dY:6.5%   
  6.30e-7         3.93063e-10     2.55122e-11      #dY:6.5%   
  7.40e-7         4.26001e-10     2.76501e-11      #dY:6.5%   
  8.60e-7         4.59247e-10     2.9808e-11       #dY:6.5%   
  1.00e-6         4.95221e-10     3.21429e-11      #dY:6.5%   
  1.20e-6         5.42491e-10     3.55124e-11      #dY:6.5%   
  1.40e-6         5.85961e-10     3.83581e-11      #dY:6.5%   
  1.60e-6         6.26423e-10     4.10068e-11      #dY:6.5%   
  1.80e-6         6.64426e-10     4.34945e-11      #dY:6.5%   
  2.20e-6         7.34558e-10     4.80855e-11      #dY:6.5%   
  2.50e-6         7.83048e-10     5.12597e-11      #dY:6.5%   
  2.90e-6         8.43376e-10     5.52089e-11      #dY:6.5%   
  3.40e-6         9.13202e-10     5.92744e-11      #dY:6.5%   
  4.00e-6         9.90519e-10     6.42929e-11      #dY:6.5%   
  4.60e-6         1.06223e-9      6.89476e-11      #dY:6.5%   
  5.40e-6         1.15091e-9      7.47036e-11      #dY:6.5%   
  6.30e-6         1.24314e-9      8.06901e-11      #dY:6.5%   
  7.40e-6         1.34733e-9      8.74529e-11      #dY:6.5%   
  8.60e-6         1.4525e-9       9.42793e-11      #dY:6.5%   
  1.00e-5         1.5663e-9       1.01666e-10      #dY:6.5%   
  1.20e-5         1.71584e-9      1.12204e-10      #dY:6.5%   
  1.40e-5         1.85336e-9      1.21197e-10      #dY:6.5%   
  1.60e-5         1.98137e-9      1.29568e-10      #dY:6.5%   
  1.80e-5         2.10161e-9      1.37431e-10      #dY:6.5%   
  2.20e-5         2.32351e-9      1.51942e-10      #dY:6.5%   
  2.50e-5         2.47694e-9      1.61975e-10      #dY:6.5%   
  2.90e-5         2.66784e-9      1.74459e-10      #dY:6.5%   
  3.40e-5         2.88881e-9      1.86895e-10      #dY:6.5%   
  4.00e-5         3.1335e-9       2.02726e-10      #dY:6.5%   
  4.60e-5         3.36045e-9      2.17409e-10      #dY:6.5%   
  5.40e-5         3.64116e-9      2.3557e-10       #dY:6.5%   
  6.30e-5         3.93313e-9      2.54459e-10      #dY:6.5%   
  7.40e-5         4.26297e-9      2.75798e-10      #dY:6.5%   
  8.60e-5         4.59595e-9      2.97341e-10      #dY:6.5%   
  1.00e-4         4.956309e-9     3.20655e-10      #dY:6.5%   
  1.20e-4         5.429899e-9     3.53521e-10      #dY:6.5%   
  1.40e-4         5.865509e-9     3.81882e-10      #dY:6.5%   
  1.60e-4         6.271039e-9     4.08284e-10      #dY:6.5%   
  1.80e-4         6.651989e-9     4.33086e-10      #dY:6.5%   
  2.20e-4         7.355179e-9     4.78868e-10      #dY:6.5%   
  2.50e-4         7.841489e-9     5.1053e-10       #dY:6.5%   
  2.90e-4         8.446689e-9     5.49933e-10      #dY:6.5%   
  3.40e-4         9.147349e-9     5.87831e-10      #dY:6.4%   
  4.00e-4         9.923449e-9     6.37705e-10      #dY:6.4%   
  4.60e-4         1.06435e-8      6.83977e-10      #dY:6.4%   
  5.40e-4         1.15343e-8      7.41222e-10      #dY:6.4%   
  6.30e-4         1.24611e-8      8.0078e-10       #dY:6.4%   
  7.40e-4         1.35085e-8      8.68088e-10      #dY:6.4%   
  8.60e-4         1.45663e-8      9.36065e-10      #dY:6.4%   
  1.00e-3         1.57114e-8      1.00965e-9       #dY:6.4%   
  1.20e-3         1.7217e-8       1.10591e-9       #dY:6.4%   
  1.40e-3         1.86024e-8      1.1949e-9        #dY:6.4%   
  1.60e-3         1.98928e-8      1.27779e-9       #dY:6.4%   
  1.80e-3         2.11053e-8      1.35567e-9       #dY:6.4%   
  2.20e-3         2.33446e-8      1.49951e-9       #dY:6.4%   
  2.50e-3         2.4894e-8       1.59903e-9       #dY:6.4%   
  2.90e-3         2.6823e-8       1.72294e-9       #dY:6.4%   
  3.40e-3         2.90573e-8      1.82535e-9       #dY:6.3%   
  4.00e-3         3.15332e-8      1.98089e-9       #dY:6.3%   
  4.60e-3         3.38313e-8      2.12525e-9       #dY:6.3%   
  5.40e-3         3.66755e-8      2.30392e-9       #dY:6.3%   
  6.30e-3         3.96357e-8      2.48988e-9       #dY:6.3%   
  7.40e-3         4.29819e-8      2.70008e-9       #dY:6.3%   
  8.60e-3         4.636169e-8     2.9124e-9        #dY:6.3%   
  0.01            5.002069e-8     3.14225e-9       #dY:6.3%   
  0.012           5.483079e-8     3.39232e-9       #dY:6.2%   
  0.014           5.925529e-8     3.66606e-9       #dY:6.2%   
  0.016           6.337359e-8     3.92085e-9       #dY:6.2%   
  0.018           6.724089e-8     4.16012e-9       #dY:6.2%   
  0.022           7.437349e-8     4.6014e-9        #dY:6.2%   
  0.025           7.929979e-8     4.90619e-9       #dY:6.2%   
  0.029           8.542069e-8     5.28488e-9       #dY:6.2%   
  0.034           9.249039e-8     5.46798e-9       #dY:5.9%   
  0.04            1.00296e-7      5.92944e-9       #dY:5.9%   
  0.046           1.07508e-7      6.35581e-9       #dY:5.9%   
  0.054           1.16387e-7      6.88073e-9       #dY:5.9%   
  0.063           1.25564e-7      7.42327e-9       #dY:5.9%   
  0.074           1.35852e-7      8.03149e-9       #dY:5.9%   
  0.085           1.45314e-7      8.59088e-9       #dY:5.9%   
  0.17            2.01507e-7      1.32238e-8       #dY:6.6%   
  0.255           2.41115e-7      1.5823e-8        #dY:6.6%   
  0.34            2.71623e-7      1.55191e-8       #dY:5.7%   
  0.425           2.88083e-7      1.64595e-8       #dY:5.7%   
  0.51            3.00165e-7      1.65855e-8       #dY:5.5%   
  0.595           3.08929e-7      1.70698e-8       #dY:5.5%   
  0.68            3.15114e-7      1.65891e-8       #dY:5.3%   
  0.765           3.16067e-7      1.54798e-8       #dY:4.9%   
  0.85            3.15364e-7      1.54454e-8       #dY:4.9%   
  0.935           3.13308e-7      1.42542e-8       #dY:4.5%   
  1.02            3.10142e-7      1.41102e-8       #dY:4.5%   
  1.105           3.05175e-7      1.27487e-8       #dY:4.2%   
  1.19            2.99451e-7      1.25096e-8       #dY:4.2%   
  1.275           2.9313e-7       1.11538e-8       #dY:3.8%   
  1.36            2.86345e-7      9.74136e-9       #dY:3.4%   
  1.445           2.78876e-7      9.48727e-9       #dY:3.4%   
  1.53            2.71142e-7      8.10412e-9       #dY:3.0%   
  1.615           2.63216e-7      7.86722e-9       #dY:3.0%   
  1.7             2.55164e-7      6.52603e-9       #dY:2.6%   
  1.785           2.46925e-7      6.31531e-9       #dY:2.6%   
  1.87            2.38656e-7      5.0953e-9        #dY:2.1%   
  1.955           2.30394e-7      3.94932e-9       #dY:1.7%   
  2.04            2.2217e-7       3.80835e-9       #dY:1.7%   
  2.125           2.14106e-7      2.81991e-9       #dY:1.3%   
  2.21            2.06128e-7      2.71484e-9       #dY:1.3%   
  2.295           1.98253e-7      1.882e-9         #dY:0.9%   
  2.38            1.90495e-7      1.80836e-9       #dY:0.9%   
  2.465           1.83111e-7      1.29591e-9       #dY:0.7%   
  2.55            1.75866e-7      1.24463e-9       #dY:0.7%   
  2.635           1.68766e-7      1.22525e-9       #dY:0.7%   
  2.72            1.61818e-7      1.61198e-9       #dY:1.0%   
  2.805           1.55306e-7      1.54711e-9       #dY:1.0%   
  2.89            1.48951e-7      2.05517e-9       #dY:1.4%   
  2.975           1.42756e-7      1.9697e-9        #dY:1.4%   
  3.06            1.36721e-7      2.48176e-9       #dY:1.8%   
  3.145           1.3108e-7       2.37937e-9       #dY:1.8%   
  3.23            1.25597e-7      2.84479e-9       #dY:2.3%   
  3.315           1.20272e-7      3.28629e-9       #dY:2.7%   
  3.4             1.15102e-7      3.14503e-9       #dY:2.7%   
  3.485           1.10308e-7      3.53409e-9       #dY:3.2%   
  3.57            1.05665e-7      3.38534e-9       #dY:3.2%   
  3.655           1.01168e-7      3.71858e-9       #dY:3.7%   
  3.74            9.681559e-8     3.5586e-9        #dY:3.7%   
  3.825           9.273179e-8     3.84812e-9       #dY:4.1%   
  3.91            8.878469e-8     4.10398e-9       #dY:4.6%   
  3.995           8.497059e-8     3.92768e-9       #dY:4.6%   
  4.08            8.128569e-8     4.14427e-9       #dY:5.1%   
  4.165           7.781239e-8     3.96718e-9       #dY:5.1%   
  4.25            7.446079e-8     4.15419e-9       #dY:5.6%   
  4.335           7.122709e-8     3.97378e-9       #dY:5.6%   
  4.42            6.810749e-8     4.12374e-9       #dY:6.1%   
  4.505           6.517909e-8     4.25417e-9       #dY:6.5%   
  4.59            6.235739e-8     4.07e-9          #dY:6.5%   
  4.675           5.963859e-8     4.17744e-9       #dY:7.0%   
  4.76            5.701929e-8     3.99397e-9       #dY:7.0%   
  4.845           5.454619e-8     4.07914e-9       #dY:7.5%   
  4.93            5.216549e-8     3.90111e-9       #dY:7.5%   
  5.015           4.987379e-8     3.96091e-9       #dY:7.9%   
  5.1             4.766779e-8     3.78571e-9       #dY:7.9%   
  5.185           4.55871e-8      3.83767e-9       #dY:8.4%   
  5.27            4.35858e-8      3.87006e-9       #dY:8.9%   
  5.355           4.16607e-8      3.69912e-9       #dY:8.9%   
  5.44            3.98089e-8      3.71804e-9       #dY:9.3%   
  5.525           3.80909e-8      3.55759e-9       #dY:9.3%   
  5.61            3.64405e-8      3.57315e-9       #dY:9.8%   
  5.695           3.48549e-8      3.41768e-9       #dY:9.8%   
  5.78            3.33317e-8      3.4155e-9        #dY:10.2%  
  5.865           3.19486e-8      3.41705e-9       #dY:10.7%  
  5.95            3.06228e-8      3.27525e-9       #dY:10.7%  
  6.035           2.9352e-8       3.26715e-9       #dY:11.1%  
  6.12            2.81338e-8      3.13155e-9       #dY:11.1%  
  6.205           2.7019e-8       3.09636e-9       #dY:11.5%  
  6.29            2.59526e-8      2.97415e-9       #dY:11.5%  
  6.375           2.49325e-8      2.93508e-9       #dY:11.8%  
  6.46            2.39567e-8      2.91647e-9       #dY:12.2%  
  6.545           2.30431e-8      2.80525e-9       #dY:12.2%  
  6.63            2.21702e-8      2.76386e-9       #dY:12.5%  
  6.715           2.13362e-8      2.65989e-9       #dY:12.5%  
  6.8             2.05394e-8      2.59677e-9       #dY:12.6%  
  6.885           1.97823e-8      2.50105e-9       #dY:12.6%  
  6.97            1.90593e-8      2.46273e-9       #dY:12.9%  
  7.055           1.83689e-8      2.40436e-9       #dY:13.1%  
  7.14            1.77096e-8      2.31806e-9       #dY:13.1%  
  7.225           1.70772e-8      2.26441e-9       #dY:13.3%  
  7.31            1.64732e-8      2.18433e-9       #dY:13.3%  
  7.395           1.58965e-8      2.13461e-9       #dY:13.4%  
  7.48            1.53458e-8      2.06066e-9       #dY:13.4%  
  7.565           1.48123e-8      2.01251e-9       #dY:13.6%  
  7.65            1.43026e-8      1.94326e-9       #dY:13.6%  
  7.735           1.38156e-8      1.88527e-9       #dY:13.6%  
  7.82            1.33503e-8      1.83265e-9       #dY:13.7%  
  7.905           1.28985e-8      1.77063e-9       #dY:13.7%  
  7.99            1.24665e-8      1.72003e-9       #dY:13.8%  
  8.075           1.20534e-8      1.66304e-9       #dY:13.8%  
  8.16            1.16583e-8      1.61396e-9       #dY:13.8%  
  8.245           1.12764e-8      1.56109e-9       #dY:13.8%  
  8.33            1.09109e-8      1.50283e-9       #dY:13.8%  
  8.415           1.05612e-8      1.46271e-9       #dY:13.8%  
  8.5             1.02263e-8      1.41633e-9       #dY:13.8%  
  8.585           9.905839e-9     1.35925e-9       #dY:13.7%  
  8.67            9.598959e-9     1.31714e-9       #dY:13.7%  
  8.755           9.305089e-9     1.27527e-9       #dY:13.7%  
  8.84            9.023599e-9     1.23669e-9       #dY:13.7%  
  8.925           8.754339e-9     1.18923e-9       #dY:13.6%  
  9.01            8.496349e-9     1.14831e-9       #dY:13.5%  
  9.095           8.249119e-9     1.1149e-9        #dY:13.5%  
  9.18            8.012149e-9     1.0688e-9        #dY:13.3%  
  9.265           7.780149e-9     1.03785e-9       #dY:13.3%  
  9.35            7.557469e-9     9.99093e-10      #dY:13.2%  
  9.435           7.343689e-9     9.70832e-10      #dY:13.2%  
  9.52            7.138389e-9     9.27338e-10      #dY:13.0%  
  9.605           6.905979e-9     8.86585e-10      #dY:12.8%  
  9.69            6.681279e-9     8.57738e-10      #dY:12.8%  
  9.775           6.463929e-9     8.22923e-10      #dY:12.7%  
  9.86            6.253579e-9     7.96143e-10      #dY:12.7%  
  9.945           6.054129e-9     7.65383e-10      #dY:12.6%  
  10.03           5.861039e-9     7.40972e-10      #dY:12.6%  
  10.115          5.674019e-9     7.16208e-10      #dY:12.6%  
  10.2            5.492779e-9     6.93331e-10      #dY:12.6%  
  10.285          5.328739e-9     6.67948e-10      #dY:12.5%  
  10.37           5.169949e-9     6.48044e-10      #dY:12.5%  
  10.455          5.016159e-9     6.19406e-10      #dY:12.3%  
  10.54           4.867139e-9     5.93e-10         #dY:12.2%  
  10.625          4.726599e-9     5.75877e-10      #dY:12.2%  
  10.71           4.59039e-9      5.50375e-10      #dY:12.0%  
  10.795          4.45829e-9      5.34536e-10      #dY:12.0%  
  10.88           4.33013e-9      5.10774e-10      #dY:11.8%  
  10.965          4.13544e-9      4.87808e-10      #dY:11.8%  
  11.05           3.94432e-9      4.60383e-10      #dY:11.7%  
  11.135          3.75659e-9      4.43284e-10      #dY:11.8%  
  11.22           3.57208e-9      4.21512e-10      #dY:11.8%  
  11.305          3.16434e-9      3.83462e-10      #dY:12.1%  
  11.39           2.75952e-9      3.34405e-10      #dY:12.1%  
  11.475          2.35749e-9      3.22797e-10      #dY:13.7%  
  11.56           1.95811e-9      2.68112e-10      #dY:13.7%  
  11.645          1.70691e-9      2.85996e-10      #dY:16.8%  
  11.73           1.45812e-9      3.02298e-10      #dY:20.7%  
  11.815          1.21162e-9      2.51194e-10      #dY:20.7%  
  11.9            9.67303e-10     2.00542e-10      #dY:20.7%  
  11.985          8.95974e-10     2.33223e-10      #dY:26.0%  
  12.07           8.26623e-10     2.71832e-10      #dY:32.9%  
  12.155          7.59156e-10     2.49645e-10      #dY:32.9%  
  12.24           6.93483e-10     2.44523e-10      #dY:35.3%  
  12.325          6.57372e-10     2.50275e-10      #dY:38.1%  
  12.41           6.22885e-10     2.37145e-10      #dY:38.1%  
  12.495          5.89946e-10     2.24604e-10      #dY:38.1%  
  12.58           5.58478e-10     2.18114e-10      #dY:39.1%  
  12.665          5.30897e-10     2.12253e-10      #dY:40.0%  
  12.75           5.04649e-10     2.01759e-10      #dY:40.0%  
  12.835          4.79669e-10     1.95099e-10      #dY:40.7%  
  12.92           4.55898e-10     1.88477e-10      #dY:41.3%  
  13.005          4.33475e-10     1.79207e-10      #dY:41.3%  
  13.09           4.12146e-10     1.70389e-10      #dY:41.3%  
  13.175          3.91858e-10     1.64428e-10      #dY:42.0%  
  13.26           3.72561e-10     1.5871e-10       #dY:42.6%  
  13.345          3.54221e-10     1.50898e-10      #dY:42.6%  
  13.43           3.36778e-10     1.45804e-10      #dY:43.3%  
  13.515          3.20189e-10     1.40654e-10      #dY:43.9%  
  13.6            3.04411e-10     1.33723e-10      #dY:43.9%  
  13.685          2.89407e-10     1.27132e-10      #dY:43.9%  
  13.77           2.75138e-10     1.22493e-10      #dY:44.5%  
  13.855          2.61568e-10     1.18093e-10      #dY:45.1%  
  13.94           2.48663e-10     1.12266e-10      #dY:45.1%  
  14.025          2.36392e-10     1.0834e-10       #dY:45.8%  
  14.11           2.24722e-10     1.04396e-10      #dY:46.5%  
  14.195          2.13625e-10     9.92412e-11      #dY:46.5%  
  14.28           2.03073e-10     9.43392e-11      #dY:46.5%  
  14.365          1.9304e-10      9.09858e-11      #dY:47.1%  
  14.45           1.83499e-10     8.76288e-11      #dY:47.8%  
  14.535          1.74427e-10     8.32965e-11      #dY:47.8%  
  14.62           1.65801e-10     8.02871e-11      #dY:48.4%  
  14.705          1.576e-10       7.72894e-11      #dY:49.0%  
  14.79           1.49802e-10     7.34652e-11      #dY:49.0%  
  14.875          1.42388e-10     6.98292e-11      #dY:49.0%  
  14.96           1.35339e-10     6.72739e-11      #dY:49.7%  
  15.045          1.28637e-10     6.47297e-11      #dY:50.3%  
  15.13           1.22265e-10     6.15234e-11      #dY:50.3%  
  15.215          1.16207e-10     5.92417e-11      #dY:51.0%  
  15.3            1.10448e-10     5.63058e-11      #dY:51.0%  
  15.385          1.04973e-10     5.42569e-11      #dY:51.7%  
  15.47           9.97682e-11     5.15668e-11      #dY:51.7%  
  15.555          9.482e-11       4.95388e-11      #dY:52.2%  
  15.64           9.01162e-11     4.77096e-11      #dY:52.9%  
  15.725          8.56445e-11     4.53422e-11      #dY:52.9%  
  15.81           8.13938e-11     4.36204e-11      #dY:53.6%  
  15.895          7.7353e-11      4.14548e-11      #dY:53.6%  
  15.98           7.35119e-11     3.99073e-11      #dY:54.3%  
  16.065          6.98607e-11     3.79252e-11      #dY:54.3%  
  16.15           6.63901e-11     3.64054e-11      #dY:54.8%  
  16.235          6.30911e-11     3.50305e-11      #dY:55.5%  
  16.32           5.99553e-11     3.32894e-11      #dY:55.5%  
  16.405          5.69747e-11     3.19985e-11      #dY:56.2%  
  16.49           5.41417e-11     3.04074e-11      #dY:56.2%  
  16.575          5.14489e-11     2.92483e-11      #dY:56.8%  
  16.66           4.88895e-11     2.77933e-11      #dY:56.8%  
  16.745          4.64569e-11     2.67033e-11      #dY:57.5%  
  16.83           4.41448e-11     2.56744e-11      #dY:58.2%  
  16.915          4.19474e-11     2.43964e-11      #dY:58.2%  
  17              3.98588e-11     2.31817e-11      #dY:58.2%  
  17.085          3.78739e-11     2.22649e-11      #dY:58.8%  
  17.17           3.59874e-11     2.13993e-11      #dY:59.5%  
  17.255          3.41945e-11     2.03332e-11      #dY:59.5%  
  17.34           3.24906e-11     1.95205e-11      #dY:60.1%  
  17.425          3.08713e-11     1.87836e-11      #dY:60.8%  
  17.51           2.93324e-11     1.78472e-11      #dY:60.8%  
  17.595          2.78699e-11     1.69574e-11      #dY:60.8%  
  17.68           2.648e-11       1.6275e-11       #dY:61.5%  
  17.765          2.51592e-11     1.56307e-11      #dY:62.1%  
  17.85           2.39041e-11     1.48509e-11      #dY:62.1%  
  17.935          2.27113e-11     1.42476e-11      #dY:62.7%  
  18.02           2.15779e-11     1.3699e-11       #dY:63.5%  
  18.105          2.05008e-11     1.30152e-11      #dY:63.5%  
  18.19           1.94772e-11     1.23654e-11      #dY:63.5%  
  18.275          1.85046e-11     1.18597e-11      #dY:64.1%  
  18.36           1.75804e-11     1.13829e-11      #dY:64.7%  
  18.445          1.67023e-11     1.08144e-11      #dY:64.7%  
  18.53           1.58678e-11     1.03828e-11      #dY:65.4%  
  18.615          1.50748e-11     9.96212e-12      #dY:66.1%  
  18.7            1.43214e-11     9.46424e-12      #dY:66.1%  
  18.785          1.36055e-11     8.99114e-12      #dY:66.1%  
  18.87           1.29253e-11     8.61843e-12      #dY:66.7%  
  18.955          1.22789e-11     8.27812e-12      #dY:67.4%  
  19.04           1.16648e-11     7.86411e-12      #dY:67.4%  
  19.125          1.10813e-11     7.53522e-12      #dY:68.0%  
  19.21           1.05269e-11     7.23569e-12      #dY:68.7%  
  19.295          1.00002e-11     6.87366e-12      #dY:68.7%  
  19.38           9.49968e-12     6.52962e-12      #dY:68.7%  
  19.465          9.02417e-12     6.26297e-12      #dY:69.4%  
  19.55           8.57239e-12     6.00387e-12      #dY:70.0%  
  19.635          8.14315e-12     5.70324e-12      #dY:70.0%  
  19.72           7.73535e-12     5.46883e-12      #dY:70.7%  
  19.805          7.3479e-12      5.24815e-12      #dY:71.4%  
  19.89           6.97981e-12     4.98524e-12      #dY:71.4%  
  19.975          6.6301e-12      4.73547e-12      #dY:71.4%  
  20.175          0.00            0.00                        
//
#-------------------------------------------------------------------------------
#
#name:   JENDL-5: PU-239(N,F) E_in=18. MeV
#X.axis: Energy
#Y.axis: 
#wdata:  3
#ldata:  374
#data...
# X               Y               +-dY           
# MeV             1/eV            1/eV           
  0.00            0.00            0.00                        
  1.00e-11        1.55452e-12     0.00                        
  1.20e-11        1.70289e-12     0.00                        
  1.40e-11        1.83934e-12     0.00                        
  1.60e-11        1.96633e-12     0.00                        
  1.80e-11        2.08561e-12     0.00                        
  2.20e-11        2.30573e-12     0.00                        
  2.50e-11        2.45792e-12     0.00                        
  2.90e-11        2.64726e-12     0.00                        
  3.40e-11        2.8664e-12      1.61731e-13      #dY:5.6%   
  4.00e-11        3.10905e-12     1.75422e-13      #dY:5.6%   
  4.60e-11        3.33408e-12     1.88119e-13      #dY:5.6%   
  5.40e-11        3.61239e-12     2.03822e-13      #dY:5.6%   
  6.30e-11        3.90182e-12     2.20153e-13      #dY:5.6%   
  7.40e-11        4.22876e-12     2.386e-13        #dY:5.6%   
  8.60e-11        4.55876e-12     2.5722e-13       #dY:5.6%   
  1.00e-10        4.91584e-12     3.24528e-13      #dY:6.6%   
  1.20e-10        5.38503e-12     3.55502e-13      #dY:6.6%   
  1.40e-10        5.8165e-12      3.83986e-13      #dY:6.6%   
  1.60e-10        6.2181e-12      4.10499e-13      #dY:6.6%   
  1.80e-10        6.59529e-12     4.35399e-13      #dY:6.6%   
  2.20e-10        7.29136e-12     4.81352e-13      #dY:6.6%   
  2.50e-10        7.77262e-12     5.13123e-13      #dY:6.6%   
  2.90e-10        8.37137e-12     5.5265e-13       #dY:6.6%   
  3.40e-10        9.06436e-12     5.92666e-13      #dY:6.5%   
  4.00e-10        9.83167e-12     6.42836e-13      #dY:6.5%   
  4.60e-10        1.05433e-11     6.89365e-13      #dY:6.5%   
  5.40e-10        1.14234e-11     7.4691e-13       #dY:6.5%   
  6.30e-10        1.23387e-11     8.06756e-13      #dY:6.5%   
  7.40e-10        1.33725e-11     8.7435e-13       #dY:6.5%   
  8.60e-10        1.44161e-11     9.42585e-13      #dY:6.5%   
  1.00e-9         1.55453e-11     1.01642e-12      #dY:6.5%   
  1.20e-9         1.7029e-11      1.12298e-12      #dY:6.6%   
  1.40e-9         1.83934e-11     1.21296e-12      #dY:6.6%   
  1.60e-9         1.96634e-11     1.29671e-12      #dY:6.6%   
  1.80e-9         2.08562e-11     1.37537e-12      #dY:6.6%   
  2.20e-9         2.30573e-11     1.52052e-12      #dY:6.6%   
  2.50e-9         2.45792e-11     1.62088e-12      #dY:6.6%   
  2.90e-9         2.64726e-11     1.74574e-12      #dY:6.6%   
  3.40e-9         2.86641e-11     1.8742e-12       #dY:6.5%   
  4.00e-9         3.10906e-11     2.03286e-12      #dY:6.5%   
  4.60e-9         3.33409e-11     2.18e-12         #dY:6.5%   
  5.40e-9         3.6124e-11      2.36197e-12      #dY:6.5%   
  6.30e-9         3.90183e-11     2.55121e-12      #dY:6.5%   
  7.40e-9         4.22877e-11     2.76498e-12      #dY:6.5%   
  8.60e-9         4.55877e-11     2.98076e-12      #dY:6.5%   
  1.00e-8         4.91585e-11     3.24173e-12      #dY:6.6%   
  1.20e-8         5.38505e-11     3.55114e-12      #dY:6.6%   
  1.40e-8         5.81652e-11     3.83567e-12      #dY:6.6%   
  1.60e-8         6.21812e-11     4.1005e-12       #dY:6.6%   
  1.80e-8         6.59532e-11     4.34925e-12      #dY:6.6%   
  2.20e-8         7.2914e-11      4.80827e-12      #dY:6.6%   
  2.50e-8         7.77267e-11     5.12564e-12      #dY:6.6%   
  2.90e-8         8.37142e-11     5.52048e-12      #dY:6.6%   
  3.40e-8         9.06442e-11     5.92667e-12      #dY:6.5%   
  4.00e-8         9.83175e-11     6.42838e-12      #dY:6.5%   
  4.60e-8         1.05434e-10     6.89368e-12      #dY:6.5%   
  5.40e-8         1.14235e-10     7.46912e-12      #dY:6.5%   
  6.30e-8         1.23388e-10     8.06758e-12      #dY:6.5%   
  7.40e-8         1.33727e-10     8.74359e-12      #dY:6.5%   
  8.60e-8         1.44162e-10     9.42587e-12      #dY:6.5%   
  1.00e-7         1.55454e-10     1.01642e-11      #dY:6.5%   
  1.20e-7         1.70292e-10     1.123e-11        #dY:6.6%   
  1.40e-7         1.83937e-10     1.21298e-11      #dY:6.6%   
  1.60e-7         1.96637e-10     1.29674e-11      #dY:6.6%   
  1.80e-7         2.08565e-10     1.3754e-11       #dY:6.6%   
  2.20e-7         2.30578e-10     1.52056e-11      #dY:6.6%   
  2.50e-7         2.45797e-10     1.62092e-11      #dY:6.6%   
  2.90e-7         2.64732e-10     1.74579e-11      #dY:6.6%   
  3.40e-7         2.86647e-10     1.87417e-11      #dY:6.5%   
  4.00e-7         3.10913e-10     2.03283e-11      #dY:6.5%   
  4.60e-7         3.33418e-10     2.17997e-11      #dY:6.5%   
  5.40e-7         3.6125e-10      2.36195e-11      #dY:6.5%   
  6.30e-7         3.90196e-10     2.5512e-11       #dY:6.5%   
  7.40e-7         4.22892e-10     2.76498e-11      #dY:6.5%   
  8.60e-7         4.55895e-10     2.98076e-11      #dY:6.5%   
  1.00e-6         4.91606e-10     3.21425e-11      #dY:6.5%   
  1.20e-6         5.3853e-10      3.55122e-11      #dY:6.6%   
  1.40e-6         5.81681e-10     3.83578e-11      #dY:6.6%   
  1.60e-6         6.21846e-10     4.10064e-11      #dY:6.6%   
  1.80e-6         6.5957e-10      4.3494e-11       #dY:6.6%   
  2.20e-6         7.29187e-10     4.80847e-11      #dY:6.6%   
  2.50e-6         7.7732e-10      5.12588e-11      #dY:6.6%   
  2.90e-6         8.37205e-10     5.52078e-11      #dY:6.6%   
  3.40e-6         9.06516e-10     5.92738e-11      #dY:6.5%   
  4.00e-6         9.83264e-10     6.42921e-11      #dY:6.5%   
  4.60e-6         1.05444e-9      6.8946e-11       #dY:6.5%   
  5.40e-6         1.14247e-9      7.4702e-11       #dY:6.5%   
  6.30e-6         1.23402e-9      8.06881e-11      #dY:6.5%   
  7.40e-6         1.33744e-9      8.74504e-11      #dY:6.5%   
  8.60e-6         1.44182e-9      9.42754e-11      #dY:6.5%   
  1.00e-5         1.55478e-9      1.01661e-10      #dY:6.5%   
  1.20e-5         1.70321e-9      1.12202e-10      #dY:6.6%   
  1.40e-5         1.83971e-9      1.21194e-10      #dY:6.6%   
  1.60e-5         1.96676e-9      1.29564e-10      #dY:6.6%   
  1.80e-5         2.0861e-9       1.37426e-10      #dY:6.6%   
  2.20e-5         2.30634e-9      1.51934e-10      #dY:6.6%   
  2.50e-5         2.45861e-9      1.61965e-10      #dY:6.6%   
  2.90e-5         2.64808e-9      1.74447e-10      #dY:6.6%   
  3.40e-5         2.86737e-9      1.86889e-10      #dY:6.5%   
  4.00e-5         3.11021e-9      2.02717e-10      #dY:6.5%   
  4.60e-5         3.33544e-9      2.17397e-10      #dY:6.5%   
  5.40e-5         3.614e-9        2.35553e-10      #dY:6.5%   
  6.30e-5         3.90374e-9      2.54438e-10      #dY:6.5%   
  7.40e-5         4.231049e-9     2.75771e-10      #dY:6.5%   
  8.60e-5         4.561449e-9     2.97306e-10      #dY:6.5%   
  1.00e-4         4.919019e-9     3.20611e-10      #dY:6.5%   
  1.20e-4         5.388919e-9     3.53497e-10      #dY:6.6%   
  1.40e-4         5.821109e-9     3.81847e-10      #dY:6.6%   
  1.60e-4         6.223439e-9     4.08239e-10      #dY:6.6%   
  1.80e-4         6.601369e-9     4.3303e-10       #dY:6.6%   
  2.20e-4         7.298959e-9     4.78789e-10      #dY:6.6%   
  2.50e-4         7.781359e-9     5.10433e-10      #dY:6.6%   
  2.90e-4         8.381659e-9     5.49811e-10      #dY:6.6%   
  3.40e-4         9.076609e-9     5.87775e-10      #dY:6.5%   
  4.00e-4         9.846319e-9     6.3762e-10       #dY:6.5%   
  4.60e-4         1.05604e-8      6.83861e-10      #dY:6.5%   
  5.40e-4         1.14437e-8      7.41061e-10      #dY:6.5%   
  6.30e-4         1.23627e-8      8.00573e-10      #dY:6.5%   
  7.40e-4         1.34011e-8      8.67817e-10      #dY:6.5%   
  8.60e-4         1.44497e-8      9.35721e-10      #dY:6.5%   
  1.00e-3         1.55847e-8      1.00922e-9       #dY:6.5%   
  1.20e-3         1.70769e-8      1.10567e-9       #dY:6.5%   
  1.40e-3         1.84498e-8      1.19456e-9       #dY:6.5%   
  1.60e-3         1.97282e-8      1.27733e-9       #dY:6.5%   
  1.80e-3         2.09295e-8      1.35511e-9       #dY:6.5%   
  2.20e-3         2.31475e-8      1.49872e-9       #dY:6.5%   
  2.50e-3         2.46819e-8      1.59807e-9       #dY:6.5%   
  2.90e-3         2.65918e-8      1.72173e-9       #dY:6.5%   
  3.40e-3         2.88036e-8      1.8248e-9        #dY:6.3%   
  4.00e-3         3.12541e-8      1.98005e-9       #dY:6.3%   
  4.60e-3         3.3528e-8       2.12411e-9       #dY:6.3%   
  5.40e-3         3.63415e-8      2.30235e-9       #dY:6.3%   
  6.30e-3         3.9269e-8       2.48782e-9       #dY:6.3%   
  7.40e-3         4.257719e-8     2.6974e-9        #dY:6.3%   
  8.60e-3         4.591729e-8     2.90901e-9       #dY:6.3%   
  0.01            4.953229e-8     3.13803e-9       #dY:6.3%   
  0.012           5.428249e-8     3.39e-9          #dY:6.2%   
  0.014           5.864979e-8     3.66275e-9       #dY:6.2%   
  0.016           6.271319e-8     3.91651e-9       #dY:6.2%   
  0.018           6.652729e-8     4.1547e-9        #dY:6.2%   
  0.022           7.355799e-8     4.59378e-9       #dY:6.2%   
  0.025           7.841099e-8     4.89686e-9       #dY:6.2%   
  0.029           8.443739e-8     5.27321e-9       #dY:6.2%   
  0.034           9.139319e-8     5.4628e-9        #dY:6.0%   
  0.04            9.906659e-8     5.92146e-9       #dY:6.0%   
  0.046           1.06152e-7      6.34497e-9       #dY:6.0%   
  0.054           1.14866e-7      6.86583e-9       #dY:6.0%   
  0.063           1.23864e-7      7.40367e-9       #dY:6.0%   
  0.074           1.33939e-7      8.00587e-9       #dY:6.0%   
  0.086           1.44001e-7      8.6073e-9        #dY:6.0%   
  0.09            1.47173e-7      8.7969e-9        #dY:6.0%   
  0.18            2.03052e-7      1.35503e-8       #dY:6.7%   
  0.27            2.41869e-7      1.61407e-8       #dY:6.7%   
  0.36            2.71324e-7      1.5822e-8        #dY:5.8%   
  0.45            2.86953e-7      1.67334e-8       #dY:5.8%   
  0.54            2.98097e-7      1.67937e-8       #dY:5.6%   
  0.63            3.05871e-7      1.63992e-8       #dY:5.4%   
  0.72            3.11034e-7      1.6676e-8        #dY:5.4%   
  0.81            3.11237e-7      1.55175e-8       #dY:5.0%   
  0.9             3.09783e-7      1.5445e-8        #dY:5.0%   
  0.99            3.06986e-7      1.41756e-8       #dY:4.6%   
  1.08            3.03092e-7      1.28428e-8       #dY:4.2%   
  1.17            2.97478e-7      1.26049e-8       #dY:4.2%   
  1.26            2.91157e-7      1.12091e-8       #dY:3.8%   
  1.35            2.84291e-7      1.09447e-8       #dY:3.8%   
  1.44            2.77012e-7      9.52422e-9       #dY:3.4%   
  1.53            2.69081e-7      8.11368e-9       #dY:3.0%   
  1.62            2.60934e-7      7.86802e-9       #dY:3.0%   
  1.71            2.52646e-7      6.50888e-9       #dY:2.6%   
  1.8             2.44278e-7      6.29329e-9       #dY:2.6%   
  1.89            2.35713e-7      5.06214e-9       #dY:2.1%   
  1.98            2.27162e-7      3.91082e-9       #dY:1.7%   
  2.07            2.1866e-7       3.76445e-9       #dY:1.7%   
  2.16            2.10235e-7      2.77798e-9       #dY:1.3%   
  2.25            2.0208e-7       2.67022e-9       #dY:1.3%   
  2.34            1.94047e-7      1.84657e-9       #dY:1.0%   
  2.43            1.86149e-7      1.31826e-9       #dY:0.7%   
  2.52            1.78399e-7      1.26337e-9       #dY:0.7%   
  2.61            1.71047e-7      1.24174e-9       #dY:0.7%   
  2.7             1.63859e-7      1.18956e-9       #dY:0.7%   
  2.79            1.56841e-7      1.56016e-9       #dY:1.0%   
  2.88            1.49997e-7      2.06423e-9       #dY:1.4%   
  2.97            1.43588e-7      1.97603e-9       #dY:1.4%   
  3.06            1.37355e-7      2.4865e-9        #dY:1.8%   
  3.15            1.31298e-7      2.37685e-9       #dY:1.8%   
  3.24            1.25417e-7      2.82847e-9       #dY:2.3%   
  3.33            1.19971e-7      3.26497e-9       #dY:2.7%   
  3.42            1.14696e-7      3.12141e-9       #dY:2.7%   
  3.51            1.0959e-7       3.49062e-9       #dY:3.2%   
  3.6             1.04649e-7      3.33324e-9       #dY:3.2%   
  3.69            1.00075e-7      3.65633e-9       #dY:3.7%   
  3.78            9.565909e-8     3.94219e-9       #dY:4.1%   
  3.87            9.139689e-8     3.76654e-9       #dY:4.1%   
  3.96            8.728439e-8     4.00115e-9       #dY:4.6%   
  4.05            8.343029e-8     3.82448e-9       #dY:4.6%   
  4.14            7.971719e-8     4.02713e-9       #dY:5.1%   
  4.23            7.614069e-8     4.20065e-9       #dY:5.5%   
  4.32            7.269639e-8     4.01063e-9       #dY:5.5%   
  4.41            6.948799e-8     4.15596e-9       #dY:6.0%   
  4.5             6.640289e-8     3.97145e-9       #dY:6.0%   
  4.59            6.343689e-8     4.07934e-9       #dY:6.4%   
  4.68            6.058549e-8     4.17232e-9       #dY:6.9%   
  4.77            5.790419e-8     3.98767e-9       #dY:6.9%   
  4.86            5.532929e-8     4.05778e-9       #dY:7.3%   
  4.95            5.285659e-8     3.87643e-9       #dY:7.3%   
  5.04            5.048229e-8     3.92047e-9       #dY:7.8%   
  5.13            4.823919e-8     3.95983e-9       #dY:8.2%   
  5.22            4.608669e-8     3.78314e-9       #dY:8.2%   
  5.31            4.402139e-8     3.79903e-9       #dY:8.6%   
  5.4             4.203949e-8     3.628e-9         #dY:8.6%   
  5.49            4.016559e-8     3.63504e-9       #dY:9.1%   
  5.58            3.83684e-8      3.63428e-9       #dY:9.5%   
  5.67            3.66447e-8      3.47101e-9       #dY:9.5%   
  5.76            3.49915e-8      3.45735e-9       #dY:9.9%   
  5.85            3.34219e-8      3.30227e-9       #dY:9.9%   
  5.94            3.19169e-8      3.28663e-9       #dY:10.3%  
  6.03            3.04736e-8      3.26999e-9       #dY:10.7%  
  6.12            2.90893e-8      3.12145e-9       #dY:10.7%  
  6.21            2.7782e-8       3.07679e-9       #dY:11.1%  
  6.3             2.65286e-8      2.93798e-9       #dY:11.1%  
  6.39            2.53269e-8      2.89435e-9       #dY:11.4%  
  6.48            2.41744e-8      2.8748e-9        #dY:11.9%  
  6.57            2.31157e-8      2.7489e-9        #dY:11.9%  
  6.66            2.2102e-8       2.71033e-9       #dY:12.3%  
  6.75            2.11312e-8      2.59128e-9       #dY:12.3%  
  6.84            2.02015e-8      2.52913e-9       #dY:12.5%  
  6.93            1.93763e-8      2.49761e-9       #dY:12.9%  
  7.02            1.85884e-8      2.39605e-9       #dY:12.9%  
  7.11            1.78361e-8      2.33956e-9       #dY:13.1%  
  7.2             1.71178e-8      2.24534e-9       #dY:13.1%  
  7.29            1.64681e-8      2.19706e-9       #dY:13.3%  
  7.38            1.58492e-8      2.14672e-9       #dY:13.5%  
  7.47            1.52598e-8      2.06688e-9       #dY:13.5%  
  7.56            1.46985e-8      2.01606e-9       #dY:13.7%  
  7.65            1.41738e-8      1.94409e-9       #dY:13.7%  
  7.74            1.36745e-8      1.88394e-9       #dY:13.8%  
  7.83            1.31996e-8      1.82717e-9       #dY:13.8%  
  7.92            1.27478e-8      1.76463e-9       #dY:13.8%  
  8.01            1.23152e-8      1.71024e-9       #dY:13.9%  
  8.1             1.19035e-8      1.65307e-9       #dY:13.9%  
  8.19            1.15119e-8      1.60002e-9       #dY:13.9%  
  8.28            1.11393e-8      1.53603e-9       #dY:13.8%  
  8.37            1.0777e-8       1.48607e-9       #dY:13.8%  
  8.46            1.04319e-8      1.44169e-9       #dY:13.8%  
  8.55            1.01034e-8      1.39629e-9       #dY:13.8%  
  8.64            9.790419e-9     1.33655e-9       #dY:13.7%  
  8.73            9.483439e-9     1.28904e-9       #dY:13.6%  
  8.82            9.190639e-9     1.24924e-9       #dY:13.6%  
  8.91            8.911339e-9     1.19791e-9       #dY:13.4%  
  9               8.644869e-9     1.16208e-9       #dY:13.4%  
  9.09            8.383649e-9     1.11879e-9       #dY:13.3%  
  9.18            8.134049e-9     1.06958e-9       #dY:13.1%  
  9.27            7.895499e-9     1.03822e-9       #dY:13.1%  
  9.36            7.667469e-9     9.97759e-10      #dY:13.0%  
  9.45            7.448349e-9     9.69245e-10      #dY:13.0%  
  9.54            7.238749e-9     9.23545e-10      #dY:12.8%  
  9.63            7.038189e-9     8.84259e-10      #dY:12.6%  
  9.72            6.846229e-9     8.60142e-10      #dY:12.6%  
  9.81            6.664269e-9     8.2144e-10       #dY:12.3%  
  9.9             6.490089e-9     7.9997e-10       #dY:12.3%  
  9.99            6.323299e-9     7.63849e-10      #dY:12.1%  
  10.08           6.163529e-9     7.44549e-10      #dY:12.1%  
  10.17           6.006529e-9     7.12895e-10      #dY:11.9%  
  10.26           5.855879e-9     6.80292e-10      #dY:11.6%  
  10.35           5.711269e-9     6.63492e-10      #dY:11.6%  
  10.44           5.572389e-9     6.29808e-10      #dY:11.3%  
  10.53           5.399559e-9     5.95712e-10      #dY:11.0%  
  10.62           5.231909e-9     5.77215e-10      #dY:11.0%  
  10.71           5.069189e-9     5.4999e-10       #dY:10.8%  
  10.8            4.911139e-9     5.32842e-10      #dY:10.8%  
  10.89           4.756879e-9     5.08276e-10      #dY:10.7%  
  10.98           4.606839e-9     4.92245e-10      #dY:10.7%  
  11.07           4.460809e-9     4.69133e-10      #dY:10.5%  
  11.16           4.318589e-9     4.47381e-10      #dY:10.4%  
  11.25           4.198919e-9     4.34984e-10      #dY:10.4%  
  11.34           4.082689e-9     4.14263e-10      #dY:10.1%  
  11.43           3.96973e-9      3.93939e-10      #dY:9.9%   
  11.52           3.85986e-9      3.83036e-10      #dY:9.9%   
  11.61           3.75516e-9      3.63951e-10      #dY:9.7%   
  11.7            3.65326e-9      3.54075e-10      #dY:9.7%   
  11.79           3.55401e-9      3.36159e-10      #dY:9.5%   
  11.88           3.45729e-9      3.27011e-10      #dY:9.5%   
  11.97           3.29286e-9      3.03763e-10      #dY:9.2%   
  12.06           3.13071e-9      2.86135e-10      #dY:9.1%   
  12.15           2.97073e-9      2.71513e-10      #dY:9.1%   
  12.24           2.81279e-9      2.6033e-10       #dY:9.3%   
  12.33           2.42682e-9      2.32533e-10      #dY:9.6%   
  12.42           2.0427e-9       1.95727e-10      #dY:9.6%   
  12.51           1.66034e-9      1.91127e-10      #dY:11.5%  
  12.6            1.27965e-9      1.47305e-10      #dY:11.5%  
  12.69           1.0922e-9       1.66821e-10      #dY:15.3%  
  12.78           9.06261e-10     1.38421e-10      #dY:15.3%  
  12.87           7.21744e-10     1.42508e-10      #dY:19.7%  
  12.96           5.3858e-10      1.38812e-10      #dY:25.8%  
  13.05           4.96387e-10     1.27937e-10      #dY:25.8%  
  13.14           4.55412e-10     1.55703e-10      #dY:34.2%  
  13.23           4.15594e-10     1.56151e-10      #dY:37.6%  
  13.32           3.76873e-10     1.41603e-10      #dY:37.6%  
  13.41           3.56302e-10     1.44487e-10      #dY:40.6%  
  13.5            3.36718e-10     1.36545e-10      #dY:40.6%  
  13.59           3.18073e-10     1.33822e-10      #dY:42.1%  
  13.68           3.00318e-10     1.26352e-10      #dY:42.1%  
  13.77           2.84674e-10     1.22061e-10      #dY:42.9%  
  13.86           2.69832e-10     1.17741e-10      #dY:43.6%  
  13.95           2.5575e-10      1.11596e-10      #dY:43.6%  
  14.04           2.4239e-10      1.07366e-10      #dY:44.3%  
  14.13           2.29801e-10     1.03178e-10      #dY:44.9%  
  14.22           2.17861e-10     9.78175e-11      #dY:44.9%  
  14.31           2.06538e-10     9.4046e-11       #dY:45.5%  
  14.4            1.95799e-10     8.91561e-11      #dY:45.5%  
  14.49           1.85621e-10     8.5601e-11       #dY:46.1%  
  14.58           1.75969e-10     8.11499e-11      #dY:46.1%  
  14.67           1.66816e-10     7.79704e-11      #dY:46.7%  
  14.76           1.58137e-10     7.4817e-11       #dY:47.3%  
  14.85           1.49907e-10     7.09233e-11      #dY:47.3%  
  14.94           1.42103e-10     6.81108e-11      #dY:47.9%  
  15.03           1.34703e-10     6.53284e-11      #dY:48.5%  
  15.12           1.27687e-10     6.19258e-11      #dY:48.5%  
  15.21           1.21034e-10     5.94402e-11      #dY:49.1%  
  15.3            1.14727e-10     5.63429e-11      #dY:49.1%  
  15.39           1.08746e-10     5.41186e-11      #dY:49.8%  
  15.48           1.03076e-10     5.12968e-11      #dY:49.8%  
  15.57           9.76998e-11     4.91229e-11      #dY:50.3%  
  15.66           9.26028e-11     4.71583e-11      #dY:50.9%  
  15.75           8.77705e-11     4.46974e-11      #dY:50.9%  
  15.84           8.31892e-11     4.28624e-11      #dY:51.5%  
  15.93           7.8846e-11      4.11298e-11      #dY:52.2%  
  16.02           7.47285e-11     3.89819e-11      #dY:52.2%  
  16.11           7.0825e-11      3.73019e-11      #dY:52.7%  
  16.2            6.71246e-11     3.5353e-11       #dY:52.7%  
  16.29           6.36167e-11     3.391e-11        #dY:53.3%  
  16.38           6.02913e-11     3.21375e-11      #dY:53.3%  
  16.47           5.7139e-11      3.07917e-11      #dY:53.9%  
  16.56           5.41508e-11     2.95221e-11      #dY:54.5%  
  16.65           5.13183e-11     2.79779e-11      #dY:54.5%  
  16.74           4.86333e-11     2.67955e-11      #dY:55.1%  
  16.83           4.60882e-11     2.56809e-11      #dY:55.7%  
  16.92           4.36758e-11     2.43367e-11      #dY:55.7%  
  17.01           4.13892e-11     2.32995e-11      #dY:56.3%  
  17.1            3.92218e-11     2.20794e-11      #dY:56.3%  
  17.19           3.71674e-11     2.11529e-11      #dY:56.9%  
  17.28           3.52203e-11     2.00448e-11      #dY:56.9%  
  17.37           3.33748e-11     1.91825e-11      #dY:57.5%  
  17.46           3.16256e-11     1.83988e-11      #dY:58.2%  
  17.55           2.99677e-11     1.74342e-11      #dY:58.2%  
  17.64           2.83965e-11     1.66788e-11      #dY:58.7%  
  17.73           2.69073e-11     1.59672e-11      #dY:59.3%  
  17.82           2.54959e-11     1.51296e-11      #dY:59.3%  
  17.91           2.41583e-11     1.4469e-11       #dY:59.9%  
  18              2.28906e-11     1.37098e-11      #dY:59.9%  
  18.09           2.16893e-11     1.31396e-11      #dY:60.6%  
  18.18           2.05507e-11     1.24499e-11      #dY:60.6%  
  18.27           1.94717e-11     1.19021e-11      #dY:61.1%  
  18.36           1.84492e-11     1.13869e-11      #dY:61.7%  
  18.45           1.74802e-11     1.07888e-11      #dY:61.7%  
  18.54           1.65619e-11     1.03251e-11      #dY:62.3%  
  18.63           1.56917e-11     9.87485e-12      #dY:62.9%  
  18.72           1.4867e-11      9.35586e-12      #dY:62.9%  
  18.81           1.40856e-11     8.9392e-12       #dY:63.5%  
  18.9            1.33451e-11     8.46925e-12      #dY:63.5%  
  18.99           1.26434e-11     8.10897e-12      #dY:64.1%  
  19.08           1.19785e-11     7.68253e-12      #dY:64.1%  
  19.17           1.13484e-11     7.33752e-12      #dY:64.7%  
  19.26           1.07514e-11     7.0229e-12       #dY:65.3%  
  19.35           1.01857e-11     6.65338e-12      #dY:65.3%  
  19.44           9.64967e-12     6.36106e-12      #dY:65.9%  
  19.53           9.14176e-12     6.0784e-12       #dY:66.5%  
  19.62           8.66051e-12     5.75841e-12      #dY:66.5%  
  19.71           8.20451e-12     5.50404e-12      #dY:67.1%  
  19.8            7.77246e-12     5.2142e-12       #dY:67.1%  
  19.89           7.36308e-12     4.98757e-12      #dY:67.7%  
  19.98           6.97521e-12     4.72483e-12      #dY:67.7%  
  20.18           0.00            0.00                        
//
#-------------------------------------------------------------------------------
#
#name:   JENDL-5: PU-239(N,F) E_in=19. MeV
#X.axis: Energy
#Y.axis: 
#wdata:  3
#ldata:  362
#data...
# X               Y               +-dY           
# MeV             1/eV            1/eV           
  0.00            0.00            0.00                        
  1.00e-11        1.54425e-12     0.00                        
  1.20e-11        1.69164e-12     0.00                        
  1.40e-11        1.82718e-12     0.00                        
  1.60e-11        1.95334e-12     0.00                        
  1.80e-11        2.07183e-12     0.00                        
  2.20e-11        2.29049e-12     0.00                        
  2.50e-11        2.44167e-12     0.00                        
  2.90e-11        2.62976e-12     0.00                        
  3.40e-11        2.84745e-12     1.61731e-13      #dY:5.7%   
  4.00e-11        3.0885e-12      1.75422e-13      #dY:5.7%   
  4.60e-11        3.31205e-12     1.8812e-13       #dY:5.7%   
  5.40e-11        3.58851e-12     2.03822e-13      #dY:5.7%   
  6.30e-11        3.87604e-12     2.20153e-13      #dY:5.7%   
  7.40e-11        4.20081e-12     2.386e-13        #dY:5.7%   
  8.60e-11        4.52863e-12     2.5722e-13       #dY:5.7%   
  1.00e-10        4.88335e-12     3.24528e-13      #dY:6.6%   
  1.20e-10        5.34944e-12     3.55502e-13      #dY:6.6%   
  1.40e-10        5.77805e-12     3.83986e-13      #dY:6.6%   
  1.60e-10        6.177e-12       4.10498e-13      #dY:6.6%   
  1.80e-10        6.5517e-12      4.35399e-13      #dY:6.6%   
  2.20e-10        7.24317e-12     4.81352e-13      #dY:6.6%   
  2.50e-10        7.72125e-12     5.13123e-13      #dY:6.6%   
  2.90e-10        8.31604e-12     5.5265e-13       #dY:6.6%   
  3.40e-10        9.00444e-12     5.92665e-13      #dY:6.6%   
  4.00e-10        9.76669e-12     6.42836e-13      #dY:6.6%   
  4.60e-10        1.04736e-11     6.89364e-13      #dY:6.6%   
  5.40e-10        1.13479e-11     7.4691e-13       #dY:6.6%   
  6.30e-10        1.22571e-11     8.06753e-13      #dY:6.6%   
  7.40e-10        1.32841e-11     8.74349e-13      #dY:6.6%   
  8.60e-10        1.43208e-11     9.42584e-13      #dY:6.6%   
  1.00e-9         1.54425e-11     1.01641e-12      #dY:6.6%   
  1.20e-9         1.69164e-11     1.12298e-12      #dY:6.6%   
  1.40e-9         1.82718e-11     1.21296e-12      #dY:6.6%   
  1.60e-9         1.95334e-11     1.29671e-12      #dY:6.6%   
  1.80e-9         2.07183e-11     1.37537e-12      #dY:6.6%   
  2.20e-9         2.29049e-11     1.52052e-12      #dY:6.6%   
  2.50e-9         2.44167e-11     1.62088e-12      #dY:6.6%   
  2.90e-9         2.62976e-11     1.74574e-12      #dY:6.6%   
  3.40e-9         2.84746e-11     1.8742e-12       #dY:6.6%   
  4.00e-9         3.0885e-11      2.03286e-12      #dY:6.6%   
  4.60e-9         3.31205e-11     2.18e-12         #dY:6.6%   
  5.40e-9         3.58852e-11     2.36197e-12      #dY:6.6%   
  6.30e-9         3.87604e-11     2.55122e-12      #dY:6.6%   
  7.40e-9         4.20082e-11     2.76499e-12      #dY:6.6%   
  8.60e-9         4.52864e-11     2.98076e-12      #dY:6.6%   
  1.00e-8         4.88335e-11     3.24173e-12      #dY:6.6%   
  1.20e-8         5.34945e-11     3.55114e-12      #dY:6.6%   
  1.40e-8         5.77806e-11     3.83566e-12      #dY:6.6%   
  1.60e-8         6.17701e-11     4.1005e-12       #dY:6.6%   
  1.80e-8         6.55171e-11     4.34924e-12      #dY:6.6%   
  2.20e-8         7.24319e-11     4.80826e-12      #dY:6.6%   
  2.50e-8         7.72127e-11     5.12563e-12      #dY:6.6%   
  2.90e-8         8.31606e-11     5.52047e-12      #dY:6.6%   
  3.40e-8         9.00447e-11     5.92666e-12      #dY:6.6%   
  4.00e-8         9.76673e-11     6.42837e-12      #dY:6.6%   
  4.60e-8         1.04737e-10     6.89369e-12      #dY:6.6%   
  5.40e-8         1.13479e-10     7.46908e-12      #dY:6.6%   
  6.30e-8         1.22572e-10     8.06757e-12      #dY:6.6%   
  7.40e-8         1.32842e-10     8.74354e-12      #dY:6.6%   
  8.60e-8         1.43209e-10     9.42588e-12      #dY:6.6%   
  1.00e-7         1.54426e-10     1.01642e-11      #dY:6.6%   
  1.20e-7         1.69165e-10     1.123e-11        #dY:6.6%   
  1.40e-7         1.82719e-10     1.21297e-11      #dY:6.6%   
  1.60e-7         1.95335e-10     1.29673e-11      #dY:6.6%   
  1.80e-7         2.07185e-10     1.37539e-11      #dY:6.6%   
  2.20e-7         2.29051e-10     1.52055e-11      #dY:6.6%   
  2.50e-7         2.4417e-10      1.62092e-11      #dY:6.6%   
  2.90e-7         2.62979e-10     1.74578e-11      #dY:6.6%   
  3.40e-7         2.84749e-10     1.87417e-11      #dY:6.6%   
  4.00e-7         3.08854e-10     2.03282e-11      #dY:6.6%   
  4.60e-7         3.3121e-10      2.17997e-11      #dY:6.6%   
  5.40e-7         3.58857e-10     2.36194e-11      #dY:6.6%   
  6.30e-7         3.8761e-10      2.55118e-11      #dY:6.6%   
  7.40e-7         4.20089e-10     2.76495e-11      #dY:6.6%   
  8.60e-7         4.52872e-10     2.98073e-11      #dY:6.6%   
  1.00e-6         4.88346e-10     3.21421e-11      #dY:6.6%   
  1.20e-6         5.34958e-10     3.55121e-11      #dY:6.6%   
  1.40e-6         5.77822e-10     3.83575e-11      #dY:6.6%   
  1.60e-6         6.17719e-10     4.1006e-11       #dY:6.6%   
  1.80e-6         6.55191e-10     4.34935e-11      #dY:6.6%   
  2.20e-6         7.24344e-10     4.8084e-11       #dY:6.6%   
  2.50e-6         7.72156e-10     5.12579e-11      #dY:6.6%   
  2.90e-6         8.3164e-10      5.52067e-11      #dY:6.6%   
  3.40e-6         9.00488e-10     5.92733e-11      #dY:6.6%   
  4.00e-6         9.76721e-10     6.42912e-11      #dY:6.6%   
  4.60e-6         1.04742e-9      6.89449e-11      #dY:6.6%   
  5.40e-6         1.13486e-9      7.47005e-11      #dY:6.6%   
  6.30e-6         1.2258e-9       8.06865e-11      #dY:6.6%   
  7.40e-6         1.32852e-9      8.74479e-11      #dY:6.6%   
  8.60e-6         1.4322e-9       9.42725e-11      #dY:6.6%   
  1.00e-5         1.5444e-9       1.01658e-10      #dY:6.6%   
  1.20e-5         1.69182e-9      1.122e-10        #dY:6.6%   
  1.40e-5         1.8274e-9       1.21191e-10      #dY:6.6%   
  1.60e-5         1.95359e-9      1.2956e-10       #dY:6.6%   
  1.80e-5         2.07211e-9      1.3742e-10       #dY:6.6%   
  2.20e-5         2.290849e-9     1.51926e-10      #dY:6.6%   
  2.50e-5         2.442089e-9     1.61957e-10      #dY:6.6%   
  2.90e-5         2.630259e-9     1.74436e-10      #dY:6.6%   
  3.40e-5         2.848049e-9     1.86884e-10      #dY:6.6%   
  4.00e-5         3.089209e-9     2.02709e-10      #dY:6.6%   
  4.60e-5         3.312889e-9     2.17387e-10      #dY:6.6%   
  5.40e-5         3.589519e-9     2.35539e-10      #dY:6.6%   
  6.30e-5         3.877239e-9     2.54418e-10      #dY:6.6%   
  7.40e-5         4.202269e-9     2.75746e-10      #dY:6.6%   
  8.60e-5         4.530359e-9     2.97275e-10      #dY:6.6%   
  1.00e-4         4.885409e-9     3.20573e-10      #dY:6.6%   
  1.20e-4         5.351979e-9     3.53475e-10      #dY:6.6%   
  1.40e-4         5.781589e-9     3.81849e-10      #dY:6.6%   
  1.60e-4         6.180549e-9     4.08198e-10      #dY:6.6%   
  1.80e-4         6.555759e-9     4.32979e-10      #dY:6.6%   
  2.20e-4         7.248288e-9     4.78718e-10      #dY:6.6%   
  2.50e-4         7.727178e-9     5.10346e-10      #dY:6.6%   
  2.90e-4         8.323058e-9     5.49702e-10      #dY:6.6%   
  3.40e-4         9.012868e-9     5.87722e-10      #dY:6.5%   
  4.00e-4         9.776818e-9     6.37538e-10      #dY:6.5%   
  4.60e-4         1.04855e-8      6.83751e-10      #dY:6.5%   
  5.40e-4         1.13621e-8      7.40913e-10      #dY:6.5%   
  6.30e-4         1.2274e-8       8.00377e-10      #dY:6.5%   
  7.40e-4         1.33043e-8      8.67562e-10      #dY:6.5%   
  8.60e-4         1.43446e-8      9.35399e-10      #dY:6.5%   
  1.00e-3         1.54706e-8      1.00882e-9       #dY:6.5%   
  1.20e-3         1.69507e-8      1.10545e-9       #dY:6.5%   
  1.40e-3         1.83123e-8      1.19425e-9       #dY:6.5%   
  1.60e-3         1.95801e-8      1.27693e-9       #dY:6.5%   
  1.80e-3         2.07711e-8      1.3546e-9        #dY:6.5%   
  2.20e-3         2.296999e-8     1.49801e-9       #dY:6.5%   
  2.50e-3         2.449089e-8     1.59719e-9       #dY:6.5%   
  2.90e-3         2.638379e-8     1.72064e-9       #dY:6.5%   
  3.40e-3         2.857539e-8     1.82431e-9       #dY:6.4%   
  4.00e-3         3.100299e-8     1.97929e-9       #dY:6.4%   
  4.60e-3         3.325509e-8     2.12307e-9       #dY:6.4%   
  5.40e-3         3.604109e-8     2.30093e-9       #dY:6.4%   
  6.30e-3         3.893919e-8     2.48596e-9       #dY:6.4%   
  7.40e-3         4.221309e-8     2.69497e-9       #dY:6.4%   
  8.60e-3         4.551779e-8     2.90595e-9       #dY:6.4%   
  0.01            4.909319e-8     3.13421e-9       #dY:6.4%   
  0.012           5.378949e-8     3.38789e-9       #dY:6.3%   
  0.014           5.810559e-8     3.65974e-9       #dY:6.3%   
  0.016           6.211959e-8     3.91256e-9       #dY:6.3%   
  0.018           6.588609e-8     4.14979e-9       #dY:6.3%   
  0.022           7.282548e-8     4.58686e-9       #dY:6.3%   
  0.025           7.761278e-8     4.88838e-9       #dY:6.3%   
  0.029           8.355438e-8     5.26261e-9       #dY:6.3%   
  0.034           9.040808e-8     5.45809e-9       #dY:6.0%   
  0.04            9.796338e-8     5.91421e-9       #dY:6.0%   
  0.046           1.04934e-7      6.33504e-9       #dY:6.0%   
  0.054           1.13501e-7      6.85224e-9       #dY:6.0%   
  0.063           1.22339e-7      7.38581e-9       #dY:6.0%   
  0.074           1.32224e-7      7.98258e-9       #dY:6.0%   
  0.086           1.42085e-7      8.57791e-9       #dY:6.0%   
  0.095           1.48959e-7      8.9929e-9        #dY:6.0%   
  0.19            2.04486e-7      1.38435e-8       #dY:6.8%   
  0.285           2.424809e-7     1.64157e-8       #dY:6.8%   
  0.38            2.708569e-7     1.60966e-8       #dY:5.9%   
  0.475           2.855689e-7     1.63935e-8       #dY:5.7%   
  0.57            2.957019e-7     1.69752e-8       #dY:5.7%   
  0.665           3.024149e-7     1.64982e-8       #dY:5.5%   
  0.76            3.064919e-7     1.55712e-8       #dY:5.1%   
  0.855           3.059729e-7     1.55449e-8       #dY:5.1%   
  0.95            3.038009e-7     1.42472e-8       #dY:4.7%   
  1.045           3.002979e-7     1.40829e-8       #dY:4.7%   
  1.14            2.957139e-7     1.27182e-8       #dY:4.3%   
  1.235           2.894849e-7     1.12942e-8       #dY:3.9%   
  1.33            2.826019e-7     1.10257e-8       #dY:3.9%   
  1.425           2.752279e-7     9.57477e-9       #dY:3.5%   
  1.52            2.674929e-7     8.1532e-9        #dY:3.0%   
  1.615           2.591349e-7     7.89845e-9       #dY:3.0%   
  1.71            2.506119e-7     6.51442e-9       #dY:2.6%   
  1.805           2.419959e-7     5.2388e-9        #dY:2.2%   
  1.9             2.333469e-7     5.05156e-9       #dY:2.2%   
  1.995           2.24611e-7      3.89196e-9       #dY:1.7%   
  2.09            2.15931e-7      3.74156e-9       #dY:1.7%   
  2.185           2.07339e-7      2.75257e-9       #dY:1.3%   
  2.28            1.98862e-7      1.89831e-9       #dY:1.0%   
  2.375           1.90653e-7      1.81995e-9       #dY:1.0%   
  2.47            1.82596e-7      1.29587e-9       #dY:0.7%   
  2.565           1.74706e-7      1.26888e-9       #dY:0.7%   
  2.66            1.66992e-7      1.21285e-9       #dY:0.7%   
  2.755           1.59735e-7      1.58903e-9       #dY:1.0%   
  2.85            1.52666e-7      1.51871e-9       #dY:1.0%   
  2.945           1.45788e-7      2.00336e-9       #dY:1.4%   
  3.04            1.39105e-7      2.51059e-9       #dY:1.8%   
  3.135           1.32848e-7      2.39766e-9       #dY:1.8%   
  3.23            1.26785e-7      2.84979e-9       #dY:2.2%   
  3.325           1.20913e-7      3.27296e-9       #dY:2.7%   
  3.42            1.15229e-7      3.1191e-9        #dY:2.7%   
  3.515           1.09994e-7      3.48582e-9       #dY:3.2%   
  3.61            1.04942e-7      3.8096e-9        #dY:3.6%   
  3.705           1.00067e-7      3.63263e-9       #dY:3.6%   
  3.8             9.536548e-8     3.90066e-9       #dY:4.1%   
  3.895           9.099068e-8     3.72172e-9       #dY:4.1%   
  3.99            8.677968e-8     3.94826e-9       #dY:4.5%   
  4.085           8.272768e-8     4.14156e-9       #dY:5.0%   
  4.18            7.882938e-8     3.9464e-9        #dY:5.0%   
  4.275           7.519828e-8     4.11068e-9       #dY:5.5%   
  4.37            7.171088e-8     4.24354e-9       #dY:5.9%   
  4.465           6.836209e-8     4.04537e-9       #dY:5.9%   
  4.56            6.514679e-8     4.1419e-9        #dY:6.4%   
  4.655           6.215859e-8     4.23057e-9       #dY:6.8%   
  4.75            5.929389e-8     4.03559e-9       #dY:6.8%   
  4.845           5.654819e-8     4.09163e-9       #dY:7.2%   
  4.94            5.391649e-8     3.90121e-9       #dY:7.2%   
  5.035           5.145869e-8     3.93929e-9       #dY:7.7%   
  5.13            4.910599e-8     3.96573e-9       #dY:8.1%   
  5.225           4.685389e-8     3.78385e-9       #dY:8.1%   
  5.32            4.469819e-8     3.78714e-9       #dY:8.5%   
  5.415           4.267959e-8     3.78349e-9       #dY:8.9%   
  5.51            4.074929e-8     3.61237e-9       #dY:8.9%   
  5.605           3.890359e-8     3.59808e-9       #dY:9.2%   
  5.7             3.713859e-8     3.43484e-9       #dY:9.2%   
  5.795           3.546769e-8     3.41082e-9       #dY:9.6%   
  5.89            3.387059e-8     3.38206e-9       #dY:10.0%  
  5.985           3.234389e-8     3.22962e-9       #dY:10.0%  
  6.08            3.088439e-8     3.20099e-9       #dY:10.4%  
  6.175           2.950019e-8     3.14175e-9       #dY:10.6%  
  6.27            2.817709e-8     3.00084e-9       #dY:10.6%  
  6.365           2.691249e-8     2.94458e-9       #dY:10.9%  
  6.46            2.570349e-8     2.91293e-9       #dY:11.3%  
  6.555           2.454859e-8     2.78204e-9       #dY:11.3%  
  6.65            2.344429e-8     2.7287e-9        #dY:11.6%  
  6.745           2.23881e-8      2.60577e-9       #dY:11.6%  
  6.84            2.13779e-8      2.53495e-9       #dY:11.9%  
  6.935           2.04102e-8      2.4877e-9        #dY:12.2%  
  7.03            1.94842e-8      2.37483e-9       #dY:12.2%  
  7.125           1.85977e-8      2.31301e-9       #dY:12.4%  
  7.22            1.7749e-8       2.25541e-9       #dY:12.7%  
  7.315           1.69503e-8      2.15392e-9       #dY:12.7%  
  7.41            1.61858e-8      2.10249e-9       #dY:13.0%  
  7.505           1.54537e-8      2.05135e-9       #dY:13.3%  
  7.6             1.47524e-8      1.95826e-9       #dY:13.3%  
  7.695           1.41319e-8      1.9042e-9        #dY:13.5%  
  7.79            1.35393e-8      1.82435e-9       #dY:13.5%  
  7.885           1.29732e-8      1.7719e-9        #dY:13.7%  
  7.98            1.24323e-8      1.71837e-9       #dY:13.8%  
  8.075           1.19681e-8      1.65421e-9       #dY:13.8%  
  8.17            1.15267e-8      1.60654e-9       #dY:13.9%  
  8.265           1.11069e-8      1.54106e-9       #dY:13.9%  
  8.36            1.07077e-8      1.48567e-9       #dY:13.9%  
  8.455           1.03484e-8      1.44357e-9       #dY:13.9%  
  8.55            1.00076e-8      1.39603e-9       #dY:13.9%  
  8.645           9.684428e-9     1.33504e-9       #dY:13.8%  
  8.74            9.377988e-9     1.28635e-9       #dY:13.7%  
  8.835           9.087778e-9     1.24655e-9       #dY:13.7%  
  8.93            8.812638e-9     1.19305e-9       #dY:13.5%  
  9.025           8.551808e-9     1.14628e-9       #dY:13.4%  
  9.12            8.304558e-9     1.11314e-9       #dY:13.4%  
  9.215           8.062618e-9     1.06102e-9       #dY:13.2%  
  9.31            7.832908e-9     1.01615e-9       #dY:13.0%  
  9.405           7.614808e-9     9.87855e-10      #dY:13.0%  
  9.5             7.407708e-9     9.38661e-10      #dY:12.7%  
  9.595           7.200978e-9     9.12466e-10      #dY:12.7%  
  9.69            7.004158e-9     8.70594e-10      #dY:12.4%  
  9.785           6.816729e-9     8.29056e-10      #dY:12.2%  
  9.88            6.638229e-9     8.07347e-10      #dY:12.2%  
  9.975           6.460279e-9     7.68163e-10      #dY:11.9%  
  10.07           6.290349e-9     7.47957e-10      #dY:11.9%  
  10.165          6.128019e-9     7.14872e-10      #dY:11.7%  
  10.26           5.972909e-9     6.81216e-10      #dY:11.4%  
  10.355          5.822059e-9     6.64012e-10      #dY:11.4%  
  10.45           5.677689e-9     6.28948e-10      #dY:11.1%  
  10.545          5.539459e-9     5.97335e-10      #dY:10.8%  
  10.64           5.407059e-9     5.83058e-10      #dY:10.8%  
  10.735          5.281889e-9     5.52758e-10      #dY:10.5%  
  10.83           5.161949e-9     5.2386e-10       #dY:10.1%  
  10.925          5.046969e-9     5.12191e-10      #dY:10.1%  
  11.02           4.936689e-9     4.84742e-10      #dY:9.8%   
  11.115          4.828239e-9     4.58446e-10      #dY:9.5%   
  11.21           4.723999e-9     4.48548e-10      #dY:9.5%   
  11.305          4.623779e-9     4.22808e-10      #dY:9.1%   
  11.4            4.527339e-9     4.13989e-10      #dY:9.1%   
  11.495          4.394559e-9     3.87738e-10      #dY:8.8%   
  11.59           4.265189e-9     3.76323e-10      #dY:8.8%   
  11.685          4.139039e-9     3.55151e-10      #dY:8.6%   
  11.78           4.015939e-9     3.36683e-10      #dY:8.4%   
  11.875          3.894399e-9     3.26494e-10      #dY:8.4%   
  11.97           3.775599e-9     3.09231e-10      #dY:8.2%   
  12.065          3.659399e-9     2.92989e-10      #dY:8.0%   
  12.16           3.545659e-9     2.83882e-10      #dY:8.0%   
  12.255          3.453319e-9     2.70265e-10      #dY:7.8%   
  12.35           3.363179e-9     2.5621e-10       #dY:7.6%   
  12.445          3.275129e-9     2.49502e-10      #dY:7.6%   
  12.54           3.189069e-9     2.3555e-10       #dY:7.4%   
  12.635          3.106619e-9     2.22452e-10      #dY:7.2%   
  12.73           3.025959e-9     2.16677e-10      #dY:7.2%   
  12.825          2.946969e-9     2.04381e-10      #dY:6.9%   
  12.92           2.869579e-9     1.92772e-10      #dY:6.7%   
  13.015          2.690059e-9     1.80712e-10      #dY:6.7%   
  13.11           2.511959e-9     1.68759e-10      #dY:6.7%   
  13.205          2.335219e-9     1.62373e-10      #dY:7.0%   
  13.3            2.15975e-9      1.50172e-10      #dY:7.0%   
  13.395          1.80464e-9      1.25481e-10      #dY:7.0%   
  13.49           1.45067e-9      1.08252e-10      #dY:7.5%   
  13.585          1.09778e-9      1.00359e-10      #dY:9.1%   
  13.68           7.45919e-10     6.81919e-11      #dY:9.1%   
  13.775          6.29941e-10     8.17684e-11      #dY:13.0%  
  13.87           5.14883e-10     9.80291e-11      #dY:19.0%  
  13.965          4.00696e-10     7.62889e-11      #dY:19.0%  
  14.06           2.87332e-10     7.0072e-11       #dY:24.4%  
  14.155          2.65334e-10     9.35566e-11      #dY:35.3%  
  14.25           2.44074e-10     8.60603e-11      #dY:35.3%  
  14.345          2.23513e-10     8.79349e-11      #dY:39.3%  
  14.44           2.03612e-10     8.5135e-11       #dY:41.8%  
  14.535          1.92154e-10     8.03441e-11      #dY:41.8%  
  14.63           1.81288e-10     7.95143e-11      #dY:43.9%  
  14.725          1.70983e-10     7.62565e-11      #dY:44.6%  
  14.82           1.61207e-10     7.18966e-11      #dY:44.6%  
  14.915          1.52413e-10     6.90809e-11      #dY:45.3%  
  15.01           1.44093e-10     6.6122e-11       #dY:45.9%  
  15.105          1.36222e-10     6.25101e-11      #dY:45.9%  
  15.2            1.28777e-10     5.90937e-11      #dY:45.9%  
  15.295          1.21761e-10     5.65531e-11      #dY:46.4%  
  15.39           1.15125e-10     5.41547e-11      #dY:47.0%  
  15.485          1.08849e-10     5.12024e-11      #dY:47.0%  
  15.58           1.02914e-10     4.88742e-11      #dY:47.5%  
  15.675          9.73017e-11     4.67678e-11      #dY:48.1%  
  15.77           9.19944e-11     4.42169e-11      #dY:48.1%  
  15.865          8.69753e-11     4.22642e-11      #dY:48.6%  
  15.96           8.22289e-11     4.04232e-11      #dY:49.2%  
  16.055          7.77405e-11     3.82167e-11      #dY:49.2%  
  16.15           7.3496e-11      3.64503e-11      #dY:49.6%  
  16.245          6.94823e-11     3.4848e-11       #dY:50.2%  
  16.34           6.56869e-11     3.29445e-11      #dY:50.2%  
  16.435          6.2098e-11      3.14627e-11      #dY:50.7%  
  16.53           5.87043e-11     3.00674e-11      #dY:51.2%  
  16.625          5.54954e-11     2.84238e-11      #dY:51.2%  
  16.72           5.24612e-11     2.71343e-11      #dY:51.7%  
  16.815          4.95922e-11     2.59206e-11      #dY:52.3%  
  16.91           4.68796e-11     2.45028e-11      #dY:52.3%  
  17.005          4.43147e-11     2.33819e-11      #dY:52.8%  
  17.1            4.18897e-11     2.21024e-11      #dY:52.8%  
  17.195          3.95968e-11     2.11053e-11      #dY:53.3%  
  17.29           3.7429e-11      1.99499e-11      #dY:53.3%  
  17.385          3.53795e-11     1.90294e-11      #dY:53.8%  
  17.48           3.34418e-11     1.81922e-11      #dY:54.4%  
  17.575          3.16098e-11     1.71956e-11      #dY:54.4%  
  17.67           2.98778e-11     1.63967e-11      #dY:54.9%  
  17.765          2.82404e-11     1.56454e-11      #dY:55.4%  
  17.86           2.66924e-11     1.47878e-11      #dY:55.4%  
  17.955          2.5229e-11      1.40956e-11      #dY:55.9%  
  18.05           2.38456e-11     1.34648e-11      #dY:56.5%  
  18.145          2.25377e-11     1.27263e-11      #dY:56.5%  
  18.24           2.13014e-11     1.21267e-11      #dY:56.9%  
  18.335          2.01326e-11     1.15638e-11      #dY:57.4%  
  18.43           1.90278e-11     1.09292e-11      #dY:57.4%  
  18.525          1.79834e-11     1.04253e-11      #dY:58.0%  
  18.62           1.69962e-11     9.93789e-12      #dY:58.5%  
  18.715          1.60629e-11     9.39218e-12      #dY:58.5%  
  18.81           1.51808e-11     8.94439e-12      #dY:58.9%  
  18.905          1.4347e-11      8.53566e-12      #dY:59.5%  
  19              1.35588e-11     8.06673e-12      #dY:59.5%  
  19.095          1.28138e-11     7.62349e-12      #dY:59.5%  
  19.19           1.21096e-11     7.25731e-12      #dY:59.9%  
  19.285          1.14439e-11     6.92319e-12      #dY:60.5%  
  19.38           1.08148e-11     6.5426e-12       #dY:60.5%  
  19.475          1.02202e-11     6.23464e-12      #dY:61.0%  
  19.57           9.65811e-12     5.93782e-12      #dY:61.5%  
  19.665          9.12689e-12     5.61122e-12      #dY:61.5%  
  19.76           8.6248e-12      5.34563e-12      #dY:62.0%  
  19.855          8.15025e-12     5.09632e-12      #dY:62.5%  
  19.95           7.70174e-12     4.81587e-12      #dY:62.5%  
  20.15           0.00            0.00                        
//
#-------------------------------------------------------------------------------
#
#name:   JENDL-5: PU-239(N,F) E_in=20. MeV
#X.axis: Energy
#Y.axis: 
#wdata:  3
#ldata:  401
#data...
# X               Y               +-dY           
# MeV             1/eV            1/eV           
  0.00            0.00            0.00                        
  1.00e-11        1.53242e-12     0.00                        
  1.20e-11        1.67868e-12     0.00                        
  1.40e-11        1.81318e-12     0.00                        
  1.60e-11        1.93837e-12     0.00                        
  1.80e-11        2.05595e-12     0.00                        
  2.20e-11        2.27294e-12     0.00                        
  2.50e-11        2.42297e-12     0.00                        
  2.90e-11        2.60961e-12     0.00                        
  3.40e-11        2.82564e-12     1.61731e-13      #dY:5.7%   
  4.00e-11        3.06484e-12     1.75422e-13      #dY:5.7%   
  4.60e-11        3.28667e-12     1.88119e-13      #dY:5.7%   
  5.40e-11        3.56102e-12     2.03822e-13      #dY:5.7%   
  6.30e-11        3.84634e-12     2.20153e-13      #dY:5.7%   
  7.40e-11        4.16863e-12     2.386e-13        #dY:5.7%   
  8.60e-11        4.49393e-12     2.57219e-13      #dY:5.7%   
  1.00e-10        4.84593e-12     3.24527e-13      #dY:6.7%   
  1.20e-10        5.30845e-12     3.55502e-13      #dY:6.7%   
  1.40e-10        5.73378e-12     3.83986e-13      #dY:6.7%   
  1.60e-10        6.12967e-12     4.10498e-13      #dY:6.7%   
  1.80e-10        6.5015e-12      4.35399e-13      #dY:6.7%   
  2.20e-10        7.18768e-12     4.81352e-13      #dY:6.7%   
  2.50e-10        7.66209e-12     5.13123e-13      #dY:6.7%   
  2.90e-10        8.25232e-12     5.5265e-13       #dY:6.7%   
  3.40e-10        8.93545e-12     5.92665e-13      #dY:6.6%   
  4.00e-10        9.69186e-12     6.42836e-13      #dY:6.6%   
  4.60e-10        1.03934e-11     6.89367e-13      #dY:6.6%   
  5.40e-10        1.12609e-11     7.46906e-13      #dY:6.6%   
  6.30e-10        1.21632e-11     8.06754e-13      #dY:6.6%   
  7.40e-10        1.31824e-11     8.74355e-13      #dY:6.6%   
  8.60e-10        1.42111e-11     9.42586e-13      #dY:6.6%   
  1.00e-9         1.53242e-11     1.01641e-12      #dY:6.6%   
  1.20e-9         1.67868e-11     1.12298e-12      #dY:6.7%   
  1.40e-9         1.81318e-11     1.21296e-12      #dY:6.7%   
  1.60e-9         1.93837e-11     1.2967e-12       #dY:6.7%   
  1.80e-9         2.05596e-11     1.37537e-12      #dY:6.7%   
  2.20e-9         2.27294e-11     1.52052e-12      #dY:6.7%   
  2.50e-9         2.42297e-11     1.62088e-12      #dY:6.7%   
  2.90e-9         2.60961e-11     1.74574e-12      #dY:6.7%   
  3.40e-9         2.82564e-11     1.8742e-12       #dY:6.6%   
  4.00e-9         3.06484e-11     2.03286e-12      #dY:6.6%   
  4.60e-9         3.28667e-11     2.17999e-12      #dY:6.6%   
  5.40e-9         3.56102e-11     2.36197e-12      #dY:6.6%   
  6.30e-9         3.84634e-11     2.55121e-12      #dY:6.6%   
  7.40e-9         4.16863e-11     2.76498e-12      #dY:6.6%   
  8.60e-9         4.49393e-11     2.98075e-12      #dY:6.6%   
  1.00e-8         4.84593e-11     3.24173e-12      #dY:6.7%   
  1.20e-8         5.30845e-11     3.55113e-12      #dY:6.7%   
  1.40e-8         5.73379e-11     3.83567e-12      #dY:6.7%   
  1.60e-8         6.12967e-11     4.10049e-12      #dY:6.7%   
  1.80e-8         6.5015e-11      4.34923e-12      #dY:6.7%   
  2.20e-8         7.18768e-11     4.80826e-12      #dY:6.7%   
  2.50e-8         7.66209e-11     5.12562e-12      #dY:6.7%   
  2.90e-8         8.25233e-11     5.52047e-12      #dY:6.7%   
  3.40e-8         8.93546e-11     5.92666e-12      #dY:6.6%   
  4.00e-8         9.69187e-11     6.42836e-12      #dY:6.6%   
  4.60e-8         1.03934e-10     6.89367e-12      #dY:6.6%   
  5.40e-8         1.12609e-10     7.46906e-12      #dY:6.6%   
  6.30e-8         1.21632e-10     8.06753e-12      #dY:6.6%   
  7.40e-8         1.31824e-10     8.74354e-12      #dY:6.6%   
  8.60e-8         1.42111e-10     9.42585e-12      #dY:6.6%   
  1.00e-7         1.53242e-10     1.01641e-11      #dY:6.6%   
  1.20e-7         1.67868e-10     1.123e-11        #dY:6.7%   
  1.40e-7         1.81319e-10     1.21298e-11      #dY:6.7%   
  1.60e-7         1.93838e-10     1.29673e-11      #dY:6.7%   
  1.80e-7         2.05596e-10     1.37539e-11      #dY:6.7%   
  2.20e-7         2.27295e-10     1.52055e-11      #dY:6.7%   
  2.50e-7         2.42297e-10     1.62091e-11      #dY:6.7%   
  2.90e-7         2.60962e-10     1.74577e-11      #dY:6.7%   
  3.40e-7         2.82565e-10     1.87417e-11      #dY:6.6%   
  4.00e-7         3.06485e-10     2.03282e-11      #dY:6.6%   
  4.60e-7         3.28672e-10     2.17998e-11      #dY:6.6%   
  5.40e-7         3.56104e-10     2.36193e-11      #dY:6.6%   
  6.30e-7         3.84636e-10     2.55117e-11      #dY:6.6%   
  7.40e-7         4.16866e-10     2.76494e-11      #dY:6.6%   
  8.60e-7         4.49397e-10     2.98071e-11      #dY:6.6%   
  1.00e-6         4.84597e-10     3.21418e-11      #dY:6.6%   
  1.20e-6         5.3085e-10      3.55118e-11      #dY:6.7%   
  1.40e-6         5.73384e-10     3.83572e-11      #dY:6.7%   
  1.60e-6         6.12974e-10     4.10056e-11      #dY:6.7%   
  1.80e-6         6.50158e-10     4.3493e-11       #dY:6.7%   
  2.20e-6         7.18779e-10     4.80835e-11      #dY:6.7%   
  2.50e-6         7.66222e-10     5.12573e-11      #dY:6.7%   
  2.90e-6         8.25248e-10     5.52059e-11      #dY:6.7%   
  3.40e-6         8.93564e-10     5.9273e-11       #dY:6.6%   
  4.00e-6         9.69209e-10     6.42907e-11      #dY:6.6%   
  4.60e-6         1.03936e-9      6.89441e-11      #dY:6.6%   
  5.40e-6         1.12613e-9      7.46998e-11      #dY:6.6%   
  6.30e-6         1.21636e-9      8.06851e-11      #dY:6.6%   
  7.40e-6         1.31829e-9      8.74464e-11      #dY:6.6%   
  8.60e-6         1.42117e-9      9.42708e-11      #dY:6.6%   
  1.00e-5         1.53249e-9      1.01655e-10      #dY:6.6%   
  1.20e-5         1.67877e-9      1.12198e-10      #dY:6.7%   
  1.40e-5         1.81329e-9      1.21188e-10      #dY:6.7%   
  1.60e-5         1.9385e-9       1.29557e-10      #dY:6.7%   
  1.80e-5         2.05611e-9      1.37417e-10      #dY:6.7%   
  2.20e-5         2.27314e-9      1.51922e-10      #dY:6.7%   
  2.50e-5         2.4232e-9       1.61951e-10      #dY:6.7%   
  2.90e-5         2.60989e-9      1.74428e-10      #dY:6.7%   
  3.40e-5         2.825979e-9     1.86881e-10      #dY:6.6%   
  4.00e-5         3.065249e-9     2.02704e-10      #dY:6.6%   
  4.60e-5         3.287169e-9     2.17379e-10      #dY:6.6%   
  5.40e-5         3.561629e-9     2.35529e-10      #dY:6.6%   
  6.30e-5         3.847079e-9     2.54406e-10      #dY:6.6%   
  7.40e-5         4.169529e-9     2.7573e-10       #dY:6.6%   
  8.60e-5         4.495019e-9     2.97254e-10      #dY:6.6%   
  1.00e-4         4.847239e-9     3.20546e-10      #dY:6.6%   
  1.20e-4         5.310099e-9     3.5346e-10       #dY:6.7%   
  1.40e-4         5.735769e-9     3.81795e-10      #dY:6.7%   
  1.60e-4         6.132019e-9     4.0817e-10       #dY:6.7%   
  1.80e-4         6.504219e-9     4.32946e-10      #dY:6.7%   
  2.20e-4         7.191129e-9     4.78669e-10      #dY:6.7%   
  2.50e-4         7.666129e-9     5.10287e-10      #dY:6.7%   
  2.90e-4         8.257148e-9     5.49627e-10      #dY:6.7%   
  3.40e-4         8.941298e-9     5.87691e-10      #dY:6.6%   
  4.00e-4         9.698948e-9     6.3749e-10       #dY:6.6%   
  4.60e-4         1.04017e-8      6.8368e-10       #dY:6.6%   
  5.40e-4         1.1271e-8       7.40817e-10      #dY:6.6%   
  6.30e-4         1.21753e-8      8.00255e-10      #dY:6.6%   
  7.40e-4         1.31969e-8      8.67402e-10      #dY:6.6%   
  8.60e-4         1.42283e-8      9.35193e-10      #dY:6.6%   
  1.00e-3         1.53446e-8      1.00857e-9       #dY:6.6%   
  1.20e-3         1.68119e-8      1.10531e-9       #dY:6.6%   
  1.40e-3         1.81615e-8      1.19404e-9       #dY:6.6%   
  1.60e-3         1.9418e-8       1.27665e-9       #dY:6.6%   
  1.80e-3         2.05985e-8      1.35426e-9       #dY:6.6%   
  2.20e-3         2.27775e-8      1.49752e-9       #dY:6.6%   
  2.50e-3         2.42845e-8      1.5966e-9        #dY:6.6%   
  2.90e-3         2.615979e-8     1.71989e-9       #dY:6.6%   
  3.40e-3         2.833079e-8     1.82397e-9       #dY:6.4%   
  4.00e-3         3.073519e-8     1.97876e-9       #dY:6.4%   
  4.60e-3         3.296549e-8     2.12235e-9       #dY:6.4%   
  5.40e-3         3.572409e-8     2.29996e-9       #dY:6.4%   
  6.30e-3         3.859299e-8     2.48466e-9       #dY:6.4%   
  7.40e-3         4.183349e-8     2.69328e-9       #dY:6.4%   
  8.60e-3         4.510369e-8     2.90382e-9       #dY:6.4%   
  0.01            4.864099e-8     3.13156e-9       #dY:6.4%   
  0.012           5.328599e-8     3.38643e-9       #dY:6.4%   
  0.014           5.755369e-8     3.65765e-9       #dY:6.4%   
  0.016           6.152169e-8     3.90983e-9       #dY:6.4%   
  0.018           6.524399e-8     4.14639e-9       #dY:6.4%   
  0.022           7.209949e-8     4.58207e-9       #dY:6.4%   
  0.025           7.682709e-8     4.88252e-9       #dY:6.4%   
  0.029           8.269248e-8     5.25527e-9       #dY:6.4%   
  0.034           8.945538e-8     5.45482e-9       #dY:6.1%   
  0.04            9.690668e-8     5.90918e-9       #dY:6.1%   
  0.046           1.03778e-7      6.32818e-9       #dY:6.1%   
  0.054           1.12218e-7      6.84284e-9       #dY:6.1%   
  0.063           1.20919e-7      7.37341e-9       #dY:6.1%   
  0.074           1.30644e-7      7.96642e-9       #dY:6.1%   
  0.08            1.35597e-7      8.26844e-9       #dY:6.1%   
  0.16            1.86821e-7      1.28079e-8       #dY:6.9%   
  0.24            2.22412e-7      1.52479e-8       #dY:6.9%   
  0.32            2.49431e-7      1.50332e-8       #dY:6.0%   
  0.4             2.707629e-7     1.63189e-8       #dY:6.0%   
  0.48            2.820999e-7     1.6444e-8        #dY:5.8%   
  0.56            2.902769e-7     1.69206e-8       #dY:5.8%   
  0.64            2.959809e-7     1.63884e-8       #dY:5.5%   
  0.72            2.997039e-7     1.65945e-8       #dY:5.5%   
  0.8             3.018149e-7     1.55933e-8       #dY:5.2%   
  0.88            3.009229e-7     1.55472e-8       #dY:5.2%   
  0.96            2.989309e-7     1.42421e-8       #dY:4.8%   
  1.04            2.960209e-7     1.41035e-8       #dY:4.8%   
  1.12            2.923399e-7     1.27636e-8       #dY:4.4%   
  1.2             2.880199e-7     1.25749e-8       #dY:4.4%   
  1.28            2.826399e-7     1.11892e-8       #dY:4.0%   
  1.36            2.768539e-7     9.75589e-9       #dY:3.5%   
  1.44            2.707489e-7     9.54076e-9       #dY:3.5%   
  1.52            2.643999e-7     8.15678e-9       #dY:3.1%   
  1.6             2.57869e-7      7.9553e-9        #dY:3.1%   
  1.68            2.50909e-7      6.59182e-9       #dY:2.6%   
  1.76            2.43865e-7      6.40676e-9       #dY:2.6%   
  1.84            2.36775e-7      5.1735e-9        #dY:2.2%   
  1.92            2.29671e-7      5.01827e-9       #dY:2.2%   
  2               2.22582e-7      3.88897e-9       #dY:1.7%   
  2.08            2.15464e-7      3.7646e-9        #dY:1.7%   
  2.16            2.08403e-7      2.78576e-9       #dY:1.3%   
  2.24            2.01415e-7      2.69235e-9       #dY:1.3%   
  2.32            1.94514e-7      1.86717e-9       #dY:1.0%   
  2.4             1.87711e-7      1.80187e-9       #dY:1.0%   
  2.48            1.81167e-7      1.29153e-9       #dY:0.7%   
  2.56            1.74738e-7      1.27337e-9       #dY:0.7%   
  2.64            1.6843e-7       1.22741e-9       #dY:0.7%   
  2.72            1.62248e-7      1.61621e-9       #dY:1.0%   
  2.8             1.56195e-7      1.55592e-9       #dY:1.0%   
  2.88            1.50473e-7      2.06961e-9       #dY:1.4%   
  2.96            1.44885e-7      1.99276e-9       #dY:1.4%   
  3.04            1.39431e-7      2.51498e-9       #dY:1.8%   
  3.12            1.34112e-7      2.41904e-9       #dY:1.8%   
  3.2             1.28927e-7      2.89175e-9       #dY:2.2%   
  3.28            1.24086e-7      2.78317e-9       #dY:2.2%   
  3.36            1.19376e-7      3.22336e-9       #dY:2.7%   
  3.44            1.14798e-7      3.09975e-9       #dY:2.7%   
  3.52            1.10349e-7      3.47942e-9       #dY:3.2%   
  3.6             1.06027e-7      3.34314e-9       #dY:3.2%   
  3.68            1.02e-7         3.68211e-9       #dY:3.6%   
  3.76            9.809498e-8     3.98652e-9       #dY:4.1%   
  3.84            9.430978e-8     3.8327e-9        #dY:4.1%   
  3.92            9.064138e-8     4.08948e-9       #dY:4.5%   
  4               8.708698e-8     3.92912e-9       #dY:4.5%   
  4.08            8.373578e-8     4.15609e-9       #dY:5.0%   
  4.16            8.049288e-8     3.99514e-9       #dY:5.0%   
  4.24            7.735509e-8     4.18594e-9       #dY:5.4%   
  4.32            7.431969e-8     4.02168e-9       #dY:5.4%   
  4.4             7.138349e-8     4.17911e-9       #dY:5.9%   
  4.48            6.864529e-8     4.0188e-9        #dY:5.9%   
  4.56            6.600049e-8     4.15037e-9       #dY:6.3%   
  4.64            6.344619e-8     3.98974e-9       #dY:6.3%   
  4.72            6.097949e-8     4.09764e-9       #dY:6.7%   
  4.8             5.859759e-8     3.93758e-9       #dY:6.7%   
  4.88            5.636239e-8     4.02527e-9       #dY:7.1%   
  4.96            5.420649e-8     4.09146e-9       #dY:7.5%   
  5.04            5.212719e-8     3.93451e-9       #dY:7.5%   
  5.12            5.012189e-8     3.98647e-9       #dY:8.0%   
  5.2             4.818799e-8     3.83266e-9       #dY:8.0%   
  5.28            4.636879e-8     3.86743e-9       #dY:8.3%   
  5.36            4.461609e-8     3.72124e-9       #dY:8.3%   
  5.44            4.292749e-8     3.74056e-9       #dY:8.7%   
  5.52            4.130069e-8     3.59881e-9       #dY:8.7%   
  5.6             3.973339e-8     3.60901e-9       #dY:9.1%   
  5.68            3.825579e-8     3.4748e-9        #dY:9.1%   
  5.76            3.683349e-8     3.47531e-9       #dY:9.4%   
  5.84            3.546429e-8     3.34613e-9       #dY:9.4%   
  5.92            3.414629e-8     3.33898e-9       #dY:9.8%   
  6               3.287749e-8     3.21491e-9       #dY:9.8%   
  6.08            3.168109e-8     3.20991e-9       #dY:10.1%  
  6.16            3.053029e-8     3.17049e-9       #dY:10.4%  
  6.24            2.942329e-8     3.05553e-9       #dY:10.4%  
  6.32            2.835849e-8     3.01586e-9       #dY:10.6%  
  6.4             2.733409e-8     2.90692e-9       #dY:10.6%  
  6.48            2.635689e-8     2.89342e-9       #dY:11.0%  
  6.56            2.54172e-8      2.79026e-9       #dY:11.0%  
  6.64            2.45133e-8      2.75206e-9       #dY:11.2%  
  6.72            2.3644e-8       2.65446e-9       #dY:11.2%  
  6.8             2.28077e-8      2.59626e-9       #dY:11.4%  
  6.88            2.19983e-8      2.50412e-9       #dY:11.4%  
  6.96            2.12195e-8      2.46994e-9       #dY:11.6%  
  7.04            2.04699e-8      2.38268e-9       #dY:11.6%  
  7.12            1.97485e-8      2.33256e-9       #dY:11.8%  
  7.2             1.9054e-8       2.25053e-9       #dY:11.8%  
  7.28            1.8381e-8       2.20473e-9       #dY:12.0%  
  7.36            1.77329e-8      2.16104e-9       #dY:12.2%  
  7.44            1.71086e-8      2.08496e-9       #dY:12.2%  
  7.52            1.65072e-8      2.04432e-9       #dY:12.4%  
  7.6             1.59277e-8      1.97255e-9       #dY:12.4%  
  7.68            1.53607e-8      1.91992e-9       #dY:12.5%  
  7.76            1.48139e-8      1.85158e-9       #dY:12.5%  
  7.84            1.42865e-8      1.80762e-9       #dY:12.7%  
  7.92            1.37775e-8      1.74322e-9       #dY:12.7%  
  8               1.32863e-8      1.70204e-9       #dY:12.8%  
  8.08            1.28079e-8      1.64075e-9       #dY:12.8%  
  8.16            1.23457e-8      1.5998e-9        #dY:13.0%  
  8.24            1.18992e-8      1.54194e-9       #dY:13.0%  
  8.32            1.14676e-8      1.49302e-9       #dY:13.0%  
  8.4             1.10504e-8      1.4387e-9        #dY:13.0%  
  8.48            1.06696e-8      1.412e-9         #dY:13.2%  
  8.56            1.03018e-8      1.36472e-9       #dY:13.2%  
  8.64            9.946718e-9     1.31768e-9       #dY:13.2%  
  8.72            9.603668e-9     1.28299e-9       #dY:13.4%  
  8.8             9.272188e-9     1.23871e-9       #dY:13.4%  
  8.88            8.999558e-9     1.20407e-9       #dY:13.4%  
  8.96            8.737528e-9     1.16902e-9       #dY:13.4%  
  9.04            8.485658e-9     1.13438e-9       #dY:13.4%  
  9.12            8.243488e-9     1.102e-9         #dY:13.4%  
  9.2             8.010628e-9     1.05939e-9       #dY:13.2%  
  9.28            7.812459e-9     1.03318e-9       #dY:13.2%  
  9.36            7.622809e-9     9.9981e-10       #dY:13.1%  
  9.44            7.441309e-9     9.76005e-10      #dY:13.1%  
  9.52            7.267629e-9     9.32374e-10      #dY:12.8%  
  9.6             7.101419e-9     9.1105e-10       #dY:12.8%  
  9.68            6.946669e-9     8.74699e-10      #dY:12.6%  
  9.76            6.798769e-9     8.36222e-10      #dY:12.3%  
  9.84            6.657419e-9     8.18837e-10      #dY:12.3%  
  9.92            6.522329e-9     7.82162e-10      #dY:12.0%  
  10              6.393239e-9     7.66682e-10      #dY:12.0%  
  10.08           6.264679e-9     7.51265e-10      #dY:12.0%  
  10.16           6.141599e-9     7.19076e-10      #dY:11.7%  
  10.24           6.023779e-9     6.86639e-10      #dY:11.4%  
  10.32           5.910979e-9     6.73782e-10      #dY:11.4%  
  10.4            5.802979e-9     6.61471e-10      #dY:11.4%  
  10.48           5.691209e-9     6.27236e-10      #dY:11.0%  
  10.56           5.583829e-9     5.96371e-10      #dY:10.7%  
  10.64           5.480659e-9     5.85352e-10      #dY:10.7%  
  10.72           5.381509e-9     5.56123e-10      #dY:10.3%  
  10.8            5.286199e-9     5.46274e-10      #dY:10.3%  
  10.88           5.187559e-9     5.18327e-10      #dY:10.0%  
  10.96           5.092439e-9     5.08823e-10      #dY:10.0%  
  11.04           5.000679e-9     4.82791e-10      #dY:9.7%   
  11.12           4.912129e-9     4.58238e-10      #dY:9.3%   
  11.2            4.826659e-9     4.50264e-10      #dY:9.3%   
  11.28           4.741069e-9     4.4228e-10       #dY:9.3%   
  11.36           4.658289e-9     4.17946e-10      #dY:9.0%   
  11.44           4.578199e-9     3.96084e-10      #dY:8.7%   
  11.52           4.500679e-9     3.89378e-10      #dY:8.7%   
  11.6            4.425609e-9     3.82883e-10      #dY:8.7%   
  11.68           4.353699e-9     3.62653e-10      #dY:8.3%   
  11.76           4.284029e-9     3.43158e-10      #dY:8.0%   
  11.84           4.216499e-9     3.37749e-10      #dY:8.0%   
  11.92           4.151029e-9     3.19178e-10      #dY:7.7%   
  12              4.087509e-9     3.14294e-10      #dY:7.7%   
  12.08           4.024269e-9     2.96711e-10      #dY:7.4%   
  12.16           3.962809e-9     2.9218e-10       #dY:7.4%   
  12.24           3.903069e-9     2.75699e-10      #dY:7.1%   
  12.32           3.844959e-9     2.60015e-10      #dY:6.8%   
  12.4            3.788409e-9     2.56191e-10      #dY:6.8%   
  12.48           3.702989e-9     2.50414e-10      #dY:6.8%   
  12.56           3.618979e-9     2.34608e-10      #dY:6.5%   
  12.64           3.536349e-9     2.21904e-10      #dY:6.3%   
  12.72           3.455009e-9     2.168e-10        #dY:6.3%   
  12.8            3.374929e-9     2.11775e-10      #dY:6.3%   
  12.88           3.298429e-9     2.00853e-10      #dY:6.1%   
  12.96           3.223069e-9     1.90456e-10      #dY:5.9%   
  13.04           3.148799e-9     1.86067e-10      #dY:5.9%   
  13.12           3.075559e-9     1.76236e-10      #dY:5.7%   
  13.2            3.003319e-9     1.72097e-10      #dY:5.7%   
  13.28           2.943459e-9     1.63649e-10      #dY:5.6%   
  13.36           2.884509e-9     1.60371e-10      #dY:5.6%   
  13.44           2.826419e-9     1.5212e-10       #dY:5.4%   
  13.52           2.769159e-9     1.43643e-10      #dY:5.2%   
  13.6            2.712689e-9     1.40714e-10      #dY:5.2%   
  13.68           2.654779e-9     1.3771e-10       #dY:5.2%   
  13.76           2.59758e-9      1.29897e-10      #dY:5.0%   
  13.84           2.54107e-9      1.22675e-10      #dY:4.8%   
  13.92           2.48522e-9      1.19979e-10      #dY:4.8%   
  14              2.43e-9         1.17313e-10      #dY:4.8%   
  14.08           2.24166e-9      1.04763e-10      #dY:4.7%   
  14.16           2.0539e-9       9.61383e-11      #dY:4.7%   
  14.24           1.86669e-9      8.73755e-11      #dY:4.7%   
  14.32           1.67999e-9      8.60962e-11      #dY:5.1%   
  14.4            1.4938e-9       7.65543e-11      #dY:5.1%   
  14.48           1.26754e-9      7.32473e-11      #dY:5.8%   
  14.56           1.04174e-9      6.0199e-11       #dY:5.8%   
  14.64           8.16375e-10     5.81791e-11      #dY:7.1%   
  14.72           5.91424e-10     5.99429e-11      #dY:10.1%  
  14.8            3.6687e-10      3.71836e-11      #dY:10.1%  
  14.88           3.22946e-10     3.27317e-11      #dY:10.1%  
  14.96           2.79383e-10     4.88896e-11      #dY:17.5%  
  15.04           2.36166e-10     5.68198e-11      #dY:24.1%  
  15.12           1.93279e-10     4.65015e-11      #dY:24.1%  
  15.2            1.50708e-10     3.62592e-11      #dY:24.1%  
  15.28           1.42179e-10     4.4246e-11       #dY:31.1%  
  15.36           1.33937e-10     5.42067e-11      #dY:40.5%  
  15.44           1.2597e-10      5.09824e-11      #dY:40.5%  
  15.52           1.18265e-10     4.94813e-11      #dY:41.8%  
  15.6            1.1081e-10      4.63621e-11      #dY:41.8%  
  15.68           1.05672e-10     4.60932e-11      #dY:43.6%  
  15.76           1.00762e-10     4.39515e-11      #dY:43.6%  
  15.84           9.60704e-11     4.28669e-11      #dY:44.6%  
  15.92           9.15865e-11     4.1373e-11       #dY:45.2%  
  16              8.73012e-11     3.94372e-11      #dY:45.2%  
  16.08           8.33122e-11     3.76352e-11      #dY:45.2%  
  16.16           7.95043e-11     3.62621e-11      #dY:45.6%  
  16.24           7.58693e-11     3.49733e-11      #dY:46.1%  
  16.32           7.23994e-11     3.33738e-11      #dY:46.1%  
  16.4            6.9087e-11      3.18469e-11      #dY:46.1%  
  16.48           6.59304e-11     3.06747e-11      #dY:46.5%  
  16.56           6.29175e-11     2.9564e-11       #dY:47.0%  
  16.64           6.00417e-11     2.82127e-11      #dY:47.0%  
  16.72           5.72968e-11     2.71591e-11      #dY:47.4%  
  16.8            5.46769e-11     2.59173e-11      #dY:47.4%  
  16.88           5.21766e-11     2.4967e-11       #dY:47.9%  
  16.96           4.97902e-11     2.3825e-11       #dY:47.9%  
  17.04           4.75126e-11     2.29267e-11      #dY:48.3%  
  17.12           4.53387e-11     2.20766e-11      #dY:48.7%  
  17.2            4.3264e-11      2.10663e-11      #dY:48.7%  
  17.28           4.12839e-11     2.01022e-11      #dY:48.7%  
  17.36           3.93941e-11     1.93373e-11      #dY:49.1%  
  17.44           3.75906e-11     1.8642e-11       #dY:49.6%  
  17.52           3.58693e-11     1.77883e-11      #dY:49.6%  
  17.6            3.42265e-11     1.69736e-11      #dY:49.6%  
  17.68           3.26588e-11     1.63221e-11      #dY:50.0%  
  17.76           3.11626e-11     1.57058e-11      #dY:50.4%  
  17.84           2.97347e-11     1.49861e-11      #dY:50.4%  
  17.92           2.83721e-11     1.44051e-11      #dY:50.8%  
  18              2.70717e-11     1.37448e-11      #dY:50.8%  
  18.08           2.58307e-11     1.32408e-11      #dY:51.3%  
  18.16           2.46464e-11     1.26337e-11      #dY:51.3%  
  18.24           2.35162e-11     1.21401e-11      #dY:51.6%  
  18.32           2.24377e-11     1.1674e-11       #dY:52.0%  
  18.4            2.14086e-11     1.11386e-11      #dY:52.0%  
  18.48           2.04264e-11     1.06276e-11      #dY:52.0%  
  18.56           1.94892e-11     1.02235e-11      #dY:52.5%  
  18.64           1.85949e-11     9.82749e-12      #dY:52.9%  
  18.72           1.77415e-11     9.37646e-12      #dY:52.9%  
  18.8            1.69271e-11     8.94605e-12      #dY:52.9%  
  18.88           1.615e-11       8.59162e-12      #dY:53.2%  
  18.96           1.54085e-11     8.26827e-12      #dY:53.7%  
  19.04           1.47009e-11     7.88857e-12      #dY:53.7%  
  19.12           1.40258e-11     7.57309e-12      #dY:54.0%  
  19.2            1.33815e-11     7.2252e-12       #dY:54.0%  
  19.28           1.27668e-11     6.95106e-12      #dY:54.4%  
  19.36           1.21802e-11     6.63168e-12      #dY:54.4%  
  19.44           1.16205e-11     6.37296e-12      #dY:54.8%  
  19.52           1.10864e-11     6.12082e-12      #dY:55.2%  
  19.6            1.05768e-11     5.83947e-12      #dY:55.2%  
  19.68           1.00906e-11     5.57104e-12      #dY:55.2%  
  19.76           9.62669e-12     5.35249e-12      #dY:55.6%  
  19.84           9.18404e-12     5.14585e-12      #dY:56.0%  
  19.92           8.76168e-12     4.9092e-12       #dY:56.0%  
  20              8.3587e-12      4.68341e-12      #dY:56.0%  
  20.2            0.00            0.00                        
//
#-------------------------------------------------------------------------------
#
#name:   JENDL-5: PU-239(N,F) E_in=20. MeV
#X.axis: Energy
#Y.axis: 
#wdata:  3
#ldata:  369
#data...
# X               Y               +-dY           
# MeV             1/eV            1/eV           
  0.00            0.00            0.00                        
  1.00e-8         3.86466e-11     3.53814e-12      #dY:9.2%   
  1.25e-8         4.21451e-11     3.85843e-12      #dY:9.2%   
  1.50e-8         4.59603e-11     4.20772e-12      #dY:9.2%   
  1.75e-8         5.01208e-11     4.58862e-12      #dY:9.2%   
  2.00e-8         5.4658e-11      5.004e-12        #dY:9.2%   
  2.25e-8         5.75003e-11     5.26422e-12      #dY:9.2%   
  2.50e-8         6.04905e-11     5.53798e-12      #dY:9.2%   
  2.75e-8         6.36362e-11     5.82597e-12      #dY:9.2%   
  3.00e-8         6.69454e-11     6.12893e-12      #dY:9.2%   
  3.50e-8         7.1939e-11      5.2088e-12       #dY:7.2%   
  4.00e-8         7.7305e-11      5.59733e-12      #dY:7.2%   
  4.50e-8         8.17416e-11     5.91856e-12      #dY:7.2%   
  5.00e-8         8.64328e-11     6.25823e-12      #dY:7.2%   
  5.50e-8         9.0465e-11      6.55019e-12      #dY:7.2%   
  6.00e-8         9.46854e-11     6.85577e-12      #dY:7.2%   
  7.00e-8         1.02275e-10     7.4053e-12       #dY:7.2%   
  8.00e-8         1.09339e-10     7.91677e-12      #dY:7.2%   
  9.00e-8         1.15615e-10     8.37119e-12      #dY:7.2%   
  1.00e-7         1.22252e-10     8.85175e-12      #dY:7.2%   
  1.125e-7        1.28611e-10     1.0796e-11       #dY:8.4%   
  1.25e-7         1.35301e-10     1.13576e-11      #dY:8.4%   
  1.375e-7        1.42339e-10     1.19483e-11      #dY:8.4%   
  1.50e-7         1.49743e-10     1.25699e-11      #dY:8.4%   
  1.75e-7         1.60917e-10     1.35078e-11      #dY:8.4%   
  2.00e-7         1.72925e-10     1.45158e-11      #dY:8.4%   
  2.25e-7         1.82853e-10     1.53492e-11      #dY:8.4%   
  2.50e-7         1.93352e-10     1.62305e-11      #dY:8.4%   
  2.75e-7         2.02376e-10     1.6988e-11       #dY:8.4%   
  3.00e-7         2.11822e-10     1.7781e-11       #dY:8.4%   
  3.50e-7         2.28808e-10     1.90584e-11      #dY:8.3%   
  4.00e-7         2.44622e-10     2.03756e-11      #dY:8.3%   
  4.50e-7         2.59476e-10     2.16128e-11      #dY:8.3%   
  5.00e-7         2.73528e-10     2.27833e-11      #dY:8.3%   
  5.50e-7         2.86894e-10     2.38966e-11      #dY:8.3%   
  6.00e-7         2.99666e-10     2.49604e-11      #dY:8.3%   
  6.50e-7         3.11918e-10     2.59809e-11      #dY:8.3%   
  7.00e-7         3.23706e-10     2.69628e-11      #dY:8.3%   
  7.50e-7         3.35084e-10     2.79105e-11      #dY:8.3%   
  8.50e-7         3.56754e-10     2.97155e-11      #dY:8.3%   
  9.50e-7         3.77186e-10     3.14174e-11      #dY:8.3%   
  1.00e-6         3.87e-10        3.22348e-11      #dY:8.3%   
  1.125e-6        4.07155e-10     3.4106e-11       #dY:8.4%   
  1.25e-6         4.2836e-10      3.58823e-11      #dY:8.4%   
  1.375e-6        4.50669e-10     3.7751e-11       #dY:8.4%   
  1.50e-6         4.7414e-10      3.97171e-11      #dY:8.4%   
  1.75e-6         5.09571e-10     4.2685e-11       #dY:8.4%   
  2.00e-6         5.4765e-10      4.58748e-11      #dY:8.4%   
  2.25e-6         5.79143e-10     4.85129e-11      #dY:8.4%   
  2.50e-6         6.12448e-10     5.13027e-11      #dY:8.4%   
  2.75e-6         6.41084e-10     5.37014e-11      #dY:8.4%   
  3.00e-6         6.71058e-10     5.62123e-11      #dY:8.4%   
  3.50e-6         7.2498e-10      6.03001e-11      #dY:8.3%   
  4.00e-6         7.7519e-10      6.44763e-11      #dY:8.3%   
  4.50e-6         8.22366e-10     6.84002e-11      #dY:8.3%   
  5.00e-6         8.67002e-10     7.21128e-11      #dY:8.3%   
  5.50e-6         9.09472e-10     7.56452e-11      #dY:8.3%   
  6.00e-6         9.50062e-10     7.90213e-11      #dY:8.3%   
  6.50e-6         9.89008e-10     8.22606e-11      #dY:8.3%   
  7.00e-6         1.02649e-9      8.53782e-11      #dY:8.3%   
  7.50e-6         1.06267e-9      8.83874e-11      #dY:8.3%   
  8.50e-6         1.13161e-9      9.41215e-11      #dY:8.3%   
  9.50e-6         1.19663e-9      9.95295e-11      #dY:8.3%   
  1.00e-5         1.22786e-9      1.02127e-10      #dY:8.3%   
  1.125e-5        1.292047e-9     1.07838e-10      #dY:8.3%   
  1.25e-5         1.359589e-9     1.13475e-10      #dY:8.3%   
  1.375e-5        1.430662e-9     1.19407e-10      #dY:8.3%   
  1.50e-5         1.50545e-9      1.25649e-10      #dY:8.3%   
  1.75e-5         1.618449e-9     1.3508e-10       #dY:8.3%   
  2.00e-5         1.73993e-9      1.45219e-10      #dY:8.3%   
  2.25e-5         1.840494e-9     1.53613e-10      #dY:8.3%   
  2.50e-5         1.94687e-9      1.62491e-10      #dY:8.3%   
  2.75e-5         2.038403e-9     1.70131e-10      #dY:8.3%   
  3.00e-5         2.13424e-9      1.7813e-10       #dY:8.3%   
  3.50e-5         2.30677e-9      1.90366e-10      #dY:8.3%   
  4.00e-5         2.46757e-9      2.03636e-10      #dY:8.3%   
  4.50e-5         2.61878e-9      2.16114e-10      #dY:8.3%   
  5.00e-5         2.76196e-9      2.2793e-10       #dY:8.3%   
  5.50e-5         2.89828e-9      2.3918e-10       #dY:8.3%   
  6.00e-5         3.02867e-9      2.4994e-10       #dY:8.3%   
  6.50e-5         3.15386e-9      2.60272e-10      #dY:8.3%   
  7.00e-5         3.27441e-9      2.7022e-10       #dY:8.3%   
  7.50e-5         3.39085e-9      2.79829e-10      #dY:8.3%   
  8.50e-5         3.61288e-9      2.98152e-10      #dY:8.3%   
  9.50e-5         3.82254e-9      3.15454e-10      #dY:8.3%   
  1.00e-4         3.92334e-9      3.23773e-10      #dY:8.3%   
  1.125e-4        4.1308e-9       3.40511e-10      #dY:8.2%   
  1.25e-4         4.349229e-9     3.58517e-10      #dY:8.2%   
  1.375e-4        4.579209e-9     3.77475e-10      #dY:8.2%   
  1.50e-4         4.82135e-9      3.97435e-10      #dY:8.2%   
  1.75e-4         5.188217e-9     4.27677e-10      #dY:8.2%   
  2.00e-4         5.583e-9        4.60219e-10      #dY:8.2%   
  2.25e-4         5.910646e-9     4.87228e-10      #dY:8.2%   
  2.50e-4         6.25752e-9      5.15822e-10      #dY:8.2%   
  2.75e-4         6.556669e-9     5.40481e-10      #dY:8.2%   
  3.00e-4         6.87012e-9      5.6632e-10       #dY:8.2%   
  3.50e-4         7.43578e-9      6.00995e-10      #dY:8.1%   
  4.00e-4         7.9643e-9       6.43713e-10      #dY:8.1%   
  4.50e-4         8.46246e-9      6.83977e-10      #dY:8.1%   
  5.00e-4         8.93518e-9      7.22184e-10      #dY:8.1%   
  5.50e-4         9.38621e-9      7.58638e-10      #dY:8.1%   
  6.00e-4         9.81847e-9      7.93576e-10      #dY:8.1%   
  6.50e-4         1.02342e-8      8.27177e-10      #dY:8.1%   
  7.00e-4         1.06354e-8      8.59604e-10      #dY:8.1%   
  7.50e-4         1.10236e-8      8.9098e-10       #dY:8.1%   
  8.50e-4         1.17655e-8      9.50944e-10      #dY:8.1%   
  9.50e-4         1.24683e-8      1.00775e-9       #dY:8.1%   
  1.00e-3         1.28068e-8      1.03511e-9       #dY:8.1%   
  1.125e-3        1.350675e-8     1.07204e-9       #dY:7.9%   
  1.25e-3         1.424495e-8     1.13063e-9       #dY:7.9%   
  1.375e-3        1.50235e-8      1.19243e-9       #dY:7.9%   
  1.50e-3         1.58446e-8      1.2576e-9        #dY:7.9%   
  1.75e-3         1.709774e-8     1.35706e-9       #dY:7.9%   
  2.00e-3         1.845e-8        1.46439e-9       #dY:7.9%   
  2.25e-3         1.957985e-8     1.55407e-9       #dY:7.9%   
  2.50e-3         2.07789e-8      1.64924e-9       #dY:7.9%   
  2.75e-3         2.181926e-8     1.73181e-9       #dY:7.9%   
  3.00e-3         2.29117e-8      1.81852e-9       #dY:7.9%   
  3.50e-3         2.48953e-8      1.88623e-9       #dY:7.6%   
  4.00e-3         2.67608e-8      2.02758e-9       #dY:7.6%   
  4.50e-3         2.85291e-8      2.16155e-9       #dY:7.6%   
  5.00e-3         3.02167e-8      2.28942e-9       #dY:7.6%   
  5.50e-3         3.18348e-8      2.41202e-9       #dY:7.6%   
  6.00e-3         3.33924e-8      2.53003e-9       #dY:7.6%   
  6.50e-3         3.48968e-8      2.64401e-9       #dY:7.6%   
  7.00e-3         3.63544e-8      2.75445e-9       #dY:7.6%   
  7.50e-3         3.77698e-8      2.86169e-9       #dY:7.6%   
  8.00e-3         3.9147e-8       2.96604e-9       #dY:7.6%   
  9.00e-3         4.17996e-8      3.16701e-9       #dY:7.6%   
  0.01            4.43345e-8      3.35908e-9       #dY:7.6%   
  0.01125         4.69439e-8      3.34418e-9       #dY:7.1%   
  0.0125          4.970689e-8     3.541e-9         #dY:7.1%   
  0.01375         5.26325e-8      3.74942e-9       #dY:7.1%   
  0.015           5.57303e-8      3.9701e-9        #dY:7.1%   
  0.0175          6.050216e-8     4.31003e-9       #dY:7.1%   
  0.02            6.56826e-8      4.67908e-9       #dY:7.1%   
  0.0225          7.004161e-8     4.9896e-9        #dY:7.1%   
  0.025           7.46899e-8      5.32074e-9       #dY:7.1%   
  0.0275          7.873719e-8     5.60906e-9       #dY:7.1%   
  0.03            8.30038e-8      5.913e-9         #dY:7.1%   
  0.0325          8.68052e-8      5.52485e-9       #dY:6.4%   
  0.035           9.07807e-8      5.77788e-9       #dY:6.4%   
  0.04            9.81204e-8      6.24503e-9       #dY:6.4%   
  0.045           1.05091e-7      6.68868e-9       #dY:6.4%   
  0.05            1.11745e-7      7.11219e-9       #dY:6.4%   
  0.055           1.18116e-7      7.51768e-9       #dY:6.4%   
  0.06            1.24235e-7      7.90713e-9       #dY:6.4%   
  0.065           1.30126e-7      8.28207e-9       #dY:6.4%   
  0.07            1.35809e-7      8.64378e-9       #dY:6.4%   
  0.075           1.4131e-7       8.9939e-9        #dY:6.4%   
  0.08            1.46633e-7      9.33269e-9       #dY:6.4%   
  0.085           1.51795e-7      9.66123e-9       #dY:6.4%   
  0.095           1.61667e-7      1.02895e-8       #dY:6.4%   
  0.1             1.66397e-7      1.05906e-8       #dY:6.4%   
  0.1125          1.758399e-7     9.69027e-9       #dY:5.5%   
  0.125           1.858186e-7     1.02402e-8       #dY:5.5%   
  0.1375          1.963636e-7     1.08213e-8       #dY:5.5%   
  0.15            2.07507e-7      1.14354e-8       #dY:5.5%   
  0.175           2.230732e-7     1.35004e-8       #dY:6.1%   
  0.2             2.39807e-7      1.45132e-8       #dY:6.1%   
  0.225           2.523557e-7     1.52726e-8       #dY:6.1%   
  0.25            2.65561e-7      1.60718e-8       #dY:6.1%   
  0.3             2.86203e-7      1.7321e-8        #dY:6.1%   
  0.35            3.02739e-7      1.56102e-8       #dY:5.2%   
  0.4             3.15885e-7      1.62881e-8       #dY:5.2%   
  0.45            3.26224e-7      1.68212e-8       #dY:5.2%   
  0.5             3.34229e-7      1.66186e-8       #dY:5.0%   
  0.55            3.40252e-7      1.69181e-8       #dY:5.0%   
  0.6             3.44641e-7      1.71363e-8       #dY:5.0%   
  0.65            3.47524e-7      1.63716e-8       #dY:4.7%   
  0.7             3.48977e-7      1.644e-8         #dY:4.7%   
  0.75            3.49423e-7      1.64611e-8       #dY:4.7%   
  0.8             3.49015e-7      1.54178e-8       #dY:4.4%   
  0.85            3.47726e-7      1.53608e-8       #dY:4.4%   
  0.9             3.45689e-7      1.52709e-8       #dY:4.4%   
  1               3.395e-7        1.3996e-8        #dY:4.1%   
  1.25            3.125259e-7     1.10792e-8       #dY:3.5%   
  1.5             2.87695e-7      9.24803e-9       #dY:3.2%   
  1.625           2.698558e-7     7.66819e-9       #dY:2.8%   
  1.75            2.531227e-7     6.23833e-9       #dY:2.5%   
  1.875           2.374272e-7     4.99366e-9       #dY:2.1%   
  2               2.22705e-7      3.82713e-9       #dY:1.7%   
  2.125           2.085953e-7     2.79381e-9       #dY:1.3%   
  2.25            1.953796e-7     2.6168e-9        #dY:1.3%   
  2.375           1.830012e-7     1.78932e-9       #dY:1.0%   
  2.5             1.71407e-7      1.26189e-9       #dY:0.7%   
  2.625           1.600424e-7     1.21903e-9       #dY:0.8%   
  2.75            1.494313e-7     1.57662e-9       #dY:1.1%   
  2.875           1.395237e-7     2.05727e-9       #dY:1.5%   
  3               1.30273e-7      1.92087e-9       #dY:1.5%   
  3.125           1.217737e-7     2.3826e-9        #dY:2.0%   
  3.25            1.138288e-7     2.79653e-9       #dY:2.5%   
  3.375           1.064024e-7     3.17167e-9       #dY:3.0%   
  3.5             9.94604e-8      3.49139e-9       #dY:3.5%   
  3.625           9.306661e-8     3.76621e-9       #dY:4.0%   
  3.75            8.708385e-8     3.5241e-9        #dY:4.0%   
  3.875           8.148569e-8     3.73501e-9       #dY:4.6%   
  4               7.62474e-8      3.90459e-9       #dY:5.1%   
  4.125           7.128418e-8     4.03723e-9       #dY:5.7%   
  4.25            6.664403e-8     4.14172e-9       #dY:6.2%   
  4.375           6.230592e-8     4.21542e-9       #dY:6.8%   
  4.5             5.82502e-8      3.94102e-9       #dY:6.8%   
  4.625           5.44139e-8      3.97778e-9       #dY:7.3%   
  4.75            5.083025e-8     4.00063e-9       #dY:7.9%   
  4.875           4.748262e-8     4.00175e-9       #dY:8.4%   
  5               4.435545e-8     3.98222e-9       #dY:9.0%   
  5.125           4.143425e-8     3.95358e-9       #dY:9.5%   
  5.25            3.870542e-8     3.6932e-9        #dY:9.5%   
  5.375           3.615632e-8     3.64795e-9       #dY:10.1%  
  5.5             3.37751e-8      3.59303e-9       #dY:10.6%  
  5.625           3.158077e-8     3.53476e-9       #dY:11.2%  
  5.75            2.9529e-8       3.46318e-9       #dY:11.7%  
  5.875           2.761053e-8     3.38802e-9       #dY:12.3%  
  6               2.58167e-8      3.16791e-9       #dY:12.3%  
  6.125           2.418612e-8     3.1049e-9        #dY:12.8%  
  6.25            2.265853e-8     3.00902e-9       #dY:13.3%  
  6.375           2.122742e-8     2.9127e-9        #dY:13.7%  
  6.5             1.98867e-8      2.84285e-9       #dY:14.3%  
  6.625           1.868476e-8     2.75688e-9       #dY:14.8%  
  6.75            1.755546e-8     2.59025e-9       #dY:14.8%  
  6.875           1.649441e-8     2.48537e-9       #dY:15.1%  
  7               1.54975e-8      2.40501e-9       #dY:15.5%  
  7.125           1.461219e-8     2.31705e-9       #dY:15.9%  
  7.25            1.377745e-8     2.22799e-9       #dY:16.2%  
  7.375           1.299039e-8     2.14145e-9       #dY:16.5%  
  7.5             1.22483e-8      2.01911e-9       #dY:16.5%  
  7.625           1.158992e-8     1.9481e-9        #dY:16.8%  
  7.75            1.096693e-8     1.86297e-9       #dY:17.0%  
  7.875           1.037743e-8     1.78188e-9       #dY:17.2%  
  8               9.81961e-9      1.70425e-9       #dY:17.4%  
  8.125           9.323492e-9     1.63232e-9       #dY:17.5%  
  8.25            8.85244e-9      1.54985e-9       #dY:17.5%  
  8.375           8.405187e-9     1.46911e-9       #dY:17.5%  
  8.5             7.98053e-9      1.40799e-9       #dY:17.6%  
  8.625           7.60427e-9      1.33539e-9       #dY:17.6%  
  8.75            7.245749e-9     1.27443e-9       #dY:17.6%  
  8.875           6.904131e-9     1.20727e-9       #dY:17.5%  
  9               6.57862e-9      1.15035e-9       #dY:17.5%  
  9.125           6.289297e-9     1.0988e-9        #dY:17.5%  
  9.25            6.012698e-9     1.04041e-9       #dY:17.3%  
  9.375           5.748264e-9     9.87952e-10      #dY:17.2%  
  9.5             5.49546e-9      9.30629e-10      #dY:16.9%  
  9.75            5.051252e-9     8.46646e-10      #dY:16.8%  
  10              4.64295e-9      7.5517e-10       #dY:16.3%  
  10.25           4.295264e-9     6.7987e-10       #dY:15.8%  
  10.5            3.973614e-9     6.14786e-10      #dY:15.5%  
  10.75           3.67605e-9      5.45311e-10      #dY:14.8%  
  11              3.40077e-9      4.93995e-10      #dY:14.5%  
  11.25           3.158601e-9     4.38594e-10      #dY:13.9%  
  11.5            2.933678e-9     3.86168e-10      #dY:13.2%  
  11.75           2.724771e-9     3.40462e-10      #dY:12.5%  
  12              2.53074e-9      3.07914e-10      #dY:12.2%  
  12.25           2.348348e-9     2.70596e-10      #dY:11.5%  
  12.5            2.1791e-9       2.44408e-10      #dY:11.2%  
  12.75           2.022051e-9     2.14433e-10      #dY:10.6%  
  13              1.87632e-9      1.87852e-10      #dY:10.0%  
  13.0625         1.776613e-9     1.77869e-10      #dY:10.0%  
  13.125          1.682204e-9     1.65898e-10      #dY:9.9%   
  13.1875         1.592812e-9     1.57082e-10      #dY:9.9%   
  13.25           1.508171e-9     1.55225e-10      #dY:10.3%  
  13.3125         1.428027e-9     1.46976e-10      #dY:10.3%  
  13.375          1.352142e-9     1.39166e-10      #dY:10.3%  
  13.4375         1.28029e-9      1.39581e-10      #dY:10.9%  
  13.5            1.212256e-9     1.32164e-10      #dY:10.9%  
  13.5625         1.147837e-9     1.3248e-10       #dY:11.5%  
  13.625          1.086841e-9     1.2544e-10       #dY:11.5%  
  13.6875         1.029087e-9     1.18774e-10      #dY:11.5%  
  13.75           9.74401e-10     1.18793e-10      #dY:12.2%  
  13.8125         9.22622e-10     1.18998e-10      #dY:12.9%  
  13.875          8.73594e-10     1.12675e-10      #dY:12.9%  
  13.9375         8.27172e-10     1.06687e-10      #dY:12.9%  
  14              7.83216e-10     1.01018e-10      #dY:12.9%  
  14.03125        7.33224e-10     1.0005e-10       #dY:13.6%  
  14.0625         6.86422e-10     9.3664e-11       #dY:13.6%  
  14.09375        6.42608e-10     8.76855e-11      #dY:13.6%  
  14.125          6.01591e-10     9.21839e-11      #dY:15.3%  
  14.15625        5.63192e-10     8.62999e-11      #dY:15.3%  
  14.1875         5.27243e-10     8.07913e-11      #dY:15.3%  
  14.21875        4.9359e-10      7.56345e-11      #dY:15.3%  
  14.25           4.62084e-10     7.08067e-11      #dY:15.3%  
  14.28125        4.32589e-10     6.62871e-11      #dY:15.3%  
  14.3125         4.04977e-10     7.86179e-11      #dY:19.4%  
  14.34375        3.79128e-10     7.35999e-11      #dY:19.4%  
  14.375          3.54928e-10     6.89019e-11      #dY:19.4%  
  14.40625        3.32273e-10     8.24476e-11      #dY:24.8%  
  14.4375         3.11064e-10     7.7185e-11       #dY:24.8%  
  14.46875        2.91209e-10     7.22583e-11      #dY:24.8%  
  14.5            2.72622e-10     6.76463e-11      #dY:24.8%  
  14.53125        2.5522e-10      6.33283e-11      #dY:24.8%  
  14.5625         2.3893e-10      5.92862e-11      #dY:24.8%  
  14.59375        2.23679e-10     5.5502e-11       #dY:24.8%  
  14.625          2.09402e-10     6.57874e-11      #dY:31.4%  
  14.65625        1.96035e-10     6.15879e-11      #dY:31.4%  
  14.6875         1.83523e-10     5.7657e-11       #dY:31.4%  
  14.71875        1.71808e-10     6.89513e-11      #dY:40.1%  
  14.75           1.60842e-10     6.45503e-11      #dY:40.1%  
  14.78125        1.50576e-10     6.04303e-11      #dY:40.1%  
  14.8125         1.40964e-10     5.65727e-11      #dY:40.1%  
  14.84375        1.31967e-10     5.2962e-11       #dY:40.1%  
  14.875          1.23543e-10     4.95812e-11      #dY:40.1%  
  14.90625        1.15658e-10     5.87381e-11      #dY:50.8%  
  14.9375         1.08275e-10     5.49886e-11      #dY:50.8%  
  14.96875        1.01364e-10     5.14788e-11      #dY:50.8%  
  15              9.4894e-11      4.81929e-11      #dY:50.8%  
  15.07812        9.04128e-11     5.86299e-11      #dY:64.8%  
  15.15625        8.61432e-11     5.58612e-11      #dY:64.8%  
  15.23438        8.20752e-11     5.83904e-11      #dY:71.1%  
  15.3125         7.81994e-11     5.65855e-11      #dY:72.4%  
  15.39062        7.45066e-11     5.39134e-11      #dY:72.4%  
  15.46875        7.09881e-11     5.13674e-11      #dY:72.4%  
  15.54688        6.76358e-11     4.96273e-11      #dY:73.4%  
  15.625          6.44418e-11     4.80657e-11      #dY:74.6%  
  15.70312        6.13987e-11     4.57959e-11      #dY:74.6%  
  15.78125        5.84992e-11     4.36332e-11      #dY:74.6%  
  15.85938        5.57367e-11     4.22123e-11      #dY:75.7%  
  15.9375         5.31046e-11     4.08636e-11      #dY:76.9%  
  16.01562        5.05969e-11     3.89339e-11      #dY:76.9%  
  16.09375        4.82075e-11     3.70953e-11      #dY:76.9%  
  16.17188        4.5931e-11      3.58086e-11      #dY:78.0%  
  16.25           4.3762e-11      3.46498e-11      #dY:79.2%  
  16.32812        4.16954e-11     3.30135e-11      #dY:79.2%  
  16.40625        3.97264e-11     3.1908e-11       #dY:80.3%  
  16.48438        3.78504e-11     3.04012e-11      #dY:80.3%  
  16.5625         3.6063e-11      2.94057e-11      #dY:81.5%  
  16.64062        3.436e-11       2.80171e-11      #dY:81.5%  
  16.71875        3.27374e-11     2.70662e-11      #dY:82.7%  
  16.79688        3.11914e-11     2.5788e-11       #dY:82.7%  
  16.875          2.97185e-11     2.49329e-11      #dY:83.9%  
  16.95312        2.8315e-11      2.37554e-11      #dY:83.9%  
  17.03125        2.69779e-11     2.29399e-11      #dY:85.0%  
  17.10938        2.57039e-11     2.21693e-11      #dY:86.2%  
  17.1875         2.44901e-11     2.11224e-11      #dY:86.2%  
  17.26562        2.33336e-11     2.0125e-11       #dY:86.2%  
  17.34375        2.22317e-11     1.94266e-11      #dY:87.4%  
  17.42188        2.11819e-11     1.87951e-11      #dY:88.7%  
  17.5            2.01816e-11     1.79075e-11      #dY:88.7%  
  17.57812        1.92285e-11     1.70618e-11      #dY:88.7%  
  17.65625        1.83205e-11     1.64642e-11      #dY:89.9%  
  17.73438        1.74554e-11     1.58982e-11      #dY:91.1%  
  17.8125         1.66311e-11     1.51474e-11      #dY:91.1%  
  17.89062        1.58457e-11     1.44321e-11      #dY:91.1%  
  17.96875        1.50974e-11     1.39209e-11      #dY:92.2%  
  18.04688        1.43845e-11     1.34573e-11      #dY:93.6%  
  18.125          1.37052e-11     1.28218e-11      #dY:93.6%  
  18.20312        1.3058e-11      1.2363e-11       #dY:94.7%  
  18.28125        1.24413e-11     1.17791e-11      #dY:94.7%  
  18.35938        1.18538e-11     1.13671e-11      #dY:95.9%  
  18.4375         1.1294e-11      1.08303e-11      #dY:95.9%  
  18.51562        1.07607e-11     1.04534e-11      #dY:97.1%  
  18.59375        1.02525e-11     9.95967e-12      #dY:97.1%  
  18.67188        9.76838e-12     9.60781e-12      #dY:98.4%  
  18.75           9.30708e-12     9.15409e-12      #dY:98.4%  
  18.82812        8.86757e-12     8.82066e-12      #dY:99.5%  
  18.90625        8.44882e-12     8.518e-12        #dY:100.8% 
  18.98438        8.04984e-12     8.11575e-12      #dY:100.8% 
  19.0625         7.6697e-12      7.7325e-12       #dY:100.8% 
  19.14062        7.30751e-12     7.44829e-12      #dY:101.9% 
  19.21875        6.96242e-12     7.18996e-12      #dY:103.3% 
  19.29688        6.63364e-12     6.85043e-12      #dY:103.3% 
  19.375          6.32037e-12     6.52693e-12      #dY:103.3% 
  19.45312        6.0219e-12      6.29341e-12      #dY:104.5% 
  19.53125        5.73753e-12     6.06495e-12      #dY:105.7% 
  19.60938        5.46659e-12     5.77855e-12      #dY:105.7% 
  19.6875         5.20844e-12     5.50567e-12      #dY:105.7% 
  19.76562        4.96248e-12     5.30714e-12      #dY:106.9% 
  19.84375        4.72813e-12     5.11959e-12      #dY:108.3% 
  19.92188        4.50485e-12     4.87783e-12      #dY:108.3% 
  20              4.29212e-12     4.64748e-12      #dY:108.3% 
  21              0.00            0.00                        
//
#-------------------------------------------------------------------------------
#
#name:   JENDL-5: PU-239(N,F) E_in=20.001 MeV
#X.axis: Energy
#Y.axis: 
#wdata:  2
#ldata:  712
#data...
# X               Y              
# MeV             1/eV           
  0.00            0.00            
  1.00e-8         1.15428e-10     
  1.25e-8         1.25875e-10     
  1.50e-8         1.37268e-10     
  1.75e-8         1.49692e-10     
  2.00e-8         1.63241e-10     
  2.25e-8         1.71728e-10     
  2.50e-8         1.80656e-10     
  2.75e-8         1.90048e-10     
  3.00e-8         1.99928e-10     
  3.50e-8         2.14836e-10     
  4.00e-8         2.30856e-10     
  4.50e-8         2.44101e-10     
  5.00e-8         2.58106e-10     
  5.50e-8         2.70142e-10     
  6.00e-8         2.8274e-10      
  7.00e-8         3.05394e-10     
  8.00e-8         3.2648e-10      
  9.00e-8         3.45211e-10     
  1.00e-7         3.65016e-10     
  1.125e-7        3.83993e-10     
  1.25e-7         4.03957e-10     
  1.375e-7        4.24958e-10     
  1.50e-7         4.47052e-10     
  1.75e-7         4.80389e-10     
  2.00e-7         5.16212e-10     
  2.25e-7         5.45827e-10     
  2.50e-7         5.77142e-10     
  2.75e-7         6.04057e-10     
  3.00e-7         6.32228e-10     
  3.50e-7         6.82884e-10     
  4.00e-7         7.30032e-10     
  4.50e-7         7.74316e-10     
  5.00e-7         8.16202e-10     
  5.50e-7         8.5604e-10      
  6.00e-7         8.94104e-10     
  6.50e-7         9.30614e-10     
  7.00e-7         9.65742e-10     
  7.50e-7         9.9964e-10      
  8.00e-7         1.03242e-9      
  8.50e-7         1.0642e-9       
  9.00e-7         1.09505e-9      
  9.50e-7         1.12506e-9      
  1.00e-6         1.15428e-9      
  1.125e-6        1.214291e-9     
  1.25e-6         1.277421e-9     
  1.375e-6        1.343834e-9     
  1.50e-6         1.4137e-9       
  1.75e-6         1.519119e-9     
  2.00e-6         1.6324e-9       
  2.25e-6         1.726053e-9     
  2.50e-6         1.82508e-9      
  2.75e-6         1.91019e-9      
  3.00e-6         1.99927e-9      
  3.50e-6         2.15946e-9      
  4.00e-6         2.30856e-9      
  4.50e-6         2.4486e-9       
  5.00e-6         2.58105e-9      
  5.50e-6         2.70702e-9      
  6.00e-6         2.82739e-9      
  6.50e-6         2.94284e-9      
  7.00e-6         3.05393e-9      
  7.50e-6         3.16112e-9      
  8.00e-6         3.26479e-9      
  8.50e-6         3.36526e-9      
  9.00e-6         3.46282e-9      
  9.50e-6         3.55771e-9      
  1.00e-5         3.65013e-9      
  1.125e-5        3.839895e-9     
  1.25e-5         4.039525e-9     
  1.375e-5        4.249533e-9     
  1.50e-5         4.47046e-9      
  1.75e-5         4.803811e-9     
  2.00e-5         5.16202e-9      
  2.25e-5         5.458156e-9     
  2.50e-5         5.77128e-9      
  2.75e-5         6.04041e-9      
  3.00e-5         6.32209e-9      
  3.50e-5         6.8286e-9       
  4.00e-5         7.30005e-9      
  4.50e-5         7.74283e-9      
  5.00e-5         8.16162e-9      
  5.50e-5         8.55994e-9      
  6.00e-5         8.94052e-9      
  6.50e-5         9.30554e-9      
  7.00e-5         9.65676e-9      
  7.50e-5         9.99565e-9      
  8.00e-5         1.03234e-8      
  8.50e-5         1.06411e-8      
  9.00e-5         1.09495e-8      
  9.50e-5         1.12495e-8      
  1.00e-4         1.15417e-8      
  1.125e-4        1.214159e-8     
  1.25e-4         1.277266e-8     
  1.375e-4        1.343653e-8     
  1.50e-4         1.41349e-8      
  1.75e-4         1.518858e-8     
  2.00e-4         1.63208e-8      
  2.25e-4         1.725672e-8     
  2.50e-4         1.82463e-8      
  2.75e-4         1.909673e-8     
  3.00e-4         1.99868e-8      
  3.50e-4         2.15871e-8      
  4.00e-4         2.30765e-8      
  4.50e-4         2.44751e-8      
  5.00e-4         2.57977e-8      
  5.50e-4         2.70555e-8      
  6.00e-4         2.82571e-8      
  6.50e-4         2.94095e-8      
  7.00e-4         3.05181e-8      
  7.50e-4         3.15877e-8      
  8.00e-4         3.2622e-8       
  8.50e-4         3.36243e-8      
  9.00e-4         3.45974e-8      
  9.50e-4         3.55437e-8      
  1.00e-3         3.64652e-8      
  1.125e-3        3.83562e-8      
  1.25e-3         4.034527e-8     
  1.375e-3        4.243749e-8     
  1.50e-3         4.46382e-8      
  1.75e-3         4.795488e-8     
  2.00e-3         5.1518e-8       
  2.25e-3         5.446004e-8     
  2.50e-3         5.75701e-8      
  2.75e-3         6.023985e-8     
  3.00e-3         6.30334e-8      
  3.50e-3         6.80498e-8      
  4.00e-3         7.2712e-8       
  4.50e-3         7.70841e-8      
  5.00e-3         8.12132e-8      
  5.50e-3         8.51345e-8      
  6.00e-3         8.88757e-8      
  6.50e-3         9.24585e-8      
  7.00e-3         9.59007e-8      
  7.50e-3         9.92171e-8      
  8.00e-3         1.0242e-7       
  8.50e-3         1.05519e-7      
  9.00e-3         1.08524e-7      
  9.50e-3         1.11442e-7      
  0.01            1.1428e-7       
  0.01125         1.200712e-7     
  0.0125          1.261559e-7     
  0.01375         1.32549e-7      
  0.015           1.39266e-7      
  0.0175          1.492772e-7     
  0.02            1.60008e-7      
  0.0225          1.687654e-7     
  0.025           1.78002e-7      
  0.03            1.94019e-7      
  0.035           2.0852e-7       
  0.04            2.21805e-7      
  0.045           2.34086e-7      
  0.05            2.45518e-7      
  0.055           2.56217e-7      
  0.06            2.66275e-7      
  0.065           2.75766e-7      
  0.07            2.84749e-7      
  0.075           2.93273e-7      
  0.08            3.0138e-7       
  0.085           3.09106e-7      
  0.09            3.16481e-7      
  0.095           3.23532e-7      
  0.1             3.30281e-7      
  0.125           3.564915e-7     
  0.15            3.84782e-7      
  0.175           4.032665e-7     
  0.2             4.22639e-7      
  0.25            4.49479e-7      
  0.3             4.68366e-7      
  0.35            4.8122e-7       
  0.4             4.89356e-7      
  0.45            4.93727e-7      
  0.5             4.95052e-7      
  0.6             4.86537e-7      
  0.7             4.78022e-7      
  0.8             4.59045e-7      
  0.9             4.40058e-7      
  1               4.17432e-7      
  1.1             3.94805e-7      
  1.2             3.71744e-7      
  1.3             3.48683e-7      
  1.4             3.26711e-7      
  1.5             3.0474e-7       
  1.6             2.84537e-7      
  1.7             2.64343e-7      
  1.8             2.46182e-7      
  1.9             2.28012e-7      
  2               2.11918e-7      
  2.1             1.95816e-7      
  2.2             1.81695e-7      
  2.3             1.67575e-7      
  2.4             1.55275e-7      
  2.5             1.42983e-7      
  2.6             1.32342e-7      
  2.7             1.217e-7        
  2.8             1.1253e-7       
  2.9             1.03326e-7      
  3               9.54581e-8      
  3.1             8.75983e-8      
  3.2             8.08545e-8      
  3.3             7.41276e-8      
  3.4             6.8385e-8       
  3.5             6.26432e-8      
  3.6             5.77487e-8      
  3.7             5.28584e-8      
  3.8             4.87013e-8      
  3.9             4.45443e-8      
  4               4.10159e-8      
  4.05            3.921198e-8     
  4.1             3.74874e-8      
  4.2             3.44983e-8      
  4.25            3.296942e-8     
  4.3             3.15083e-8      
  4.4             2.89751e-8      
  4.45            2.768137e-8     
  4.5             2.64454e-8      
  4.6             2.43086e-8      
  4.65            2.321516e-8     
  4.7             2.21709e-8      
  4.8             2.03667e-8      
  4.85            1.944416e-8     
  4.9             1.85634e-8      
  5               1.70416e-8      
  5.05            1.62638e-8      
  5.1             1.55215e-8      
  5.2             1.42422e-8      
  5.25            1.358745e-8     
  5.3             1.29628e-8      
  5.4             1.18859e-8      
  5.45            1.133556e-8     
  5.5             1.08107e-8      
  5.6             9.90733e-9      
  5.65            9.444851e-9     
  5.7             9.00396e-9      
  5.8             8.2457e-9       
  5.85            7.857927e-9     
  5.9             7.48839e-9      
  6               6.85339e-9      
  6.05            6.52862e-9      
  6.1             6.21924e-9      
  6.2             5.6887e-9       
  6.25            5.416981e-9     
  6.3             5.15824e-9      
  6.35            4.931052e-9     
  6.4             4.71387e-9      
  6.45            4.486948e-9     
  6.5             4.27095e-9      
  6.55            4.081702e-9     
  6.6             3.90084e-9      
  6.65            3.711573e-9     
  6.7             3.53149e-9      
  6.75            3.373925e-9     
  6.8             3.22339e-9      
  6.85            3.065829e-9     
  6.9             2.91597e-9      
  6.95            2.784878e-9     
  7               2.65968e-9      
  7.05            2.528642e-9     
  7.1             2.40406e-9      
  7.15            2.295137e-9     
  7.2             2.19115e-9      
  7.25            2.082328e-9     
  7.3             1.97891e-9      
  7.35            1.888688e-9     
  7.4             1.80258e-9      
  7.45            1.712368e-9     
  7.5             1.62667e-9      
  7.55            1.551792e-9     
  7.6             1.48036e-9      
  7.65            1.405613e-9     
  7.7             1.33464e-9      
  7.75            1.272949e-9     
  7.8             1.21411e-9      
  7.85            1.152402e-9     
  7.9             1.09383e-9      
  7.95            1.042792e-9     
  8               9.94136e-10     
  8.05            9.43196e-10     
  8.1             8.94866e-10     
  8.15            8.52702e-10     
  8.2             8.12524e-10     
  8.25            7.70546e-10     
  8.3             7.30736e-10     
  8.35            6.95987e-10     
  8.4             6.6289e-10      
  8.45            6.2837e-10      
  8.5             5.95648e-10     
  8.55            5.67222e-10     
  8.6             5.40152e-10     
  8.65            5.11809e-10     
  8.7             4.84954e-10     
  8.75            4.61653e-10     
  8.8             4.39472e-10     
  8.85            4.16212e-10     
  8.9             3.94184e-10     
  8.95            3.74968e-10     
  9               3.56688e-10     
  9.05            3.37653e-10     
  9.1             3.19634e-10     
  9.15            3.04022e-10     
  9.2             2.89172e-10     
  9.25            2.7363e-10      
  9.3             2.58924e-10     
  9.35            2.46147e-10     
  9.4             2.34e-10        
  9.45            2.21318e-10     
  9.5             2.09324e-10     
  9.55            1.98913e-10     
  9.6             1.89019e-10     
  9.65            1.78705e-10     
  9.7             1.68953e-10     
  9.75            1.60476e-10     
  9.8             1.52425e-10     
  9.85            1.44046e-10     
  9.9             1.36127e-10     
  9.95            1.29246e-10     
  10              1.22712e-10     
  10.05           1.15915e-10     
  10.1            1.09494e-10     
  10.15           1.03952e-10     
  10.2            9.86904e-11     
  10.25           9.31865e-11     
  10.3            8.79896e-11     
  10.35           8.34985e-11     
  10.4            7.92366e-11     
  10.45           7.47875e-11     
  10.5            7.05882e-11     
  10.55           6.69682e-11     
  10.6            6.35338e-11     
  10.65           5.99376e-11     
  10.7            5.6545e-11      
  10.75           5.35789e-11     
  10.8            5.07684e-11     
  10.85           4.78795e-11     
  10.9            4.5155e-11      
  10.95           4.2776e-11      
  11              4.05224e-11     
  11.05           3.81981e-11     
  11.1            3.60072e-11     
  11.15           3.41169e-11     
  11.2            3.23258e-11     
  11.25           3.04569e-11     
  11.3            2.8696e-11      
  11.35           2.71726e-11     
  11.4            2.573e-11       
  11.45           2.42304e-11     
  11.5            2.28182e-11     
  11.55           2.16192e-11     
  11.6            2.04832e-11     
  11.65           1.92863e-11     
  11.7            1.81593e-11     
  11.75           1.71865e-11     
  11.8            1.62658e-11     
  11.85           1.53069e-11     
  11.9            1.44046e-11     
  11.95           1.36342e-11     
  12              1.2905e-11      
  12.05           1.21388e-11     
  12.1            1.14181e-11     
  12.15           1.07896e-11     
  12.2            1.01957e-11     
  12.25           9.5872e-12      
  12.3            9.01502e-12     
  12.35           8.51587e-12     
  12.4            8.04436e-12     
  12.45           7.56105e-12     
  12.5            7.10678e-12     
  12.55           6.71877e-12     
  12.6            6.35194e-12     
  12.65           5.96828e-12     
  12.7            5.6078e-12      
  12.75           5.29925e-12     
  12.8            5.00768e-12     
  12.85           4.70135e-12     
  12.9            4.41376e-12     
  12.95           4.1687e-12      
  13              3.93724e-12     
  13.05           3.69701e-12     
  13.1            3.47144e-12     
  13.15           3.27941e-12     
  13.2            3.098e-12       
  13.25           2.90769e-12     
  13.3            2.72908e-12     
  13.35           2.578e-12       
  13.4            2.43528e-12     
  13.45           2.28411e-12     
  13.5            2.14232e-12     
  13.55           2.02135e-12     
  13.6            1.90721e-12     
  13.65           1.78801e-12     
  13.7            1.67626e-12     
  13.75           1.58091e-12     
  13.8            1.49099e-12     
  13.85           1.39606e-12     
  13.9            1.30717e-12     
  13.95           1.23243e-12     
  14              1.16197e-12     
  14.05           1.08745e-12     
  14.1            1.0177e-12      
  14.15           9.59286e-13     
  14.2            9.04224e-13     
  14.25           8.45986e-13     
  14.3            7.91498e-13     
  14.35           7.45688e-13     
  14.4            7.0253e-13      
  14.45           6.566e-13       
  14.5            6.13672e-13     
  14.55           5.77676e-13     
  14.6            5.43792e-13     
  14.65           5.0782e-13      
  14.7            4.74228e-13     
  14.75           4.46241e-13     
  14.8            4.19906e-13     
  14.85           3.91919e-13     
  14.9            3.65798e-13     
  14.95           3.43957e-13     
  15              3.2342e-13      
  15.05           3.01619e-13     
  15.1            2.81288e-13     
  15.15           2.64276e-13     
  15.2            2.48292e-13     
  15.25           2.31229e-13     
  15.3            2.15338e-13     
  15.35           2.02086e-13     
  15.4            1.89649e-13     
  15.45           1.76533e-13     
  15.5            1.64325e-13     
  15.55           1.54201e-13     
  15.6            1.44701e-13     
  15.65           1.34541e-13     
  15.7            1.25094e-13     
  15.75           1.17261e-13     
  15.8            1.09919e-13     
  15.85           1.02077e-13     
  15.9            9.47946e-14     
  15.95           8.88317e-14     
  16              8.32438e-14     
  16.05           7.72492e-14     
  16.1            7.16862e-14     
  16.15           6.71336e-14     
  16.2            6.28702e-14     
  16.25           5.82959e-14     
  16.3            5.40544e-14     
  16.35           5.00735e-14     
  16.4            4.63858e-14     
  16.45           4.29835e-14     
  16.5            3.98308e-14     
  16.55           3.72074e-14     
  16.6            3.47568e-14     
  16.65           3.21699e-14     
  16.7            2.97756e-14     
  16.75           2.7804e-14      
  16.8            2.5963e-14      
  16.85           2.39875e-14     
  16.9            2.21624e-14     
  16.95           2.06731e-14     
  17              1.92839e-14     
  17.05           1.77694e-14     
  17.1            1.63739e-14     
  17.15           1.51867e-14     
  17.2            1.40856e-14     
  17.25           1.28908e-14     
  17.3            1.17974e-14     
  17.35           1.09911e-14     
  17.4            1.02399e-14     
  17.45           9.43044e-15     
  17.5            8.68496e-15     
  17.55           8.08116e-15     
  17.6            7.51934e-15     
  17.65           6.91617e-15     
  17.7            6.36138e-15     
  17.75           5.9123e-15      
  17.8            5.49492e-15     
  17.85           5.04386e-15     
  17.9            4.62982e-15     
  17.95           4.29791e-15     
  18              3.9898e-15      
  18.025          3.76717e-15     
  18.05           3.55696e-15     
  18.075          3.35848e-15     
  18.1            3.17108e-15     
  18.15           2.94128e-15     
  18.2            2.72814e-15     
  18.25           2.49688e-15     
  18.3            2.28522e-15     
  18.35           2.11515e-15     
  18.4            1.95773e-15     
  18.425          1.87023e-15     
  18.45           1.78664e-15     
  18.475          1.70678e-15     
  18.5            1.6305e-15      
  18.55           1.5068e-15      
  18.6            1.39249e-15     
  18.625          1.32872e-15     
  18.65           1.26787e-15     
  18.675          1.2098e-15      
  18.7            1.1544e-15      
  18.75           1.06332e-15     
  18.8            9.7942e-16      
  18.825          9.34036e-16     
  18.85           8.90756e-16     
  18.875          8.49481e-16     
  18.9            8.10118e-16     
  18.95           7.41314e-16     
  19              6.78354e-16     
  19.025          6.42702e-16     
  19.05           6.08924e-16     
  19.075          5.76921e-16     
  19.1            5.466e-16       
  19.15           5.02529e-16     
  19.2            4.62012e-16     
  19.225          4.39236e-16     
  19.25           4.17583e-16     
  19.275          3.96997e-16     
  19.3            3.77426e-16     
  19.325          3.59588e-16     
  19.35           3.42593e-16     
  19.375          3.26401e-16     
  19.4            3.10974e-16     
  19.425          2.94223e-16     
  19.45           2.78374e-16     
  19.475          2.63379e-16     
  19.5            2.49192e-16     
  19.525          2.38083e-16     
  19.55           2.27469e-16     
  19.575          2.17329e-16     
  19.6            2.0764e-16      
  19.625          1.90538e-16     
  19.65           1.74844e-16     
  19.675          1.60443e-16     
  19.7            1.47228e-16     
  19.725          1.39992e-16     
  19.75           1.33111e-16     
  19.775          1.26569e-16     
  19.8            1.20348e-16     
  19.825          1.12978e-16     
  19.85           1.0606e-16      
  19.875          9.95647e-17     
  19.9            9.34676e-17     
  19.95           8.60002e-17     
  20              7.91294e-17     
  20.025          7.52727e-17     
  20.05           7.16041e-17     
  20.075          6.81142e-17     
  20.1            6.47944e-17     
  20.15           5.95202e-17     
  20.2            5.46754e-17     
  20.225          5.19483e-17     
  20.25           4.93571e-17     
  20.275          4.68953e-17     
  20.3            4.45562e-17     
  20.35           4.0847e-17      
  20.4            3.74466e-17     
  20.425          3.55267e-17     
  20.45           3.37053e-17     
  20.475          3.19773e-17     
  20.5            3.03378e-17     
  20.55           2.77449e-17     
  20.6            2.53736e-17     
  20.625          2.40294e-17     
  20.65           2.27564e-17     
  20.675          2.15509e-17     
  20.7            2.04092e-17     
  20.725          1.93645e-17     
  20.75           1.83734e-17     
  20.775          1.74329e-17     
  20.8            1.65406e-17     
  20.825          1.54748e-17     
  20.85           1.44776e-17     
  20.875          1.35447e-17     
  20.9            1.26719e-17     
  20.925          1.20717e-17     
  20.95           1.15e-17        
  20.975          1.09553e-17     
  21              1.04364e-17     
  21.025          9.82628e-18     
  21.05           9.25183e-18     
  21.075          8.71097e-18     
  21.1            8.20172e-18     
  21.125          7.81263e-18     
  21.15           7.442e-18       
  21.175          7.08896e-18     
  21.2            6.75266e-18     
  21.225          6.35696e-18     
  21.25           5.98444e-18     
  21.275          5.63376e-18     
  21.3            5.30362e-18     
  21.325          5.03852e-18     
  21.35           4.78667e-18     
  21.375          4.5474e-18      
  21.4            4.3201e-18      
  21.425          4.04992e-18     
  21.45           3.79664e-18     
  21.475          3.55919e-18     
  21.5            3.3366e-18      
  21.525          3.1724e-18      
  21.55           3.01627e-18     
  21.575          2.86783e-18     
  21.6            2.7267e-18      
  21.6125         2.55832e-18     
  21.625          2.40033e-18     
  21.6375         2.2521e-18      
  21.65           2.11303e-18     
  21.6625         1.98254e-18     
  21.675          1.86011e-18     
  21.6875         1.74524e-18     
  21.7            1.63747e-18     
  21.725          1.55551e-18     
  21.75           1.47766e-18     
  21.775          1.40371e-18     
  21.8            1.33345e-18     
  21.825          1.24989e-18     
  21.85           1.17157e-18     
  21.875          1.09816e-18     
  21.9            1.02935e-18     
  21.925          9.78085e-19     
  21.95           9.29374e-19     
  21.975          8.83088e-19     
  22              8.39108e-19     
  22.025          7.8686e-19      
  22.05           7.37865e-19     
  22.075          6.91921e-19     
  22.1            6.48838e-19     
  22.125          6.04833e-19     
  22.15           5.63813e-19     
  22.175          5.25575e-19     
  22.2            4.8993e-19      
  22.2125         4.66497e-19     
  22.225          4.44184e-19     
  22.2375         4.22938e-19     
  22.25           4.02709e-19     
  22.2625         3.83447e-19     
  22.275          3.65107e-19     
  22.2875         3.47644e-19     
  22.3            3.31016e-19     
  22.325          3.09346e-19     
  22.35           2.89096e-19     
  22.375          2.7017e-19      
  22.4            2.52484e-19     
  22.4125         2.40997e-19     
  22.425          2.30033e-19     
  22.4375         2.19567e-19     
  22.45           2.09578e-19     
  22.4625         2.00043e-19     
  22.475          1.90942e-19     
  22.4875         1.82255e-19     
  22.5            1.73963e-19     
  22.525          1.63991e-19     
  22.55           1.54591e-19     
  22.575          1.4573e-19      
  22.6            1.37377e-19     
  22.625          1.27145e-19     
  22.65           1.17676e-19     
  22.675          1.08912e-19     
  22.7            1.008e-19       
  22.725          9.50228e-20     
  22.75           8.95768e-20     
  22.775          8.44429e-20     
  22.8            7.96032e-20     
  22.825          7.36735e-20     
  22.85           6.81855e-20     
  22.875          6.31063e-20     
  22.9            5.84054e-20     
  22.925          5.50576e-20     
  22.95           5.19017e-20     
  22.975          4.89267e-20     
  23              4.61222e-20     
  23.025          4.26859e-20     
  23.05           3.95056e-20     
  23.075          3.65623e-20     
  23.1            3.38382e-20     
  23.125          3.18984e-20     
  23.15           3.00698e-20     
  23.175          2.8346e-20      
  23.2            2.6721e-20      
  23.225          2.473e-20       
  23.25           2.28873e-20     
  23.275          2.1182e-20      
  23.3            1.96037e-20     
  23.325          1.84797e-20     
  23.35           1.74201e-20     
  23.375          1.64213e-20     
  23.4            1.54798e-20     
  23.425          1.43262e-20     
  23.45           1.32585e-20     
  23.475          1.22704e-20     
  23.5            1.1356e-20      
  23.525          1.0705e-20      
  23.55           1.00913e-20     
  23.575          9.51274e-21     
  23.6            8.96738e-21     
  23.625          8.29903e-21     
  23.65           7.68049e-21     
  23.675          7.10805e-21     
  23.7            6.57828e-21     
  23.725          6.20106e-21     
  23.75           5.84547e-21     
  23.775          5.51028e-21     
  23.8            5.1943e-21      
  23.825          4.80713e-21     
  23.85           4.44881e-21     
  23.875          4.11721e-21     
  23.9            3.81032e-21     
  23.9125         3.49408e-21     
  23.925          3.20408e-21     
  23.9375         2.93816e-21     
  23.95           2.6943e-21      
  23.9625         2.47069e-21     
  23.975          2.26563e-21     
  23.9875         2.07759e-21     
  24              1.90516e-21     
  24.1            0.00            
//
#-------------------------------------------------------------------------------
#
#name:   JENDL-5: PU-239(N,F) E_in=30. MeV
#X.axis: Energy
#Y.axis: 
#wdata:  2
#ldata:  825
#data...
# X               Y              
# MeV             1/eV           
  0.00            0.00            
  1.00e-8         1.12808e-10     
  1.25e-8         1.23018e-10     
  1.50e-8         1.34152e-10     
  1.75e-8         1.46294e-10     
  2.00e-8         1.59535e-10     
  2.25e-8         1.67829e-10     
  2.50e-8         1.76555e-10     
  2.75e-8         1.85734e-10     
  3.00e-8         1.9539e-10      
  3.50e-8         2.0996e-10      
  4.00e-8         2.25616e-10     
  4.50e-8         2.3856e-10      
  5.00e-8         2.52246e-10     
  5.50e-8         2.6401e-10      
  6.00e-8         2.76322e-10     
  7.00e-8         2.98462e-10     
  8.00e-8         3.1907e-10      
  9.00e-8         3.37375e-10     
  1.00e-7         3.5673e-10      
  1.125e-7        3.75276e-10     
  1.25e-7         3.94787e-10     
  1.375e-7        4.15312e-10     
  1.50e-7         4.36904e-10     
  1.75e-7         4.69484e-10     
  2.00e-7         5.04494e-10     
  2.25e-7         5.33438e-10     
  2.50e-7         5.64042e-10     
  2.75e-7         5.90346e-10     
  3.00e-7         6.17876e-10     
  3.50e-7         6.67382e-10     
  4.00e-7         7.13462e-10     
  4.50e-7         7.5674e-10      
  5.00e-7         7.97674e-10     
  5.50e-7         8.36608e-10     
  6.00e-7         8.73808e-10     
  6.50e-7         9.0949e-10      
  7.00e-7         9.43822e-10     
  7.50e-7         9.76948e-10     
  8.00e-7         1.00899e-9      
  8.50e-7         1.04004e-9      
  9.00e-7         1.07019e-9      
  9.50e-7         1.09952e-9      
  1.00e-6         1.12808e-9      
  1.125e-6        1.186728e-9     
  1.25e-6         1.248426e-9     
  1.375e-6        1.313331e-9     
  1.50e-6         1.38161e-9      
  1.75e-6         1.484639e-9     
  2.00e-6         1.59535e-9      
  2.25e-6         1.686875e-9     
  2.50e-6         1.78365e-9      
  2.75e-6         1.86683e-9      
  3.00e-6         1.95389e-9      
  3.50e-6         2.11044e-9      
  4.00e-6         2.25616e-9      
  4.50e-6         2.39302e-9      
  5.00e-6         2.52246e-9      
  5.50e-6         2.64558e-9      
  6.00e-6         2.76321e-9      
  6.50e-6         2.87604e-9      
  7.00e-6         2.98461e-9      
  7.50e-6         3.08936e-9      
  8.00e-6         3.19068e-9      
  8.50e-6         3.28887e-9      
  9.00e-6         3.38422e-9      
  9.50e-6         3.47695e-9      
  1.00e-5         3.56728e-9      
  1.125e-5        3.752735e-9     
  1.25e-5         3.947832e-9     
  1.375e-5        4.153071e-9     
  1.50e-5         4.36898e-9      
  1.75e-5         4.694764e-9     
  2.00e-5         5.04484e-9      
  2.25e-5         5.334258e-9     
  2.50e-5         5.64028e-9      
  2.75e-5         5.903297e-9     
  3.00e-5         6.17858e-9      
  3.50e-5         6.6736e-9       
  4.00e-5         7.13434e-9      
  4.50e-5         7.56708e-9      
  5.00e-5         7.97636e-9      
  5.50e-5         8.36563e-9      
  6.00e-5         8.73757e-9      
  6.50e-5         9.09431e-9      
  7.00e-5         9.43756e-9      
  7.50e-5         9.76876e-9      
  8.00e-5         1.00891e-8      
  8.50e-5         1.03995e-8      
  9.00e-5         1.0701e-8       
  9.50e-5         1.09942e-8      
  1.00e-4         1.12797e-8      
  1.125e-4        1.186599e-8     
  1.25e-4         1.248274e-8     
  1.375e-4        1.313156e-8     
  1.50e-4         1.38141e-8      
  1.75e-4         1.484382e-8     
  2.00e-4         1.59503e-8      
  2.25e-4         1.686497e-8     
  2.50e-4         1.78321e-8      
  2.75e-4         1.866323e-8     
  3.00e-4         1.95331e-8      
  3.50e-4         2.10971e-8      
  4.00e-4         2.25527e-8      
  4.50e-4         2.39195e-8      
  5.00e-4         2.52121e-8      
  5.50e-4         2.64414e-8      
  6.00e-4         2.76157e-8      
  6.50e-4         2.87419e-8      
  7.00e-4         2.98254e-8      
  7.50e-4         3.08707e-8      
  8.00e-4         3.18815e-8      
  8.50e-4         3.28611e-8      
  9.00e-4         3.38121e-8      
  9.50e-4         3.47369e-8      
  1.00e-3         3.56375e-8      
  1.125e-3        3.748558e-8     
  1.25e-3         3.942951e-8     
  1.375e-3        4.147424e-8     
  1.50e-3         4.3625e-8       
  1.75e-3         4.686638e-8     
  2.00e-3         5.03486e-8      
  2.25e-3         5.322385e-8     
  2.50e-3         5.62633e-8      
  2.75e-3         5.887245e-8     
  3.00e-3         6.16026e-8      
  3.50e-3         6.65052e-8      
  4.00e-3         7.10615e-8      
  4.50e-3         7.53344e-8      
  5.00e-3         7.93697e-8      
  5.50e-3         8.3202e-8       
  6.00e-3         8.68583e-8      
  6.50e-3         9.03598e-8      
  7.00e-3         9.37239e-8      
  7.50e-3         9.69649e-8      
  8.00e-3         1.00095e-7      
  8.50e-3         1.03124e-7      
  9.00e-3         1.06061e-7      
  9.50e-3         1.08912e-7      
  0.01            1.11686e-7      
  0.01125         1.173456e-7     
  0.0125          1.23292e-7      
  0.01375         1.295397e-7     
  0.015           1.36104e-7      
  0.0175          1.458883e-7     
  0.02            1.56376e-7      
  0.0225          1.649348e-7     
  0.025           1.73962e-7      
  0.03            1.89615e-7      
  0.035           2.03786e-7      
  0.04            2.1677e-7       
  0.045           2.28773e-7      
  0.05            2.39945e-7      
  0.055           2.50401e-7      
  0.06            2.60231e-7      
  0.065           2.69506e-7      
  0.07            2.78285e-7      
  0.075           2.86616e-7      
  0.08            2.94539e-7      
  0.085           3.0209e-7       
  0.09            3.09297e-7      
  0.095           3.16188e-7      
  0.1             3.22784e-7      
  0.125           3.483996e-7     
  0.15            3.76048e-7      
  0.175           3.941126e-7     
  0.2             4.13045e-7      
  0.25            4.39276e-7      
  0.3             4.57734e-7      
  0.35            4.70297e-7      
  0.4             4.78248e-7      
  0.45            4.8252e-7       
  0.5             4.83815e-7      
  0.6             4.77236e-7      
  0.7             4.70657e-7      
  0.8             4.53326e-7      
  0.9             4.35114e-7      
  1               4.13399e-7      
  1.1             3.91685e-7      
  1.2             3.69481e-7      
  1.3             3.47231e-7      
  1.4             3.25888e-7      
  1.5             3.04546e-7      
  1.6             2.84801e-7      
  1.7             2.65055e-7      
  1.8             2.47234e-7      
  1.9             2.29503e-7      
  2               2.1366e-7       
  2.1             1.97816e-7      
  2.2             1.83788e-7      
  2.3             1.69859e-7      
  2.4             1.57708e-7      
  2.5             1.45558e-7      
  2.6             1.34932e-7      
  2.7             1.24307e-7      
  2.8             1.15124e-7      
  2.9             1.06022e-7      
  3               9.81277e-8      
  3.1             9.02414e-8      
  3.2             8.34031e-8      
  3.3             7.66365e-8      
  3.4             7.08572e-8      
  3.5             6.50779e-8      
  3.6             6.00835e-8      
  3.7             5.50981e-8      
  3.8             5.08496e-8      
  3.9             4.66538e-8      
  4               4.30495e-8      
  4.1             3.94444e-8      
  4.2             3.63419e-8      
  4.3             3.32812e-8      
  4.4             3.06905e-8      
  4.5             2.80999e-8      
  4.6             2.58776e-8      
  4.65            2.474156e-8     
  4.7             2.36554e-8      
  4.8             2.17716e-8      
  4.9             1.99214e-8      
  5               1.8337e-8       
  5.05            1.75279e-8      
  5.1             1.67545e-8      
  5.2             1.53961e-8      
  5.25            1.47131e-8      
  5.3             1.40604e-8      
  5.4             1.2937e-8       
  5.45            1.236302e-8     
  5.5             1.18145e-8      
  5.6             1.08527e-8      
  5.65            1.036155e-8     
  5.7             9.89262e-9      
  5.8             9.08502e-9      
  5.85            8.679855e-9     
  5.9             8.29276e-9      
  6               7.61365e-9      
  6.05            7.267878e-9     
  6.1             6.93781e-9      
  6.2             6.35861e-9      
  6.25            6.068518e-9     
  6.3             5.79166e-9      
  6.4             5.31744e-9      
  6.45            5.075176e-9     
  6.5             4.84395e-9      
  6.6             4.4387e-9       
  6.65            4.231845e-9     
  6.7             4.03463e-9      
  6.8             3.69571e-9      
  6.85            3.526795e-9     
  6.9             3.3656e-9       
  7               3.08348e-9      
  7.05            2.939614e-9     
  7.1             2.80246e-9      
  7.15            2.679482e-9     
  7.2             2.5619e-9       
  7.25            2.441847e-9     
  7.3             2.32742e-9      
  7.4             2.13224e-9      
  7.45            2.032639e-9     
  7.5             1.93769e-9      
  7.55            1.852706e-9     
  7.6             1.77145e-9      
  7.65            1.686572e-9     
  7.7             1.60576e-9      
  7.75            1.534964e-9     
  7.8             1.46729e-9      
  7.85            1.398765e-9     
  7.9             1.33344e-9      
  7.95            1.274994e-9     
  8               1.21911e-9      
  8.05            1.160822e-9     
  8.1             1.10532e-9      
  8.15            1.055466e-9     
  8.2             1.00786e-9      
  8.25            9.59517e-10     
  8.3             9.13492e-10     
  8.35            8.73536e-10     
  8.4             8.35328e-10     
  8.45            7.95514e-10     
  8.5             7.57598e-10     
  8.55            7.23597e-10     
  8.6             6.91122e-10     
  8.65            6.57191e-10     
  8.7             6.24926e-10     
  8.75            5.96698e-10     
  8.8             5.69746e-10     
  8.85            5.42684e-10     
  8.9             5.16908e-10     
  8.95            4.93768e-10     
  9               4.71664e-10     
  9.05            4.48654e-10     
  9.1             4.26766e-10     
  9.15            4.06993e-10     
  9.2             3.88136e-10     
  9.25            3.69156e-10     
  9.3             3.51104e-10     
  9.35            3.35523e-10     
  9.4             3.20634e-10     
  9.45            3.051e-10       
  9.5             2.90318e-10     
  9.55            2.7699e-10      
  9.6             2.64274e-10     
  9.65            2.51025e-10     
  9.7             2.3844e-10      
  9.75            2.27466e-10     
  9.8             2.16998e-10     
  9.85            2.06572e-10     
  9.9             1.96646e-10     
  9.95            1.8768e-10      
  10              1.79123e-10     
  10.05           1.70247e-10     
  10.1            1.6181e-10      
  10.15           1.54109e-10     
  10.2            1.46774e-10     
  10.25           1.39493e-10     
  10.3            1.32573e-10     
  10.35           1.26614e-10     
  10.4            1.20922e-10     
  10.45           1.15002e-10     
  10.5            1.09371e-10     
  10.55           1.04275e-10     
  10.6            9.94162e-11     
  10.65           9.43413e-11     
  10.7            8.95254e-11     
  10.75           8.53378e-11     
  10.8            8.1346e-11      
  10.85           7.74121e-11     
  10.9            7.36684e-11     
  10.95           7.0274e-11      
  11              6.7036e-11      
  11.05           6.36713e-11     
  11.1            6.04754e-11     
  11.15           5.75432e-11     
  11.2            5.47532e-11     
  11.25           5.20042e-11     
  11.3            4.93932e-11     
  11.35           4.71504e-11     
  11.4            4.50094e-11     
  11.45           4.27882e-11     
  11.5            4.06766e-11     
  11.55           3.87594e-11     
  11.6            3.69326e-11     
  11.65           3.50197e-11     
  11.7            3.32058e-11     
  11.75           3.16346e-11     
  11.8            3.01378e-11     
  11.85           2.86735e-11     
  11.9            2.72804e-11     
  11.95           2.60166e-11     
  12              2.48114e-11     
  12.05           2.35531e-11     
  12.1            2.23586e-11     
  12.15           2.12542e-11     
  12.2            2.02044e-11     
  12.25           1.91799e-11     
  12.3            1.82073e-11     
  12.35           1.73781e-11     
  12.4            1.65866e-11     
  12.45           1.57641e-11     
  12.5            1.49823e-11     
  12.55           1.42627e-11     
  12.6            1.35776e-11     
  12.65           1.28628e-11     
  12.7            1.21857e-11     
  12.75           1.15994e-11     
  12.8            1.10414e-11     
  12.85           1.05057e-11     
  12.9            9.99606e-12     
  12.95           9.52823e-12     
  13              9.0823e-12      
  13.05           8.61795e-12     
  13.1            8.17734e-12     
  13.15           7.76768e-12     
  13.2            7.37854e-12     
  13.25           7.00039e-12     
  13.3            6.64162e-12     
  13.35           6.33758e-12     
  13.4            6.04746e-12     
  13.45           5.74574e-12     
  13.5            5.45908e-12     
  13.55           5.19347e-12     
  13.6            4.94078e-12     
  13.65           4.67616e-12     
  13.7            4.42572e-12     
  13.75           4.20985e-12     
  13.8            4.0045e-12      
  13.85           3.8098e-12      
  13.9            3.62456e-12     
  13.95           3.45295e-12     
  14              3.28946e-12     
  14.05           3.11875e-12     
  14.1            2.9569e-12      
  14.15           2.805e-12       
  14.2            2.6609e-12      
  14.25           2.52269e-12     
  14.3            2.39166e-12     
  14.35           2.2818e-12      
  14.4            2.17698e-12     
  14.45           2.06732e-12     
  14.5            1.96319e-12     
  14.55           1.86577e-12     
  14.6            1.77318e-12     
  14.65           1.67606e-12     
  14.7            1.58425e-12     
  14.75           1.50553e-12     
  14.8            1.43072e-12     
  14.85           1.36053e-12     
  14.9            1.29379e-12     
  14.95           1.23154e-12     
  15              1.17229e-12     
  15.05           1.11026e-12     
  15.1            1.05151e-12     
  15.15           9.95961e-13     
  15.2            9.43346e-13     
  15.25           8.93314e-13     
  15.3            8.45936e-13     
  15.35           8.06392e-13     
  15.4            7.68696e-13     
  15.45           7.29317e-13     
  15.5            6.91956e-13     
  15.55           6.56718e-13     
  15.6            6.23274e-13     
  15.65           5.88105e-13     
  15.7            5.5492e-13      
  15.75           5.26617e-13     
  15.8            4.99758e-13     
  15.85           4.74941e-13     
  15.9            4.51356e-13     
  15.95           4.29183e-13     
  16              4.081e-13       
  16.05           3.85789e-13     
  16.1            3.64698e-13     
  16.15           3.44762e-13     
  16.2            3.25916e-13     
  16.25           3.08144e-13     
  16.3            2.91342e-13     
  16.35           2.77469e-13     
  16.4            2.64256e-13     
  16.45           2.50428e-13     
  16.5            2.37324e-13     
  16.55           2.24822e-13     
  16.6            2.12978e-13     
  16.65           2.00508e-13     
  16.7            1.88769e-13     
  16.75           1.78772e-13     
  16.8            1.69305e-13     
  16.85           1.60199e-13     
  16.9            1.51583e-13     
  16.95           1.43965e-13     
  17              1.36729e-13     
  17.05           1.29069e-13     
  17.1            1.21838e-13     
  17.15           1.14889e-13     
  17.2            1.08336e-13     
  17.25           1.02249e-13     
  17.3            9.65034e-14     
  17.35           9.181e-14       
  17.4            8.73448e-14     
  17.45           8.26666e-14     
  17.5            7.8239e-14      
  17.55           7.39702e-14     
  17.6            6.99344e-14     
  17.65           6.56687e-14     
  17.7            6.16632e-14     
  17.75           5.82657e-14     
  17.8            5.50554e-14     
  17.85           5.2204e-14      
  17.9            4.95002e-14     
  17.95           4.69266e-14     
  18              4.44868e-14     
  18.05           4.19028e-14     
  18.1            3.94688e-14     
  18.15           3.70828e-14     
  18.2            3.4841e-14      
  18.25           3.27811e-14     
  18.3            3.0843e-14      
  18.35           2.9298e-14      
  18.4            2.78304e-14     
  18.45           2.62838e-14     
  18.5            2.48232e-14     
  18.55           2.34086e-14     
  18.6            2.20746e-14     
  18.65           2.06556e-14     
  18.7            1.93279e-14     
  18.75           1.82142e-14     
  18.8            1.71646e-14     
  18.85           1.62506e-14     
  18.9            1.53852e-14     
  18.95           1.45538e-14     
  19              1.37673e-14     
  19.05           1.29326e-14     
  19.1            1.21485e-14     
  19.15           1.1316e-14      
  19.2            1.05405e-14     
  19.25           9.89702e-15     
  19.3            9.29282e-15     
  19.35           8.81455e-15     
  19.4            8.3609e-15      
  19.45           7.88277e-15     
  19.5            7.43198e-15     
  19.55           6.98884e-15     
  19.6            6.57212e-15     
  19.65           6.12741e-15     
  19.7            5.7128e-15      
  19.75           5.36714e-15     
  19.8            5.0424e-15      
  19.85           4.76648e-15     
  19.9            4.50566e-15     
  19.95           4.2516e-15      
  20              4.01186e-15     
  20.05           3.75684e-15     
  20.1            3.51804e-15     
  20.15           3.27688e-15     
  20.2            3.05226e-15     
  20.25           2.85492e-15     
  20.3            2.67034e-15     
  20.35           2.52707e-15     
  20.4            2.39148e-15     
  20.45           2.24788e-15     
  20.5            2.1129e-15      
  20.55           1.97904e-15     
  20.6            1.85366e-15     
  20.65           1.71916e-15     
  20.7            1.59442e-15     
  20.75           1.49132e-15     
  20.8            1.39488e-15     
  20.85           1.31491e-15     
  20.9            1.23953e-15     
  20.95           1.16569e-15     
  21              1.09625e-15     
  21.05           1.02205e-15     
  21.1            9.52874e-16     
  21.15           8.82604e-16     
  21.2            8.17516e-16     
  21.25           7.6039e-16      
  21.3            7.07256e-16     
  21.35           6.67241e-16     
  21.4            6.2949e-16      
  21.45           5.89432e-16     
  21.5            5.51924e-16     
  21.55           5.14412e-16     
  21.6            4.7945e-16      
  21.65           4.41738e-16     
  21.7            4.06992e-16     
  21.75           3.78598e-16     
  21.8            3.52184e-16     
  21.85           3.31008e-16     
  21.9            3.11106e-16     
  21.95           2.91395e-16     
  22              2.72932e-16     
  22.05           2.53125e-16     
  22.1            2.34756e-16     
  22.15           2.15812e-16     
  22.2            1.98397e-16     
  22.25           1.83368e-16     
  22.3            1.69478e-16     
  22.35           1.59353e-16     
  22.4            1.49832e-16     
  22.45           1.39674e-16     
  22.5            1.30205e-16     
  22.55           1.20619e-16     
  22.6            1.11739e-16     
  22.625          1.06803e-16     
  22.65           1.02084e-16     
  22.675          9.75746e-17     
  22.7            9.3264e-17      
  22.75           8.6139e-17      
  22.8            7.95584e-17     
  22.85           7.4413e-17      
  22.9            6.96004e-17     
  22.95           6.48548e-17     
  23              6.04328e-17     
  23.05           5.56606e-17     
  23.1            5.12652e-17     
  23.125          4.88491e-17     
  23.15           4.65469e-17     
  23.175          4.43531e-17     
  23.2            4.22628e-17     
  23.225          4.04042e-17     
  23.25           3.86273e-17     
  23.275          3.69286e-17     
  23.3            3.53046e-17     
  23.35           3.30644e-17     
  23.4            3.09664e-17     
  23.45           2.87159e-17     
  23.5            2.6629e-17      
  23.55           2.44915e-17     
  23.6            2.25256e-17     
  23.625          2.14214e-17     
  23.65           2.03714e-17     
  23.675          1.93728e-17     
  23.7            1.84232e-17     
  23.725          1.75788e-17     
  23.75           1.67732e-17     
  23.775          1.60044e-17     
  23.8            1.52709e-17     
  23.85           1.42421e-17     
  23.9            1.32827e-17     
  23.95           1.23298e-17     
  24              1.14452e-17     
  24.05           1.04863e-17     
  24.1            9.60768e-18     
  24.125          9.06952e-18     
  24.15           8.56151e-18     
  24.175          8.08196e-18     
  24.2            7.62926e-18     
  24.225          7.26787e-18     
  24.25           6.92359e-18     
  24.275          6.59563e-18     
  24.3            6.2832e-18      
  24.35           5.88109e-18     
  24.4            5.50472e-18     
  24.45           5.10061e-18     
  24.5            4.72616e-18     
  24.55           4.32399e-18     
  24.6            3.95604e-18     
  24.625          3.74764e-18     
  24.65           3.55021e-18     
  24.675          3.36319e-18     
  24.7            3.18602e-18     
  24.725          3.02279e-18     
  24.75           2.86792e-18     
  24.775          2.72099e-18     
  24.8            2.58158e-18     
  24.85           2.4083e-18      
  24.9            2.24666e-18     
  24.95           2.07407e-18     
  25              1.91473e-18     
  25.025          1.82573e-18     
  25.05           1.74087e-18     
  25.075          1.65996e-18     
  25.1            1.5828e-18      
  25.125          1.48951e-18     
  25.15           1.40171e-18     
  25.175          1.31909e-18     
  25.2            1.24134e-18     
  25.225          1.17902e-18     
  25.25           1.11983e-18     
  25.275          1.06362e-18     
  25.3            1.01022e-18     
  25.35           9.40309e-19     
  25.4            8.75236e-19     
  25.45           8.04918e-19     
  25.5            7.4025e-19      
  25.525          7.03914e-19     
  25.55           6.69362e-19     
  25.575          6.36505e-19     
  25.6            6.05262e-19     
  25.625          5.68258e-19     
  25.65           5.33517e-19     
  25.675          5.00899e-19     
  25.7            4.70276e-19     
  25.725          4.44816e-19     
  25.75           4.20735e-19     
  25.775          3.97957e-19     
  25.8            3.76412e-19     
  25.85           3.49053e-19     
  25.9            3.23682e-19     
  25.95           2.96147e-19     
  26              2.70954e-19     
  26.025          2.56685e-19     
  26.05           2.43168e-19     
  26.075          2.30363e-19     
  26.1            2.18232e-19     
  26.125          2.03653e-19     
  26.15           1.90047e-19     
  26.175          1.77351e-19     
  26.2            1.65503e-19     
  26.225          1.55739e-19     
  26.25           1.46551e-19     
  26.275          1.37905e-19     
  26.3            1.29769e-19     
  26.35           1.20035e-19     
  26.4            1.11031e-19     
  26.425          1.06014e-19     
  26.45           1.01224e-19     
  26.475          9.66507e-20     
  26.5            9.22838e-20     
  26.525          8.71929e-20     
  26.55           8.23828e-20     
  26.575          7.7838e-20      
  26.6            7.3544e-20      
  26.625          6.83295e-20     
  26.65           6.34848e-20     
  26.675          5.89835e-20     
  26.7            5.48014e-20     
  26.7125         5.22763e-20     
  26.725          4.98676e-20     
  26.7375         4.75699e-20     
  26.75           4.5378e-20      
  26.7625         4.32871e-20     
  26.775          4.12926e-20     
  26.7875         3.939e-20       
  26.8            3.7575e-20      
  26.85           3.44546e-20     
  26.9            3.15934e-20     
  26.925          2.9978e-20      
  26.95           2.84453e-20     
  26.975          2.69908e-20     
  27              2.56108e-20     
  27.025          2.39628e-20     
  27.05           2.24209e-20     
  27.075          2.09782e-20     
  27.1            1.96283e-20     
  27.1125         1.87563e-20     
  27.125          1.7923e-20      
  27.1375         1.71268e-20     
  27.15           1.63659e-20     
  27.1625         1.56388e-20     
  27.175          1.4944e-20      
  27.1875         1.42801e-20     
  27.2            1.36457e-20     
  27.2125         1.29832e-20     
  27.225          1.23529e-20     
  27.2375         1.17531e-20     
  27.25           1.11825e-20     
  27.2625         1.06396e-20     
  27.275          1.0123e-20      
  27.2875         9.63157e-21     
  27.3            9.16396e-21     
  27.325          8.65564e-21     
  27.35           8.17552e-21     
  27.375          7.72203e-21     
  27.4            7.2937e-21      
  27.425          6.77306e-21     
  27.45           6.28958e-21     
  27.475          5.84062e-21     
  27.5            5.4237e-21      
  27.5125         5.14449e-21     
  27.525          4.87965e-21     
  27.5375         4.62845e-21     
  27.55           4.39018e-21     
  27.5625         4.16417e-21     
  27.575          3.9498e-21      
  27.5875         3.74647e-21     
  27.6            3.5536e-21      
  27.60625        3.3915e-21      
  27.6125         3.23679e-21     
  27.61875        3.08915e-21     
  27.625          2.94823e-21     
  27.63125        2.81375e-21     
  27.6375         2.6854e-21      
  27.64375        2.5629e-21      
  27.65           2.44599e-21     
  27.65625        2.33442e-21     
  27.6625         2.22793e-21     
  27.66875        2.1263e-21      
  27.675          2.02931e-21     
  27.68125        1.93674e-21     
  27.6875         1.8484e-21      
  27.69375        1.76408e-21     
  27.7            1.68361e-21     
  27.70625        1.59267e-21     
  27.7125         1.50664e-21     
  27.71875        1.42525e-21     
  27.725          1.34826e-21     
  27.73125        1.27543e-21     
  27.7375         1.20654e-21     
  27.74375        1.14137e-21     
  27.75           1.07971e-21     
  27.75625        1.02139e-21     
  27.7625         9.66217e-22     
  27.76875        9.14025e-22     
  27.775          8.64652e-22     
  27.78125        8.17946e-22     
  27.7875         7.73763e-22     
  27.79375        7.31967e-22     
  27.8            6.92428e-22     
  27.85           6.33765e-22     
  27.9            5.80072e-22     
  27.925          5.49679e-22     
  27.95           5.20879e-22     
  27.975          4.93587e-22     
  28              4.67726e-22     
  28.025          4.36683e-22     
  28.05           4.077e-22       
  28.075          3.80641e-22     
  28.1            3.55378e-22     
  28.1125         3.38893e-22     
  28.125          3.23172e-22     
  28.1375         3.08181e-22     
  28.15           2.93885e-22     
  28.1625         2.80252e-22     
  28.175          2.67252e-22     
  28.1875         2.54854e-22     
  28.2            2.43032e-22     
  28.2125         2.321e-22       
  28.225          2.21659e-22     
  28.2375         2.11688e-22     
  28.25           2.02166e-22     
  28.2625         1.93072e-22     
  28.275          1.84387e-22     
  28.2875         1.76092e-22     
  28.3            1.68171e-22     
  28.325          1.57929e-22     
  28.35           1.4831e-22      
  28.375          1.39278e-22     
  28.4            1.30795e-22     
  28.425          1.20244e-22     
  28.45           1.10543e-22     
  28.475          1.01626e-22     
  28.5            9.34272e-23     
  28.5125         8.76481e-23     
  28.525          8.22264e-23     
  28.5375         7.71401e-23     
  28.55           7.23684e-23     
  28.5625         6.78919e-23     
  28.575          6.36923e-23     
  28.5875         5.97525e-23     
  28.6            5.60564e-23     
  28.60625        5.23366e-23     
  28.6125         4.88636e-23     
  28.61875        4.5621e-23      
  28.625          4.25937e-23     
  28.63125        3.97672e-23     
  28.6375         3.71283e-23     
  28.64375        3.46645e-23     
  28.65           3.23642e-23     
  28.65625        3.02166e-23     
  28.6625         2.82114e-23     
  28.66875        2.63393e-23     
  28.675          2.45915e-23     
  28.68125        2.29596e-23     
  28.6875         2.14361e-23     
  28.69375        2.00136e-23     
  28.7            1.86855e-23     
  28.8            0.00            
//
#-------------------------------------------------------------------------------
#
#name:   JENDL-5: PU-239(N,F) E_in=40. MeV
#X.axis: Energy
#Y.axis: 
#wdata:  2
#ldata:  832
#data...
# X               Y              
# MeV             1/eV           
  0.00            0.00            
  1.00e-8         1.08731e-10     
  1.25e-8         1.18572e-10     
  1.50e-8         1.29304e-10     
  1.75e-8         1.41007e-10     
  2.00e-8         1.53769e-10     
  2.25e-8         1.61763e-10     
  2.50e-8         1.70173e-10     
  2.75e-8         1.7902e-10      
  3.00e-8         1.88327e-10     
  3.50e-8         2.02371e-10     
  4.00e-8         2.17462e-10     
  4.50e-8         2.29937e-10     
  5.00e-8         2.43128e-10     
  5.50e-8         2.54467e-10     
  6.00e-8         2.66334e-10     
  7.00e-8         2.87674e-10     
  8.00e-8         3.07536e-10     
  9.00e-8         3.2518e-10      
  1.00e-7         3.43836e-10     
  1.125e-7        3.61712e-10     
  1.25e-7         3.80517e-10     
  1.375e-7        4.003e-10       
  1.50e-7         4.21112e-10     
  1.75e-7         4.52514e-10     
  2.00e-7         4.86258e-10     
  2.25e-7         5.14156e-10     
  2.50e-7         5.43654e-10     
  2.75e-7         5.69007e-10     
  3.00e-7         5.95542e-10     
  3.50e-7         6.4326e-10      
  4.00e-7         6.87674e-10     
  4.50e-7         7.29388e-10     
  5.00e-7         7.68842e-10     
  5.50e-7         8.06368e-10     
  6.00e-7         8.42224e-10     
  6.50e-7         8.76614e-10     
  7.00e-7         9.09706e-10     
  7.50e-7         9.41636e-10     
  8.00e-7         9.72516e-10     
  8.50e-7         1.00245e-9      
  9.00e-7         1.03151e-9      
  9.50e-7         1.05978e-9      
  1.00e-6         1.08731e-9      
  1.125e-6        1.143837e-9     
  1.25e-6         1.203303e-9     
  1.375e-6        1.26586e-9      
  1.50e-6         1.33167e-9      
  1.75e-6         1.430973e-9     
  2.00e-6         1.53768e-9      
  2.25e-6         1.625899e-9     
  2.50e-6         1.71918e-9      
  2.75e-6         1.799355e-9     
  3.00e-6         1.88327e-9      
  3.50e-6         2.03416e-9      
  4.00e-6         2.17461e-9      
  4.50e-6         2.30652e-9      
  5.00e-6         2.43128e-9      
  5.50e-6         2.54995e-9      
  6.00e-6         2.66333e-9      
  6.50e-6         2.77208e-9      
  7.00e-6         2.87673e-9      
  7.50e-6         2.97769e-9      
  8.00e-6         3.07535e-9      
  8.50e-6         3.16999e-9      
  9.00e-6         3.2619e-9       
  9.50e-6         3.35128e-9      
  1.00e-5         3.43834e-9      
  1.125e-5        3.617091e-9     
  1.25e-5         3.805135e-9     
  1.375e-5        4.002956e-9     
  1.50e-5         4.21106e-9      
  1.75e-5         4.525068e-9     
  2.00e-5         4.86249e-9      
  2.25e-5         5.141448e-9     
  2.50e-5         5.43641e-9      
  2.75e-5         5.689919e-9     
  3.00e-5         5.95525e-9      
  3.50e-5         6.43238e-9      
  4.00e-5         6.87647e-9      
  4.50e-5         7.29356e-9      
  5.00e-5         7.68805e-9      
  5.50e-5         8.06325e-9      
  6.00e-5         8.42175e-9      
  6.50e-5         8.76559e-9      
  7.00e-5         9.09644e-9      
  7.50e-5         9.41566e-9      
  8.00e-5         9.7244e-9       
  8.50e-5         1.00236e-8      
  9.00e-5         1.03142e-8      
  9.50e-5         1.05968e-8      
  1.00e-4         1.0872e-8       
  1.125e-4        1.14371e-8      
  1.25e-4         1.203156e-8     
  1.375e-4        1.265693e-8     
  1.50e-4         1.33148e-8      
  1.75e-4         1.430731e-8     
  2.00e-4         1.53738e-8      
  2.25e-4         1.625542e-8     
  2.50e-4         1.71876e-8      
  2.75e-4         1.798868e-8     
  3.00e-4         1.88271e-8      
  3.50e-4         2.03346e-8      
  4.00e-4         2.17375e-8      
  4.50e-4         2.30549e-8      
  5.00e-4         2.43008e-8      
  5.50e-4         2.54856e-8      
  6.00e-4         2.66175e-8      
  6.50e-4         2.7703e-8       
  7.00e-4         2.87473e-8      
  7.50e-4         2.97548e-8      
  8.00e-4         3.07291e-8      
  8.50e-4         3.16733e-8      
  9.00e-4         3.25899e-8      
  9.50e-4         3.34813e-8      
  1.00e-3         3.43493e-8      
  1.125e-3        3.613059e-8     
  1.25e-3         3.800425e-8     
  1.375e-3        3.997507e-8     
  1.50e-3         4.20481e-8      
  1.75e-3         4.517238e-8     
  2.00e-3         4.85288e-8      
  2.25e-3         5.130012e-8     
  2.50e-3         5.42297e-8      
  2.75e-3         5.674449e-8     
  3.00e-3         5.93759e-8      
  3.50e-3         6.41013e-8      
  4.00e-3         6.84929e-8      
  4.50e-3         7.26114e-8      
  5.00e-3         7.65008e-8      
  5.50e-3         8.01946e-8      
  6.00e-3         8.37187e-8      
  6.50e-3         8.70936e-8      
  7.00e-3         9.03362e-8      
  7.50e-3         9.346e-8        
  8.00e-3         9.64769e-8      
  8.50e-3         9.93964e-8      
  9.00e-3         1.02227e-7      
  9.50e-3         1.04976e-7      
  0.01            1.07649e-7      
  0.01125         1.131042e-7     
  0.0125          1.188357e-7     
  0.01375         1.248578e-7     
  0.015           1.31185e-7      
  0.0175          1.406155e-7     
  0.02            1.50724e-7      
  0.0225          1.589733e-7     
  0.025           1.67674e-7      
  0.03            1.82761e-7      
  0.035           1.9642e-7       
  0.04            2.08935e-7      
  0.045           2.20504e-7      
  0.05            2.31272e-7      
  0.055           2.4135e-7       
  0.06            2.50825e-7      
  0.065           2.59765e-7      
  0.07            2.68226e-7      
  0.075           2.76256e-7      
  0.08            2.83893e-7      
  0.085           2.9117e-7       
  0.09            2.98117e-7      
  0.095           3.04759e-7      
  0.1             3.11117e-7      
  0.125           3.358064e-7     
  0.15            3.62455e-7      
  0.175           3.798668e-7     
  0.2             3.98115e-7      
  0.25            4.23398e-7      
  0.3             4.41189e-7      
  0.35            4.53298e-7      
  0.4             4.60962e-7      
  0.45            4.65079e-7      
  0.5             4.66327e-7      
  0.6             4.62325e-7      
  0.7             4.58314e-7      
  0.8             4.43318e-7      
  0.9             4.26586e-7      
  1               4.06449e-7      
  1.1             3.86304e-7      
  1.2             3.65543e-7      
  1.3             3.44626e-7      
  1.4             3.24278e-7      
  1.5             3.03931e-7      
  1.6             2.84941e-7      
  1.7             2.65952e-7      
  1.8             2.48706e-7      
  1.9             2.31589e-7      
  2               2.16161e-7      
  2.1             2.00724e-7      
  2.2             1.86911e-7      
  2.3             1.73281e-7      
  2.4             1.6135e-7       
  2.5             1.49409e-7      
  2.6             1.38855e-7      
  2.7             1.283e-7        
  2.8             1.1914e-7       
  2.9             1.10146e-7      
  3               1.02252e-7      
  3.1             9.43594e-8      
  3.2             8.74318e-8      
  3.3             8.06318e-8      
  3.4             7.47982e-8      
  3.5             6.8972e-8       
  3.6             6.38736e-8      
  3.7             5.87817e-8      
  3.8             5.44212e-8      
  3.9             5.01598e-8      
  4               4.64445e-8      
  4.1             4.27293e-8      
  4.2             3.9483e-8       
  4.3             3.6312e-8       
  4.4             3.36155e-8      
  4.5             3.09217e-8      
  4.6             2.85731e-8      
  4.7             2.62253e-8      
  4.8             2.42254e-8      
  4.9             2.22834e-8      
  5               2.05918e-8      
  5.1             1.89022e-8      
  5.2             1.74254e-8      
  5.3             1.59918e-8      
  5.4             1.47803e-8      
  5.5             1.35697e-8      
  5.6             1.25143e-8      
  5.7             1.14597e-8      
  5.8             1.05667e-8      
  5.9             9.70394e-9      
  6               8.95161e-9      
  6.1             8.20094e-9      
  6.2             7.54536e-9      
  6.3             6.91124e-9      
  6.4             6.37846e-9      
  6.5             5.84623e-9      
  6.6             5.38173e-9      
  6.65            5.144622e-9     
  6.7             4.91796e-9      
  6.8             4.52606e-9      
  6.9             4.15049e-9      
  7               3.82329e-9      
  7.1             3.49646e-9      
  7.2             3.21039e-9      
  7.25            3.06987e-9      
  7.3             2.9355e-9       
  7.4             2.70587e-9      
  7.5             2.47651e-9      
  7.6             2.27588e-9      
  7.65            2.173487e-9     
  7.7             2.0757e-9       
  7.8             1.9071e-9       
  7.9             1.74695e-9      
  8               1.60689e-9      
  8.05            1.535504e-9     
  8.1             1.46729e-9      
  8.2             1.34449e-9      
  8.25            1.284742e-9     
  8.3             1.22765e-9      
  8.4             1.13046e-9      
  8.45            1.080914e-9     
  8.5             1.03354e-9      
  8.6             9.48274e-10     
  8.65            9.04883e-10     
  8.7             8.63478e-10     
  8.8             7.92348e-10     
  8.9             7.25322e-10     
  9               6.66472e-10     
  9.05            6.36492e-10     
  9.1             6.0786e-10      
  9.2             5.56088e-10     
  9.25            5.31094e-10     
  9.3             5.07224e-10     
  9.4             4.66758e-10     
  9.45            4.46143e-10     
  9.5             4.26438e-10     
  9.6             3.9081e-10      
  9.65            3.72661e-10     
  9.7             3.55354e-10     
  9.8             3.25672e-10     
  9.9             2.98066e-10     
  10              2.73688e-10     
  10.05           2.61273e-10     
  10.1            2.49422e-10     
  10.15           2.3838e-10      
  10.2            2.27826e-10     
  10.25           2.1751e-10      
  10.3            2.07662e-10     
  10.4            1.90995e-10     
  10.45           1.82534e-10     
  10.5            1.74447e-10     
  10.6            1.59707e-10     
  10.65           1.52207e-10     
  10.7            1.45059e-10     
  10.8            1.32852e-10     
  10.9            1.216e-10       
  11              1.11596e-10     
  11.05           1.06501e-10     
  11.1            1.01638e-10     
  11.15           9.70652e-11     
  11.2            9.26982e-11     
  11.25           8.84716e-11     
  11.3            8.44378e-11     
  11.4            7.76672e-11     
  11.45           7.42182e-11     
  11.5            7.09224e-11     
  11.6            6.48804e-11     
  11.65           6.17948e-11     
  11.7            5.8856e-11      
  11.8            5.38374e-11     
  11.9            4.92924e-11     
  12              4.52164e-11     
  12.05           4.3139e-11      
  12.1            4.1157e-11      
  12.15           3.92766e-11     
  12.2            3.74822e-11     
  12.25           3.57641e-11     
  12.3            3.41248e-11     
  12.4            3.1387e-11      
  12.45           2.99932e-11     
  12.5            2.86612e-11     
  12.55           2.7398e-11      
  12.6            2.61904e-11     
  12.65           2.49307e-11     
  12.7            2.37316e-11     
  12.75           2.26899e-11     
  12.8            2.1694e-11      
  12.9            1.98714e-11     
  13              1.82175e-11     
  13.05           1.73752e-11     
  13.1            1.65719e-11     
  13.15           1.58004e-11     
  13.2            1.50648e-11     
  13.25           1.43701e-11     
  13.3            1.37074e-11     
  13.4            1.2606e-11      
  13.45           1.20452e-11     
  13.5            1.15093e-11     
  13.55           1.09967e-11     
  13.6            1.0507e-11      
  13.65           9.99477e-12     
  13.7            9.50752e-12     
  13.75           9.08364e-12     
  13.8            8.67866e-12     
  13.9            7.95158e-12     
  14              7.28562e-12     
  14.05           6.9461e-12      
  14.1            6.6224e-12      
  14.15           6.30832e-12     
  14.2            6.00914e-12     
  14.25           5.72968e-12     
  14.3            5.46322e-12     
  14.4            5.0235e-12      
  14.45           4.79938e-12     
  14.5            4.58526e-12     
  14.55           4.37796e-12     
  14.6            4.18004e-12     
  14.65           3.97286e-12     
  14.7            3.77594e-12     
  14.75           3.60546e-12     
  14.8            3.44268e-12     
  14.9            3.15458e-12     
  15              2.88814e-12     
  15.05           2.75199e-12     
  15.1            2.62226e-12     
  15.15           2.49499e-12     
  15.2            2.3739e-12      
  15.25           2.26223e-12     
  15.3            2.15582e-12     
  15.4            1.98145e-12     
  15.45           1.89259e-12     
  15.5            1.80771e-12     
  15.55           1.72452e-12     
  15.6            1.64516e-12     
  15.65           1.56202e-12     
  15.7            1.48308e-12     
  15.75           1.41498e-12     
  15.8            1.35e-12        
  15.9            1.23692e-12     
  16              1.1311e-12      
  16.05           1.07699e-12     
  16.1            1.02546e-12     
  16.15           9.74544e-13     
  16.2            9.26156e-13     
  16.25           8.81984e-13     
  16.3            8.39918e-13     
  16.4            7.7156e-13      
  16.45           7.36685e-13     
  16.5            7.03386e-13     
  16.55           6.70392e-13     
  16.6            6.38946e-13     
  16.65           6.05958e-13     
  16.7            5.74674e-13     
  16.75           5.47747e-13     
  16.8            5.22082e-13     
  16.9            4.7824e-13      
  16.95           4.57104e-13     
  17              4.36902e-13     
  17.05           4.1569e-13      
  17.1            3.95508e-13     
  17.15           3.7531e-13      
  17.2            3.56144e-13     
  17.25           3.38898e-13     
  17.3            3.22488e-13     
  17.4            2.96056e-13     
  17.45           2.82545e-13     
  17.5            2.6965e-13      
  17.55           2.56686e-13     
  17.6            2.44346e-13     
  17.65           2.31426e-13     
  17.7            2.1919e-13      
  17.75           2.08701e-13     
  17.8            1.98714e-13     
  17.9            1.81936e-13     
  17.95           1.73768e-13     
  18              1.65966e-13     
  18.05           1.57765e-13     
  18.1            1.49969e-13     
  18.15           1.42089e-13     
  18.2            1.34623e-13     
  18.25           1.27989e-13     
  18.3            1.21682e-13     
  18.4            1.11605e-13     
  18.45           1.06461e-13     
  18.5            1.01555e-13     
  18.55           9.65778e-14     
  18.6            9.18446e-14     
  18.65           8.68615e-14     
  18.7            8.21488e-14     
  18.75           7.81103e-14     
  18.8            7.42704e-14     
  18.9            6.79744e-14     
  18.95           6.48711e-14     
  19              6.19094e-14     
  19.05           5.87989e-14     
  19.1            5.58446e-14     
  19.15           5.28067e-14     
  19.2            4.9934e-14      
  19.25           4.74216e-14     
  19.3            4.50356e-14     
  19.4            4.12634e-14     
  19.45           3.93336e-14     
  19.5            3.7494e-14      
  19.55           3.5601e-14      
  19.6            3.38036e-14     
  19.65           3.19167e-14     
  19.7            3.01352e-14     
  19.75           2.86188e-14     
  19.8            2.71788e-14     
  19.85           2.59891e-14     
  19.9            2.48514e-14     
  19.95           2.36927e-14     
  20              2.2588e-14      
  20.05           2.14265e-14     
  20.1            2.03248e-14     
  20.15           1.91806e-14     
  20.2            1.81009e-14     
  20.25           1.71673e-14     
  20.3            1.62818e-14     
  20.4            1.48941e-14     
  20.45           1.41852e-14     
  20.5            1.35101e-14     
  20.55           1.2811e-14      
  20.6            1.2148e-14      
  20.65           1.14458e-14     
  20.7            1.07842e-14     
  20.75           1.02235e-14     
  20.8            9.692e-15       
  20.85           9.26095e-15     
  20.9            8.84908e-15     
  20.95           8.42567e-15     
  21              8.02252e-15     
  21.05           7.59805e-15     
  21.1            7.19604e-15     
  21.15           6.77444e-15     
  21.2            6.37754e-15     
  21.25           6.03862e-15     
  21.3            5.71772e-15     
  21.35           5.46334e-15     
  21.4            5.22028e-15     
  21.45           4.96577e-15     
  21.5            4.72366e-15     
  21.55           4.46932e-15     
  21.6            4.22868e-15     
  21.65           3.97486e-15     
  21.7            3.73628e-15     
  21.75           3.5352e-15      
  21.8            3.34494e-15     
  21.85           3.19361e-15     
  21.9            3.04912e-15     
  21.95           2.89889e-15     
  22              2.75606e-15     
  22.05           2.60542e-15     
  22.1            2.46302e-15     
  22.15           2.31249e-15     
  22.2            2.17116e-15     
  22.25           2.05143e-15     
  22.3            1.93831e-15     
  22.35           1.84954e-15     
  22.4            1.76484e-15     
  22.45           1.67606e-15     
  22.5            1.59175e-15     
  22.55           1.503e-15       
  22.6            1.4192e-15      
  22.65           1.33018e-15     
  22.7            1.24674e-15     
  22.75           1.17653e-15     
  22.8            1.11027e-15     
  22.85           1.05844e-15     
  22.9            1.00903e-15     
  22.95           9.5743e-16      
  23              9.08468e-16     
  23.05           8.56688e-16     
  23.1            8.0786e-16      
  23.15           7.55991e-16     
  23.2            7.07452e-16     
  23.25           6.66591e-16     
  23.3            6.2809e-16      
  23.35           5.98327e-16     
  23.4            5.69974e-16     
  23.45           5.40174e-16     
  23.5            5.11932e-16     
  23.55           4.82057e-16     
  23.6            4.53926e-16     
  23.65           4.23948e-16     
  23.7            3.9595e-16      
  23.75           3.72484e-16     
  23.8            3.50408e-16     
  23.85           3.33454e-16     
  23.9            3.1732e-16      
  23.95           3.00356e-16     
  24              2.84298e-16     
  24.05           2.67272e-16     
  24.1            2.51266e-16     
  24.15           2.34183e-16     
  24.2            2.18262e-16     
  24.25           2.04938e-16     
  24.3            1.92427e-16     
  24.35           1.82908e-16     
  24.4            1.7386e-16      
  24.45           1.64324e-16     
  24.5            1.55311e-16     
  24.55           1.45746e-16     
  24.6            1.36771e-16     
  24.65           1.27159e-16     
  24.7            1.18222e-16     
  24.75           1.10773e-16     
  24.8            1.03794e-16     
  24.85           9.85447e-17     
  24.9            9.35608e-17     
  24.95           8.82935e-17     
  25              8.33228e-17     
  25.05           7.80369e-17     
  25.1            7.30864e-17     
  25.15           6.77763e-17     
  25.2            6.2852e-17      
  25.25           5.87436e-17     
  25.3            5.49038e-17     
  25.35           5.20511e-17     
  25.4            4.93466e-17     
  25.45           4.64849e-17     
  25.5            4.37892e-17     
  25.55           4.09168e-17     
  25.6            3.82328e-17     
  25.65           3.53457e-17     
  25.7            3.26766e-17     
  25.75           3.04636e-17     
  25.8            2.84004e-17     
  25.85           2.68875e-17     
  25.9            2.54552e-17     
  25.95           2.39373e-17     
  26              2.251e-17       
  26.05           2.09858e-17     
  26.1            1.95648e-17     
  26.15           1.80327e-17     
  26.2            1.66205e-17     
  26.25           1.54534e-17     
  26.3            1.43682e-17     
  26.35           1.35788e-17     
  26.4            1.28327e-17     
  26.45           1.204e-17       
  26.5            1.12963e-17     
  26.55           1.05005e-17     
  26.6            9.76084e-18     
  26.65           8.96021e-18     
  26.7            8.22526e-18     
  26.75           7.61738e-18     
  26.8            7.05442e-18     
  26.85           6.65561e-18     
  26.9            6.27934e-18     
  26.95           5.87903e-18     
  27              5.50424e-18     
  27.05           5.102e-18       
  27.1            4.72916e-18     
  27.125          4.52222e-18     
  27.15           4.32433e-18     
  27.175          4.13511e-18     
  27.2            3.95416e-18     
  27.25           3.6508e-18      
  27.3            3.37072e-18     
  27.35           3.17198e-18     
  27.4            2.98496e-18     
  27.45           2.78542e-18     
  27.5            2.59922e-18     
  27.55           2.3986e-18      
  27.6            2.21346e-18     
  27.625          2.10999e-18     
  27.65           2.01136e-18     
  27.675          1.91734e-18     
  27.7            1.82771e-18     
  27.75           1.67789e-18     
  27.8            1.54035e-18     
  27.85           1.44424e-18     
  27.9            1.35413e-18     
  27.95           1.25758e-18     
  28              1.16791e-18     
  28.05           1.0707e-18      
  28.1            9.8159e-19      
  28.125          9.31311e-19     
  28.15           8.83607e-19     
  28.175          8.38346e-19     
  28.2            7.95404e-19     
  28.225          7.56191e-19     
  28.25           7.18912e-19     
  28.275          6.8347e-19      
  28.3            6.49776e-19     
  28.35           6.09337e-19     
  28.4            5.71414e-19     
  28.45           5.30789e-19     
  28.5            4.93052e-19     
  28.55           4.52172e-19     
  28.6            4.14682e-19     
  28.625          3.93527e-19     
  28.65           3.73451e-19     
  28.675          3.544e-19       
  28.7            3.3632e-19      
  28.725          3.16621e-19     
  28.75           2.98076e-19     
  28.775          2.80616e-19     
  28.8            2.6418e-19      
  28.85           2.47098e-19     
  28.9            2.3112e-19      
  28.95           2.13953e-19     
  29              1.98062e-19     
  29.025          1.89226e-19     
  29.05           1.80783e-19     
  29.075          1.72718e-19     
  29.1            1.65012e-19     
  29.125          1.56042e-19     
  29.15           1.4756e-19      
  29.175          1.39538e-19     
  29.2            1.31953e-19     
  29.225          1.25328e-19     
  29.25           1.19036e-19     
  29.275          1.13059e-19     
  29.3            1.07383e-19     
  29.35           9.99188e-20     
  29.4            9.29734e-20     
  29.45           8.54615e-20     
  29.5            7.85566e-20     
  29.525          7.46744e-20     
  29.55           7.09841e-20     
  29.575          6.74762e-20     
  29.6            6.41416e-20     
  29.625          6.01869e-20     
  29.65           5.6476e-20      
  29.675          5.2994e-20      
  29.7            4.97266e-20     
  29.7125         4.66657e-20     
  29.725          4.37932e-20     
  29.7375         4.10975e-20     
  29.75           3.85678e-20     
  29.7625         3.61937e-20     
  29.775          3.39658e-20     
  29.7875         3.18751e-20     
  29.8            2.9913e-20      
  29.85           2.77372e-20     
  29.9            2.57196e-20     
  29.95           2.35301e-20     
  30              2.1527e-20      
  30.025          2.0392e-20      
  30.05           1.93168e-20     
  30.075          1.82984e-20     
  30.1            1.73336e-20     
  30.125          1.61743e-20     
  30.15           1.50925e-20     
  30.175          1.4083e-20      
  30.2            1.31411e-20     
  30.225          1.23613e-20     
  30.25           1.16277e-20     
  30.275          1.09377e-20     
  30.3            1.02886e-20     
  30.35           9.50277e-21     
  30.4            8.77696e-21     
  30.425          8.37189e-21     
  30.45           7.98551e-21     
  30.475          7.61696e-21     
  30.5            7.26542e-21     
  30.525          6.85387e-21     
  30.55           6.46563e-21     
  30.575          6.09938e-21     
  30.6            5.75388e-21     
  30.625          5.33181e-21     
  30.65           4.94071e-21     
  30.675          4.57829e-21     
  30.7            4.24246e-21     
  30.725          3.92441e-21     
  30.75           3.6302e-21      
  30.775          3.35805e-21     
  30.8            3.1063e-21      
  30.85           2.85174e-21     
  30.9            2.61804e-21     
  30.925          2.48634e-21     
  30.95           2.36126e-21     
  30.975          2.24247e-21     
  31              2.12966e-21     
  31.025          1.99543e-21     
  31.05           1.86966e-21     
  31.075          1.75182e-21     
  31.1            1.6414e-21      
  31.125          1.5027e-21      
  31.15           1.37572e-21     
  31.175          1.25947e-21     
  31.2            1.15304e-21     
  31.2125         1.09415e-21     
  31.225          1.03826e-21     
  31.2375         9.85234e-22     
  31.25           9.34913e-22     
  31.2625         8.87162e-22     
  31.275          8.4185e-22      
  31.2875         7.98852e-22     
  31.3            7.5805e-22      
  31.35           6.94459e-22     
  31.4            6.36202e-22     
  31.425          6.0327e-22      
  31.45           5.72043e-22     
  31.475          5.42432e-22     
  31.5            5.14354e-22     
  31.525          4.80738e-22     
  31.55           4.4932e-22      
  31.575          4.19954e-22     
  31.6            3.92508e-22     
  31.6125         3.74689e-22     
  31.625          3.57678e-22     
  31.6375         3.4144e-22      
  31.65           3.25939e-22     
  31.6625         3.11142e-22     
  31.675          2.97016e-22     
  31.6875         2.83532e-22     
  31.7            2.7066e-22      
  31.70625        2.53322e-22     
  31.7125         2.37095e-22     
  31.71875        2.21908e-22     
  31.725          2.07693e-22     
  31.73125        1.94389e-22     
  31.7375         1.81937e-22     
  31.74375        1.70282e-22     
  31.75           1.59374e-22     
  31.75625        1.49165e-22     
  31.7625         1.3961e-22      
  31.76875        1.30667e-22     
  31.775          1.22297e-22     
  31.78125        1.14463e-22     
  31.7875         1.07131e-22     
  31.79375        1.00268e-22     
  31.8            9.38454e-23     
  31.825          8.95248e-23     
  31.85           8.54032e-23     
  31.875          8.14713e-23     
  31.9            7.77204e-23     
  31.925          7.33312e-23     
  31.95           6.91898e-23     
  31.975          6.52824e-23     
  32              6.15956e-23     
  32.025          5.70949e-23     
  32.05           5.29231e-23     
  32.075          4.90561e-23     
  32.1            4.54716e-23     
  32.1125         4.30495e-23     
  32.125          4.07564e-23     
  32.1375         3.85854e-23     
  32.15           3.65301e-23     
  32.1625         3.45842e-23     
  32.175          3.2742e-23      
  32.1875         3.0998e-23      
  32.2            2.93468e-23     
  32.20625        2.70932e-23     
  32.2125         2.50127e-23     
  32.21875        2.30919e-23     
  32.225          2.13186e-23     
  32.23125        1.96815e-23     
  32.2375         1.81701e-23     
  32.24375        1.67748e-23     
  32.25           1.54866e-23     
  32.25625        1.42974e-23     
  32.2625         1.31995e-23     
  32.26875        1.21859e-23     
  32.275          1.12501e-23     
  32.28125        1.03862e-23     
  32.2875         9.58859e-24     
  32.29375        8.85226e-24     
  32.3            8.17248e-24     
  32.325          7.67483e-24     
  32.35           7.20748e-24     
  32.375          6.76859e-24     
  32.4            6.35642e-24     
  32.425          5.84359e-24     
  32.45           5.37214e-24     
  32.475          4.93873e-24     
  32.5            4.54028e-24     
  32.5125         4.25942e-24     
  32.525          3.99594e-24     
  32.5375         3.74875e-24     
  32.55           3.51685e-24     
  32.5625         3.2993e-24      
  32.575          3.09521e-24     
  32.5875         2.90374e-24     
  32.6            2.72412e-24     
  32.60625        2.54335e-24     
  32.6125         2.37458e-24     
  32.61875        2.21701e-24     
  32.625          2.06989e-24     
  32.63125        1.93254e-24     
  32.6375         1.8043e-24      
  32.64375        1.68457e-24     
  32.65           1.57279e-24     
  32.65625        1.46842e-24     
  32.6625         1.37098e-24     
  32.66875        1.28e-24        
  32.675          1.19506e-24     
  32.68125        1.11576e-24     
  32.6875         1.04172e-24     
  32.69375        9.72595e-25     
  32.7            9.08056e-25     
  32.8            0.00            
//
#-------------------------------------------------------------------------------
#
#name:   JENDL-5: PU-239(N,F) E_in=50. MeV
#X.axis: Energy
#Y.axis: 
#wdata:  2
#ldata:  900
#data...
# X               Y              
# MeV             1/eV           
  0.00            0.00            
  1.00e-8         1.0637e-10      
  1.25e-8         1.15997e-10     
  1.50e-8         1.26496e-10     
  1.75e-8         1.37944e-10     
  2.00e-8         1.50429e-10     
  2.25e-8         1.5825e-10      
  2.50e-8         1.66477e-10     
  2.75e-8         1.75132e-10     
  3.00e-8         1.84237e-10     
  3.50e-8         1.97975e-10     
  4.00e-8         2.12738e-10     
  4.50e-8         2.24944e-10     
  5.00e-8         2.3785e-10      
  5.50e-8         2.48941e-10     
  6.00e-8         2.6055e-10      
  7.00e-8         2.81426e-10     
  8.00e-8         3.00858e-10     
  9.00e-8         3.18119e-10     
  1.00e-7         3.3637e-10      
  1.125e-7        3.53857e-10     
  1.25e-7         3.72254e-10     
  1.375e-7        3.91607e-10     
  1.50e-7         4.11966e-10     
  1.75e-7         4.42687e-10     
  2.00e-7         4.75698e-10     
  2.25e-7         5.0299e-10      
  2.50e-7         5.31848e-10     
  2.75e-7         5.56651e-10     
  3.00e-7         5.8261e-10      
  3.50e-7         6.2929e-10      
  4.00e-7         6.7274e-10      
  4.50e-7         7.13548e-10     
  5.00e-7         7.52146e-10     
  5.50e-7         7.88856e-10     
  6.00e-7         8.23934e-10     
  6.50e-7         8.57578e-10     
  7.00e-7         8.8995e-10      
  7.50e-7         9.21186e-10     
  8.00e-7         9.51396e-10     
  8.50e-7         9.80678e-10     
  9.00e-7         1.00911e-9      
  9.50e-7         1.03676e-9      
  1.00e-6         1.06369e-9      
  1.125e-6        1.118991e-9     
  1.25e-6         1.177167e-9     
  1.375e-6        1.238368e-9     
  1.50e-6         1.30275e-9      
  1.75e-6         1.399898e-9     
  2.00e-6         1.50429e-9      
  2.25e-6         1.590594e-9     
  2.50e-6         1.68185e-9      
  2.75e-6         1.760281e-9     
  3.00e-6         1.84237e-9      
  3.50e-6         1.98998e-9      
  4.00e-6         2.12738e-9      
  4.50e-6         2.25643e-9      
  5.00e-6         2.37848e-9      
  5.50e-6         2.49457e-9      
  6.00e-6         2.6055e-9       
  6.50e-6         2.71188e-9      
  7.00e-6         2.81425e-9      
  7.50e-6         2.91303e-9      
  8.00e-6         3.00856e-9      
  8.50e-6         3.10115e-9      
  9.00e-6         3.19106e-9      
  9.50e-6         3.2785e-9       
  1.00e-5         3.36367e-9      
  1.125e-5        3.53854e-9      
  1.25e-5         3.7225e-9       
  1.375e-5        3.916025e-9     
  1.50e-5         4.11961e-9      
  1.75e-5         4.426802e-9     
  2.00e-5         4.7569e-9       
  2.25e-5         5.029792e-9     
  2.50e-5         5.31834e-9      
  2.75e-5         5.566352e-9     
  3.00e-5         5.82593e-9      
  3.50e-5         6.29269e-9      
  4.00e-5         6.72713e-9      
  4.50e-5         7.13517e-9      
  5.00e-5         7.52109e-9      
  5.50e-5         7.88814e-9      
  6.00e-5         8.23886e-9      
  6.50e-5         8.57523e-9      
  7.00e-5         8.89889e-9      
  7.50e-5         9.21118e-9      
  8.00e-5         9.51322e-9      
  8.50e-5         9.80596e-9      
  9.00e-5         1.00902e-8      
  9.50e-5         1.03666e-8      
  1.00e-4         1.06359e-8      
  1.125e-4        1.118871e-8     
  1.25e-4         1.177026e-8     
  1.375e-4        1.238203e-8     
  1.50e-4         1.30256e-8      
  1.75e-4         1.399656e-8     
  2.00e-4         1.50399e-8      
  2.25e-4         1.590237e-8     
  2.50e-4         1.68143e-8      
  2.75e-4         1.759799e-8     
  3.00e-4         1.84182e-8      
  3.50e-4         1.9893e-8       
  4.00e-4         2.12654e-8      
  4.50e-4         2.25542e-8      
  5.00e-4         2.37731e-8      
  5.50e-4         2.49322e-8      
  6.00e-4         2.60395e-8      
  6.50e-4         2.71014e-8      
  7.00e-4         2.8123e-8       
  7.50e-4         2.91087e-8      
  8.00e-4         3.00618e-8      
  8.50e-4         3.09854e-8      
  9.00e-4         3.18822e-8      
  9.50e-4         3.27542e-8      
  1.00e-3         3.36034e-8      
  1.125e-3        3.5346e-8       
  1.25e-3         3.717897e-8     
  1.375e-3        3.910699e-8     
  1.50e-3         4.1135e-8       
  1.75e-3         4.41914e-8      
  2.00e-3         4.74749e-8      
  2.25e-3         5.018604e-8     
  2.50e-3         5.3052e-8       
  2.75e-3         5.551221e-8     
  3.00e-3         5.80865e-8      
  3.50e-3         6.27092e-8      
  4.00e-3         6.70054e-8      
  4.50e-3         7.10345e-8      
  5.00e-3         7.48395e-8      
  5.50e-3         7.84531e-8      
  6.00e-3         8.19006e-8      
  6.50e-3         8.52022e-8      
  7.00e-3         8.83744e-8      
  7.50e-3         9.14304e-8      
  8.00e-3         9.43817e-8      
  8.50e-3         9.72378e-8      
  9.00e-3         1.00007e-7      
  9.50e-3         1.02696e-7      
  0.01            1.05311e-7      
  0.01125         1.106477e-7     
  0.0125          1.162549e-7     
  0.01375         1.221462e-7     
  0.015           1.28336e-7      
  0.0175          1.375619e-7     
  0.02            1.47451e-7      
  0.0225          1.555207e-7     
  0.025           1.64032e-7      
  0.03            1.78792e-7      
  0.035           1.92155e-7      
  0.04            2.04398e-7      
  0.045           2.15715e-7      
  0.05            2.26249e-7      
  0.055           2.36109e-7      
  0.06            2.45378e-7      
  0.065           2.54123e-7      
  0.07            2.62401e-7      
  0.075           2.70256e-7      
  0.08            2.77727e-7      
  0.085           2.84847e-7      
  0.09            2.91643e-7      
  0.095           2.98141e-7      
  0.1             3.0436e-7       
  0.125           3.285136e-7     
  0.15            3.54584e-7      
  0.175           3.716174e-7     
  0.2             3.89469e-7      
  0.25            4.14203e-7      
  0.3             4.31608e-7      
  0.35            4.43454e-7      
  0.4             4.50951e-7      
  0.45            4.54979e-7      
  0.5             4.562e-7        
  0.6             4.53366e-7      
  0.7             4.50523e-7      
  0.8             4.36726e-7      
  0.9             4.20144e-7      
  1               4.0067e-7       
  1.1             3.81187e-7      
  1.2             3.61275e-7      
  1.3             3.41115e-7      
  1.4             3.21441e-7      
  1.5             3.01767e-7      
  1.6             2.83372e-7      
  1.7             2.64976e-7      
  1.8             2.4826e-7       
  1.9             2.31726e-7      
  2               2.16717e-7      
  2.1             2.01709e-7      
  2.2             1.88161e-7      
  2.3             1.74889e-7      
  2.4             1.6322e-7       
  2.5             1.51561e-7      
  2.6             1.41142e-7      
  2.7             1.30733e-7      
  2.8             1.21659e-7      
  2.9             1.12824e-7      
  3               1.04991e-7      
  3.1             9.71478e-8      
  3.2             9.01809e-8      
  3.3             8.34095e-8      
  3.4             7.75952e-8      
  3.5             7.17818e-8      
  3.6             6.66267e-8      
  3.7             6.14707e-8      
  3.8             5.70388e-8      
  3.9             5.27644e-8      
  4               4.89851e-8      
  4.1             4.52059e-8      
  4.2             4.18512e-8      
  4.3             3.86158e-8      
  4.4             3.58584e-8      
  4.5             3.31068e-8      
  4.6             3.06681e-8      
  4.7             2.82303e-8      
  4.8             2.61484e-8      
  4.9             2.41562e-8      
  5               2.23902e-8      
  5.1             2.0627e-8       
  5.2             1.90584e-8      
  5.3             1.75566e-8      
  5.4             1.62867e-8      
  5.5             1.50177e-8      
  5.6             1.389e-8        
  5.7             1.27632e-8      
  5.8             1.18052e-8      
  5.9             1.0895e-8       
  6               1.00878e-8      
  6.1             9.28076e-9      
  6.2             8.56069e-9      
  6.3             7.8763e-9       
  6.4             7.30078e-9      
  6.5             6.72545e-9      
  6.6             6.21242e-9      
  6.7             5.69987e-9      
  6.8             5.26537e-9      
  6.9             4.85691e-9      
  7               4.49263e-9      
  7.1             4.12902e-9      
  7.2             3.803e-9        
  7.3             3.49568e-9      
  7.4             3.23826e-9      
  7.5             2.98141e-9      
  7.6             2.751e-9        
  7.7             2.52105e-9      
  7.8             2.32622e-9      
  7.9             2.14542e-9      
  8               1.98332e-9      
  8.1             1.82159e-9      
  8.2             1.67552e-9      
  8.3             1.53927e-9      
  8.4             1.42535e-9      
  8.5             1.312e-9        
  8.6             1.20953e-9      
  8.7             1.10744e-9      
  8.8             1.02109e-9      
  8.9             9.41976e-10     
  9               8.70418e-10     
  9.1             7.99098e-10     
  9.2             7.34122e-10     
  9.3             6.74196e-10     
  9.4             6.24458e-10     
  9.5             5.74834e-10     
  9.6             5.29628e-10     
  9.7             4.84536e-10     
  9.8             4.46572e-10     
  9.9             4.12158e-10     
  10              3.80806e-10     
  10.1            3.4953e-10      
  10.2            3.20744e-10     
  10.3            2.94524e-10     
  10.4            2.72866e-10     
  10.5            2.51246e-10     
  10.6            2.31352e-10     
  10.65           2.21217e-10     
  10.7            2.11526e-10     
  10.8            1.94849e-10     
  10.9            1.79955e-10     
  11              1.66235e-10     
  11.1            1.52563e-10     
  11.2            1.39873e-10     
  11.3            1.28424e-10     
  11.4            1.18987e-10     
  11.5            1.09599e-10     
  11.6            1.00878e-10     
  11.65           9.64298e-11     
  11.7            9.21778e-11     
  11.8            8.4876e-11      
  11.9            7.84396e-11     
  12              7.24562e-11     
  12.1            6.64864e-11     
  12.2            6.09e-11        
  12.3            5.5912e-11      
  12.4            5.1816e-11      
  12.5            4.77362e-11     
  12.6            4.39092e-11     
  12.65           4.19576e-11     
  12.7            4.00928e-11     
  12.8            3.68946e-11     
  12.9            3.41162e-11     
  13              3.15096e-11     
  13.1            2.89076e-11     
  13.2            2.64442e-11     
  13.3            2.42716e-11     
  13.4            2.24998e-11     
  13.5            2.07318e-11     
  13.6            1.90556e-11     
  13.65           1.82006e-11     
  13.7            1.73839e-11     
  13.8            1.59843e-11     
  13.9            1.47868e-11     
  14              1.36505e-11     
  14.1            1.2517e-11      
  14.15           1.19638e-11     
  14.2            1.1435e-11      
  14.3            1.04905e-11     
  14.4            9.72432e-12     
  14.5            8.95874e-12     
  14.6            8.2275e-12      
  14.65           7.85373e-12     
  14.7            7.49694e-12     
  14.8            6.88764e-12     
  14.9            6.37262e-12     
  15              5.87982e-12     
  15.1            5.38796e-12     
  15.15           5.1455e-12      
  15.2            4.91396e-12     
  15.3            4.50494e-12     
  15.4            4.17424e-12     
  15.5            3.8445e-12      
  15.6            3.5265e-12      
  15.65           3.36404e-12     
  15.7            3.20906e-12     
  15.8            2.94478e-12     
  15.9            2.72446e-12     
  16              2.51188e-12     
  16.1            2.2995e-12      
  16.15           2.19424e-12     
  16.2            2.0938e-12      
  16.3            1.91767e-12     
  16.4            1.77618e-12     
  16.5            1.63487e-12     
  16.6            1.49777e-12     
  16.65           1.42762e-12     
  16.7            1.36076e-12     
  16.8            1.24684e-12     
  16.9            1.15305e-12     
  17              1.06221e-12     
  17.05           1.01568e-12     
  17.1            9.71192e-13     
  17.15           9.25829e-13     
  17.2            8.82584e-13     
  17.3            8.07408e-13     
  17.4            7.47356e-13     
  17.5            6.874e-13       
  17.6            6.28798e-13     
  17.65           5.98816e-13     
  17.7            5.70264e-13     
  17.8            5.21766e-13     
  17.9            4.82304e-13     
  18              4.43806e-13     
  18.05           4.24115e-13     
  18.1            4.05298e-13     
  18.15           3.85954e-13     
  18.2            3.67534e-13     
  18.25           3.51294e-13     
  18.3            3.35772e-13     
  18.4            3.10526e-13     
  18.5            2.85336e-13     
  18.55           2.72676e-13     
  18.6            2.60578e-13     
  18.65           2.47909e-13     
  18.7            2.35856e-13     
  18.75           2.25421e-13     
  18.8            2.15448e-13     
  18.9            1.99028e-13     
  19              1.82923e-13     
  19.05           1.74684e-13     
  19.1            1.66817e-13     
  19.15           1.58671e-13     
  19.2            1.50922e-13     
  19.25           1.44143e-13     
  19.3            1.37669e-13     
  19.4            1.27221e-13     
  19.5            1.16774e-13     
  19.55           1.11498e-13     
  19.6            1.0646e-13      
  19.65           1.01172e-13     
  19.7            9.6146e-14      
  19.75           9.18125e-14     
  19.8            8.76744e-14     
  19.9            8.09278e-14     
  20              7.4273e-14      
  20.05           7.08674e-14     
  20.1            6.7618e-14      
  20.15           6.42355e-14     
  20.2            6.10222e-14     
  20.25           5.82311e-14     
  20.3            5.55676e-14     
  20.4            5.12912e-14     
  20.5            4.70186e-14     
  20.55           4.48516e-14     
  20.6            4.27844e-14     
  20.65           4.06121e-14     
  20.7            3.855e-14       
  20.75           3.67765e-14     
  20.8            3.50846e-14     
  20.9            3.23558e-14     
  21              2.9651e-14      
  21.05           2.82656e-14     
  21.1            2.6945e-14      
  21.15           2.55643e-14     
  21.2            2.42544e-14     
  21.25           2.31236e-14     
  21.3            2.20456e-14     
  21.4            2.03244e-14     
  21.5            1.86052e-14     
  21.55           1.77292e-14     
  21.6            1.68945e-14     
  21.65           1.60163e-14     
  21.7            1.51838e-14     
  21.75           1.44705e-14     
  21.8            1.37908e-14     
  21.9            1.27021e-14     
  22              1.16211e-14     
  22.05           1.10674e-14     
  22.1            1.05401e-14     
  22.15           9.98688e-15     
  22.2            9.4627e-15      
  22.25           9.01192e-15     
  22.3            8.58262e-15     
  22.4            7.90196e-15     
  22.45           7.55422e-15     
  22.5            7.22178e-15     
  22.55           6.87463e-15     
  22.6            6.54416e-15     
  22.65           6.19514e-15     
  22.7            5.86474e-15     
  22.75           5.58279e-15     
  22.8            5.3144e-15      
  22.9            4.88916e-15     
  22.95           4.67235e-15     
  23              4.46516e-15     
  23.05           4.24786e-15     
  23.1            4.04114e-15     
  23.15           3.82372e-15     
  23.2            3.618e-15       
  23.25           3.44147e-15     
  23.3            3.27356e-15     
  23.4            3.00926e-15     
  23.45           2.87443e-15     
  23.5            2.74564e-15     
  23.55           2.61061e-15     
  23.6            2.48222e-15     
  23.65           2.34681e-15     
  23.7            2.21878e-15     
  23.75           2.10947e-15     
  23.8            2.00554e-15     
  23.9            1.8422e-15      
  23.95           1.75878e-15     
  24              1.67914e-15     
  24.05           1.59558e-15     
  24.1            1.51618e-15     
  24.15           1.43238e-15     
  24.2            1.35322e-15     
  24.25           1.2855e-15      
  24.3            1.22117e-15     
  24.4            1.1208e-15      
  24.45           1.06943e-15     
  24.5            1.02042e-15     
  24.55           9.68982e-16     
  24.6            9.20136e-16     
  24.65           8.68541e-16     
  24.7            8.1984e-16      
  24.75           7.78365e-16     
  24.8            7.38988e-16     
  24.9            6.7763e-16      
  24.95           6.46243e-16     
  25              6.1631e-16      
  25.05           5.84846e-16     
  25.1            5.54988e-16     
  25.15           5.23426e-16     
  25.2            4.93658e-16     
  25.25           4.68249e-16     
  25.3            4.44148e-16     
  25.4            4.06882e-16     
  25.45           3.87815e-16     
  25.5            3.69642e-16     
  25.55           3.50524e-16     
  25.6            3.32394e-16     
  25.65           3.13221e-16     
  25.7            2.95154e-16     
  25.75           2.79729e-16     
  25.8            2.6511e-16      
  25.9            2.4263e-16      
  25.95           2.31118e-16     
  26              2.20152e-16     
  26.05           2.0861e-16      
  26.1            1.97673e-16     
  26.15           1.8609e-16      
  26.2            1.75185e-16     
  26.25           1.65918e-16     
  26.3            1.57142e-16     
  26.35           1.5025e-16      
  26.4            1.43661e-16     
  26.45           1.36754e-16     
  26.5            1.30179e-16     
  26.55           1.23254e-16     
  26.6            1.16698e-16     
  26.65           1.0975e-16      
  26.7            1.03216e-16     
  26.75           9.76745e-17     
  26.8            9.24306e-17     
  26.85           8.8322e-17      
  26.9            8.4396e-17      
  26.95           8.02788e-17     
  27              7.63624e-17     
  27.05           7.22335e-17     
  27.1            6.83278e-17     
  27.15           6.41854e-17     
  27.2            6.02942e-17     
  27.25           5.68128e-17     
  27.3            5.35324e-17     
  27.35           5.11284e-17     
  27.4            4.88324e-17     
  27.45           4.64235e-17     
  27.5            4.41334e-17     
  27.55           4.17173e-17     
  27.6            3.94334e-17     
  27.65           3.70089e-17     
  27.7            3.47334e-17     
  27.75           3.28091e-17     
  27.8            3.09914e-17     
  27.85           2.95786e-17     
  27.9            2.82302e-17     
  27.95           2.68141e-17     
  28              2.5469e-17      
  28.05           2.40483e-17     
  28.1            2.27068e-17     
  28.15           2.12815e-17     
  28.2            1.99457e-17     
  28.25           1.88175e-17     
  28.3            1.77532e-17     
  28.35           1.69328e-17     
  28.4            1.61503e-17     
  28.45           1.53284e-17     
  28.5            1.45483e-17     
  28.55           1.37235e-17     
  28.6            1.29454e-17     
  28.65           1.21175e-17     
  28.7            1.13425e-17     
  28.75           1.06902e-17     
  28.8            1.00754e-17     
  28.85           9.60232e-18     
  28.9            9.15146e-18     
  28.95           8.67704e-18     
  29              8.22722e-18     
  29.05           7.75133e-18     
  29.1            7.30296e-18     
  29.15           6.82516e-18     
  29.2            6.37862e-18     
  29.25           6.00295e-18     
  29.3            5.6494e-18      
  29.35           5.37937e-18     
  29.4            5.12224e-18     
  29.45           4.85157e-18     
  29.5            4.5952e-18      
  29.55           4.32359e-18     
  29.6            4.06804e-18     
  29.65           3.79533e-18     
  29.7            3.5409e-18      
  29.75           3.32666e-18     
  29.8            3.12538e-18     
  29.85           2.97332e-18     
  29.9            2.82866e-18     
  29.95           2.67618e-18     
  30              2.53192e-18     
  30.05           2.37894e-18     
  30.1            2.2352e-18      
  30.15           2.08155e-18     
  30.2            1.93847e-18     
  30.25           1.81804e-18     
  30.3            1.7051e-18      
  30.35           1.62052e-18     
  30.4            1.54013e-18     
  30.45           1.45526e-18     
  30.5            1.37507e-18     
  30.55           1.28995e-18     
  30.6            1.2101e-18      
  30.65           1.1246e-18      
  30.7            1.04514e-18     
  30.75           9.78756e-19     
  30.8            9.16588e-19     
  30.85           8.70153e-19     
  30.9            8.2607e-19      
  30.95           7.79494e-19     
  31              7.35544e-19     
  31.05           6.88795e-19     
  31.1            6.45018e-19     
  31.15           5.98045e-19     
  31.2            5.54492e-19     
  31.25           5.18438e-19     
  31.3            4.84728e-19     
  31.35           4.59604e-19     
  31.4            4.35782e-19     
  31.45           4.1058e-19      
  31.5            3.86836e-19     
  31.55           3.61536e-19     
  31.6            3.3789e-19      
  31.65           3.1246e-19      
  31.7            2.88944e-19     
  31.75           2.69544e-19     
  31.8            2.51446e-19     
  31.85           2.38087e-19     
  31.9            2.25438e-19     
  31.95           2.1204e-19      
  32              1.99438e-19     
  32.05           1.85985e-19     
  32.1            1.73439e-19     
  32.15           1.59911e-19     
  32.2            1.47439e-19     
  32.25           1.37183e-19     
  32.3            1.27641e-19     
  32.35           1.20722e-19     
  32.4            1.14179e-19     
  32.45           1.07232e-19     
  32.5            1.00707e-19     
  32.55           9.37316e-20     
  32.6            8.72394e-20     
  32.65           8.02225e-20     
  32.7            7.377e-20       
  32.75           6.82985e-20     
  32.8            6.32328e-20     
  32.85           5.97311e-20     
  32.9            5.64234e-20     
  32.95           5.29092e-20     
  33              4.96138e-20     
  33.05           4.60835e-20     
  33.1            4.28044e-20     
  33.15           3.92522e-20     
  33.2            3.59948e-20     
  33.25           3.33393e-20     
  33.3            3.08798e-20     
  33.35           2.91249e-20     
  33.4            2.74698e-20     
  33.45           2.57083e-20     
  33.5            2.40598e-20     
  33.55           2.22897e-20     
  33.6            2.06498e-20     
  33.625          1.97388e-20     
  33.65           1.8868e-20      
  33.675          1.80356e-20     
  33.7            1.72399e-20     
  33.725          1.63309e-20     
  33.75           1.54698e-20     
  33.775          1.46541e-20     
  33.8            1.38814e-20     
  33.85           1.30847e-20     
  33.9            1.23338e-20     
  33.95           1.15346e-20     
  34              1.07872e-20     
  34.05           9.98347e-21     
  34.1            9.23962e-21     
  34.125          8.82582e-21     
  34.15           8.43056e-21     
  34.175          8.05299e-21     
  34.2            7.69234e-21     
  34.25           7.07373e-21     
  34.3            6.50486e-21     
  34.35           6.12074e-21     
  34.4            5.7593e-21      
  34.45           5.37362e-21     
  34.5            5.01376e-21     
  34.55           4.626e-21       
  34.6            4.26822e-21     
  34.625          4.06818e-21     
  34.65           3.87752e-21     
  34.675          3.69579e-21     
  34.7            3.52258e-21     
  34.725          3.29163e-21     
  34.75           3.07582e-21     
  34.775          2.87416e-21     
  34.8            2.68572e-21     
  34.85           2.52679e-21     
  34.9            2.37726e-21     
  34.95           2.21762e-21     
  35              2.0687e-21      
  35.05           1.90825e-21     
  35.1            1.76024e-21     
  35.125          1.67747e-21     
  35.15           1.59859e-21     
  35.175          1.52342e-21     
  35.2            1.45178e-21     
  35.25           1.32957e-21     
  35.3            1.21764e-21     
  35.35           1.14334e-21     
  35.4            1.07357e-21     
  35.45           9.98924e-22     
  35.5            9.29468e-22     
  35.55           8.54391e-22     
  35.6            7.85378e-22     
  35.625          7.46576e-22     
  35.65           7.09691e-22     
  35.675          6.74628e-22     
  35.7            6.41298e-22     
  35.725          6.132e-22       
  35.75           5.86332e-22     
  35.775          5.60642e-22     
  35.8            5.36078e-22     
  35.85           5.01798e-22     
  35.9            4.6971e-22      
  35.95           4.35267e-22     
  36              4.0335e-22      
  36.025          3.85623e-22     
  36.05           3.68676e-22     
  36.075          3.52473e-22     
  36.1            3.36982e-22     
  36.125          3.19001e-22     
  36.15           3.0198e-22      
  36.175          2.85867e-22     
  36.2            2.70614e-22     
  36.225          2.57873e-22     
  36.25           2.45732e-22     
  36.275          2.34163e-22     
  36.3            2.23138e-22     
  36.35           2.08346e-22     
  36.4            1.94534e-22     
  36.45           1.79669e-22     
  36.5            1.65939e-22     
  36.525          1.58273e-22     
  36.55           1.50961e-22     
  36.575          1.43987e-22     
  36.6            1.37335e-22     
  36.625          1.29549e-22     
  36.65           1.22204e-22     
  36.675          1.15276e-22     
  36.7            1.0874e-22      
  36.725          1.02417e-22     
  36.75           9.64616e-23     
  36.775          9.08525e-23     
  36.8            8.55696e-23     
  36.85           7.9704e-23      
  36.9            7.42404e-23     
  36.95           6.83416e-23     
  37              6.29114e-23     
  37.025          5.98652e-23     
  37.05           5.69664e-23     
  37.075          5.4208e-23      
  37.1            5.15832e-23     
  37.125          4.84823e-23     
  37.15           4.55679e-23     
  37.175          4.28286e-23     
  37.2            4.0254e-23      
  37.225          3.80795e-23     
  37.25           3.60224e-23     
  37.275          3.40764e-23     
  37.3            3.22356e-23     
  37.35           2.97884e-23     
  37.4            2.7527e-23      
  37.425          2.62658e-23     
  37.45           2.50625e-23     
  37.475          2.39142e-23     
  37.5            2.28186e-23     
  37.525          2.15376e-23     
  37.55           2.03284e-23     
  37.575          1.91872e-23     
  37.6            1.811e-23       
  37.625          1.67968e-23     
  37.65           1.55789e-23     
  37.675          1.44492e-23     
  37.7            1.34015e-23     
  37.725          1.25351e-23     
  37.75           1.17247e-23     
  37.775          1.09667e-23     
  37.8            1.02577e-23     
  37.85           9.43476e-24     
  37.9            8.67784e-24     
  37.925          8.25262e-24     
  37.95           7.84823e-24     
  37.975          7.46367e-24     
  38              7.09794e-24     
  38.025          6.66489e-24     
  38.05           6.25826e-24     
  38.075          5.87644e-24     
  38.1            5.51792e-24     
  38.125          5.07166e-24     
  38.15           4.6615e-24      
  38.175          4.2845e-24      
  38.2            3.938e-24       
  38.225          3.63222e-24     
  38.25           3.35019e-24     
  38.275          3.09006e-24     
  38.3            2.85012e-24     
  38.325          2.68781e-24     
  38.35           2.53475e-24     
  38.375          2.39041e-24     
  38.4            2.25428e-24     
  38.425          2.08779e-24     
  38.45           1.9336e-24      
  38.475          1.7908e-24      
  38.5            1.65854e-24     
  38.5125         1.56878e-24     
  38.525          1.48387e-24     
  38.5375         1.40356e-24     
  38.55           1.3276e-24      
  38.5625         1.25574e-24     
  38.575          1.18778e-24     
  38.5875         1.1235e-24      
  38.6            1.06269e-24     
  38.60625        1.00945e-24     
  38.6125         9.58877e-25     
  38.61875        9.10837e-25     
  38.625          8.65205e-25     
  38.63125        8.21858e-25     
  38.6375         7.80683e-25     
  38.64375        7.41571e-25     
  38.65           7.04419e-25     
  38.65625        6.69128e-25     
  38.6625         6.35605e-25     
  38.66875        6.03761e-25     
  38.675          5.73513e-25     
  38.68125        5.4478e-25      
  38.6875         5.17487e-25     
  38.69375        4.91561e-25     
  38.7            4.66934e-25     
  38.70625        4.36092e-25     
  38.7125         4.07287e-25     
  38.71875        3.80385e-25     
  38.725          3.5526e-25      
  38.73125        3.31794e-25     
  38.7375         3.09878e-25     
  38.74375        2.8941e-25      
  38.75           2.70294e-25     
  38.75625        2.5244e-25      
  38.7625         2.35766e-25     
  38.76875        2.20193e-25     
  38.775          2.05649e-25     
  38.78125        1.92066e-25     
  38.7875         1.79379e-25     
  38.79375        1.67531e-25     
  38.8            1.56465e-25     
  38.85           1.43339e-25     
  38.9            1.31315e-25     
  38.925          1.24517e-25     
  38.95           1.18072e-25     
  38.975          1.1196e-25      
  39              1.06164e-25     
  39.025          9.92236e-26     
  39.05           9.27369e-26     
  39.075          8.66743e-26     
  39.1            8.1008e-26      
  39.1125         7.73297e-26     
  39.125          7.38184e-26     
  39.1375         7.04665e-26     
  39.15           6.72669e-26     
  39.1625         6.42125e-26     
  39.175          6.12968e-26     
  39.1875         5.85135e-26     
  39.2            5.58566e-26     
  39.2125         5.33958e-26     
  39.225          5.10434e-26     
  39.2375         4.87947e-26     
  39.25           4.6645e-26      
  39.2625         4.45901e-26     
  39.275          4.26256e-26     
  39.2875         4.07478e-26     
  39.3            3.89526e-26     
  39.325          3.65807e-26     
  39.35           3.43532e-26     
  39.375          3.22613e-26     
  39.4            3.02968e-26     
  39.425          2.78524e-26     
  39.45           2.56052e-26     
  39.475          2.35394e-26     
  39.5            2.16402e-26     
  39.5125         2.03017e-26     
  39.525          1.90459e-26     
  39.5375         1.78679e-26     
  39.55           1.67627e-26     
  39.5625         1.57258e-26     
  39.575          1.47531e-26     
  39.5875         1.38406e-26     
  39.6            1.29845e-26     
  39.60625        1.21229e-26     
  39.6125         1.13184e-26     
  39.61875        1.05673e-26     
  39.625          9.86607e-27     
  39.63125        9.21137e-27     
  39.6375         8.60011e-27     
  39.64375        8.02941e-27     
  39.65           7.49658e-27     
  39.65625        6.99911e-27     
  39.6625         6.53466e-27     
  39.66875        6.10102e-27     
  39.675          5.69616e-27     
  39.68125        5.31817e-27     
  39.6875         4.96526e-27     
  39.69375        4.63577e-27     
  39.7            4.32814e-27     
  39.8            0.00            
//
#-------------------------------------------------------------------------------
#
#name:   JENDL-5: PU-239(N,F) E_in=60. MeV
#X.axis: Energy
#Y.axis: 
#wdata:  2
#ldata:  970
#data...
# X               Y              
# MeV             1/eV           
  0.00            0.00            
  1.00e-8         1.02672e-10     
  1.25e-8         1.11965e-10     
  1.50e-8         1.22098e-10     
  1.75e-8         1.33149e-10     
  2.00e-8         1.452e-10       
  2.25e-8         1.52749e-10     
  2.50e-8         1.6069e-10      
  2.75e-8         1.69044e-10     
  3.00e-8         1.77832e-10     
  3.50e-8         1.91093e-10     
  4.00e-8         2.05342e-10     
  4.50e-8         2.17123e-10     
  5.00e-8         2.2958e-10      
  5.50e-8         2.40286e-10     
  6.00e-8         2.51492e-10     
  7.00e-8         2.71642e-10     
  8.00e-8         2.90398e-10     
  9.00e-8         3.07059e-10     
  1.00e-7         3.24676e-10     
  1.125e-7        3.41555e-10     
  1.25e-7         3.59312e-10     
  1.375e-7        3.77993e-10     
  1.50e-7         3.97644e-10     
  1.75e-7         4.27296e-10     
  2.00e-7         4.5916e-10      
  2.25e-7         4.85503e-10     
  2.50e-7         5.13358e-10     
  2.75e-7         5.37298e-10     
  3.00e-7         5.62354e-10     
  3.50e-7         6.07412e-10     
  4.00e-7         6.49352e-10     
  4.50e-7         6.88742e-10     
  5.00e-7         7.25996e-10     
  5.50e-7         7.61432e-10     
  6.00e-7         7.9529e-10      
  6.50e-7         8.27764e-10     
  7.00e-7         8.5901e-10      
  7.50e-7         8.8916e-10      
  8.00e-7         9.18322e-10     
  8.50e-7         9.46584e-10     
  9.00e-7         9.74028e-10     
  9.50e-7         1.00072e-9      
  1.00e-6         1.02671e-9      
  1.125e-6        1.080089e-9     
  1.25e-6         1.136242e-9     
  1.375e-6        1.195316e-9     
  1.50e-6         1.25746e-9      
  1.75e-6         1.351229e-9     
  2.00e-6         1.45199e-9      
  2.25e-6         1.535295e-9     
  2.50e-6         1.62338e-9      
  2.75e-6         1.699085e-9     
  3.00e-6         1.77832e-9      
  3.50e-6         1.9208e-9       
  4.00e-6         2.05342e-9      
  4.50e-6         2.17798e-9      
  5.00e-6         2.29579e-9      
  5.50e-6         2.40785e-9      
  6.00e-6         2.51491e-9      
  6.50e-6         2.61761e-9      
  7.00e-6         2.71642e-9      
  7.50e-6         2.81176e-9      
  8.00e-6         2.90397e-9      
  8.50e-6         2.99334e-9      
  9.00e-6         3.08012e-9      
  9.50e-6         3.16452e-9      
  1.00e-5         3.24673e-9      
  1.125e-5        3.41552e-9      
  1.25e-5         3.593086e-9     
  1.375e-5        3.779882e-9     
  1.50e-5         3.97639e-9      
  1.75e-5         4.2729e-9       
  2.00e-5         4.59152e-9      
  2.25e-5         4.854929e-9     
  2.50e-5         5.13345e-9      
  2.75e-5         5.372838e-9     
  3.00e-5         5.62339e-9      
  3.50e-5         6.07392e-9      
  4.00e-5         6.49326e-9      
  4.50e-5         6.88711e-9      
  5.00e-5         7.25961e-9      
  5.50e-5         7.61391e-9      
  6.00e-5         7.95243e-9      
  6.50e-5         8.27711e-9      
  7.00e-5         8.58952e-9      
  7.50e-5         8.89095e-9      
  8.00e-5         9.18249e-9      
  8.50e-5         9.46505e-9      
  9.00e-5         9.7394e-9       
  9.50e-5         1.00062e-8      
  1.00e-4         1.02661e-8      
  1.125e-4        1.079971e-8     
  1.25e-4         1.136106e-8     
  1.375e-4        1.195158e-8     
  1.50e-4         1.25728e-8      
  1.75e-4         1.351002e-8     
  2.00e-4         1.45171e-8      
  2.25e-4         1.534953e-8     
  2.50e-4         1.62297e-8      
  2.75e-4         1.698617e-8     
  3.00e-4         1.77779e-8      
  3.50e-4         1.92014e-8      
  4.00e-4         2.05261e-8      
  4.50e-4         2.17701e-8      
  5.00e-4         2.29466e-8      
  5.50e-4         2.40654e-8      
  6.00e-4         2.51342e-8      
  6.50e-4         2.61592e-8      
  7.00e-4         2.71453e-8      
  7.50e-4         2.80967e-8      
  8.00e-4         2.90167e-8      
  8.50e-4         2.99082e-8      
  9.00e-4         3.07738e-8      
  9.50e-4         3.16155e-8      
  1.00e-3         3.24352e-8      
  1.125e-3        3.411721e-8     
  1.25e-3         3.588644e-8     
  1.375e-3        3.774742e-8     
  1.50e-3         3.97049e-8      
  1.75e-3         4.265505e-8     
  2.00e-3         4.58244e-8      
  2.25e-3         4.844128e-8     
  2.50e-3         5.12076e-8      
  2.75e-3         5.358229e-8     
  3.00e-3         5.60671e-8      
  3.50e-3         6.05291e-8      
  4.00e-3         6.4676e-8       
  4.50e-3         6.8565e-8       
  5.00e-3         7.22377e-8      
  5.50e-3         7.57256e-8      
  6.00e-3         7.90533e-8      
  6.50e-3         8.22402e-8      
  7.00e-3         8.5302e-8       
  7.50e-3         8.82518e-8      
  8.00e-3         9.11005e-8      
  8.50e-3         9.38573e-8      
  9.00e-3         9.65301e-8      
  9.50e-3         9.91257e-8      
  0.01            1.0165e-7       
  0.01125         1.068011e-7     
  0.0125          1.122132e-7     
  0.01375         1.178995e-7     
  0.015           1.23874e-7      
  0.0175          1.327789e-7     
  0.02            1.42324e-7      
  0.0225          1.501138e-7     
  0.025           1.5833e-7       
  0.03            1.72577e-7      
  0.035           1.85474e-7      
  0.04            1.97292e-7      
  0.045           2.08216e-7      
  0.05            2.18384e-7      
  0.055           2.27901e-7      
  0.06            2.36847e-7      
  0.065           2.45289e-7      
  0.07            2.53279e-7      
  0.075           2.60861e-7      
  0.08            2.68072e-7      
  0.085           2.74944e-7      
  0.09            2.81504e-7      
  0.095           2.87776e-7      
  0.1             2.93779e-7      
  0.125           3.170929e-7     
  0.15            3.42257e-7      
  0.175           3.586981e-7     
  0.2             3.75929e-7      
  0.25            3.99804e-7      
  0.3             4.16603e-7      
  0.35            4.28037e-7      
  0.4             4.35274e-7      
  0.45            4.39161e-7      
  0.5             4.4034e-7       
  0.6             4.39621e-7      
  0.7             4.38912e-7      
  0.8             4.27181e-7      
  0.9             4.11616e-7      
  1               3.93473e-7      
  1.1             3.75339e-7      
  1.2             3.56784e-7      
  1.3             3.37836e-7      
  1.4             3.19099e-7      
  1.5             3.00371e-7      
  1.6             2.82736e-7      
  1.7             2.65101e-7      
  1.8             2.48971e-7      
  1.9             2.3308e-7       
  2               2.18502e-7      
  2.1             2.03934e-7      
  2.2             1.90622e-7      
  2.3             1.77673e-7      
  2.4             1.66268e-7      
  2.5             1.54863e-7      
  2.6             1.4455e-7       
  2.7             1.34237e-7      
  2.8             1.25228e-7      
  2.9             1.16535e-7      
  3               1.08724e-7      
  3.1             1.00903e-7      
  3.2             9.38617e-8      
  3.3             8.70875e-8      
  3.4             8.12536e-8      
  3.5             7.54234e-8      
  3.6             7.01713e-8      
  3.7             6.49296e-8      
  3.8             6.04097e-8      
  3.9             5.60996e-8      
  4               5.22333e-8      
  4.1             4.8368e-8       
  4.2             4.48784e-8      
  4.3             4.15564e-8      
  4.4             3.87214e-8      
  4.5             3.58893e-8      
  4.6             3.33389e-8      
  4.7             3.07895e-8      
  4.8             2.85995e-8      
  4.9             2.65369e-8      
  5               2.46795e-8      
  5.1             2.2823e-8       
  5.2             2.11429e-8      
  5.3             1.95548e-8      
  5.4             1.82082e-8      
  5.5             1.68626e-8      
  5.6             1.56463e-8      
  5.7             1.44301e-8      
  5.8             1.33902e-8      
  5.9             1.24193e-8      
  6               1.15414e-8      
  6.1             1.06644e-8      
  6.2             9.86605e-9      
  6.3             9.11829e-9      
  6.4             8.48745e-9      
  6.5             7.85719e-9      
  6.6             7.28357e-9      
  6.7             6.71062e-9      
  6.8             6.22182e-9      
  6.9             5.77069e-9      
  7               5.3601e-9       
  7.1             4.95009e-9      
  7.2             4.57429e-9      
  7.3             4.22571e-9      
  7.4             3.93272e-9      
  7.5             3.6402e-9       
  7.6             3.37223e-9      
  7.7             3.10463e-9      
  7.8             2.87672e-9      
  7.9             2.66874e-9      
  8               2.47821e-9      
  8.1             2.28786e-9      
  8.2             2.11228e-9      
  8.3             1.95078e-9      
  8.4             1.81564e-9      
  8.5             1.68079e-9      
  8.6             1.5562e-9       
  8.7             1.43179e-9      
  8.8             1.32618e-9      
  8.9             1.23091e-9      
  9               1.14283e-9      
  9.1             1.05494e-9      
  9.2             9.72996e-10     
  9.3             8.98592e-10     
  9.4             8.36534e-10     
  9.5             7.7459e-10      
  9.6             7.16894e-10     
  9.7             6.59272e-10     
  9.8             6.10432e-10     
  9.9             5.6689e-10      
  10              5.26262e-10     
  10.1            4.8575e-10      
  10.2            4.4772e-10      
  10.3            4.13466e-10     
  10.4            3.8499e-10      
  10.5            3.56572e-10     
  10.6            3.29872e-10     
  10.7            3.03208e-10     
  10.8            2.80646e-10     
  10.9            2.60788e-10     
  11              2.4208e-10      
  11.1            2.23418e-10     
  11.2            2.05736e-10     
  11.3            1.89979e-10     
  11.4            1.76935e-10     
  11.5            1.6391e-10      
  11.6            1.51566e-10     
  11.7            1.3924e-10      
  11.8            1.28813e-10     
  11.9            1.19755e-10     
  12              1.11158e-10     
  12.1            1.02571e-10     
  12.2            9.43686e-11     
  12.3            8.71268e-11     
  12.4            8.11548e-11     
  12.5            7.51924e-11     
  12.6            6.94916e-11     
  12.7            6.37976e-11     
  12.8            5.89912e-11     
  12.9            5.48632e-11     
  13              5.09126e-11     
  13.1            4.69648e-11     
  13.2            4.31628e-11     
  13.3            3.9839e-11      
  13.4            3.71054e-11     
  13.5            3.43788e-11     
  13.6            3.17498e-11     
  13.7            2.91228e-11     
  13.8            2.69098e-11     
  13.9            2.50312e-11     
  14              2.32178e-11     
  14.1            2.14074e-11     
  14.2            1.96516e-11     
  14.3            1.81296e-11     
  14.4            1.68837e-11     
  14.5            1.56396e-11     
  14.6            1.4431e-11      
  14.7            1.32244e-11     
  14.8            1.22094e-11     
  14.9            1.13564e-11     
  15              1.05283e-11     
  15.1            9.7012e-12      
  15.2            8.89354e-12     
  15.3            8.19896e-12     
  15.4            7.63292e-12     
  15.5            7.06754e-12     
  15.6            6.5151e-12      
  15.7            5.96342e-12     
  15.8            5.50032e-12     
  15.9            5.11532e-12     
  16              4.73884e-12     
  16.1            4.36246e-12     
  16.2            3.99396e-12     
  16.3            3.67912e-12     
  16.4            3.4236e-12      
  16.5            3.16826e-12     
  16.6            2.91774e-12     
  16.65           2.78966e-12     
  16.7            2.6672e-12      
  16.8            2.4574e-12      
  16.9            2.2845e-12      
  17              2.11496e-12     
  17.1            1.94532e-12     
  17.15           1.85987e-12     
  17.2            1.77817e-12     
  17.3            1.63642e-12     
  17.4            1.52189e-12     
  17.5            1.40745e-12     
  17.6            1.29464e-12     
  17.65           1.23695e-12     
  17.7            1.18184e-12     
  17.8            1.08753e-12     
  17.9            1.01057e-12     
  18              9.34716e-13     
  18.1            8.58808e-13     
  18.15           8.20433e-13     
  18.2            7.83772e-13     
  18.3            7.20498e-13     
  18.4            6.69634e-13     
  18.5            6.18798e-13     
  18.6            5.68442e-13     
  18.65           5.42696e-13     
  18.7            5.18116e-13     
  18.8            4.76156e-13     
  18.9            4.4219e-13      
  19              4.08586e-13     
  19.1            3.74974e-13     
  19.15           3.57904e-13     
  19.2            3.41612e-13     
  19.3            3.13644e-13     
  19.4            2.91276e-13     
  19.5            2.68906e-13     
  19.6            2.4669e-13      
  19.65           2.35319e-13     
  19.7            2.24472e-13     
  19.8            2.06024e-13     
  19.9            1.91197e-13     
  20              1.76475e-13     
  20.1            1.61744e-13     
  20.15           1.54248e-13     
  20.2            1.47099e-13     
  20.3            1.34879e-13     
  20.4            1.25142e-13     
  20.5            1.15414e-13     
  20.6            1.05734e-13     
  20.65           1.00773e-13     
  20.7            9.6044e-14      
  20.8            8.8021e-14      
  20.9            8.16148e-14     
  21              7.52412e-14     
  21.1            6.88668e-14     
  21.15           6.56112e-14     
  21.2            6.25096e-14     
  21.3            5.72354e-14     
  21.4            5.30508e-14     
  21.5            4.88712e-14     
  21.6            4.4702e-14      
  21.65           4.25669e-14     
  21.7            4.05338e-14     
  21.8            3.70902e-14     
  21.9            3.43586e-14     
  22              3.16358e-14     
  22.05           3.02442e-14     
  22.1            2.89138e-14     
  22.15           2.75207e-14     
  22.2            2.61948e-14     
  22.25           2.50458e-14     
  22.3            2.39472e-14     
  22.4            2.21732e-14     
  22.5            2.0401e-14      
  22.55           1.94959e-14     
  22.6            1.86309e-14     
  22.65           1.77237e-14     
  22.7            1.68607e-14     
  22.75           1.61153e-14     
  22.8            1.54029e-14     
  22.9            1.42547e-14     
  23              1.31075e-14     
  23.05           1.25207e-14     
  23.1            1.19602e-14     
  23.15           1.13726e-14     
  23.2            1.08139e-14     
  23.25           1.03306e-14     
  23.3            9.86892e-15     
  23.4            9.12816e-15     
  23.5            8.38768e-15     
  23.55           8.00883e-15     
  23.6            7.6471e-15      
  23.65           7.26758e-15     
  23.7            6.9069e-15      
  23.75           6.59524e-15     
  23.8            6.29764e-15     
  23.9            5.82138e-15     
  24              5.34552e-15     
  24.05           5.102e-15       
  24.1            4.86958e-15     
  24.15           4.62553e-15     
  24.2            4.39372e-15     
  24.25           4.19374e-15     
  24.3            4.00286e-15     
  24.4            3.698e-15       
  24.5            3.39312e-15     
  24.55           3.23709e-15     
  24.6            3.08824e-15     
  24.65           2.93189e-15     
  24.7            2.78346e-15     
  24.75           2.65534e-15     
  24.8            2.53312e-15     
  24.9            2.33866e-15     
  25              2.14428e-15     
  25.05           2.04479e-15     
  25.1            1.94992e-15     
  25.15           1.85018e-15     
  25.2            1.75555e-15     
  25.25           1.67396e-15     
  25.3            1.59616e-15     
  25.4            1.47272e-15     
  25.5            1.34918e-15     
  25.55           1.28597e-15     
  25.6            1.22573e-15     
  25.65           1.16237e-15     
  25.7            1.10229e-15     
  25.75           1.05057e-15     
  25.8            1.00127e-15     
  25.9            9.23148e-16     
  26              8.45084e-16     
  26.05           8.05101e-16     
  26.1            7.6701e-16      
  26.15           7.26926e-16     
  26.2            6.88936e-16     
  26.25           6.56295e-16     
  26.3            6.252e-16       
  26.4            5.76052e-16     
  26.5            5.26904e-16     
  26.55           5.01729e-16     
  26.6            4.77756e-16     
  26.65           4.52515e-16     
  26.7            4.28608e-16     
  26.75           4.0803e-16      
  26.8            3.8844e-16      
  26.9            3.57646e-16     
  26.95           3.41902e-16     
  27              3.26852e-16     
  27.05           3.11074e-16     
  27.1            2.96058e-16     
  27.15           2.80238e-16     
  27.2            2.65264e-16     
  27.25           2.52386e-16     
  27.3            2.40134e-16     
  27.4            2.20936e-16     
  27.45           2.11119e-16     
  27.5            2.01738e-16     
  27.55           1.919e-16       
  27.6            1.82542e-16     
  27.65           1.72677e-16     
  27.7            1.63345e-16     
  27.75           1.55358e-16     
  27.8            1.47761e-16     
  27.9            1.35838e-16     
  27.95           1.29745e-16     
  28              1.23925e-16     
  28.05           1.17813e-16     
  28.1            1.12002e-16     
  28.15           1.05873e-16     
  28.2            1.00079e-16     
  28.25           9.51219e-17     
  28.3            9.04104e-17     
  28.4            8.30516e-17     
  28.45           7.92869e-17     
  28.5            7.56928e-17     
  28.55           7.19188e-17     
  28.6            6.8333e-17      
  28.65           6.45488e-17     
  28.7            6.09742e-17     
  28.75           5.79229e-17     
  28.8            5.50242e-17     
  28.9            5.05004e-17     
  28.95           4.81854e-17     
  29              4.59766e-17     
  29.05           4.36561e-17     
  29.1            4.14528e-17     
  29.15           3.91261e-17     
  29.2            3.693e-17       
  29.25           3.50583e-17     
  29.3            3.32814e-17     
  29.4            3.05162e-17     
  29.45           2.91009e-17     
  29.5            2.77512e-17     
  29.55           2.63324e-17     
  29.6            2.49862e-17     
  29.65           2.35626e-17     
  29.7            2.22202e-17     
  29.75           2.10771e-17     
  29.8            1.99928e-17     
  29.9            1.83155e-17     
  29.95           1.74562e-17     
  30              1.66373e-17     
  30.05           1.57764e-17     
  30.1            1.49601e-17     
  30.15           1.40965e-17     
  30.2            1.32828e-17     
  30.25           1.2591e-17      
  30.3            1.19353e-17     
  30.4            1.09232e-17     
  30.45           1.04049e-17     
  30.5            9.9111e-18      
  30.55           9.39107e-18     
  30.6            8.89832e-18     
  30.65           8.3769e-18      
  30.7            7.88604e-18     
  30.75           7.46943e-18     
  30.8            7.07482e-18     
  30.85           6.76448e-18     
  30.9            6.46776e-18     
  30.95           6.15674e-18     
  31              5.86068e-18     
  31.05           5.5488e-18      
  31.1            5.25352e-18     
  31.15           4.94068e-18     
  31.2            4.64646e-18     
  31.25           4.39674e-18     
  31.3            4.16044e-18     
  31.35           3.97561e-18     
  31.4            3.799e-18       
  31.45           3.61377e-18     
  31.5            3.43758e-18     
  31.55           3.2518e-18      
  31.6            3.07606e-18     
  31.65           2.88971e-18     
  31.7            2.71464e-18     
  31.75           2.56533e-18     
  31.8            2.42424e-18     
  31.85           2.31526e-18     
  31.9            2.21118e-18     
  31.95           2.10196e-18     
  32              1.99813e-18     
  32.05           1.88855e-18     
  32.1            1.78498e-18     
  32.15           1.67507e-18     
  32.2            1.57192e-18     
  32.25           1.48463e-18     
  32.3            1.40218e-18     
  32.35           1.33823e-18     
  32.4            1.2772e-18      
  32.45           1.21305e-18     
  32.5            1.15213e-18     
  32.55           1.08785e-18     
  32.6            1.02715e-18     
  32.65           9.62596e-19     
  32.7            9.021e-19       
  32.75           8.51017e-19     
  32.8            8.02826e-19     
  32.85           7.65681e-19     
  32.9            7.30254e-19     
  32.95           6.93019e-19     
  33              6.57682e-19     
  33.05           6.20336e-19     
  33.1            5.8511e-19      
  33.15           5.47628e-19     
  33.2            5.12548e-19     
  33.25           4.83026e-19     
  33.3            4.55204e-19     
  33.35           4.33823e-19     
  33.4            4.13446e-19     
  33.45           3.92011e-19     
  33.5            3.71688e-19     
  33.55           3.50186e-19     
  33.6            3.29928e-19     
  33.65           3.08343e-19     
  33.7            2.8817e-19      
  33.75           2.71179e-19     
  33.8            2.5519e-19      
  33.85           2.4301e-19      
  33.9            2.31412e-19     
  33.95           2.19201e-19     
  34              2.07634e-19     
  34.05           1.95378e-19     
  34.1            1.83846e-19     
  34.15           1.71545e-19     
  34.2            1.60067e-19     
  34.25           1.50412e-19     
  34.3            1.41339e-19     
  34.35           1.34488e-19     
  34.4            1.27969e-19     
  34.45           1.211e-19       
  34.5            1.14599e-19     
  34.55           1.07707e-19     
  34.6            1.01229e-19     
  34.65           9.43068e-20     
  34.7            8.7858e-20      
  34.75           8.24566e-20     
  34.8            7.73872e-20     
  34.85           7.35655e-20     
  34.9            6.99326e-20     
  34.95           6.60998e-20     
  35              6.2477e-20      
  35.05           5.86313e-20     
  35.1            5.50224e-20     
  35.15           5.1159e-20      
  35.2            4.75668e-20     
  35.25           4.4561e-20      
  35.3            4.17452e-20     
  35.35           3.96492e-20     
  35.4            3.76584e-20     
  35.45           3.55559e-20     
  35.5            3.35708e-20     
  35.55           3.14611e-20     
  35.6            2.9484e-20      
  35.65           2.7364e-20      
  35.7            2.53964e-20     
  35.75           2.37255e-20     
  35.8            2.21646e-20     
  35.85           2.10345e-20     
  35.9            1.99621e-20     
  35.95           1.88282e-20     
  36              1.77587e-20     
  36.05           1.6621e-20      
  36.1            1.55562e-20     
  36.15           1.4413e-20      
  36.2            1.33538e-20     
  36.25           1.24706e-20     
  36.3            1.16459e-20     
  36.35           1.10397e-20     
  36.4            1.04651e-20     
  36.45           9.85662e-21     
  36.5            9.28352e-21     
  36.55           8.6728e-21      
  36.6            8.10226e-21     
  36.65           7.48842e-21     
  36.7            6.92108e-21     
  36.75           6.45091e-21     
  36.8            6.01268e-21     
  36.85           5.69283e-21     
  36.9            5.39e-21        
  36.95           5.06915e-21     
  37              4.7674e-21      
  37.05           4.44521e-21     
  37.1            4.1448e-21      
  37.15           3.82085e-21     
  37.2            3.52222e-21     
  37.25           3.24563e-21     
  37.3            2.99076e-21     
  37.35           2.82938e-21     
  37.4            2.6767e-21      
  37.45           2.51471e-21     
  37.5            2.36252e-21     
  37.55           2.19988e-21     
  37.6            2.04844e-21     
  37.65           1.88487e-21     
  37.7            1.73437e-21     
  37.75           1.61073e-21     
  37.8            1.49591e-21     
  37.85           1.41306e-21     
  37.9            1.3348e-21      
  37.95           1.25166e-21     
  38              1.17369e-21     
  38.05           1.09011e-21     
  38.1            1.01248e-21     
  38.15           9.28431e-22     
  38.2            8.5136e-22      
  38.25           7.88263e-22     
  38.3            7.29842e-22     
  38.35           6.88239e-22     
  38.4            6.49008e-22     
  38.45           6.07242e-22     
  38.5            5.68164e-22     
  38.55           5.26198e-22     
  38.6            4.87332e-22     
  38.625          4.65729e-22     
  38.65           4.45084e-22     
  38.675          4.25354e-22     
  38.7            4.06498e-22     
  38.725          3.88003e-22     
  38.75           3.70349e-22     
  38.775          3.53498e-22     
  38.8            3.37414e-22     
  38.85           3.17709e-22     
  38.9            2.99154e-22     
  38.95           2.7937e-22      
  39              2.60894e-22     
  39.05           2.41005e-22     
  39.1            2.22632e-22     
  39.125          2.12381e-22     
  39.15           2.02601e-22     
  39.175          1.93272e-22     
  39.2            1.84373e-22     
  39.25           1.69643e-22     
  39.3            1.56089e-22     
  39.35           1.46656e-22     
  39.4            1.37793e-22     
  39.45           1.28319e-22     
  39.5            1.19497e-22     
  39.55           1.09969e-22     
  39.6            1.012e-22       
  39.625          9.62793e-23     
  39.65           9.15979e-23     
  39.675          8.71441e-23     
  39.7            8.29068e-23     
  39.725          7.72516e-23     
  39.75           7.19821e-23     
  39.775          6.70721e-23     
  39.8            6.2497e-23      
  39.85           5.8655e-23      
  39.9            5.50492e-23     
  39.95           5.11894e-23     
  40              4.76002e-23     
  40.05           4.37174e-23     
  40.1            4.01514e-23     
  40.125          3.81435e-23     
  40.15           3.6236e-23      
  40.175          3.44239e-23     
  40.2            3.27024e-23     
  40.225          3.12546e-23     
  40.25           2.98708e-23     
  40.275          2.85483e-23     
  40.3            2.72844e-23     
  40.35           2.55348e-23     
  40.4            2.38974e-23     
  40.45           2.21391e-23     
  40.5            2.05102e-23     
  40.525          1.96053e-23     
  40.55           1.87404e-23     
  40.575          1.79136e-23     
  40.6            1.71233e-23     
  40.625          1.62053e-23     
  40.65           1.53365e-23     
  40.675          1.45143e-23     
  40.7            1.37362e-23     
  40.725          1.30849e-23     
  40.75           1.24644e-23     
  40.775          1.18734e-23     
  40.8            1.13104e-23     
  40.85           1.05533e-23     
  40.9            9.84688e-24     
  40.95           9.08523e-24     
  41              8.3825e-24      
  41.025          7.98975e-24     
  41.05           7.6154e-24      
  41.075          7.25859e-24     
  41.1            6.9185e-24      
  41.125          6.51928e-24     
  41.15           6.1431e-24      
  41.175          5.78862e-24     
  41.2            5.4546e-24      
  41.225          5.17453e-24     
  41.25           4.90884e-24     
  41.275          4.65679e-24     
  41.3            4.41768e-24     
  41.35           4.10154e-24     
  41.4            3.80802e-24     
  41.45           3.48985e-24     
  41.5            3.19826e-24     
  41.525          3.03353e-24     
  41.55           2.87728e-24     
  41.575          2.72909e-24     
  41.6            2.58852e-24     
  41.625          2.4204e-24      
  41.65           2.2632e-24      
  41.675          2.11621e-24     
  41.7            1.97877e-24     
  41.725          1.86087e-24     
  41.75           1.75e-24        
  41.775          1.64573e-24     
  41.8            1.54767e-24     
  41.85           1.43606e-24     
  41.9            1.3325e-24      
  41.95           1.22018e-24     
  42              1.11733e-24     
  42.025          1.05916e-24     
  42.05           1.00402e-24     
  42.075          9.51754e-25     
  42.1            9.02206e-25     
  42.125          8.42806e-25     
  42.15           7.87317e-25     
  42.175          7.35481e-25     
  42.2            6.87058e-25     
  42.225          6.36022e-25     
  42.25           5.88777e-25     
  42.275          5.45041e-25     
  42.3            5.04554e-25     
  42.35           4.66762e-25     
  42.4            4.318e-25       
  42.425          4.12334e-25     
  42.45           3.93746e-25     
  42.475          3.75996e-25     
  42.5            3.59046e-25     
  42.525          3.39288e-25     
  42.55           3.20616e-25     
  42.575          3.02973e-25     
  42.6            2.863e-25       
  42.625          2.66066e-25     
  42.65           2.47261e-25     
  42.675          2.29786e-25     
  42.7            2.13546e-25     
  42.725          1.95564e-25     
  42.75           1.79097e-25     
  42.775          1.64016e-25     
  42.8            1.50205e-25     
  42.85           1.38377e-25     
  42.9            1.2748e-25      
  42.925          1.21377e-25     
  42.95           1.15566e-25     
  42.975          1.10034e-25     
  43              1.04766e-25     
  43.025          9.85558e-26     
  43.05           9.27138e-26     
  43.075          8.7218e-26      
  43.1            8.2048e-26      
  43.125          7.56607e-26     
  43.15           6.97706e-26     
  43.175          6.43391e-26     
  43.2            5.93304e-26     
  43.225          5.51435e-26     
  43.25           5.1252e-26      
  43.275          4.76352e-26     
  43.3            4.42736e-26     
  43.325          4.22962e-26     
  43.35           4.04072e-26     
  43.375          3.86025e-26     
  43.4            3.68784e-26     
  43.425          3.48716e-26     
  43.45           3.2974e-26      
  43.475          3.11797e-26     
  43.5            2.9483e-26      
  43.525          2.74294e-26     
  43.55           2.55189e-26     
  43.575          2.37415e-26     
  43.6            2.20878e-26     
  43.6125         2.09904e-26     
  43.625          1.99476e-26     
  43.6375         1.89565e-26     
  43.65           1.80147e-26     
  43.6625         1.71197e-26     
  43.675          1.62691e-26     
  43.6875         1.54608e-26     
  43.7            1.46927e-26     
  43.7125         1.40188e-26     
  43.725          1.33759e-26     
  43.7375         1.27624e-26     
  43.75           1.21771e-26     
  43.7625         1.16186e-26     
  43.775          1.10857e-26     
  43.7875         1.05773e-26     
  43.8            1.00922e-26     
  43.825          9.60739e-27     
  43.85           9.14587e-27     
  43.875          8.70652e-27     
  43.9            8.28828e-27     
  43.925          7.79492e-27     
  43.95           7.33092e-27     
  43.975          6.89454e-27     
  44              6.48414e-27     
  44.025          5.97655e-27     
  44.05           5.5087e-27      
  44.075          5.07747e-27     
  44.1            4.68e-27        
  44.1125         4.40365e-27     
  44.125          4.14361e-27     
  44.1375         3.89894e-27     
  44.15           3.66871e-27     
  44.1625         3.45207e-27     
  44.175          3.24823e-27     
  44.1875         3.05642e-27     
  44.2            2.87594e-27     
  44.2125         2.71319e-27     
  44.225          2.55965e-27     
  44.2375         2.4148e-27      
  44.25           2.27815e-27     
  44.2625         2.14923e-27     
  44.275          2.02761e-27     
  44.2875         1.91287e-27     
  44.3            1.80462e-27     
  44.325          1.71329e-27     
  44.35           1.62658e-27     
  44.375          1.54426e-27     
  44.4            1.46611e-27     
  44.425          1.37301e-27     
  44.45           1.28581e-27     
  44.475          1.20416e-27     
  44.5            1.12769e-27     
  44.525          1.03141e-27     
  44.55           9.43359e-28     
  44.575          8.6282e-28      
  44.6            7.89158e-28     
  44.6125         7.35785e-28     
  44.625          6.86022e-28     
  44.6375         6.39625e-28     
  44.65           5.96365e-28     
  44.6625         5.56031e-28     
  44.675          5.18426e-28     
  44.6875         4.83363e-28     
  44.7            4.50672e-28     
  44.7125         4.19352e-28     
  44.725          3.90209e-28     
  44.7375         3.63091e-28     
  44.75           3.37858e-28     
  44.7625         3.14378e-28     
  44.775          2.9253e-28      
  44.7875         2.72201e-28     
  44.8            2.53284e-28     
  44.825          2.37859e-28     
  44.85           2.23373e-28     
  44.875          2.0977e-28      
  44.9            1.96995e-28     
  44.925          1.81104e-28     
  44.95           1.66494e-28     
  44.975          1.53063e-28     
  45              1.40716e-28     
  45.0125         1.32011e-28     
  45.025          1.23845e-28     
  45.0375         1.16184e-28     
  45.05           1.08997e-28     
  45.0625         1.02254e-28     
  45.075          9.5929e-29      
  45.0875         8.99949e-29     
  45.1            8.44278e-29     
  45.10625        7.88252e-29     
  45.1125         7.35944e-29     
  45.11875        6.87107e-29     
  45.125          6.4151e-29      
  45.13125        5.9894e-29      
  45.1375         5.59194e-29     
  45.14375        5.22086e-29     
  45.15           4.87441e-29     
  45.15625        4.55094e-29     
  45.1625         4.24894e-29     
  45.16875        3.96698e-29     
  45.175          3.70373e-29     
  45.18125        3.45796e-29     
  45.1875         3.22849e-29     
  45.19375        3.01424e-29     
  45.2            2.81422e-29     
  45.3            0.00            
//
#-------------------------------------------------------------------------------
#
#name:   JENDL-5: PU-239(N,F) E_in=80. MeV
#X.axis: Energy
#Y.axis: 
#wdata:  2
#ldata:  854
#data...
# X               Y              
# MeV             1/eV           
  0.00            0.00            
  1.00e-8         8.36272e-11     
  1.25e-8         9.11962e-11     
  1.50e-8         9.94502e-11     
  1.75e-8         1.08451e-10     
  2.00e-8         1.18267e-10     
  2.25e-8         1.24415e-10     
  2.50e-8         1.30884e-10     
  2.75e-8         1.37688e-10     
  3.00e-8         1.44846e-10     
  3.50e-8         1.55647e-10     
  4.00e-8         1.67254e-10     
  4.50e-8         1.7685e-10      
  5.00e-8         1.86996e-10     
  5.50e-8         1.95717e-10     
  6.00e-8         2.04844e-10     
  7.00e-8         2.21256e-10     
  8.00e-8         2.36532e-10     
  9.00e-8         2.50103e-10     
  1.00e-7         2.64452e-10     
  1.125e-7        2.78201e-10     
  1.25e-7         2.92664e-10     
  1.375e-7        3.0788e-10      
  1.50e-7         3.23886e-10     
  1.75e-7         3.48038e-10     
  2.00e-7         3.73992e-10     
  2.25e-7         3.95449e-10     
  2.50e-7         4.18136e-10     
  2.75e-7         4.37635e-10     
  3.00e-7         4.58044e-10     
  3.50e-7         4.94744e-10     
  4.00e-7         5.28904e-10     
  4.50e-7         5.60988e-10     
  5.00e-7         5.91332e-10     
  5.50e-7         6.20194e-10     
  6.00e-7         6.47772e-10     
  6.50e-7         6.74222e-10     
  7.00e-7         6.99674e-10     
  7.50e-7         7.24232e-10     
  8.00e-7         7.47984e-10     
  8.50e-7         7.71004e-10     
  9.00e-7         7.93356e-10     
  9.50e-7         8.15096e-10     
  1.00e-6         8.3627e-10      
  1.125e-6        8.79748e-10     
  1.25e-6         9.25486e-10     
  1.375e-6        9.73602e-10     
  1.50e-6         1.02422e-9      
  1.75e-6         1.100593e-9     
  2.00e-6         1.18266e-9      
  2.25e-6         1.250513e-9     
  2.50e-6         1.32226e-9      
  2.75e-6         1.383922e-9     
  3.00e-6         1.44846e-9      
  3.50e-6         1.56452e-9      
  4.00e-6         1.67254e-9      
  4.50e-6         1.77399e-9      
  5.00e-6         1.86995e-9      
  5.50e-6         1.96122e-9      
  6.00e-6         2.04843e-9      
  6.50e-6         2.13207e-9      
  7.00e-6         2.21256e-9      
  7.50e-6         2.29021e-9      
  8.00e-6         2.36532e-9      
  8.50e-6         2.43811e-9      
  9.00e-6         2.5088e-9       
  9.50e-6         2.57755e-9      
  1.00e-5         2.6445e-9       
  1.125e-5        2.781985e-9     
  1.25e-5         2.926617e-9     
  1.375e-5        3.078768e-9     
  1.50e-5         3.23883e-9      
  1.75e-5         3.480345e-9     
  2.00e-5         3.73987e-9      
  2.25e-5         3.954421e-9     
  2.50e-5         4.18128e-9      
  2.75e-5         4.376268e-9     
  3.00e-5         4.58035e-9      
  3.50e-5         4.94733e-9      
  4.00e-5         5.2889e-9       
  4.50e-5         5.6097e-9       
  5.00e-5         5.91312e-9      
  5.50e-5         6.20171e-9      
  6.00e-5         6.47746e-9      
  6.50e-5         6.74192e-9      
  7.00e-5         6.9964e-9       
  7.50e-5         7.24194e-9      
  8.00e-5         7.47941e-9      
  8.50e-5         7.70958e-9      
  9.00e-5         7.93306e-9      
  9.50e-5         8.15041e-9      
  1.00e-4         8.36212e-9      
  1.125e-4        8.796784e-9     
  1.25e-4         9.254043e-9     
  1.375e-4        9.735069e-9     
  1.50e-4         1.02411e-8      
  1.75e-4         1.100459e-8     
  2.00e-4         1.1825e-8       
  2.25e-4         1.25032e-8      
  2.50e-4         1.32203e-8      
  2.75e-4         1.383654e-8     
  3.00e-4         1.44815e-8      
  3.50e-4         1.56413e-8      
  4.00e-4         1.67207e-8      
  4.50e-4         1.77343e-8      
  5.00e-4         1.86929e-8      
  5.50e-4         1.96046e-8      
  6.00e-4         2.04756e-8      
  6.50e-4         2.13109e-8      
  7.00e-4         2.21146e-8      
  7.50e-4         2.289e-8        
  8.00e-4         2.36398e-8      
  8.50e-4         2.43665e-8      
  9.00e-4         2.5072e-8       
  9.50e-4         2.57581e-8      
  1.00e-3         2.64264e-8      
  1.125e-3        2.77978e-8      
  1.25e-3         2.924038e-8     
  1.375e-3        3.075782e-8     
  1.50e-3         3.2354e-8       
  1.75e-3         3.476041e-8     
  2.00e-3         3.73458e-8      
  2.25e-3         3.948134e-8     
  2.50e-3         4.1739e-8       
  2.75e-3         4.367768e-8     
  3.00e-3         4.57064e-8      
  3.50e-3         4.9351e-8       
  4.00e-3         5.27396e-8      
  4.50e-3         5.59188e-8      
  5.00e-3         5.89225e-8      
  5.50e-3         6.17764e-8      
  6.00e-3         6.45003e-8      
  6.50e-3         6.71101e-8      
  7.00e-3         6.96185e-8      
  7.50e-3         7.20363e-8      
  8.00e-3         7.43722e-8      
  8.50e-3         7.66337e-8      
  9.00e-3         7.88273e-8      
  9.50e-3         8.09585e-8      
  0.01            8.30319e-8      
  0.01125         8.727066e-8     
  0.0125          9.17258e-8      
  0.01375         9.640838e-8     
  0.015           1.0133e-7       
  0.0175          1.086921e-7     
  0.02            1.16589e-7      
  0.0225          1.23058e-7      
  0.025           1.29886e-7      
  0.03            1.41776e-7      
  0.035           1.52589e-7      
  0.04            1.62543e-7      
  0.045           1.71789e-7      
  0.05            1.80435e-7      
  0.055           1.88568e-7      
  0.06            1.9625e-7       
  0.065           2.03536e-7      
  0.07            2.10466e-7      
  0.075           2.17076e-7      
  0.08            2.23396e-7      
  0.085           2.2945e-7       
  0.09            2.35261e-7      
  0.095           2.40846e-7      
  0.1             2.46222e-7      
  0.125           2.676666e-7     
  0.15            2.90979e-7      
  0.175           3.07143e-7      
  0.2             3.24205e-7      
  0.25            3.49756e-7      
  0.3             3.69696e-7      
  0.35            3.85308e-7      
  0.4             3.9746e-7       
  0.45            4.06779e-7      
  0.5             4.1374e-7       
  0.55            4.1871e-7       
  0.6             4.21985e-7      
  0.65            4.23806e-7      
  0.7             4.24374e-7      
  0.8             4.15797e-7      
  0.9             4.01766e-7      
  1               3.85529e-7      
  1.1             3.69302e-7      
  1.2             3.52665e-7      
  1.3             3.35403e-7      
  1.4             3.17956e-7      
  1.5             3.00519e-7      
  1.6             2.83941e-7      
  1.7             2.67362e-7      
  1.8             2.52082e-7      
  1.9             2.37074e-7      
  2               2.2313e-7       
  2.1             2.09177e-7      
  2.2             1.96258e-7      
  2.3             1.83797e-7      
  2.4             1.72751e-7      
  2.5             1.61705e-7      
  2.6             1.51528e-7      
  2.7             1.41361e-7      
  2.8             1.32422e-7      
  2.9             1.23923e-7      
  3               1.16127e-7      
  3.1             1.08331e-7      
  3.2             1.01149e-7      
  3.3             9.43526e-8      
  3.4             8.84677e-8      
  3.5             8.25847e-8      
  3.6             7.7177e-8       
  3.7             7.17712e-8      
  3.8             6.70767e-8      
  3.9             6.26789e-8      
  4               5.86441e-8      
  4.1             5.46102e-8      
  4.2             5.08857e-8      
  4.3             4.73944e-8      
  4.4             4.44007e-8      
  4.5             4.14099e-8      
  4.6             3.86495e-8      
  4.7             3.5891e-8       
  4.8             3.35071e-8      
  4.9             3.13019e-8      
  5               2.92655e-8      
  5.1             2.72319e-8      
  5.2             2.53438e-8      
  5.3             2.35903e-8      
  5.4             2.20964e-8      
  5.5             2.06025e-8      
  5.6             1.92159e-8      
  5.7             1.78303e-8      
  5.8             1.6636e-8       
  5.9             1.55431e-8      
  6               1.45293e-8      
  6.1             1.35145e-8      
  6.2             1.2567e-8       
  6.3             1.16956e-8      
  6.4             1.0955e-8       
  6.5             1.02154e-8      
  6.6             9.52425e-9      
  6.7             8.8332e-9       
  6.8             8.23896e-9      
  6.9             7.70121e-9      
  7               7.1981e-9       
  7.1             6.69538e-9      
  7.2             6.22174e-9      
  7.3             5.79035e-9      
  7.4             5.42521e-9      
  7.5             5.06047e-9      
  7.6             4.7168e-9       
  7.7             4.37333e-9      
  7.8             4.07835e-9      
  7.9             3.81431e-9      
  8               3.56539e-9      
  8.1             3.31666e-9      
  8.2             3.08052e-9      
  8.3             2.86741e-9      
  8.4             2.68748e-9      
  8.5             2.50774e-9      
  8.6             2.33708e-9      
  8.7             2.16651e-9      
  8.8             2.02024e-9      
  8.9             1.89066e-9      
  9               1.76752e-9      
  9.1             1.64447e-9      
  9.2             1.5268e-9       
  9.3             1.42141e-9      
  9.4             1.33262e-9      
  9.5             1.24402e-9      
  9.6             1.15922e-9      
  9.7             1.07452e-9      
  9.8             1.00193e-9      
  9.9             9.38218e-10     
  10              8.77202e-10     
  10.1            8.16254e-10     
  10.2            7.57542e-10     
  10.3            7.05378e-10     
  10.4            6.61566e-10     
  10.5            6.17802e-10     
  10.6            5.7561e-10      
  10.7            5.33446e-10     
  10.8            4.97332e-10     
  10.9            4.6598e-10      
  11              4.35712e-10     
  11.1            4.05474e-10     
  11.2            3.76122e-10     
  11.3            3.50254e-10     
  11.4            3.28582e-10     
  11.5            3.0693e-10      
  11.6            2.85912e-10     
  11.7            2.64902e-10     
  11.8            2.4692e-10      
  11.9            2.31444e-10     
  12              2.16406e-10     
  12.1            2.0139e-10      
  12.2            1.86724e-10     
  12.3            1.73873e-10     
  12.4            1.6314e-10      
  12.5            1.52416e-10     
  12.6            1.41936e-10     
  12.7            1.31466e-10     
  12.8            1.22509e-10     
  12.9            1.14858e-10     
  13              1.07384e-10     
  13.1            9.99194e-11     
  13.2            9.25884e-11     
  13.3            8.62068e-11     
  13.4            8.08868e-11     
  13.5            7.55678e-11     
  13.6            7.03466e-11     
  13.7            6.5128e-11      
  13.8            6.06678e-11     
  13.9            5.68886e-11     
  14              5.31738e-11     
  14.1            4.9462e-11      
  14.2            4.58048e-11     
  14.3            4.26364e-11     
  14.4            4.00008e-11     
  14.5            3.73662e-11     
  14.6            3.47678e-11     
  14.7            3.21712e-11     
  14.8            2.99542e-11     
  14.9            2.80876e-11     
  15              2.62464e-11     
  15.1            2.4405e-11      
  15.2            2.25842e-11     
  15.3            2.10142e-11     
  15.4            1.97116e-11     
  15.5            1.8408e-11      
  15.6            1.7119e-11      
  15.7            1.583e-11       
  15.8            1.47313e-11     
  15.9            1.38111e-11     
  16              1.29007e-11     
  16.1            1.19893e-11     
  16.2            1.10868e-11     
  16.3            1.0311e-11      
  16.4            9.66808e-12     
  16.5            9.02592e-12     
  16.6            8.38854e-12     
  16.7            7.75136e-12     
  16.8            7.20872e-12     
  16.9            6.75676e-12     
  17              6.30808e-12     
  17.1            5.85932e-12     
  17.2            5.4134e-12      
  17.3            5.03168e-12     
  17.4            4.7163e-12      
  17.5            4.40104e-12     
  17.6            4.08742e-12     
  17.7            3.7739e-12      
  17.8            3.50722e-12     
  17.9            3.28612e-12     
  18              3.06618e-12     
  18.1            2.84614e-12     
  18.2            2.62708e-12     
  18.3            2.44012e-12     
  18.4            2.28614e-12     
  18.5            2.13216e-12     
  18.6            1.97868e-12     
  18.7            1.82528e-12     
  18.8            1.69492e-12     
  18.9            1.58729e-12     
  19              1.48015e-12     
  19.1            1.37292e-12     
  19.2            1.26597e-12     
  19.3            1.17503e-12     
  19.4            1.10019e-12     
  19.5            1.02544e-12     
  19.6            9.50804e-13     
  19.7            8.76216e-13     
  19.8            8.12976e-13     
  19.9            7.60938e-13     
  20              7.09026e-13     
  20.1            6.57116e-13     
  20.2            6.05272e-13     
  20.3            5.61304e-13     
  20.4            5.2524e-13      
  20.5            4.89184e-13     
  20.6            4.53178e-13     
  20.7            4.17162e-13     
  20.8            3.867e-13       
  20.9            3.6172e-13      
  21              3.36768e-13     
  21.1            3.11818e-13     
  21.2            2.86896e-13     
  21.3            2.658e-13       
  21.4            2.48548e-13     
  21.5            2.31298e-13     
  21.6            2.14056e-13     
  21.7            1.96824e-13     
  21.8            1.82265e-13     
  21.9            1.70361e-13     
  22              1.58466e-13     
  22.1            1.46581e-13     
  22.2            1.34696e-13     
  22.3            1.24665e-13     
  22.4            1.16478e-13     
  22.5            1.08292e-13     
  22.6            1.00115e-13     
  22.7            9.19346e-14     
  22.8            8.50388e-14     
  22.9            7.94232e-14     
  23              7.38096e-14     
  23.1            6.8196e-14      
  23.2            6.25832e-14     
  23.3            5.78546e-14     
  23.4            5.4011e-14      
  23.5            5.01674e-14     
  23.6            4.63248e-14     
  23.7            4.24822e-14     
  23.8            3.92476e-14     
  23.9            3.66238e-14     
  24              3.39998e-14     
  24.1            3.1377e-14      
  24.2            2.87532e-14     
  24.3            2.65478e-14     
  24.4            2.47612e-14     
  24.5            2.29746e-14     
  24.6            2.1189e-14      
  24.7            1.94023e-14     
  24.8            1.79016e-14     
  24.9            1.66897e-14     
  25              1.54768e-14     
  25.1            1.42639e-14     
  25.2            1.3051e-14      
  25.3            1.20333e-14     
  25.4            1.12126e-14     
  25.5            1.0392e-14      
  25.6            9.57098e-15     
  25.65           9.15137e-15     
  25.7            8.75016e-15     
  25.8            8.06244e-15     
  25.9            7.50858e-15     
  26              6.95464e-15     
  26.1            6.40068e-15     
  26.15           6.11744e-15     
  26.2            5.84674e-15     
  26.3            5.38306e-15     
  26.4            5.0106e-15      
  26.5            4.63804e-15     
  26.6            4.2655e-15      
  26.65           4.07496e-15     
  26.7            3.89294e-15     
  26.8            3.58168e-15     
  26.9            3.33188e-15     
  27              3.08218e-15     
  27.1            2.83248e-15     
  27.15           2.70475e-15     
  27.2            2.58278e-15     
  27.3            2.37434e-15     
  27.4            2.2075e-15      
  27.5            2.04074e-15     
  27.6            1.87388e-15     
  27.65           1.78851e-15     
  27.7            1.70702e-15     
  27.8            1.56797e-15     
  27.9            1.45693e-15     
  28              1.34589e-15     
  28.1            1.23484e-15     
  28.15           1.17806e-15     
  28.2            1.1239e-15      
  28.3            1.03149e-15     
  28.4            9.5784e-16      
  28.5            8.84208e-16     
  28.6            8.10586e-16     
  28.65           7.72894e-16     
  28.7            7.36954e-16     
  28.8            6.75782e-16     
  28.9            6.2715e-16      
  29              5.78518e-16     
  29.1            5.29884e-16     
  29.15           5.04978e-16     
  29.2            4.81242e-16     
  29.3            4.40894e-16     
  29.4            4.08898e-16     
  29.5            3.76902e-16     
  29.6            3.44906e-16     
  29.65           3.2852e-16      
  29.7            3.12912e-16     
  29.8            2.8639e-16      
  29.9            2.6543e-16      
  30              2.4447e-16      
  30.05           2.33755e-16     
  30.1            2.2351e-16      
  30.15           2.12772e-16     
  30.2            2.0255e-16      
  30.25           1.93687e-16     
  30.3            1.85212e-16     
  30.4            1.71541e-16     
  30.5            1.57861e-16     
  30.55           1.50871e-16     
  30.6            1.4419e-16      
  30.65           1.37185e-16     
  30.7            1.3052e-16      
  30.75           1.24747e-16     
  30.8            1.1923e-16      
  30.9            1.1035e-16      
  31              1.01461e-16     
  31.05           9.69211e-17     
  31.1            9.25844e-17     
  31.15           8.80322e-17     
  31.2            8.37038e-17     
  31.25           7.99589e-17     
  31.3            7.63816e-17     
  31.4            7.06412e-17     
  31.5            6.49008e-17     
  31.55           6.19641e-17     
  31.6            5.91602e-17     
  31.65           5.62168e-17     
  31.7            5.34198e-17     
  31.75           5.10027e-17     
  31.8            4.8695e-17      
  31.9            4.50018e-17     
  32              4.13084e-17     
  32.05           3.94186e-17     
  32.1            3.76152e-17     
  32.15           3.57208e-17     
  32.2            3.39218e-17     
  32.25           3.23695e-17     
  32.3            3.08882e-17     
  32.4            2.85228e-17     
  32.5            2.61586e-17     
  32.55           2.49484e-17     
  32.6            2.37942e-17     
  32.65           2.25807e-17     
  32.7            2.1429e-17      
  32.75           2.04371e-17     
  32.8            1.94911e-17     
  32.9            1.79855e-17     
  33              1.64789e-17     
  33.05           1.57075e-17     
  33.1            1.49723e-17     
  33.15           1.41996e-17     
  33.2            1.34667e-17     
  33.25           1.28362e-17     
  33.3            1.22352e-17     
  33.4            1.128e-17       
  33.5            1.03257e-17     
  33.55           9.8368e-18      
  33.6            9.37104e-18     
  33.65           8.88098e-18     
  33.7            8.41654e-18     
  33.75           8.01745e-18     
  33.8            7.63728e-18     
  33.9            7.03562e-18     
  34              6.43396e-18     
  34.05           6.12575e-18     
  34.1            5.8323e-18      
  34.15           5.52328e-18     
  34.2            5.23064e-18     
  34.25           4.97965e-18     
  34.3            4.7407e-18      
  34.4            4.36356e-18     
  34.45           4.17073e-18     
  34.5            3.98642e-18     
  34.55           3.79317e-18     
  34.6            3.60928e-18     
  34.65           3.41547e-18     
  34.7            3.23206e-18     
  34.75           3.07494e-18     
  34.8            2.92546e-18     
  34.9            2.6905e-18      
  34.95           2.57028e-18     
  35              2.45544e-18     
  35.05           2.33495e-18     
  35.1            2.22038e-18     
  35.15           2.09956e-18     
  35.2            1.98531e-18     
  35.25           1.88747e-18     
  35.3            1.79445e-18     
  35.4            1.64886e-18     
  35.45           1.57439e-18     
  35.5            1.50328e-18     
  35.55           1.42863e-18     
  35.6            1.35769e-18     
  35.65           1.28284e-18     
  35.7            1.21211e-18     
  35.75           1.15172e-18     
  35.8            1.09433e-18     
  35.9            1.00466e-18     
  35.95           9.58774e-19     
  36              9.14984e-19     
  36.05           8.68996e-19     
  36.1            8.2532e-19      
  36.15           7.79205e-19     
  36.2            7.35666e-19     
  36.25           6.98532e-19     
  36.3            6.63272e-19     
  36.4            6.08386e-19     
  36.45           5.80288e-19     
  36.5            5.53488e-19     
  36.55           5.25329e-19     
  36.6            4.98602e-19     
  36.65           4.70358e-19     
  36.7            4.43714e-19     
  36.75           4.21023e-19     
  36.8            3.99492e-19     
  36.9            3.6609e-19      
  36.95           3.48996e-19     
  37              3.327e-19       
  37.05           3.15558e-19     
  37.1            2.993e-19       
  37.15           2.82105e-19     
  37.2            2.65898e-19     
  37.25           2.52094e-19     
  37.3            2.39006e-19     
  37.4            2.18826e-19     
  37.45           2.08493e-19     
  37.5            1.98648e-19     
  37.55           1.88288e-19     
  37.6            1.78469e-19     
  37.65           1.68072e-19     
  37.7            1.58281e-19     
  37.75           1.49958e-19     
  37.8            1.42073e-19     
  37.9            1.29954e-19     
  37.95           1.23746e-19     
  38              1.17835e-19     
  38.05           1.11611e-19     
  38.1            1.05715e-19     
  38.15           9.94717e-20     
  38.2            9.35972e-20     
  38.25           8.86119e-20     
  38.3            8.38922e-20     
  38.35           8.01975e-20     
  38.4            7.66656e-20     
  38.45           7.29629e-20     
  38.5            6.9439e-20      
  38.55           6.5727e-20      
  38.6            6.22134e-20     
  38.65           5.84886e-20     
  38.7            5.49868e-20     
  38.75           5.20251e-20     
  38.8            4.9223e-20      
  38.85           4.70339e-20     
  38.9            4.49422e-20     
  38.95           4.27478e-20     
  39              4.06606e-20     
  39.05           3.84607e-20     
  39.1            3.63798e-20     
  39.15           3.41724e-20     
  39.2            3.2099e-20      
  39.25           3.03444e-20     
  39.3            2.86858e-20     
  39.35           2.73977e-20     
  39.4            2.61674e-20     
  39.45           2.48762e-20     
  39.5            2.36488e-20     
  39.55           2.23536e-20     
  39.6            2.11294e-20     
  39.65           1.98303e-20     
  39.7            1.8611e-20      
  39.75           1.75793e-20     
  39.8            1.66048e-20     
  39.85           1.58515e-20     
  39.9            1.51323e-20     
  39.95           1.43773e-20     
  40              1.36599e-20     
  40.05           1.29022e-20     
  40.1            1.21865e-20     
  40.15           1.14266e-20     
  40.2            1.0714e-20      
  40.25           1.01133e-20     
  40.3            9.5462e-21      
  40.35           9.10863e-21     
  40.4            8.69112e-21     
  40.45           8.25258e-21     
  40.5            7.83616e-21     
  40.55           7.39627e-21     
  40.6            6.98108e-21     
  40.65           6.53963e-21     
  40.7            6.1261e-21      
  40.75           5.77708e-21     
  40.8            5.44794e-21     
  40.85           5.19592e-21     
  40.9            4.95556e-21     
  40.95           4.70289e-21     
  41              4.4631e-21      
  41.05           4.20972e-21     
  41.1            3.97072e-21     
  41.15           3.71633e-21     
  41.2            3.47824e-21     
  41.25           3.27692e-21     
  41.3            3.08726e-21     
  41.35           2.94303e-21     
  41.4            2.80554e-21     
  41.45           2.66096e-21     
  41.5            2.52384e-21     
  41.55           2.37882e-21     
  41.6            2.24214e-21     
  41.65           2.09651e-21     
  41.7            1.96033e-21     
  41.75           1.84543e-21     
  41.8            1.73727e-21     
  41.85           1.65543e-21     
  41.9            1.57744e-21     
  41.95           1.49539e-21     
  42              1.41761e-21     
  42.05           1.33525e-21     
  42.1            1.25768e-21     
  42.15           1.17505e-21     
  42.2            1.09784e-21     
  42.25           1.03283e-21     
  42.3            9.71666e-22     
  42.35           9.25427e-22     
  42.4            8.81388e-22     
  42.45           8.3503e-22      
  42.5            7.9111e-22      
  42.55           7.44603e-22     
  42.6            7.0083e-22      
  42.65           6.54135e-22     
  42.7            6.10552e-22     
  42.75           5.73785e-22     
  42.8            5.39232e-22     
  42.85           5.13348e-22     
  42.9            4.88706e-22     
  42.95           4.62759e-22     
  43              4.3819e-22      
  43.05           4.12159e-22     
  43.1            3.87674e-22     
  43.15           3.6153e-22      
  43.2            3.3715e-22      
  43.25           3.1653e-22      
  43.3            2.97172e-22     
  43.35           2.82762e-22     
  43.4            2.6905e-22      
  43.45           2.54606e-22     
  43.5            2.40938e-22     
  43.55           2.26441e-22     
  43.6            2.12816e-22     
  43.65           1.98258e-22     
  43.7            1.84695e-22     
  43.75           1.7325e-22      
  43.8            1.62515e-22     
  43.85           1.54563e-22     
  43.9            1.47001e-22     
  43.95           1.39022e-22     
  44              1.31476e-22     
  44.05           1.23475e-22     
  44.1            1.15961e-22     
  44.15           1.07925e-22     
  44.2            1.00446e-22     
  44.25           9.42053e-23     
  44.3            8.83524e-23     
  44.35           8.39785e-23     
  44.4            7.98212e-23     
  44.45           7.54356e-23     
  44.5            7.1291e-23      
  44.55           6.68895e-23     
  44.6            6.27598e-23     
  44.65           5.8339e-23      
  44.7            5.42296e-23     
  44.75           5.07777e-23     
  44.8            4.75456e-23     
  44.85           4.51687e-23     
  44.9            4.29106e-23     
  44.95           4.0527e-23      
  45              3.82758e-23     
  45.05           3.58835e-23     
  45.1            3.36408e-23     
  45.15           3.1238e-23      
  45.2            2.90068e-23     
  45.25           2.71427e-23     
  45.3            2.53984e-23     
  45.35           2.41124e-23     
  45.4            2.28916e-23     
  45.45           2.16019e-23     
  45.5            2.03848e-23     
  45.55           1.90899e-23     
  45.6            1.78772e-23     
  45.65           1.65765e-23     
  45.7            1.53704e-23     
  45.75           1.43652e-23     
  45.8            1.34257e-23     
  45.85           1.27387e-23     
  45.9            1.20869e-23     
  45.95           1.13979e-23     
  46              1.07482e-23     
  46.05           1.00563e-23     
  46.1            9.409e-24       
  46.15           8.71389e-24     
  46.2            8.07014e-24     
  46.25           7.52223e-24     
  46.3            7.01152e-24     
  46.35           6.64763e-24     
  46.4            6.30262e-24     
  46.45           5.9376e-24      
  46.5            5.59372e-24     
  46.55           5.22721e-24     
  46.6            4.88472e-24     
  46.65           4.51638e-24     
  46.7            4.17582e-24     
  46.75           3.89522e-24     
  46.8            3.63348e-24     
  46.85           3.44171e-24     
  46.9            3.26006e-24     
  46.95           3.06767e-24     
  47              2.88664e-24     
  47.05           2.69346e-24     
  47.1            2.5132e-24      
  47.15           2.31899e-24     
  47.2            2.13978e-24     
  47.25           1.98903e-24     
  47.3            1.8489e-24      
  47.35           1.74958e-24     
  47.4            1.6556e-24      
  47.45           1.556e-24       
  47.5            1.46239e-24     
  47.55           1.36232e-24     
  47.6            1.26909e-24     
  47.65           1.1685e-24      
  47.7            1.07589e-24     
  47.75           9.99649e-25     
  47.8            9.2881e-25      
  47.85           8.77821e-25     
  47.9            8.29632e-25     
  47.95           7.7847e-25      
  48              7.30464e-25     
  48.05           6.79068e-25     
  48.1            6.31288e-25     
  48.15           5.79587e-25     
  48.2            5.3212e-25      
  48.25           4.89917e-25     
  48.3            4.51062e-25     
  48.35           4.25876e-25     
  48.4            4.02096e-25     
  48.45           3.7682e-25      
  48.5            3.53132e-25     
  48.55           3.27737e-25     
  48.6            3.04168e-25     
  48.65           2.78612e-25     
  48.7            2.55204e-25     
  48.75           2.36016e-25     
  48.8            2.1827e-25      
  48.85           2.05795e-25     
  48.9            1.94033e-25     
  48.95           1.8151e-25      
  49              1.69795e-25     
  49.05           1.57214e-25     
  49.1            1.45566e-25     
  49.125          1.39087e-25     
  49.15           1.32896e-25     
  49.175          1.2698e-25      
  49.2            1.21328e-25     
  49.25           1.11902e-25     
  49.3            1.03208e-25     
  49.35           9.71615e-26     
  49.4            9.14692e-26     
  49.45           8.53974e-26     
  49.5            7.97286e-26     
  49.55           7.36241e-26     
  49.6            6.7987e-26      
  49.625          6.48398e-26     
  49.65           6.18383e-26     
  49.675          5.89757e-26     
  49.7            5.62456e-26     
  49.8            0.00            
//
#-------------------------------------------------------------------------------
#
#name:   JENDL-5: PU-239(N,F) E_in=100. MeV
#X.axis: Energy
#Y.axis: 
#wdata:  2
#ldata:  740
#data...
# X               Y              
# MeV             1/eV           
  0.00            0.00            
  1.00e-8         7.94898e-11     
  1.25e-8         8.66843e-11     
  1.50e-8         9.453e-11       
  1.75e-8         1.03086e-10     
  2.00e-8         1.12416e-10     
  2.25e-8         1.1826e-10      
  2.50e-8         1.24409e-10     
  2.75e-8         1.30877e-10     
  3.00e-8         1.37681e-10     
  3.50e-8         1.47948e-10     
  4.00e-8         1.5898e-10      
  4.50e-8         1.68101e-10     
  5.00e-8         1.77745e-10     
  5.50e-8         1.86034e-10     
  6.00e-8         1.9471e-10      
  7.00e-8         2.1031e-10      
  8.00e-8         2.2483e-10      
  9.00e-8         2.37729e-10     
  1.00e-7         2.51368e-10     
  1.125e-7        2.64437e-10     
  1.25e-7         2.78185e-10     
  1.375e-7        2.92647e-10     
  1.50e-7         3.07862e-10     
  1.75e-7         3.3082e-10      
  2.00e-7         3.5549e-10      
  2.25e-7         3.75885e-10     
  2.50e-7         3.9745e-10      
  2.75e-7         4.15985e-10     
  3.00e-7         4.35384e-10     
  3.50e-7         4.70268e-10     
  4.00e-7         5.02738e-10     
  4.50e-7         5.33234e-10     
  5.00e-7         5.62078e-10     
  5.50e-7         5.89512e-10     
  6.00e-7         6.15726e-10     
  6.50e-7         6.40868e-10     
  7.00e-7         6.6506e-10      
  7.50e-7         6.88402e-10     
  8.00e-7         7.10978e-10     
  8.50e-7         7.3286e-10      
  9.00e-7         7.54106e-10     
  9.50e-7         7.74772e-10     
  1.00e-6         7.94898e-10     
  1.125e-6        8.36225e-10     
  1.25e-6         8.797e-10       
  1.375e-6        9.25435e-10     
  1.50e-6         9.73548e-10     
  1.75e-6         1.046147e-9     
  2.00e-6         1.12416e-9      
  2.25e-6         1.18865e-9      
  2.50e-6         1.25684e-9      
  2.75e-6         1.315453e-9     
  3.00e-6         1.3768e-9       
  3.50e-6         1.48712e-9      
  4.00e-6         1.58979e-9      
  4.50e-6         1.68623e-9      
  5.00e-6         1.77744e-9      
  5.50e-6         1.8642e-9       
  6.00e-6         1.94709e-9      
  6.50e-6         2.02659e-9      
  7.00e-6         2.1031e-9       
  7.50e-6         2.17691e-9      
  8.00e-6         2.2483e-9       
  8.50e-6         2.3175e-9       
  9.00e-6         2.38468e-9      
  9.50e-6         2.45003e-9      
  1.00e-5         2.51367e-9      
  1.125e-5        2.644354e-9     
  1.25e-5         2.781831e-9     
  1.375e-5        2.926456e-9     
  1.50e-5         3.0786e-9       
  1.75e-5         3.308166e-9     
  2.00e-5         3.55485e-9      
  2.25e-5         3.75879e-9      
  2.50e-5         3.97443e-9      
  2.75e-5         4.159769e-9     
  3.00e-5         4.35375e-9      
  3.50e-5         4.70257e-9      
  4.00e-5         5.02724e-9      
  4.50e-5         5.33218e-9      
  5.00e-5         5.62059e-9      
  5.50e-5         5.8949e-9       
  6.00e-5         6.157e-9        
  6.50e-5         6.40839e-9      
  7.00e-5         6.65027e-9      
  7.50e-5         6.88366e-9      
  8.00e-5         7.10939e-9      
  8.50e-5         7.32817e-9      
  9.00e-5         7.54059e-9      
  9.50e-5         7.74719e-9      
  1.00e-4         7.94843e-9      
  1.125e-4        8.361588e-9     
  1.25e-4         8.796222e-9     
  1.375e-4        9.253448e-9     
  1.50e-4         9.73444e-9      
  1.75e-4         1.046017e-8     
  2.00e-4         1.124e-8        
  2.25e-4         1.188462e-8     
  2.50e-4         1.25662e-8      
  2.75e-4         1.3152e-8       
  3.00e-4         1.37651e-8      
  3.50e-4         1.48675e-8      
  4.00e-4         1.58934e-8      
  4.50e-4         1.68569e-8      
  5.00e-4         1.77681e-8      
  5.50e-4         1.86347e-8      
  6.00e-4         1.94626e-8      
  6.50e-4         2.02566e-8      
  7.00e-4         2.10205e-8      
  7.50e-4         2.17576e-8      
  8.00e-4         2.24703e-8      
  8.50e-4         2.3161e-8       
  9.00e-4         2.38317e-8      
  9.50e-4         2.44838e-8      
  1.00e-3         2.5119e-8       
  1.125e-3        2.642257e-8     
  1.25e-3         2.779379e-8     
  1.375e-3        2.923617e-8     
  1.50e-3         3.07534e-8      
  1.75e-3         3.304074e-8     
  2.00e-3         3.54982e-8      
  2.25e-3         3.752811e-8     
  2.50e-3         3.96741e-8      
  2.75e-3         4.151685e-8     
  3.00e-3         4.34452e-8      
  3.50e-3         4.69095e-8      
  4.00e-3         5.01304e-8      
  4.50e-3         5.31523e-8      
  5.00e-3         5.60075e-8      
  5.50e-3         5.87202e-8      
  6.00e-3         6.13093e-8      
  6.50e-3         6.379e-8        
  7.00e-3         6.61743e-8      
  7.50e-3         6.84725e-8      
  8.00e-3         7.06928e-8      
  8.50e-3         7.28425e-8      
  9.00e-3         7.49275e-8      
  9.50e-3         7.69532e-8      
  0.01            7.89242e-8      
  0.01125         8.295331e-8     
  0.0125          8.718811e-8     
  0.01375         9.163909e-8     
  0.015           9.63173e-8      
  0.0175          1.03315e-7      
  0.02            1.10821e-7      
  0.0225          1.169699e-7     
  0.025           1.2346e-7       
  0.03            1.34762e-7      
  0.035           1.4504e-7       
  0.04            1.54502e-7      
  0.045           1.6329e-7       
  0.05            1.71509e-7      
  0.055           1.79239e-7      
  0.06            1.86541e-7      
  0.065           1.93466e-7      
  0.07            2.00054e-7      
  0.075           2.06337e-7      
  0.08            2.12344e-7      
  0.085           2.18099e-7      
  0.09            2.23622e-7      
  0.095           2.28931e-7      
  0.1             2.34041e-7      
  0.125           2.544248e-7     
  0.15            2.76584e-7      
  0.175           2.919483e-7     
  0.2             3.08166e-7      
  0.25            3.32452e-7      
  0.3             3.51406e-7      
  0.35            3.66246e-7      
  0.4             3.77797e-7      
  0.45            3.86655e-7      
  0.5             3.93271e-7      
  0.55            3.97995e-7      
  0.6             4.01108e-7      
  0.65            4.0284e-7       
  0.7             4.0338e-7       
  0.8             3.97481e-7      
  0.9             3.84906e-7      
  1               3.70646e-7      
  1.1             3.56395e-7      
  1.2             3.41851e-7      
  1.3             3.26437e-7      
  1.4             3.10537e-7      
  1.5             2.94638e-7      
  1.6             2.79434e-7      
  1.7             2.64221e-7      
  1.8             2.5008e-7       
  1.9             2.36195e-7      
  2               2.23153e-7      
  2.1             2.10102e-7      
  2.2             1.97866e-7      
  2.3             1.86134e-7      
  2.4             1.75656e-7      
  2.5             1.65178e-7      
  2.6             1.55388e-7      
  2.7             1.45606e-7      
  2.8             1.36951e-7      
  2.9             1.28791e-7      
  3               1.21189e-7      
  3.1             1.13587e-7      
  3.2             1.0648e-7       
  3.3             9.98031e-8      
  3.4             9.39873e-8      
  3.5             8.81834e-8      
  3.6             8.27522e-8      
  3.7             7.73211e-8      
  3.8             7.25741e-8      
  3.9             6.81815e-8      
  4               6.40757e-8      
  4.1             5.99707e-8      
  4.2             5.61112e-8      
  4.3             5.25347e-8      
  4.4             4.94509e-8      
  4.5             4.63699e-8      
  4.6             4.34712e-8      
  4.7             4.05743e-8      
  4.8             3.80547e-8      
  4.9             3.57531e-8      
  5               3.35879e-8      
  5.1             3.14237e-8      
  5.2             2.93758e-8      
  5.3             2.74974e-8      
  5.4             2.58854e-8      
  5.5             2.42744e-8      
  5.6             2.27495e-8      
  5.7             2.12254e-8      
  5.8             1.9902e-8       
  5.9             1.87068e-8      
  6               1.75748e-8      
  6.1             1.64427e-8      
  6.2             1.53638e-8      
  6.3             1.43829e-8      
  6.4             1.35449e-8      
  6.5             1.27069e-8      
  6.6             1.19073e-8      
  6.7             1.11087e-8      
  6.8             1.04163e-8      
  6.9             9.79713e-9      
  7               9.20548e-9      
  7.1             8.6152e-9       
  7.2             8.04836e-9      
  7.3             7.53693e-9      
  7.4             7.1007e-9       
  7.5             6.66474e-9      
  7.6             6.246e-9        
  7.7             5.82754e-9      
  7.8             5.46494e-9      
  7.9             5.14375e-9      
  8               4.83473e-9      
  8.1             4.52608e-9      
  8.2             4.22787e-9      
  8.3             3.96071e-9      
  8.4             3.73321e-9      
  8.5             3.50588e-9      
  8.6             3.28598e-9      
  8.7             3.06626e-9      
  8.8             2.87594e-9      
  8.9             2.70871e-9      
  9               2.54678e-9      
  9.1             2.38503e-9      
  9.2             2.22769e-9      
  9.3             2.08774e-9      
  9.4             1.96868e-9      
  9.5             1.8498e-9       
  9.6             1.73394e-9      
  9.7             1.61826e-9      
  9.8             1.51797e-9      
  9.9             1.4306e-9       
  10              1.34542e-9      
  10.1            1.26034e-9      
  10.2            1.17718e-9      
  10.3            1.10354e-9      
  10.4            1.04099e-9      
  10.5            9.7843e-10      
  10.6            9.17342e-10     
  10.7            8.56152e-10     
  10.8            8.03186e-10     
  10.9            7.57338e-10     
  11              7.12404e-10     
  11.1            6.6749e-10      
  11.2            6.23364e-10     
  11.3            5.84494e-10     
  11.4            5.51532e-10     
  11.5            5.18568e-10     
  11.6            4.86166e-10     
  11.7            4.53762e-10     
  11.8            4.25708e-10     
  11.9            4.01556e-10     
  12              3.7778e-10      
  12.1            3.54004e-10     
  12.2            3.30548e-10     
  12.3            3.09978e-10     
  12.4            2.92548e-10     
  12.5            2.75128e-10     
  12.6            2.5792e-10      
  12.7            2.4072e-10      
  12.8            2.25828e-10     
  12.9            2.1307e-10      
  13              2.00466e-10     
  13.1            1.87855e-10     
  13.2            1.75372e-10     
  13.3            1.64464e-10     
  13.4            1.55232e-10     
  13.5            1.46e-10        
  13.6            1.36859e-10     
  13.7            1.27719e-10     
  13.8            1.19797e-10     
  13.9            1.13047e-10     
  14              1.06352e-10     
  14.1            9.96564e-11     
  14.2            9.30164e-11     
  14.3            8.72254e-11     
  14.4            8.2329e-11      
  14.5            7.74336e-11     
  14.6            7.25712e-11     
  14.7            6.77088e-11     
  14.8            6.35032e-11     
  14.9            5.99258e-11     
  15              5.63704e-11     
  15.1            5.28158e-11     
  15.2            4.92796e-11     
  15.3            4.6206e-11      
  15.4            4.36094e-11     
  15.5            4.1013e-11      
  15.6            3.84284e-11     
  15.7            3.58446e-11     
  15.8            3.36098e-11     
  15.9            3.1715e-11      
  16              2.98282e-11     
  16.1            2.79416e-11     
  16.2            2.60622e-11     
  16.3            2.4431e-11      
  16.4            2.30544e-11     
  16.5            2.16788e-11     
  16.6            2.03068e-11     
  16.7            1.89358e-11     
  16.8            1.77497e-11     
  16.9            1.67468e-11     
  17              1.57467e-11     
  17.1            1.47465e-11     
  17.2            1.37491e-11     
  17.3            1.28855e-11     
  17.4            1.21573e-11     
  17.5            1.14283e-11     
  17.6            1.0702e-11      
  17.7            9.9748e-12      
  17.8            9.34744e-12     
  17.9            8.8175e-12      
  18              8.28858e-12     
  18.1            7.75966e-12     
  18.2            7.23158e-12     
  18.3            6.77492e-12     
  18.4            6.39024e-12     
  18.5            6.00568e-12     
  18.6            5.62156e-12     
  18.7            5.23752e-12     
  18.8            4.90598e-12     
  18.9            4.62664e-12     
  19              4.34758e-12     
  19.1            4.0686e-12      
  19.2            3.7898e-12      
  19.3            3.54902e-12     
  19.4            3.34652e-12     
  19.5            3.14402e-12     
  19.6            2.9416e-12      
  19.7            2.7393e-12      
  19.8            2.56482e-12     
  19.9            2.4179e-12      
  20              2.27118e-12     
  20.1            2.12446e-12     
  20.2            1.97784e-12     
  20.3            1.85135e-12     
  20.4            1.74511e-12     
  20.5            1.63887e-12     
  20.6            1.53263e-12     
  20.7            1.42639e-12     
  20.8            1.33489e-12     
  20.9            1.25796e-12     
  21              1.18111e-12     
  21.1            1.10427e-12     
  21.2            1.02743e-12     
  21.3            9.61212e-13     
  21.4            9.05692e-13     
  21.5            8.50152e-13     
  21.6            7.94632e-13     
  21.7            7.39102e-13     
  21.8            6.91294e-13     
  21.9            6.51206e-13     
  22              6.11128e-13     
  22.1            5.71048e-13     
  22.2            5.3097e-13      
  22.3            4.96488e-13     
  22.4            4.67592e-13     
  22.5            4.38696e-13     
  22.6            4.098e-13       
  22.7            3.80912e-13     
  22.8            3.56064e-13     
  22.9            3.35256e-13     
  23              3.14456e-13     
  23.1            2.93658e-13     
  23.2            2.72858e-13     
  23.3            2.5498e-13      
  23.4            2.40024e-13     
  23.5            2.25068e-13     
  23.6            2.1011e-13      
  23.7            1.95155e-13     
  23.8            1.82314e-13     
  23.9            1.71571e-13     
  24              1.60837e-13     
  24.1            1.50103e-13     
  24.2            1.3936e-13      
  24.3            1.30146e-13     
  24.4            1.22444e-13     
  24.5            1.1475e-13      
  24.6            1.07048e-13     
  24.7            9.93542e-14     
  24.8            9.27508e-14     
  24.9            8.7239e-14      
  25              8.17292e-14     
  25.1            7.62192e-14     
  25.2            7.07092e-14     
  25.3            6.59852e-14     
  25.4            6.20478e-14     
  25.5            5.81104e-14     
  25.6            5.41722e-14     
  25.7            5.02348e-14     
  25.8            4.68608e-14     
  25.9            4.40518e-14     
  26              4.12418e-14     
  26.1            3.84328e-14     
  26.2            3.5623e-14      
  26.3            3.32178e-14     
  26.4            3.12166e-14     
  26.5            2.92156e-14     
  26.6            2.72152e-14     
  26.7            2.5214e-14      
  26.8            2.35014e-14     
  26.9            2.2079e-14      
  27              2.06566e-14     
  27.1            1.92334e-14     
  27.2            1.78111e-14     
  27.3            1.65948e-14     
  27.4            1.55855e-14     
  27.5            1.45753e-14     
  27.6            1.3566e-14      
  27.7            1.25567e-14     
  27.8            1.16939e-14     
  27.9            1.09786e-14     
  28              1.02642e-14     
  28.1            9.54892e-15     
  28.2            8.83372e-15     
  28.3            8.22328e-15     
  28.4            7.71782e-15     
  28.5            7.21234e-15     
  28.6            6.70678e-15     
  28.7            6.2013e-15      
  28.8            5.7701e-15      
  28.9            5.41346e-15     
  29              5.05692e-15     
  29.1            4.70028e-15     
  29.2            4.34364e-15     
  29.3            4.03974e-15     
  29.4            3.7887e-15      
  29.5            3.53766e-15     
  29.6            3.28662e-15     
  29.7            3.03558e-15     
  29.8            2.82182e-15     
  29.9            2.6455e-15      
  30              2.4691e-15      
  30.1            2.2928e-15      
  30.2            2.1164e-15      
  30.3            1.96639e-15     
  30.4            1.84284e-15     
  30.5            1.71919e-15     
  30.6            1.59564e-15     
  30.7            1.472e-15       
  30.8            1.36695e-15     
  30.9            1.28058e-15     
  31              1.19412e-15     
  31.1            1.10766e-15     
  31.2            1.02129e-15     
  31.3            9.47932e-16     
  31.4            8.87594e-16     
  31.5            8.27302e-16     
  31.6            7.6701e-16      
  31.7            7.06718e-16     
  31.8            6.55594e-16     
  31.9            6.13636e-16     
  32              5.7168e-16      
  32.1            5.29724e-16     
  32.2            4.87768e-16     
  32.3            4.52214e-16     
  32.4            4.23098e-16     
  32.5            3.93974e-16     
  32.6            3.64848e-16     
  32.7            3.35732e-16     
  32.8            3.11086e-16     
  32.9            2.90918e-16     
  33              2.7076e-16      
  33.1            2.50592e-16     
  33.2            2.30434e-16     
  33.3            2.1339e-16      
  33.4            1.99469e-16     
  33.5            1.85547e-16     
  33.6            1.71626e-16     
  33.7            1.57705e-16     
  33.8            1.45954e-16     
  33.9            1.36365e-16     
  34              1.26785e-16     
  34.1            1.17196e-16     
  34.2            1.07616e-16     
  34.3            9.95282e-17     
  34.4            9.29522e-17     
  34.5            8.6369e-17      
  34.6            7.97884e-17     
  34.7            7.32088e-17     
  34.8            6.7664e-17      
  34.9            6.31598e-17     
  35              5.86554e-17     
  35.1            5.41502e-17     
  35.2            4.9646e-17      
  35.3            4.58552e-17     
  35.4            4.27806e-17     
  35.5            3.97068e-17     
  35.6            3.66322e-17     
  35.7            3.35576e-17     
  35.8            3.0975e-17      
  35.9            2.8883e-17      
  36              2.67912e-17     
  36.1            2.46994e-17     
  36.2            2.26084e-17     
  36.3            2.08526e-17     
  36.4            1.9434e-17      
  36.5            1.80153e-17     
  36.6            1.65975e-17     
  36.7            1.51788e-17     
  36.8            1.399e-17       
  36.9            1.30311e-17     
  37              1.20722e-17     
  37.1            1.11132e-17     
  37.15           1.06234e-17     
  37.2            1.01552e-17     
  37.3            9.35202e-18     
  37.4            8.7066e-18      
  37.5            8.0608e-18      
  37.6            7.41502e-18     
  37.65           7.08478e-18     
  37.7            6.76924e-18     
  37.8            6.22952e-18     
  37.9            5.79602e-18     
  38              5.36254e-18     
  38.1            4.92906e-18     
  38.15           4.70733e-18     
  38.2            4.49558e-18     
  38.3            4.13362e-18     
  38.4            3.84366e-18     
  38.5            3.55378e-18     
  38.6            3.2639e-18      
  38.65           3.11555e-18     
  38.7            2.97394e-18     
  38.8            2.73224e-18     
  38.9            2.53908e-18     
  39              2.34592e-18     
  39.1            2.15276e-18     
  39.15           2.05392e-18     
  39.2            1.95961e-18     
  39.3            1.79878e-18     
  39.4            1.67065e-18     
  39.5            1.54243e-18     
  39.6            1.41421e-18     
  39.65           1.34857e-18     
  39.7            1.28598e-18     
  39.8            1.17947e-18     
  39.9            1.09466e-18     
  40              1.00985e-18     
  40.1            9.25126e-19     
  40.15           8.81711e-19     
  40.2            8.40334e-19     
  40.3            7.70014e-19     
  40.4            7.142e-19       
  40.5            6.58378e-19     
  40.6            6.02564e-19     
  40.65           5.73975e-19     
  40.7            5.46742e-19     
  40.8            5.00518e-19     
  40.9            4.63918e-19     
  41              4.2732e-19      
  41.05           4.08616e-19     
  41.1            3.9073e-19      
  41.15           3.71981e-19     
  41.2            3.54132e-19     
  41.3            3.23872e-19     
  41.4            2.99986e-19     
  41.5            2.761e-19       
  41.55           2.63882e-19     
  41.6            2.52204e-19     
  41.65           2.39964e-19     
  41.7            2.28318e-19     
  41.75           2.18236e-19     
  41.8            2.086e-19       
  41.9            1.93067e-19     
  42              1.77543e-19     
  42.05           1.69603e-19     
  42.1            1.62019e-19     
  42.15           1.54061e-19     
  42.2            1.46494e-19     
  42.25           1.39946e-19     
  42.3            1.33691e-19     
  42.4            1.23653e-19     
  42.5            1.13615e-19     
  42.55           1.08475e-19     
  42.6            1.03567e-19     
  42.65           9.84202e-20     
  42.7            9.35292e-20     
  42.75           8.93046e-20     
  42.8            8.52708e-20     
  42.9            7.88056e-20     
  43              7.23404e-20     
  43.05           6.90327e-20     
  43.1            6.58762e-20     
  43.15           6.25601e-20     
  43.2            5.9411e-20      
  43.25           5.66952e-20     
  43.3            5.41036e-20     
  43.4            4.9962e-20      
  43.5            4.58204e-20     
  43.55           4.3701e-20      
  43.6            4.16796e-20     
  43.65           3.95546e-20     
  43.7            3.7538e-20      
  43.75           3.58012e-20     
  43.8            3.41448e-20     
  43.9            3.15062e-20     
  44              2.88666e-20     
  44.05           2.75152e-20     
  44.1            2.6227e-20      
  44.15           2.48727e-20     
  44.2            2.35884e-20     
  44.25           2.24836e-20     
  44.3            2.14306e-20     
  44.4            1.97573e-20     
  44.5            1.80849e-20     
  44.55           1.72279e-20     
  44.6            1.64116e-20     
  44.65           1.55529e-20     
  44.7            1.47392e-20     
  44.75           1.40398e-20     
  44.8            1.33736e-20     
  44.9            1.23185e-20     
  44.95           1.17797e-20     
  45              1.12644e-20     
  45.05           1.07244e-20     
  45.1            1.02102e-20     
  45.15           9.66842e-21     
  45.2            9.15538e-21     
  45.25           8.7154e-21      
  45.3            8.29656e-21     
  45.4            7.63548e-21     
  45.45           7.2975e-21      
  45.5            6.97448e-21     
  45.55           6.63571e-21     
  45.6            6.3134e-21      
  45.65           5.97372e-21     
  45.7            5.65232e-21     
  45.75           5.37704e-21     
  45.8            5.11516e-21     
  45.9            4.7033e-21      
  45.95           4.49269e-21     
  46              4.29152e-21     
  46.05           4.08039e-21     
  46.1            3.87964e-21     
  46.15           3.66799e-21     
  46.2            3.46788e-21     
  46.25           3.29664e-21     
  46.3            3.13386e-21     
  46.4            2.87888e-21     
  46.45           2.74838e-21     
  46.5            2.6238e-21      
  46.55           2.493e-21       
  46.6            2.36872e-21     
  46.65           2.23756e-21     
  46.7            2.11366e-21     
  46.75           2.00794e-21     
  46.8            1.9075e-21      
  46.9            1.75061e-21     
  46.95           1.67028e-21     
  47              1.59363e-21     
  47.05           1.5131e-21      
  47.1            1.43664e-21     
  47.15           1.35593e-21     
  47.2            1.27975e-21     
  47.25           1.21477e-21     
  47.3            1.15309e-21     
  47.4            1.0571e-21      
  47.45           1.00802e-21     
  47.5            9.61212e-22     
  47.55           9.11954e-22     
  47.6            8.6522e-22      
  47.65           8.15837e-22     
  47.7            7.69272e-22     
  47.75           7.29618e-22     
  47.8            6.92008e-22     
  47.9            6.33768e-22     
  47.95           6.03946e-22     
  48              5.75528e-22     
  48.05           5.4563e-22      
  48.1            5.17286e-22     
  48.15           4.87297e-22     
  48.2            4.59046e-22     
  48.25           4.3506e-22      
  48.3            4.12328e-22     
  48.4            3.77222e-22     
  48.45           3.5924e-22      
  48.5            3.42116e-22     
  48.55           3.24088e-22     
  48.6            3.0701e-22      
  48.65           2.88924e-22     
  48.7            2.71904e-22     
  48.75           2.57472e-22     
  48.8            2.43806e-22     
  48.85           2.33069e-22     
  48.9            2.22804e-22     
  48.95           2.12044e-22     
  49              2.01804e-22     
  49.05           1.91015e-22     
  49.1            1.80803e-22     
  49.15           1.69978e-22     
  49.2            1.59802e-22     
  49.25           1.51175e-22     
  49.3            1.43014e-22     
  49.35           1.36639e-22     
  49.4            1.30549e-22     
  49.45           1.2416e-22      
  49.5            1.18084e-22     
  49.55           1.11678e-22     
  49.6            1.05619e-22     
  49.65           9.91908e-23     
  49.7            9.31538e-23     
  49.8            0.00            
//
#-------------------------------------------------------------------------------
#
#name:   JENDL-5: PU-239(N,F) E_in=125. MeV
#X.axis: Energy
#Y.axis: 
#wdata:  2
#ldata:  668
#data...
# X               Y              
# MeV             1/eV           
  0.00            0.00            
  1.00e-8         7.53776e-11     
  1.25e-8         8.21999e-11     
  1.50e-8         8.96396e-11     
  1.75e-8         9.77526e-11     
  2.00e-8         1.066e-10       
  2.25e-8         1.12142e-10     
  2.50e-8         1.17972e-10     
  2.75e-8         1.24106e-10     
  3.00e-8         1.30558e-10     
  3.50e-8         1.40294e-10     
  4.00e-8         1.50755e-10     
  4.50e-8         1.59404e-10     
  5.00e-8         1.6855e-10      
  5.50e-8         1.7641e-10      
  6.00e-8         1.84637e-10     
  7.00e-8         1.99431e-10     
  8.00e-8         2.132e-10       
  9.00e-8         2.25431e-10     
  1.00e-7         2.38364e-10     
  1.125e-7        2.50757e-10     
  1.25e-7         2.63794e-10     
  1.375e-7        2.77508e-10     
  1.50e-7         2.91936e-10     
  1.75e-7         3.13705e-10     
  2.00e-7         3.37098e-10     
  2.25e-7         3.56438e-10     
  2.50e-7         3.76888e-10     
  2.75e-7         3.94464e-10     
  3.00e-7         4.1286e-10      
  3.50e-7         4.4594e-10      
  4.00e-7         4.7673e-10      
  4.50e-7         5.05648e-10     
  5.00e-7         5.33e-10        
  5.50e-7         5.59016e-10     
  6.00e-7         5.83872e-10     
  6.50e-7         6.07714e-10     
  7.00e-7         6.30654e-10     
  7.50e-7         6.5279e-10      
  8.00e-7         6.74198e-10     
  8.50e-7         6.94948e-10     
  9.00e-7         7.15094e-10     
  9.50e-7         7.3469e-10      
  1.00e-6         7.53776e-10     
  1.125e-6        7.92964e-10     
  1.25e-6         8.3419e-10      
  1.375e-6        8.77558e-10     
  1.50e-6         9.23182e-10     
  1.75e-6         9.92024e-10     
  2.00e-6         1.066e-9        
  2.25e-6         1.127156e-9     
  2.50e-6         1.19182e-9      
  2.75e-6         1.247404e-9     
  3.00e-6         1.30558e-9      
  3.50e-6         1.41018e-9      
  4.00e-6         1.50755e-9      
  4.50e-6         1.599e-9        
  5.00e-6         1.68549e-9      
  5.50e-6         1.76776e-9      
  6.00e-6         1.84636e-9      
  6.50e-6         1.92175e-9      
  7.00e-6         1.9943e-9       
  7.50e-6         2.06429e-9      
  8.00e-6         2.13199e-9      
  8.50e-6         2.19761e-9      
  9.00e-6         2.26132e-9      
  9.50e-6         2.32328e-9      
  1.00e-5         2.38363e-9      
  1.125e-5        2.507552e-9     
  1.25e-5         2.637916e-9     
  1.375e-5        2.775058e-9     
  1.50e-5         2.91933e-9      
  1.75e-5         3.137019e-9     
  2.00e-5         3.37094e-9      
  2.25e-5         3.564332e-9     
  2.50e-5         3.76882e-9      
  2.75e-5         3.944572e-9     
  3.00e-5         4.12852e-9      
  3.50e-5         4.45929e-9      
  4.00e-5         4.76717e-9      
  4.50e-5         5.05633e-9      
  5.00e-5         5.32982e-9      
  5.50e-5         5.58994e-9      
  6.00e-5         5.83848e-9      
  6.50e-5         6.07686e-9      
  7.00e-5         6.30624e-9      
  7.50e-5         6.52755e-9      
  8.00e-5         6.7416e-9       
  8.50e-5         6.94906e-9      
  9.00e-5         7.1505e-9       
  9.50e-5         7.34641e-9      
  1.00e-4         7.53723e-9      
  1.125e-4        7.929015e-9     
  1.25e-4         8.341165e-9     
  1.375e-4        8.774739e-9     
  1.50e-4         9.23085e-9      
  1.75e-4         9.919023e-9     
  2.00e-4         1.06585e-8      
  2.25e-4         1.126977e-8     
  2.50e-4         1.19161e-8      
  2.75e-4         1.24716e-8      
  3.00e-4         1.3053e-8       
  3.50e-4         1.40984e-8      
  4.00e-4         1.50712e-8      
  4.50e-4         1.59849e-8      
  5.00e-4         1.68489e-8      
  5.50e-4         1.76707e-8      
  6.00e-4         1.84558e-8      
  6.50e-4         1.92087e-8      
  7.00e-4         1.99331e-8      
  7.50e-4         2.0632e-8       
  8.00e-4         2.13079e-8      
  8.50e-4         2.19628e-8      
  9.00e-4         2.25988e-8      
  9.50e-4         2.32172e-8      
  1.00e-3         2.38195e-8      
  1.125e-3        2.505563e-8     
  1.25e-3         2.635591e-8     
  1.375e-3        2.772366e-8     
  1.50e-3         2.91624e-8      
  1.75e-3         3.133144e-8     
  2.00e-3         3.36618e-8      
  2.25e-3         3.558667e-8     
  2.50e-3         3.76216e-8      
  2.75e-3         3.936907e-8     
  3.00e-3         4.11977e-8      
  3.50e-3         4.44827e-8      
  4.00e-3         4.7537e-8       
  4.50e-3         5.04026e-8      
  5.00e-3         5.31101e-8      
  5.50e-3         5.56824e-8      
  6.00e-3         5.81376e-8      
  6.50e-3         6.04899e-8      
  7.00e-3         6.2751e-8       
  7.50e-3         6.49302e-8      
  8.00e-3         6.70357e-8      
  8.50e-3         6.90741e-8      
  9.00e-3         7.10513e-8      
  9.50e-3         7.29722e-8      
  0.01            7.48412e-8      
  0.01125         7.866189e-8     
  0.0125          8.267763e-8     
  0.01375         8.689838e-8     
  0.015           9.13346e-8      
  0.0175          9.797025e-8     
  0.02            1.05088e-7      
  0.0225          1.109187e-7     
  0.025           1.17073e-7      
  0.03            1.2779e-7       
  0.035           1.37537e-7      
  0.04            1.46509e-7      
  0.045           1.54842e-7      
  0.05            1.62636e-7      
  0.055           1.69966e-7      
  0.06            1.76891e-7      
  0.065           1.83458e-7      
  0.07            1.89704e-7      
  0.075           1.95663e-7      
  0.08            2.01359e-7      
  0.085           2.06816e-7      
  0.09            2.12053e-7      
  0.095           2.17087e-7      
  0.1             2.21933e-7      
  0.125           2.412623e-7     
  0.15            2.62275e-7      
  0.175           2.768448e-7     
  0.2             2.92224e-7      
  0.25            3.15254e-7      
  0.3             3.33227e-7      
  0.35            3.47299e-7      
  0.4             3.58252e-7      
  0.45            3.66652e-7      
  0.5             3.72926e-7      
  0.55            3.77406e-7      
  0.6             3.80358e-7      
  0.65            3.82e-7         
  0.7             3.82512e-7      
  0.8             3.78986e-7      
  0.9             3.67926e-7      
  1               3.55555e-7      
  1.1             3.43185e-7      
  1.2             3.30603e-7      
  1.3             3.16947e-7      
  1.4             3.02522e-7      
  1.5             2.88097e-7      
  1.6             2.74222e-7      
  1.7             2.60346e-7      
  1.8             2.47324e-7      
  1.9             2.34506e-7      
  2               2.22355e-7      
  2.1             2.10205e-7      
  2.2             1.98688e-7      
  2.3             1.87679e-7      
  2.4             1.77778e-7      
  2.5             1.67876e-7      
  2.6             1.58516e-7      
  2.7             1.49164e-7      
  2.8             1.40827e-7      
  2.9             1.33023e-7      
  3               1.25658e-7      
  3.1             1.18293e-7      
  3.2             1.11309e-7      
  3.3             1.04798e-7      
  3.4             9.90989e-8      
  3.5             9.33999e-8      
  3.6             8.79968e-8      
  3.7             8.25954e-8      
  3.8             7.78408e-8      
  3.9             7.34786e-8      
  4               6.93405e-8      
  4.1             6.52032e-8      
  4.2             6.12595e-8      
  4.3             5.76304e-8      
  4.4             5.44833e-8      
  4.5             5.13361e-8      
  4.6             4.83335e-8      
  4.7             4.53327e-8      
  4.8             4.2703e-8       
  4.9             4.03211e-8      
  5               3.80465e-8      
  5.1             3.57728e-8      
  5.2             3.35913e-8      
  5.3             3.16026e-8      
  5.4             2.98853e-8      
  5.5             2.81679e-8      
  5.6             2.65191e-8      
  5.7             2.48711e-8      
  5.8             2.34286e-8      
  5.9             2.21358e-8      
  6               2.08928e-8      
  6.1             1.96498e-8      
  6.2             1.845e-8        
  6.3             1.73643e-8      
  6.4             1.64291e-8      
  6.5             1.54939e-8      
  6.6             1.459e-8        
  6.7             1.36861e-8      
  6.8             1.28955e-8      
  6.9             1.21929e-8      
  7               1.15131e-8      
  7.1             1.08332e-8      
  7.2             1.0172e-8       
  7.3             9.57843e-9      
  7.4             9.06772e-9      
  7.5             8.557e-9        
  7.6             8.06007e-9      
  7.7             7.56322e-9      
  7.8             7.12886e-9      
  7.9             6.74557e-9      
  8               6.37218e-9      
  8.1             5.99887e-9      
  8.2             5.63392e-9      
  8.3             5.3078e-9       
  8.4             5.02741e-9      
  8.5             4.74711e-9      
  8.6             4.47281e-9      
  8.7             4.1986e-9       
  8.8             3.9588e-9       
  8.9             3.74851e-9      
  9               3.54236e-9      
  9.1             3.33639e-9      
  9.2             3.13405e-9      
  9.3             2.95403e-9      
  9.4             2.79929e-9      
  9.5             2.64464e-9      
  9.6             2.49252e-9      
  9.7             2.34049e-9      
  9.8             2.20749e-9      
  9.9             2.09139e-9      
  10              1.97716e-9      
  10.1            1.86292e-9      
  10.2            1.75021e-9      
  10.3            1.65035e-9      
  10.4            1.56453e-9      
  10.5            1.4787e-9       
  10.6            1.39398e-9      
  10.7            1.30934e-9      
  10.8            1.23527e-9      
  10.9            1.17084e-9      
  11              1.10717e-9      
  11.1            1.04358e-9      
  11.2            9.80588e-10     
  11.3            9.24866e-10     
  11.4            8.77092e-10     
  11.5            8.29268e-10     
  11.6            7.81916e-10     
  11.7            7.34574e-10     
  11.8            6.93126e-10     
  11.9            6.57224e-10     
  12              6.21634e-10     
  12.1            5.86044e-10     
  12.2            5.50726e-10     
  12.3            5.19584e-10     
  12.4            4.92838e-10     
  12.5            4.66102e-10     
  12.6            4.39544e-10     
  12.7            4.12994e-10     
  12.8            3.8974e-10      
  12.9            3.69658e-10     
  13              3.49696e-10     
  13.1            3.29732e-10     
  13.2            3.0987e-10      
  13.3            2.924e-10       
  13.4            2.77392e-10     
  13.5            2.62392e-10     
  13.6            2.4746e-10      
  13.7            2.32526e-10     
  13.8            2.19454e-10     
  13.9            2.08184e-10     
  14              1.96955e-10     
  14.1            1.85734e-10     
  14.2            1.74548e-10     
  14.3            1.64722e-10     
  14.4            1.56284e-10     
  14.5            1.47854e-10     
  14.6            1.3944e-10      
  14.7            1.31035e-10     
  14.8            1.23671e-10     
  14.9            1.17329e-10     
  15              1.11004e-10     
  15.1            1.04688e-10     
  15.2            9.83802e-11     
  15.3            9.28418e-11     
  15.4            8.80898e-11     
  15.5            8.33394e-11     
  15.6            7.85984e-11     
  15.7            7.38574e-11     
  15.8            6.97058e-11     
  15.9            6.6134e-11      
  16              6.257e-11       
  16.1            5.9006e-11      
  16.2            5.5448e-11      
  16.3            5.2327e-11      
  16.4            4.96484e-11     
  16.5            4.69696e-11     
  16.6            4.42952e-11     
  16.7            4.16206e-11     
  16.8            3.92784e-11     
  16.9            3.72652e-11     
  17              3.52554e-11     
  17.1            3.32446e-11     
  17.2            3.12372e-11     
  17.3            2.94768e-11     
  17.4            2.79666e-11     
  17.5            2.64556e-11     
  17.6            2.49464e-11     
  17.7            2.34378e-11     
  17.8            2.21162e-11     
  17.9            2.09816e-11     
  18              1.98477e-11     
  18.1            1.87146e-11     
  18.2            1.75816e-11     
  18.3            1.65889e-11     
  18.4            1.57374e-11     
  18.5            1.4886e-11      
  18.6            1.40345e-11     
  18.7            1.31839e-11     
  18.8            1.24389e-11     
  18.9            1.17989e-11     
  19              1.11605e-11     
  19.1            1.05212e-11     
  19.2            9.88198e-12     
  19.3            9.32308e-12     
  19.4            8.8428e-12      
  19.5            8.36346e-12     
  19.6            7.88394e-12     
  19.7            7.40434e-12     
  19.8            6.9847e-12      
  19.9            6.62466e-12     
  20              6.26478e-12     
  20.1            5.905e-12       
  20.2            5.54514e-12     
  20.3            5.23026e-12     
  20.4            4.96036e-12     
  20.5            4.69036e-12     
  20.6            4.42056e-12     
  20.7            4.15064e-12     
  20.8            3.91448e-12     
  20.9            3.71214e-12     
  21              3.50972e-12     
  21.1            3.30738e-12     
  21.2            3.10504e-12     
  21.3            2.92806e-12     
  21.4            2.77638e-12     
  21.5            2.62476e-12     
  21.6            2.47308e-12     
  21.7            2.32146e-12     
  21.8            2.1888e-12      
  21.9            2.07524e-12     
  22              1.96168e-12     
  22.1            1.84804e-12     
  22.2            1.73448e-12     
  22.3            1.63513e-12     
  22.4            1.55015e-12     
  22.5            1.46509e-12     
  22.6            1.38003e-12     
  22.7            1.29505e-12     
  22.8            1.22073e-12     
  22.9            1.15706e-12     
  23              1.09347e-12     
  23.1            1.0298e-12      
  23.2            9.66214e-13     
  23.3            9.10576e-13     
  23.4            8.63056e-13     
  23.5            8.1546e-13      
  23.6            7.6789e-13      
  23.7            7.20318e-13     
  23.8            6.7876e-13      
  23.9            6.43212e-13     
  24              6.07666e-13     
  24.1            5.72118e-13     
  24.2            5.36572e-13     
  24.3            5.05522e-13     
  24.4            4.7898e-13      
  24.5            4.52438e-13     
  24.6            4.25896e-13     
  24.7            3.99354e-13     
  24.8            3.76186e-13     
  24.9            3.56376e-13     
  25              3.36572e-13     
  25.1            3.1677e-13      
  25.2            2.96966e-13     
  25.3            2.79684e-13     
  25.4            2.6492e-13      
  25.5            2.50156e-13     
  25.6            2.35394e-13     
  25.7            2.2063e-13      
  25.8            2.07744e-13     
  25.9            1.96743e-13     
  26              1.85751e-13     
  26.1            1.74751e-13     
  26.2            1.6375e-13      
  26.3            1.54161e-13     
  26.4            1.45976e-13     
  26.5            1.37791e-13     
  26.6            1.29606e-13     
  26.7            1.21422e-13     
  26.8            1.14285e-13     
  26.9            1.08197e-13     
  27              1.02109e-13     
  27.1            9.6021e-14      
  27.2            8.9933e-14      
  27.3            8.46314e-14     
  27.4            8.01086e-14     
  27.5            7.55866e-14     
  27.6            7.10654e-14     
  27.7            6.65434e-14     
  27.8            6.26048e-14     
  27.9            5.92488e-14     
  28              5.58928e-14     
  28.1            5.25376e-14     
  28.2            4.91816e-14     
  28.3            4.62594e-14     
  28.4            4.37718e-14     
  28.5            4.12842e-14     
  28.6            3.87956e-14     
  28.7            3.6308e-14      
  28.8            3.41426e-14     
  28.9            3.23002e-14     
  29              3.04576e-14     
  29.1            2.86152e-14     
  29.2            2.67728e-14     
  29.3            2.51696e-14     
  29.4            2.38066e-14     
  29.5            2.24434e-14     
  29.6            2.10804e-14     
  29.7            1.97175e-14     
  29.8            1.8532e-14      
  29.9            1.75249e-14     
  30              1.65179e-14     
  30.1            1.551e-14       
  30.2            1.45029e-14     
  30.3            1.36278e-14     
  30.4            1.28846e-14     
  30.5            1.21413e-14     
  30.6            1.13972e-14     
  30.7            1.0654e-14      
  30.8            1.0008e-14      
  30.9            9.46006e-15     
  31              8.91214e-15     
  31.1            8.36422e-15     
  31.2            7.8162e-15      
  31.3            7.34042e-15     
  31.4            6.93692e-15     
  31.5            6.53342e-15     
  31.6            6.12992e-15     
  31.7            5.72642e-15     
  31.8            5.37628e-15     
  31.9            5.07958e-15     
  32              4.78288e-15     
  32.1            4.48626e-15     
  32.2            4.18954e-15     
  32.3            3.93224e-15     
  32.4            3.71434e-15     
  32.5            3.49644e-15     
  32.6            3.27864e-15     
  32.7            3.06074e-15     
  32.8            2.87192e-15     
  32.9            2.7121e-15      
  33              2.5523e-15      
  33.1            2.39258e-15     
  33.2            2.23276e-15     
  33.3            2.09434e-15     
  33.4            1.97741e-15     
  33.5            1.86039e-15     
  33.6            1.74336e-15     
  33.7            1.62634e-15     
  33.8            1.52504e-15     
  33.9            1.43947e-15     
  34              1.3539e-15      
  34.1            1.26833e-15     
  34.2            1.18276e-15     
  34.3            1.10877e-15     
  34.4            1.04629e-15     
  34.5            9.83802e-16     
  34.6            9.21314e-16     
  34.7            8.58828e-16     
  34.8            8.04848e-16     
  34.9            7.59298e-16     
  35              7.1374e-16      
  35.1            6.6819e-16      
  35.2            6.2264e-16      
  35.3            5.8328e-16      
  35.4            5.50116e-16     
  35.5            5.16954e-16     
  35.6            4.838e-16       
  35.7            4.50638e-16     
  35.8            4.22006e-16     
  35.9            3.979e-16       
  36              3.73802e-16     
  36.1            3.49696e-16     
  36.2            3.25596e-16     
  36.3            3.04804e-16     
  36.4            2.8731e-16      
  36.5            2.69824e-16     
  36.6            2.52338e-16     
  36.7            2.34844e-16     
  36.8            2.19768e-16     
  36.9            2.071e-16       
  37              1.94427e-16     
  37.1            1.8176e-16      
  37.2            1.69085e-16     
  37.3            1.58169e-16     
  37.4            1.49012e-16     
  37.5            1.39846e-16     
  37.6            1.30689e-16     
  37.7            1.21523e-16     
  37.8            1.13634e-16     
  37.9            1.07022e-16     
  38              1.0041e-16      
  38.1            9.37888e-17     
  38.2            8.71766e-17     
  38.3            8.1486e-17      
  38.4            7.67196e-17     
  38.5            7.19524e-17     
  38.6            6.7186e-17      
  38.7            6.24196e-17     
  38.8            5.83212e-17     
  38.9            5.48924e-17     
  39              5.14638e-17     
  39.1            4.8035e-17      
  39.2            4.46062e-17     
  39.3            4.16604e-17     
  39.4            3.9199e-17      
  39.5            3.67368e-17     
  39.6            3.42754e-17     
  39.7            3.1813e-17      
  39.8            2.97e-17        
  39.9            2.79362e-17     
  40              2.61716e-17     
  40.1            2.44078e-17     
  40.2            2.2643e-17      
  40.3            2.11304e-17     
  40.4            1.98688e-17     
  40.5            1.86064e-17     
  40.6            1.73448e-17     
  40.7            1.60833e-17     
  40.8            1.50018e-17     
  40.9            1.41013e-17     
  41              1.32008e-17     
  41.1            1.23003e-17     
  41.2            1.13998e-17     
  41.3            1.06286e-17     
  41.4            9.98684e-18     
  41.5            9.34506e-18     
  41.6            8.70412e-18     
  41.7            8.06218e-18     
  41.8            7.51342e-18     
  41.9            7.0574e-18      
  42              6.60132e-18     
  42.1            6.14532e-18     
  42.2            5.6893e-18      
  42.3            5.2995e-18      
  42.4            4.97608e-18     
  42.5            4.65258e-18     
  42.6            4.32914e-18     
  42.7            4.00564e-18     
  42.8            3.72948e-18     
  42.9            3.5005e-18      
  43              3.27162e-18     
  43.1            3.04264e-18     
  43.2            2.81374e-18     
  43.3            2.61842e-18     
  43.4            2.45676e-18     
  43.5            2.29508e-18     
  43.6            2.13342e-18     
  43.7            1.97175e-18     
  43.8            1.83392e-18     
  43.9            1.72003e-18     
  44              1.60613e-18     
  44.1            1.49223e-18     
  44.2            1.37834e-18     
  44.3            1.28135e-18     
  44.4            1.20128e-18     
  44.5            1.12129e-18     
  44.6            1.04121e-18     
  44.7            9.6114e-19      
  44.8            8.93074e-19     
  44.9            8.36904e-19     
  45              7.80768e-19     
  45.1            7.2463e-19      
  45.2            6.68494e-19     
  45.3            6.20796e-19     
  45.4            5.8153e-19      
  45.5            5.42262e-19     
  45.6            5.03002e-19     
  45.7            4.63736e-19     
  45.8            4.30404e-19     
  45.9            4.03016e-19     
  46              3.7562e-19      
  46.1            3.48224e-19     
  46.2            3.20836e-19     
  46.3            2.976e-19       
  46.4            2.78542e-19     
  46.5            2.59474e-19     
  46.6            2.40416e-19     
  46.7            2.21358e-19     
  46.8            2.05206e-19     
  46.9            1.91975e-19     
  47              1.7875e-19      
  47.1            1.65517e-19     
  47.2            1.52293e-19     
  47.3            1.41098e-19     
  47.4            1.3194e-19      
  47.5            1.22783e-19     
  47.6            1.13626e-19     
  47.7            1.04468e-19     
  47.8            9.67314e-20     
  47.9            9.0415e-20      
  48              8.40928e-20     
  48.1            7.77732e-20     
  48.2            7.14544e-20     
  48.3            6.61188e-20     
  48.4            6.17694e-20     
  48.5            5.74206e-20     
  48.6            5.3072e-20      
  48.7            4.87224e-20     
  48.8            4.50552e-20     
  48.9            4.20714e-20     
  49              3.90874e-20     
  49.1            3.61034e-20     
  49.2            3.31194e-20     
  49.3            3.06064e-20     
  49.4            2.85652e-20     
  49.5            2.65232e-20     
  49.6            2.44822e-20     
  49.7            2.2441e-20      
  49.8            0.00            
//
#-------------------------------------------------------------------------------
#
#name:   JENDL-5: PU-239(N,F) E_in=150. MeV
#X.axis: Energy
#Y.axis: 
#wdata:  2
#ldata:  668
#data...
# X               Y              
# MeV             1/eV           
  0.00            0.00            
  1.00e-8         7.20956e-11     
  1.25e-8         7.86209e-11     
  1.50e-8         8.57368e-11     
  1.75e-8         9.34967e-11     
  2.00e-8         1.01959e-10     
  2.25e-8         1.0726e-10      
  2.50e-8         1.12836e-10     
  2.75e-8         1.18702e-10     
  3.00e-8         1.24873e-10     
  3.50e-8         1.34185e-10     
  4.00e-8         1.44191e-10     
  4.50e-8         1.52464e-10     
  5.00e-8         1.61211e-10     
  5.50e-8         1.68729e-10     
  6.00e-8         1.76598e-10     
  7.00e-8         1.90747e-10     
  8.00e-8         2.03918e-10     
  9.00e-8         2.15616e-10     
  1.00e-7         2.27986e-10     
  1.125e-7        2.39839e-10     
  1.25e-7         2.52309e-10     
  1.375e-7        2.65426e-10     
  1.50e-7         2.79226e-10     
  1.75e-7         3.00048e-10     
  2.00e-7         3.22422e-10     
  2.25e-7         3.40919e-10     
  2.50e-7         3.60478e-10     
  2.75e-7         3.77289e-10     
  3.00e-7         3.94884e-10     
  3.50e-7         4.26524e-10     
  4.00e-7         4.55972e-10     
  4.50e-7         4.83632e-10     
  5.00e-7         5.09794e-10     
  5.50e-7         5.34676e-10     
  6.00e-7         5.5845e-10      
  6.50e-7         5.81254e-10     
  7.00e-7         6.03196e-10     
  7.50e-7         6.24366e-10     
  8.00e-7         6.44844e-10     
  8.50e-7         6.64688e-10     
  9.00e-7         6.8396e-10      
  9.50e-7         7.02702e-10     
  1.00e-6         7.20956e-10     
  1.125e-6        7.58438e-10     
  1.25e-6         7.97869e-10     
  1.375e-6        8.3935e-10      
  1.50e-6         8.82988e-10     
  1.75e-6         9.48834e-10     
  2.00e-6         1.01959e-9      
  2.25e-6         1.078082e-9     
  2.50e-6         1.13993e-9      
  2.75e-6         1.19309e-9      
  3.00e-6         1.24873e-9      
  3.50e-6         1.34878e-9      
  4.00e-6         1.44191e-9      
  4.50e-6         1.52938e-9      
  5.00e-6         1.6121e-9       
  5.50e-6         1.69079e-9      
  6.00e-6         1.76597e-9      
  6.50e-6         1.83808e-9      
  7.00e-6         1.90746e-9      
  7.50e-6         1.97441e-9      
  8.00e-6         2.03916e-9      
  8.50e-6         2.10192e-9      
  9.00e-6         2.16286e-9      
  9.50e-6         2.22212e-9      
  1.00e-5         2.27985e-9      
  1.125e-5        2.398377e-9     
  1.25e-5         2.523067e-9     
  1.375e-5        2.654239e-9     
  1.50e-5         2.79223e-9      
  1.75e-5         3.000437e-9     
  2.00e-5         3.22417e-9      
  2.25e-5         3.409139e-9     
  2.50e-5         3.60472e-9      
  2.75e-5         3.77282e-9      
  3.00e-5         3.94876e-9      
  3.50e-5         4.26513e-9      
  4.00e-5         4.55961e-9      
  4.50e-5         4.83617e-9      
  5.00e-5         5.09776e-9      
  5.50e-5         5.34655e-9      
  6.00e-5         5.58427e-9      
  6.50e-5         5.81227e-9      
  7.00e-5         6.03166e-9      
  7.50e-5         6.24334e-9      
  8.00e-5         6.44807e-9      
  8.50e-5         6.64649e-9      
  9.00e-5         6.83916e-9      
  9.50e-5         7.02655e-9      
  1.00e-4         7.20906e-9      
  1.125e-4        7.583787e-9     
  1.25e-4         7.977992e-9     
  1.375e-4        8.392688e-9     
  1.50e-4         8.82894e-9      
  1.75e-4         9.487136e-9     
  2.00e-4         1.01944e-8      
  2.25e-4         1.077908e-8     
  2.50e-4         1.13973e-8      
  2.75e-4         1.192862e-8     
  3.00e-4         1.24847e-8      
  3.50e-4         1.34845e-8      
  4.00e-4         1.4415e-8       
  4.50e-4         1.52889e-8      
  5.00e-4         1.61153e-8      
  5.50e-4         1.69013e-8      
  6.00e-4         1.76522e-8      
  6.50e-4         1.83723e-8      
  7.00e-4         1.90652e-8      
  7.50e-4         1.97337e-8      
  8.00e-4         2.03801e-8      
  8.50e-4         2.10066e-8      
  9.00e-4         2.16148e-8      
  9.50e-4         2.22063e-8      
  1.00e-3         2.27824e-8      
  1.125e-3        2.396471e-8     
  1.25e-3         2.520838e-8     
  1.375e-3        2.65166e-8      
  1.50e-3         2.78927e-8      
  1.75e-3         2.99673e-8      
  2.00e-3         3.21962e-8      
  2.25e-3         3.403726e-8     
  2.50e-3         3.59836e-8      
  2.75e-3         3.765494e-8     
  3.00e-3         3.94039e-8      
  3.50e-3         4.25459e-8      
  4.00e-3         4.54673e-8      
  4.50e-3         4.82081e-8      
  5.00e-3         5.07976e-8      
  5.50e-3         5.3258e-8       
  6.00e-3         5.56063e-8      
  6.50e-3         5.78562e-8      
  7.00e-3         6.00188e-8      
  7.50e-3         6.21032e-8      
  8.00e-3         6.4117e-8       
  8.50e-3         6.60666e-8      
  9.00e-3         6.79577e-8      
  9.50e-3         6.9795e-8       
  0.01            7.15826e-8      
  0.01125         7.523694e-8     
  0.0125          7.907785e-8     
  0.01375         8.311483e-8     
  0.015           8.73579e-8      
  0.0175          9.370488e-8     
  0.02            1.00513e-7      
  0.0225          1.060898e-7     
  0.025           1.11976e-7      
  0.03            1.22226e-7      
  0.035           1.31549e-7      
  0.04            1.4013e-7       
  0.045           1.481e-7        
  0.05            1.55555e-7      
  0.055           1.62566e-7      
  0.06            1.69189e-7      
  0.065           1.7547e-7       
  0.07            1.81445e-7      
  0.075           1.87143e-7      
  0.08            1.92592e-7      
  0.085           1.97811e-7      
  0.09            2.02821e-7      
  0.095           2.07635e-7      
  0.1             2.1227e-7       
  0.125           2.307574e-7     
  0.15            2.50855e-7      
  0.175           2.647904e-7     
  0.2             2.795e-7        
  0.25            3.01528e-7      
  0.3             3.18718e-7      
  0.35            3.32177e-7      
  0.4             3.42654e-7      
  0.45            3.50688e-7      
  0.5             3.56689e-7      
  0.55            3.60973e-7      
  0.6             3.63797e-7      
  0.65            3.65367e-7      
  0.7             3.65857e-7      
  0.8             3.63937e-7      
  0.9             3.54103e-7      
  1               3.43169e-7      
  1.1             3.32251e-7      
  1.2             3.21172e-7      
  1.3             3.08864e-7      
  1.4             2.95592e-7      
  1.5             2.8232e-7       
  1.6             2.69506e-7      
  1.7             2.56692e-7      
  1.8             2.44561e-7      
  1.9             2.32574e-7      
  2               2.21142e-7      
  2.1             2.0971e-7       
  2.2             1.98808e-7      
  2.3             1.88388e-7      
  2.4             1.78956e-7      
  2.5             1.69516e-7      
  2.6             1.60534e-7      
  2.7             1.51552e-7      
  2.8             1.4351e-7       
  2.9             1.3599e-7       
  3               1.2884e-7       
  3.1             1.21682e-7      
  3.2             1.14853e-7      
  3.3             1.08498e-7      
  3.4             1.02907e-7      
  3.5             9.7315e-8       
  3.6             9.19644e-8      
  3.7             8.66218e-8      
  3.8             8.18898e-8      
  3.9             7.75635e-8      
  4               7.34245e-8      
  4.1             6.92854e-8      
  4.2             6.53078e-8      
  4.3             6.1658e-8       
  4.4             5.84741e-8      
  4.5             5.52911e-8      
  4.6             5.22294e-8      
  4.7             4.91676e-8      
  4.8             4.64706e-8      
  4.9             4.4034e-8       
  5               4.16872e-8      
  5.1             3.93405e-8      
  5.2             3.70709e-8      
  5.3             3.5007e-8       
  5.4             3.32131e-8      
  5.5             3.14199e-8      
  5.6             2.9683e-8       
  5.7             2.79476e-8      
  5.8             2.64196e-8      
  5.9             2.50522e-8      
  6               2.37266e-8      
  6.1             2.2401e-8       
  6.2             2.11107e-8      
  6.3             1.99458e-8      
  6.4             1.89352e-8      
  6.5             1.79245e-8      
  6.6             1.69395e-8      
  6.7             1.59554e-8      
  6.8             1.50893e-8      
  6.9             1.43197e-8      
  7               1.35685e-8      
  7.1             1.28181e-8      
  7.2             1.2083e-8       
  7.3             1.14234e-8      
  7.4             1.08514e-8      
  7.5             1.02794e-8      
  7.6             9.71864e-9      
  7.7             9.15787e-9      
  7.8             8.66539e-9      
  7.9             8.22915e-9      
  8               7.80207e-9      
  8.1             7.37474e-9      
  8.2             6.95449e-9      
  8.3             6.5785e-9       
  8.4             6.25265e-9      
  8.5             5.92687e-9      
  8.6             5.60615e-9      
  8.7             5.28552e-9      
  8.8             5.00313e-9      
  8.9             4.7548e-9       
  9               4.51001e-9      
  9.1             4.26537e-9      
  9.2             4.02371e-9      
  9.3             3.80824e-9      
  9.4             3.62145e-9      
  9.5             3.43466e-9      
  9.6             3.25013e-9      
  9.7             3.06559e-9      
  9.8             2.90298e-9      
  9.9             2.76046e-9      
  10              2.61946e-9      
  10.1            2.47855e-9      
  10.2            2.33884e-9      
  10.3            2.21463e-9      
  10.4            2.1069e-9       
  10.5            1.99924e-9      
  10.6            1.89247e-9      
  10.7            1.7857e-9       
  10.8            1.69154e-9      
  10.9            1.60928e-9      
  11              1.52765e-9      
  11.1            1.44603e-9      
  11.2            1.36496e-9      
  11.3            1.2929e-9       
  11.4            1.23048e-9      
  11.5            1.16805e-9      
  11.6            1.10603e-9      
  11.7            1.04393e-9      
  11.8            9.89216e-10     
  11.9            9.41416e-10     
  12              8.93934e-10     
  12.1            8.46454e-10     
  12.2            7.99174e-10     
  12.3            7.57262e-10     
  12.4            7.209e-10       
  12.5            6.8453e-10      
  12.6            6.48322e-10     
  12.7            6.1212e-10      
  12.8            5.80154e-10     
  12.9            5.52308e-10     
  13              5.24566e-10     
  13.1            4.96826e-10     
  13.2            4.69172e-10     
  13.3            4.44678e-10     
  13.4            4.23412e-10     
  13.5            4.02154e-10     
  13.6            3.80952e-10     
  13.7            3.59758e-10     
  13.8            3.4104e-10      
  13.9            3.24738e-10     
  14              3.08486e-10     
  14.1            2.92234e-10     
  14.2            2.76014e-10     
  14.3            2.61648e-10     
  14.4            2.4918e-10      
  14.5            2.36712e-10     
  14.6            2.24266e-10     
  14.7            2.11822e-10     
  14.8            2.00832e-10     
  14.9            1.91264e-10     
  15              1.81711e-10     
  15.1            1.72167e-10     
  15.2            1.62631e-10     
  15.3            1.54187e-10     
  15.4            1.4686e-10      
  15.5            1.39525e-10     
  15.6            1.32206e-10     
  15.7            1.24887e-10     
  15.8            1.1842e-10      
  15.9            1.12788e-10     
  16              1.07165e-10     
  16.1            1.01549e-10     
  16.2            9.5933e-11      
  16.3            9.096e-11       
  16.4            8.66378e-11     
  16.5            8.23236e-11     
  16.6            7.80094e-11     
  16.7            7.3696e-11      
  16.8            6.98822e-11     
  16.9            6.65658e-11     
  17              6.3251e-11      
  17.1            5.9937e-11      
  17.2            5.66246e-11     
  17.3            5.3694e-11      
  17.4            5.11472e-11     
  17.5            4.86004e-11     
  17.6            4.60552e-11     
  17.7            4.351e-11       
  17.8            4.1259e-11      
  17.9            3.93028e-11     
  18              3.73464e-11     
  18.1            3.53902e-11     
  18.2            3.34348e-11     
  18.3            3.1705e-11      
  18.4            3.0201e-11      
  18.5            2.86972e-11     
  18.6            2.71948e-11     
  18.7            2.56916e-11     
  18.8            2.43628e-11     
  18.9            2.32068e-11     
  19              2.20514e-11     
  19.1            2.08962e-11     
  19.2            1.9741e-11      
  19.3            1.8719e-11      
  19.4            1.78313e-11     
  19.5            1.69427e-11     
  19.6            1.6055e-11      
  19.7            1.51672e-11     
  19.8            1.43823e-11     
  19.9            1.36995e-11     
  20              1.30166e-11     
  20.1            1.23345e-11     
  20.2            1.16516e-11     
  20.3            1.10483e-11     
  20.4            1.05236e-11     
  20.5            9.99902e-12     
  20.6            9.4744e-12      
  20.7            8.94978e-12     
  20.8            8.48542e-12     
  20.9            8.08212e-12     
  21              7.67914e-12     
  21.1            7.27584e-12     
  21.2            6.87262e-12     
  21.3            6.51608e-12     
  21.4            6.20604e-12     
  21.5            5.8961e-12      
  21.6            5.58622e-12     
  21.7            5.27636e-12     
  21.8            5.0024e-12      
  21.9            4.76428e-12     
  22              4.52614e-12     
  22.1            4.28794e-12     
  22.2            4.04982e-12     
  22.3            3.83924e-12     
  22.4            3.65624e-12     
  22.5            3.4733e-12      
  22.6            3.29038e-12     
  22.7            3.10744e-12     
  22.8            2.94564e-12     
  22.9            2.80512e-12     
  23              2.6646e-12      
  23.1            2.52402e-12     
  23.2            2.3835e-12      
  23.3            2.2593e-12      
  23.4            2.15132e-12     
  23.5            2.04334e-12     
  23.6            1.93545e-12     
  23.7            1.82756e-12     
  23.8            1.7322e-12      
  23.9            1.64928e-12     
  24              1.56646e-12     
  24.1            1.48354e-12     
  24.2            1.40072e-12     
  24.3            1.32745e-12     
  24.4            1.2639e-12      
  24.5            1.20027e-12     
  24.6            1.13664e-12     
  24.7            1.07309e-12     
  24.8            1.01693e-12     
  24.9            9.68088e-13     
  25              9.19322e-13     
  25.1            8.70556e-13     
  25.2            8.2171e-13      
  25.3            7.78616e-13     
  25.4            7.41178e-13     
  25.5            7.03748e-13     
  25.6            6.66334e-13     
  25.7            6.2892e-13      
  25.8            5.95868e-13     
  25.9            5.67178e-13     
  26              5.3849e-13      
  26.1            5.098e-13       
  26.2            4.81112e-13     
  26.3            4.55772e-13     
  26.4            4.33776e-13     
  26.5            4.11786e-13     
  26.6            3.89806e-13     
  26.7            3.67832e-13     
  26.8            3.48422e-13     
  26.9            3.31584e-13     
  27              3.14744e-13     
  27.1            2.97906e-13     
  27.2            2.81066e-13     
  27.3            2.66196e-13     
  27.4            2.53302e-13     
  27.5            2.40406e-13     
  27.6            2.2752e-13      
  27.7            2.14626e-13     
  27.8            2.03258e-13     
  27.9            1.93393e-13     
  28              1.83527e-13     
  28.1            1.73661e-13     
  28.2            1.63796e-13     
  28.3            1.55095e-13     
  28.4            1.47551e-13     
  28.5            1.40007e-13     
  28.6            1.32463e-13     
  28.7            1.2492e-13      
  28.8            1.18267e-13     
  28.9            1.12507e-13     
  29              1.06739e-13     
  29.1            1.0097e-13      
  29.2            9.521e-14       
  29.3            9.01246e-14     
  29.4            8.5722e-14      
  29.5            8.13114e-14     
  29.6            7.69112e-14     
  29.7            7.25094e-14     
  29.8            6.86274e-14     
  29.9            6.5266e-14      
  30              6.19054e-14     
  30.1            5.8544e-14      
  30.2            5.51826e-14     
  30.3            5.22196e-14     
  30.4            4.96544e-14     
  30.5            4.709e-14       
  30.6            4.45264e-14     
  30.7            4.19636e-14     
  30.8            3.97044e-14     
  30.9            3.77506e-14     
  31              3.5796e-14      
  31.1            3.38412e-14     
  31.2            3.18866e-14     
  31.3            3.0165e-14      
  31.4            2.86754e-14     
  31.5            2.7186e-14      
  31.6            2.5698e-14      
  31.7            2.42094e-14     
  31.8            2.2899e-14      
  31.9            2.17654e-14     
  32              2.06326e-14     
  32.1            1.94991e-14     
  32.2            1.83664e-14     
  32.3            1.73685e-14     
  32.4            1.65065e-14     
  32.5            1.56437e-14     
  32.6            1.47824e-14     
  32.7            1.39212e-14     
  32.8            1.31628e-14     
  32.9            1.25072e-14     
  33              1.18525e-14     
  33.1            1.11977e-14     
  33.2            1.05421e-14     
  33.3            9.96608e-15     
  33.4            9.46878e-15     
  33.5            8.97068e-15     
  33.6            8.47338e-15     
  33.7            7.97656e-15     
  33.8            7.53928e-15     
  33.9            7.16184e-15     
  34              6.78448e-15     
  34.1            6.40714e-15     
  34.2            6.02978e-15     
  34.3            5.69798e-15     
  34.4            5.41172e-15     
  34.5            5.12556e-15     
  34.6            4.83964e-15     
  34.7            4.55362e-15     
  34.8            4.30232e-15     
  34.9            4.08564e-15     
  35              3.86906e-15     
  35.1            3.65238e-15     
  35.2            3.4357e-15      
  35.3            3.24538e-15     
  35.4            3.08132e-15     
  35.5            2.91728e-15     
  35.6            2.75338e-15     
  35.7            2.58958e-15     
  35.8            2.4456e-15      
  35.9            2.32172e-15     
  36              2.19776e-15     
  36.1            2.0738e-15      
  36.2            1.94991e-15     
  36.3            1.84113e-15     
  36.4            1.74746e-15     
  36.5            1.65378e-15     
  36.6            1.56019e-15     
  36.7            1.46667e-15     
  36.8            1.38457e-15     
  36.9            1.31395e-15     
  37              1.24333e-15     
  37.1            1.17271e-15     
  37.2            1.10209e-15     
  37.3            1.04015e-15     
  37.4            9.86888e-16     
  37.5            9.33622e-16     
  37.6            8.80358e-16     
  37.7            8.27172e-16     
  37.8            7.80528e-16     
  37.9            7.40446e-16     
  38              7.00358e-16     
  38.1            6.60276e-16     
  38.2            6.20194e-16     
  38.3            5.8507e-16      
  38.4            5.54894e-16     
  38.5            5.24728e-16     
  38.6            4.94592e-16     
  38.7            4.64456e-16     
  38.8            4.38066e-16     
  38.9            4.1541e-16      
  39              3.92762e-16     
  39.1            3.70106e-16     
  39.2            3.4745e-16      
  39.3            3.27614e-16     
  39.4            3.106e-16       
  39.5            2.93584e-16     
  39.6            2.76592e-16     
  39.7            2.596e-16       
  39.8            2.44728e-16     
  39.9            2.31988e-16     
  40              2.19238e-16     
  40.1            2.06488e-16     
  40.2            1.93746e-16     
  40.3            1.82595e-16     
  40.4            1.73043e-16     
  40.5            1.6349e-16      
  40.6            1.53946e-16     
  40.7            1.4441e-16      
  40.8            1.36071e-16     
  40.9            1.28928e-16     
  41              1.21786e-16     
  41.1            1.14652e-16     
  41.2            1.0751e-16      
  41.3            1.01268e-16     
  41.4            9.5933e-17      
  41.5            9.05906e-17     
  41.6            8.5264e-17      
  41.7            7.99336e-17     
  41.8            7.52778e-17     
  41.9            7.12978e-17     
  42              6.73178e-17     
  42.1            6.33378e-17     
  42.2            5.93578e-17     
  42.3            5.58832e-17     
  42.4            5.29146e-17     
  42.5            4.99452e-17     
  42.6            4.69816e-17     
  42.7            4.40178e-17     
  42.8            4.14318e-17     
  42.9            3.9224e-17      
  43              3.70162e-17     
  43.1            3.48086e-17     
  43.2            3.26008e-17     
  43.3            3.06758e-17     
  43.4            2.9033e-17      
  43.5            2.739e-17       
  43.6            2.57502e-17     
  43.7            2.41106e-17     
  43.8            2.26814e-17     
  43.9            2.14634e-17     
  44              2.02446e-17     
  44.1            1.90267e-17     
  44.2            1.7808e-17      
  44.3            1.67467e-17     
  44.4            1.58429e-17     
  44.5            1.49383e-17     
  44.6            1.40361e-17     
  44.7            1.31331e-17     
  44.8            1.23481e-17     
  44.9            1.16789e-17     
  45              1.10105e-17     
  45.1            1.03413e-17     
  45.2            9.67284e-18     
  45.3            9.09118e-18     
  45.4            8.5963e-18      
  45.5            8.1006e-18      
  45.6            7.607e-18       
  45.7            7.113e-18       
  45.8            6.6835e-18      
  45.9            6.31844e-18     
  46              5.95338e-18     
  46.1            5.5884e-18      
  46.2            5.22334e-18     
  46.3            4.90608e-18     
  46.4            4.63662e-18     
  46.5            4.36716e-18     
  46.6            4.09834e-18     
  46.7            3.82944e-18     
  46.8            3.59598e-18     
  46.9            3.39786e-18     
  47              3.19974e-18     
  47.1            3.00164e-18     
  47.2            2.80352e-18     
  47.3            2.6315e-18      
  47.4            2.4857e-18      
  47.5            2.33988e-18     
  47.6            2.19446e-18     
  47.7            2.04896e-18     
  47.8            1.92276e-18     
  47.9            1.81591e-18     
  48              1.70906e-18     
  48.1            1.60213e-18     
  48.2            1.49527e-18     
  48.3            1.40264e-18     
  48.4            1.32415e-18     
  48.5            1.24574e-18     
  48.6            1.16749e-18     
  48.7            1.08924e-18     
  48.8            1.02151e-18     
  48.9            9.64232e-19     
  49              9.0687e-19      
  49.1            8.49588e-19     
  49.2            7.92298e-19     
  49.3            7.42688e-19     
  49.4            7.00758e-19     
  49.5            6.58838e-19     
  49.6            6.13638e-19     
  49.7            5.71992e-19     
  49.8            0.00            
//
#-------------------------------------------------------------------------------
#
#name:   JENDL-5: PU-239(N,F) E_in=175. MeV
#X.axis: Energy
#Y.axis: 
#wdata:  2
#ldata:  675
#data...
# X               Y              
# MeV             1/eV           
  0.00            0.00            
  1.00e-8         6.92898e-11     
  1.25e-8         7.5561e-11      
  1.50e-8         8.23998e-11     
  1.75e-8         8.98576e-11     
  2.00e-8         9.79904e-11     
  2.25e-8         1.03085e-10     
  2.50e-8         1.08444e-10     
  2.75e-8         1.14082e-10     
  3.00e-8         1.20013e-10     
  3.50e-8         1.28963e-10     
  4.00e-8         1.3858e-10      
  4.50e-8         1.4653e-10      
  5.00e-8         1.54937e-10     
  5.50e-8         1.62163e-10     
  6.00e-8         1.69725e-10     
  7.00e-8         1.83323e-10     
  8.00e-8         1.95981e-10     
  9.00e-8         2.07224e-10     
  1.00e-7         2.19112e-10     
  1.125e-7        2.30504e-10     
  1.25e-7         2.42488e-10     
  1.375e-7        2.55095e-10     
  1.50e-7         2.68358e-10     
  1.75e-7         2.88369e-10     
  2.00e-7         3.09872e-10     
  2.25e-7         3.2765e-10      
  2.50e-7         3.46448e-10     
  2.75e-7         3.62605e-10     
  3.00e-7         3.79516e-10     
  3.50e-7         4.09924e-10     
  4.00e-7         4.38226e-10     
  4.50e-7         4.6481e-10      
  5.00e-7         4.89952e-10     
  5.50e-7         5.13866e-10     
  6.00e-7         5.36716e-10     
  6.50e-7         5.58632e-10     
  7.00e-7         5.79718e-10     
  7.50e-7         6.00066e-10     
  8.00e-7         6.19746e-10     
  8.50e-7         6.3882e-10      
  9.00e-7         6.5734e-10      
  9.50e-7         6.75352e-10     
  1.00e-6         6.92896e-10     
  1.125e-6        7.2892e-10      
  1.25e-6         7.66816e-10     
  1.375e-6        8.06683e-10     
  1.50e-6         8.48622e-10     
  1.75e-6         9.11904e-10     
  2.00e-6         9.79904e-10     
  2.25e-6         1.036124e-9     
  2.50e-6         1.09557e-9      
  2.75e-6         1.146659e-9     
  3.00e-6         1.20013e-9      
  3.50e-6         1.29629e-9      
  4.00e-6         1.38579e-9      
  4.50e-6         1.46985e-9      
  5.00e-6         1.54936e-9      
  5.50e-6         1.62498e-9      
  6.00e-6         1.69724e-9      
  6.50e-6         1.76654e-9      
  7.00e-6         1.83323e-9      
  7.50e-6         1.89757e-9      
  8.00e-6         1.9598e-9       
  8.50e-6         2.02011e-9      
  9.00e-6         2.07868e-9      
  9.50e-6         2.13564e-9      
  1.00e-5         2.19112e-9      
  1.125e-5        2.305032e-9     
  1.25e-5         2.424867e-9     
  1.375e-5        2.550932e-9     
  1.50e-5         2.68355e-9      
  1.75e-5         2.883659e-9     
  2.00e-5         3.09869e-9      
  2.25e-5         3.276461e-9     
  2.50e-5         3.46443e-9      
  2.75e-5         3.625983e-9     
  3.00e-5         3.79507e-9      
  3.50e-5         4.09913e-9      
  4.00e-5         4.38214e-9      
  4.50e-5         4.64795e-9      
  5.00e-5         4.89935e-9      
  5.50e-5         5.13846e-9      
  6.00e-5         5.36693e-9      
  6.50e-5         5.58606e-9      
  7.00e-5         5.79691e-9      
  7.50e-5         6.00035e-9      
  8.00e-5         6.19711e-9      
  8.50e-5         6.38781e-9      
  9.00e-5         6.57298e-9      
  9.50e-5         6.75307e-9      
  1.00e-4         6.92848e-9      
  1.125e-4        7.288624e-9     
  1.25e-4         7.667488e-9     
  1.375e-4        8.066045e-9     
  1.50e-4         8.48532e-9      
  1.75e-4         9.117905e-9     
  2.00e-4         9.79765e-9      
  2.25e-4         1.035956e-8     
  2.50e-4         1.09537e-8      
  2.75e-4         1.146435e-8     
  3.00e-4         1.19988e-8      
  3.50e-4         1.29597e-8      
  4.00e-4         1.3854e-8       
  4.50e-4         1.46939e-8      
  5.00e-4         1.54881e-8      
  5.50e-4         1.62435e-8      
  6.00e-4         1.69652e-8      
  6.50e-4         1.76573e-8      
  7.00e-4         1.83232e-8      
  7.50e-4         1.89656e-8      
  8.00e-4         1.95869e-8      
  8.50e-4         2.0189e-8       
  9.00e-4         2.07736e-8      
  9.50e-4         2.13421e-8      
  1.00e-3         2.18957e-8      
  1.125e-3        2.3032e-8       
  1.25e-3         2.422726e-8     
  1.375e-3        2.548456e-8     
  1.50e-3         2.68071e-8      
  1.75e-3         2.880095e-8     
  2.00e-3         3.09431e-8      
  2.25e-3         3.271251e-8     
  2.50e-3         3.45831e-8      
  2.75e-3         3.61894e-8      
  3.00e-3         3.78703e-8      
  3.50e-3         4.089e-8        
  4.00e-3         4.36977e-8      
  4.50e-3         4.63318e-8      
  5.00e-3         4.88206e-8      
  5.50e-3         5.11852e-8      
  6.00e-3         5.34421e-8      
  6.50e-3         5.56044e-8      
  7.00e-3         5.76828e-8      
  7.50e-3         5.96861e-8      
  8.00e-3         6.16215e-8      
  8.50e-3         6.34953e-8      
  9.00e-3         6.53128e-8      
  9.50e-3         6.70786e-8      
  0.01            6.87966e-8      
  0.01125         7.230871e-8     
  0.0125          7.600012e-8     
  0.01375         7.987997e-8     
  0.015           8.39579e-8      
  0.0175          9.005767e-8     
  0.02            9.66006e-8      
  0.0225          1.019606e-7     
  0.025           1.07618e-7      
  0.03            1.17469e-7      
  0.035           1.26429e-7      
  0.04            1.34676e-7      
  0.045           1.42336e-7      
  0.05            1.49501e-7      
  0.055           1.56239e-7      
  0.06            1.62604e-7      
  0.065           1.68641e-7      
  0.07            1.74383e-7      
  0.075           1.7986e-7       
  0.08            1.85096e-7      
  0.085           1.90112e-7      
  0.09            1.94927e-7      
  0.095           1.99554e-7      
  0.1             2.04008e-7      
  0.125           2.217762e-7     
  0.15            2.41092e-7      
  0.175           2.54485e-7      
  0.2             2.68622e-7      
  0.25            2.89792e-7      
  0.3             3.06314e-7      
  0.35            3.19249e-7      
  0.4             3.29318e-7      
  0.45            3.37039e-7      
  0.5             3.42806e-7      
  0.55            3.46924e-7      
  0.6             3.49638e-7      
  0.65            3.51147e-7      
  0.7             3.51618e-7      
  0.8             3.50897e-7      
  0.9             3.42126e-7      
  1               3.32413e-7      
  1.1             3.22699e-7      
  1.2             3.12831e-7      
  1.3             3.01644e-7      
  1.4             2.89368e-7      
  1.5             2.77091e-7      
  1.6             2.65152e-7      
  1.7             2.53205e-7      
  1.8             2.41819e-7      
  1.9             2.30517e-7      
  2               2.19698e-7      
  2.1             2.08871e-7      
  2.2             1.98498e-7      
  2.3             1.88592e-7      
  2.4             1.79561e-7      
  2.5             1.7053e-7       
  2.6             1.6189e-7       
  2.7             1.53251e-7      
  2.8             1.4547e-7       
  2.9             1.38212e-7      
  3               1.3126e-7       
  3.1             1.24308e-7      
  3.2             1.17633e-7      
  3.3             1.11426e-7      
  3.4             1.05932e-7      
  3.5             1.00446e-7      
  3.6             9.51745e-8      
  3.7             8.99032e-8      
  3.8             8.52151e-8      
  3.9             8.09336e-8      
  4               7.68056e-8      
  4.1             7.26853e-8      
  4.2             6.87007e-8      
  4.3             6.50461e-8      
  4.4             6.18397e-8      
  4.5             5.86331e-8      
  4.6             5.55394e-8      
  4.7             5.24465e-8      
  4.8             4.97065e-8      
  4.9             4.72305e-8      
  5               4.48319e-8      
  5.1             4.24341e-8      
  5.2             4.01024e-8      
  5.3             3.79808e-8      
  5.4             3.61247e-8      
  5.5             3.42702e-8      
  5.6             3.24701e-8      
  5.7             3.06708e-8      
  5.8             2.90779e-8      
  5.9             2.76508e-8      
  6               2.62597e-8      
  6.1             2.48686e-8      
  6.2             2.35082e-8      
  6.3             2.22775e-8      
  6.4             2.12025e-8      
  6.5             2.01275e-8      
  6.6             1.90794e-8      
  6.7             1.80313e-8      
  6.8             1.71036e-8      
  6.9             1.6278e-8       
  7               1.54678e-8      
  7.1             1.46575e-8      
  7.2             1.38618e-8      
  7.3             1.31444e-8      
  7.4             1.25183e-8      
  7.5             1.18914e-8      
  7.6             1.12784e-8      
  7.7             1.06653e-8      
  7.8             1.01228e-8      
  7.9             9.64098e-9      
  8               9.1668e-9       
  8.1             8.69185e-9      
  8.2             8.2238e-9       
  8.3             7.80333e-9      
  8.4             7.43572e-9      
  8.5             7.06827e-9      
  8.6             6.70741e-9      
  8.7             6.34663e-9      
  8.8             6.02659e-9      
  8.9             5.74369e-9      
  9               5.46402e-9      
  9.1             5.18426e-9      
  9.2             4.9072e-9       
  9.3             4.65898e-9      
  9.4             4.44183e-9      
  9.5             4.22469e-9      
  9.6             4.01093e-9      
  9.7             3.79731e-9      
  9.8             3.60756e-9      
  9.9             3.44022e-9      
  10              3.27425e-9      
  10.1            3.10821e-9      
  10.2            2.9434e-9       
  10.3            2.79585e-9      
  10.4            2.66671e-9      
  10.5            2.5375e-9       
  10.6            2.41021e-9      
  10.7            2.28299e-9      
  10.8            2.16982e-9      
  10.9            2.07015e-9      
  11              1.97109e-9      
  11.1            1.87203e-9      
  11.2            1.77336e-9      
  11.3            1.6852e-9       
  11.4            1.60793e-9      
  11.5            1.53066e-9      
  11.6            1.4544e-9       
  11.7            1.3782e-9       
  11.8            1.31045e-9      
  11.9            1.25076e-9      
  12              1.19129e-9      
  12.1            1.13183e-9      
  12.2            1.07259e-9      
  12.3            1.01965e-9      
  12.4            9.73152e-10     
  12.5            9.26654e-10     
  12.6            8.80848e-10     
  12.7            8.34964e-10     
  12.8            7.94144e-10     
  12.9            7.58234e-10     
  13              7.22402e-10     
  13.1            6.8657e-10      
  13.2            6.50814e-10     
  13.3            6.18872e-10     
  13.4            5.90788e-10     
  13.5            5.62714e-10     
  13.6            5.35038e-10     
  13.7            5.0737e-10      
  13.8            4.82694e-10     
  13.9            4.6098e-10      
  14              4.39304e-10     
  14.1            4.1762e-10      
  14.2            3.95974e-10     
  14.3            3.7663e-10      
  14.4            3.59604e-10     
  14.5            3.42586e-10     
  14.6            3.25822e-10     
  14.7            3.09056e-10     
  14.8            2.94094e-10     
  14.9            2.8092e-10      
  15              2.67768e-10     
  15.1            2.54608e-10     
  15.2            2.41466e-10     
  15.3            2.2971e-10      
  15.4            2.1936e-10      
  15.5            2.09008e-10     
  15.6            1.9882e-10      
  15.7            1.88638e-10     
  15.8            1.79538e-10     
  15.9            1.71527e-10     
  16              1.63517e-10     
  16.1            1.55514e-10     
  16.2            1.47511e-10     
  16.3            1.40352e-10     
  16.4            1.34038e-10     
  16.5            1.27731e-10     
  16.6            1.21523e-10     
  16.7            1.15324e-10     
  16.8            1.09784e-10     
  16.9            1.04896e-10     
  17              1.00008e-10     
  17.1            9.51284e-11     
  17.2            9.02408e-11     
  17.3            8.5875e-11      
  17.4            8.20154e-11     
  17.5            7.8156e-11      
  17.6            7.43756e-11     
  17.7            7.05912e-11     
  17.8            6.72068e-11     
  17.9            6.42212e-11     
  18              6.12372e-11     
  18.1            5.82526e-11     
  18.2            5.52692e-11     
  18.3            5.2596e-11      
  18.4            5.02352e-11     
  18.5            4.7875e-11      
  18.6            4.55624e-11     
  18.7            4.32498e-11     
  18.8            4.11804e-11     
  18.9            3.93534e-11     
  19              3.75272e-11     
  19.1            3.57004e-11     
  19.2            3.38742e-11     
  19.3            3.22376e-11     
  19.4            3.07904e-11     
  19.5            2.93442e-11     
  19.6            2.79284e-11     
  19.7            2.65136e-11     
  19.8            2.52468e-11     
  19.9            2.41282e-11     
  20              2.30094e-11     
  20.1            2.189e-11       
  20.2            2.07712e-11     
  20.3            1.97684e-11     
  20.4            1.88799e-11     
  20.5            1.79922e-11     
  20.6            1.71259e-11     
  20.7            1.62596e-11     
  20.8            1.54831e-11     
  20.9            1.47972e-11     
  21              1.41112e-11     
  21.1            1.34253e-11     
  21.2            1.27393e-11     
  21.3            1.21232e-11     
  21.4            1.15784e-11     
  21.5            1.10336e-11     
  21.6            1.05026e-11     
  21.7            9.97168e-12     
  21.8            9.49596e-12     
  21.9            9.07472e-12     
  22              8.65424e-12     
  22.1            8.233e-12       
  22.2            7.81254e-12     
  22.3            7.4344e-12      
  22.4            7.09956e-12     
  22.5            6.76472e-12     
  22.6            6.43932e-12     
  22.7            6.1139e-12      
  22.8            5.8221e-12      
  22.9            5.56392e-12     
  23              5.30572e-12     
  23.1            5.04752e-12     
  23.2            4.78926e-12     
  23.3            4.55738e-12     
  23.4            4.35168e-12     
  23.5            4.14596e-12     
  23.6            3.94654e-12     
  23.7            3.74704e-12     
  23.8            3.56812e-12     
  23.9            3.40968e-12     
  24              3.2513e-12      
  24.1            3.09286e-12     
  24.2            2.93442e-12     
  24.3            2.79208e-12     
  24.4            2.66572e-12     
  24.5            2.53942e-12     
  24.6            2.41718e-12     
  24.7            2.29496e-12     
  24.8            2.18524e-12     
  24.9            2.0881e-12      
  25              1.99088e-12     
  25.1            1.89375e-12     
  25.2            1.79661e-12     
  25.3            1.70921e-12     
  25.4            1.63164e-12     
  25.5            1.55407e-12     
  25.6            1.47918e-12     
  25.7            1.40429e-12     
  25.8            1.33708e-12     
  25.9            1.27754e-12     
  26              1.21799e-12     
  26.1            1.15845e-12     
  26.2            1.09883e-12     
  26.3            1.04528e-12     
  26.4            9.97706e-13     
  26.5            9.50056e-13     
  26.6            9.0425e-13      
  26.7            8.58442e-13     
  26.8            8.17238e-13     
  26.9            7.80792e-13     
  27              7.44284e-13     
  27.1            7.078e-13       
  27.2            6.71308e-13     
  27.3            6.38476e-13     
  27.4            6.09288e-13     
  27.5            5.801e-13       
  27.6            5.52072e-13     
  27.7            5.2405e-13      
  27.8            4.98868e-13     
  27.9            4.7654e-13      
  28              4.5422e-13      
  28.1            4.31892e-13     
  28.2            4.09562e-13     
  28.3            3.8946e-13      
  28.4            3.71574e-13     
  28.5            3.53696e-13     
  28.6            3.36578e-13     
  28.7            3.1946e-13      
  28.8            3.04076e-13     
  28.9            2.90426e-13     
  29              2.76784e-13     
  29.1            2.63134e-13     
  29.2            2.49484e-13     
  29.3            2.37192e-13     
  29.4            2.2625e-13      
  29.5            2.15316e-13     
  29.6            2.04874e-13     
  29.7            1.94431e-13     
  29.8            1.85039e-13     
  29.9            1.76707e-13     
  30              1.68382e-13     
  30.1            1.60049e-13     
  30.2            1.51716e-13     
  30.3            1.44212e-13     
  30.4            1.37529e-13     
  30.5            1.30846e-13     
  30.6            1.24485e-13     
  30.7            1.18124e-13     
  30.8            1.124e-13       
  30.9            1.07321e-13     
  31              1.02249e-13     
  31.1            9.71694e-14     
  31.2            9.209e-14       
  31.3            8.7517e-14      
  31.4            8.3435e-14      
  31.5            7.93606e-14     
  31.6            7.54904e-14     
  31.7            7.16218e-14     
  31.8            6.81428e-14     
  31.9            6.50538e-14     
  32              6.19638e-14     
  32.1            5.88748e-14     
  32.2            5.57856e-14     
  32.3            5.29996e-14     
  32.4            5.05168e-14     
  32.5            4.80338e-14     
  32.6            4.5685e-14      
  32.7            4.33372e-14     
  32.8            4.12248e-14     
  32.9            3.93488e-14     
  33              3.74728e-14     
  33.1            3.5596e-14      
  33.2            3.372e-14       
  33.3            3.20274e-14     
  33.4            3.0518e-14      
  33.5            2.90088e-14     
  33.6            2.75862e-14     
  33.7            2.61638e-14     
  33.8            2.48838e-14     
  33.9            2.37468e-14     
  34              2.26096e-14     
  34.1            2.14726e-14     
  34.2            2.03354e-14     
  34.3            1.93096e-14     
  34.4            1.83934e-14     
  34.5            1.74781e-14     
  34.6            1.66187e-14     
  34.7            1.57586e-14     
  34.8            1.49852e-14     
  34.9            1.42969e-14     
  35              1.36094e-14     
  35.1            1.29219e-14     
  35.2            1.22337e-14     
  35.3            1.16129e-14     
  35.4            1.10589e-14     
  35.5            1.0505e-14      
  35.6            9.98626e-15     
  35.7            9.46758e-15     
  35.8            9.00106e-15     
  35.9            8.58596e-15     
  36              8.17086e-15     
  36.1            7.75576e-15     
  36.2            7.34104e-15     
  36.3            6.96622e-15     
  36.4            6.63152e-15     
  36.5            6.29682e-15     
  36.6            5.98492e-15     
  36.7            5.67302e-15     
  36.8            5.3922e-15      
  36.9            5.14244e-15     
  37              4.89268e-15     
  37.1            4.64294e-15     
  37.2            4.39318e-15     
  37.3            4.16744e-15     
  37.4            3.9658e-15      
  37.5            3.76416e-15     
  37.6            3.57702e-15     
  37.7            3.38988e-15     
  37.8            3.22138e-15     
  37.9            3.07146e-15     
  38              2.92152e-15     
  38.1            2.7716e-15      
  38.2            2.6216e-15      
  38.3            2.48608e-15     
  38.4            2.36494e-15     
  38.5            2.2437e-15      
  38.6            2.13176e-15     
  38.7            2.0198e-15      
  38.8            1.91891e-15     
  38.9            1.82914e-15     
  39              1.73937e-15     
  39.1            1.64959e-15     
  39.2            1.5599e-15      
  39.3            1.47864e-15     
  39.4            1.40606e-15     
  39.5            1.33339e-15     
  39.6            1.26664e-15     
  39.7            1.19981e-15     
  39.8            1.13965e-15     
  39.9            1.08602e-15     
  40              1.03246e-15     
  40.1            9.7883e-16      
  40.2            9.25274e-16     
  40.3            8.7678e-16      
  40.4            8.33352e-16     
  40.5            7.90e-16        
  40.6            7.50232e-16     
  40.7            7.10494e-16     
  40.8            6.74676e-16     
  40.9            6.4278e-16      
  41              6.10892e-16     
  41.1            5.78996e-16     
  41.2            5.471e-16       
  41.3            5.18218e-16     
  41.4            4.92354e-16     
  41.5            4.66488e-16     
  41.6            4.42924e-16     
  41.7            4.19368e-16     
  41.8            3.98122e-16     
  41.9            3.79202e-16     
  42              3.60272e-16     
  42.1            3.4135e-16      
  42.2            3.22422e-16     
  42.3            3.0528e-16      
  42.4            2.89912e-16     
  42.5            2.74544e-16     
  42.6            2.60616e-16     
  42.7            2.46698e-16     
  42.8            2.34138e-16     
  42.9            2.22942e-16     
  43              2.11748e-16     
  43.1            2.00562e-16     
  43.2            1.89367e-16     
  43.3            1.79216e-16     
  43.4            1.70116e-16     
  43.5            1.61016e-16     
  43.6            1.52821e-16     
  43.7            1.44619e-16     
  43.8            1.37214e-16     
  43.9            1.30616e-16     
  44              1.24025e-16     
  44.1            1.17426e-16     
  44.2            1.10827e-16     
  44.3            1.04842e-16     
  44.4            9.94712e-17     
  44.5            9.40926e-17     
  44.6            8.92816e-17     
  44.7            8.44708e-17     
  44.8            8.0128e-17      
  44.9            7.62508e-17     
  45              7.23744e-17     
  45.1            6.84988e-17     
  45.2            6.46234e-17     
  45.3            6.11046e-17     
  45.4            5.7944e-17      
  45.5            5.47836e-17     
  45.6            5.197e-17       
  45.7            4.91556e-17     
  45.8            4.66142e-17     
  45.9            4.43462e-17     
  46              4.20774e-17     
  46.1            3.98084e-17     
  46.2            3.75404e-17     
  46.3            3.54794e-17     
  46.4            3.36264e-17     
  46.5            3.17734e-17     
  46.6            3.01344e-17     
  46.7            2.84956e-17     
  46.8            2.70138e-17     
  46.9            2.5691e-17      
  47              2.43682e-17     
  47.1            2.30454e-17     
  47.2            2.17226e-17     
  47.3            2.05204e-17     
  47.4            1.94377e-17     
  47.5            1.83551e-17     
  47.6            1.74044e-17     
  47.7            1.6453e-17      
  47.8            1.55936e-17     
  47.9            1.48248e-17     
  48              1.40567e-17     
  48.1            1.32879e-17     
  48.2            1.25199e-17     
  48.3            1.18209e-17     
  48.4            1.11901e-17     
  48.5            1.05602e-17     
  48.6            1.00108e-17     
  48.7            9.46144e-18     
  48.8            8.96424e-18     
  48.9            8.51996e-18     
  49              8.07494e-18     
  49.1            7.63046e-18     
  49.2            7.18588e-18     
  49.3            6.78092e-18     
  49.4            6.41568e-18     
  49.5            6.05046e-18     
  49.5125         5.7392e-18      
  49.525          5.44394e-18     
  49.5375         5.16388e-18     
  49.55           4.89823e-18     
  49.5625         4.64624e-18     
  49.575          4.40721e-18     
  49.5875         4.18048e-18     
  49.6            3.96542e-18     
  49.7            3.72364e-18     
  49.8            0.00            
//
#-------------------------------------------------------------------------------
#
#name:   JENDL-5: PU-239(N,F) E_in=200. MeV
#X.axis: Energy
#Y.axis: 
#wdata:  2
#ldata:  684
#data...
# X               Y              
# MeV             1/eV           
  0.00            0.00            
  1.00e-8         6.26802e-11     
  1.25e-8         6.83532e-11     
  1.50e-8         7.45397e-11     
  1.75e-8         8.12862e-11     
  2.00e-8         8.86432e-11     
  2.25e-8         9.32517e-11     
  2.50e-8         9.80997e-11     
  2.75e-8         1.032e-10       
  3.00e-8         1.08565e-10     
  3.50e-8         1.16661e-10     
  4.00e-8         1.2536e-10      
  4.50e-8         1.32552e-10     
  5.00e-8         1.40157e-10     
  5.50e-8         1.46694e-10     
  6.00e-8         1.53535e-10     
  7.00e-8         1.65836e-10     
  8.00e-8         1.77286e-10     
  9.00e-8         1.87457e-10     
  1.00e-7         1.98212e-10     
  1.125e-7        2.08517e-10     
  1.25e-7         2.19357e-10     
  1.375e-7        2.30761e-10     
  1.50e-7         2.42758e-10     
  1.75e-7         2.60861e-10     
  2.00e-7         2.80314e-10     
  2.25e-7         2.96396e-10     
  2.50e-7         3.134e-10       
  2.75e-7         3.28016e-10     
  3.00e-7         3.43314e-10     
  3.50e-7         3.7082e-10      
  4.00e-7         3.96424e-10     
  4.50e-7         4.2047e-10      
  5.00e-7         4.43216e-10     
  5.50e-7         4.64848e-10     
  6.00e-7         4.85518e-10     
  6.50e-7         5.05344e-10     
  7.00e-7         5.2442e-10      
  7.50e-7         5.42826e-10     
  8.00e-7         5.60628e-10     
  8.50e-7         5.77882e-10     
  9.00e-7         5.94636e-10     
  9.50e-7         6.1093e-10      
  1.00e-6         6.26802e-10     
  1.125e-6        6.59389e-10     
  1.25e-6         6.9367e-10      
  1.375e-6        7.29734e-10     
  1.50e-6         7.67672e-10     
  1.75e-6         8.24917e-10     
  2.00e-6         8.8643e-10      
  2.25e-6         9.37286e-10     
  2.50e-6         9.9106e-10      
  2.75e-6         1.037277e-9     
  3.00e-6         1.08565e-9      
  3.50e-6         1.17264e-9      
  4.00e-6         1.2536e-9       
  4.50e-6         1.32964e-9      
  5.00e-6         1.40157e-9      
  5.50e-6         1.46998e-9      
  6.00e-6         1.53534e-9      
  6.50e-6         1.59803e-9      
  7.00e-6         1.65836e-9      
  7.50e-6         1.71656e-9      
  8.00e-6         1.77286e-9      
  8.50e-6         1.82742e-9      
  9.00e-6         1.8804e-9       
  9.50e-6         1.93192e-9      
  1.00e-5         1.98211e-9      
  1.125e-5        2.085157e-9     
  1.25e-5         2.193561e-9     
  1.375e-5        2.307601e-9     
  1.50e-5         2.42757e-9      
  1.75e-5         2.608591e-9     
  2.00e-5         2.80311e-9      
  2.25e-5         2.963922e-9     
  2.50e-5         3.13396e-9      
  2.75e-5         3.280107e-9     
  3.00e-5         3.43307e-9      
  3.50e-5         3.70813e-9      
  4.00e-5         3.96415e-9      
  4.50e-5         4.2046e-9       
  5.00e-5         4.43202e-9      
  5.50e-5         4.64833e-9      
  6.00e-5         4.85501e-9      
  6.50e-5         5.05324e-9      
  7.00e-5         5.24397e-9      
  7.50e-5         5.42801e-9      
  8.00e-5         5.60601e-9      
  8.50e-5         5.77852e-9      
  9.00e-5         5.94603e-9      
  9.50e-5         6.10895e-9      
  1.00e-4         6.26763e-9      
  1.125e-4        6.59343e-9      
  1.25e-4         6.936165e-9     
  1.375e-4        7.296717e-9     
  1.50e-4         7.67601e-9      
  1.75e-4         8.248283e-9     
  2.00e-4         8.86322e-9      
  2.25e-4         9.371567e-9     
  2.50e-4         9.90907e-9      
  2.75e-4         1.037102e-8     
  3.00e-4         1.08545e-8      
  3.50e-4         1.17238e-8      
  4.00e-4         1.25329e-8      
  4.50e-4         1.32927e-8      
  5.00e-4         1.40113e-8      
  5.50e-4         1.46948e-8      
  6.00e-4         1.53477e-8      
  6.50e-4         1.59739e-8      
  7.00e-4         1.65764e-8      
  7.50e-4         1.71576e-8      
  8.00e-4         1.77198e-8      
  8.50e-4         1.82646e-8      
  9.00e-4         1.87935e-8      
  9.50e-4         1.93079e-8      
  1.00e-3         1.98088e-8      
  1.125e-3        2.083703e-8     
  1.25e-3         2.191864e-8     
  1.375e-3        2.305639e-8     
  1.50e-3         2.42532e-8      
  1.75e-3         2.605767e-8     
  2.00e-3         2.79964e-8      
  2.25e-3         2.959799e-8     
  2.50e-3         3.12912e-8      
  2.75e-3         3.274536e-8     
  3.00e-3         3.42671e-8      
  3.50e-3         3.70011e-8      
  4.00e-3         3.95435e-8      
  4.50e-3         4.19291e-8      
  5.00e-3         4.41833e-8      
  5.50e-3         4.63254e-8      
  6.00e-3         4.83702e-8      
  6.50e-3         5.03295e-8      
  7.00e-3         5.22131e-8      
  7.50e-3         5.40288e-8      
  8.00e-3         5.57833e-8      
  8.50e-3         5.74821e-8      
  9.00e-3         5.91301e-8      
  9.50e-3         6.07314e-8      
  0.01            6.22897e-8      
  0.01125         6.547692e-8     
  0.0125          6.882723e-8     
  0.01375         7.234897e-8     
  0.015           7.60509e-8      
  0.0175          8.159446e-8     
  0.02            8.75421e-8      
  0.0225          9.241995e-8     
  0.025           9.75696e-8      
  0.03            1.06549e-7      
  0.035           1.14727e-7      
  0.04            1.22265e-7      
  0.045           1.29277e-7      
  0.05            1.35845e-7      
  0.055           1.42031e-7      
  0.06            1.47884e-7      
  0.065           1.53442e-7      
  0.07            1.58737e-7      
  0.075           1.63796e-7      
  0.08            1.6864e-7       
  0.085           1.73288e-7      
  0.09            1.77755e-7      
  0.095           1.82056e-7      
  0.1             1.86203e-7      
  0.125           2.028728e-7     
  0.15            2.21035e-7      
  0.175           2.338354e-7     
  0.2             2.47377e-7      
  0.25            2.68066e-7      
  0.3             2.84617e-7      
  0.35            2.97963e-7      
  0.4             3.08736e-7      
  0.45            3.17389e-7      
  0.5             3.24264e-7      
  0.55            3.29627e-7      
  0.6             3.33692e-7      
  0.65            3.36632e-7      
  0.7             3.38591e-7      
  0.75            3.39692e-7      
  0.8             3.40039e-7      
  0.9             3.32185e-7      
  1               3.23544e-7      
  1.1             3.14895e-7      
  1.2             3.06123e-7      
  1.3             2.95987e-7      
  1.4             2.8467e-7       
  1.5             2.73352e-7      
  1.6             2.62166e-7      
  1.7             2.50995e-7      
  1.8             2.40261e-7      
  1.9             2.29578e-7      
  2               2.19296e-7      
  2.1             2.09021e-7      
  2.2             1.99126e-7      
  2.3             1.89668e-7      
  2.4             1.8099e-7       
  2.5             1.7232e-7       
  2.6             1.63985e-7      
  2.7             1.55643e-7      
  2.8             1.48096e-7      
  2.9             1.41044e-7      
  3               1.34262e-7      
  3.1             1.27481e-7      
  3.2             1.20932e-7      
  3.3             1.14844e-7      
  3.4             1.09425e-7      
  3.5             1.04e-7         
  3.6             9.87936e-8      
  3.7             9.35797e-8      
  3.8             8.89273e-8      
  3.9             8.46614e-8      
  4               8.05414e-8      
  4.1             7.64141e-8      
  4.2             7.241e-8        
  4.3             6.87326e-8      
  4.4             6.54854e-8      
  4.5             6.22382e-8      
  4.6             5.91077e-8      
  4.7             5.59779e-8      
  4.8             5.31887e-8      
  4.9             5.06656e-8      
  5               4.82082e-8      
  5.1             4.57507e-8      
  5.2             4.33502e-8      
  5.3             4.11618e-8      
  5.4             3.92338e-8      
  5.5             3.73057e-8      
  5.6             3.54419e-8      
  5.7             3.35787e-8      
  5.8             3.19183e-8      
  5.9             3.04271e-8      
  6               2.89657e-8      
  6.1             2.75051e-8      
  6.2             2.60708e-8      
  6.3             2.47691e-8      
  6.4             2.36221e-8      
  6.5             2.24758e-8      
  6.6             2.13644e-8      
  6.7             2.02538e-8      
  6.8             1.92636e-8      
  6.9             1.83776e-8      
  7               1.75054e-8      
  7.1             1.6634e-8       
  7.2             1.57743e-8      
  7.3             1.49962e-8      
  7.4             1.431e-8        
  7.5             1.36239e-8      
  7.6             1.29581e-8      
  7.7             1.2293e-8       
  7.8             1.16987e-8      
  7.9             1.11693e-8      
  8               1.06458e-8      
  8.1             1.01222e-8      
  8.2             9.60371e-9      
  8.3             9.13556e-9      
  8.4             8.7221e-9       
  8.5             8.30863e-9      
  8.6             7.90757e-9      
  8.7             7.5065e-9       
  8.8             7.1481e-9       
  8.9             6.82885e-9      
  9               6.51222e-9      
  9.1             6.19567e-9      
  9.2             5.88138e-9      
  9.3             5.59787e-9      
  9.4             5.34694e-9      
  9.5             5.09602e-9      
  9.6             4.85283e-9      
  9.7             4.60956e-9      
  9.8             4.39175e-9      
  9.9             4.19792e-9      
  10              4.00527e-9      
  10.1            3.81261e-9      
  10.2            3.62097e-9      
  10.3            3.44808e-9      
  10.4            3.29472e-9      
  10.5            3.14144e-9      
  10.6            2.99305e-9      
  10.7            2.84473e-9      
  10.8            2.71157e-9      
  10.9            2.59315e-9      
  11              2.47516e-9      
  11.1            2.35725e-9      
  11.2            2.2397e-9       
  11.3            2.13367e-9      
  11.4            2.03946e-9      
  11.5            1.94517e-9      
  11.6            1.85417e-9      
  11.7            1.76323e-9      
  11.8            1.68142e-9      
  11.9            1.60864e-9      
  12              1.53601e-9      
  12.1            1.46345e-9      
  12.2            1.39104e-9      
  12.3            1.32563e-9      
  12.4            1.26737e-9      
  12.5            1.20918e-9      
  12.6            1.1531e-9       
  12.7            1.09703e-9      
  12.8            1.04656e-9      
  12.9            1.00157e-9      
  13              9.56726e-10     
  13.1            9.11806e-10     
  13.2            8.66958e-10     
  13.3            8.26488e-10     
  13.4            7.90318e-10     
  13.5            7.5415e-10      
  13.6            7.19484e-10     
  13.7            6.84794e-10     
  13.8            6.53518e-10     
  13.9            6.25612e-10     
  14              5.97742e-10     
  14.1            5.6987e-10      
  14.2            5.4203e-10      
  14.3            5.16828e-10     
  14.4            4.94288e-10     
  14.5            4.71756e-10     
  14.6            4.50214e-10     
  14.7            4.28674e-10     
  14.8            4.09218e-10     
  14.9            3.91842e-10     
  15              3.74472e-10     
  15.1            3.57108e-10     
  15.2            3.39754e-10     
  15.3            3.24024e-10     
  15.4            3.09928e-10     
  15.5            2.95834e-10     
  15.6            2.82416e-10     
  15.7            2.68992e-10     
  15.8            2.56856e-10     
  15.9            2.46e-10        
  16              2.35142e-10     
  16.1            2.2429e-10      
  16.2            2.1344e-10      
  16.3            2.03588e-10     
  16.4            1.94743e-10     
  16.5            1.85905e-10     
  16.6            1.77519e-10     
  16.7            1.69141e-10     
  16.8            1.61549e-10     
  16.9            1.54746e-10     
  17              1.47942e-10     
  17.1            1.41139e-10     
  17.2            1.34343e-10     
  17.3            1.28159e-10     
  17.4            1.22595e-10     
  17.5            1.17031e-10     
  17.6            1.11781e-10     
  17.7            1.06538e-10     
  17.8            1.01776e-10     
  17.9            9.75028e-11     
  18              9.32296e-11     
  18.1            8.89564e-11     
  18.2            8.46832e-11     
  18.3            8.07966e-11     
  18.4            7.7289e-11      
  18.5            7.37816e-11     
  18.6            7.04906e-11     
  18.7            6.71998e-11     
  18.8            6.42092e-11     
  18.9            6.15198e-11     
  19              5.88306e-11     
  19.1            5.6142e-11      
  19.2            5.34534e-11     
  19.3            5.1001e-11      
  19.4            4.87864e-11     
  19.5            4.6571e-11      
  19.6            4.4503e-11      
  19.7            4.2435e-11      
  19.8            4.05528e-11     
  19.9            3.88582e-11     
  20              3.71628e-11     
  20.1            3.5468e-11      
  20.2            3.37726e-11     
  20.3            3.22246e-11     
  20.4            3.08238e-11     
  20.5            2.9423e-11      
  20.6            2.81212e-11     
  20.7            2.68196e-11     
  20.8            2.5634e-11      
  20.9            2.45642e-11     
  21              2.34944e-11     
  21.1            2.24246e-11     
  21.2            2.1355e-11      
  21.3            2.03756e-11     
  21.4            1.94889e-11     
  21.5            1.86015e-11     
  21.6            1.77811e-11     
  21.7            1.69615e-11     
  21.8            1.62133e-11     
  21.9            1.55373e-11     
  22              1.48613e-11     
  22.1            1.41853e-11     
  22.2            1.35094e-11     
  22.3            1.28903e-11     
  22.4            1.23273e-11     
  22.5            1.17651e-11     
  22.6            1.12481e-11     
  22.7            1.07311e-11     
  22.8            1.02585e-11     
  22.9            9.83122e-12     
  23              9.4039e-12      
  23.1            8.97658e-12     
  23.2            8.54928e-12     
  23.3            8.15696e-12     
  23.4            7.79964e-12     
  23.5            7.44306e-12     
  23.6            7.11666e-12     
  23.7            6.79056e-12     
  23.8            6.49232e-12     
  23.9            6.22178e-12     
  24              5.9513e-12      
  24.1            5.68084e-12     
  24.2            5.41038e-12     
  24.3            5.1618e-12      
  24.4            4.93522e-12     
  24.5            4.70858e-12     
  24.6            4.5028e-12      
  24.7            4.29694e-12     
  24.8            4.10844e-12     
  24.9            3.9373e-12      
  25              3.76608e-12     
  25.1            3.59486e-12     
  25.2            3.42364e-12     
  25.3            3.26614e-12     
  25.4            3.12218e-12     
  25.5            2.97832e-12     
  25.6            2.84844e-12     
  25.7            2.7185e-12      
  25.8            2.59934e-12     
  25.9            2.49098e-12     
  26              2.38262e-12     
  26.1            2.27426e-12     
  26.2            2.16582e-12     
  26.3            2.066e-12       
  26.4            1.97463e-12     
  26.5            1.88319e-12     
  26.6            1.80123e-12     
  26.7            1.71919e-12     
  26.8            1.64393e-12     
  26.9            1.57532e-12     
  27              1.5067e-12      
  27.1            1.43815e-12     
  27.2            1.36953e-12     
  27.3            1.30624e-12     
  27.4            1.24819e-12     
  27.5            1.19015e-12     
  27.6            1.13837e-12     
  27.7            1.08667e-12     
  27.8            1.03905e-12     
  27.9            9.95664e-13     
  28              9.52276e-13     
  28.1            9.08816e-13     
  28.2            8.65428e-13     
  28.3            8.25322e-13     
  28.4            7.88496e-13     
  28.5            7.51598e-13     
  28.6            7.18988e-13     
  28.7            6.86348e-13     
  28.8            6.56298e-13     
  28.9            6.28836e-13     
  29              6.01372e-13     
  29.1            5.73918e-13     
  29.2            5.46456e-13     
  29.3            5.21036e-13     
  29.4            4.97664e-13     
  29.5            4.74286e-13     
  29.6            4.53708e-13     
  29.7            4.3313e-13      
  29.8            4.14162e-13     
  29.9            3.968e-13       
  30              3.79444e-13     
  30.1            3.62082e-13     
  30.2            3.44726e-13     
  30.3            3.28634e-13     
  30.4            3.13808e-13     
  30.5            2.98984e-13     
  30.6            2.86026e-13     
  30.7            2.7306e-13      
  30.8            2.61094e-13     
  30.9            2.50126e-13     
  31              2.39166e-13     
  31.1            2.28198e-13     
  31.2            2.17232e-13     
  31.3            2.07052e-13     
  31.4            1.9766e-13      
  31.5            1.88268e-13     
  31.6            1.80108e-13     
  31.7            1.71948e-13     
  31.8            1.64408e-13     
  31.9            1.57488e-13     
  32              1.50568e-13     
  32.1            1.43647e-13     
  32.2            1.36727e-13     
  32.3            1.30296e-13     
  32.4            1.24345e-13     
  32.5            1.18402e-13     
  32.6            1.13268e-13     
  32.7            1.08142e-13     
  32.8            1.03395e-13     
  32.9            9.90342e-14     
  33              9.46662e-14     
  33.1            9.03054e-14     
  33.2            8.59376e-14     
  33.3            8.18758e-14     
  33.4            7.81204e-14     
  33.5            7.43576e-14     
  33.6            7.11368e-14     
  33.7            6.79158e-14     
  33.8            6.49312e-14     
  33.9            6.21834e-14     
  34              5.94358e-14     
  34.1            5.66888e-14     
  34.2            5.39412e-14     
  34.3            5.13794e-14     
  34.4            4.90044e-14     
  34.5            4.66294e-14     
  34.6            4.46088e-14     
  34.7            4.25888e-14     
  34.8            4.07148e-14     
  34.9            3.89866e-14     
  35              3.7259e-14      
  35.1            3.55308e-14     
  35.2            3.38032e-14     
  35.3            3.21902e-14     
  35.4            3.06918e-14     
  35.5            2.91932e-14     
  35.6            2.7928e-14      
  35.7            2.66628e-14     
  35.8            2.5488e-14      
  35.9            2.4403e-14      
  36              2.3318e-14      
  36.1            2.22328e-14     
  36.2            2.11478e-14     
  36.3            2.01334e-14     
  36.4            1.91892e-14     
  36.5            1.82456e-14     
  36.6            1.74544e-14     
  36.7            1.66639e-14     
  36.8            1.59282e-14     
  36.9            1.52478e-14     
  37              1.45675e-14     
  37.1            1.38871e-14     
  37.2            1.32067e-14     
  37.3            1.25701e-14     
  37.4            1.19766e-14     
  37.5            1.1383e-14      
  37.6            1.08886e-14     
  37.7            1.03949e-14     
  37.8            9.9355e-15      
  37.9            9.50964e-15     
  38              9.08378e-15     
  38.1            8.65792e-15     
  38.2            8.23206e-15     
  38.3            7.83318e-15     
  38.4            7.45982e-15     
  38.5            7.08742e-15     
  38.6            6.77984e-15     
  38.7            6.47226e-15     
  38.8            6.18538e-15     
  38.9            5.91936e-15     
  39              5.65328e-15     
  39.1            5.3872e-15      
  39.2            5.12118e-15     
  39.3            4.87128e-15     
  39.4            4.6377e-15      
  39.5            4.40406e-15     
  39.6            4.2128e-15      
  39.7            4.02152e-15     
  39.8            3.84294e-15     
  39.9            3.67698e-15     
  40              3.51108e-15     
  40.1            3.3451e-15      
  40.2            3.17922e-15     
  40.3            3.02316e-15     
  40.4            2.87702e-15     
  40.5            2.7309e-15      
  40.6            2.61218e-15     
  40.7            2.49346e-15     
  40.8            2.38248e-15     
  40.9            2.27922e-15     
  41              2.17596e-15     
  41.1            2.07264e-15     
  41.2            1.96938e-15     
  41.3            1.8721e-15      
  41.4            1.78088e-15     
  41.5            1.68958e-15     
  41.6            1.61608e-15     
  41.7            1.54257e-15     
  41.8            1.47381e-15     
  41.9            1.40964e-15     
  42              1.34547e-15     
  42.1            1.28137e-15     
  42.2            1.2172e-15      
  42.3            1.15668e-15     
  42.4            1.0998e-15      
  42.5            1.04299e-15     
  42.6            9.9756e-16      
  42.7            9.5213e-16      
  42.8            9.09544e-16     
  42.9            8.69802e-16     
  43              8.3006e-16      
  43.1            7.90318e-16     
  43.2            7.50504e-16     
  43.3            7.12986e-16     
  43.4            6.77634e-16     
  43.5            6.42274e-16     
  43.6            6.1428e-16      
  43.7            5.86286e-16     
  43.8            5.59998e-16     
  43.9            5.35416e-16     
  44              5.10834e-16     
  44.1            4.86252e-16     
  44.2            4.6167e-16      
  44.3            4.38408e-16     
  44.4            4.16482e-16     
  44.5            3.94546e-16     
  44.6            3.7733e-16      
  44.7            3.60114e-16     
  44.8            3.43924e-16     
  44.9            3.28758e-16     
  45              3.13596e-16     
  45.1            2.9843e-16      
  45.2            2.8327e-16      
  45.3            2.68896e-16     
  45.4            2.55326e-16     
  45.5            2.41748e-16     
  45.6            2.31188e-16     
  45.7            2.2063e-16      
  45.8            2.10684e-16     
  45.9            2.0135e-16      
  46              1.92016e-16     
  46.1            1.82689e-16     
  46.2            1.73355e-16     
  46.3            1.64503e-16     
  46.4            1.56117e-16     
  46.5            1.47738e-16     
  46.6            1.41277e-16     
  46.7            1.34817e-16     
  46.8            1.2872e-16      
  46.9            1.22989e-16     
  47              1.17264e-16     
  47.1            1.11533e-16     
  47.2            1.05809e-16     
  47.3            1.00361e-16     
  47.4            9.51986e-17     
  47.5            9.00356e-17     
  47.6            8.6098e-17      
  47.7            8.2153e-17      
  47.8            7.84266e-17     
  47.9            7.49192e-17     
  48              7.14152e-17     
  48.1            6.79084e-17     
  48.2            6.44018e-17     
  48.3            6.10626e-17     
  48.4            5.7892e-17      
  48.5            5.47214e-17     
  48.6            5.23216e-17     
  48.7            4.99224e-17     
  48.8            4.76524e-17     
  48.9            4.55114e-17     
  49              4.33706e-17     
  49.1            4.12288e-17     
  49.2            3.90878e-17     
  49.3            3.7046e-17      
  49.4            3.51034e-17     
  49.5            3.31608e-17     
  49.50625        3.09865e-17     
  49.5125         2.89548e-17     
  49.51875        2.70562e-17     
  49.525          2.52822e-17     
  49.53125        2.36245e-17     
  49.5375         2.20755e-17     
  49.54375        2.0628e-17      
  49.55           1.92755e-17     
  49.55625        1.80116e-17     
  49.5625         1.68306e-17     
  49.56875        1.57271e-17     
  49.575          1.46959e-17     
  49.58125        1.37323e-17     
  49.5875         1.28319e-17     
  49.59375        1.19905e-17     
  49.6            1.12043e-17     
  49.7            1.05604e-17     
  49.8            0.00            
//
#-------------------------------------------------------------------------------
