#ZVView-data-copy::  19-Sep-2026 21:02:48
#=======================================
#
#name:   JENDL-4.0: TH-232(N,F) E_in=1.e-11 MeV
#X.axis: Energy
#Y.axis: 
#wdata:  3
#ldata:  352
#data...
# X               Y               +-dY           
# MeV             1/eV            1/eV           
  0.00            0.00            0.00                        
  1.00e-11        2.26198e-12     0.00                        
  1.20e-11        2.47788e-12     0.00                        
  1.40e-11        2.67641e-12     0.00                        
  1.60e-11        2.86121e-12     0.00                        
  1.80e-11        3.03477e-12     0.00                        
  2.20e-11        3.35506e-12     0.00                        
  2.50e-11        3.57651e-12     0.00                        
  2.90e-11        3.85202e-12     0.00                        
  3.40e-11        4.17089e-12     2.26951e-13      #dY:5.4%   
  4.00e-11        4.52397e-12     2.46163e-13      #dY:5.4%   
  4.60e-11        4.85141e-12     2.6398e-13       #dY:5.4%   
  5.40e-11        5.25637e-12     2.86015e-13      #dY:5.4%   
  6.30e-11        5.67753e-12     3.08932e-13      #dY:5.4%   
  7.40e-11        6.15326e-12     3.34817e-13      #dY:5.4%   
  8.60e-11        6.63343e-12     3.60945e-13      #dY:5.4%   
  1.00e-10        7.15302e-12     4.54916e-13      #dY:6.4%   
  1.20e-10        7.83574e-12     4.98335e-13      #dY:6.4%   
  1.40e-10        8.46356e-12     5.38263e-13      #dY:6.4%   
  1.60e-10        9.04793e-12     5.75428e-13      #dY:6.4%   
  1.80e-10        9.59678e-12     6.10333e-13      #dY:6.4%   
  2.20e-10        1.06096e-11     6.74746e-13      #dY:6.4%   
  2.50e-10        1.13099e-11     7.19284e-13      #dY:6.4%   
  2.90e-10        1.21811e-11     7.7469e-13       #dY:6.4%   
  3.40e-10        1.31895e-11     8.31686e-13      #dY:6.3%   
  4.00e-10        1.4306e-11      9.02089e-13      #dY:6.3%   
  4.60e-10        1.53415e-11     9.67384e-13      #dY:6.3%   
  5.40e-10        1.66221e-11     1.04813e-12      #dY:6.3%   
  6.30e-10        1.79539e-11     1.13211e-12      #dY:6.3%   
  7.40e-10        1.94583e-11     1.22698e-12      #dY:6.3%   
  8.60e-10        2.09768e-11     1.32273e-12      #dY:6.3%   
  1.00e-9         2.26198e-11     1.42633e-12      #dY:6.3%   
  1.20e-9         2.47788e-11     1.57588e-12      #dY:6.4%   
  1.40e-9         2.67641e-11     1.70214e-12      #dY:6.4%   
  1.60e-9         2.86121e-11     1.81967e-12      #dY:6.4%   
  1.80e-9         3.03477e-11     1.93005e-12      #dY:6.4%   
  2.20e-9         3.35506e-11     2.13375e-12      #dY:6.4%   
  2.50e-9         3.57651e-11     2.27458e-12      #dY:6.4%   
  2.90e-9         3.85202e-11     2.4498e-12       #dY:6.4%   
  3.40e-9         4.17089e-11     2.62999e-12      #dY:6.3%   
  4.00e-9         4.52396e-11     2.85262e-12      #dY:6.3%   
  4.60e-9         4.85141e-11     3.05909e-12      #dY:6.3%   
  5.40e-9         5.25637e-11     3.31444e-12      #dY:6.3%   
  6.30e-9         5.67753e-11     3.58001e-12      #dY:6.3%   
  7.40e-9         6.15325e-11     3.87998e-12      #dY:6.3%   
  8.60e-9         6.63343e-11     4.18276e-12      #dY:6.3%   
  1.00e-8         7.15301e-11     4.54915e-12      #dY:6.4%   
  1.20e-8         7.83573e-11     4.98335e-12      #dY:6.4%   
  1.40e-8         8.46355e-11     5.38263e-12      #dY:6.4%   
  1.60e-8         9.04792e-11     5.75427e-12      #dY:6.4%   
  1.80e-8         9.59676e-11     6.10332e-12      #dY:6.4%   
  2.20e-8         1.06096e-10     6.74747e-12      #dY:6.4%   
  2.50e-8         1.13099e-10     7.19284e-12      #dY:6.4%   
  2.90e-8         1.21811e-10     7.74691e-12      #dY:6.4%   
  3.40e-8         1.31895e-10     8.31686e-12      #dY:6.3%   
  4.00e-8         1.4306e-10      9.02089e-12      #dY:6.3%   
  4.60e-8         1.53415e-10     9.67384e-12      #dY:6.3%   
  5.40e-8         1.66221e-10     1.04813e-11      #dY:6.3%   
  6.30e-8         1.79539e-10     1.13211e-11      #dY:6.3%   
  7.40e-8         1.94582e-10     1.22697e-11      #dY:6.3%   
  8.60e-8         2.09767e-10     1.32272e-11      #dY:6.3%   
  1.00e-7         2.26197e-10     1.42632e-11      #dY:6.3%   
  1.20e-7         2.47787e-10     1.57588e-11      #dY:6.4%   
  1.40e-7         2.6764e-10      1.70214e-11      #dY:6.4%   
  1.60e-7         2.86119e-10     1.81966e-11      #dY:6.4%   
  1.80e-7         3.03475e-10     1.93004e-11      #dY:6.4%   
  2.20e-7         3.35504e-10     2.13374e-11      #dY:6.4%   
  2.50e-7         3.57649e-10     2.27458e-11      #dY:6.4%   
  2.90e-7         3.85199e-10     2.44979e-11      #dY:6.4%   
  3.40e-7         4.17086e-10     2.62998e-11      #dY:6.3%   
  4.00e-7         4.52393e-10     2.85262e-11      #dY:6.3%   
  4.60e-7         4.85137e-10     3.05909e-11      #dY:6.3%   
  5.40e-7         5.25632e-10     3.31443e-11      #dY:6.3%   
  6.30e-7         5.67747e-10     3.57999e-11      #dY:6.3%   
  7.40e-7         6.15319e-10     3.87997e-11      #dY:6.3%   
  8.60e-7         6.63336e-10     4.18274e-11      #dY:6.3%   
  1.00e-6         7.15293e-10     4.51036e-11      #dY:6.3%   
  1.20e-6         7.83563e-10     4.98333e-11      #dY:6.4%   
  1.40e-6         8.46344e-10     5.38261e-11      #dY:6.4%   
  1.60e-6         9.04778e-10     5.75424e-11      #dY:6.4%   
  1.80e-6         9.59661e-10     6.10329e-11      #dY:6.4%   
  2.20e-6         1.06094e-9      6.7474e-11       #dY:6.4%   
  2.50e-6         1.13097e-9      7.19278e-11      #dY:6.4%   
  2.90e-6         1.21809e-9      7.74685e-11      #dY:6.4%   
  3.40e-6         1.31892e-9      8.31671e-11      #dY:6.3%   
  4.00e-6         1.43057e-9      9.02074e-11      #dY:6.3%   
  4.60e-6         1.53411e-9      9.67363e-11      #dY:6.3%   
  5.40e-6         1.66216e-9      1.04811e-10      #dY:6.3%   
  6.30e-6         1.79533e-9      1.13208e-10      #dY:6.3%   
  7.40e-6         1.94576e-9      1.22694e-10      #dY:6.3%   
  8.60e-6         2.09759e-9      1.32268e-10      #dY:6.3%   
  1.00e-5         2.26189e-9      1.42628e-10      #dY:6.3%   
  1.20e-5         2.47776e-9      1.57586e-10      #dY:6.4%   
  1.40e-5         2.67628e-9      1.70212e-10      #dY:6.4%   
  1.60e-5         2.86105e-9      1.81963e-10      #dY:6.4%   
  1.80e-5         3.03459e-9      1.93e-10         #dY:6.4%   
  2.20e-5         3.35484e-9      2.13368e-10      #dY:6.4%   
  2.50e-5         3.57626e-9      2.2745e-10       #dY:6.4%   
  2.90e-5         3.85172e-9      2.4497e-10       #dY:6.4%   
  3.40e-5         4.17054e-9      2.62982e-10      #dY:6.3%   
  4.00e-5         4.52355e-9      2.85242e-10      #dY:6.3%   
  4.60e-5         4.85093e-9      3.05885e-10      #dY:6.3%   
  5.40e-5         5.25579e-9      3.31415e-10      #dY:6.3%   
  6.30e-5         5.67685e-9      3.57965e-10      #dY:6.3%   
  7.40e-5         6.15244e-9      3.87955e-10      #dY:6.3%   
  8.60e-5         6.63247e-9      4.18224e-10      #dY:6.3%   
  1.00e-4         7.15187e-9      4.50976e-10      #dY:6.3%   
  1.20e-4         7.83433e-9      4.98272e-10      #dY:6.4%   
  1.40e-4         8.46188e-9      5.38184e-10      #dY:6.4%   
  1.60e-4         9.04597e-9      5.75333e-10      #dY:6.4%   
  1.80e-4         9.59453e-9      6.10222e-10      #dY:6.4%   
  2.20e-4         1.06068e-8      6.74604e-10      #dY:6.4%   
  2.50e-4         1.13066e-8      7.19112e-10      #dY:6.4%   
  2.90e-4         1.21772e-8      7.74483e-10      #dY:6.4%   
  3.40e-4         1.31848e-8      8.31482e-10      #dY:6.3%   
  4.00e-4         1.43002e-8      9.01823e-10      #dY:6.3%   
  4.60e-4         1.53346e-8      9.67056e-10      #dY:6.3%   
  5.40e-4         1.66137e-8      1.04772e-9       #dY:6.3%   
  6.30e-4         1.79438e-8      1.1316e-9        #dY:6.3%   
  7.40e-4         1.94459e-8      1.22633e-9       #dY:6.3%   
  8.60e-4         2.09618e-8      1.32193e-9       #dY:6.3%   
  1.00e-3         2.26017e-8      1.42535e-9       #dY:6.3%   
  1.20e-3         2.47558e-8      1.57312e-9       #dY:6.4%   
  1.40e-3         2.67361e-8      1.69896e-9       #dY:6.4%   
  1.60e-3         2.85786e-8      1.81604e-9       #dY:6.4%   
  1.80e-3         3.03086e-8      1.92598e-9       #dY:6.4%   
  2.20e-3         3.34996e-8      2.12875e-9       #dY:6.4%   
  2.50e-3         3.57045e-8      2.26886e-9       #dY:6.4%   
  2.90e-3         3.84462e-8      2.44309e-9       #dY:6.4%   
  3.40e-3         4.16171e-8      2.62307e-9       #dY:6.3%   
  4.00e-3         4.51249e-8      2.84416e-9       #dY:6.3%   
  4.60e-3         4.8375e-8       3.04901e-9       #dY:6.3%   
  5.40e-3         5.239e-8        3.30207e-9       #dY:6.3%   
  6.30e-3         5.656e-8        3.5649e-9        #dY:6.3%   
  7.40e-3         6.12627e-8      3.86131e-9       #dY:6.3%   
  8.60e-3         6.60008e-8      4.15995e-9       #dY:6.3%   
  0.01            7.11172e-8      4.48243e-9       #dY:6.3%   
  0.012           7.7822e-8       4.95375e-9       #dY:6.4%   
  0.014           8.39682e-8      5.34498e-9       #dY:6.4%   
  0.016           8.96708e-8      5.70798e-9       #dY:6.4%   
  0.018           9.50097e-8      6.04783e-9       #dY:6.4%   
  0.022           1.04816e-7      6.67204e-9       #dY:6.4%   
  0.025           1.11558e-7      7.1012e-9        #dY:6.4%   
  0.029           1.19898e-7      7.63209e-9       #dY:6.4%   
  0.034           1.29482e-7      8.21684e-9       #dY:6.3%   
  0.04            1.39999e-7      8.88424e-9       #dY:6.3%   
  0.046           1.49657e-7      9.49713e-9       #dY:6.3%   
  0.054           1.61463e-7      1.02463e-8       #dY:6.3%   
  0.063           1.73566e-7      1.10144e-8       #dY:6.3%   
  0.074           1.87005e-7      1.18672e-8       #dY:6.3%   
  0.086           2.003e-7        1.27109e-8       #dY:6.3%   
  0.1             2.14354e-7      1.36028e-8       #dY:6.3%   
  0.2             2.8659e-7       1.86895e-8       #dY:6.5%   
  0.3             3.30715e-7      2.61167e-8       #dY:7.9%   
  0.4             3.58603e-7      2.8319e-8        #dY:7.9%   
  0.5             3.75292e-7      3.08675e-8       #dY:8.2%   
  0.6             3.84033e-7      3.15865e-8       #dY:8.2%   
  0.7             3.86942e-7      3.45234e-8       #dY:8.9%   
  0.8             3.85426e-7      3.43882e-8       #dY:8.9%   
  0.9             3.8048e-7       3.26839e-8       #dY:8.6%   
  1               3.72827e-7      3.20265e-8       #dY:8.6%   
  1.1             3.63002e-7      2.87566e-8       #dY:7.9%   
  1.2             3.51431e-7      2.78399e-8       #dY:7.9%   
  1.3             3.38615e-7      2.39036e-8       #dY:7.1%   
  1.4             3.24976e-7      2.29408e-8       #dY:7.1%   
  1.5             3.1084e-7       1.85823e-8       #dY:6.0%   
  1.6             2.96461e-7      1.77227e-8       #dY:6.0%   
  1.7             2.82038e-7      1.31827e-8       #dY:4.7%   
  1.8             2.67726e-7      1.25137e-8       #dY:4.7%   
  1.9             2.53644e-7      8.20653e-9       #dY:3.2%   
  2               2.39885e-7      7.76136e-9       #dY:3.2%   
  2.1             2.26519e-7      3.94656e-9       #dY:1.7%   
  2.2             2.13596e-7      3.72141e-9       #dY:1.7%   
  2.3             2.01153e-7      1.1234e-9        #dY:0.6%   
  2.4             1.89214e-7      1.05673e-9       #dY:0.6%   
  2.5             1.77794e-7      3.05902e-9       #dY:1.7%   
  2.6             1.66899e-7      2.87157e-9       #dY:1.7%   
  2.7             1.56529e-7      5.31615e-9       #dY:3.4%   
  2.8             1.4668e-7       4.98165e-9       #dY:3.4%   
  2.9             1.37343e-7      7.04579e-9       #dY:5.1%   
  3               1.28507e-7      6.5925e-9        #dY:5.1%   
  3.1             1.20157e-7      8.30015e-9       #dY:6.9%   
  3.2             1.12278e-7      7.75589e-9       #dY:6.9%   
  3.3             1.04852e-7      9.15282e-9       #dY:8.7%   
  3.4             9.78621e-8      8.54266e-9       #dY:8.7%   
  3.5             9.12889e-8      9.65468e-9       #dY:10.6%  
  3.6             8.5114e-8       9.00163e-9       #dY:10.6%  
  3.7             7.93184e-8      9.91379e-9       #dY:12.5%  
  3.8             7.38837e-8      9.23452e-9       #dY:12.5%  
  3.9             6.87912e-8      9.90793e-9       #dY:14.4%  
  4               6.40231e-8      9.22118e-9       #dY:14.4%  
  4.1             5.95618e-8      9.71408e-9       #dY:16.3%  
  4.2             5.53903e-8      9.03374e-9       #dY:16.3%  
  4.3             5.14921e-8      9.38084e-9       #dY:18.2%  
  4.4             4.78515e-8      8.7176e-9        #dY:18.2%  
  4.5             4.44533e-8      8.99451e-9       #dY:20.2%  
  4.6             4.12831e-8      8.35306e-9       #dY:20.2%  
  4.7             3.8327e-8       8.52807e-9       #dY:22.3%  
  4.8             3.55719e-8      7.91503e-9       #dY:22.3%  
  4.9             3.30052e-8      8.00971e-9       #dY:24.3%  
  5               3.06152e-8      7.42971e-9       #dY:24.3%  
  5.1             2.83905e-8      7.46321e-9       #dY:26.3%  
  5.2             2.63205e-8      6.91906e-9       #dY:26.3%  
  5.3             2.43953e-8      6.93182e-9       #dY:28.4%  
  5.4             2.26052e-8      6.42317e-9       #dY:28.4%  
  5.5             2.09415e-8      6.37393e-9       #dY:30.4%  
  5.6             1.93958e-8      5.90347e-9       #dY:30.4%  
  5.7             1.796e-8        5.84869e-9       #dY:32.6%  
  5.8             1.66269e-8      5.41456e-9       #dY:32.6%  
  5.9             1.53894e-8      5.33932e-9       #dY:34.7%  
  6               1.4241e-8       4.94089e-9       #dY:34.7%  
  6.1             1.31756e-8      4.85198e-9       #dY:36.8%  
  6.2             1.21875e-8      4.48811e-9       #dY:36.8%  
  6.3             1.12714e-8      4.39107e-9       #dY:39.0%  
  6.4             1.04221e-8      4.0602e-9        #dY:39.0%  
  6.5             9.63499e-9      3.96916e-9       #dY:41.2%  
  6.6             8.90573e-9      3.66874e-9       #dY:41.2%  
  6.7             8.23021e-9      3.57467e-9       #dY:43.4%  
  6.8             7.60461e-9      3.30295e-9       #dY:43.4%  
  6.9             7.02537e-9      3.20129e-9       #dY:45.6%  
  7               6.48916e-9      2.95696e-9       #dY:45.6%  
  7.1             5.99291e-9      2.86523e-9       #dY:47.8%  
  7.2             5.53372e-9      2.64569e-9       #dY:47.8%  
  7.3             5.10891e-9      2.55714e-9       #dY:50.1%  
  7.4             4.71599e-9      2.36048e-9       #dY:50.1%  
  7.5             4.35263e-9      2.28075e-9       #dY:52.4%  
  7.6             4.01667e-9      2.1047e-9        #dY:52.4%  
  7.7             3.7061e-9       2.02515e-9       #dY:54.6%  
  7.8             3.41906e-9      1.8683e-9        #dY:54.6%  
  7.9             3.1538e-9       1.79414e-9       #dY:56.9%  
  8               2.90872e-9      1.65472e-9       #dY:56.9%  
  8.1             2.68232e-9      1.58894e-9       #dY:59.2%  
  8.2             2.47321e-9      1.46507e-9       #dY:59.2%  
  8.3             2.2801e-9       1.40432e-9       #dY:61.6%  
  8.4             2.1018e-9       1.29451e-9       #dY:61.6%  
  8.5             1.93719e-9      1.23868e-9       #dY:63.9%  
  8.6             1.78525e-9      1.14152e-9       #dY:63.9%  
  8.7             1.64502e-9      1.0906e-9        #dY:66.3%  
  8.8             1.51563e-9      1.00482e-9       #dY:66.3%  
  8.9             1.39624e-9      9.58538e-10      #dY:68.7%  
  9               1.2861e-9       8.82926e-10      #dY:68.7%  
  9.1             1.18452e-9      8.41061e-10      #dY:71.0%  
  9.2             1.09083e-9      7.74537e-10      #dY:71.0%  
  9.3             1.00444e-9      7.37932e-10      #dY:73.5%  
  9.4             9.24785e-10     6.79412e-10      #dY:73.5%  
  9.5             8.51354e-10     6.46385e-10      #dY:75.9%  
  9.6             7.83668e-10     5.94995e-10      #dY:75.9%  
  9.7             7.21285e-10     5.64643e-10      #dY:78.3%  
  9.8             6.63798e-10     5.1964e-10       #dY:78.3%  
  9.9             6.10828e-10     4.93216e-10      #dY:80.7%  
  10              5.62027e-10     4.53811e-10      #dY:80.7%  
  10.1            5.17072e-10     4.30255e-10      #dY:83.2%  
  10.2            4.75664e-10     3.95799e-10      #dY:83.2%  
  10.3            4.37529e-10     3.74844e-10      #dY:85.7%  
  10.4            4.02411e-10     3.44758e-10      #dY:85.7%  
  10.5            3.70076e-10     3.26185e-10      #dY:88.1%  
  10.6            3.40306e-10     2.99946e-10      #dY:88.1%  
  10.7            3.12901e-10     2.83837e-10      #dY:90.7%  
  10.8            2.87676e-10     2.60955e-10      #dY:90.7%  
  10.9            2.64459e-10     2.46411e-10      #dY:93.2%  
  11              2.43094e-10     2.26504e-10      #dY:93.2%  
  11.1            2.23435e-10     2.13935e-10      #dY:95.7%  
  11.2            2.05346e-10     1.96615e-10      #dY:95.7%  
  11.3            1.88706e-10     1.85339e-10      #dY:98.2%  
  11.4            1.73398e-10     1.70304e-10      #dY:98.2%  
  11.5            1.59318e-10     1.6058e-10       #dY:100.8% 
  11.6            1.46369e-10     1.47529e-10      #dY:100.8% 
  11.7            1.34461e-10     1.38984e-10      #dY:103.4% 
  11.8            1.23511e-10     1.27666e-10      #dY:103.4% 
  11.9            1.13443e-10     1.20183e-10      #dY:105.9% 
  12              1.04187e-10     1.10378e-10      #dY:105.9% 
  12.1            9.5679e-11      1.04235e-10      #dY:108.9% 
  12.2            8.78582e-11     9.57151e-11      #dY:108.9% 
  12.3            8.06701e-11     8.96165e-11      #dY:111.1% 
  12.4            7.40642e-11     8.2278e-11       #dY:111.1% 
  12.5            6.79939e-11     7.69965e-11      #dY:113.2% 
  12.6            6.24162e-11     7.06803e-11      #dY:113.2% 
  12.7            5.72915e-11     6.67199e-11      #dY:116.5% 
  12.8            5.25836e-11     6.12372e-11      #dY:116.5% 
  12.9            4.82589e-11     5.7238e-11       #dY:118.6% 
  13              4.42865e-11     5.25265e-11      #dY:118.6% 
  13.1            4.0638e-11      4.95074e-11      #dY:121.8% 
  13.2            3.72873e-11     4.54254e-11      #dY:121.8% 
  13.3            3.42104e-11     4.24128e-11      #dY:124.0% 
  13.4            3.13851e-11     3.89101e-11      #dY:124.0% 
  13.5            2.8791e-11      3.66211e-11      #dY:127.2% 
  13.6            2.64095e-11     3.35919e-11      #dY:127.2% 
  13.7            2.42232e-11     3.1332e-11       #dY:129.3% 
  13.8            2.22163e-11     2.87361e-11      #dY:129.3% 
  13.9            2.03743e-11     2.70098e-11      #dY:132.6% 
  14              1.86837e-11     2.47686e-11      #dY:132.6% 
  14.1            1.71322e-11     2.30801e-11      #dY:134.7% 
  14.2            1.57085e-11     2.11622e-11      #dY:134.7% 
  14.3            1.44021e-11     1.98658e-11      #dY:137.9% 
  14.4            1.32035e-11     1.82125e-11      #dY:137.9% 
  14.5            1.21038e-11     1.69566e-11      #dY:140.1% 
  14.6            1.1095e-11      1.55434e-11      #dY:140.1% 
  14.7            1.01695e-11     1.45749e-11      #dY:143.3% 
  14.8            9.32072e-12     1.33585e-11      #dY:143.3% 
  14.9            8.54219e-12     1.24259e-11      #dY:145.5% 
  15              7.82818e-12     1.13873e-11      #dY:145.5% 
  15.1            7.1734e-12      1.06662e-11      #dY:148.7% 
  15.2            6.57298e-12     9.77343e-12      #dY:148.7% 
  15.3            6.02243e-12     9.14894e-12      #dY:151.9% 
  15.4            5.51766e-12     8.38212e-12      #dY:151.9% 
  15.5            5.05488e-12     7.78808e-12      #dY:154.1% 
  15.6            4.63063e-12     7.13444e-12      #dY:154.1% 
  15.7            4.24173e-12     6.67192e-12      #dY:157.3% 
  15.8            3.88526e-12     6.11122e-12      #dY:157.3% 
  15.9            3.55853e-12     5.67399e-12      #dY:159.4% 
  16              3.25908e-12     5.19652e-12      #dY:159.4% 
  16.1            2.98466e-12     4.85535e-12      #dY:162.7% 
  16.2            2.73318e-12     4.44625e-12      #dY:162.7% 
  16.3            2.50275e-12     4.1521e-12       #dY:165.9% 
  16.4            2.29161e-12     3.80181e-12      #dY:165.9% 
  16.5            2.09817e-12     3.52616e-12      #dY:168.1% 
  16.6            1.92094e-12     3.22831e-12      #dY:168.1% 
  16.7            1.75859e-12     3.01213e-12      #dY:171.3% 
  16.8            1.60986e-12     2.75738e-12      #dY:171.3% 
  16.9            1.47363e-12     2.5716e-12       #dY:174.5% 
  17              1.34886e-12     2.35386e-12      #dY:174.5% 
  17.1            1.23458e-12     2.18111e-12      #dY:176.7% 
  17.2            1.12992e-12     1.99621e-12      #dY:176.7% 
  17.3            1.03408e-12     1.86021e-12      #dY:179.9% 
  17.4            9.46317e-13     1.70233e-12      #dY:179.9% 
  17.5            8.65955e-13     1.58574e-12      #dY:183.1% 
  17.6            7.92376e-13     1.451e-12        #dY:183.1% 
  17.7            7.25011e-13     1.34329e-12      #dY:185.3% 
  17.8            6.63338e-13     1.22902e-12      #dY:185.3% 
  17.9            6.06879e-13     1.144e-12        #dY:188.5% 
  18              5.55198e-13     1.04658e-12      #dY:188.5% 
  18.1            5.07891e-13     9.73812e-13      #dY:191.7% 
  18.2            4.64591e-13     8.90791e-13      #dY:191.7% 
  18.3            4.24961e-13     8.2398e-13       #dY:193.9% 
  18.4            3.88692e-13     7.53656e-13      #dY:193.9% 
  18.5            3.55501e-13     7.00776e-13      #dY:197.1% 
  18.6            3.25128e-13     6.40903e-13      #dY:197.1% 
  18.7            2.97335e-13     5.95721e-13      #dY:200.4% 
  18.8            2.71904e-13     5.44769e-13      #dY:200.4% 
  18.9            2.48637e-13     5.03528e-13      #dY:202.5% 
  19              2.27349e-13     4.60417e-13      #dY:202.5% 
  19.1            2.07874e-13     4.27687e-13      #dY:205.7% 
  19.2            1.90058e-13     3.91032e-13      #dY:205.7% 
  19.3            1.73761e-13     3.6312e-13       #dY:209.0% 
  19.4            1.58854e-13     3.31968e-13      #dY:209.0% 
  19.5            1.45218e-13     3.08159e-13      #dY:212.2% 
  19.6            1.32747e-13     2.81695e-13      #dY:212.2% 
  19.7            1.21342e-13     2.61412e-13      #dY:215.4% 
  19.8            1.10911e-13     2.3894e-13       #dY:215.4% 
  19.9            1.01372e-13     2.20583e-13      #dY:217.6% 
  20              9.26492e-14     2.01603e-13      #dY:217.6% 
  20.2            0.00            0.00                        
//
#-------------------------------------------------------------------------------
#
#name:   JENDL-4.0: TH-232(N,F) E_in=0.1 MeV
#X.axis: Energy
#Y.axis: 
#wdata:  3
#ldata:  352
#data...
# X               Y               +-dY           
# MeV             1/eV            1/eV           
  0.00            0.00            0.00                        
  1.00e-11        2.25809e-12     0.00                        
  1.20e-11        2.47362e-12     0.00                        
  1.40e-11        2.67181e-12     0.00                        
  1.60e-11        2.85629e-12     0.00                        
  1.80e-11        3.02955e-12     0.00                        
  2.20e-11        3.3493e-12      0.00                        
  2.50e-11        3.57036e-12     0.00                        
  2.90e-11        3.8454e-12      0.00                        
  3.40e-11        4.16372e-12     2.26951e-13      #dY:5.5%   
  4.00e-11        4.51619e-12     2.46163e-13      #dY:5.5%   
  4.60e-11        4.84307e-12     2.6398e-13       #dY:5.5%   
  5.40e-11        5.24734e-12     2.86015e-13      #dY:5.5%   
  6.30e-11        5.66777e-12     3.08932e-13      #dY:5.5%   
  7.40e-11        6.14268e-12     3.34817e-13      #dY:5.5%   
  8.60e-11        6.62203e-12     3.60945e-13      #dY:5.5%   
  1.00e-10        7.14072e-12     4.54915e-13      #dY:6.4%   
  1.20e-10        7.82227e-12     4.98335e-13      #dY:6.4%   
  1.40e-10        8.44902e-12     5.38264e-13      #dY:6.4%   
  1.60e-10        9.03238e-12     5.75428e-13      #dY:6.4%   
  1.80e-10        9.58028e-12     6.10333e-13      #dY:6.4%   
  2.20e-10        1.05914e-11     6.74749e-13      #dY:6.4%   
  2.50e-10        1.12905e-11     7.19286e-13      #dY:6.4%   
  2.90e-10        1.21602e-11     7.74693e-13      #dY:6.4%   
  3.40e-10        1.31668e-11     8.31683e-13      #dY:6.3%   
  4.00e-10        1.42814e-11     9.02086e-13      #dY:6.3%   
  4.60e-10        1.53151e-11     9.6738e-13       #dY:6.3%   
  5.40e-10        1.65935e-11     1.04813e-12      #dY:6.3%   
  6.30e-10        1.79231e-11     1.13211e-12      #dY:6.3%   
  7.40e-10        1.94249e-11     1.22698e-12      #dY:6.3%   
  8.60e-10        2.09407e-11     1.32272e-12      #dY:6.3%   
  1.00e-9         2.25809e-11     1.42633e-12      #dY:6.3%   
  1.20e-9         2.47362e-11     1.57588e-12      #dY:6.4%   
  1.40e-9         2.67181e-11     1.70214e-12      #dY:6.4%   
  1.60e-9         2.85629e-11     1.81967e-12      #dY:6.4%   
  1.80e-9         3.02955e-11     1.93005e-12      #dY:6.4%   
  2.20e-9         3.34929e-11     2.13375e-12      #dY:6.4%   
  2.50e-9         3.57036e-11     2.27458e-12      #dY:6.4%   
  2.90e-9         3.84539e-11     2.4498e-12       #dY:6.4%   
  3.40e-9         4.16372e-11     2.62999e-12      #dY:6.3%   
  4.00e-9         4.51619e-11     2.85262e-12      #dY:6.3%   
  4.60e-9         4.84307e-11     3.0591e-12       #dY:6.3%   
  5.40e-9         5.24733e-11     3.31445e-12      #dY:6.3%   
  6.30e-9         5.66777e-11     3.58001e-12      #dY:6.3%   
  7.40e-9         6.14268e-11     3.87999e-12      #dY:6.3%   
  8.60e-9         6.62203e-11     4.18277e-12      #dY:6.3%   
  1.00e-8         7.14071e-11     4.54915e-12      #dY:6.4%   
  1.20e-8         7.82226e-11     4.98335e-12      #dY:6.4%   
  1.40e-8         8.44901e-11     5.38263e-12      #dY:6.4%   
  1.60e-8         9.03237e-11     5.75427e-12      #dY:6.4%   
  1.80e-8         9.58027e-11     6.10333e-12      #dY:6.4%   
  2.20e-8         1.05914e-10     6.74749e-12      #dY:6.4%   
  2.50e-8         1.12905e-10     7.19287e-12      #dY:6.4%   
  2.90e-8         1.21602e-10     7.74693e-12      #dY:6.4%   
  3.40e-8         1.31668e-10     8.31683e-12      #dY:6.3%   
  4.00e-8         1.42814e-10     9.02087e-12      #dY:6.3%   
  4.60e-8         1.53151e-10     9.67381e-12      #dY:6.3%   
  5.40e-8         1.65935e-10     1.04813e-11      #dY:6.3%   
  6.30e-8         1.7923e-10      1.13211e-11      #dY:6.3%   
  7.40e-8         1.94248e-10     1.22697e-11      #dY:6.3%   
  8.60e-8         2.09406e-10     1.32272e-11      #dY:6.3%   
  1.00e-7         2.25809e-10     1.42633e-11      #dY:6.3%   
  1.20e-7         2.47361e-10     1.57588e-11      #dY:6.4%   
  1.40e-7         2.6718e-10      1.70214e-11      #dY:6.4%   
  1.60e-7         2.85627e-10     1.81966e-11      #dY:6.4%   
  1.80e-7         3.02954e-10     1.93005e-11      #dY:6.4%   
  2.20e-7         3.34928e-10     2.13375e-11      #dY:6.4%   
  2.50e-7         3.57034e-10     2.27458e-11      #dY:6.4%   
  2.90e-7         3.84537e-10     2.44979e-11      #dY:6.4%   
  3.40e-7         4.16369e-10     2.62998e-11      #dY:6.3%   
  4.00e-7         4.51615e-10     2.85261e-11      #dY:6.3%   
  4.60e-7         4.84303e-10     3.05909e-11      #dY:6.3%   
  5.40e-7         5.24729e-10     3.31443e-11      #dY:6.3%   
  6.30e-7         5.66772e-10     3.58e-11         #dY:6.3%   
  7.40e-7         6.14262e-10     3.87997e-11      #dY:6.3%   
  8.60e-7         6.62196e-10     4.18274e-11      #dY:6.3%   
  1.00e-6         7.14063e-10     4.51036e-11      #dY:6.3%   
  1.20e-6         7.82216e-10     4.98333e-11      #dY:6.4%   
  1.40e-6         8.44889e-10     5.38261e-11      #dY:6.4%   
  1.60e-6         9.03223e-10     5.75424e-11      #dY:6.4%   
  1.80e-6         9.58012e-10     6.10329e-11      #dY:6.4%   
  2.20e-6         1.05912e-9      6.74743e-11      #dY:6.4%   
  2.50e-6         1.12902e-9      7.19274e-11      #dY:6.4%   
  2.90e-6         1.21599e-9      7.74681e-11      #dY:6.4%   
  3.40e-6         1.31665e-9      8.3167e-11       #dY:6.3%   
  4.00e-6         1.42811e-9      9.02075e-11      #dY:6.3%   
  4.60e-6         1.53147e-9      9.67363e-11      #dY:6.3%   
  5.40e-6         1.6593e-9       1.04811e-10      #dY:6.3%   
  6.30e-6         1.79225e-9      1.13209e-10      #dY:6.3%   
  7.40e-6         1.94242e-9      1.22694e-10      #dY:6.3%   
  8.60e-6         2.09399e-9      1.32268e-10      #dY:6.3%   
  1.00e-5         2.258e-9        1.42628e-10      #dY:6.3%   
  1.20e-5         2.4735e-9       1.57585e-10      #dY:6.4%   
  1.40e-5         2.67168e-9      1.70211e-10      #dY:6.4%   
  1.60e-5         2.85613e-9      1.81963e-10      #dY:6.4%   
  1.80e-5         3.02938e-9      1.93e-10         #dY:6.4%   
  2.20e-5         3.34908e-9      2.13368e-10      #dY:6.4%   
  2.50e-5         3.57011e-9      2.2745e-10       #dY:6.4%   
  2.90e-5         3.8451e-9       2.44969e-10      #dY:6.4%   
  3.40e-5         4.16337e-9      2.62982e-10      #dY:6.3%   
  4.00e-5         4.51577e-9      2.85241e-10      #dY:6.3%   
  4.60e-5         4.84259e-9      3.05885e-10      #dY:6.3%   
  5.40e-5         5.24676e-9      3.31415e-10      #dY:6.3%   
  6.30e-5         5.66709e-9      3.57965e-10      #dY:6.3%   
  7.40e-5         6.14187e-9      3.87955e-10      #dY:6.3%   
  8.60e-5         6.62107e-9      4.18224e-10      #dY:6.3%   
  1.00e-4         7.13958e-9      4.50976e-10      #dY:6.3%   
  1.20e-4         7.82087e-9      4.98272e-10      #dY:6.4%   
  1.40e-4         8.44734e-9      5.38185e-10      #dY:6.4%   
  1.60e-4         9.03043e-9      5.75334e-10      #dY:6.4%   
  1.80e-4         9.57805e-9      6.10223e-10      #dY:6.4%   
  2.20e-4         1.05886e-8      6.74606e-10      #dY:6.4%   
  2.50e-4         1.12872e-8      7.19114e-10      #dY:6.4%   
  2.90e-4         1.21563e-8      7.74485e-10      #dY:6.4%   
  3.40e-4         1.31621e-8      8.31478e-10      #dY:6.3%   
  4.00e-4         1.42757e-8      9.01826e-10      #dY:6.3%   
  4.60e-4         1.53083e-8      9.67058e-10      #dY:6.3%   
  5.40e-4         1.65852e-8      1.04772e-9       #dY:6.3%   
  6.30e-4         1.7913e-8       1.1316e-9        #dY:6.3%   
  7.40e-4         1.94125e-8      1.22633e-9       #dY:6.3%   
  8.60e-4         2.09258e-8      1.32193e-9       #dY:6.3%   
  1.00e-3         2.25628e-8      1.42534e-9       #dY:6.3%   
  1.20e-3         2.47133e-8      1.57312e-9       #dY:6.4%   
  1.40e-3         2.66901e-8      1.69896e-9       #dY:6.4%   
  1.60e-3         2.85295e-8      1.81604e-9       #dY:6.4%   
  1.80e-3         3.02566e-8      1.92598e-9       #dY:6.4%   
  2.20e-3         3.34421e-8      2.12875e-9       #dY:6.4%   
  2.50e-3         3.56432e-8      2.26886e-9       #dY:6.4%   
  2.90e-3         3.83802e-8      2.44309e-9       #dY:6.4%   
  3.40e-3         4.15456e-8      2.62307e-9       #dY:6.3%   
  4.00e-3         4.50474e-8      2.84416e-9       #dY:6.3%   
  4.60e-3         4.82919e-8      3.04901e-9       #dY:6.3%   
  5.40e-3         5.23e-8         3.30207e-9       #dY:6.3%   
  6.30e-3         5.64628e-8      3.5649e-9        #dY:6.3%   
  7.40e-3         6.11574e-8      3.8613e-9        #dY:6.3%   
  8.60e-3         6.58873e-8      4.15994e-9       #dY:6.3%   
  0.01            7.09949e-8      4.48241e-9       #dY:6.3%   
  0.012           7.76881e-8      4.95374e-9       #dY:6.4%   
  0.014           8.38237e-8      5.34497e-9       #dY:6.4%   
  0.016           8.95164e-8      5.70796e-9       #dY:6.4%   
  0.018           9.48461e-8      6.04781e-9       #dY:6.4%   
  0.022           1.04635e-7      6.67199e-9       #dY:6.4%   
  0.025           1.11365e-7      7.10112e-9       #dY:6.4%   
  0.029           1.19691e-7      7.63203e-9       #dY:6.4%   
  0.034           1.29258e-7      8.2168e-9        #dY:6.4%   
  0.04            1.39757e-7      8.88421e-9       #dY:6.4%   
  0.046           1.49397e-7      9.49702e-9       #dY:6.4%   
  0.054           1.61182e-7      1.02462e-8       #dY:6.4%   
  0.063           1.73264e-7      1.10142e-8       #dY:6.4%   
  0.074           1.86679e-7      1.1867e-8        #dY:6.4%   
  0.086           1.9995e-7       1.27106e-8       #dY:6.4%   
  0.1             2.13979e-7      1.36024e-8       #dY:6.4%   
  0.2             2.86085e-7      1.86891e-8       #dY:6.5%   
  0.3             3.30134e-7      2.61167e-8       #dY:7.9%   
  0.4             3.57983e-7      2.83198e-8       #dY:7.9%   
  0.5             3.74663e-7      3.08698e-8       #dY:8.2%   
  0.6             3.83414e-7      3.15908e-8       #dY:8.2%   
  0.7             3.86346e-7      3.4528e-8        #dY:8.9%   
  0.8             3.84863e-7      3.43955e-8       #dY:8.9%   
  0.9             3.79955e-7      3.2689e-8        #dY:8.6%   
  1               3.72346e-7      3.20344e-8       #dY:8.6%   
  1.1             3.62568e-7      2.87618e-8       #dY:7.9%   
  1.2             3.51048e-7      2.7848e-8        #dY:7.9%   
  1.3             3.38284e-7      2.39088e-8       #dY:7.1%   
  1.4             3.24697e-7      2.29485e-8       #dY:7.1%   
  1.5             3.10611e-7      1.85867e-8       #dY:6.0%   
  1.6             2.96281e-7      1.77292e-8       #dY:6.0%   
  1.7             2.81904e-7      1.31861e-8       #dY:4.7%   
  1.8             2.67634e-7      1.25186e-8       #dY:4.7%   
  1.9             2.53592e-7      8.20878e-9       #dY:3.2%   
  2               2.3987e-7       7.7646e-9        #dY:3.2%   
  2.1             2.26537e-7      3.94769e-9       #dY:1.7%   
  2.2             2.13644e-7      3.72302e-9       #dY:1.7%   
  2.3             2.01228e-7      1.12374e-9       #dY:0.6%   
  2.4             1.89313e-7      1.0572e-9        #dY:0.6%   
  2.5             1.77913e-7      3.05994e-9       #dY:1.7%   
  2.6             1.67036e-7      2.87287e-9       #dY:1.7%   
  2.7             1.56682e-7      5.31781e-9       #dY:3.4%   
  2.8             1.46846e-7      4.98397e-9       #dY:3.4%   
  2.9             1.37521e-7      7.04807e-9       #dY:5.1%   
  3               1.28693e-7      6.59563e-9       #dY:5.1%   
  3.1             1.20351e-7      8.30286e-9       #dY:6.9%   
  3.2             1.12477e-7      7.75965e-9       #dY:6.9%   
  3.3             1.05055e-7      9.15583e-9       #dY:8.7%   
  3.4             9.80673e-8      8.54684e-9       #dY:8.7%   
  3.5             9.14954e-8      9.65788e-9       #dY:10.6%  
  3.6             8.53206e-8      9.0061e-9        #dY:10.6%  
  3.7             7.95242e-8      9.91713e-9       #dY:12.5%  
  3.8             7.40878e-8      9.23918e-9       #dY:12.5%  
  3.9             6.89929e-8      9.91132e-9       #dY:14.4%  
  4               6.42217e-8      9.2259e-9        #dY:14.4%  
  4.1             5.97567e-8      9.71743e-9       #dY:16.3%  
  4.2             5.55811e-8      9.03841e-9       #dY:16.3%  
  4.3             5.16784e-8      9.38413e-9       #dY:18.2%  
  4.4             4.80329e-8      8.72216e-9       #dY:18.2%  
  4.5             4.46296e-8      8.99768e-9       #dY:20.2%  
  4.6             4.14541e-8      8.35748e-9       #dY:20.2%  
  4.7             3.84925e-8      8.53111e-9       #dY:22.2%  
  4.8             3.57318e-8      7.91926e-9       #dY:22.2%  
  4.9             3.31595e-8      8.01261e-9       #dY:24.2%  
  5               3.07637e-8      7.43369e-9       #dY:24.2%  
  5.1             2.85333e-8      7.4659e-9        #dY:26.2%  
  5.2             2.64577e-8      6.92281e-9       #dY:26.2%  
  5.3             2.45269e-8      6.93437e-9       #dY:28.3%  
  5.4             2.27313e-8      6.42671e-9       #dY:28.3%  
  5.5             2.10621e-8      6.37628e-9       #dY:30.3%  
  5.6             1.9511e-8       5.90671e-9       #dY:30.3%  
  5.7             1.807e-8        5.85085e-9       #dY:32.4%  
  5.8             1.67318e-8      5.41756e-9       #dY:32.4%  
  5.9             1.54894e-8      5.34134e-9       #dY:34.5%  
  6               1.43362e-8      4.94367e-9       #dY:34.5%  
  6.1             1.32662e-8      4.85384e-9       #dY:36.6%  
  6.2             1.22736e-8      4.49067e-9       #dY:36.6%  
  6.3             1.13531e-8      4.39273e-9       #dY:38.7%  
  6.4             1.04996e-8      4.06249e-9       #dY:38.7%  
  6.5             9.70847e-9      3.97067e-9       #dY:40.9%  
  6.6             8.97535e-9      3.67083e-9       #dY:40.9%  
  6.7             8.29612e-9      3.57605e-9       #dY:43.1%  
  6.8             7.66697e-9      3.30486e-9       #dY:43.1%  
  6.9             7.08433e-9      3.20254e-9       #dY:45.2%  
  7               6.54488e-9      2.95867e-9       #dY:45.2%  
  7.1             6.04553e-9      2.86636e-9       #dY:47.4%  
  7.2             5.58338e-9      2.64724e-9       #dY:47.4%  
  7.3             5.15576e-9      2.55815e-9       #dY:49.6%  
  7.4             4.76016e-9      2.36187e-9       #dY:49.6%  
  7.5             4.39425e-9      2.28165e-9       #dY:51.9%  
  7.6             4.05586e-9      2.10594e-9       #dY:51.9%  
  7.7             3.743e-9        2.02596e-9       #dY:54.1%  
  7.8             3.45377e-9      1.86941e-9       #dY:54.1%  
  7.9             3.18644e-9      1.79486e-9       #dY:56.3%  
  8               2.93941e-9      1.65571e-9       #dY:56.3%  
  8.1             2.71115e-9      1.58958e-9       #dY:58.6%  
  8.2             2.50029e-9      1.46595e-9       #dY:58.6%  
  8.3             2.30552e-9      1.40489e-9       #dY:60.9%  
  8.4             2.12566e-9      1.29529e-9       #dY:60.9%  
  8.5             1.95957e-9      1.23918e-9       #dY:63.2%  
  8.6             1.80624e-9      1.14222e-9       #dY:63.2%  
  8.7             1.66469e-9      1.09104e-9       #dY:65.5%  
  8.8             1.53406e-9      1.00543e-9       #dY:65.5%  
  8.9             1.4135e-9       9.58928e-10      #dY:67.8%  
  9               1.30227e-9      8.83469e-10      #dY:67.8%  
  9.1             1.19965e-9      8.41408e-10      #dY:70.1%  
  9.2             1.10499e-9      7.75015e-10      #dY:70.1%  
  9.3             1.01768e-9      7.38235e-10      #dY:72.5%  
  9.4             9.3717e-10      6.79832e-10      #dY:72.5%  
  9.5             8.62932e-10     6.46655e-10      #dY:74.9%  
  9.6             7.94488e-10     5.95366e-10      #dY:74.9%  
  9.7             7.31394e-10     5.64879e-10      #dY:77.2%  
  9.8             6.73239e-10     5.19964e-10      #dY:77.2%  
  9.9             6.19644e-10     4.93423e-10      #dY:79.6%  
  10              5.70256e-10     4.54095e-10      #dY:79.6%  
  10.1            5.24751e-10     4.30436e-10      #dY:82.0%  
  10.2            4.82828e-10     3.96048e-10      #dY:82.0%  
  10.3            4.44211e-10     3.75003e-10      #dY:84.4%  
  10.4            4.08642e-10     3.44976e-10      #dY:84.4%  
  10.5            3.75884e-10     3.26323e-10      #dY:86.8%  
  10.6            3.45719e-10     3.00136e-10      #dY:86.8%  
  10.7            3.17945e-10     2.83958e-10      #dY:89.3%  
  10.8            2.92374e-10     2.6112e-10       #dY:89.3%  
  10.9            2.68835e-10     2.46517e-10      #dY:91.7%  
  11              2.47168e-10     2.26649e-10      #dY:91.7%  
  11.1            2.27227e-10     2.14027e-10      #dY:94.2%  
  11.2            2.08876e-10     1.96742e-10      #dY:94.2%  
  11.3            1.9199e-10      1.85419e-10      #dY:96.6%  
  11.4            1.76453e-10     1.70413e-10      #dY:96.6%  
  11.5            1.6216e-10      1.6065e-10       #dY:99.1%  
  11.6            1.49011e-10     1.47624e-10      #dY:99.1%  
  11.7            1.36917e-10     1.39044e-10      #dY:101.6% 
  11.8            1.25794e-10     1.27748e-10      #dY:101.6% 
  11.9            1.15565e-10     1.20236e-10      #dY:104.0% 
  12              1.06159e-10     1.1045e-10       #dY:104.0% 
  12.1            9.75101e-11     1.0428e-10       #dY:106.9% 
  12.2            8.95589e-11     9.57772e-11      #dY:106.9% 
  12.3            8.22494e-11     8.96557e-11      #dY:109.0% 
  12.4            7.55304e-11     8.23317e-11      #dY:109.0% 
  12.5            6.93549e-11     7.70304e-11      #dY:111.1% 
  12.6            6.36792e-11     7.07265e-11      #dY:111.1% 
  12.7            5.84636e-11     6.67495e-11      #dY:114.2% 
  12.8            5.3671e-11      6.12776e-11      #dY:114.2% 
  12.9            4.92675e-11     5.72633e-11      #dY:116.2% 
  13              4.52219e-11     5.25611e-11      #dY:116.2% 
  13.1            4.15054e-11     4.95294e-11      #dY:119.3% 
  13.2            3.80915e-11     4.54555e-11      #dY:119.3% 
  13.3            3.49558e-11     4.24316e-11      #dY:121.4% 
  13.4            3.2076e-11      3.89359e-11      #dY:121.4% 
  13.5            2.94312e-11     3.66374e-11      #dY:124.5% 
  13.6            2.70026e-11     3.36142e-11      #dY:124.5% 
  13.7            2.47727e-11     3.13461e-11      #dY:126.5% 
  13.8            2.27253e-11     2.87554e-11      #dY:126.5% 
  13.9            2.08457e-11     2.7022e-11       #dY:129.6% 
  14              1.91202e-11     2.47853e-11      #dY:129.6% 
  14.1            1.75363e-11     2.30905e-11      #dY:131.7% 
  14.2            1.60825e-11     2.11763e-11      #dY:131.7% 
  14.3            1.47483e-11     1.98748e-11      #dY:134.8% 
  14.4            1.35239e-11     1.82248e-11      #dY:134.8% 
  14.5            1.24002e-11     1.69643e-11      #dY:136.8% 
  14.6            1.13692e-11     1.55538e-11      #dY:136.8% 
  14.7            1.04233e-11     1.45817e-11      #dY:139.9% 
  14.8            9.55539e-12     1.33676e-11      #dY:139.9% 
  14.9            8.75921e-12     1.24316e-11      #dY:141.9% 
  15              8.02886e-12     1.1395e-11       #dY:141.9% 
  15.1            7.35894e-12     1.06711e-11      #dY:145.0% 
  15.2            6.74449e-12     9.78008e-12      #dY:145.0% 
  15.3            6.18097e-12     9.15313e-12      #dY:148.1% 
  15.4            5.66417e-12     8.38782e-12      #dY:148.1% 
  15.5            5.19027e-12     7.79165e-12      #dY:150.1% 
  15.6            4.75573e-12     7.13932e-12      #dY:150.1% 
  15.7            4.3573e-12      6.67499e-12      #dY:153.2% 
  15.8            3.99202e-12     6.11541e-12      #dY:153.2% 
  15.9            3.65714e-12     5.67661e-12      #dY:155.2% 
  16              3.35015e-12     5.2001e-12       #dY:155.2% 
  16.1            3.06875e-12     4.85759e-12      #dY:158.3% 
  16.2            2.81083e-12     4.44932e-12      #dY:158.3% 
  16.3            2.57443e-12     4.15402e-12      #dY:161.4% 
  16.4            2.35778e-12     3.80444e-12      #dY:161.4% 
  16.5            2.15924e-12     3.52779e-12      #dY:163.4% 
  16.6            1.97731e-12     3.23055e-12      #dY:163.4% 
  16.7            1.8106e-12      3.01352e-12      #dY:166.4% 
  16.8            1.65785e-12     2.75929e-12      #dY:166.4% 
  16.9            1.51791e-12     2.5728e-12       #dY:169.5% 
  17              1.3897e-12      2.35549e-12      #dY:169.5% 
  17.1            1.27226e-12     2.18214e-12      #dY:171.5% 
  17.2            1.16467e-12     1.9976e-12       #dY:171.5% 
  17.3            1.06612e-12     1.86107e-12      #dY:174.6% 
  17.4            9.75865e-13     1.70351e-12      #dY:174.6% 
  17.5            8.932e-13       1.58649e-12      #dY:177.6% 
  17.6            8.17494e-13     1.45202e-12      #dY:177.6% 
  17.7            7.48165e-13     1.34392e-12      #dY:179.6% 
  17.8            6.8468e-13      1.22988e-12      #dY:179.6% 
  17.9            6.26549e-13     1.14454e-12      #dY:182.7% 
  18              5.73324e-13     1.04731e-12      #dY:182.7% 
  18.1            5.24594e-13     9.74271e-13      #dY:185.7% 
  18.2            4.79981e-13     8.91416e-13      #dY:185.7% 
  18.3            4.3914e-13      8.2437e-13       #dY:187.7% 
  18.4            4.01754e-13     7.54187e-13      #dY:187.7% 
  18.5            3.67533e-13     7.01108e-13      #dY:190.8% 
  18.6            3.36209e-13     6.41354e-13      #dY:190.8% 
  18.7            3.07541e-13     5.96004e-13      #dY:193.8% 
  18.8            2.81303e-13     5.45156e-13      #dY:193.8% 
  18.9            2.57291e-13     5.03768e-13      #dY:195.8% 
  19              2.35317e-13     4.60743e-13      #dY:195.8% 
  19.1            2.15209e-13     4.27889e-13      #dY:198.8% 
  19.2            1.96811e-13     3.9131e-13       #dY:198.8% 
  19.3            1.79976e-13     3.63292e-13      #dY:201.9% 
  19.4            1.64574e-13     3.32202e-13      #dY:201.9% 
  19.5            1.50483e-13     3.08307e-13      #dY:204.9% 
  19.6            1.37592e-13     2.81896e-13      #dY:204.9% 
  19.7            1.258e-13       2.61537e-13      #dY:207.9% 
  19.8            1.15012e-13     2.39109e-13      #dY:207.9% 
  19.9            1.05145e-13     2.20688e-13      #dY:209.9% 
  20              9.61206e-14     2.01747e-13      #dY:209.9% 
  20.2            0.00            0.00                        
//
#-------------------------------------------------------------------------------
#
#name:   JENDL-4.0: TH-232(N,F) E_in=0.2 MeV
#X.axis: Energy
#Y.axis: 
#wdata:  3
#ldata:  352
#data...
# X               Y               +-dY           
# MeV             1/eV            1/eV           
  0.00            0.00            0.00                        
  1.00e-11        2.25422e-12     0.00                        
  1.20e-11        2.46938e-12     0.00                        
  1.40e-11        2.66723e-12     0.00                        
  1.60e-11        2.85139e-12     0.00                        
  1.80e-11        3.02436e-12     0.00                        
  2.20e-11        3.34355e-12     0.00                        
  2.50e-11        3.56424e-12     0.00                        
  2.90e-11        3.8388e-12      0.00                        
  3.40e-11        4.15658e-12     2.26951e-13      #dY:5.5%   
  4.00e-11        4.50845e-12     2.46163e-13      #dY:5.5%   
  4.60e-11        4.83477e-12     2.6398e-13       #dY:5.5%   
  5.40e-11        5.23834e-12     2.86015e-13      #dY:5.5%   
  6.30e-11        5.65806e-12     3.08932e-13      #dY:5.5%   
  7.40e-11        6.13215e-12     3.34818e-13      #dY:5.5%   
  8.60e-11        6.61068e-12     3.60945e-13      #dY:5.5%   
  1.00e-10        7.12848e-12     4.54915e-13      #dY:6.4%   
  1.20e-10        7.80886e-12     4.98335e-13      #dY:6.4%   
  1.40e-10        8.43453e-12     5.38263e-13      #dY:6.4%   
  1.60e-10        9.01689e-12     5.75427e-13      #dY:6.4%   
  1.80e-10        9.56386e-12     6.10333e-13      #dY:6.4%   
  2.20e-10        1.05732e-11     6.74746e-13      #dY:6.4%   
  2.50e-10        1.12711e-11     7.19283e-13      #dY:6.4%   
  2.90e-10        1.21394e-11     7.74695e-13      #dY:6.4%   
  3.40e-10        1.31443e-11     8.31687e-13      #dY:6.3%   
  4.00e-10        1.4257e-11      9.02092e-13      #dY:6.3%   
  4.60e-10        1.52889e-11     9.67384e-13      #dY:6.3%   
  5.40e-10        1.65651e-11     1.04813e-12      #dY:6.3%   
  6.30e-10        1.78923e-11     1.13211e-12      #dY:6.3%   
  7.40e-10        1.93916e-11     1.22698e-12      #dY:6.3%   
  8.60e-10        2.09048e-11     1.32272e-12      #dY:6.3%   
  1.00e-9         2.25422e-11     1.42633e-12      #dY:6.3%   
  1.20e-9         2.46938e-11     1.57588e-12      #dY:6.4%   
  1.40e-9         2.66723e-11     1.70214e-12      #dY:6.4%   
  1.60e-9         2.85139e-11     1.81966e-12      #dY:6.4%   
  1.80e-9         3.02436e-11     1.93005e-12      #dY:6.4%   
  2.20e-9         3.34355e-11     2.13374e-12      #dY:6.4%   
  2.50e-9         3.56424e-11     2.27458e-12      #dY:6.4%   
  2.90e-9         3.8388e-11      2.4498e-12       #dY:6.4%   
  3.40e-9         4.15658e-11     2.62999e-12      #dY:6.3%   
  4.00e-9         4.50844e-11     2.85262e-12      #dY:6.3%   
  4.60e-9         4.83477e-11     3.0591e-12       #dY:6.3%   
  5.40e-9         5.23834e-11     3.31445e-12      #dY:6.3%   
  6.30e-9         5.65805e-11     3.58001e-12      #dY:6.3%   
  7.40e-9         6.13214e-11     3.87998e-12      #dY:6.3%   
  8.60e-9         6.61067e-11     4.18276e-12      #dY:6.3%   
  1.00e-8         7.12847e-11     4.54915e-12      #dY:6.4%   
  1.20e-8         7.80885e-11     4.98335e-12      #dY:6.4%   
  1.40e-8         8.43452e-11     5.38263e-12      #dY:6.4%   
  1.60e-8         9.01688e-11     5.75427e-12      #dY:6.4%   
  1.80e-8         9.56384e-11     6.10333e-12      #dY:6.4%   
  2.20e-8         1.05732e-10     6.74747e-12      #dY:6.4%   
  2.50e-8         1.12711e-10     7.19284e-12      #dY:6.4%   
  2.90e-8         1.21393e-10     7.7469e-12       #dY:6.4%   
  3.40e-8         1.31442e-10     8.31683e-12      #dY:6.3%   
  4.00e-8         1.42569e-10     9.02088e-12      #dY:6.3%   
  4.60e-8         1.52888e-10     9.6738e-12       #dY:6.3%   
  5.40e-8         1.6565e-10      1.04813e-11      #dY:6.3%   
  6.30e-8         1.78923e-10     1.13211e-11      #dY:6.3%   
  7.40e-8         1.93915e-10     1.22697e-11      #dY:6.3%   
  8.60e-8         2.09047e-10     1.32272e-11      #dY:6.3%   
  1.00e-7         2.25421e-10     1.42632e-11      #dY:6.3%   
  1.20e-7         2.46937e-10     1.57588e-11      #dY:6.4%   
  1.40e-7         2.66722e-10     1.70214e-11      #dY:6.4%   
  1.60e-7         2.85138e-10     1.81967e-11      #dY:6.4%   
  1.80e-7         3.02434e-10     1.93004e-11      #dY:6.4%   
  2.20e-7         3.34353e-10     2.13374e-11      #dY:6.4%   
  2.50e-7         3.56422e-10     2.27458e-11      #dY:6.4%   
  2.90e-7         3.83878e-10     2.4498e-11       #dY:6.4%   
  3.40e-7         4.15655e-10     2.62998e-11      #dY:6.3%   
  4.00e-7         4.50841e-10     2.85262e-11      #dY:6.3%   
  4.60e-7         4.83473e-10     3.05909e-11      #dY:6.3%   
  5.40e-7         5.23829e-10     3.31443e-11      #dY:6.3%   
  6.30e-7         5.658e-10       3.58e-11         #dY:6.3%   
  7.40e-7         6.13208e-10     3.87996e-11      #dY:6.3%   
  8.60e-7         6.6106e-10      4.18274e-11      #dY:6.3%   
  1.00e-6         7.12839e-10     4.51036e-11      #dY:6.3%   
  1.20e-6         7.80875e-10     4.98333e-11      #dY:6.4%   
  1.40e-6         8.43441e-10     5.38261e-11      #dY:6.4%   
  1.60e-6         9.01675e-10     5.75425e-11      #dY:6.4%   
  1.80e-6         9.5637e-10      6.10329e-11      #dY:6.4%   
  2.20e-6         1.0573e-9       6.7474e-11       #dY:6.4%   
  2.50e-6         1.12709e-9      7.19278e-11      #dY:6.4%   
  2.90e-6         1.21391e-9      7.74684e-11      #dY:6.4%   
  3.40e-6         1.3144e-9       8.31674e-11      #dY:6.3%   
  4.00e-6         1.42566e-9      9.02072e-11      #dY:6.3%   
  4.60e-6         1.52885e-9      9.67365e-11      #dY:6.3%   
  5.40e-6         1.65646e-9      1.04811e-10      #dY:6.3%   
  6.30e-6         1.78918e-9      1.13209e-10      #dY:6.3%   
  7.40e-6         1.93909e-9      1.22694e-10      #dY:6.3%   
  8.60e-6         2.0904e-9       1.32268e-10      #dY:6.3%   
  1.00e-5         2.25413e-9      1.42628e-10      #dY:6.3%   
  1.20e-5         2.46926e-9      1.57585e-10      #dY:6.4%   
  1.40e-5         2.6671e-9       1.70211e-10      #dY:6.4%   
  1.60e-5         2.85124e-9      1.81963e-10      #dY:6.4%   
  1.80e-5         3.02418e-9      1.93e-10         #dY:6.4%   
  2.20e-5         3.34334e-9      2.13368e-10      #dY:6.4%   
  2.50e-5         3.56399e-9      2.2745e-10       #dY:6.4%   
  2.90e-5         3.83851e-9      2.44969e-10      #dY:6.4%   
  3.40e-5         4.15624e-9      2.62982e-10      #dY:6.3%   
  4.00e-5         4.50803e-9      2.85241e-10      #dY:6.3%   
  4.60e-5         4.83429e-9      3.05885e-10      #dY:6.3%   
  5.40e-5         5.23777e-9      3.31415e-10      #dY:6.3%   
  6.30e-5         5.65738e-9      3.57965e-10      #dY:6.3%   
  7.40e-5         6.13134e-9      3.87955e-10      #dY:6.3%   
  8.60e-5         6.60972e-9      4.18224e-10      #dY:6.3%   
  1.00e-4         7.12734e-9      4.50976e-10      #dY:6.3%   
  1.20e-4         7.80746e-9      4.98272e-10      #dY:6.4%   
  1.40e-4         8.43287e-9      5.38185e-10      #dY:6.4%   
  1.60e-4         9.01495e-9      5.75333e-10      #dY:6.4%   
  1.80e-4         9.56163e-9      6.10223e-10      #dY:6.4%   
  2.20e-4         1.05704e-8      6.74602e-10      #dY:6.4%   
  2.50e-4         1.12678e-8      7.1911e-10       #dY:6.4%   
  2.90e-4         1.21355e-8      7.74487e-10      #dY:6.4%   
  3.40e-4         1.31395e-8      8.31476e-10      #dY:6.3%   
  4.00e-4         1.42512e-8      9.01825e-10      #dY:6.3%   
  4.60e-4         1.52821e-8      9.67061e-10      #dY:6.3%   
  5.40e-4         1.65568e-8      1.04773e-9       #dY:6.3%   
  6.30e-4         1.78823e-8      1.1316e-9        #dY:6.3%   
  7.40e-4         1.93792e-8      1.22633e-9       #dY:6.3%   
  8.60e-4         2.08899e-8      1.32193e-9       #dY:6.3%   
  1.00e-3         2.25242e-8      1.42535e-9       #dY:6.3%   
  1.20e-3         2.46709e-8      1.57312e-9       #dY:6.4%   
  1.40e-3         2.66444e-8      1.69896e-9       #dY:6.4%   
  1.60e-3         2.84807e-8      1.81605e-9       #dY:6.4%   
  1.80e-3         3.02047e-8      1.92598e-9       #dY:6.4%   
  2.20e-3         3.33848e-8      2.12875e-9       #dY:6.4%   
  2.50e-3         3.55821e-8      2.26886e-9       #dY:6.4%   
  2.90e-3         3.83144e-8      2.44309e-9       #dY:6.4%   
  3.40e-3         4.14744e-8      2.62307e-9       #dY:6.3%   
  4.00e-3         4.49702e-8      2.84416e-9       #dY:6.3%   
  4.60e-3         4.82092e-8      3.04902e-9       #dY:6.3%   
  5.40e-3         5.22104e-8      3.30207e-9       #dY:6.3%   
  6.30e-3         5.6366e-8       3.5649e-9        #dY:6.3%   
  7.40e-3         6.10526e-8      3.8613e-9        #dY:6.3%   
  8.60e-3         6.57744e-8      4.15994e-9       #dY:6.3%   
  0.01            7.08731e-8      4.48241e-9       #dY:6.3%   
  0.012           7.75548e-8      4.95373e-9       #dY:6.4%   
  0.014           8.36798e-8      5.34495e-9       #dY:6.4%   
  0.016           8.93627e-8      5.70794e-9       #dY:6.4%   
  0.018           9.46832e-8      6.04778e-9       #dY:6.4%   
  0.022           1.04455e-7      6.67195e-9       #dY:6.4%   
  0.025           1.11174e-7      7.10111e-9       #dY:6.4%   
  0.029           1.19485e-7      7.63197e-9       #dY:6.4%   
  0.034           1.29035e-7      8.21675e-9       #dY:6.4%   
  0.04            1.39516e-7      8.88416e-9       #dY:6.4%   
  0.046           1.49139e-7      9.49694e-9       #dY:6.4%   
  0.054           1.60903e-7      1.0246e-8        #dY:6.4%   
  0.063           1.72964e-7      1.10141e-8       #dY:6.4%   
  0.074           1.86355e-7      1.18668e-8       #dY:6.4%   
  0.086           1.99602e-7      1.27103e-8       #dY:6.4%   
  0.1             2.13606e-7      1.36021e-8       #dY:6.4%   
  0.2             2.85582e-7      1.86887e-8       #dY:6.5%   
  0.3             3.29556e-7      2.61167e-8       #dY:7.9%   
  0.4             3.57367e-7      2.83207e-8       #dY:7.9%   
  0.5             3.74037e-7      3.08721e-8       #dY:8.3%   
  0.6             3.82798e-7      3.15952e-8       #dY:8.3%   
  0.7             3.85753e-7      3.45325e-8       #dY:9.0%   
  0.8             3.84301e-7      3.44026e-8       #dY:9.0%   
  0.9             3.79433e-7      3.26943e-8       #dY:8.6%   
  1               3.71867e-7      3.20424e-8       #dY:8.6%   
  1.1             3.62136e-7      2.87671e-8       #dY:7.9%   
  1.2             3.50667e-7      2.7856e-8        #dY:7.9%   
  1.3             3.37954e-7      2.39139e-8       #dY:7.1%   
  1.4             3.24418e-7      2.29561e-8       #dY:7.1%   
  1.5             3.10383e-7      1.85912e-8       #dY:6.0%   
  1.6             2.96101e-7      1.77358e-8       #dY:6.0%   
  1.7             2.8177e-7       1.31896e-8       #dY:4.7%   
  1.8             2.67543e-7      1.25236e-8       #dY:4.7%   
  1.9             2.5354e-7       8.21102e-9       #dY:3.2%   
  2               2.39854e-7      7.76779e-9       #dY:3.2%   
  2.1             2.26554e-7      3.94881e-9       #dY:1.7%   
  2.2             2.13691e-7      3.72461e-9       #dY:1.7%   
  2.3             2.01302e-7      1.12407e-9       #dY:0.6%   
  2.4             1.8941e-7       1.05767e-9       #dY:0.6%   
  2.5             1.78031e-7      3.06086e-9       #dY:1.7%   
  2.6             1.67172e-7      2.87417e-9       #dY:1.7%   
  2.7             1.56834e-7      5.31946e-9       #dY:3.4%   
  2.8             1.47011e-7      4.98629e-9       #dY:3.4%   
  2.9             1.37697e-7      7.05029e-9       #dY:5.1%   
  3               1.28878e-7      6.59875e-9       #dY:5.1%   
  3.1             1.20543e-7      8.30552e-9       #dY:6.9%   
  3.2             1.12674e-7      7.76334e-9       #dY:6.9%   
  3.3             1.05256e-7      9.15879e-9       #dY:8.7%   
  3.4             9.82712e-8      8.55101e-9       #dY:8.7%   
  3.5             9.17005e-8      9.66109e-9       #dY:10.5%  
  3.6             8.55259e-8      9.01057e-9       #dY:10.5%  
  3.7             7.97288e-8      9.92046e-9       #dY:12.4%  
  3.8             7.42907e-8      9.24381e-9       #dY:12.4%  
  3.9             6.91934e-8      9.91467e-9       #dY:14.3%  
  4               6.44192e-8      9.23058e-9       #dY:14.3%  
  4.1             5.99507e-8      9.72079e-9       #dY:16.2%  
  4.2             5.57709e-8      9.04305e-9       #dY:16.2%  
  4.3             5.18638e-8      9.38739e-9       #dY:18.1%  
  4.4             4.82135e-8      8.72668e-9       #dY:18.1%  
  4.5             4.48052e-8      9.00085e-9       #dY:20.1%  
  4.6             4.16244e-8      8.36187e-9       #dY:20.1%  
  4.7             3.86574e-8      8.53414e-9       #dY:22.1%  
  4.8             3.58911e-8      7.92344e-9       #dY:22.1%  
  4.9             3.33132e-8      8.01547e-9       #dY:24.1%  
  5               3.09118e-8      7.43767e-9       #dY:24.1%  
  5.1             2.86758e-8      7.46862e-9       #dY:26.0%  
  5.2             2.65945e-8      6.92654e-9       #dY:26.0%  
  5.3             2.46581e-8      6.93688e-9       #dY:28.1%  
  5.4             2.2857e-8       6.43019e-9       #dY:28.1%  
  5.5             2.11825e-8      6.37865e-9       #dY:30.1%  
  5.6             1.9626e-8       5.90995e-9       #dY:30.1%  
  5.7             1.81799e-8      5.85303e-9       #dY:32.2%  
  5.8             1.68366e-8      5.42056e-9       #dY:32.2%  
  5.9             1.55892e-8      5.3433e-9        #dY:34.3%  
  6               1.44313e-8      4.94643e-9       #dY:34.3%  
  6.1             1.33566e-8      4.85566e-9       #dY:36.4%  
  6.2             1.23595e-8      4.49317e-9       #dY:36.4%  
  6.3             1.14347e-8      4.39438e-9       #dY:38.4%  
  6.4             1.05771e-8      4.0648e-9        #dY:38.4%  
  6.5             9.78194e-9      3.9722e-9        #dY:40.6%  
  6.6             9.04497e-9      3.67293e-9       #dY:40.6%  
  6.7             8.36204e-9      3.57742e-9       #dY:42.8%  
  6.8             7.72935e-9      3.30674e-9       #dY:42.8%  
  6.9             7.14333e-9      3.20378e-9       #dY:44.8%  
  7               6.60064e-9      2.96038e-9       #dY:44.8%  
  7.1             6.09819e-9      2.86747e-9       #dY:47.0%  
  7.2             5.6331e-9       2.64877e-9       #dY:47.0%  
  7.3             5.20266e-9      2.55915e-9       #dY:49.2%  
  7.4             4.80438e-9      2.36324e-9       #dY:49.2%  
  7.5             4.43593e-9      2.28254e-9       #dY:51.5%  
  7.6             4.09513e-9      2.10718e-9       #dY:51.5%  
  7.7             3.77996e-9      2.02676e-9       #dY:53.6%  
  7.8             3.48856e-9      1.87051e-9       #dY:53.6%  
  7.9             3.21917e-9      1.79557e-9       #dY:55.8%  
  8               2.97017e-9      1.65669e-9       #dY:55.8%  
  8.1             2.74007e-9      1.59022e-9       #dY:58.0%  
  8.2             2.52745e-9      1.46682e-9       #dY:58.0%  
  8.3             2.33103e-9      1.40545e-9       #dY:60.3%  
  8.4             2.1496e-9       1.29606e-9       #dY:60.3%  
  8.5             1.98203e-9      1.23968e-9       #dY:62.5%  
  8.6             1.8273e-9       1.1429e-9        #dY:62.5%  
  8.7             1.68445e-9      1.09149e-9       #dY:64.8%  
  8.8             1.55257e-9      1.00604e-9       #dY:64.8%  
  8.9             1.43085e-9      9.59323e-10      #dY:67.0%  
  9               1.31851e-9      8.84004e-10      #dY:67.0%  
  9.1             1.21486e-9      8.41753e-10      #dY:69.3%  
  9.2             1.11922e-9      7.75486e-10      #dY:69.3%  
  9.3             1.031e-9        7.38541e-10      #dY:71.6%  
  9.4             9.49623e-10     6.80248e-10      #dY:71.6%  
  9.5             8.74575e-10     6.4692e-10       #dY:74.0%  
  9.6             8.05371e-10     5.9573e-10       #dY:74.0%  
  9.7             7.41564e-10     5.65114e-10      #dY:76.2%  
  9.8             6.8274e-10      5.20286e-10      #dY:76.2%  
  9.9             6.28516e-10     4.93628e-10      #dY:78.5%  
  10              5.7854e-10      4.54378e-10      #dY:78.5%  
  10.1            5.32483e-10     4.30616e-10      #dY:80.9%  
  10.2            4.90043e-10     3.96295e-10      #dY:80.9%  
  10.3            4.50941e-10     3.7516e-10       #dY:83.2%  
  10.4            4.14919e-10     3.45191e-10      #dY:83.2%  
  10.5            3.81737e-10     3.26461e-10      #dY:85.5%  
  10.6            3.51175e-10     3.00325e-10      #dY:85.5%  
  10.7            3.23029e-10     2.84078e-10      #dY:87.9%  
  10.8            2.97111e-10     2.61285e-10      #dY:87.9%  
  10.9            2.73248e-10     2.46622e-10      #dY:90.3%  
  11              2.51278e-10     2.26793e-10      #dY:90.3%  
  11.1            2.31053e-10     2.14117e-10      #dY:92.7%  
  11.2            2.12438e-10     1.96867e-10      #dY:92.7%  
  11.3            1.95305e-10     1.85498e-10      #dY:95.0%  
  11.4            1.79537e-10     1.70522e-10      #dY:95.0%  
  11.5            1.65029e-10     1.60719e-10      #dY:97.4%  
  11.6            1.5168e-10      1.47719e-10      #dY:97.4%  
  11.7            1.39399e-10     1.39105e-10      #dY:99.8%  
  11.8            1.28101e-10     1.27831e-10      #dY:99.8%  
  11.9            1.17709e-10     1.20288e-10      #dY:102.2% 
  12              1.08151e-10     1.1052e-10       #dY:102.2% 
  12.1            9.93616e-11     1.04326e-10      #dY:105.0% 
  12.2            9.12788e-11     9.58394e-11      #dY:105.0% 
  12.3            8.38468e-11     8.96949e-11      #dY:107.0% 
  12.4            7.70138e-11     8.23853e-11      #dY:107.0% 
  12.5            7.07321e-11     7.7064e-11       #dY:109.0% 
  12.6            6.49577e-11     7.07727e-11      #dY:109.0% 
  12.7            5.96501e-11     6.67787e-11      #dY:112.0% 
  12.8            5.4772e-11      6.13176e-11      #dY:112.0% 
  12.9            5.0289e-11      5.72884e-11      #dY:113.9% 
  13              4.61695e-11     5.25956e-11      #dY:113.9% 
  13.1            4.23843e-11     4.95513e-11      #dY:116.9% 
  13.2            3.89065e-11     4.54854e-11      #dY:116.9% 
  13.3            3.57115e-11     4.24504e-11      #dY:118.9% 
  13.4            3.27765e-11     3.89616e-11      #dY:118.9% 
  13.5            3.00805e-11     3.66537e-11      #dY:121.9% 
  13.6            2.76043e-11     3.36364e-11      #dY:121.9% 
  13.7            2.53302e-11     3.136e-11        #dY:123.8% 
  13.8            2.32418e-11     2.87744e-11      #dY:123.8% 
  13.9            2.13241e-11     2.7034e-11       #dY:126.8% 
  14              1.95633e-11     2.48017e-11      #dY:126.8% 
  14.1            1.79466e-11     2.31008e-11      #dY:128.7% 
  14.2            1.64625e-11     2.11905e-11      #dY:128.7% 
  14.3            1.51e-11        1.98837e-11      #dY:131.7% 
  14.4            1.38494e-11     1.82369e-11      #dY:131.7% 
  14.5            1.27016e-11     1.6972e-11       #dY:133.6% 
  14.6            1.16481e-11     1.55643e-11      #dY:133.6% 
  14.7            1.06813e-11     1.45883e-11      #dY:136.6% 
  14.8            9.79406e-12     1.33765e-11      #dY:136.6% 
  14.9            8.97998e-12     1.24372e-11      #dY:138.5% 
  15              8.23305e-12     1.14027e-11      #dY:138.5% 
  15.1            7.54776e-12     1.06759e-11      #dY:141.4% 
  15.2            6.91909e-12     9.78669e-12      #dY:141.4% 
  15.3            6.34238e-12     9.15728e-12      #dY:144.4% 
  15.4            5.81339e-12     8.39351e-12      #dY:144.4% 
  15.5            5.32819e-12     7.7952e-12       #dY:146.3% 
  15.6            4.88319e-12     7.14416e-12      #dY:146.3% 
  15.7            4.47508e-12     6.67803e-12      #dY:149.2% 
  15.8            4.10084e-12     6.11956e-12      #dY:149.2% 
  15.9            3.75767e-12     5.6792e-12       #dY:151.1% 
  16              3.44302e-12     5.20365e-12      #dY:151.1% 
  16.1            3.15453e-12     4.85983e-12      #dY:154.1% 
  16.2            2.89004e-12     4.45236e-12      #dY:154.1% 
  16.3            2.64758e-12     4.15592e-12      #dY:157.0% 
  16.4            2.42532e-12     3.80704e-12      #dY:157.0% 
  16.5            2.22159e-12     3.52941e-12      #dY:158.9% 
  16.6            2.03486e-12     3.23276e-12      #dY:158.9% 
  16.7            1.86372e-12     3.01491e-12      #dY:161.8% 
  16.8            1.70688e-12     2.76119e-12      #dY:161.8% 
  16.9            1.56315e-12     2.57399e-12      #dY:164.7% 
  17              1.43145e-12     2.35712e-12      #dY:164.7% 
  17.1            1.31077e-12     2.18314e-12      #dY:166.6% 
  17.2            1.2002e-12      1.99898e-12      #dY:166.6% 
  17.3            1.0989e-12      1.86194e-12      #dY:169.4% 
  17.4            1.00609e-12     1.70469e-12      #dY:169.4% 
  17.5            9.21077e-13     1.58722e-12      #dY:172.3% 
  17.6            8.432e-13       1.45302e-12      #dY:172.3% 
  17.7            7.71867e-13     1.34455e-12      #dY:174.2% 
  17.8            7.06532e-13     1.23074e-12      #dY:174.2% 
  17.9            6.46694e-13     1.14508e-12      #dY:177.1% 
  18              5.91893e-13     1.04804e-12      #dY:177.1% 
  18.1            5.41709e-13     9.74728e-13      #dY:179.9% 
  18.2            4.95754e-13     8.92038e-13      #dY:179.9% 
  18.3            4.53675e-13     8.24756e-13      #dY:181.8% 
  18.4            4.15147e-13     7.54715e-13      #dY:181.8% 
  18.5            3.79872e-13     7.01437e-13      #dY:184.7% 
  18.6            3.47577e-13     6.41804e-13      #dY:184.7% 
  18.7            3.18012e-13     5.96284e-13      #dY:187.5% 
  18.8            2.90947e-13     5.45536e-13      #dY:187.5% 
  18.9            2.66173e-13     5.04003e-13      #dY:189.4% 
  19              2.43497e-13     4.61066e-13      #dY:189.4% 
  19.1            2.22742e-13     4.28093e-13      #dY:192.2% 
  19.2            2.03747e-13     3.91586e-13      #dY:192.2% 
  19.3            1.86362e-13     3.63464e-13      #dY:195.0% 
  19.4            1.70453e-13     3.32437e-13      #dY:195.0% 
  19.5            1.55895e-13     3.08454e-13      #dY:197.9% 
  19.6            1.42573e-13     2.82095e-13      #dY:197.9% 
  19.7            1.30384e-13     2.6166e-13       #dY:200.7% 
  19.8            1.19231e-13     2.39278e-13      #dY:200.7% 
  19.9            1.09028e-13     2.20795e-13      #dY:202.5% 
  20              9.9693e-14      2.0189e-13       #dY:202.5% 
  20.2            0.00            0.00                        
//
#-------------------------------------------------------------------------------
#
#name:   JENDL-4.0: TH-232(N,F) E_in=0.5 MeV
#X.axis: Energy
#Y.axis: 
#wdata:  3
#ldata:  352
#data...
# X               Y               +-dY           
# MeV             1/eV            1/eV           
  0.00            0.00            0.00                        
  1.00e-11        2.2427e-12      0.00                        
  1.20e-11        2.45676e-12     0.00                        
  1.40e-11        2.6536e-12      0.00                        
  1.60e-11        2.83682e-12     0.00                        
  1.80e-11        3.0089e-12      0.00                        
  2.20e-11        3.32647e-12     0.00                        
  2.50e-11        3.54603e-12     0.00                        
  2.90e-11        3.81919e-12     0.00                        
  3.40e-11        4.13534e-12     2.26951e-13      #dY:5.5%   
  4.00e-11        4.48541e-12     2.46163e-13      #dY:5.5%   
  4.60e-11        4.81006e-12     2.6398e-13       #dY:5.5%   
  5.40e-11        5.21157e-12     2.86015e-13      #dY:5.5%   
  6.30e-11        5.62914e-12     3.08932e-13      #dY:5.5%   
  7.40e-11        6.10081e-12     3.34817e-13      #dY:5.5%   
  8.60e-11        6.5769e-12      3.60945e-13      #dY:5.5%   
  1.00e-10        7.09205e-12     4.54915e-13      #dY:6.4%   
  1.20e-10        7.76895e-12     4.98335e-13      #dY:6.4%   
  1.40e-10        8.39143e-12     5.38263e-13      #dY:6.4%   
  1.60e-10        8.97082e-12     5.75428e-13      #dY:6.4%   
  1.80e-10        9.51499e-12     6.10333e-13      #dY:6.4%   
  2.20e-10        1.05192e-11     6.74748e-13      #dY:6.4%   
  2.50e-10        1.12135e-11     7.19283e-13      #dY:6.4%   
  2.90e-10        1.20773e-11     7.74691e-13      #dY:6.4%   
  3.40e-10        1.30771e-11     8.31686e-13      #dY:6.4%   
  4.00e-10        1.41841e-11     9.0209e-13       #dY:6.4%   
  4.60e-10        1.52108e-11     9.67387e-13      #dY:6.4%   
  5.40e-10        1.64804e-11     1.04813e-12      #dY:6.4%   
  6.30e-10        1.78009e-11     1.13211e-12      #dY:6.4%   
  7.40e-10        1.92925e-11     1.22698e-12      #dY:6.4%   
  8.60e-10        2.0798e-11      1.32273e-12      #dY:6.4%   
  1.00e-9         2.2427e-11      1.42633e-12      #dY:6.4%   
  1.20e-9         2.45676e-11     1.57588e-12      #dY:6.4%   
  1.40e-9         2.6536e-11      1.70214e-12      #dY:6.4%   
  1.60e-9         2.83682e-11     1.81967e-12      #dY:6.4%   
  1.80e-9         3.0089e-11      1.93005e-12      #dY:6.4%   
  2.20e-9         3.32647e-11     2.13375e-12      #dY:6.4%   
  2.50e-9         3.54602e-11     2.27458e-12      #dY:6.4%   
  2.90e-9         3.81919e-11     2.4498e-12       #dY:6.4%   
  3.40e-9         4.13534e-11     2.62999e-12      #dY:6.4%   
  4.00e-9         4.48541e-11     2.85262e-12      #dY:6.4%   
  4.60e-9         4.81006e-11     3.05909e-12      #dY:6.4%   
  5.40e-9         5.21157e-11     3.31445e-12      #dY:6.4%   
  6.30e-9         5.62914e-11     3.58001e-12      #dY:6.4%   
  7.40e-9         6.10081e-11     3.87998e-12      #dY:6.4%   
  8.60e-9         6.57689e-11     4.18276e-12      #dY:6.4%   
  1.00e-8         7.09204e-11     4.54915e-12      #dY:6.4%   
  1.20e-8         7.76895e-11     4.98335e-12      #dY:6.4%   
  1.40e-8         8.39142e-11     5.38263e-12      #dY:6.4%   
  1.60e-8         8.9708e-11      5.75427e-12      #dY:6.4%   
  1.80e-8         9.51497e-11     6.10333e-12      #dY:6.4%   
  2.20e-8         1.05192e-10     6.74748e-12      #dY:6.4%   
  2.50e-8         1.12135e-10     7.19284e-12      #dY:6.4%   
  2.90e-8         1.20773e-10     7.74692e-12      #dY:6.4%   
  3.40e-8         1.30771e-10     8.31687e-12      #dY:6.4%   
  4.00e-8         1.41841e-10     9.0209e-12       #dY:6.4%   
  4.60e-8         1.52107e-10     9.67381e-12      #dY:6.4%   
  5.40e-8         1.64804e-10     1.04813e-11      #dY:6.4%   
  6.30e-8         1.78009e-10     1.13211e-11      #dY:6.4%   
  7.40e-8         1.92924e-10     1.22697e-11      #dY:6.4%   
  8.60e-8         2.07979e-10     1.32272e-11      #dY:6.4%   
  1.00e-7         2.2427e-10      1.42633e-11      #dY:6.4%   
  1.20e-7         2.45675e-10     1.57588e-11      #dY:6.4%   
  1.40e-7         2.65359e-10     1.70214e-11      #dY:6.4%   
  1.60e-7         2.83681e-10     1.81966e-11      #dY:6.4%   
  1.80e-7         3.00889e-10     1.93004e-11      #dY:6.4%   
  2.20e-7         3.32645e-10     2.13374e-11      #dY:6.4%   
  2.50e-7         3.546e-10       2.27457e-11      #dY:6.4%   
  2.90e-7         3.81916e-10     2.44979e-11      #dY:6.4%   
  3.40e-7         4.13531e-10     2.62998e-11      #dY:6.4%   
  4.00e-7         4.48537e-10     2.85261e-11      #dY:6.4%   
  4.60e-7         4.81002e-10     3.05909e-11      #dY:6.4%   
  5.40e-7         5.21153e-10     3.31444e-11      #dY:6.4%   
  6.30e-7         5.62909e-10     3.58e-11         #dY:6.4%   
  7.40e-7         6.10075e-10     3.87997e-11      #dY:6.4%   
  8.60e-7         6.57682e-10     4.18274e-11      #dY:6.4%   
  1.00e-6         7.09197e-10     4.51036e-11      #dY:6.4%   
  1.20e-6         7.76885e-10     4.98333e-11      #dY:6.4%   
  1.40e-6         8.39131e-10     5.38261e-11      #dY:6.4%   
  1.60e-6         8.97067e-10     5.75424e-11      #dY:6.4%   
  1.80e-6         9.51483e-10     6.10329e-11      #dY:6.4%   
  2.20e-6         1.0519e-9       6.74742e-11      #dY:6.4%   
  2.50e-6         1.12133e-9      7.19278e-11      #dY:6.4%   
  2.90e-6         1.20771e-9      7.74686e-11      #dY:6.4%   
  3.40e-6         1.30768e-9      8.31671e-11      #dY:6.4%   
  4.00e-6         1.41837e-9      9.02069e-11      #dY:6.4%   
  4.60e-6         1.52103e-9      9.67359e-11      #dY:6.4%   
  5.40e-6         1.64799e-9      1.0481e-10       #dY:6.4%   
  6.30e-6         1.78003e-9      1.13208e-10      #dY:6.4%   
  7.40e-6         1.92918e-9      1.22694e-10      #dY:6.4%   
  8.60e-6         2.07972e-9      1.32268e-10      #dY:6.4%   
  1.00e-5         2.24261e-9      1.42628e-10      #dY:6.4%   
  1.20e-5         2.45665e-9      1.57586e-10      #dY:6.4%   
  1.40e-5         2.65347e-9      1.70212e-10      #dY:6.4%   
  1.60e-5         2.83667e-9      1.81963e-10      #dY:6.4%   
  1.80e-5         3.00873e-9      1.93e-10         #dY:6.4%   
  2.20e-5         3.32625e-9      2.13368e-10      #dY:6.4%   
  2.50e-5         3.54578e-9      2.2745e-10       #dY:6.4%   
  2.90e-5         3.8189e-9       2.4497e-10       #dY:6.4%   
  3.40e-5         4.135e-9        2.62982e-10      #dY:6.4%   
  4.00e-5         4.485e-9        2.85242e-10      #dY:6.4%   
  4.60e-5         4.80959e-9      3.05885e-10      #dY:6.4%   
  5.40e-5         5.21101e-9      3.31415e-10      #dY:6.4%   
  6.30e-5         5.62847e-9      3.57965e-10      #dY:6.4%   
  7.40e-5         6.10002e-9      3.87955e-10      #dY:6.4%   
  8.60e-5         6.57595e-9      4.18224e-10      #dY:6.4%   
  1.00e-4         7.09093e-9      4.50976e-10      #dY:6.4%   
  1.20e-4         7.76758e-9      4.98272e-10      #dY:6.4%   
  1.40e-4         8.38979e-9      5.38185e-10      #dY:6.4%   
  1.60e-4         8.9689e-9       5.75334e-10      #dY:6.4%   
  1.80e-4         9.51279e-9      6.10223e-10      #dY:6.4%   
  2.20e-4         1.05164e-8      6.74603e-10      #dY:6.4%   
  2.50e-4         1.12103e-8      7.19115e-10      #dY:6.4%   
  2.90e-4         1.20735e-8      7.74487e-10      #dY:6.4%   
  3.40e-4         1.30724e-8      8.31477e-10      #dY:6.4%   
  4.00e-4         1.41784e-8      9.01825e-10      #dY:6.4%   
  4.60e-4         1.5204e-8       9.67058e-10      #dY:6.4%   
  5.40e-4         1.64722e-8      1.04772e-9       #dY:6.4%   
  6.30e-4         1.7791e-8       1.13161e-9       #dY:6.4%   
  7.40e-4         1.92803e-8      1.22633e-9       #dY:6.4%   
  8.60e-4         2.07832e-8      1.32193e-9       #dY:6.4%   
  1.00e-3         2.24091e-8      1.42534e-9       #dY:6.4%   
  1.20e-3         2.45449e-8      1.57312e-9       #dY:6.4%   
  1.40e-3         2.65083e-8      1.69896e-9       #dY:6.4%   
  1.60e-3         2.83352e-8      1.81605e-9       #dY:6.4%   
  1.80e-3         3.00505e-8      1.92598e-9       #dY:6.4%   
  2.20e-3         3.32143e-8      2.12875e-9       #dY:6.4%   
  2.50e-3         3.54004e-8      2.26887e-9       #dY:6.4%   
  2.90e-3         3.81187e-8      2.44309e-9       #dY:6.4%   
  3.40e-3         4.12626e-8      2.62307e-9       #dY:6.4%   
  4.00e-3         4.47405e-8      2.84416e-9       #dY:6.4%   
  4.60e-3         4.79629e-8      3.04901e-9       #dY:6.4%   
  5.40e-3         5.19437e-8      3.30207e-9       #dY:6.4%   
  6.30e-3         5.6078e-8       3.56489e-9       #dY:6.4%   
  7.40e-3         6.07406e-8      3.86129e-9       #dY:6.4%   
  8.60e-3         6.54382e-8      4.15992e-9       #dY:6.4%   
  0.01            7.05108e-8      4.48239e-9       #dY:6.4%   
  0.012           7.71582e-8      4.95371e-9       #dY:6.4%   
  0.014           8.32517e-8      5.34492e-9       #dY:6.4%   
  0.016           8.89054e-8      5.7079e-9        #dY:6.4%   
  0.018           9.41985e-8      6.04773e-9       #dY:6.4%   
  0.022           1.0392e-7       6.67187e-9       #dY:6.4%   
  0.025           1.10604e-7      7.10099e-9       #dY:6.4%   
  0.029           1.18872e-7      7.63181e-9       #dY:6.4%   
  0.034           1.28373e-7      8.21668e-9       #dY:6.4%   
  0.04            1.38798e-7      8.88395e-9       #dY:6.4%   
  0.046           1.48372e-7      9.49675e-9       #dY:6.4%   
  0.054           1.60074e-7      1.02457e-8       #dY:6.4%   
  0.063           1.72071e-7      1.10136e-8       #dY:6.4%   
  0.074           1.85391e-7      1.18662e-8       #dY:6.4%   
  0.086           1.98568e-7      1.27096e-8       #dY:6.4%   
  0.1             2.12497e-7      1.36012e-8       #dY:6.4%   
  0.2             2.84087e-7      1.86874e-8       #dY:6.6%   
  0.3             3.27839e-7      2.61169e-8       #dY:8.0%   
  0.4             3.55538e-7      2.83235e-8       #dY:8.0%   
  0.5             3.72179e-7      3.0879e-8        #dY:8.3%   
  0.6             3.80969e-7      3.16083e-8       #dY:8.3%   
  0.7             3.83992e-7      3.45461e-8       #dY:9.0%   
  0.8             3.82635e-7      3.4424e-8        #dY:9.0%   
  0.9             3.7788e-7       3.27097e-8       #dY:8.7%   
  1               3.70443e-7      3.20659e-8       #dY:8.7%   
  1.1             3.60852e-7      2.87828e-8       #dY:8.0%   
  1.2             3.49532e-7      2.78799e-8       #dY:8.0%   
  1.3             3.36972e-7      2.39292e-8       #dY:7.1%   
  1.4             3.23588e-7      2.29788e-8       #dY:7.1%   
  1.5             3.09702e-7      1.86046e-8       #dY:6.0%   
  1.6             2.95563e-7      1.77552e-8       #dY:6.0%   
  1.7             2.81366e-7      1.31997e-8       #dY:4.7%   
  1.8             2.67265e-7      1.25382e-8       #dY:4.7%   
  1.9             2.5338e-7       8.21768e-9       #dY:3.2%   
  2               2.39802e-7      7.77731e-9       #dY:3.2%   
  2.1             2.266e-7        3.95214e-9       #dY:1.7%   
  2.2             2.13825e-7      3.72933e-9       #dY:1.7%   
  2.3             2.01515e-7      1.12504e-9       #dY:0.6%   
  2.4             1.89694e-7      1.05905e-9       #dY:0.6%   
  2.5             1.78377e-7      3.0636e-9        #dY:1.7%   
  2.6             1.67572e-7      2.87803e-9       #dY:1.7%   
  2.7             1.5728e-7       5.32431e-9       #dY:3.4%   
  2.8             1.47497e-7      4.99313e-9       #dY:3.4%   
  2.9             1.38215e-7      7.05683e-9       #dY:5.1%   
  3               1.29424e-7      6.60799e-9       #dY:5.1%   
  3.1             1.2111e-7       8.3134e-9        #dY:6.9%   
  3.2             1.13258e-7      7.77441e-9       #dY:6.9%   
  3.3             1.05852e-7      9.16765e-9       #dY:8.7%   
  3.4             9.88746e-8      8.56335e-9       #dY:8.7%   
  3.5             9.23082e-8      9.67052e-9       #dY:10.5%  
  3.6             8.61345e-8      9.02374e-9       #dY:10.5%  
  3.7             8.03354e-8      9.93029e-9       #dY:12.4%  
  3.8             7.48927e-8      9.25752e-9       #dY:12.4%  
  3.9             6.97887e-8      9.92463e-9       #dY:14.2%  
  4               6.50057e-8      9.24444e-9       #dY:14.2%  
  4.1             6.05268e-8      9.73065e-9       #dY:16.1%  
  4.2             5.63352e-8      9.05679e-9       #dY:16.1%  
  4.3             5.2415e-8       9.39701e-9       #dY:17.9%  
  4.4             4.87508e-8      8.74009e-9       #dY:17.9%  
  4.5             4.53276e-8      9.01019e-9       #dY:19.9%  
  4.6             4.21313e-8      8.37483e-9       #dY:19.9%  
  4.7             3.91484e-8      8.54308e-9       #dY:21.8%  
  4.8             3.63658e-8      7.93585e-9       #dY:21.8%  
  4.9             3.37714e-8      8.02395e-9       #dY:23.8%  
  5               3.13533e-8      7.44942e-9       #dY:23.8%  
  5.1             2.91006e-8      7.47657e-9       #dY:25.7%  
  5.2             2.70028e-8      6.9376e-9        #dY:25.7%  
  5.3             2.50499e-8      6.94435e-9       #dY:27.7%  
  5.4             2.32325e-8      6.44053e-9       #dY:27.7%  
  5.5             2.1542e-8       6.38557e-9       #dY:29.6%  
  5.6             1.99698e-8      5.91953e-9       #dY:29.6%  
  5.7             1.85083e-8      5.85944e-9       #dY:31.7%  
  5.8             1.71499e-8      5.42939e-9       #dY:31.7%  
  5.9             1.5888e-8       5.34921e-9       #dY:33.7%  
  6               1.47158e-8      4.95455e-9       #dY:33.7%  
  6.1             1.36274e-8      4.86105e-9       #dY:35.7%  
  6.2             1.2617e-8       4.50063e-9       #dY:35.7%  
  6.3             1.16793e-8      4.39928e-9       #dY:37.7%  
  6.4             1.08093e-8      4.07158e-9       #dY:37.7%  
  6.5             1.00022e-8      3.97665e-9       #dY:39.8%  
  6.6             9.2538e-9       3.67911e-9       #dY:39.8%  
  6.7             8.55987e-9      3.58148e-9       #dY:41.8%  
  6.8             7.91663e-9      3.31235e-9       #dY:41.8%  
  6.9             7.3205e-9       3.20743e-9       #dY:43.8%  
  7               6.76815e-9      2.96542e-9       #dY:43.8%  
  7.1             6.25647e-9      2.87075e-9       #dY:45.9%  
  7.2             5.78257e-9      2.65331e-9       #dY:45.9%  
  7.3             5.34374e-9      2.5621e-9        #dY:47.9%  
  7.4             4.93747e-9      2.36731e-9       #dY:47.9%  
  7.5             4.56141e-9      2.28519e-9       #dY:50.1%  
  7.6             4.21337e-9      2.11083e-9       #dY:50.1%  
  7.7             3.89134e-9      2.02913e-9       #dY:52.1%  
  7.8             3.59341e-9      1.87377e-9       #dY:52.1%  
  7.9             3.31783e-9      1.79768e-9       #dY:54.2%  
  8               3.06297e-9      1.65959e-9       #dY:54.2%  
  8.1             2.82731e-9      1.59209e-9       #dY:56.3%  
  8.2             2.60944e-9      1.4694e-9        #dY:56.3%  
  8.3             2.40805e-9      1.40712e-9       #dY:58.4%  
  8.4             2.22192e-9      1.29836e-9       #dY:58.4%  
  8.5             2.04991e-9      1.24116e-9       #dY:60.5%  
  8.6             1.89099e-9      1.14493e-9       #dY:60.5%  
  8.7             1.74418e-9      1.0928e-9        #dY:62.7%  
  8.8             1.60858e-9      1.00784e-9       #dY:62.7%  
  8.9             1.48334e-9      9.60478e-10      #dY:64.8%  
  9               1.36769e-9      8.85594e-10      #dY:64.8%  
  9.1             1.26092e-9      8.4277e-10       #dY:66.8%  
  9.2             1.16234e-9      7.76882e-10      #dY:66.8%  
  9.3             1.07136e-9      7.39436e-10      #dY:69.0%  
  9.4             9.8739e-10      6.81481e-10      #dY:69.0%  
  9.5             9.09902e-10     6.47712e-10      #dY:71.2%  
  9.6             8.38405e-10     5.96817e-10      #dY:71.2%  
  9.7             7.72444e-10     5.65806e-10      #dY:73.2%  
  9.8             7.11599e-10     5.21237e-10      #dY:73.2%  
  9.9             6.55479e-10     4.94236e-10      #dY:75.4%  
  10              6.03723e-10     4.55212e-10      #dY:75.4%  
  10.1            5.55998e-10     4.31148e-10      #dY:77.5%  
  10.2            5.11995e-10     3.97026e-10      #dY:77.5%  
  10.3            4.71428e-10     3.75625e-10      #dY:79.7%  
  10.4            4.34034e-10     3.45831e-10      #dY:79.7%  
  10.5            3.99567e-10     3.26868e-10      #dY:81.8%  
  10.6            3.67802e-10     3.00882e-10      #dY:81.8%  
  10.7            3.38531e-10     2.84433e-10      #dY:84.0%  
  10.8            3.11561e-10     2.61773e-10      #dY:84.0%  
  10.9            2.86713e-10     2.46932e-10      #dY:86.1%  
  11              2.63823e-10     2.27218e-10      #dY:86.1%  
  11.1            2.42739e-10     2.14388e-10      #dY:88.3%  
  11.2            2.2332e-10      1.97237e-10      #dY:88.3%  
  11.3            2.05436e-10     1.85732e-10      #dY:90.4%  
  11.4            1.88968e-10     1.70843e-10      #dY:90.4%  
  11.5            1.73806e-10     1.60923e-10      #dY:92.6%  
  11.6            1.59846e-10     1.47998e-10      #dY:92.6%  
  11.7            1.46995e-10     1.39281e-10      #dY:94.8%  
  11.8            1.35167e-10     1.28074e-10      #dY:94.8%  
  11.9            1.24279e-10     1.20442e-10      #dY:96.9%  
  12              1.1426e-10      1.10732e-10      #dY:96.9%  
  12.1            1.05039e-10     1.04459e-10      #dY:99.4%  
  12.2            9.65555e-11     9.60225e-11      #dY:99.4%  
  12.3            8.87498e-11     8.98103e-11      #dY:101.2% 
  12.4            8.15687e-11     8.25434e-11      #dY:101.2% 
  12.5            7.49628e-11     7.71634e-11      #dY:102.9% 
  12.6            6.88866e-11     7.09088e-11      #dY:102.9% 
  12.7            6.32981e-11     6.68651e-11      #dY:105.6% 
  12.8            5.81586e-11     6.1436e-11       #dY:105.6% 
  12.9            5.34324e-11     5.73628e-11      #dY:107.4% 
  13              4.90866e-11     5.26974e-11      #dY:107.4% 
  13.1            4.50909e-11     4.96157e-11      #dY:110.0% 
  13.2            4.14175e-11     4.55736e-11      #dY:110.0% 
  13.3            3.80406e-11     4.25058e-11      #dY:111.7% 
  13.4            3.49366e-11     3.90375e-11      #dY:111.7% 
  13.5            3.20835e-11     3.67017e-11      #dY:114.4% 
  13.6            2.94614e-11     3.37022e-11      #dY:114.4% 
  13.7            2.70516e-11     3.14011e-11      #dY:116.1% 
  13.8            2.48373e-11     2.88308e-11      #dY:116.1% 
  13.9            2.28027e-11     2.70697e-11      #dY:118.7% 
  14              2.09333e-11     2.48505e-11      #dY:118.7% 
  14.1            1.92158e-11     2.31313e-11      #dY:120.4% 
  14.2            1.76381e-11     2.12321e-11      #dY:120.4% 
  14.3            1.61889e-11     1.99101e-11      #dY:123.0% 
  14.4            1.48577e-11     1.82729e-11      #dY:123.0% 
  14.5            1.36352e-11     1.69945e-11      #dY:124.6% 
  14.6            1.25124e-11     1.55951e-11      #dY:124.6% 
  14.7            1.14813e-11     1.46076e-11      #dY:127.2% 
  14.8            1.05345e-11     1.3403e-11       #dY:127.2% 
  14.9            9.66521e-12     1.24538e-11      #dY:128.9% 
  15              8.86708e-12     1.14254e-11      #dY:128.9% 
  15.1            8.13434e-12     1.06902e-11      #dY:131.4% 
  15.2            7.4617e-12      9.80621e-12      #dY:131.4% 
  15.3            6.84426e-12     9.16956e-12      #dY:134.0% 
  15.4            6.27753e-12     8.41029e-12      #dY:134.0% 
  15.5            5.75738e-12     7.80568e-12      #dY:135.6% 
  15.6            5.28001e-12     7.15847e-12      #dY:135.6% 
  15.7            4.84194e-12     6.68704e-12      #dY:138.1% 
  15.8            4.43994e-12     6.13186e-12      #dY:138.1% 
  15.9            4.07109e-12     5.68687e-12      #dY:139.7% 
  16              3.73266e-12     5.21412e-12      #dY:139.7% 
  16.1            3.42217e-12     4.86641e-12      #dY:142.2% 
  16.2            3.13732e-12     4.46134e-12      #dY:142.2% 
  16.3            2.87602e-12     4.16156e-12      #dY:144.7% 
  16.4            2.63634e-12     3.81475e-12      #dY:144.7% 
  16.5            2.41649e-12     3.53421e-12      #dY:146.3% 
  16.6            2.21485e-12     3.23931e-12      #dY:146.3% 
  16.7            2.02993e-12     3.01902e-12      #dY:148.7% 
  16.8            1.86034e-12     2.7668e-12       #dY:148.7% 
  16.9            1.70483e-12     2.57751e-12      #dY:151.2% 
  17              1.56223e-12     2.36191e-12      #dY:151.2% 
  17.1            1.43149e-12     2.18613e-12      #dY:152.7% 
  17.2            1.31161e-12     2.00305e-12      #dY:152.7% 
  17.3            1.20171e-12     1.86449e-12      #dY:155.2% 
  17.4            1.10096e-12     1.70817e-12      #dY:155.2% 
  17.5            1.00861e-12     1.58941e-12      #dY:157.6% 
  17.6            9.23953e-13     1.456e-12        #dY:157.6% 
  17.7            8.46359e-13     1.3464e-12       #dY:159.1% 
  17.8            7.75241e-13     1.23326e-12      #dY:159.1% 
  17.9            7.10062e-13     1.14665e-12      #dY:161.5% 
  18              6.50331e-13     1.0502e-12       #dY:161.5% 
  18.1            5.95594e-13     9.76074e-13      #dY:163.9% 
  18.2            5.45438e-13     8.93877e-13      #dY:163.9% 
  18.3            4.9948e-13      8.25899e-13      #dY:165.4% 
  18.4            4.57372e-13     7.56273e-13      #dY:165.4% 
  18.5            4.18793e-13     7.02409e-13      #dY:167.7% 
  18.6            3.83449e-13     6.4313e-13       #dY:167.7% 
  18.7            3.51072e-13     5.97113e-13      #dY:170.1% 
  18.8            3.21412e-13     5.46666e-13      #dY:170.1% 
  18.9            2.94245e-13     5.04707e-13      #dY:171.5% 
  19              2.69361e-13     4.62024e-13      #dY:171.5% 
  19.1            2.46569e-13     4.28689e-13      #dY:173.9% 
  19.2            2.25696e-13     3.92399e-13      #dY:173.9% 
  19.3            2.0658e-13      3.63973e-13      #dY:176.2% 
  19.4            1.89074e-13     3.33129e-13      #dY:176.2% 
  19.5            1.73044e-13     3.08885e-13      #dY:178.5% 
  19.6            1.58365e-13     2.82683e-13      #dY:178.5% 
  19.7            1.44925e-13     2.62027e-13      #dY:180.8% 
  19.8            1.3262e-13      2.39779e-13      #dY:180.8% 
  19.9            1.21354e-13     2.21105e-13      #dY:182.2% 
  20              1.1104e-13      2.02313e-13      #dY:182.2% 
  20.2            0.00            0.00                        
//
#-------------------------------------------------------------------------------
#
#name:   JENDL-4.0: TH-232(N,F) E_in=1. MeV
#X.axis: Energy
#Y.axis: 
#wdata:  3
#ldata:  352
#data...
# X               Y               +-dY           
# MeV             1/eV            1/eV           
  0.00            0.00            0.00                        
  1.00e-11        2.22384e-12     0.00                        
  1.20e-11        2.4361e-12      0.00                        
  1.40e-11        2.63129e-12     0.00                        
  1.60e-11        2.81297e-12     0.00                        
  1.80e-11        2.9836e-12      0.00                        
  2.20e-11        3.29849e-12     0.00                        
  2.50e-11        3.51621e-12     0.00                        
  2.90e-11        3.78707e-12     0.00                        
  3.40e-11        4.10057e-12     2.26951e-13      #dY:5.5%   
  4.00e-11        4.44769e-12     2.46163e-13      #dY:5.5%   
  4.60e-11        4.76961e-12     2.6398e-13       #dY:5.5%   
  5.40e-11        5.16775e-12     2.86015e-13      #dY:5.5%   
  6.30e-11        5.5818e-12      3.08931e-13      #dY:5.5%   
  7.40e-11        6.04951e-12     3.34817e-13      #dY:5.5%   
  8.60e-11        6.52159e-12     3.60945e-13      #dY:5.5%   
  1.00e-10        7.03241e-12     4.54915e-13      #dY:6.5%   
  1.20e-10        7.70362e-12     4.98335e-13      #dY:6.5%   
  1.40e-10        8.32086e-12     5.38263e-13      #dY:6.5%   
  1.60e-10        8.89538e-12     5.75428e-13      #dY:6.5%   
  1.80e-10        9.43497e-12     6.10333e-13      #dY:6.5%   
  2.20e-10        1.04308e-11     6.74752e-13      #dY:6.5%   
  2.50e-10        1.11192e-11     7.19283e-13      #dY:6.5%   
  2.90e-10        1.19758e-11     7.74695e-13      #dY:6.5%   
  3.40e-10        1.29671e-11     8.31683e-13      #dY:6.4%   
  4.00e-10        1.40648e-11     9.02087e-13      #dY:6.4%   
  4.60e-10        1.50828e-11     9.67379e-13      #dY:6.4%   
  5.40e-10        1.63418e-11     1.04813e-12      #dY:6.4%   
  6.30e-10        1.76512e-11     1.13211e-12      #dY:6.4%   
  7.40e-10        1.91302e-11     1.22697e-12      #dY:6.4%   
  8.60e-10        2.06231e-11     1.32272e-12      #dY:6.4%   
  1.00e-9         2.22384e-11     1.42632e-12      #dY:6.4%   
  1.20e-9         2.4361e-11      1.57588e-12      #dY:6.5%   
  1.40e-9         2.63129e-11     1.70215e-12      #dY:6.5%   
  1.60e-9         2.81296e-11     1.81967e-12      #dY:6.5%   
  1.80e-9         2.9836e-11      1.93005e-12      #dY:6.5%   
  2.20e-9         3.29849e-11     2.13375e-12      #dY:6.5%   
  2.50e-9         3.5162e-11      2.27458e-12      #dY:6.5%   
  2.90e-9         3.78707e-11     2.4498e-12       #dY:6.5%   
  3.40e-9         4.10056e-11     2.62999e-12      #dY:6.4%   
  4.00e-9         4.44769e-11     2.85262e-12      #dY:6.4%   
  4.60e-9         4.76961e-11     3.0591e-12       #dY:6.4%   
  5.40e-9         5.16774e-11     3.31444e-12      #dY:6.4%   
  6.30e-9         5.5818e-11      3.58001e-12      #dY:6.4%   
  7.40e-9         6.0495e-11      3.87998e-12      #dY:6.4%   
  8.60e-9         6.52158e-11     4.18276e-12      #dY:6.4%   
  1.00e-8         7.0324e-11      4.54915e-12      #dY:6.5%   
  1.20e-8         7.70361e-11     4.98335e-12      #dY:6.5%   
  1.40e-8         8.32085e-11     5.38263e-12      #dY:6.5%   
  1.60e-8         8.89536e-11     5.75427e-12      #dY:6.5%   
  1.80e-8         9.43496e-11     6.10333e-12      #dY:6.5%   
  2.20e-8         1.04307e-10     6.74746e-12      #dY:6.5%   
  2.50e-8         1.11192e-10     7.19284e-12      #dY:6.5%   
  2.90e-8         1.19757e-10     7.7469e-12       #dY:6.5%   
  3.40e-8         1.29671e-10     8.31686e-12      #dY:6.4%   
  4.00e-8         1.40648e-10     9.0209e-12       #dY:6.4%   
  4.60e-8         1.50828e-10     9.67383e-12      #dY:6.4%   
  5.40e-8         1.63418e-10     1.04813e-11      #dY:6.4%   
  6.30e-8         1.76512e-10     1.13212e-11      #dY:6.4%   
  7.40e-8         1.91302e-10     1.22698e-11      #dY:6.4%   
  8.60e-8         2.0623e-10      1.32272e-11      #dY:6.4%   
  1.00e-7         2.22384e-10     1.42633e-11      #dY:6.4%   
  1.20e-7         2.43609e-10     1.57587e-11      #dY:6.5%   
  1.40e-7         2.63128e-10     1.70214e-11      #dY:6.5%   
  1.60e-7         2.81295e-10     1.81966e-11      #dY:6.5%   
  1.80e-7         2.98359e-10     1.93005e-11      #dY:6.5%   
  2.20e-7         3.29848e-10     2.13374e-11      #dY:6.5%   
  2.50e-7         3.51619e-10     2.27458e-11      #dY:6.5%   
  2.90e-7         3.78705e-10     2.44979e-11      #dY:6.5%   
  3.40e-7         4.10054e-10     2.62998e-11      #dY:6.4%   
  4.00e-7         4.44765e-10     2.85261e-11      #dY:6.4%   
  4.60e-7         4.76958e-10     3.05909e-11      #dY:6.4%   
  5.40e-7         5.1677e-10      3.31443e-11      #dY:6.4%   
  6.30e-7         5.58175e-10     3.57999e-11      #dY:6.4%   
  7.40e-7         6.04945e-10     3.87996e-11      #dY:6.4%   
  8.60e-7         6.52152e-10     4.18274e-11      #dY:6.4%   
  1.00e-6         7.03233e-10     4.51036e-11      #dY:6.4%   
  1.20e-6         7.70352e-10     4.98333e-11      #dY:6.5%   
  1.40e-6         8.32074e-10     5.3826e-11       #dY:6.5%   
  1.60e-6         8.89524e-10     5.75424e-11      #dY:6.5%   
  1.80e-6         9.43482e-10     6.10329e-11      #dY:6.5%   
  2.20e-6         1.04306e-9      6.74745e-11      #dY:6.5%   
  2.50e-6         1.1119e-9       7.19277e-11      #dY:6.5%   
  2.90e-6         1.19755e-9      7.74683e-11      #dY:6.5%   
  3.40e-6         1.29668e-9      8.31669e-11      #dY:6.4%   
  4.00e-6         1.40645e-9      9.02073e-11      #dY:6.4%   
  4.60e-6         1.50824e-9      9.6736e-11       #dY:6.4%   
  5.40e-6         1.63414e-9      1.04811e-10      #dY:6.4%   
  6.30e-6         1.76507e-9      1.13209e-10      #dY:6.4%   
  7.40e-6         1.91296e-9      1.22694e-10      #dY:6.4%   
  8.60e-6         2.06223e-9      1.32268e-10      #dY:6.4%   
  1.00e-5         2.22375e-9      1.42628e-10      #dY:6.4%   
  1.20e-5         2.43599e-9      1.57586e-10      #dY:6.5%   
  1.40e-5         2.63116e-9      1.70211e-10      #dY:6.5%   
  1.60e-5         2.81282e-9      1.81963e-10      #dY:6.5%   
  1.80e-5         2.98343e-9      1.93e-10         #dY:6.5%   
  2.20e-5         3.29829e-9      2.13369e-10      #dY:6.5%   
  2.50e-5         3.51597e-9      2.2745e-10       #dY:6.5%   
  2.90e-5         3.78679e-9      2.4497e-10       #dY:6.5%   
  3.40e-5         4.10023e-9      2.62982e-10      #dY:6.4%   
  4.00e-5         4.44729e-9      2.85242e-10      #dY:6.4%   
  4.60e-5         4.76915e-9      3.05885e-10      #dY:6.4%   
  5.40e-5         5.1672e-9       3.31415e-10      #dY:6.4%   
  6.30e-5         5.58115e-9      3.57965e-10      #dY:6.4%   
  7.40e-5         6.04873e-9      3.87955e-10      #dY:6.4%   
  8.60e-5         6.52067e-9      4.18225e-10      #dY:6.4%   
  1.00e-4         7.03132e-9      4.50977e-10      #dY:6.4%   
  1.20e-4         7.70228e-9      4.98272e-10      #dY:6.5%   
  1.40e-4         8.31926e-9      5.38186e-10      #dY:6.5%   
  1.60e-4         8.8935e-9       5.75334e-10      #dY:6.5%   
  1.80e-4         9.43282e-9      6.10224e-10      #dY:6.5%   
  2.20e-4         1.0428e-8       6.74603e-10      #dY:6.5%   
  2.50e-4         1.11161e-8      7.19118e-10      #dY:6.5%   
  2.90e-4         1.1972e-8       7.74487e-10      #dY:6.5%   
  3.40e-4         1.29626e-8      8.31482e-10      #dY:6.4%   
  4.00e-4         1.40593e-8      9.0183e-10       #dY:6.4%   
  4.60e-4         1.50762e-8      9.67058e-10      #dY:6.4%   
  5.40e-4         1.63338e-8      1.04773e-9       #dY:6.4%   
  6.30e-4         1.76414e-8      1.1316e-9        #dY:6.4%   
  7.40e-4         1.91182e-8      1.22633e-9       #dY:6.4%   
  8.60e-4         2.06086e-8      1.32193e-9       #dY:6.4%   
  1.00e-3         2.22208e-8      1.42535e-9       #dY:6.4%   
  1.20e-3         2.43387e-8      1.57312e-9       #dY:6.5%   
  1.40e-3         2.62856e-8      1.69896e-9       #dY:6.5%   
  1.60e-3         2.80971e-8      1.81605e-9       #dY:6.5%   
  1.80e-3         2.97979e-8      1.92598e-9       #dY:6.5%   
  2.20e-3         3.29352e-8      2.12876e-9       #dY:6.5%   
  2.50e-3         3.51029e-8      2.26887e-9       #dY:6.5%   
  2.90e-3         3.77984e-8      2.44309e-9       #dY:6.5%   
  3.40e-3         4.09158e-8      2.62307e-9       #dY:6.4%   
  4.00e-3         4.43645e-8      2.84416e-9       #dY:6.4%   
  4.60e-3         4.75598e-8      3.04901e-9       #dY:6.4%   
  5.40e-3         5.15071e-8      3.30206e-9       #dY:6.4%   
  6.30e-3         5.56066e-8      3.56488e-9       #dY:6.4%   
  7.40e-3         6.02299e-8      3.86127e-9       #dY:6.4%   
  8.60e-3         6.48879e-8      4.15989e-9       #dY:6.4%   
  0.01            6.99178e-8      4.48235e-9       #dY:6.4%   
  0.012           7.65091e-8      4.95368e-9       #dY:6.5%   
  0.014           8.2551e-8       5.34487e-9       #dY:6.5%   
  0.016           8.81568e-8      5.70783e-9       #dY:6.5%   
  0.018           9.34051e-8      6.04763e-9       #dY:6.5%   
  0.022           1.03044e-7      6.67172e-9       #dY:6.5%   
  0.025           1.09671e-7      7.10079e-9       #dY:6.5%   
  0.029           1.17869e-7      7.63158e-9       #dY:6.5%   
  0.034           1.27288e-7      8.2165e-9        #dY:6.5%   
  0.04            1.37624e-7      8.88369e-9       #dY:6.5%   
  0.046           1.47116e-7      9.4964e-9        #dY:6.5%   
  0.054           1.58717e-7      1.02453e-8       #dY:6.5%   
  0.063           1.7061e-7       1.1013e-8        #dY:6.5%   
  0.074           1.83815e-7      1.18653e-8       #dY:6.5%   
  0.086           1.96876e-7      1.27084e-8       #dY:6.5%   
  0.1             2.10683e-7      1.35997e-8       #dY:6.5%   
  0.2             2.81647e-7      1.86856e-8       #dY:6.6%   
  0.3             3.25039e-7      2.61176e-8       #dY:8.0%   
  0.4             3.52555e-7      2.83285e-8       #dY:8.0%   
  0.5             3.69151e-7      3.08907e-8       #dY:8.4%   
  0.6             3.77988e-7      3.16301e-8       #dY:8.4%   
  0.7             3.81119e-7      3.45682e-8       #dY:9.1%   
  0.8             3.79915e-7      3.4459e-8        #dY:9.1%   
  0.9             3.75345e-7      3.27349e-8       #dY:8.7%   
  1               3.68115e-7      3.21043e-8       #dY:8.7%   
  1.1             3.58751e-7      2.88084e-8       #dY:8.0%   
  1.2             3.47673e-7      2.79188e-8       #dY:8.0%   
  1.3             3.3536e-7       2.39541e-8       #dY:7.1%   
  1.4             3.22224e-7      2.30158e-8       #dY:7.1%   
  1.5             3.08578e-7      1.86262e-8       #dY:6.0%   
  1.6             2.9467e-7       1.77867e-8       #dY:6.0%   
  1.7             2.80693e-7      1.32162e-8       #dY:4.7%   
  1.8             2.66798e-7      1.25619e-8       #dY:4.7%   
  1.9             2.53103e-7      8.22848e-9       #dY:3.3%   
  2               2.397e-7        7.79274e-9       #dY:3.3%   
  2.1             2.26658e-7      3.95754e-9       #dY:1.7%   
  2.2             2.14028e-7      3.73701e-9       #dY:1.7%   
  2.3             2.01848e-7      1.12663e-9       #dY:0.6%   
  2.4             1.90142e-7      1.0613e-9        #dY:0.6%   
  2.5             1.78927e-7      3.06804e-9       #dY:1.7%   
  2.6             1.68211e-7      2.88429e-9       #dY:1.7%   
  2.7             1.57995e-7      5.33218e-9       #dY:3.4%   
  2.8             1.48277e-7      5.00421e-9       #dY:3.4%   
  2.9             1.3905e-7       7.06748e-9       #dY:5.1%   
  3               1.30304e-7      6.62295e-9       #dY:5.1%   
  3.1             1.22026e-7      8.32617e-9       #dY:6.8%   
  3.2             1.14202e-7      7.79232e-9       #dY:6.8%   
  3.3             1.06816e-7      9.18191e-9       #dY:8.6%   
  3.4             9.98528e-8      8.58335e-9       #dY:8.6%   
  3.5             9.32943e-8      9.68584e-9       #dY:10.4%  
  3.6             8.71231e-8      9.04515e-9       #dY:10.4%  
  3.7             8.13217e-8      9.94622e-9       #dY:12.2%  
  3.8             7.58727e-8      9.27976e-9       #dY:12.2%  
  3.9             7.07585e-8      9.94076e-9       #dY:14.0%  
  4               6.59621e-8      9.26692e-9       #dY:14.0%  
  4.1             6.1467e-8       9.74663e-9       #dY:15.9%  
  4.2             5.72569e-8      9.07905e-9       #dY:15.9%  
  4.3             5.33162e-8      9.41263e-9       #dY:17.7%  
  4.4             4.96297e-8      8.76181e-9       #dY:17.7%  
  4.5             4.61829e-8      9.0253e-9        #dY:19.5%  
  4.6             4.2962e-8       8.39585e-9       #dY:19.5%  
  4.7             3.99535e-8      8.55754e-9       #dY:21.4%  
  4.8             3.71449e-8      7.95598e-9       #dY:21.4%  
  4.9             3.45239e-8      8.03768e-9       #dY:23.3%  
  5               3.20791e-8      7.46849e-9       #dY:23.3%  
  5.1             2.97995e-8      7.48947e-9       #dY:25.1%  
  5.2             2.76748e-8      6.95547e-9       #dY:25.1%  
  5.3             2.56953e-8      6.95642e-9       #dY:27.1%  
  5.4             2.38516e-8      6.45728e-9       #dY:27.1%  
  5.5             2.21351e-8      6.39677e-9       #dY:28.9%  
  5.6             2.05374e-8      5.93506e-9       #dY:28.9%  
  5.7             1.90509e-8      5.86979e-9       #dY:30.8%  
  5.8             1.76681e-8      5.44374e-9       #dY:30.8%  
  5.9             1.63824e-8      5.35874e-9       #dY:32.7%  
  6               1.51871e-8      4.96775e-9       #dY:32.7%  
  6.1             1.40762e-8      4.86976e-9       #dY:34.6%  
  6.2             1.30441e-8      4.5127e-9        #dY:34.6%  
  6.3             1.20853e-8      4.40721e-9       #dY:36.5%  
  6.4             1.1195e-8       4.08254e-9       #dY:36.5%  
  6.5             1.03684e-8      3.98389e-9       #dY:38.4%  
  6.6             9.60121e-9      3.68911e-9       #dY:38.4%  
  6.7             8.88921e-9      3.58804e-9       #dY:40.4%  
  6.8             8.22864e-9      3.32141e-9       #dY:40.4%  
  6.9             7.6159e-9       3.21333e-9       #dY:42.2%  
  7               7.04765e-9      2.97357e-9       #dY:42.2%  
  7.1             6.52078e-9      2.87608e-9       #dY:44.1%  
  7.2             6.03236e-9      2.66065e-9       #dY:44.1%  
  7.3             5.57968e-9      2.56688e-9       #dY:46.0%  
  7.4             5.1602e-9       2.3739e-9        #dY:46.0%  
  7.5             4.77156e-9      2.28948e-9       #dY:48.0%  
  7.6             4.41156e-9      2.11674e-9       #dY:48.0%  
  7.7             4.07815e-9      2.03295e-9       #dY:49.8%  
  7.8             3.76941e-9      1.87904e-9       #dY:49.8%  
  7.9             3.48358e-9      1.80109e-9       #dY:51.7%  
  8               3.21899e-9      1.66429e-9       #dY:51.7%  
  8.1             2.97411e-9      1.59513e-9       #dY:53.6%  
  8.2             2.7475e-9       1.47359e-9       #dY:53.6%  
  8.3             2.53783e-9      1.40981e-9       #dY:55.6%  
  8.4             2.34388e-9      1.30207e-9       #dY:55.6%  
  8.5             2.16448e-9      1.24355e-9       #dY:57.5%  
  8.6             1.99856e-9      1.14822e-9       #dY:57.5%  
  8.7             1.84515e-9      1.09491e-9       #dY:59.3%  
  8.8             1.70331e-9      1.01074e-9       #dY:59.3%  
  8.9             1.5722e-9       9.62346e-10      #dY:61.2%  
  9               1.45101e-9      8.88165e-10      #dY:61.2%  
  9.1             1.33901e-9      8.44414e-10      #dY:63.1%  
  9.2             1.23552e-9      7.7915e-10       #dY:63.1%  
  9.3             1.1399e-9       7.40885e-10      #dY:65.0%  
  9.4             1.05157e-9      6.83475e-10      #dY:65.0%  
  9.5             9.69986e-10     6.48989e-10      #dY:66.9%  
  9.6             8.94634e-10     5.98573e-10      #dY:66.9%  
  9.7             8.2505e-10      5.66927e-10      #dY:68.7%  
  9.8             7.608e-10       5.22778e-10      #dY:68.7%  
  9.9             7.01482e-10     4.95218e-10      #dY:70.6%  
  10              6.46725e-10     4.56562e-10      #dY:70.6%  
  10.1            5.96184e-10     4.32009e-10      #dY:72.5%  
  10.2            5.49539e-10     3.98209e-10      #dY:72.5%  
  10.3            5.06494e-10     3.76378e-10      #dY:74.3%  
  10.4            4.66777e-10     3.46864e-10      #dY:74.3%  
  10.5            4.30134e-10     3.27525e-10      #dY:76.1%  
  10.6            3.96331e-10     3.01786e-10      #dY:76.1%  
  10.7            3.65151e-10     2.85008e-10      #dY:78.1%  
  10.8            3.36393e-10     2.62562e-10      #dY:78.1%  
  10.9            3.09872e-10     2.47432e-10      #dY:79.8%  
  11              2.85417e-10     2.27904e-10      #dY:79.8%  
  11.1            2.62869e-10     2.14824e-10      #dY:81.7%  
  11.2            2.42081e-10     1.97835e-10      #dY:81.7%  
  11.3            2.22918e-10     1.86112e-10      #dY:83.5%  
  11.4            2.05254e-10     1.71364e-10      #dY:83.5%  
  11.5            1.88974e-10     1.61252e-10      #dY:85.3%  
  11.6            1.73971e-10     1.4845e-10       #dY:85.3%  
  11.7            1.60146e-10     1.39568e-10      #dY:87.2%  
  11.8            1.47408e-10     1.28467e-10      #dY:87.2%  
  11.9            1.35671e-10     1.2069e-10       #dY:89.0%  
  12              1.2486e-10      1.11073e-10      #dY:89.0%  
  12.1            1.14901e-10     1.04676e-10      #dY:91.1%  
  12.2            1.05727e-10     9.63187e-11      #dY:91.1%  
  12.3            9.7279e-11      8.99964e-11      #dY:92.5%  
  12.4            8.94989e-11     8.27988e-11      #dY:92.5%  
  12.5            8.23347e-11     7.73242e-11      #dY:93.9%  
  12.6            7.57383e-11     7.11292e-11      #dY:93.9%  
  12.7            6.96652e-11     6.70048e-11      #dY:96.2%  
  12.8            6.40743e-11     6.16274e-11      #dY:96.2%  
  12.9            5.89278e-11     5.7483e-11       #dY:97.5%  
  13              5.41908e-11     5.28622e-11      #dY:97.5%  
  13.1            4.98309e-11     4.972e-11        #dY:99.8%  
  13.2            4.58185e-11     4.57166e-11      #dY:99.8%  
  13.3            4.21263e-11     4.25955e-11      #dY:101.1% 
  13.4            3.87288e-11     3.91602e-11      #dY:101.1% 
  13.5            3.56029e-11     3.67793e-11      #dY:103.3% 
  13.6            3.2727e-11      3.38084e-11      #dY:103.3% 
  13.7            3.00814e-11     3.14677e-11      #dY:104.6% 
  13.8            2.76478e-11     2.8922e-11       #dY:104.6% 
  13.9            2.54094e-11     2.71272e-11      #dY:106.8% 
  14              2.33506e-11     2.49293e-11      #dY:106.8% 
  14.1            2.14572e-11     2.31807e-11      #dY:108.0% 
  14.2            1.97161e-11     2.12997e-11      #dY:108.0% 
  14.3            1.8115e-11      1.99526e-11      #dY:110.1% 
  14.4            1.66429e-11     1.83311e-11      #dY:110.1% 
  14.5            1.52895e-11     1.70309e-11      #dY:111.4% 
  14.6            1.40452e-11     1.56449e-11      #dY:111.4% 
  14.7            1.29014e-11     1.4639e-11       #dY:113.5% 
  14.8            1.185e-11       1.3446e-11       #dY:113.5% 
  14.9            1.08836e-11     1.24806e-11      #dY:114.7% 
  15              9.99538e-12     1.14621e-11      #dY:114.7% 
  15.1            9.17911e-12     1.07133e-11      #dY:116.7% 
  15.2            8.42899e-12     9.83778e-12      #dY:116.7% 
  15.3            7.7397e-12      9.18941e-12      #dY:118.7% 
  15.4            7.10636e-12     8.43744e-12      #dY:118.7% 
  15.5            6.52445e-12     7.82261e-12      #dY:119.9% 
  15.6            5.98985e-12     7.18164e-12      #dY:119.9% 
  15.7            5.49873e-12     6.70159e-12      #dY:121.9% 
  15.8            5.04758e-12     6.15175e-12      #dY:121.9% 
  15.9            4.63319e-12     5.69927e-12      #dY:123.0% 
  16              4.25257e-12     5.23107e-12      #dY:123.0% 
  16.1            3.903e-12       4.87703e-12      #dY:125.0% 
  16.2            3.58196e-12     4.47588e-12      #dY:125.0% 
  16.3            3.28715e-12     4.17068e-12      #dY:126.9% 
  16.4            3.01643e-12     3.82719e-12      #dY:126.9% 
  16.5            2.76786e-12     3.54197e-12      #dY:128.0% 
  16.6            2.53963e-12     3.24991e-12      #dY:128.0% 
  16.7            2.3301e-12      3.02566e-12      #dY:129.9% 
  16.8            2.13774e-12     2.77588e-12      #dY:129.9% 
  16.9            1.96115e-12     2.58319e-12      #dY:131.7% 
  17              1.79905e-12     2.36967e-12      #dY:131.7% 
  17.1            1.65027e-12     2.19095e-12      #dY:132.8% 
  17.2            1.51371e-12     2.00965e-12      #dY:132.8% 
  17.3            1.38838e-12     1.86862e-12      #dY:134.6% 
  17.4            1.27336e-12     1.71382e-12      #dY:134.6% 
  17.5            1.16781e-12     1.59293e-12      #dY:136.4% 
  17.6            1.07095e-12     1.46081e-12      #dY:136.4% 
  17.7            9.8208e-13      1.34939e-12      #dY:137.4% 
  17.8            9.00537e-13     1.23735e-12      #dY:137.4% 
  17.9            8.25723e-13     1.14921e-12      #dY:139.2% 
  18              7.57087e-13     1.05368e-12      #dY:139.2% 
  18.1            6.94121e-13     9.78251e-13      #dY:140.9% 
  18.2            6.36362e-13     8.96849e-13      #dY:140.9% 
  18.3            5.8338e-13      8.27744e-13      #dY:141.9% 
  18.4            5.34783e-13     7.58791e-13      #dY:141.9% 
  18.5            4.90211e-13     7.03982e-13      #dY:143.6% 
  18.6            4.49333e-13     6.45278e-13      #dY:143.6% 
  18.7            4.11844e-13     5.98453e-13      #dY:145.3% 
  18.8            3.77464e-13     5.48495e-13      #dY:145.3% 
  18.9            3.45939e-13     5.0584e-13       #dY:146.2% 
  19              3.17031e-13     4.6357e-13       #dY:146.2% 
  19.1            2.90526e-13     4.29655e-13      #dY:147.9% 
  19.2            2.66225e-13     3.93716e-13      #dY:147.9% 
  19.3            2.43945e-13     3.64794e-13      #dY:149.5% 
  19.4            2.23519e-13     3.34249e-13      #dY:149.5% 
  19.5            2.04794e-13     3.09582e-13      #dY:151.2% 
  19.6            1.8763e-13      2.83635e-13      #dY:151.2% 
  19.7            1.71896e-13     2.6262e-13       #dY:152.8% 
  19.8            1.57475e-13     2.40588e-13      #dY:152.8% 
  19.9            1.44258e-13     2.21606e-13      #dY:153.6% 
  20              1.32144e-13     2.02997e-13      #dY:153.6% 
  20.2            0.00            0.00                        
//
#-------------------------------------------------------------------------------
#
#name:   JENDL-4.0: TH-232(N,F) E_in=1.3 MeV
#X.axis: Energy
#Y.axis: 
#wdata:  3
#ldata:  352
#data...
# X               Y               +-dY           
# MeV             1/eV            1/eV           
  0.00            0.00            0.00                        
  1.00e-11        2.21273e-12     0.00                        
  1.20e-11        2.42392e-12     0.00                        
  1.40e-11        2.61813e-12     0.00                        
  1.60e-11        2.7989e-12      0.00                        
  1.80e-11        2.96868e-12     0.00                        
  2.20e-11        3.282e-12       0.00                        
  2.50e-11        3.49863e-12     0.00                        
  2.90e-11        3.76814e-12     0.00                        
  3.40e-11        4.08006e-12     2.2695e-13       #dY:5.6%   
  4.00e-11        4.42545e-12     2.46162e-13      #dY:5.6%   
  4.60e-11        4.74577e-12     2.6398e-13       #dY:5.6%   
  5.40e-11        5.14191e-12     2.86015e-13      #dY:5.6%   
  6.30e-11        5.5539e-12      3.08932e-13      #dY:5.6%   
  7.40e-11        6.01926e-12     3.34817e-13      #dY:5.6%   
  8.60e-11        6.48898e-12     3.60945e-13      #dY:5.6%   
  1.00e-10        6.99725e-12     4.54915e-13      #dY:6.5%   
  1.20e-10        7.6651e-12      4.98335e-13      #dY:6.5%   
  1.40e-10        8.27926e-12     5.38263e-13      #dY:6.5%   
  1.60e-10        8.8509e-12      5.75428e-13      #dY:6.5%   
  1.80e-10        9.3878e-12      6.10333e-13      #dY:6.5%   
  2.20e-10        1.03786e-11     6.74749e-13      #dY:6.5%   
  2.50e-10        1.10636e-11     7.19283e-13      #dY:6.5%   
  2.90e-10        1.19159e-11     7.74694e-13      #dY:6.5%   
  3.40e-10        1.29023e-11     8.31686e-13      #dY:6.4%   
  4.00e-10        1.39945e-11     9.02089e-13      #dY:6.4%   
  4.60e-10        1.50074e-11     9.67381e-13      #dY:6.4%   
  5.40e-10        1.62601e-11     1.04813e-12      #dY:6.4%   
  6.30e-10        1.7563e-11      1.13212e-12      #dY:6.4%   
  7.40e-10        1.90346e-11     1.22698e-12      #dY:6.4%   
  8.60e-10        2.052e-11       1.32272e-12      #dY:6.4%   
  1.00e-9         2.21272e-11     1.42633e-12      #dY:6.4%   
  1.20e-9         2.42392e-11     1.57588e-12      #dY:6.5%   
  1.40e-9         2.61813e-11     1.70214e-12      #dY:6.5%   
  1.60e-9         2.7989e-11      1.81967e-12      #dY:6.5%   
  1.80e-9         2.96868e-11     1.93005e-12      #dY:6.5%   
  2.20e-9         3.282e-11       2.13375e-12      #dY:6.5%   
  2.50e-9         3.49862e-11     2.27458e-12      #dY:6.5%   
  2.90e-9         3.76813e-11     2.4498e-12       #dY:6.5%   
  3.40e-9         4.08006e-11     2.62999e-12      #dY:6.4%   
  4.00e-9         4.42545e-11     2.85262e-12      #dY:6.4%   
  4.60e-9         4.74576e-11     3.05909e-12      #dY:6.4%   
  5.40e-9         5.1419e-11      3.31444e-12      #dY:6.4%   
  6.30e-9         5.55389e-11     3.58001e-12      #dY:6.4%   
  7.40e-9         6.01926e-11     3.87999e-12      #dY:6.4%   
  8.60e-9         6.48898e-11     4.18277e-12      #dY:6.4%   
  1.00e-8         6.99724e-11     4.54915e-12      #dY:6.5%   
  1.20e-8         7.6651e-11      4.98335e-12      #dY:6.5%   
  1.40e-8         8.27925e-11     5.38263e-12      #dY:6.5%   
  1.60e-8         8.85089e-11     5.75427e-12      #dY:6.5%   
  1.80e-8         9.38778e-11     6.10333e-12      #dY:6.5%   
  2.20e-8         1.03786e-10     6.74749e-12      #dY:6.5%   
  2.50e-8         1.10636e-10     7.19284e-12      #dY:6.5%   
  2.90e-8         1.19159e-10     7.74695e-12      #dY:6.5%   
  3.40e-8         1.29023e-10     8.31686e-12      #dY:6.4%   
  4.00e-8         1.39945e-10     9.0209e-12       #dY:6.4%   
  4.60e-8         1.50074e-10     9.67382e-12      #dY:6.4%   
  5.40e-8         1.62601e-10     1.04813e-11      #dY:6.4%   
  6.30e-8         1.75629e-10     1.13211e-11      #dY:6.4%   
  7.40e-8         1.90345e-10     1.22697e-11      #dY:6.4%   
  8.60e-8         2.05199e-10     1.32272e-11      #dY:6.4%   
  1.00e-7         2.21272e-10     1.42633e-11      #dY:6.4%   
  1.20e-7         2.42391e-10     1.57588e-11      #dY:6.5%   
  1.40e-7         2.61812e-10     1.70214e-11      #dY:6.5%   
  1.60e-7         2.79889e-10     1.81966e-11      #dY:6.5%   
  1.80e-7         2.96867e-10     1.93004e-11      #dY:6.5%   
  2.20e-7         3.28198e-10     2.13374e-11      #dY:6.5%   
  2.50e-7         3.49861e-10     2.27458e-11      #dY:6.5%   
  2.90e-7         3.76811e-10     2.44979e-11      #dY:6.5%   
  3.40e-7         4.08004e-10     2.62999e-11      #dY:6.4%   
  4.00e-7         4.42542e-10     2.85262e-11      #dY:6.4%   
  4.60e-7         4.74573e-10     3.05909e-11      #dY:6.4%   
  5.40e-7         5.14186e-10     3.31443e-11      #dY:6.4%   
  6.30e-7         5.55384e-10     3.57999e-11      #dY:6.4%   
  7.40e-7         6.0192e-10      3.87996e-11      #dY:6.4%   
  8.60e-7         6.48891e-10     4.18274e-11      #dY:6.4%   
  1.00e-6         6.99717e-10     4.51036e-11      #dY:6.4%   
  1.20e-6         7.665e-10       4.98333e-11      #dY:6.5%   
  1.40e-6         8.27914e-10     5.38261e-11      #dY:6.5%   
  1.60e-6         8.85077e-10     5.75425e-11      #dY:6.5%   
  1.80e-6         9.38765e-10     6.10329e-11      #dY:6.5%   
  2.20e-6         1.03784e-9      6.74742e-11      #dY:6.5%   
  2.50e-6         1.10634e-9      7.19277e-11      #dY:6.5%   
  2.90e-6         1.19156e-9      7.74682e-11      #dY:6.5%   
  3.40e-6         1.2902e-9       8.31672e-11      #dY:6.4%   
  4.00e-6         1.39942e-9      9.02076e-11      #dY:6.4%   
  4.60e-6         1.5007e-9       9.67362e-11      #dY:6.4%   
  5.40e-6         1.62597e-9      1.04811e-10      #dY:6.4%   
  6.30e-6         1.75624e-9      1.13208e-10      #dY:6.4%   
  7.40e-6         1.90339e-9      1.22694e-10      #dY:6.4%   
  8.60e-6         2.05192e-9      1.32268e-10      #dY:6.4%   
  1.00e-5         2.21264e-9      1.42628e-10      #dY:6.4%   
  1.20e-5         2.42381e-9      1.57586e-10      #dY:6.5%   
  1.40e-5         2.61801e-9      1.70212e-10      #dY:6.5%   
  1.60e-5         2.79876e-9      1.81963e-10      #dY:6.5%   
  1.80e-5         2.96852e-9      1.93001e-10      #dY:6.5%   
  2.20e-5         3.2818e-9       2.13369e-10      #dY:6.5%   
  2.50e-5         3.49839e-9      2.2745e-10       #dY:6.5%   
  2.90e-5         3.76786e-9      2.4497e-10       #dY:6.5%   
  3.40e-5         4.07974e-9      2.62982e-10      #dY:6.4%   
  4.00e-5         4.42506e-9      2.85242e-10      #dY:6.4%   
  4.60e-5         4.74531e-9      3.05885e-10      #dY:6.4%   
  5.40e-5         5.14137e-9      3.31415e-10      #dY:6.4%   
  6.30e-5         5.55326e-9      3.57966e-10      #dY:6.4%   
  7.40e-5         6.0185e-9       3.87956e-10      #dY:6.4%   
  8.60e-5         6.48808e-9      4.18225e-10      #dY:6.4%   
  1.00e-4         6.99618e-9      4.50977e-10      #dY:6.4%   
  1.20e-4         7.66378e-9      4.98272e-10      #dY:6.5%   
  1.40e-4         8.27768e-9      5.38186e-10      #dY:6.5%   
  1.60e-4         8.84905e-9      5.75334e-10      #dY:6.5%   
  1.80e-4         9.38568e-9      6.10224e-10      #dY:6.5%   
  2.20e-4         1.03759e-8      6.74605e-10      #dY:6.5%   
  2.50e-4         1.10605e-8      7.19115e-10      #dY:6.5%   
  2.90e-4         1.19122e-8      7.7449e-10       #dY:6.5%   
  3.40e-4         1.28978e-8      8.31481e-10      #dY:6.4%   
  4.00e-4         1.3989e-8       9.01827e-10      #dY:6.4%   
  4.60e-4         1.50009e-8      9.67061e-10      #dY:6.4%   
  5.40e-4         1.62522e-8      1.04773e-9       #dY:6.4%   
  6.30e-4         1.75533e-8      1.13161e-9       #dY:6.4%   
  7.40e-4         1.90227e-8      1.22633e-9       #dY:6.4%   
  8.60e-4         2.05056e-8      1.32193e-9       #dY:6.4%   
  1.00e-3         2.21098e-8      1.42535e-9       #dY:6.4%   
  1.20e-3         2.42171e-8      1.57312e-9       #dY:6.5%   
  1.40e-3         2.61542e-8      1.69896e-9       #dY:6.5%   
  1.60e-3         2.79567e-8      1.81605e-9       #dY:6.5%   
  1.80e-3         2.96491e-8      1.92598e-9       #dY:6.5%   
  2.20e-3         3.27706e-8      2.12875e-9       #dY:6.5%   
  2.50e-3         3.49276e-8      2.26887e-9       #dY:6.5%   
  2.90e-3         3.76095e-8      2.44308e-9       #dY:6.5%   
  3.40e-3         4.07114e-8      2.62307e-9       #dY:6.4%   
  4.00e-3         4.41429e-8      2.84416e-9       #dY:6.4%   
  4.60e-3         4.73222e-8      3.04901e-9       #dY:6.4%   
  5.40e-3         5.12497e-8      3.30206e-9       #dY:6.4%   
  6.30e-3         5.53287e-8      3.56487e-9       #dY:6.4%   
  7.40e-3         5.99289e-8      3.86127e-9       #dY:6.4%   
  8.60e-3         6.45636e-8      4.15989e-9       #dY:6.4%   
  0.01            6.95682e-8      4.48234e-9       #dY:6.4%   
  0.012           7.61264e-8      4.95366e-9       #dY:6.5%   
  0.014           8.2138e-8       5.34484e-9       #dY:6.5%   
  0.016           8.77156e-8      5.70778e-9       #dY:6.5%   
  0.018           9.29374e-8      6.04757e-9       #dY:6.5%   
  0.022           1.02528e-7      6.67165e-9       #dY:6.5%   
  0.025           1.09121e-7      7.10066e-9       #dY:6.5%   
  0.029           1.17278e-7      7.63145e-9       #dY:6.5%   
  0.034           1.26649e-7      8.21641e-9       #dY:6.5%   
  0.04            1.36933e-7      8.88359e-9       #dY:6.5%   
  0.046           1.46376e-7      9.49621e-9       #dY:6.5%   
  0.054           1.57918e-7      1.0245e-8        #dY:6.5%   
  0.063           1.6975e-7       1.10126e-8       #dY:6.5%   
  0.074           1.82886e-7      1.18648e-8       #dY:6.5%   
  0.086           1.9588e-7       1.27078e-8       #dY:6.5%   
  0.1             2.09616e-7      1.35989e-8       #dY:6.5%   
  0.2             2.80213e-7      1.86848e-8       #dY:6.7%   
  0.3             3.23395e-7      2.61181e-8       #dY:8.1%   
  0.4             3.50804e-7      2.83317e-8       #dY:8.1%   
  0.5             3.67372e-7      3.08975e-8       #dY:8.4%   
  0.6             3.76237e-7      3.16431e-8       #dY:8.4%   
  0.7             3.79432e-7      3.45814e-8       #dY:9.1%   
  0.8             3.78317e-7      3.44798e-8       #dY:9.1%   
  0.9             3.73854e-7      3.27497e-8       #dY:8.8%   
  1               3.66746e-7      3.2127e-8        #dY:8.8%   
  1.1             3.57514e-7      2.88235e-8       #dY:8.1%   
  1.2             3.46576e-7      2.79416e-8       #dY:8.1%   
  1.3             3.34408e-7      2.39687e-8       #dY:7.2%   
  1.4             3.21416e-7      2.30375e-8       #dY:7.2%   
  1.5             3.07911e-7      1.86389e-8       #dY:6.1%   
  1.6             2.94138e-7      1.78052e-8       #dY:6.1%   
  1.7             2.80289e-7      1.32258e-8       #dY:4.7%   
  1.8             2.66514e-7      1.25758e-8       #dY:4.7%   
  1.9             2.52931e-7      8.23479e-9       #dY:3.3%   
  2               2.39631e-7      7.80178e-9       #dY:3.3%   
  2.1             2.26683e-7      3.9607e-9        #dY:1.7%   
  2.2             2.14138e-7      3.74151e-9       #dY:1.7%   
  2.3             2.02034e-7      1.12756e-9       #dY:0.6%   
  2.4             1.90396e-7      1.06261e-9       #dY:0.6%   
  2.5             1.79241e-7      3.07063e-9       #dY:1.7%   
  2.6             1.68578e-7      2.88796e-9       #dY:1.7%   
  2.7             1.58407e-7      5.33678e-9       #dY:3.4%   
  2.8             1.48728e-7      5.01069e-9       #dY:3.4%   
  2.9             1.39534e-7      7.07372e-9       #dY:5.1%   
  3               1.30815e-7      6.63171e-9       #dY:5.1%   
  3.1             1.22558e-7      8.33358e-9       #dY:6.8%   
  3.2             1.14751e-7      7.80273e-9       #dY:6.8%   
  3.3             1.07379e-7      9.19035e-9       #dY:8.6%   
  3.4             1.00424e-7      8.59509e-9       #dY:8.6%   
  3.5             9.38706e-8      9.69476e-9       #dY:10.3%  
  3.6             8.77015e-8      9.05762e-9       #dY:10.3%  
  3.7             8.18994e-8      9.95552e-9       #dY:12.2%  
  3.8             7.6447e-8       9.29274e-9       #dY:12.2%  
  3.9             7.13274e-8      9.95016e-9       #dY:13.9%  
  4               6.65237e-8      9.28004e-9       #dY:13.9%  
  4.1             6.20196e-8      9.75597e-9       #dY:15.7%  
  4.2             5.7799e-8       9.09205e-9       #dY:15.7%  
  4.3             5.38466e-8      9.42173e-9       #dY:17.5%  
  4.4             5.01475e-8      8.77448e-9       #dY:17.5%  
  4.5             4.66872e-8      9.03412e-9       #dY:19.4%  
  4.6             4.34521e-8      8.40812e-9       #dY:19.4%  
  4.7             4.0429e-8       8.566e-9         #dY:21.2%  
  4.8             3.76053e-8      7.96772e-9       #dY:21.2%  
  4.9             3.49689e-8      8.04567e-9       #dY:23.0%  
  5               3.25086e-8      7.4796e-9        #dY:23.0%  
  5.1             3.02134e-8      7.49699e-9       #dY:24.8%  
  5.2             2.80732e-8      6.96594e-9       #dY:24.8%  
  5.3             2.60781e-8      6.96346e-9       #dY:26.7%  
  5.4             2.42191e-8      6.46706e-9       #dY:26.7%  
  5.5             2.24874e-8      6.4033e-9        #dY:28.5%  
  5.6             2.08748e-8      5.94411e-9       #dY:28.5%  
  5.7             1.93737e-8      5.87584e-9       #dY:30.3%  
  5.8             1.79766e-8      5.45211e-9       #dY:30.3%  
  5.9             1.66769e-8      5.36428e-9       #dY:32.2%  
  6               1.5468e-8       4.97542e-9       #dY:32.2%  
  6.1             1.4344e-8       4.87487e-9       #dY:34.0%  
  6.2             1.32991e-8      4.51976e-9       #dY:34.0%  
  6.3             1.2328e-8       4.41188e-9       #dY:35.8%  
  6.4             1.14257e-8      4.08897e-9       #dY:35.8%  
  6.5             1.05876e-8      3.98811e-9       #dY:37.7%  
  6.6             9.80924e-9      3.69492e-9       #dY:37.7%  
  6.7             9.08657e-9      3.59185e-9       #dY:39.5%  
  6.8             8.41575e-9      3.32668e-9       #dY:39.5%  
  6.9             7.79318e-9      3.21678e-9       #dY:41.3%  
  7               7.21551e-9      2.97833e-9       #dY:41.3%  
  7.1             6.67962e-9      2.87917e-9       #dY:43.1%  
  7.2             6.18259e-9      2.66494e-9       #dY:43.1%  
  7.3             5.72168e-9      2.56966e-9       #dY:44.9%  
  7.4             5.29435e-9      2.37775e-9       #dY:44.9%  
  7.5             4.89823e-9      2.29197e-9       #dY:46.8%  
  7.6             4.53111e-9      2.12019e-9       #dY:46.8%  
  7.7             4.19092e-9      2.03518e-9       #dY:48.6%  
  7.8             3.87574e-9      1.88212e-9       #dY:48.6%  
  7.9             3.58378e-9      1.80307e-9       #dY:50.3%  
  8               3.31338e-9      1.66703e-9       #dY:50.3%  
  8.1             3.06298e-9      1.59689e-9       #dY:52.1%  
  8.2             2.83114e-9      1.47602e-9       #dY:52.1%  
  8.3             2.61653e-9      1.41139e-9       #dY:53.9%  
  8.4             2.41788e-9      1.30423e-9       #dY:53.9%  
  8.5             2.23404e-9      1.24494e-9       #dY:55.7%  
  8.6             2.06394e-9      1.15015e-9       #dY:55.7%  
  8.7             1.90656e-9      1.09614e-9       #dY:57.5%  
  8.8             1.76097e-9      1.01244e-9       #dY:57.5%  
  8.9             1.62632e-9      9.6343e-10       #dY:59.2%  
  9               1.50179e-9      8.89658e-10      #dY:59.2%  
  9.1             1.38665e-9      8.45375e-10      #dY:61.0%  
  9.2             1.28019e-9      7.80472e-10      #dY:61.0%  
  9.3             1.18178e-9      7.41734e-10      #dY:62.8%  
  9.4             1.09082e-9      6.84644e-10      #dY:62.8%  
  9.5             1.00675e-9      6.49731e-10      #dY:64.5%  
  9.6             9.29063e-10     5.99594e-10      #dY:64.5%  
  9.7             8.57285e-10     5.67577e-10      #dY:66.2%  
  9.8             7.90972e-10     5.23674e-10      #dY:66.2%  
  9.9             7.29715e-10     4.9579e-10       #dY:67.9%  
  10              6.73137e-10     4.57349e-10      #dY:67.9%  
  10.1            6.20884e-10     4.3251e-10       #dY:69.7%  
  10.2            5.72633e-10     3.98898e-10      #dY:69.7%  
  10.3            5.28081e-10     3.76816e-10      #dY:71.4%  
  10.4            4.8695e-10      3.47467e-10      #dY:71.4%  
  10.5            4.4898e-10      3.27908e-10      #dY:73.0%  
  10.6            4.13934e-10     3.02312e-10      #dY:73.0%  
  10.7            3.81588e-10     2.85342e-10      #dY:74.8%  
  10.8            3.51739e-10     2.63022e-10      #dY:74.8%  
  10.9            3.24195e-10     2.47723e-10      #dY:76.4%  
  11              2.98783e-10     2.28305e-10      #dY:76.4%  
  11.1            2.75338e-10     2.15078e-10      #dY:78.1%  
  11.2            2.53711e-10     1.98184e-10      #dY:78.1%  
  11.3            2.33763e-10     1.86332e-10      #dY:79.7%  
  11.4            2.15366e-10     1.71668e-10      #dY:79.7%  
  11.5            1.984e-10       1.61445e-10      #dY:81.4%  
  11.6            1.82755e-10     1.48714e-10      #dY:81.4%  
  11.7            1.68331e-10     1.39735e-10      #dY:83.0%  
  11.8            1.55032e-10     1.28695e-10      #dY:83.0%  
  11.9            1.42773e-10     1.20835e-10      #dY:84.6%  
  12              1.31472e-10     1.11271e-10      #dY:84.6%  
  12.1            1.21057e-10     1.04802e-10      #dY:86.6%  
  12.2            1.11458e-10     9.64916e-11      #dY:86.6%  
  12.3            1.02613e-10     9.01057e-11      #dY:87.8%  
  12.4            9.44618e-11     8.2948e-11       #dY:87.8%  
  12.5            8.69519e-11     7.74176e-11      #dY:89.0%  
  12.6            8.00331e-11     7.12574e-11      #dY:89.0%  
  12.7            7.36594e-11     6.70861e-11      #dY:91.1%  
  12.8            6.77884e-11     6.17391e-11      #dY:91.1%  
  12.9            6.23808e-11     5.75531e-11      #dY:92.3%  
  13              5.74004e-11     5.29581e-11      #dY:92.3%  
  13.1            5.28139e-11     4.97807e-11      #dY:94.3%  
  13.2            4.85905e-11     4.57999e-11      #dY:94.3%  
  13.3            4.47016e-11     4.26476e-11      #dY:95.4%  
  13.4            4.11212e-11     3.92317e-11      #dY:95.4%  
  13.5            3.7825e-11      3.68246e-11      #dY:97.4%  
  13.6            3.47906e-11     3.38704e-11      #dY:97.4%  
  13.7            3.19974e-11     3.15065e-11      #dY:98.5%  
  13.8            2.94266e-11     2.89751e-11      #dY:98.5%  
  13.9            2.70605e-11     2.71607e-11      #dY:100.4% 
  14              2.4883e-11      2.49751e-11      #dY:100.4% 
  14.1            2.28792e-11     2.32094e-11      #dY:101.4% 
  14.2            2.10355e-11     2.1339e-11       #dY:101.4% 
  14.3            1.93391e-11     1.99774e-11      #dY:103.3% 
  14.4            1.77783e-11     1.83651e-11      #dY:103.3% 
  14.5            1.63425e-11     1.70521e-11      #dY:104.3% 
  14.6            1.50217e-11     1.56739e-11      #dY:104.3% 
  14.7            1.38068e-11     1.46573e-11      #dY:106.2% 
  14.8            1.26894e-11     1.34711e-11      #dY:106.2% 
  14.9            1.16617e-11     1.24963e-11      #dY:107.2% 
  15              1.07165e-11     1.14834e-11      #dY:107.2% 
  15.1            9.84742e-12     1.07267e-11      #dY:108.9% 
  15.2            9.04824e-12     9.85617e-12      #dY:108.9% 
  15.3            8.31343e-12     9.20097e-12      #dY:110.7% 
  15.4            7.63785e-12     8.45327e-12      #dY:110.7% 
  15.5            7.01676e-12     7.83248e-12      #dY:111.6% 
  15.6            6.44579e-12     7.19514e-12      #dY:111.6% 
  15.7            5.92095e-12     6.71005e-12      #dY:113.3% 
  15.8            5.43853e-12     6.16334e-12      #dY:113.3% 
  15.9            4.99514e-12     5.70649e-12      #dY:114.2% 
  16              4.58763e-12     5.24095e-12      #dY:114.2% 
  16.1            4.21314e-12     4.88323e-12      #dY:115.9% 
  16.2            3.869e-12       4.48435e-12      #dY:115.9% 
  16.3            3.55277e-12     4.17598e-12      #dY:117.5% 
  16.4            3.26221e-12     3.83445e-12      #dY:117.5% 
  16.5            2.99525e-12     3.54648e-12      #dY:118.4% 
  16.6            2.74999e-12     3.25608e-12      #dY:118.4% 
  16.7            2.52468e-12     3.02952e-12      #dY:120.0% 
  16.8            2.31771e-12     2.78117e-12      #dY:120.0% 
  16.9            2.12759e-12     2.5865e-12       #dY:121.6% 
  17              1.95296e-12     2.37421e-12      #dY:121.6% 
  17.1            1.79257e-12     2.19376e-12      #dY:122.4% 
  17.2            1.64527e-12     2.01349e-12      #dY:122.4% 
  17.3            1.51e-12        1.87103e-12      #dY:123.9% 
  17.4            1.38578e-12     1.71711e-12      #dY:123.9% 
  17.5            1.27171e-12     1.59498e-12      #dY:125.4% 
  17.6            1.16697e-12     1.46361e-12      #dY:125.4% 
  17.7            1.07081e-12     1.35113e-12      #dY:126.2% 
  17.8            9.82516e-13     1.23972e-12      #dY:126.2% 
  17.9            9.01462e-13     1.15069e-12      #dY:127.6% 
  18              8.27054e-13     1.05571e-12      #dY:127.6% 
  18.1            7.58751e-13     9.79519e-13      #dY:129.1% 
  18.2            6.96055e-13     8.98581e-13      #dY:129.1% 
  18.3            6.38509e-13     8.28819e-13      #dY:129.8% 
  18.4            5.85692e-13     7.6026e-13       #dY:129.8% 
  18.5            5.37219e-13     7.04898e-13      #dY:131.2% 
  18.6            4.92734e-13     6.46528e-13      #dY:131.2% 
  18.7            4.51912e-13     5.99232e-13      #dY:132.6% 
  18.8            4.14452e-13     5.4956e-13       #dY:132.6% 
  18.9            3.8008e-13      5.065e-13        #dY:133.3% 
  19              3.48543e-13     4.64474e-13      #dY:133.3% 
  19.1            3.19607e-13     4.30216e-13      #dY:134.6% 
  19.2            2.93061e-13     3.94483e-13      #dY:134.6% 
  19.3            2.68707e-13     3.65271e-13      #dY:135.9% 
  19.4            2.46366e-13     3.34901e-13      #dY:135.9% 
  19.5            2.25873e-13     3.0999e-13       #dY:137.2% 
  19.6            2.07074e-13     2.8419e-13       #dY:137.2% 
  19.7            1.89833e-13     2.62966e-13      #dY:138.5% 
  19.8            1.74019e-13     2.4106e-13       #dY:138.5% 
  19.9            1.59515e-13     2.21897e-13      #dY:139.1% 
  20              1.46214e-13     2.03394e-13      #dY:139.1% 
  20.2            0.00            0.00                        
//
#-------------------------------------------------------------------------------
#
#name:   JENDL-4.0: TH-232(N,F) E_in=1.6 MeV
#X.axis: Energy
#Y.axis: 
#wdata:  3
#ldata:  352
#data...
# X               Y               +-dY           
# MeV             1/eV            1/eV           
  0.00            0.00            0.00                        
  1.00e-11        2.20175e-12     0.00                        
  1.20e-11        2.4119e-12      0.00                        
  1.40e-11        2.60515e-12     0.00                        
  1.60e-11        2.78502e-12     0.00                        
  1.80e-11        2.95396e-12     0.00                        
  2.20e-11        3.26572e-12     0.00                        
  2.50e-11        3.48127e-12     0.00                        
  2.90e-11        3.74945e-12     0.00                        
  3.40e-11        4.05983e-12     2.26951e-13      #dY:5.6%   
  4.00e-11        4.4035e-12      2.46163e-13      #dY:5.6%   
  4.60e-11        4.72223e-12     2.6398e-13       #dY:5.6%   
  5.40e-11        5.11641e-12     2.86015e-13      #dY:5.6%   
  6.30e-11        5.52635e-12     3.08932e-13      #dY:5.6%   
  7.40e-11        5.98941e-12     3.34817e-13      #dY:5.6%   
  8.60e-11        6.4568e-12      3.60945e-13      #dY:5.6%   
  1.00e-10        6.96255e-12     4.54916e-13      #dY:6.5%   
  1.20e-10        7.62709e-12     4.98335e-13      #dY:6.5%   
  1.40e-10        8.23819e-12     5.38263e-13      #dY:6.5%   
  1.60e-10        8.807e-12       5.75427e-13      #dY:6.5%   
  1.80e-10        9.34123e-12     6.10333e-13      #dY:6.5%   
  2.20e-10        1.03271e-11     6.74747e-13      #dY:6.5%   
  2.50e-10        1.10088e-11     7.19287e-13      #dY:6.5%   
  2.90e-10        1.18568e-11     7.74694e-13      #dY:6.5%   
  3.40e-10        1.28383e-11     8.31685e-13      #dY:6.5%   
  4.00e-10        1.39251e-11     9.02089e-13      #dY:6.5%   
  4.60e-10        1.4933e-11      9.67383e-13      #dY:6.5%   
  5.40e-10        1.61795e-11     1.04813e-12      #dY:6.5%   
  6.30e-10        1.74758e-11     1.13211e-12      #dY:6.5%   
  7.40e-10        1.89402e-11     1.22698e-12      #dY:6.5%   
  8.60e-10        2.04182e-11     1.32272e-12      #dY:6.5%   
  1.00e-9         2.20175e-11     1.42633e-12      #dY:6.5%   
  1.20e-9         2.4119e-11      1.57588e-12      #dY:6.5%   
  1.40e-9         2.60515e-11     1.70214e-12      #dY:6.5%   
  1.60e-9         2.78502e-11     1.81967e-12      #dY:6.5%   
  1.80e-9         2.95396e-11     1.93005e-12      #dY:6.5%   
  2.20e-9         3.26572e-11     2.13375e-12      #dY:6.5%   
  2.50e-9         3.48127e-11     2.27458e-12      #dY:6.5%   
  2.90e-9         3.74944e-11     2.4498e-12       #dY:6.5%   
  3.40e-9         4.05982e-11     2.62998e-12      #dY:6.5%   
  4.00e-9         4.4035e-11      2.85262e-12      #dY:6.5%   
  4.60e-9         4.72223e-11     3.0591e-12       #dY:6.5%   
  5.40e-9         5.1164e-11      3.31444e-12      #dY:6.5%   
  6.30e-9         5.52634e-11     3.58001e-12      #dY:6.5%   
  7.40e-9         5.9894e-11      3.87998e-12      #dY:6.5%   
  8.60e-9         6.45679e-11     4.18276e-12      #dY:6.5%   
  1.00e-8         6.96254e-11     4.54916e-12      #dY:6.5%   
  1.20e-8         7.62708e-11     4.98335e-12      #dY:6.5%   
  1.40e-8         8.23818e-11     5.38263e-12      #dY:6.5%   
  1.60e-8         8.80699e-11     5.75428e-12      #dY:6.5%   
  1.80e-8         9.34122e-11     6.10333e-12      #dY:6.5%   
  2.20e-8         1.03271e-10     6.74748e-12      #dY:6.5%   
  2.50e-8         1.10087e-10     7.19282e-12      #dY:6.5%   
  2.90e-8         1.18568e-10     7.74695e-12      #dY:6.5%   
  3.40e-8         1.28383e-10     8.31686e-12      #dY:6.5%   
  4.00e-8         1.39251e-10     9.02091e-12      #dY:6.5%   
  4.60e-8         1.4933e-10      9.67385e-12      #dY:6.5%   
  5.40e-8         1.61795e-10     1.04813e-11      #dY:6.5%   
  6.30e-8         1.74758e-10     1.13211e-11      #dY:6.5%   
  7.40e-8         1.89401e-10     1.22697e-11      #dY:6.5%   
  8.60e-8         2.04181e-10     1.32272e-11      #dY:6.5%   
  1.00e-7         2.20174e-10     1.42632e-11      #dY:6.5%   
  1.20e-7         2.41189e-10     1.57588e-11      #dY:6.5%   
  1.40e-7         2.60513e-10     1.70214e-11      #dY:6.5%   
  1.60e-7         2.78501e-10     1.81967e-11      #dY:6.5%   
  1.80e-7         2.95394e-10     1.93004e-11      #dY:6.5%   
  2.20e-7         3.26571e-10     2.13374e-11      #dY:6.5%   
  2.50e-7         3.48125e-10     2.27457e-11      #dY:6.5%   
  2.90e-7         3.74942e-10     2.44979e-11      #dY:6.5%   
  3.40e-7         4.0598e-10      2.62998e-11      #dY:6.5%   
  4.00e-7         4.40347e-10     2.85262e-11      #dY:6.5%   
  4.60e-7         4.72219e-10     3.05909e-11      #dY:6.5%   
  5.40e-7         5.11636e-10     3.31444e-11      #dY:6.5%   
  6.30e-7         5.5263e-10      3.58e-11         #dY:6.5%   
  7.40e-7         5.98935e-10     3.87997e-11      #dY:6.5%   
  8.60e-7         6.45673e-10     4.18274e-11      #dY:6.5%   
  1.00e-6         6.96246e-10     4.51036e-11      #dY:6.5%   
  1.20e-6         7.62699e-10     4.98333e-11      #dY:6.5%   
  1.40e-6         8.23808e-10     5.38261e-11      #dY:6.5%   
  1.60e-6         8.80687e-10     5.75424e-11      #dY:6.5%   
  1.80e-6         9.34109e-10     6.10329e-11      #dY:6.5%   
  2.20e-6         1.03269e-9      6.7474e-11       #dY:6.5%   
  2.50e-6         1.10085e-9      7.19275e-11      #dY:6.5%   
  2.90e-6         1.18565e-9      7.74682e-11      #dY:6.5%   
  3.40e-6         1.2838e-9       8.31672e-11      #dY:6.5%   
  4.00e-6         1.39248e-9      9.02077e-11      #dY:6.5%   
  4.60e-6         1.49326e-9      9.67364e-11      #dY:6.5%   
  5.40e-6         1.6179e-9       1.04811e-10      #dY:6.5%   
  6.30e-6         1.74753e-9      1.13209e-10      #dY:6.5%   
  7.40e-6         1.89395e-9      1.22694e-10      #dY:6.5%   
  8.60e-6         2.04174e-9      1.32268e-10      #dY:6.5%   
  1.00e-5         2.20166e-9      1.42628e-10      #dY:6.5%   
  1.20e-5         2.41179e-9      1.57586e-10      #dY:6.5%   
  1.40e-5         2.60502e-9      1.70212e-10      #dY:6.5%   
  1.60e-5         2.78488e-9      1.81964e-10      #dY:6.5%   
  1.80e-5         2.9538e-9       1.93001e-10      #dY:6.5%   
  2.20e-5         3.26552e-9      2.13369e-10      #dY:6.5%   
  2.50e-5         3.48104e-9      2.27451e-10      #dY:6.5%   
  2.90e-5         3.74918e-9      2.44971e-10      #dY:6.5%   
  3.40e-5         4.05951e-9      2.62982e-10      #dY:6.5%   
  4.00e-5         4.40312e-9      2.85242e-10      #dY:6.5%   
  4.60e-5         4.72178e-9      3.05885e-10      #dY:6.5%   
  5.40e-5         5.11587e-9      3.31415e-10      #dY:6.5%   
  6.30e-5         5.52572e-9      3.57966e-10      #dY:6.5%   
  7.40e-5         5.98865e-9      3.87956e-10      #dY:6.5%   
  8.60e-5         6.4559e-9       4.18225e-10      #dY:6.5%   
  1.00e-4         6.96148e-9      4.50977e-10      #dY:6.5%   
  1.20e-4         7.62578e-9      4.98273e-10      #dY:6.5%   
  1.40e-4         8.23663e-9      5.38186e-10      #dY:6.5%   
  1.60e-4         8.80518e-9      5.75335e-10      #dY:6.5%   
  1.80e-4         9.33914e-9      6.10225e-10      #dY:6.5%   
  2.20e-4         1.03245e-8      6.74608e-10      #dY:6.5%   
  2.50e-4         1.10057e-8      7.19118e-10      #dY:6.5%   
  2.90e-4         1.18531e-8      7.74488e-10      #dY:6.5%   
  3.40e-4         1.28338e-8      8.31477e-10      #dY:6.5%   
  4.00e-4         1.39196e-8      9.01824e-10      #dY:6.5%   
  4.60e-4         1.49265e-8      9.6706e-10       #dY:6.5%   
  5.40e-4         1.61716e-8      1.04773e-9       #dY:6.5%   
  6.30e-4         1.74663e-8      1.13161e-9       #dY:6.5%   
  7.40e-4         1.89284e-8      1.22633e-9       #dY:6.5%   
  8.60e-4         2.04039e-8      1.32193e-9       #dY:6.5%   
  1.00e-3         2.20002e-8      1.42535e-9       #dY:6.5%   
  1.20e-3         2.4097e-8       1.57312e-9       #dY:6.5%   
  1.40e-3         2.60246e-8      1.69896e-9       #dY:6.5%   
  1.60e-3         2.78182e-8      1.81605e-9       #dY:6.5%   
  1.80e-3         2.95021e-8      1.92598e-9       #dY:6.5%   
  2.20e-3         3.26082e-8      2.12876e-9       #dY:6.5%   
  2.50e-3         3.47544e-8      2.26887e-9       #dY:6.5%   
  2.90e-3         3.74231e-8      2.44309e-9       #dY:6.5%   
  3.40e-3         4.05096e-8      2.62307e-9       #dY:6.5%   
  4.00e-3         4.39241e-8      2.84416e-9       #dY:6.5%   
  4.60e-3         4.70876e-8      3.04901e-9       #dY:6.5%   
  5.40e-3         5.09956e-8      3.30206e-9       #dY:6.5%   
  6.30e-3         5.50544e-8      3.56487e-9       #dY:6.5%   
  7.40e-3         5.96317e-8      3.86126e-9       #dY:6.5%   
  8.60e-3         6.42434e-8      4.15988e-9       #dY:6.5%   
  0.01            6.92231e-8      4.48232e-9       #dY:6.5%   
  0.012           7.57487e-8      4.95364e-9       #dY:6.5%   
  0.014           8.17304e-8      5.34482e-9       #dY:6.5%   
  0.016           8.72802e-8      5.70775e-9       #dY:6.5%   
  0.018           9.24759e-8      6.04753e-9       #dY:6.5%   
  0.022           1.02019e-7      6.67161e-9       #dY:6.5%   
  0.025           1.08579e-7      7.10061e-9       #dY:6.5%   
  0.029           1.16694e-7      7.63129e-9       #dY:6.5%   
  0.034           1.26019e-7      8.21636e-9       #dY:6.5%   
  0.04            1.36251e-7      8.88348e-9       #dY:6.5%   
  0.046           1.45646e-7      9.49603e-9       #dY:6.5%   
  0.054           1.57129e-7      1.02447e-8       #dY:6.5%   
  0.063           1.68901e-7      1.10122e-8       #dY:6.5%   
  0.074           1.81971e-7      1.18644e-8       #dY:6.5%   
  0.086           1.94898e-7      1.27072e-8       #dY:6.5%   
  0.1             2.08564e-7      1.35982e-8       #dY:6.5%   
  0.2             2.788e-7        1.8684e-8        #dY:6.7%   
  0.3             3.21776e-7      2.61188e-8       #dY:8.1%   
  0.4             3.49081e-7      2.83352e-8       #dY:8.1%   
  0.5             3.65622e-7      3.09045e-8       #dY:8.5%   
  0.6             3.74513e-7      3.1656e-8        #dY:8.5%   
  0.7             3.7777e-7       3.45943e-8       #dY:9.2%   
  0.8             3.76743e-7      3.45003e-8       #dY:9.2%   
  0.9             3.72385e-7      3.27644e-8       #dY:8.8%   
  1               3.65396e-7      3.21494e-8       #dY:8.8%   
  1.1             3.56294e-7      2.88384e-8       #dY:8.1%   
  1.2             3.45493e-7      2.79641e-8       #dY:8.1%   
  1.3             3.33467e-7      2.39831e-8       #dY:7.2%   
  1.4             3.20616e-7      2.30589e-8       #dY:7.2%   
  1.5             3.07249e-7      1.86513e-8       #dY:6.1%   
  1.6             2.93609e-7      1.78233e-8       #dY:6.1%   
  1.7             2.79885e-7      1.32353e-8       #dY:4.7%   
  1.8             2.66229e-7      1.25895e-8       #dY:4.7%   
  1.9             2.52755e-7      8.24098e-9       #dY:3.3%   
  2               2.39556e-7      7.81064e-9       #dY:3.3%   
  2.1             2.26701e-7      3.9638e-9        #dY:1.7%   
  2.2             2.14239e-7      3.74591e-9       #dY:1.7%   
  2.3             2.02211e-7      1.12847e-9       #dY:0.6%   
  2.4             1.9064e-7       1.0639e-9        #dY:0.6%   
  2.5             1.79545e-7      3.07318e-9       #dY:1.7%   
  2.6             1.68933e-7      2.89154e-9       #dY:1.7%   
  2.7             1.58808e-7      5.3413e-9        #dY:3.4%   
  2.8             1.49167e-7      5.01704e-9       #dY:3.4%   
  2.9             1.40005e-7      7.07978e-9       #dY:5.1%   
  3               1.31313e-7      6.64024e-9       #dY:5.1%   
  3.1             1.23079e-7      8.34095e-9       #dY:6.8%   
  3.2             1.15289e-7      7.81303e-9       #dY:6.8%   
  3.3             1.07929e-7      9.19847e-9       #dY:8.5%   
  3.4             1.00984e-7      8.60657e-9       #dY:8.5%   
  3.5             9.44358e-8      9.70352e-9       #dY:10.3%  
  3.6             8.82692e-8      9.06989e-9       #dY:10.3%  
  3.7             8.24667e-8      9.96461e-9       #dY:12.1%  
  3.8             7.70116e-8      9.30546e-9       #dY:12.1%  
  3.9             7.1887e-8       9.95938e-9       #dY:13.9%  
  4               6.70764e-8      9.29291e-9       #dY:13.9%  
  4.1             6.25637e-8      9.7651e-9        #dY:15.6%  
  4.2             5.83332e-8      9.10479e-9       #dY:15.6%  
  4.3             5.43697e-8      9.43066e-9       #dY:17.3%  
  4.4             5.06583e-8      8.7869e-9        #dY:17.3%  
  4.5             4.71851e-8      9.04277e-9       #dY:19.2%  
  4.6             4.39363e-8      8.42016e-9       #dY:19.2%  
  4.7             4.08989e-8      8.57427e-9       #dY:21.0%  
  4.8             3.80605e-8      7.97921e-9       #dY:21.0%  
  4.9             3.54092e-8      8.05351e-9       #dY:22.7%  
  5               3.29337e-8      7.49048e-9       #dY:22.7%  
  5.1             3.06234e-8      7.50437e-9       #dY:24.5%  
  5.2             2.84679e-8      6.97616e-9       #dY:24.5%  
  5.3             2.64577e-8      6.97036e-9       #dY:26.3%  
  5.4             2.45837e-8      6.47665e-9       #dY:26.3%  
  5.5             2.28371e-8      6.40969e-9       #dY:28.1%  
  5.6             2.12099e-8      5.95298e-9       #dY:28.1%  
  5.7             1.96944e-8      5.88174e-9       #dY:29.9%  
  5.8             1.82833e-8      5.46031e-9       #dY:29.9%  
  5.9             1.69699e-8      5.36973e-9       #dY:31.6%  
  6               1.57476e-8      4.98296e-9       #dY:31.6%  
  6.1             1.46106e-8      4.87983e-9       #dY:33.4%  
  6.2             1.35531e-8      4.52664e-9       #dY:33.4%  
  6.3             1.25698e-8      4.41641e-9       #dY:35.1%  
  6.4             1.16557e-8      4.09524e-9       #dY:35.1%  
  6.5             1.08062e-8      3.99223e-9       #dY:36.9%  
  6.6             1.00169e-8      3.70063e-9       #dY:36.9%  
  6.7             9.28372e-9      3.59561e-9       #dY:38.7%  
  6.8             8.60275e-9      3.33187e-9       #dY:38.7%  
  6.9             7.97045e-9      3.22015e-9       #dY:40.4%  
  7               7.38346e-9      2.983e-9         #dY:40.4%  
  7.1             6.83864e-9      2.88221e-9       #dY:42.1%  
  7.2             6.33306e-9      2.66913e-9       #dY:42.1%  
  7.3             5.86399e-9      2.57239e-9       #dY:43.9%  
  7.4             5.42887e-9      2.38151e-9       #dY:43.9%  
  7.5             5.02531e-9      2.29442e-9       #dY:45.7%  
  7.6             4.65111e-9      2.12357e-9       #dY:45.7%  
  7.7             4.30417e-9      2.03736e-9       #dY:47.3%  
  7.8             3.98258e-9      1.88514e-9       #dY:47.3%  
  7.9             3.68452e-9      1.80502e-9       #dY:49.0%  
  8               3.40833e-9      1.66971e-9       #dY:49.0%  
  8.1             3.15243e-9      1.59862e-9       #dY:50.7%  
  8.2             2.91538e-9      1.47841e-9       #dY:50.7%  
  8.3             2.69582e-9      1.41293e-9       #dY:52.4%  
  8.4             2.49248e-9      1.30635e-9       #dY:52.4%  
  8.5             2.30421e-9      1.2463e-9        #dY:54.1%  
  8.6             2.12991e-9      1.15202e-9       #dY:54.1%  
  8.7             1.96856e-9      1.09735e-9       #dY:55.7%  
  8.8             1.81923e-9      1.01411e-9       #dY:55.7%  
  8.9             1.68103e-9      9.64495e-10      #dY:57.4%  
  9               1.55316e-9      8.91129e-10      #dY:57.4%  
  9.1             1.43486e-9      8.46313e-10      #dY:59.0%  
  9.2             1.32542e-9      7.81763e-10      #dY:59.0%  
  9.3             1.2242e-9       7.42558e-10      #dY:60.7%  
  9.4             1.13059e-9      6.85777e-10      #dY:60.7%  
  9.5             1.04403e-9      6.50457e-10      #dY:62.3%  
  9.6             9.64002e-10     6.00598e-10      #dY:62.3%  
  9.7             8.90015e-10     5.68218e-10      #dY:63.8%  
  9.8             8.21624e-10     5.24554e-10      #dY:63.8%  
  9.9             7.58414e-10     4.9635e-10       #dY:65.4%  
  10              6.99998e-10     4.58119e-10      #dY:65.4%  
  10.1            6.4602e-10      4.33e-10         #dY:67.0%  
  10.2            5.96147e-10     3.99572e-10      #dY:67.0%  
  10.3            5.50073e-10     3.77246e-10      #dY:68.6%  
  10.4            5.07512e-10     3.48057e-10      #dY:68.6%  
  10.5            4.68202e-10     3.28283e-10      #dY:70.1%  
  10.6            4.31897e-10     3.02827e-10      #dY:70.1%  
  10.7            3.98372e-10     2.85669e-10      #dY:71.7%  
  10.8            3.67416e-10     2.63471e-10      #dY:71.7%  
  10.9            3.38837e-10     2.48009e-10      #dY:73.2%  
  11              3.12453e-10     2.28697e-10      #dY:73.2%  
  11.1            2.88099e-10     2.15326e-10      #dY:74.7%  
  11.2            2.6562e-10      1.98525e-10      #dY:74.7%  
  11.3            2.44875e-10     1.86548e-10      #dY:76.2%  
  11.4            2.25732e-10     1.71965e-10      #dY:76.2%  
  11.5            2.08068e-10     1.61633e-10      #dY:77.7%  
  11.6            1.9177e-10      1.48972e-10      #dY:77.7%  
  11.7            1.76735e-10     1.39897e-10      #dY:79.2%  
  11.8            1.62866e-10     1.28919e-10      #dY:79.2%  
  11.9            1.50073e-10     1.20976e-10      #dY:80.6%  
  12              1.38275e-10     1.11466e-10      #dY:80.6%  
  12.1            1.27394e-10     1.04925e-10      #dY:82.4%  
  12.2            1.1736e-10      9.66608e-11      #dY:82.4%  
  12.3            1.08109e-10     9.02117e-11      #dY:83.4%  
  12.4            9.9579e-11      8.30938e-11      #dY:83.4%  
  12.5            9.17154e-11     7.75092e-11      #dY:84.5%  
  12.6            8.44666e-11     7.13832e-11      #dY:84.5%  
  12.7            7.77851e-11     6.71658e-11      #dY:86.3%  
  12.8            7.16269e-11     6.18483e-11      #dY:86.3%  
  12.9            6.59515e-11     5.76215e-11      #dY:87.4%  
  13              6.07215e-11     5.30521e-11      #dY:87.4%  
  13.1            5.59023e-11     4.98401e-11      #dY:89.2%  
  13.2            5.1462e-11      4.58814e-11      #dY:89.2%  
  13.3            4.73712e-11     4.26987e-11      #dY:90.1%  
  13.4            4.36025e-11     3.93018e-11      #dY:90.1%  
  13.5            4.01309e-11     3.68687e-11      #dY:91.9%  
  13.6            3.69333e-11     3.3931e-11       #dY:91.9%  
  13.7            3.39882e-11     3.15445e-11      #dY:92.8%  
  13.8            3.12758e-11     2.90271e-11      #dY:92.8%  
  13.9            2.87781e-11     2.71935e-11      #dY:94.5%  
  14              2.6478e-11      2.502e-11        #dY:94.5%  
  14.1            2.43603e-11     2.32375e-11      #dY:95.4%  
  14.2            2.24105e-11     2.13776e-11      #dY:95.4%  
  14.3            2.06154e-11     2.00016e-11      #dY:97.0%  
  14.4            1.89629e-11     1.83983e-11      #dY:97.0%  
  14.5            1.74418e-11     1.70728e-11      #dY:97.9%  
  14.6            1.60418e-11     1.57024e-11      #dY:97.9%  
  14.7            1.47532e-11     1.46752e-11      #dY:99.5%  
  14.8            1.35673e-11     1.34956e-11      #dY:99.5%  
  14.9            1.24759e-11     1.25115e-11      #dY:100.3% 
  15              1.14717e-11     1.15044e-11      #dY:100.3% 
  15.1            1.05476e-11     1.07398e-11      #dY:101.8% 
  15.2            9.69747e-12     9.8742e-12       #dY:101.8% 
  15.3            8.9153e-12      9.21229e-12      #dY:103.3% 
  15.4            8.19574e-12     8.46876e-12      #dY:103.3% 
  15.5            7.53382e-12     7.84212e-12      #dY:104.1% 
  15.6            6.92497e-12     7.20835e-12      #dY:104.1% 
  15.7            6.36495e-12     6.71833e-12      #dY:105.6% 
  15.8            5.8499e-12      6.17468e-12      #dY:105.6% 
  15.9            5.37622e-12     5.71355e-12      #dY:106.3% 
  16              4.94062e-12     5.25062e-12      #dY:106.3% 
  16.1            4.54007e-12     4.88928e-12      #dY:107.7% 
  16.2            4.17176e-12     4.49264e-12      #dY:107.7% 
  16.3            3.83312e-12     4.18117e-12      #dY:109.1% 
  16.4            3.52178e-12     3.84156e-12      #dY:109.1% 
  16.5            3.23555e-12     3.5509e-12       #dY:109.7% 
  16.6            2.97243e-12     3.26213e-12      #dY:109.7% 
  16.7            2.73056e-12     3.0333e-12       #dY:111.1% 
  16.8            2.50824e-12     2.78633e-12      #dY:111.1% 
  16.9            2.3039e-12      2.58973e-12      #dY:112.4% 
  17              2.1161e-12      2.37863e-12      #dY:112.4% 
  17.1            1.94351e-12     2.19652e-12      #dY:113.0% 
  17.2            1.7849e-12      2.01726e-12      #dY:113.0% 
  17.3            1.63915e-12     1.87337e-12      #dY:114.3% 
  17.4            1.50523e-12     1.72031e-12      #dY:114.3% 
  17.5            1.38218e-12     1.59698e-12      #dY:115.5% 
  17.6            1.26913e-12     1.46637e-12      #dY:115.5% 
  17.7            1.16526e-12     1.35283e-12      #dY:116.1% 
  17.8            1.06985e-12     1.24206e-12      #dY:116.1% 
  17.9            9.82196e-13     1.15215e-12      #dY:117.3% 
  18              9.01682e-13     1.0577e-12       #dY:117.3% 
  18.1            8.27728e-13     9.80758e-13      #dY:118.5% 
  18.2            7.59803e-13     9.00275e-13      #dY:118.5% 
  18.3            6.97419e-13     8.29869e-13      #dY:119.0% 
  18.4            6.40127e-13     7.61697e-13      #dY:119.0% 
  18.5            5.87514e-13     7.05793e-13      #dY:120.1% 
  18.6            5.392e-13       6.47753e-13      #dY:120.1% 
  18.7            4.94836e-13     5.99994e-13      #dY:121.3% 
  18.8            4.54102e-13     5.50603e-13      #dY:121.3% 
  18.9            4.16701e-13     5.07146e-13      #dY:121.7% 
  19              3.82364e-13     4.65356e-13      #dY:121.7% 
  19.1            3.5084e-13      4.30766e-13      #dY:122.8% 
  19.2            3.21901e-13     3.95235e-13      #dY:122.8% 
  19.3            2.95335e-13     3.65738e-13      #dY:123.8% 
  19.4            2.7095e-13      3.3554e-13       #dY:123.8% 
  19.5            2.48567e-13     3.10386e-13      #dY:124.9% 
  19.6            2.28024e-13     2.84734e-13      #dY:124.9% 
  19.7            2.09169e-13     2.63303e-13      #dY:125.9% 
  19.8            1.91864e-13     2.4152e-13       #dY:125.9% 
  19.9            1.75984e-13     2.22182e-13      #dY:126.3% 
  20              1.61411e-13     2.03783e-13      #dY:126.3% 
  20.2            0.00            0.00                        
//
#-------------------------------------------------------------------------------
#
#name:   JENDL-4.0: TH-232(N,F) E_in=2. MeV
#X.axis: Energy
#Y.axis: 
#wdata:  3
#ldata:  352
#data...
# X               Y               +-dY           
# MeV             1/eV            1/eV           
  0.00            0.00            0.00                        
  1.00e-11        2.18735e-12     0.00                        
  1.20e-11        2.39612e-12     0.00                        
  1.40e-11        2.58811e-12     0.00                        
  1.60e-11        2.7668e-12      0.00                        
  1.80e-11        2.93464e-12     0.00                        
  2.20e-11        3.24436e-12     0.00                        
  2.50e-11        3.4585e-12      0.00                        
  2.90e-11        3.72492e-12     0.00                        
  3.40e-11        4.03327e-12     2.26951e-13      #dY:5.6%   
  4.00e-11        4.3747e-12      2.46163e-13      #dY:5.6%   
  4.60e-11        4.69134e-12     2.6398e-13       #dY:5.6%   
  5.40e-11        5.08294e-12     2.86015e-13      #dY:5.6%   
  6.30e-11        5.4902e-12      3.08932e-13      #dY:5.6%   
  7.40e-11        5.95023e-12     3.34817e-13      #dY:5.6%   
  8.60e-11        6.41456e-12     3.60945e-13      #dY:5.6%   
  1.00e-10        6.917e-12       4.54915e-13      #dY:6.6%   
  1.20e-10        7.5772e-12      4.98335e-13      #dY:6.6%   
  1.40e-10        8.18431e-12     5.38263e-13      #dY:6.6%   
  1.60e-10        8.74939e-12     5.75427e-13      #dY:6.6%   
  1.80e-10        9.28013e-12     6.10333e-13      #dY:6.6%   
  2.20e-10        1.02596e-11     6.74751e-13      #dY:6.6%   
  2.50e-10        1.09367e-11     7.19282e-13      #dY:6.6%   
  2.90e-10        1.17792e-11     7.74691e-13      #dY:6.6%   
  3.40e-10        1.27543e-11     8.31685e-13      #dY:6.5%   
  4.00e-10        1.3834e-11      9.0209e-13       #dY:6.5%   
  4.60e-10        1.48353e-11     9.67383e-13      #dY:6.5%   
  5.40e-10        1.60737e-11     1.04814e-12      #dY:6.5%   
  6.30e-10        1.73615e-11     1.13211e-12      #dY:6.5%   
  7.40e-10        1.88163e-11     1.22698e-12      #dY:6.5%   
  8.60e-10        2.02846e-11     1.32272e-12      #dY:6.5%   
  1.00e-9         2.18735e-11     1.42633e-12      #dY:6.5%   
  1.20e-9         2.39612e-11     1.57588e-12      #dY:6.6%   
  1.40e-9         2.5881e-11      1.70214e-12      #dY:6.6%   
  1.60e-9         2.7668e-11      1.81967e-12      #dY:6.6%   
  1.80e-9         2.93463e-11     1.93004e-12      #dY:6.6%   
  2.20e-9         3.24436e-11     2.13375e-12      #dY:6.6%   
  2.50e-9         3.4585e-11      2.27458e-12      #dY:6.6%   
  2.90e-9         3.72492e-11     2.4498e-12       #dY:6.6%   
  3.40e-9         4.03327e-11     2.62999e-12      #dY:6.5%   
  4.00e-9         4.37469e-11     2.85262e-12      #dY:6.5%   
  4.60e-9         4.69134e-11     3.0591e-12       #dY:6.5%   
  5.40e-9         5.08293e-11     3.31444e-12      #dY:6.5%   
  6.30e-9         5.4902e-11      3.58001e-12      #dY:6.5%   
  7.40e-9         5.95023e-11     3.87999e-12      #dY:6.5%   
  8.60e-9         6.41456e-11     4.18276e-12      #dY:6.5%   
  1.00e-8         6.917e-11       4.54916e-12      #dY:6.6%   
  1.20e-8         7.57719e-11     4.98335e-12      #dY:6.6%   
  1.40e-8         8.1843e-11      5.38263e-12      #dY:6.6%   
  1.60e-8         8.74938e-11     5.75427e-12      #dY:6.6%   
  1.80e-8         9.28012e-11     6.10333e-12      #dY:6.6%   
  2.20e-8         1.02596e-10     6.74751e-12      #dY:6.6%   
  2.50e-8         1.09367e-10     7.19282e-12      #dY:6.6%   
  2.90e-8         1.17792e-10     7.74691e-12      #dY:6.6%   
  3.40e-8         1.27543e-10     8.31685e-12      #dY:6.5%   
  4.00e-8         1.3834e-10      9.0209e-12       #dY:6.5%   
  4.60e-8         1.48353e-10     9.67383e-12      #dY:6.5%   
  5.40e-8         1.60736e-10     1.04813e-11      #dY:6.5%   
  6.30e-8         1.73615e-10     1.13211e-11      #dY:6.5%   
  7.40e-8         1.88162e-10     1.22697e-11      #dY:6.5%   
  8.60e-8         2.02846e-10     1.32272e-11      #dY:6.5%   
  1.00e-7         2.18734e-10     1.42632e-11      #dY:6.5%   
  1.20e-7         2.39611e-10     1.57587e-11      #dY:6.6%   
  1.40e-7         2.58809e-10     1.70214e-11      #dY:6.6%   
  1.60e-7         2.76679e-10     1.81966e-11      #dY:6.6%   
  1.80e-7         2.93462e-10     1.93004e-11      #dY:6.6%   
  2.20e-7         3.24434e-10     2.13374e-11      #dY:6.6%   
  2.50e-7         3.45848e-10     2.27457e-11      #dY:6.6%   
  2.90e-7         3.7249e-10      2.44979e-11      #dY:6.6%   
  3.40e-7         4.03324e-10     2.62998e-11      #dY:6.5%   
  4.00e-7         4.37467e-10     2.85262e-11      #dY:6.5%   
  4.60e-7         4.6913e-10      3.05909e-11      #dY:6.5%   
  5.40e-7         5.0829e-10      3.31444e-11      #dY:6.5%   
  6.30e-7         5.49015e-10     3.58e-11         #dY:6.5%   
  7.40e-7         5.95017e-10     3.87997e-11      #dY:6.5%   
  8.60e-7         6.4145e-10      4.18275e-11      #dY:6.5%   
  1.00e-6         6.91692e-10     4.51036e-11      #dY:6.5%   
  1.20e-6         7.5771e-10      4.98333e-11      #dY:6.6%   
  1.40e-6         8.1842e-10      5.38261e-11      #dY:6.6%   
  1.60e-6         8.74927e-10     5.75425e-11      #dY:6.6%   
  1.80e-6         9.27999e-10     6.10329e-11      #dY:6.6%   
  2.20e-6         1.02594e-9      6.74744e-11      #dY:6.6%   
  2.50e-6         1.09365e-9      7.19275e-11      #dY:6.6%   
  2.90e-6         1.1779e-9       7.74685e-11      #dY:6.6%   
  3.40e-6         1.2754e-9       8.31669e-11      #dY:6.5%   
  4.00e-6         1.38337e-9      9.02074e-11      #dY:6.5%   
  4.60e-6         1.48349e-9      9.67361e-11      #dY:6.5%   
  5.40e-6         1.60732e-9      1.04811e-10      #dY:6.5%   
  6.30e-6         1.7361e-9       1.13208e-10      #dY:6.5%   
  7.40e-6         1.88157e-9      1.22694e-10      #dY:6.5%   
  8.60e-6         2.02839e-9      1.32268e-10      #dY:6.5%   
  1.00e-5         2.18726e-9      1.42628e-10      #dY:6.5%   
  1.20e-5         2.39602e-9      1.57586e-10      #dY:6.6%   
  1.40e-5         2.58798e-9      1.70211e-10      #dY:6.6%   
  1.60e-5         2.76666e-9      1.81963e-10      #dY:6.6%   
  1.80e-5         2.93448e-9      1.93001e-10      #dY:6.6%   
  2.20e-5         3.24417e-9      2.13369e-10      #dY:6.6%   
  2.50e-5         3.45828e-9      2.27451e-10      #dY:6.6%   
  2.90e-5         3.72466e-9      2.44971e-10      #dY:6.6%   
  3.40e-5         4.03296e-9      2.62982e-10      #dY:6.5%   
  4.00e-5         4.37432e-9      2.85242e-10      #dY:6.5%   
  4.60e-5         4.6909e-9       3.05885e-10      #dY:6.5%   
  5.40e-5         5.08242e-9      3.31416e-10      #dY:6.5%   
  6.30e-5         5.48958e-9      3.57966e-10      #dY:6.5%   
  7.40e-5         5.94949e-9      3.87956e-10      #dY:6.5%   
  8.60e-5         6.41369e-9      4.18225e-10      #dY:6.5%   
  1.00e-4         6.91596e-9      4.50978e-10      #dY:6.5%   
  1.20e-4         7.57591e-9      4.98272e-10      #dY:6.6%   
  1.40e-4         8.18278e-9      5.38187e-10      #dY:6.6%   
  1.60e-4         8.7476e-9       5.75335e-10      #dY:6.6%   
  1.80e-4         9.27808e-9      6.10225e-10      #dY:6.6%   
  2.20e-4         1.0257e-8       6.74609e-10      #dY:6.6%   
  2.50e-4         1.09337e-8      7.19116e-10      #dY:6.6%   
  2.90e-4         1.17756e-8      7.74489e-10      #dY:6.6%   
  3.40e-4         1.27499e-8      8.31479e-10      #dY:6.5%   
  4.00e-4         1.38286e-8      9.01826e-10      #dY:6.5%   
  4.60e-4         1.48289e-8      9.6706e-10       #dY:6.5%   
  5.40e-4         1.60659e-8      1.04773e-9       #dY:6.5%   
  6.30e-4         1.73521e-8      1.13161e-9       #dY:6.5%   
  7.40e-4         1.88047e-8      1.22634e-9       #dY:6.5%   
  8.60e-4         2.02706e-8      1.32194e-9       #dY:6.5%   
  1.00e-3         2.18564e-8      1.42535e-9       #dY:6.5%   
  1.20e-3         2.39395e-8      1.57312e-9       #dY:6.6%   
  1.40e-3         2.58545e-8      1.69896e-9       #dY:6.6%   
  1.60e-3         2.76363e-8      1.81605e-9       #dY:6.6%   
  1.80e-3         2.93093e-8      1.92599e-9       #dY:6.6%   
  2.20e-3         3.23951e-8      2.12876e-9       #dY:6.6%   
  2.50e-3         3.45273e-8      2.26887e-9       #dY:6.6%   
  2.90e-3         3.71785e-8      2.44309e-9       #dY:6.6%   
  3.40e-3         4.02448e-8      2.62307e-9       #dY:6.5%   
  4.00e-3         4.36369e-8      2.84416e-9       #dY:6.5%   
  4.60e-3         4.67798e-8      3.049e-9         #dY:6.5%   
  5.40e-3         5.06622e-8      3.30205e-9       #dY:6.5%   
  6.30e-3         5.46945e-8      3.56487e-9       #dY:6.5%   
  7.40e-3         5.92418e-8      3.86125e-9       #dY:6.5%   
  8.60e-3         6.38233e-8      4.15986e-9       #dY:6.5%   
  0.01            6.87704e-8      4.4823e-9        #dY:6.5%   
  0.012           7.52531e-8      4.95362e-9       #dY:6.6%   
  0.014           8.11956e-8      5.34479e-9       #dY:6.6%   
  0.016           8.67089e-8      5.70771e-9       #dY:6.6%   
  0.018           9.18705e-8      6.04748e-9       #dY:6.6%   
  0.022           1.0135e-7       6.67148e-9       #dY:6.6%   
  0.025           1.07867e-7      7.10047e-9       #dY:6.6%   
  0.029           1.15929e-7      7.63116e-9       #dY:6.6%   
  0.034           1.25192e-7      8.21628e-9       #dY:6.6%   
  0.04            1.35356e-7      8.88333e-9       #dY:6.6%   
  0.046           1.44688e-7      9.49579e-9       #dY:6.6%   
  0.054           1.56095e-7      1.02444e-8       #dY:6.6%   
  0.063           1.67788e-7      1.10118e-8       #dY:6.6%   
  0.074           1.8077e-7       1.18638e-8       #dY:6.6%   
  0.086           1.93611e-7      1.27066e-8       #dY:6.6%   
  0.1             2.07184e-7      1.35974e-8       #dY:6.6%   
  0.2             2.76951e-7      1.86833e-8       #dY:6.7%   
  0.3             3.19657e-7      2.61199e-8       #dY:8.2%   
  0.4             3.46826e-7      2.83399e-8       #dY:8.2%   
  0.5             3.63333e-7      3.09138e-8       #dY:8.5%   
  0.6             3.72258e-7      3.16732e-8       #dY:8.5%   
  0.7             3.75595e-7      3.46113e-8       #dY:9.2%   
  0.8             3.74681e-7      3.45271e-8       #dY:9.2%   
  0.9             3.70461e-7      3.27836e-8       #dY:8.8%   
  1               3.63626e-7      3.21788e-8       #dY:8.8%   
  1.1             3.54693e-7      2.88578e-8       #dY:8.1%   
  1.2             3.44072e-7      2.79937e-8       #dY:8.1%   
  1.3             3.3223e-7       2.40019e-8       #dY:7.2%   
  1.4             3.19563e-7      2.30868e-8       #dY:7.2%   
  1.5             3.06375e-7      1.86676e-8       #dY:6.1%   
  1.6             2.92907e-7      1.7847e-8        #dY:6.1%   
  1.7             2.79348e-7      1.32476e-8       #dY:4.7%   
  1.8             2.65845e-7      1.26073e-8       #dY:4.7%   
  1.9             2.52515e-7      8.24907e-9       #dY:3.3%   
  2               2.39448e-7      7.82221e-9       #dY:3.3%   
  2.1             2.26713e-7      3.96783e-9       #dY:1.8%   
  2.2             2.14362e-7      3.75167e-9       #dY:1.8%   
  2.3             2.02432e-7      1.12965e-9       #dY:0.6%   
  2.4             1.9095e-7       1.06558e-9       #dY:0.6%   
  2.5             1.79932e-7      3.07648e-9       #dY:1.7%   
  2.6             1.69389e-7      2.89621e-9       #dY:1.7%   
  2.7             1.59323e-7      5.34717e-9       #dY:3.4%   
  2.8             1.49734e-7      5.02534e-9       #dY:3.4%   
  2.9             1.40615e-7      7.08774e-9       #dY:5.0%   
  3               1.31959e-7      6.65143e-9       #dY:5.0%   
  3.1             1.23754e-7      8.35045e-9       #dY:6.7%   
  3.2             1.15987e-7      7.82636e-9       #dY:6.7%   
  3.3             1.08645e-7      9.20914e-9       #dY:8.5%   
  3.4             1.01712e-7      8.62148e-9       #dY:8.5%   
  3.5             9.51721e-8      9.71493e-9       #dY:10.2%  
  3.6             8.90093e-8      9.08584e-9       #dY:10.2%  
  3.7             8.3207e-8       9.97648e-9       #dY:12.0%  
  3.8             7.77488e-8      9.32204e-9       #dY:12.0%  
  3.9             7.26183e-8      9.97137e-9       #dY:13.7%  
  4               6.77992e-8      9.30965e-9       #dY:13.7%  
  4.1             6.32759e-8      9.777e-9         #dY:15.5%  
  4.2             5.90328e-8      9.12138e-9       #dY:15.5%  
  4.3             5.50551e-8      9.44226e-9       #dY:17.2%  
  4.4             5.13283e-8      8.80309e-9       #dY:17.2%  
  4.5             4.78383e-8      9.054e-9         #dY:18.9%  
  4.6             4.4572e-8       8.43581e-9       #dY:18.9%  
  4.7             4.15163e-8      8.58503e-9       #dY:20.7%  
  4.8             3.8659e-8       7.99418e-9       #dY:20.7%  
  4.9             3.59885e-8      8.06371e-9       #dY:22.4%  
  5               3.34935e-8      7.50467e-9       #dY:22.4%  
  5.1             3.11634e-8      7.51394e-9       #dY:24.1%  
  5.2             2.89883e-8      6.9895e-9        #dY:24.1%  
  5.3             2.69584e-8      6.97935e-9       #dY:25.9%  
  5.4             2.50648e-8      6.48911e-9       #dY:25.9%  
  5.5             2.32989e-8      6.41799e-9       #dY:27.5%  
  5.6             2.16527e-8      5.96453e-9       #dY:27.5%  
  5.7             2.01185e-8      5.88944e-9       #dY:29.3%  
  5.8             1.86891e-8      5.471e-9         #dY:29.3%  
  5.9             1.73577e-8      5.37678e-9       #dY:31.0%  
  6               1.6118e-8       4.99277e-9       #dY:31.0%  
  6.1             1.4964e-8       4.88631e-9       #dY:32.7%  
  6.2             1.389e-8        4.53561e-9       #dY:32.7%  
  6.3             1.28907e-8      4.4223e-9        #dY:34.3%  
  6.4             1.19612e-8      4.10342e-9       #dY:34.3%  
  6.5             1.10968e-8      3.99762e-9       #dY:36.0%  
  6.6             1.0293e-8       3.70805e-9       #dY:36.0%  
  6.7             9.54596e-9      3.60046e-9       #dY:37.7%  
  6.8             8.85166e-9      3.33859e-9       #dY:37.7%  
  6.9             8.20655e-9      3.22453e-9       #dY:39.3%  
  7               7.60727e-9      2.98906e-9       #dY:39.3%  
  7.1             7.05067e-9      2.88616e-9       #dY:40.9%  
  7.2             6.53383e-9      2.67459e-9       #dY:40.9%  
  7.3             6.05398e-9      2.57593e-9       #dY:42.5%  
  7.4             5.60856e-9      2.38641e-9       #dY:42.5%  
  7.5             5.19518e-9      2.29759e-9       #dY:44.2%  
  7.6             4.81161e-9      2.12796e-9       #dY:44.2%  
  7.7             4.45575e-9      2.0402e-9        #dY:45.8%  
  7.8             4.12565e-9      1.88905e-9       #dY:45.8%  
  7.9             3.81951e-9      1.80754e-9       #dY:47.3%  
  8               3.53563e-9      1.6732e-9        #dY:47.3%  
  8.1             3.27244e-9      1.60087e-9       #dY:48.9%  
  8.2             3.02846e-9      1.48152e-9       #dY:48.9%  
  8.3             2.80232e-9      1.41492e-9       #dY:50.5%  
  8.4             2.59276e-9      1.30911e-9       #dY:50.5%  
  8.5             2.39859e-9      1.24807e-9       #dY:52.0%  
  8.6             2.2187e-9       1.15447e-9       #dY:52.0%  
  8.7             2.05206e-9      1.09891e-9       #dY:53.6%  
  8.8             1.89772e-9      1.01626e-9       #dY:53.6%  
  8.9             1.7548e-9       9.65879e-10      #dY:55.0%  
  9               1.62246e-9      8.93036e-10      #dY:55.0%  
  9.1             1.49994e-9      8.47532e-10      #dY:56.5%  
  9.2             1.38652e-9      7.83444e-10      #dY:56.5%  
  9.3             1.28155e-9      7.43637e-10      #dY:58.0%  
  9.4             1.1844e-9       6.87264e-10      #dY:58.0%  
  9.5             1.0945e-9       6.51404e-10      #dY:59.5%  
  9.6             1.01132e-9      6.01899e-10      #dY:59.5%  
  9.7             9.34369e-10     5.69044e-10      #dY:60.9%  
  9.8             8.63189e-10     5.25694e-10      #dY:60.9%  
  9.9             7.97354e-10     4.97077e-10      #dY:62.3%  
  10              7.36469e-10     4.59121e-10      #dY:62.3%  
  10.1            6.80169e-10     4.33637e-10      #dY:63.8%  
  10.2            6.28114e-10     4.0045e-10       #dY:63.8%  
  10.3            5.7999e-10      3.77803e-10      #dY:65.1%  
  10.4            5.35503e-10     3.48825e-10      #dY:65.1%  
  10.5            4.94384e-10     3.2877e-10       #dY:66.5%  
  10.6            4.56381e-10     3.03497e-10      #dY:66.5%  
  10.7            4.21263e-10     2.86095e-10      #dY:67.9%  
  10.8            3.88813e-10     2.64057e-10      #dY:67.9%  
  10.9            3.58832e-10     2.48379e-10      #dY:69.2%  
  11              3.31134e-10     2.29207e-10      #dY:69.2%  
  11.1            3.05548e-10     2.15649e-10      #dY:70.6%  
  11.2            2.81916e-10     1.9897e-10       #dY:70.6%  
  11.3            2.6009e-10      1.86829e-10      #dY:71.8%  
  11.4            2.39934e-10     1.7235e-10       #dY:71.8%  
  11.5            2.21323e-10     1.61877e-10      #dY:73.1%  
  11.6            2.04138e-10     1.49308e-10      #dY:73.1%  
  11.7            1.88273e-10     1.40109e-10      #dY:74.4%  
  11.8            1.73628e-10     1.29211e-10      #dY:74.4%  
  11.9            1.60109e-10     1.2116e-10       #dY:75.7%  
  12              1.47631e-10     1.11718e-10      #dY:75.7%  
  12.1            1.36116e-10     1.05085e-10      #dY:77.2%  
  12.2            1.25489e-10     9.68806e-11      #dY:77.2%  
  12.3            1.15684e-10     9.03499e-11      #dY:78.1%  
  12.4            1.06636e-10     8.32833e-11      #dY:78.1%  
  12.5            9.82893e-11     7.76282e-11      #dY:79.0%  
  12.6            9.05891e-11     7.15466e-11      #dY:79.0%  
  12.7            8.34862e-11     6.72692e-11      #dY:80.6%  
  12.8            7.69348e-11     6.19904e-11      #dY:80.6%  
  12.9            7.08924e-11     5.77105e-11      #dY:81.4%  
  13              6.53201e-11     5.31743e-11      #dY:81.4%  
  13.1            6.01816e-11     4.99173e-11      #dY:82.9%  
  13.2            5.54435e-11     4.59874e-11      #dY:82.9%  
  13.3            5.1075e-11      4.2765e-11       #dY:83.7%  
  13.4            4.70475e-11     3.93928e-11      #dY:83.7%  
  13.5            4.33347e-11     3.69261e-11      #dY:85.2%  
  13.6            3.99123e-11     3.40098e-11      #dY:85.2%  
  13.7            3.67577e-11     3.15937e-11      #dY:86.0%  
  13.8            3.38503e-11     2.90947e-11      #dY:86.0%  
  13.9            3.11708e-11     2.7236e-11       #dY:87.4%  
  14              2.87016e-11     2.50785e-11      #dY:87.4%  
  14.1            2.64263e-11     2.3274e-11       #dY:88.1%  
  14.2            2.43298e-11     2.14276e-11      #dY:88.1%  
  14.3            2.23983e-11     2.00331e-11      #dY:89.4%  
  14.4            2.06189e-11     1.84416e-11      #dY:89.4%  
  14.5            1.89796e-11     1.70998e-11      #dY:90.1%  
  14.6            1.74696e-11     1.57394e-11      #dY:90.1%  
  14.7            1.60788e-11     1.46984e-11      #dY:91.4%  
  14.8            1.47978e-11     1.35274e-11      #dY:91.4%  
  14.9            1.3618e-11      1.25313e-11      #dY:92.0%  
  15              1.25316e-11     1.15316e-11      #dY:92.0%  
  15.1            1.15312e-11     1.0757e-11       #dY:93.3%  
  15.2            1.061e-11       9.89763e-12      #dY:93.3%  
  15.3            9.76183e-12     9.22694e-12      #dY:94.5%  
  15.4            8.98096e-12     8.48885e-12      #dY:94.5%  
  15.5            8.26208e-12     7.85464e-12      #dY:95.1%  
  15.6            7.60032e-12     7.22551e-12      #dY:95.1%  
  15.7            6.99118e-12     6.7291e-12       #dY:96.3%  
  15.8            6.43049e-12     6.18943e-12      #dY:96.3%  
  15.9            5.91445e-12     5.72272e-12      #dY:96.8%  
  16              5.43952e-12     5.26318e-12      #dY:96.8%  
  16.1            5.00245e-12     4.89714e-12      #dY:97.9%  
  16.2            4.60026e-12     4.50342e-12      #dY:97.9%  
  16.3            4.23018e-12     4.18792e-12      #dY:99.0%  
  16.4            3.88966e-12     3.8508e-12       #dY:99.0%  
  16.5            3.57636e-12     3.55664e-12      #dY:99.4%  
  16.6            3.28812e-12     3.26999e-12      #dY:99.4%  
  16.7            3.02296e-12     3.03821e-12      #dY:100.5% 
  16.8            2.77904e-12     2.79306e-12      #dY:100.5% 
  16.9            2.55467e-12     2.59394e-12      #dY:101.5% 
  17              2.34829e-12     2.38439e-12      #dY:101.5% 
  17.1            2.15848e-12     2.20009e-12      #dY:101.9% 
  17.2            1.98391e-12     2.02215e-12      #dY:101.9% 
  17.3            1.82336e-12     1.87642e-12      #dY:102.9% 
  17.4            1.67573e-12     1.72449e-12      #dY:102.9% 
  17.5            1.53997e-12     1.59959e-12      #dY:103.9% 
  17.6            1.41514e-12     1.46993e-12      #dY:103.9% 
  17.7            1.30037e-12     1.35505e-12      #dY:104.2% 
  17.8            1.19485e-12     1.24509e-12      #dY:104.2% 
  17.9            1.09783e-12     1.15403e-12      #dY:105.1% 
  18              1.00865e-12     1.06029e-12      #dY:105.1% 
  18.1            9.26668e-13     9.8237e-13       #dY:106.0% 
  18.2            8.51309e-13     9.02482e-13      #dY:106.0% 
  18.3            7.82041e-13     8.31235e-13      #dY:106.3% 
  18.4            7.18376e-13     7.63565e-13      #dY:106.3% 
  18.5            6.59864e-13     7.06957e-13      #dY:107.1% 
  18.6            6.06089e-13     6.49344e-13      #dY:107.1% 
  18.7            5.56672e-13     6.00985e-13      #dY:108.0% 
  18.8            5.1126e-13      5.51958e-13      #dY:108.0% 
  18.9            4.69532e-13     5.07985e-13      #dY:108.2% 
  19              4.3119e-13      4.66503e-13      #dY:108.2% 
  19.1            3.95962e-13     4.3148e-13       #dY:109.0% 
  19.2            3.63595e-13     3.9621e-13       #dY:109.0% 
  19.3            3.3386e-13      3.66345e-13      #dY:109.7% 
  19.4            3.06543e-13     3.3637e-13       #dY:109.7% 
  19.5            2.81449e-13     3.10902e-13      #dY:110.5% 
  19.6            2.58398e-13     2.85439e-13      #dY:110.5% 
  19.7            2.37225e-13     2.63742e-13      #dY:111.2% 
  19.8            2.17777e-13     2.4212e-13       #dY:111.2% 
  19.9            1.99915e-13     2.22553e-13      #dY:111.3% 
  20              1.83511e-13     2.04291e-13      #dY:111.3% 
  20.2            0.00            0.00                        
//
#-------------------------------------------------------------------------------
#
#name:   JENDL-4.0: TH-232(N,F) E_in=2.5 MeV
#X.axis: Energy
#Y.axis: 
#wdata:  3
#ldata:  352
#data...
# X               Y               +-dY           
# MeV             1/eV            1/eV           
  0.00            0.00            0.00                        
  1.00e-11        2.16975e-12     0.00                        
  1.20e-11        2.37684e-12     0.00                        
  1.40e-11        2.56728e-12     0.00                        
  1.60e-11        2.74454e-12     0.00                        
  1.80e-11        2.91102e-12     0.00                        
  2.20e-11        3.21826e-12     0.00                        
  2.50e-11        3.43067e-12     0.00                        
  2.90e-11        3.69495e-12     0.00                        
  3.40e-11        4.00082e-12     2.26951e-13      #dY:5.7%   
  4.00e-11        4.33949e-12     2.46162e-13      #dY:5.7%   
  4.60e-11        4.65359e-12     2.6398e-13       #dY:5.7%   
  5.40e-11        5.04204e-12     2.86015e-13      #dY:5.7%   
  6.30e-11        5.44602e-12     3.08931e-13      #dY:5.7%   
  7.40e-11        5.90235e-12     3.34817e-13      #dY:5.7%   
  8.60e-11        6.36295e-12     3.60945e-13      #dY:5.7%   
  1.00e-10        6.86134e-12     4.54915e-13      #dY:6.6%   
  1.20e-10        7.51622e-12     4.98335e-13      #dY:6.6%   
  1.40e-10        8.11845e-12     5.38263e-13      #dY:6.6%   
  1.60e-10        8.67899e-12     5.75428e-13      #dY:6.6%   
  1.80e-10        9.20546e-12     6.10333e-13      #dY:6.6%   
  2.20e-10        1.0177e-11      6.74748e-13      #dY:6.6%   
  2.50e-10        1.08487e-11     7.19282e-13      #dY:6.6%   
  2.90e-10        1.16844e-11     7.7469e-13       #dY:6.6%   
  3.40e-10        1.26517e-11     8.31687e-13      #dY:6.6%   
  4.00e-10        1.37227e-11     9.02092e-13      #dY:6.6%   
  4.60e-10        1.47159e-11     9.67382e-13      #dY:6.6%   
  5.40e-10        1.59443e-11     1.04813e-12      #dY:6.6%   
  6.30e-10        1.72218e-11     1.13211e-12      #dY:6.6%   
  7.40e-10        1.86649e-11     1.22698e-12      #dY:6.6%   
  8.60e-10        2.01214e-11     1.32272e-12      #dY:6.6%   
  1.00e-9         2.16975e-11     1.42633e-12      #dY:6.6%   
  1.20e-9         2.37684e-11     1.57588e-12      #dY:6.6%   
  1.40e-9         2.56728e-11     1.70214e-12      #dY:6.6%   
  1.60e-9         2.74454e-11     1.81967e-12      #dY:6.6%   
  1.80e-9         2.91102e-11     1.93005e-12      #dY:6.6%   
  2.20e-9         3.21825e-11     2.13374e-12      #dY:6.6%   
  2.50e-9         3.43067e-11     2.27458e-12      #dY:6.6%   
  2.90e-9         3.69494e-11     2.4498e-12       #dY:6.6%   
  3.40e-9         4.00081e-11     2.62999e-12      #dY:6.6%   
  4.00e-9         4.33949e-11     2.85262e-12      #dY:6.6%   
  4.60e-9         4.65359e-11     3.0591e-12       #dY:6.6%   
  5.40e-9         5.04203e-11     3.31444e-12      #dY:6.6%   
  6.30e-9         5.44602e-11     3.58001e-12      #dY:6.6%   
  7.40e-9         5.90235e-11     3.87999e-12      #dY:6.6%   
  8.60e-9         6.36294e-11     4.18276e-12      #dY:6.6%   
  1.00e-8         6.86134e-11     4.54916e-12      #dY:6.6%   
  1.20e-8         7.51622e-11     4.98335e-12      #dY:6.6%   
  1.40e-8         8.11844e-11     5.38263e-12      #dY:6.6%   
  1.60e-8         8.67898e-11     5.75427e-12      #dY:6.6%   
  1.80e-8         9.20545e-11     6.10333e-12      #dY:6.6%   
  2.20e-8         1.0177e-10      6.74748e-12      #dY:6.6%   
  2.50e-8         1.08487e-10     7.19283e-12      #dY:6.6%   
  2.90e-8         1.16844e-10     7.74691e-12      #dY:6.6%   
  3.40e-8         1.26517e-10     8.31687e-12      #dY:6.6%   
  4.00e-8         1.37227e-10     9.02092e-12      #dY:6.6%   
  4.60e-8         1.47159e-10     9.67382e-12      #dY:6.6%   
  5.40e-8         1.59443e-10     1.04813e-11      #dY:6.6%   
  6.30e-8         1.72218e-10     1.13211e-11      #dY:6.6%   
  7.40e-8         1.86648e-10     1.22697e-11      #dY:6.6%   
  8.60e-8         2.01213e-10     1.32272e-11      #dY:6.6%   
  1.00e-7         2.16974e-10     1.42633e-11      #dY:6.6%   
  1.20e-7         2.37683e-10     1.57588e-11      #dY:6.6%   
  1.40e-7         2.56727e-10     1.70214e-11      #dY:6.6%   
  1.60e-7         2.74453e-10     1.81967e-11      #dY:6.6%   
  1.80e-7         2.91101e-10     1.93005e-11      #dY:6.6%   
  2.20e-7         3.21824e-10     2.13374e-11      #dY:6.6%   
  2.50e-7         3.43065e-10     2.27457e-11      #dY:6.6%   
  2.90e-7         3.69492e-10     2.44979e-11      #dY:6.6%   
  3.40e-7         4.00079e-10     2.62998e-11      #dY:6.6%   
  4.00e-7         4.33946e-10     2.85261e-11      #dY:6.6%   
  4.60e-7         4.65355e-10     3.05909e-11      #dY:6.6%   
  5.40e-7         5.042e-10       3.31444e-11      #dY:6.6%   
  6.30e-7         5.44597e-10     3.58e-11         #dY:6.6%   
  7.40e-7         5.90229e-10     3.87997e-11      #dY:6.6%   
  8.60e-7         6.36288e-10     4.18274e-11      #dY:6.6%   
  1.00e-6         6.86127e-10     4.51037e-11      #dY:6.6%   
  1.20e-6         7.51613e-10     4.98333e-11      #dY:6.6%   
  1.40e-6         8.11834e-10     5.38261e-11      #dY:6.6%   
  1.60e-6         8.67886e-10     5.75424e-11      #dY:6.6%   
  1.80e-6         9.20532e-10     6.1033e-11       #dY:6.6%   
  2.20e-6         1.01768e-9      6.74741e-11      #dY:6.6%   
  2.50e-6         1.08485e-9      7.19276e-11      #dY:6.6%   
  2.90e-6         1.16842e-9      7.74684e-11      #dY:6.6%   
  3.40e-6         1.26514e-9      8.31671e-11      #dY:6.6%   
  4.00e-6         1.37224e-9      9.02076e-11      #dY:6.6%   
  4.60e-6         1.47156e-9      9.67367e-11      #dY:6.6%   
  5.40e-6         1.59439e-9      1.04811e-10      #dY:6.6%   
  6.30e-6         1.72213e-9      1.13208e-10      #dY:6.6%   
  7.40e-6         1.86643e-9      1.22694e-10      #dY:6.6%   
  8.60e-6         2.01207e-9      1.32268e-10      #dY:6.6%   
  1.00e-5         2.16966e-9      1.42628e-10      #dY:6.6%   
  1.20e-5         2.37674e-9      1.57586e-10      #dY:6.6%   
  1.40e-5         2.56716e-9      1.70211e-10      #dY:6.6%   
  1.60e-5         2.7444e-9       1.81963e-10      #dY:6.6%   
  1.80e-5         2.91087e-9      1.93001e-10      #dY:6.6%   
  2.20e-5         3.21806e-9      2.13368e-10      #dY:6.6%   
  2.50e-5         3.43045e-9      2.27451e-10      #dY:6.6%   
  2.90e-5         3.69469e-9      2.44971e-10      #dY:6.6%   
  3.40e-5         4.00051e-9      2.62982e-10      #dY:6.6%   
  4.00e-5         4.33913e-9      2.85242e-10      #dY:6.6%   
  4.60e-5         4.65316e-9      3.05886e-10      #dY:6.6%   
  5.40e-5         5.04153e-9      3.31416e-10      #dY:6.6%   
  6.30e-5         5.44542e-9      3.57967e-10      #dY:6.6%   
  7.40e-5         5.90163e-9      3.87957e-10      #dY:6.6%   
  8.60e-5         6.36209e-9      4.18226e-10      #dY:6.6%   
  1.00e-4         6.86032e-9      4.50978e-10      #dY:6.6%   
  1.20e-4         7.51497e-9      4.98273e-10      #dY:6.6%   
  1.40e-4         8.11695e-9      5.38187e-10      #dY:6.6%   
  1.60e-4         8.67724e-9      5.75336e-10      #dY:6.6%   
  1.80e-4         9.20344e-9      6.10225e-10      #dY:6.6%   
  2.20e-4         1.01745e-8      6.74611e-10      #dY:6.6%   
  2.50e-4         1.08458e-8      7.19121e-10      #dY:6.6%   
  2.90e-4         1.16809e-8      7.74491e-10      #dY:6.6%   
  3.40e-4         1.26474e-8      8.31481e-10      #dY:6.6%   
  4.00e-4         1.37174e-8      9.01827e-10      #dY:6.6%   
  4.60e-4         1.47097e-8      9.67064e-10      #dY:6.6%   
  5.40e-4         1.59367e-8      1.04773e-9       #dY:6.6%   
  6.30e-4         1.72125e-8      1.13161e-9       #dY:6.6%   
  7.40e-4         1.86534e-8      1.22634e-9       #dY:6.6%   
  8.60e-4         2.01075e-8      1.32193e-9       #dY:6.6%   
  1.00e-3         2.16806e-8      1.42535e-9       #dY:6.6%   
  1.20e-3         2.3747e-8       1.57313e-9       #dY:6.6%   
  1.40e-3         2.56466e-8      1.69897e-9       #dY:6.6%   
  1.60e-3         2.74141e-8      1.81606e-9       #dY:6.6%   
  1.80e-3         2.90736e-8      1.92599e-9       #dY:6.6%   
  2.20e-3         3.21346e-8      2.12877e-9       #dY:6.6%   
  2.50e-3         3.42496e-8      2.26888e-9       #dY:6.6%   
  2.90e-3         3.68796e-8      2.4431e-9        #dY:6.6%   
  3.40e-3         3.99212e-8      2.62307e-9       #dY:6.6%   
  4.00e-3         4.3286e-8       2.84416e-9       #dY:6.6%   
  4.60e-3         4.64036e-8      3.049e-9         #dY:6.6%   
  5.40e-3         5.02548e-8      3.30205e-9       #dY:6.6%   
  6.30e-3         5.42546e-8      3.56486e-9       #dY:6.6%   
  7.40e-3         5.87653e-8      3.86124e-9       #dY:6.6%   
  8.60e-3         6.33099e-8      4.15985e-9       #dY:6.6%   
  0.01            6.82171e-8      4.48228e-9       #dY:6.6%   
  0.012           7.46476e-8      4.95361e-9       #dY:6.6%   
  0.014           8.0542e-8       5.34476e-9       #dY:6.6%   
  0.016           8.60108e-8      5.70767e-9       #dY:6.6%   
  0.018           9.11307e-8      6.04742e-9       #dY:6.6%   
  0.022           1.00534e-7      6.67142e-9       #dY:6.6%   
  0.025           1.06998e-7      7.10037e-9       #dY:6.6%   
  0.029           1.14994e-7      7.63099e-9       #dY:6.6%   
  0.034           1.24182e-7      8.21618e-9       #dY:6.6%   
  0.04            1.34263e-7      8.88316e-9       #dY:6.6%   
  0.046           1.43519e-7      9.49556e-9       #dY:6.6%   
  0.054           1.54833e-7      1.02441e-8       #dY:6.6%   
  0.063           1.6643e-7       1.10114e-8       #dY:6.6%   
  0.074           1.79305e-7      1.18632e-8       #dY:6.6%   
  0.086           1.9204e-7       1.27058e-8       #dY:6.6%   
  0.1             2.05501e-7      1.35964e-8       #dY:6.6%   
  0.2             2.74696e-7      1.86825e-8       #dY:6.8%   
  0.3             3.17077e-7      2.61215e-8       #dY:8.2%   
  0.4             3.44081e-7      2.83462e-8       #dY:8.2%   
  0.5             3.60546e-7      3.09255e-8       #dY:8.6%   
  0.6             3.69511e-7      3.16944e-8       #dY:8.6%   
  0.7             3.72946e-7      3.46323e-8       #dY:9.3%   
  0.8             3.72169e-7      3.45602e-8       #dY:9.3%   
  0.9             3.68114e-7      3.28071e-8       #dY:8.9%   
  1               3.61466e-7      3.22147e-8       #dY:8.9%   
  1.1             3.52737e-7      2.88816e-8       #dY:8.2%   
  1.2             3.42333e-7      2.80297e-8       #dY:8.2%   
  1.3             3.30713e-7      2.40248e-8       #dY:7.3%   
  1.4             3.18268e-7      2.31207e-8       #dY:7.3%   
  1.5             3.05298e-7      1.86873e-8       #dY:6.1%   
  1.6             2.9204e-7       1.78758e-8       #dY:6.1%   
  1.7             2.78679e-7      1.32626e-8       #dY:4.8%   
  1.8             2.65363e-7      1.26289e-8       #dY:4.8%   
  1.9             2.52207e-7      8.25887e-9       #dY:3.3%   
  2               2.39301e-7      7.83625e-9       #dY:3.3%   
  2.1             2.26713e-7      3.97272e-9       #dY:1.8%   
  2.2             2.14496e-7      3.75864e-9       #dY:1.8%   
  2.3             2.02686e-7      1.13109e-9       #dY:0.6%   
  2.4             1.91312e-7      1.06762e-9       #dY:0.6%   
  2.5             1.8039e-7       3.08049e-9       #dY:1.7%   
  2.6             1.69931e-7      2.90188e-9       #dY:1.7%   
  2.7             1.59938e-7      5.35428e-9       #dY:3.3%   
  2.8             1.50412e-7      5.03537e-9       #dY:3.3%   
  2.9             1.41347e-7      7.09737e-9       #dY:5.0%   
  3               1.32735e-7      6.66494e-9       #dY:5.0%   
  3.1             1.24567e-7      8.36196e-9       #dY:6.7%   
  3.2             1.16829e-7      7.84252e-9       #dY:6.7%   
  3.3             1.0951e-7       9.22208e-9       #dY:8.4%   
  3.4             1.02593e-7      8.63959e-9       #dY:8.4%   
  3.5             9.60636e-8      9.7287e-9        #dY:10.1%  
  3.6             8.99064e-8      9.10514e-9       #dY:10.1%  
  3.7             8.41054e-8      9.99083e-9       #dY:11.9%  
  3.8             7.86443e-8      9.34211e-9       #dY:11.9%  
  3.9             7.35074e-8      9.98588e-9       #dY:13.6%  
  4               6.86789e-8      9.32993e-9       #dY:13.6%  
  4.1             6.41433e-8      9.79137e-9       #dY:15.3%  
  4.2             5.98858e-8      9.14147e-9       #dY:15.3%  
  4.3             5.58915e-8      9.4563e-9        #dY:16.9%  
  4.4             5.21464e-8      8.82266e-9       #dY:16.9%  
  4.5             4.86368e-8      9.0676e-9        #dY:18.6%  
  4.6             4.53496e-8      8.45475e-9       #dY:18.6%  
  4.7             4.22721e-8      8.59803e-9       #dY:20.3%  
  4.8             3.93924e-8      8.01231e-9       #dY:20.3%  
  4.9             3.66988e-8      8.07605e-9       #dY:22.0%  
  5               3.41804e-8      7.52184e-9       #dY:22.0%  
  5.1             3.18267e-8      7.52554e-9       #dY:23.6%  
  5.2             2.96278e-8      7.0056e-9        #dY:23.6%  
  5.3             2.75742e-8      6.99019e-9       #dY:25.4%  
  5.4             2.56571e-8      6.50419e-9       #dY:25.4%  
  5.5             2.38678e-8      6.42805e-9       #dY:26.9%  
  5.6             2.21986e-8      5.9785e-9        #dY:26.9%  
  5.7             2.06417e-8      5.89873e-9       #dY:28.6%  
  5.8             1.91901e-8      5.48391e-9       #dY:28.6%  
  5.9             1.7837e-8       5.38535e-9       #dY:30.2%  
  6               1.6576e-8       5.00463e-9       #dY:30.2%  
  6.1             1.54013e-8      4.89411e-9       #dY:31.8%  
  6.2             1.43072e-8      4.54644e-9       #dY:31.8%  
  6.3             1.32884e-8      4.42942e-9       #dY:33.3%  
  6.4             1.234e-8        4.11329e-9       #dY:33.3%  
  6.5             1.14574e-8      4.00412e-9       #dY:34.9%  
  6.6             1.0636e-8       3.71705e-9       #dY:34.9%  
  6.7             9.87197e-9      3.60634e-9       #dY:36.5%  
  6.8             9.16133e-9      3.34673e-9       #dY:36.5%  
  6.9             8.5005e-9       3.22983e-9       #dY:38.0%  
  7               7.88614e-9      2.9964e-9        #dY:38.0%  
  7.1             7.31507e-9      2.89093e-9       #dY:39.5%  
  7.2             6.78436e-9      2.68119e-9       #dY:39.5%  
  7.3             6.29124e-9      2.58021e-9       #dY:41.0%  
  7.4             5.83314e-9      2.39233e-9       #dY:41.0%  
  7.5             5.40764e-9      2.30143e-9       #dY:42.6%  
  7.6             5.0125e-9       2.13326e-9       #dY:42.6%  
  7.7             4.64561e-9      2.04362e-9       #dY:44.0%  
  7.8             4.30501e-9      1.89379e-9       #dY:44.0%  
  7.9             3.98887e-9      1.8106e-9        #dY:45.4%  
  8               3.69547e-9      1.67742e-9       #dY:45.4%  
  8.1             3.42323e-9      1.60359e-9       #dY:46.8%  
  8.2             3.17065e-9      1.48527e-9       #dY:46.8%  
  8.3             2.93636e-9      1.41734e-9       #dY:48.3%  
  8.4             2.71905e-9      1.31244e-9       #dY:48.3%  
  8.5             2.51754e-9      1.25021e-9       #dY:49.7%  
  8.6             2.33069e-9      1.15742e-9       #dY:49.7%  
  8.7             2.15746e-9      1.1008e-9        #dY:51.0%  
  8.8             1.99689e-9      1.01888e-9       #dY:51.0%  
  8.9             1.84807e-9      9.67552e-10      #dY:52.4%  
  9               1.71015e-9      8.95345e-10      #dY:52.4%  
  9.1             1.58235e-9      8.49001e-10      #dY:53.7%  
  9.2             1.46395e-9      7.85474e-10      #dY:53.7%  
  9.3             1.35428e-9      7.44936e-10      #dY:55.0%  
  9.4             1.25268e-9      6.8905e-10       #dY:55.0%  
  9.5             1.1586e-9       6.52546e-10      #dY:56.3%  
  9.6             1.07147e-9      6.03473e-10      #dY:56.3%  
  9.7             9.908e-10       5.70047e-10      #dY:57.5%  
  9.8             9.16113e-10     5.27077e-10      #dY:57.5%  
  9.9             8.46975e-10     4.97956e-10      #dY:58.8%  
  10              7.82982e-10     4.60333e-10      #dY:58.8%  
  10.1            7.23755e-10     4.34406e-10      #dY:60.0%  
  10.2            6.68947e-10     4.0151e-10       #dY:60.0%  
  10.3            6.18234e-10     3.78476e-10      #dY:61.2%  
  10.4            5.71314e-10     3.49752e-10      #dY:61.2%  
  10.5            5.27907e-10     3.29357e-10      #dY:62.4%  
  10.6            4.87756e-10     3.04307e-10      #dY:62.4%  
  10.7            4.5062e-10      2.86608e-10      #dY:63.6%  
  10.8            4.16275e-10     2.64764e-10      #dY:63.6%  
  10.9            3.84516e-10     2.48827e-10      #dY:64.7%  
  11              3.55149e-10     2.29823e-10      #dY:64.7%  
  11.1            3.27999e-10     2.16039e-10      #dY:65.9%  
  11.2            3.02899e-10     1.99507e-10      #dY:65.9%  
  11.3            2.79697e-10     1.87168e-10      #dY:66.9%  
  11.4            2.58252e-10     1.72817e-10      #dY:66.9%  
  11.5            2.38432e-10     1.62171e-10      #dY:68.0%  
  11.6            2.20116e-10     1.49714e-10      #dY:68.0%  
  11.7            2.03191e-10     1.40365e-10      #dY:69.1%  
  11.8            1.87553e-10     1.29562e-10      #dY:69.1%  
  11.9            1.73105e-10     1.21382e-10      #dY:70.1%  
  12              1.59759e-10     1.12024e-10      #dY:70.1%  
  12.1            1.4743e-10      1.05278e-10      #dY:71.4%  
  12.2            1.36043e-10     9.71467e-11      #dY:71.4%  
  12.3            1.25526e-10     9.05161e-11      #dY:72.1%  
  12.4            1.15813e-10     8.35121e-11      #dY:72.1%  
  12.5            1.06845e-10     7.77718e-11      #dY:72.8%  
  12.6            9.85639e-11     7.1744e-11       #dY:72.8%  
  12.7            9.09183e-11     6.73939e-11      #dY:74.1%  
  12.8            8.38599e-11     6.21618e-11      #dY:74.1%  
  12.9            7.73442e-11     5.78179e-11      #dY:74.8%  
  13              7.13298e-11     5.33219e-11      #dY:74.8%  
  13.1            6.57787e-11     5.00105e-11      #dY:76.0%  
  13.2            6.06554e-11     4.61153e-11      #dY:76.0%  
  13.3            5.59275e-11     4.2845e-11       #dY:76.6%  
  13.4            5.15647e-11     3.95027e-11      #dY:76.6%  
  13.5            4.75391e-11     3.69954e-11      #dY:77.8%  
  13.6            4.3825e-11      3.41051e-11      #dY:77.8%  
  13.7            4.03984e-11     3.16531e-11      #dY:78.4%  
  13.8            3.72374e-11     2.91764e-11      #dY:78.4%  
  13.9            3.43215e-11     2.72874e-11      #dY:79.5%  
  14              3.1632e-11      2.51491e-11      #dY:79.5%  
  14.1            2.91514e-11     2.3318e-11       #dY:80.0%  
  14.2            2.68636e-11     2.1488e-11       #dY:80.0%  
  14.3            2.4754e-11      2.00711e-11      #dY:81.1%  
  14.4            2.28085e-11     1.84937e-11      #dY:81.1%  
  14.5            2.10148e-11     1.71323e-11      #dY:81.5%  
  14.6            1.93609e-11     1.5784e-11       #dY:81.5%  
  14.7            1.78361e-11     1.47264e-11      #dY:82.6%  
  14.8            1.64305e-11     1.35658e-11      #dY:82.6%  
  14.9            1.51347e-11     1.25553e-11      #dY:83.0%  
  15              1.39404e-11     1.15645e-11      #dY:83.0%  
  15.1            1.28395e-11     1.07776e-11      #dY:83.9%  
  15.2            1.18249e-11     9.92589e-12      #dY:83.9%  
  15.3            1.08899e-11     9.24469e-12      #dY:84.9%  
  15.4            1.00282e-11     8.51318e-12      #dY:84.9%  
  15.5            9.23421e-12     7.86976e-12      #dY:85.2%  
  15.6            8.50261e-12     7.24626e-12      #dY:85.2%  
  15.7            7.82854e-12     6.74208e-12      #dY:86.1%  
  15.8            7.20751e-12     6.20724e-12      #dY:86.1%  
  15.9            6.63539e-12     5.73378e-12      #dY:86.4%  
  16              6.10836e-12     5.27836e-12      #dY:86.4%  
  16.1            5.62289e-12     4.90664e-12      #dY:87.3%  
  16.2            5.17573e-12     4.51644e-12      #dY:87.3%  
  16.3            4.76387e-12     4.19604e-12      #dY:88.1%  
  16.4            4.38457e-12     3.86195e-12      #dY:88.1%  
  16.5            4.03525e-12     3.56356e-12      #dY:88.3%  
  16.6            3.71357e-12     3.27948e-12      #dY:88.3%  
  16.7            3.41736e-12     3.04414e-12      #dY:89.1%  
  16.8            3.14462e-12     2.80118e-12      #dY:89.1%  
  16.9            2.8935e-12      2.599e-12        #dY:89.8%  
  17              2.6623e-12      2.39134e-12      #dY:89.8%  
  17.1            2.44945e-12     2.20439e-12      #dY:90.0%  
  17.2            2.25351e-12     2.02805e-12      #dY:90.0%  
  17.3            2.07314e-12     1.88011e-12      #dY:90.7%  
  17.4            1.90712e-12     1.72955e-12      #dY:90.7%  
  17.5            1.7543e-12      1.60274e-12      #dY:91.4%  
  17.6            1.61365e-12     1.47424e-12      #dY:91.4%  
  17.7            1.48421e-12     1.35771e-12      #dY:91.5%  
  17.8            1.36509e-12     1.24875e-12      #dY:91.5%  
  17.9            1.25547e-12     1.15632e-12      #dY:92.1%  
  18              1.15459e-12     1.06341e-12      #dY:92.1%  
  18.1            1.06178e-12     9.84314e-13      #dY:92.7%  
  18.2            9.76375e-13     9.0514e-13       #dY:92.7%  
  18.3            8.97802e-13     8.32881e-13      #dY:92.8%  
  18.4            8.25514e-13     7.65821e-13      #dY:92.8%  
  18.5            7.59012e-13     7.0836e-13       #dY:93.3%  
  18.6            6.97836e-13     6.51266e-13      #dY:93.3%  
  18.7            6.41562e-13     6.0218e-13       #dY:93.9%  
  18.8            5.89799e-13     5.53594e-13      #dY:93.9%  
  18.9            5.42189e-13     5.08997e-13      #dY:93.9%  
  19              4.98401e-13     4.67889e-13      #dY:93.9%  
  19.1            4.58128e-13     4.32341e-13      #dY:94.4%  
  19.2            4.21092e-13     3.9739e-13       #dY:94.4%  
  19.3            3.87033e-13     3.67078e-13      #dY:94.8%  
  19.4            3.55713e-13     3.37373e-13      #dY:94.8%  
  19.5            3.26914e-13     3.11524e-13      #dY:95.3%  
  19.6            3.00434e-13     2.86291e-13      #dY:95.3%  
  19.7            2.76087e-13     2.6427e-13       #dY:95.7%  
  19.8            2.53703e-13     2.42844e-13      #dY:95.7%  
  19.9            2.33124e-13     2.23001e-13      #dY:95.7%  
  20              2.14205e-13     2.04903e-13      #dY:95.7%  
  20.2            0.00            0.00                        
//
#-------------------------------------------------------------------------------
#
#name:   JENDL-4.0: TH-232(N,F) E_in=3. MeV
#X.axis: Energy
#Y.axis: 
#wdata:  3
#ldata:  352
#data...
# X               Y               +-dY           
# MeV             1/eV            1/eV           
  0.00            0.00            0.00                        
  1.00e-11        2.15258e-12     0.00                        
  1.20e-11        2.35803e-12     0.00                        
  1.40e-11        2.54697e-12     0.00                        
  1.60e-11        2.72282e-12     0.00                        
  1.80e-11        2.88799e-12     0.00                        
  2.20e-11        3.19279e-12     0.00                        
  2.50e-11        3.40353e-12     0.00                        
  2.90e-11        3.66571e-12     0.00                        
  3.40e-11        3.96916e-12     2.26951e-13      #dY:5.7%   
  4.00e-11        4.30516e-12     2.46163e-13      #dY:5.7%   
  4.60e-11        4.61677e-12     2.6398e-13       #dY:5.7%   
  5.40e-11        5.00214e-12     2.86015e-13      #dY:5.7%   
  6.30e-11        5.40293e-12     3.08931e-13      #dY:5.7%   
  7.40e-11        5.85565e-12     3.34817e-13      #dY:5.7%   
  8.60e-11        6.3126e-12      3.60945e-13      #dY:5.7%   
  1.00e-10        6.80705e-12     4.54915e-13      #dY:6.7%   
  1.20e-10        7.45675e-12     4.98335e-13      #dY:6.7%   
  1.40e-10        8.05421e-12     5.38263e-13      #dY:6.7%   
  1.60e-10        8.61032e-12     5.75428e-13      #dY:6.7%   
  1.80e-10        9.13262e-12     6.10333e-13      #dY:6.7%   
  2.20e-10        1.00965e-11     6.74749e-13      #dY:6.7%   
  2.50e-10        1.07629e-11     7.19285e-13      #dY:6.7%   
  2.90e-10        1.1592e-11      7.74694e-13      #dY:6.7%   
  3.40e-10        1.25516e-11     8.31686e-13      #dY:6.6%   
  4.00e-10        1.36141e-11     9.02089e-13      #dY:6.6%   
  4.60e-10        1.45995e-11     9.67382e-13      #dY:6.6%   
  5.40e-10        1.58182e-11     1.04814e-12      #dY:6.6%   
  6.30e-10        1.70856e-11     1.13211e-12      #dY:6.6%   
  7.40e-10        1.85172e-11     1.22697e-12      #dY:6.6%   
  8.60e-10        1.99622e-11     1.32272e-12      #dY:6.6%   
  1.00e-9         2.15258e-11     1.42633e-12      #dY:6.6%   
  1.20e-9         2.35803e-11     1.57587e-12      #dY:6.7%   
  1.40e-9         2.54697e-11     1.70214e-12      #dY:6.7%   
  1.60e-9         2.72282e-11     1.81966e-12      #dY:6.7%   
  1.80e-9         2.88799e-11     1.93005e-12      #dY:6.7%   
  2.20e-9         3.19279e-11     2.13375e-12      #dY:6.7%   
  2.50e-9         3.40353e-11     2.27458e-12      #dY:6.7%   
  2.90e-9         3.66571e-11     2.4498e-12       #dY:6.7%   
  3.40e-9         3.96916e-11     2.62999e-12      #dY:6.6%   
  4.00e-9         4.30516e-11     2.85262e-12      #dY:6.6%   
  4.60e-9         4.61677e-11     3.0591e-12       #dY:6.6%   
  5.40e-9         5.00214e-11     3.31444e-12      #dY:6.6%   
  6.30e-9         5.40293e-11     3.58001e-12      #dY:6.6%   
  7.40e-9         5.85564e-11     3.87998e-12      #dY:6.6%   
  8.60e-9         6.3126e-11      4.18276e-12      #dY:6.6%   
  1.00e-8         6.80705e-11     4.54915e-12      #dY:6.7%   
  1.20e-8         7.45674e-11     4.98334e-12      #dY:6.7%   
  1.40e-8         8.0542e-11      5.38263e-12      #dY:6.7%   
  1.60e-8         8.61031e-11     5.75427e-12      #dY:6.7%   
  1.80e-8         9.13261e-11     6.10333e-12      #dY:6.7%   
  2.20e-8         1.00965e-10     6.74749e-12      #dY:6.7%   
  2.50e-8         1.07629e-10     7.19285e-12      #dY:6.7%   
  2.90e-8         1.1592e-10      7.74694e-12      #dY:6.7%   
  3.40e-8         1.25516e-10     8.31686e-12      #dY:6.6%   
  4.00e-8         1.36141e-10     9.02089e-12      #dY:6.6%   
  4.60e-8         1.45995e-10     9.67383e-12      #dY:6.6%   
  5.40e-8         1.58181e-10     1.04813e-11      #dY:6.6%   
  6.30e-8         1.70855e-10     1.13211e-11      #dY:6.6%   
  7.40e-8         1.85171e-10     1.22697e-11      #dY:6.6%   
  8.60e-8         1.99621e-10     1.32272e-11      #dY:6.6%   
  1.00e-7         2.15257e-10     1.42632e-11      #dY:6.6%   
  1.20e-7         2.35802e-10     1.57587e-11      #dY:6.7%   
  1.40e-7         2.54696e-10     1.70214e-11      #dY:6.7%   
  1.60e-7         2.72281e-10     1.81966e-11      #dY:6.7%   
  1.80e-7         2.88797e-10     1.93004e-11      #dY:6.7%   
  2.20e-7         3.19277e-10     2.13374e-11      #dY:6.7%   
  2.50e-7         3.40351e-10     2.27458e-11      #dY:6.7%   
  2.90e-7         3.66569e-10     2.4498e-11       #dY:6.7%   
  3.40e-7         3.96913e-10     2.62998e-11      #dY:6.6%   
  4.00e-7         4.30513e-10     2.85262e-11      #dY:6.6%   
  4.60e-7         4.61673e-10     3.05909e-11      #dY:6.6%   
  5.40e-7         5.0021e-10      3.31444e-11      #dY:6.6%   
  6.30e-7         5.40288e-10     3.58e-11         #dY:6.6%   
  7.40e-7         5.85559e-10     3.87997e-11      #dY:6.6%   
  8.60e-7         6.31254e-10     4.18275e-11      #dY:6.6%   
  1.00e-6         6.80698e-10     4.51037e-11      #dY:6.6%   
  1.20e-6         7.45666e-10     4.98333e-11      #dY:6.7%   
  1.40e-6         8.05412e-10     5.38262e-11      #dY:6.7%   
  1.60e-6         8.6102e-10      5.75425e-11      #dY:6.7%   
  1.80e-6         9.13248e-10     6.10329e-11      #dY:6.7%   
  2.20e-6         1.00963e-9      6.74742e-11      #dY:6.7%   
  2.50e-6         1.07627e-9      7.19278e-11      #dY:6.7%   
  2.90e-6         1.15918e-9      7.74687e-11      #dY:6.7%   
  3.40e-6         1.25513e-9      8.3167e-11       #dY:6.6%   
  4.00e-6         1.36138e-9      9.02073e-11      #dY:6.6%   
  4.60e-6         1.45991e-9      9.6736e-11       #dY:6.6%   
  5.40e-6         1.58177e-9      1.04811e-10      #dY:6.6%   
  6.30e-6         1.70851e-9      1.13209e-10      #dY:6.6%   
  7.40e-6         1.85166e-9      1.22694e-10      #dY:6.6%   
  8.60e-6         1.99615e-9      1.32268e-10      #dY:6.6%   
  1.00e-5         2.1525e-9       1.42628e-10      #dY:6.6%   
  1.20e-5         2.35793e-9      1.57586e-10      #dY:6.7%   
  1.40e-5         2.54685e-9      1.70212e-10      #dY:6.7%   
  1.60e-5         2.72269e-9      1.81963e-10      #dY:6.7%   
  1.80e-5         2.88784e-9      1.93001e-10      #dY:6.7%   
  2.20e-5         3.1926e-9       2.13369e-10      #dY:6.7%   
  2.50e-5         3.40331e-9      2.27451e-10      #dY:6.7%   
  2.90e-5         3.66546e-9      2.44971e-10      #dY:6.7%   
  3.40e-5         3.96886e-9      2.62982e-10      #dY:6.6%   
  4.00e-5         4.3048e-9       2.85242e-10      #dY:6.6%   
  4.60e-5         4.61635e-9      3.05886e-10      #dY:6.6%   
  5.40e-5         5.00164e-9      3.31416e-10      #dY:6.6%   
  6.30e-5         5.40234e-9      3.57967e-10      #dY:6.6%   
  7.40e-5         5.85494e-9      3.87957e-10      #dY:6.6%   
  8.60e-5         6.31176e-9      4.18226e-10      #dY:6.6%   
  1.00e-4         6.80606e-9      4.50979e-10      #dY:6.6%   
  1.20e-4         7.45552e-9      4.98273e-10      #dY:6.7%   
  1.40e-4         8.05274e-9      5.38187e-10      #dY:6.7%   
  1.60e-4         8.6086e-9       5.75337e-10      #dY:6.7%   
  1.80e-4         9.13065e-9      6.10227e-10      #dY:6.7%   
  2.20e-4         1.0094e-8       6.7461e-10       #dY:6.7%   
  2.50e-4         1.076e-8        7.19121e-10      #dY:6.7%   
  2.90e-4         1.15885e-8      7.74492e-10      #dY:6.7%   
  3.40e-4         1.25473e-8      8.31478e-10      #dY:6.6%   
  4.00e-4         1.36089e-8      9.01828e-10      #dY:6.6%   
  4.60e-4         1.45933e-8      9.67062e-10      #dY:6.6%   
  5.40e-4         1.58106e-8      1.04773e-9       #dY:6.6%   
  6.30e-4         1.70764e-8      1.13161e-9       #dY:6.6%   
  7.40e-4         1.85059e-8      1.22634e-9       #dY:6.6%   
  8.60e-4         1.99485e-8      1.32194e-9       #dY:6.6%   
  1.00e-3         2.15092e-8      1.42536e-9       #dY:6.6%   
  1.20e-3         2.35592e-8      1.57313e-9       #dY:6.7%   
  1.40e-3         2.54438e-8      1.69897e-9       #dY:6.7%   
  1.60e-3         2.71973e-8      1.81606e-9       #dY:6.7%   
  1.80e-3         2.88437e-8      1.92599e-9       #dY:6.7%   
  2.20e-3         3.18805e-8      2.12877e-9       #dY:6.7%   
  2.50e-3         3.39788e-8      2.26888e-9       #dY:6.7%   
  2.90e-3         3.6588e-8       2.44311e-9       #dY:6.7%   
  3.40e-3         3.96055e-8      2.62307e-9       #dY:6.6%   
  4.00e-3         4.29438e-8      2.84416e-9       #dY:6.6%   
  4.60e-3         4.60367e-8      3.049e-9         #dY:6.6%   
  5.40e-3         4.98574e-8      3.30205e-9       #dY:6.6%   
  6.30e-3         5.38255e-8      3.56485e-9       #dY:6.6%   
  7.40e-3         5.83006e-8      3.86124e-9       #dY:6.6%   
  8.60e-3         6.28091e-8      4.15984e-9       #dY:6.6%   
  0.01            6.76775e-8      4.48227e-9       #dY:6.6%   
  0.012           7.4057e-8       4.95359e-9       #dY:6.7%   
  0.014           7.99047e-8      5.34474e-9       #dY:6.7%   
  0.016           8.533e-8        5.70763e-9       #dY:6.7%   
  0.018           9.04092e-8      6.04737e-9       #dY:6.7%   
  0.022           9.97374e-8      6.67132e-9       #dY:6.7%   
  0.025           1.0615e-7       7.10025e-9       #dY:6.7%   
  0.029           1.14083e-7      7.63088e-9       #dY:6.7%   
  0.034           1.23197e-7      8.21608e-9       #dY:6.7%   
  0.04            1.33197e-7      8.88299e-9       #dY:6.7%   
  0.046           1.42379e-7      9.49534e-9       #dY:6.7%   
  0.054           1.53602e-7      1.02438e-8       #dY:6.7%   
  0.063           1.65106e-7      1.1011e-8        #dY:6.7%   
  0.074           1.77878e-7      1.18628e-8       #dY:6.7%   
  0.086           1.9051e-7       1.27052e-8       #dY:6.7%   
  0.1             2.03862e-7      1.35957e-8       #dY:6.7%   
  0.2             2.72503e-7      1.8682e-8        #dY:6.9%   
  0.3             3.14569e-7      2.61234e-8       #dY:8.3%   
  0.4             3.41415e-7      2.83528e-8       #dY:8.3%   
  0.5             3.57837e-7      3.09369e-8       #dY:8.6%   
  0.6             3.66842e-7      3.17155e-8       #dY:8.6%   
  0.7             3.70371e-7      3.46529e-8       #dY:9.4%   
  0.8             3.69725e-7      3.45925e-8       #dY:9.4%   
  0.9             3.65829e-7      3.283e-8         #dY:9.0%   
  1               3.59362e-7      3.22496e-8       #dY:9.0%   
  1.1             3.50829e-7      2.89047e-8       #dY:8.2%   
  1.2             3.40634e-7      2.80647e-8       #dY:8.2%   
  1.3             3.2923e-7       2.4047e-8        #dY:7.3%   
  1.4             3.16999e-7      2.31537e-8       #dY:7.3%   
  1.5             3.04239e-7      1.87065e-8       #dY:6.1%   
  1.6             2.91183e-7      1.79037e-8       #dY:6.1%   
  1.7             2.78014e-7      1.32771e-8       #dY:4.8%   
  1.8             2.64879e-7      1.26499e-8       #dY:4.8%   
  1.9             2.51892e-7      8.26837e-9       #dY:3.3%   
  2               2.39142e-7      7.84985e-9       #dY:3.3%   
  2.1             2.26697e-7      3.97746e-9       #dY:1.8%   
  2.2             2.14609e-7      3.76537e-9       #dY:1.8%   
  2.3             2.02917e-7      1.13247e-9       #dY:0.6%   
  2.4             1.91648e-7      1.06958e-9       #dY:0.6%   
  2.5             1.8082e-7       3.08437e-9       #dY:1.7%   
  2.6             1.70443e-7      2.90736e-9       #dY:1.7%   
  2.7             1.60522e-7      5.36114e-9       #dY:3.3%   
  2.8             1.51058e-7      5.04506e-9       #dY:3.3%   
  2.9             1.42046e-7      7.10665e-9       #dY:5.0%   
  3               1.33479e-7      6.67803e-9       #dY:5.0%   
  3.1             1.25347e-7      8.37306e-9       #dY:6.7%   
  3.2             1.17639e-7      7.85818e-9       #dY:6.7%   
  3.3             1.10342e-7      9.23448e-9       #dY:8.4%   
  3.4             1.03442e-7      8.65703e-9       #dY:8.4%   
  3.5             9.69244e-8      9.74204e-9       #dY:10.1%  
  3.6             9.07738e-8      9.12383e-9       #dY:10.1%  
  3.7             8.49748e-8      1.00047e-8       #dY:11.8%  
  3.8             7.9512e-8       9.3615e-9        #dY:11.8%  
  3.9             7.43698e-8      9.99988e-9       #dY:13.4%  
  4               6.95329e-8      9.3495e-9        #dY:13.4%  
  4.1             6.49864e-8      9.80526e-9       #dY:15.1%  
  4.2             6.07155e-8      9.16085e-9       #dY:15.1%  
  4.3             5.67059e-8      9.46984e-9       #dY:16.7%  
  4.4             5.29438e-8      8.84157e-9       #dY:16.7%  
  4.5             4.94157e-8      9.08071e-9       #dY:18.4%  
  4.6             4.61088e-8      8.47303e-9       #dY:18.4%  
  4.7             4.30107e-8      8.61057e-9       #dY:20.0%  
  4.8             4.01096e-8      8.02978e-9       #dY:20.0%  
  4.9             3.7394e-8       8.08792e-9       #dY:21.6%  
  5               3.48533e-8      7.53839e-9       #dY:21.6%  
  5.1             3.2477e-8       7.53672e-9       #dY:23.2%  
  5.2             3.02553e-8      7.02115e-9       #dY:23.2%  
  5.3             2.8179e-8       7.00065e-9       #dY:24.8%  
  5.4             2.62392e-8      6.51874e-9       #dY:24.8%  
  5.5             2.44275e-8      6.43776e-9       #dY:26.4%  
  5.6             2.2736e-8       5.99197e-9       #dY:26.4%  
  5.7             2.11573e-8      5.9077e-9        #dY:27.9%  
  5.8             1.96841e-8      5.49634e-9       #dY:27.9%  
  5.9             1.83099e-8      5.39356e-9       #dY:29.5%  
  6               1.70284e-8      5.01607e-9       #dY:29.5%  
  6.1             1.58337e-8      4.90169e-9       #dY:31.0%  
  6.2             1.472e-8        4.55692e-9       #dY:31.0%  
  6.3             1.36823e-8      4.4363e-9        #dY:32.4%  
  6.4             1.27155e-8      4.12283e-9       #dY:32.4%  
  6.5             1.1815e-8       4.01033e-9       #dY:33.9%  
  6.6             1.09765e-8      3.72572e-9       #dY:33.9%  
  6.7             1.01958e-8      3.61199e-9       #dY:35.4%  
  6.8             9.46921e-9      3.35458e-9       #dY:35.4%  
  6.9             8.793e-9        3.23493e-9       #dY:36.8%  
  7               8.16384e-9      3.00347e-9       #dY:36.8%  
  7.1             7.57858e-9      2.89552e-9       #dY:38.2%  
  7.2             7.03426e-9      2.68755e-9       #dY:38.2%  
  7.3             6.5281e-9       2.58433e-9       #dY:39.6%  
  7.4             6.05752e-9      2.39804e-9       #dY:39.6%  
  7.5             5.62009e-9      2.30513e-9       #dY:41.0%  
  7.6             5.21355e-9      2.13838e-9       #dY:41.0%  
  7.7             4.83578e-9      2.04693e-9       #dY:42.3%  
  7.8             4.4848e-9       1.89836e-9       #dY:42.3%  
  7.9             4.15877e-9      1.81353e-9       #dY:43.6%  
  8               3.85595e-9      1.68148e-9       #dY:43.6%  
  8.1             3.57475e-9      1.6062e-9        #dY:44.9%  
  8.2             3.31366e-9      1.48889e-9       #dY:44.9%  
  8.3             3.07127e-9      1.41966e-9       #dY:46.2%  
  8.4             2.84628e-9      1.31566e-9       #dY:46.2%  
  8.5             2.63746e-9      1.25227e-9       #dY:47.5%  
  8.6             2.44369e-9      1.16027e-9       #dY:47.5%  
  8.7             2.26391e-9      1.10263e-9       #dY:48.7%  
  8.8             2.09712e-9      1.0214e-9        #dY:48.7%  
  8.9             1.94241e-9      9.69158e-10      #dY:49.9%  
  9               1.79892e-9      8.97564e-10      #dY:49.9%  
  9.1             1.66586e-9      8.50422e-10      #dY:51.1%  
  9.2             1.54248e-9      7.87437e-10      #dY:51.1%  
  9.3             1.42809e-9      7.46181e-10      #dY:52.3%  
  9.4             1.32205e-9      6.90775e-10      #dY:52.3%  
  9.5             1.22377e-9      6.53646e-10      #dY:53.4%  
  9.6             1.13268e-9      6.04992e-10      #dY:53.4%  
  9.7             1.04827e-9      5.71012e-10      #dY:54.5%  
  9.8             9.70056e-10     5.28407e-10      #dY:54.5%  
  9.9             8.97595e-10     4.98801e-10      #dY:55.6%  
  10              8.3047e-10      4.61499e-10      #dY:55.6%  
  10.1            7.68294e-10     4.35147e-10      #dY:56.6%  
  10.2            7.10709e-10     4.02532e-10      #dY:56.6%  
  10.3            6.57381e-10     3.79123e-10      #dY:57.7%  
  10.4            6.08001e-10     3.50645e-10      #dY:57.7%  
  10.5            5.62281e-10     3.29923e-10      #dY:58.7%  
  10.6            5.19954e-10     3.05087e-10      #dY:58.7%  
  10.7            4.80773e-10     2.87102e-10      #dY:59.7%  
  10.8            4.44507e-10     2.65445e-10      #dY:59.7%  
  10.9            4.10942e-10     2.49257e-10      #dY:60.7%  
  11              3.7988e-10      2.30416e-10      #dY:60.7%  
  11.1            3.51138e-10     2.16414e-10      #dY:61.6%  
  11.2            3.24544e-10     2.00024e-10      #dY:61.6%  
  11.3            2.9994e-10      1.87494e-10      #dY:62.5%  
  11.4            2.7718e-10      1.73266e-10      #dY:62.5%  
  11.5            2.56127e-10     1.62455e-10      #dY:63.4%  
  11.6            2.36655e-10     1.50104e-10      #dY:63.4%  
  11.7            2.18646e-10     1.40611e-10      #dY:64.3%  
  11.8            2.01993e-10     1.29902e-10      #dY:64.3%  
  11.9            1.86594e-10     1.21596e-10      #dY:65.2%  
  12              1.72356e-10     1.12318e-10      #dY:65.2%  
  12.1            1.59193e-10     1.05464e-10      #dY:66.2%  
  12.2            1.47025e-10     9.74027e-11      #dY:66.2%  
  12.3            1.35777e-10     9.06766e-11      #dY:66.8%  
  12.4            1.2538e-10      8.37331e-11      #dY:66.8%  
  12.5            1.15772e-10     7.79101e-11      #dY:67.3%  
  12.6            1.06892e-10     7.19342e-11      #dY:67.3%  
  12.7            9.86866e-11     6.7514e-11       #dY:68.4%  
  12.8            9.11048e-11     6.23271e-11      #dY:68.4%  
  12.9            8.40998e-11     5.79212e-11      #dY:68.9%  
  13              7.76282e-11     5.34641e-11      #dY:68.9%  
  13.1            7.16498e-11     5.01001e-11      #dY:69.9%  
  13.2            6.61275e-11     4.62387e-11      #dY:69.9%  
  13.3            6.10268e-11     4.29221e-11      #dY:70.3%  
  13.4            5.63158e-11     3.96087e-11      #dY:70.3%  
  13.5            5.19652e-11     3.70621e-11      #dY:71.3%  
  13.6            4.79477e-11     3.41968e-11      #dY:71.3%  
  13.7            4.42379e-11     3.17104e-11      #dY:71.7%  
  13.8            4.08126e-11     2.9255e-11       #dY:71.7%  
  13.9            3.76502e-11     2.73369e-11      #dY:72.6%  
  14              3.47307e-11     2.52171e-11      #dY:72.6%  
  14.1            3.20356e-11     2.33604e-11      #dY:72.9%  
  14.2            2.95479e-11     2.15463e-11      #dY:72.9%  
  14.3            2.72517e-11     2.01077e-11      #dY:73.8%  
  14.4            2.51325e-11     1.8544e-11       #dY:73.8%  
  14.5            2.31767e-11     1.71636e-11      #dY:74.1%  
  14.6            2.13718e-11     1.5827e-11       #dY:74.1%  
  14.7            1.97064e-11     1.47534e-11      #dY:74.9%  
  14.8            1.81696e-11     1.36029e-11      #dY:74.9%  
  14.9            1.67518e-11     1.25784e-11      #dY:75.1%  
  15              1.54437e-11     1.15961e-11      #dY:75.1%  
  15.1            1.4237e-11      1.07974e-11      #dY:75.8%  
  15.2            1.31238e-11     9.95316e-12      #dY:75.8%  
  15.3            1.2097e-11      9.26174e-12      #dY:76.6%  
  15.4            1.11499e-11     8.53662e-12      #dY:76.6%  
  15.5            1.02764e-11     7.88432e-12      #dY:76.7%  
  15.6            9.47077e-12     7.26622e-12      #dY:76.7%  
  15.7            8.72787e-12     6.75455e-12      #dY:77.4%  
  15.8            8.0428e-12      6.22437e-12      #dY:77.4%  
  15.9            7.41112e-12     5.74443e-12      #dY:77.5%  
  16              6.82869e-12     5.29298e-12      #dY:77.5%  
  16.1            6.2917e-12      4.91577e-12      #dY:78.1%  
  16.2            5.79664e-12     4.52897e-12      #dY:78.1%  
  16.3            5.34026e-12     4.20388e-12      #dY:78.7%  
  16.4            4.91955e-12     3.87269e-12      #dY:78.7%  
  16.5            4.53176e-12     3.57022e-12      #dY:78.8%  
  16.6            4.17433e-12     3.28863e-12      #dY:78.8%  
  16.7            3.84489e-12     3.04984e-12      #dY:79.3%  
  16.8            3.54128e-12     2.80901e-12      #dY:79.3%  
  16.9            3.26148e-12     2.60388e-12      #dY:79.8%  
  17              3.00364e-12     2.39803e-12      #dY:79.8%  
  17.1            2.76605e-12     2.20854e-12      #dY:79.8%  
  17.2            2.54713e-12     2.03374e-12      #dY:79.8%  
  17.3            2.34543e-12     1.88366e-12      #dY:80.3%  
  17.4            2.15959e-12     1.73441e-12      #dY:80.3%  
  17.5            1.98838e-12     1.60576e-12      #dY:80.8%  
  17.6            1.83066e-12     1.47839e-12      #dY:80.8%  
  17.7            1.68537e-12     1.36028e-12      #dY:80.7%  
  17.8            1.55154e-12     1.25227e-12      #dY:80.7%  
  17.9            1.42827e-12     1.15851e-12      #dY:81.1%  
  18              1.31474e-12     1.06642e-12      #dY:81.1%  
  18.1            1.21017e-12     9.86182e-13      #dY:81.5%  
  18.2            1.11387e-12     9.07706e-13      #dY:81.5%  
  18.3            1.02519e-12     8.34469e-13      #dY:81.4%  
  18.4            9.43521e-13     7.67993e-13      #dY:81.4%  
  18.5            8.68323e-13     7.09709e-13      #dY:81.7%  
  18.6            7.99082e-13     6.53116e-13      #dY:81.7%  
  18.7            7.35331e-13     6.0333e-13       #dY:82.0%  
  18.8            6.76636e-13     5.55171e-13      #dY:82.0%  
  18.9            6.22599e-13     5.09971e-13      #dY:81.9%  
  19              5.72853e-13     4.69224e-13      #dY:81.9%  
  19.1            5.27059e-13     4.3317e-13       #dY:82.2%  
  19.2            4.84905e-13     3.98525e-13      #dY:82.2%  
  19.3            4.46104e-13     3.67783e-13      #dY:82.4%  
  19.4            4.1039e-13      3.38339e-13      #dY:82.4%  
  19.5            3.7752e-13      3.12124e-13      #dY:82.7%  
  19.6            3.47268e-13     2.87113e-13      #dY:82.7%  
  19.7            3.19426e-13     2.64779e-13      #dY:82.9%  
  19.8            2.93805e-13     2.43541e-13      #dY:82.9%  
  19.9            2.70228e-13     2.2343e-13       #dY:82.7%  
  20              2.48533e-13     2.05493e-13      #dY:82.7%  
  20.2            0.00            0.00                        
//
#-------------------------------------------------------------------------------
#
#name:   JENDL-4.0: TH-232(N,F) E_in=3.5 MeV
#X.axis: Energy
#Y.axis: 
#wdata:  3
#ldata:  352
#data...
# X               Y               +-dY           
# MeV             1/eV            1/eV           
  0.00            0.00            0.00                        
  1.00e-11        2.13576e-12     0.00                        
  1.20e-11        2.33961e-12     0.00                        
  1.40e-11        2.52707e-12     0.00                        
  1.60e-11        2.70155e-12     0.00                        
  1.80e-11        2.86543e-12     0.00                        
  2.20e-11        3.16785e-12     0.00                        
  2.50e-11        3.37694e-12     0.00                        
  2.90e-11        3.63707e-12     0.00                        
  3.40e-11        3.93815e-12     2.26951e-13      #dY:5.8%   
  4.00e-11        4.27153e-12     2.46163e-13      #dY:5.8%   
  4.60e-11        4.5807e-12      2.6398e-13       #dY:5.8%   
  5.40e-11        4.96307e-12     2.86015e-13      #dY:5.8%   
  6.30e-11        5.36072e-12     3.08932e-13      #dY:5.8%   
  7.40e-11        5.8099e-12      3.34817e-13      #dY:5.8%   
  8.60e-11        6.26329e-12     3.60945e-13      #dY:5.8%   
  1.00e-10        6.75388e-12     4.54916e-13      #dY:6.7%   
  1.20e-10        7.3985e-12      4.98335e-13      #dY:6.7%   
  1.40e-10        7.9913e-12      5.38264e-13      #dY:6.7%   
  1.60e-10        8.54305e-12     5.75427e-13      #dY:6.7%   
  1.80e-10        9.06128e-12     6.10333e-13      #dY:6.7%   
  2.20e-10        1.00176e-11     6.74747e-13      #dY:6.7%   
  2.50e-10        1.06788e-11     7.19283e-13      #dY:6.7%   
  2.90e-10        1.15014e-11     7.74691e-13      #dY:6.7%   
  3.40e-10        1.24535e-11     8.31684e-13      #dY:6.7%   
  4.00e-10        1.35078e-11     9.02094e-13      #dY:6.7%   
  4.60e-10        1.44855e-11     9.67388e-13      #dY:6.7%   
  5.40e-10        1.56946e-11     1.04814e-12      #dY:6.7%   
  6.30e-10        1.69521e-11     1.13211e-12      #dY:6.7%   
  7.40e-10        1.83725e-11     1.22697e-12      #dY:6.7%   
  8.60e-10        1.98063e-11     1.32273e-12      #dY:6.7%   
  1.00e-9         2.13576e-11     1.42633e-12      #dY:6.7%   
  1.20e-9         2.33961e-11     1.57588e-12      #dY:6.7%   
  1.40e-9         2.52707e-11     1.70214e-12      #dY:6.7%   
  1.60e-9         2.70155e-11     1.81966e-12      #dY:6.7%   
  1.80e-9         2.86543e-11     1.93005e-12      #dY:6.7%   
  2.20e-9         3.16785e-11     2.13375e-12      #dY:6.7%   
  2.50e-9         3.37694e-11     2.27458e-12      #dY:6.7%   
  2.90e-9         3.63707e-11     2.4498e-12       #dY:6.7%   
  3.40e-9         3.93815e-11     2.62999e-12      #dY:6.7%   
  4.00e-9         4.27152e-11     2.85262e-12      #dY:6.7%   
  4.60e-9         4.5807e-11      3.05909e-12      #dY:6.7%   
  5.40e-9         4.96306e-11     3.31444e-12      #dY:6.7%   
  6.30e-9         5.36072e-11     3.58001e-12      #dY:6.7%   
  7.40e-9         5.8099e-11      3.87998e-12      #dY:6.7%   
  8.60e-9         6.26328e-11     4.18276e-12      #dY:6.7%   
  1.00e-8         6.75387e-11     4.54915e-12      #dY:6.7%   
  1.20e-8         7.39849e-11     4.98335e-12      #dY:6.7%   
  1.40e-8         7.99129e-11     5.38263e-12      #dY:6.7%   
  1.60e-8         8.54304e-11     5.75427e-12      #dY:6.7%   
  1.80e-8         9.06127e-11     6.10333e-12      #dY:6.7%   
  2.20e-8         1.00176e-10     6.74748e-12      #dY:6.7%   
  2.50e-8         1.06788e-10     7.19284e-12      #dY:6.7%   
  2.90e-8         1.15014e-10     7.74691e-12      #dY:6.7%   
  3.40e-8         1.24535e-10     8.31685e-12      #dY:6.7%   
  4.00e-8         1.35077e-10     9.02087e-12      #dY:6.7%   
  4.60e-8         1.44854e-10     9.67381e-12      #dY:6.7%   
  5.40e-8         1.56946e-10     1.04814e-11      #dY:6.7%   
  6.30e-8         1.69521e-10     1.13212e-11      #dY:6.7%   
  7.40e-8         1.83725e-10     1.22697e-11      #dY:6.7%   
  8.60e-8         1.98062e-10     1.32272e-11      #dY:6.7%   
  1.00e-7         2.13576e-10     1.42633e-11      #dY:6.7%   
  1.20e-7         2.3396e-10      1.57587e-11      #dY:6.7%   
  1.40e-7         2.52706e-10     1.70214e-11      #dY:6.7%   
  1.60e-7         2.70154e-10     1.81966e-11      #dY:6.7%   
  1.80e-7         2.86541e-10     1.93004e-11      #dY:6.7%   
  2.20e-7         3.16783e-10     2.13374e-11      #dY:6.7%   
  2.50e-7         3.37692e-10     2.27457e-11      #dY:6.7%   
  2.90e-7         3.63705e-10     2.44979e-11      #dY:6.7%   
  3.40e-7         3.93813e-10     2.62999e-11      #dY:6.7%   
  4.00e-7         4.2715e-10      2.85262e-11      #dY:6.7%   
  4.60e-7         4.58067e-10     3.05909e-11      #dY:6.7%   
  5.40e-7         4.96303e-10     3.31444e-11      #dY:6.7%   
  6.30e-7         5.36068e-10     3.58e-11         #dY:6.7%   
  7.40e-7         5.80985e-10     3.87997e-11      #dY:6.7%   
  8.60e-7         6.26323e-10     4.18275e-11      #dY:6.7%   
  1.00e-6         6.7538e-10      4.51036e-11      #dY:6.7%   
  1.20e-6         7.39841e-10     4.98333e-11      #dY:6.7%   
  1.40e-6         7.99119e-10     5.38261e-11      #dY:6.7%   
  1.60e-6         8.54294e-10     5.75425e-11      #dY:6.7%   
  1.80e-6         9.06114e-10     6.10329e-11      #dY:6.7%   
  2.20e-6         1.00175e-9      6.74746e-11      #dY:6.7%   
  2.50e-6         1.06786e-9      7.19276e-11      #dY:6.7%   
  2.90e-6         1.15012e-9      7.74684e-11      #dY:6.7%   
  3.40e-6         1.24533e-9      8.31673e-11      #dY:6.7%   
  4.00e-6         1.35075e-9      9.02076e-11      #dY:6.7%   
  4.60e-6         1.44851e-9      9.67363e-11      #dY:6.7%   
  5.40e-6         1.56942e-9      1.04811e-10      #dY:6.7%   
  6.30e-6         1.69516e-9      1.13208e-10      #dY:6.7%   
  7.40e-6         1.8372e-9       1.22694e-10      #dY:6.7%   
  8.60e-6         1.98056e-9      1.32268e-10      #dY:6.7%   
  1.00e-5         2.13568e-9      1.42628e-10      #dY:6.7%   
  1.20e-5         2.33952e-9      1.57586e-10      #dY:6.7%   
  1.40e-5         2.52696e-9      1.70212e-10      #dY:6.7%   
  1.60e-5         2.70142e-9      1.81963e-10      #dY:6.7%   
  1.80e-5         2.86528e-9      1.93e-10         #dY:6.7%   
  2.20e-5         3.16767e-9      2.13369e-10      #dY:6.7%   
  2.50e-5         3.37673e-9      2.27451e-10      #dY:6.7%   
  2.90e-5         3.63683e-9      2.44971e-10      #dY:6.7%   
  3.40e-5         3.93786e-9      2.62982e-10      #dY:6.7%   
  4.00e-5         4.27118e-9      2.85242e-10      #dY:6.7%   
  4.60e-5         4.5803e-9       3.05886e-10      #dY:6.7%   
  5.40e-5         4.96258e-9      3.31416e-10      #dY:6.7%   
  6.30e-5         5.36015e-9      3.57967e-10      #dY:6.7%   
  7.40e-5         5.80921e-9      3.87957e-10      #dY:6.7%   
  8.60e-5         6.26247e-9      4.18227e-10      #dY:6.7%   
  1.00e-4         6.7529e-9       4.50979e-10      #dY:6.7%   
  1.20e-4         7.3973e-9       4.98274e-10      #dY:6.7%   
  1.40e-4         7.98986e-9      5.38188e-10      #dY:6.7%   
  1.60e-4         8.54137e-9      5.75337e-10      #dY:6.7%   
  1.80e-4         9.05934e-9      6.10227e-10      #dY:6.7%   
  2.20e-4         1.00152e-8      6.74612e-10      #dY:6.7%   
  2.50e-4         1.0676e-8       7.19123e-10      #dY:6.7%   
  2.90e-4         1.1498e-8       7.74492e-10      #dY:6.7%   
  3.40e-4         1.24494e-8      8.31483e-10      #dY:6.7%   
  4.00e-4         1.35027e-8      9.01832e-10      #dY:6.7%   
  4.60e-4         1.44794e-8      9.67065e-10      #dY:6.7%   
  5.40e-4         1.56872e-8      1.04773e-9       #dY:6.7%   
  6.30e-4         1.69431e-8      1.13161e-9       #dY:6.7%   
  7.40e-4         1.83614e-8      1.22634e-9       #dY:6.7%   
  8.60e-4         1.97928e-8      1.32194e-9       #dY:6.7%   
  1.00e-3         2.13413e-8      1.42536e-9       #dY:6.7%   
  1.20e-3         2.33753e-8      1.57313e-9       #dY:6.7%   
  1.40e-3         2.52452e-8      1.69897e-9       #dY:6.7%   
  1.60e-3         2.6985e-8       1.81606e-9       #dY:6.7%   
  1.80e-3         2.86185e-8      1.92599e-9       #dY:6.7%   
  2.20e-3         3.16316e-8      2.12877e-9       #dY:6.7%   
  2.50e-3         3.37136e-8      2.26888e-9       #dY:6.7%   
  2.90e-3         3.63024e-8      2.44311e-9       #dY:6.7%   
  3.40e-3         3.92964e-8      2.62307e-9       #dY:6.7%   
  4.00e-3         4.26086e-8      2.84416e-9       #dY:6.7%   
  4.60e-3         4.56773e-8      3.049e-9         #dY:6.7%   
  5.40e-3         4.94682e-8      3.30205e-9       #dY:6.7%   
  6.30e-3         5.34053e-8      3.56485e-9       #dY:6.7%   
  7.40e-3         5.78454e-8      3.86123e-9       #dY:6.7%   
  8.60e-3         6.23187e-8      4.15983e-9       #dY:6.7%   
  0.01            6.7149e-8       4.48226e-9       #dY:6.7%   
  0.012           7.34786e-8      4.95357e-9       #dY:6.7%   
  0.014           7.92805e-8      5.34471e-9       #dY:6.7%   
  0.016           8.46634e-8      5.7076e-9        #dY:6.7%   
  0.018           8.97028e-8      6.04733e-9       #dY:6.7%   
  0.022           9.89578e-8      6.67126e-9       #dY:6.7%   
  0.025           1.0532e-7       7.10017e-9       #dY:6.7%   
  0.029           1.13191e-7      7.63079e-9       #dY:6.7%   
  0.034           1.22233e-7      8.21601e-9       #dY:6.7%   
  0.04            1.32154e-7      8.88286e-9       #dY:6.7%   
  0.046           1.41264e-7      9.4952e-9        #dY:6.7%   
  0.054           1.52398e-7      1.02436e-8       #dY:6.7%   
  0.063           1.63811e-7      1.10107e-8       #dY:6.7%   
  0.074           1.76481e-7      1.18623e-8       #dY:6.7%   
  0.086           1.89013e-7      1.27047e-8       #dY:6.7%   
  0.1             2.02259e-7      1.3595e-8        #dY:6.7%   
  0.2             2.70361e-7      1.86817e-8       #dY:6.9%   
  0.3             3.12121e-7      2.61255e-8       #dY:8.4%   
  0.4             3.38812e-7      2.83596e-8       #dY:8.4%   
  0.5             3.55194e-7      3.09485e-8       #dY:8.7%   
  0.6             3.64236e-7      3.17363e-8       #dY:8.7%   
  0.7             3.67855e-7      3.46731e-8       #dY:9.4%   
  0.8             3.67337e-7      3.46242e-8       #dY:9.4%   
  0.9             3.63596e-7      3.28526e-8       #dY:9.0%   
  1               3.57303e-7      3.2284e-8        #dY:9.0%   
  1.1             3.48961e-7      2.89273e-8       #dY:8.3%   
  1.2             3.38968e-7      2.80989e-8       #dY:8.3%   
  1.3             3.27772e-7      2.40687e-8       #dY:7.3%   
  1.4             3.1575e-7       2.31859e-8       #dY:7.3%   
  1.5             3.03193e-7      1.87251e-8       #dY:6.2%   
  1.6             2.90333e-7      1.79309e-8       #dY:6.2%   
  1.7             2.77351e-7      1.32913e-8       #dY:4.8%   
  1.8             2.64392e-7      1.26702e-8       #dY:4.8%   
  1.9             2.51569e-7      8.27759e-9       #dY:3.3%   
  2               2.3897e-7       7.86303e-9       #dY:3.3%   
  2.1             2.26665e-7      3.98206e-9       #dY:1.8%   
  2.2             2.14704e-7      3.77193e-9       #dY:1.8%   
  2.3             2.03127e-7      1.13382e-9       #dY:0.6%   
  2.4             1.91961e-7      1.0715e-9        #dY:0.6%   
  2.5             1.81225e-7      3.08813e-9       #dY:1.7%   
  2.6             1.70929e-7      2.91268e-9       #dY:1.7%   
  2.7             1.6108e-7       5.36785e-9       #dY:3.3%   
  2.8             1.51677e-7      5.0545e-9        #dY:3.3%   
  2.9             1.42717e-7      7.11562e-9       #dY:5.0%   
  3               1.34195e-7      6.69073e-9       #dY:5.0%   
  3.1             1.26099e-7      8.38383e-9       #dY:6.6%   
  3.2             1.18421e-7      7.87335e-9       #dY:6.6%   
  3.3             1.11147e-7      9.24654e-9       #dY:8.3%   
  3.4             1.04265e-7      8.67401e-9       #dY:8.3%   
  3.5             9.77592e-8      9.75495e-9       #dY:10.0%  
  3.6             9.16159e-8      9.14194e-9       #dY:10.0%  
  3.7             8.582e-8        1.00181e-8       #dY:11.7%  
  3.8             8.03563e-8      9.3803e-9        #dY:11.7%  
  3.9             7.52098e-8      1.00134e-8       #dY:13.3%  
  4               7.03657e-8      9.3685e-9        #dY:13.3%  
  4.1             6.58092e-8      9.81871e-9       #dY:14.9%  
  4.2             6.1526e-8       9.17966e-9       #dY:14.9%  
  4.3             5.75022e-8      9.48297e-9       #dY:16.5%  
  4.4             5.37241e-8      8.8599e-9        #dY:16.5%  
  4.5             5.01786e-8      9.09342e-9       #dY:18.1%  
  4.6             4.68531e-8      8.49077e-9       #dY:18.1%  
  4.7             4.37354e-8      8.62274e-9       #dY:19.7%  
  4.8             4.08139e-8      8.04674e-9       #dY:19.7%  
  4.9             3.80774e-8      8.09946e-9       #dY:21.3%  
  5               3.55152e-8      7.55445e-9       #dY:21.3%  
  5.1             3.31172e-8      7.54754e-9       #dY:22.8%  
  5.2             3.08736e-8      7.03622e-9       #dY:22.8%  
  5.3             2.87754e-8      7.01079e-9       #dY:24.4%  
  5.4             2.68137e-8      6.53285e-9       #dY:24.4%  
  5.5             2.49802e-8      6.44713e-9       #dY:25.8%  
  5.6             2.32672e-8      6.00502e-9       #dY:25.8%  
  5.7             2.16672e-8      5.91636e-9       #dY:27.3%  
  5.8             2.01732e-8      5.50841e-9       #dY:27.3%  
  5.9             1.87786e-8      5.40158e-9       #dY:28.8%  
  6               1.7477e-8       5.02718e-9       #dY:28.8%  
  6.1             1.62627e-8      4.90897e-9       #dY:30.2%  
  6.2             1.513e-8        4.56706e-9       #dY:30.2%  
  6.3             1.40737e-8      4.44294e-9       #dY:31.6%  
  6.4             1.30889e-8      4.13205e-9       #dY:31.6%  
  6.5             1.2171e-8       4.01638e-9       #dY:33.0%  
  6.6             1.13157e-8      3.73413e-9       #dY:33.0%  
  6.7             1.05187e-8      3.61748e-9       #dY:34.4%  
  6.8             9.7764e-9       3.36219e-9       #dY:34.4%  
  6.9             9.08507e-9      3.23987e-9       #dY:35.7%  
  7               8.44137e-9      3.01032e-9       #dY:35.7%  
  7.1             7.84213e-9      2.89997e-9       #dY:37.0%  
  7.2             7.28439e-9      2.69372e-9       #dY:37.0%  
  7.3             6.76536e-9      2.58832e-9       #dY:38.3%  
  7.4             6.28246e-9      2.40357e-9       #dY:38.3%  
  7.5             5.83323e-9      2.30871e-9       #dY:39.6%  
  7.6             5.41541e-9      2.14334e-9       #dY:39.6%  
  7.7             5.02687e-9      2.05012e-9       #dY:40.8%  
  7.8             4.66561e-9      1.90279e-9       #dY:40.8%  
  7.9             4.32977e-9      1.81638e-9       #dY:42.0%  
  8               4.01761e-9      1.68543e-9       #dY:42.0%  
  8.1             3.7275e-9       1.60874e-9       #dY:43.2%  
  8.2             3.45793e-9      1.49239e-9       #dY:43.2%  
  8.3             3.20748e-9      1.42191e-9       #dY:44.3%  
  8.4             2.97483e-9      1.31877e-9       #dY:44.3%  
  8.5             2.75874e-9      1.25426e-9       #dY:45.5%  
  8.6             2.55807e-9      1.16303e-9       #dY:45.5%  
  8.7             2.37173e-9      1.10439e-9       #dY:46.6%  
  8.8             2.19873e-9      1.02384e-9       #dY:46.6%  
  8.9             2.03813e-9      9.70715e-10      #dY:47.6%  
  9               1.88906e-9      8.99716e-10      #dY:47.6%  
  9.1             1.75072e-9      8.51794e-10      #dY:48.7%  
  9.2             1.62234e-9      7.89333e-10      #dY:48.7%  
  9.3             1.50323e-9      7.47393e-10      #dY:49.7%  
  9.4             1.39272e-9      6.92448e-10      #dY:49.7%  
  9.5             1.29021e-9      6.54707e-10      #dY:50.7%  
  9.6             1.19513e-9      6.06459e-10      #dY:50.7%  
  9.7             1.10695e-9      5.71942e-10      #dY:51.7%  
  9.8             1.02519e-9      5.29698e-10      #dY:51.7%  
  9.9             9.49371e-10     4.9962e-10       #dY:52.6%  
  10              8.79083e-10     4.6263e-10       #dY:52.6%  
  10.1            8.13925e-10     4.35864e-10      #dY:53.6%  
  10.2            7.53529e-10     4.03521e-10      #dY:53.6%  
  10.3            6.97554e-10     3.7975e-10       #dY:54.4%  
  10.4            6.45681e-10     3.5151e-10       #dY:54.4%  
  10.5            5.97614e-10     3.30471e-10      #dY:55.3%  
  10.6            5.53078e-10     3.05843e-10      #dY:55.3%  
  10.7            5.11819e-10     2.8758e-10       #dY:56.2%  
  10.8            4.73598e-10     2.66105e-10      #dY:56.2%  
  10.9            4.38196e-10     2.49674e-10      #dY:57.0%  
  11              4.05407e-10     2.30991e-10      #dY:57.0%  
  11.1            3.75041e-10     2.16777e-10      #dY:57.8%  
  11.2            3.46923e-10     2.00524e-10      #dY:57.8%  
  11.3            3.20888e-10     1.8781e-10       #dY:58.5%  
  11.4            2.96783e-10     1.73702e-10      #dY:58.5%  
  11.5            2.74469e-10     1.62729e-10      #dY:59.3%  
  11.6            2.53812e-10     1.50482e-10      #dY:59.3%  
  11.7            2.34693e-10     1.4085e-10       #dY:60.0%  
  11.8            2.16998e-10     1.3023e-10       #dY:60.0%  
  11.9            2.00622e-10     1.21803e-10      #dY:60.7%  
  12              1.85469e-10     1.12603e-10      #dY:60.7%  
  12.1            1.71448e-10     1.05644e-10      #dY:61.6%  
  12.2            1.58475e-10     9.76502e-11      #dY:61.6%  
  12.3            1.46474e-10     9.08314e-11      #dY:62.0%  
  12.4            1.35372e-10     8.39468e-11      #dY:62.0%  
  12.5            1.25103e-10     7.80437e-11      #dY:62.4%  
  12.6            1.15605e-10     7.21185e-11      #dY:62.4%  
  12.7            1.06821e-10     6.76303e-11      #dY:63.3%  
  12.8            9.86974e-11     6.24871e-11      #dY:63.3%  
  12.9            9.11857e-11     5.80211e-11      #dY:63.6%  
  13              8.42402e-11     5.36017e-11      #dY:63.6%  
  13.1            7.78186e-11     5.01868e-11      #dY:64.5%  
  13.2            7.18819e-11     4.63581e-11      #dY:64.5%  
  13.3            6.63938e-11     4.29966e-11      #dY:64.8%  
  13.4            6.13208e-11     3.97113e-11      #dY:64.8%  
  13.5            5.66318e-11     3.71266e-11      #dY:65.6%  
  13.6            5.22981e-11     3.42855e-11      #dY:65.6%  
  13.7            4.8293e-11      3.17656e-11      #dY:65.8%  
  13.8            4.4592e-11      2.93312e-11      #dY:65.8%  
  13.9            4.1172e-11      2.73847e-11      #dY:66.5%  
  14              3.8012e-11      2.52829e-11      #dY:66.5%  
  14.1            3.50925e-11     2.34014e-11      #dY:66.7%  
  14.2            3.23953e-11     2.16027e-11      #dY:66.7%  
  14.3            2.99036e-11     2.0143e-11       #dY:67.4%  
  14.4            2.76019e-11     1.85926e-11      #dY:67.4%  
  14.5            2.54759e-11     1.71938e-11      #dY:67.5%  
  14.6            2.35124e-11     1.58687e-11      #dY:67.5%  
  14.7            2.16989e-11     1.47795e-11      #dY:68.1%  
  14.8            2.00241e-11     1.36387e-11      #dY:68.1%  
  14.9            1.84776e-11     1.26006e-11      #dY:68.2%  
  15              1.70496e-11     1.16268e-11      #dY:68.2%  
  15.1            1.57311e-11     1.08166e-11      #dY:68.8%  
  15.2            1.45137e-11     9.97953e-12      #dY:68.8%  
  15.3            1.33898e-11     9.2782e-12       #dY:69.3%  
  15.4            1.23523e-11     8.55928e-12      #dY:69.3%  
  15.5            1.13945e-11     7.89836e-12      #dY:69.3%  
  15.6            1.05105e-11     7.2856e-12       #dY:69.3%  
  15.7            9.69451e-12     6.76665e-12      #dY:69.8%  
  15.8            8.94141e-12     6.241e-12        #dY:69.8%  
  15.9            8.24639e-12     5.75472e-12      #dY:69.8%  
  16              7.605e-12       5.30713e-12      #dY:69.8%  
  16.1            7.01314e-12     4.9246e-12       #dY:70.2%  
  16.2            6.46701e-12     4.54111e-12      #dY:70.2%  
  16.3            5.9631e-12      4.21144e-12      #dY:70.6%  
  16.4            5.49818e-12     3.88309e-12      #dY:70.6%  
  16.5            5.06926e-12     3.57666e-12      #dY:70.6%  
  16.6            4.67357e-12     3.29748e-12      #dY:70.6%  
  16.7            4.30855e-12     3.05536e-12      #dY:70.9%  
  16.8            3.97184e-12     2.81659e-12      #dY:70.9%  
  16.9            3.66127e-12     2.6086e-12       #dY:71.2%  
  17              3.37482e-12     2.40451e-12      #dY:71.2%  
  17.1            3.11064e-12     2.21255e-12      #dY:71.1%  
  17.2            2.86699e-12     2.03925e-12      #dY:71.1%  
  17.3            2.64231e-12     1.88708e-12      #dY:71.4%  
  17.4            2.43512e-12     1.73911e-12      #dY:71.4%  
  17.5            2.24407e-12     1.60869e-12      #dY:71.7%  
  17.6            2.06792e-12     1.48241e-12      #dY:71.7%  
  17.7            1.9055e-12      1.36277e-12      #dY:71.5%  
  17.8            1.75576e-12     1.25568e-12      #dY:71.5%  
  17.9            1.61772e-12     1.16063e-12      #dY:71.7%  
  18              1.49046e-12     1.06933e-12      #dY:71.7%  
  18.1            1.37315e-12     9.8799e-13       #dY:72.0%  
  18.2            1.26502e-12     9.1019e-13       #dY:72.0%  
  18.3            1.16535e-12     8.36001e-13      #dY:71.7%  
  18.4            1.07348e-12     7.70095e-13      #dY:71.7%  
  18.5            9.88817e-13     7.11015e-13      #dY:71.9%  
  18.6            9.10789e-13     6.54908e-13      #dY:71.9%  
  18.7            8.38883e-13     6.04443e-13      #dY:72.1%  
  18.8            7.7262e-13      5.56698e-13      #dY:72.1%  
  18.9            7.11561e-13     5.10913e-13      #dY:71.8%  
  19              6.55299e-13     4.70516e-13      #dY:71.8%  
  19.1            6.03461e-13     4.33971e-13      #dY:71.9%  
  19.2            5.557e-13       3.99624e-13      #dY:71.9%  
  19.3            5.11698e-13     3.68464e-13      #dY:72.0%  
  19.4            4.7116e-13      3.39273e-13      #dY:72.0%  
  19.5            4.33816e-13     3.12703e-13      #dY:72.1%  
  19.6            3.99416e-13     2.87907e-13      #dY:72.1%  
  19.7            3.67729e-13     2.65272e-13      #dY:72.1%  
  19.8            3.38542e-13     2.44217e-13      #dY:72.1%  
  19.9            3.11658e-13     2.23846e-13      #dY:71.8%  
  20              2.86899e-13     2.06063e-13      #dY:71.8%  
  20.2            0.00            0.00                        
//
#-------------------------------------------------------------------------------
#
#name:   JENDL-4.0: TH-232(N,F) E_in=4. MeV
#X.axis: Energy
#Y.axis: 
#wdata:  3
#ldata:  352
#data...
# X               Y               +-dY           
# MeV             1/eV            1/eV           
  0.00            0.00            0.00                        
  1.00e-11        2.11923e-12     0.00                        
  1.20e-11        2.3215e-12      0.00                        
  1.40e-11        2.50751e-12     0.00                        
  1.60e-11        2.68064e-12     0.00                        
  1.80e-11        2.84325e-12     0.00                        
  2.20e-11        3.14333e-12     0.00                        
  2.50e-11        3.3508e-12      0.00                        
  2.90e-11        3.60892e-12     0.00                        
  3.40e-11        3.90767e-12     2.26951e-13      #dY:5.8%   
  4.00e-11        4.23846e-12     2.46162e-13      #dY:5.8%   
  4.60e-11        4.54524e-12     2.6398e-13       #dY:5.8%   
  5.40e-11        4.92464e-12     2.86015e-13      #dY:5.8%   
  6.30e-11        5.31922e-12     3.08931e-13      #dY:5.8%   
  7.40e-11        5.76493e-12     3.34817e-13      #dY:5.8%   
  8.60e-11        6.2148e-12      3.60945e-13      #dY:5.8%   
  1.00e-10        6.70159e-12     4.54915e-13      #dY:6.8%   
  1.20e-10        7.34123e-12     4.98335e-13      #dY:6.8%   
  1.40e-10        7.92943e-12     5.38263e-13      #dY:6.8%   
  1.60e-10        8.47692e-12     5.75428e-13      #dY:6.8%   
  1.80e-10        8.99113e-12     6.10333e-13      #dY:6.8%   
  2.20e-10        9.94007e-12     6.74749e-13      #dY:6.8%   
  2.50e-10        1.05961e-11     7.19281e-13      #dY:6.8%   
  2.90e-10        1.14124e-11     7.74693e-13      #dY:6.8%   
  3.40e-10        1.23571e-11     8.31684e-13      #dY:6.7%   
  4.00e-10        1.34032e-11     9.02091e-13      #dY:6.7%   
  4.60e-10        1.43733e-11     9.67383e-13      #dY:6.7%   
  5.40e-10        1.55731e-11     1.04813e-12      #dY:6.7%   
  6.30e-10        1.68209e-11     1.13212e-12      #dY:6.7%   
  7.40e-10        1.82303e-11     1.22697e-12      #dY:6.7%   
  8.60e-10        1.96529e-11     1.32272e-12      #dY:6.7%   
  1.00e-9         2.11923e-11     1.42633e-12      #dY:6.7%   
  1.20e-9         2.3215e-11      1.57588e-12      #dY:6.8%   
  1.40e-9         2.50751e-11     1.70214e-12      #dY:6.8%   
  1.60e-9         2.68064e-11     1.81967e-12      #dY:6.8%   
  1.80e-9         2.84324e-11     1.93004e-12      #dY:6.8%   
  2.20e-9         3.14332e-11     2.13374e-12      #dY:6.8%   
  2.50e-9         3.35079e-11     2.27458e-12      #dY:6.8%   
  2.90e-9         3.60892e-11     2.4498e-12       #dY:6.8%   
  3.40e-9         3.90766e-11     2.62998e-12      #dY:6.7%   
  4.00e-9         4.23846e-11     2.85262e-12      #dY:6.7%   
  4.60e-9         4.54524e-11     3.0591e-12       #dY:6.7%   
  5.40e-9         4.92464e-11     3.31445e-12      #dY:6.7%   
  6.30e-9         5.31922e-11     3.58001e-12      #dY:6.7%   
  7.40e-9         5.76492e-11     3.87998e-12      #dY:6.7%   
  8.60e-9         6.2148e-11      4.18277e-12      #dY:6.7%   
  1.00e-8         6.70159e-11     4.54916e-12      #dY:6.8%   
  1.20e-8         7.34122e-11     4.98335e-12      #dY:6.8%   
  1.40e-8         7.92942e-11     5.38263e-12      #dY:6.8%   
  1.60e-8         8.47691e-11     5.75427e-12      #dY:6.8%   
  1.80e-8         8.99112e-11     6.10333e-12      #dY:6.8%   
  2.20e-8         9.94005e-11     6.74748e-12      #dY:6.8%   
  2.50e-8         1.05961e-10     7.19282e-12      #dY:6.8%   
  2.90e-8         1.14124e-10     7.74693e-12      #dY:6.8%   
  3.40e-8         1.23571e-10     8.31685e-12      #dY:6.7%   
  4.00e-8         1.34032e-10     9.02092e-12      #dY:6.7%   
  4.60e-8         1.43733e-10     9.67384e-12      #dY:6.7%   
  5.40e-8         1.55731e-10     1.04814e-11      #dY:6.7%   
  6.30e-8         1.68208e-10     1.13211e-11      #dY:6.7%   
  7.40e-8         1.82303e-10     1.22698e-11      #dY:6.7%   
  8.60e-8         1.96529e-10     1.32272e-11      #dY:6.7%   
  1.00e-7         2.11922e-10     1.42632e-11      #dY:6.7%   
  1.20e-7         2.32149e-10     1.57587e-11      #dY:6.8%   
  1.40e-7         2.5075e-10      1.70214e-11      #dY:6.8%   
  1.60e-7         2.68063e-10     1.81966e-11      #dY:6.8%   
  1.80e-7         2.84323e-10     1.93004e-11      #dY:6.8%   
  2.20e-7         3.14331e-10     2.13374e-11      #dY:6.8%   
  2.50e-7         3.35078e-10     2.27458e-11      #dY:6.8%   
  2.90e-7         3.6089e-10      2.44979e-11      #dY:6.8%   
  3.40e-7         3.90764e-10     2.62998e-11      #dY:6.7%   
  4.00e-7         4.23843e-10     2.85262e-11      #dY:6.7%   
  4.60e-7         4.54521e-10     3.05909e-11      #dY:6.7%   
  5.40e-7         4.92461e-10     3.31444e-11      #dY:6.7%   
  6.30e-7         5.31918e-10     3.58e-11         #dY:6.7%   
  7.40e-7         5.76488e-10     3.87997e-11      #dY:6.7%   
  8.60e-7         6.21474e-10     4.18274e-11      #dY:6.7%   
  1.00e-6         6.70152e-10     4.51036e-11      #dY:6.7%   
  1.20e-6         7.34114e-10     4.98333e-11      #dY:6.8%   
  1.40e-6         7.92933e-10     5.38261e-11      #dY:6.8%   
  1.60e-6         8.4768e-10      5.75424e-11      #dY:6.8%   
  1.80e-6         8.991e-10       6.10329e-11      #dY:6.8%   
  2.20e-6         9.93991e-10     6.74744e-11      #dY:6.8%   
  2.50e-6         1.0596e-9       7.1928e-11       #dY:6.8%   
  2.90e-6         1.14122e-9      7.74686e-11      #dY:6.8%   
  3.40e-6         1.23569e-9      8.31672e-11      #dY:6.7%   
  4.00e-6         1.34029e-9      9.02072e-11      #dY:6.7%   
  4.60e-6         1.4373e-9       9.67364e-11      #dY:6.7%   
  5.40e-6         1.55727e-9      1.04811e-10      #dY:6.7%   
  6.30e-6         1.68204e-9      1.13208e-10      #dY:6.7%   
  7.40e-6         1.82297e-9      1.22694e-10      #dY:6.7%   
  8.60e-6         1.96523e-9      1.32268e-10      #dY:6.7%   
  1.00e-5         2.11915e-9      1.42628e-10      #dY:6.7%   
  1.20e-5         2.32141e-9      1.57586e-10      #dY:6.8%   
  1.40e-5         2.5074e-9       1.70212e-10      #dY:6.8%   
  1.60e-5         2.68051e-9      1.81963e-10      #dY:6.8%   
  1.80e-5         2.8431e-9       1.93001e-10      #dY:6.8%   
  2.20e-5         3.14315e-9      2.13369e-10      #dY:6.8%   
  2.50e-5         3.35059e-9      2.27451e-10      #dY:6.8%   
  2.90e-5         3.60868e-9      2.44971e-10      #dY:6.8%   
  3.40e-5         3.90738e-9      2.62982e-10      #dY:6.7%   
  4.00e-5         4.23812e-9      2.85243e-10      #dY:6.7%   
  4.60e-5         4.54484e-9      3.05886e-10      #dY:6.7%   
  5.40e-5         4.92417e-9      3.31416e-10      #dY:6.7%   
  6.30e-5         5.31866e-9      3.57967e-10      #dY:6.7%   
  7.40e-5         5.76425e-9      3.87957e-10      #dY:6.7%   
  8.60e-5         6.214e-9        4.18227e-10      #dY:6.7%   
  1.00e-4         6.70064e-9      4.5098e-10       #dY:6.7%   
  1.20e-4         7.34005e-9      4.98274e-10      #dY:6.8%   
  1.40e-4         7.92802e-9      5.38188e-10      #dY:6.8%   
  1.60e-4         8.47527e-9      5.75337e-10      #dY:6.8%   
  1.80e-4         8.98923e-9      6.10227e-10      #dY:6.8%   
  2.20e-4         9.93766e-9      6.74611e-10      #dY:6.8%   
  2.50e-4         1.05933e-8      7.19118e-10      #dY:6.8%   
  2.90e-4         1.1409e-8       7.74492e-10      #dY:6.8%   
  3.40e-4         1.2353e-8       8.31481e-10      #dY:6.7%   
  4.00e-4         1.33982e-8      9.01834e-10      #dY:6.7%   
  4.60e-4         1.43673e-8      9.67064e-10      #dY:6.7%   
  5.40e-4         1.55658e-8      1.04774e-9       #dY:6.7%   
  6.30e-4         1.6812e-8       1.13162e-9       #dY:6.7%   
  7.40e-4         1.82194e-8      1.22635e-9       #dY:6.7%   
  8.60e-4         1.96397e-8      1.32195e-9       #dY:6.7%   
  1.00e-3         2.11761e-8      1.42536e-9       #dY:6.7%   
  1.20e-3         2.31945e-8      1.57313e-9       #dY:6.8%   
  1.40e-3         2.50499e-8      1.69897e-9       #dY:6.8%   
  1.60e-3         2.67762e-8      1.81606e-9       #dY:6.8%   
  1.80e-3         2.83971e-8      1.92599e-9       #dY:6.8%   
  2.20e-3         3.13869e-8      2.12877e-9       #dY:6.8%   
  2.50e-3         3.34528e-8      2.26889e-9       #dY:6.8%   
  2.90e-3         3.60215e-8      2.44311e-9       #dY:6.8%   
  3.40e-3         3.89924e-8      2.62307e-9       #dY:6.7%   
  4.00e-3         4.22789e-8      2.84416e-9       #dY:6.7%   
  4.60e-3         4.5324e-8       3.04901e-9       #dY:6.7%   
  5.40e-3         4.90855e-8      3.30205e-9       #dY:6.7%   
  6.30e-3         5.29922e-8      3.56486e-9       #dY:6.7%   
  7.40e-3         5.73979e-8      3.86123e-9       #dY:6.7%   
  8.60e-3         6.18366e-8      4.15983e-9       #dY:6.7%   
  0.01            6.66294e-8      4.48225e-9       #dY:6.7%   
  0.012           7.291e-8        4.95356e-9       #dY:6.8%   
  0.014           7.86669e-8      5.34469e-9       #dY:6.8%   
  0.016           8.4008e-8       5.70757e-9       #dY:6.8%   
  0.018           8.90083e-8      6.0473e-9        #dY:6.8%   
  0.022           9.81914e-8      6.6712e-9        #dY:6.8%   
  0.025           1.04504e-7      7.10009e-9       #dY:6.8%   
  0.029           1.12313e-7      7.63064e-9       #dY:6.8%   
  0.034           1.21285e-7      8.21594e-9       #dY:6.8%   
  0.04            1.31129e-7      8.88278e-9       #dY:6.8%   
  0.046           1.40168e-7      9.49508e-9       #dY:6.8%   
  0.054           1.51215e-7      1.02434e-8       #dY:6.8%   
  0.063           1.62538e-7      1.10104e-8       #dY:6.8%   
  0.074           1.75109e-7      1.1862e-8        #dY:6.8%   
  0.086           1.87542e-7      1.27042e-8       #dY:6.8%   
  0.1             2.00685e-7      1.35946e-8       #dY:6.8%   
  0.2             2.68259e-7      1.86816e-8       #dY:7.0%   
  0.3             3.09721e-7      2.61278e-8       #dY:8.4%   
  0.4             3.36262e-7      2.83668e-8       #dY:8.4%   
  0.5             3.52604e-7      3.09601e-8       #dY:8.8%   
  0.6             3.61682e-7      3.17571e-8       #dY:8.8%   
  0.7             3.65388e-7      3.4693e-8        #dY:9.5%   
  0.8             3.64994e-7      3.46556e-8       #dY:9.5%   
  0.9             3.61403e-7      3.28747e-8       #dY:9.1%   
  1               3.5528e-7       3.23177e-8       #dY:9.1%   
  1.1             3.47123e-7      2.89494e-8       #dY:8.3%   
  1.2             3.37328e-7      2.81325e-8       #dY:8.3%   
  1.3             3.26334e-7      2.40899e-8       #dY:7.4%   
  1.4             3.14514e-7      2.32173e-8       #dY:7.4%   
  1.5             3.02156e-7      1.87434e-8       #dY:6.2%   
  1.6             2.89487e-7      1.79575e-8       #dY:6.2%   
  1.7             2.76687e-7      1.3305e-8        #dY:4.8%   
  1.8             2.639e-7        1.26902e-8       #dY:4.8%   
  1.9             2.51237e-7      8.28658e-9       #dY:3.3%   
  2               2.38787e-7      7.87594e-9       #dY:3.3%   
  2.1             2.26618e-7      3.98653e-9       #dY:1.8%   
  2.2             2.14782e-7      3.77832e-9       #dY:1.8%   
  2.3             2.03318e-7      1.13514e-9       #dY:0.6%   
  2.4             1.92253e-7      1.07336e-9       #dY:0.6%   
  2.5             1.81608e-7      3.09179e-9       #dY:1.7%   
  2.6             1.71392e-7      2.91787e-9       #dY:1.7%   
  2.7             1.61613e-7      5.37434e-9       #dY:3.3%   
  2.8             1.52272e-7      5.06371e-9       #dY:3.3%   
  2.9             1.43364e-7      7.12441e-9       #dY:5.0%   
  3               1.34886e-7      6.7031e-9        #dY:5.0%   
  3.1             1.26828e-7      8.39439e-9       #dY:6.6%   
  3.2             1.19179e-7      7.88812e-9       #dY:6.6%   
  3.3             1.11929e-7      9.25828e-9       #dY:8.3%   
  3.4             1.05065e-7      8.69052e-9       #dY:8.3%   
  3.5             9.85721e-8      9.76754e-9       #dY:9.9%   
  3.6             9.24369e-8      9.1596e-9        #dY:9.9%   
  3.7             8.66448e-8      1.00312e-8       #dY:11.6%  
  3.8             8.11811e-8      9.39862e-9       #dY:11.6%  
  3.9             7.60313e-8      1.00267e-8       #dY:13.2%  
  4               7.11808e-8      9.387e-9         #dY:13.2%  
  4.1             6.66154e-8      9.83181e-9       #dY:14.8%  
  4.2             6.23209e-8      9.19798e-9       #dY:14.8%  
  4.3             5.82838e-8      9.49574e-9       #dY:16.3%  
  4.4             5.44907e-8      8.87776e-9       #dY:16.3%  
  4.5             5.09287e-8      9.10578e-9       #dY:17.9%  
  4.6             4.75855e-8      8.50804e-9       #dY:17.9%  
  4.7             4.44492e-8      8.63458e-9       #dY:19.4%  
  4.8             4.15081e-8      8.06325e-9       #dY:19.4%  
  4.9             3.87515e-8      8.11067e-9       #dY:20.9%  
  5               3.61687e-8      7.57009e-9       #dY:20.9%  
  5.1             3.37497e-8      7.55807e-9       #dY:22.4%  
  5.2             3.1485e-8       7.0509e-9        #dY:22.4%  
  5.3             2.93655e-8      7.02064e-9       #dY:23.9%  
  5.4             2.73826e-8      6.54657e-9       #dY:23.9%  
  5.5             2.55281e-8      6.45629e-9       #dY:25.3%  
  5.6             2.37942e-8      6.01777e-9       #dY:25.3%  
  5.7             2.21735e-8      5.92481e-9       #dY:26.7%  
  5.8             2.06591e-8      5.52016e-9       #dY:26.7%  
  5.9             1.92445e-8      5.40933e-9       #dY:28.1%  
  6               1.79233e-8      5.03796e-9       #dY:28.1%  
  6.1             1.66898e-8      4.91605e-9       #dY:29.5%  
  6.2             1.55385e-8      4.57693e-9       #dY:29.5%  
  6.3             1.44641e-8      4.44944e-9       #dY:30.8%  
  6.4             1.34616e-8      4.14105e-9       #dY:30.8%  
  6.5             1.25266e-8      4.02226e-9       #dY:32.1%  
  6.6             1.16547e-8      3.7423e-9        #dY:32.1%  
  6.7             1.08417e-8      3.62281e-9       #dY:33.4%  
  6.8             1.00839e-8      3.36959e-9       #dY:33.4%  
  6.9             9.37769e-9      3.24468e-9       #dY:34.6%  
  7               8.71963e-9      3.01699e-9       #dY:34.6%  
  7.1             8.10657e-9      2.90429e-9       #dY:35.8%  
  7.2             7.53556e-9      2.69972e-9       #dY:35.8%  
  7.3             7.0038e-9       2.59221e-9       #dY:37.0%  
  7.4             6.50868e-9      2.40895e-9       #dY:37.0%  
  7.5             6.04775e-9      2.31219e-9       #dY:38.2%  
  7.6             5.61874e-9      2.14817e-9       #dY:38.2%  
  7.7             5.21949e-9      2.05323e-9       #dY:39.3%  
  7.8             4.848e-9        1.90709e-9       #dY:39.3%  
  7.9             4.5024e-9       1.81915e-9       #dY:40.4%  
  8               4.18093e-9      1.68926e-9       #dY:40.4%  
  8.1             3.88195e-9      1.6112e-9        #dY:41.5%  
  8.2             3.60392e-9      1.49581e-9       #dY:41.5%  
  8.3             3.34543e-9      1.4241e-9        #dY:42.6%  
  8.4             3.10512e-9      1.3218e-9        #dY:42.6%  
  8.5             2.88175e-9      1.2562e-9        #dY:43.6%  
  8.6             2.67416e-9      1.16571e-9       #dY:43.6%  
  8.7             2.48126e-9      1.10611e-9       #dY:44.6%  
  8.8             2.30203e-9      1.02621e-9       #dY:44.6%  
  8.9             2.13552e-9      9.7223e-10       #dY:45.5%  
  9               1.98084e-9      9.01809e-10      #dY:45.5%  
  9.1             1.83719e-9      8.53126e-10      #dY:46.4%  
  9.2             1.70378e-9      7.91175e-10      #dY:46.4%  
  9.3             1.57991e-9      7.48568e-10      #dY:47.4%  
  9.4             1.4649e-9       6.94075e-10      #dY:47.4%  
  9.5             1.35813e-9      6.55742e-10      #dY:48.3%  
  9.6             1.25902e-9      6.07889e-10      #dY:48.3%  
  9.7             1.16704e-9      5.72851e-10      #dY:49.1%  
  9.8             1.08168e-9      5.30951e-10      #dY:49.1%  
  9.9             1.00247e-9      5.00416e-10      #dY:49.9%  
  10              9.28973e-10     4.63728e-10      #dY:49.9%  
  10.1            8.60792e-10     4.36559e-10      #dY:50.7%  
  10.2            7.97545e-10     4.04483e-10      #dY:50.7%  
  10.3            7.38881e-10     3.80359e-10      #dY:51.5%  
  10.4            6.84474e-10     3.52351e-10      #dY:51.5%  
  10.5            6.3402e-10      3.31003e-10      #dY:52.2%  
  10.6            5.87236e-10     3.06578e-10      #dY:52.2%  
  10.7            5.43859e-10     2.88045e-10      #dY:53.0%  
  10.8            5.03646e-10     2.66747e-10      #dY:53.0%  
  10.9            4.66368e-10     2.50078e-10      #dY:53.6%  
  11              4.31815e-10     2.3155e-10       #dY:53.6%  
  11.1            3.99791e-10     2.1713e-10       #dY:54.3%  
  11.2            3.70113e-10     2.01011e-10      #dY:54.3%  
  11.3            3.42611e-10     1.88116e-10      #dY:54.9%  
  11.4            3.17129e-10     1.74125e-10      #dY:54.9%  
  11.5            2.9352e-10      1.62995e-10      #dY:55.5%  
  11.6            2.71649e-10     1.5085e-10       #dY:55.5%  
  11.7            2.51389e-10     1.41082e-10      #dY:56.1%  
  11.8            2.32622e-10     1.30549e-10      #dY:56.1%  
  11.9            2.15242e-10     1.22004e-10      #dY:56.7%  
  12              1.99145e-10     1.1288e-10       #dY:56.7%  
  12.1            1.84239e-10     1.05818e-10      #dY:57.4%  
  12.2            1.70437e-10     9.78909e-11      #dY:57.4%  
  12.3            1.57658e-10     9.0982e-11       #dY:57.7%  
  12.4            1.45828e-10     8.41551e-11      #dY:57.7%  
  12.5            1.34875e-10     7.81733e-11      #dY:58.0%  
  12.6            1.24737e-10     7.22974e-11      #dY:58.0%  
  12.7            1.15354e-10     6.77434e-11      #dY:58.7%  
  12.8            1.06669e-10     6.2643e-11       #dY:58.7%  
  12.9            9.86313e-11     5.81182e-11      #dY:58.9%  
  13              9.11935e-11     5.37355e-11      #dY:58.9%  
  13.1            8.43112e-11     5.0271e-11       #dY:59.6%  
  13.2            7.79434e-11     4.64742e-11      #dY:59.6%  
  13.3            7.20519e-11     4.30689e-11      #dY:59.8%  
  13.4            6.66016e-11     3.9811e-11       #dY:59.8%  
  13.5            6.15597e-11     3.71892e-11      #dY:60.4%  
  13.6            5.68961e-11     3.43719e-11      #dY:60.4%  
  13.7            5.25825e-11     3.18194e-11      #dY:60.5%  
  13.8            4.8593e-11      2.94053e-11      #dY:60.5%  
  13.9            4.49035e-11     2.74312e-11      #dY:61.1%  
  14              4.14917e-11     2.53469e-11      #dY:61.1%  
  14.1            3.83369e-11     2.34412e-11      #dY:61.1%  
  14.2            3.54198e-11     2.16575e-11      #dY:61.1%  
  14.3            3.27229e-11     2.01774e-11      #dY:61.7%  
  14.4            3.02295e-11     1.86399e-11      #dY:61.7%  
  14.5            2.79245e-11     1.72232e-11      #dY:61.7%  
  14.6            2.57939e-11     1.59091e-11      #dY:61.7%  
  14.7            2.38244e-11     1.48048e-11      #dY:62.1%  
  14.8            2.20041e-11     1.36736e-11      #dY:62.1%  
  14.9            2.03218e-11     1.26223e-11      #dY:62.1%  
  15              1.8767e-11      1.16566e-11      #dY:62.1%  
  15.1            1.73303e-11     1.08352e-11      #dY:62.5%  
  15.2            1.60027e-11     1.00052e-11      #dY:62.5%  
  15.3            1.4776e-11      9.29424e-12      #dY:62.9%  
  15.4            1.36426e-11     8.58132e-12      #dY:62.9%  
  15.5            1.25955e-11     7.91206e-12      #dY:62.8%  
  15.6            1.16281e-11     7.30437e-12      #dY:62.8%  
  15.7            1.07345e-11     6.77838e-12      #dY:63.1%  
  15.8            9.90906e-12     6.25715e-12      #dY:63.1%  
  15.9            9.14661e-12     5.76474e-12      #dY:63.0%  
  16              8.4424e-12      5.32091e-12      #dY:63.0%  
  16.1            7.79201e-12     4.93318e-12      #dY:63.3%  
  16.2            7.19137e-12     4.55291e-12      #dY:63.3%  
  16.3            6.63669e-12     4.21879e-12      #dY:63.6%  
  16.4            6.1245e-12      3.8932e-12       #dY:63.6%  
  16.5            5.65156e-12     3.58292e-12      #dY:63.4%  
  16.6            5.21488e-12     3.30608e-12      #dY:63.4%  
  16.7            4.81171e-12     3.06071e-12      #dY:63.6%  
  16.8            4.4395e-12      2.82395e-12      #dY:63.6%  
  16.9            4.09589e-12     2.61318e-12      #dY:63.8%  
  17              3.77869e-12     2.41081e-12      #dY:63.8%  
  17.1            3.48589e-12     2.21644e-12      #dY:63.6%  
  17.2            3.21563e-12     2.0446e-12       #dY:63.6%  
  17.3            2.96619e-12     1.89041e-12      #dY:63.7%  
  17.4            2.73597e-12     1.74368e-12      #dY:63.7%  
  17.5            2.5235e-12      1.61153e-12      #dY:63.9%  
  17.6            2.32743e-12     1.48632e-12      #dY:63.9%  
  17.7            2.14649e-12     1.36518e-12      #dY:63.6%  
  17.8            1.97953e-12     1.25899e-12      #dY:63.6%  
  17.9            1.82548e-12     1.16269e-12      #dY:63.7%  
  18              1.68334e-12     1.07215e-12      #dY:63.7%  
  18.1            1.5522e-12      9.89746e-13      #dY:63.8%  
  18.2            1.43121e-12     9.12598e-13      #dY:63.8%  
  18.3            1.3196e-12      8.37489e-13      #dY:63.5%  
  18.4            1.21664e-12     7.72145e-13      #dY:63.5%  
  18.5            1.12166e-12     7.12284e-13      #dY:63.5%  
  18.6            1.03405e-12     6.56649e-13      #dY:63.5%  
  18.7            9.53248e-13     6.05521e-13      #dY:63.5%  
  18.8            8.78721e-13     5.5818e-13       #dY:63.5%  
  18.9            8.09987e-13     5.11828e-13      #dY:63.2%  
  19              7.46598e-13     4.71772e-13      #dY:63.2%  
  19.1            6.88141e-13     4.34749e-13      #dY:63.2%  
  19.2            6.34235e-13     4.00692e-13      #dY:63.2%  
  19.3            5.84528e-13     3.69125e-13      #dY:63.1%  
  19.4            5.38695e-13     3.40182e-13      #dY:63.1%  
  19.5            4.96436e-13     3.13266e-13      #dY:63.1%  
  19.6            4.57473e-13     2.88679e-13      #dY:63.1%  
  19.7            4.21552e-13     2.6575e-13       #dY:63.0%  
  19.8            3.88435e-13     2.44873e-13      #dY:63.0%  
  19.9            3.57906e-13     2.2425e-13       #dY:62.7%  
  20              3.29764e-13     2.06617e-13      #dY:62.7%  
  20.2            0.00            0.00                        
//
#-------------------------------------------------------------------------------
#
#name:   JENDL-4.0: TH-232(N,F) E_in=4.5 MeV
#X.axis: Energy
#Y.axis: 
#wdata:  3
#ldata:  352
#data...
# X               Y               +-dY           
# MeV             1/eV            1/eV           
  0.00            0.00            0.00                        
  1.00e-11        2.10295e-12     0.00                        
  1.20e-11        2.30366e-12     0.00                        
  1.40e-11        2.48824e-12     0.00                        
  1.60e-11        2.66004e-12     0.00                        
  1.80e-11        2.8214e-12      0.00                        
  2.20e-11        3.11918e-12     0.00                        
  2.50e-11        3.32505e-12     0.00                        
  2.90e-11        3.58119e-12     0.00                        
  3.40e-11        3.87765e-12     2.26951e-13      #dY:5.9%   
  4.00e-11        4.2059e-12      2.46163e-13      #dY:5.9%   
  4.60e-11        4.51032e-12     2.6398e-13       #dY:5.9%   
  5.40e-11        4.88681e-12     2.86015e-13      #dY:5.9%   
  6.30e-11        5.27836e-12     3.08932e-13      #dY:5.9%   
  7.40e-11        5.72064e-12     3.34818e-13      #dY:5.9%   
  8.60e-11        6.16705e-12     3.60945e-13      #dY:5.9%   
  1.00e-10        6.65011e-12     4.54916e-13      #dY:6.8%   
  1.20e-10        7.28483e-12     4.98335e-13      #dY:6.8%   
  1.40e-10        7.86851e-12     5.38263e-13      #dY:6.8%   
  1.60e-10        8.41179e-12     5.75427e-13      #dY:6.8%   
  1.80e-10        8.92205e-12     6.10333e-13      #dY:6.8%   
  2.20e-10        9.8637e-12      6.74748e-13      #dY:6.8%   
  2.50e-10        1.05147e-11     7.19282e-13      #dY:6.8%   
  2.90e-10        1.13247e-11     7.74691e-13      #dY:6.8%   
  3.40e-10        1.22622e-11     8.31687e-13      #dY:6.8%   
  4.00e-10        1.33002e-11     9.02089e-13      #dY:6.8%   
  4.60e-10        1.42629e-11     9.67385e-13      #dY:6.8%   
  5.40e-10        1.54534e-11     1.04813e-12      #dY:6.8%   
  6.30e-10        1.66916e-11     1.13211e-12      #dY:6.8%   
  7.40e-10        1.80902e-11     1.22697e-12      #dY:6.8%   
  8.60e-10        1.95019e-11     1.32272e-12      #dY:6.8%   
  1.00e-9         2.10295e-11     1.42633e-12      #dY:6.8%   
  1.20e-9         2.30366e-11     1.57588e-12      #dY:6.8%   
  1.40e-9         2.48824e-11     1.70214e-12      #dY:6.8%   
  1.60e-9         2.66004e-11     1.81967e-12      #dY:6.8%   
  1.80e-9         2.8214e-11      1.93005e-12      #dY:6.8%   
  2.20e-9         3.11918e-11     2.13375e-12      #dY:6.8%   
  2.50e-9         3.32505e-11     2.27458e-12      #dY:6.8%   
  2.90e-9         3.58119e-11     2.4498e-12       #dY:6.8%   
  3.40e-9         3.87764e-11     2.62998e-12      #dY:6.8%   
  4.00e-9         4.20589e-11     2.85262e-12      #dY:6.8%   
  4.60e-9         4.51032e-11     3.0591e-12       #dY:6.8%   
  5.40e-9         4.88681e-11     3.31445e-12      #dY:6.8%   
  6.30e-9         5.27835e-11     3.58001e-12      #dY:6.8%   
  7.40e-9         5.72063e-11     3.87998e-12      #dY:6.8%   
  8.60e-9         6.16705e-11     4.18276e-12      #dY:6.8%   
  1.00e-8         6.6501e-11      4.54915e-12      #dY:6.8%   
  1.20e-8         7.28482e-11     4.98335e-12      #dY:6.8%   
  1.40e-8         7.8685e-11      5.38263e-12      #dY:6.8%   
  1.60e-8         8.41178e-11     5.75427e-12      #dY:6.8%   
  1.80e-8         8.92204e-11     6.10333e-12      #dY:6.8%   
  2.20e-8         9.86369e-11     6.74749e-12      #dY:6.8%   
  2.50e-8         1.05147e-10     7.19282e-12      #dY:6.8%   
  2.90e-8         1.13247e-10     7.74692e-12      #dY:6.8%   
  3.40e-8         1.22622e-10     8.31687e-12      #dY:6.8%   
  4.00e-8         1.33002e-10     9.0209e-12       #dY:6.8%   
  4.60e-8         1.42629e-10     9.67386e-12      #dY:6.8%   
  5.40e-8         1.54534e-10     1.04813e-11      #dY:6.8%   
  6.30e-8         1.66916e-10     1.13211e-11      #dY:6.8%   
  7.40e-8         1.80902e-10     1.22697e-11      #dY:6.8%   
  8.60e-8         1.95019e-10     1.32272e-11      #dY:6.8%   
  1.00e-7         2.10294e-10     1.42633e-11      #dY:6.8%   
  1.20e-7         2.30366e-10     1.57588e-11      #dY:6.8%   
  1.40e-7         2.48823e-10     1.70214e-11      #dY:6.8%   
  1.60e-7         2.66003e-10     1.81966e-11      #dY:6.8%   
  1.80e-7         2.82139e-10     1.93004e-11      #dY:6.8%   
  2.20e-7         3.11916e-10     2.13374e-11      #dY:6.8%   
  2.50e-7         3.32504e-10     2.27458e-11      #dY:6.8%   
  2.90e-7         3.58117e-10     2.44979e-11      #dY:6.8%   
  3.40e-7         3.87762e-10     2.62998e-11      #dY:6.8%   
  4.00e-7         4.20587e-10     2.85262e-11      #dY:6.8%   
  4.60e-7         4.51029e-10     3.05909e-11      #dY:6.8%   
  5.40e-7         4.88677e-10     3.31444e-11      #dY:6.8%   
  6.30e-7         5.27832e-10     3.58e-11         #dY:6.8%   
  7.40e-7         5.72059e-10     3.87997e-11      #dY:6.8%   
  8.60e-7         6.167e-10       4.18275e-11      #dY:6.8%   
  1.00e-6         6.65004e-10     4.51037e-11      #dY:6.8%   
  1.20e-6         7.28474e-10     4.98333e-11      #dY:6.8%   
  1.40e-6         7.86841e-10     5.38261e-11      #dY:6.8%   
  1.60e-6         8.41168e-10     5.75424e-11      #dY:6.8%   
  1.80e-6         8.92193e-10     6.1033e-11       #dY:6.8%   
  2.20e-6         9.86355e-10     6.74744e-11      #dY:6.8%   
  2.50e-6         1.05146e-9      7.19281e-11      #dY:6.8%   
  2.90e-6         1.13245e-9      7.74684e-11      #dY:6.8%   
  3.40e-6         1.22619e-9      8.31668e-11      #dY:6.8%   
  4.00e-6         1.32999e-9      9.02071e-11      #dY:6.8%   
  4.60e-6         1.42626e-9      9.67366e-11      #dY:6.8%   
  5.40e-6         1.54531e-9      1.04811e-10      #dY:6.8%   
  6.30e-6         1.66912e-9      1.13209e-10      #dY:6.8%   
  7.40e-6         1.80897e-9      1.22694e-10      #dY:6.8%   
  8.60e-6         1.95013e-9      1.32268e-10      #dY:6.8%   
  1.00e-5         2.10287e-9      1.42628e-10      #dY:6.8%   
  1.20e-5         2.30357e-9      1.57586e-10      #dY:6.8%   
  1.40e-5         2.48814e-9      1.70212e-10      #dY:6.8%   
  1.60e-5         2.65992e-9      1.81963e-10      #dY:6.8%   
  1.80e-5         2.82126e-9      1.93001e-10      #dY:6.8%   
  2.20e-5         3.119e-9        2.13369e-10      #dY:6.8%   
  2.50e-5         3.32485e-9      2.27451e-10      #dY:6.8%   
  2.90e-5         3.58096e-9      2.44971e-10      #dY:6.8%   
  3.40e-5         3.87737e-9      2.62983e-10      #dY:6.8%   
  4.00e-5         4.20556e-9      2.85242e-10      #dY:6.8%   
  4.60e-5         4.50993e-9      3.05886e-10      #dY:6.8%   
  5.40e-5         4.88635e-9      3.31417e-10      #dY:6.8%   
  6.30e-5         5.27781e-9      3.57968e-10      #dY:6.8%   
  7.40e-5         5.71998e-9      3.87958e-10      #dY:6.8%   
  8.60e-5         6.16627e-9      4.18228e-10      #dY:6.8%   
  1.00e-4         6.64917e-9      4.5098e-10       #dY:6.8%   
  1.20e-4         7.28367e-9      4.98274e-10      #dY:6.8%   
  1.40e-4         7.86713e-9      5.38188e-10      #dY:6.8%   
  1.60e-4         8.41017e-9      5.75337e-10      #dY:6.8%   
  1.80e-4         8.92019e-9      6.10228e-10      #dY:6.8%   
  2.20e-4         9.86133e-9      6.74611e-10      #dY:6.8%   
  2.50e-4         1.0512e-8       7.19123e-10      #dY:6.8%   
  2.90e-4         1.13214e-8      7.74494e-10      #dY:6.8%   
  3.40e-4         1.22582e-8      8.31485e-10      #dY:6.8%   
  4.00e-4         1.32953e-8      9.01833e-10      #dY:6.8%   
  4.60e-4         1.4257e-8       9.67066e-10      #dY:6.8%   
  5.40e-4         1.54463e-8      1.04774e-9       #dY:6.8%   
  6.30e-4         1.66829e-8      1.13162e-9       #dY:6.8%   
  7.40e-4         1.80795e-8      1.22635e-9       #dY:6.8%   
  8.60e-4         1.94889e-8      1.32195e-9       #dY:6.8%   
  1.00e-3         2.10135e-8      1.42537e-9       #dY:6.8%   
  1.20e-3         2.30164e-8      1.57313e-9       #dY:6.8%   
  1.40e-3         2.48575e-8      1.69897e-9       #dY:6.8%   
  1.60e-3         2.65707e-8      1.81606e-9       #dY:6.8%   
  1.80e-3         2.81791e-8      1.92599e-9       #dY:6.8%   
  2.20e-3         3.1146e-8       2.12878e-9       #dY:6.8%   
  2.50e-3         3.3196e-8       2.26889e-9       #dY:6.8%   
  2.90e-3         3.5745e-8       2.44311e-9       #dY:6.8%   
  3.40e-3         3.8693e-8       2.62307e-9       #dY:6.8%   
  4.00e-3         4.19544e-8      2.84416e-9       #dY:6.8%   
  4.60e-3         4.4976e-8       3.049e-9         #dY:6.8%   
  5.40e-3         4.87087e-8      3.30205e-9       #dY:6.8%   
  6.30e-3         5.25854e-8      3.56486e-9       #dY:6.8%   
  7.40e-3         5.69572e-8      3.86123e-9       #dY:6.8%   
  8.60e-3         6.13618e-8      4.15982e-9       #dY:6.8%   
  0.01            6.61179e-8      4.48225e-9       #dY:6.8%   
  0.012           7.23501e-8      4.95355e-9       #dY:6.8%   
  0.014           7.80628e-8      5.34468e-9       #dY:6.8%   
  0.016           8.33628e-8      5.70755e-9       #dY:6.8%   
  0.018           8.83246e-8      6.04727e-9       #dY:6.8%   
  0.022           9.7437e-8       6.67117e-9       #dY:6.8%   
  0.025           1.03701e-7      7.10004e-9       #dY:6.8%   
  0.029           1.1145e-7       7.63059e-9       #dY:6.8%   
  0.034           1.20353e-7      8.21592e-9       #dY:6.8%   
  0.04            1.30121e-7      8.88273e-9       #dY:6.8%   
  0.046           1.39089e-7      9.49494e-9       #dY:6.8%   
  0.054           1.50051e-7      1.02433e-8       #dY:6.8%   
  0.063           1.61286e-7      1.10102e-8       #dY:6.8%   
  0.074           1.73759e-7      1.18617e-8       #dY:6.8%   
  0.086           1.86096e-7      1.27039e-8       #dY:6.8%   
  0.1             1.99137e-7      1.35941e-8       #dY:6.8%   
  0.2             2.66195e-7      1.86818e-8       #dY:7.0%   
  0.3             3.07365e-7      2.61303e-8       #dY:8.5%   
  0.4             3.33758e-7      2.83741e-8       #dY:8.5%   
  0.5             3.50062e-7      3.09717e-8       #dY:8.8%   
  0.6             3.59174e-7      3.17779e-8       #dY:8.8%   
  0.7             3.62965e-7      3.47127e-8       #dY:9.6%   
  0.8             3.62691e-7      3.46865e-8       #dY:9.6%   
  0.9             3.59246e-7      3.28964e-8       #dY:9.2%   
  1               3.53289e-7      3.23509e-8       #dY:9.2%   
  1.1             3.45312e-7      2.89712e-8       #dY:8.4%   
  1.2             3.35709e-7      2.81655e-8       #dY:8.4%   
  1.3             3.24913e-7      2.41107e-8       #dY:7.4%   
  1.4             3.1329e-7       2.32482e-8       #dY:7.4%   
  1.5             3.01126e-7      1.87612e-8       #dY:6.2%   
  1.6             2.88643e-7      1.79835e-8       #dY:6.2%   
  1.7             2.76022e-7      1.33186e-8       #dY:4.8%   
  1.8             2.63402e-7      1.27096e-8       #dY:4.8%   
  1.9             2.50897e-7      8.29539e-9       #dY:3.3%   
  2               2.38592e-7      7.88855e-9       #dY:3.3%   
  2.1             2.26557e-7      3.99091e-9       #dY:1.8%   
  2.2             2.14844e-7      3.78458e-9       #dY:1.8%   
  2.3             2.03491e-7      1.13642e-9       #dY:0.6%   
  2.4             1.92526e-7      1.07519e-9       #dY:0.6%   
  2.5             1.8197e-7       3.09537e-9       #dY:1.7%   
  2.6             1.71834e-7      2.92295e-9       #dY:1.7%   
  2.7             1.62125e-7      5.38071e-9       #dY:3.3%   
  2.8             1.52844e-7      5.07269e-9       #dY:3.3%   
  2.9             1.43989e-7      7.133e-9         #dY:5.0%   
  3               1.35555e-7      6.71519e-9       #dY:5.0%   
  3.1             1.27534e-7      8.40463e-9       #dY:6.6%   
  3.2             1.19916e-7      7.9026e-9        #dY:6.6%   
  3.3             1.1269e-7       9.26978e-9       #dY:8.2%   
  3.4             1.05844e-7      8.70663e-9       #dY:8.2%   
  3.5             9.93648e-8      9.77979e-9       #dY:9.8%   
  3.6             9.32384e-8      9.17681e-9       #dY:9.8%   
  3.7             8.7451e-8       1.00439e-8       #dY:11.5%  
  3.8             8.19882e-8      9.41652e-9       #dY:11.5%  
  3.9             7.68359e-8      1.00395e-8       #dY:13.1%  
  4               7.198e-8        9.40507e-9       #dY:13.1%  
  4.1             6.74065e-8      9.84459e-9       #dY:14.6%  
  4.2             6.31017e-8      9.21588e-9       #dY:14.6%  
  4.3             5.90521e-8      9.50819e-9       #dY:16.1%  
  4.4             5.52449e-8      8.89518e-9       #dY:16.1%  
  4.5             5.16674e-8      9.11785e-9       #dY:17.6%  
  4.6             4.83074e-8      8.52491e-9       #dY:17.6%  
  4.7             4.51531e-8      8.6461e-9        #dY:19.1%  
  4.8             4.21934e-8      8.07937e-9       #dY:19.1%  
  4.9             3.94174e-8      8.12159e-9       #dY:20.6%  
  5               3.68147e-8      7.58533e-9       #dY:20.6%  
  5.1             3.43756e-8      7.56835e-9       #dY:22.0%  
  5.2             3.20904e-8      7.06522e-9       #dY:22.0%  
  5.3             2.99504e-8      7.03027e-9       #dY:23.5%  
  5.4             2.79469e-8      6.55998e-9       #dY:23.5%  
  5.5             2.60718e-8      6.46518e-9       #dY:24.8%  
  5.6             2.43175e-8      6.03015e-9       #dY:24.8%  
  5.7             2.26767e-8      5.93304e-9       #dY:26.2%  
  5.8             2.11425e-8      5.53164e-9       #dY:26.2%  
  5.9             1.97083e-8      5.41689e-9       #dY:27.5%  
  6               1.8368e-8       5.04851e-9       #dY:27.5%  
  6.1             1.71157e-8      4.92297e-9       #dY:28.8%  
  6.2             1.59461e-8      4.58656e-9       #dY:28.8%  
  6.3             1.48538e-8      4.45572e-9       #dY:30.0%  
  6.4             1.3834e-8       4.14981e-9       #dY:30.0%  
  6.5             1.28822e-8      4.02801e-9       #dY:31.3%  
  6.6             1.19939e-8      3.75026e-9       #dY:31.3%  
  6.7             1.11652e-8      3.62802e-9       #dY:32.5%  
  6.8             1.03921e-8      3.37681e-9       #dY:32.5%  
  6.9             9.67115e-9      3.24935e-9       #dY:33.6%  
  7               8.99889e-9      3.02348e-9       #dY:33.6%  
  7.1             8.37217e-9      2.9085e-9        #dY:34.7%  
  7.2             7.78802e-9      2.70557e-9       #dY:34.7%  
  7.3             7.24363e-9      2.59598e-9       #dY:35.8%  
  7.4             6.7364e-9       2.4142e-9        #dY:35.8%  
  7.5             6.26386e-9      2.31558e-9       #dY:37.0%  
  7.6             5.82372e-9      2.15287e-9       #dY:37.0%  
  7.7             5.41383e-9      2.05625e-9       #dY:38.0%  
  7.8             5.03216e-9      1.91129e-9       #dY:38.0%  
  7.9             4.67683e-9      1.82184e-9       #dY:39.0%  
  8               4.34607e-9      1.69299e-9       #dY:39.0%  
  8.1             4.03823e-9      1.6136e-9        #dY:40.0%  
  8.2             3.75177e-9      1.49913e-9       #dY:40.0%  
  8.3             3.48523e-9      1.42623e-9       #dY:40.9%  
  8.4             3.23726e-9      1.32475e-9       #dY:40.9%  
  8.5             3.00661e-9      1.25809e-9       #dY:41.8%  
  8.6             2.79209e-9      1.16833e-9       #dY:41.8%  
  8.7             2.5926e-9       1.10778e-9       #dY:42.7%  
  8.8             2.40711e-9      1.02852e-9       #dY:42.7%  
  8.9             2.23466e-9      9.73701e-10      #dY:43.6%  
  9               2.07436e-9      9.03854e-10      #dY:43.6%  
  9.1             1.92536e-9      8.54426e-10      #dY:44.4%  
  9.2             1.78689e-9      7.92976e-10      #dY:44.4%  
  9.3             1.65821e-9      7.49707e-10      #dY:45.2%  
  9.4             1.53866e-9      6.95656e-10      #dY:45.2%  
  9.5             1.42759e-9      6.56749e-10      #dY:46.0%  
  9.6             1.32441e-9      6.09282e-10      #dY:46.0%  
  9.7             1.22858e-9      5.73732e-10      #dY:46.7%  
  9.8             1.13958e-9      5.32171e-10      #dY:46.7%  
  9.9             1.05693e-9      5.01188e-10      #dY:47.4%  
  10              9.80193e-10     4.648e-10        #dY:47.4%  
  10.1            9.08946e-10     4.37239e-10      #dY:48.1%  
  10.2            8.42804e-10     4.05422e-10      #dY:48.1%  
  10.3            7.81409e-10     3.80952e-10      #dY:48.8%  
  10.4            7.24426e-10     3.53172e-10      #dY:48.8%  
  10.5            6.71542e-10     3.3152e-10       #dY:49.4%  
  10.6            6.22468e-10     3.07294e-10      #dY:49.4%  
  10.7            5.76933e-10     2.88497e-10      #dY:50.0%  
  10.8            5.34687e-10     2.67372e-10      #dY:50.0%  
  10.9            4.95495e-10     2.50473e-10      #dY:50.6%  
  11              4.59139e-10     2.32095e-10      #dY:50.6%  
  11.1            4.25418e-10     2.17473e-10      #dY:51.1%  
  11.2            3.94144e-10     2.01485e-10      #dY:51.1%  
  11.3            3.65141e-10     1.88415e-10      #dY:51.6%  
  11.4            3.38247e-10     1.74537e-10      #dY:51.6%  
  11.5            3.13311e-10     1.63255e-10      #dY:52.1%  
  11.6            2.90192e-10     1.51209e-10      #dY:52.1%  
  11.7            2.68759e-10     1.41307e-10      #dY:52.6%  
  11.8            2.48891e-10     1.3086e-10       #dY:52.6%  
  11.9            2.30476e-10     1.22199e-10      #dY:53.0%  
  12              2.13408e-10     1.13149e-10      #dY:53.0%  
  12.1            1.97591e-10     1.05989e-10      #dY:53.6%  
  12.2            1.82933e-10     9.81261e-11      #dY:53.6%  
  12.3            1.69351e-10     9.11287e-11      #dY:53.8%  
  12.4            1.56767e-10     8.43572e-11      #dY:53.8%  
  12.5            1.45108e-10     7.82998e-11      #dY:54.0%  
  12.6            1.34307e-10     7.24716e-11      #dY:54.0%  
  12.7            1.24302e-10     6.78526e-11      #dY:54.6%  
  12.8            1.15035e-10     6.2794e-11       #dY:54.6%  
  12.9            1.06452e-10     5.82127e-11      #dY:54.7%  
  13              9.85035e-11     5.38661e-11      #dY:54.7%  
  13.1            9.11424e-11     5.03532e-11      #dY:55.2%  
  13.2            8.43261e-11     4.65874e-11      #dY:55.2%  
  13.3            7.80147e-11     4.31393e-11      #dY:55.3%  
  13.4            7.21713e-11     3.99081e-11      #dY:55.3%  
  13.5            6.67615e-11     3.72503e-11      #dY:55.8%  
  13.6            6.17534e-11     3.44559e-11      #dY:55.8%  
  13.7            5.71176e-11     3.18717e-11      #dY:55.8%  
  13.8            5.28267e-11     2.94774e-11      #dY:55.8%  
  13.9            4.88552e-11     2.74764e-11      #dY:56.2%  
  14              4.51797e-11     2.54093e-11      #dY:56.2%  
  14.1            4.17783e-11     2.34799e-11      #dY:56.2%  
  14.2            3.86307e-11     2.17109e-11      #dY:56.2%  
  14.3            3.57183e-11     2.02108e-11      #dY:56.6%  
  14.4            3.30235e-11     1.8686e-11       #dY:56.6%  
  14.5            3.05304e-11     1.72519e-11      #dY:56.5%  
  14.6            2.82239e-11     1.59485e-11      #dY:56.5%  
  14.7            2.60902e-11     1.48294e-11      #dY:56.8%  
  14.8            2.41165e-11     1.37076e-11      #dY:56.8%  
  14.9            2.22909e-11     1.26434e-11      #dY:56.7%  
  15              2.06023e-11     1.16856e-11      #dY:56.7%  
  15.1            1.90407e-11     1.08533e-11      #dY:57.0%  
  15.2            1.75965e-11     1.00301e-11      #dY:57.0%  
  15.3            1.6261e-11      9.30982e-12      #dY:57.3%  
  15.4            1.50261e-11     8.60281e-12      #dY:57.3%  
  15.5            1.38842e-11     7.92535e-12      #dY:57.1%  
  15.6            1.28284e-11     7.32268e-12      #dY:57.1%  
  15.7            1.18524e-11     6.78982e-12      #dY:57.3%  
  15.8            1.095e-11       6.27287e-12      #dY:57.3%  
  15.9            1.01158e-11     5.77445e-12      #dY:57.1%  
  16              9.34472e-12     5.33429e-12      #dY:57.1%  
  16.1            8.63197e-12     4.94152e-12      #dY:57.2%  
  16.2            7.9732e-12      4.5644e-12       #dY:57.2%  
  16.3            7.36434e-12     4.22595e-12      #dY:57.4%  
  16.4            6.80164e-12     3.90305e-12      #dY:57.4%  
  16.5            6.28164e-12     3.58901e-12      #dY:57.1%  
  16.6            5.80112e-12     3.31446e-12      #dY:57.1%  
  16.7            5.35709e-12     3.06592e-12      #dY:57.2%  
  16.8            4.94683e-12     2.83113e-12      #dY:57.2%  
  16.9            4.56776e-12     2.61764e-12      #dY:57.3%  
  17              4.21755e-12     2.41694e-12      #dY:57.3%  
  17.1            3.89401e-12     2.22023e-12      #dY:57.0%  
  17.2            3.59512e-12     2.04982e-12      #dY:57.0%  
  17.3            3.31902e-12     1.89364e-12      #dY:57.1%  
  17.4            3.06399e-12     1.74814e-12      #dY:57.1%  
  17.5            2.82843e-12     1.6143e-12       #dY:57.1%  
  17.6            2.61086e-12     1.49012e-12      #dY:57.1%  
  17.7            2.40992e-12     1.36753e-12      #dY:56.7%  
  17.8            2.22434e-12     1.26222e-12      #dY:56.7%  
  17.9            2.05297e-12     1.16469e-12      #dY:56.7%  
  18              1.89472e-12     1.07491e-12      #dY:56.7%  
  18.1            1.74859e-12     9.91455e-13      #dY:56.7%  
  18.2            1.61366e-12     9.14949e-13      #dY:56.7%  
  18.3            1.48908e-12     8.38936e-13      #dY:56.3%  
  18.4            1.37406e-12     7.74135e-13      #dY:56.3%  
  18.5            1.26787e-12     7.13519e-13      #dY:56.3%  
  18.6            1.16983e-12     6.58345e-13      #dY:56.3%  
  18.7            1.07934e-12     6.06574e-13      #dY:56.2%  
  18.8            9.95798e-13     5.59624e-13      #dY:56.2%  
  18.9            9.18688e-13     5.12716e-13      #dY:55.8%  
  19              8.47514e-13     4.72994e-13      #dY:55.8%  
  19.1            7.81822e-13     4.35506e-13      #dY:55.7%  
  19.2            7.21194e-13     4.01733e-13      #dY:55.7%  
  19.3            6.6524e-13      3.6977e-13       #dY:55.6%  
  19.4            6.13602e-13     3.41067e-13      #dY:55.6%  
  19.5            5.65951e-13     3.13813e-13      #dY:55.4%  
  19.6            5.21979e-13     2.89431e-13      #dY:55.4%  
  19.7            4.81405e-13     2.66215e-13      #dY:55.3%  
  19.8            4.43968e-13     2.45512e-13      #dY:55.3%  
  19.9            4.09426e-13     2.24644e-13      #dY:54.9%  
  20              3.77557e-13     2.07158e-13      #dY:54.9%  
  20.2            0.00            0.00                        
//
#-------------------------------------------------------------------------------
#
#name:   JENDL-4.0: TH-232(N,F) E_in=5. MeV
#X.axis: Energy
#Y.axis: 
#wdata:  3
#ldata:  352
#data...
# X               Y               +-dY           
# MeV             1/eV            1/eV           
  0.00            0.00            0.00                        
  1.00e-11        2.08694e-12     0.00                        
  1.20e-11        2.28613e-12     0.00                        
  1.40e-11        2.4693e-12      0.00                        
  1.60e-11        2.63979e-12     0.00                        
  1.80e-11        2.79992e-12     0.00                        
  2.20e-11        3.09543e-12     0.00                        
  2.50e-11        3.29974e-12     0.00                        
  2.90e-11        3.55393e-12     0.00                        
  3.40e-11        3.84813e-12     2.26951e-13      #dY:5.9%   
  4.00e-11        4.17388e-12     2.46163e-13      #dY:5.9%   
  4.60e-11        4.47599e-12     2.6398e-13       #dY:5.9%   
  5.40e-11        4.84961e-12     2.86015e-13      #dY:5.9%   
  6.30e-11        5.23818e-12     3.08932e-13      #dY:5.9%   
  7.40e-11        5.67709e-12     3.34817e-13      #dY:5.9%   
  8.60e-11        6.12011e-12     3.60945e-13      #dY:5.9%   
  1.00e-10        6.59948e-12     4.54915e-13      #dY:6.9%   
  1.20e-10        7.22937e-12     4.98335e-13      #dY:6.9%   
  1.40e-10        7.80862e-12     5.38264e-13      #dY:6.9%   
  1.60e-10        8.34776e-12     5.75428e-13      #dY:6.9%   
  1.80e-10        8.85414e-12     6.10333e-13      #dY:6.9%   
  2.20e-10        9.78862e-12     6.74749e-13      #dY:6.9%   
  2.50e-10        1.04347e-11     7.19284e-13      #dY:6.9%   
  2.90e-10        1.12385e-11     7.74692e-13      #dY:6.9%   
  3.40e-10        1.21688e-11     8.31682e-13      #dY:6.8%   
  4.00e-10        1.3199e-11      9.02092e-13      #dY:6.8%   
  4.60e-10        1.41543e-11     9.67382e-13      #dY:6.8%   
  5.40e-10        1.53358e-11     1.04813e-12      #dY:6.8%   
  6.30e-10        1.65646e-11     1.13212e-12      #dY:6.8%   
  7.40e-10        1.79525e-11     1.22697e-12      #dY:6.8%   
  8.60e-10        1.93535e-11     1.32272e-12      #dY:6.8%   
  1.00e-9         2.08694e-11     1.42633e-12      #dY:6.8%   
  1.20e-9         2.28613e-11     1.57588e-12      #dY:6.9%   
  1.40e-9         2.4693e-11      1.70214e-12      #dY:6.9%   
  1.60e-9         2.63979e-11     1.81966e-12      #dY:6.9%   
  1.80e-9         2.79992e-11     1.93004e-12      #dY:6.9%   
  2.20e-9         3.09543e-11     2.13375e-12      #dY:6.9%   
  2.50e-9         3.29974e-11     2.27458e-12      #dY:6.9%   
  2.90e-9         3.55393e-11     2.4498e-12       #dY:6.9%   
  3.40e-9         3.84813e-11     2.62999e-12      #dY:6.8%   
  4.00e-9         4.17388e-11     2.85262e-12      #dY:6.8%   
  4.60e-9         4.47599e-11     3.0591e-12       #dY:6.8%   
  5.40e-9         4.84961e-11     3.31445e-12      #dY:6.8%   
  6.30e-9         5.23817e-11     3.58001e-12      #dY:6.8%   
  7.40e-9         5.67709e-11     3.87999e-12      #dY:6.8%   
  8.60e-9         6.12011e-11     4.18277e-12      #dY:6.8%   
  1.00e-8         6.59948e-11     4.54915e-12      #dY:6.9%   
  1.20e-8         7.22937e-11     4.98335e-12      #dY:6.9%   
  1.40e-8         7.80861e-11     5.38263e-12      #dY:6.9%   
  1.60e-8         8.34775e-11     5.75427e-12      #dY:6.9%   
  1.80e-8         8.85413e-11     6.10333e-12      #dY:6.9%   
  2.20e-8         9.7886e-11      6.74748e-12      #dY:6.9%   
  2.50e-8         1.04347e-10     7.19285e-12      #dY:6.9%   
  2.90e-8         1.12385e-10     7.74692e-12      #dY:6.9%   
  3.40e-8         1.21688e-10     8.31683e-12      #dY:6.8%   
  4.00e-8         1.31989e-10     9.02086e-12      #dY:6.8%   
  4.60e-8         1.41543e-10     9.67383e-12      #dY:6.8%   
  5.40e-8         1.53358e-10     1.04813e-11      #dY:6.8%   
  6.30e-8         1.65645e-10     1.13211e-11      #dY:6.8%   
  7.40e-8         1.79525e-10     1.22697e-11      #dY:6.8%   
  8.60e-8         1.93534e-10     1.32272e-11      #dY:6.8%   
  1.00e-7         2.08693e-10     1.42632e-11      #dY:6.8%   
  1.20e-7         2.28612e-10     1.57588e-11      #dY:6.9%   
  1.40e-7         2.46929e-10     1.70214e-11      #dY:6.9%   
  1.60e-7         2.63978e-10     1.81966e-11      #dY:6.9%   
  1.80e-7         2.79991e-10     1.93004e-11      #dY:6.9%   
  2.20e-7         3.09542e-10     2.13375e-11      #dY:6.9%   
  2.50e-7         3.29973e-10     2.27458e-11      #dY:6.9%   
  2.90e-7         3.55391e-10     2.44979e-11      #dY:6.9%   
  3.40e-7         3.84811e-10     2.62999e-11      #dY:6.8%   
  4.00e-7         4.17385e-10     2.85261e-11      #dY:6.8%   
  4.60e-7         4.47596e-10     3.05909e-11      #dY:6.8%   
  5.40e-7         4.84958e-10     3.31444e-11      #dY:6.8%   
  6.30e-7         5.23814e-10     3.58e-11         #dY:6.8%   
  7.40e-7         5.67704e-10     3.87997e-11      #dY:6.8%   
  8.60e-7         6.12005e-10     4.18274e-11      #dY:6.8%   
  1.00e-6         6.59942e-10     4.51037e-11      #dY:6.8%   
  1.20e-6         7.22929e-10     4.98333e-11      #dY:6.9%   
  1.40e-6         7.80852e-10     5.38261e-11      #dY:6.9%   
  1.60e-6         8.34765e-10     5.75425e-11      #dY:6.9%   
  1.80e-6         8.85402e-10     6.1033e-11       #dY:6.9%   
  2.20e-6         9.78847e-10     6.74744e-11      #dY:6.9%   
  2.50e-6         1.04345e-9      7.19276e-11      #dY:6.9%   
  2.90e-6         1.12383e-9      7.74684e-11      #dY:6.9%   
  3.40e-6         1.21686e-9      8.31671e-11      #dY:6.8%   
  4.00e-6         1.31987e-9      9.02074e-11      #dY:6.8%   
  4.60e-6         1.4154e-9       9.67365e-11      #dY:6.8%   
  5.40e-6         1.53354e-9      1.04811e-10      #dY:6.8%   
  6.30e-6         1.65641e-9      1.13208e-10      #dY:6.8%   
  7.40e-6         1.7952e-9       1.22694e-10      #dY:6.8%   
  8.60e-6         1.93529e-9      1.32269e-10      #dY:6.8%   
  1.00e-5         2.08687e-9      1.42629e-10      #dY:6.8%   
  1.20e-5         2.28604e-9      1.57586e-10      #dY:6.9%   
  1.40e-5         2.4692e-9       1.70212e-10      #dY:6.9%   
  1.60e-5         2.63968e-9      1.81964e-10      #dY:6.9%   
  1.80e-5         2.79979e-9      1.93001e-10      #dY:6.9%   
  2.20e-5         3.09527e-9      2.1337e-10       #dY:6.9%   
  2.50e-5         3.29955e-9      2.27451e-10      #dY:6.9%   
  2.90e-5         3.55371e-9      2.44972e-10      #dY:6.9%   
  3.40e-5         3.84786e-9      2.62983e-10      #dY:6.8%   
  4.00e-5         4.17356e-9      2.85243e-10      #dY:6.8%   
  4.60e-5         4.47561e-9      3.05886e-10      #dY:6.8%   
  5.40e-5         4.84916e-9      3.31417e-10      #dY:6.8%   
  6.30e-5         5.23764e-9      3.57967e-10      #dY:6.8%   
  7.40e-5         5.67645e-9      3.87958e-10      #dY:6.8%   
  8.60e-5         6.11935e-9      4.18228e-10      #dY:6.8%   
  1.00e-4         6.59858e-9      4.50981e-10      #dY:6.8%   
  1.20e-4         7.22825e-9      4.98274e-10      #dY:6.9%   
  1.40e-4         7.80727e-9      5.38189e-10      #dY:6.9%   
  1.60e-4         8.34619e-9      5.75339e-10      #dY:6.9%   
  1.80e-4         8.85232e-9      6.10228e-10      #dY:6.9%   
  2.20e-4         9.78631e-9      6.74612e-10      #dY:6.9%   
  2.50e-4         1.0432e-8       7.19122e-10      #dY:6.9%   
  2.90e-4         1.12353e-8      7.74497e-10      #dY:6.9%   
  3.40e-4         1.21649e-8      8.31482e-10      #dY:6.8%   
  4.00e-4         1.31941e-8      9.01829e-10      #dY:6.8%   
  4.60e-4         1.41486e-8      9.6707e-10       #dY:6.8%   
  5.40e-4         1.53288e-8      1.04774e-9       #dY:6.8%   
  6.30e-4         1.6556e-8       1.13162e-9       #dY:6.8%   
  7.40e-4         1.7942e-8       1.22635e-9       #dY:6.8%   
  8.60e-4         1.93407e-8      1.32196e-9       #dY:6.8%   
  1.00e-3         2.08538e-8      1.42538e-9       #dY:6.8%   
  1.20e-3         2.28414e-8      1.57314e-9       #dY:6.9%   
  1.40e-3         2.46685e-8      1.69897e-9       #dY:6.9%   
  1.60e-3         2.63687e-8      1.81607e-9       #dY:6.9%   
  1.80e-3         2.79649e-8      1.926e-9         #dY:6.9%   
  2.20e-3         3.09092e-8      2.12878e-9       #dY:6.9%   
  2.50e-3         3.29437e-8      2.2689e-9        #dY:6.9%   
  2.90e-3         3.54733e-8      2.44312e-9       #dY:6.9%   
  3.40e-3         3.8399e-8       2.62307e-9       #dY:6.8%   
  4.00e-3         4.16356e-8      2.84417e-9       #dY:6.8%   
  4.60e-3         4.46343e-8      3.04901e-9       #dY:6.8%   
  5.40e-3         4.83387e-8      3.30207e-9       #dY:6.8%   
  6.30e-3         5.21859e-8      3.56487e-9       #dY:6.8%   
  7.40e-3         5.65246e-8      3.86125e-9       #dY:6.8%   
  8.60e-3         6.08957e-8      4.15985e-9       #dY:6.8%   
  0.01            6.56157e-8      4.48228e-9       #dY:6.8%   
  0.012           7.18007e-8      4.95357e-9       #dY:6.9%   
  0.014           7.747e-8        5.3447e-9        #dY:6.9%   
  0.016           8.27297e-8      5.70757e-9       #dY:6.9%   
  0.018           8.76538e-8      6.04728e-9       #dY:6.9%   
  0.022           9.6697e-8       6.67118e-9       #dY:6.9%   
  0.025           1.02914e-7      7.10009e-9       #dY:6.9%   
  0.029           1.10604e-7      7.63063e-9       #dY:6.9%   
  0.034           1.19439e-7      8.21591e-9       #dY:6.9%   
  0.04            1.29132e-7      8.88266e-9       #dY:6.9%   
  0.046           1.38033e-7      9.49494e-9       #dY:6.9%   
  0.054           1.48911e-7      1.02432e-8       #dY:6.9%   
  0.063           1.60061e-7      1.10102e-8       #dY:6.9%   
  0.074           1.72439e-7      1.18616e-8       #dY:6.9%   
  0.086           1.84683e-7      1.27039e-8       #dY:6.9%   
  0.1             1.97624e-7      1.35941e-8       #dY:6.9%   
  0.2             2.64173e-7      1.86818e-8       #dY:7.1%   
  0.3             3.05057e-7      2.61326e-8       #dY:8.6%   
  0.4             3.31305e-7      2.83812e-8       #dY:8.6%   
  0.5             3.47569e-7      3.0983e-8        #dY:8.9%   
  0.6             3.56715e-7      3.17983e-8       #dY:8.9%   
  0.7             3.60588e-7      3.47321e-8       #dY:9.6%   
  0.8             3.60431e-7      3.4717e-8        #dY:9.6%   
  0.9             3.57128e-7      3.29179e-8       #dY:9.2%   
  1               3.51332e-7      3.23836e-8       #dY:9.2%   
  1.1             3.43531e-7      2.89926e-8       #dY:8.4%   
  1.2             3.34115e-7      2.81979e-8       #dY:8.4%   
  1.3             3.23511e-7      2.41311e-8       #dY:7.5%   
  1.4             3.12081e-7      2.32785e-8       #dY:7.5%   
  1.5             3.00104e-7      1.87786e-8       #dY:6.3%   
  1.6             2.87804e-7      1.8009e-8        #dY:6.3%   
  1.7             2.75356e-7      1.33317e-8       #dY:4.8%   
  1.8             2.62901e-7      1.27287e-8       #dY:4.8%   
  1.9             2.50549e-7      8.30398e-9       #dY:3.3%   
  2               2.38387e-7      7.90089e-9       #dY:3.3%   
  2.1             2.26484e-7      3.99521e-9       #dY:1.8%   
  2.2             2.1489e-7       3.79069e-9       #dY:1.8%   
  2.3             2.03646e-7      1.13767e-9       #dY:0.6%   
  2.4             1.9278e-7       1.07697e-9       #dY:0.6%   
  2.5             1.82312e-7      3.09886e-9       #dY:1.7%   
  2.6             1.72254e-7      2.9279e-9        #dY:1.7%   
  2.7             1.62614e-7      5.3869e-9        #dY:3.3%   
  2.8             1.53393e-7      5.08143e-9       #dY:3.3%   
  2.9             1.44591e-7      7.14139e-9       #dY:4.9%   
  3               1.36201e-7      6.72701e-9       #dY:4.9%   
  3.1             1.28217e-7      8.41462e-9       #dY:6.6%   
  3.2             1.2063e-7       7.9167e-9        #dY:6.6%   
  3.3             1.13429e-7      9.28101e-9       #dY:8.2%   
  3.4             1.06602e-7      8.72241e-9       #dY:8.2%   
  3.5             1.00136e-7      9.79166e-9       #dY:9.8%   
  3.6             9.40196e-8      9.19358e-9       #dY:9.8%   
  3.7             8.82375e-8      1.00564e-8       #dY:11.4%  
  3.8             8.27765e-8      9.43398e-9       #dY:11.4%  
  3.9             7.76226e-8      1.00521e-8       #dY:12.9%  
  4               7.27621e-8      9.42268e-9       #dY:12.9%  
  4.1             6.81814e-8      9.85703e-9       #dY:14.5%  
  4.2             6.38671e-8      9.23331e-9       #dY:14.5%  
  4.3             5.9806e-8       9.52033e-9       #dY:15.9%  
  4.4             5.59856e-8      8.91217e-9       #dY:15.9%  
  4.5             5.23934e-8      9.1296e-9        #dY:17.4%  
  4.6             4.90174e-8      8.54133e-9       #dY:17.4%  
  4.7             4.58462e-8      8.65736e-9       #dY:18.9%  
  4.8             4.28686e-8      8.09508e-9       #dY:18.9%  
  4.9             4.0074e-8       8.13223e-9       #dY:20.3%  
  5               3.74522e-8      7.60019e-9       #dY:20.3%  
  5.1             3.49936e-8      7.57834e-9       #dY:21.7%  
  5.2             3.26887e-8      7.07918e-9       #dY:21.7%  
  5.3             3.05288e-8      7.03963e-9       #dY:23.1%  
  5.4             2.85053e-8      6.57303e-9       #dY:23.1%  
  5.5             2.66103e-8      6.47384e-9       #dY:24.3%  
  5.6             2.48363e-8      6.04225e-9       #dY:24.3%  
  5.7             2.31758e-8      5.94104e-9       #dY:25.6%  
  5.8             2.16222e-8      5.54278e-9       #dY:25.6%  
  5.9             2.0169e-8       5.42426e-9       #dY:26.9%  
  6               1.881e-8        5.05877e-9       #dY:26.9%  
  6.1             1.75394e-8      4.92972e-9       #dY:28.1%  
  6.2             1.63518e-8      4.59593e-9       #dY:28.1%  
  6.3             1.52421e-8      4.46186e-9       #dY:29.3%  
  6.4             1.42053e-8      4.15835e-9       #dY:29.3%  
  6.5             1.3237e-8       4.03361e-9       #dY:30.5%  
  6.6             1.23327e-8      3.75805e-9       #dY:30.5%  
  6.7             1.14884e-8      3.63307e-9       #dY:31.6%  
  6.8             1.07003e-8      3.38384e-9       #dY:31.6%  
  6.9             9.9648e-9       3.2539e-9        #dY:32.7%  
  7               9.27854e-9      3.02981e-9       #dY:32.7%  
  7.1             8.63833e-9      2.9126e-9        #dY:33.7%  
  7.2             8.04119e-9      2.71126e-9       #dY:33.7%  
  7.3             7.48431e-9      2.59966e-9       #dY:34.7%  
  7.4             6.96509e-9      2.41931e-9       #dY:34.7%  
  7.5             6.48105e-9      2.31888e-9       #dY:35.8%  
  7.6             6.02988e-9      2.15745e-9       #dY:35.8%  
  7.7             5.60942e-9      2.0592e-9        #dY:36.7%  
  7.8             5.21764e-9      1.91537e-9       #dY:36.7%  
  7.9             4.85265e-9      1.82446e-9       #dY:37.6%  
  8               4.51265e-9      1.69663e-9       #dY:37.6%  
  8.1             4.19599e-9      1.61593e-9       #dY:38.5%  
  8.2             3.90111e-9      1.50237e-9       #dY:38.5%  
  8.3             3.62655e-9      1.4283e-9        #dY:39.4%  
  8.4             3.37094e-9      1.32763e-9       #dY:39.4%  
  8.5             3.133e-9        1.25992e-9       #dY:40.2%  
  8.6             2.91156e-9      1.17087e-9       #dY:40.2%  
  8.7             2.70548e-9      1.1094e-9        #dY:41.0%  
  8.8             2.51373e-9      1.03077e-9       #dY:41.0%  
  8.9             2.33533e-9      9.75135e-10      #dY:41.8%  
  9               2.16937e-9      9.05837e-10      #dY:41.8%  
  9.1             2.01501e-9      8.55687e-10      #dY:42.5%  
  9.2             1.87146e-9      7.94727e-10      #dY:42.5%  
  9.3             1.73796e-9      7.50824e-10      #dY:43.2%  
  9.4             1.61383e-9      6.97198e-10      #dY:43.2%  
  9.5             1.49843e-9      6.57725e-10      #dY:43.9%  
  9.6             1.39116e-9      6.10639e-10      #dY:43.9%  
  9.7             1.29145e-9      5.74595e-10      #dY:44.5%  
  9.8             1.19877e-9      5.33359e-10      #dY:44.5%  
  9.9             1.11265e-9      5.0194e-10       #dY:45.1%  
  10              1.03263e-9      4.65841e-10      #dY:45.1%  
  10.1            9.58279e-10     4.37898e-10      #dY:45.7%  
  10.2            8.89207e-10     4.06335e-10      #dY:45.7%  
  10.3            8.25045e-10     3.81529e-10      #dY:46.2%  
  10.4            7.65449e-10     3.53969e-10      #dY:46.2%  
  10.5            7.101e-10       3.32024e-10      #dY:46.8%  
  10.6            6.587e-10       3.07991e-10      #dY:46.8%  
  10.7            6.10972e-10     2.88937e-10      #dY:47.3%  
  10.8            5.66657e-10     2.6798e-10       #dY:47.3%  
  10.9            5.25516e-10     2.50855e-10      #dY:47.7%  
  11              4.87324e-10     2.32624e-10      #dY:47.7%  
  11.1            4.51874e-10     2.17807e-10      #dY:48.2%  
  11.2            4.18971e-10     2.01947e-10      #dY:48.2%  
  11.3            3.88434e-10     1.88704e-10      #dY:48.6%  
  11.4            3.60097e-10     1.74938e-10      #dY:48.6%  
  11.5            3.33803e-10     1.63507e-10      #dY:49.0%  
  11.6            3.09407e-10     1.51557e-10      #dY:49.0%  
  11.7            2.86773e-10     1.41526e-10      #dY:49.4%  
  11.8            2.65776e-10     1.31163e-10      #dY:49.4%  
  11.9            2.46299e-10     1.22389e-10      #dY:49.7%  
  12              2.28234e-10     1.13412e-10      #dY:49.7%  
  12.1            2.11479e-10     1.06154e-10      #dY:50.2%  
  12.2            1.95941e-10     9.83542e-11      #dY:50.2%  
  12.3            1.81533e-10     9.12715e-11      #dY:50.3%  
  12.4            1.68173e-10     8.45543e-11      #dY:50.3%  
  12.5            1.55785e-10     7.84224e-11      #dY:50.3%  
  12.6            1.44301e-10     7.26413e-11      #dY:50.3%  
  12.7            1.33655e-10     6.79596e-11      #dY:50.8%  
  12.8            1.23786e-10     6.29415e-11      #dY:50.8%  
  12.9            1.14639e-10     5.83046e-11      #dY:50.9%  
  13              1.06161e-10     5.39927e-11      #dY:50.9%  
  13.1            9.83042e-11     5.04328e-11      #dY:51.3%  
  13.2            9.1023e-11      4.66974e-11      #dY:51.3%  
  13.3            8.4276e-11      4.32078e-11      #dY:51.3%  
  13.4            7.80244e-11     4.00026e-11      #dY:51.3%  
  13.5            7.22321e-11     3.73095e-11      #dY:51.7%  
  13.6            6.6866e-11      3.45378e-11      #dY:51.7%  
  13.7            6.18948e-11     3.19226e-11      #dY:51.6%  
  13.8            5.72898e-11     2.95475e-11      #dY:51.6%  
  13.9            5.30244e-11     2.75203e-11      #dY:51.9%  
  14              4.90738e-11     2.54699e-11      #dY:51.9%  
  14.1            4.54149e-11     2.35176e-11      #dY:51.8%  
  14.2            4.20264e-11     2.17629e-11      #dY:51.8%  
  14.3            3.88886e-11     2.02433e-11      #dY:52.1%  
  14.4            3.59831e-11     1.87309e-11      #dY:52.1%  
  14.5            3.32928e-11     1.72797e-11      #dY:51.9%  
  14.6            3.0802e-11      1.59869e-11      #dY:51.9%  
  14.7            2.84959e-11     1.48534e-11      #dY:52.1%  
  14.8            2.63611e-11     1.37406e-11      #dY:52.1%  
  14.9            2.4385e-11      1.26639e-11      #dY:51.9%  
  15              2.25557e-11     1.17138e-11      #dY:51.9%  
  15.1            2.08626e-11     1.08709e-11      #dY:52.1%  
  15.2            1.92956e-11     1.00544e-11      #dY:52.1%  
  15.3            1.78454e-11     9.32498e-12      #dY:52.3%  
  15.4            1.65033e-11     8.62368e-12      #dY:52.3%  
  15.5            1.52614e-11     7.93829e-12      #dY:52.0%  
  15.6            1.41122e-11     7.34053e-12      #dY:52.0%  
  15.7            1.30489e-11     6.8009e-12       #dY:52.1%  
  15.8            1.20651e-11     6.28816e-12      #dY:52.1%  
  15.9            1.11549e-11     5.7839e-12       #dY:51.9%  
  16              1.03129e-11     5.34732e-12      #dY:51.9%  
  16.1            9.53398e-12     4.94964e-12      #dY:51.9%  
  16.2            8.81346e-12     4.57557e-12      #dY:51.9%  
  16.3            8.14701e-12     4.2329e-12       #dY:52.0%  
  16.4            7.53059e-12     3.91263e-12      #dY:52.0%  
  16.5            6.96048e-12     3.59492e-12      #dY:51.6%  
  16.6            6.43322e-12     3.32261e-12      #dY:51.6%  
  16.7            5.94563e-12     3.07099e-12      #dY:51.7%  
  16.8            5.49474e-12     2.8381e-12       #dY:51.7%  
  16.9            5.07781e-12     2.62197e-12      #dY:51.6%  
  17              4.6923e-12      2.42291e-12      #dY:51.6%  
  17.1            4.33586e-12     2.22391e-12      #dY:51.3%  
  17.2            4.00632e-12     2.05489e-12      #dY:51.3%  
  17.3            3.70166e-12     1.89679e-12      #dY:51.2%  
  17.4            3.42001e-12     1.75247e-12      #dY:51.2%  
  17.5            3.15965e-12     1.61698e-12      #dY:51.2%  
  17.6            2.91899e-12     1.49382e-12      #dY:51.2%  
  17.7            2.69654e-12     1.36981e-12      #dY:50.8%  
  17.8            2.49093e-12     1.26536e-12      #dY:50.8%  
  17.9            2.3009e-12      1.16663e-12      #dY:50.7%  
  18              2.12528e-12     1.07759e-12      #dY:50.7%  
  18.1            1.96298e-12     9.93115e-13      #dY:50.6%  
  18.2            1.81299e-12     9.17232e-13      #dY:50.6%  
  18.3            1.6744e-12      8.40343e-13      #dY:50.2%  
  18.4            1.54633e-12     7.76068e-13      #dY:50.2%  
  18.5            1.428e-12       7.14714e-13      #dY:50.1%  
  18.6            1.31868e-12     6.60e-13         #dY:50.1%  
  18.7            1.21767e-12     6.07595e-13      #dY:49.9%  
  18.8            1.12435e-12     5.6103e-13       #dY:49.9%  
  18.9            1.03814e-12     5.13578e-13      #dY:49.5%  
  19              9.58509e-13     4.74184e-13      #dY:49.5%  
  19.1            8.84946e-13     4.36243e-13      #dY:49.3%  
  19.2            8.16997e-13     4.02747e-13      #dY:49.3%  
  19.3            7.54235e-13     3.70395e-13      #dY:49.1%  
  19.4            6.96267e-13     3.41928e-13      #dY:49.1%  
  19.5            6.4273e-13      3.14345e-13      #dY:48.9%  
  19.6            5.93286e-13     2.90163e-13      #dY:48.9%  
  19.7            5.47624e-13     2.66667e-13      #dY:48.7%  
  19.8            5.05458e-13     2.46134e-13      #dY:48.7%  
  19.9            4.6652e-13      2.25026e-13      #dY:48.2%  
  20              4.30566e-13     2.07683e-13      #dY:48.2%  
  20.2            0.00            0.00                        
//
#-------------------------------------------------------------------------------
#
#name:   JENDL-4.0: TH-232(N,F) E_in=5.5 MeV
#X.axis: Energy
#Y.axis: 
#wdata:  3
#ldata:  352
#data...
# X               Y               +-dY           
# MeV             1/eV            1/eV           
  0.00            0.00            0.00                        
  1.00e-11        2.07088e-12     0.00                        
  1.20e-11        2.26853e-12     0.00                        
  1.40e-11        2.4503e-12      0.00                        
  1.60e-11        2.61948e-12     0.00                        
  1.80e-11        2.77838e-12     0.00                        
  2.20e-11        3.07161e-12     0.00                        
  2.50e-11        3.27435e-12     0.00                        
  2.90e-11        3.52658e-12     0.00                        
  3.40e-11        3.81851e-12     1.86659e-13      #dY:4.9%   
  4.00e-11        4.14176e-12     2.02461e-13      #dY:4.9%   
  4.60e-11        4.44154e-12     2.17115e-13      #dY:4.9%   
  5.40e-11        4.81229e-12     2.35238e-13      #dY:4.9%   
  6.30e-11        5.19787e-12     2.54086e-13      #dY:4.9%   
  7.40e-11        5.6334e-12      2.75376e-13      #dY:4.9%   
  8.60e-11        6.07301e-12     2.96865e-13      #dY:4.9%   
  1.00e-10        6.54869e-12     3.74156e-13      #dY:5.7%   
  1.20e-10        7.17374e-12     4.09868e-13      #dY:5.7%   
  1.40e-10        7.74852e-12     4.42708e-13      #dY:5.7%   
  1.60e-10        8.28352e-12     4.73275e-13      #dY:5.7%   
  1.80e-10        8.786e-12       5.01984e-13      #dY:5.7%   
  2.20e-10        9.71328e-12     5.54963e-13      #dY:5.7%   
  2.50e-10        1.03544e-11     5.91593e-13      #dY:5.7%   
  2.90e-10        1.1152e-11      6.37164e-13      #dY:5.7%   
  3.40e-10        1.20752e-11     6.84026e-13      #dY:5.7%   
  4.00e-10        1.30974e-11     7.41931e-13      #dY:5.7%   
  4.60e-10        1.40454e-11     7.95632e-13      #dY:5.7%   
  5.40e-10        1.52178e-11     8.62045e-13      #dY:5.7%   
  6.30e-10        1.64371e-11     9.31115e-13      #dY:5.7%   
  7.40e-10        1.78144e-11     1.00914e-12      #dY:5.7%   
  8.60e-10        1.92045e-11     1.08788e-12      #dY:5.7%   
  1.00e-9         2.07088e-11     1.17309e-12      #dY:5.7%   
  1.20e-9         2.26853e-11     1.29614e-12      #dY:5.7%   
  1.40e-9         2.4503e-11      1.40e-12         #dY:5.7%   
  1.60e-9         2.61948e-11     1.49666e-12      #dY:5.7%   
  1.80e-9         2.77838e-11     1.58745e-12      #dY:5.7%   
  2.20e-9         3.07161e-11     1.75499e-12      #dY:5.7%   
  2.50e-9         3.27435e-11     1.87083e-12      #dY:5.7%   
  2.90e-9         3.52658e-11     2.01494e-12      #dY:5.7%   
  3.40e-9         3.81851e-11     2.16308e-12      #dY:5.7%   
  4.00e-9         4.14176e-11     2.34619e-12      #dY:5.7%   
  4.60e-9         4.44154e-11     2.516e-12        #dY:5.7%   
  5.40e-9         4.81229e-11     2.72602e-12      #dY:5.7%   
  6.30e-9         5.19787e-11     2.94444e-12      #dY:5.7%   
  7.40e-9         5.6334e-11      3.19116e-12      #dY:5.7%   
  8.60e-9         6.07301e-11     3.44019e-12      #dY:5.7%   
  1.00e-8         6.5487e-11      3.74154e-12      #dY:5.7%   
  1.20e-8         7.17374e-11     4.09865e-12      #dY:5.7%   
  1.40e-8         7.74852e-11     4.42705e-12      #dY:5.7%   
  1.60e-8         8.28352e-11     4.73272e-12      #dY:5.7%   
  1.80e-8         8.786e-11       5.0198e-12       #dY:5.7%   
  2.20e-8         9.71329e-11     5.5496e-12       #dY:5.7%   
  2.50e-8         1.03544e-10     5.9159e-12       #dY:5.7%   
  2.90e-8         1.1152e-10      6.3716e-12       #dY:5.7%   
  3.40e-8         1.20752e-10     6.84021e-12      #dY:5.7%   
  4.00e-8         1.30974e-10     7.41925e-12      #dY:5.7%   
  4.60e-8         1.40454e-10     7.95626e-12      #dY:5.7%   
  5.40e-8         1.52178e-10     8.62039e-12      #dY:5.7%   
  6.30e-8         1.64371e-10     9.31108e-12      #dY:5.7%   
  7.40e-8         1.78144e-10     1.00913e-11      #dY:5.7%   
  8.60e-8         1.92046e-10     1.08788e-11      #dY:5.7%   
  1.00e-7         2.07088e-10     1.17309e-11      #dY:5.7%   
  1.20e-7         2.26854e-10     1.29614e-11      #dY:5.7%   
  1.40e-7         2.4503e-10      1.39999e-11      #dY:5.7%   
  1.60e-7         2.61948e-10     1.49665e-11      #dY:5.7%   
  1.80e-7         2.77838e-10     1.58744e-11      #dY:5.7%   
  2.20e-7         3.07162e-10     1.75498e-11      #dY:5.7%   
  2.50e-7         3.27436e-10     1.87082e-11      #dY:5.7%   
  2.90e-7         3.52659e-10     2.01493e-11      #dY:5.7%   
  3.40e-7         3.81852e-10     2.16307e-11      #dY:5.7%   
  4.00e-7         4.14177e-10     2.34618e-11      #dY:5.7%   
  4.60e-7         4.44156e-10     2.516e-11        #dY:5.7%   
  5.40e-7         4.81231e-10     2.72602e-11      #dY:5.7%   
  6.30e-7         5.19789e-10     2.94444e-11      #dY:5.7%   
  7.40e-7         5.63343e-10     3.19116e-11      #dY:5.7%   
  8.60e-7         6.07304e-10     3.44018e-11      #dY:5.7%   
  1.00e-6         6.54873e-10     3.70965e-11      #dY:5.7%   
  1.20e-6         7.17377e-10     4.09854e-11      #dY:5.7%   
  1.40e-6         7.74856e-10     4.42693e-11      #dY:5.7%   
  1.60e-6         8.28357e-10     4.73259e-11      #dY:5.7%   
  1.80e-6         8.78605e-10     5.01967e-11      #dY:5.7%   
  2.20e-6         9.71335e-10     5.54946e-11      #dY:5.7%   
  2.50e-6         1.03545e-9      5.91576e-11      #dY:5.7%   
  2.90e-6         1.11521e-9      6.37145e-11      #dY:5.7%   
  3.40e-6         1.20753e-9      6.84021e-11      #dY:5.7%   
  4.00e-6         1.30975e-9      7.41925e-11      #dY:5.7%   
  4.60e-6         1.40455e-9      7.95626e-11      #dY:5.7%   
  5.40e-6         1.5218e-9       8.62044e-11      #dY:5.7%   
  6.30e-6         1.64373e-9      9.31113e-11      #dY:5.7%   
  7.40e-6         1.78146e-9      1.00913e-10      #dY:5.7%   
  8.60e-6         1.92048e-9      1.08788e-10      #dY:5.7%   
  1.00e-5         2.07091e-9      1.17309e-10      #dY:5.7%   
  1.20e-5         2.26857e-9      1.29603e-10      #dY:5.7%   
  1.40e-5         2.45033e-9      1.39987e-10      #dY:5.7%   
  1.60e-5         2.61952e-9      1.49653e-10      #dY:5.7%   
  1.80e-5         2.77842e-9      1.58731e-10      #dY:5.7%   
  2.20e-5         3.07166e-9      1.75484e-10      #dY:5.7%   
  2.50e-5         3.2744e-9       1.87067e-10      #dY:5.7%   
  2.90e-5         3.52664e-9      2.01477e-10      #dY:5.7%   
  3.40e-5         3.81858e-9      2.16297e-10      #dY:5.7%   
  4.00e-5         4.14183e-9      2.34607e-10      #dY:5.7%   
  4.60e-5         4.44162e-9      2.51588e-10      #dY:5.7%   
  5.40e-5         4.81238e-9      2.72589e-10      #dY:5.7%   
  6.30e-5         5.19796e-9      2.9443e-10       #dY:5.7%   
  7.40e-5         5.6335e-9       3.191e-10        #dY:5.7%   
  8.60e-5         6.0731e-9       3.44001e-10      #dY:5.7%   
  1.00e-4         6.54878e-9      3.70945e-10      #dY:5.7%   
  1.20e-4         7.17381e-9      4.0983e-10       #dY:5.7%   
  1.40e-4         7.74857e-9      4.42665e-10      #dY:5.7%   
  1.60e-4         8.28354e-9      4.73227e-10      #dY:5.7%   
  1.80e-4         8.78598e-9      5.01931e-10      #dY:5.7%   
  2.20e-4         9.71317e-9      5.549e-10        #dY:5.7%   
  2.50e-4         1.03542e-8      5.91521e-10      #dY:5.7%   
  2.90e-4         1.11517e-8      6.37081e-10      #dY:5.7%   
  3.40e-4         1.20747e-8      6.83938e-10      #dY:5.7%   
  4.00e-4         1.30966e-8      7.41821e-10      #dY:5.7%   
  4.60e-4         1.40442e-8      7.95495e-10      #dY:5.7%   
  5.40e-4         1.52161e-8      8.61874e-10      #dY:5.7%   
  6.30e-4         1.64348e-8      9.30904e-10      #dY:5.7%   
  7.40e-4         1.78112e-8      1.00887e-9       #dY:5.7%   
  8.60e-4         1.92003e-8      1.08755e-9       #dY:5.7%   
  1.00e-3         2.07032e-8      1.17268e-9       #dY:5.7%   
  1.20e-3         2.26774e-8      1.2939e-9        #dY:5.7%   
  1.40e-3         2.44925e-8      1.39747e-9       #dY:5.7%   
  1.60e-3         2.61815e-8      1.49384e-9       #dY:5.7%   
  1.80e-3         2.77675e-8      1.58433e-9       #dY:5.7%   
  2.20e-3         3.06931e-8      1.75126e-9       #dY:5.7%   
  2.50e-3         3.27148e-8      1.86661e-9       #dY:5.7%   
  2.90e-3         3.5229e-8       2.01006e-9       #dY:5.7%   
  3.40e-3         3.8137e-8       2.15765e-9       #dY:5.7%   
  4.00e-3         4.13546e-8      2.33969e-9       #dY:5.7%   
  4.60e-3         4.43362e-8      2.50838e-9       #dY:5.7%   
  5.40e-3         4.80199e-8      2.71679e-9       #dY:5.7%   
  6.30e-3         5.18463e-8      2.93328e-9       #dY:5.7%   
  7.40e-3         5.61625e-8      3.17747e-9       #dY:5.7%   
  8.60e-3         6.05117e-8      3.42353e-9       #dY:5.7%   
  0.01            6.52091e-8      3.6893e-9        #dY:5.7%   
  0.012           7.13661e-8      4.07587e-9       #dY:5.7%   
  0.014           7.70114e-8      4.39828e-9       #dY:5.7%   
  0.016           8.22503e-8      4.69748e-9       #dY:5.7%   
  0.018           8.7156e-8       4.97766e-9       #dY:5.7%   
  0.022           9.61688e-8      5.4924e-9        #dY:5.7%   
  0.025           1.02367e-7      5.84639e-9       #dY:5.7%   
  0.029           1.10037e-7      6.28444e-9       #dY:5.7%   
  0.034           1.18853e-7      6.75323e-9       #dY:5.7%   
  0.04            1.2853e-7       7.30308e-9       #dY:5.7%   
  0.046           1.37421e-7      7.80826e-9       #dY:5.7%   
  0.054           1.48293e-7      8.42601e-9       #dY:5.7%   
  0.063           1.59445e-7      9.05967e-9       #dY:5.7%   
  0.074           1.71836e-7      9.76372e-9       #dY:5.7%   
  0.086           1.84102e-7      1.04607e-8       #dY:5.7%   
  0.1             1.97081e-7      1.11981e-8       #dY:5.7%   
  0.2             2.62721e-7      1.52705e-8       #dY:5.8%   
  0.3             3.03e-7         2.11525e-8       #dY:7.0%   
  0.4             3.28948e-7      2.2964e-8        #dY:7.0%   
  0.5             3.45108e-7      2.48786e-8       #dY:7.2%   
  0.6             3.54259e-7      2.55383e-8       #dY:7.2%   
  0.7             3.58202e-7      2.76656e-8       #dY:7.7%   
  0.8             3.58155e-7      2.7662e-8        #dY:7.7%   
  0.9             3.54989e-7      2.63217e-8       #dY:7.4%   
  1               3.4935e-7       2.59035e-8       #dY:7.4%   
  1.1             3.41721e-7      2.33814e-8       #dY:6.8%   
  1.2             3.32487e-7      2.27496e-8       #dY:6.8%   
  1.3             3.22072e-7      1.97307e-8       #dY:6.1%   
  1.4             3.1083e-7       1.9042e-8        #dY:6.1%   
  1.5             2.99039e-7      1.57279e-8       #dY:5.3%   
  1.6             2.86918e-7      1.50904e-8       #dY:5.3%   
  1.7             2.74641e-7      1.16248e-8       #dY:4.2%   
  1.8             2.62348e-7      1.11045e-8       #dY:4.2%   
  1.9             2.50147e-7      7.84969e-9       #dY:3.1%   
  2               2.38127e-7      7.4725e-9        #dY:3.1%   
  2.1             2.26353e-7      4.51067e-9       #dY:2.0%   
  2.2             2.1488e-7       4.28204e-9       #dY:2.0%   
  2.3             2.03745e-7      1.86347e-9       #dY:0.9%   
  2.4             1.92977e-7      1.76499e-9       #dY:0.9%   
  2.5             1.82597e-7      1.49089e-9       #dY:0.8%   
  2.6             1.72619e-7      1.40942e-9       #dY:0.8%   
  2.7             1.63048e-7      3.12481e-9       #dY:1.9%   
  2.8             1.53889e-7      2.94928e-9       #dY:1.9%   
  2.9             1.45139e-7      4.58722e-9       #dY:3.2%   
  3               1.36795e-7      4.3235e-9        #dY:3.2%   
  3.1             1.2885e-7       5.71955e-9       #dY:4.4%   
  3.2             1.21295e-7      5.38419e-9       #dY:4.4%   
  3.3             1.1412e-7       6.54847e-9       #dY:5.7%   
  3.4             1.07314e-7      6.15793e-9       #dY:5.7%   
  3.5             1.00864e-7      7.12719e-9       #dY:7.1%   
  3.6             9.47587e-8      6.69578e-9       #dY:7.1%   
  3.7             8.89838e-8      7.46791e-9       #dY:8.4%   
  3.8             8.35263e-8      7.00989e-9       #dY:8.4%   
  3.9             7.83725e-8      7.63982e-9       #dY:9.7%   
  4               7.35093e-8      7.16575e-9       #dY:9.7%   
  4.1             6.89231e-8      7.68749e-9       #dY:11.2%  
  4.2             6.46011e-8      7.20543e-9       #dY:11.2%  
  4.3             6.05303e-8      7.56366e-9       #dY:12.5%  
  4.4             5.66983e-8      7.08482e-9       #dY:12.5%  
  4.5             5.3093e-8       7.34537e-9       #dY:13.8%  
  4.6             4.97026e-8      6.87631e-9       #dY:13.8%  
  4.7             4.65159e-8      7.10545e-9       #dY:15.3%  
  4.8             4.35219e-8      6.64811e-9       #dY:15.3%  
  4.9             4.07102e-8      6.76121e-9       #dY:16.6%  
  5               3.80707e-8      6.32284e-9       #dY:16.6%  
  5.1             3.55938e-8      6.42234e-9       #dY:18.0%  
  5.2             3.32705e-8      6.00314e-9       #dY:18.0%  
  5.3             3.10918e-8      6.05485e-9       #dY:19.5%  
  5.4             2.90495e-8      5.65713e-9       #dY:19.5%  
  5.5             2.71357e-8      5.67199e-9       #dY:20.9%  
  5.6             2.53429e-8      5.29725e-9       #dY:20.9%  
  5.7             2.36638e-8      5.28348e-9       #dY:22.3%  
  5.8             2.20917e-8      4.93247e-9       #dY:22.3%  
  5.9             2.06203e-8      4.89706e-9       #dY:23.7%  
  6               1.92434e-8      4.57007e-9       #dY:23.7%  
  6.1             1.79552e-8      4.51891e-9       #dY:25.2%  
  6.2             1.67504e-8      4.21569e-9       #dY:25.2%  
  6.3             1.56239e-8      4.16918e-9       #dY:26.7%  
  6.4             1.45707e-8      3.88814e-9       #dY:26.7%  
  6.5             1.35864e-8      3.81722e-9       #dY:28.1%  
  6.6             1.26666e-8      3.5588e-9        #dY:28.1%  
  6.7             1.18073e-8      3.49573e-9       #dY:29.6%  
  6.8             1.10047e-8      3.25811e-9       #dY:29.6%  
  6.9             1.02551e-8      3.18031e-9       #dY:31.0%  
  7               9.55522e-9      2.96326e-9       #dY:31.0%  
  7.1             8.90189e-9      2.89441e-9       #dY:32.5%  
  7.2             8.2921e-9       2.69614e-9       #dY:32.5%  
  7.3             7.72306e-9      2.62687e-9       #dY:34.0%  
  7.4             7.19213e-9      2.44628e-9       #dY:34.0%  
  7.5             6.69684e-9      2.37793e-9       #dY:35.5%  
  7.6             6.23489e-9      2.2139e-9        #dY:35.5%  
  7.7             5.80409e-9      2.14753e-9       #dY:37.0%  
  7.8             5.4024e-9       1.99891e-9       #dY:37.0%  
  7.9             5.02792e-9      1.93511e-9       #dY:38.5%  
  8               4.67885e-9      1.80076e-9       #dY:38.5%  
  8.1             4.35352e-9      1.74016e-9       #dY:40.0%  
  8.2             4.05036e-9      1.61898e-9       #dY:40.0%  
  8.3             3.76789e-9      1.56562e-9       #dY:41.6%  
  8.4             3.50475e-9      1.45628e-9       #dY:41.6%  
  8.5             3.25963e-9      1.40252e-9       #dY:43.0%  
  8.6             3.03134e-9      1.30429e-9       #dY:43.0%  
  8.7             2.81874e-9      1.25429e-9       #dY:44.5%  
  8.8             2.62079e-9      1.16621e-9       #dY:44.5%  
  8.9             2.4365e-9       1.12243e-9       #dY:46.1%  
  9               2.26494e-9      1.0434e-9        #dY:46.1%  
  9.1             2.10526e-9      1.00063e-9       #dY:47.5%  
  9.2             1.95665e-9      9.29994e-10      #dY:47.5%  
  9.3             1.81836e-9      8.92629e-10      #dY:49.1%  
  9.4             1.68969e-9      8.29465e-10      #dY:49.1%  
  9.5             1.56997e-9      7.95117e-10      #dY:50.6%  
  9.6             1.45861e-9      7.38719e-10      #dY:50.6%  
  9.7             1.35503e-9      7.07241e-10      #dY:52.2%  
  9.8             1.25869e-9      6.56957e-10      #dY:52.2%  
  9.9             1.1691e-9       6.27112e-10      #dY:53.6%  
  10              1.08579e-9      5.82424e-10      #dY:53.6%  
  10.1            1.00834e-9      5.56439e-10      #dY:55.2%  
  10.2            9.36328e-10     5.167e-10        #dY:55.2%  
  10.3            8.6939e-10      4.9312e-10       #dY:56.7%  
  10.4            8.07172e-10     4.5783e-10       #dY:56.7%  
  10.5            7.49347e-10     4.37273e-10      #dY:58.4%  
  10.6            6.95608e-10     4.05914e-10      #dY:58.4%  
  10.7            6.45673e-10     3.86644e-10      #dY:59.9%  
  10.8            5.99276e-10     3.5886e-10       #dY:59.9%  
  10.9            5.56171e-10     3.41516e-10      #dY:61.4%  
  11              5.16127e-10     3.16927e-10      #dY:61.4%  
  11.1            4.7893e-10      3.01368e-10      #dY:62.9%  
  11.2            4.44381e-10     2.79628e-10      #dY:62.9%  
  11.3            4.12294e-10     2.66093e-10      #dY:64.5%  
  11.4            3.82497e-10     2.46862e-10      #dY:64.5%  
  11.5            3.54827e-10     2.34363e-10      #dY:66.0%  
  11.6            3.29136e-10     2.17395e-10      #dY:66.1%  
  11.7            3.05283e-10     2.06537e-10      #dY:67.7%  
  11.8            2.8314e-10      1.91556e-10      #dY:67.7%  
  11.9            2.62584e-10     1.81593e-10      #dY:69.2%  
  12              2.43505e-10     1.68398e-10      #dY:69.2%  
  12.1            2.25796e-10     1.59747e-10      #dY:70.7%  
  12.2            2.09361e-10     1.4812e-10       #dY:70.7%  
  12.3            1.9411e-10      1.40418e-10      #dY:72.3%  
  12.4            1.79958e-10     1.30181e-10      #dY:72.3%  
  12.5            1.66827e-10     1.23164e-10      #dY:73.8%  
  12.6            1.54644e-10     1.1417e-10       #dY:73.8%  
  12.7            1.43342e-10     1.08088e-10      #dY:75.4%  
  12.8            1.32858e-10     1.00182e-10      #dY:75.4%  
  12.9            1.23132e-10     9.47869e-11      #dY:77.0%  
  13              1.14112e-10     8.78433e-11      #dY:77.0%  
  13.1            1.05746e-10     8.30693e-11      #dY:78.6%  
  13.2            9.7987e-11      7.69742e-11      #dY:78.6%  
  13.3            9.07922e-11     7.27402e-11      #dY:80.1%  
  13.4            8.41206e-11     6.73951e-11      #dY:80.1%  
  13.5            7.79347e-11     6.36563e-11      #dY:81.7%  
  13.6            7.21994e-11     5.89718e-11      #dY:81.7%  
  13.7            6.68823e-11     5.56693e-11      #dY:83.2%  
  13.8            6.19533e-11     5.15666e-11      #dY:83.2%  
  13.9            5.73842e-11     4.86536e-11      #dY:84.8%  
  14              5.31491e-11     4.50628e-11      #dY:84.8%  
  14.1            4.92238e-11     4.25432e-11      #dY:86.4%  
  14.2            4.55859e-11     3.9399e-11       #dY:86.4%  
  14.3            4.22145e-11     3.71357e-11      #dY:88.0%  
  14.4            3.90903e-11     3.43874e-11      #dY:88.0%  
  14.5            3.61954e-11     3.23964e-11      #dY:89.5%  
  14.6            3.35131e-11     2.99956e-11      #dY:89.5%  
  14.7            3.10278e-11     2.82764e-11      #dY:91.1%  
  14.8            2.87254e-11     2.61782e-11      #dY:91.1%  
  14.9            2.65924e-11     2.46403e-11      #dY:92.7%  
  15              2.46165e-11     2.28095e-11      #dY:92.7%  
  15.1            2.27863e-11     2.14819e-11      #dY:94.3%  
  15.2            2.10911e-11     1.98838e-11      #dY:94.3%  
  15.3            1.95209e-11     1.87179e-11      #dY:95.9%  
  15.4            1.80668e-11     1.73237e-11      #dY:95.9%  
  15.5            1.67201e-11     1.62366e-11      #dY:97.1%  
  15.6            1.54731e-11     1.50257e-11      #dY:97.1%  
  15.7            1.43183e-11     1.41612e-11      #dY:98.9%  
  15.8            1.32491e-11     1.31038e-11      #dY:98.9%  
  15.9            1.22592e-11     1.2344e-11       #dY:100.7% 
  16              1.13426e-11     1.14211e-11      #dY:100.7% 
  16.1            1.04941e-11     1.07542e-11      #dY:102.5% 
  16.2            9.70857e-12     9.94921e-12      #dY:102.5% 
  16.3            8.98144e-12     9.27728e-12      #dY:103.3% 
  16.4            8.30837e-12     8.58204e-12      #dY:103.3% 
  16.5            7.68538e-12     8.07456e-12      #dY:105.1% 
  16.6            7.10878e-12     7.46876e-12      #dY:105.1% 
  16.7            6.57514e-12     7.02424e-12      #dY:106.8% 
  16.8            6.08128e-12     6.49664e-12      #dY:106.8% 
  16.9            5.62426e-12     6.10751e-12      #dY:108.6% 
  17              5.20135e-12     5.64826e-12      #dY:108.6% 
  17.1            4.81002e-12     5.30776e-12      #dY:110.3% 
  17.2            4.44794e-12     4.90821e-12      #dY:110.3% 
  17.3            4.11294e-12     4.57121e-12      #dY:111.1% 
  17.4            3.803e-12       4.22674e-12      #dY:111.1% 
  17.5            3.51626e-12     3.9694e-12       #dY:112.9% 
  17.6            3.251e-12       3.66996e-12      #dY:112.9% 
  17.7            3.00563e-12     3.44521e-12      #dY:114.6% 
  17.8            2.77865e-12     3.18504e-12      #dY:114.6% 
  17.9            2.56871e-12     2.98893e-12      #dY:116.4% 
  18              2.37453e-12     2.76298e-12      #dY:116.4% 
  18.1            2.19493e-12     2.59187e-12      #dY:118.1% 
  18.2            2.02884e-12     2.39575e-12      #dY:118.1% 
  18.3            1.87524e-12     2.24668e-12      #dY:119.8% 
  18.4            1.73319e-12     2.0765e-12       #dY:119.8% 
  18.5            1.60184e-12     1.93142e-12      #dY:120.6% 
  18.6            1.48038e-12     1.78497e-12      #dY:120.6% 
  18.7            1.36808e-12     1.67296e-12      #dY:122.3% 
  18.8            1.26425e-12     1.54599e-12      #dY:122.3% 
  18.9            1.16825e-12     1.44854e-12      #dY:124.0% 
  19              1.07949e-12     1.33849e-12      #dY:124.0% 
  19.1            9.97446e-13     1.25375e-12      #dY:125.7% 
  19.2            9.21597e-13     1.15841e-12      #dY:125.7% 
  19.3            8.51483e-13     1.08467e-12      #dY:127.4% 
  19.4            7.86673e-13     1.00211e-12      #dY:127.4% 
  19.5            7.26767e-13     9.38051e-13      #dY:129.1% 
  19.6            6.71398e-13     8.66586e-13      #dY:129.1% 
  19.7            6.20224e-13     8.10971e-13      #dY:130.8% 
  19.8            5.72929e-13     7.49131e-13      #dY:130.8% 
  19.9            5.2922e-13      7.00847e-13      #dY:132.4% 
  20              4.88828e-13     6.47356e-13      #dY:132.4% 
  20.2            0.00            0.00                        
//
#-------------------------------------------------------------------------------
#
#name:   JENDL-4.0: TH-232(N,F) E_in=6. MeV
#X.axis: Energy
#Y.axis: 
#wdata:  3
#ldata:  352
#data...
# X               Y               +-dY           
# MeV             1/eV            1/eV           
  0.00            0.00            0.00                        
  1.00e-11        2.01715e-12     0.00                        
  1.20e-11        2.20968e-12     0.00                        
  1.40e-11        2.38673e-12     0.00                        
  1.60e-11        2.55152e-12     0.00                        
  1.80e-11        2.7063e-12      0.00                        
  2.20e-11        2.99193e-12     0.00                        
  2.50e-11        3.18941e-12     0.00                        
  2.90e-11        3.4351e-12      0.00                        
  3.40e-11        3.71946e-12     1.8666e-13       #dY:5.0%   
  4.00e-11        4.03432e-12     2.02461e-13      #dY:5.0%   
  4.60e-11        4.32633e-12     2.17115e-13      #dY:5.0%   
  5.40e-11        4.68747e-12     2.35239e-13      #dY:5.0%   
  6.30e-11        5.06305e-12     2.54087e-13      #dY:5.0%   
  7.40e-11        5.48729e-12     2.75378e-13      #dY:5.0%   
  8.60e-11        5.91551e-12     2.96868e-13      #dY:5.0%   
  1.00e-10        6.37886e-12     3.74157e-13      #dY:5.9%   
  1.20e-10        6.98771e-12     4.0987e-13       #dY:5.9%   
  1.40e-10        7.54759e-12     4.4271e-13       #dY:5.9%   
  1.60e-10        8.06873e-12     4.73278e-13      #dY:5.9%   
  1.80e-10        8.55819e-12     5.01988e-13      #dY:5.9%   
  2.20e-10        9.46145e-12     5.54969e-13      #dY:5.9%   
  2.50e-10        1.0086e-11      5.91603e-13      #dY:5.9%   
  2.90e-10        1.08629e-11     6.37172e-13      #dY:5.9%   
  3.40e-10        1.17622e-11     6.84029e-13      #dY:5.8%   
  4.00e-10        1.27579e-11     7.41934e-13      #dY:5.8%   
  4.60e-10        1.36814e-11     7.9564e-13       #dY:5.8%   
  5.40e-10        1.48234e-11     8.62053e-13      #dY:5.8%   
  6.30e-10        1.60112e-11     9.3113e-13       #dY:5.8%   
  7.40e-10        1.73528e-11     1.00915e-12      #dY:5.8%   
  8.60e-10        1.87071e-11     1.08791e-12      #dY:5.8%   
  1.00e-9         2.01724e-11     1.17312e-12      #dY:5.8%   
  1.20e-9         2.20979e-11     1.29617e-12      #dY:5.9%   
  1.40e-9         2.38685e-11     1.40002e-12      #dY:5.9%   
  1.60e-9         2.55166e-11     1.49669e-12      #dY:5.9%   
  1.80e-9         2.70646e-11     1.58749e-12      #dY:5.9%   
  2.20e-9         2.99212e-11     1.75505e-12      #dY:5.9%   
  2.50e-9         3.18963e-11     1.8709e-12       #dY:5.9%   
  2.90e-9         3.43535e-11     2.01503e-12      #dY:5.9%   
  3.40e-9         3.71976e-11     2.16312e-12      #dY:5.8%   
  4.00e-9         4.03468e-11     2.34625e-12      #dY:5.8%   
  4.60e-9         4.32674e-11     2.51609e-12      #dY:5.8%   
  5.40e-9         4.68795e-11     2.72614e-12      #dY:5.8%   
  6.30e-9         5.06361e-11     2.94459e-12      #dY:5.8%   
  7.40e-9         5.48795e-11     3.19136e-12      #dY:5.8%   
  8.60e-9         5.91627e-11     3.44043e-12      #dY:5.8%   
  1.00e-8         6.37975e-11     3.74164e-12      #dY:5.9%   
  1.20e-8         6.98876e-11     4.09882e-12      #dY:5.9%   
  1.40e-8         7.54883e-11     4.42729e-12      #dY:5.9%   
  1.60e-8         8.07014e-11     4.73304e-12      #dY:5.9%   
  1.80e-8         8.55978e-11     5.0202e-12       #dY:5.9%   
  2.20e-8         9.46339e-11     5.55016e-12      #dY:5.9%   
  2.50e-8         1.00882e-10     5.9166e-12       #dY:5.9%   
  2.90e-8         1.08655e-10     6.37248e-12      #dY:5.9%   
  3.40e-8         1.17652e-10     6.84059e-12      #dY:5.8%   
  4.00e-8         1.27614e-10     7.41981e-12      #dY:5.8%   
  4.60e-8         1.36854e-10     7.95705e-12      #dY:5.8%   
  5.40e-8         1.48282e-10     8.6215e-12       #dY:5.8%   
  6.30e-8         1.60167e-10     9.31253e-12      #dY:5.8%   
  7.40e-8         1.73594e-10     1.00932e-11      #dY:5.8%   
  8.60e-8         1.87146e-10     1.08812e-11      #dY:5.8%   
  1.00e-7         2.01812e-10     1.17339e-11      #dY:5.8%   
  1.20e-7         2.21084e-10     1.29631e-11      #dY:5.9%   
  1.40e-7         2.38809e-10     1.40024e-11      #dY:5.9%   
  1.60e-7         2.55307e-10     1.49697e-11      #dY:5.9%   
  1.80e-7         2.70804e-10     1.58784e-11      #dY:5.9%   
  2.20e-7         2.99406e-10     1.75554e-11      #dY:5.9%   
  2.50e-7         3.19183e-10     1.87151e-11      #dY:5.9%   
  2.90e-7         3.43791e-10     2.01579e-11      #dY:5.9%   
  3.40e-7         3.72276e-10     2.16347e-11      #dY:5.8%   
  4.00e-7         4.0382e-10      2.34678e-11      #dY:5.8%   
  4.60e-7         4.33079e-10     2.51682e-11      #dY:5.8%   
  5.40e-7         4.6927e-10      2.72714e-11      #dY:5.8%   
  6.30e-7         5.06916e-10     2.94592e-11      #dY:5.8%   
  7.40e-7         5.49447e-10     3.19309e-11      #dY:5.8%   
  8.60e-7         5.92385e-10     3.44262e-11      #dY:5.8%   
  1.00e-6         6.38856e-10     3.71269e-11      #dY:5.8%   
  1.20e-6         6.99934e-10     4.10026e-11      #dY:5.9%   
  1.40e-6         7.56117e-10     4.42938e-11      #dY:5.9%   
  1.60e-6         8.08424e-10     4.7358e-11       #dY:5.9%   
  1.80e-6         8.57564e-10     5.02366e-11      #dY:5.9%   
  2.20e-6         9.48278e-10     5.55507e-11      #dY:5.9%   
  2.50e-6         1.01102e-9      5.92262e-11      #dY:5.9%   
  2.90e-6         1.0891e-9       6.38001e-11      #dY:5.9%   
  3.40e-6         1.17952e-9      6.84417e-11      #dY:5.8%   
  4.00e-6         1.27967e-9      7.42529e-11      #dY:5.8%   
  4.60e-6         1.3726e-9       7.96452e-11      #dY:5.8%   
  5.40e-6         1.48758e-9      8.63169e-11      #dY:5.8%   
  6.30e-6         1.60722e-9      9.32591e-11      #dY:5.8%   
  7.40e-6         1.74246e-9      1.01106e-10      #dY:5.8%   
  8.60e-6         1.87904e-9      1.09031e-10      #dY:5.8%   
  1.00e-5         2.02693e-9      1.17613e-10      #dY:5.8%   
  1.20e-5         2.22141e-9      1.29774e-10      #dY:5.8%   
  1.40e-5         2.40042e-9      1.40231e-10      #dY:5.8%   
  1.60e-5         2.56716e-9      1.49972e-10      #dY:5.8%   
  1.80e-5         2.72389e-9      1.59128e-10      #dY:5.8%   
  2.20e-5         3.01343e-9      1.76043e-10      #dY:5.8%   
  2.50e-5         3.21384e-9      1.87751e-10      #dY:5.8%   
  2.90e-5         3.46344e-9      2.02332e-10      #dY:5.8%   
  3.40e-5         3.75268e-9      2.16688e-10      #dY:5.8%   
  4.00e-5         4.0734e-9       2.35207e-10      #dY:5.8%   
  4.60e-5         4.37127e-9      2.52407e-10      #dY:5.8%   
  5.40e-5         4.74021e-9      2.7371e-10       #dY:5.8%   
  6.30e-5         5.12457e-9      2.95904e-10      #dY:5.8%   
  7.40e-5         5.55954e-9      3.2102e-10       #dY:5.8%   
  8.60e-5         5.99946e-9      3.46422e-10      #dY:5.8%   
  1.00e-4         6.47646e-9      3.73965e-10      #dY:5.8%   
  1.20e-4         7.10479e-9      4.11521e-10      #dY:5.8%   
  1.40e-4         7.68416e-9      4.45079e-10      #dY:5.8%   
  1.60e-4         8.22476e-9      4.76391e-10      #dY:5.8%   
  1.80e-4         8.73369e-9      5.05869e-10      #dY:5.8%   
  2.20e-4         9.67587e-9      5.60442e-10      #dY:5.8%   
  2.50e-4         1.03295e-8      5.98301e-10      #dY:5.8%   
  2.90e-4         1.11454e-8      6.45559e-10      #dY:5.8%   
  3.40e-4         1.20932e-8      6.87788e-10      #dY:5.7%   
  4.00e-4         1.31472e-8      7.47733e-10      #dY:5.7%   
  4.60e-4         1.41288e-8      8.0356e-10       #dY:5.7%   
  5.40e-4         1.53484e-8      8.72924e-10      #dY:5.7%   
  6.30e-4         1.66233e-8      9.45432e-10      #dY:5.7%   
  7.40e-4         1.80713e-8      1.02779e-9       #dY:5.7%   
  8.60e-4         1.95415e-8      1.1114e-9        #dY:5.7%   
  1.00e-3         2.1142e-8       1.20243e-9       #dY:5.7%   
  1.20e-3         2.32603e-8      1.31036e-9       #dY:5.6%   
  1.40e-3         2.52235e-8      1.42096e-9       #dY:5.6%   
  1.60e-3         2.70639e-8      1.52464e-9       #dY:5.6%   
  1.80e-3         2.88039e-8      1.62266e-9       #dY:5.6%   
  2.20e-3         3.2044e-8       1.80519e-9       #dY:5.6%   
  2.50e-3         3.43061e-8      1.93263e-9       #dY:5.6%   
  2.90e-3         3.71454e-8      2.09258e-9       #dY:5.6%   
  3.40e-3         4.04661e-8      2.19445e-9       #dY:5.4%   
  4.00e-3         4.41858e-8      2.39617e-9       #dY:5.4%   
  4.60e-3         4.76756e-8      2.58542e-9       #dY:5.4%   
  5.40e-3         5.20446e-8      2.82235e-9       #dY:5.4%   
  6.30e-3         5.66502e-8      3.07211e-9       #dY:5.4%   
  7.40e-3         6.1928e-8       3.35832e-9       #dY:5.4%   
  8.60e-3         6.73357e-8      3.65157e-9       #dY:5.4%   
  0.01            7.32776e-8      3.9738e-9        #dY:5.4%   
  0.012           8.1227e-8       4.22893e-9       #dY:5.2%   
  0.014           8.86778e-8      4.61685e-9       #dY:5.2%   
  0.016           9.57329e-8      4.98416e-9       #dY:5.2%   
  0.018           1.02463e-7      5.33455e-9       #dY:5.2%   
  0.022           1.15146e-7      5.99487e-9       #dY:5.2%   
  0.025           1.24112e-7      6.46166e-9       #dY:5.2%   
  0.029           1.35487e-7      7.05388e-9       #dY:5.2%   
  0.034           1.48954e-7      7.08251e-9       #dY:4.8%   
  0.04            1.64237e-7      7.80919e-9       #dY:4.8%   
  0.046           1.78753e-7      8.4994e-9        #dY:4.8%   
  0.054           1.97151e-7      9.37419e-9       #dY:4.8%   
  0.063           2.16799e-7      1.03084e-8       #dY:4.8%   
  0.074           2.39604e-7      1.13928e-8       #dY:4.8%   
  0.086           2.63265e-7      1.25178e-8       #dY:4.8%   
  0.1             2.89572e-7      1.37687e-8       #dY:4.8%   
  0.2             3.21661e-7      1.35983e-8       #dY:4.2%   
  0.3             3.2601e-7       1.71204e-8       #dY:5.3%   
  0.4             3.32879e-7      1.74811e-8       #dY:5.3%   
  0.5             3.40987e-7      2.25328e-8       #dY:6.6%   
  0.6             3.46923e-7      2.29251e-8       #dY:6.6%   
  0.7             3.49725e-7      2.72419e-8       #dY:7.8%   
  0.8             3.49346e-7      2.72124e-8       #dY:7.8%   
  0.9             3.46194e-7      2.62783e-8       #dY:7.6%   
  1               3.40723e-7      2.5863e-8        #dY:7.6%   
  1.1             3.33344e-7      2.33861e-8       #dY:7.0%   
  1.2             3.24413e-7      2.27596e-8       #dY:7.0%   
  1.3             3.14331e-7      1.97402e-8       #dY:6.3%   
  1.4             3.03441e-7      1.90563e-8       #dY:6.3%   
  1.5             2.92011e-7      1.57365e-8       #dY:5.4%   
  1.6             2.80255e-7      1.5103e-8        #dY:5.4%   
  1.7             2.68343e-7      1.16316e-8       #dY:4.3%   
  1.8             2.56408e-7      1.11143e-8       #dY:4.3%   
  1.9             2.44558e-7      7.85447e-9       #dY:3.2%   
  2               2.32879e-7      7.47938e-9       #dY:3.2%   
  2.1             2.21435e-7      4.51354e-9       #dY:2.0%   
  2.2             2.10278e-7      4.28612e-9       #dY:2.0%   
  2.3             1.99446e-7      1.86468e-9       #dY:0.9%   
  2.4             1.88968e-7      1.76672e-9       #dY:0.9%   
  2.5             1.78863e-7      1.49189e-9       #dY:0.8%   
  2.6             1.69145e-7      1.41083e-9       #dY:0.8%   
  2.7             1.59821e-7      3.12693e-9       #dY:2.0%   
  2.8             1.50895e-7      2.9523e-9        #dY:2.0%   
  2.9             1.42365e-7      4.59044e-9       #dY:3.2%   
  3               1.34227e-7      4.32804e-9       #dY:3.2%   
  3.1             1.26476e-7      5.72363e-9       #dY:4.5%   
  3.2             1.19102e-7      5.38992e-9       #dY:4.5%   
  3.3             1.12098e-7      6.55326e-9       #dY:5.8%   
  3.4             1.0545e-7       6.16462e-9       #dY:5.8%   
  3.5             9.91493e-8      7.1325e-9        #dY:7.2%   
  3.6             9.31819e-8      6.70322e-9       #dY:7.2%   
  3.7             8.75357e-8      7.47353e-9       #dY:8.5%   
  3.8             8.21978e-8      7.01779e-9       #dY:8.5%   
  3.9             7.71552e-8      7.64566e-9       #dY:9.9%   
  4               7.2395e-8       7.17395e-9       #dY:9.9%   
  4.1             6.79044e-8      7.69346e-9       #dY:11.3%  
  4.2             6.36708e-8      7.2138e-9        #dY:11.3%  
  4.3             5.96819e-8      7.56961e-9       #dY:12.7%  
  4.4             5.59255e-8      7.09318e-9       #dY:12.7%  
  4.5             5.239e-8        7.35123e-9       #dY:14.0%  
  4.6             4.9064e-8       6.88454e-9       #dY:14.0%  
  4.7             4.59366e-8      7.1112e-9        #dY:15.5%  
  4.8             4.29972e-8      6.65617e-9       #dY:15.5%  
  4.9             4.02357e-8      6.76676e-9       #dY:16.8%  
  5               3.76424e-8      6.33063e-9       #dY:16.8%  
  5.1             3.52078e-8      6.42769e-9       #dY:18.3%  
  5.2             3.29232e-8      6.0106e-9        #dY:18.3%  
  5.3             3.07801e-8      6.05995e-9       #dY:19.7%  
  5.4             2.87703e-8      5.66427e-9       #dY:19.7%  
  5.5             2.68862e-8      5.67683e-9       #dY:21.1%  
  5.6             2.51205e-8      5.30401e-9       #dY:21.1%  
  5.7             2.34662e-8      5.28805e-9       #dY:22.5%  
  5.8             2.19166e-8      4.93886e-9       #dY:22.5%  
  5.9             2.04656e-8      4.90133e-9       #dY:23.9%  
  6               1.91073e-8      4.57603e-9       #dY:23.9%  
  6.1             1.78361e-8      4.52293e-9       #dY:25.4%  
  6.2             1.66466e-8      4.22129e-9       #dY:25.4%  
  6.3             1.55339e-8      4.17291e-9       #dY:26.9%  
  6.4             1.44932e-8      3.89334e-9       #dY:26.9%  
  6.5             1.35201e-8      3.82066e-9       #dY:28.3%  
  6.6             1.26105e-8      3.56361e-9       #dY:28.3%  
  6.7             1.17603e-8      3.49894e-9       #dY:29.8%  
  6.8             1.09658e-8      3.26255e-9       #dY:29.8%  
  6.9             1.02235e-8      3.18323e-9       #dY:31.1%  
  7               9.53015e-9      2.96735e-9       #dY:31.1%  
  7.1             8.88261e-9      2.89712e-9       #dY:32.6%  
  7.2             8.27797e-9      2.69991e-9       #dY:32.6%  
  7.3             7.71348e-9      2.62935e-9       #dY:34.1%  
  7.4             7.18656e-9      2.44973e-9       #dY:34.1%  
  7.5             6.6948e-9       2.3802e-9        #dY:35.6%  
  7.6             6.23592e-9      2.21705e-9       #dY:35.6%  
  7.7             5.8078e-9       2.1496e-9        #dY:37.0%  
  7.8             5.40843e-9      2.00178e-9       #dY:37.0%  
  7.9             5.03594e-9      1.93699e-9       #dY:38.5%  
  8               4.68856e-9      1.80338e-9       #dY:38.5%  
  8.1             4.36467e-9      1.74186e-9       #dY:39.9%  
  8.2             4.0627e-9       1.62135e-9       #dY:39.9%  
  8.3             3.78121e-9      1.56716e-9       #dY:41.4%  
  8.4             3.51886e-9      1.45843e-9       #dY:41.4%  
  8.5             3.27436e-9      1.40392e-9       #dY:42.9%  
  8.6             3.04654e-9      1.30623e-9       #dY:42.9%  
  8.7             2.83429e-9      1.25556e-9       #dY:44.3%  
  8.8             2.63656e-9      1.16797e-9       #dY:44.3%  
  8.9             2.45238e-9      1.12357e-9       #dY:45.8%  
  9               2.28086e-9      1.04499e-9       #dY:45.8%  
  9.1             2.12112e-9      1.00165e-9       #dY:47.2%  
  9.2             1.97239e-9      9.31419e-10      #dY:47.2%  
  9.3             1.83392e-9      8.93551e-10      #dY:48.7%  
  9.4             1.70502e-9      8.30746e-10      #dY:48.7%  
  9.5             1.58503e-9      7.95948e-10      #dY:50.2%  
  9.6             1.47336e-9      7.39871e-10      #dY:50.2%  
  9.7             1.36944e-9      7.07984e-10      #dY:51.7%  
  9.8             1.27274e-9      6.57991e-10      #dY:51.7%  
  9.9             1.18276e-9      6.27775e-10      #dY:53.1%  
  10              1.09906e-9      5.83349e-10      #dY:53.1%  
  10.1            1.02119e-9      5.5703e-10       #dY:54.5%  
  10.2            9.48766e-10     5.17525e-10      #dY:54.5%  
  10.3            8.81406e-10     4.93652e-10      #dY:56.0%  
  10.4            8.18763e-10     4.58568e-10      #dY:56.0%  
  10.5            7.60513e-10     4.37747e-10      #dY:57.6%  
  10.6            7.06353e-10     4.06573e-10      #dY:57.6%  
  10.7            6.55999e-10     3.87067e-10      #dY:59.0%  
  10.8            6.09189e-10     3.59447e-10      #dY:59.0%  
  10.9            5.65677e-10     3.41893e-10      #dY:60.4%  
  11              5.25234e-10     3.17449e-10      #dY:60.4%  
  11.1            4.87647e-10     3.01703e-10      #dY:61.9%  
  11.2            4.52718e-10     2.80093e-10      #dY:61.9%  
  11.3            4.2026e-10      2.66391e-10      #dY:63.4%  
  11.4            3.90102e-10     2.47274e-10      #dY:63.4%  
  11.5            3.62083e-10     2.34628e-10      #dY:64.8%  
  11.6            3.36053e-10     2.1776e-10       #dY:64.8%  
  11.7            3.11873e-10     2.06771e-10      #dY:66.3%  
  11.8            2.89413e-10     1.9188e-10       #dY:66.3%  
  11.9            2.68553e-10     1.818e-10        #dY:67.7%  
  12              2.4918e-10      1.68685e-10      #dY:67.7%  
  12.1            2.31189e-10     1.59931e-10      #dY:69.2%  
  12.2            2.14484e-10     1.48375e-10      #dY:69.2%  
  12.3            1.98973e-10     1.40581e-10      #dY:70.7%  
  12.4            1.84571e-10     1.30406e-10      #dY:70.7%  
  12.5            1.71202e-10     1.23308e-10      #dY:72.0%  
  12.6            1.58791e-10     1.14369e-10      #dY:72.0%  
  12.7            1.47271e-10     1.08215e-10      #dY:73.5%  
  12.8            1.36578e-10     1.00358e-10      #dY:73.5%  
  12.9            1.26653e-10     9.48984e-11      #dY:74.9%  
  13              1.17443e-10     8.79975e-11      #dY:74.9%  
  13.1            1.08897e-10     8.31683e-11      #dY:76.4%  
  13.2            1.00966e-10     7.71111e-11      #dY:76.4%  
  13.3            9.36072e-11     7.28271e-11      #dY:77.8%  
  13.4            8.67799e-11     6.75154e-11      #dY:77.8%  
  13.5            8.0446e-11      6.37329e-11      #dY:79.2%  
  13.6            7.45701e-11     5.90778e-11      #dY:79.2%  
  13.7            6.91195e-11     5.57367e-11      #dY:80.6%  
  13.8            6.40638e-11     5.16599e-11      #dY:80.6%  
  13.9            5.93746e-11     4.87128e-11      #dY:82.0%  
  14              5.50256e-11     4.51448e-11      #dY:82.0%  
  14.1            5.09924e-11     4.25953e-11      #dY:83.5%  
  14.2            4.72523e-11     3.94711e-11      #dY:83.5%  
  14.3            4.37841e-11     3.71814e-11      #dY:84.9%  
  14.4            4.05684e-11     3.44506e-11      #dY:84.9%  
  14.5            3.75868e-11     3.24364e-11      #dY:86.3%  
  14.6            3.48226e-11     3.0051e-11       #dY:86.3%  
  14.7            3.226e-11       2.83117e-11      #dY:87.8%  
  14.8            2.98845e-11     2.62269e-11      #dY:87.8%  
  14.9            2.76825e-11     2.46712e-11      #dY:89.1%  
  15              2.56414e-11     2.28522e-11      #dY:89.1%  
  15.1            2.37497e-11     2.1509e-11       #dY:90.6%  
  15.2            2.19964e-11     1.99211e-11      #dY:90.6%  
  15.3            2.03715e-11     1.87416e-11      #dY:92.0%  
  15.4            1.88658e-11     1.73564e-11      #dY:92.0%  
  15.5            1.74705e-11     1.62573e-11      #dY:93.1%  
  15.6            1.61776e-11     1.50542e-11      #dY:93.1%  
  15.7            1.49797e-11     1.41794e-11      #dY:94.7%  
  15.8            1.38698e-11     1.31288e-11      #dY:94.7%  
  15.9            1.28416e-11     1.23599e-11      #dY:96.2%  
  16              1.1889e-11      1.1443e-11       #dY:96.2%  
  16.1            1.10066e-11     1.07681e-11      #dY:97.8%  
  16.2            1.01892e-11     9.96842e-12      #dY:97.8%  
  16.3            9.43207e-12     9.28932e-12      #dY:98.5%  
  16.4            8.73081e-12     8.59867e-12      #dY:98.5%  
  16.5            8.08133e-12     8.0851e-12       #dY:100.0% 
  16.6            7.47982e-12     7.48331e-12      #dY:100.0% 
  16.7            6.92278e-12     7.03344e-12      #dY:101.6% 
  16.8            6.40694e-12     6.50936e-12      #dY:101.6% 
  16.9            5.92928e-12     6.11556e-12      #dY:103.1% 
  17              5.48699e-12     5.65937e-12      #dY:103.1% 
  17.1            5.07747e-12     5.31479e-12      #dY:104.7% 
  17.2            4.69832e-12     4.91792e-12      #dY:104.7% 
  17.3            4.34729e-12     4.57728e-12      #dY:105.3% 
  17.4            4.02232e-12     4.23512e-12      #dY:105.3% 
  17.5            3.72149e-12     3.97471e-12      #dY:106.8% 
  17.6            3.44301e-12     3.67728e-12      #dY:106.8% 
  17.7            3.18524e-12     3.44983e-12      #dY:108.3% 
  17.8            2.94664e-12     3.19141e-12      #dY:108.3% 
  17.9            2.72581e-12     2.99296e-12      #dY:109.8% 
  18              2.52142e-12     2.76854e-12      #dY:109.8% 
  18.1            2.33227e-12     2.59539e-12      #dY:111.3% 
  18.2            2.15722e-12     2.40059e-12      #dY:111.3% 
  18.3            1.99522e-12     2.24972e-12      #dY:112.8% 
  18.4            1.84532e-12     2.0807e-12       #dY:112.8% 
  18.5            1.70662e-12     1.93406e-12      #dY:113.3% 
  18.6            1.57827e-12     1.78861e-12      #dY:113.3% 
  18.7            1.45953e-12     1.67526e-12      #dY:114.8% 
  18.8            1.34966e-12     1.54915e-12      #dY:114.8% 
  18.9            1.24802e-12     1.45053e-12      #dY:116.2% 
  19              1.15399e-12     1.34124e-12      #dY:116.2% 
  19.1            1.067e-12       1.25548e-12      #dY:117.7% 
  19.2            9.86531e-13     1.1608e-12       #dY:117.7% 
  19.3            9.12097e-13     1.08617e-12      #dY:119.1% 
  19.4            8.43248e-13     1.00418e-12      #dY:119.1% 
  19.5            7.79567e-13     9.39358e-13      #dY:120.5% 
  19.6            7.20669e-13     8.68388e-13      #dY:120.5% 
  19.7            6.66196e-13     8.12105e-13      #dY:121.9% 
  19.8            6.15818e-13     7.50693e-13      #dY:121.9% 
  19.9            5.69229e-13     7.01831e-13      #dY:123.3% 
  20              5.26146e-13     6.48711e-13      #dY:123.3% 
  20.2            0.00            0.00                        
//
#-------------------------------------------------------------------------------
#
#name:   JENDL-4.0: TH-232(N,F) E_in=6.5 MeV
#X.axis: Energy
#Y.axis: 
#wdata:  3
#ldata:  352
#data...
# X               Y               +-dY           
# MeV             1/eV            1/eV           
  0.00            0.00            0.00                        
  1.00e-11        1.72771e-12     0.00                        
  1.20e-11        1.89262e-12     0.00                        
  1.40e-11        2.04426e-12     0.00                        
  1.60e-11        2.18541e-12     0.00                        
  1.80e-11        2.31798e-12     0.00                        
  2.20e-11        2.56263e-12     0.00                        
  2.50e-11        2.73178e-12     0.00                        
  2.90e-11        2.94222e-12     0.00                        
  3.40e-11        3.18579e-12     1.86661e-13      #dY:5.9%   
  4.00e-11        3.45548e-12     2.02463e-13      #dY:5.9%   
  4.60e-11        3.7056e-12      2.17118e-13      #dY:5.9%   
  5.40e-11        4.01492e-12     2.35241e-13      #dY:5.9%   
  6.30e-11        4.33663e-12     2.54091e-13      #dY:5.9%   
  7.40e-11        4.70001e-12     2.75382e-13      #dY:5.9%   
  8.60e-11        5.0668e-12      2.96873e-13      #dY:5.9%   
  1.00e-10        5.46369e-12     3.7416e-13       #dY:6.8%   
  1.20e-10        5.9852e-12      4.09873e-13      #dY:6.8%   
  1.40e-10        6.46479e-12     4.42716e-13      #dY:6.8%   
  1.60e-10        6.91117e-12     4.73285e-13      #dY:6.8%   
  1.80e-10        7.33044e-12     5.01997e-13      #dY:6.8%   
  2.20e-10        8.10416e-12     5.54982e-13      #dY:6.8%   
  2.50e-10        8.63911e-12     5.91616e-13      #dY:6.8%   
  2.90e-10        9.30466e-12     6.37193e-13      #dY:6.8%   
  3.40e-10        1.0075e-11      6.8404e-13       #dY:6.8%   
  4.00e-10        1.09279e-11     7.41947e-13      #dY:6.8%   
  4.60e-10        1.1719e-11      7.95659e-13      #dY:6.8%   
  5.40e-10        1.26973e-11     8.6208e-13       #dY:6.8%   
  6.30e-10        1.37148e-11     9.31163e-13      #dY:6.8%   
  7.40e-10        1.48641e-11     1.00919e-12      #dY:6.8%   
  8.60e-10        1.60242e-11     1.08796e-12      #dY:6.8%   
  1.00e-9         1.72796e-11     1.17319e-12      #dY:6.8%   
  1.20e-9         1.89291e-11     1.2962e-12       #dY:6.8%   
  1.40e-9         2.04461e-11     1.40008e-12      #dY:6.8%   
  1.60e-9         2.18581e-11     1.49677e-12      #dY:6.8%   
  1.80e-9         2.31842e-11     1.58758e-12      #dY:6.8%   
  2.20e-9         2.56317e-11     1.75517e-12      #dY:6.8%   
  2.50e-9         2.73239e-11     1.87105e-12      #dY:6.8%   
  2.90e-9         2.94294e-11     2.01523e-12      #dY:6.8%   
  3.40e-9         3.18662e-11     2.1632e-12       #dY:6.8%   
  4.00e-9         3.45646e-11     2.34638e-12      #dY:6.8%   
  4.60e-9         3.70673e-11     2.51628e-12      #dY:6.8%   
  5.40e-9         4.01626e-11     2.7264e-12       #dY:6.8%   
  6.30e-9         4.33818e-11     2.94493e-12      #dY:6.8%   
  7.40e-9         4.70184e-11     3.1918e-12       #dY:6.8%   
  8.60e-9         5.06892e-11     3.44098e-12      #dY:6.8%   
  1.00e-8         5.46616e-11     3.74188e-12      #dY:6.8%   
  1.20e-8         5.98816e-11     4.09921e-12      #dY:6.8%   
  1.40e-8         6.46824e-11     4.42785e-12      #dY:6.8%   
  1.60e-8         6.91512e-11     4.73377e-12      #dY:6.8%   
  1.80e-8         7.33488e-11     5.02111e-12      #dY:6.8%   
  2.20e-8         8.10959e-11     5.55144e-12      #dY:6.8%   
  2.50e-8         8.64528e-11     5.91815e-12      #dY:6.8%   
  2.90e-8         9.31182e-11     6.37443e-12      #dY:6.8%   
  3.40e-8         1.00834e-10     6.84151e-12      #dY:6.8%   
  4.00e-8         1.09378e-10     7.42122e-12      #dY:6.8%   
  4.60e-8         1.17303e-10     7.95892e-12      #dY:6.8%   
  5.40e-8         1.27106e-10     8.62405e-12      #dY:6.8%   
  6.30e-8         1.37303e-10     9.31591e-12      #dY:6.8%   
  7.40e-8         1.48824e-10     1.00976e-11      #dY:6.8%   
  8.60e-8         1.60455e-10     1.08868e-11      #dY:6.8%   
  1.00e-7         1.73043e-10     1.17408e-11      #dY:6.8%   
  1.20e-7         1.89587e-10     1.2967e-11       #dY:6.8%   
  1.40e-7         2.04806e-10     1.40079e-11      #dY:6.8%   
  1.60e-7         2.18975e-10     1.4977e-11       #dY:6.8%   
  1.80e-7         2.32287e-10     1.58875e-11      #dY:6.8%   
  2.20e-7         2.5686e-10      1.75682e-11      #dY:6.8%   
  2.50e-7         2.73856e-10     1.87306e-11      #dY:6.8%   
  2.90e-7         2.95009e-10     2.01774e-11      #dY:6.8%   
  3.40e-7         3.19502e-10     2.16436e-11      #dY:6.8%   
  4.00e-7         3.46634e-10     2.34816e-11      #dY:6.8%   
  4.60e-7         3.71808e-10     2.51869e-11      #dY:6.8%   
  5.40e-7         4.02958e-10     2.72971e-11      #dY:6.8%   
  6.30e-7         4.35373e-10     2.94929e-11      #dY:6.8%   
  7.40e-7         4.7201e-10      3.19748e-11      #dY:6.8%   
  8.60e-7         5.09015e-10     3.44816e-11      #dY:6.8%   
  1.00e-6         5.49084e-10     3.71959e-11      #dY:6.8%   
  1.20e-6         6.01778e-10     4.10413e-11      #dY:6.8%   
  1.40e-6         6.50279e-10     4.43491e-11      #dY:6.8%   
  1.60e-6         6.95461e-10     4.74305e-11      #dY:6.8%   
  1.80e-6         7.3793e-10      5.03269e-11      #dY:6.8%   
  2.20e-6         8.16388e-10     5.56778e-11      #dY:6.8%   
  2.50e-6         8.70697e-10     5.93816e-11      #dY:6.8%   
  2.90e-6         9.38339e-10     6.39948e-11      #dY:6.8%   
  3.40e-6         1.01673e-9      6.85304e-11      #dY:6.7%   
  4.00e-6         1.10365e-9      7.43891e-11      #dY:6.7%   
  4.60e-6         1.18439e-9      7.98312e-11      #dY:6.7%   
  5.40e-6         1.28439e-9      8.65714e-11      #dY:6.7%   
  6.30e-6         1.38858e-9      9.35941e-11      #dY:6.7%   
  7.40e-6         1.5065e-9       1.01542e-10      #dY:6.7%   
  8.60e-6         1.62577e-9      1.09581e-10      #dY:6.7%   
  1.00e-5         1.7551e-9       1.18299e-10      #dY:6.7%   
  1.20e-5         1.92549e-9      1.30158e-10      #dY:6.8%   
  1.40e-5         2.08261e-9      1.40778e-10      #dY:6.8%   
  1.60e-5         2.22923e-9      1.5069e-10       #dY:6.8%   
  1.80e-5         2.36728e-9      1.60021e-10      #dY:6.8%   
  2.20e-5         2.62288e-9      1.77299e-10      #dY:6.8%   
  2.50e-5         2.80025e-9      1.89289e-10      #dY:6.8%   
  2.90e-5         3.02164e-9      2.04254e-10      #dY:6.8%   
  3.40e-5         3.2789e-9       2.17558e-10      #dY:6.6%   
  4.00e-5         3.56502e-9      2.36543e-10      #dY:6.6%   
  4.60e-5         3.83156e-9      2.54228e-10      #dY:6.6%   
  5.40e-5         4.16279e-9      2.76205e-10      #dY:6.6%   
  6.30e-5         4.50913e-9      2.99185e-10      #dY:6.6%   
  7.40e-5         4.90262e-9      3.25294e-10      #dY:6.6%   
  8.60e-5         5.30225e-9      3.5181e-10       #dY:6.6%   
  1.00e-4         5.73746e-9      3.80686e-10      #dY:6.6%   
  1.20e-4         6.31369e-9      4.15219e-10      #dY:6.6%   
  1.40e-4         6.848e-9        4.50357e-10      #dY:6.6%   
  1.60e-4         7.3491e-9       4.83312e-10      #dY:6.6%   
  1.80e-4         7.82307e-9      5.14483e-10      #dY:6.6%   
  2.20e-4         8.70619e-9      5.72561e-10      #dY:6.6%   
  2.50e-4         9.32318e-9      6.13137e-10      #dY:6.6%   
  2.90e-4         1.00981e-8      6.641e-10        #dY:6.6%   
  3.40e-4         1.10051e-8      6.95958e-10      #dY:6.3%   
  4.00e-4         1.2022e-8       7.60267e-10      #dY:6.3%   
  4.60e-4         1.2977e-8       8.20661e-10      #dY:6.3%   
  5.40e-4         1.41739e-8      8.96352e-10      #dY:6.3%   
  6.30e-4         1.54372e-8      9.76243e-10      #dY:6.3%   
  7.40e-4         1.68869e-8      1.06792e-9       #dY:6.3%   
  8.60e-4         1.83745e-8      1.162e-9         #dY:6.3%   
  1.00e-3         2.00119e-8      1.26555e-9       #dY:6.3%   
  1.20e-3         2.2207e-8       1.34352e-9       #dY:6.0%   
  1.40e-3         2.42692e-8      1.46828e-9       #dY:6.0%   
  1.60e-3         2.62263e-8      1.58668e-9       #dY:6.0%   
  1.80e-3         2.80974e-8      1.69988e-9       #dY:6.0%   
  2.20e-3         3.16341e-8      1.91385e-9       #dY:6.0%   
  2.50e-3         3.41428e-8      2.06563e-9       #dY:6.0%   
  2.90e-3         3.73362e-8      2.25883e-9       #dY:6.0%   
  3.40e-3         4.11323e-8      2.26242e-9       #dY:5.5%   
  4.00e-3         4.54606e-8      2.50049e-9       #dY:5.5%   
  4.60e-3         4.9592e-8       2.72773e-9       #dY:5.5%   
  5.40e-3         5.48573e-8      3.01734e-9       #dY:5.5%   
  6.30e-3         6.05156e-8      3.32857e-9       #dY:5.5%   
  7.40e-3         6.71304e-8      3.69241e-9       #dY:5.5%   
  8.60e-3         7.4047e-8       4.07284e-9       #dY:5.5%   
  0.01            8.18019e-8      4.49939e-9       #dY:5.5%   
  0.012           9.24187e-8      4.47557e-9       #dY:4.8%   
  0.014           1.02609e-7      4.96906e-9       #dY:4.8%   
  0.016           1.12459e-7      5.44607e-9       #dY:4.8%   
  0.018           1.22032e-7      5.90966e-9       #dY:4.8%   
  0.022           1.40512e-7      6.8046e-9        #dY:4.8%   
  0.025           1.53903e-7      7.45308e-9       #dY:4.8%   
  0.029           1.71263e-7      8.29378e-9       #dY:4.8%   
  0.034           1.92319e-7      7.51278e-9       #dY:3.9%   
  0.04            2.16834e-7      8.47044e-9       #dY:3.9%   
  0.046           2.40692e-7      9.40244e-9       #dY:3.9%   
  0.054           2.71684e-7      1.06131e-8       #dY:3.9%   
  0.063           3.0565e-7       1.194e-8         #dY:3.9%   
  0.074           3.46129e-7      1.35212e-8       #dY:3.9%   
  0.086           3.89245e-7      1.52055e-8       #dY:3.9%   
  0.1             4.38436e-7      1.71271e-8       #dY:3.9%   
  0.2             6.12047e-7      1.81538e-8       #dY:3.0%   
  0.3             6.54271e-7      1.99921e-8       #dY:3.1%   
  0.4             6.00581e-7      1.83516e-8       #dY:3.1%   
  0.5             4.97873e-7      1.705e-8         #dY:3.4%   
  0.6             3.97279e-7      1.36051e-8       #dY:3.4%   
  0.7             3.3943e-7       1.80604e-8       #dY:5.3%   
  0.8             3.12651e-7      1.66355e-8       #dY:5.3%   
  0.9             3.00146e-7      2.28966e-8       #dY:7.6%   
  1               2.91904e-7      2.22679e-8       #dY:7.6%   
  1.1             2.84222e-7      2.28793e-8       #dY:8.0%   
  1.2             2.75981e-7      2.22159e-8       #dY:8.0%   
  1.3             2.67013e-7      1.96535e-8       #dY:7.4%   
  1.4             2.57449e-7      1.89495e-8       #dY:7.4%   
  1.5             2.47465e-7      1.56979e-8       #dY:6.3%   
  1.6             2.37226e-7      1.50484e-8       #dY:6.3%   
  1.7             2.26873e-7      1.1604e-8        #dY:5.1%   
  1.8             2.16522e-7      1.10746e-8       #dY:5.1%   
  1.9             2.06262e-7      7.83523e-9       #dY:3.8%   
  2               1.96166e-7      7.45171e-9       #dY:3.8%   
  2.1             1.8629e-7       4.50207e-9       #dY:2.4%   
  2.2             1.76678e-7      4.26978e-9       #dY:2.4%   
  2.3             1.6736e-7       1.85984e-9       #dY:1.1%   
  2.4             1.5836e-7       1.75982e-9       #dY:1.1%   
  2.5             1.49695e-7      1.48793e-9       #dY:1.0%   
  2.6             1.41374e-7      1.40522e-9       #dY:1.0%   
  2.7             1.33403e-7      3.11853e-9       #dY:2.3%   
  2.8             1.25783e-7      2.94039e-9       #dY:2.3%   
  2.9             1.18512e-7      4.5779e-9        #dY:3.9%   
  3               1.11587e-7      4.3104e-9        #dY:3.9%   
  3.1             1.05e-7         5.70789e-9       #dY:5.4%   
  3.2             9.87438e-8      5.36779e-9       #dY:5.4%   
  3.3             9.28092e-8      6.53508e-9       #dY:7.0%   
  3.4             8.71859e-8      6.13912e-9       #dY:7.0%   
  3.5             8.18634e-8      7.11262e-9       #dY:8.7%   
  3.6             7.68303e-8      6.67532e-9       #dY:8.7%   
  3.7             7.20752e-8      7.45259e-9       #dY:10.3%  
  3.8             6.75865e-8      6.98846e-9       #dY:10.3%  
  3.9             6.33524e-8      7.62418e-9       #dY:12.0%  
  4               5.93614e-8      7.14388e-9       #dY:12.0%  
  4.1             5.56021e-8      7.67181e-9       #dY:13.8%  
  4.2             5.20631e-8      7.18351e-9       #dY:13.8%  
  4.3             4.87336e-8      7.54826e-9       #dY:15.5%  
  4.4             4.56029e-8      7.06335e-9       #dY:15.5%  
  4.5             4.26607e-8      7.33051e-9       #dY:17.2%  
  4.6             3.98969e-8      6.8556e-9        #dY:17.2%  
  4.7             3.73019e-8      7.09114e-9       #dY:19.0%  
  4.8             3.48666e-8      6.62818e-9       #dY:19.0%  
  4.9             3.2582e-8       6.74768e-9       #dY:20.7%  
  5               3.04397e-8      6.30401e-9       #dY:20.7%  
  5.1             2.84316e-8      6.4096e-9        #dY:22.5%  
  5.2             2.655e-8        5.98541e-9       #dY:22.5%  
  5.3             2.47874e-8      6.04293e-9       #dY:24.4%  
  5.4             2.3137e-8       5.64057e-9       #dY:24.4%  
  5.5             2.1592e-8       5.66092e-9       #dY:26.2%  
  5.6             2.01462e-8      5.28187e-9       #dY:26.2%  
  5.7             1.87936e-8      5.27326e-9       #dY:28.1%  
  5.8             1.75285e-8      4.91829e-9       #dY:28.1%  
  5.9             1.63457e-8      4.8877e-9        #dY:29.9%  
  6               1.52399e-8      4.55704e-9       #dY:29.9%  
  6.1             1.42066e-8      4.51036e-9       #dY:31.7%  
  6.2             1.32411e-8      4.20383e-9       #dY:31.7%  
  6.3             1.23392e-8      4.16135e-9       #dY:33.7%  
  6.4             1.1497e-8       3.87732e-9       #dY:33.7%  
  6.5             1.07106e-8      3.81016e-9       #dY:35.6%  
  6.6             9.97652e-9      3.54902e-9       #dY:35.6%  
  6.7             9.29139e-9      3.48934e-9       #dY:37.6%  
  6.8             8.65208e-9      3.24925e-9       #dY:37.6%  
  6.9             8.05564e-9      3.17457e-9       #dY:39.4%  
  7               7.49931e-9      2.95534e-9       #dY:39.4%  
  7.1             6.98047e-9      2.88927e-9       #dY:41.4%  
  7.2             6.49669e-9      2.68903e-9       #dY:41.4%  
  7.3             6.04567e-9      2.62227e-9       #dY:43.4%  
  7.4             5.62527e-9      2.43992e-9       #dY:43.4%  
  7.5             5.23347e-9      2.37383e-9       #dY:45.4%  
  7.6             4.86838e-9      2.20823e-9       #dY:45.4%  
  7.7             4.52824e-9      2.14389e-9       #dY:47.3%  
  7.8             4.21138e-9      1.99387e-9       #dY:47.3%  
  7.9             3.91626e-9      1.93188e-9       #dY:49.3%  
  8               3.64143e-9      1.79631e-9       #dY:49.3%  
  8.1             3.38552e-9      1.73731e-9       #dY:51.3%  
  8.2             3.14726e-9      1.61504e-9       #dY:51.3%  
  8.3             2.92547e-9      1.56309e-9       #dY:53.4%  
  8.4             2.71904e-9      1.4528e-9        #dY:53.4%  
  8.5             2.52692e-9      1.4003e-9        #dY:55.4%  
  8.6             2.34815e-9      1.30123e-9       #dY:55.4%  
  8.7             2.18181e-9      1.25235e-9       #dY:57.4%  
  8.8             2.02707e-9      1.16353e-9       #dY:57.4%  
  8.9             1.88313e-9      1.12073e-9       #dY:59.5%  
  9               1.74925e-9      1.04105e-9       #dY:59.5%  
  9.1             1.62475e-9      9.99141e-10      #dY:61.5%  
  9.2             1.50897e-9      9.27942e-10      #dY:61.5%  
  9.3             1.40133e-9      8.91331e-10      #dY:63.6%  
  9.4             1.30125e-9      8.27674e-10      #dY:63.6%  
  9.5             1.20822e-9      7.93988e-10      #dY:65.7%  
  9.6             1.12175e-9      7.37164e-10      #dY:65.7%  
  9.7             1.04138e-9      7.06255e-10      #dY:67.8%  
  9.8             9.66692e-10     6.55602e-10      #dY:67.8%  
  9.9             8.97292e-10     6.2626e-10       #dY:69.8%  
  10              8.32809e-10     5.81255e-10      #dY:69.8%  
  10.1            7.72902e-10     5.55701e-10      #dY:71.9%  
  10.2            7.1725e-10      5.15688e-10      #dY:71.9%  
  10.3            6.65556e-10     4.92485e-10      #dY:74.0%  
  10.4            6.17543e-10     4.56957e-10      #dY:74.0%  
  10.5            5.72952e-10     4.36723e-10      #dY:76.2%  
  10.6            5.31544e-10     4.05161e-10      #dY:76.2%  
  10.7            4.93094e-10     3.86173e-10      #dY:78.3%  
  10.8            4.57393e-10     3.58213e-10      #dY:78.3%  
  10.9            4.24249e-10     3.41112e-10      #dY:80.4%  
  11              3.9348e-10      3.16372e-10      #dY:80.4%  
  11.1            3.64918e-10     3.01022e-10      #dY:82.5%  
  11.2            3.38408e-10     2.79154e-10      #dY:82.5%  
  11.3            3.13803e-10     2.65797e-10      #dY:84.7%  
  11.4            2.90969e-10     2.46456e-10      #dY:84.7%  
  11.5            2.69779e-10     2.34111e-10      #dY:86.8%  
  11.6            2.50117e-10     2.17048e-10      #dY:86.8%  
  11.7            2.31874e-10     2.06322e-10      #dY:89.0%  
  11.8            2.14949e-10     1.91262e-10      #dY:89.0%  
  11.9            1.99247e-10     1.81411e-10      #dY:91.0%  
  12              1.84681e-10     1.68149e-10      #dY:91.0%  
  12.1            1.7117e-10      1.59593e-10      #dY:93.2%  
  12.2            1.58638e-10     1.47908e-10      #dY:93.2%  
  12.3            1.47016e-10     1.40288e-10      #dY:95.4%  
  12.4            1.36237e-10     1.30002e-10      #dY:95.4%  
  12.5            1.26242e-10     1.23055e-10      #dY:97.5%  
  12.6            1.16973e-10     1.1402e-10       #dY:97.5%  
  12.7            1.08379e-10     1.07995e-10      #dY:99.6%  
  12.8            1.00412e-10     1.00056e-10      #dY:99.6%  
  12.9            9.30245e-11     9.47097e-11      #dY:101.8% 
  13              8.61765e-11     8.77376e-11      #dY:101.8% 
  13.1            7.98284e-11     8.30043e-11      #dY:104.0% 
  13.2            7.39441e-11     7.68859e-11      #dY:104.0% 
  13.3            6.84901e-11     7.26863e-11      #dY:106.1% 
  13.4            6.34352e-11     6.73217e-11      #dY:106.1% 
  13.5            5.87505e-11     6.36116e-11      #dY:108.3% 
  13.6            5.4409e-11      5.89108e-11      #dY:108.3% 
  13.7            5.0386e-11      5.56323e-11      #dY:110.4% 
  13.8            4.66581e-11     5.15163e-11      #dY:110.4% 
  13.9            4.3204e-11      4.8623e-11       #dY:112.5% 
  14              4.00038e-11     4.50214e-11      #dY:112.5% 
  14.1            3.70388e-11     4.25181e-11      #dY:114.8% 
  14.2            3.42921e-11     3.93651e-11      #dY:114.8% 
  14.3            3.17475e-11     3.71152e-11      #dY:116.9% 
  14.4            2.93905e-11     3.43597e-11      #dY:116.9% 
  14.5            2.72072e-11     3.23797e-11      #dY:119.0% 
  14.6            2.5185e-11      2.99731e-11      #dY:119.0% 
  14.7            2.33121e-11     2.82631e-11      #dY:121.2% 
  14.8            2.15776e-11     2.61602e-11      #dY:121.2% 
  14.9            1.99712e-11     2.46296e-11      #dY:123.3% 
  15              1.84836e-11     2.2795e-11       #dY:123.3% 
  15.1            1.71061e-11     2.14733e-11      #dY:125.5% 
  15.2            1.58306e-11     1.98722e-11      #dY:125.5% 
  15.3            1.46496e-11     1.87112e-11      #dY:127.7% 
  15.4            1.35562e-11     1.73147e-11      #dY:127.7% 
  15.5            1.25439e-11     1.62315e-11      #dY:129.4% 
  15.6            1.16066e-11     1.50187e-11      #dY:129.4% 
  15.7            1.0739e-11      1.41572e-11      #dY:131.8% 
  15.8            9.93588e-12     1.30985e-11      #dY:131.8% 
  15.9            9.19243e-12     1.2341e-11       #dY:134.3% 
  16              8.50428e-12     1.14171e-11      #dY:134.3% 
  16.1            7.86735e-12     1.0752e-11       #dY:136.7% 
  16.2            7.27783e-12     9.94634e-12      #dY:136.7% 
  16.3            6.73224e-12     9.27573e-12      #dY:137.8% 
  16.4            6.22732e-12     8.58005e-12      #dY:137.8% 
  16.5            5.76005e-12     8.07354e-12      #dY:140.2% 
  16.6            5.32764e-12     7.46745e-12      #dY:140.2% 
  16.7            4.92752e-12     7.0236e-12       #dY:142.5% 
  16.8            4.55728e-12     6.49587e-12      #dY:142.5% 
  16.9            4.21471e-12     6.10719e-12      #dY:144.9% 
  17              3.89775e-12     5.64791e-12      #dY:144.9% 
  17.1            3.6045e-12      5.30769e-12      #dY:147.3% 
  17.2            3.33319e-12     4.90818e-12      #dY:147.3% 
  17.3            3.0822e-12      4.57131e-12      #dY:148.3% 
  17.4            2.85001e-12     4.22694e-12      #dY:148.3% 
  17.5            2.63522e-12     3.96965e-12      #dY:150.6% 
  17.6            2.43654e-12     3.67036e-12      #dY:150.6% 
  17.7            2.25276e-12     3.44556e-12      #dY:152.9% 
  17.8            2.08277e-12     3.18556e-12      #dY:152.9% 
  17.9            1.92555e-12     2.98934e-12      #dY:155.2% 
  18              1.78013e-12     2.76358e-12      #dY:155.2% 
  18.1            1.64564e-12     2.59232e-12      #dY:157.5% 
  18.2            1.52127e-12     2.39641e-12      #dY:157.5% 
  18.3            1.40625e-12     2.24716e-12      #dY:159.8% 
  18.4            1.29988e-12     2.07718e-12      #dY:159.8% 
  18.5            1.20152e-12     1.9319e-12       #dY:160.8% 
  18.6            1.11057e-12     1.78566e-12      #dY:160.8% 
  18.7            1.02647e-12     1.67344e-12      #dY:163.0% 
  18.8            9.48713e-13     1.54667e-12      #dY:163.0% 
  18.9            8.76817e-13     1.44901e-12      #dY:165.3% 
  19              8.10345e-13     1.33916e-12      #dY:165.3% 
  19.1            7.48889e-13     1.2542e-12       #dY:167.5% 
  19.2            6.92073e-13     1.15905e-12      #dY:167.5% 
  19.3            6.39549e-13     1.0851e-12       #dY:169.7% 
  19.4            5.90993e-13     1.00271e-12      #dY:169.7% 
  19.5            5.46108e-13     9.38458e-13      #dY:171.8% 
  19.6            5.04617e-13     8.67158e-13      #dY:171.8% 
  19.7            4.66264e-13     8.1135e-13       #dY:174.0% 
  19.8            4.30814e-13     7.49663e-13      #dY:174.0% 
  19.9            3.98048e-13     7.01201e-13      #dY:176.2% 
  20              3.67764e-13     6.47852e-13      #dY:176.2% 
  20.2            0.00            0.00                        
//
#-------------------------------------------------------------------------------
#
#name:   JENDL-4.0: TH-232(N,F) E_in=7. MeV
#X.axis: Energy
#Y.axis: 
#wdata:  3
#ldata:  352
#data...
# X               Y               +-dY           
# MeV             1/eV            1/eV           
  0.00            0.00            0.00                        
  1.00e-11        1.61311e-12     0.00                        
  1.20e-11        1.76708e-12     0.00                        
  1.40e-11        1.90866e-12     0.00                        
  1.60e-11        2.04045e-12     0.00                        
  1.80e-11        2.16422e-12     0.00                        
  2.20e-11        2.39264e-12     0.00                        
  2.50e-11        2.55056e-12     0.00                        
  2.90e-11        2.74704e-12     0.00                        
  3.40e-11        2.97444e-12     1.8666e-13       #dY:6.3%   
  4.00e-11        3.22624e-12     2.02461e-13      #dY:6.3%   
  4.60e-11        3.45976e-12     2.17116e-13      #dY:6.3%   
  5.40e-11        3.74855e-12     2.35239e-13      #dY:6.3%   
  6.30e-11        4.0489e-12      2.54087e-13      #dY:6.3%   
  7.40e-11        4.38817e-12     2.75378e-13      #dY:6.3%   
  8.60e-11        4.73061e-12     2.96867e-13      #dY:6.3%   
  1.00e-10        5.10115e-12     3.74157e-13      #dY:7.3%   
  1.20e-10        5.58804e-12     4.09869e-13      #dY:7.3%   
  1.40e-10        6.03578e-12     4.4271e-13       #dY:7.3%   
  1.60e-10        6.45253e-12     4.73278e-13      #dY:7.3%   
  1.80e-10        6.84395e-12     5.01987e-13      #dY:7.3%   
  2.20e-10        7.56628e-12     5.54968e-13      #dY:7.3%   
  2.50e-10        8.06569e-12     5.91599e-13      #dY:7.3%   
  2.90e-10        8.68703e-12     6.37173e-13      #dY:7.3%   
  3.40e-10        9.40617e-12     6.84029e-13      #dY:7.3%   
  4.00e-10        1.02024e-11     7.41932e-13      #dY:7.3%   
  4.60e-10        1.09409e-11     7.95637e-13      #dY:7.3%   
  5.40e-10        1.18542e-11     8.62053e-13      #dY:7.3%   
  6.30e-10        1.2804e-11      9.31124e-13      #dY:7.3%   
  7.40e-10        1.3877e-11      1.00915e-12      #dY:7.3%   
  8.60e-10        1.49599e-11     1.0879e-12       #dY:7.3%   
  1.00e-9         1.61317e-11     1.17312e-12      #dY:7.3%   
  1.20e-9         1.76715e-11     1.29616e-12      #dY:7.3%   
  1.40e-9         1.90875e-11     1.40002e-12      #dY:7.3%   
  1.60e-9         2.04054e-11     1.49669e-12      #dY:7.3%   
  1.80e-9         2.16433e-11     1.58749e-12      #dY:7.3%   
  2.20e-9         2.39277e-11     1.75504e-12      #dY:7.3%   
  2.50e-9         2.55071e-11     1.87089e-12      #dY:7.3%   
  2.90e-9         2.74721e-11     2.01501e-12      #dY:7.3%   
  3.40e-9         2.97465e-11     2.16311e-12      #dY:7.3%   
  4.00e-9         3.22648e-11     2.34624e-12      #dY:7.3%   
  4.60e-9         3.46004e-11     2.51608e-12      #dY:7.3%   
  5.40e-9         3.74888e-11     2.72612e-12      #dY:7.3%   
  6.30e-9         4.04929e-11     2.94457e-12      #dY:7.3%   
  7.40e-9         4.38862e-11     3.19133e-12      #dY:7.3%   
  8.60e-9         4.73113e-11     3.4404e-12       #dY:7.3%   
  1.00e-8         5.10176e-11     3.74163e-12      #dY:7.3%   
  1.20e-8         5.58877e-11     4.0988e-12       #dY:7.3%   
  1.40e-8         6.03663e-11     4.42726e-12      #dY:7.3%   
  1.60e-8         6.4535e-11      4.73299e-12      #dY:7.3%   
  1.80e-8         6.84504e-11     5.02015e-12      #dY:7.3%   
  2.20e-8         7.56762e-11     5.55009e-12      #dY:7.3%   
  2.50e-8         8.06721e-11     5.91649e-12      #dY:7.3%   
  2.90e-8         8.6888e-11      6.37236e-12      #dY:7.3%   
  3.40e-8         9.40824e-11     6.84055e-12      #dY:7.3%   
  4.00e-8         1.02049e-10     7.41978e-12      #dY:7.3%   
  4.60e-8         1.09437e-10     7.95695e-12      #dY:7.3%   
  5.40e-8         1.18575e-10     8.62136e-12      #dY:7.3%   
  6.30e-8         1.28079e-10     9.31237e-12      #dY:7.3%   
  7.40e-8         1.38815e-10     1.0093e-11       #dY:7.3%   
  8.60e-8         1.49651e-10     1.08808e-11      #dY:7.3%   
  1.00e-7         1.61378e-10     1.17335e-11      #dY:7.3%   
  1.20e-7         1.76788e-10     1.29629e-11      #dY:7.3%   
  1.40e-7         1.9096e-10      1.4002e-11       #dY:7.3%   
  1.60e-7         2.04152e-10     1.49693e-11      #dY:7.3%   
  1.80e-7         2.16542e-10     1.58778e-11      #dY:7.3%   
  2.20e-7         2.39411e-10     1.75547e-11      #dY:7.3%   
  2.50e-7         2.55223e-10     1.87141e-11      #dY:7.3%   
  2.90e-7         2.74898e-10     2.01567e-11      #dY:7.3%   
  3.40e-7         2.97672e-10     2.16341e-11      #dY:7.3%   
  4.00e-7         3.22891e-10     2.3467e-11       #dY:7.3%   
  4.60e-7         3.46283e-10     2.51671e-11      #dY:7.3%   
  5.40e-7         3.75217e-10     2.72699e-11      #dY:7.3%   
  6.30e-7         4.05312e-10     2.94572e-11      #dY:7.3%   
  7.40e-7         4.39312e-10     3.19282e-11      #dY:7.3%   
  8.60e-7         4.73636e-10     3.44228e-11      #dY:7.3%   
  1.00e-6         5.10784e-10     3.71226e-11      #dY:7.3%   
  1.20e-6         5.59607e-10     4.10002e-11      #dY:7.3%   
  1.40e-6         6.04515e-10     4.42905e-11      #dY:7.3%   
  1.60e-6         6.46323e-10     4.73536e-11      #dY:7.3%   
  1.80e-6         6.85599e-10     5.02312e-11      #dY:7.3%   
  2.20e-6         7.581e-10       5.5543e-11       #dY:7.3%   
  2.50e-6         8.08242e-10     5.92167e-11      #dY:7.3%   
  2.90e-6         8.70643e-10     6.37886e-11      #dY:7.3%   
  3.40e-6         9.42891e-10     6.8436e-11       #dY:7.3%   
  4.00e-6         1.02292e-9      7.42446e-11      #dY:7.3%   
  4.60e-6         1.09717e-9      7.96338e-11      #dY:7.3%   
  5.40e-6         1.18903e-9      8.63011e-11      #dY:7.3%   
  6.30e-6         1.28462e-9      9.32391e-11      #dY:7.3%   
  7.40e-6         1.39264e-9      1.01079e-10      #dY:7.3%   
  8.60e-6         1.50174e-9      1.08998e-10      #dY:7.3%   
  1.00e-5         1.61986e-9      1.17571e-10      #dY:7.3%   
  1.20e-5         1.77517e-9      1.2975e-10       #dY:7.3%   
  1.40e-5         1.91811e-9      1.40198e-10      #dY:7.3%   
  1.60e-5         2.05124e-9      1.49929e-10      #dY:7.3%   
  1.80e-5         2.17636e-9      1.59074e-10      #dY:7.3%   
  2.20e-5         2.40747e-9      1.75966e-10      #dY:7.3%   
  2.50e-5         2.56742e-9      1.87657e-10      #dY:7.3%   
  2.90e-5         2.76659e-9      2.02215e-10      #dY:7.3%   
  3.40e-5         2.99737e-9      2.16635e-10      #dY:7.2%   
  4.00e-5         3.2532e-9       2.35125e-10      #dY:7.2%   
  4.60e-5         3.49076e-9      2.52295e-10      #dY:7.2%   
  5.40e-5         3.78495e-9      2.73558e-10      #dY:7.2%   
  6.30e-5         4.09135e-9      2.95703e-10      #dY:7.2%   
  7.40e-5         4.43802e-9      3.20758e-10      #dY:7.2%   
  8.60e-5         4.78853e-9      3.46091e-10      #dY:7.2%   
  1.00e-4         5.16849e-9      3.73553e-10      #dY:7.2%   
  1.20e-4         5.66882e-9      4.11291e-10      #dY:7.3%   
  1.40e-4         6.13e-9         4.44751e-10      #dY:7.3%   
  1.60e-4         6.56018e-9      4.75962e-10      #dY:7.3%   
  1.80e-4         6.96502e-9      5.05335e-10      #dY:7.3%   
  2.20e-4         7.71419e-9      5.59689e-10      #dY:7.3%   
  2.50e-4         8.23372e-9      5.97383e-10      #dY:7.3%   
  2.90e-4         8.88186e-9      6.44408e-10      #dY:7.3%   
  3.40e-4         9.63448e-9      6.87269e-10      #dY:7.1%   
  4.00e-4         1.04709e-8      7.46935e-10      #dY:7.1%   
  4.60e-4         1.12495e-8      8.02476e-10      #dY:7.1%   
  5.40e-4         1.22162e-8      8.71435e-10      #dY:7.1%   
  6.30e-4         1.32261e-8      9.43475e-10      #dY:7.1%   
  7.40e-4         1.43724e-8      1.02525e-9       #dY:7.1%   
  8.60e-4         1.55352e-8      1.10819e-9       #dY:7.1%   
  1.00e-3         1.68002e-8      1.19843e-9       #dY:7.1%   
  1.20e-3         1.84727e-8      1.30818e-9       #dY:7.1%   
  1.40e-3         2.00213e-8      1.41785e-9       #dY:7.1%   
  1.60e-3         2.14717e-8      1.52056e-9       #dY:7.1%   
  1.80e-3         2.28418e-8      1.61759e-9       #dY:7.1%   
  2.20e-3         2.53901e-8      1.79805e-9       #dY:7.1%   
  2.50e-3         2.71671e-8      1.92389e-9       #dY:7.1%   
  2.90e-3         2.93949e-8      2.08166e-9       #dY:7.1%   
  3.40e-3         3.1997e-8       2.18971e-9       #dY:6.8%   
  4.00e-3         3.49076e-8      2.3889e-9        #dY:6.8%   
  4.60e-3         3.76343e-8      2.5755e-9        #dY:6.8%   
  5.40e-3         4.10428e-8      2.80876e-9       #dY:6.8%   
  6.30e-3         4.46298e-8      3.05423e-9       #dY:6.8%   
  7.40e-3         4.87331e-8      3.33504e-9       #dY:6.8%   
  8.60e-3         5.29295e-8      3.62222e-9       #dY:6.8%   
  0.01            5.7532e-8       3.93719e-9       #dY:6.8%   
  0.012           6.36757e-8      4.21009e-9       #dY:6.6%   
  0.014           6.94209e-8      4.58995e-9       #dY:6.6%   
  0.016           7.48496e-8      4.94889e-9       #dY:6.6%   
  0.018           8.00189e-8      5.29067e-9       #dY:6.6%   
  0.022           8.97353e-8      5.9331e-9        #dY:6.6%   
  0.025           9.65852e-8      6.386e-9         #dY:6.6%   
  0.029           1.05256e-7      6.95929e-9       #dY:6.6%   
  0.034           1.15493e-7      7.04499e-9       #dY:6.1%   
  0.04            1.27076e-7      7.75155e-9       #dY:6.1%   
  0.046           1.38045e-7      8.42065e-9       #dY:6.1%   
  0.054           1.51907e-7      9.26622e-9       #dY:6.1%   
  0.063           1.66661e-7      1.01662e-8       #dY:6.1%   
  0.074           1.83727e-7      1.12072e-8       #dY:6.1%   
  0.086           2.01371e-7      1.22835e-8       #dY:6.1%   
  0.1             2.20918e-7      1.34758e-8       #dY:6.1%   
  0.2             3.43084e-7      1.88885e-8       #dY:5.5%   
  0.3             4.63888e-7      2.64011e-8       #dY:5.7%   
  0.4             5.57889e-7      3.1751e-8        #dY:5.7%   
  0.5             6.47406e-7      3.05654e-8       #dY:4.7%   
  0.6             6.41605e-7      3.02915e-8       #dY:4.7%   
  0.7             5.93397e-7      2.52355e-8       #dY:4.3%   
  0.8             5.23167e-7      2.22488e-8       #dY:4.3%   
  0.9             4.45615e-7      2.0076e-8        #dY:4.5%   
  1               3.68016e-7      1.658e-8         #dY:4.5%   
  1.1             3.07921e-7      1.67551e-8       #dY:5.4%   
  1.2             2.73168e-7      1.48641e-8       #dY:5.4%   
  1.3             2.54004e-7      1.69008e-8       #dY:6.7%   
  1.4             2.41248e-7      1.60521e-8       #dY:6.7%   
  1.5             2.30588e-7      1.52715e-8       #dY:6.6%   
  1.6             2.20546e-7      1.46065e-8       #dY:6.6%   
  1.7             2.10684e-7      1.1554e-8        #dY:5.5%   
  1.8             2.00922e-7      1.10186e-8       #dY:5.5%   
  1.9             1.91284e-7      7.82369e-9       #dY:4.1%   
  2               1.81816e-7      7.43644e-9       #dY:4.1%   
  2.1             1.72564e-7      4.4968e-9        #dY:2.6%   
  2.2             1.63566e-7      4.26233e-9       #dY:2.6%   
  2.3             1.54849e-7      1.85765e-9       #dY:1.2%   
  2.4             1.46436e-7      1.75673e-9       #dY:1.2%   
  2.5             1.38341e-7      1.48615e-9       #dY:1.1%   
  2.6             1.30573e-7      1.4027e-9        #dY:1.1%   
  2.7             1.23137e-7      3.11474e-9       #dY:2.5%   
  2.8             1.16032e-7      2.93502e-9       #dY:2.5%   
  2.9             1.09258e-7      4.57223e-9       #dY:4.2%   
  3               1.0281e-7       4.30239e-9       #dY:4.2%   
  3.1             9.66803e-8      5.70067e-9       #dY:5.9%   
  3.2             9.08626e-8      5.35764e-9       #dY:5.9%   
  3.3             8.53475e-8      6.5267e-9        #dY:7.6%   
  3.4             8.01254e-8      6.12735e-9       #dY:7.6%   
  3.5             7.51857e-8      7.10341e-9       #dY:9.4%   
  3.6             7.05177e-8      6.66238e-9       #dY:9.4%   
  3.7             6.61105e-8      7.44283e-9       #dY:11.3%  
  3.8             6.1953e-8       6.97477e-9       #dY:11.3%  
  3.9             5.80339e-8      7.6141e-9        #dY:13.1%  
  4               5.43423e-8      7.12976e-9       #dY:13.1%  
  4.1             5.08672e-8      7.66155e-9       #dY:15.1%  
  4.2             4.75982e-8      7.16918e-9       #dY:15.1%  
  4.3             4.45246e-8      7.53811e-9       #dY:16.9%  
  4.4             4.16366e-8      7.04916e-9       #dY:16.9%  
  4.5             3.89242e-8      7.32056e-9       #dY:18.8%  
  4.6             3.6378e-8       6.84169e-9       #dY:18.8%  
  4.7             3.39891e-8      7.08147e-9       #dY:20.8%  
  4.8             3.17486e-8      6.61467e-9       #dY:20.8%  
  4.9             2.96483e-8      6.73843e-9       #dY:22.7%  
  5               2.76801e-8      6.2911e-9        #dY:22.7%  
  5.1             2.58365e-8      6.40076e-9       #dY:24.8%  
  5.2             2.41101e-8      5.97306e-9       #dY:24.8%  
  5.3             2.24942e-8      6.03455e-9       #dY:26.8%  
  5.4             2.0982e-8       5.62887e-9       #dY:26.8%  
  5.5             1.95675e-8      5.65303e-9       #dY:28.9%  
  5.6             1.82447e-8      5.27087e-9       #dY:28.9%  
  5.7             1.70081e-8      5.2659e-9        #dY:31.0%  
  5.8             1.58523e-8      4.90805e-9       #dY:31.0%  
  5.9             1.47723e-8      4.88082e-9       #dY:33.0%  
  6               1.37635e-8      4.54751e-9       #dY:33.0%  
  6.1             1.28214e-8      4.50402e-9       #dY:35.1%  
  6.2             1.19417e-8      4.19499e-9       #dY:35.1%  
  6.3             1.11207e-8      4.15551e-9       #dY:37.4%  
  6.4             1.03544e-8      3.86916e-9       #dY:37.4%  
  6.5             9.63944e-9      3.80476e-9       #dY:39.5%  
  6.6             8.97251e-9      3.54152e-9       #dY:39.5%  
  6.7             8.3505e-9       3.48439e-9       #dY:41.7%  
  6.8             7.77051e-9      3.24238e-9       #dY:41.7%  
  6.9             7.2298e-9       3.17007e-9       #dY:43.8%  
  7               6.7258e-9       2.94908e-9       #dY:43.8%  
  7.1             6.2561e-9       2.88517e-9       #dY:46.1%  
  7.2             5.81846e-9      2.68334e-9       #dY:46.1%  
  7.3             5.41074e-9      2.61854e-9       #dY:48.4%  
  7.4             5.03097e-9      2.43475e-9       #dY:48.4%  
  7.5             4.6773e-9       2.37046e-9       #dY:50.7%  
  7.6             4.34797e-9      2.20356e-9       #dY:50.7%  
  7.7             4.04136e-9      2.14084e-9       #dY:53.0%  
  7.8             3.75594e-9      1.98964e-9       #dY:53.0%  
  7.9             3.4903e-9       1.92913e-9       #dY:55.3%  
  8               3.24309e-9      1.7925e-9        #dY:55.3%  
  8.1             3.01307e-9      1.73483e-9       #dY:57.6%  
  8.2             2.79907e-9      1.61162e-9       #dY:57.6%  
  8.3             2.60001e-9      1.56088e-9       #dY:60.0%  
  8.4             2.41485e-9      1.44972e-9       #dY:60.0%  
  8.5             2.24267e-9      1.39831e-9       #dY:62.4%  
  8.6             2.08256e-9      1.29848e-9       #dY:62.4%  
  8.7             1.93369e-9      1.25058e-9       #dY:64.7%  
  8.8             1.7953e-9       1.16107e-9       #dY:64.7%  
  8.9             1.66666e-9      1.11914e-9       #dY:67.1%  
  9               1.5471e-9       1.03886e-9       #dY:67.1%  
  9.1             1.43599e-9      9.97731e-10      #dY:69.5%  
  9.2             1.33275e-9      9.25999e-10      #dY:69.5%  
  9.3             1.23682e-9      8.90077e-10      #dY:72.0%  
  9.4             1.1477e-9       8.25942e-10      #dY:72.0%  
  9.5             1.06491e-9      7.92871e-10      #dY:74.5%  
  9.6             9.8802e-10      7.35624e-10      #dY:74.5%  
  9.7             9.16605e-10     7.0527e-10       #dY:76.9%  
  9.8             8.50285e-10     6.54241e-10      #dY:76.9%  
  9.9             7.88703e-10     6.25389e-10      #dY:79.3%  
  10              7.31526e-10     5.80052e-10      #dY:79.3%  
  10.1            6.78443e-10     5.54931e-10      #dY:81.8%  
  10.2            6.29165e-10     5.14624e-10      #dY:81.8%  
  10.3            5.83425e-10     4.91806e-10      #dY:84.3%  
  10.4            5.40972e-10     4.56019e-10      #dY:84.3%  
  10.5            5.01572e-10     4.36124e-10      #dY:87.0%  
  10.6            4.6501e-10      4.04333e-10      #dY:87.0%  
  10.7            4.31084e-10     3.85645e-10      #dY:89.5%  
  10.8            3.99606e-10     3.57485e-10      #dY:89.5%  
  10.9            3.70402e-10     3.40648e-10      #dY:92.0%  
  11              3.4331e-10      3.15732e-10      #dY:92.0%  
  11.1            3.1818e-10      3.00616e-10      #dY:94.5%  
  11.2            2.9487e-10      2.78593e-10      #dY:94.5%  
  11.3            2.73251e-10     2.6544e-10       #dY:97.1%  
  11.4            2.53201e-10     2.45963e-10      #dY:97.1%  
  11.5            2.34608e-10     2.33798e-10      #dY:99.7%  
  11.6            2.17368e-10     2.16618e-10      #dY:99.7%  
  11.7            2.01383e-10     2.06049e-10      #dY:102.3% 
  11.8            1.86562e-10     1.90885e-10      #dY:102.3% 
  11.9            1.72822e-10     1.81171e-10      #dY:104.8% 
  12              1.60085e-10     1.67819e-10      #dY:104.8% 
  12.1            1.48279e-10     1.59385e-10      #dY:107.5% 
  12.2            1.37336e-10     1.47622e-10      #dY:107.5% 
  12.3            1.27193e-10     1.40106e-10      #dY:110.2% 
  12.4            1.17793e-10     1.29752e-10      #dY:110.2% 
  12.5            1.09082e-10     1.22896e-10      #dY:112.7% 
  12.6            1.0101e-10      1.13801e-10      #dY:112.7% 
  12.7            9.35309e-11     1.07858e-10      #dY:115.3% 
  12.8            8.66008e-11     9.98662e-11      #dY:115.3% 
  12.9            8.01802e-11     9.459e-11        #dY:118.0% 
  13              7.4232e-11      8.75728e-11      #dY:118.0% 
  13.1            6.87216e-11     8.29004e-11      #dY:120.6% 
  13.2            6.36173e-11     7.6743e-11       #dY:120.6% 
  13.3            5.88892e-11     7.25962e-11      #dY:123.3% 
  13.4            5.451e-11       6.71977e-11      #dY:123.3% 
  13.5            5.04541e-11     6.35335e-11      #dY:125.9% 
  13.6            4.66978e-11     5.88034e-11      #dY:125.9% 
  13.7            4.32192e-11     5.55647e-11      #dY:128.6% 
  13.8            3.99979e-11     5.14232e-11      #dY:128.6% 
  13.9            3.70151e-11     4.85646e-11      #dY:131.2% 
  14              3.42533e-11     4.4941e-11       #dY:131.2% 
  14.1            3.16961e-11     4.24676e-11      #dY:134.0% 
  14.2            2.93286e-11     3.92956e-11      #dY:134.0% 
  14.3            2.71368e-11     3.70716e-11      #dY:136.6% 
  14.4            2.51077e-11     3.42997e-11      #dY:136.6% 
  14.5            2.32294e-11     3.23422e-11      #dY:139.2% 
  14.6            2.14908e-11     2.99215e-11      #dY:139.2% 
  14.7            1.98814e-11     2.82306e-11      #dY:142.0% 
  14.8            1.83919e-11     2.61156e-11      #dY:142.0% 
  14.9            1.70133e-11     2.46018e-11      #dY:144.6% 
  15              1.57374e-11     2.27568e-11      #dY:144.6% 
  15.1            1.45566e-11     2.14494e-11      #dY:147.4% 
  15.2            1.34639e-11     1.98392e-11      #dY:147.4% 
  15.3            1.24528e-11     1.86907e-11      #dY:150.1% 
  15.4            1.15172e-11     1.72864e-11      #dY:150.1% 
  15.5            1.06514e-11     1.62137e-11      #dY:152.2% 
  15.6            9.85043e-12     1.49945e-11      #dY:152.2% 
  15.7            9.10934e-12     1.41421e-11      #dY:155.2% 
  15.8            8.4237e-12      1.30777e-11      #dY:155.2% 
  15.9            7.78939e-12     1.2328e-11       #dY:158.3% 
  16              7.20259e-12     1.13993e-11      #dY:158.3% 
  16.1            6.65977e-12     1.07408e-11      #dY:161.3% 
  16.2            6.15765e-12     9.93102e-12      #dY:161.3% 
  16.3            5.6932e-12      9.26627e-12      #dY:162.8% 
  16.4            5.2636e-12      8.56705e-12      #dY:162.8% 
  16.5            4.86626e-12     8.06542e-12      #dY:165.7% 
  16.6            4.49877e-12     7.45634e-12      #dY:165.7% 
  16.7            4.15889e-12     7.01667e-12      #dY:168.7% 
  16.8            3.84457e-12     6.48636e-12      #dY:168.7% 
  16.9            3.55389e-12     6.10127e-12      #dY:171.7% 
  17              3.28509e-12     5.63979e-12      #dY:171.7% 
  17.1            3.03652e-12     5.30264e-12      #dY:174.6% 
  17.2            2.80668e-12     4.90127e-12      #dY:174.6% 
  17.3            2.59415e-12     4.56704e-12      #dY:176.1% 
  17.4            2.39764e-12     4.22108e-12      #dY:176.1% 
  17.5            2.21596e-12     3.96602e-12      #dY:179.0% 
  17.6            2.04798e-12     3.66537e-12      #dY:179.0% 
  17.7            1.89268e-12     3.44246e-12      #dY:181.9% 
  17.8            1.7491e-12      3.18131e-12      #dY:181.9% 
  17.9            1.61638e-12     2.98672e-12      #dY:184.8% 
  18              1.49368e-12     2.76e-12         #dY:184.8% 
  18.1            1.38025e-12     2.59009e-12      #dY:187.7% 
  18.2            1.2754e-12      2.39334e-12      #dY:187.7% 
  18.3            1.17849e-12     2.24526e-12      #dY:190.5% 
  18.4            1.08891e-12     2.07459e-12      #dY:190.5% 
  18.5            1.00611e-12     1.93031e-12      #dY:191.9% 
  18.6            9.29584e-13     1.78349e-12      #dY:191.9% 
  18.7            8.58855e-13     1.6721e-12       #dY:194.7% 
  18.8            7.93486e-13     1.54483e-12      #dY:194.7% 
  18.9            7.33074e-13     1.44787e-12      #dY:197.5% 
  19              6.77244e-13     1.3376e-12       #dY:197.5% 
  19.1            6.2565e-13      1.25324e-12      #dY:200.3% 
  19.2            5.77971e-13     1.15773e-12      #dY:200.3% 
  19.3            5.33913e-13     1.08429e-12      #dY:203.1% 
  19.4            4.93201e-13     1.00161e-12      #dY:203.1% 
  19.5            4.55582e-13     9.37777e-13      #dY:205.8% 
  19.6            4.20822e-13     8.66226e-13      #dY:205.8% 
  19.7            3.88705e-13     8.10778e-13      #dY:208.6% 
  19.8            3.59031e-13     7.48883e-13      #dY:208.6% 
  19.9            3.31614e-13     7.00721e-13      #dY:211.3% 
  20              3.06283e-13     6.47195e-13      #dY:211.3% 
  20.2            0.00            0.00                        
//
#-------------------------------------------------------------------------------
#
#name:   JENDL-4.0: TH-232(N,F) E_in=8. MeV
#X.axis: Energy
#Y.axis: 
#wdata:  3
#ldata:  352
#data...
# X               Y               +-dY           
# MeV             1/eV            1/eV           
  0.00            0.00            0.00                        
  1.00e-11        1.61747e-12     0.00                        
  1.20e-11        1.77185e-12     0.00                        
  1.40e-11        1.91382e-12     0.00                        
  1.60e-11        2.04596e-12     0.00                        
  1.80e-11        2.17007e-12     0.00                        
  2.20e-11        2.3991e-12      0.00                        
  2.50e-11        2.55745e-12     0.00                        
  2.90e-11        2.75446e-12     0.00                        
  3.40e-11        2.98248e-12     1.8666e-13       #dY:6.3%   
  4.00e-11        3.23495e-12     2.02461e-13      #dY:6.3%   
  4.60e-11        3.4691e-12      2.17115e-13      #dY:6.3%   
  5.40e-11        3.75867e-12     2.35238e-13      #dY:6.3%   
  6.30e-11        4.05983e-12     2.54086e-13      #dY:6.3%   
  7.40e-11        4.40001e-12     2.75377e-13      #dY:6.3%   
  8.60e-11        4.74338e-12     2.96867e-13      #dY:6.3%   
  1.00e-10        5.11492e-12     3.74157e-13      #dY:7.3%   
  1.20e-10        5.60311e-12     4.09868e-13      #dY:7.3%   
  1.40e-10        6.05206e-12     4.42709e-13      #dY:7.3%   
  1.60e-10        6.46993e-12     4.73276e-13      #dY:7.3%   
  1.80e-10        6.8624e-12      5.01985e-13      #dY:7.3%   
  2.20e-10        7.58667e-12     5.54966e-13      #dY:7.3%   
  2.50e-10        8.08742e-12     5.91596e-13      #dY:7.3%   
  2.90e-10        8.71043e-12     6.37169e-13      #dY:7.3%   
  3.40e-10        9.43149e-12     6.84027e-13      #dY:7.3%   
  4.00e-10        1.02299e-11     7.41932e-13      #dY:7.3%   
  4.60e-10        1.09704e-11     7.95638e-13      #dY:7.3%   
  5.40e-10        1.18861e-11     8.6205e-13       #dY:7.3%   
  6.30e-10        1.28385e-11     9.31123e-13      #dY:7.3%   
  7.40e-10        1.39142e-11     1.00914e-12      #dY:7.3%   
  8.60e-10        1.50001e-11     1.0879e-12       #dY:7.3%   
  1.00e-9         1.6175e-11      1.17311e-12      #dY:7.3%   
  1.20e-9         1.77189e-11     1.29615e-12      #dY:7.3%   
  1.40e-9         1.91386e-11     1.40001e-12      #dY:7.3%   
  1.60e-9         2.04601e-11     1.49668e-12      #dY:7.3%   
  1.80e-9         2.17012e-11     1.58746e-12      #dY:7.3%   
  2.20e-9         2.39917e-11     1.75502e-12      #dY:7.3%   
  2.50e-9         2.55752e-11     1.87085e-12      #dY:7.3%   
  2.90e-9         2.75454e-11     2.01497e-12      #dY:7.3%   
  3.40e-9         2.98258e-11     2.1631e-12       #dY:7.3%   
  4.00e-9         3.23507e-11     2.34621e-12      #dY:7.3%   
  4.60e-9         3.46923e-11     2.51604e-12      #dY:7.3%   
  5.40e-9         3.75883e-11     2.72607e-12      #dY:7.3%   
  6.30e-9         4.06002e-11     2.9445e-12       #dY:7.3%   
  7.40e-9         4.40023e-11     3.19124e-12      #dY:7.3%   
  8.60e-9         4.74363e-11     3.44029e-12      #dY:7.3%   
  1.00e-8         5.11521e-11     3.74158e-12      #dY:7.3%   
  1.20e-8         5.60347e-11     4.09873e-12      #dY:7.3%   
  1.40e-8         6.05247e-11     4.42715e-12      #dY:7.3%   
  1.60e-8         6.4704e-11      4.73285e-12      #dY:7.3%   
  1.80e-8         6.86293e-11     5.01997e-12      #dY:7.3%   
  2.20e-8         7.58732e-11     5.54984e-12      #dY:7.3%   
  2.50e-8         8.08817e-11     5.91619e-12      #dY:7.3%   
  2.90e-8         8.71129e-11     6.37198e-12      #dY:7.3%   
  3.40e-8         9.4325e-11      6.84037e-12      #dY:7.3%   
  4.00e-8         1.02311e-10     7.41951e-12      #dY:7.3%   
  4.60e-8         1.09717e-10     7.95658e-12      #dY:7.3%   
  5.40e-8         1.18877e-10     8.62086e-12      #dY:7.3%   
  6.30e-8         1.28403e-10     9.31167e-12      #dY:7.3%   
  7.40e-8         1.39164e-10     1.00921e-11      #dY:7.3%   
  8.60e-8         1.50026e-10     1.08798e-11      #dY:7.3%   
  1.00e-7         1.6178e-10      1.17321e-11      #dY:7.3%   
  1.20e-7         1.77224e-10     1.29621e-11      #dY:7.3%   
  1.40e-7         1.91428e-10     1.4001e-11       #dY:7.3%   
  1.60e-7         2.04648e-10     1.49679e-11      #dY:7.3%   
  1.80e-7         2.17066e-10     1.58761e-11      #dY:7.3%   
  2.20e-7         2.39982e-10     1.75522e-11      #dY:7.3%   
  2.50e-7         2.55827e-10     1.87111e-11      #dY:7.3%   
  2.90e-7         2.75541e-10     2.0153e-11       #dY:7.3%   
  3.40e-7         2.98359e-10     2.16324e-11      #dY:7.3%   
  4.00e-7         3.23626e-10     2.34643e-11      #dY:7.3%   
  4.60e-7         3.4706e-10      2.51634e-11      #dY:7.3%   
  5.40e-7         3.76044e-10     2.72649e-11      #dY:7.3%   
  6.30e-7         4.06189e-10     2.94505e-11      #dY:7.3%   
  7.40e-7         4.40243e-10     3.19196e-11      #dY:7.3%   
  8.60e-7         4.74619e-10     3.4412e-11       #dY:7.3%   
  1.00e-6         5.11818e-10     3.71091e-11      #dY:7.3%   
  1.20e-6         5.60704e-10     4.09926e-11      #dY:7.3%   
  1.40e-6         6.05663e-10     4.42796e-11      #dY:7.3%   
  1.60e-6         6.47515e-10     4.73393e-11      #dY:7.3%   
  1.80e-6         6.86828e-10     5.02135e-11      #dY:7.3%   
  2.20e-6         7.59386e-10     5.55181e-11      #dY:7.3%   
  2.50e-6         8.09559e-10     5.91862e-11      #dY:7.3%   
  2.90e-6         8.7199e-10      6.37505e-11      #dY:7.3%   
  3.40e-6         9.4426e-10      6.84186e-11      #dY:7.2%   
  4.00e-6         1.0243e-9       7.42181e-11      #dY:7.2%   
  4.60e-6         1.09854e-9      7.95973e-11      #dY:7.2%   
  5.40e-6         1.19037e-9      8.62511e-11      #dY:7.2%   
  6.30e-6         1.2859e-9       9.3173e-11       #dY:7.2%   
  7.40e-6         1.39384e-9      1.00994e-10      #dY:7.2%   
  8.60e-6         1.50281e-9      1.0889e-10       #dY:7.2%   
  1.00e-5         1.62077e-9      1.17437e-10      #dY:7.2%   
  1.20e-5         1.7758e-9       1.29675e-10      #dY:7.3%   
  1.40e-5         1.91843e-9      1.4009e-10       #dY:7.3%   
  1.60e-5         2.05123e-9      1.49788e-10      #dY:7.3%   
  1.80e-5         2.17599e-9      1.58898e-10      #dY:7.3%   
  2.20e-5         2.40634e-9      1.75719e-10      #dY:7.3%   
  2.50e-5         2.56568e-9      1.87354e-10      #dY:7.3%   
  2.90e-5         2.764e-9        2.01836e-10      #dY:7.3%   
  3.40e-5         2.99366e-9      2.16462e-10      #dY:7.2%   
  4.00e-5         3.2481e-9       2.34859e-10      #dY:7.2%   
  4.60e-5         3.48422e-9      2.51932e-10      #dY:7.2%   
  5.40e-5         3.77642e-9      2.7306e-10       #dY:7.2%   
  6.30e-5         4.08053e-9      2.9505e-10       #dY:7.2%   
  7.40e-5         4.42431e-9      3.19907e-10      #dY:7.2%   
  8.60e-5         4.7716e-9       3.45018e-10      #dY:7.2%   
  1.00e-4         5.14772e-9      3.72214e-10      #dY:7.2%   
  1.20e-4         5.64245e-9      4.10543e-10      #dY:7.3%   
  1.40e-4         6.09792e-9      4.43682e-10      #dY:7.3%   
  1.60e-4         6.52232e-9      4.74562e-10      #dY:7.3%   
  1.80e-4         6.9213e-9       5.03591e-10      #dY:7.3%   
  2.20e-4         7.6586e-9       5.57237e-10      #dY:7.3%   
  2.50e-4         8.16911e-9      5.94382e-10      #dY:7.3%   
  2.90e-4         8.8051e-9       6.40656e-10      #dY:7.3%   
  3.40e-4         9.54238e-9      6.8557e-10       #dY:7.2%   
  4.00e-4         1.03602e-8      7.44326e-10      #dY:7.2%   
  4.60e-4         1.11201e-8      7.98921e-10      #dY:7.2%   
  5.40e-4         1.20616e-8      8.66563e-10      #dY:7.2%   
  6.30e-4         1.3043e-8       9.37071e-10      #dY:7.2%   
  7.40e-4         1.41541e-8      1.0169e-9        #dY:7.2%   
  8.60e-4         1.52783e-8      1.09767e-9       #dY:7.2%   
  1.00e-3         1.6498e-8       1.18529e-9       #dY:7.2%   
  1.20e-3         1.81056e-8      1.30095e-9       #dY:7.2%   
  1.40e-3         1.95889e-8      1.40753e-9       #dY:7.2%   
  1.60e-3         2.09737e-8      1.50704e-9       #dY:7.2%   
  1.80e-3         2.2278e-8       1.60076e-9       #dY:7.2%   
  2.20e-3         2.46941e-8      1.77436e-9       #dY:7.2%   
  2.50e-3         2.63716e-8      1.8949e-9        #dY:7.2%   
  2.90e-3         2.84665e-8      2.04542e-9       #dY:7.2%   
  3.40e-3         3.09018e-8      2.17369e-9       #dY:7.0%   
  4.00e-3         3.36117e-8      2.36431e-9       #dY:7.0%   
  4.60e-3         3.61372e-8      2.54196e-9       #dY:7.0%   
  5.40e-3         3.92768e-8      2.76281e-9       #dY:7.0%   
  6.30e-3         4.25607e-8      2.9938e-9        #dY:7.0%   
  7.40e-3         4.62926e-8      3.25631e-9       #dY:7.0%   
  8.60e-3         5.00832e-8      3.52295e-9       #dY:7.0%   
  0.01            5.42114e-8      3.81334e-9       #dY:7.0%   
  0.012           5.96765e-8      4.14451e-9       #dY:6.9%   
  0.014           6.47419e-8      4.4963e-9        #dY:6.9%   
  0.016           6.94899e-8      4.82605e-9       #dY:6.9%   
  0.018           7.39778e-8      5.13773e-9       #dY:6.9%   
  0.022           8.23297e-8      5.71777e-9       #dY:6.9%   
  0.025           8.81551e-8      6.12234e-9       #dY:6.9%   
  0.029           9.54584e-8      6.62955e-9       #dY:6.9%   
  0.034           1.03985e-7      6.90794e-9       #dY:6.6%   
  0.04            1.13513e-7      7.54091e-9       #dY:6.6%   
  0.046           1.22426e-7      8.13302e-9       #dY:6.6%   
  0.054           1.33543e-7      8.87154e-9       #dY:6.6%   
  0.063           1.45207e-7      9.64641e-9       #dY:6.6%   
  0.074           1.58495e-7      1.05292e-8       #dY:6.6%   
  0.086           1.72014e-7      1.14273e-8       #dY:6.6%   
  0.1             1.86746e-7      1.24059e-8       #dY:6.6%   
  0.2             2.61375e-7      1.65888e-8       #dY:6.3%   
  0.3             3.09335e-7      2.21577e-8       #dY:7.2%   
  0.4             3.40365e-7      2.43803e-8       #dY:7.2%   
  0.5             3.62055e-7      2.56139e-8       #dY:7.1%   
  0.6             3.74841e-7      2.65185e-8       #dY:7.1%   
  0.7             3.84181e-7      2.83137e-8       #dY:7.4%   
  0.8             3.88991e-7      2.86682e-8       #dY:7.4%   
  0.9             3.94378e-7      2.72693e-8       #dY:6.9%   
  1               4.008e-7        2.77134e-8       #dY:6.9%   
  1.1             4.03771e-7      2.48082e-8       #dY:6.1%   
  1.2             4.12496e-7      2.53443e-8       #dY:6.1%   
  1.3             4.26911e-7      2.20297e-8       #dY:5.2%   
  1.4             4.29816e-7      2.21796e-8       #dY:5.2%   
  1.5             4.2879e-7       1.71183e-8       #dY:4.0%   
  1.6             3.92181e-7      1.56568e-8       #dY:4.0%   
  1.7             3.4603e-7       1.0428e-8        #dY:3.0%   
  1.8             3.01185e-7      9.07657e-9       #dY:3.0%   
  1.9             2.57689e-7      6.41193e-9       #dY:2.5%   
  2               2.18701e-7      5.44181e-9       #dY:2.5%   
  2.1             1.89685e-7      3.65402e-9       #dY:1.9%   
  2.2             1.7126e-7       3.29909e-9       #dY:1.9%   
  2.3             1.58948e-7      1.71147e-9       #dY:1.1%   
  2.4             1.49288e-7      1.60745e-9       #dY:1.1%   
  2.5             1.40771e-7      1.46786e-9       #dY:1.0%   
  2.6             1.32849e-7      1.38525e-9       #dY:1.0%   
  2.7             1.25343e-7      3.11436e-9       #dY:2.5%   
  2.8             1.18194e-7      2.93673e-9       #dY:2.5%   
  2.9             1.11381e-7      4.57886e-9       #dY:4.1%   
  3               1.04892e-7      4.31209e-9       #dY:4.1%   
  3.1             9.8721e-8       5.71016e-9       #dY:5.8%   
  3.2             9.28586e-8      5.37107e-9       #dY:5.8%   
  3.3             8.72964e-8      6.5379e-9        #dY:7.5%   
  3.4             8.20252e-8      6.14313e-9       #dY:7.5%   
  3.5             7.70349e-8      7.11581e-9       #dY:9.2%   
  3.6             7.2315e-8       6.67982e-9       #dY:9.2%   
  3.7             6.78549e-8      7.45603e-9       #dY:11.0%  
  3.8             6.36437e-8      6.9933e-9        #dY:11.0%  
  3.9             5.96706e-8      7.62778e-9       #dY:12.8%  
  4               5.59249e-8      7.14896e-9       #dY:12.8%  
  4.1             5.23958e-8      7.67553e-9       #dY:14.6%  
  4.2             4.9073e-8       7.18877e-9       #dY:14.6%  
  4.3             4.59461e-8      7.55205e-9       #dY:16.4%  
  4.4             4.30053e-8      7.06867e-9       #dY:16.4%  
  4.5             4.02409e-8      7.33427e-9       #dY:18.2%  
  4.6             3.76436e-8      6.86089e-9       #dY:18.2%  
  4.7             3.52044e-8      7.09488e-9       #dY:20.2%  
  4.8             3.29148e-8      6.63345e-9       #dY:20.2%  
  4.9             3.07664e-8      6.75136e-9       #dY:21.9%  
  5               2.87513e-8      6.30916e-9       #dY:21.9%  
  5.1             2.6862e-8       6.41317e-9       #dY:23.9%  
  5.2             2.50912e-8      5.9904e-9        #dY:23.9%  
  5.3             2.34321e-8      6.04637e-9       #dY:25.8%  
  5.4             2.18782e-8      5.6454e-9        #dY:25.8%  
  5.5             2.04232e-8      5.66424e-9       #dY:27.7%  
  5.6             1.90613e-8      5.28653e-9       #dY:27.7%  
  5.7             1.77868e-8      5.27643e-9       #dY:29.7%  
  5.8             1.65946e-8      4.92276e-9       #dY:29.7%  
  5.9             1.54795e-8      4.89072e-9       #dY:31.6%  
  6               1.44368e-8      4.56128e-9       #dY:31.6%  
  6.1             1.34622e-8      4.51323e-9       #dY:33.5%  
  6.2             1.25513e-8      4.20785e-9       #dY:33.5%  
  6.3             1.17002e-8      4.16408e-9       #dY:35.6%  
  6.4             1.09051e-8      3.88111e-9       #dY:35.6%  
  6.5             1.01626e-8      3.81271e-9       #dY:37.5%  
  6.6             9.4692e-9       3.55257e-9       #dY:37.5%  
  6.7             8.8219e-9       3.49173e-9       #dY:39.6%  
  6.8             8.21771e-9      3.25259e-9       #dY:39.6%  
  6.9             7.65388e-9      3.1768e-9        #dY:41.5%  
  7               7.1278e-9       2.95845e-9       #dY:41.5%  
  7.1             6.63703e-9      2.89135e-9       #dY:43.6%  
  7.2             6.17928e-9      2.69194e-9       #dY:43.6%  
  7.3             5.7524e-9       2.6242e-9        #dY:45.6%  
  7.4             5.35437e-9      2.44262e-9       #dY:45.6%  
  7.5             4.98331e-9      2.37563e-9       #dY:47.7%  
  7.6             4.63743e-9      2.21075e-9       #dY:47.7%  
  7.7             4.31508e-9      2.14555e-9       #dY:49.7%  
  7.8             4.0147e-9       1.99619e-9       #dY:49.7%  
  7.9             3.73483e-9      1.93342e-9       #dY:51.8%  
  8               3.4741e-9       1.79844e-9       #dY:51.8%  
  8.1             3.23125e-9      1.73871e-9       #dY:53.8%  
  8.2             3.00508e-9      1.61701e-9       #dY:53.8%  
  8.3             2.79446e-9      1.5644e-9        #dY:56.0%  
  8.4             2.59835e-9      1.45461e-9       #dY:56.0%  
  8.5             2.41578e-9      1.40149e-9       #dY:58.0%  
  8.6             2.24583e-9      1.3029e-9        #dY:58.0%  
  8.7             2.08765e-9      1.25345e-9       #dY:60.0%  
  8.8             1.94043e-9      1.16505e-9       #dY:60.0%  
  8.9             1.80344e-9      1.12173e-9       #dY:62.2%  
  9               1.67598e-9      1.04245e-9       #dY:62.2%  
  9.1             1.5574e-9       1.00006e-9       #dY:64.2%  
  9.2             1.44708e-9      9.29218e-10      #dY:64.2%  
  9.3             1.34447e-9      8.9216e-10       #dY:66.4%  
  9.4             1.24904e-9      8.28835e-10      #dY:66.4%  
  9.5             1.16029e-9      7.94749e-10      #dY:68.5%  
  9.6             1.07777e-9      7.38226e-10      #dY:68.5%  
  9.7             1.00104e-9      7.06952e-10      #dY:70.6%  
  9.8             9.29697e-10     6.56568e-10      #dY:70.6%  
  9.9             8.6338e-10      6.26886e-10      #dY:72.6%  
  10              8.01736e-10     5.82128e-10      #dY:72.6%  
  10.1            7.44441e-10     5.56271e-10      #dY:74.7%  
  10.2            6.91193e-10     5.16482e-10      #dY:74.7%  
  10.3            6.41709e-10     4.93002e-10      #dY:76.8%  
  10.4            5.95728e-10     4.57676e-10      #dY:76.8%  
  10.5            5.53005e-10     4.37191e-10      #dY:79.1%  
  10.6            5.13313e-10     4.05812e-10      #dY:79.1%  
  10.7            4.76439e-10     3.86595e-10      #dY:81.1%  
  10.8            4.42186e-10     3.58801e-10      #dY:81.1%  
  10.9            4.1037e-10      3.41493e-10      #dY:83.2%  
  11              3.8082e-10      3.16903e-10      #dY:83.2%  
  11.1            3.53377e-10     3.01366e-10      #dY:85.3%  
  11.2            3.27892e-10     2.79632e-10      #dY:85.3%  
  11.3            3.04227e-10     2.66107e-10      #dY:87.5%  
  11.4            2.82254e-10     2.46887e-10      #dY:87.5%  
  11.5            2.61853e-10     2.3439e-10       #dY:89.5%  
  11.6            2.42913e-10     2.17436e-10      #dY:89.5%  
  11.7            2.2533e-10      2.06572e-10      #dY:91.7%  
  11.8            2.09009e-10     1.9161e-10       #dY:91.7%  
  11.9            1.9386e-10      1.81636e-10      #dY:93.7%  
  12              1.79799e-10     1.68462e-10      #dY:93.7%  
  12.1            1.66749e-10     1.59795e-10      #dY:95.8%  
  12.2            1.54639e-10     1.4819e-10       #dY:95.8%  
  12.3            1.43401e-10     1.40469e-10      #dY:98.0%  
  12.4            1.32973e-10     1.30255e-10      #dY:98.0%  
  12.5            1.23297e-10     1.23216e-10      #dY:99.9%  
  12.6            1.1432e-10      1.14245e-10      #dY:99.9%  
  12.7            1.05991e-10     1.0814e-10       #dY:102.0% 
  12.8            9.82648e-11     1.00257e-10      #dY:102.0% 
  12.9            9.10972e-11     9.48394e-11      #dY:104.1% 
  13              8.44486e-11     8.79177e-11      #dY:104.1% 
  13.1            7.82817e-11     8.31202e-11      #dY:106.2% 
  13.2            7.25619e-11     7.70469e-11      #dY:106.2% 
  13.3            6.72571e-11     7.27899e-11      #dY:108.2% 
  13.4            6.23373e-11     6.74653e-11      #dY:108.2% 
  13.5            5.7775e-11      6.37038e-11      #dY:110.3% 
  13.6            5.35443e-11     5.9039e-11       #dY:110.3% 
  13.7            4.96213e-11     5.57145e-11      #dY:112.3% 
  13.8            4.59838e-11     5.16303e-11      #dY:112.3% 
  13.9            4.26112e-11     4.86961e-11      #dY:114.3% 
  14              3.94844e-11     4.51228e-11      #dY:114.3% 
  14.1            3.65856e-11     4.25833e-11      #dY:116.4% 
  14.2            3.38983e-11     3.94555e-11      #dY:116.4% 
  14.3            3.14071e-11     3.71731e-11      #dY:118.4% 
  14.4            2.90979e-11     3.444e-11        #dY:118.4% 
  14.5            2.69575e-11     3.24312e-11      #dY:120.3% 
  14.6            2.49736e-11     3.00445e-11      #dY:120.3% 
  14.7            2.31348e-11     2.83087e-11      #dY:122.4% 
  14.8            2.14306e-11     2.62234e-11      #dY:122.4% 
  14.9            1.98513e-11     2.46701e-11      #dY:124.3% 
  15              1.83877e-11     2.28512e-11      #dY:124.3% 
  15.1            1.70313e-11     2.15092e-11      #dY:126.3% 
  15.2            1.57745e-11     1.9922e-11       #dY:126.3% 
  15.3            1.461e-11       1.87432e-11      #dY:128.3% 
  15.4            1.35309e-11     1.73588e-11      #dY:128.3% 
  15.5            1.25311e-11     1.62595e-11      #dY:129.8% 
  15.6            1.16048e-11     1.50576e-11      #dY:129.8% 
  15.7            1.07467e-11     1.41822e-11      #dY:132.0% 
  15.8            9.95162e-12     1.3133e-11       #dY:132.0% 
  15.9            9.2151e-12      1.2363e-11       #dY:134.2% 
  16              8.53282e-12     1.14477e-11      #dY:134.2% 
  16.1            7.90081e-12     1.07715e-11      #dY:136.3% 
  16.2            7.31538e-12     9.97338e-12      #dY:136.3% 
  16.3            6.77312e-12     9.29284e-12      #dY:137.2% 
  16.4            6.27087e-12     8.60374e-12      #dY:137.2% 
  16.5            5.80568e-12     8.08865e-12      #dY:139.3% 
  16.6            5.37485e-12     7.4884e-12       #dY:139.3% 
  16.7            4.97584e-12     7.03697e-12      #dY:141.4% 
  16.8            4.60632e-12     6.51438e-12      #dY:141.4% 
  16.9            4.26411e-12     6.11898e-12      #dY:143.5% 
  17              3.94722e-12     5.66425e-12      #dY:143.5% 
  17.1            3.65377e-12     5.3181e-12       #dY:145.6% 
  17.2            3.38205e-12     4.92261e-12      #dY:145.6% 
  17.3            3.13044e-12     4.58041e-12      #dY:146.3% 
  17.4            2.89748e-12     4.23955e-12      #dY:146.3% 
  17.5            2.68178e-12     3.97767e-12      #dY:148.3% 
  17.6            2.48207e-12     3.68146e-12      #dY:148.3% 
  17.7            2.29717e-12     3.45261e-12      #dY:150.3% 
  17.8            2.12599e-12     3.19533e-12      #dY:150.3% 
  17.9            1.96751e-12     2.99555e-12      #dY:152.3% 
  18              1.82081e-12     2.77219e-12      #dY:152.3% 
  18.1            1.68499e-12     2.59779e-12      #dY:154.2% 
  18.2            1.55927e-12     2.40397e-12      #dY:154.2% 
  18.3            1.44289e-12     2.25195e-12      #dY:156.1% 
  18.4            1.33517e-12     2.08383e-12      #dY:156.1% 
  18.5            1.23546e-12     1.9361e-12       #dY:156.7% 
  18.6            1.14316e-12     1.79145e-12      #dY:156.7% 
  18.7            1.05774e-12     1.67712e-12      #dY:158.6% 
  18.8            9.78676e-13     1.55176e-12      #dY:158.6% 
  18.9            9.055e-13       1.45223e-12      #dY:160.4% 
  19              8.37777e-13     1.34362e-12      #dY:160.4% 
  19.1            7.751e-13       1.25703e-12      #dY:162.2% 
  19.2            7.17096e-13     1.16296e-12      #dY:162.2% 
  19.3            6.63418e-13     1.08758e-12      #dY:163.9% 
  19.4            6.13744e-13     1.00614e-12      #dY:163.9% 
  19.5            5.67777e-13     9.4063e-13       #dY:165.7% 
  19.6            5.25241e-13     8.70161e-13      #dY:165.7% 
  19.7            4.8588e-13      8.13252e-13      #dY:167.4% 
  19.8            4.4946e-13      7.52293e-13      #dY:167.4% 
  19.9            4.15761e-13     7.02865e-13      #dY:169.1% 
  20              3.8458e-13      6.50152e-13      #dY:169.1% 
  20.2            0.00            0.00                        
//
#-------------------------------------------------------------------------------
#
#name:   JENDL-4.0: TH-232(N,F) E_in=9. MeV
#X.axis: Energy
#Y.axis: 
#wdata:  3
#ldata:  352
#data...
# X               Y               +-dY           
# MeV             1/eV            1/eV           
  0.00            0.00            0.00                        
  1.00e-11        1.64108e-12     0.00                        
  1.20e-11        1.79772e-12     0.00                        
  1.40e-11        1.94176e-12     0.00                        
  1.60e-11        2.07583e-12     0.00                        
  1.80e-11        2.20175e-12     0.00                        
  2.20e-11        2.43412e-12     0.00                        
  2.50e-11        2.59478e-12     0.00                        
  2.90e-11        2.79467e-12     0.00                        
  3.40e-11        3.02601e-12     1.86659e-13      #dY:6.2%   
  4.00e-11        3.28217e-12     2.02461e-13      #dY:6.2%   
  4.60e-11        3.51974e-12     2.17115e-13      #dY:6.2%   
  5.40e-11        3.81354e-12     2.35238e-13      #dY:6.2%   
  6.30e-11        4.1191e-12      2.54087e-13      #dY:6.2%   
  7.40e-11        4.46424e-12     2.75377e-13      #dY:6.2%   
  8.60e-11        4.81262e-12     2.96867e-13      #dY:6.2%   
  1.00e-10        5.18958e-12     3.74157e-13      #dY:7.2%   
  1.20e-10        5.68491e-12     4.09869e-13      #dY:7.2%   
  1.40e-10        6.1404e-12      4.42709e-13      #dY:7.2%   
  1.60e-10        6.56437e-12     4.73276e-13      #dY:7.2%   
  1.80e-10        6.96257e-12     5.01985e-13      #dY:7.2%   
  2.20e-10        7.69742e-12     5.54966e-13      #dY:7.2%   
  2.50e-10        8.20548e-12     5.91596e-13      #dY:7.2%   
  2.90e-10        8.83758e-12     6.37169e-13      #dY:7.2%   
  3.40e-10        9.56917e-12     6.84027e-13      #dY:7.1%   
  4.00e-10        1.03792e-11     7.4193e-13       #dY:7.1%   
  4.60e-10        1.11305e-11     7.95635e-13      #dY:7.1%   
  5.40e-10        1.20596e-11     8.62049e-13      #dY:7.1%   
  6.30e-10        1.30259e-11     9.31122e-13      #dY:7.1%   
  7.40e-10        1.41173e-11     1.00914e-12      #dY:7.1%   
  8.60e-10        1.5219e-11      1.08789e-12      #dY:7.1%   
  1.00e-9         1.64111e-11     1.1731e-12       #dY:7.1%   
  1.20e-9         1.79775e-11     1.29615e-12      #dY:7.2%   
  1.40e-9         1.9418e-11      1.40001e-12      #dY:7.2%   
  1.60e-9         2.07587e-11     1.49667e-12      #dY:7.2%   
  1.80e-9         2.2018e-11      1.58747e-12      #dY:7.2%   
  2.20e-9         2.43419e-11     1.75502e-12      #dY:7.2%   
  2.50e-9         2.59486e-11     1.87086e-12      #dY:7.2%   
  2.90e-9         2.79475e-11     2.01498e-12      #dY:7.2%   
  3.40e-9         3.02611e-11     2.16309e-12      #dY:7.1%   
  4.00e-9         3.28229e-11     2.34621e-12      #dY:7.1%   
  4.60e-9         3.51988e-11     2.51604e-12      #dY:7.1%   
  5.40e-9         3.8137e-11      2.72607e-12      #dY:7.1%   
  6.30e-9         4.11929e-11     2.94451e-12      #dY:7.1%   
  7.40e-9         4.46447e-11     3.19125e-12      #dY:7.1%   
  8.60e-9         4.81288e-11     3.44029e-12      #dY:7.1%   
  1.00e-8         5.18988e-11     3.74158e-12      #dY:7.2%   
  1.20e-8         5.68527e-11     4.09873e-12      #dY:7.2%   
  1.40e-8         6.14082e-11     4.42715e-12      #dY:7.2%   
  1.60e-8         6.56485e-11     4.73285e-12      #dY:7.2%   
  1.80e-8         6.96311e-11     5.01997e-12      #dY:7.2%   
  2.20e-8         7.69808e-11     5.54984e-12      #dY:7.2%   
  2.50e-8         8.20623e-11     5.91618e-12      #dY:7.2%   
  2.90e-8         8.83845e-11     6.37197e-12      #dY:7.2%   
  3.40e-8         9.57019e-11     6.84037e-12      #dY:7.1%   
  4.00e-8         1.03804e-10     7.41947e-12      #dY:7.1%   
  4.60e-8         1.11319e-10     7.95661e-12      #dY:7.1%   
  5.40e-8         1.20612e-10     8.62084e-12      #dY:7.1%   
  6.30e-8         1.30278e-10     9.31172e-12      #dY:7.1%   
  7.40e-8         1.41196e-10     1.00921e-11      #dY:7.1%   
  8.60e-8         1.52216e-10     1.08798e-11      #dY:7.1%   
  1.00e-7         1.64141e-10     1.17321e-11      #dY:7.1%   
  1.20e-7         1.79811e-10     1.29621e-11      #dY:7.2%   
  1.40e-7         1.94222e-10     1.40009e-11      #dY:7.2%   
  1.60e-7         2.07635e-10     1.49678e-11      #dY:7.2%   
  1.80e-7         2.20234e-10     1.58761e-11      #dY:7.2%   
  2.20e-7         2.43484e-10     1.75521e-11      #dY:7.2%   
  2.50e-7         2.5956e-10      1.8711e-11       #dY:7.2%   
  2.90e-7         2.79562e-10     2.01529e-11      #dY:7.2%   
  3.40e-7         3.02713e-10     2.16324e-11      #dY:7.1%   
  4.00e-7         3.28349e-10     2.34643e-11      #dY:7.1%   
  4.60e-7         3.52125e-10     2.51634e-11      #dY:7.1%   
  5.40e-7         3.81532e-10     2.72649e-11      #dY:7.1%   
  6.30e-7         4.12117e-10     2.94505e-11      #dY:7.1%   
  7.40e-7         4.46667e-10     3.19195e-11      #dY:7.1%   
  8.60e-7         4.81544e-10     3.44119e-11      #dY:7.1%   
  1.00e-6         5.19287e-10     3.71091e-11      #dY:7.1%   
  1.20e-6         5.68885e-10     4.09926e-11      #dY:7.2%   
  1.40e-6         6.14501e-10     4.42795e-11      #dY:7.2%   
  1.60e-6         6.56963e-10     4.73393e-11      #dY:7.2%   
  1.80e-6         6.96848e-10     5.02133e-11      #dY:7.2%   
  2.20e-6         7.70464e-10     5.55179e-11      #dY:7.2%   
  2.50e-6         8.21369e-10     5.9186e-11       #dY:7.2%   
  2.90e-6         8.8471e-10      6.37502e-11      #dY:7.2%   
  3.40e-6         9.58033e-10     6.84184e-11      #dY:7.1%   
  4.00e-6         1.03924e-9      7.42179e-11      #dY:7.1%   
  4.60e-6         1.11456e-9      7.95969e-11      #dY:7.1%   
  5.40e-6         1.20773e-9      8.62507e-11      #dY:7.1%   
  6.30e-6         1.30465e-9      9.31723e-11      #dY:7.1%   
  7.40e-6         1.41416e-9      1.00993e-10      #dY:7.1%   
  8.60e-6         1.52472e-9      1.08889e-10      #dY:7.1%   
  1.00e-5         1.64439e-9      1.17435e-10      #dY:7.1%   
  1.20e-5         1.80169e-9      1.29675e-10      #dY:7.2%   
  1.40e-5         1.94639e-9      1.40089e-10      #dY:7.2%   
  1.60e-5         2.08112e-9      1.49786e-10      #dY:7.2%   
  1.80e-5         2.2077e-9       1.58897e-10      #dY:7.2%   
  2.20e-5         2.4414e-9       1.75717e-10      #dY:7.2%   
  2.50e-5         2.60305e-9      1.87352e-10      #dY:7.2%   
  2.90e-5         2.80425e-9      2.01833e-10      #dY:7.2%   
  3.40e-5         3.03725e-9      2.1646e-10       #dY:7.1%   
  4.00e-5         3.29539e-9      2.34857e-10      #dY:7.1%   
  4.60e-5         3.53493e-9      2.51929e-10      #dY:7.1%   
  5.40e-5         3.83137e-9      2.73056e-10      #dY:7.1%   
  6.30e-5         4.13989e-9      2.95043e-10      #dY:7.1%   
  7.40e-5         4.48866e-9      3.199e-10        #dY:7.1%   
  8.60e-5         4.84098e-9      3.45009e-10      #dY:7.1%   
  1.00e-4         5.22254e-9      3.72202e-10      #dY:7.1%   
  1.20e-4         5.72443e-9      4.10536e-10      #dY:7.2%   
  1.40e-4         6.18649e-9      4.43673e-10      #dY:7.2%   
  1.60e-4         6.61701e-9      4.74548e-10      #dY:7.2%   
  1.80e-4         7.02176e-9      5.03576e-10      #dY:7.2%   
  2.20e-4         7.76969e-9      5.57215e-10      #dY:7.2%   
  2.50e-4         8.28755e-9      5.94354e-10      #dY:7.2%   
  2.90e-4         8.9327e-9       6.40621e-10      #dY:7.2%   
  3.40e-4         9.68057e-9      6.85554e-10      #dY:7.1%   
  4.00e-4         1.05101e-8      7.44299e-10      #dY:7.1%   
  4.60e-4         1.12809e-8      7.98885e-10      #dY:7.1%   
  5.40e-4         1.22359e-8      8.66516e-10      #dY:7.1%   
  6.30e-4         1.32313e-8      9.37007e-10      #dY:7.1%   
  7.40e-4         1.43583e-8      1.01682e-9       #dY:7.1%   
  8.60e-4         1.54986e-8      1.09757e-9       #dY:7.1%   
  1.00e-3         1.67356e-8      1.18517e-9       #dY:7.1%   
  1.20e-3         1.8366e-8       1.30089e-9       #dY:7.1%   
  1.40e-3         1.98703e-8      1.40744e-9       #dY:7.1%   
  1.60e-3         2.12746e-8      1.50691e-9       #dY:7.1%   
  1.80e-3         2.25973e-8      1.60059e-9       #dY:7.1%   
  2.20e-3         2.50474e-8      1.77414e-9       #dY:7.1%   
  2.50e-3         2.67484e-8      1.89462e-9       #dY:7.1%   
  2.90e-3         2.88725e-8      2.04508e-9       #dY:7.1%   
  3.40e-3         3.13417e-8      2.17354e-9       #dY:6.9%   
  4.00e-3         3.40891e-8      2.36407e-9       #dY:6.9%   
  4.60e-3         3.66495e-8      2.54163e-9       #dY:6.9%   
  5.40e-3         3.98322e-8      2.76235e-9       #dY:6.9%   
  6.30e-3         4.3161e-8       2.9932e-9        #dY:6.9%   
  7.40e-3         4.69437e-8      3.25553e-9       #dY:6.9%   
  8.60e-3         5.07856e-8      3.52197e-9       #dY:6.9%   
  0.01            5.49692e-8      3.8121e-9        #dY:6.9%   
  0.012           6.05073e-8      4.14383e-9       #dY:6.8%   
  0.014           6.56398e-8      4.49533e-9       #dY:6.8%   
  0.016           7.04503e-8      4.82478e-9       #dY:6.8%   
  0.018           7.49968e-8      5.13614e-9       #dY:6.8%   
  0.022           8.34568e-8      5.71553e-9       #dY:6.8%   
  0.025           8.93568e-8      6.11959e-9       #dY:6.8%   
  0.029           9.67529e-8      6.62611e-9       #dY:6.8%   
  0.034           1.05386e-7      6.90641e-9       #dY:6.6%   
  0.04            1.15032e-7      7.53855e-9       #dY:6.6%   
  0.046           1.24054e-7      8.12981e-9       #dY:6.6%   
  0.054           1.35306e-7      8.8672e-9        #dY:6.6%   
  0.063           1.47109e-7      9.6407e-9        #dY:6.6%   
  0.074           1.60553e-7      1.05217e-8       #dY:6.6%   
  0.086           1.74228e-7      1.14179e-8       #dY:6.6%   
  0.1             1.89127e-7      1.23943e-8       #dY:6.6%   
  0.2             2.64142e-7      1.65485e-8       #dY:6.3%   
  0.3             3.1161e-7       2.20671e-8       #dY:7.1%   
  0.4             3.4128e-7       2.41682e-8       #dY:7.1%   
  0.5             3.60599e-7      2.534e-8         #dY:7.0%   
  0.6             3.69819e-7      2.59879e-8       #dY:7.0%   
  0.7             3.73824e-7      2.76854e-8       #dY:7.4%   
  0.8             3.71398e-7      2.75057e-8       #dY:7.4%   
  0.9             3.66491e-7      2.60785e-8       #dY:7.1%   
  1               3.59547e-7      2.55844e-8       #dY:7.1%   
  1.1             3.49941e-7      2.31842e-8       #dY:6.6%   
  1.2             3.38931e-7      2.24548e-8       #dY:6.6%   
  1.3             3.27077e-7      1.95633e-8       #dY:6.0%   
  1.4             3.15208e-7      1.88534e-8       #dY:6.0%   
  1.5             3.03149e-7      1.56902e-8       #dY:5.2%   
  1.6             2.91754e-7      1.51004e-8       #dY:5.2%   
  1.7             2.80964e-7      1.17215e-8       #dY:4.2%   
  1.8             2.71553e-7      1.13289e-8       #dY:4.2%   
  1.9             2.63531e-7      8.07355e-9       #dY:3.1%   
  2               2.56926e-7      7.8712e-9        #dY:3.1%   
  2.1             2.49129e-7      4.70693e-9       #dY:1.9%   
  2.2             2.43933e-7      4.60876e-9       #dY:1.9%   
  2.3             2.41693e-7      2.00389e-9       #dY:0.8%   
  2.4             2.34266e-7      1.94231e-9       #dY:0.8%   
  2.5             2.26423e-7      1.56757e-9       #dY:0.7%   
  2.6             2.05855e-7      1.42517e-9       #dY:0.7%   
  2.7             1.8326e-7       2.8743e-9        #dY:1.6%   
  2.8             1.61806e-7      2.53781e-9       #dY:1.6%   
  2.9             1.41486e-7      3.97489e-9       #dY:2.8%   
  3               1.23126e-7      3.45909e-9       #dY:2.8%   
  3.1             1.08948e-7      4.94731e-9       #dY:4.5%   
  3.2             9.9159e-8       4.5028e-9        #dY:4.5%   
  3.3             9.19914e-8      6.18539e-9       #dY:6.7%   
  3.4             8.60688e-8      5.78716e-9       #dY:6.7%   
  3.5             8.07701e-8      7.06206e-9       #dY:8.7%   
  3.6             7.58605e-8      6.63279e-9       #dY:8.7%   
  3.7             7.12521e-8      7.46482e-9       #dY:10.5%  
  3.8             6.69081e-8      7.00971e-9       #dY:10.5%  
  3.9             6.28087e-8      7.64604e-9       #dY:12.2%  
  4               5.89405e-8      7.17515e-9       #dY:12.2%  
  4.1             5.52919e-8      7.69535e-9       #dY:13.9%  
  4.2             5.18522e-8      7.21662e-9       #dY:13.9%  
  4.3             4.86113e-8      7.57191e-9       #dY:15.6%  
  4.4             4.55593e-8      7.09652e-9       #dY:15.6%  
  4.5             4.26866e-8      7.35377e-9       #dY:17.2%  
  4.6             3.9984e-8       6.88818e-9       #dY:17.2%  
  4.7             3.74427e-8      7.11393e-9       #dY:19.0%  
  4.8             3.5054e-8       6.66009e-9       #dY:19.0%  
  4.9             3.28097e-8      6.76963e-9       #dY:20.6%  
  5               3.07019e-8      6.33473e-9       #dY:20.6%  
  5.1             2.8723e-8       6.43069e-9       #dY:22.4%  
  5.2             2.68658e-8      6.01488e-9       #dY:22.4%  
  5.3             2.51235e-8      6.06305e-9       #dY:24.1%  
  5.4             2.34893e-8      5.66867e-9       #dY:24.1%  
  5.5             2.19572e-8      5.67997e-9       #dY:25.9%  
  5.6             2.05211e-8      5.30848e-9       #dY:25.9%  
  5.7             1.91754e-8      5.29119e-9       #dY:27.6%  
  5.8             1.79148e-8      4.94335e-9       #dY:27.6%  
  5.9             1.67341e-8      4.90447e-9       #dY:29.3%  
  6               1.56287e-8      4.5805e-9        #dY:29.3%  
  6.1             1.45939e-8      4.52602e-9       #dY:31.0%  
  6.2             1.36255e-8      4.22569e-9       #dY:31.0%  
  6.3             1.27194e-8      4.17597e-9       #dY:32.8%  
  6.4             1.18718e-8      3.89769e-9       #dY:32.8%  
  6.5             1.10791e-8      3.82367e-9       #dY:34.5%  
  6.6             1.03378e-8      3.56783e-9       #dY:34.5%  
  6.7             9.64487e-9      3.50183e-9       #dY:36.3%  
  6.8             8.99715e-9      3.26666e-9       #dY:36.3%  
  6.9             8.39184e-9      3.18606e-9       #dY:38.0%  
  7               7.82625e-9      2.97132e-9       #dY:38.0%  
  7.1             7.29789e-9      2.89982e-9       #dY:39.7%  
  7.2             6.80437e-9      2.70372e-9       #dY:39.7%  
  7.3             6.34348e-9      2.63193e-9       #dY:41.5%  
  7.4             5.91312e-9      2.45337e-9       #dY:41.5%  
  7.5             5.51134e-9      2.38266e-9       #dY:43.2%  
  7.6             5.1363e-9       2.22052e-9       #dY:43.2%  
  7.7             4.78626e-9      2.15193e-9       #dY:45.0%  
  7.8             4.45961e-9      2.00507e-9       #dY:45.0%  
  7.9             4.15483e-9      1.9392e-9        #dY:46.7%  
  8               3.87048e-9      1.80648e-9       #dY:46.7%  
  8.1             3.60524e-9      1.74394e-9       #dY:48.4%  
  8.2             3.35785e-9      1.62427e-9       #dY:48.4%  
  8.3             3.12715e-9      1.56912e-9       #dY:50.2%  
  8.4             2.91202e-9      1.46118e-9       #dY:50.2%  
  8.5             2.71145e-9      1.40575e-9       #dY:51.8%  
  8.6             2.52446e-9      1.3088e-9        #dY:51.8%  
  8.7             2.35017e-9      1.25726e-9       #dY:53.5%  
  8.8             2.18772e-9      1.17036e-9       #dY:53.5%  
  8.9             2.03633e-9      1.12516e-9       #dY:55.3%  
  9               1.89526e-9      1.04721e-9       #dY:55.3%  
  9.1             1.76382e-9      1.00313e-9       #dY:56.9%  
  9.2             1.64137e-9      9.33488e-10      #dY:56.9%  
  9.3             1.52729e-9      8.94915e-10      #dY:58.6%  
  9.4             1.42104e-9      8.32657e-10      #dY:58.6%  
  9.5             1.32208e-9      7.97212e-10      #dY:60.3%  
  9.6             1.22992e-9      7.41639e-10      #dY:60.3%  
  9.7             1.1441e-9       7.09146e-10      #dY:62.0%  
  9.8             1.0642e-9       6.59622e-10      #dY:62.0%  
  9.9             9.898e-10       6.28846e-10      #dY:63.5%  
  10              9.20542e-10     5.84844e-10      #dY:63.5%  
  10.1            8.56072e-10     5.58013e-10      #dY:65.2%  
  10.2            7.96064e-10     5.18898e-10      #dY:65.2%  
  10.3            7.40214e-10     4.94552e-10      #dY:66.8%  
  10.4            6.88237e-10     4.59825e-10      #dY:66.8%  
  10.5            6.3987e-10      4.38571e-10      #dY:68.5%  
  10.6            5.94865e-10     4.07724e-10      #dY:68.5%  
  10.7            5.52991e-10     3.87819e-10      #dY:70.1%  
  10.8            5.14033e-10     3.60497e-10      #dY:70.1%  
  10.9            4.77791e-10     3.42577e-10      #dY:71.7%  
  11              4.44079e-10     3.18405e-10      #dY:71.7%  
  11.1            4.12721e-10     3.02326e-10      #dY:73.3%  
  11.2            3.83556e-10     2.80962e-10      #dY:73.3%  
  11.3            3.56432e-10     2.66957e-10      #dY:74.9%  
  11.4            3.31207e-10     2.48064e-10      #dY:74.9%  
  11.5            3.07751e-10     2.35141e-10      #dY:76.4%  
  11.6            2.85941e-10     2.18476e-10      #dY:76.4%  
  11.7            2.65662e-10     2.07236e-10      #dY:78.0%  
  11.8            2.46809e-10     1.92529e-10      #dY:78.0%  
  11.9            2.29281e-10     1.8222e-10       #dY:79.5%  
  12              2.12988e-10     1.69271e-10      #dY:79.5%  
  12.1            1.97843e-10     1.60311e-10      #dY:81.0%  
  12.2            1.83765e-10     1.48904e-10      #dY:81.0%  
  12.3            1.70681e-10     1.40924e-10      #dY:82.6%  
  12.4            1.58521e-10     1.30884e-10      #dY:82.6%  
  12.5            1.4722e-10      1.23616e-10      #dY:84.0%  
  12.6            1.36719e-10     1.14799e-10      #dY:84.0%  
  12.7            1.2696e-10      1.08492e-10      #dY:85.5%  
  12.8            1.17893e-10     1.00743e-10      #dY:85.5%  
  12.9            1.09469e-10     9.51487e-11      #dY:86.9%  
  13              1.01642e-10     8.83456e-11      #dY:86.9%  
  13.1            9.43703e-11     8.33916e-11      #dY:88.4%  
  13.2            8.76152e-11     7.74223e-11      #dY:88.4%  
  13.3            8.13402e-11     7.30279e-11      #dY:89.8%  
  13.4            7.55114e-11     6.77947e-11      #dY:89.8%  
  13.5            7.00975e-11     6.39126e-11      #dY:91.2%  
  13.6            6.5069e-11      5.93278e-11      #dY:91.2%  
  13.7            6.03988e-11     5.58974e-11      #dY:92.5%  
  13.8            5.60615e-11     5.18834e-11      #dY:92.5%  
  13.9            5.20337e-11     4.88564e-11      #dY:93.9%  
  14              4.82933e-11     4.53444e-11      #dY:93.9%  
  14.1            4.48201e-11     4.27236e-11      #dY:95.3%  
  14.2            4.15951e-11     3.96494e-11      #dY:95.3%  
  14.3            3.86007e-11     3.72958e-11      #dY:96.6%  
  14.4            3.58206e-11     3.46097e-11      #dY:96.6%  
  14.5            3.32394e-11     3.25384e-11      #dY:97.9%  
  14.6            3.08431e-11     3.01926e-11      #dY:97.9%  
  14.7            2.86186e-11     2.84024e-11      #dY:99.2%  
  14.8            2.65535e-11     2.63529e-11      #dY:99.2%  
  14.9            2.46366e-11     2.47518e-11      #dY:100.5% 
  15              2.28573e-11     2.29642e-11      #dY:100.5% 
  15.1            2.12058e-11     2.15807e-11      #dY:101.8% 
  15.2            1.96729e-11     2.00207e-11      #dY:101.8% 
  15.3            1.82502e-11     1.88053e-11      #dY:103.0% 
  15.4            1.69299e-11     1.74449e-11      #dY:103.0% 
  15.5            1.57045e-11     1.63136e-11      #dY:103.9% 
  15.6            1.45674e-11     1.51324e-11      #dY:103.9% 
  15.7            1.35122e-11     1.42294e-11      #dY:105.3% 
  15.8            1.2533e-11      1.31982e-11      #dY:105.3% 
  15.9            1.16244e-11     1.24042e-11      #dY:106.7% 
  16              1.07813e-11     1.15046e-11      #dY:106.7% 
  16.1            9.99913e-12     1.08075e-11      #dY:108.1% 
  16.2            9.27338e-12     1.00231e-11      #dY:108.1% 
  16.3            8.60005e-12     9.32389e-12      #dY:108.4% 
  16.4            7.97537e-12     8.64664e-12      #dY:108.4% 
  16.5            7.39585e-12     8.1157e-12       #dY:109.7% 
  16.6            6.85823e-12     7.52575e-12      #dY:109.7% 
  16.7            6.35952e-12     7.06051e-12      #dY:111.0% 
  16.8            5.8969e-12      6.54689e-12      #dY:111.0% 
  16.9            5.46778e-12     6.13947e-12      #dY:112.3% 
  17              5.06975e-12     5.69255e-12      #dY:112.3% 
  17.1            4.70056e-12     5.33592e-12      #dY:113.5% 
  17.2            4.35813e-12     4.9472e-12       #dY:113.5% 
  17.3            4.04055e-12     4.59577e-12      #dY:113.7% 
  17.4            3.746e-12       4.26075e-12      #dY:113.7% 
  17.5            3.47283e-12     3.99101e-12      #dY:114.9% 
  17.6            3.2195e-12      3.69988e-12      #dY:114.9% 
  17.7            2.98457e-12     3.4642e-12       #dY:116.1% 
  17.8            2.76671e-12     3.21133e-12      #dY:116.1% 
  17.9            2.56469e-12     3.00561e-12      #dY:117.2% 
  18              2.37736e-12     2.78608e-12      #dY:117.2% 
  18.1            2.20366e-12     2.60653e-12      #dY:118.3% 
  18.2            2.04259e-12     2.41601e-12      #dY:118.3% 
  18.3            1.89326e-12     2.25953e-12      #dY:119.3% 
  18.4            1.7548e-12      2.09428e-12      #dY:119.3% 
  18.5            1.62642e-12     1.94259e-12      #dY:119.4% 
  18.6            1.5074e-12      1.80044e-12      #dY:119.4% 
  18.7            1.39706e-12     1.68276e-12      #dY:120.5% 
  18.8            1.29476e-12     1.55954e-12      #dY:120.5% 
  18.9            1.19993e-12     1.45712e-12      #dY:121.4% 
  19              1.11201e-12     1.35035e-12      #dY:121.4% 
  19.1            1.03052e-12     1.26126e-12      #dY:122.4% 
  19.2            9.54969e-13     1.16879e-12      #dY:122.4% 
  19.3            8.84942e-13     1.09123e-12      #dY:123.3% 
  19.4            8.20031e-13     1.01119e-12      #dY:123.3% 
  19.5            7.59864e-13     9.43794e-13      #dY:124.2% 
  19.6            7.04096e-13     8.74527e-13      #dY:124.2% 
  19.7            6.52407e-13     8.15988e-13      #dY:125.1% 
  19.8            6.04499e-13     7.56068e-13      #dY:125.1% 
  19.9            5.60098e-13     7.0523e-13       #dY:125.9% 
  20              5.18946e-13     6.53415e-13      #dY:125.9% 
  20.2            0.00            0.00                        
//
#-------------------------------------------------------------------------------
#
#name:   JENDL-4.0: TH-232(N,F) E_in=10. MeV
#X.axis: Energy
#Y.axis: 
#wdata:  3
#ldata:  352
#data...
# X               Y               +-dY           
# MeV             1/eV            1/eV           
  0.00            0.00            0.00                        
  1.00e-11        1.64368e-12     0.00                        
  1.20e-11        1.80057e-12     0.00                        
  1.40e-11        1.94483e-12     0.00                        
  1.60e-11        2.07912e-12     0.00                        
  1.80e-11        2.20524e-12     0.00                        
  2.20e-11        2.43798e-12     0.00                        
  2.50e-11        2.5989e-12      0.00                        
  2.90e-11        2.7991e-12      0.00                        
  3.40e-11        3.03081e-12     1.8666e-13       #dY:6.2%   
  4.00e-11        3.28737e-12     2.02461e-13      #dY:6.2%   
  4.60e-11        3.52532e-12     2.17115e-13      #dY:6.2%   
  5.40e-11        3.81959e-12     2.35239e-13      #dY:6.2%   
  6.30e-11        4.12563e-12     2.54087e-13      #dY:6.2%   
  7.40e-11        4.47132e-12     2.75377e-13      #dY:6.2%   
  8.60e-11        4.82025e-12     2.96867e-13      #dY:6.2%   
  1.00e-10        5.19781e-12     3.74157e-13      #dY:7.2%   
  1.20e-10        5.69392e-12     4.09869e-13      #dY:7.2%   
  1.40e-10        6.15014e-12     4.42709e-13      #dY:7.2%   
  1.60e-10        6.57478e-12     4.73276e-13      #dY:7.2%   
  1.80e-10        6.97361e-12     5.01985e-13      #dY:7.2%   
  2.20e-10        7.70962e-12     5.54966e-13      #dY:7.2%   
  2.50e-10        8.21848e-12     5.91595e-13      #dY:7.2%   
  2.90e-10        8.85159e-12     6.37169e-13      #dY:7.2%   
  3.40e-10        9.58433e-12     6.84026e-13      #dY:7.1%   
  4.00e-10        1.03957e-11     7.41933e-13      #dY:7.1%   
  4.60e-10        1.11481e-11     7.95632e-13      #dY:7.1%   
  5.40e-10        1.20787e-11     8.62048e-13      #dY:7.1%   
  6.30e-10        1.30465e-11     9.31119e-13      #dY:7.1%   
  7.40e-10        1.41397e-11     1.00914e-12      #dY:7.1%   
  8.60e-10        1.52431e-11     1.08789e-12      #dY:7.1%   
  1.00e-9         1.64371e-11     1.1731e-12       #dY:7.1%   
  1.20e-9         1.8006e-11      1.29615e-12      #dY:7.2%   
  1.40e-9         1.94487e-11     1.40001e-12      #dY:7.2%   
  1.60e-9         2.07916e-11     1.49668e-12      #dY:7.2%   
  1.80e-9         2.20529e-11     1.58747e-12      #dY:7.2%   
  2.20e-9         2.43804e-11     1.75501e-12      #dY:7.2%   
  2.50e-9         2.59897e-11     1.87086e-12      #dY:7.2%   
  2.90e-9         2.79918e-11     2.01498e-12      #dY:7.2%   
  3.40e-9         3.03091e-11     2.1631e-12       #dY:7.1%   
  4.00e-9         3.28749e-11     2.34621e-12      #dY:7.1%   
  4.60e-9         3.52545e-11     2.51604e-12      #dY:7.1%   
  5.40e-9         3.81974e-11     2.72607e-12      #dY:7.1%   
  6.30e-9         4.12581e-11     2.9445e-12       #dY:7.1%   
  7.40e-9         4.47153e-11     3.19124e-12      #dY:7.1%   
  8.60e-9         4.8205e-11      3.44029e-12      #dY:7.1%   
  1.00e-8         5.1981e-11      3.74158e-12      #dY:7.2%   
  1.20e-8         5.69427e-11     4.09873e-12      #dY:7.2%   
  1.40e-8         6.15054e-11     4.42715e-12      #dY:7.2%   
  1.60e-8         6.57524e-11     4.73285e-12      #dY:7.2%   
  1.80e-8         6.97413e-11     5.01997e-12      #dY:7.2%   
  2.20e-8         7.71026e-11     5.54983e-12      #dY:7.2%   
  2.50e-8         8.21921e-11     5.91617e-12      #dY:7.2%   
  2.90e-8         8.85243e-11     6.37196e-12      #dY:7.2%   
  3.40e-8         9.58532e-11     6.84036e-12      #dY:7.1%   
  4.00e-8         1.03968e-10     7.41946e-12      #dY:7.1%   
  4.60e-8         1.11495e-10     7.9566e-12       #dY:7.1%   
  5.40e-8         1.20803e-10     8.62085e-12      #dY:7.1%   
  6.30e-8         1.30483e-10     9.31164e-12      #dY:7.1%   
  7.40e-8         1.41419e-10     1.00921e-11      #dY:7.1%   
  8.60e-8         1.52456e-10     1.08797e-11      #dY:7.1%   
  1.00e-7         1.644e-10       1.17321e-11      #dY:7.1%   
  1.20e-7         1.80095e-10     1.29621e-11      #dY:7.2%   
  1.40e-7         1.94528e-10     1.40009e-11      #dY:7.2%   
  1.60e-7         2.07963e-10     1.49679e-11      #dY:7.2%   
  1.80e-7         2.20581e-10     1.5876e-11       #dY:7.2%   
  2.20e-7         2.43868e-10     1.75521e-11      #dY:7.2%   
  2.50e-7         2.5997e-10      1.8711e-11       #dY:7.2%   
  2.90e-7         2.80002e-10     2.01528e-11      #dY:7.2%   
  3.40e-7         3.0319e-10      2.16323e-11      #dY:7.1%   
  4.00e-7         3.28865e-10     2.34642e-11      #dY:7.1%   
  4.60e-7         3.52679e-10     2.51633e-11      #dY:7.1%   
  5.40e-7         3.82131e-10     2.72647e-11      #dY:7.1%   
  6.30e-7         4.12764e-10     2.94503e-11      #dY:7.1%   
  7.40e-7         4.47369e-10     3.19194e-11      #dY:7.1%   
  8.60e-7         4.823e-10       3.44117e-11      #dY:7.1%   
  1.00e-6         5.201e-10       3.71087e-11      #dY:7.1%   
  1.20e-6         5.69775e-10     4.09923e-11      #dY:7.2%   
  1.40e-6         6.15461e-10     4.42792e-11      #dY:7.2%   
  1.60e-6         6.57989e-10     4.73388e-11      #dY:7.2%   
  1.80e-6         6.97936e-10     5.02128e-11      #dY:7.2%   
  2.20e-6         7.71665e-10     5.55172e-11      #dY:7.2%   
  2.50e-6         8.22648e-10     5.91852e-11      #dY:7.2%   
  2.90e-6         8.86085e-10     6.37492e-11      #dY:7.2%   
  3.40e-6         9.5952e-10      6.8418e-11       #dY:7.1%   
  4.00e-6         1.04085e-9      7.42172e-11      #dY:7.1%   
  4.60e-6         1.11628e-9      7.95957e-11      #dY:7.1%   
  5.40e-6         1.2096e-9       8.62498e-11      #dY:7.1%   
  6.30e-6         1.30666e-9      9.31706e-11      #dY:7.1%   
  7.40e-6         1.41634e-9      1.00991e-10      #dY:7.1%   
  8.60e-6         1.52706e-9      1.08886e-10      #dY:7.1%   
  1.00e-5         1.64691e-9      1.17432e-10      #dY:7.1%   
  1.20e-5         1.80443e-9      1.29672e-10      #dY:7.2%   
  1.40e-5         1.94934e-9      1.40086e-10      #dY:7.2%   
  1.60e-5         2.08427e-9      1.49782e-10      #dY:7.2%   
  1.80e-5         2.21103e-9      1.58892e-10      #dY:7.2%   
  2.20e-5         2.44506e-9      1.7571e-10       #dY:7.2%   
  2.50e-5         2.60694e-9      1.87343e-10      #dY:7.2%   
  2.90e-5         2.80843e-9      2.01823e-10      #dY:7.2%   
  3.40e-5         3.04175e-9      2.16456e-10      #dY:7.1%   
  4.00e-5         3.30024e-9      2.3485e-10       #dY:7.1%   
  4.60e-5         3.54011e-9      2.5192e-10       #dY:7.1%   
  5.40e-5         3.83694e-9      2.73042e-10      #dY:7.1%   
  6.30e-5         4.14586e-9      2.95026e-10      #dY:7.1%   
  7.40e-5         4.49508e-9      3.19877e-10      #dY:7.1%   
  8.60e-5         4.84785e-9      3.4498e-10       #dY:7.1%   
  1.00e-4         5.22989e-9      3.72167e-10      #dY:7.1%   
  1.20e-4         5.73238e-9      4.10516e-10      #dY:7.2%   
  1.40e-4         6.19499e-9      4.43645e-10      #dY:7.2%   
  1.60e-4         6.626e-9        4.74511e-10      #dY:7.2%   
  1.80e-4         7.03121e-9      5.03529e-10      #dY:7.2%   
  2.20e-4         7.77995e-9      5.57149e-10      #dY:7.2%   
  2.50e-4         8.29835e-9      5.94274e-10      #dY:7.2%   
  2.90e-4         8.94415e-9      6.40522e-10      #dY:7.2%   
  3.40e-4         9.69274e-9      6.85508e-10      #dY:7.1%   
  4.00e-4         1.05231e-8      7.44235e-10      #dY:7.1%   
  4.60e-4         1.12945e-8      7.98791e-10      #dY:7.1%   
  5.40e-4         1.22503e-8      8.66389e-10      #dY:7.1%   
  6.30e-4         1.32464e-8      9.36837e-10      #dY:7.1%   
  7.40e-4         1.43741e-8      1.01659e-9       #dY:7.1%   
  8.60e-4         1.55151e-8      1.09729e-9       #dY:7.1%   
  1.00e-3         1.67528e-8      1.18482e-9       #dY:7.1%   
  1.20e-3         1.83839e-8      1.30069e-9       #dY:7.1%   
  1.40e-3         1.98886e-8      1.40715e-9       #dY:7.1%   
  1.60e-3         2.12933e-8      1.50654e-9       #dY:7.1%   
  1.80e-3         2.26162e-8      1.60013e-9       #dY:7.1%   
  2.20e-3         2.50664e-8      1.77349e-9       #dY:7.1%   
  2.50e-3         2.67673e-8      1.89383e-9       #dY:7.1%   
  2.90e-3         2.8891e-8       2.04409e-9       #dY:7.1%   
  3.40e-3         3.13594e-8      2.1731e-9        #dY:6.9%   
  4.00e-3         3.41055e-8      2.36339e-9       #dY:6.9%   
  4.60e-3         3.66643e-8      2.54071e-9       #dY:6.9%   
  5.40e-3         3.98445e-8      2.76108e-9       #dY:6.9%   
  6.30e-3         4.317e-8        2.99153e-9       #dY:6.9%   
  7.40e-3         4.69483e-8      3.25335e-9       #dY:6.9%   
  8.60e-3         5.07849e-8      3.51921e-9       #dY:6.9%   
  0.01            5.4962e-8       3.80867e-9       #dY:6.9%   
  0.012           6.04898e-8      4.14197e-9       #dY:6.8%   
  0.014           6.56114e-8      4.49266e-9       #dY:6.8%   
  0.016           7.04105e-8      4.82128e-9       #dY:6.8%   
  0.018           7.49452e-8      5.13178e-9       #dY:6.8%   
  0.022           8.33806e-8      5.70939e-9       #dY:6.8%   
  0.025           8.92614e-8      6.11207e-9       #dY:6.8%   
  0.029           9.6631e-8       6.61669e-9       #dY:6.8%   
  0.034           1.0523e-7       6.90233e-9       #dY:6.6%   
  0.04            1.14835e-7      7.53234e-9       #dY:6.6%   
  0.046           1.23814e-7      8.1213e-9        #dY:6.6%   
  0.054           1.35007e-7      8.85548e-9       #dY:6.6%   
  0.063           1.46743e-7      9.62528e-9       #dY:6.6%   
  0.074           1.60103e-7      1.05016e-8       #dY:6.6%   
  0.086           1.73685e-7      1.13925e-8       #dY:6.6%   
  0.1             1.88475e-7      1.23626e-8       #dY:6.6%   
  0.2             2.63549e-7      1.65548e-8       #dY:6.3%   
  0.3             3.11405e-7      2.21133e-8       #dY:7.1%   
  0.4             3.41558e-7      2.42546e-8       #dY:7.1%   
  0.5             3.61326e-7      2.54061e-8       #dY:7.0%   
  0.6             3.70921e-7      2.60807e-8       #dY:7.0%   
  0.7             3.75187e-7      2.77315e-8       #dY:7.4%   
  0.8             3.72882e-7      2.75611e-8       #dY:7.4%   
  0.9             3.67932e-7      2.6088e-8        #dY:7.1%   
  1               3.60767e-7      2.558e-8         #dY:7.1%   
  1.1             3.50738e-7      2.31487e-8       #dY:6.6%   
  1.2             3.39081e-7      2.23793e-8       #dY:6.6%   
  1.3             3.26292e-7      1.94751e-8       #dY:6.0%   
  1.4             3.13123e-7      1.86891e-8       #dY:6.0%   
  1.5             2.99383e-7      1.55369e-8       #dY:5.2%   
  1.6             2.85696e-7      1.48266e-8       #dY:5.2%   
  1.7             2.71897e-7      1.14918e-8       #dY:4.2%   
  1.8             2.58419e-7      1.09221e-8       #dY:4.2%   
  1.9             2.45127e-7      7.76738e-9       #dY:3.2%   
  2               2.32332e-7      7.36195e-9       #dY:3.2%   
  2.1             2.19887e-7      4.4701e-9        #dY:2.0%   
  2.2             2.08087e-7      4.23022e-9       #dY:2.0%   
  2.3             1.96992e-7      1.85395e-9       #dY:0.9%   
  2.4             1.86398e-7      1.75424e-9       #dY:0.9%   
  2.5             1.76606e-7      1.49113e-9       #dY:0.8%   
  2.6             1.67616e-7      1.41522e-9       #dY:0.8%   
  2.7             1.59405e-7      3.15678e-9       #dY:2.0%   
  2.8             1.52192e-7      3.01394e-9       #dY:2.0%   
  2.9             1.46102e-7      4.71878e-9       #dY:3.2%   
  3               1.40873e-7      4.5499e-9        #dY:3.2%   
  3.1             1.35288e-7      5.96113e-9       #dY:4.4%   
  3.2             1.30804e-7      5.76356e-9       #dY:4.4%   
  3.3             1.27941e-7      6.98327e-9       #dY:5.5%   
  3.4             1.2339e-7       6.73487e-9       #dY:5.5%   
  3.5             1.18972e-7      7.52947e-9       #dY:6.3%   
  3.6             1.09269e-7      6.91539e-9       #dY:6.3%   
  3.7             9.87639e-8      7.11211e-9       #dY:7.2%   
  3.8             8.83781e-8      6.36422e-9       #dY:7.2%   
  3.9             7.80957e-8      6.86302e-9       #dY:8.8%   
  4               6.84063e-8      6.01152e-9       #dY:8.8%   
  4.1             6.06481e-8      6.78192e-9       #dY:11.2%  
  4.2             5.51076e-8      6.16236e-9       #dY:11.2%  
  4.3             5.09757e-8      7.18015e-9       #dY:14.1%  
  4.4             4.75535e-8      6.69812e-9       #dY:14.1%  
  4.5             4.45066e-8      7.29339e-9       #dY:16.4%  
  4.6             4.17006e-8      6.83357e-9       #dY:16.4%  
  4.7             3.90817e-8      7.11915e-9       #dY:18.2%  
  4.8             3.66254e-8      6.67171e-9       #dY:18.2%  
  4.9             3.43178e-8      6.7837e-9        #dY:19.8%  
  5               3.21491e-8      6.35501e-9       #dY:19.8%  
  5.1             3.01111e-8      6.44539e-9       #dY:21.4%  
  5.2             2.81964e-8      6.03554e-9       #dY:21.4%  
  5.3             2.6398e-8       6.07716e-9       #dY:23.0%  
  5.4             2.47094e-8      5.68842e-9       #dY:23.0%  
  5.5             2.31244e-8      5.69331e-9       #dY:24.6%  
  5.6             2.1637e-8       5.3271e-9        #dY:24.6%  
  5.7             2.02416e-8      5.30367e-9       #dY:26.2%  
  5.8             1.89329e-8      4.96077e-9       #dY:26.2%  
  5.9             1.77059e-8      4.91614e-9       #dY:27.8%  
  6               1.65556e-8      4.59675e-9       #dY:27.8%  
  6.1             1.54776e-8      4.53682e-9       #dY:29.3%  
  6.2             1.44675e-8      4.24073e-9       #dY:29.3%  
  6.3             1.35214e-8      4.18598e-9       #dY:31.0%  
  6.4             1.26352e-8      3.91163e-9       #dY:31.0%  
  6.5             1.18055e-8      3.83287e-9       #dY:32.5%  
  6.6             1.10287e-8      3.58066e-9       #dY:32.5%  
  6.7             1.03017e-8      3.51031e-9       #dY:34.1%  
  6.8             9.62131e-9      3.27847e-9       #dY:34.1%  
  6.9             8.98472e-9      3.19379e-9       #dY:35.5%  
  7               8.3892e-9       2.9821e-9        #dY:35.5%  
  7.1             7.8322e-9       2.90688e-9       #dY:37.1%  
  7.2             7.31132e-9      2.71356e-9       #dY:37.1%  
  7.3             6.82429e-9      2.63837e-9       #dY:38.7%  
  7.4             6.36898e-9      2.46234e-9       #dY:38.7%  
  7.5             5.94339e-9      2.38851e-9       #dY:40.2%  
  7.6             5.54565e-9      2.22867e-9       #dY:40.2%  
  7.7             5.17397e-9      2.15723e-9       #dY:41.7%  
  7.8             4.82671e-9      2.01245e-9       #dY:41.7%  
  7.9             4.5023e-9       1.94399e-9       #dY:43.2%  
  8               4.19928e-9      1.81315e-9       #dY:43.2%  
  8.1             3.91627e-9      1.74827e-9       #dY:44.6%  
  8.2             3.652e-9        1.63029e-9       #dY:44.6%  
  8.3             3.40524e-9      1.57303e-9       #dY:46.2%  
  8.4             3.17486e-9      1.4666e-9        #dY:46.2%  
  8.5             2.95981e-9      1.40925e-9       #dY:47.6%  
  8.6             2.75908e-9      1.31368e-9       #dY:47.6%  
  8.7             2.57175e-9      1.26041e-9       #dY:49.0%  
  8.8             2.39693e-9      1.17473e-9       #dY:49.0%  
  8.9             2.23381e-9      1.12798e-9       #dY:50.5%  
  9               2.08163e-9      1.05114e-9       #dY:50.5%  
  9.1             1.93965e-9      1.00565e-9       #dY:51.8%  
  9.2             1.80723e-9      9.36992e-10      #dY:51.8%  
  9.3             1.68371e-9      8.97174e-10      #dY:53.3%  
  9.4             1.56852e-9      8.35794e-10      #dY:53.3%  
  9.5             1.4611e-9       7.99226e-10      #dY:54.7%  
  9.6             1.36093e-9      7.44433e-10      #dY:54.7%  
  9.7             1.26755e-9      7.10942e-10      #dY:56.1%  
  9.8             1.18049e-9      6.62112e-10      #dY:56.1%  
  9.9             1.09933e-9      6.30441e-10      #dY:57.3%  
  10              1.02369e-9      5.87063e-10      #dY:57.3%  
  10.1            9.53181e-10     5.59432e-10      #dY:58.7%  
  10.2            8.87474e-10     5.20868e-10      #dY:58.7%  
  10.3            8.26243e-10     4.95811e-10      #dY:60.0%  
  10.4            7.69188e-10     4.61573e-10      #dY:60.0%  
  10.5            7.16028e-10     4.3969e-10       #dY:61.4%  
  10.6            6.66501e-10     4.09277e-10      #dY:61.4%  
  10.7            6.20363e-10     3.88811e-10      #dY:62.7%  
  10.8            5.77384e-10     3.61874e-10      #dY:62.7%  
  10.9            5.37351e-10     3.43455e-10      #dY:63.9%  
  11              5.00064e-10     3.19623e-10      #dY:63.9%  
  11.1            4.65339e-10     3.03101e-10      #dY:65.1%  
  11.2            4.33001e-10     2.82038e-10      #dY:65.1%  
  11.3            4.02887e-10     2.67643e-10      #dY:66.4%  
  11.4            3.74848e-10     2.49016e-10      #dY:66.4%  
  11.5            3.48741e-10     2.35746e-10      #dY:67.6%  
  11.6            3.24436e-10     2.19316e-10      #dY:67.6%  
  11.7            3.01809e-10     2.07771e-10      #dY:68.8%  
  11.8            2.80745e-10     1.9327e-10       #dY:68.8%  
  11.9            2.61138e-10     1.82691e-10      #dY:70.0%  
  12              2.42889e-10     1.69924e-10      #dY:70.0%  
  12.1            2.25903e-10     1.60725e-10      #dY:71.1%  
  12.2            2.10096e-10     1.49479e-10      #dY:71.1%  
  12.3            1.95385e-10     1.41289e-10      #dY:72.3%  
  12.4            1.81695e-10     1.31389e-10      #dY:72.3%  
  12.5            1.68957e-10     1.23936e-10      #dY:73.4%  
  12.6            1.57105e-10     1.15242e-10      #dY:73.4%  
  12.7            1.46077e-10     1.08773e-10      #dY:74.5%  
  12.8            1.35817e-10     1.01133e-10      #dY:74.5%  
  12.9            1.26273e-10     9.53955e-11      #dY:75.5%  
  13              1.17394e-10     8.86877e-11      #dY:75.5%  
  13.1            1.09135e-10     8.36088e-11      #dY:76.6%  
  13.2            1.01452e-10     7.77228e-11      #dY:76.6%  
  13.3            9.43062e-11     7.32177e-11      #dY:77.6%  
  13.4            8.76602e-11     6.80579e-11      #dY:77.6%  
  13.5            8.14792e-11     6.4079e-11       #dY:78.6%  
  13.6            7.5731e-11      5.95584e-11      #dY:78.6%  
  13.7            7.03855e-11     5.60432e-11      #dY:79.6%  
  13.8            6.54147e-11     5.20853e-11      #dY:79.6%  
  13.9            6.07926e-11     4.89839e-11      #dY:80.6%  
  14              5.64949e-11     4.5521e-11       #dY:80.6%  
  14.1            5.2499e-11      4.28351e-11      #dY:81.6%  
  14.2            4.8784e-11      3.9804e-11       #dY:81.6%  
  14.3            4.53301e-11     3.73933e-11      #dY:82.5%  
  14.4            4.21192e-11     3.47446e-11      #dY:82.5%  
  14.5            3.91344e-11     3.26235e-11      #dY:83.4%  
  14.6            3.63598e-11     3.03105e-11      #dY:83.4%  
  14.7            3.37807e-11     2.84768e-11      #dY:84.3%  
  14.8            3.13834e-11     2.64559e-11      #dY:84.3%  
  14.9            2.91553e-11     2.48167e-11      #dY:85.1%  
  15              2.70844e-11     2.3054e-11       #dY:85.1%  
  15.1            2.51597e-11     2.16372e-11      #dY:86.0%  
  15.2            2.33711e-11     2.0099e-11       #dY:86.0%  
  15.3            2.17089e-11     1.88547e-11      #dY:86.9%  
  15.4            2.01642e-11     1.75131e-11      #dY:86.9%  
  15.5            1.87289e-11     1.63564e-11      #dY:87.3%  
  15.6            1.73951e-11     1.51916e-11      #dY:87.3%  
  15.7            1.61558e-11     1.42667e-11      #dY:88.3%  
  15.8            1.50044e-11     1.32499e-11      #dY:88.3%  
  15.9            1.39346e-11     1.24369e-11      #dY:89.3%  
  16              1.29406e-11     1.15497e-11      #dY:89.3%  
  16.1            1.20172e-11     1.08358e-11      #dY:90.2%  
  16.2            1.11594e-11     1.00624e-11      #dY:90.2%  
  16.3            1.03625e-11     9.34845e-12      #dY:90.2%  
  16.4            9.62217e-12     8.68057e-12      #dY:90.2%  
  16.5            8.93451e-12     8.13704e-12      #dY:91.1%  
  16.6            8.29574e-12     7.55528e-12      #dY:91.1%  
  16.7            7.70243e-12     7.07909e-12      #dY:91.9%  
  16.8            7.15135e-12     6.57261e-12      #dY:91.9%  
  16.9            6.63951e-12     6.15565e-12      #dY:92.7%  
  17              6.16413e-12     5.71491e-12      #dY:92.7%  
  17.1            5.72264e-12     5.34998e-12      #dY:93.5%  
  17.2            5.31262e-12     4.96666e-12      #dY:93.5%  
  17.3            4.93184e-12     4.60788e-12      #dY:93.4%  
  17.4            4.57824e-12     4.27751e-12      #dY:93.4%  
  17.5            4.24987e-12     4.00153e-12      #dY:94.2%  
  17.6            3.94496e-12     3.71444e-12      #dY:94.2%  
  17.7            3.66182e-12     3.47334e-12      #dY:94.9%  
  17.8            3.39892e-12     3.22397e-12      #dY:94.9%  
  17.9            3.15481e-12     3.01354e-12      #dY:95.5%  
  18              2.92817e-12     2.79705e-12      #dY:95.5%  
  18.1            2.71773e-12     2.6134e-12       #dY:96.2%  
  18.2            2.52236e-12     2.42553e-12      #dY:96.2%  
  18.3            2.34098e-12     2.26549e-12      #dY:96.8%  
  18.4            2.17258e-12     2.10252e-12      #dY:96.8%  
  18.5            2.01625e-12     1.94772e-12      #dY:96.6%  
  18.6            1.87113e-12     1.80754e-12      #dY:96.6%  
  18.7            1.73641e-12     1.68721e-12      #dY:97.2%  
  18.8            1.61135e-12     1.56569e-12      #dY:97.2%  
  18.9            1.49526e-12     1.46096e-12      #dY:97.7%  
  19              1.38751e-12     1.35568e-12      #dY:97.7%  
  19.1            1.28749e-12     1.26459e-12      #dY:98.2%  
  19.2            1.19465e-12     1.1734e-12       #dY:98.2%  
  19.3            1.10848e-12     1.09412e-12      #dY:98.7%  
  19.4            1.02851e-12     1.01518e-12      #dY:98.7%  
  19.5            9.54282e-13     9.46292e-13      #dY:99.2%  
  19.6            8.85393e-13     8.7798e-13       #dY:99.2%  
  19.7            8.21459e-13     8.18147e-13      #dY:99.6%  
  19.8            7.62126e-13     7.59053e-13      #dY:99.6%  
  19.9            7.07063e-13     7.07096e-13      #dY:100.0% 
  20              6.55965e-13     6.55996e-13      #dY:100.0% 
  20.2            0.00            0.00                        
//
#-------------------------------------------------------------------------------
#
#name:   JENDL-4.0: TH-232(N,F) E_in=11. MeV
#X.axis: Energy
#Y.axis: 
#wdata:  3
#ldata:  512
#data...
# X               Y               +-dY           
# MeV             1/eV            1/eV           
  0.00            0.00            0.00                        
  1.00e-11        1.63382e-12     0.00                        
  1.20e-11        1.78976e-12     0.00                        
  1.40e-11        1.93316e-12     0.00                        
  1.60e-11        2.06664e-12     0.00                        
  1.80e-11        2.192e-12       0.00                        
  2.20e-11        2.42335e-12     0.00                        
  2.50e-11        2.5833e-12      0.00                        
  2.90e-11        2.7823e-12      0.00                        
  3.40e-11        3.01262e-12     8.78782e-14      #dY:2.9%   
  4.00e-11        3.26765e-12     9.53175e-14      #dY:2.9%   
  4.60e-11        3.50416e-12     1.02216e-13      #dY:2.9%   
  5.40e-11        3.79667e-12     1.10749e-13      #dY:2.9%   
  6.30e-11        4.10087e-12     1.19623e-13      #dY:2.9%   
  7.40e-11        4.44449e-12     1.29646e-13      #dY:2.9%   
  8.60e-11        4.79132e-12     1.39763e-13      #dY:2.9%   
  1.00e-10        5.16662e-12     1.76146e-13      #dY:3.4%   
  1.20e-10        5.65975e-12     1.92959e-13      #dY:3.4%   
  1.40e-10        6.11323e-12     2.08419e-13      #dY:3.4%   
  1.60e-10        6.53532e-12     2.22809e-13      #dY:3.4%   
  1.80e-10        6.93175e-12     2.36325e-13      #dY:3.4%   
  2.20e-10        7.66335e-12     2.61268e-13      #dY:3.4%   
  2.50e-10        8.16916e-12     2.78512e-13      #dY:3.4%   
  2.90e-10        8.79846e-12     2.99967e-13      #dY:3.4%   
  3.40e-10        9.52681e-12     3.22038e-13      #dY:3.4%   
  4.00e-10        1.03333e-11     3.493e-13        #dY:3.4%   
  4.60e-10        1.10812e-11     3.74581e-13      #dY:3.4%   
  5.40e-10        1.20062e-11     4.05849e-13      #dY:3.4%   
  6.30e-10        1.29682e-11     4.38368e-13      #dY:3.4%   
  7.40e-10        1.40548e-11     4.75099e-13      #dY:3.4%   
  8.60e-10        1.51516e-11     5.12174e-13      #dY:3.4%   
  1.00e-9         1.63385e-11     5.52295e-13      #dY:3.4%   
  1.20e-9         1.78979e-11     6.10206e-13      #dY:3.4%   
  1.40e-9         1.9332e-11      6.59099e-13      #dY:3.4%   
  1.60e-9         2.06668e-11     7.04608e-13      #dY:3.4%   
  1.80e-9         2.19205e-11     7.47351e-13      #dY:3.4%   
  2.20e-9         2.4234e-11      8.26227e-13      #dY:3.4%   
  2.50e-9         2.58336e-11     8.80763e-13      #dY:3.4%   
  2.90e-9         2.78237e-11     9.48613e-13      #dY:3.4%   
  3.40e-9         3.0127e-11      1.01837e-12      #dY:3.4%   
  4.00e-9         3.26774e-11     1.10458e-12      #dY:3.4%   
  4.60e-9         3.50427e-11     1.18453e-12      #dY:3.4%   
  5.40e-9         3.79679e-11     1.28341e-12      #dY:3.4%   
  6.30e-9         4.10102e-11     1.38625e-12      #dY:3.4%   
  7.40e-9         4.44466e-11     1.50241e-12      #dY:3.4%   
  8.60e-9         4.79152e-11     1.61966e-12      #dY:3.4%   
  1.00e-8         5.16685e-11     1.76155e-12      #dY:3.4%   
  1.20e-8         5.66003e-11     1.92969e-12      #dY:3.4%   
  1.40e-8         6.11356e-11     2.08431e-12      #dY:3.4%   
  1.60e-8         6.5357e-11      2.22823e-12      #dY:3.4%   
  1.80e-8         6.93218e-11     2.36341e-12      #dY:3.4%   
  2.20e-8         7.66387e-11     2.61286e-12      #dY:3.4%   
  2.50e-8         8.16975e-11     2.78533e-12      #dY:3.4%   
  2.90e-8         8.79915e-11     2.99992e-12      #dY:3.4%   
  3.40e-8         9.52761e-11     3.22051e-12      #dY:3.4%   
  4.00e-8         1.03342e-10     3.49315e-12      #dY:3.4%   
  4.60e-8         1.10823e-10     3.74602e-12      #dY:3.4%   
  5.40e-8         1.20075e-10     4.05875e-12      #dY:3.4%   
  6.30e-8         1.29697e-10     4.38399e-12      #dY:3.4%   
  7.40e-8         1.40566e-10     4.75139e-12      #dY:3.4%   
  8.60e-8         1.51537e-10     5.12223e-12      #dY:3.4%   
  1.00e-7         1.63408e-10     5.52349e-12      #dY:3.4%   
  1.20e-7         1.79007e-10     6.10259e-12      #dY:3.4%   
  1.40e-7         1.93353e-10     6.59166e-12      #dY:3.4%   
  1.60e-7         2.06706e-10     7.04689e-12      #dY:3.4%   
  1.80e-7         2.19247e-10     7.47443e-12      #dY:3.4%   
  2.20e-7         2.42392e-10     8.26347e-12      #dY:3.4%   
  2.50e-7         2.58395e-10     8.80903e-12      #dY:3.4%   
  2.90e-7         2.78306e-10     9.48783e-12      #dY:3.4%   
  3.40e-7         3.01351e-10     1.0185e-11       #dY:3.4%   
  4.00e-7         3.26869e-10     1.10475e-11      #dY:3.4%   
  4.60e-7         3.50536e-10     1.18474e-11      #dY:3.4%   
  5.40e-7         3.79807e-10     1.28366e-11      #dY:3.4%   
  6.30e-7         4.10251e-10     1.38656e-11      #dY:3.4%   
  7.40e-7         4.44642e-10     1.50279e-11      #dY:3.4%   
  8.60e-7         4.79356e-10     1.62012e-11      #dY:3.4%   
  1.00e-6         5.16922e-10     1.74708e-11      #dY:3.4%   
  1.20e-6         5.66287e-10     1.93024e-11      #dY:3.4%   
  1.40e-6         6.11688e-10     2.08499e-11      #dY:3.4%   
  1.60e-6         6.53949e-10     2.22904e-11      #dY:3.4%   
  1.80e-6         6.93645e-10     2.36435e-11      #dY:3.4%   
  2.20e-6         7.66908e-10     2.61407e-11      #dY:3.4%   
  2.50e-6         8.17568e-10     2.78675e-11      #dY:3.4%   
  2.90e-6         8.80602e-10     3.00161e-11      #dY:3.4%   
  3.40e-6         9.53567e-10     3.22195e-11      #dY:3.4%   
  4.00e-6         1.03437e-9      3.49497e-11      #dY:3.4%   
  4.60e-6         1.10932e-9      3.74821e-11      #dY:3.4%   
  5.40e-6         1.20203e-9      4.06146e-11      #dY:3.4%   
  6.30e-6         1.29846e-9      4.38728e-11      #dY:3.4%   
  7.40e-6         1.40741e-9      4.75541e-11      #dY:3.4%   
  8.60e-6         1.5174e-9       5.12704e-11      #dY:3.4%   
  1.00e-5         1.63645e-9      5.5293e-11       #dY:3.4%   
  1.20e-5         1.79291e-9      6.09745e-11      #dY:3.4%   
  1.40e-5         1.93684e-9      6.58694e-11      #dY:3.4%   
  1.60e-5         2.07084e-9      7.04265e-11      #dY:3.4%   
  1.80e-5         2.19673e-9      7.47079e-11      #dY:3.4%   
  2.20e-5         2.42912e-9      8.26112e-11      #dY:3.4%   
  2.50e-5         2.58986e-9      8.80777e-11      #dY:3.4%   
  2.90e-5         2.78991e-9      9.48811e-11      #dY:3.4%   
  3.40e-5         3.02154e-9      1.01818e-10      #dY:3.4%   
  4.00e-5         3.27813e-9      1.10464e-10      #dY:3.4%   
  4.60e-5         3.51621e-9      1.18487e-10      #dY:3.4%   
  5.40e-5         3.81081e-9      1.28414e-10      #dY:3.4%   
  6.30e-5         4.11736e-9      1.38744e-10      #dY:3.4%   
  7.40e-5         4.46384e-9      1.5042e-10       #dY:3.4%   
  8.60e-5         4.8138e-9       1.62212e-10      #dY:3.4%   
  1.00e-4         5.19274e-9      1.74982e-10      #dY:3.4%   
  1.20e-4         5.69107e-9      1.93224e-10      #dY:3.4%   
  1.40e-4         6.14975e-9      2.08797e-10      #dY:3.4%   
  1.60e-4         6.57703e-9      2.23304e-10      #dY:3.4%   
  1.80e-4         6.97864e-9      2.36939e-10      #dY:3.4%   
  2.20e-4         7.72059e-9      2.6213e-10       #dY:3.4%   
  2.50e-4         8.23415e-9      2.79567e-10      #dY:3.4%   
  2.90e-4         8.87376e-9      3.01283e-10      #dY:3.4%   
  3.40e-4         9.61498e-9      3.22504e-10      #dY:3.4%   
  4.00e-4         1.04369e-8      3.50073e-10      #dY:3.4%   
  4.60e-4         1.12002e-8      3.75676e-10      #dY:3.4%   
  5.40e-4         1.21456e-8      4.07386e-10      #dY:3.4%   
  6.30e-4         1.31306e-8      4.40425e-10      #dY:3.4%   
  7.40e-4         1.42452e-8      4.77811e-10      #dY:3.4%   
  8.60e-4         1.53724e-8      5.15619e-10      #dY:3.4%   
  1.00e-3         1.65946e-8      5.56614e-10      #dY:3.4%   
  1.20e-3         1.82044e-8      6.11745e-10      #dY:3.4%   
  1.40e-3         1.96886e-8      6.6162e-10       #dY:3.4%   
  1.60e-3         2.10733e-8      7.08152e-10      #dY:3.4%   
  1.80e-3         2.23767e-8      7.51952e-10      #dY:3.4%   
  2.20e-3         2.47892e-8      8.33022e-10      #dY:3.4%   
  2.50e-3         2.64625e-8      8.89252e-10      #dY:3.4%   
  2.90e-3         2.85503e-8      9.59411e-10      #dY:3.4%   
  3.40e-3         3.09751e-8      1.02089e-9       #dY:3.3%   
  4.00e-3         3.36701e-8      1.10972e-9       #dY:3.3%   
  4.60e-3         3.61789e-8      1.1924e-9        #dY:3.3%   
  5.40e-3         3.92938e-8      1.29507e-9       #dY:3.3%   
  6.30e-3         4.25475e-8      1.4023e-9        #dY:3.3%   
  7.40e-3         4.62396e-8      1.52399e-9       #dY:3.3%   
  8.60e-3         4.99839e-8      1.6474e-9        #dY:3.3%   
  0.01            5.40551e-8      1.78158e-9       #dY:3.3%   
  0.012           5.94342e-8      1.94418e-9       #dY:3.3%   
  0.014           6.44097e-8      2.10694e-9       #dY:3.3%   
  0.016           6.90645e-8      2.2592e-9        #dY:3.3%   
  0.018           7.34564e-8      2.40287e-9       #dY:3.3%   
  0.022           8.16101e-8      2.66959e-9       #dY:3.3%   
  0.025           8.72824e-8      2.85514e-9       #dY:3.3%   
  0.029           9.43767e-8      3.08721e-9       #dY:3.3%   
  0.034           1.02636e-7      3.235e-9         #dY:3.2%   
  0.04            1.11836e-7      3.52498e-9       #dY:3.2%   
  0.046           1.20414e-7      3.79535e-9       #dY:3.2%   
  0.054           1.31078e-7      4.13147e-9       #dY:3.2%   
  0.055           1.32358e-7      4.17181e-9       #dY:3.2%   
  0.11            1.90915e-7      5.86508e-9       #dY:3.1%   
  0.165           2.31628e-7      7.11582e-9       #dY:3.1%   
  0.22            2.64864e-7      9.06825e-9       #dY:3.4%   
  0.275           2.89876e-7      9.92459e-9       #dY:3.4%   
  0.33            3.11117e-7      1.06518e-8       #dY:3.4%   
  0.385           3.27038e-7      1.11969e-8       #dY:3.4%   
  0.44            3.4052e-7       1.1554e-8        #dY:3.4%   
  0.495           3.50237e-7      1.18837e-8       #dY:3.4%   
  0.55            3.58279e-7      1.21566e-8       #dY:3.4%   
  0.605           3.63418e-7      1.28497e-8       #dY:3.5%   
  0.66            3.67347e-7      1.29887e-8       #dY:3.5%   
  0.715           3.68678e-7      1.30357e-8       #dY:3.5%   
  0.77            3.69101e-7      1.30507e-8       #dY:3.5%   
  0.825           3.67975e-7      1.23259e-8       #dY:3.3%   
  0.88            3.66154e-7      1.22649e-8       #dY:3.3%   
  0.935           3.63445e-7      1.21742e-8       #dY:3.3%   
  0.99            3.60192e-7      1.20652e-8       #dY:3.3%   
  1.045           3.55584e-7      1.09931e-8       #dY:3.1%   
  1.1             3.50545e-7      1.08373e-8       #dY:3.1%   
  1.155           3.44703e-7      1.06567e-8       #dY:3.1%   
  1.21            3.3853e-7       9.44649e-9       #dY:2.8%   
  1.265           3.31862e-7      9.26043e-9       #dY:2.8%   
  1.32            3.24964e-7      9.06794e-9       #dY:2.8%   
  1.375           3.17879e-7      8.87024e-9       #dY:2.8%   
  1.43            3.10641e-7      7.54684e-9       #dY:2.4%   
  1.485           3.03219e-7      7.36652e-9       #dY:2.4%   
  1.54            2.95704e-7      7.18395e-9       #dY:2.4%   
  1.595           2.88194e-7      7.0015e-9        #dY:2.4%   
  1.65            2.80637e-7      5.58882e-9       #dY:2.0%   
  1.705           2.73119e-7      5.4391e-9        #dY:2.0%   
  1.76            2.6559e-7       5.28916e-9       #dY:2.0%   
  1.815           2.5816e-7       3.91211e-9       #dY:1.5%   
  1.87            2.50746e-7      3.79976e-9       #dY:1.5%   
  1.925           2.43505e-7      3.69003e-9       #dY:1.5%   
  1.98            2.36302e-7      3.58088e-9       #dY:1.5%   
  2.035           2.29226e-7      2.29314e-9       #dY:1.0%   
  2.09            2.22205e-7      2.22291e-9       #dY:1.0%   
  2.145           2.1544e-7       2.15523e-9       #dY:1.0%   
  2.2             2.08742e-7      2.08823e-9       #dY:1.0%   
  2.255           2.02316e-7      1.03428e-9       #dY:0.5%   
  2.31            1.95967e-7      1.00182e-9       #dY:0.5%   
  2.365           1.89792e-7      9.70256e-10      #dY:0.5%   
  2.42            1.83701e-7      7.12762e-10      #dY:0.4%   
  2.475           1.77897e-7      6.90242e-10      #dY:0.4%   
  2.53            1.72181e-7      6.68064e-10      #dY:0.4%   
  2.585           1.66698e-7      6.4679e-10       #dY:0.4%   
  2.64            1.61306e-7      1.4072e-9        #dY:0.9%   
  2.695           1.5613e-7       1.36205e-9       #dY:0.9%   
  2.75            1.51046e-7      1.3177e-9        #dY:0.9%   
  2.805           1.46219e-7      2.14871e-9       #dY:1.5%   
  2.86            1.41485e-7      2.07914e-9       #dY:1.5%   
  2.915           1.36975e-7      2.01287e-9       #dY:1.5%   
  2.97            1.32558e-7      1.94796e-9       #dY:1.5%   
  3.025           1.28316e-7      2.68862e-9       #dY:2.1%   
  3.08            1.24164e-7      2.60162e-9       #dY:2.1%   
  3.135           1.20216e-7      2.5189e-9        #dY:2.1%   
  3.19            1.16356e-7      2.43802e-9       #dY:2.1%   
  3.245           1.12718e-7      3.0827e-9        #dY:2.7%   
  3.3             1.09167e-7      2.98559e-9       #dY:2.7%   
  3.355           1.05824e-7      2.89416e-9       #dY:2.7%   
  3.41            1.02565e-7      3.44974e-9       #dY:3.4%   
  3.465           9.95256e-8      3.34752e-9       #dY:3.4%   
  3.52            9.65668e-8      3.248e-9         #dY:3.4%   
  3.575           9.38407e-8      3.15631e-9       #dY:3.4%   
  3.63            9.11926e-8      3.61651e-9       #dY:4.0%   
  3.685           8.88081e-8      3.52195e-9       #dY:4.0%   
  3.74            8.64984e-8      3.43035e-9       #dY:4.0%   
  3.795           8.44862e-8      3.35055e-9       #dY:4.0%   
  3.85            8.25455e-8      3.72958e-9       #dY:4.5%   
  3.905           8.08429e-8      3.65266e-9       #dY:4.5%   
  3.96            7.92087e-8      3.57882e-9       #dY:4.5%   
  4.015           7.73862e-8      3.83947e-9       #dY:5.0%   
  4.07            7.56288e-8      3.75227e-9       #dY:5.0%   
  4.125           7.41791e-8      3.68035e-9       #dY:5.0%   
  4.18            7.27912e-8      3.61149e-9       #dY:5.0%   
  4.235           7.21351e-8      3.83297e-9       #dY:5.3%   
  4.29            7.15377e-8      3.80122e-9       #dY:5.3%   
  4.345           7.04244e-8      3.74207e-9       #dY:5.3%   
  4.4             6.93667e-8      3.68587e-9       #dY:5.3%   
  4.455           6.8351e-8       3.74287e-9       #dY:5.5%   
  4.51            6.73879e-8      3.69014e-9       #dY:5.5%   
  4.565           6.42907e-8      3.52053e-9       #dY:5.5%   
  4.62            6.12434e-8      3.46051e-9       #dY:5.7%   
  4.675           5.79934e-8      3.27688e-9       #dY:5.7%   
  4.73            5.47904e-8      3.09589e-9       #dY:5.7%   
  4.785           5.14153e-8      2.90519e-9       #dY:5.7%   
  4.84            4.80846e-8      3.08322e-9       #dY:6.4%   
  4.895           4.46318e-8      2.86183e-9       #dY:6.4%   
  4.95            4.12209e-8      2.64312e-9       #dY:6.4%   
  5.005           3.81919e-8      2.96837e-9       #dY:7.8%   
  5.06            3.52022e-8      2.736e-9         #dY:7.8%   
  5.115           3.30697e-8      2.57026e-9       #dY:7.8%   
  5.17            3.09741e-8      2.40738e-9       #dY:7.8%   
  5.225           2.95229e-8      2.84961e-9       #dY:9.7%   
  5.28            2.81065e-8      2.7129e-9        #dY:9.7%   
  5.335           2.69915e-8      2.60528e-9       #dY:9.7%   
  5.39            2.59092e-8      2.50081e-9       #dY:9.7%   
  5.445           2.49536e-8      2.75774e-9       #dY:11.1%  
  5.5             2.40287e-8      2.65553e-9       #dY:11.1%  
  5.555           2.31651e-8      2.56009e-9       #dY:11.1%  
  5.61            2.23303e-8      2.66766e-9       #dY:11.9%  
  5.665           2.15337e-8      2.5725e-9        #dY:11.9%  
  5.72            2.07641e-8      2.48056e-9       #dY:11.9%  
  5.775           2.0024e-8       2.39214e-9       #dY:11.9%  
  5.83            1.93092e-8      2.45585e-9       #dY:12.7%  
  5.885           1.862e-8        2.36819e-9       #dY:12.7%  
  5.94            1.79545e-8      2.28355e-9       #dY:12.7%  
  5.995           1.73122e-8      2.20186e-9       #dY:12.7%  
  6.05            1.66921e-8      2.24771e-9       #dY:13.5%  
  6.105           1.60936e-8      2.16712e-9       #dY:13.5%  
  6.16            1.55158e-8      2.08932e-9       #dY:13.5%  
  6.215           1.49581e-8      2.12667e-9       #dY:14.2%  
  6.27            1.44198e-8      2.05014e-9       #dY:14.2%  
  6.325           1.39003e-8      1.97628e-9       #dY:14.2%  
  6.38            1.33989e-8      1.90499e-9       #dY:14.2%  
  6.435           1.29151e-8      1.93605e-9       #dY:15.0%  
  6.49            1.24482e-8      1.86606e-9       #dY:15.0%  
  6.545           1.19977e-8      1.79852e-9       #dY:15.0%  
  6.6             1.15631e-8      1.73337e-9       #dY:15.0%  
  6.655           1.11437e-8      1.75328e-9       #dY:15.7%  
  6.71            1.07391e-8      1.68962e-9       #dY:15.7%  
  6.765           1.03488e-8      1.62821e-9       #dY:15.7%  
  6.82            9.97233e-9      1.6461e-9        #dY:16.5%  
  6.875           9.60917e-9      1.58615e-9       #dY:16.5%  
  6.93            9.25889e-9      1.52833e-9       #dY:16.5%  
  6.985           8.92106e-9      1.47257e-9       #dY:16.5%  
  7.04            8.59523e-9      1.48753e-9       #dY:17.3%  
  7.095           8.28101e-9      1.43315e-9       #dY:17.3%  
  7.15            7.978e-9        1.38071e-9       #dY:17.3%  
  7.205           7.68581e-9      1.38742e-9       #dY:18.1%  
  7.26            7.40406e-9      1.33656e-9       #dY:18.1%  
  7.315           7.1324e-9       1.28752e-9       #dY:18.1%  
  7.37            6.87047e-9      1.24023e-9       #dY:18.1%  
  7.425           6.61795e-9      1.24521e-9       #dY:18.8%  
  7.48            6.3745e-9       1.19941e-9       #dY:18.8%  
  7.535           6.13981e-9      1.15525e-9       #dY:18.8%  
  7.59            5.91357e-9      1.11268e-9       #dY:18.8%  
  7.645           5.69548e-9      1.11248e-9       #dY:19.5%  
  7.7             5.48527e-9      1.07142e-9       #dY:19.5%  
  7.755           5.28266e-9      1.03185e-9       #dY:19.5%  
  7.81            5.08738e-9      1.02902e-9       #dY:20.2%  
  7.865           4.89916e-9      9.90949e-10      #dY:20.2%  
  7.92            4.71778e-9      9.54261e-10      #dY:20.2%  
  7.975           4.54297e-9      9.18903e-10      #dY:20.2%  
  8.03            4.37452e-9      9.14373e-10      #dY:20.9%  
  8.085           4.21219e-9      8.80443e-10      #dY:20.9%  
  8.14            4.05577e-9      8.47747e-10      #dY:20.9%  
  8.195           3.90505e-9      8.16244e-10      #dY:20.9%  
  8.25            3.75982e-9      8.11929e-10      #dY:21.6%  
  8.305           3.6199e-9       7.81713e-10      #dY:21.6%  
  8.36            3.4851e-9       7.52603e-10      #dY:21.6%  
  8.415           3.35522e-9      7.46345e-10      #dY:22.2%  
  8.47            3.2301e-9       7.18513e-10      #dY:22.2%  
  8.525           3.10956e-9      6.917e-10        #dY:22.2%  
  8.58            2.99344e-9      6.6587e-10       #dY:22.2%  
  8.635           2.88159e-9      6.63488e-10      #dY:23.0%  
  8.69            2.77384e-9      6.38678e-10      #dY:23.0%  
  8.745           2.67006e-9      6.14783e-10      #dY:23.0%  
  8.8             2.5701e-9       5.91767e-10      #dY:23.0%  
  8.855           2.47382e-9      5.85618e-10      #dY:23.7%  
  8.91            2.38108e-9      5.63664e-10      #dY:23.7%  
  8.965           2.29177e-9      5.42522e-10      #dY:23.7%  
  9.02            2.20576e-9      5.38738e-10      #dY:24.4%  
  9.075           2.12292e-9      5.18505e-10      #dY:24.4%  
  9.13            2.04315e-9      4.99021e-10      #dY:24.4%  
  9.185           1.96633e-9      4.80259e-10      #dY:24.4%  
  9.24            1.89236e-9      4.77095e-10      #dY:25.2%  
  9.295           1.82113e-9      4.59137e-10      #dY:25.2%  
  9.35            1.75254e-9      4.41844e-10      #dY:25.2%  
  9.405           1.68649e-9      4.36997e-10      #dY:25.9%  
  9.46            1.6229e-9       4.2052e-10       #dY:25.9%  
  9.515           1.56167e-9      4.04654e-10      #dY:25.9%  
  9.57            1.50272e-9      3.89379e-10      #dY:25.9%  
  9.625           1.44597e-9      3.85685e-10      #dY:26.7%  
  9.68            1.39133e-9      3.71111e-10      #dY:26.7%  
  9.735           1.33873e-9      3.5708e-10       #dY:26.7%  
  9.79            1.28808e-9      3.43571e-10      #dY:26.7%  
  9.845           1.23933e-9      3.3917e-10       #dY:27.4%  
  9.9             1.1924e-9       3.26327e-10      #dY:27.4%  
  9.955           1.14723e-9      3.13965e-10      #dY:27.4%  
  10.01           1.10374e-9      3.10163e-10      #dY:28.1%  
  10.065          1.06188e-9      2.98399e-10      #dY:28.1%  
  10.12           1.02159e-9      2.87078e-10      #dY:28.1%  
  10.175          9.82805e-10     2.76179e-10      #dY:28.1%  
  10.23           9.45478e-10     2.72762e-10      #dY:28.8%  
  10.285          9.0955e-10      2.62397e-10      #dY:28.8%  
  10.34           8.74971e-10     2.52422e-10      #dY:28.8%  
  10.395          8.41691e-10     2.42821e-10      #dY:28.8%  
  10.45           8.09662e-10     2.39674e-10      #dY:29.6%  
  10.505          7.78838e-10     2.30549e-10      #dY:29.6%  
  10.56           7.49173e-10     2.21768e-10      #dY:29.6%  
  10.615          7.20625e-10     2.18152e-10      #dY:30.3%  
  10.67           6.93153e-10     2.09835e-10      #dY:30.3%  
  10.725          6.66716e-10     2.01832e-10      #dY:30.3%  
  10.78           6.41276e-10     1.94131e-10      #dY:30.3%  
  10.835          6.16796e-10     1.91352e-10      #dY:31.0%  
  10.89           5.9324e-10      1.84044e-10      #dY:31.0%  
  10.945          5.70574e-10     1.77012e-10      #dY:31.0%  
  11              5.48765e-10     1.70246e-10      #dY:31.0%  
  11.055          5.27781e-10     1.67683e-10      #dY:31.8%  
  11.11           5.0759e-10      1.61268e-10      #dY:31.8%  
  11.165          4.88164e-10     1.55096e-10      #dY:31.8%  
  11.22           4.69473e-10     1.52655e-10      #dY:32.5%  
  11.275          4.51491e-10     1.46808e-10      #dY:32.5%  
  11.33           4.3419e-10      1.41183e-10      #dY:32.5%  
  11.385          4.17546e-10     1.35771e-10      #dY:32.5%  
  11.44           4.01533e-10     1.33544e-10      #dY:33.3%  
  11.495          3.86129e-10     1.28421e-10      #dY:33.3%  
  11.55           3.71309e-10     1.23492e-10      #dY:33.3%  
  11.605          3.57053e-10     1.21384e-10      #dY:34.0%  
  11.66           3.43339e-10     1.16722e-10      #dY:34.0%  
  11.715          3.30146e-10     1.12237e-10      #dY:34.0%  
  11.77           3.17456e-10     1.07923e-10      #dY:34.0%  
  11.825          3.05249e-10     1.06015e-10      #dY:34.7%  
  11.88           2.93506e-10     1.01936e-10      #dY:34.7%  
  11.935          2.82212e-10     9.80139e-11      #dY:34.7%  
  11.99           2.71348e-10     9.42408e-11      #dY:34.7%  
  12.045          2.60898e-10     9.25224e-11      #dY:35.5%  
  12.1            2.50847e-10     8.8958e-11       #dY:35.5%  
  12.155          2.4118e-10      8.55298e-11      #dY:35.5%  
  12.21           2.31882e-10     8.39197e-11      #dY:36.2%  
  12.265          2.2294e-10      8.06835e-11      #dY:36.2%  
  12.32           2.14339e-10     7.75708e-11      #dY:36.2%  
  12.375          2.06067e-10     7.45771e-11      #dY:36.2%  
  12.43           1.98112e-10     7.31345e-11      #dY:36.9%  
  12.485          1.90461e-10     7.03101e-11      #dY:36.9%  
  12.54           1.83103e-10     6.75938e-11      #dY:36.9%  
  12.595          1.76027e-10     6.49817e-11      #dY:36.9%  
  12.65           1.69222e-10     6.36887e-11      #dY:37.6%  
  12.705          1.62678e-10     6.12258e-11      #dY:37.6%  
  12.76           1.56385e-10     5.88574e-11      #dY:37.6%  
  12.815          1.50334e-10     5.77777e-11      #dY:38.4%  
  12.87           1.44515e-10     5.55413e-11      #dY:38.4%  
  12.925          1.38919e-10     5.33906e-11      #dY:38.4%  
  12.98           1.33538e-10     5.13225e-11      #dY:38.4%  
  13.035          1.28364e-10     5.02511e-11      #dY:39.1%  
  13.09           1.23389e-10     4.83035e-11      #dY:39.1%  
  13.145          1.18605e-10     4.64307e-11      #dY:39.1%  
  13.2            1.14006e-10     4.46303e-11      #dY:39.1%  
  13.255          1.09583e-10     4.36794e-11      #dY:39.9%  
  13.31           1.0533e-10      4.19842e-11      #dY:39.9%  
  13.365          1.01242e-10     4.03547e-11      #dY:39.9%  
  13.42           9.73106e-11     3.95531e-11      #dY:40.6%  
  13.475          9.35309e-11     3.80168e-11      #dY:40.6%  
  13.53           8.9897e-11      3.65398e-11      #dY:40.6%  
  13.585          8.64033e-11     3.51197e-11      #dY:40.6%  
  13.64           8.30444e-11     3.43394e-11      #dY:41.4%  
  13.695          7.98151e-11     3.30041e-11      #dY:41.4%  
  13.75           7.67104e-11     3.17203e-11      #dY:41.4%  
  13.805          7.37257e-11     3.10601e-11      #dY:42.1%  
  13.86           7.08563e-11     2.98513e-11      #dY:42.1%  
  13.915          6.80978e-11     2.86891e-11      #dY:42.1%  
  13.97           6.5446e-11      2.75719e-11      #dY:42.1%  
  14.025          6.28967e-11     2.69369e-11      #dY:42.8%  
  14.08           6.0446e-11      2.58873e-11      #dY:42.8%  
  14.135          5.80902e-11     2.48784e-11      #dY:42.8%  
  14.19           5.58255e-11     2.39085e-11      #dY:42.8%  
  14.245          5.36486e-11     2.33907e-11      #dY:43.6%  
  14.3            5.1556e-11      2.24783e-11      #dY:43.6%  
  14.355          4.95445e-11     2.16013e-11      #dY:43.6%  
  14.41           4.76109e-11     2.11236e-11      #dY:44.4%  
  14.465          4.57523e-11     2.0299e-11       #dY:44.4%  
  14.52           4.39659e-11     1.95064e-11      #dY:44.4%  
  14.575          4.22487e-11     1.87446e-11      #dY:44.4%  
  14.63           4.05981e-11     1.83231e-11      #dY:45.1%  
  14.685          3.90117e-11     1.76071e-11      #dY:45.1%  
  14.74           3.74868e-11     1.69189e-11      #dY:45.1%  
  14.795          3.60212e-11     1.62574e-11      #dY:45.1%  
  14.85           3.46125e-11     1.58582e-11      #dY:45.8%  
  14.905          3.32586e-11     1.52379e-11      #dY:45.8%  
  14.96           3.19573e-11     1.46417e-11      #dY:45.8%  
  15.015          3.07066e-11     1.43009e-11      #dY:46.6%  
  15.07           2.95046e-11     1.37411e-11      #dY:46.6%  
  15.125          2.83493e-11     1.32031e-11      #dY:46.6%  
  15.18           2.7239e-11      1.2686e-11       #dY:46.6%  
  15.235          2.61719e-11     1.23865e-11      #dY:47.3%  
  15.29           2.51464e-11     1.19012e-11      #dY:47.3%  
  15.345          2.41609e-11     1.14347e-11      #dY:47.3%  
  15.4            2.32137e-11     1.09865e-11      #dY:47.3%  
  15.455          2.23035e-11     1.07233e-11      #dY:48.1%  
  15.51           2.14287e-11     1.03027e-11      #dY:48.1%  
  15.565          2.05881e-11     9.89854e-12      #dY:48.1%  
  15.62           1.97802e-11     9.67263e-12      #dY:48.9%  
  15.675          1.90039e-11     9.29301e-12      #dY:48.9%  
  15.73           1.82579e-11     8.92821e-12      #dY:48.9%  
  15.785          1.7541e-11      8.57765e-12      #dY:48.9%  
  15.84           1.68521e-11     8.36611e-12      #dY:49.6%  
  15.895          1.61901e-11     8.03747e-12      #dY:49.6%  
  15.95           1.5554e-11      7.72168e-12      #dY:49.6%  
  16.005          1.49427e-11     7.52863e-12      #dY:50.4%  
  16.06           1.43553e-11     7.23268e-12      #dY:50.4%  
  16.115          1.37909e-11     6.94832e-12      #dY:50.4%  
  16.17           1.32486e-11     6.67509e-12      #dY:50.4%  
  16.225          1.27275e-11     6.50647e-12      #dY:51.1%  
  16.28           1.22267e-11     6.25046e-12      #dY:51.1%  
  16.335          1.17456e-11     6.00451e-12      #dY:51.1%  
  16.39           1.12833e-11     5.76818e-12      #dY:51.1%  
  16.445          1.08391e-11     5.62854e-12      #dY:51.9%  
  16.5            1.04123e-11     5.40691e-12      #dY:51.9%  
  16.555          1.00022e-11     5.19396e-12      #dY:51.9%  
  16.61           9.60823e-12     5.05929e-12      #dY:52.7%  
  16.665          9.22967e-12     4.85996e-12      #dY:52.7%  
  16.72           8.86594e-12     4.66844e-12      #dY:52.7%  
  16.775          8.51649e-12     4.48443e-12      #dY:52.7%  
  16.83           8.18073e-12     4.37317e-12      #dY:53.5%  
  16.885          7.85815e-12     4.20073e-12      #dY:53.5%  
  16.94           7.54823e-12     4.03505e-12      #dY:53.5%  
  16.995          7.25047e-12     3.87588e-12      #dY:53.5%  
  17.05           6.96441e-12     3.77843e-12      #dY:54.3%  
  17.105          6.68957e-12     3.62932e-12      #dY:54.3%  
  17.16           6.42553e-12     3.48607e-12      #dY:54.3%  
  17.215          6.17186e-12     3.39268e-12      #dY:55.0%  
  17.27           5.92816e-12     3.25872e-12      #dY:55.0%  
  17.325          5.69404e-12     3.13002e-12      #dY:55.0%  
  17.38           5.46912e-12     3.00638e-12      #dY:55.0%  
  17.435          5.25305e-12     2.92907e-12      #dY:55.8%  
  17.49           5.04547e-12     2.81332e-12      #dY:55.8%  
  17.545          4.84606e-12     2.70213e-12      #dY:55.8%  
  17.6            4.65449e-12     2.59531e-12      #dY:55.8%  
  17.655          4.47046e-12     2.52776e-12      #dY:56.5%  
  17.71           4.29368e-12     2.4278e-12       #dY:56.5%  
  17.765          4.12386e-12     2.33178e-12      #dY:56.5%  
  17.82           3.96072e-12     2.27049e-12      #dY:57.3%  
  17.875          3.80401e-12     2.18065e-12      #dY:57.3%  
  17.93           3.65347e-12     2.09436e-12      #dY:57.3%  
  17.985          3.50886e-12     2.01146e-12      #dY:57.3%  
  18.04           3.36995e-12     1.95804e-12      #dY:58.1%  
  18.095          3.23652e-12     1.88051e-12      #dY:58.1%  
  18.15           3.10835e-12     1.80604e-12      #dY:58.1%  
  18.205          2.98523e-12     1.75759e-12      #dY:58.9%  
  18.26           2.86697e-12     1.68796e-12      #dY:58.9%  
  18.315          2.75338e-12     1.62108e-12      #dY:58.9%  
  18.37           2.64426e-12     1.55684e-12      #dY:58.9%  
  18.425          2.53945e-12     1.51464e-12      #dY:59.6%  
  18.48           2.43878e-12     1.45459e-12      #dY:59.6%  
  18.535          2.34209e-12     1.39692e-12      #dY:59.6%  
  18.59           2.24921e-12     1.34153e-12      #dY:59.6%  
  18.645          2.16e-12        1.30651e-12      #dY:60.5%  
  18.7            2.07431e-12     1.25468e-12      #dY:60.5%  
  18.755          1.99201e-12     1.2049e-12       #dY:60.5%  
  18.81           1.91296e-12     1.1716e-12       #dY:61.2%  
  18.865          1.83704e-12     1.12511e-12      #dY:61.2%  
  18.92           1.76412e-12     1.08045e-12      #dY:61.2%  
  18.975          1.69408e-12     1.03755e-12      #dY:61.2%  
  19.03           1.62681e-12     1.00991e-12      #dY:62.1%  
  19.085          1.5622e-12      9.69801e-13      #dY:62.1%  
  19.14           1.50015e-12     9.31281e-13      #dY:62.1%  
  19.195          1.44055e-12     8.94282e-13      #dY:62.1%  
  19.25           1.38331e-12     8.69179e-13      #dY:62.8%  
  19.305          1.32834e-12     8.3464e-13       #dY:62.8%  
  19.36           1.27554e-12     8.01464e-13      #dY:62.8%  
  19.415          1.22484e-12     7.79675e-13      #dY:63.7%  
  19.47           1.17614e-12     7.48675e-13      #dY:63.7%  
  19.525          1.12937e-12     7.18904e-13      #dY:63.7%  
  19.58           1.08445e-12     6.9031e-13       #dY:63.7%  
  19.635          1.04132e-12     6.70631e-13      #dY:64.4%  
  19.69           9.99888e-13     6.43948e-13      #dY:64.4%  
  19.745          9.60103e-13     6.18325e-13      #dY:64.4%  
  19.8            9.21896e-13     5.93719e-13      #dY:64.4%  
  19.855          8.85203e-13     5.77301e-13      #dY:65.2%  
  19.91           8.49965e-13     5.5432e-13       #dY:65.2%  
  19.965          8.16125e-13     5.3225e-13       #dY:65.2%  
  20.165          0.00            0.00                        
//
#-------------------------------------------------------------------------------
#
#name:   JENDL-4.0: TH-232(N,F) E_in=12. MeV
#X.axis: Energy
#Y.axis: 
#wdata:  3
#ldata:  482
#data...
# X               Y               +-dY           
# MeV             1/eV            1/eV           
  0.00            0.00            0.00                        
  1.00e-11        1.62665e-12     0.00                        
  1.20e-11        1.7819e-12      0.00                        
  1.40e-11        1.92467e-12     0.00                        
  1.60e-11        2.05756e-12     0.00                        
  1.80e-11        2.18237e-12     0.00                        
  2.20e-11        2.41271e-12     0.00                        
  2.50e-11        2.57195e-12     0.00                        
  2.90e-11        2.77008e-12     0.00                        
  3.40e-11        2.99939e-12     8.78782e-14      #dY:2.9%   
  4.00e-11        3.25329e-12     9.53172e-14      #dY:2.9%   
  4.60e-11        3.48877e-12     1.02216e-13      #dY:2.9%   
  5.40e-11        3.77999e-12     1.10749e-13      #dY:2.9%   
  6.30e-11        4.08286e-12     1.19622e-13      #dY:2.9%   
  7.40e-11        4.42496e-12     1.29646e-13      #dY:2.9%   
  8.60e-11        4.77027e-12     1.39763e-13      #dY:2.9%   
  1.00e-10        5.14392e-12     1.76146e-13      #dY:3.4%   
  1.20e-10        5.63488e-12     1.92958e-13      #dY:3.4%   
  1.40e-10        6.08637e-12     2.08419e-13      #dY:3.4%   
  1.60e-10        6.50661e-12     2.22809e-13      #dY:3.4%   
  1.80e-10        6.9013e-12      2.36325e-13      #dY:3.4%   
  2.20e-10        7.62968e-12     2.61267e-13      #dY:3.4%   
  2.50e-10        8.13327e-12     2.78512e-13      #dY:3.4%   
  2.90e-10        8.7598e-12      2.99967e-13      #dY:3.4%   
  3.40e-10        9.48495e-12     3.22038e-13      #dY:3.4%   
  4.00e-10        1.02879e-11     3.493e-13        #dY:3.4%   
  4.60e-10        1.10325e-11     3.74581e-13      #dY:3.4%   
  5.40e-10        1.19535e-11     4.05851e-13      #dY:3.4%   
  6.30e-10        1.29112e-11     4.38367e-13      #dY:3.4%   
  7.40e-10        1.39931e-11     4.751e-13        #dY:3.4%   
  8.60e-10        1.5085e-11      5.12173e-13      #dY:3.4%   
  1.00e-9         1.62666e-11     5.52291e-13      #dY:3.4%   
  1.20e-9         1.78192e-11     6.10204e-13      #dY:3.4%   
  1.40e-9         1.9247e-11      6.59098e-13      #dY:3.4%   
  1.60e-9         2.05759e-11     7.04605e-13      #dY:3.4%   
  1.80e-9         2.18241e-11     7.47348e-13      #dY:3.4%   
  2.20e-9         2.41275e-11     8.26226e-13      #dY:3.4%   
  2.50e-9         2.572e-11       8.8076e-13       #dY:3.4%   
  2.90e-9         2.77013e-11     9.48608e-13      #dY:3.4%   
  3.40e-9         2.99945e-11     1.01837e-12      #dY:3.4%   
  4.00e-9         3.25337e-11     1.10458e-12      #dY:3.4%   
  4.60e-9         3.48886e-11     1.18453e-12      #dY:3.4%   
  5.40e-9         3.78009e-11     1.28341e-12      #dY:3.4%   
  6.30e-9         4.08297e-11     1.38624e-12      #dY:3.4%   
  7.40e-9         4.4251e-11      1.5024e-12       #dY:3.4%   
  8.60e-9         4.77044e-11     1.61965e-12      #dY:3.4%   
  1.00e-8         5.14411e-11     1.76154e-12      #dY:3.4%   
  1.20e-8         5.63511e-11     1.92968e-12      #dY:3.4%   
  1.40e-8         6.08664e-11     2.0843e-12       #dY:3.4%   
  1.60e-8         6.50691e-11     2.22822e-12      #dY:3.4%   
  1.80e-8         6.90164e-11     2.36339e-12      #dY:3.4%   
  2.20e-8         7.6301e-11      2.61284e-12      #dY:3.4%   
  2.50e-8         8.13374e-11     2.78531e-12      #dY:3.4%   
  2.90e-8         8.76035e-11     2.99989e-12      #dY:3.4%   
  3.40e-8         9.48559e-11     3.22049e-12      #dY:3.4%   
  4.00e-8         1.02886e-10     3.49313e-12      #dY:3.4%   
  4.60e-8         1.10334e-10     3.746e-12        #dY:3.4%   
  5.40e-8         1.19545e-10     4.05872e-12      #dY:3.4%   
  6.30e-8         1.29124e-10     4.38394e-12      #dY:3.4%   
  7.40e-8         1.39945e-10     4.75133e-12      #dY:3.4%   
  8.60e-8         1.50867e-10     5.12215e-12      #dY:3.4%   
  1.00e-7         1.62685e-10     5.52339e-12      #dY:3.4%   
  1.20e-7         1.78215e-10     6.10255e-12      #dY:3.4%   
  1.40e-7         1.92496e-10     6.59157e-12      #dY:3.4%   
  1.60e-7         2.05789e-10     7.04676e-12      #dY:3.4%   
  1.80e-7         2.18275e-10     7.47431e-12      #dY:3.4%   
  2.20e-7         2.41316e-10     8.26329e-12      #dY:3.4%   
  2.50e-7         2.57247e-10     8.80881e-12      #dY:3.4%   
  2.90e-7         2.77068e-10     9.48754e-12      #dY:3.4%   
  3.40e-7         3.0001e-10      1.01849e-11      #dY:3.4%   
  4.00e-7         3.25413e-10     1.10473e-11      #dY:3.4%   
  4.60e-7         3.48973e-10     1.18471e-11      #dY:3.4%   
  5.40e-7         3.78111e-10     1.28363e-11      #dY:3.4%   
  6.30e-7         4.08416e-10     1.38651e-11      #dY:3.4%   
  7.40e-7         4.4265e-10      1.50273e-11      #dY:3.4%   
  8.60e-7         4.77206e-10     1.62004e-11      #dY:3.4%   
  1.00e-6         5.146e-10       1.74699e-11      #dY:3.4%   
  1.20e-6         5.63738e-10     1.93019e-11      #dY:3.4%   
  1.40e-6         6.08928e-10     2.08491e-11      #dY:3.4%   
  1.60e-6         6.50993e-10     2.22894e-11      #dY:3.4%   
  1.80e-6         6.90504e-10     2.36422e-11      #dY:3.4%   
  2.20e-6         7.63425e-10     2.6139e-11       #dY:3.4%   
  2.50e-6         8.13846e-10     2.78654e-11      #dY:3.4%   
  2.90e-6         8.76582e-10     3.00134e-11      #dY:3.4%   
  3.40e-6         9.49201e-10     3.22182e-11      #dY:3.4%   
  4.00e-6         1.02962e-9      3.49479e-11      #dY:3.4%   
  4.60e-6         1.10421e-9      3.74796e-11      #dY:3.4%   
  5.40e-6         1.19647e-9      4.06112e-11      #dY:3.4%   
  6.30e-6         1.29243e-9      4.38683e-11      #dY:3.4%   
  7.40e-6         1.40084e-9      4.7548e-11       #dY:3.4%   
  8.60e-6         1.51029e-9      5.1263e-11       #dY:3.4%   
  1.00e-5         1.62874e-9      5.52835e-11      #dY:3.4%   
  1.20e-5         1.78441e-9      6.09692e-11      #dY:3.4%   
  1.40e-5         1.9276e-9       6.58616e-11      #dY:3.4%   
  1.60e-5         2.06091e-9      7.04165e-11      #dY:3.4%   
  1.80e-5         2.18614e-9      7.46953e-11      #dY:3.4%   
  2.20e-5         2.4173e-9       8.25935e-11      #dY:3.4%   
  2.50e-5         2.57717e-9      8.80559e-11      #dY:3.4%   
  2.90e-5         2.77613e-9      9.48539e-11      #dY:3.4%   
  3.40e-5         3.00648e-9      1.01805e-10      #dY:3.4%   
  4.00e-5         3.26164e-9      1.10446e-10      #dY:3.4%   
  4.60e-5         3.49836e-9      1.18462e-10      #dY:3.4%   
  5.40e-5         3.79124e-9      1.28379e-10      #dY:3.4%   
  6.30e-5         4.09597e-9      1.38698e-10      #dY:3.4%   
  7.40e-5         4.44036e-9      1.5036e-10       #dY:3.4%   
  8.60e-5         4.78815e-9      1.62136e-10      #dY:3.4%   
  1.00e-4         5.16469e-9      1.74887e-10      #dY:3.4%   
  1.20e-4         5.65979e-9      1.93171e-10      #dY:3.4%   
  1.40e-4         6.1154e-9       2.08721e-10      #dY:3.4%   
  1.60e-4         6.53975e-9      2.23204e-10      #dY:3.4%   
  1.80e-4         6.93856e-9      2.36816e-10      #dY:3.4%   
  2.20e-4         7.67514e-9      2.61955e-10      #dY:3.4%   
  2.50e-4         8.18487e-9      2.79353e-10      #dY:3.4%   
  2.90e-4         8.81958e-9      3.01015e-10      #dY:3.4%   
  3.40e-4         9.55492e-9      3.22382e-10      #dY:3.4%   
  4.00e-4         1.03701e-8      3.49887e-10      #dY:3.4%   
  4.60e-4         1.11269e-8      3.75421e-10      #dY:3.4%   
  5.40e-4         1.2064e-8       4.07039e-10      #dY:3.4%   
  6.30e-4         1.30399e-8      4.39965e-10      #dY:3.4%   
  7.40e-4         1.41438e-8      4.77211e-10      #dY:3.4%   
  8.60e-4         1.52598e-8      5.14865e-10      #dY:3.4%   
  1.00e-3         1.64693e-8      5.55673e-10      #dY:3.4%   
  1.20e-3         1.80615e-8      6.11219e-10      #dY:3.4%   
  1.40e-3         1.95287e-8      6.60871e-10      #dY:3.4%   
  1.60e-3         2.08968e-8      7.07169e-10      #dY:3.4%   
  1.80e-3         2.2184e-8       7.50729e-10      #dY:3.4%   
  2.20e-3         2.45649e-8      8.31301e-10      #dY:3.4%   
  2.50e-3         2.62151e-8      8.87145e-10      #dY:3.4%   
  2.90e-3         2.82728e-8      9.5678e-10       #dY:3.4%   
  3.40e-3         3.06607e-8      1.01971e-9       #dY:3.3%   
  4.00e-3         3.33124e-8      1.1079e-9        #dY:3.3%   
  4.60e-3         3.57786e-8      1.18992e-9       #dY:3.3%   
  5.40e-3         3.88379e-8      1.29167e-9       #dY:3.3%   
  6.30e-3         4.203e-8        1.39783e-9       #dY:3.3%   
  7.40e-3         4.56482e-8      1.51816e-9       #dY:3.3%   
  8.60e-3         4.93131e-8      1.64005e-9       #dY:3.3%   
  0.01            5.32928e-8      1.77241e-9       #dY:3.3%   
  0.012           5.85433e-8      1.93915e-9       #dY:3.3%   
  0.014           6.33919e-8      2.09975e-9       #dY:3.3%   
  0.016           6.79212e-8      2.24978e-9       #dY:3.3%   
  0.018           7.21888e-8      2.39114e-9       #dY:3.3%   
  0.022           8.00967e-8      2.65307e-9       #dY:3.3%   
  0.025           8.55864e-8      2.83491e-9       #dY:3.3%   
  0.029           9.24395e-8      3.06191e-9       #dY:3.3%   
  0.034           1.004e-7        3.22386e-9       #dY:3.2%   
  0.04            1.09244e-7      3.50785e-9       #dY:3.2%   
  0.046           1.1747e-7       3.77199e-9       #dY:3.2%   
  0.054           1.27667e-7      4.09941e-9       #dY:3.2%   
  0.06            1.34838e-7      4.32968e-9       #dY:3.2%   
  0.12            1.9267e-7       6.09115e-9       #dY:3.2%   
  0.18            2.32476e-7      7.34959e-9       #dY:3.2%   
  0.24            2.64393e-7      9.3865e-9        #dY:3.6%   
  0.3             2.88107e-7      1.02284e-8       #dY:3.6%   
  0.36            3.07835e-7      1.09288e-8       #dY:3.6%   
  0.42            3.22711e-7      1.13957e-8       #dY:3.5%   
  0.48            3.35032e-7      1.18308e-8       #dY:3.5%   
  0.54            3.43336e-7      1.21241e-8       #dY:3.5%   
  0.6             3.49914e-7      1.23563e-8       #dY:3.5%   
  0.66            3.54016e-7      1.30103e-8       #dY:3.7%   
  0.72            3.56882e-7      1.31156e-8       #dY:3.7%   
  0.78            3.57256e-7      1.31294e-8       #dY:3.7%   
  0.84            3.56713e-7      1.23682e-8       #dY:3.5%   
  0.9             3.55147e-7      1.23139e-8       #dY:3.5%   
  0.96            3.52885e-7      1.22354e-8       #dY:3.5%   
  1.02            3.49362e-7      1.11075e-8       #dY:3.2%   
  1.08            3.45303e-7      1.09785e-8       #dY:3.2%   
  1.14            3.40205e-7      1.08164e-8       #dY:3.2%   
  1.2             3.34694e-7      1.06412e-8       #dY:3.2%   
  1.26            3.28513e-7      9.35002e-9       #dY:2.8%   
  1.32            3.22051e-7      9.1661e-9        #dY:2.8%   
  1.38            3.15285e-7      8.97353e-9       #dY:2.8%   
  1.44            3.08337e-7      7.56687e-9       #dY:2.5%   
  1.5             3.01077e-7      7.38871e-9       #dY:2.5%   
  1.56            2.9371e-7       7.20791e-9       #dY:2.5%   
  1.62            2.86164e-7      5.7014e-9        #dY:2.0%   
  1.68            2.78569e-7      5.55008e-9       #dY:2.0%   
  1.74            2.70928e-7      5.39784e-9       #dY:2.0%   
  1.8             2.63281e-7      5.24549e-9       #dY:2.0%   
  1.86            2.55552e-7      3.84174e-9       #dY:1.5%   
  1.92            2.4785e-7       3.72596e-9       #dY:1.5%   
  1.98            2.40236e-7      3.61149e-9       #dY:1.5%   
  2.04            2.32675e-7      2.2942e-9        #dY:1.0%   
  2.1             2.25196e-7      2.22046e-9       #dY:1.0%   
  2.16            2.17789e-7      2.14742e-9       #dY:1.0%   
  2.22            2.10655e-7      1.05698e-9       #dY:0.5%   
  2.28            2.03606e-7      1.02162e-9       #dY:0.5%   
  2.34            1.96676e-7      9.86843e-10      #dY:0.5%   
  2.4             1.89841e-7      9.52548e-10      #dY:0.5%   
  2.46            1.83316e-7      6.96633e-10      #dY:0.4%   
  2.52            1.76893e-7      6.72225e-10      #dY:0.4%   
  2.58            1.70737e-7      6.48831e-10      #dY:0.4%   
  2.64            1.64686e-7      1.40667e-9       #dY:0.9%   
  2.7             1.5888e-7       1.35708e-9       #dY:0.9%   
  2.76            1.53183e-7      1.30842e-9       #dY:0.9%   
  2.82            1.47786e-7      2.12787e-9       #dY:1.4%   
  2.88            1.42498e-7      2.05173e-9       #dY:1.4%   
  2.94            1.37458e-7      1.97916e-9       #dY:1.4%   
  3               1.32526e-7      1.90815e-9       #dY:1.4%   
  3.06            1.27781e-7      2.62757e-9       #dY:2.1%   
  3.12            1.23143e-7      2.5322e-9        #dY:2.1%   
  3.18            1.18746e-7      2.44178e-9       #dY:2.1%   
  3.24            1.14452e-7      3.08088e-9       #dY:2.7%   
  3.3             1.10373e-7      2.97108e-9       #dY:2.7%   
  3.36            1.06394e-7      2.86397e-9       #dY:2.7%   
  3.42            1.02623e-7      3.41527e-9       #dY:3.3%   
  3.48            9.89483e-8      3.29297e-9       #dY:3.3%   
  3.54            9.54526e-8      3.17664e-9       #dY:3.3%   
  3.6             9.20498e-8      3.06339e-9       #dY:3.3%   
  3.66            8.88195e-8      3.51818e-9       #dY:4.0%   
  3.72            8.5678e-8       3.39374e-9       #dY:4.0%   
  3.78            8.26923e-8      3.27548e-9       #dY:4.0%   
  3.84            7.97915e-8      3.66667e-9       #dY:4.6%   
  3.9             7.70357e-8      3.54003e-9       #dY:4.6%   
  3.96            7.43607e-8      3.41711e-9       #dY:4.6%   
  4.02            7.18101e-8      3.74545e-9       #dY:5.2%   
  4.08            6.93362e-8      3.61642e-9       #dY:5.2%   
  4.14            6.69929e-8      3.4942e-9        #dY:5.2%   
  4.2             6.47222e-8      3.37577e-9       #dY:5.2%   
  4.26            6.2594e-8       3.63309e-9       #dY:5.8%   
  4.32            6.05345e-8      3.51355e-9       #dY:5.8%   
  4.38            5.86187e-8      3.40236e-9       #dY:5.8%   
  4.44            5.67678e-8      3.61013e-9       #dY:6.4%   
  4.5             5.50729e-8      3.50234e-9       #dY:6.4%   
  4.56            5.34391e-8      3.39844e-9       #dY:6.4%   
  4.62            5.19928e-8      3.55958e-9       #dY:6.8%   
  4.68            5.06039e-8      3.4645e-9        #dY:6.8%   
  4.74            4.94267e-8      3.3839e-9        #dY:6.8%   
  4.8             4.83034e-8      3.307e-9         #dY:6.8%   
  4.86            4.7372e-8       3.41398e-9       #dY:7.2%   
  4.92            4.64912e-8      3.3505e-9        #dY:7.2%   
  4.98            4.54436e-8      3.275e-9         #dY:7.2%   
  5.04            4.44435e-8      3.27875e-9       #dY:7.4%   
  5.1             4.36233e-8      3.21824e-9       #dY:7.4%   
  5.16            4.28476e-8      3.16101e-9       #dY:7.4%   
  5.22            4.28846e-8      3.20384e-9       #dY:7.5%   
  5.28            4.29633e-8      3.20972e-9       #dY:7.5%   
  5.34            4.26601e-8      3.18706e-9       #dY:7.5%   
  5.4             4.23959e-8      3.16733e-9       #dY:7.5%   
  5.46            4.204e-8        3.01972e-9       #dY:7.2%   
  5.52            4.17205e-8      2.99677e-9       #dY:7.2%   
  5.58            3.94835e-8      2.83609e-9       #dY:7.2%   
  5.64            3.72806e-8      2.59342e-9       #dY:7.0%   
  5.7             3.48889e-8      2.42705e-9       #dY:7.0%   
  5.76            3.2529e-8       2.26288e-9       #dY:7.0%   
  5.82            2.99208e-8      2.298e-9         #dY:7.7%   
  5.88            2.73421e-8      2.09995e-9       #dY:7.7%   
  5.94            2.47121e-8      1.89796e-9       #dY:7.7%   
  6               2.21098e-8      1.6981e-9        #dY:7.7%   
  6.06            2.01406e-8      1.89145e-9       #dY:9.4%   
  6.12            1.81971e-8      1.70893e-9       #dY:9.4%   
  6.18            1.70099e-8      1.59744e-9       #dY:9.4%   
  6.24            1.58466e-8      1.91117e-9       #dY:12.1%  
  6.3             1.50721e-8      1.81776e-9       #dY:12.1%  
  6.36            1.43199e-8      1.72704e-9       #dY:12.1%  
  6.42            1.37153e-8      1.92389e-9       #dY:14.0%  
  6.48            1.31313e-8      1.84197e-9       #dY:14.0%  
  6.54            1.26061e-8      1.7683e-9        #dY:14.0%  
  6.6             1.21e-8         1.69731e-9       #dY:14.0%  
  6.66            1.1624e-8       1.74432e-9       #dY:15.0%  
  6.72            1.11659e-8      1.67558e-9       #dY:15.0%  
  6.78            1.07284e-8      1.60993e-9       #dY:15.0%  
  6.84            1.03075e-8      1.62537e-9       #dY:15.8%  
  6.9             9.90359e-9      1.56168e-9       #dY:15.8%  
  6.96            9.51504e-9      1.50041e-9       #dY:15.8%  
  7.02            9.14162e-9      1.50935e-9       #dY:16.5%  
  7.08            8.78248e-9      1.45005e-9       #dY:16.5%  
  7.14            8.43717e-9      1.39304e-9       #dY:16.5%  
  7.2             8.10511e-9      1.33821e-9       #dY:16.5%  
  7.26            7.78582e-9      1.33852e-9       #dY:17.2%  
  7.32            7.47882e-9      1.28574e-9       #dY:17.2%  
  7.38            7.18365e-9      1.235e-9         #dY:17.2%  
  7.44            6.89986e-9      1.23415e-9       #dY:17.9%  
  7.5             6.62703e-9      1.18535e-9       #dY:17.9%  
  7.56            6.36474e-9      1.13843e-9       #dY:17.9%  
  7.62            6.11262e-9      1.1329e-9        #dY:18.5%  
  7.68            5.87026e-9      1.08798e-9       #dY:18.5%  
  7.74            5.63732e-9      1.04481e-9       #dY:18.5%  
  7.8             5.41342e-9      1.00331e-9       #dY:18.5%  
  7.86            5.19823e-9      9.95843e-10      #dY:19.2%  
  7.92            4.99142e-9      9.56223e-10      #dY:19.2%  
  7.98            4.79268e-9      9.1815e-10       #dY:19.2%  
  8.04            4.60169e-9      9.09295e-10      #dY:19.8%  
  8.1             4.41817e-9      8.73032e-10      #dY:19.8%  
  8.16            4.24183e-9      8.38187e-10      #dY:19.8%  
  8.22            4.07239e-9      8.29818e-10      #dY:20.4%  
  8.28            3.9096e-9       7.96647e-10      #dY:20.4%  
  8.34            3.75319e-9      7.64776e-10      #dY:20.4%  
  8.4             3.60293e-9      7.34158e-10      #dY:20.4%  
  8.46            3.45857e-9      7.24589e-10      #dY:21.0%  
  8.52            3.3199e-9       6.95537e-10      #dY:21.0%  
  8.58            3.1867e-9       6.67631e-10      #dY:21.0%  
  8.64            3.05874e-9      6.62065e-10      #dY:21.6%  
  8.7             2.93584e-9      6.35463e-10      #dY:21.6%  
  8.76            2.81779e-9      6.09911e-10      #dY:21.6%  
  8.82            2.70441e-9      6.007e-10        #dY:22.2%  
  8.88            2.59552e-9      5.76514e-10      #dY:22.2%  
  8.94            2.49094e-9      5.53285e-10      #dY:22.2%  
  9               2.39051e-9      5.30977e-10      #dY:22.2%  
  9.06            2.29407e-9      5.24746e-10      #dY:22.9%  
  9.12            2.20146e-9      5.03563e-10      #dY:22.9%  
  9.18            2.11252e-9      4.83218e-10      #dY:22.9%  
  9.24            2.02713e-9      4.77728e-10      #dY:23.6%  
  9.3             1.94514e-9      4.58406e-10      #dY:23.6%  
  9.36            1.86641e-9      4.39852e-10      #dY:23.6%  
  9.42            1.79083e-9      4.32937e-10      #dY:24.2%  
  9.48            1.71826e-9      4.15393e-10      #dY:24.2%  
  9.54            1.64859e-9      3.9855e-10       #dY:24.2%  
  9.6             1.58171e-9      3.82382e-10      #dY:24.2%  
  9.66            1.5175e-9       3.76921e-10      #dY:24.8%  
  9.72            1.45586e-9      3.61611e-10      #dY:24.8%  
  9.78            1.3967e-9       3.46917e-10      #dY:24.8%  
  9.84            1.3399e-9       3.40819e-10      #dY:25.4%  
  9.9             1.28538e-9      3.26951e-10      #dY:25.4%  
  9.96            1.23306e-9      3.13643e-10      #dY:25.4%  
  10.02           1.18283e-9      3.08344e-10      #dY:26.1%  
  10.08           1.13463e-9      2.95779e-10      #dY:26.1%  
  10.14           1.08836e-9      2.83718e-10      #dY:26.1%  
  10.2            1.04396e-9      2.72143e-10      #dY:26.1%  
  10.26           1.00135e-9      2.67472e-10      #dY:26.7%  
  10.32           9.60454e-10     2.56548e-10      #dY:26.7%  
  10.38           9.21209e-10     2.46065e-10      #dY:26.7%  
  10.44           8.83548e-10     2.41697e-10      #dY:27.4%  
  10.5            8.47409e-10     2.31811e-10      #dY:27.4%  
  10.56           8.1273e-10      2.22325e-10      #dY:27.4%  
  10.62           7.79455e-10     2.17635e-10      #dY:27.9%  
  10.68           7.47526e-10     2.0872e-10       #dY:27.9%  
  10.74           7.1689e-10      2.00166e-10      #dY:27.9%  
  10.8            6.87495e-10     1.91958e-10      #dY:27.9%  
  10.86           6.59293e-10     1.88286e-10      #dY:28.6%  
  10.92           6.32234e-10     1.80558e-10      #dY:28.6%  
  10.98           6.06274e-10     1.73145e-10      #dY:28.6%  
  11.04           5.81369e-10     1.69707e-10      #dY:29.2%  
  11.1            5.57476e-10     1.62732e-10      #dY:29.2%  
  11.16           5.34554e-10     1.56041e-10      #dY:29.2%  
  11.22           5.12565e-10     1.52833e-10      #dY:29.8%  
  11.28           4.91471e-10     1.46543e-10      #dY:29.8%  
  11.34           4.71236e-10     1.4051e-10       #dY:29.8%  
  11.4            4.51826e-10     1.34722e-10      #dY:29.8%  
  11.46           4.33207e-10     1.31863e-10      #dY:30.4%  
  11.52           4.15348e-10     1.26427e-10      #dY:30.4%  
  11.58           3.98218e-10     1.21213e-10      #dY:30.4%  
  11.64           3.81787e-10     1.18559e-10      #dY:31.1%  
  11.7            3.66028e-10     1.13665e-10      #dY:31.1%  
  11.76           3.50913e-10     1.08972e-10      #dY:31.1%  
  11.82           3.36416e-10     1.06517e-10      #dY:31.7%  
  11.88           3.22513e-10     1.02115e-10      #dY:31.7%  
  11.94           3.09178e-10     9.78931e-11      #dY:31.7%  
  12              2.9639e-10      9.38441e-11      #dY:31.7%  
  12.06           2.84127e-10     9.16803e-11      #dY:32.3%  
  12.12           2.72365e-10     8.7885e-11       #dY:32.3%  
  12.18           2.61087e-10     8.42459e-11      #dY:32.3%  
  12.24           2.50271e-10     8.22526e-11      #dY:32.9%  
  12.3            2.39899e-10     7.88438e-11      #dY:32.9%  
  12.36           2.29954e-10     7.55753e-11      #dY:32.9%  
  12.42           2.20417e-10     7.37461e-11      #dY:33.5%  
  12.48           2.11272e-10     7.06864e-11      #dY:33.5%  
  12.54           2.02504e-10     6.77529e-11      #dY:33.5%  
  12.6            1.94096e-10     6.49398e-11      #dY:33.5%  
  12.66           1.86034e-10     6.33335e-11      #dY:34.0%  
  12.72           1.78305e-10     6.07022e-11      #dY:34.0%  
  12.78           1.70894e-10     5.81792e-11      #dY:34.0%  
  12.84           1.63788e-10     5.68289e-11      #dY:34.7%  
  12.9            1.56976e-10     5.44654e-11      #dY:34.7%  
  12.96           1.50445e-10     5.21993e-11      #dY:34.7%  
  13.02           1.44183e-10     5.08554e-11      #dY:35.3%  
  13.08           1.3818e-10      4.87381e-11      #dY:35.3%  
  13.14           1.32425e-10     4.67082e-11      #dY:35.3%  
  13.2            1.26907e-10     4.47619e-11      #dY:35.3%  
  13.26           1.21618e-10     4.35916e-11      #dY:35.8%  
  13.32           1.16548e-10     4.17744e-11      #dY:35.8%  
  13.38           1.11687e-10     4.0032e-11       #dY:35.8%  
  13.44           1.07027e-10     3.90416e-11      #dY:36.5%  
  13.5            1.02561e-10     3.74125e-11      #dY:36.5%  
  13.56           9.82794e-11     3.58507e-11      #dY:36.5%  
  13.62           9.41754e-11     3.48793e-11      #dY:37.0%  
  13.68           9.02414e-11     3.34223e-11      #dY:37.0%  
  13.74           8.64707e-11     3.20258e-11      #dY:37.0%  
  13.8            8.28563e-11     3.06871e-11      #dY:37.0%  
  13.86           7.9392e-11      2.98991e-11      #dY:37.7%  
  13.92           7.60715e-11     2.86486e-11      #dY:37.7%  
  13.98           7.28889e-11     2.745e-11        #dY:37.7%  
  14.04           6.98386e-11     2.66837e-11      #dY:38.2%  
  14.1            6.6915e-11      2.55667e-11      #dY:38.2%  
  14.16           6.4113e-11      2.44961e-11      #dY:38.2%  
  14.22           6.14275e-11     2.38457e-11      #dY:38.8%  
  14.28           5.88537e-11     2.28466e-11      #dY:38.8%  
  14.34           5.63871e-11     2.18891e-11      #dY:38.8%  
  14.4            5.40232e-11     2.09714e-11      #dY:38.8%  
  14.46           5.17577e-11     2.04054e-11      #dY:39.4%  
  14.52           4.95866e-11     1.95495e-11      #dY:39.4%  
  14.58           4.7506e-11      1.87292e-11      #dY:39.4%  
  14.64           4.55122e-11     1.82163e-11      #dY:40.0%  
  14.7            4.36015e-11     1.74515e-11      #dY:40.0%  
  14.76           4.17705e-11     1.67186e-11      #dY:40.0%  
  14.82           4.00159e-11     1.62264e-11      #dY:40.5%  
  14.88           3.83346e-11     1.55447e-11      #dY:40.6%  
  14.94           3.67234e-11     1.48913e-11      #dY:40.5%  
  15              3.51796e-11     1.42653e-11      #dY:40.5%  
  15.06           3.37003e-11     1.38636e-11      #dY:41.1%  
  15.12           3.22828e-11     1.32805e-11      #dY:41.1%  
  15.18           3.09246e-11     1.27217e-11      #dY:41.1%  
  15.24           2.96232e-11     1.23589e-11      #dY:41.7%  
  15.3            2.83762e-11     1.18387e-11      #dY:41.7%  
  15.36           2.71814e-11     1.13402e-11      #dY:41.7%  
  15.42           2.60367e-11     1.1013e-11       #dY:42.3%  
  15.48           2.49398e-11     1.0549e-11       #dY:42.3%  
  15.54           2.38889e-11     1.01045e-11      #dY:42.3%  
  15.6            2.28821e-11     9.67866e-12      #dY:42.3%  
  15.66           2.19174e-11     9.41024e-12      #dY:42.9%  
  15.72           2.09932e-11     9.01344e-12      #dY:42.9%  
  15.78           2.01077e-11     8.63325e-12      #dY:42.9%  
  15.84           1.92594e-11     8.37789e-12      #dY:43.5%  
  15.9            1.84467e-11     8.02437e-12      #dY:43.5%  
  15.96           1.7668e-11      7.68563e-12      #dY:43.5%  
  16.02           1.69221e-11     7.45576e-12      #dY:44.1%  
  16.08           1.62075e-11     7.14091e-12      #dY:44.1%  
  16.14           1.55229e-11     6.83928e-12      #dY:44.1%  
  16.2            1.48671e-11     6.55034e-12      #dY:44.1%  
  16.26           1.42388e-11     6.35263e-12      #dY:44.6%  
  16.32           1.3637e-11      6.08414e-12      #dY:44.6%  
  16.38           1.30604e-11     5.82689e-12      #dY:44.6%  
  16.44           1.25081e-11     5.65712e-12      #dY:45.2%  
  16.5            1.19791e-11     5.41787e-12      #dY:45.2%  
  16.56           1.14723e-11     5.18866e-12      #dY:45.2%  
  16.62           1.09868e-11     5.02855e-12      #dY:45.8%  
  16.68           1.05218e-11     4.81572e-12      #dY:45.8%  
  16.74           1.00763e-11     4.61182e-12      #dY:45.8%  
  16.8            9.64966e-12     4.41655e-12      #dY:45.8%  
  16.86           9.24097e-12     4.28519e-12      #dY:46.4%  
  16.92           8.8495e-12      4.10366e-12      #dY:46.4%  
  16.98           8.47453e-12     3.92978e-12      #dY:46.4%  
  17.04           8.11538e-12     3.8116e-12       #dY:47.0%  
  17.1            7.77137e-12     3.65003e-12      #dY:47.0%  
  17.16           7.44188e-12     3.49528e-12      #dY:47.0%  
  17.22           7.12629e-12     3.3844e-12       #dY:47.5%  
  17.28           6.82402e-12     3.24085e-12      #dY:47.5%  
  17.34           6.53451e-12     3.10335e-12      #dY:47.5%  
  17.4            6.25723e-12     2.97167e-12      #dY:47.5%  
  17.46           5.99166e-12     2.88055e-12      #dY:48.1%  
  17.52           5.73731e-12     2.75827e-12      #dY:48.1%  
  17.58           5.49371e-12     2.64116e-12      #dY:48.1%  
  17.64           5.2604e-12      2.55939e-12      #dY:48.7%  
  17.7            5.03696e-12     2.45067e-12      #dY:48.7%  
  17.76           4.82297e-12     2.34656e-12      #dY:48.7%  
  17.82           4.61803e-12     2.27326e-12      #dY:49.2%  
  17.88           4.42175e-12     2.17664e-12      #dY:49.2%  
  17.94           4.23379e-12     2.08411e-12      #dY:49.2%  
  18              4.05378e-12     1.9955e-12       #dY:49.2%  
  18.06           3.88139e-12     1.93264e-12      #dY:49.8%  
  18.12           3.7163e-12      1.85043e-12      #dY:49.8%  
  18.18           3.5582e-12      1.77171e-12      #dY:49.8%  
  18.24           3.4068e-12      1.71542e-12      #dY:50.4%  
  18.3            3.26181e-12     1.64242e-12      #dY:50.4%  
  18.36           3.12297e-12     1.57251e-12      #dY:50.4%  
  18.42           2.99001e-12     1.52207e-12      #dY:50.9%  
  18.48           2.86269e-12     1.45726e-12      #dY:50.9%  
  18.54           2.74077e-12     1.39519e-12      #dY:50.9%  
  18.6            2.62402e-12     1.33576e-12      #dY:50.9%  
  18.66           2.51223e-12     1.29429e-12      #dY:51.5%  
  18.72           2.40517e-12     1.23913e-12      #dY:51.5%  
  18.78           2.30267e-12     1.18632e-12      #dY:51.5%  
  18.84           2.20451e-12     1.14767e-12      #dY:52.1%  
  18.9            2.11052e-12     1.09874e-12      #dY:52.1%  
  18.96           2.02052e-12     1.05188e-12      #dY:52.1%  
  19.02           1.93434e-12     1.01862e-12      #dY:52.7%  
  19.08           1.85183e-12     9.75167e-13      #dY:52.7%  
  19.14           1.77282e-12     9.3356e-13       #dY:52.7%  
  19.2            1.69717e-12     8.93723e-13      #dY:52.7%  
  19.26           1.62474e-12     8.64218e-13      #dY:53.2%  
  19.32           1.55538e-12     8.27325e-13      #dY:53.2%  
  19.38           1.48898e-12     7.92006e-13      #dY:53.2%  
  19.44           1.42539e-12     7.66532e-13      #dY:53.8%  
  19.5            1.36452e-12     7.33798e-13      #dY:53.8%  
  19.56           1.30623e-12     7.02452e-13      #dY:53.8%  
  19.62           1.25043e-12     6.78926e-13      #dY:54.3%  
  19.68           1.197e-12       6.49916e-13      #dY:54.3%  
  19.74           1.14584e-12     6.22138e-13      #dY:54.3%  
  19.8            1.09686e-12     5.95544e-13      #dY:54.3%  
  19.86           1.04997e-12     5.76124e-13      #dY:54.9%  
  19.92           1.00508e-12     5.51492e-13      #dY:54.9%  
  19.98           9.62096e-13     5.27907e-13      #dY:54.9%  
  20.18           0.00            0.00                        
//
#-------------------------------------------------------------------------------
#
#name:   JENDL-4.0: TH-232(N,F) E_in=13. MeV
#X.axis: Energy
#Y.axis: 
#wdata:  3
#ldata:  457
#data...
# X               Y               +-dY           
# MeV             1/eV            1/eV           
  0.00            0.00            0.00                        
  1.00e-11        1.61524e-12     0.00                        
  1.20e-11        1.76941e-12     0.00                        
  1.40e-11        1.91118e-12     0.00                        
  1.60e-11        2.04314e-12     0.00                        
  1.80e-11        2.16708e-12     0.00                        
  2.20e-11        2.3958e-12      0.00                        
  2.50e-11        2.55393e-12     0.00                        
  2.90e-11        2.75067e-12     0.00                        
  3.40e-11        2.97837e-12     8.78783e-14      #dY:3.0%   
  4.00e-11        3.2305e-12      9.53175e-14      #dY:3.0%   
  4.60e-11        3.46432e-12     1.02216e-13      #dY:3.0%   
  5.40e-11        3.7535e-12      1.10749e-13      #dY:3.0%   
  6.30e-11        4.05424e-12     1.19622e-13      #dY:3.0%   
  7.40e-11        4.39395e-12     1.29646e-13      #dY:3.0%   
  8.60e-11        4.73684e-12     1.39763e-13      #dY:3.0%   
  1.00e-10        5.10787e-12     1.76146e-13      #dY:3.4%   
  1.20e-10        5.5954e-12      1.92959e-13      #dY:3.4%   
  1.40e-10        6.04372e-12     2.08419e-13      #dY:3.4%   
  1.60e-10        6.46101e-12     2.22809e-13      #dY:3.4%   
  1.80e-10        6.85294e-12     2.36325e-13      #dY:3.4%   
  2.20e-10        7.57622e-12     2.61268e-13      #dY:3.4%   
  2.50e-10        8.07628e-12     2.78512e-13      #dY:3.4%   
  2.90e-10        8.69842e-12     2.99967e-13      #dY:3.4%   
  3.40e-10        9.41849e-12     3.22038e-13      #dY:3.4%   
  4.00e-10        1.02158e-11     3.49299e-13      #dY:3.4%   
  4.60e-10        1.09552e-11     3.74581e-13      #dY:3.4%   
  5.40e-10        1.18697e-11     4.0585e-13       #dY:3.4%   
  6.30e-10        1.28208e-11     4.3837e-13       #dY:3.4%   
  7.40e-10        1.3895e-11      4.75099e-13      #dY:3.4%   
  8.60e-10        1.49794e-11     5.12177e-13      #dY:3.4%   
  1.00e-9         1.61527e-11     5.52294e-13      #dY:3.4%   
  1.20e-9         1.76944e-11     6.10205e-13      #dY:3.4%   
  1.40e-9         1.91122e-11     6.59098e-13      #dY:3.4%   
  1.60e-9         2.04318e-11     7.04606e-13      #dY:3.4%   
  1.80e-9         2.16712e-11     7.47348e-13      #dY:3.4%   
  2.20e-9         2.39585e-11     8.26227e-13      #dY:3.4%   
  2.50e-9         2.55399e-11     8.80763e-13      #dY:3.4%   
  2.90e-9         2.75074e-11     9.48613e-13      #dY:3.4%   
  3.40e-9         2.97845e-11     1.01837e-12      #dY:3.4%   
  4.00e-9         3.23059e-11     1.10458e-12      #dY:3.4%   
  4.60e-9         3.46444e-11     1.18454e-12      #dY:3.4%   
  5.40e-9         3.75363e-11     1.28341e-12      #dY:3.4%   
  6.30e-9         4.0544e-11      1.38625e-12      #dY:3.4%   
  7.40e-9         4.39414e-11     1.50241e-12      #dY:3.4%   
  8.60e-9         4.73706e-11     1.61966e-12      #dY:3.4%   
  1.00e-8         5.10812e-11     1.76155e-12      #dY:3.4%   
  1.20e-8         5.59569e-11     1.92969e-12      #dY:3.4%   
  1.40e-8         6.04407e-11     2.08431e-12      #dY:3.4%   
  1.60e-8         6.46141e-11     2.22823e-12      #dY:3.4%   
  1.80e-8         6.85339e-11     2.36341e-12      #dY:3.4%   
  2.20e-8         7.57676e-11     2.61286e-12      #dY:3.4%   
  2.50e-8         8.0769e-11      2.78534e-12      #dY:3.4%   
  2.90e-8         8.69914e-11     2.99992e-12      #dY:3.4%   
  3.40e-8         9.41934e-11     3.22051e-12      #dY:3.4%   
  4.00e-8         1.02168e-10     3.49317e-12      #dY:3.4%   
  4.60e-8         1.09564e-10     3.74604e-12      #dY:3.4%   
  5.40e-8         1.1871e-10      4.05875e-12      #dY:3.4%   
  6.30e-8         1.28223e-10     4.384e-12        #dY:3.4%   
  7.40e-8         1.38969e-10     4.75141e-12      #dY:3.4%   
  8.60e-8         1.49815e-10     5.12224e-12      #dY:3.4%   
  1.00e-7         1.61552e-10     5.52353e-12      #dY:3.4%   
  1.20e-7         1.76974e-10     6.10262e-12      #dY:3.4%   
  1.40e-7         1.91157e-10     6.5917e-12       #dY:3.4%   
  1.60e-7         2.04358e-10     7.04691e-12      #dY:3.4%   
  1.80e-7         2.16757e-10     7.47447e-12      #dY:3.4%   
  2.20e-7         2.3964e-10      8.26355e-12      #dY:3.4%   
  2.50e-7         2.55461e-10     8.8091e-12       #dY:3.4%   
  2.90e-7         2.75146e-10     9.48791e-12      #dY:3.4%   
  3.40e-7         2.9793e-10      1.0185e-11       #dY:3.4%   
  4.00e-7         3.23159e-10     1.10475e-11      #dY:3.4%   
  4.60e-7         3.46558e-10     1.18474e-11      #dY:3.4%   
  5.40e-7         3.75497e-10     1.28367e-11      #dY:3.4%   
  6.30e-7         4.05596e-10     1.38657e-11      #dY:3.4%   
  7.40e-7         4.39597e-10     1.50281e-11      #dY:3.4%   
  8.60e-7         4.73919e-10     1.62014e-11      #dY:3.4%   
  1.00e-6         5.1106e-10      1.74711e-11      #dY:3.4%   
  1.20e-6         5.59867e-10     1.93026e-11      #dY:3.4%   
  1.40e-6         6.04754e-10     2.08501e-11      #dY:3.4%   
  1.60e-6         6.46538e-10     2.22907e-11      #dY:3.4%   
  1.80e-6         6.85785e-10     2.36438e-11      #dY:3.4%   
  2.20e-6         7.58222e-10     2.61413e-11      #dY:3.4%   
  2.50e-6         8.0831e-10      2.78681e-11      #dY:3.4%   
  2.90e-6         8.70633e-10     3.00169e-11      #dY:3.4%   
  3.40e-6         9.42776e-10     3.22198e-11      #dY:3.4%   
  4.00e-6         1.02267e-9      3.49502e-11      #dY:3.4%   
  4.60e-6         1.09678e-9      3.7483e-11       #dY:3.4%   
  5.40e-6         1.18844e-9      4.06155e-11      #dY:3.4%   
  6.30e-6         1.28379e-9      4.38741e-11      #dY:3.4%   
  7.40e-6         1.39152e-9      4.75558e-11      #dY:3.4%   
  8.60e-6         1.50028e-9      5.12728e-11      #dY:3.4%   
  1.00e-5         1.61799e-9      5.52956e-11      #dY:3.4%   
  1.20e-5         1.77271e-9      6.09762e-11      #dY:3.4%   
  1.40e-5         1.91503e-9      6.58716e-11      #dY:3.4%   
  1.60e-5         2.04754e-9      7.04296e-11      #dY:3.4%   
  1.80e-5         2.17202e-9      7.47113e-11      #dY:3.4%   
  2.20e-5         2.40184e-9      8.26165e-11      #dY:3.4%   
  2.50e-5         2.56079e-9      8.80839e-11      #dY:3.4%   
  2.90e-5         2.75862e-9      9.48887e-11      #dY:3.4%   
  3.40e-5         2.9877e-9       1.01822e-10      #dY:3.4%   
  4.00e-5         3.24146e-9      1.1047e-10       #dY:3.4%   
  4.60e-5         3.47693e-9      1.18495e-10      #dY:3.4%   
  5.40e-5         3.76829e-9      1.28424e-10      #dY:3.4%   
  6.30e-5         4.0715e-9       1.38758e-10      #dY:3.4%   
  7.40e-5         4.41421e-9      1.50437e-10      #dY:3.4%   
  8.60e-5         4.76037e-9      1.62235e-10      #dY:3.4%   
  1.00e-4         5.13521e-9      1.75009e-10      #dY:3.4%   
  1.20e-4         5.62818e-9      1.93239e-10      #dY:3.4%   
  1.40e-4         6.08194e-9      2.08819e-10      #dY:3.4%   
  1.60e-4         6.50466e-9      2.23333e-10      #dY:3.4%   
  1.80e-4         6.90202e-9      2.36976e-10      #dY:3.4%   
  2.20e-4         7.63613e-9      2.62181e-10      #dY:3.4%   
  2.50e-4         8.1443e-9       2.79628e-10      #dY:3.4%   
  2.90e-4         8.77725e-9      3.0136e-10       #dY:3.4%   
  3.40e-4         9.51079e-9      3.2254e-10       #dY:3.4%   
  4.00e-4         1.03242e-8      3.50125e-10      #dY:3.4%   
  4.60e-4         1.10798e-8      3.75749e-10      #dY:3.4%   
  5.40e-4         1.20157e-8      4.07489e-10      #dY:3.4%   
  6.30e-4         1.29908e-8      4.40557e-10      #dY:3.4%   
  7.40e-4         1.40944e-8      4.77984e-10      #dY:3.4%   
  8.60e-4         1.52106e-8      5.15837e-10      #dY:3.4%   
  1.00e-3         1.6421e-8       5.56886e-10      #dY:3.4%   
  1.20e-3         1.80155e-8      6.11895e-10      #dY:3.4%   
  1.40e-3         1.94858e-8      6.61834e-10      #dY:3.4%   
  1.60e-3         2.08578e-8      7.08434e-10      #dY:3.4%   
  1.80e-3         2.21494e-8      7.52303e-10      #dY:3.4%   
  2.20e-3         2.45404e-8      8.33513e-10      #dY:3.4%   
  2.50e-3         2.61992e-8      8.89854e-10      #dY:3.4%   
  2.90e-3         2.82694e-8      9.60168e-10      #dY:3.4%   
  3.40e-3         3.06741e-8      1.02124e-9       #dY:3.3%   
  4.00e-3         3.33475e-8      1.11024e-9       #dY:3.3%   
  4.60e-3         3.58368e-8      1.19312e-9       #dY:3.3%   
  5.40e-3         3.89283e-8      1.29604e-9       #dY:3.3%   
  6.30e-3         4.21584e-8      1.40358e-9       #dY:3.3%   
  7.40e-3         4.58251e-8      1.52566e-9       #dY:3.3%   
  8.60e-3         4.95448e-8      1.6495e-9        #dY:3.3%   
  0.01            5.35907e-8      1.7842e-9        #dY:3.3%   
  0.012           5.89386e-8      1.94561e-9       #dY:3.3%   
  0.014           6.38875e-8      2.10898e-9       #dY:3.3%   
  0.016           6.85193e-8      2.26188e-9       #dY:3.3%   
  0.018           7.28913e-8      2.4062e-9        #dY:3.3%   
  0.022           8.10121e-8      2.67427e-9       #dY:3.3%   
  0.025           8.66648e-8      2.86087e-9       #dY:3.3%   
  0.029           9.37383e-8      3.09438e-9       #dY:3.3%   
  0.034           1.01978e-7      3.23811e-9       #dY:3.2%   
  0.04            1.11163e-7      3.52977e-9       #dY:3.2%   
  0.046           1.19734e-7      3.80192e-9       #dY:3.2%   
  0.054           1.30397e-7      4.14051e-9       #dY:3.2%   
  0.063           1.41551e-7      4.49468e-9       #dY:3.2%   
  0.065           1.43926e-7      4.57009e-9       #dY:3.2%   
  0.13            2.07998e-7      6.40981e-9       #dY:3.1%   
  0.195           2.46977e-7      7.61102e-9       #dY:3.1%   
  0.26            2.77692e-7      9.56369e-9       #dY:3.4%   
  0.325           2.9785e-7       1.02579e-8       #dY:3.4%   
  0.39            3.13831e-7      1.08083e-8       #dY:3.4%   
  0.455           3.25198e-7      1.13982e-8       #dY:3.5%   
  0.52            3.33935e-7      1.17045e-8       #dY:3.5%   
  0.585           3.39719e-7      1.19072e-8       #dY:3.5%   
  0.65            3.43738e-7      1.28709e-8       #dY:3.7%   
  0.715           3.45675e-7      1.29434e-8       #dY:3.7%   
  0.78            3.46359e-7      1.2969e-8        #dY:3.7%   
  0.845           3.45665e-7      1.23469e-8       #dY:3.6%   
  0.91            3.44053e-7      1.22893e-8       #dY:3.6%   
  0.975           3.41401e-7      1.21945e-8       #dY:3.6%   
  1.04            3.3806e-7       1.10862e-8       #dY:3.3%   
  1.105           3.33482e-7      1.09361e-8       #dY:3.3%   
  1.17            3.28376e-7      1.07687e-8       #dY:3.3%   
  1.235           3.22514e-7      9.44642e-9       #dY:2.9%   
  1.3             3.16296e-7      9.26429e-9       #dY:2.9%   
  1.365           3.09694e-7      9.07092e-9       #dY:2.9%   
  1.43            3.02865e-7      7.61969e-9       #dY:2.5%   
  1.495           2.95671e-7      7.4387e-9        #dY:2.5%   
  1.56            2.88345e-7      7.25439e-9       #dY:2.5%   
  1.625           2.80814e-7      5.70789e-9       #dY:2.0%   
  1.69            2.73224e-7      5.55362e-9       #dY:2.0%   
  1.755           2.65565e-7      5.39794e-9       #dY:2.0%   
  1.82            2.579e-7        3.93385e-9       #dY:1.5%   
  1.885           2.50172e-7      3.81597e-9       #dY:1.5%   
  1.95            2.42478e-7      3.69861e-9       #dY:1.5%   
  2.015           2.34823e-7      2.33437e-9       #dY:1.0%   
  2.08            2.27232e-7      2.25891e-9       #dY:1.0%   
  2.145           2.19784e-7      2.18487e-9       #dY:1.0%   
  2.21            2.12422e-7      1.0671e-9        #dY:0.5%   
  2.275           2.05235e-7      1.031e-9         #dY:0.5%   
  2.34            1.9815e-7       9.95404e-10      #dY:0.5%   
  2.405           1.91237e-7      7.22382e-10      #dY:0.4%   
  2.47            1.84437e-7      6.96695e-10      #dY:0.4%   
  2.535           1.77883e-7      6.71938e-10      #dY:0.4%   
  2.6             1.71449e-7      6.47634e-10      #dY:0.4%   
  2.665           1.65187e-7      1.39263e-9       #dY:0.8%   
  2.73            1.59048e-7      1.34088e-9       #dY:0.8%   
  2.795           1.53183e-7      1.29143e-9       #dY:0.8%   
  2.86            1.47443e-7      2.08371e-9       #dY:1.4%   
  2.925           1.41944e-7      2.006e-9         #dY:1.4%   
  2.99            1.36567e-7      1.93001e-9       #dY:1.4%   
  3.055           1.31346e-7      2.64059e-9       #dY:2.0%   
  3.12            1.26247e-7      2.53808e-9       #dY:2.0%   
  3.185           1.21397e-7      2.44057e-9       #dY:2.0%   
  3.25            1.16666e-7      3.06383e-9       #dY:2.6%   
  3.315           1.12164e-7      2.9456e-9        #dY:2.6%   
  3.38            1.07777e-7      2.83039e-9       #dY:2.6%   
  3.445           1.03621e-7      3.36269e-9       #dY:3.2%   
  3.51            9.95751e-8      3.2314e-9        #dY:3.2%   
  3.575           9.57396e-8      3.10693e-9       #dY:3.2%   
  3.64            9.20101e-8      3.55632e-9       #dY:3.9%   
  3.705           8.84695e-8      3.41947e-9       #dY:3.9%   
  3.77            8.50301e-8      3.28653e-9       #dY:3.9%   
  3.835           8.17717e-8      3.67246e-9       #dY:4.5%   
  3.9             7.86095e-8      3.53044e-9       #dY:4.5%   
  3.965           7.55945e-8      3.39504e-9       #dY:4.5%   
  4.03            7.26707e-8      3.71385e-9       #dY:5.1%   
  4.095           6.98769e-8      3.57108e-9       #dY:5.1%   
  4.16            6.71693e-8      3.4327e-9        #dY:5.1%   
  4.225           6.46027e-8      3.69e-9          #dY:5.7%   
  4.29            6.21174e-8      3.54804e-9       #dY:5.7%   
  4.355           5.97562e-8      3.41317e-9       #dY:5.7%   
  4.42            5.74714e-8      3.62353e-9       #dY:6.3%   
  4.485           5.53017e-8      3.48673e-9       #dY:6.3%   
  4.55            5.32038e-8      3.35446e-9       #dY:6.3%   
  4.615           5.12137e-8      3.52361e-9       #dY:6.9%   
  4.68            4.92909e-8      3.39131e-9       #dY:6.9%   
  4.745           4.74614e-8      3.26544e-9       #dY:6.9%   
  4.81            4.56949e-8      3.39565e-9       #dY:7.4%   
  4.875           4.40204e-8      3.27121e-9       #dY:7.4%   
  4.94            4.24047e-8      3.15115e-9       #dY:7.4%   
  5.005           4.08743e-8      3.24632e-9       #dY:7.9%   
  5.07            3.93988e-8      3.12913e-9       #dY:7.9%   
  5.135           3.80047e-8      3.01841e-9       #dY:7.9%   
  5.2             3.66619e-8      2.91176e-9       #dY:7.9%   
  5.265           3.54064e-8      2.98136e-9       #dY:8.4%   
  5.33            3.41987e-8      2.87966e-9       #dY:8.4%   
  5.395           3.30849e-8      2.78588e-9       #dY:8.4%   
  5.46            3.20155e-8      2.82763e-9       #dY:8.8%   
  5.525           3.10545e-8      2.74275e-9       #dY:8.8%   
  5.59            3.01348e-8      2.66152e-9       #dY:8.8%   
  5.655           2.93552e-8      2.6832e-9        #dY:9.1%   
  5.72            2.86139e-8      2.61544e-9       #dY:9.1%   
  5.785           2.80604e-8      2.56485e-9       #dY:9.1%   
  5.85            2.75426e-8      2.55317e-9       #dY:9.3%   
  5.915           2.72558e-8      2.52658e-9       #dY:9.3%   
  5.98            2.7002e-8       2.50306e-9       #dY:9.3%   
  6.045           2.68518e-8      2.43888e-9       #dY:9.1%   
  6.11            2.67322e-8      2.42802e-9       #dY:9.1%   
  6.175           2.69849e-8      2.45097e-9       #dY:9.1%   
  6.24            2.7266e-8       2.3315e-9        #dY:8.6%   
  6.305           2.76288e-8      2.36253e-9       #dY:8.6%   
  6.37            2.80178e-8      2.39579e-9       #dY:8.6%   
  6.435           2.82464e-8      2.16945e-9       #dY:7.7%   
  6.5             2.84992e-8      2.18887e-9       #dY:7.7%   
  6.565           2.68977e-8      2.06586e-9       #dY:7.7%   
  6.63            2.53185e-8      1.77403e-9       #dY:7.0%   
  6.695           2.33877e-8      1.63874e-9       #dY:7.0%   
  6.76            2.14775e-8      1.50489e-9       #dY:7.0%   
  6.825           1.92717e-8      1.48258e-9       #dY:7.7%   
  6.89            1.70851e-8      1.31437e-9       #dY:7.7%   
  6.955           1.48902e-8      1.14551e-9       #dY:7.7%   
  7.02            1.27131e-8      1.24239e-9       #dY:9.8%   
  7.085           1.1266e-8       1.10097e-9       #dY:9.8%   
  7.15            9.83519e-9      9.61142e-10      #dY:9.8%   
  7.215           9.08619e-9      1.22975e-9       #dY:13.5%  
  7.28            8.35228e-9      1.13042e-9       #dY:13.5%  
  7.345           7.90317e-9      1.06964e-9       #dY:13.5%  
  7.41            7.46799e-9      1.22298e-9       #dY:16.4%  
  7.475           7.12645e-9      1.16705e-9       #dY:16.4%  
  7.54            6.79775e-9      1.11322e-9       #dY:16.4%  
  7.605           6.50335e-9      1.14081e-9       #dY:17.5%  
  7.67            6.22078e-9      1.09124e-9       #dY:17.5%  
  7.735           5.95548e-9      1.0447e-9        #dY:17.5%  
  7.8             5.70109e-9      1.00007e-9       #dY:17.5%  
  7.865           5.45876e-9      9.93198e-10      #dY:18.2%  
  7.93            5.22648e-9      9.50936e-10      #dY:18.2%  
  7.995           5.00426e-9      9.10504e-10      #dY:18.2%  
  8.06            4.7913e-9       8.98277e-10      #dY:18.7%  
  8.125           4.58732e-9      8.60035e-10      #dY:18.7%  
  8.19            4.39186e-9      8.2339e-10       #dY:18.7%  
  8.255           4.2046e-9       8.11474e-10      #dY:19.3%  
  8.32            4.02518e-9      7.76847e-10      #dY:19.3%  
  8.385           3.85328e-9      7.43671e-10      #dY:19.3%  
  8.45            3.68859e-9      7.30572e-10      #dY:19.8%  
  8.515           3.53082e-9      6.99324e-10      #dY:19.8%  
  8.58            3.37968e-9      6.69389e-10      #dY:19.8%  
  8.645           3.23489e-9      6.60707e-10      #dY:20.4%  
  8.71            3.09621e-9      6.32383e-10      #dY:20.4%  
  8.775           2.96337e-9      6.05251e-10      #dY:20.4%  
  8.84            2.83614e-9      5.9332e-10       #dY:20.9%  
  8.905           2.71428e-9      5.67827e-10      #dY:20.9%  
  8.97            2.59758e-9      5.43413e-10      #dY:20.9%  
  9.035           2.48581e-9      5.34513e-10      #dY:21.5%  
  9.1             2.37878e-9      5.11499e-10      #dY:21.5%  
  9.165           2.27628e-9      4.89459e-10      #dY:21.5%  
  9.23            2.17814e-9      4.81622e-10      #dY:22.1%  
  9.295           2.08416e-9      4.60842e-10      #dY:22.1%  
  9.36            1.99418e-9      4.40946e-10      #dY:22.1%  
  9.425           1.90803e-9      4.31968e-10      #dY:22.6%  
  9.49            1.82554e-9      4.13292e-10      #dY:22.6%  
  9.555           1.74657e-9      3.95414e-10      #dY:22.6%  
  9.62            1.67097e-9      3.87927e-10      #dY:23.2%  
  9.685           1.5986e-9       3.71126e-10      #dY:23.2%  
  9.75            1.52932e-9      3.55042e-10      #dY:23.2%  
  9.815           1.463e-9        3.47152e-10      #dY:23.7%  
  9.88            1.39952e-9      3.32089e-10      #dY:23.7%  
  9.945           1.33875e-9      3.17669e-10      #dY:23.7%  
  10.01           1.2806e-9       3.10825e-10      #dY:24.3%  
  10.075          1.22493e-9      2.97313e-10      #dY:24.3%  
  10.14           1.17166e-9      2.84383e-10      #dY:24.3%  
  10.205          1.12067e-9      2.78171e-10      #dY:24.8%  
  10.27           1.07187e-9      2.66058e-10      #dY:24.8%  
  10.335          1.02517e-9      2.54466e-10      #dY:24.8%  
  10.4            9.80487e-10     2.43375e-10      #dY:24.8%  
  10.465          9.37724e-10     2.37912e-10      #dY:25.4%  
  10.53           8.96805e-10     2.2753e-10       #dY:25.4%  
  10.595          8.5765e-10      2.17596e-10      #dY:25.4%  
  10.66           8.20185e-10     2.11985e-10      #dY:25.8%  
  10.725          7.84338e-10     2.0272e-10       #dY:25.8%  
  10.79           7.5004e-10      1.93855e-10      #dY:25.8%  
  10.855          7.17226e-10     1.89233e-10      #dY:26.4%  
  10.92           6.85831e-10     1.80949e-10      #dY:26.4%  
  10.985          6.55795e-10     1.73025e-10      #dY:26.4%  
  11.05           6.27061e-10     1.68773e-10      #dY:26.9%  
  11.115          5.99572e-10     1.61375e-10      #dY:26.9%  
  11.18           5.73276e-10     1.54297e-10      #dY:26.9%  
  11.245          5.48121e-10     1.50397e-10      #dY:27.4%  
  11.31           5.24058e-10     1.43794e-10      #dY:27.4%  
  11.375          5.01041e-10     1.37479e-10      #dY:27.4%  
  11.44           4.79025e-10     1.33911e-10      #dY:28.0%  
  11.505          4.57967e-10     1.28025e-10      #dY:28.0%  
  11.57           4.37825e-10     1.22394e-10      #dY:28.0%  
  11.635          4.1856e-10      1.19136e-10      #dY:28.5%  
  11.7            4.00135e-10     1.13891e-10      #dY:28.5%  
  11.765          3.82513e-10     1.08875e-10      #dY:28.5%  
  11.83           3.6566e-10      1.05909e-10      #dY:29.0%  
  11.895          3.49542e-10     1.0124e-10       #dY:29.0%  
  11.96           3.34129e-10     9.67762e-11      #dY:29.0%  
  12.025          3.19388e-10     9.40855e-11      #dY:29.5%  
  12.09           3.05292e-10     8.99331e-11      #dY:29.5%  
  12.155          2.91813e-10     8.59624e-11      #dY:29.5%  
  12.22           2.78923e-10     8.35211e-11      #dY:29.9%  
  12.285          2.66598e-10     7.98305e-11      #dY:29.9%  
  12.35           2.54813e-10     7.63015e-11      #dY:29.9%  
  12.415          2.43544e-10     7.40932e-11      #dY:30.4%  
  12.48           2.32769e-10     7.08151e-11      #dY:30.4%  
  12.545          2.22467e-10     6.76809e-11      #dY:30.4%  
  12.61           2.12617e-10     6.56854e-11      #dY:30.9%  
  12.675          2.032e-10       6.27762e-11      #dY:30.9%  
  12.74           1.94196e-10     5.99945e-11      #dY:30.9%  
  12.805          1.85588e-10     5.83165e-11      #dY:31.4%  
  12.87           1.77358e-10     5.57304e-11      #dY:31.4%  
  12.935          1.6949e-10      5.32581e-11      #dY:31.4%  
  13              1.61969e-10     5.08948e-11      #dY:31.4%  
  13.065          1.54779e-10     4.93421e-11      #dY:31.9%  
  13.13           1.47905e-10     4.71507e-11      #dY:31.9%  
  13.195          1.41335e-10     4.50563e-11      #dY:31.9%  
  13.26           1.35054e-10     4.36627e-11      #dY:32.3%  
  13.325          1.2905e-10      4.17216e-11      #dY:32.3%  
  13.39           1.23311e-10     3.98662e-11      #dY:32.3%  
  13.455          1.17825e-10     3.86889e-11      #dY:32.8%  
  13.52           1.12581e-10     3.6967e-11       #dY:32.8%  
  13.585          1.0757e-10      3.53216e-11      #dY:32.8%  
  13.65           1.02779e-10     3.41955e-11      #dY:33.3%  
  13.715          9.82008e-11     3.26723e-11      #dY:33.3%  
  13.78           9.38248e-11     3.12164e-11      #dY:33.3%  
  13.845          8.96424e-11     3.02648e-11      #dY:33.8%  
  13.91           8.56451e-11     2.89153e-11      #dY:33.8%  
  13.975          8.18248e-11     2.76255e-11      #dY:33.8%  
  14.04           7.81738e-11     2.67219e-11      #dY:34.2%  
  14.105          7.46846e-11     2.55292e-11      #dY:34.2%  
  14.17           7.135e-11       2.43894e-11      #dY:34.2%  
  14.235          6.81634e-11     2.36248e-11      #dY:34.7%  
  14.3            6.51181e-11     2.25694e-11      #dY:34.7%  
  14.365          6.2208e-11      2.15607e-11      #dY:34.7%  
  14.43           5.94271e-11     2.08751e-11      #dY:35.1%  
  14.495          5.67697e-11     1.99416e-11      #dY:35.1%  
  14.56           5.42303e-11     1.90496e-11      #dY:35.1%  
  14.625          5.18039e-11     1.84363e-11      #dY:35.6%  
  14.69           4.94853e-11     1.76111e-11      #dY:35.6%  
  14.755          4.72698e-11     1.68227e-11      #dY:35.6%  
  14.82           4.51529e-11     1.62467e-11      #dY:36.0%  
  14.885          4.31303e-11     1.55189e-11      #dY:36.0%  
  14.95           4.11976e-11     1.48235e-11      #dY:36.0%  
  15.015          3.93511e-11     1.43346e-11      #dY:36.4%  
  15.08           3.75868e-11     1.36919e-11      #dY:36.4%  
  15.145          3.59012e-11     1.30779e-11      #dY:36.4%  
  15.21           3.42907e-11     1.26419e-11      #dY:36.9%  
  15.275          3.2752e-11      1.20747e-11      #dY:36.9%  
  15.34           3.1282e-11      1.15327e-11      #dY:36.9%  
  15.405          2.98775e-11     1.11444e-11      #dY:37.3%  
  15.47           2.85358e-11     1.06439e-11      #dY:37.3%  
  15.535          2.72539e-11     1.01658e-11      #dY:37.3%  
  15.6            2.60294e-11     9.70902e-12      #dY:37.3%  
  15.665          2.48595e-11     9.39268e-12      #dY:37.8%  
  15.73           2.37419e-11     8.97041e-12      #dY:37.8%  
  15.795          2.26743e-11     8.56704e-12      #dY:37.8%  
  15.86           2.16545e-11     8.2722e-12       #dY:38.2%  
  15.925          2.06802e-11     7.90001e-12      #dY:38.2%  
  15.99           1.97496e-11     7.54451e-12      #dY:38.2%  
  16.055          1.88606e-11     7.28233e-12      #dY:38.6%  
  16.12           1.80114e-11     6.95445e-12      #dY:38.6%  
  16.185          1.72002e-11     6.64123e-12      #dY:38.6%  
  16.25           1.64254e-11     6.40856e-12      #dY:39.0%  
  16.315          1.56853e-11     6.1198e-12       #dY:39.0%  
  16.38           1.49784e-11     5.84399e-12      #dY:39.0%  
  16.445          1.43032e-11     5.64538e-12      #dY:39.5%  
  16.51           1.36583e-11     5.39084e-12      #dY:39.5%  
  16.575          1.30423e-11     5.14771e-12      #dY:39.5%  
  16.64           1.24539e-11     4.96391e-12      #dY:39.9%  
  16.705          1.1892e-11      4.73995e-12      #dY:39.9%  
  16.77           1.13553e-11     4.52603e-12      #dY:39.9%  
  16.835          1.08427e-11     4.36937e-12      #dY:40.3%  
  16.9            1.03531e-11     4.17208e-12      #dY:40.3%  
  16.965          9.88549e-12     3.98364e-12      #dY:40.3%  
  17.03           9.43892e-12     3.84446e-12      #dY:40.7%  
  17.095          9.01243e-12     3.67075e-12      #dY:40.7%  
  17.16           8.60513e-12     3.50486e-12      #dY:40.7%  
  17.225          8.21614e-12     3.37668e-12      #dY:41.1%  
  17.29           7.84466e-12     3.22401e-12      #dY:41.1%  
  17.355          7.48989e-12     3.07821e-12      #dY:41.1%  
  17.42           7.15109e-12     2.96881e-12      #dY:41.5%  
  17.485          6.82755e-12     2.83449e-12      #dY:41.5%  
  17.55           6.51858e-12     2.70622e-12      #dY:41.5%  
  17.615          6.22354e-12     2.60927e-12      #dY:41.9%  
  17.68           5.94178e-12     2.49114e-12      #dY:41.9%  
  17.745          5.67273e-12     2.37834e-12      #dY:41.9%  
  17.81           5.4158e-12      2.29246e-12      #dY:42.3%  
  17.875          5.17046e-12     2.18861e-12      #dY:42.3%  
  17.94           4.93619e-12     2.08945e-12      #dY:42.3%  
  18.005          4.71248e-12     2.01342e-12      #dY:42.7%  
  18.07           4.49887e-12     1.92216e-12      #dY:42.7%  
  18.135          4.2949e-12      1.83501e-12      #dY:42.7%  
  18.2            4.10014e-12     1.7518e-12       #dY:42.7%  
  18.265          3.91418e-12     1.68759e-12      #dY:43.1%  
  18.33           3.73661e-12     1.61103e-12      #dY:43.1%  
  18.395          3.56707e-12     1.53793e-12      #dY:43.1%  
  18.46           3.40519e-12     1.4811e-12       #dY:43.5%  
  18.525          3.25062e-12     1.41387e-12      #dY:43.5%  
  18.59           3.10304e-12     1.34968e-12      #dY:43.5%  
  18.655          2.96214e-12     1.30114e-12      #dY:43.9%  
  18.72           2.8276e-12      1.24205e-12      #dY:43.9%  
  18.785          2.69916e-12     1.18563e-12      #dY:43.9%  
  18.85           2.57652e-12     1.14119e-12      #dY:44.3%  
  18.915          2.45943e-12     1.08933e-12      #dY:44.3%  
  18.98           2.34765e-12     1.03982e-12      #dY:44.3%  
  19.045          2.24092e-12     1.00185e-12      #dY:44.7%  
  19.11           2.13903e-12     9.56294e-13      #dY:44.7%  
  19.175          2.04176e-12     9.12807e-13      #dY:44.7%  
  19.24           1.94889e-12     8.7819e-13       #dY:45.1%  
  19.305          1.86023e-12     8.38239e-13      #dY:45.1%  
  19.37           1.77558e-12     8.00095e-13      #dY:45.1%  
  19.435          1.69478e-12     7.70443e-13      #dY:45.5%  
  19.5            1.61763e-12     7.35371e-13      #dY:45.5%  
  19.565          1.54399e-12     7.01894e-13      #dY:45.5%  
  19.63           1.47369e-12     6.7495e-13       #dY:45.8%  
  19.695          1.40657e-12     6.44209e-13      #dY:45.8%  
  19.76           1.3425e-12      6.14865e-13      #dY:45.8%  
  19.825          1.28134e-12     5.91791e-13      #dY:46.2%  
  19.89           1.22296e-12     5.64828e-13      #dY:46.2%  
  19.955          1.16722e-12     5.39085e-13      #dY:46.2%  
  20.155          0.00            0.00                        
//
#-------------------------------------------------------------------------------
#
#name:   JENDL-4.0: TH-232(N,F) E_in=14. MeV
#X.axis: Energy
#Y.axis: 
#wdata:  3
#ldata:  435
#data...
# X               Y               +-dY           
# MeV             1/eV            1/eV           
  0.00            0.00            0.00                        
  1.00e-11        1.5452e-12      0.00                        
  1.20e-11        1.69268e-12     0.00                        
  1.40e-11        1.82831e-12     0.00                        
  1.60e-11        1.95454e-12     0.00                        
  1.80e-11        2.07311e-12     0.00                        
  2.20e-11        2.29191e-12     0.00                        
  2.50e-11        2.44318e-12     0.00                        
  2.90e-11        2.63139e-12     0.00                        
  3.40e-11        2.84922e-12     8.78783e-14      #dY:3.1%   
  4.00e-11        3.09041e-12     9.53174e-14      #dY:3.1%   
  4.60e-11        3.3141e-12      1.02217e-13      #dY:3.1%   
  5.40e-11        3.59074e-12     1.10749e-13      #dY:3.1%   
  6.30e-11        3.87844e-12     1.19623e-13      #dY:3.1%   
  7.40e-11        4.20343e-12     1.29646e-13      #dY:3.1%   
  8.60e-11        4.53145e-12     1.39763e-13      #dY:3.1%   
  1.00e-10        4.88639e-12     1.76146e-13      #dY:3.6%   
  1.20e-10        5.35278e-12     1.92959e-13      #dY:3.6%   
  1.40e-10        5.78166e-12     2.08419e-13      #dY:3.6%   
  1.60e-10        6.18086e-12     2.2281e-13       #dY:3.6%   
  1.80e-10        6.5558e-12      2.36326e-13      #dY:3.6%   
  2.20e-10        7.24772e-12     2.61268e-13      #dY:3.6%   
  2.50e-10        7.72611e-12     2.78513e-13      #dY:3.6%   
  2.90e-10        8.32128e-12     2.99968e-13      #dY:3.6%   
  3.40e-10        9.01013e-12     3.22038e-13      #dY:3.6%   
  4.00e-10        9.77288e-12     3.493e-13        #dY:3.6%   
  4.60e-10        1.04803e-11     3.74585e-13      #dY:3.6%   
  5.40e-10        1.13551e-11     4.05852e-13      #dY:3.6%   
  6.30e-10        1.22649e-11     4.38369e-13      #dY:3.6%   
  7.40e-10        1.32926e-11     4.75101e-13      #dY:3.6%   
  8.60e-10        1.433e-11       5.1218e-13       #dY:3.6%   
  1.00e-9         1.54525e-11     5.523e-13        #dY:3.6%   
  1.20e-9         1.69274e-11     6.10209e-13      #dY:3.6%   
  1.40e-9         1.82837e-11     6.59102e-13      #dY:3.6%   
  1.60e-9         1.95462e-11     7.04613e-13      #dY:3.6%   
  1.80e-9         2.07319e-11     7.47356e-13      #dY:3.6%   
  2.20e-9         2.29201e-11     8.26237e-13      #dY:3.6%   
  2.50e-9         2.44329e-11     8.80772e-13      #dY:3.6%   
  2.90e-9         2.63152e-11     9.48626e-13      #dY:3.6%   
  3.40e-9         2.84937e-11     1.01838e-12      #dY:3.6%   
  4.00e-9         3.09059e-11     1.10459e-12      #dY:3.6%   
  4.60e-9         3.3143e-11      1.18454e-12      #dY:3.6%   
  5.40e-9         3.59098e-11     1.28343e-12      #dY:3.6%   
  6.30e-9         3.87872e-11     1.38627e-12      #dY:3.6%   
  7.40e-9         4.20375e-11     1.50244e-12      #dY:3.6%   
  8.60e-9         4.53183e-11     1.61969e-12      #dY:3.6%   
  1.00e-8         4.88683e-11     1.76156e-12      #dY:3.6%   
  1.20e-8         5.35331e-11     1.92971e-12      #dY:3.6%   
  1.40e-8         5.78229e-11     2.08435e-12      #dY:3.6%   
  1.60e-8         6.18158e-11     2.22828e-12      #dY:3.6%   
  1.80e-8         6.5566e-11      2.36347e-12      #dY:3.6%   
  2.20e-8         7.2487e-11      2.61295e-12      #dY:3.6%   
  2.50e-8         7.72722e-11     2.78544e-12      #dY:3.6%   
  2.90e-8         8.32257e-11     3.00005e-12      #dY:3.6%   
  3.40e-8         9.01165e-11     3.22057e-12      #dY:3.6%   
  4.00e-8         9.77466e-11     3.49325e-12      #dY:3.6%   
  4.60e-8         1.04823e-10     3.74615e-12      #dY:3.6%   
  5.40e-8         1.13575e-10     4.05893e-12      #dY:3.6%   
  6.30e-8         1.22677e-10     4.38421e-12      #dY:3.6%   
  7.40e-8         1.32959e-10     4.75167e-12      #dY:3.6%   
  8.60e-8         1.43338e-10     5.12259e-12      #dY:3.6%   
  1.00e-7         1.54569e-10     5.52396e-12      #dY:3.6%   
  1.20e-7         1.69327e-10     6.10288e-12      #dY:3.6%   
  1.40e-7         1.82899e-10     6.59204e-12      #dY:3.6%   
  1.60e-7         1.95533e-10     7.04739e-12      #dY:3.6%   
  1.80e-7         2.07399e-10     7.47506e-12      #dY:3.6%   
  2.20e-7         2.29298e-10     8.26435e-12      #dY:3.6%   
  2.50e-7         2.44441e-10     8.81013e-12      #dY:3.6%   
  2.90e-7         2.63281e-10     9.48916e-12      #dY:3.6%   
  3.40e-7         2.85088e-10     1.01856e-11      #dY:3.6%   
  4.00e-7         3.09237e-10     1.10484e-11      #dY:3.6%   
  4.60e-7         3.31635e-10     1.18486e-11      #dY:3.6%   
  5.40e-7         3.59338e-10     1.28384e-11      #dY:3.6%   
  6.30e-7         3.88153e-10     1.38679e-11      #dY:3.6%   
  7.40e-7         4.20705e-10     1.50309e-11      #dY:3.6%   
  8.60e-7         4.53566e-10     1.6205e-11       #dY:3.6%   
  1.00e-6         4.89128e-10     1.74755e-11      #dY:3.6%   
  1.20e-6         5.35865e-10     1.9305e-11       #dY:3.6%   
  1.40e-6         5.78851e-10     2.08537e-11      #dY:3.6%   
  1.60e-6         6.18869e-10     2.22953e-11      #dY:3.6%   
  1.80e-6         6.56461e-10     2.36496e-11      #dY:3.6%   
  2.20e-6         7.25848e-10     2.61494e-11      #dY:3.6%   
  2.50e-6         7.73833e-10     2.78781e-11      #dY:3.6%   
  2.90e-6         8.33546e-10     3.00293e-11      #dY:3.6%   
  3.40e-6         9.02676e-10     3.22255e-11      #dY:3.6%   
  4.00e-6         9.79244e-10     3.4959e-11       #dY:3.6%   
  4.60e-6         1.05028e-9      3.7495e-11       #dY:3.6%   
  5.40e-6         1.13815e-9      4.06319e-11      #dY:3.6%   
  6.30e-6         1.22957e-9      4.38956e-11      #dY:3.6%   
  7.40e-6         1.33288e-9      4.75838e-11      #dY:3.6%   
  8.60e-6         1.4372e-9       5.1308e-11       #dY:3.6%   
  1.00e-5         1.55013e-9      5.53396e-11      #dY:3.6%   
  1.20e-5         1.6986e-9       6.10009e-11      #dY:3.6%   
  1.40e-5         1.83521e-9      6.59069e-11      #dY:3.6%   
  1.60e-5         1.96243e-9      7.04756e-11      #dY:3.6%   
  1.80e-5         2.08198e-9      7.4769e-11       #dY:3.6%   
  2.20e-5         2.30275e-9      8.26974e-11      #dY:3.6%   
  2.50e-5         2.45551e-9      8.81834e-11      #dY:3.6%   
  2.90e-5         2.64568e-9      9.50128e-11      #dY:3.6%   
  3.40e-5         2.86597e-9      1.01878e-10      #dY:3.6%   
  4.00e-5         3.11012e-9      1.10557e-10      #dY:3.6%   
  4.60e-5         3.33676e-9      1.18614e-10      #dY:3.6%   
  5.40e-5         3.61733e-9      1.28587e-10      #dY:3.6%   
  6.30e-5         3.90946e-9      1.38972e-10      #dY:3.6%   
  7.40e-5         4.23985e-9      1.50716e-10      #dY:3.6%   
  8.60e-5         4.57376e-9      1.62586e-10      #dY:3.6%   
  1.00e-4         4.93558e-9      1.75448e-10      #dY:3.6%   
  1.20e-4         5.41178e-9      1.93485e-10      #dY:3.6%   
  1.40e-4         5.85047e-9      2.09169e-10      #dY:3.6%   
  1.60e-4         6.25948e-9      2.23792e-10      #dY:3.6%   
  1.80e-4         6.64421e-9      2.37547e-10      #dY:3.6%   
  2.20e-4         7.35571e-9      2.62985e-10      #dY:3.6%   
  2.50e-4         7.84876e-9      2.80613e-10      #dY:3.6%   
  2.90e-4         8.46348e-9      3.02591e-10      #dY:3.6%   
  3.40e-4         9.17675e-9      3.23099e-10      #dY:3.5%   
  4.00e-4         9.96875e-9      3.50984e-10      #dY:3.5%   
  4.60e-4         1.07054e-8      3.7692e-10       #dY:3.5%   
  5.40e-4         1.16191e-8      4.0909e-10       #dY:3.5%   
  6.30e-4         1.25727e-8      4.42665e-10      #dY:3.5%   
  7.40e-4         1.36538e-8      4.80728e-10      #dY:3.5%   
  8.60e-4         1.47493e-8      5.19299e-10      #dY:3.5%   
  1.00e-3         1.59395e-8      5.61204e-10      #dY:3.5%   
  1.20e-3         1.75109e-8      6.14281e-10      #dY:3.5%   
  1.40e-3         1.89636e-8      6.65242e-10      #dY:3.5%   
  1.60e-3         2.03222e-8      7.12902e-10      #dY:3.5%   
  1.80e-3         2.16039e-8      7.57863e-10      #dY:3.5%   
  2.20e-3         2.39835e-8      8.4134e-10       #dY:3.5%   
  2.50e-3         2.56396e-8      8.99436e-10      #dY:3.5%   
  2.90e-3         2.77122e-8      9.72142e-10      #dY:3.5%   
  3.40e-3         3.01279e-8      1.02656e-9       #dY:3.4%   
  4.00e-3         3.28238e-8      1.11842e-9       #dY:3.4%   
  4.60e-3         3.53435e-8      1.20428e-9       #dY:3.4%   
  5.40e-3         3.84854e-8      1.31133e-9       #dY:3.4%   
  6.30e-3         4.17831e-8      1.4237e-9        #dY:3.4%   
  7.40e-3         4.55444e-8      1.55186e-9       #dY:3.4%   
  8.60e-3         4.93796e-8      1.68254e-9       #dY:3.4%   
  0.01            5.35728e-8      1.82542e-9       #dY:3.4%   
  0.012           5.91501e-8      1.96775e-9       #dY:3.3%   
  0.014           6.43456e-8      2.14058e-9       #dY:3.3%   
  0.016           6.92378e-8      2.30333e-9       #dY:3.3%   
  0.018           7.38815e-8      2.45782e-9       #dY:3.3%   
  0.022           8.25728e-8      2.74695e-9       #dY:3.3%   
  0.025           8.86722e-8      2.94986e-9       #dY:3.3%   
  0.029           9.63616e-8      3.20566e-9       #dY:3.3%   
  0.034           1.05397e-7      3.28539e-9       #dY:3.1%   
  0.04            1.15568e-7      3.60243e-9       #dY:3.1%   
  0.046           1.25151e-7      3.90115e-9       #dY:3.1%   
  0.054           1.37197e-7      4.27664e-9       #dY:3.1%   
  0.063           1.49943e-7      4.67395e-9       #dY:3.1%   
  0.07            1.59373e-7      4.9679e-9        #dY:3.1%   
  0.14            2.39206e-7      6.92324e-9       #dY:2.9%   
  0.21            2.86782e-7      8.89535e-9       #dY:3.1%   
  0.28            3.26041e-7      1.01131e-8       #dY:3.1%   
  0.35            3.48288e-7      1.08031e-8       #dY:3.1%   
  0.42            3.66324e-7      1.12591e-8       #dY:3.1%   
  0.49            3.74957e-7      1.15245e-8       #dY:3.1%   
  0.56            3.80993e-7      1.171e-8         #dY:3.1%   
  0.63            3.81091e-7      1.25783e-8       #dY:3.3%   
  0.7             3.7946e-7       1.25245e-8       #dY:3.3%   
  0.77            3.73378e-7      1.23237e-8       #dY:3.3%   
  0.84            3.66083e-7      1.19299e-8       #dY:3.3%   
  0.91            3.581e-7        1.16697e-8       #dY:3.3%   
  0.98            3.49239e-7      1.13809e-8       #dY:3.3%   
  1.05            3.39565e-7      1.06688e-8       #dY:3.1%   
  1.12            3.29238e-7      1.03443e-8       #dY:3.1%   
  1.19            3.19275e-7      1.00313e-8       #dY:3.1%   
  1.26            3.08853e-7      9.08269e-9       #dY:2.9%   
  1.33            2.99528e-7      8.80846e-9       #dY:2.9%   
  1.4             2.89915e-7      8.52576e-9       #dY:2.9%   
  1.47            2.81265e-7      7.36773e-9       #dY:2.6%   
  1.54            2.7245e-7       7.13682e-9       #dY:2.6%   
  1.61            2.64402e-7      5.71275e-9       #dY:2.2%   
  1.68            2.56278e-7      5.53722e-9       #dY:2.2%   
  1.75            2.48514e-7      5.36947e-9       #dY:2.2%   
  1.82            2.40741e-7      3.93048e-9       #dY:1.6%   
  1.89            2.33096e-7      3.80567e-9       #dY:1.6%   
  1.96            2.25491e-7      3.6815e-9        #dY:1.6%   
  2.03            2.17973e-7      2.31984e-9       #dY:1.1%   
  2.1             2.10528e-7      2.2406e-9        #dY:1.1%   
  2.17            2.03283e-7      2.1635e-9        #dY:1.1%   
  2.24            1.96136e-7      1.05257e-9       #dY:0.5%   
  2.31            1.89129e-7      1.01496e-9       #dY:0.5%   
  2.38            1.82237e-7      9.77978e-10      #dY:0.5%   
  2.45            1.75566e-7      7.06366e-10      #dY:0.4%   
  2.52            1.69021e-7      6.80033e-10      #dY:0.4%   
  2.59            1.62692e-7      6.54569e-10      #dY:0.4%   
  2.66            1.56497e-7      1.40061e-9       #dY:0.9%   
  2.73            1.50516e-7      1.34708e-9       #dY:0.9%   
  2.8             1.44672e-7      1.29478e-9       #dY:0.9%   
  2.87            1.39093e-7      2.07896e-9       #dY:1.5%   
  2.94            1.3365e-7       1.99761e-9       #dY:1.5%   
  3.01            1.28396e-7      2.71922e-9       #dY:2.1%   
  3.08            1.23277e-7      2.61081e-9       #dY:2.1%   
  3.15            1.1837e-7       2.50689e-9       #dY:2.1%   
  3.22            1.13595e-7      3.12892e-9       #dY:2.8%   
  3.29            1.09051e-7      3.00375e-9       #dY:2.8%   
  3.36            1.04635e-7      2.88212e-9       #dY:2.8%   
  3.43            1.00437e-7      3.40322e-9       #dY:3.4%   
  3.5             9.63625e-8      3.26516e-9       #dY:3.4%   
  3.57            9.24817e-8      3.13366e-9       #dY:3.4%   
  3.64            8.87184e-8      3.56544e-9       #dY:4.0%   
  3.71            8.513e-8        3.42123e-9       #dY:4.0%   
  3.78            8.16533e-8      3.28151e-9       #dY:4.0%   
  3.85            7.83423e-8      3.64605e-9       #dY:4.7%   
  3.92            7.51371e-8      3.49688e-9       #dY:4.7%   
  3.99            7.20627e-8      3.35379e-9       #dY:4.7%   
  4.06            6.90882e-8      3.65059e-9       #dY:5.3%   
  4.13            6.62389e-8      3.50004e-9       #dY:5.3%   
  4.2             6.34836e-8      3.35445e-9       #dY:5.3%   
  4.27            6.08647e-8      3.59079e-9       #dY:5.9%   
  4.34            5.83339e-8      3.44149e-9       #dY:5.9%   
  4.41            5.59334e-8      3.6438e-9        #dY:6.5%   
  4.48            5.36155e-8      3.4928e-9        #dY:6.5%   
  4.55            5.1416e-8       3.34951e-9       #dY:6.5%   
  4.62            4.92935e-8      3.50844e-9       #dY:7.1%   
  4.69            4.72803e-8      3.36515e-9       #dY:7.1%   
  4.76            4.53389e-8      3.22698e-9       #dY:7.1%   
  4.83            4.35007e-8      3.35134e-9       #dY:7.7%   
  4.9             4.17293e-8      3.21487e-9       #dY:7.7%   
  4.97            4.00465e-8      3.08523e-9       #dY:7.7%   
  5.04            3.84258e-8      3.17306e-9       #dY:8.3%   
  5.11            3.68848e-8      3.04581e-9       #dY:8.3%   
  5.18            3.54015e-8      2.92333e-9       #dY:8.3%   
  5.25            3.39961e-8      2.98996e-9       #dY:8.8%   
  5.32            3.26441e-8      2.87105e-9       #dY:8.8%   
  5.39            3.13642e-8      2.75849e-9       #dY:8.8%   
  5.46            3.01339e-8      2.80073e-9       #dY:9.3%   
  5.53            2.89684e-8      2.69241e-9       #dY:9.3%   
  5.6             2.78487e-8      2.58834e-9       #dY:9.3%   
  5.67            2.67916e-8      2.61203e-9       #dY:9.7%   
  5.74            2.57768e-8      2.51309e-9       #dY:9.7%   
  5.81            2.48216e-8      2.52091e-9       #dY:10.2%  
  5.88            2.39055e-8      2.42787e-9       #dY:10.2%  
  5.95            2.3048e-8       2.34078e-9       #dY:10.2%  
  6.02            2.22264e-8      2.33234e-9       #dY:10.5%  
  6.09            2.14659e-8      2.25253e-9       #dY:10.5%  
  6.16            2.07385e-8      2.1762e-9        #dY:10.5%  
  6.23            2.00803e-8      2.1583e-9        #dY:10.7%  
  6.3             1.94527e-8      2.09085e-9       #dY:10.7%  
  6.37            1.89043e-8      2.0319e-9        #dY:10.7%  
  6.44            1.83839e-8      2.00092e-9       #dY:10.9%  
  6.51            1.79624e-8      1.95504e-9       #dY:10.9%  
  6.58            1.75668e-8      1.91198e-9       #dY:10.9%  
  6.65            1.73099e-8      1.86851e-9       #dY:10.8%  
  6.72            1.70768e-8      1.84335e-9       #dY:10.8%  
  6.79            1.69843e-8      1.83336e-9       #dY:10.8%  
  6.86            1.69138e-8      1.7587e-9        #dY:10.4%  
  6.93            1.66948e-8      1.73592e-9       #dY:10.4%  
  7               1.64959e-8      1.71524e-9       #dY:10.4%  
  7.07            1.63954e-8      1.59972e-9       #dY:9.8%   
  7.14            1.63133e-8      1.59171e-9       #dY:9.8%   
  7.21            1.70269e-8      1.54191e-9       #dY:9.1%   
  7.28            1.77574e-8      1.60806e-9       #dY:9.1%   
  7.35            1.81352e-8      1.64227e-9       #dY:9.1%   
  7.42            1.85285e-8      1.41357e-9       #dY:7.6%   
  7.49            1.82668e-8      1.3936e-9        #dY:7.6%   
  7.56            1.80194e-8      1.37473e-9       #dY:7.6%   
  7.63            1.66174e-8      1.12487e-9       #dY:6.8%   
  7.7             1.52284e-8      1.03085e-9       #dY:6.8%   
  7.77            1.35548e-8      9.17559e-10      #dY:6.8%   
  7.84            1.1893e-8       8.73041e-10      #dY:7.3%   
  7.91            1.00495e-8      7.37713e-10      #dY:7.3%   
  7.98            8.21687e-9      6.03184e-10      #dY:7.3%   
  8.05            6.89908e-9      6.69391e-10      #dY:9.7%   
  8.12            5.59128e-9      5.425e-10        #dY:9.7%   
  8.19            4.98307e-9      4.83488e-10      #dY:9.7%   
  8.26            4.384e-9        6.44873e-10      #dY:14.7%  
  8.33            4.0887e-9       6.01435e-10      #dY:14.7%  
  8.4             3.80176e-9      5.59227e-10      #dY:14.7%  
  8.47            3.6046e-9       6.84988e-10      #dY:19.0%  
  8.54            3.41509e-9      6.48975e-10      #dY:19.0%  
  8.61            3.25319e-9      6.72272e-10      #dY:20.7%  
  8.68            3.09827e-9      6.40258e-10      #dY:20.7%  
  8.75            2.95497e-9      6.10645e-10      #dY:20.7%  
  8.82            2.81806e-9      6.00979e-10      #dY:21.3%  
  8.89            2.68846e-9      5.7334e-10       #dY:21.3%  
  8.96            2.56469e-9      5.46945e-10      #dY:21.3%  
  9.03            2.44679e-9      5.36563e-10      #dY:21.9%  
  9.1             2.33422e-9      5.11877e-10      #dY:21.9%  
  9.17            2.22683e-9      4.88327e-10      #dY:21.9%  
  9.24            2.12429e-9      4.78672e-10      #dY:22.5%  
  9.31            2.02643e-9      4.56621e-10      #dY:22.5%  
  9.38            1.93302e-9      4.35573e-10      #dY:22.5%  
  9.45            1.84385e-9      4.24998e-10      #dY:23.0%  
  9.52            1.75874e-9      4.0538e-10       #dY:23.0%  
  9.59            1.67751e-9      3.86657e-10      #dY:23.0%  
  9.66            1.59998e-9      3.77799e-10      #dY:23.6%  
  9.73            1.52599e-9      3.60328e-10      #dY:23.6%  
  9.8             1.45538e-9      3.43655e-10      #dY:23.6%  
  9.87            1.38799e-9      3.34648e-10      #dY:24.1%  
  9.94            1.32368e-9      3.19142e-10      #dY:24.1%  
  10.01           1.26232e-9      3.10995e-10      #dY:24.6%  
  10.08           1.20377e-9      2.9657e-10       #dY:24.6%  
  10.15           1.1479e-9       2.82806e-10      #dY:24.6%  
  10.22           1.09459e-9      2.75498e-10      #dY:25.2%  
  10.29           1.04373e-9      2.62697e-10      #dY:25.2%  
  10.36           9.95207e-10     2.50484e-10      #dY:25.2%  
  10.43           9.48914e-10     2.43861e-10      #dY:25.7%  
  10.5            9.0475e-10      2.32512e-10      #dY:25.7%  
  10.57           8.62619e-10     2.21684e-10      #dY:25.7%  
  10.64           8.22428e-10     2.1508e-10       #dY:26.2%  
  10.71           7.8409e-10      2.05054e-10      #dY:26.2%  
  10.78           7.4752e-10      1.9549e-10       #dY:26.2%  
  10.85           7.12638e-10     1.9004e-10       #dY:26.7%  
  10.92           6.79367e-10     1.81168e-10      #dY:26.7%  
  10.99           6.47633e-10     1.72705e-10      #dY:26.7%  
  11.06           6.17367e-10     1.67762e-10      #dY:27.2%  
  11.13           5.88501e-10     1.59918e-10      #dY:27.2%  
  11.2            5.60971e-10     1.52437e-10      #dY:27.2%  
  11.27           5.34717e-10     1.47963e-10      #dY:27.7%  
  11.34           5.0968e-10      1.41035e-10      #dY:27.7%  
  11.41           4.85804e-10     1.36803e-10      #dY:28.2%  
  11.48           4.63036e-10     1.30391e-10      #dY:28.2%  
  11.55           4.41325e-10     1.24277e-10      #dY:28.2%  
  11.62           4.20623e-10     1.20463e-10      #dY:28.6%  
  11.69           4.00883e-10     1.14809e-10      #dY:28.6%  
  11.76           3.82061e-10     1.09419e-10      #dY:28.6%  
  11.83           3.64116e-10     1.0599e-10       #dY:29.1%  
  11.9            3.47005e-10     1.01009e-10      #dY:29.1%  
  11.97           3.30692e-10     9.62604e-11      #dY:29.1%  
  12.04           3.1514e-10      9.31887e-11      #dY:29.6%  
  12.11           3.00312e-10     8.88039e-11      #dY:29.6%  
  12.18           2.86177e-10     8.46241e-11      #dY:29.6%  
  12.25           2.72701e-10     8.18712e-11      #dY:30.0%  
  12.32           2.59854e-10     7.80142e-11      #dY:30.0%  
  12.39           2.47608e-10     7.43377e-11      #dY:30.0%  
  12.46           2.35935e-10     7.18781e-11      #dY:30.5%  
  12.53           2.24807e-10     6.84879e-11      #dY:30.5%  
  12.6            2.142e-10       6.52565e-11      #dY:30.5%  
  12.67           2.0409e-10      6.30607e-11      #dY:30.9%  
  12.74           1.94454e-10     6.00834e-11      #dY:30.9%  
  12.81           1.85269e-10     5.81527e-11      #dY:31.4%  
  12.88           1.76514e-10     5.54046e-11      #dY:31.4%  
  12.95           1.6817e-10      5.27856e-11      #dY:31.4%  
  13.02           1.60218e-10     5.09561e-11      #dY:31.8%  
  13.09           1.52639e-10     4.85457e-11      #dY:31.8%  
  13.16           1.45416e-10     4.62485e-11      #dY:31.8%  
  13.23           1.38532e-10     4.46253e-11      #dY:32.2%  
  13.3            1.31972e-10     4.25121e-11      #dY:32.2%  
  13.37           1.25721e-10     4.04985e-11      #dY:32.2%  
  13.44           1.19763e-10     3.91329e-11      #dY:32.7%  
  13.51           1.14086e-10     3.72779e-11      #dY:32.7%  
  13.58           1.08676e-10     3.55102e-11      #dY:32.7%  
  13.65           1.03521e-10     3.42292e-11      #dY:33.1%  
  13.72           9.86092e-11     3.26051e-11      #dY:33.1%  
  13.79           9.39287e-11     3.10575e-11      #dY:33.1%  
  13.86           8.94689e-11     2.99796e-11      #dY:33.5%  
  13.93           8.52195e-11     2.85557e-11      #dY:33.5%  
  14              8.11707e-11     2.7199e-11       #dY:33.5%  
  14.07           7.7313e-11      2.61943e-11      #dY:33.9%  
  14.14           7.36375e-11     2.4949e-11       #dY:33.9%  
  14.21           7.01357e-11     2.40614e-11      #dY:34.3%  
  14.28           6.67993e-11     2.29168e-11      #dY:34.3%  
  14.35           6.36208e-11     2.18263e-11      #dY:34.3%  
  14.42           6.05925e-11     2.10397e-11      #dY:34.7%  
  14.49           5.77076e-11     2.0038e-11       #dY:34.7%  
  14.56           5.49592e-11     1.90836e-11      #dY:34.7%  
  14.63           5.2341e-11      1.8388e-11       #dY:35.1%  
  14.7            4.98467e-11     1.75117e-11      #dY:35.1%  
  14.77           4.74707e-11     1.6677e-11       #dY:35.1%  
  14.84           4.52072e-11     1.60349e-11      #dY:35.5%  
  14.91           4.30511e-11     1.52701e-11      #dY:35.5%  
  14.98           4.09972e-11     1.45416e-11      #dY:35.5%  
  15.05           3.90408e-11     1.39996e-11      #dY:35.9%  
  15.12           3.71773e-11     1.33314e-11      #dY:35.9%  
  15.19           3.54022e-11     1.26949e-11      #dY:35.9%  
  15.26           3.37114e-11     1.22171e-11      #dY:36.2%  
  15.33           3.21009e-11     1.16334e-11      #dY:36.2%  
  15.4            3.0567e-11      1.10775e-11      #dY:36.2%  
  15.47           2.9106e-11      1.06568e-11      #dY:36.6%  
  15.54           2.77144e-11     1.01472e-11      #dY:36.6%  
  15.61           2.63891e-11     9.77299e-12      #dY:37.0%  
  15.68           2.51268e-11     9.30551e-12      #dY:37.0%  
  15.75           2.39245e-11     8.86025e-12      #dY:37.0%  
  15.82           2.27796e-11     8.51721e-12      #dY:37.4%  
  15.89           2.16891e-11     8.10948e-12      #dY:37.4%  
  15.96           2.06506e-11     7.72119e-12      #dY:37.4%  
  16.03           1.96615e-11     7.41954e-12      #dY:37.7%  
  16.1            1.87196e-11     7.06411e-12      #dY:37.7%  
  16.17           1.78227e-11     6.72565e-12      #dY:37.7%  
  16.24           1.69684e-11     6.46088e-12      #dY:38.1%  
  16.31           1.6155e-11      6.15117e-12      #dY:38.1%  
  16.38           1.53803e-11     5.85619e-12      #dY:38.1%  
  16.45           1.46427e-11     5.6317e-12       #dY:38.5%  
  16.52           1.39402e-11     5.36152e-12      #dY:38.5%  
  16.59           1.32713e-11     5.10425e-12      #dY:38.5%  
  16.66           1.26343e-11     4.89978e-12      #dY:38.8%  
  16.73           1.20278e-11     4.66457e-12      #dY:38.8%  
  16.8            1.14503e-11     4.44061e-12      #dY:38.8%  
  16.87           1.09004e-11     4.2675e-12       #dY:39.1%  
  16.94           1.03767e-11     4.06247e-12      #dY:39.1%  
  17.01           9.87813e-12     3.90279e-12      #dY:39.5%  
  17.08           9.4034e-12      3.71523e-12      #dY:39.5%  
  17.15           8.95138e-12     3.53663e-12      #dY:39.5%  
  17.22           8.521e-12       3.39185e-12      #dY:39.8%  
  17.29           8.11123e-12     3.22873e-12      #dY:39.8%  
  17.36           7.72108e-12     3.07343e-12      #dY:39.8%  
  17.43           7.34962e-12     2.95073e-12      #dY:40.1%  
  17.5            6.99595e-12     2.80873e-12      #dY:40.1%  
  17.57           6.65924e-12     2.67355e-12      #dY:40.1%  
  17.64           6.33866e-12     2.56599e-12      #dY:40.5%  
  17.71           6.03346e-12     2.44244e-12      #dY:40.5%  
  17.78           5.74289e-12     2.32482e-12      #dY:40.5%  
  17.85           5.46626e-12     2.23062e-12      #dY:40.8%  
  17.92           5.2029e-12      2.12315e-12      #dY:40.8%  
  17.99           4.95218e-12     2.02084e-12      #dY:40.8%  
  18.06           4.7135e-12      1.93837e-12      #dY:41.1%  
  18.13           4.48628e-12     1.84493e-12      #dY:41.1%  
  18.2            4.26996e-12     1.75597e-12      #dY:41.1%  
  18.27           4.06404e-12     1.68383e-12      #dY:41.4%  
  18.34           3.86801e-12     1.60261e-12      #dY:41.4%  
  18.41           3.68141e-12     1.53631e-12      #dY:41.7%  
  18.48           3.50377e-12     1.46217e-12      #dY:41.7%  
  18.55           3.33467e-12     1.39161e-12      #dY:41.7%  
  18.62           3.1737e-12      1.3354e-12       #dY:42.1%  
  18.69           3.02047e-12     1.27093e-12      #dY:42.1%  
  18.76           2.87462e-12     1.20956e-12      #dY:42.1%  
  18.83           2.73578e-12     1.15886e-12      #dY:42.4%  
  18.9            2.60363e-12     1.10288e-12      #dY:42.4%  
  18.97           2.47783e-12     1.04959e-12      #dY:42.4%  
  19.04           2.3581e-12      1.0066e-12       #dY:42.7%  
  19.11           2.24412e-12     9.57941e-13      #dY:42.7%  
  19.18           2.13564e-12     9.11635e-13      #dY:42.7%  
  19.25           2.03239e-12     8.73e-13         #dY:43.0%  
  19.32           1.9341e-12      8.30781e-13      #dY:43.0%  
  19.39           1.84056e-12     7.90601e-13      #dY:43.0%  
  19.46           1.75152e-12     7.5776e-13       #dY:43.3%  
  19.53           1.66678e-12     7.21099e-13      #dY:43.3%  
  19.6            1.58613e-12     6.86208e-13      #dY:43.3%  
  19.67           1.50936e-12     6.56788e-13      #dY:43.5%  
  19.74           1.4363e-12      6.24996e-13      #dY:43.5%  
  19.81           1.36676e-12     5.98741e-13      #dY:43.8%  
  19.88           1.30058e-12     5.69749e-13      #dY:43.8%  
  19.95           1.23759e-12     5.42155e-13      #dY:43.8%  
  20.15           0.00            0.00                        
//
#-------------------------------------------------------------------------------
#
#name:   JENDL-4.0: TH-232(N,F) E_in=15. MeV
#X.axis: Energy
#Y.axis: 
#wdata:  3
#ldata:  417
#data...
# X               Y               +-dY           
# MeV             1/eV            1/eV           
  0.00            0.00            0.00                        
  1.00e-11        1.45062e-12     0.00                        
  1.20e-11        1.58907e-12     0.00                        
  1.40e-11        1.71639e-12     0.00                        
  1.60e-11        1.8349e-12      0.00                        
  1.80e-11        1.94621e-12     0.00                        
  2.20e-11        2.15162e-12     0.00                        
  2.50e-11        2.29363e-12     0.00                        
  2.90e-11        2.47032e-12     0.00                        
  3.40e-11        2.67481e-12     8.78782e-14      #dY:3.3%   
  4.00e-11        2.90124e-12     9.53173e-14      #dY:3.3%   
  4.60e-11        3.11124e-12     1.02217e-13      #dY:3.3%   
  5.40e-11        3.37095e-12     1.10749e-13      #dY:3.3%   
  6.30e-11        3.64104e-12     1.19623e-13      #dY:3.3%   
  7.40e-11        3.94613e-12     1.29646e-13      #dY:3.3%   
  8.60e-11        4.25407e-12     1.39763e-13      #dY:3.3%   
  1.00e-10        4.58729e-12     1.76146e-13      #dY:3.8%   
  1.20e-10        5.02513e-12     1.92959e-13      #dY:3.8%   
  1.40e-10        5.42777e-12     2.0842e-13       #dY:3.8%   
  1.60e-10        5.80253e-12     2.2281e-13       #dY:3.8%   
  1.80e-10        6.15452e-12     2.36326e-13      #dY:3.8%   
  2.20e-10        6.80409e-12     2.61269e-13      #dY:3.8%   
  2.50e-10        7.25319e-12     2.78514e-13      #dY:3.8%   
  2.90e-10        7.81193e-12     2.99969e-13      #dY:3.8%   
  3.40e-10        8.45862e-12     3.22038e-13      #dY:3.8%   
  4.00e-10        9.17468e-12     3.493e-13        #dY:3.8%   
  4.60e-10        9.83877e-12     3.74584e-13      #dY:3.8%   
  5.40e-10        1.06601e-11     4.05853e-13      #dY:3.8%   
  6.30e-10        1.15142e-11     4.38371e-13      #dY:3.8%   
  7.40e-10        1.2479e-11      4.75103e-13      #dY:3.8%   
  8.60e-10        1.34529e-11     5.12181e-13      #dY:3.8%   
  1.00e-9         1.45066e-11     5.52298e-13      #dY:3.8%   
  1.20e-9         1.58913e-11     6.10209e-13      #dY:3.8%   
  1.40e-9         1.71646e-11     6.59102e-13      #dY:3.8%   
  1.60e-9         1.83498e-11     7.04613e-13      #dY:3.8%   
  1.80e-9         1.94629e-11     7.47355e-13      #dY:3.8%   
  2.20e-9         2.15172e-11     8.26238e-13      #dY:3.8%   
  2.50e-9         2.29375e-11     8.80776e-13      #dY:3.8%   
  2.90e-9         2.47045e-11     9.48627e-13      #dY:3.8%   
  3.40e-9         2.67497e-11     1.01838e-12      #dY:3.8%   
  4.00e-9         2.90143e-11     1.10459e-12      #dY:3.8%   
  4.60e-9         3.11145e-11     1.18455e-12      #dY:3.8%   
  5.40e-9         3.3712e-11      1.28344e-12      #dY:3.8%   
  6.30e-9         3.64133e-11     1.38628e-12      #dY:3.8%   
  7.40e-9         3.94647e-11     1.50244e-12      #dY:3.8%   
  8.60e-9         4.25447e-11     1.6197e-12       #dY:3.8%   
  1.00e-8         4.58775e-11     1.76157e-12      #dY:3.8%   
  1.20e-8         5.02568e-11     1.92972e-12      #dY:3.8%   
  1.40e-8         5.42841e-11     2.08435e-12      #dY:3.8%   
  1.60e-8         5.80327e-11     2.22829e-12      #dY:3.8%   
  1.80e-8         6.15535e-11     2.36348e-12      #dY:3.8%   
  2.20e-8         6.8051e-11      2.61296e-12      #dY:3.8%   
  2.50e-8         7.25434e-11     2.78546e-12      #dY:3.8%   
  2.90e-8         7.81327e-11     3.00007e-12      #dY:3.8%   
  3.40e-8         8.46019e-11     3.22058e-12      #dY:3.8%   
  4.00e-8         9.17653e-11     3.49327e-12      #dY:3.8%   
  4.60e-8         9.84089e-11     3.74618e-12      #dY:3.8%   
  5.40e-8         1.06625e-10     4.05894e-12      #dY:3.8%   
  6.30e-8         1.15171e-10     4.38427e-12      #dY:3.8%   
  7.40e-8         1.24824e-10     4.75173e-12      #dY:3.8%   
  8.60e-8         1.34568e-10     5.12266e-12      #dY:3.8%   
  1.00e-7         1.45113e-10     5.52408e-12      #dY:3.8%   
  1.20e-7         1.58968e-10     6.10293e-12      #dY:3.8%   
  1.40e-7         1.71711e-10     6.59215e-12      #dY:3.8%   
  1.60e-7         1.83572e-10     7.0475e-12       #dY:3.8%   
  1.80e-7         1.94712e-10     7.47518e-12      #dY:3.8%   
  2.20e-7         2.15273e-10     8.26453e-12      #dY:3.8%   
  2.50e-7         2.2949e-10      8.81034e-12      #dY:3.8%   
  2.90e-7         2.47179e-10     9.48943e-12      #dY:3.8%   
  3.40e-7         2.67654e-10     1.01857e-11      #dY:3.8%   
  4.00e-7         2.90328e-10     1.10486e-11      #dY:3.8%   
  4.60e-7         3.11358e-10     1.18489e-11      #dY:3.8%   
  5.40e-7         3.37369e-10     1.28388e-11      #dY:3.8%   
  6.30e-7         3.64424e-10     1.38684e-11      #dY:3.8%   
  7.40e-7         3.94989e-10     1.50315e-11      #dY:3.8%   
  8.60e-7         4.25844e-10     1.62058e-11      #dY:3.8%   
  1.00e-6         4.59237e-10     1.74765e-11      #dY:3.8%   
  1.20e-6         5.03123e-10     1.93056e-11      #dY:3.8%   
  1.40e-6         5.43488e-10     2.08545e-11      #dY:3.8%   
  1.60e-6         5.81066e-10     2.22964e-11      #dY:3.8%   
  1.80e-6         6.16366e-10     2.36509e-11      #dY:3.8%   
  2.20e-6         6.81526e-10     2.61512e-11      #dY:3.8%   
  2.50e-6         7.26589e-10     2.78804e-11      #dY:3.8%   
  2.90e-6         7.82667e-10     3.00322e-11      #dY:3.8%   
  3.40e-6         8.47589e-10     3.22268e-11      #dY:3.8%   
  4.00e-6         9.195e-10       3.4961e-11       #dY:3.8%   
  4.60e-6         9.86213e-10     3.74975e-11      #dY:3.8%   
  5.40e-6         1.06875e-9      4.06357e-11      #dY:3.8%   
  6.30e-6         1.15462e-9      4.39007e-11      #dY:3.8%   
  7.40e-6         1.25166e-9      4.75903e-11      #dY:3.8%   
  8.60e-6         1.34965e-9      5.1316e-11       #dY:3.8%   
  1.00e-5         1.45574e-9      5.53498e-11      #dY:3.8%   
  1.20e-5         1.59522e-9      6.10065e-11      #dY:3.8%   
  1.40e-5         1.72357e-9      6.59151e-11      #dY:3.8%   
  1.60e-5         1.8431e-9       7.04863e-11      #dY:3.8%   
  1.80e-5         1.95543e-9      7.47822e-11      #dY:3.8%   
  2.20e-5         2.16288e-9      8.27158e-11      #dY:3.8%   
  2.50e-5         2.30643e-9      8.82056e-11      #dY:3.8%   
  2.90e-5         2.48517e-9      9.50412e-11      #dY:3.8%   
  3.40e-5         2.69222e-9      1.01891e-10      #dY:3.8%   
  4.00e-5         2.92172e-9      1.10577e-10      #dY:3.8%   
  4.60e-5         3.13478e-9      1.1864e-10       #dY:3.8%   
  5.40e-5         3.39857e-9      1.28624e-10      #dY:3.8%   
  6.30e-5         3.67326e-9      1.3902e-10       #dY:3.8%   
  7.40e-5         3.98397e-9      1.50779e-10      #dY:3.8%   
  8.60e-5         4.29804e-9      1.62666e-10      #dY:3.8%   
  1.00e-4         4.6384e-9       1.75547e-10      #dY:3.8%   
  1.20e-4         5.08644e-9      1.93541e-10      #dY:3.8%   
  1.40e-4         5.49927e-9      2.09249e-10      #dY:3.8%   
  1.60e-4         5.88422e-9      2.23896e-10      #dY:3.8%   
  1.80e-4         6.24639e-9      2.37677e-10      #dY:3.8%   
  2.20e-4         6.91632e-9      2.63168e-10      #dY:3.8%   
  2.50e-4         7.38067e-9      2.80837e-10      #dY:3.8%   
  2.90e-4         7.95974e-9      3.02871e-10      #dY:3.8%   
  3.40e-4         8.63182e-9      3.23225e-10      #dY:3.7%   
  4.00e-4         9.37831e-9      3.51178e-10      #dY:3.7%   
  4.60e-4         1.00728e-8      3.77184e-10      #dY:3.7%   
  5.40e-4         1.09346e-8      4.09455e-10      #dY:3.7%   
  6.30e-4         1.18342e-8      4.43141e-10      #dY:3.7%   
  7.40e-4         1.28546e-8      4.81351e-10      #dY:3.7%   
  8.60e-4         1.38889e-8      5.20081e-10      #dY:3.7%   
  1.00e-3         1.50132e-8      5.62181e-10      #dY:3.7%   
  1.20e-3         1.64984e-8      6.14822e-10      #dY:3.7%   
  1.40e-3         1.7872e-8       6.6601e-10       #dY:3.7%   
  1.60e-3         1.91574e-8      7.13911e-10      #dY:3.7%   
  1.80e-3         2.03705e-8      7.59118e-10      #dY:3.7%   
  2.20e-3         2.26242e-8      8.43103e-10      #dY:3.7%   
  2.50e-3         2.41937e-8      9.01592e-10      #dY:3.7%   
  2.90e-3         2.61593e-8      9.74841e-10      #dY:3.7%   
  3.40e-3         2.84519e-8      1.02775e-9       #dY:3.6%   
  4.00e-3         3.10123e-8      1.12024e-9       #dY:3.6%   
  4.60e-3         3.34075e-8      1.20676e-9       #dY:3.6%   
  5.40e-3         3.63967e-8      1.31474e-9       #dY:3.6%   
  6.30e-3         3.9537e-8       1.42817e-9       #dY:3.6%   
  7.40e-3         4.31225e-8      1.55769e-9       #dY:3.6%   
  8.60e-3         4.67824e-8      1.6899e-9        #dY:3.6%   
  0.01            5.07882e-8      1.8346e-9        #dY:3.6%   
  0.012           5.61231e-8      1.97259e-9       #dY:3.5%   
  0.014           6.10996e-8      2.1475e-9        #dY:3.5%   
  0.016           6.57914e-8      2.3124e-9        #dY:3.5%   
  0.018           7.02498e-8      2.46911e-9       #dY:3.5%   
  0.022           7.86071e-8      2.76285e-9       #dY:3.5%   
  0.025           8.44818e-8      2.96933e-9       #dY:3.5%   
  0.029           9.18985e-8      3.23e-9          #dY:3.5%   
  0.034           1.00629e-7      3.29542e-9       #dY:3.3%   
  0.04            1.10474e-7      3.61783e-9       #dY:3.3%   
  0.046           1.19768e-7      3.92219e-9       #dY:3.3%   
  0.054           1.31472e-7      4.30548e-9       #dY:3.3%   
  0.063           1.43884e-7      4.71195e-9       #dY:3.3%   
  0.074           1.58186e-7      5.18031e-9       #dY:3.3%   
  0.075           1.59446e-7      5.22157e-9       #dY:3.3%   
  0.15            2.41341e-7      7.26498e-9       #dY:3.0%   
  0.225           2.91631e-7      9.28496e-9       #dY:3.2%   
  0.3             3.33726e-7      1.06252e-8       #dY:3.2%   
  0.375           3.58529e-7      1.14149e-8       #dY:3.2%   
  0.45            3.79176e-7      1.16683e-8       #dY:3.1%   
  0.525           3.89836e-7      1.19964e-8       #dY:3.1%   
  0.6             3.97984e-7      1.22471e-8       #dY:3.1%   
  0.675           3.99325e-7      1.28246e-8       #dY:3.2%   
  0.75            3.99012e-7      1.28146e-8       #dY:3.2%   
  0.825           3.94162e-7      1.21759e-8       #dY:3.1%   
  0.9             3.88165e-7      1.19906e-8       #dY:3.1%   
  0.975           3.8022e-7       1.17452e-8       #dY:3.1%   
  1.05            3.71455e-7      1.08111e-8       #dY:2.9%   
  1.125           3.60587e-7      1.04948e-8       #dY:2.9%   
  1.2             3.49119e-7      1.01611e-8       #dY:2.9%   
  1.275           3.36822e-7      9.04211e-9       #dY:2.7%   
  1.35            3.2415e-7       8.70193e-9       #dY:2.7%   
  1.425           3.11365e-7      7.44725e-9       #dY:2.4%   
  1.5             2.98365e-7      7.13631e-9       #dY:2.4%   
  1.575           2.8556e-7       6.83004e-9       #dY:2.4%   
  1.65            2.72654e-7      5.47913e-9       #dY:2.0%   
  1.725           2.6019e-7       5.22866e-9       #dY:2.0%   
  1.8             2.47707e-7      4.97781e-9       #dY:2.0%   
  1.875           2.35839e-7      3.70136e-9       #dY:1.6%   
  1.95            2.24009e-7      3.51569e-9       #dY:1.6%   
  2.025           2.13102e-7      2.26847e-9       #dY:1.1%   
  2.1             2.02274e-7      2.15321e-9       #dY:1.1%   
  2.175           1.92638e-7      2.05063e-9       #dY:1.1%   
  2.25            1.8311e-7       1.02111e-9       #dY:0.6%   
  2.325           1.74751e-7      9.74496e-10      #dY:0.6%   
  2.4             1.66519e-7      9.2859e-10       #dY:0.6%   
  2.475           1.59397e-7      6.86492e-10      #dY:0.4%   
  2.55            1.52415e-7      6.56421e-10      #dY:0.4%   
  2.625           1.46096e-7      1.42235e-9       #dY:1.0%   
  2.7             1.39923e-7      1.36225e-9       #dY:1.0%   
  2.775           1.34167e-7      1.30621e-9       #dY:1.0%   
  2.85            1.28559e-7      2.10071e-9       #dY:1.6%   
  2.925           1.23252e-7      2.01399e-9       #dY:1.6%   
  3               1.18093e-7      1.92969e-9       #dY:1.6%   
  3.075           1.1312e-7       2.62047e-9       #dY:2.3%   
  3.15            1.08293e-7      2.50865e-9       #dY:2.3%   
  3.225           1.03713e-7      3.12244e-9       #dY:3.0%   
  3.3             9.92738e-8      2.98879e-9       #dY:3.0%   
  3.375           9.50569e-8      2.86184e-9       #dY:3.0%   
  3.45            9.09749e-8      3.36555e-9       #dY:3.7%   
  3.525           8.7094e-8       3.22197e-9       #dY:3.7%   
  3.6             8.33419e-8      3.08317e-9       #dY:3.7%   
  3.675           7.97767e-8      3.49653e-9       #dY:4.4%   
  3.75            7.63336e-8      3.34563e-9       #dY:4.4%   
  3.825           7.30638e-8      3.70387e-9       #dY:5.1%   
  3.9             6.99091e-8      3.54395e-9       #dY:5.1%   
  3.975           6.6896e-8       3.3912e-9        #dY:5.1%   
  4.05            6.39913e-8      3.67762e-9       #dY:5.7%   
  4.125           6.12151e-8      3.51807e-9       #dY:5.7%   
  4.2             5.85404e-8      3.36436e-9       #dY:5.7%   
  4.275           5.60026e-8      3.5868e-9        #dY:6.4%   
  4.35            5.35595e-8      3.43032e-9       #dY:6.4%   
  4.425           5.12414e-8      3.61598e-9       #dY:7.1%   
  4.5             4.90114e-8      3.45862e-9       #dY:7.1%   
  4.575           4.68921e-8      3.30906e-9       #dY:7.1%   
  4.65            4.48546e-8      3.45086e-9       #dY:7.7%   
  4.725           4.29149e-8      3.30163e-9       #dY:7.7%   
  4.8             4.10511e-8      3.15824e-9       #dY:7.7%   
  4.875           3.92763e-8      3.26523e-9       #dY:8.3%   
  4.95            3.75718e-8      3.12352e-9       #dY:8.3%   
  5.025           3.59435e-8      3.20087e-9       #dY:8.9%   
  5.1             3.438e-8        3.06164e-9       #dY:8.9%   
  5.175           3.28889e-8      2.92885e-9       #dY:8.9%   
  5.25            3.14576e-8      2.98547e-9       #dY:9.5%   
  5.325           3.00941e-8      2.85606e-9       #dY:9.5%   
  5.4             2.87857e-8      2.73189e-9       #dY:9.5%   
  5.475           2.75439e-8      2.76834e-9       #dY:10.1%  
  5.55            2.63527e-8      2.64861e-9       #dY:10.1%  
  5.625           2.52246e-8      2.66955e-9       #dY:10.6%  
  5.7             2.41431e-8      2.55509e-9       #dY:10.6%  
  5.775           2.3117e-8       2.4465e-9        #dY:10.6%  
  5.85            2.21336e-8      2.45336e-9       #dY:11.1%  
  5.925           2.12011e-8      2.35e-9          #dY:11.1%  
  6               2.03077e-8      2.25097e-9       #dY:11.1%  
  6.075           1.94625e-8      2.24667e-9       #dY:11.5%  
  6.15            1.86532e-8      2.15325e-9       #dY:11.5%  
  6.225           1.78864e-8      2.14008e-9       #dY:12.0%  
  6.3             1.71524e-8      2.05226e-9       #dY:12.0%  
  6.375           1.64577e-8      1.96914e-9       #dY:12.0%  
  6.45            1.5793e-8       1.95083e-9       #dY:12.4%  
  6.525           1.51636e-8      1.87308e-9       #dY:12.4%  
  6.6             1.45617e-8      1.79873e-9       #dY:12.4%  
  6.675           1.39931e-8      1.77132e-9       #dY:12.7%  
  6.75            1.34495e-8      1.70251e-9       #dY:12.7%  
  6.825           1.294e-8        1.67248e-9       #dY:12.9%  
  6.9             1.24535e-8      1.6096e-9        #dY:12.9%  
  6.975           1.20003e-8      1.55102e-9       #dY:12.9%  
  7.05            1.1568e-8       1.51873e-9       #dY:13.1%  
  7.125           1.11697e-8      1.46644e-9       #dY:13.1%  
  7.2             1.07904e-8      1.41664e-9       #dY:13.1%  
  7.275           1.04503e-8      1.37789e-9       #dY:13.2%  
  7.35            1.01275e-8      1.33533e-9       #dY:13.2%  
  7.425           9.85409e-9      1.29191e-9       #dY:13.1%  
  7.5             9.5965e-9       1.25814e-9       #dY:13.1%  
  7.575           9.40912e-9      1.23357e-9       #dY:13.1%  
  7.65            9.23616e-9      1.1802e-9        #dY:12.8%  
  7.725           9.17082e-9      1.17185e-9       #dY:12.8%  
  7.8             9.11861e-9      1.16518e-9       #dY:12.8%  
  7.875           9.22464e-9      1.11297e-9       #dY:12.1%  
  7.95            9.34261e-9      1.1272e-9        #dY:12.1%  
  8.025           9.54594e-9      1.03004e-9       #dY:10.8%  
  8.1             9.76012e-9      1.05316e-9       #dY:10.8%  
  8.175           1.03304e-8      1.11469e-9       #dY:10.8%  
  8.25            1.09106e-8      9.9515e-10       #dY:9.1%   
  8.325           1.14268e-8      1.04223e-9       #dY:9.1%   
  8.4             1.19519e-8      1.09013e-9       #dY:9.1%   
  8.475           1.19126e-8      8.56283e-10      #dY:7.2%   
  8.55            1.18814e-8      8.5404e-10       #dY:7.2%   
  8.625           1.08346e-8      6.68385e-10      #dY:6.2%   
  8.7             9.79529e-9      6.0427e-10       #dY:6.2%   
  8.775           8.50561e-9      5.2471e-10       #dY:6.2%   
  8.85            7.22265e-9      4.85394e-10      #dY:6.7%   
  8.925           5.82644e-9      3.91563e-10      #dY:6.7%   
  9               4.43632e-9      2.9814e-10       #dY:6.7%   
  9.075           3.5721e-9       3.33216e-10      #dY:9.3%   
  9.15            2.71341e-9      2.53115e-10      #dY:9.3%   
  9.225           2.3782e-9       3.75929e-10      #dY:15.8%  
  9.3             2.04802e-9      3.23737e-10      #dY:15.8%  
  9.375           1.89983e-9      3.00312e-10      #dY:15.8%  
  9.45            1.7562e-9       3.91961e-10      #dY:22.3%  
  9.525           1.65925e-9      3.70323e-10      #dY:22.3%  
  9.6             1.56643e-9      3.49607e-10      #dY:22.3%  
  9.675           1.48693e-9      3.69339e-10      #dY:24.8%  
  9.75            1.41117e-9      3.50521e-10      #dY:24.8%  
  9.825           1.34103e-9      3.44522e-10      #dY:25.7%  
  9.9             1.27429e-9      3.27376e-10      #dY:25.7%  
  9.975           1.21123e-9      3.11175e-10      #dY:25.7%  
  10.05           1.15124e-9      3.02682e-10      #dY:26.3%  
  10.125          1.09429e-9      2.87709e-10      #dY:26.3%  
  10.2            1.04011e-9      2.73464e-10      #dY:26.3%  
  10.275          9.88613e-10     2.65489e-10      #dY:26.9%  
  10.35           9.39637e-10     2.52337e-10      #dY:26.9%  
  10.425          8.93068e-10     2.44766e-10      #dY:27.4%  
  10.5            8.48783e-10     2.32628e-10      #dY:27.4%  
  10.575          8.06674e-10     2.21087e-10      #dY:27.4%  
  10.65           7.66634e-10     2.13706e-10      #dY:27.9%  
  10.725          7.28562e-10     2.03093e-10      #dY:27.9%  
  10.8            6.92364e-10     1.93002e-10      #dY:27.9%  
  10.875          6.57948e-10     1.86914e-10      #dY:28.4%  
  10.95           6.25227e-10     1.77618e-10      #dY:28.4%  
  11.025          5.94119e-10     1.71887e-10      #dY:28.9%  
  11.1            5.64545e-10     1.63331e-10      #dY:28.9%  
  11.175          5.36431e-10     1.55197e-10      #dY:28.9%  
  11.25           5.09705e-10     1.50076e-10      #dY:29.4%  
  11.325          4.84299e-10     1.42595e-10      #dY:29.4%  
  11.4            4.60149e-10     1.35484e-10      #dY:29.4%  
  11.475          4.37194e-10     1.30913e-10      #dY:29.9%  
  11.55           4.15374e-10     1.24379e-10      #dY:29.9%  
  11.625          3.94635e-10     1.20098e-10      #dY:30.4%  
  11.7            3.74923e-10     1.141e-10        #dY:30.4%  
  11.775          3.56188e-10     1.08398e-10      #dY:30.4%  
  11.85           3.38383e-10     1.04597e-10      #dY:30.9%  
  11.925          3.21461e-10     9.93665e-11      #dY:30.9%  
  12              3.05378e-10     9.43951e-11      #dY:30.9%  
  12.075          2.90095e-10     9.10263e-11      #dY:31.4%  
  12.15           2.75571e-10     8.6469e-11       #dY:31.4%  
  12.225          2.61769e-10     8.33315e-11      #dY:31.8%  
  12.3            2.48653e-10     7.91561e-11      #dY:31.8%  
  12.375          2.3619e-10      7.51887e-11      #dY:31.8%  
  12.45           2.24348e-10     7.24183e-11      #dY:32.3%  
  12.525          2.13095e-10     6.87859e-11      #dY:32.3%  
  12.6            2.02403e-10     6.53346e-11      #dY:32.3%  
  12.675          1.92243e-10     6.28868e-11      #dY:32.7%  
  12.75           1.82591e-10     5.97294e-11      #dY:32.7%  
  12.825          1.7342e-10      5.75817e-11      #dY:33.2%  
  12.9            1.64707e-10     5.46886e-11      #dY:33.2%  
  12.975          1.56429e-10     5.194e-11        #dY:33.2%  
  13.05           1.48564e-10     4.99408e-11      #dY:33.6%  
  13.125          1.41092e-10     4.74291e-11      #dY:33.6%  
  13.2            1.33994e-10     4.5043e-11       #dY:33.6%  
  13.275          1.27251e-10     4.32877e-11      #dY:34.0%  
  13.35           1.20845e-10     4.11085e-11      #dY:34.0%  
  13.425          1.1476e-10      3.95636e-11      #dY:34.5%  
  13.5            1.0898e-10      3.7571e-11       #dY:34.5%  
  13.575          1.03489e-10     3.56779e-11      #dY:34.5%  
  13.65           9.82728e-11     3.42529e-11      #dY:34.9%  
  13.725          9.33184e-11     3.25261e-11      #dY:34.9%  
  13.8            8.86124e-11     3.08858e-11      #dY:34.9%  
  13.875          8.41424e-11     2.96929e-11      #dY:35.3%  
  13.95           7.98968e-11     2.81946e-11      #dY:35.3%  
  14.025          7.58642e-11     2.70434e-11      #dY:35.6%  
  14.1            7.20341e-11     2.56781e-11      #dY:35.6%  
  14.175          6.83965e-11     2.43814e-11      #dY:35.6%  
  14.25           6.49415e-11     2.34182e-11      #dY:36.1%  
  14.325          6.16603e-11     2.2235e-11       #dY:36.1%  
  14.4            5.85439e-11     2.11112e-11      #dY:36.1%  
  14.475          5.55844e-11     2.02663e-11      #dY:36.5%  
  14.55           5.27737e-11     1.92415e-11      #dY:36.5%  
  14.625          5.01045e-11     1.84639e-11      #dY:36.9%  
  14.7            4.75696e-11     1.75297e-11      #dY:36.9%  
  14.775          4.51624e-11     1.66427e-11      #dY:36.9%  
  14.85           4.28764e-11     1.5936e-11       #dY:37.2%  
  14.925          4.07056e-11     1.51292e-11      #dY:37.2%  
  15              3.86442e-11     1.4363e-11       #dY:37.2%  
  15.075          3.66868e-11     1.37701e-11      #dY:37.5%  
  15.15           3.4828e-11      1.30724e-11      #dY:37.5%  
  15.225          3.3063e-11      1.25282e-11      #dY:37.9%  
  15.3            3.13871e-11     1.18932e-11      #dY:37.9%  
  15.375          2.97958e-11     1.12902e-11      #dY:37.9%  
  15.45           2.82848e-11     1.08162e-11      #dY:38.2%  
  15.525          2.68501e-11     1.02676e-11      #dY:38.2%  
  15.6            2.54879e-11     9.74669e-12      #dY:38.2%  
  15.675          2.41945e-11     9.3475e-12       #dY:38.6%  
  15.75           2.29664e-11     8.87303e-12      #dY:38.6%  
  15.825          2.18005e-11     8.49351e-12      #dY:39.0%  
  15.9            2.06935e-11     8.06222e-12      #dY:39.0%  
  15.975          1.96425e-11     7.65275e-12      #dY:39.0%  
  16.05           1.86446e-11     7.32277e-12      #dY:39.3%  
  16.125          1.76973e-11     6.95072e-12      #dY:39.3%  
  16.2            1.67979e-11     6.59747e-12      #dY:39.3%  
  16.275          1.59441e-11     6.31075e-12      #dY:39.6%  
  16.35           1.51335e-11     5.98991e-12      #dY:39.6%  
  16.425          1.43639e-11     5.73574e-12      #dY:39.9%  
  16.5            1.36333e-11     5.444e-12        #dY:39.9%  
  16.575          1.29398e-11     5.16708e-12      #dY:39.9%  
  16.65           1.22814e-11     4.93904e-12      #dY:40.2%  
  16.725          1.16564e-11     4.68769e-12      #dY:40.2%  
  16.8            1.10631e-11     4.44909e-12      #dY:40.2%  
  16.875          1.04998e-11     4.2572e-12       #dY:40.5%  
  16.95           9.96519e-12     4.04044e-12      #dY:40.5%  
  17.025          9.45767e-12     3.86492e-12      #dY:40.9%  
  17.1            8.97591e-12     3.66805e-12      #dY:40.9%  
  17.175          8.51861e-12     3.48117e-12      #dY:40.9%  
  17.25           8.08452e-12     3.32425e-12      #dY:41.1%  
  17.325          7.67249e-12     3.15483e-12      #dY:41.1%  
  17.4            7.28138e-12     2.99401e-12      #dY:41.1%  
  17.475          6.91015e-12     2.86194e-12      #dY:41.4%  
  17.55           6.55778e-12     2.716e-12        #dY:41.4%  
  17.625          6.22332e-12     2.59542e-12      #dY:41.7%  
  17.7            5.90587e-12     2.46302e-12      #dY:41.7%  
  17.775          5.60455e-12     2.33736e-12      #dY:41.7%  
  17.85           5.31856e-12     2.23292e-12      #dY:42.0%  
  17.925          5.04712e-12     2.11896e-12      #dY:42.0%  
  18              4.7895e-12      2.0108e-12       #dY:42.0%  
  18.075          4.54498e-12     1.92028e-12      #dY:42.3%  
  18.15           4.3129e-12      1.82222e-12      #dY:42.3%  
  18.225          4.09264e-12     1.73971e-12      #dY:42.5%  
  18.3            3.8836e-12      1.65085e-12      #dY:42.5%  
  18.375          3.6852e-12      1.56652e-12      #dY:42.5%  
  18.45           3.49691e-12     1.49512e-12      #dY:42.8%  
  18.525          3.31821e-12     1.41871e-12      #dY:42.8%  
  18.6            3.14861e-12     1.3462e-12       #dY:42.8%  
  18.675          2.98766e-12     1.28608e-12      #dY:43.0%  
  18.75           2.83492e-12     1.22033e-12      #dY:43.0%  
  18.825          2.68996e-12     1.16401e-12      #dY:43.3%  
  18.9            2.55239e-12     1.10448e-12      #dY:43.3%  
  18.975          2.42184e-12     1.04799e-12      #dY:43.3%  
  19.05           2.29794e-12     1.0006e-12       #dY:43.5%  
  19.125          2.18037e-12     9.49411e-13      #dY:43.5%  
  19.2            2.0688e-12      9.00829e-13      #dY:43.5%  
  19.275          1.96292e-12     8.58793e-13      #dY:43.8%  
  19.35           1.86244e-12     8.14833e-13      #dY:43.8%  
  19.425          1.76709e-12     7.77507e-13      #dY:44.0%  
  19.5            1.67662e-12     7.37701e-13      #dY:44.0%  
  19.575          1.59076e-12     6.99923e-13      #dY:44.0%  
  19.65           1.50929e-12     6.66938e-13      #dY:44.2%  
  19.725          1.43198e-12     6.32775e-13      #dY:44.2%  
  19.8            1.35862e-12     6.00358e-13      #dY:44.2%  
  19.875          1.289e-12       5.72539e-13      #dY:44.4%  
  19.95           1.22295e-12     5.43201e-13      #dY:44.4%  
  20.15           0.00            0.00                        
//
#-------------------------------------------------------------------------------
#
#name:   JENDL-4.0: TH-232(N,F) E_in=16. MeV
#X.axis: Energy
#Y.axis: 
#wdata:  3
#ldata:  401
#data...
# X               Y               +-dY           
# MeV             1/eV            1/eV           
  0.00            0.00            0.00                        
  1.00e-11        1.41127e-12     0.00                        
  1.20e-11        1.54597e-12     0.00                        
  1.40e-11        1.66984e-12     0.00                        
  1.60e-11        1.78514e-12     0.00                        
  1.80e-11        1.89343e-12     0.00                        
  2.20e-11        2.09326e-12     0.00                        
  2.50e-11        2.23142e-12     0.00                        
  2.90e-11        2.40332e-12     0.00                        
  3.40e-11        2.60227e-12     6.79746e-14      #dY:2.6%   
  4.00e-11        2.82256e-12     7.37289e-14      #dY:2.6%   
  4.60e-11        3.02686e-12     7.90654e-14      #dY:2.6%   
  5.40e-11        3.27952e-12     8.56652e-14      #dY:2.6%   
  6.30e-11        3.54229e-12     9.25291e-14      #dY:2.6%   
  7.40e-11        3.8391e-12      1.00282e-13      #dY:2.6%   
  8.60e-11        4.13869e-12     1.08108e-13      #dY:2.6%   
  1.00e-10        4.46287e-12     1.36253e-13      #dY:3.1%   
  1.20e-10        4.88884e-12     1.49258e-13      #dY:3.1%   
  1.40e-10        5.28055e-12     1.61217e-13      #dY:3.1%   
  1.60e-10        5.64515e-12     1.72348e-13      #dY:3.1%   
  1.80e-10        5.98759e-12     1.82803e-13      #dY:3.1%   
  2.20e-10        6.61954e-12     2.02096e-13      #dY:3.1%   
  2.50e-10        7.05646e-12     2.15436e-13      #dY:3.1%   
  2.90e-10        7.60005e-12     2.32032e-13      #dY:3.1%   
  3.40e-10        8.2292e-12      2.49097e-13      #dY:3.0%   
  4.00e-10        8.92583e-12     2.70184e-13      #dY:3.0%   
  4.60e-10        9.5719e-12      2.89741e-13      #dY:3.0%   
  5.40e-10        1.03709e-11     3.13927e-13      #dY:3.0%   
  6.30e-10        1.12019e-11     3.39081e-13      #dY:3.0%   
  7.40e-10        1.21405e-11     3.67492e-13      #dY:3.0%   
  8.60e-10        1.3088e-11      3.96173e-13      #dY:3.0%   
  1.00e-9         1.41131e-11     4.27203e-13      #dY:3.0%   
  1.20e-9         1.54602e-11     4.71996e-13      #dY:3.1%   
  1.40e-9         1.6699e-11      5.09816e-13      #dY:3.1%   
  1.60e-9         1.7852e-11      5.45017e-13      #dY:3.1%   
  1.80e-9         1.8935e-11      5.7808e-13       #dY:3.1%   
  2.20e-9         2.09335e-11     6.39094e-13      #dY:3.1%   
  2.50e-9         2.23152e-11     6.81277e-13      #dY:3.1%   
  2.90e-9         2.40343e-11     7.3376e-13       #dY:3.1%   
  3.40e-9         2.6024e-11      7.87721e-13      #dY:3.0%   
  4.00e-9         2.82272e-11     8.5441e-13       #dY:3.0%   
  4.60e-9         3.02704e-11     9.16255e-13      #dY:3.0%   
  5.40e-9         3.27973e-11     9.92742e-13      #dY:3.0%   
  6.30e-9         3.54254e-11     1.07229e-12      #dY:3.0%   
  7.40e-9         3.83939e-11     1.16215e-12      #dY:3.0%   
  8.60e-9         4.13903e-11     1.25284e-12      #dY:3.0%   
  1.00e-8         4.46327e-11     1.36261e-12      #dY:3.1%   
  1.20e-8         4.88931e-11     1.49267e-12      #dY:3.1%   
  1.40e-8         5.2811e-11      1.61228e-12      #dY:3.1%   
  1.60e-8         5.64578e-11     1.72362e-12      #dY:3.1%   
  1.80e-8         5.9883e-11      1.82819e-12      #dY:3.1%   
  2.20e-8         6.62041e-11     2.02117e-12      #dY:3.1%   
  2.50e-8         7.05745e-11     2.15459e-12      #dY:3.1%   
  2.90e-8         7.6012e-11      2.3206e-12       #dY:3.1%   
  3.40e-8         8.23054e-11     2.49124e-12      #dY:3.0%   
  4.00e-8         8.92741e-11     2.70217e-12      #dY:3.0%   
  4.60e-8         9.57372e-11     2.89779e-12      #dY:3.0%   
  5.40e-8         1.0373e-10      3.13972e-12      #dY:3.0%   
  6.30e-8         1.12044e-10     3.39137e-12      #dY:3.0%   
  7.40e-8         1.21435e-10     3.67562e-12      #dY:3.0%   
  8.60e-8         1.30914e-10     3.96253e-12      #dY:3.0%   
  1.00e-7         1.41171e-10     4.27299e-12      #dY:3.0%   
  1.20e-7         1.5465e-10      4.72096e-12      #dY:3.1%   
  1.40e-7         1.67045e-10     5.09934e-12      #dY:3.1%   
  1.60e-7         1.78583e-10     5.45156e-12      #dY:3.1%   
  1.80e-7         1.89421e-10     5.78241e-12      #dY:3.1%   
  2.20e-7         2.09422e-10     6.39297e-12      #dY:3.1%   
  2.50e-7         2.23251e-10     6.81512e-12      #dY:3.1%   
  2.90e-7         2.40458e-10     7.3404e-12       #dY:3.1%   
  3.40e-7         2.60375e-10     7.87984e-12      #dY:3.0%   
  4.00e-7         2.8243e-10      8.5473e-12       #dY:3.0%   
  4.60e-7         3.02886e-10     9.16637e-12      #dY:3.0%   
  5.40e-7         3.28187e-10     9.93206e-12      #dY:3.0%   
  6.30e-7         3.54503e-10     1.07285e-11      #dY:3.0%   
  7.40e-7         3.84232e-10     1.16282e-11      #dY:3.0%   
  8.60e-7         4.14244e-10     1.25364e-11      #dY:3.0%   
  1.00e-6         4.46722e-10     1.35193e-11      #dY:3.0%   
  1.20e-6         4.89406e-10     1.49366e-11      #dY:3.1%   
  1.40e-6         5.28664e-10     1.61348e-11      #dY:3.1%   
  1.60e-6         5.65211e-10     1.72502e-11      #dY:3.1%   
  1.80e-6         5.99542e-10     1.8298e-11       #dY:3.1%   
  2.20e-6         6.62911e-10     2.0232e-11       #dY:3.1%   
  2.50e-6         7.06734e-10     2.15695e-11      #dY:3.1%   
  2.90e-6         7.61267e-10     2.32338e-11      #dY:3.1%   
  3.40e-6         8.24399e-10     2.49396e-11      #dY:3.0%   
  4.00e-6         8.94323e-10     2.70549e-11      #dY:3.0%   
  4.60e-6         9.59191e-10     2.90173e-11      #dY:3.0%   
  5.40e-6         1.03944e-9      3.1445e-11       #dY:3.0%   
  6.30e-6         1.12293e-9      3.39707e-11      #dY:3.0%   
  7.40e-6         1.21727e-9      3.68247e-11      #dY:3.0%   
  8.60e-6         1.31254e-9      3.97068e-11      #dY:3.0%   
  1.00e-5         1.41566e-9      4.28263e-11      #dY:3.0%   
  1.20e-5         1.55124e-9      4.72073e-11      #dY:3.0%   
  1.40e-5         1.67598e-9      5.10034e-11      #dY:3.0%   
  1.60e-5         1.79216e-9      5.4539e-11       #dY:3.0%   
  1.80e-5         1.90132e-9      5.78609e-11      #dY:3.0%   
  2.20e-5         2.10291e-9      6.39957e-11      #dY:3.0%   
  2.50e-5         2.24239e-9      6.82404e-11      #dY:3.0%   
  2.90e-5         2.41603e-9      7.35246e-11      #dY:3.0%   
  3.40e-5         2.61717e-9      7.88992e-11      #dY:3.0%   
  4.00e-5         2.84009e-9      8.56195e-11      #dY:3.0%   
  4.60e-5         3.04701e-9      9.18574e-11      #dY:3.0%   
  5.40e-5         3.30317e-9      9.95798e-11      #dY:3.0%   
  6.30e-5         3.56988e-9      1.0762e-10       #dY:3.0%   
  7.40e-5         3.8715e-9       1.16713e-10      #dY:3.0%   
  8.60e-5         4.17634e-9      1.25903e-10      #dY:3.0%   
  1.00e-4         4.50663e-9      1.3586e-10       #dY:3.0%   
  1.20e-4         4.94132e-9      1.49704e-10      #dY:3.0%   
  1.40e-4         5.34176e-9      1.61835e-10      #dY:3.0%   
  1.60e-4         5.71508e-9      1.73146e-10      #dY:3.0%   
  1.80e-4         6.06623e-9      1.83784e-10      #dY:3.0%   
  2.20e-4         6.71559e-9      2.03457e-10      #dY:3.0%   
  2.50e-4         7.16556e-9      2.1709e-10       #dY:3.0%   
  2.90e-4         7.72654e-9      2.34085e-10      #dY:3.0%   
  3.40e-4         8.3774e-9       2.49898e-10      #dY:3.0%   
  4.00e-4         9.10006e-9      2.71455e-10      #dY:3.0%   
  4.60e-4         9.77213e-9      2.91502e-10      #dY:3.0%   
  5.40e-4         1.06058e-8      3.16371e-10      #dY:3.0%   
  6.30e-4         1.14756e-8      3.42317e-10      #dY:3.0%   
  7.40e-4         1.24618e-8      3.71735e-10      #dY:3.0%   
  8.60e-4         1.34609e-8      4.01538e-10      #dY:3.0%   
  1.00e-3         1.45463e-8      4.33916e-10      #dY:3.0%   
  1.20e-3         1.59792e-8      4.75558e-10      #dY:3.0%   
  1.40e-3         1.73037e-8      5.14977e-10      #dY:3.0%   
  1.60e-3         1.85422e-8      5.51836e-10      #dY:3.0%   
  1.80e-3         1.97105e-8      5.86606e-10      #dY:3.0%   
  2.20e-3         2.18792e-8      6.51149e-10      #dY:3.0%   
  2.50e-3         2.33882e-8      6.96058e-10      #dY:3.0%   
  2.90e-3         2.52766e-8      7.52259e-10      #dY:3.0%   
  3.40e-3         2.74771e-8      7.94022e-10      #dY:2.9%   
  4.00e-3         2.99323e-8      8.64971e-10      #dY:2.9%   
  4.60e-3         3.22267e-8      9.31274e-10      #dY:2.9%   
  5.40e-3         3.5087e-8       1.01393e-9       #dY:2.9%   
  6.30e-3         3.80884e-8      1.10066e-9       #dY:2.9%   
  7.40e-3         4.1511e-8       1.19957e-9       #dY:2.9%   
  8.60e-3         4.49999e-8      1.30039e-9       #dY:2.9%   
  0.01            4.88135e-8      1.41059e-9       #dY:2.9%   
  0.012           5.38843e-8      1.52089e-9       #dY:2.8%   
  0.014           5.86063e-8      1.65417e-9       #dY:2.8%   
  0.016           6.30514e-8      1.77964e-9       #dY:2.8%   
  0.018           6.72695e-8      1.89869e-9       #dY:2.8%   
  0.022           7.51612e-8      2.12144e-9       #dY:2.8%   
  0.025           8.06974e-8      2.2777e-9        #dY:2.8%   
  0.029           8.76741e-8      2.47462e-9       #dY:2.8%   
  0.034           9.58691e-8      2.53552e-9       #dY:2.6%   
  0.04            1.05089e-7      2.77936e-9       #dY:2.6%   
  0.046           1.13772e-7      3.00901e-9       #dY:2.6%   
  0.054           1.24682e-7      3.29755e-9       #dY:2.6%   
  0.063           1.3622e-7       3.6027e-9        #dY:2.6%   
  0.074           1.49477e-7      3.95332e-9       #dY:2.6%   
  0.08            1.56382e-7      4.13594e-9       #dY:2.6%   
  0.16            2.34587e-7      5.75993e-9       #dY:2.5%   
  0.24            2.82555e-7      7.36363e-9       #dY:2.6%   
  0.32            3.22186e-7      8.39645e-9       #dY:2.6%   
  0.4             3.46406e-7      9.02765e-9       #dY:2.6%   
  0.48            3.66412e-7      9.19104e-9       #dY:2.5%   
  0.56            3.76517e-7      9.44451e-9       #dY:2.5%   
  0.64            3.84115e-7      9.89585e-9       #dY:2.6%   
  0.72            3.85154e-7      9.92262e-9       #dY:2.6%   
  0.8             3.8456e-7       9.90731e-9       #dY:2.6%   
  0.88            3.80703e-7      9.34556e-9       #dY:2.5%   
  0.96            3.75728e-7      9.22343e-9       #dY:2.5%   
  1.04            3.68047e-7      8.41464e-9       #dY:2.3%   
  1.12            3.59573e-7      8.2209e-9        #dY:2.3%   
  1.2             3.49311e-7      7.98628e-9       #dY:2.3%   
  1.28            3.38515e-7      7.09314e-9       #dY:2.1%   
  1.36            3.27225e-7      6.85658e-9       #dY:2.1%   
  1.44            3.15627e-7      5.8369e-9        #dY:1.8%   
  1.52            3.03784e-7      5.61789e-9       #dY:1.8%   
  1.6             2.91785e-7      5.39599e-9       #dY:1.8%   
  1.68            2.79709e-7      4.35598e-9       #dY:1.6%   
  1.76            2.67585e-7      4.16717e-9       #dY:1.6%   
  1.84            2.55712e-7      3.12966e-9       #dY:1.2%   
  1.92            2.43867e-7      2.98469e-9       #dY:1.2%   
  2               2.32413e-7      2.8445e-9        #dY:1.2%   
  2.08            2.21041e-7      1.9074e-9        #dY:0.9%   
  2.16            2.10263e-7      1.8144e-9        #dY:0.9%   
  2.24            1.99602e-7      1.00855e-9       #dY:0.5%   
  2.32            1.89506e-7      9.57539e-10      #dY:0.5%   
  2.4             1.7955e-7       9.07233e-10      #dY:0.5%   
  2.48            1.70292e-7      5.35992e-10      #dY:0.3%   
  2.56            1.61188e-7      5.07337e-10      #dY:0.3%   
  2.64            1.52698e-7      9.18545e-10      #dY:0.6%   
  2.72            1.4437e-7       8.68448e-10      #dY:0.6%   
  2.8             1.36747e-7      8.22592e-10      #dY:0.6%   
  2.88            1.29288e-7      1.38292e-9       #dY:1.1%   
  2.96            1.22476e-7      1.31006e-9       #dY:1.1%   
  3.04            1.15826e-7      1.8436e-9        #dY:1.6%   
  3.12            1.09784e-7      1.74743e-9       #dY:1.6%   
  3.2             1.03901e-7      1.65379e-9       #dY:1.6%   
  3.28            9.86702e-8      2.12381e-9       #dY:2.2%   
  3.36            9.35921e-8      2.0145e-9        #dY:2.2%   
  3.44            8.90789e-8      2.43931e-9       #dY:2.7%   
  3.52            8.47117e-8      2.31972e-9       #dY:2.7%   
  3.6             8.0762e-8       2.21156e-9       #dY:2.7%   
  3.68            7.69509e-8      2.55589e-9       #dY:3.3%   
  3.76            7.34179e-8      2.43854e-9       #dY:3.3%   
  3.84            7.00156e-8      2.72621e-9       #dY:3.9%   
  3.92            6.68119e-8      2.60147e-9       #dY:3.9%   
  4               6.37307e-8      2.4815e-9        #dY:3.9%   
  4.08            6.07922e-8      2.70195e-9       #dY:4.4%   
  4.16            5.79682e-8      2.57644e-9       #dY:4.4%   
  4.24            5.52998e-8      2.77064e-9       #dY:5.0%   
  4.32            5.27379e-8      2.64228e-9       #dY:5.0%   
  4.4             5.03151e-8      2.52089e-9       #dY:5.0%   
  4.48            4.79911e-8      2.66702e-9       #dY:5.6%   
  4.56            4.57914e-8      2.54478e-9       #dY:5.6%   
  4.64            4.36829e-8      2.66212e-9       #dY:6.1%   
  4.72            4.16862e-8      2.54044e-9       #dY:6.1%   
  4.8             3.97737e-8      2.42389e-9       #dY:6.1%   
  4.88            3.79627e-8      2.51716e-9       #dY:6.6%   
  4.96            3.62292e-8      2.40222e-9       #dY:6.6%   
  5.04            3.45819e-8      2.47049e-9       #dY:7.1%   
  5.12            3.30059e-8      2.3579e-9        #dY:7.1%   
  5.2             3.15131e-8      2.25126e-9       #dY:7.1%   
  5.28            3.00858e-8      2.30072e-9       #dY:7.6%   
  5.36            2.87324e-8      2.19723e-9       #dY:7.6%   
  5.44            2.74389e-8      2.23097e-9       #dY:8.1%   
  5.52            2.62107e-8      2.13111e-9       #dY:8.1%   
  5.6             2.50373e-8      2.0357e-9        #dY:8.1%   
  5.68            2.39218e-8      2.05653e-9       #dY:8.6%   
  5.76            2.28564e-8      1.96494e-9       #dY:8.6%   
  5.84            2.18425e-8      1.97559e-9       #dY:9.0%   
  5.92            2.08743e-8      1.88802e-9       #dY:9.0%   
  6               1.99519e-8      1.80459e-9       #dY:9.0%   
  6.08            1.90711e-8      1.80286e-9       #dY:9.5%   
  6.16            1.823e-8        1.72335e-9       #dY:9.5%   
  6.24            1.74269e-8      1.71668e-9       #dY:9.9%   
  6.32            1.66607e-8      1.64121e-9       #dY:9.9%   
  6.4             1.59291e-8      1.56914e-9       #dY:9.9%   
  6.48            1.52346e-8      1.55802e-9       #dY:10.2%  
  6.56            1.45716e-8      1.49022e-9       #dY:10.2%  
  6.64            1.39449e-8      1.47511e-9       #dY:10.6%  
  6.72            1.33467e-8      1.41183e-9       #dY:10.6%  
  6.8             1.27811e-8      1.352e-9         #dY:10.6%  
  6.88            1.22414e-8      1.33373e-9       #dY:10.9%  
  6.96            1.17324e-8      1.27828e-9       #dY:10.9%  
  7.04            1.12468e-8      1.25346e-9       #dY:11.1%  
  7.12            1.07894e-8      1.20248e-9       #dY:11.1%  
  7.2             1.03533e-8      1.15388e-9       #dY:11.1%  
  7.28            9.94269e-9      1.12915e-9       #dY:11.4%  
  7.36            9.55137e-9      1.08471e-9       #dY:11.4%  
  7.44            9.18585e-9      1.0609e-9        #dY:11.5%  
  7.52            8.83781e-9      1.02071e-9       #dY:11.5%  
  7.6             8.51465e-9      9.83383e-10      #dY:11.5%  
  7.68            8.2073e-9       9.53125e-10      #dY:11.6%  
  7.76            7.92405e-9      9.20231e-10      #dY:11.6%  
  7.84            7.65512e-9      8.91792e-10      #dY:11.6%  
  7.92            7.41303e-9      8.6359e-10       #dY:11.6%  
  8               7.1839e-9       8.36897e-10      #dY:11.6%  
  8.08            6.98566e-9      8.05435e-10      #dY:11.5%  
  8.16            6.79913e-9      7.83928e-10      #dY:11.5%  
  8.24            6.65364e-9      7.53562e-10      #dY:11.3%  
  8.32            6.51874e-9      7.38283e-10      #dY:11.3%  
  8.4             6.44002e-9      7.29368e-10      #dY:11.3%  
  8.48            6.37086e-9      6.92667e-10      #dY:10.9%  
  8.56            6.38443e-9      6.94142e-10      #dY:10.9%  
  8.64            6.40663e-9      6.45749e-10      #dY:10.1%  
  8.72            6.52461e-9      6.57641e-10      #dY:10.1%  
  8.8             6.65037e-9      6.70317e-10      #dY:10.1%  
  8.88            6.6622e-9       5.98383e-10      #dY:9.0%   
  8.96            6.68106e-9      6.00077e-10      #dY:9.0%   
  9.04            6.7306e-9       5.33829e-10      #dY:7.9%   
  9.12            6.78648e-9      5.38261e-10      #dY:7.9%   
  9.2             7.43867e-9      5.89988e-10      #dY:7.9%   
  9.28            8.09657e-9      5.61596e-10      #dY:6.9%   
  9.36            8.53456e-9      5.91976e-10      #dY:6.9%   
  9.44            8.97771e-9      4.74402e-10      #dY:5.3%   
  9.52            8.60658e-9      4.54791e-10      #dY:5.3%   
  9.6             8.24009e-9      4.35425e-10      #dY:5.3%   
  9.68            7.28841e-9      3.2708e-10       #dY:4.5%   
  9.76            6.34092e-9      2.8456e-10       #dY:4.5%   
  9.84            5.16589e-9      2.56882e-10      #dY:5.0%   
  9.92            3.99463e-9      1.98639e-10      #dY:5.0%   
  10              3.00482e-9      1.49419e-10      #dY:5.0%   
  10.08           2.0184e-9       1.4717e-10       #dY:7.3%   
  10.16           1.61368e-9      1.1766e-10       #dY:7.3%   
  10.24           1.21201e-9      1.68809e-10      #dY:13.9%  
  10.32           1.07966e-9      1.50375e-10      #dY:13.9%  
  10.4            9.50071e-10     1.32326e-10      #dY:13.9%  
  10.48           8.8635e-10      2.00461e-10      #dY:22.6%  
  10.56           8.25109e-10     1.86611e-10      #dY:22.6%  
  10.64           7.79042e-10     2.04198e-10      #dY:26.2%  
  10.72           7.35208e-10     1.92708e-10      #dY:26.2%  
  10.8            6.96031e-10     1.82439e-10      #dY:26.2%  
  10.88           6.58863e-10     1.81395e-10      #dY:27.5%  
  10.96           6.24103e-10     1.71825e-10      #dY:27.5%  
  11.04           5.91149e-10     1.68174e-10      #dY:28.4%  
  11.12           5.6001e-10      1.59315e-10      #dY:28.4%  
  11.2            5.30495e-10     1.50919e-10      #dY:28.4%  
  11.28           5.02541e-10     1.47167e-10      #dY:29.3%  
  11.36           4.76048e-10     1.39409e-10      #dY:29.3%  
  11.44           4.50945e-10     1.35964e-10      #dY:30.2%  
  11.52           4.27155e-10     1.28791e-10      #dY:30.2%  
  11.6            4.04612e-10     1.21994e-10      #dY:30.2%  
  11.68           3.83251e-10     1.18991e-10      #dY:31.0%  
  11.76           3.63009e-10     1.12707e-10      #dY:31.0%  
  11.84           3.43829e-10     1.086e-10        #dY:31.6%  
  11.92           3.25655e-10     1.0286e-10       #dY:31.6%  
  12              3.08436e-10     9.74213e-11      #dY:31.6%  
  12.08           2.92121e-10     9.38566e-11      #dY:32.1%  
  12.16           2.76663e-10     8.889e-11        #dY:32.1%  
  12.24           2.62018e-10     8.53922e-11      #dY:32.6%  
  12.32           2.48144e-10     8.08706e-11      #dY:32.6%  
  12.4            2.34999e-10     7.65867e-11      #dY:32.6%  
  12.48           2.22547e-10     7.35256e-11      #dY:33.0%  
  12.56           2.1075e-10      6.96281e-11      #dY:33.0%  
  12.64           1.99575e-10     6.71939e-11      #dY:33.7%  
  12.72           1.88989e-10     6.36298e-11      #dY:33.7%  
  12.8            1.78962e-10     6.02538e-11      #dY:33.7%  
  12.88           1.69463e-10     5.81811e-11      #dY:34.3%  
  12.96           1.60466e-10     5.50922e-11      #dY:34.3%  
  13.04           1.51944e-10     5.32809e-11      #dY:35.1%  
  13.12           1.43872e-10     5.04504e-11      #dY:35.1%  
  13.2            1.36226e-10     4.77692e-11      #dY:35.1%  
  13.28           1.28985e-10     4.61694e-11      #dY:35.8%  
  13.36           1.22126e-10     4.37142e-11      #dY:35.8%  
  13.44           1.15631e-10     4.22617e-11      #dY:36.5%  
  13.52           1.09479e-10     4.00132e-11      #dY:36.5%  
  13.6            1.03653e-10     3.78839e-11      #dY:36.5%  
  13.68           9.81351e-11     3.65106e-11      #dY:37.2%  
  13.76           9.29098e-11     3.45666e-11      #dY:37.2%  
  13.84           8.79613e-11     3.34268e-11      #dY:38.0%  
  13.92           8.32752e-11     3.1646e-11       #dY:38.0%  
  14              7.88376e-11     2.99597e-11      #dY:38.0%  
  14.08           7.46353e-11     2.88944e-11      #dY:38.7%  
  14.16           7.06561e-11     2.73539e-11      #dY:38.7%  
  14.24           6.68881e-11     2.63725e-11      #dY:39.4%  
  14.32           6.33201e-11     2.49658e-11      #dY:39.4%  
  14.4            5.99416e-11     2.36337e-11      #dY:39.4%  
  14.48           5.67427e-11     2.27763e-11      #dY:40.1%  
  14.56           5.37137e-11     2.15605e-11      #dY:40.1%  
  14.64           5.08458e-11     2.08187e-11      #dY:40.9%  
  14.72           4.81303e-11     1.97068e-11      #dY:40.9%  
  14.8            4.55593e-11     1.86541e-11      #dY:40.9%  
  14.88           4.31251e-11     1.79627e-11      #dY:41.7%  
  14.96           4.08204e-11     1.70027e-11      #dY:41.7%  
  15.04           3.86384e-11     1.63662e-11      #dY:42.4%  
  15.12           3.65726e-11     1.54912e-11      #dY:42.4%  
  15.2            3.46169e-11     1.46628e-11      #dY:42.4%  
  15.28           3.27653e-11     1.41398e-11      #dY:43.2%  
  15.36           3.10124e-11     1.33833e-11      #dY:43.2%  
  15.44           2.93529e-11     1.28726e-11      #dY:43.9%  
  15.52           2.77819e-11     1.21837e-11      #dY:43.9%  
  15.6            2.62947e-11     1.15314e-11      #dY:43.9%  
  15.68           2.48869e-11     1.11112e-11      #dY:44.6%  
  15.76           2.35541e-11     1.05162e-11      #dY:44.6%  
  15.84           2.22925e-11     1.0108e-11       #dY:45.3%  
  15.92           2.10982e-11     9.56643e-12      #dY:45.3%  
  16              1.99677e-11     9.05384e-12      #dY:45.3%  
  16.08           1.88976e-11     8.7171e-12       #dY:46.1%  
  16.16           1.78846e-11     8.24982e-12      #dY:46.1%  
  16.24           1.69257e-11     7.94014e-12      #dY:46.9%  
  16.32           1.60181e-11     7.51437e-12      #dY:46.9%  
  16.4            1.5159e-11      7.11135e-12      #dY:46.9%  
  16.48           1.43459e-11     6.84208e-12      #dY:47.7%  
  16.56           1.35762e-11     6.47498e-12      #dY:47.7%  
  16.64           1.28477e-11     6.21563e-12      #dY:48.4%  
  16.72           1.21582e-11     5.88206e-12      #dY:48.4%  
  16.8            1.15055e-11     5.56629e-12      #dY:48.4%  
  16.88           1.08878e-11     5.352e-12        #dY:49.2%  
  16.96           1.03032e-11     5.06463e-12      #dY:49.2%  
  17.04           9.74986e-12     4.86773e-12      #dY:49.9%  
  17.12           9.22615e-12     4.60627e-12      #dY:49.9%  
  17.2            8.7305e-12      4.35881e-12      #dY:49.9%  
  17.28           8.2614e-12      4.18828e-12      #dY:50.7%  
  17.36           7.81743e-12     3.9632e-12       #dY:50.7%  
  17.44           7.39726e-12     3.80696e-12      #dY:51.5%  
  17.52           6.99961e-12     3.60232e-12      #dY:51.5%  
  17.6            6.62328e-12     3.40864e-12      #dY:51.5%  
  17.68           6.26713e-12     3.27907e-12      #dY:52.3%  
  17.76           5.93008e-12     3.10272e-12      #dY:52.3%  
  17.84           5.6111e-12      2.9785e-12       #dY:53.1%  
  17.92           5.30925e-12     2.81827e-12      #dY:53.1%  
  18              5.02359e-12     2.66664e-12      #dY:53.1%  
  18.08           4.75325e-12     2.55918e-12      #dY:53.8%  
  18.16           4.49744e-12     2.42145e-12      #dY:53.8%  
  18.24           4.25535e-12     2.32325e-12      #dY:54.6%  
  18.32           4.02626e-12     2.19818e-12      #dY:54.6%  
  18.4            3.80948e-12     2.07983e-12      #dY:54.6%  
  18.48           3.60434e-12     1.99828e-12      #dY:55.4%  
  18.56           3.41022e-12     1.89066e-12      #dY:55.4%  
  18.64           3.22653e-12     1.81301e-12      #dY:56.2%  
  18.72           3.05271e-12     1.71534e-12      #dY:56.2%  
  18.8            2.88823e-12     1.62291e-12      #dY:56.2%  
  18.88           2.7326e-12      1.55834e-12      #dY:57.0%  
  18.96           2.58533e-12     1.47436e-12      #dY:57.0%  
  19.04           2.44598e-12     1.4131e-12       #dY:57.8%  
  19.12           2.31412e-12     1.33692e-12      #dY:57.8%  
  19.2            2.18936e-12     1.26485e-12      #dY:57.8%  
  19.28           2.07131e-12     1.21388e-12      #dY:58.6%  
  19.36           1.95961e-12     1.14842e-12      #dY:58.6%  
  19.44           1.85392e-12     1.10182e-12      #dY:59.4%  
  19.52           1.75391e-12     1.04239e-12      #dY:59.4%  
  19.6            1.65929e-12     9.86151e-13      #dY:59.4%  
  19.68           1.56977e-12     9.44475e-13      #dY:60.2%  
  19.76           1.48506e-12     8.93508e-13      #dY:60.2%  
  19.84           1.40492e-12     8.56847e-13      #dY:61.0%  
  19.92           1.32909e-12     8.10599e-13      #dY:61.0%  
  20              1.25735e-12     7.66845e-13      #dY:61.0%  
  20.2            0.00            0.00                        
//
#-------------------------------------------------------------------------------
#
#name:   JENDL-4.0: TH-232(N,F) E_in=17. MeV
#X.axis: Energy
#Y.axis: 
#wdata:  3
#ldata:  386
#data...
# X               Y               +-dY           
# MeV             1/eV            1/eV           
  0.00            0.00            0.00                        
  1.00e-11        1.38315e-12     0.00                        
  1.20e-11        1.51517e-12     0.00                        
  1.40e-11        1.63657e-12     0.00                        
  1.60e-11        1.74957e-12     0.00                        
  1.80e-11        1.8557e-12      0.00                        
  2.20e-11        2.05155e-12     0.00                        
  2.50e-11        2.18696e-12     0.00                        
  2.90e-11        2.35543e-12     0.00                        
  3.40e-11        2.55042e-12     6.79746e-14      #dY:2.7%   
  4.00e-11        2.76631e-12     7.37286e-14      #dY:2.7%   
  4.60e-11        2.96654e-12     7.90652e-14      #dY:2.7%   
  5.40e-11        3.21417e-12     8.56651e-14      #dY:2.7%   
  6.30e-11        3.4717e-12      9.25289e-14      #dY:2.7%   
  7.40e-11        3.7626e-12      1.00282e-13      #dY:2.7%   
  8.60e-11        4.05622e-12     1.08108e-13      #dY:2.7%   
  1.00e-10        4.37394e-12     1.36253e-13      #dY:3.1%   
  1.20e-10        4.79142e-12     1.49258e-13      #dY:3.1%   
  1.40e-10        5.17533e-12     1.61217e-13      #dY:3.1%   
  1.60e-10        5.53266e-12     1.72348e-13      #dY:3.1%   
  1.80e-10        5.86828e-12     1.82803e-13      #dY:3.1%   
  2.20e-10        6.48763e-12     2.02096e-13      #dY:3.1%   
  2.50e-10        6.91584e-12     2.15436e-13      #dY:3.1%   
  2.90e-10        7.4486e-12      2.32032e-13      #dY:3.1%   
  3.40e-10        8.06521e-12     2.49097e-13      #dY:3.1%   
  4.00e-10        8.74796e-12     2.70184e-13      #dY:3.1%   
  4.60e-10        9.38115e-12     2.89741e-13      #dY:3.1%   
  5.40e-10        1.01642e-11     3.13925e-13      #dY:3.1%   
  6.30e-10        1.09787e-11     3.39082e-13      #dY:3.1%   
  7.40e-10        1.18986e-11     3.67493e-13      #dY:3.1%   
  8.60e-10        1.28271e-11     3.9617e-13       #dY:3.1%   
  1.00e-9         1.38319e-11     4.27204e-13      #dY:3.1%   
  1.20e-9         1.51521e-11     4.71995e-13      #dY:3.1%   
  1.40e-9         1.63662e-11     5.09815e-13      #dY:3.1%   
  1.60e-9         1.74962e-11     5.45015e-13      #dY:3.1%   
  1.80e-9         1.85576e-11     5.78078e-13      #dY:3.1%   
  2.20e-9         2.05163e-11     6.39093e-13      #dY:3.1%   
  2.50e-9         2.18705e-11     6.81277e-13      #dY:3.1%   
  2.90e-9         2.35553e-11     7.33759e-13      #dY:3.1%   
  3.40e-9         2.55053e-11     7.87719e-13      #dY:3.1%   
  4.00e-9         2.76645e-11     8.54405e-13      #dY:3.1%   
  4.60e-9         2.9667e-11      9.16252e-13      #dY:3.1%   
  5.40e-9         3.21435e-11     9.92737e-13      #dY:3.1%   
  6.30e-9         3.47192e-11     1.07229e-12      #dY:3.1%   
  7.40e-9         3.76286e-11     1.16214e-12      #dY:3.1%   
  8.60e-9         4.05652e-11     1.25284e-12      #dY:3.1%   
  1.00e-8         4.37428e-11     1.3626e-12       #dY:3.1%   
  1.20e-8         4.79183e-11     1.49267e-12      #dY:3.1%   
  1.40e-8         5.1758e-11      1.61228e-12      #dY:3.1%   
  1.60e-8         5.53321e-11     1.72361e-12      #dY:3.1%   
  1.80e-8         5.86889e-11     1.82818e-12      #dY:3.1%   
  2.20e-8         6.48838e-11     2.02115e-12      #dY:3.1%   
  2.50e-8         6.9167e-11      2.15457e-12      #dY:3.1%   
  2.90e-8         7.44959e-11     2.32057e-12      #dY:3.1%   
  3.40e-8         8.06637e-11     2.49122e-12      #dY:3.1%   
  4.00e-8         8.74933e-11     2.70215e-12      #dY:3.1%   
  4.60e-8         9.38272e-11     2.89777e-12      #dY:3.1%   
  5.40e-8         1.01661e-10     3.13971e-12      #dY:3.1%   
  6.30e-8         1.09808e-10     3.39132e-12      #dY:3.1%   
  7.40e-8         1.19011e-10     3.67555e-12      #dY:3.1%   
  8.60e-8         1.28301e-10     3.96246e-12      #dY:3.1%   
  1.00e-7         1.38353e-10     4.27291e-12      #dY:3.1%   
  1.20e-7         1.51562e-10     4.7209e-12       #dY:3.1%   
  1.40e-7         1.6371e-10      5.09929e-12      #dY:3.1%   
  1.60e-7         1.75017e-10     5.45149e-12      #dY:3.1%   
  1.80e-7         1.85637e-10     5.78228e-12      #dY:3.1%   
  2.20e-7         2.05238e-10     6.39282e-12      #dY:3.1%   
  2.50e-7         2.1879e-10      6.81494e-12      #dY:3.1%   
  2.90e-7         2.35652e-10     7.34017e-12      #dY:3.1%   
  3.40e-7         2.55169e-10     7.87971e-12      #dY:3.1%   
  4.00e-7         2.76782e-10     8.54713e-12      #dY:3.1%   
  4.60e-7         2.96827e-10     9.16613e-12      #dY:3.1%   
  5.40e-7         3.2162e-10      9.93174e-12      #dY:3.1%   
  6.30e-7         3.47407e-10     1.07281e-11      #dY:3.1%   
  7.40e-7         3.76538e-10     1.16276e-11      #dY:3.1%   
  8.60e-7         4.05945e-10     1.25357e-11      #dY:3.1%   
  1.00e-6         4.3777e-10      1.35185e-11      #dY:3.1%   
  1.20e-6         4.79592e-10     1.49361e-11      #dY:3.1%   
  1.40e-6         5.18058e-10     1.61341e-11      #dY:3.1%   
  1.60e-6         5.53867e-10     1.72493e-11      #dY:3.1%   
  1.80e-6         5.87503e-10     1.82969e-11      #dY:3.1%   
  2.20e-6         6.49589e-10     2.02304e-11      #dY:3.1%   
  2.50e-6         6.92523e-10     2.15675e-11      #dY:3.1%   
  2.90e-6         7.45948e-10     2.32314e-11      #dY:3.1%   
  3.40e-6         8.07797e-10     2.49385e-11      #dY:3.1%   
  4.00e-6         8.76297e-10     2.70532e-11      #dY:3.1%   
  4.60e-6         9.39842e-10     2.9015e-11       #dY:3.1%   
  5.40e-6         1.01845e-9      3.14418e-11      #dY:3.1%   
  6.30e-6         1.10023e-9      3.39665e-11      #dY:3.1%   
  7.40e-6         1.19263e-9      3.68191e-11      #dY:3.1%   
  8.60e-6         1.28594e-9      3.96998e-11      #dY:3.1%   
  1.00e-5         1.38694e-9      4.28179e-11      #dY:3.1%   
  1.20e-5         1.51971e-9      4.72025e-11      #dY:3.1%   
  1.40e-5         1.64187e-9      5.09968e-11      #dY:3.1%   
  1.60e-5         1.75562e-9      5.45299e-11      #dY:3.1%   
  1.80e-5         1.86251e-9      5.78499e-11      #dY:3.1%   
  2.20e-5         2.05987e-9      6.398e-11        #dY:3.1%   
  2.50e-5         2.19642e-9      6.82213e-11      #dY:3.1%   
  2.90e-5         2.3664e-9       7.35009e-11      #dY:3.1%   
  3.40e-5         2.56327e-9      7.88882e-11      #dY:3.1%   
  4.00e-5         2.78143e-9      8.56024e-11      #dY:3.1%   
  4.60e-5         2.98393e-9      9.18346e-11      #dY:3.1%   
  5.40e-5         3.23457e-9      9.95484e-11      #dY:3.1%   
  6.30e-5         3.4955e-9       1.07579e-10      #dY:3.1%   
  7.40e-5         3.79054e-9      1.16659e-10      #dY:3.1%   
  8.60e-5         4.08869e-9      1.25835e-10      #dY:3.1%   
  1.00e-4         4.41167e-9      1.35775e-10      #dY:3.1%   
  1.20e-4         4.83667e-9      1.49656e-10      #dY:3.1%   
  1.40e-4         5.2281e-9       1.61768e-10      #dY:3.1%   
  1.60e-4         5.59295e-9      1.73057e-10      #dY:3.1%   
  1.80e-4         5.93608e-9      1.83674e-10      #dY:3.1%   
  2.20e-4         6.57044e-9      2.03302e-10      #dY:3.1%   
  2.50e-4         7.0099e-9       2.169e-10        #dY:3.1%   
  2.90e-4         7.55763e-9      2.33848e-10      #dY:3.1%   
  3.40e-4         8.19295e-9      2.4979e-10       #dY:3.0%   
  4.00e-4         8.89811e-9      2.71289e-10      #dY:3.0%   
  4.60e-4         9.5537e-9       2.91277e-10      #dY:3.0%   
  5.40e-4         1.03666e-8      3.16061e-10      #dY:3.0%   
  6.30e-4         1.12145e-8      3.41912e-10      #dY:3.0%   
  7.40e-4         1.21753e-8      3.71206e-10      #dY:3.0%   
  8.60e-4         1.31483e-8      4.00871e-10      #dY:3.0%   
  1.00e-3         1.42049e-8      4.33085e-10      #dY:3.0%   
  1.20e-3         1.5599e-8       4.75103e-10      #dY:3.0%   
  1.40e-3         1.68867e-8      5.14322e-10      #dY:3.0%   
  1.60e-3         1.80902e-8      5.50978e-10      #dY:3.0%   
  1.80e-3         1.92249e-8      5.85538e-10      #dY:3.0%   
  2.20e-3         2.13298e-8      6.49647e-10      #dY:3.0%   
  2.50e-3         2.27933e-8      6.94221e-10      #dY:3.0%   
  2.90e-3         2.46234e-8      7.49961e-10      #dY:3.0%   
  3.40e-3         2.67543e-8      7.93006e-10      #dY:3.0%   
  4.00e-3         2.91297e-8      8.63414e-10      #dY:3.0%   
  4.60e-3         3.13474e-8      9.29147e-10      #dY:3.0%   
  5.40e-3         3.41095e-8      1.01102e-9       #dY:3.0%   
  6.30e-3         3.70047e-8      1.09683e-9       #dY:3.0%   
  7.40e-3         4.03024e-8      1.19458e-9       #dY:3.0%   
  8.60e-3         4.36599e-8      1.29409e-9       #dY:3.0%   
  0.01            4.73253e-8      1.40274e-9       #dY:3.0%   
  0.012           5.2192e-8       1.51672e-9       #dY:2.9%   
  0.014           5.67168e-8      1.64821e-9       #dY:2.9%   
  0.016           6.09702e-8      1.77182e-9       #dY:2.9%   
  0.018           6.50012e-8      1.88896e-9       #dY:2.9%   
  0.022           7.25295e-8      2.10774e-9       #dY:2.9%   
  0.025           7.78007e-8      2.26092e-9       #dY:2.9%   
  0.029           8.44322e-8      2.45363e-9       #dY:2.9%   
  0.034           9.22062e-8      2.52677e-9       #dY:2.7%   
  0.04            1.00933e-7      2.76591e-9       #dY:2.7%   
  0.046           1.09134e-7      2.99065e-9       #dY:2.7%   
  0.054           1.19414e-7      3.27235e-9       #dY:2.7%   
  0.063           1.30258e-7      3.56952e-9       #dY:2.7%   
  0.074           1.42685e-7      3.91006e-9       #dY:2.7%   
  0.085           1.54375e-7      4.2304e-9        #dY:2.7%   
  0.17            2.29515e-7      5.89218e-9       #dY:2.6%   
  0.255           2.75512e-7      7.57258e-9       #dY:2.7%   
  0.34            3.12988e-7      8.60263e-9       #dY:2.7%   
  0.425           3.36277e-7      8.88661e-9       #dY:2.6%   
  0.51            3.55293e-7      9.38914e-9       #dY:2.6%   
  0.595           3.64866e-7      9.64212e-9       #dY:2.6%   
  0.68            3.71928e-7      1.00219e-8       #dY:2.7%   
  0.765           3.7231e-7       1.00322e-8       #dY:2.7%   
  0.85            3.71073e-7      9.44181e-9       #dY:2.5%   
  0.935           3.67317e-7      9.34624e-9       #dY:2.5%   
  1.02            3.62464e-7      8.52441e-9       #dY:2.4%   
  1.105           3.54567e-7      8.33869e-9       #dY:2.4%   
  1.19            3.45901e-7      8.13488e-9       #dY:2.4%   
  1.275           3.35821e-7      7.16575e-9       #dY:2.1%   
  1.36            3.25277e-7      6.94076e-9       #dY:2.1%   
  1.445           3.14149e-7      5.86132e-9       #dY:1.9%   
  1.53            3.02775e-7      5.64911e-9       #dY:1.9%   
  1.615           2.91157e-7      4.5337e-9        #dY:1.6%   
  1.7             2.79441e-7      4.35127e-9       #dY:1.6%   
  1.785           2.67738e-7      4.16903e-9       #dY:1.6%   
  1.87            2.56037e-7      3.10265e-9       #dY:1.2%   
  1.955           2.44531e-7      2.96322e-9       #dY:1.2%   
  2.04            2.33098e-7      1.97073e-9       #dY:0.8%   
  2.125           2.22044e-7      1.87727e-9       #dY:0.8%   
  2.21            2.11108e-7      1.03421e-9       #dY:0.5%   
  2.295           2.00732e-7      9.83377e-10      #dY:0.5%   
  2.38            1.90506e-7      9.33281e-10      #dY:0.5%   
  2.465           1.80883e-7      5.4631e-10       #dY:0.3%   
  2.55            1.71427e-7      5.17751e-10      #dY:0.3%   
  2.635           1.62519e-7      9.28076e-10      #dY:0.6%   
  2.72            1.53787e-7      8.78212e-10      #dY:0.6%   
  2.805           1.45697e-7      1.46484e-9       #dY:1.0%   
  2.89            1.37786e-7      1.3853e-9        #dY:1.0%   
  2.975           1.30393e-7      1.31097e-9       #dY:1.0%   
  3.06            1.23178e-7      1.82727e-9       #dY:1.5%   
  3.145           1.1643e-7       1.72717e-9       #dY:1.5%   
  3.23            1.09856e-7      2.19303e-9       #dY:2.0%   
  3.315           1.03803e-7      2.07219e-9       #dY:2.0%   
  3.4             9.79173e-8      1.9547e-9        #dY:2.0%   
  3.485           9.24848e-8      2.35248e-9       #dY:2.5%   
  3.57            8.72111e-8      2.21833e-9       #dY:2.5%   
  3.655           8.23396e-8      2.56456e-9       #dY:3.1%   
  3.74            7.76181e-8      2.4175e-9        #dY:3.1%   
  3.825           7.3263e-8       2.71832e-9       #dY:3.7%   
  3.91            6.90486e-8      2.56195e-9       #dY:3.7%   
  3.995           6.51613e-8      2.41772e-9       #dY:3.7%   
  4.08            6.14052e-8      2.65167e-9       #dY:4.3%   
  4.165           5.79981e-8      2.50454e-9       #dY:4.3%   
  4.25            5.47128e-8      2.71608e-9       #dY:5.0%   
  4.335           5.17902e-8      2.57099e-9       #dY:5.0%   
  4.42            4.89803e-8      2.74136e-9       #dY:5.6%   
  4.505           4.64847e-8      2.60168e-9       #dY:5.6%   
  4.59            4.40929e-8      2.46782e-9       #dY:5.6%   
  4.675           4.19114e-8      2.59834e-9       #dY:6.2%   
  4.76            3.98253e-8      2.46901e-9       #dY:6.2%   
  4.845           3.78827e-8      2.5658e-9        #dY:6.8%   
  4.93            3.60275e-8      2.44015e-9       #dY:6.8%   
  5.015           3.42789e-8      2.50531e-9       #dY:7.3%   
  5.1             3.26103e-8      2.38336e-9       #dY:7.3%   
  5.185           3.10368e-8      2.26836e-9       #dY:7.3%   
  5.27            2.95363e-8      2.31274e-9       #dY:7.8%   
  5.355           2.81212e-8      2.20193e-9       #dY:7.8%   
  5.44            2.67728e-8      2.23016e-9       #dY:8.3%   
  5.525           2.55e-8         2.12414e-9       #dY:8.3%   
  5.61            2.42879e-8      2.13995e-9       #dY:8.8%   
  5.695           2.31433e-8      2.0391e-9        #dY:8.8%   
  5.78            2.20538e-8      1.94311e-9       #dY:8.8%   
  5.865           2.10248e-8      1.94883e-9       #dY:9.3%   
  5.95            2.00458e-8      1.85809e-9       #dY:9.3%   
  6.035           1.91214e-8      1.85107e-9       #dY:9.7%   
  6.12            1.82424e-8      1.76597e-9       #dY:9.7%   
  6.205           1.74112e-8      1.7533e-9        #dY:10.1%  
  6.29            1.66212e-8      1.67375e-9       #dY:10.1%  
  6.375           1.58726e-8      1.59837e-9       #dY:10.1%  
  6.46            1.51613e-8      1.58027e-9       #dY:10.4%  
  6.545           1.44856e-8      1.50984e-9       #dY:10.4%  
  6.63            1.38434e-8      1.48674e-9       #dY:10.7%  
  6.715           1.32317e-8      1.42105e-9       #dY:10.7%  
  6.8             1.26504e-8      1.35862e-9       #dY:10.7%  
  6.885           1.20949e-8      1.3333e-9        #dY:11.0%  
  6.97            1.15668e-8      1.27509e-9       #dY:11.0%  
  7.055           1.10621e-8      1.2445e-9        #dY:11.3%  
  7.14            1.05821e-8      1.1905e-9        #dY:11.3%  
  7.225           1.0122e-8       1.15984e-9       #dY:11.5%  
  7.31            9.68421e-9      1.10968e-9       #dY:11.5%  
  7.395           9.26659e-9      1.06182e-9       #dY:11.5%  
  7.48            8.86903e-9      1.03578e-9       #dY:11.7%  
  7.565           8.4924e-9       9.91794e-10      #dY:11.7%  
  7.65            8.13384e-9      9.60256e-10      #dY:11.8%  
  7.735           7.79457e-9      9.20203e-10      #dY:11.8%  
  7.82            7.47154e-9      8.9281e-10       #dY:11.9%  
  7.905           7.16715e-9      8.56437e-10      #dY:11.9%  
  7.99            6.87737e-9      8.2181e-10       #dY:11.9%  
  8.075           6.60481e-9      7.9206e-10       #dY:12.0%  
  8.16            6.34539e-9      7.6095e-10       #dY:12.0%  
  8.245           6.10172e-9      7.34645e-10      #dY:12.0%  
  8.33            5.86986e-9      7.06729e-10      #dY:12.0%  
  8.415           5.65401e-9      6.77652e-10      #dY:12.0%  
  8.5             5.44877e-9      6.53053e-10      #dY:12.0%  
  8.585           5.25905e-9      6.30315e-10      #dY:12.0%  
  8.67            5.07884e-9      5.99944e-10      #dY:11.8%  
  8.755           4.91378e-9      5.80446e-10      #dY:11.8%  
  8.84            4.75726e-9      5.53022e-10      #dY:11.6%  
  8.925           4.61821e-9      5.36858e-10      #dY:11.6%  
  9.01            4.48682e-9      5.0922e-10       #dY:11.3%  
  9.095           4.37586e-9      4.96627e-10      #dY:11.3%  
  9.18            4.27178e-9      4.84815e-10      #dY:11.3%  
  9.265           4.19673e-9      4.58889e-10      #dY:10.9%  
  9.35            4.12785e-9      4.51358e-10      #dY:10.9%  
  9.435           4.10203e-9      4.24052e-10      #dY:10.3%  
  9.52            4.08172e-9      4.21953e-10      #dY:10.3%  
  9.605           4.13186e-9      3.91637e-10      #dY:9.5%   
  9.69            4.18694e-9      3.96858e-10      #dY:9.5%   
  9.775           4.34401e-9      4.11746e-10      #dY:9.5%   
  9.86            4.5055e-9       3.72946e-10      #dY:8.3%   
  9.945           4.6451e-9       3.84501e-10      #dY:8.3%   
  10.03           4.78868e-9      3.30418e-10      #dY:6.9%   
  10.115          5.13047e-9      3.54001e-10      #dY:6.9%   
  10.2            5.47582e-9      3.7783e-10       #dY:6.9%   
  10.285          6.03217e-9      3.36603e-10      #dY:5.6%   
  10.37           6.5917e-9       3.67825e-10      #dY:5.6%   
  10.455          6.73277e-9      2.80327e-10      #dY:4.2%   
  10.54           6.87668e-9      2.86319e-10      #dY:4.2%   
  10.625          6.11571e-9      2.08285e-10      #dY:3.4%   
  10.71           5.35728e-9      1.82455e-10      #dY:3.4%   
  10.795          4.37727e-9      1.49078e-10      #dY:3.4%   
  10.88           3.39955e-9      1.29658e-10      #dY:3.8%   
  10.965          2.45973e-9      9.38138e-11      #dY:3.8%   
  11.05           1.52196e-9      8.84467e-11      #dY:5.8%   
  11.135          1.12338e-9      6.52837e-11      #dY:5.8%   
  11.22           7.26617e-10     9.10878e-11      #dY:12.5%  
  11.305          6.17724e-10     7.74371e-11      #dY:12.5%  
  11.39           5.10458e-10     6.39904e-11      #dY:12.5%  
  11.475          4.69547e-10     1.11853e-10      #dY:23.8%  
  11.56           4.30091e-10     1.02454e-10      #dY:23.8%  
  11.645          4.03939e-10     1.18474e-10      #dY:29.3%  
  11.73           3.79087e-10     1.11185e-10      #dY:29.3%  
  11.815          3.576e-10       1.10056e-10      #dY:30.8%  
  11.9            3.37274e-10     1.038e-10        #dY:30.8%  
  11.985          3.18429e-10     9.80003e-11      #dY:30.8%  
  12.07           3.00622e-10     9.45046e-11      #dY:31.4%  
  12.155          2.83864e-10     8.92365e-11      #dY:31.4%  
  12.24           2.68034e-10     8.54438e-11      #dY:31.9%  
  12.325          2.53092e-10     8.06805e-11      #dY:31.9%  
  12.41           2.38978e-10     7.71558e-11      #dY:32.3%  
  12.495          2.25648e-10     7.28522e-11      #dY:32.3%  
  12.58           2.13058e-10     6.87874e-11      #dY:32.3%  
  12.665          2.01167e-10     6.61189e-11      #dY:32.9%  
  12.75           1.89937e-10     6.24279e-11      #dY:32.9%  
  12.835          1.79329e-10     6.00363e-11      #dY:33.5%  
  12.92           1.69312e-10     5.66828e-11      #dY:33.5%  
  13.005          1.59851e-10     5.45994e-11      #dY:34.2%  
  13.09           1.50916e-10     5.15475e-11      #dY:34.2%  
  13.175          1.42478e-10     4.86654e-11      #dY:34.2%  
  13.26           1.3451e-10      4.68465e-11      #dY:34.8%  
  13.345          1.26985e-10     4.42257e-11      #dY:34.8%  
  13.43           1.19879e-10     4.25812e-11      #dY:35.5%  
  13.515          1.13169e-10     4.01978e-11      #dY:35.5%  
  13.6            1.06833e-10     3.79473e-11      #dY:35.5%  
  13.685          1.00851e-10     3.64248e-11      #dY:36.1%  
  13.77           9.52013e-11     3.43843e-11      #dY:36.1%  
  13.855          8.98672e-11     3.3115e-11       #dY:36.8%  
  13.94           8.48307e-11     3.12591e-11      #dY:36.8%  
  14.025          8.00753e-11     3.00243e-11      #dY:37.5%  
  14.11           7.55854e-11     2.83408e-11      #dY:37.5%  
  14.195          7.13463e-11     2.67514e-11      #dY:37.5%  
  14.28           6.7344e-11      2.56869e-11      #dY:38.1%  
  14.365          6.35653e-11     2.42456e-11      #dY:38.1%  
  14.45           5.99979e-11     2.32701e-11      #dY:38.8%  
  14.535          5.66299e-11     2.19638e-11      #dY:38.8%  
  14.62           5.34503e-11     2.11208e-11      #dY:39.5%  
  14.705          5.04486e-11     1.99347e-11      #dY:39.5%  
  14.79           4.76149e-11     1.8815e-11       #dY:39.5%  
  14.875          4.49398e-11     1.80438e-11      #dY:40.2%  
  14.96           4.24144e-11     1.70298e-11      #dY:40.2%  
  15.045          4.00305e-11     1.63242e-11      #dY:40.8%  
  15.13           3.77802e-11     1.54066e-11      #dY:40.8%  
  15.215          3.56559e-11     1.47958e-11      #dY:41.5%  
  15.3            3.36507e-11     1.39637e-11      #dY:41.5%  
  15.385          3.17579e-11     1.31783e-11      #dY:41.5%  
  15.47           2.99712e-11     1.26233e-11      #dY:42.1%  
  15.555          2.82847e-11     1.1913e-11       #dY:42.1%  
  15.64           2.66929e-11     1.1431e-11       #dY:42.8%  
  15.725          2.51903e-11     1.07875e-11      #dY:42.8%  
  15.81           2.37721e-11     1.03258e-11      #dY:43.4%  
  15.895          2.24335e-11     9.74434e-12      #dY:43.4%  
  15.98           2.11701e-11     9.19557e-12      #dY:43.4%  
  16.065          1.99776e-11     8.81698e-12      #dY:44.1%  
  16.15           1.88521e-11     8.32025e-12      #dY:44.1%  
  16.235          1.77898e-11     7.97426e-12      #dY:44.8%  
  16.32           1.67872e-11     7.52484e-12      #dY:44.8%  
  16.405          1.5841e-11      7.20984e-12      #dY:45.5%  
  16.49           1.4948e-11      6.80341e-12      #dY:45.5%  
  16.575          1.41052e-11     6.41982e-12      #dY:45.5%  
  16.66           1.33098e-11     6.13698e-12      #dY:46.1%  
  16.745          1.25591e-11     5.79085e-12      #dY:46.1%  
  16.83           1.18506e-11     5.5444e-12       #dY:46.8%  
  16.915          1.11821e-11     5.23163e-12      #dY:46.8%  
  17              1.05511e-11     4.93642e-12      #dY:46.8%  
  17.085          9.95566e-12     4.72468e-12      #dY:47.5%  
  17.17           9.39374e-12     4.45801e-12      #dY:47.5%  
  17.255          8.86347e-12     4.26562e-12      #dY:48.1%  
  17.34           8.36306e-12     4.02479e-12      #dY:48.1%  
  17.425          7.89083e-12     3.84974e-12      #dY:48.8%  
  17.51           7.44521e-12     3.63233e-12      #dY:48.8%  
  17.595          7.0247e-12      3.42717e-12      #dY:48.8%  
  17.68           6.62789e-12     3.28311e-12      #dY:49.5%  
  17.765          6.25344e-12     3.09762e-12      #dY:49.5%  
  17.85           5.90011e-12     2.961e-12        #dY:50.2%  
  17.935          5.56669e-12     2.79367e-12      #dY:50.2%  
  18.02           5.25208e-12     2.66973e-12      #dY:50.8%  
  18.105          4.9552e-12      2.51882e-12      #dY:50.8%  
  18.19           4.67508e-12     2.37643e-12      #dY:50.8%  
  18.275          4.41076e-12     2.27047e-12      #dY:51.5%  
  18.36           4.16135e-12     2.14208e-12      #dY:51.5%  
  18.445          3.92602e-12     2.04931e-12      #dY:52.2%  
  18.53           3.70397e-12     1.9334e-12       #dY:52.2%  
  18.615          3.49445e-12     1.8461e-12       #dY:52.8%  
  18.7            3.29676e-12     1.74166e-12      #dY:52.8%  
  18.785          3.11023e-12     1.64312e-12      #dY:52.8%  
  18.87           2.93424e-12     1.57108e-12      #dY:53.5%  
  18.955          2.76819e-12     1.48217e-12      #dY:53.5%  
  19.04           2.61151e-12     1.41448e-12      #dY:54.2%  
  19.125          2.46369e-12     1.33441e-12      #dY:54.2%  
  19.21           2.32422e-12     1.27519e-12      #dY:54.9%  
  19.295          2.19263e-12     1.20299e-12      #dY:54.9%  
  19.38           2.06848e-12     1.13488e-12      #dY:54.9%  
  19.465          1.95134e-12     1.0842e-12       #dY:55.6%  
  19.55           1.84083e-12     1.0228e-12       #dY:55.6%  
  19.635          1.73656e-12     9.75334e-13      #dY:56.2%  
  19.72           1.63819e-12     9.20085e-13      #dY:56.2%  
  19.805          1.54538e-12     8.78559e-13      #dY:56.9%  
  19.89           1.45782e-12     8.28781e-13      #dY:56.9%  
  19.975          1.37522e-12     7.81822e-13      #dY:56.9%  
  20.175          0.00            0.00                        
//
#-------------------------------------------------------------------------------
#
#name:   JENDL-4.0: TH-232(N,F) E_in=18. MeV
#X.axis: Energy
#Y.axis: 
#wdata:  3
#ldata:  374
#data...
# X               Y               +-dY           
# MeV             1/eV            1/eV           
  0.00            0.00            0.00                        
  1.00e-11        1.37385e-12     0.00                        
  1.20e-11        1.50497e-12     0.00                        
  1.40e-11        1.62556e-12     0.00                        
  1.60e-11        1.73779e-12     0.00                        
  1.80e-11        1.84321e-12     0.00                        
  2.20e-11        2.03774e-12     0.00                        
  2.50e-11        2.17224e-12     0.00                        
  2.90e-11        2.33958e-12     0.00                        
  3.40e-11        2.53325e-12     6.79745e-14      #dY:2.7%   
  4.00e-11        2.7477e-12      7.37288e-14      #dY:2.7%   
  4.60e-11        2.94658e-12     7.90653e-14      #dY:2.7%   
  5.40e-11        3.19254e-12     8.56651e-14      #dY:2.7%   
  6.30e-11        3.44834e-12     9.2529e-14       #dY:2.7%   
  7.40e-11        3.73728e-12     1.00282e-13      #dY:2.7%   
  8.60e-11        4.02892e-12     1.08108e-13      #dY:2.7%   
  1.00e-10        4.3445e-12      1.36253e-13      #dY:3.1%   
  1.20e-10        4.75917e-12     1.49258e-13      #dY:3.1%   
  1.40e-10        5.14049e-12     1.61216e-13      #dY:3.1%   
  1.60e-10        5.49542e-12     1.72348e-13      #dY:3.1%   
  1.80e-10        5.82878e-12     1.82803e-13      #dY:3.1%   
  2.20e-10        6.44396e-12     2.02096e-13      #dY:3.1%   
  2.50e-10        6.86929e-12     2.15435e-13      #dY:3.1%   
  2.90e-10        7.39846e-12     2.32031e-13      #dY:3.1%   
  3.40e-10        8.01092e-12     2.49097e-13      #dY:3.1%   
  4.00e-10        8.68907e-12     2.70184e-13      #dY:3.1%   
  4.60e-10        9.318e-12       2.89741e-13      #dY:3.1%   
  5.40e-10        1.00958e-11     3.13926e-13      #dY:3.1%   
  6.30e-10        1.09047e-11     3.39079e-13      #dY:3.1%   
  7.40e-10        1.18185e-11     3.67493e-13      #dY:3.1%   
  8.60e-10        1.27408e-11     3.96172e-13      #dY:3.1%   
  1.00e-9         1.37387e-11     4.27201e-13      #dY:3.1%   
  1.20e-9         1.50501e-11     4.71996e-13      #dY:3.1%   
  1.40e-9         1.6256e-11      5.09815e-13      #dY:3.1%   
  1.60e-9         1.73784e-11     5.45015e-13      #dY:3.1%   
  1.80e-9         1.84326e-11     5.78077e-13      #dY:3.1%   
  2.20e-9         2.03781e-11     6.39091e-13      #dY:3.1%   
  2.50e-9         2.17232e-11     6.81275e-13      #dY:3.1%   
  2.90e-9         2.33966e-11     7.33756e-13      #dY:3.1%   
  3.40e-9         2.53335e-11     7.87719e-13      #dY:3.1%   
  4.00e-9         2.74781e-11     8.54403e-13      #dY:3.1%   
  4.60e-9         2.94671e-11     9.16249e-13      #dY:3.1%   
  5.40e-9         3.19269e-11     9.92734e-13      #dY:3.1%   
  6.30e-9         3.44852e-11     1.07228e-12      #dY:3.1%   
  7.40e-9         3.73749e-11     1.16213e-12      #dY:3.1%   
  8.60e-9         4.02917e-11     1.25283e-12      #dY:3.1%   
  1.00e-8         4.34479e-11     1.3626e-12       #dY:3.1%   
  1.20e-8         4.75951e-11     1.49266e-12      #dY:3.1%   
  1.40e-8         5.1409e-11      1.61227e-12      #dY:3.1%   
  1.60e-8         5.49588e-11     1.7236e-12       #dY:3.1%   
  1.80e-8         5.8293e-11      1.82817e-12      #dY:3.1%   
  2.20e-8         6.4446e-11      2.02114e-12      #dY:3.1%   
  2.50e-8         6.87001e-11     2.15455e-12      #dY:3.1%   
  2.90e-8         7.3993e-11      2.32055e-12      #dY:3.1%   
  3.40e-8         8.0119e-11      2.49121e-12      #dY:3.1%   
  4.00e-8         8.69023e-11     2.70213e-12      #dY:3.1%   
  4.60e-8         9.31933e-11     2.89774e-12      #dY:3.1%   
  5.40e-8         1.00974e-10     3.13968e-12      #dY:3.1%   
  6.30e-8         1.09066e-10     3.39129e-12      #dY:3.1%   
  7.40e-8         1.18206e-10     3.67549e-12      #dY:3.1%   
  8.60e-8         1.27433e-10     3.96239e-12      #dY:3.1%   
  1.00e-7         1.37416e-10     4.2728e-12       #dY:3.1%   
  1.20e-7         1.50535e-10     4.72083e-12      #dY:3.1%   
  1.40e-7         1.626e-10       5.0992e-12       #dY:3.1%   
  1.60e-7         1.7383e-10      5.45137e-12      #dY:3.1%   
  1.80e-7         1.84378e-10     5.78216e-12      #dY:3.1%   
  2.20e-7         2.03844e-10     6.39263e-12      #dY:3.1%   
  2.50e-7         2.17304e-10     6.81474e-12      #dY:3.1%   
  2.90e-7         2.3405e-10      7.3399e-12       #dY:3.1%   
  3.40e-7         2.53433e-10     7.8796e-12       #dY:3.1%   
  4.00e-7         2.74897e-10     8.54695e-12      #dY:3.1%   
  4.60e-7         2.94804e-10     9.16589e-12      #dY:3.1%   
  5.40e-7         3.19425e-10     9.93139e-12      #dY:3.1%   
  6.30e-7         3.45034e-10     1.07276e-11      #dY:3.1%   
  7.40e-7         3.73963e-10     1.16271e-11      #dY:3.1%   
  8.60e-7         4.03166e-10     1.2535e-11       #dY:3.1%   
  1.00e-6         4.34768e-10     1.35176e-11      #dY:3.1%   
  1.20e-6         4.76298e-10     1.49356e-11      #dY:3.1%   
  1.40e-6         5.14494e-10     1.61334e-11      #dY:3.1%   
  1.60e-6         5.5005e-10      1.72483e-11      #dY:3.1%   
  1.80e-6         5.8345e-10      1.82957e-11      #dY:3.1%   
  2.20e-6         6.45095e-10     2.02287e-11      #dY:3.1%   
  2.50e-6         6.87723e-10     2.15654e-11      #dY:3.1%   
  2.90e-6         7.40767e-10     2.32288e-11      #dY:3.1%   
  3.40e-6         8.02172e-10     2.49373e-11      #dY:3.1%   
  4.00e-6         8.70177e-10     2.70514e-11      #dY:3.1%   
  4.60e-6         9.33261e-10     2.90125e-11      #dY:3.1%   
  5.40e-6         1.0113e-9       3.14385e-11      #dY:3.1%   
  6.30e-6         1.09247e-9      3.39619e-11      #dY:3.1%   
  7.40e-6         1.1842e-9       3.68135e-11      #dY:3.1%   
  8.60e-6         1.27681e-9      3.96925e-11      #dY:3.1%   
  1.00e-5         1.37705e-9      4.28087e-11      #dY:3.1%   
  1.20e-5         1.50882e-9      4.71974e-11      #dY:3.1%   
  1.40e-5         1.63004e-9      5.09893e-11      #dY:3.1%   
  1.60e-5         1.74292e-9      5.45203e-11      #dY:3.1%   
  1.80e-5         1.84897e-9      5.78376e-11      #dY:3.1%   
  2.20e-5         2.04479e-9      6.39631e-11      #dY:3.1%   
  2.50e-5         2.18024e-9      6.82001e-11      #dY:3.1%   
  2.90e-5         2.34886e-9      7.34747e-11      #dY:3.1%   
  3.40e-5         2.54413e-9      7.88764e-11      #dY:3.1%   
  4.00e-5         2.76049e-9      8.55842e-11      #dY:3.1%   
  4.60e-5         2.96128e-9      9.18094e-11      #dY:3.1%   
  5.40e-5         3.2098e-9       9.95143e-11      #dY:3.1%   
  6.30e-5         3.46847e-9      1.07534e-10      #dY:3.1%   
  7.40e-5         3.76091e-9      1.16601e-10      #dY:3.1%   
  8.60e-5         4.05638e-9      1.25761e-10      #dY:3.1%   
  1.00e-4         4.37642e-9      1.35683e-10      #dY:3.1%   
  1.20e-4         4.79744e-9      1.49605e-10      #dY:3.1%   
  1.40e-4         5.18512e-9      1.61694e-10      #dY:3.1%   
  1.60e-4         5.5464e-9       1.7296e-10       #dY:3.1%   
  1.80e-4         5.8861e-9       1.83554e-10      #dY:3.1%   
  2.20e-4         6.51397e-9      2.03133e-10      #dY:3.1%   
  2.50e-4         6.9488e-9       2.16693e-10      #dY:3.1%   
  2.90e-4         7.49062e-9      2.33589e-10      #dY:3.1%   
  3.40e-4         8.11887e-9      2.49673e-10      #dY:3.1%   
  4.00e-4         8.81595e-9      2.71109e-10      #dY:3.1%   
  4.60e-4         9.46378e-9      2.91031e-10      #dY:3.1%   
  5.40e-4         1.02667e-8      3.15723e-10      #dY:3.1%   
  6.30e-4         1.11039e-8      3.41469e-10      #dY:3.1%   
  7.40e-4         1.20521e-8      3.70628e-10      #dY:3.1%   
  8.60e-4         1.30119e-8      4.00144e-10      #dY:3.1%   
  1.00e-3         1.40536e-8      4.32178e-10      #dY:3.1%   
  1.20e-3         1.54271e-8      4.746e-10        #dY:3.1%   
  1.40e-3         1.66951e-8      5.13608e-10      #dY:3.1%   
  1.60e-3         1.78794e-8      5.50042e-10      #dY:3.1%   
  1.80e-3         1.89953e-8      5.84372e-10      #dY:3.1%   
  2.20e-3         2.10637e-8      6.48004e-10      #dY:3.1%   
  2.50e-3         2.25006e-8      6.92209e-10      #dY:3.1%   
  2.90e-3         2.42961e-8      7.47446e-10      #dY:3.1%   
  3.40e-3         2.63848e-8      7.91887e-10      #dY:3.0%   
  4.00e-3         2.87108e-8      8.61698e-10      #dY:3.0%   
  4.60e-3         3.08801e-8      9.26805e-10      #dY:3.0%   
  5.40e-3         3.3579e-8       1.00781e-9       #dY:3.0%   
  6.30e-3         3.64046e-8      1.09261e-9       #dY:3.0%   
  7.40e-3         3.96188e-8      1.18908e-9       #dY:3.0%   
  8.60e-3         4.28868e-8      1.28716e-9       #dY:3.0%   
  0.01            4.64496e-8      1.39409e-9       #dY:3.0%   
  0.012           5.1172e-8       1.51209e-9       #dY:3.0%   
  0.014           5.55549e-8      1.6416e-9        #dY:3.0%   
  0.016           5.96682e-8      1.76314e-9       #dY:3.0%   
  0.018           6.35606e-8      1.87816e-9       #dY:3.0%   
  0.022           7.08153e-8      2.09253e-9       #dY:3.0%   
  0.025           7.58838e-8      2.2423e-9        #dY:3.0%   
  0.029           8.22478e-8      2.43035e-9       #dY:3.0%   
  0.034           8.96908e-8      2.51693e-9       #dY:2.8%   
  0.04            9.80247e-8      2.75079e-9       #dY:2.8%   
  0.046           1.05836e-7      2.97e-9          #dY:2.8%   
  0.054           1.15601e-7      3.24402e-9       #dY:2.8%   
  0.063           1.25871e-7      3.53222e-9       #dY:2.8%   
  0.074           1.37601e-7      3.86139e-9       #dY:2.8%   
  0.086           1.49569e-7      4.19724e-9       #dY:2.8%   
  0.09            1.53395e-7      4.30461e-9       #dY:2.8%   
  0.18            2.25548e-7      5.99266e-9       #dY:2.7%   
  0.27            2.69521e-7      7.75537e-9       #dY:2.9%   
  0.36            3.04696e-7      8.76751e-9       #dY:2.9%   
  0.45            3.26635e-7      9.05286e-9       #dY:2.8%   
  0.54            3.44213e-7      9.54004e-9       #dY:2.8%   
  0.63            3.53142e-7      9.95549e-9       #dY:2.8%   
  0.72            3.59532e-7      1.01356e-8       #dY:2.8%   
  0.81            3.59782e-7      9.50703e-9       #dY:2.6%   
  0.9             3.58411e-7      9.4708e-9        #dY:2.6%   
  0.99            3.54298e-7      9.36212e-9       #dY:2.6%   
  1.08            3.49099e-7      8.46032e-9       #dY:2.4%   
  1.17            3.40955e-7      8.26295e-9       #dY:2.4%   
  1.26            3.32085e-7      7.25033e-9       #dY:2.2%   
  1.35            3.22093e-7      7.03218e-9       #dY:2.2%   
  1.44            3.11699e-7      5.90638e-9       #dY:1.9%   
  1.53            3.00606e-7      5.69617e-9       #dY:1.9%   
  1.62            2.89324e-7      4.54207e-9       #dY:1.6%   
  1.71            2.77726e-7      4.35999e-9       #dY:1.6%   
  1.8             2.66082e-7      4.17719e-9       #dY:1.6%   
  1.89            2.54389e-7      3.08758e-9       #dY:1.2%   
  1.98            2.42746e-7      2.94626e-9       #dY:1.2%   
  2.07            2.31254e-7      1.94665e-9       #dY:0.8%   
  2.16            2.19877e-7      1.85088e-9       #dY:0.8%   
  2.25            2.09117e-7      1.01467e-9       #dY:0.5%   
  2.34            1.98512e-7      9.63216e-10      #dY:0.5%   
  2.43            1.88407e-7      5.60337e-10      #dY:0.3%   
  2.52            1.78482e-7      5.30819e-10      #dY:0.3%   
  2.61            1.69167e-7      9.46003e-10      #dY:0.6%   
  2.7             1.60044e-7      8.94986e-10      #dY:0.6%   
  2.79            1.51575e-7      8.47626e-10      #dY:0.6%   
  2.88            1.43304e-7      1.40249e-9       #dY:1.0%   
  2.97            1.35603e-7      1.32712e-9       #dY:1.0%   
  3.06            1.28099e-7      1.83784e-9       #dY:1.4%   
  3.15            1.21086e-7      1.73722e-9       #dY:1.4%   
  3.24            1.14263e-7      2.19021e-9       #dY:1.9%   
  3.33            1.08014e-7      2.07043e-9       #dY:1.9%   
  3.42            1.01949e-7      2.47015e-9       #dY:2.4%   
  3.51            9.63609e-8      2.33476e-9       #dY:2.4%   
  3.6             9.09472e-8      2.20359e-9       #dY:2.4%   
  3.69            8.59511e-8      2.52729e-9       #dY:2.9%   
  3.78            8.11191e-8      2.38521e-9       #dY:2.9%   
  3.87            7.66468e-8      2.65874e-9       #dY:3.5%   
  3.96            7.23278e-8      2.50892e-9       #dY:3.5%   
  4.05            6.82522e-8      2.72744e-9       #dY:4.0%   
  4.14            6.43189e-8      2.57026e-9       #dY:4.0%   
  4.23            6.06664e-8      2.76418e-9       #dY:4.6%   
  4.32            5.71455e-8      2.60376e-9       #dY:4.6%   
  4.41            5.3874e-8       2.75826e-9       #dY:5.1%   
  4.5             5.07235e-8      2.59696e-9       #dY:5.1%   
  4.59            4.77901e-8      2.44677e-9       #dY:5.1%   
  4.68            4.49677e-8      2.5616e-9        #dY:5.7%   
  4.77            4.23405e-8      2.41194e-9       #dY:5.7%   
  4.86            3.98148e-8      2.50842e-9       #dY:6.3%   
  4.95            3.7474e-8       2.36095e-9       #dY:6.3%   
  5.04            3.52258e-8      2.4354e-9        #dY:6.9%   
  5.13            3.31709e-8      2.29333e-9       #dY:6.9%   
  5.22            3.12002e-8      2.35384e-9       #dY:7.5%   
  5.31            2.94442e-8      2.22136e-9       #dY:7.5%   
  5.4             2.77648e-8      2.09466e-9       #dY:7.5%   
  5.49            2.62878e-8      2.14504e-9       #dY:8.2%   
  5.58            2.48801e-8      2.03017e-9       #dY:8.2%   
  5.67            2.36082e-8      2.05934e-9       #dY:8.7%   
  5.76            2.23991e-8      1.95387e-9       #dY:8.7%   
  5.85            2.12793e-8      1.96198e-9       #dY:9.2%   
  5.94            2.02161e-8      1.86395e-9       #dY:9.2%   
  6.03            1.92209e-8      1.85463e-9       #dY:9.6%   
  6.12            1.82769e-8      1.76355e-9       #dY:9.6%   
  6.21            1.73903e-8      1.74757e-9       #dY:10.0%  
  6.3             1.65498e-8      1.66311e-9       #dY:10.0%  
  6.39            1.57591e-8      1.58365e-9       #dY:10.0%  
  6.48            1.501e-8        1.56259e-9       #dY:10.4%  
  6.57            1.43047e-8      1.48917e-9       #dY:10.4%  
  6.66            1.36367e-8      1.46337e-9       #dY:10.7%  
  6.75            1.30072e-8      1.39582e-9       #dY:10.7%  
  6.84            1.24111e-8      1.3665e-9        #dY:11.0%  
  6.93            1.18491e-8      1.30462e-9       #dY:11.0%  
  7.02            1.13172e-8      1.26962e-9       #dY:11.2%  
  7.11            1.08153e-8      1.21331e-9       #dY:11.2%  
  7.2             1.03405e-8      1.16005e-9       #dY:11.2%  
  7.29            9.89103e-9      1.12658e-9       #dY:11.4%  
  7.38            9.46579e-9      1.07815e-9       #dY:11.4%  
  7.47            9.06196e-9      1.04665e-9       #dY:11.5%  
  7.56            8.67986e-9      1.00252e-9       #dY:11.5%  
  7.65            8.31542e-9      9.64853e-10      #dY:11.6%  
  7.74            7.97043e-9      9.24823e-10      #dY:11.6%  
  7.83            7.63954e-9      8.91675e-10      #dY:11.7%  
  7.92            7.32606e-9      8.55086e-10      #dY:11.7%  
  8.01            7.02344e-9      8.18481e-10      #dY:11.7%  
  8.1             6.7364e-9       7.85031e-10      #dY:11.7%  
  8.19            6.45859e-9      7.52656e-10      #dY:11.7%  
  8.28            6.19469e-9      7.2286e-10       #dY:11.7%  
  8.37            5.94118e-9      6.93278e-10      #dY:11.7%  
  8.46            5.70011e-9      6.62505e-10      #dY:11.6%  
  8.55            5.47172e-9      6.3596e-10       #dY:11.6%  
  8.64            5.25444e-9      6.04376e-10      #dY:11.5%  
  8.73            5.04951e-9      5.80805e-10      #dY:11.5%  
  8.82            4.85451e-9      5.53696e-10      #dY:11.4%  
  8.91            4.67182e-9      5.32859e-10      #dY:11.4%  
  9               4.49799e-9      5.13032e-10      #dY:11.4%  
  9.09            4.33557e-9      4.8859e-10       #dY:11.3%  
  9.18            4.18104e-9      4.71176e-10      #dY:11.3%  
  9.27            4.03748e-9      4.46756e-10      #dY:11.1%  
  9.36            3.90097e-9      4.31651e-10      #dY:11.1%  
  9.45            3.7765e-9       4.07882e-10      #dY:10.8%  
  9.54            3.65831e-9      3.95117e-10      #dY:10.8%  
  9.63            3.55279e-9      3.71891e-10      #dY:10.5%  
  9.72            3.45286e-9      3.61431e-10      #dY:10.5%  
  9.81            3.36665e-9      3.3895e-10       #dY:10.1%  
  9.9             3.28542e-9      3.30772e-10      #dY:10.1%  
  9.99            3.22119e-9      3.24305e-10      #dY:10.1%  
  10.08           3.16139e-9      3.02936e-10      #dY:9.6%   
  10.17           3.12564e-9      2.9951e-10       #dY:9.6%   
  10.26           3.09384e-9      2.77517e-10      #dY:9.0%   
  10.35           3.09932e-9      2.78009e-10      #dY:9.0%   
  10.44           3.10833e-9      2.55499e-10      #dY:8.2%   
  10.53           3.1771e-9       2.61152e-10      #dY:8.2%   
  10.62           3.249e-9        2.35284e-10      #dY:7.2%   
  10.71           3.4088e-9       2.46857e-10      #dY:7.2%   
  10.8            3.57139e-9      2.58631e-10      #dY:7.2%   
  10.89           3.67698e-9      2.22958e-10      #dY:6.1%   
  10.98           3.78505e-9      2.29511e-10      #dY:6.1%   
  11.07           4.00768e-9      2.01022e-10      #dY:5.0%   
  11.16           4.23252e-9      2.123e-10        #dY:5.0%   
  11.25           4.80004e-9      1.94896e-10      #dY:4.1%   
  11.34           5.36953e-9      2.18019e-10      #dY:4.1%   
  11.43           5.60945e-9      1.6511e-10       #dY:2.9%   
  11.52           5.85111e-9      1.72223e-10      #dY:2.9%   
  11.61           5.17003e-9      1.23498e-10      #dY:2.4%   
  11.7            4.49049e-9      1.07266e-10      #dY:2.4%   
  11.79           3.59705e-9      8.59239e-11      #dY:2.4%   
  11.88           2.705e-9        7.29751e-11      #dY:2.7%   
  11.97           1.87189e-9      5.04996e-11      #dY:2.7%   
  12.06           1.04e-9         4.36358e-11      #dY:4.2%   
  12.15           7.28991e-10     3.05866e-11      #dY:4.2%   
  12.24           4.19067e-10     4.12999e-11      #dY:9.9%   
  12.33           3.46695e-10     3.41675e-11      #dY:9.9%   
  12.42           2.75289e-10     6.00277e-11      #dY:21.8%  
  12.51           2.51362e-10     5.48104e-11      #dY:21.8%  
  12.6            2.28293e-10     4.97801e-11      #dY:21.8%  
  12.69           2.13698e-10     6.20688e-11      #dY:29.0%  
  12.78           1.99866e-10     5.80513e-11      #dY:29.0%  
  12.87           1.87988e-10     5.8287e-11       #dY:31.0%  
  12.96           1.76788e-10     5.48144e-11      #dY:31.0%  
  13.05           1.66425e-10     5.29636e-11      #dY:31.8%  
  13.14           1.56662e-10     4.98566e-11      #dY:31.8%  
  13.23           1.47498e-10     4.78458e-11      #dY:32.4%  
  13.32           1.38867e-10     4.50461e-11      #dY:32.4%  
  13.41           1.30743e-10     4.31982e-11      #dY:33.0%  
  13.5            1.23093e-10     4.06706e-11      #dY:33.0%  
  13.59           1.15889e-10     3.82903e-11      #dY:33.0%  
  13.68           1.09105e-10     3.65992e-11      #dY:33.5%  
  13.77           1.02717e-10     3.44564e-11      #dY:33.5%  
  13.86           9.67008e-11     3.30433e-11      #dY:34.2%  
  13.95           9.1036e-11      3.11076e-11      #dY:34.2%  
  14.04           8.57019e-11     2.97526e-11      #dY:34.7%  
  14.13           8.06791e-11     2.80088e-11      #dY:34.7%  
  14.22           7.59497e-11     2.67797e-11      #dY:35.3%  
  14.31           7.14965e-11     2.52096e-11      #dY:35.3%  
  14.4            6.73035e-11     2.37311e-11      #dY:35.3%  
  14.49           6.33556e-11     2.26802e-11      #dY:35.8%  
  14.58           5.96384e-11     2.13495e-11      #dY:35.8%  
  14.67           5.61387e-11     2.04429e-11      #dY:36.4%  
  14.76           5.28437e-11     1.9243e-11       #dY:36.4%  
  14.85           4.97414e-11     1.83746e-11      #dY:36.9%  
  14.94           4.68207e-11     1.72956e-11      #dY:36.9%  
  15.03           4.4071e-11      1.65087e-11      #dY:37.5%  
  15.12           4.14823e-11     1.5539e-11       #dY:37.5%  
  15.21           3.90452e-11     1.48595e-11      #dY:38.1%  
  15.3            3.67508e-11     1.39863e-11      #dY:38.1%  
  15.39           3.45909e-11     1.31643e-11      #dY:38.1%  
  15.48           3.25576e-11     1.25558e-11      #dY:38.6%  
  15.57           3.06435e-11     1.18177e-11      #dY:38.6%  
  15.66           2.88416e-11     1.12909e-11      #dY:39.1%  
  15.75           2.71453e-11     1.06269e-11      #dY:39.1%  
  15.84           2.55486e-11     1.01282e-11      #dY:39.6%  
  15.93           2.40456e-11     9.53233e-12      #dY:39.6%  
  16.02           2.26307e-11     9.10043e-12      #dY:40.2%  
  16.11           2.12989e-11     8.56487e-12      #dY:40.2%  
  16.2            2.00453e-11     8.06077e-12      #dY:40.2%  
  16.29           1.88653e-11     7.69276e-12      #dY:40.8%  
  16.38           1.77546e-11     7.23985e-12      #dY:40.8%  
  16.47           1.67091e-11     6.90668e-12      #dY:41.3%  
  16.56           1.57251e-11     6.49995e-12      #dY:41.3%  
  16.65           1.47988e-11     6.18652e-12      #dY:41.8%  
  16.74           1.39271e-11     5.82211e-12      #dY:41.8%  
  16.83           1.31065e-11     5.55043e-12      #dY:42.3%  
  16.92           1.23342e-11     5.22337e-12      #dY:42.3%  
  17.01           1.16073e-11     4.97768e-12      #dY:42.9%  
  17.1            1.09232e-11     4.68431e-12      #dY:42.9%  
  17.19           1.02793e-11     4.40818e-12      #dY:42.9%  
  17.28           9.67323e-12     4.19972e-12      #dY:43.4%  
  17.37           9.10286e-12     3.95209e-12      #dY:43.4%  
  17.46           8.56606e-12     3.76382e-12      #dY:43.9%  
  17.55           8.06085e-12     3.54184e-12      #dY:43.9%  
  17.64           7.58538e-12     3.37808e-12      #dY:44.5%  
  17.73           7.1379e-12      3.1788e-12       #dY:44.5%  
  17.82           6.71677e-12     3.02546e-12      #dY:45.0%  
  17.91           6.32045e-12     2.84695e-12      #dY:45.0%  
  18              5.94746e-12     2.67894e-12      #dY:45.0%  
  18.09           5.59644e-12     2.54903e-12      #dY:45.5%  
  18.18           5.26611e-12     2.39857e-12      #dY:45.5%  
  18.27           4.95524e-12     2.28156e-12      #dY:46.0%  
  18.36           4.66269e-12     2.14686e-12      #dY:46.0%  
  18.45           4.38738e-12     2.04493e-12      #dY:46.6%  
  18.54           4.1283e-12      1.92417e-12      #dY:46.6%  
  18.63           3.88449e-12     1.82927e-12      #dY:47.1%  
  18.72           3.65506e-12     1.72123e-12      #dY:47.1%  
  18.81           3.43916e-12     1.63855e-12      #dY:47.6%  
  18.9            3.23599e-12     1.54175e-12      #dY:47.6%  
  18.99           3.0448e-12      1.45066e-12      #dY:47.6%  
  19.08           2.86489e-12     1.37843e-12      #dY:48.1%  
  19.17           2.69559e-12     1.29697e-12      #dY:48.1%  
  19.26           2.53629e-12     1.23394e-12      #dY:48.7%  
  19.35           2.38638e-12     1.16101e-12      #dY:48.7%  
  19.44           2.24532e-12     1.10426e-12      #dY:49.2%  
  19.53           2.11259e-12     1.03899e-12      #dY:49.2%  
  19.62           1.98769e-12     9.86471e-13      #dY:49.6%  
  19.71           1.87016e-12     9.28142e-13      #dY:49.6%  
  19.8            1.75958e-12     8.73262e-13      #dY:49.6%  
  19.89           1.65552e-12     8.30188e-13      #dY:50.1%  
  19.98           1.55761e-12     7.8109e-13       #dY:50.1%  
  20.18           0.00            0.00                        
//
#-------------------------------------------------------------------------------
#
#name:   JENDL-4.0: TH-232(N,F) E_in=19. MeV
#X.axis: Energy
#Y.axis: 
#wdata:  3
#ldata:  362
#data...
# X               Y               +-dY           
# MeV             1/eV            1/eV           
  0.00            0.00            0.00                        
  1.00e-11        1.36843e-12     0.00                        
  1.20e-11        1.49903e-12     0.00                        
  1.40e-11        1.61914e-12     0.00                        
  1.60e-11        1.73094e-12     0.00                        
  1.80e-11        1.83594e-12     0.00                        
  2.20e-11        2.0297e-12      0.00                        
  2.50e-11        2.16367e-12     0.00                        
  2.90e-11        2.33035e-12     0.00                        
  3.40e-11        2.52326e-12     6.79746e-14      #dY:2.7%   
  4.00e-11        2.73686e-12     7.37288e-14      #dY:2.7%   
  4.60e-11        2.93495e-12     7.90652e-14      #dY:2.7%   
  5.40e-11        3.17994e-12     8.5665e-14       #dY:2.7%   
  6.30e-11        3.43473e-12     9.25288e-14      #dY:2.7%   
  7.40e-11        3.72253e-12     1.00282e-13      #dY:2.7%   
  8.60e-11        4.01303e-12     1.08108e-13      #dY:2.7%   
  1.00e-10        4.32736e-12     1.36253e-13      #dY:3.1%   
  1.20e-10        4.74039e-12     1.49257e-13      #dY:3.1%   
  1.40e-10        5.12021e-12     1.61217e-13      #dY:3.1%   
  1.60e-10        5.47374e-12     1.72348e-13      #dY:3.1%   
  1.80e-10        5.80578e-12     1.82803e-13      #dY:3.1%   
  2.20e-10        6.41854e-12     2.02096e-13      #dY:3.1%   
  2.50e-10        6.84219e-12     2.15435e-13      #dY:3.1%   
  2.90e-10        7.36927e-12     2.32031e-13      #dY:3.1%   
  3.40e-10        7.97931e-12     2.49097e-13      #dY:3.1%   
  4.00e-10        8.65479e-12     2.70184e-13      #dY:3.1%   
  4.60e-10        9.28124e-12     2.89741e-13      #dY:3.1%   
  5.40e-10        1.0056e-11      3.13927e-13      #dY:3.1%   
  6.30e-10        1.08617e-11     3.39079e-13      #dY:3.1%   
  7.40e-10        1.17719e-11     3.67494e-13      #dY:3.1%   
  8.60e-10        1.26905e-11     3.9617e-13       #dY:3.1%   
  1.00e-9         1.36846e-11     4.27204e-13      #dY:3.1%   
  1.20e-9         1.49907e-11     4.71995e-13      #dY:3.1%   
  1.40e-9         1.61919e-11     5.09815e-13      #dY:3.1%   
  1.60e-9         1.73099e-11     5.45016e-13      #dY:3.1%   
  1.80e-9         1.83599e-11     5.78077e-13      #dY:3.1%   
  2.20e-9         2.02977e-11     6.3909e-13       #dY:3.1%   
  2.50e-9         2.16375e-11     6.81274e-13      #dY:3.1%   
  2.90e-9         2.33043e-11     7.33755e-13      #dY:3.1%   
  3.40e-9         2.52336e-11     7.8772e-13       #dY:3.1%   
  4.00e-9         2.73698e-11     8.54406e-13      #dY:3.1%   
  4.60e-9         2.93509e-11     9.1625e-13       #dY:3.1%   
  5.40e-9         3.1801e-11      9.92735e-13      #dY:3.1%   
  6.30e-9         3.43492e-11     1.07228e-12      #dY:3.1%   
  7.40e-9         3.72276e-11     1.16214e-12      #dY:3.1%   
  8.60e-9         4.01329e-11     1.25283e-12      #dY:3.1%   
  1.00e-8         4.32766e-11     1.3626e-12       #dY:3.1%   
  1.20e-8         4.74075e-11     1.49266e-12      #dY:3.1%   
  1.40e-8         5.12063e-11     1.61227e-12      #dY:3.1%   
  1.60e-8         5.47422e-11     1.7236e-12       #dY:3.1%   
  1.80e-8         5.80632e-11     1.82817e-12      #dY:3.1%   
  2.20e-8         6.4192e-11      2.02114e-12      #dY:3.1%   
  2.50e-8         6.84294e-11     2.15456e-12      #dY:3.1%   
  2.90e-8         7.37014e-11     2.32055e-12      #dY:3.1%   
  3.40e-8         7.98033e-11     2.49121e-12      #dY:3.1%   
  4.00e-8         8.65599e-11     2.70214e-12      #dY:3.1%   
  4.60e-8         9.28262e-11     2.89775e-12      #dY:3.1%   
  5.40e-8         1.00576e-10     3.13968e-12      #dY:3.1%   
  6.30e-8         1.08636e-10     3.39128e-12      #dY:3.1%   
  7.40e-8         1.17741e-10     3.67551e-12      #dY:3.1%   
  8.60e-8         1.26931e-10     3.9624e-12       #dY:3.1%   
  1.00e-7         1.36875e-10     4.27282e-12      #dY:3.1%   
  1.20e-7         1.49943e-10     4.72086e-12      #dY:3.1%   
  1.40e-7         1.6196e-10      5.09921e-12      #dY:3.1%   
  1.60e-7         1.73146e-10     5.4514e-12       #dY:3.1%   
  1.80e-7         1.83653e-10     5.7822e-12       #dY:3.1%   
  2.20e-7         2.03043e-10     6.39269e-12      #dY:3.1%   
  2.50e-7         2.1645e-10      6.8148e-12       #dY:3.1%   
  2.90e-7         2.3313e-10      7.33996e-12      #dY:3.1%   
  3.40e-7         2.52438e-10     7.87964e-12      #dY:3.1%   
  4.00e-7         2.73818e-10     8.547e-12        #dY:3.1%   
  4.60e-7         2.93647e-10     9.16595e-12      #dY:3.1%   
  5.40e-7         3.18172e-10     9.93147e-12      #dY:3.1%   
  6.30e-7         3.43681e-10     1.07277e-11      #dY:3.1%   
  7.40e-7         3.72497e-10     1.16272e-11      #dY:3.1%   
  8.60e-7         4.01586e-10     1.25352e-11      #dY:3.1%   
  1.00e-6         4.33066e-10     1.35178e-11      #dY:3.1%   
  1.20e-6         4.74435e-10     1.49358e-11      #dY:3.1%   
  1.40e-6         5.12483e-10     1.61336e-11      #dY:3.1%   
  1.60e-6         5.47901e-10     1.72485e-11      #dY:3.1%   
  1.80e-6         5.81172e-10     1.8296e-11       #dY:3.1%   
  2.20e-6         6.42579e-10     2.02291e-11      #dY:3.1%   
  2.50e-6         6.85043e-10     2.15659e-11      #dY:3.1%   
  2.90e-6         7.37883e-10     2.32294e-11      #dY:3.1%   
  3.40e-6         7.99052e-10     2.49376e-11      #dY:3.1%   
  4.00e-6         8.66797e-10     2.70518e-11      #dY:3.1%   
  4.60e-6         9.2964e-10      2.90131e-11      #dY:3.1%   
  5.40e-6         1.00738e-9      3.14393e-11      #dY:3.1%   
  6.30e-6         1.08825e-9      3.39631e-11      #dY:3.1%   
  7.40e-6         1.17962e-9      3.68147e-11      #dY:3.1%   
  8.60e-6         1.27188e-9      3.9694e-11       #dY:3.1%   
  1.00e-5         1.37175e-9      4.28109e-11      #dY:3.1%   
  1.20e-5         1.50302e-9      4.71985e-11      #dY:3.1%   
  1.40e-5         1.62379e-9      5.0991e-11       #dY:3.1%   
  1.60e-5         1.73625e-9      5.45225e-11      #dY:3.1%   
  1.80e-5         1.84192e-9      5.78408e-11      #dY:3.1%   
  2.20e-5         2.03701e-9      6.39671e-11      #dY:3.1%   
  2.50e-5         2.17197e-9      6.82052e-11      #dY:3.1%   
  2.90e-5         2.33998e-9      7.34811e-11      #dY:3.1%   
  3.40e-5         2.53454e-9      7.88791e-11      #dY:3.1%   
  4.00e-5         2.75013e-9      8.55887e-11      #dY:3.1%   
  4.60e-5         2.95021e-9      9.18155e-11      #dY:3.1%   
  5.40e-5         3.19785e-9      9.95225e-11      #dY:3.1%   
  6.30e-5         3.45562e-9      1.07545e-10      #dY:3.1%   
  7.40e-5         3.74706e-9      1.16615e-10      #dY:3.1%   
  8.60e-5         4.04152e-9      1.25779e-10      #dY:3.1%   
  1.00e-4         4.36048e-9      1.35705e-10      #dY:3.1%   
  1.20e-4         4.78011e-9      1.49617e-10      #dY:3.1%   
  1.40e-4         5.16653e-9      1.61712e-10      #dY:3.1%   
  1.60e-4         5.52665e-9      1.72984e-10      #dY:3.1%   
  1.80e-4         5.86528e-9      1.83583e-10      #dY:3.1%   
  2.20e-4         6.4912e-9       2.03174e-10      #dY:3.1%   
  2.50e-4         6.92471e-9      2.16743e-10      #dY:3.1%   
  2.90e-4         7.46492e-9      2.33651e-10      #dY:3.1%   
  3.40e-4         8.09136e-9      2.49701e-10      #dY:3.1%   
  4.00e-4         8.78649e-9      2.71152e-10      #dY:3.1%   
  4.60e-4         9.43256e-9      2.9109e-10       #dY:3.1%   
  5.40e-4         1.02334e-8      3.15804e-10      #dY:3.1%   
  6.30e-4         1.10685e-8      3.41576e-10      #dY:3.1%   
  7.40e-4         1.20144e-8      3.70766e-10      #dY:3.1%   
  8.60e-4         1.2972e-8       4.00318e-10      #dY:3.1%   
  1.00e-3         1.40114e-8      4.32394e-10      #dY:3.1%   
  1.20e-3         1.53822e-8      4.7472e-10       #dY:3.1%   
  1.40e-3         1.66478e-8      5.13779e-10      #dY:3.1%   
  1.60e-3         1.78301e-8      5.50266e-10      #dY:3.1%   
  1.80e-3         1.89443e-8      5.84652e-10      #dY:3.1%   
  2.20e-3         2.10099e-8      6.484e-10        #dY:3.1%   
  2.50e-3         2.24451e-8      6.92693e-10      #dY:3.1%   
  2.90e-3         2.42388e-8      7.48049e-10      #dY:3.1%   
  3.40e-3         2.6326e-8       7.92159e-10      #dY:3.0%   
  4.00e-3         2.86507e-8      8.6211e-10       #dY:3.0%   
  4.60e-3         3.08194e-8      9.27367e-10      #dY:3.0%   
  5.40e-3         3.35184e-8      1.00858e-9       #dY:3.0%   
  6.30e-3         3.63448e-8      1.09363e-9       #dY:3.0%   
  7.40e-3         3.95609e-8      1.1904e-9        #dY:3.0%   
  8.60e-3         4.2832e-8       1.28883e-9       #dY:3.0%   
  0.01            4.63993e-8      1.39617e-9       #dY:3.0%   
  0.012           5.11297e-8      1.5132e-9        #dY:3.0%   
  0.014           5.55219e-8      1.64319e-9       #dY:3.0%   
  0.016           5.96456e-8      1.76524e-9       #dY:3.0%   
  0.018           6.35492e-8      1.88077e-9       #dY:3.0%   
  0.022           7.08284e-8      2.0962e-9        #dY:3.0%   
  0.025           7.59168e-8      2.24679e-9       #dY:3.0%   
  0.029           8.23089e-8      2.43597e-9       #dY:3.0%   
  0.034           8.9789e-8       2.51931e-9       #dY:2.8%   
  0.04            9.81698e-8      2.75446e-9       #dY:2.8%   
  0.046           1.0603e-7       2.975e-9         #dY:2.8%   
  0.054           1.15863e-7      3.2509e-9        #dY:2.8%   
  0.063           1.26212e-7      3.54127e-9       #dY:2.8%   
  0.074           1.38043e-7      3.87323e-9       #dY:2.8%   
  0.086           1.50123e-7      4.21217e-9       #dY:2.8%   
  0.095           1.58716e-7      4.45328e-9       #dY:2.8%   
  0.19            2.34036e-7      6.19672e-9       #dY:2.6%   
  0.285           2.75199e-7      7.86893e-9       #dY:2.9%   
  0.38            3.07275e-7      8.7861e-9        #dY:2.9%   
  0.475           3.25448e-7      9.05465e-9       #dY:2.8%   
  0.57            3.39173e-7      9.43651e-9       #dY:2.8%   
  0.665           3.45075e-7      9.93604e-9       #dY:2.9%   
  0.76            3.48409e-7      1.0032e-8        #dY:2.9%   
  0.855           3.47557e-7      9.47916e-9       #dY:2.7%   
  0.95            3.45083e-7      9.41169e-9       #dY:2.7%   
  1.045           3.39999e-7      8.51495e-9       #dY:2.5%   
  1.14            3.33837e-7      8.36063e-9       #dY:2.5%   
  1.235           3.25594e-7      7.33213e-9       #dY:2.3%   
  1.33            3.1669e-7       7.13162e-9       #dY:2.3%   
  1.425           3.06786e-7      5.96168e-9       #dY:1.9%   
  1.52            2.96542e-7      5.76261e-9       #dY:1.9%   
  1.615           2.8561e-7       4.5689e-9        #dY:1.6%   
  1.71            2.74546e-7      4.39191e-9       #dY:1.6%   
  1.805           2.63126e-7      3.23263e-9       #dY:1.2%   
  1.9             2.51711e-7      3.09239e-9       #dY:1.2%   
  1.995           2.40193e-7      2.95089e-9       #dY:1.2%   
  2.09            2.28771e-7      1.93664e-9       #dY:0.8%   
  2.185           2.17707e-7      1.84298e-9       #dY:0.8%   
  2.28            2.06795e-7      1.00262e-9       #dY:0.5%   
  2.375           1.96168e-7      9.51095e-10      #dY:0.5%   
  2.47            1.85729e-7      5.48802e-10      #dY:0.3%   
  2.565           1.7592e-7       5.19817e-10      #dY:0.3%   
  2.66            1.66318e-7      9.20304e-10      #dY:0.6%   
  2.755           1.573e-7        8.70404e-10      #dY:0.6%   
  2.85            1.48498e-7      1.43222e-9       #dY:1.0%   
  2.945           1.40336e-7      1.3535e-9        #dY:1.0%   
  3.04            1.32389e-7      1.86565e-9       #dY:1.4%   
  3.135           1.24928e-7      1.7605e-9        #dY:1.4%   
  3.23            1.17677e-7      2.20839e-9       #dY:1.9%   
  3.325           1.11062e-7      2.08425e-9       #dY:1.9%   
  3.42            1.04649e-7      2.4749e-9        #dY:2.4%   
  3.515           9.87845e-8      2.33621e-9       #dY:2.4%   
  3.61            9.31117e-8      2.66301e-9       #dY:2.9%   
  3.705           8.79109e-8      2.51426e-9       #dY:2.9%   
  3.8             8.28901e-8      2.37067e-9       #dY:2.9%   
  3.895           7.82711e-8      2.62973e-9       #dY:3.4%   
  3.99            7.38198e-8      2.48018e-9       #dY:3.4%   
  4.085           6.96165e-8      2.68082e-9       #dY:3.9%   
  4.18            6.55684e-8      2.52493e-9       #dY:3.9%   
  4.275           6.18463e-8      2.69931e-9       #dY:4.4%   
  4.37            5.82671e-8      2.54309e-9       #dY:4.4%   
  4.465           5.49679e-8      2.67771e-9       #dY:4.9%   
  4.56            5.17996e-8      2.52337e-9       #dY:4.9%   
  4.655           4.88688e-8      2.62656e-9       #dY:5.4%   
  4.75            4.60574e-8      2.47545e-9       #dY:5.4%   
  4.845           4.34469e-8      2.55661e-9       #dY:5.9%   
  4.94            4.09452e-8      2.4094e-9        #dY:5.9%   
  5.035           3.85984e-8      2.4641e-9        #dY:6.4%   
  5.13            3.63503e-8      2.32058e-9       #dY:6.4%   
  5.225           3.42483e-8      2.36039e-9       #dY:6.9%   
  5.32            3.22355e-8      2.22167e-9       #dY:6.9%   
  5.415           3.03501e-8      2.24742e-9       #dY:7.4%   
  5.51            2.85454e-8      2.11379e-9       #dY:7.4%   
  5.605           2.68516e-8      2.12961e-9       #dY:7.9%   
  5.7             2.52306e-8      2.00105e-9       #dY:7.9%   
  5.795           2.37125e-8      1.88065e-9       #dY:7.9%   
  5.89            2.22599e-8      1.88662e-9       #dY:8.5%   
  5.985           2.09137e-8      1.77252e-9       #dY:8.5%   
  6.08            1.96262e-8      1.77042e-9       #dY:9.0%   
  6.175           1.84596e-8      1.66518e-9       #dY:9.0%   
  6.27            1.73458e-8      1.66191e-9       #dY:9.6%   
  6.365           1.63668e-8      1.56812e-9       #dY:9.6%   
  6.46            1.54352e-8      1.56053e-9       #dY:10.1%  
  6.555           1.46226e-8      1.47838e-9       #dY:10.1%  
  6.65            1.38525e-8      1.46246e-9       #dY:10.6%  
  6.745           1.31575e-8      1.38909e-9       #dY:10.6%  
  6.84            1.25004e-8      1.36292e-9       #dY:10.9%  
  6.935           1.18921e-8      1.29659e-9       #dY:10.9%  
  7.03            1.13177e-8      1.2613e-9        #dY:11.1%  
  7.125           1.07816e-8      1.20155e-9       #dY:11.1%  
  7.22            1.02758e-8      1.16499e-9       #dY:11.3%  
  7.315           9.80168e-9      1.11124e-9       #dY:11.3%  
  7.41            9.35454e-9      1.07689e-9       #dY:11.5%  
  7.505           8.93471e-9      1.02856e-9       #dY:11.5%  
  7.6             8.53894e-9      9.82995e-10      #dY:11.5%  
  7.695           8.16682e-9      9.45046e-10      #dY:11.6%  
  7.79            7.81614e-9      9.04466e-10      #dY:11.6%  
  7.885           7.48584e-9      8.70843e-10      #dY:11.6%  
  7.98            7.17463e-9      8.3464e-10       #dY:11.6%  
  8.075           6.88054e-9      7.97257e-10      #dY:11.6%  
  8.17            6.60344e-9      7.65149e-10      #dY:11.6%  
  8.265           6.34085e-9      7.32155e-10      #dY:11.5%  
  8.36            6.09337e-9      7.03579e-10      #dY:11.5%  
  8.455           5.85749e-9      6.68673e-10      #dY:11.4%  
  8.55            5.63506e-9      6.43281e-10      #dY:11.4%  
  8.645           5.42134e-9      6.06978e-10      #dY:11.2%  
  8.74            5.21956e-9      5.84386e-10      #dY:11.2%  
  8.835           5.02377e-9      5.52914e-10      #dY:11.0%  
  8.93            4.83857e-9      5.32531e-10      #dY:11.0%  
  9.025           4.65662e-9      5.0296e-10       #dY:10.8%  
  9.12            4.48408e-9      4.84324e-10      #dY:10.8%  
  9.215           4.31455e-9      4.56214e-10      #dY:10.6%  
  9.31            4.15337e-9      4.39171e-10      #dY:10.6%  
  9.405           3.99774e-9      4.13344e-10      #dY:10.3%  
  9.5             3.84951e-9      3.98018e-10      #dY:10.3%  
  9.595           3.70973e-9      3.83565e-10      #dY:10.3%  
  9.69            3.57651e-9      3.60844e-10      #dY:10.1%  
  9.785           3.45158e-9      3.4824e-10       #dY:10.1%  
  9.88            3.33246e-9      3.27272e-10      #dY:9.8%   
  9.975           3.22174e-9      3.16398e-10      #dY:9.8%   
  10.07           3.11618e-9      2.96756e-10      #dY:9.5%   
  10.165          3.01832e-9      2.87437e-10      #dY:9.5%   
  10.26           2.92504e-9      2.68446e-10      #dY:9.2%   
  10.355          2.8408e-9       2.60715e-10      #dY:9.2%   
  10.45           2.7606e-9       2.4337e-10       #dY:8.8%   
  10.545          2.69017e-9      2.37161e-10      #dY:8.8%   
  10.64           2.62332e-9      2.20153e-10      #dY:8.4%   
  10.735          2.56736e-9      2.15457e-10      #dY:8.4%   
  10.83           2.51456e-9      1.99819e-10      #dY:7.9%   
  10.925          2.47633e-9      1.96781e-10      #dY:7.9%   
  11.02           2.44091e-9      1.81686e-10      #dY:7.4%   
  11.115          2.42604e-9      1.8058e-10       #dY:7.4%   
  11.21           2.41365e-9      1.65341e-10      #dY:6.9%   
  11.305          2.43321e-9      1.66681e-10      #dY:6.9%   
  11.4            2.45498e-9      1.68172e-10      #dY:6.9%   
  11.495          2.53028e-9      1.55629e-10      #dY:6.2%   
  11.59           2.60752e-9      1.60379e-10      #dY:6.2%   
  11.685          2.76915e-9      1.46995e-10      #dY:5.3%   
  11.78           2.93249e-9      1.55665e-10      #dY:5.3%   
  11.875          3.04459e-9      1.30229e-10      #dY:4.3%   
  11.97           3.15822e-9      1.35089e-10      #dY:4.3%   
  12.065          3.38301e-9      1.16713e-10      #dY:3.4%   
  12.16           3.60914e-9      1.24515e-10      #dY:3.4%   
  12.255          4.14407e-9      1.11969e-10      #dY:2.7%   
  12.35           4.68018e-9      1.26455e-10      #dY:2.7%   
  12.445          4.81378e-9      9.16031e-11      #dY:1.9%   
  12.54           4.94843e-9      9.41654e-11      #dY:1.9%   
  12.635          4.28251e-9      6.57944e-11      #dY:1.5%   
  12.73           3.61752e-9      5.55778e-11      #dY:1.5%   
  12.825          2.74608e-9      4.75693e-11      #dY:1.7%   
  12.92           1.87546e-9      3.24879e-11      #dY:1.7%   
  13.015          1.22313e-9      3.42501e-11      #dY:2.8%   
  13.11           5.71529e-10     1.6004e-11       #dY:2.8%   
  13.205          3.92672e-10     2.76972e-11      #dY:7.1%   
  13.3            2.14452e-10     1.51264e-11      #dY:7.1%   
  13.395          1.78363e-10     1.25809e-11      #dY:7.1%   
  13.49           1.42836e-10     2.64003e-11      #dY:18.5%  
  13.585          1.30739e-10     2.41644e-11      #dY:18.5%  
  13.68           1.19139e-10     3.36005e-11      #dY:28.2%  
  13.775          1.11366e-10     3.14083e-11      #dY:28.2%  
  13.87           1.04032e-10     3.24227e-11      #dY:31.2%  
  13.965          9.76001e-11     3.04182e-11      #dY:31.2%  
  14.06           9.15547e-11     2.93294e-11      #dY:32.0%  
  14.155          8.59444e-11     2.75322e-11      #dY:32.0%  
  14.25           8.06753e-11     2.62645e-11      #dY:32.6%  
  14.345          7.57373e-11     2.46569e-11      #dY:32.6%  
  14.44           7.11002e-11     2.34753e-11      #dY:33.0%  
  14.535          6.67475e-11     2.20381e-11      #dY:33.0%  
  14.63           6.26604e-11     2.10176e-11      #dY:33.5%  
  14.725          5.88229e-11     1.97304e-11      #dY:33.5%  
  14.82           5.52197e-11     1.87641e-11      #dY:34.0%  
  14.915          5.18365e-11     1.76145e-11      #dY:34.0%  
  15.01           4.866e-11       1.67449e-11      #dY:34.4%  
  15.105          4.56776e-11     1.57186e-11      #dY:34.4%  
  15.2            4.28774e-11     1.4755e-11       #dY:34.4%  
  15.295          4.02484e-11     1.40521e-11      #dY:34.9%  
  15.39           3.77802e-11     1.31904e-11      #dY:34.9%  
  15.485          3.54629e-11     1.25292e-11      #dY:35.3%  
  15.58           3.32873e-11     1.17605e-11      #dY:35.3%  
  15.675          3.12449e-11     1.11907e-11      #dY:35.8%  
  15.77           2.93274e-11     1.05039e-11      #dY:35.8%  
  15.865          2.75274e-11     9.97026e-12      #dY:36.2%  
  15.96           2.58375e-11     9.35819e-12      #dY:36.2%  
  16.055          2.42511e-11     8.89764e-12      #dY:36.7%  
  16.15           2.27619e-11     8.35125e-12      #dY:36.7%  
  16.245          2.13639e-11     7.93731e-12      #dY:37.2%  
  16.34           2.00516e-11     7.44975e-12      #dY:37.2%  
  16.435          1.88197e-11     7.07797e-12      #dY:37.6%  
  16.53           1.76633e-11     6.64306e-12      #dY:37.6%  
  16.625          1.65778e-11     6.29711e-12      #dY:38.0%  
  16.72           1.55589e-11     5.91008e-12      #dY:38.0%  
  16.815          1.46024e-11     5.61134e-12      #dY:38.4%  
  16.91           1.37047e-11     5.26637e-12      #dY:38.4%  
  17.005          1.2862e-11      4.9981e-12       #dY:38.9%  
  17.1            1.2071e-11      4.69072e-12      #dY:38.9%  
  17.195          1.13286e-11     4.40223e-12      #dY:38.9%  
  17.29           1.06317e-11     4.17685e-12      #dY:39.3%  
  17.385          9.97767e-12     3.9199e-12       #dY:39.3%  
  17.48           9.36376e-12     3.71794e-12      #dY:39.7%  
  17.575          8.78756e-12     3.48915e-12      #dY:39.7%  
  17.67           8.24674e-12     3.3142e-12       #dY:40.2%  
  17.765          7.73915e-12     3.11021e-12      #dY:40.2%  
  17.86           7.26274e-12     2.94802e-12      #dY:40.6%  
  17.955          6.81561e-12     2.76652e-12      #dY:40.6%  
  18.05           6.39595e-12     2.62152e-12      #dY:41.0%  
  18.145          6.0021e-12      2.4601e-12       #dY:41.0%  
  18.24           5.63245e-12     2.33049e-12      #dY:41.4%  
  18.335          5.28553e-12     2.18695e-12      #dY:41.4%  
  18.43           4.95995e-12     2.07464e-12      #dY:41.8%  
  18.525          4.65438e-12     1.94682e-12      #dY:41.8%  
  18.62           4.36761e-12     1.84323e-12      #dY:42.2%  
  18.715          4.09849e-12     1.72965e-12      #dY:42.2%  
  18.81           3.84592e-12     1.6398e-12       #dY:42.6%  
  18.905          3.60889e-12     1.53873e-12      #dY:42.6%  
  19              3.38644e-12     1.44389e-12      #dY:42.6%  
  19.095          3.17769e-12     1.36634e-12      #dY:43.0%  
  19.19           2.98178e-12     1.2821e-12       #dY:43.0%  
  19.285          2.79794e-12     1.21481e-12      #dY:43.4%  
  19.38           2.62541e-12     1.1399e-12       #dY:43.4%  
  19.475          2.46351e-12     1.07973e-12      #dY:43.8%  
  19.57           2.31158e-12     1.01314e-12      #dY:43.8%  
  19.665          2.169e-12       9.57963e-13      #dY:44.2%  
  19.76           2.03521e-12     8.98873e-13      #dY:44.2%  
  19.855          1.90965e-12     8.50998e-13      #dY:44.6%  
  19.95           1.79184e-12     7.98499e-13      #dY:44.6%  
  20.15           0.00            0.00                        
//
#-------------------------------------------------------------------------------
#
#name:   JENDL-4.0: TH-232(N,F) E_in=20. MeV
#X.axis: Energy
#Y.axis: 
#wdata:  3
#ldata:  450
#data...
# X               Y               +-dY           
# MeV             1/eV            1/eV           
  0.00            0.00            0.00                        
  1.00e-11        1.33164e-12     0.00                        
  1.20e-11        1.45874e-12     0.00                        
  1.40e-11        1.57562e-12     0.00                        
  1.60e-11        1.68441e-12     0.00                        
  1.80e-11        1.78659e-12     0.00                        
  2.20e-11        1.97515e-12     0.00                        
  2.50e-11        2.10551e-12     0.00                        
  2.90e-11        2.26771e-12     0.00                        
  3.40e-11        2.45543e-12     6.79745e-14      #dY:2.8%   
  4.00e-11        2.66329e-12     7.37287e-14      #dY:2.8%   
  4.60e-11        2.85606e-12     7.90652e-14      #dY:2.8%   
  5.40e-11        3.09447e-12     8.56652e-14      #dY:2.8%   
  6.30e-11        3.34241e-12     9.2529e-14       #dY:2.8%   
  7.40e-11        3.62248e-12     1.00282e-13      #dY:2.8%   
  8.60e-11        3.90516e-12     1.08108e-13      #dY:2.8%   
  1.00e-10        4.21105e-12     1.36253e-13      #dY:3.2%   
  1.20e-10        4.61298e-12     1.49258e-13      #dY:3.2%   
  1.40e-10        4.98259e-12     1.61217e-13      #dY:3.2%   
  1.60e-10        5.32662e-12     1.72348e-13      #dY:3.2%   
  1.80e-10        5.64974e-12     1.82803e-13      #dY:3.2%   
  2.20e-10        6.24603e-12     2.02097e-13      #dY:3.2%   
  2.50e-10        6.6583e-12      2.15436e-13      #dY:3.2%   
  2.90e-10        7.17121e-12     2.32032e-13      #dY:3.2%   
  3.40e-10        7.76486e-12     2.49097e-13      #dY:3.2%   
  4.00e-10        8.42219e-12     2.70185e-13      #dY:3.2%   
  4.60e-10        9.03181e-12     2.89741e-13      #dY:3.2%   
  5.40e-10        9.78573e-12     3.13927e-13      #dY:3.2%   
  6.30e-10        1.05698e-11     3.3908e-13       #dY:3.2%   
  7.40e-10        1.14555e-11     3.67493e-13      #dY:3.2%   
  8.60e-10        1.23495e-11     3.96173e-13      #dY:3.2%   
  1.00e-9         1.33168e-11     4.27204e-13      #dY:3.2%   
  1.20e-9         1.45879e-11     4.71997e-13      #dY:3.2%   
  1.40e-9         1.57568e-11     5.09817e-13      #dY:3.2%   
  1.60e-9         1.68447e-11     5.45016e-13      #dY:3.2%   
  1.80e-9         1.78666e-11     5.7808e-13       #dY:3.2%   
  2.20e-9         1.97523e-11     6.39093e-13      #dY:3.2%   
  2.50e-9         2.10561e-11     6.81278e-13      #dY:3.2%   
  2.90e-9         2.26782e-11     7.33761e-13      #dY:3.2%   
  3.40e-9         2.45557e-11     7.87723e-13      #dY:3.2%   
  4.00e-9         2.66345e-11     8.54409e-13      #dY:3.2%   
  4.60e-9         2.85625e-11     9.16258e-13      #dY:3.2%   
  5.40e-9         3.09468e-11     9.92744e-13      #dY:3.2%   
  6.30e-9         3.34266e-11     1.07229e-12      #dY:3.2%   
  7.40e-9         3.62277e-11     1.16215e-12      #dY:3.2%   
  8.60e-9         3.90551e-11     1.25285e-12      #dY:3.2%   
  1.00e-8         4.21145e-11     1.36261e-12      #dY:3.2%   
  1.20e-8         4.61346e-11     1.49268e-12      #dY:3.2%   
  1.40e-8         4.98315e-11     1.61229e-12      #dY:3.2%   
  1.60e-8         5.32726e-11     1.72363e-12      #dY:3.2%   
  1.80e-8         5.65046e-11     1.8282e-12       #dY:3.2%   
  2.20e-8         6.24691e-11     2.02118e-12      #dY:3.2%   
  2.50e-8         6.6593e-11      2.15461e-12      #dY:3.2%   
  2.90e-8         7.17237e-11     2.32061e-12      #dY:3.2%   
  3.40e-8         7.76622e-11     2.49124e-12      #dY:3.2%   
  4.00e-8         8.42379e-11     2.70218e-12      #dY:3.2%   
  4.60e-8         9.03364e-11     2.8978e-12       #dY:3.2%   
  5.40e-8         9.78789e-11     3.13975e-12      #dY:3.2%   
  6.30e-8         1.05723e-10     3.39137e-12      #dY:3.2%   
  7.40e-8         1.14585e-10     3.67565e-12      #dY:3.2%   
  8.60e-8         1.23529e-10     3.96255e-12      #dY:3.2%   
  1.00e-7         1.33208e-10     4.27304e-12      #dY:3.2%   
  1.20e-7         1.45927e-10     4.72099e-12      #dY:3.2%   
  1.40e-7         1.57624e-10     5.09941e-12      #dY:3.2%   
  1.60e-7         1.68511e-10     5.45162e-12      #dY:3.2%   
  1.80e-7         1.78738e-10     5.78248e-12      #dY:3.2%   
  2.20e-7         1.97611e-10     6.39306e-12      #dY:3.2%   
  2.50e-7         2.10661e-10     6.81525e-12      #dY:3.2%   
  2.90e-7         2.26898e-10     7.34054e-12      #dY:3.2%   
  3.40e-7         2.45693e-10     7.87991e-12      #dY:3.2%   
  4.00e-7         2.66505e-10     8.5474e-12       #dY:3.2%   
  4.60e-7         2.85809e-10     9.16652e-12      #dY:3.2%   
  5.40e-7         3.09684e-10     9.93224e-12      #dY:3.2%   
  6.30e-7         3.34518e-10     1.07287e-11      #dY:3.2%   
  7.40e-7         3.62573e-10     1.16285e-11      #dY:3.2%   
  8.60e-7         3.90895e-10     1.25369e-11      #dY:3.2%   
  1.00e-6         4.21545e-10     1.35199e-11      #dY:3.2%   
  1.20e-6         4.61826e-10     1.49369e-11      #dY:3.2%   
  1.40e-6         4.98875e-10     1.61352e-11      #dY:3.2%   
  1.60e-6         5.33366e-10     1.72507e-11      #dY:3.2%   
  1.80e-6         5.65765e-10     1.82986e-11      #dY:3.2%   
  2.20e-6         6.2557e-10      2.02329e-11      #dY:3.2%   
  2.50e-6         6.66929e-10     2.15706e-11      #dY:3.2%   
  2.90e-6         7.18397e-10     2.32352e-11      #dY:3.2%   
  3.40e-6         7.77981e-10     2.49402e-11      #dY:3.2%   
  4.00e-6         8.43978e-10     2.70559e-11      #dY:3.2%   
  4.60e-6         9.05203e-10     2.90187e-11      #dY:3.2%   
  5.40e-6         9.80947e-10     3.14468e-11      #dY:3.2%   
  6.30e-6         1.05975e-9      3.39731e-11      #dY:3.2%   
  7.40e-6         1.1488e-9       3.68278e-11      #dY:3.2%   
  8.60e-6         1.23873e-9      3.97108e-11      #dY:3.2%   
  1.00e-5         1.33608e-9      4.28316e-11      #dY:3.2%   
  1.20e-5         1.46406e-9      4.72101e-11      #dY:3.2%   
  1.40e-5         1.58183e-9      5.10077e-11      #dY:3.2%   
  1.60e-5         1.6915e-9       5.45441e-11      #dY:3.2%   
  1.80e-5         1.79457e-9      5.78677e-11      #dY:3.2%   
  2.20e-5         1.9849e-9       6.40051e-11      #dY:3.2%   
  2.50e-5         2.11659e-9      6.82515e-11      #dY:3.2%   
  2.90e-5         2.28056e-9      7.35389e-11      #dY:3.2%   
  3.40e-5         2.4705e-9       7.89058e-11      #dY:3.2%   
  4.00e-5         2.68101e-9      8.56293e-11      #dY:3.2%   
  4.60e-5         2.87644e-9      9.18712e-11      #dY:3.2%   
  5.40e-5         3.11838e-9      9.95986e-11      #dY:3.2%   
  6.30e-5         3.3703e-9       1.07645e-10      #dY:3.2%   
  7.40e-5         3.65523e-9      1.16745e-10      #dY:3.2%   
  8.60e-5         3.94322e-9      1.25943e-10      #dY:3.2%   
  1.00e-4         4.25529e-9      1.35911e-10      #dY:3.2%   
  1.20e-4         4.66604e-9      1.49732e-10      #dY:3.2%   
  1.40e-4         5.04448e-9      1.61876e-10      #dY:3.2%   
  1.60e-4         5.39732e-9      1.73198e-10      #dY:3.2%   
  1.80e-4         5.72925e-9      1.8385e-10       #dY:3.2%   
  2.20e-4         6.34315e-9      2.03549e-10      #dY:3.2%   
  2.50e-4         6.76862e-9      2.17203e-10      #dY:3.2%   
  2.90e-4         7.29912e-9      2.34226e-10      #dY:3.2%   
  3.40e-4         7.91473e-9      2.49961e-10      #dY:3.2%   
  4.00e-4         8.59839e-9      2.71552e-10      #dY:3.2%   
  4.60e-4         9.2343e-9       2.91636e-10      #dY:3.2%   
  5.40e-4         1.00233e-8      3.16554e-10      #dY:3.2%   
  6.30e-4         1.08467e-8      3.42558e-10      #dY:3.2%   
  7.40e-4         1.17804e-8      3.72046e-10      #dY:3.2%   
  8.60e-4         1.27267e-8      4.01932e-10      #dY:3.2%   
  1.00e-3         1.3755e-8       4.34407e-10      #dY:3.2%   
  1.20e-3         1.5113e-8       4.75831e-10      #dY:3.1%   
  1.40e-3         1.63686e-8      5.15364e-10      #dY:3.1%   
  1.60e-3         1.75432e-8      5.52346e-10      #dY:3.1%   
  1.80e-3         1.86514e-8      5.87237e-10      #dY:3.1%   
  2.20e-3         2.07096e-8      6.52039e-10      #dY:3.1%   
  2.50e-3         2.21424e-8      6.97151e-10      #dY:3.1%   
  2.90e-3         2.39359e-8      7.53619e-10      #dY:3.1%   
  3.40e-3         2.60271e-8      7.94623e-10      #dY:3.1%   
  4.00e-3         2.83615e-8      8.65893e-10      #dY:3.1%   
  4.60e-3         3.05441e-8      9.32529e-10      #dY:3.1%   
  5.40e-3         3.32666e-8      1.01565e-9       #dY:3.1%   
  6.30e-3         3.61252e-8      1.10292e-9       #dY:3.1%   
  7.40e-3         3.93872e-8      1.20251e-9       #dY:3.1%   
  8.60e-3         4.27146e-8      1.3041e-9        #dY:3.1%   
  0.01            4.63544e-8      1.41523e-9       #dY:3.1%   
  0.012           5.11981e-8      1.52334e-9       #dY:3.0%   
  0.014           5.57127e-8      1.65767e-9       #dY:3.0%   
  0.016           5.99661e-8      1.78422e-9       #dY:3.0%   
  0.018           6.40052e-8      1.9044e-9        #dY:3.0%   
  0.022           7.15698e-8      2.12948e-9       #dY:3.0%   
  0.025           7.68822e-8      2.28754e-9       #dY:3.0%   
  0.029           8.35834e-8      2.48693e-9       #dY:3.0%   
  0.034           9.14637e-8      2.5406e-9        #dY:2.8%   
  0.04            1.00341e-7      2.78719e-9       #dY:2.8%   
  0.046           1.08712e-7      3.01971e-9       #dY:2.8%   
  0.054           1.19242e-7      3.3122e-9        #dY:2.8%   
  0.063           1.30396e-7      3.62203e-9       #dY:2.8%   
  0.0666667       1.34763e-7      3.74333e-9       #dY:2.8%   
  0.133333        2.02795e-7      5.21553e-9       #dY:2.6%   
  0.2             2.5843e-7       6.64636e-9       #dY:2.6%   
  0.266667        2.8849e-7       7.73154e-9       #dY:2.7%   
  0.333333        3.13869e-7      8.41169e-9       #dY:2.7%   
  0.4             3.35764e-7      8.99848e-9       #dY:2.7%   
  0.466667        3.46404e-7      8.94885e-9       #dY:2.6%   
  0.533333        3.5487e-7       9.16756e-9       #dY:2.6%   
  0.6             3.61574e-7      9.34075e-9       #dY:2.6%   
  0.666667        3.61987e-7      9.77481e-9       #dY:2.7%   
  0.733333        3.6118e-7       9.75302e-9       #dY:2.7%   
  0.8             3.5934e-7       9.70333e-9       #dY:2.7%   
  0.866667        3.55291e-7      9.27786e-9       #dY:2.6%   
  0.933333        3.50487e-7      9.15242e-9       #dY:2.6%   
  1               3.45032e-7      9.00997e-9       #dY:2.6%   
  1.06667         3.38159e-7      8.31109e-9       #dY:2.5%   
  1.13333         3.30793e-7      8.13005e-9       #dY:2.5%   
  1.2             3.22999e-7      7.93849e-9       #dY:2.5%   
  1.26667         3.15239e-7      7.13832e-9       #dY:2.3%   
  1.33333         3.07193e-7      6.95613e-9       #dY:2.3%   
  1.4             2.98918e-7      6.76875e-9       #dY:2.3%   
  1.46667         2.91006e-7      5.80446e-9       #dY:2.0%   
  1.53333         2.82956e-7      5.6439e-9        #dY:2.0%   
  1.6             2.74803e-7      5.48128e-9       #dY:2.0%   
  1.66667         2.67005e-7      4.44449e-9       #dY:1.7%   
  1.73333         2.59162e-7      4.31394e-9       #dY:1.7%   
  1.8             2.51298e-7      4.18304e-9       #dY:1.7%   
  1.86667         2.43714e-7      3.13711e-9       #dY:1.3%   
  1.93333         2.36147e-7      3.03971e-9       #dY:1.3%   
  2               2.28612e-7      2.94272e-9       #dY:1.3%   
  2.06667         2.21262e-7      1.96476e-9       #dY:0.9%   
  2.13333         2.13969e-7      1.90e-9          #dY:0.9%   
  2.2             2.06741e-7      1.83582e-9       #dY:0.9%   
  2.26667         1.998e-7        1.01343e-9       #dY:0.5%   
  2.33333         1.92938e-7      9.78622e-10      #dY:0.5%   
  2.4             1.86162e-7      9.44252e-10      #dY:0.5%   
  2.46667         1.79664e-7      5.53079e-10      #dY:0.3%   
  2.53333         1.7326e-7       5.33365e-10      #dY:0.3%   
  2.6             1.66953e-7      5.1395e-10       #dY:0.3%   
  2.66667         1.60863e-7      9.21516e-10      #dY:0.6%   
  2.73333         1.54875e-7      8.87214e-10      #dY:0.6%   
  2.8             1.48988e-7      8.53489e-10      #dY:0.6%   
  2.86667         1.43485e-7      1.42493e-9       #dY:1.0%   
  2.93333         1.38084e-7      1.37129e-9       #dY:1.0%   
  3               1.32786e-7      1.31868e-9       #dY:1.0%   
  3.06667         1.27678e-7      1.84325e-9       #dY:1.4%   
  3.13333         1.2267e-7       1.77095e-9       #dY:1.4%   
  3.2             1.17763e-7      1.70011e-9       #dY:1.4%   
  3.26667         1.13219e-7      2.16737e-9       #dY:1.9%   
  3.33333         1.08773e-7      2.08226e-9       #dY:1.9%   
  3.4             1.04423e-7      1.99899e-9       #dY:1.9%   
  3.46667         1.00389e-7      2.41306e-9       #dY:2.4%   
  3.53333         9.64489e-8      2.31835e-9       #dY:2.4%   
  3.6             9.25994e-8      2.22582e-9       #dY:2.4%   
  3.66667         8.90257e-8      2.57985e-9       #dY:2.9%   
  3.73333         8.55391e-8      2.47881e-9       #dY:2.9%   
  3.8             8.21377e-8      2.38024e-9       #dY:2.9%   
  3.86667         7.89689e-8      2.68106e-9       #dY:3.4%   
  3.93333         7.58812e-8      2.57623e-9       #dY:3.4%   
  4               7.28725e-8      2.47408e-9       #dY:3.4%   
  4.06667         7.00102e-8      2.71775e-9       #dY:3.9%   
  4.13333         6.72227e-8      2.60955e-9       #dY:3.9%   
  4.2             6.4508e-8       2.50416e-9       #dY:3.9%   
  4.26667         6.19935e-8      2.72029e-9       #dY:4.4%   
  4.33333         5.95477e-8      2.61297e-9       #dY:4.4%   
  4.4             5.71684e-8      2.50856e-9       #dY:4.4%   
  4.46667         5.49574e-8      2.68332e-9       #dY:4.9%   
  4.53333         5.2809e-8       2.57842e-9       #dY:4.9%   
  4.6             5.07213e-8      2.47649e-9       #dY:4.9%   
  4.66667         4.87668e-8      2.61725e-9       #dY:5.4%   
  4.73333         4.68692e-8      2.51541e-9       #dY:5.4%   
  4.8             4.50268e-8      2.41653e-9       #dY:5.4%   
  4.86667         4.3302e-8       2.53334e-9       #dY:5.9%   
  4.93333         4.16289e-8      2.43545e-9       #dY:5.9%   
  5               4.00056e-8      2.34048e-9       #dY:5.9%   
  5.06667         3.847e-8        2.42911e-9       #dY:6.3%   
  5.13333         3.6981e-8       2.33509e-9       #dY:6.3%   
  5.2             3.5537e-8       2.24391e-9       #dY:6.3%   
  5.26667         3.41817e-8      2.31469e-9       #dY:6.8%   
  5.33333         3.28684e-8      2.22576e-9       #dY:6.8%   
  5.4             3.15957e-8      2.13958e-9       #dY:6.8%   
  5.46667         3.03957e-8      2.19331e-9       #dY:7.2%   
  5.53333         2.92335e-8      2.10945e-9       #dY:7.2%   
  5.6             2.81077e-8      2.02821e-9       #dY:7.2%   
  5.66667         2.70409e-8      2.06787e-9       #dY:7.6%   
  5.73333         2.6008e-8       1.98888e-9       #dY:7.6%   
  5.8             2.50077e-8      1.91239e-9       #dY:7.6%   
  5.86667         2.40546e-8      1.94056e-9       #dY:8.1%   
  5.93333         2.31318e-8      1.86611e-9       #dY:8.1%   
  6               2.22382e-8      1.79402e-9       #dY:8.1%   
  6.06667         2.13816e-8      1.80931e-9       #dY:8.5%   
  6.13333         2.05521e-8      1.73912e-9       #dY:8.5%   
  6.2             1.97487e-8      1.67113e-9       #dY:8.5%   
  6.26667         1.89746e-8      1.68156e-9       #dY:8.9%   
  6.33333         1.82246e-8      1.6151e-9        #dY:8.9%   
  6.4             1.7498e-8       1.5507e-9        #dY:8.9%   
  6.46667         1.67946e-8      1.55635e-9       #dY:9.3%   
  6.53333         1.61128e-8      1.49317e-9       #dY:9.3%   
  6.6             1.54518e-8      1.43192e-9       #dY:9.3%   
  6.66667         1.48121e-8      1.43512e-9       #dY:9.7%   
  6.73333         1.41917e-8      1.37501e-9       #dY:9.7%   
  6.8             1.35897e-8      1.31669e-9       #dY:9.7%   
  6.86667         1.30133e-8      1.31972e-9       #dY:10.1%  
  6.93333         1.2454e-8       1.263e-9         #dY:10.1%  
  7               1.19111e-8      1.20794e-9       #dY:10.1%  
  7.06667         1.14069e-8      1.20965e-9       #dY:10.6%  
  7.13333         1.09178e-8      1.15778e-9       #dY:10.6%  
  7.2             1.04434e-8      1.10747e-9       #dY:10.6%  
  7.26667         1.00253e-8      1.11224e-9       #dY:11.1%  
  7.33333         9.62066e-9      1.06735e-9       #dY:11.1%  
  7.4             9.22901e-9      1.0239e-9        #dY:11.1%  
  7.46667         8.89887e-9      1.03012e-9       #dY:11.6%  
  7.53333         8.58069e-9      9.93291e-10      #dY:11.6%  
  7.6             8.27399e-9      9.57788e-10      #dY:11.6%  
  7.66667         8.00245e-9      9.49209e-10      #dY:11.9%  
  7.73333         7.74151e-9      9.18258e-10      #dY:11.9%  
  7.8             7.49075e-9      8.88514e-10      #dY:11.9%  
  7.86667         7.25751e-9      8.74091e-10      #dY:12.0%  
  7.93333         7.03367e-9      8.47132e-10      #dY:12.0%  
  8               6.81884e-9      8.21258e-10      #dY:12.0%  
  8.06667         6.61517e-9      7.97802e-10      #dY:12.1%  
  8.13333         6.41981e-9      7.74241e-10      #dY:12.1%  
  8.2             6.23243e-9      7.51642e-10      #dY:12.1%  
  8.26667         6.05378e-9      7.30127e-10      #dY:12.1%  
  8.33333         5.88249e-9      7.09468e-10      #dY:12.1%  
  8.4             5.71825e-9      6.8966e-10       #dY:12.1%  
  8.46667         5.56115e-9      6.64755e-10      #dY:12.0%  
  8.53333         5.41056e-9      6.46754e-10      #dY:12.0%  
  8.6             5.26621e-9      6.29499e-10      #dY:12.0%  
  8.66667         5.12777e-9      6.01915e-10      #dY:11.7%  
  8.73333         4.99507e-9      5.86338e-10      #dY:11.7%  
  8.8             4.8679e-9       5.7141e-10       #dY:11.7%  
  8.86667         4.74547e-9      5.47291e-10      #dY:11.5%  
  8.93333         4.62812e-9      5.33757e-10      #dY:11.5%  
  9               4.51565e-9      5.20786e-10      #dY:11.5%  
  9.06667         4.40661e-9      4.9721e-10       #dY:11.3%  
  9.13333         4.30205e-9      4.85412e-10      #dY:11.3%  
  9.2             4.20179e-9      4.74099e-10      #dY:11.3%  
  9.26667         4.1042e-9       4.50438e-10      #dY:11.0%  
  9.33333         4.01057e-9      4.40162e-10      #dY:11.0%  
  9.4             3.92073e-9      4.30302e-10      #dY:11.0%  
  9.46667         3.83236e-9      4.07266e-10      #dY:10.6%  
  9.53333         3.74748e-9      3.98246e-10      #dY:10.6%  
  9.6             3.66595e-9      3.89581e-10      #dY:10.6%  
  9.66667         3.58461e-9      3.6745e-10       #dY:10.3%  
  9.73333         3.50635e-9      3.59428e-10      #dY:10.3%  
  9.8             3.43105e-9      3.51709e-10      #dY:10.3%  
  9.86667         3.3547e-9       3.31191e-10      #dY:9.9%   
  9.93333         3.28107e-9      3.23922e-10      #dY:9.9%   
  10              3.21003e-9      3.16908e-10      #dY:9.9%   
  10.0667         3.13715e-9      2.98022e-10      #dY:9.5%   
  10.1333         3.06666e-9      2.91326e-10      #dY:9.5%   
  10.2            2.99846e-9      2.84847e-10      #dY:9.5%   
  10.2667         2.92934e-9      2.67431e-10      #dY:9.1%   
  10.3333         2.86232e-9      2.61312e-10      #dY:9.1%   
  10.4            2.79733e-9      2.55379e-10      #dY:9.1%   
  10.4667         2.73401e-9      2.40537e-10      #dY:8.8%   
  10.5333         2.67255e-9      2.3513e-10       #dY:8.8%   
  10.6            2.61288e-9      2.2988e-10       #dY:8.8%   
  10.6667         2.55592e-9      2.16128e-10      #dY:8.5%   
  10.7333         2.5006e-9       2.1145e-10       #dY:8.5%   
  10.8            2.44684e-9      2.06905e-10      #dY:8.5%   
  10.8667         2.3964e-9       1.94947e-10      #dY:8.1%   
  10.9333         2.3474e-9       1.90961e-10      #dY:8.1%   
  11              2.29978e-9      1.87087e-10      #dY:8.1%   
  11.0667         2.25554e-9      1.76011e-10      #dY:7.8%   
  11.1333         2.21256e-9      1.72658e-10      #dY:7.8%   
  11.2            2.1708e-9       1.69399e-10      #dY:7.8%   
  11.2667         2.13236e-9      1.58794e-10      #dY:7.4%   
  11.3333         2.09504e-9      1.56015e-10      #dY:7.4%   
  11.4            2.05879e-9      1.53316e-10      #dY:7.4%   
  11.4667         2.02678e-9      1.43454e-10      #dY:7.1%   
  11.5333         1.99575e-9      1.41258e-10      #dY:7.1%   
  11.6            1.96566e-9      1.39128e-10      #dY:7.1%   
  11.6667         1.94043e-9      1.29807e-10      #dY:6.7%   
  11.7333         1.91606e-9      1.28177e-10      #dY:6.7%   
  11.8            1.89251e-9      1.26601e-10      #dY:6.7%   
  11.8667         1.87604e-9      1.16288e-10      #dY:6.2%   
  11.9333         1.86033e-9      1.15314e-10      #dY:6.2%   
  12              1.84534e-9      1.14385e-10      #dY:6.2%   
  12.0667         1.84059e-9      1.04586e-10      #dY:5.7%   
  12.1333         1.8365e-9       1.04354e-10      #dY:5.7%   
  12.2            1.83305e-9      1.04158e-10      #dY:5.7%   
  12.2667         1.84637e-9      9.44015e-11      #dY:5.1%   
  12.3333         1.86028e-9      9.51127e-11      #dY:5.1%   
  12.4            1.87474e-9      9.5852e-11       #dY:5.1%   
  12.4667         1.91955e-9      8.6153e-11       #dY:4.5%   
  12.5333         1.96486e-9      8.81866e-11      #dY:4.5%   
  12.6            2.01068e-9      9.02431e-11      #dY:4.5%   
  12.6667         2.11011e-9      8.03794e-11      #dY:3.8%   
  12.7333         2.21e-9         8.41844e-11      #dY:3.8%   
  12.8            2.31032e-9      8.80059e-11      #dY:3.8%   
  12.8667         2.40083e-9      7.31762e-11      #dY:3.0%   
  12.9333         2.49173e-9      7.59468e-11      #dY:3.0%   
  13              2.58302e-9      7.87293e-11      #dY:3.0%   
  13.0667         2.79677e-9      6.70826e-11      #dY:2.4%   
  13.1333         3.01087e-9      7.2218e-11       #dY:2.4%   
  13.2            3.22531e-9      7.73615e-11      #dY:2.4%   
  13.2667         3.52905e-9      6.35085e-11      #dY:1.8%   
  13.3333         3.83309e-9      6.898e-11        #dY:1.8%   
  13.4            4.13743e-9      7.44568e-11      #dY:1.8%   
  13.4667         4.02962e-9      5.09566e-11      #dY:1.3%   
  13.5333         3.92208e-9      4.95967e-11      #dY:1.3%   
  13.6            3.8148e-9       4.82401e-11      #dY:1.3%   
  13.6667         3.37088e-9      3.50437e-11      #dY:1.0%   
  13.7333         2.9272e-9       3.04312e-11      #dY:1.0%   
  13.8            2.48375e-9      2.58211e-11      #dY:1.0%   
  13.8667         1.96547e-9      2.29832e-11      #dY:1.2%   
  13.9333         1.4474e-9       1.69251e-11      #dY:1.2%   
  14              9.29522e-10     1.08693e-11      #dY:1.2%   
  14.0667         6.95055e-10     1.33256e-11      #dY:1.9%   
  14.1333         4.60771e-10     8.83392e-12      #dY:1.9%   
  14.2            2.2666e-10      4.34553e-12      #dY:1.9%   
  14.2667         1.82682e-10     9.18404e-12      #dY:5.0%   
  14.3333         1.38864e-10     6.98116e-12      #dY:5.0%   
  14.4            9.51991e-11     4.78598e-12      #dY:5.0%   
  14.4667         8.64808e-11     1.38701e-11      #dY:16.0%  
  14.5333         7.79027e-11     1.24943e-11      #dY:16.0%  
  14.6            6.94589e-11     1.11401e-11      #dY:16.0%  
  14.6667         6.58661e-11     1.83735e-11      #dY:27.9%  
  14.7333         6.23964e-11     1.74056e-11      #dY:27.9%  
  14.8            5.90445e-11     1.64706e-11      #dY:27.9%  
  14.8667         5.64282e-11     1.78905e-11      #dY:31.7%  
  14.9333         5.39199e-11     1.70952e-11      #dY:31.7%  
  15              5.15149e-11     1.63327e-11      #dY:31.7%  
  15.0667         4.92912e-11     1.61028e-11      #dY:32.7%  
  15.1333         4.71623e-11     1.54073e-11      #dY:32.7%  
  15.2            4.51241e-11     1.47414e-11      #dY:32.7%  
  15.2667         4.31836e-11     1.43335e-11      #dY:33.2%  
  15.3333         4.13262e-11     1.3717e-11       #dY:33.2%  
  15.4            3.95484e-11     1.31269e-11      #dY:33.2%  
  15.4667         3.78482e-11     1.26999e-11      #dY:33.6%  
  15.5333         3.62209e-11     1.21538e-11      #dY:33.6%  
  15.6            3.46634e-11     1.16312e-11      #dY:33.6%  
  15.6667         3.31729e-11     1.12687e-11      #dY:34.0%  
  15.7333         3.17463e-11     1.07841e-11      #dY:34.0%  
  15.8            3.03809e-11     1.03203e-11      #dY:34.0%  
  15.8667         2.90742e-11     9.97322e-12      #dY:34.3%  
  15.9333         2.78235e-11     9.5442e-12       #dY:34.3%  
  16              2.66265e-11     9.13359e-12      #dY:34.3%  
  16.0667         2.54809e-11     8.84121e-12      #dY:34.7%  
  16.1333         2.43845e-11     8.46079e-12      #dY:34.7%  
  16.2            2.33351e-11     8.09667e-12      #dY:34.7%  
  16.2667         2.23309e-11     7.83457e-12      #dY:35.1%  
  16.3333         2.13697e-11     7.49734e-12      #dY:35.1%  
  16.4            2.04499e-11     7.17464e-12      #dY:35.1%  
  16.4667         1.95695e-11     6.93985e-12      #dY:35.5%  
  16.5333         1.8727e-11      6.64108e-12      #dY:35.5%  
  16.6            1.79207e-11     6.35515e-12      #dY:35.5%  
  16.6667         1.7149e-11      6.13313e-12      #dY:35.8%  
  16.7333         1.64105e-11     5.86901e-12      #dY:35.8%  
  16.8            1.57038e-11     5.61627e-12      #dY:35.8%  
  16.8667         1.50274e-11     5.42881e-12      #dY:36.1%  
  16.9333         1.43801e-11     5.19497e-12      #dY:36.1%  
  17              1.37606e-11     4.97117e-12      #dY:36.1%  
  17.0667         1.31678e-11     4.80325e-12      #dY:36.5%  
  17.1333         1.26005e-11     4.59631e-12      #dY:36.5%  
  17.2            1.20575e-11     4.39824e-12      #dY:36.5%  
  17.2667         1.1538e-11      4.24861e-12      #dY:36.8%  
  17.3333         1.10407e-11     4.06549e-12      #dY:36.8%  
  17.4            1.05649e-11     3.89029e-12      #dY:36.8%  
  17.4667         1.01096e-11     3.75667e-12      #dY:37.2%  
  17.5333         9.67379e-12     3.59473e-12      #dY:37.2%  
  17.6            9.25678e-12     3.43977e-12      #dY:37.2%  
  17.6667         8.85772e-12     3.32645e-12      #dY:37.6%  
  17.7333         8.47583e-12     3.18303e-12      #dY:37.6%  
  17.8            8.11039e-12     3.04579e-12      #dY:37.6%  
  17.8667         7.76067e-12     2.93922e-12      #dY:37.9%  
  17.9333         7.42602e-12     2.81248e-12      #dY:37.9%  
  18              7.10577e-12     2.69119e-12      #dY:37.9%  
  18.0667         6.79931e-12     2.59629e-12      #dY:38.2%  
  18.1333         6.50605e-12     2.48431e-12      #dY:38.2%  
  18.2            6.22542e-12     2.37716e-12      #dY:38.2%  
  18.2667         5.95688e-12     2.29268e-12      #dY:38.5%  
  18.3333         5.6999e-12      2.19377e-12      #dY:38.5%  
  18.4            5.454e-12       2.09913e-12      #dY:38.5%  
  18.4667         5.21869e-12     2.02735e-12      #dY:38.8%  
  18.5333         4.99352e-12     1.93988e-12      #dY:38.8%  
  18.6            4.77805e-12     1.85617e-12      #dY:38.8%  
  18.6667         4.57186e-12     1.78919e-12      #dY:39.1%  
  18.7333         4.37456e-12     1.71198e-12      #dY:39.1%  
  18.8            4.18577e-12     1.6381e-12       #dY:39.1%  
  18.8667         4.00511e-12     1.58109e-12      #dY:39.5%  
  18.9333         3.83224e-12     1.51284e-12      #dY:39.5%  
  19              3.66682e-12     1.44754e-12      #dY:39.5%  
  19.0667         3.50853e-12     1.39458e-12      #dY:39.7%  
  19.1333         3.35706e-12     1.33437e-12      #dY:39.7%  
  19.2            3.21213e-12     1.27676e-12      #dY:39.7%  
  19.2667         3.07345e-12     1.23165e-12      #dY:40.1%  
  19.3333         2.94074e-12     1.17847e-12      #dY:40.1%  
  19.4            2.81376e-12     1.12758e-12      #dY:40.1%  
  19.4667         2.69226e-12     1.08741e-12      #dY:40.4%  
  19.5333         2.57599e-12     1.04045e-12      #dY:40.4%  
  19.6            2.46474e-12     9.95514e-13      #dY:40.4%  
  19.6667         2.35829e-12     9.58342e-13      #dY:40.6%  
  19.7333         2.25644e-12     9.16953e-13      #dY:40.6%  
  19.8            2.15897e-12     8.77344e-13      #dY:40.6%  
  19.8667         2.06571e-12     8.45656e-13      #dY:40.9%  
  19.9333         1.97648e-12     8.09127e-13      #dY:40.9%  
  20              1.89109e-12     7.7417e-13       #dY:40.9%  
  20.2            0.00            0.00                        
//
#-------------------------------------------------------------------------------
