#ZVView-data-copy::  16-Sep-2026 16:59:51
#=======================================
#
#name:   JENDL-5: U-235(N,F) E_in=1.e-11 MeV
#X.axis: Energy
#Y.axis: 
#wdata:  3
#ldata:  602
#data...
# X               Y               +-dY           
# MeV             1/eV            1/eV           
  0.00            0.00            0.00                        
  1.00e-6         6.5939e-10      5.02737e-12      #dY:0.8%   
  1.028415e-6     6.68692e-10     4.72722e-12      #dY:0.7%   
  1.057637e-6     6.78126e-10     4.79391e-12      #dY:0.7%   
  1.08769e-6      6.87693e-10     4.86155e-12      #dY:0.7%   
  1.118597e-6     6.97395e-10     4.93013e-12      #dY:0.7%   
  1.150382e-6     7.07234e-10     4.99969e-12      #dY:0.7%   
  1.18307e-6      7.17211e-10     5.07022e-12      #dY:0.7%   
  1.216686e-6     7.27329e-10     5.14175e-12      #dY:0.7%   
  1.251259e-6     7.37591e-10     5.21429e-12      #dY:0.7%   
  1.286813e-6     7.47996e-10     5.28785e-12      #dY:0.7%   
  1.323378e-6     7.58549e-10     5.36245e-12      #dY:0.7%   
  1.360981e-6     7.69251e-10     5.43811e-12      #dY:0.7%   
  1.399654e-6     7.80103e-10     5.51483e-12      #dY:0.7%   
  1.439425e-6     7.91109e-10     5.59263e-12      #dY:0.7%   
  1.480326e-6     8.0227e-10      5.67153e-12      #dY:0.7%   
  1.522389e-6     8.13588e-10     5.29654e-11      #dY:6.5%   
  1.565648e-6     8.25066e-10     5.37126e-11      #dY:6.5%   
  1.610136e-6     8.36706e-10     5.44704e-11      #dY:6.5%   
  1.655888e-6     8.4851e-10      5.52388e-11      #dY:6.5%   
  1.70294e-6      8.6048e-10      5.60181e-11      #dY:6.5%   
  1.751329e-6     8.7262e-10      5.68084e-11      #dY:6.5%   
  1.801093e-6     8.84931e-10     5.76099e-11      #dY:6.5%   
  1.852271e-6     8.97415e-10     5.84226e-11      #dY:6.5%   
  1.904903e-6     9.10076e-10     5.92468e-11      #dY:6.5%   
  1.959031e-6     9.22915e-10     6.00827e-11      #dY:6.5%   
  2.014696e-6     9.35935e-10     6.2977e-11       #dY:6.7%   
  2.071944e-6     9.49139e-10     6.38654e-11      #dY:6.7%   
  2.130818e-6     9.6253e-10      6.47665e-11      #dY:6.7%   
  2.191365e-6     9.76109e-10     6.56802e-11      #dY:6.7%   
  2.253633e-6     9.8988e-10      6.66068e-11      #dY:6.7%   
  2.317669e-6     1.003845e-9     6.75465e-11      #dY:6.7%   
  2.383526e-6     1.018007e-9     6.84994e-11      #dY:6.7%   
  2.451254e-6     1.032368e-9     6.94657e-11      #dY:6.7%   
  2.520906e-6     1.046934e-9     7.16907e-11      #dY:6.8%   
  2.592537e-6     1.061704e-9     7.27021e-11      #dY:6.8%   
  2.666204e-6     1.076682e-9     7.37278e-11      #dY:6.8%   
  2.741964e-6     1.091872e-9     7.47679e-11      #dY:6.8%   
  2.819877e-6     1.107276e-9     7.58227e-11      #dY:6.8%   
  2.900004e-6     1.122897e-9     7.68924e-11      #dY:6.8%   
  2.982407e-6     1.138739e-9     7.79772e-11      #dY:6.8%   
  3.067152e-6     1.154803e-9     7.99407e-11      #dY:6.9%   
  3.154305e-6     1.171095e-9     8.10685e-11      #dY:6.9%   
  3.243935e-6     1.187617e-9     8.22122e-11      #dY:6.9%   
  3.336111e-6     1.204371e-9     8.3372e-11       #dY:6.9%   
  3.430906e-6     1.221363e-9     8.45483e-11      #dY:6.9%   
  3.528395e-6     1.238594e-9     8.63775e-11      #dY:7.0%   
  3.628655e-6     1.256067e-9     8.75961e-11      #dY:7.0%   
  3.731763e-6     1.273788e-9     8.88319e-11      #dY:7.0%   
  3.837801e-6     1.291758e-9     9.00851e-11      #dY:7.0%   
  3.946851e-6     1.309982e-9     9.1356e-11       #dY:7.0%   
  4.059001e-6     1.328463e-9     9.3144e-11       #dY:7.0%   
  4.174337e-6     1.347204e-9     9.4458e-11       #dY:7.0%   
  4.292951e-6     1.366211e-9     9.57907e-11      #dY:7.0%   
  4.414935e-6     1.385485e-9     9.71421e-11      #dY:7.0%   
  4.540385e-6     1.405031e-9     9.89137e-11      #dY:7.0%   
  4.6694e-6       1.424853e-9     1.00309e-10      #dY:7.0%   
  4.802081e-6     1.444955e-9     1.01724e-10      #dY:7.0%   
  4.938532e-6     1.46534e-9      1.03159e-10      #dY:7.0%   
  5.07886e-6      1.486013e-9     1.0495e-10       #dY:7.1%   
  5.223175e-6     1.506978e-9     1.06431e-10      #dY:7.1%   
  5.371592e-6     1.528238e-9     1.07932e-10      #dY:7.1%   
  5.524225e-6     1.549798e-9     1.09737e-10      #dY:7.1%   
  5.681196e-6     1.571662e-9     1.11285e-10      #dY:7.1%   
  5.842627e-6     1.593834e-9     1.12855e-10      #dY:7.1%   
  6.008645e-6     1.61632e-9      1.1469e-10       #dY:7.1%   
  6.17938e-6      1.639123e-9     1.16308e-10      #dY:7.1%   
  6.354967e-6     1.662247e-9     1.17949e-10      #dY:7.1%   
  6.535543e-6     1.685698e-9     1.19825e-10      #dY:7.1%   
  6.72125e-6      1.709479e-9     1.21515e-10      #dY:7.1%   
  6.912234e-6     1.733597e-9     1.2323e-10       #dY:7.1%   
  7.108645e-6     1.758054e-9     1.25156e-10      #dY:7.1%   
  7.310637e-6     1.782857e-9     1.26922e-10      #dY:7.1%   
  7.518368e-6     1.808008e-9     1.28879e-10      #dY:7.1%   
  7.732002e-6     1.833516e-9     1.30697e-10      #dY:7.1%   
  7.951707e-6     1.859383e-9     1.32541e-10      #dY:7.1%   
  8.177654e-6     1.885614e-9     1.34563e-10      #dY:7.1%   
  8.410022e-6     1.912217e-9     1.36461e-10      #dY:7.1%   
  8.648992e-6     1.939193e-9     1.38523e-10      #dY:7.1%   
  8.894753e-6     1.966552e-9     1.40478e-10      #dY:7.1%   
  9.147497e-6     1.994295e-9     1.42584e-10      #dY:7.1%   
  9.407423e-6     2.02243e-9      1.44595e-10      #dY:7.1%   
  9.674734e-6     2.050963e-9     1.4675e-10       #dY:7.2%   
  9.949641e-6     2.079897e-9     1.4882e-10       #dY:7.2%   
  1.023236e-5     2.10924e-9      1.51025e-10      #dY:7.2%   
  1.052311e-5     2.138996e-9     1.53156e-10      #dY:7.2%   
  1.082213e-5     2.169173e-9     1.55316e-10      #dY:7.2%   
  1.112964e-5     2.199775e-9     1.57508e-10      #dY:7.2%   
  1.144588e-5     2.230809e-9     1.5973e-10       #dY:7.2%   
  1.177112e-5     2.262281e-9     1.61983e-10      #dY:7.2%   
  1.210559e-5     2.294197e-9     1.64268e-10      #dY:7.2%   
  1.244957e-5     2.326564e-9     1.66586e-10      #dY:7.2%   
  1.280333e-5     2.359386e-9     1.68936e-10      #dY:7.2%   
  1.316713e-5     2.392672e-9     1.71319e-10      #dY:7.2%   
  1.354128e-5     2.426428e-9     1.73736e-10      #dY:7.2%   
  1.392605e-5     2.460659e-9     1.76187e-10      #dY:7.2%   
  1.432176e-5     2.495374e-9     1.78673e-10      #dY:7.2%   
  1.472871e-5     2.530578e-9     1.81194e-10      #dY:7.2%   
  1.514723e-5     2.56628e-9      1.67076e-10      #dY:6.5%   
  1.557764e-5     2.602484e-9     1.69433e-10      #dY:6.5%   
  1.602027e-5     2.639199e-9     1.71824e-10      #dY:6.5%   
  1.647549e-5     2.676432e-9     1.74248e-10      #dY:6.5%   
  1.694364e-5     2.714191e-9     1.76706e-10      #dY:6.5%   
  1.742509e-5     2.752482e-9     1.79199e-10      #dY:6.5%   
  1.792023e-5     2.791314e-9     1.81727e-10      #dY:6.5%   
  1.842943e-5     2.830693e-9     1.84291e-10      #dY:6.5%   
  1.89531e-5      2.870629e-9     1.86891e-10      #dY:6.5%   
  1.949165e-5     2.911127e-9     1.89528e-10      #dY:6.5%   
  2.004551e-5     2.952196e-9     1.9866e-10       #dY:6.7%   
  2.06151e-5      2.993846e-9     2.01463e-10      #dY:6.7%   
  2.120087e-5     3.036082e-9     2.04305e-10      #dY:6.7%   
  2.18033e-5      3.078915e-9     2.07187e-10      #dY:6.7%   
  2.242284e-5     3.122352e-9     2.1011e-10       #dY:6.7%   
  2.305998e-5     3.166401e-9     2.13075e-10      #dY:6.7%   
  2.371523e-5     3.211072e-9     2.16081e-10      #dY:6.7%   
  2.43891e-5      3.256374e-9     2.19129e-10      #dY:6.7%   
  2.508211e-5     3.302315e-9     2.2615e-10       #dY:6.8%   
  2.579482e-5     3.348903e-9     2.29341e-10      #dY:6.8%   
  2.652778e-5     3.396148e-9     2.32576e-10      #dY:6.8%   
  2.728156e-5     3.444061e-9     2.35857e-10      #dY:6.8%   
  2.805677e-5     3.492649e-9     2.39185e-10      #dY:6.8%   
  2.8854e-5       3.541922e-9     2.42559e-10      #dY:6.8%   
  2.967388e-5     3.591892e-9     2.45981e-10      #dY:6.8%   
  3.051707e-5     3.642565e-9     2.52178e-10      #dY:6.9%   
  3.138421e-5     3.693955e-9     2.55736e-10      #dY:6.9%   
  3.227599e-5     3.746068e-9     2.59343e-10      #dY:6.9%   
  3.319311e-5     3.798917e-9     2.63002e-10      #dY:6.9%   
  3.413629e-5     3.852512e-9     2.66713e-10      #dY:6.9%   
  3.510627e-5     3.906862e-9     2.72485e-10      #dY:7.0%   
  3.610381e-5     3.96198e-9      2.7633e-10       #dY:7.0%   
  3.71297e-5      4.017874e-9     2.80228e-10      #dY:7.0%   
  3.818474e-5     4.074558e-9     2.84181e-10      #dY:7.0%   
  3.926976e-5     4.132041e-9     2.88191e-10      #dY:7.0%   
  4.038561e-5     4.190336e-9     2.9383e-10       #dY:7.0%   
  4.153316e-5     4.249452e-9     2.97975e-10      #dY:7.0%   
  4.271332e-5     4.309402e-9     3.02179e-10      #dY:7.0%   
  4.392702e-5     4.370199e-9     3.06442e-10      #dY:7.0%   
  4.517521e-5     4.431853e-9     3.12035e-10      #dY:7.0%   
  4.645886e-5     4.494377e-9     3.16437e-10      #dY:7.0%   
  4.777898e-5     4.557783e-9     3.20901e-10      #dY:7.0%   
  4.913662e-5     4.622084e-9     3.25428e-10      #dY:7.0%   
  5.053284e-5     4.687291e-9     3.31077e-10      #dY:7.1%   
  5.196872e-5     4.753418e-9     3.35747e-10      #dY:7.1%   
  5.344541e-5     4.820479e-9     3.40484e-10      #dY:7.1%   
  5.496406e-5     4.888486e-9     3.45287e-10      #dY:7.1%   
  5.652586e-5     4.957452e-9     3.51062e-10      #dY:7.1%   
  5.813204e-5     5.027391e-9     3.56015e-10      #dY:7.1%   
  5.978386e-5     5.098316e-9     3.61037e-10      #dY:7.1%   
  6.148262e-5     5.170242e-9     3.66908e-10      #dY:7.1%   
  6.322964e-5     5.243184e-9     3.72085e-10      #dY:7.1%   
  6.502631e-5     5.317153e-9     3.78004e-10      #dY:7.1%   
  6.687403e-5     5.392166e-9     3.83337e-10      #dY:7.1%   
  6.877425e-5     5.468238e-9     3.88745e-10      #dY:7.1%   
  7.072847e-5     5.545383e-9     3.94824e-10      #dY:7.1%   
  7.273822e-5     5.623616e-9     4.00394e-10      #dY:7.1%   
  7.480507e-5     5.702954e-9     4.06043e-10      #dY:7.1%   
  7.693065e-5     5.783409e-9     4.12307e-10      #dY:7.1%   
  7.911663e-5     5.865001e-9     4.18124e-10      #dY:7.1%   
  8.136473e-5     5.947743e-9     4.24501e-10      #dY:7.1%   
  8.36767e-5      6.031652e-9     4.3049e-10       #dY:7.1%   
  8.605437e-5     6.116746e-9     4.36997e-10      #dY:7.1%   
  8.84996e-5      6.203039e-9     4.43162e-10      #dY:7.1%   
  9.101432e-5     6.29055e-9      4.49808e-10      #dY:7.2%   
  9.360048e-5     6.379296e-9     4.56154e-10      #dY:7.2%   
  9.626014e-5     6.469294e-9     4.6295e-10       #dY:7.2%   
  9.899537e-5     6.560561e-9     4.69481e-10      #dY:7.2%   
  1.018083e-4     6.653115e-9     4.76438e-10      #dY:7.2%   
  1.047012e-4     6.746976e-9     4.83159e-10      #dY:7.2%   
  1.076763e-4     6.84216e-9      4.89975e-10      #dY:7.2%   
  1.107359e-4     6.938688e-9     4.96888e-10      #dY:7.2%   
  1.138824e-4     7.036576e-9     5.03898e-10      #dY:7.2%   
  1.171184e-4     7.135846e-9     5.11007e-10      #dY:7.2%   
  1.204463e-4     7.236517e-9     5.18216e-10      #dY:7.2%   
  1.238688e-4     7.338606e-9     5.25526e-10      #dY:7.2%   
  1.273885e-4     7.442137e-9     5.3294e-10       #dY:7.2%   
  1.310083e-4     7.547128e-9     5.40459e-10      #dY:7.2%   
  1.347309e-4     7.6536e-9       5.48084e-10      #dY:7.2%   
  1.385592e-4     7.761574e-9     5.55816e-10      #dY:7.2%   
  1.424964e-4     7.871071e-9     5.63657e-10      #dY:7.2%   
  1.465454e-4     7.982114e-9     5.71609e-10      #dY:7.2%   
  1.507095e-4     8.094721e-9     5.27079e-10      #dY:6.5%   
  1.549919e-4     8.208918e-9     5.34515e-10      #dY:6.5%   
  1.59396e-4      8.324725e-9     5.42055e-10      #dY:6.5%   
  1.639252e-4     8.442167e-9     5.49702e-10      #dY:6.5%   
  1.685831e-4     8.561264e-9     5.57457e-10      #dY:6.5%   
  1.733734e-4     8.682041e-9     5.65322e-10      #dY:6.5%   
  1.782998e-4     8.804523e-9     5.73297e-10      #dY:6.5%   
  1.833662e-4     8.928732e-9     5.81385e-10      #dY:6.5%   
  1.885765e-4     9.054693e-9     5.89586e-10      #dY:6.5%   
  1.939349e-4     9.182431e-9     5.97904e-10      #dY:6.5%   
  1.994456e-4     9.31197e-9      6.06339e-10      #dY:6.5%   
  2.051128e-4     9.443337e-9     6.34766e-10      #dY:6.7%   
  2.109411e-4     9.576557e-9     6.4372e-10       #dY:6.7%   
  2.16935e-4      9.711655e-9     6.52801e-10      #dY:6.7%   
  2.230992e-4     9.848659e-9     6.62011e-10      #dY:6.7%   
  2.294385e-4     9.987596e-9     6.7135e-10       #dY:6.7%   
  2.35958e-4      1.012849e-8     6.8082e-10       #dY:6.7%   
  2.426628e-4     1.027137e-8     6.90425e-10      #dY:6.7%   
  2.49558e-4      1.041627e-8     7.00164e-10      #dY:6.7%   
  2.566492e-4     1.056321e-8     7.22608e-10      #dY:6.8%   
  2.639419e-4     1.071223e-8     7.32802e-10      #dY:6.8%   
  2.714418e-4     1.086334e-8     7.43139e-10      #dY:6.8%   
  2.791548e-4     1.101659e-8     7.53623e-10      #dY:6.8%   
  2.870869e-4     1.1172e-8       7.64254e-10      #dY:6.8%   
  2.952445e-4     1.13296e-8      7.75035e-10      #dY:6.8%   
  3.036339e-4     1.148942e-8     7.94568e-10      #dY:6.9%   
  3.122616e-4     1.16515e-8      8.05777e-10      #dY:6.9%   
  3.211345e-4     1.181587e-8     8.17144e-10      #dY:6.9%   
  3.302595e-4     1.198255e-8     8.28671e-10      #dY:6.9%   
  3.396438e-4     1.215158e-8     8.4036e-10       #dY:6.9%   
  3.492948e-4     1.232299e-8     8.52215e-10      #dY:6.9%   
  3.5922e-4       1.249682e-8     8.70668e-10      #dY:7.0%   
  3.694272e-4     1.267311e-8     8.82951e-10      #dY:7.0%   
  3.799245e-4     1.285187e-8     8.95405e-10      #dY:7.0%   
  3.9072e-4       1.303316e-8     9.08036e-10      #dY:7.0%   
  4.018223e-4     1.321701e-8     9.25809e-10      #dY:7.0%   
  4.132401e-4     1.340344e-8     9.38868e-10      #dY:7.0%   
  4.249823e-4     1.359251e-8     9.52112e-10      #dY:7.0%   
  4.370581e-4     1.378424e-8     9.65542e-10      #dY:7.0%   
  4.494771e-4     1.397867e-8     9.79161e-10      #dY:7.0%   
  4.62249e-4      1.417585e-8     9.9704e-10       #dY:7.0%   
  4.753837e-4     1.437581e-8     1.0111e-9        #dY:7.0%   
  4.888918e-4     1.457858e-8     1.02537e-9       #dY:7.0%   
  5.027836e-4     1.47842e-8      1.04315e-9       #dY:7.1%   
  5.170702e-4     1.499274e-8     1.05787e-9       #dY:7.1%   
  5.317627e-4     1.520421e-8     1.07279e-9       #dY:7.1%   
  5.468727e-4     1.541866e-8     1.08792e-9       #dY:7.1%   
  5.624121e-4     1.563613e-8     1.10611e-9       #dY:7.1%   
  5.78393e-4      1.585666e-8     1.12171e-9       #dY:7.1%   
  5.94828e-4      1.608031e-8     1.13753e-9       #dY:7.1%   
  6.1173e-4       1.630711e-8     1.15603e-9       #dY:7.1%   
  6.291123e-4     1.65371e-8      1.17234e-9       #dY:7.1%   
  6.469885e-4     1.677034e-8     1.18887e-9       #dY:7.1%   
  6.653726e-4     1.700686e-8     1.20778e-9       #dY:7.1%   
  6.842792e-4     1.724671e-8     1.22481e-9       #dY:7.1%   
  7.037229e-4     1.748995e-8     1.24397e-9       #dY:7.1%   
  7.237192e-4     1.773661e-8     1.26151e-9       #dY:7.1%   
  7.442836e-4     1.798675e-8     1.2793e-9        #dY:7.1%   
  7.654324e-4     1.82404e-8      1.29901e-9       #dY:7.1%   
  7.871821e-4     1.849763e-8     1.31733e-9       #dY:7.1%   
  8.095499e-4     1.875849e-8     1.33912e-9       #dY:7.1%   
  8.325532e-4     1.902301e-8     1.358e-9         #dY:7.1%   
  8.562102e-4     1.929127e-8     1.37852e-9       #dY:7.1%   
  8.805393e-4     1.95633e-8      1.39796e-9       #dY:7.1%   
  9.055598e-4     1.983916e-8     1.41891e-9       #dY:7.2%   
  9.312913e-4     2.011891e-8     1.43892e-9       #dY:7.2%   
  9.577539e-4     2.04026e-8      1.46036e-9       #dY:7.2%   
  9.849684e-4     2.069027e-8     1.48095e-9       #dY:7.2%   
  1.012956e-3     2.098201e-8     1.50288e-9       #dY:7.2%   
  1.041739e-3     2.127784e-8     1.52407e-9       #dY:7.2%   
  1.07134e-3      2.157784e-8     1.54556e-9       #dY:7.2%   
  1.101782e-3     2.188207e-8     1.56735e-9       #dY:7.2%   
  1.133089e-3     2.219057e-8     1.58945e-9       #dY:7.2%   
  1.165286e-3     2.250341e-8     1.61185e-9       #dY:7.2%   
  1.198398e-3     2.282066e-8     1.63458e-9       #dY:7.2%   
  1.23245e-3      2.314236e-8     1.65762e-9       #dY:7.2%   
  1.26747e-3      2.34686e-8      1.68099e-9       #dY:7.2%   
  1.303485e-3     2.379943e-8     1.70468e-9       #dY:7.2%   
  1.340524e-3     2.41349e-8      1.72871e-9       #dY:7.2%   
  1.378615e-3     2.44751e-8      1.75308e-9       #dY:7.2%   
  1.417788e-3     2.482007e-8     1.77779e-9       #dY:7.2%   
  1.458074e-3     2.51699e-8      1.80285e-9       #dY:7.2%   
  1.499505e-3     2.552465e-8     1.82826e-9       #dY:7.2%   
  1.542114e-3     2.588439e-8     1.68799e-9       #dY:6.5%   
  1.585933e-3     2.624917e-8     1.71178e-9       #dY:6.5%   
  1.630997e-3     2.661908e-8     1.7359e-9        #dY:6.5%   
  1.677342e-3     2.699419e-8     1.76036e-9       #dY:6.5%   
  1.725003e-3     2.737457e-8     1.78517e-9       #dY:6.5%   
  1.774019e-3     2.77603e-8      1.81032e-9       #dY:6.5%   
  1.824428e-3     2.815144e-8     1.83583e-9       #dY:6.5%   
  1.876269e-3     2.854807e-8     1.86169e-9       #dY:6.5%   
  1.929583e-3     2.895028e-8     1.88792e-9       #dY:6.5%   
  1.984412e-3     2.935812e-8     1.91452e-9       #dY:6.5%   
  2.040799e-3     2.977169e-8     2.01194e-9       #dY:6.8%   
  2.098788e-3     3.019106e-8     2.04028e-9       #dY:6.8%   
  2.158425e-3     3.061632e-8     2.06902e-9       #dY:6.8%   
  2.219757e-3     3.104754e-8     2.09816e-9       #dY:6.8%   
  2.282831e-3     3.148481e-8     2.12771e-9       #dY:6.8%   
  2.347698e-3     3.192821e-8     2.15768e-9       #dY:6.8%   
  2.414407e-3     3.237782e-8     2.18806e-9       #dY:6.8%   
  2.483013e-3     3.283374e-8     2.21887e-9       #dY:6.8%   
  2.553567e-3     3.329604e-8     2.2989e-9        #dY:6.9%   
  2.626127e-3     3.376482e-8     2.33127e-9       #dY:6.9%   
  2.700748e-3     3.424017e-8     2.36409e-9       #dY:6.9%   
  2.77749e-3      3.472216e-8     2.39737e-9       #dY:6.9%   
  2.856412e-3     3.521091e-8     2.43112e-9       #dY:6.9%   
  2.937577e-3     3.57065e-8      2.46533e-9       #dY:6.9%   
  3.021048e-3     3.620902e-8     2.53075e-9       #dY:7.0%   
  3.106891e-3     3.671856e-8     2.56637e-9       #dY:7.0%   
  3.195173e-3     3.723524e-8     2.60248e-9       #dY:7.0%   
  3.285964e-3     3.775913e-8     2.6391e-9        #dY:7.0%   
  3.379334e-3     3.829034e-8     2.67622e-9       #dY:7.0%   
  3.475358e-3     3.882898e-8     2.71387e-9       #dY:7.0%   
  3.57411e-3      3.937514e-8     2.7763e-9        #dY:7.1%   
  3.675668e-3     3.992892e-8     2.81535e-9       #dY:7.1%   
  3.780112e-3     4.049042e-8     2.85494e-9       #dY:7.1%   
  3.887524e-3     4.105976e-8     2.89508e-9       #dY:7.1%   
  3.997988e-3     4.163703e-8     2.93579e-9       #dY:7.1%   
  4.11159e-3      4.222236e-8     2.99335e-9       #dY:7.1%   
  4.228421e-3     4.281584e-8     3.03542e-9       #dY:7.1%   
  4.348571e-3     4.341759e-8     3.07808e-9       #dY:7.1%   
  4.472136e-3     4.402771e-8     3.12134e-9       #dY:7.1%   
  4.599211e-3     4.464632e-8     3.18237e-9       #dY:7.1%   
  4.729898e-3     4.527354e-8     3.22708e-9       #dY:7.1%   
  4.864298e-3     4.590948e-8     3.27241e-9       #dY:7.1%   
  5.002517e-3     4.655425e-8     3.32929e-9       #dY:7.2%   
  5.144663e-3     4.720798e-8     3.37604e-9       #dY:7.2%   
  5.290848e-3     4.787078e-8     3.42344e-9       #dY:7.2%   
  5.441187e-3     4.854278e-8     3.4715e-9        #dY:7.2%   
  5.595798e-3     4.92241e-8      3.5296e-9        #dY:7.2%   
  5.754803e-3     4.991486e-8     3.57913e-9       #dY:7.2%   
  5.918325e-3     5.061519e-8     3.62935e-9       #dY:7.2%   
  6.086494e-3     5.132521e-8     3.68842e-9       #dY:7.2%   
  6.259442e-3     5.204506e-8     3.74015e-9       #dY:7.2%   
  6.437303e-3     5.277486e-8     3.7926e-9        #dY:7.2%   
  6.620219e-3     5.351474e-8     3.8575e-9        #dY:7.2%   
  6.808332e-3     5.426484e-8     3.91156e-9       #dY:7.2%   
  7.001791e-3     5.502529e-8     3.97277e-9       #dY:7.2%   
  7.200746e-3     5.579622e-8     4.02843e-9       #dY:7.2%   
  7.405355e-3     5.657778e-8     4.08486e-9       #dY:7.2%   
  7.615778e-3     5.737009e-8     4.15313e-9       #dY:7.2%   
  7.83218e-3      5.817331e-8     4.21127e-9       #dY:7.2%   
  8.054731e-3     5.898756e-8     4.27568e-9       #dY:7.2%   
  8.283606e-3     5.9813e-8       4.33551e-9       #dY:7.2%   
  8.518984e-3     6.064976e-8     4.4011e-9        #dY:7.3%   
  8.761051e-3     6.1498e-8       4.46266e-9       #dY:7.3%   
  9.009996e-3     6.235787e-8     4.53528e-9       #dY:7.3%   
  9.266014e-3     6.32295e-8      4.59868e-9       #dY:7.3%   
  9.529308e-3     6.411303e-8     4.66719e-9       #dY:7.3%   
  9.800082e-3     6.500865e-8     4.73238e-9       #dY:7.3%   
  0.01007855      6.591648e-8     4.80251e-9       #dY:7.3%   
  0.01036493      6.683668e-8     4.86955e-9       #dY:7.3%   
  0.01065945      6.776942e-8     4.93751e-9       #dY:7.3%   
  0.01096234      6.871483e-8     5.00639e-9       #dY:7.3%   
  0.01127383      6.96731e-8      5.07621e-9       #dY:7.3%   
  0.01159418      7.064435e-8     5.14697e-9       #dY:7.3%   
  0.01192363      7.162878e-8     5.21869e-9       #dY:7.3%   
  0.01226244      7.262652e-8     5.29138e-9       #dY:7.3%   
  0.01261087      7.363776e-8     5.36506e-9       #dY:7.3%   
  0.01296921      7.466264e-8     5.43973e-9       #dY:7.3%   
  0.01333773      7.570134e-8     5.51541e-9       #dY:7.3%   
  0.01371672      7.675402e-8     5.5921e-9        #dY:7.3%   
  0.01410648      7.782084e-8     5.66983e-9       #dY:7.3%   
  0.01450732      7.890198e-8     5.7486e-9        #dY:7.3%   
  0.01491954      7.99976e-8      5.82842e-9       #dY:7.3%   
  0.01534348      8.110789e-8     5.38029e-9       #dY:6.6%   
  0.01577946      8.223299e-8     5.45492e-9       #dY:6.6%   
  0.01622784      8.33731e-8      5.53055e-9       #dY:6.6%   
  0.01668895      8.452838e-8     5.60719e-9       #dY:6.6%   
  0.01716317      8.5699e-8       5.68484e-9       #dY:6.6%   
  0.01765086      8.688515e-8     5.76352e-9       #dY:6.6%   
  0.0181524       8.808698e-8     5.84325e-9       #dY:6.6%   
  0.0186682       8.930468e-8     5.92402e-9       #dY:6.6%   
  0.01919866      9.053844e-8     6.00586e-9       #dY:6.6%   
  0.01974419      9.178841e-8     6.08878e-9       #dY:6.6%   
  0.02030522      9.305478e-8     6.38112e-9       #dY:6.9%   
  0.02088219      9.433773e-8     6.4691e-9        #dY:6.9%   
  0.02147556      9.563743e-8     6.55823e-9       #dY:6.9%   
  0.02208579      9.695406e-8     6.64851e-9       #dY:6.9%   
  0.02271335      9.82878e-8      6.73997e-9       #dY:6.9%   
  0.02335875      9.963882e-8     6.83262e-9       #dY:6.9%   
  0.02402249      1.010073e-7     6.92646e-9       #dY:6.9%   
  0.02470509      1.023935e-7     7.02152e-9       #dY:6.9%   
  0.02540708      1.037974e-7     7.25369e-9       #dY:7.0%   
  0.02612902      1.052193e-7     7.35305e-9       #dY:7.0%   
  0.02687148      1.066594e-7     7.45369e-9       #dY:7.0%   
  0.02763503      1.081178e-7     7.55561e-9       #dY:7.0%   
  0.02842028      1.095947e-7     7.65882e-9       #dY:7.0%   
  0.02922784      1.110904e-7     7.76334e-9       #dY:7.0%   
  0.03005834      1.126048e-7     7.92575e-9       #dY:7.0%   
  0.03091245      1.141383e-7     8.03368e-9       #dY:7.0%   
  0.03179083      1.15691e-7      8.14297e-9       #dY:7.0%   
  0.03269416      1.17263e-7      8.25362e-9       #dY:7.0%   
  0.03362317      1.188546e-7     8.36564e-9       #dY:7.0%   
  0.03457857      1.204658e-7     8.47905e-9       #dY:7.0%   
  0.03556111      1.220969e-7     8.70211e-9       #dY:7.1%   
  0.03657158      1.237479e-7     8.81978e-9       #dY:7.1%   
  0.03761076      1.254191e-7     8.93889e-9       #dY:7.1%   
  0.03867947      1.271105e-7     9.05944e-9       #dY:7.1%   
  0.03977855      1.288224e-7     9.18145e-9       #dY:7.1%   
  0.04090885      1.305549e-7     9.38045e-9       #dY:7.2%   
  0.04207127      1.323081e-7     9.50642e-9       #dY:7.2%   
  0.04326673      1.340821e-7     9.63388e-9       #dY:7.2%   
  0.04449615      1.358771e-7     9.76285e-9       #dY:7.2%   
  0.04576051      1.376933e-7     9.94815e-9       #dY:7.2%   
  0.04706079      1.395305e-7     1.00809e-8       #dY:7.2%   
  0.04839802      1.413891e-7     1.02152e-8       #dY:7.2%   
  0.04977325      1.432691e-7     1.0351e-8        #dY:7.2%   
  0.05118755      1.451707e-7     1.05382e-8       #dY:7.3%   
  0.05264204      1.470939e-7     1.06778e-8       #dY:7.3%   
  0.05413786      1.490388e-7     1.0819e-8        #dY:7.3%   
  0.05567619      1.510054e-7     1.09236e-8       #dY:7.2%   
  0.05725822      1.529939e-7     1.10674e-8       #dY:7.2%   
  0.05888521      1.550043e-7     1.12129e-8       #dY:7.2%   
  0.06055844      1.570366e-7     1.13279e-8       #dY:7.2%   
  0.0622792       1.590909e-7     1.14761e-8       #dY:7.2%   
  0.06404886      1.611672e-7     1.16259e-8       #dY:7.2%   
  0.06586881      1.632655e-7     1.1784e-8        #dY:7.2%   
  0.06774047      1.653859e-7     1.1937e-8        #dY:7.2%   
  0.06966531      1.675284e-7     1.20917e-8       #dY:7.2%   
  0.07164484      1.696927e-7     1.22526e-8       #dY:7.2%   
  0.07368063      1.718791e-7     1.24105e-8       #dY:7.2%   
  0.07577426      1.740874e-7     1.25713e-8       #dY:7.2%   
  0.07792738      1.763175e-7     1.27323e-8       #dY:7.2%   
  0.08014169      1.785694e-7     1.28939e-8       #dY:7.2%   
  0.08241891      1.80843e-7      1.3058e-8        #dY:7.2%   
  0.08476084      1.831381e-7     1.32238e-8       #dY:7.2%   
  0.08716931      1.854547e-7     1.33714e-8       #dY:7.2%   
  0.08964623      1.877926e-7     1.354e-8         #dY:7.2%   
  0.09219352      1.901515e-7     1.36353e-8       #dY:7.2%   
  0.09481319      1.925314e-7     1.38059e-8       #dY:7.2%   
  0.09750731      1.949319e-7     1.39526e-8       #dY:7.2%   
  0.100278        1.973529e-7     1.40994e-8       #dY:7.1%   
  0.1031274       1.997941e-7     1.42738e-8       #dY:7.1%   
  0.1060577       2.022551e-7     1.44497e-8       #dY:7.1%   
  0.1090714       2.047357e-7     1.46269e-8       #dY:7.1%   
  0.1121706       2.072356e-7     1.48055e-8       #dY:7.1%   
  0.1153579       2.097543e-7     1.49854e-8       #dY:7.1%   
  0.1186358       2.122914e-7     1.51667e-8       #dY:7.1%   
  0.1220069       2.148465e-7     1.53492e-8       #dY:7.1%   
  0.1254737       2.174193e-7     1.5533e-8        #dY:7.1%   
  0.129039        2.200089e-7     1.5718e-8        #dY:7.1%   
  0.1327056       2.226151e-7     1.59042e-8       #dY:7.1%   
  0.1364765       2.252372e-7     1.60916e-8       #dY:7.1%   
  0.1403544       2.278746e-7     1.628e-8         #dY:7.1%   
  0.1443426       2.305267e-7     1.64695e-8       #dY:7.1%   
  0.1484441       2.331927e-7     1.66599e-8       #dY:7.1%   
  0.1526621       2.358719e-7     1.54983e-8       #dY:6.6%   
  0.157           2.385635e-7     1.56751e-8       #dY:6.6%   
  0.1614612       2.412667e-7     1.58527e-8       #dY:6.6%   
  0.1660491       2.439806e-7     1.60311e-8       #dY:6.6%   
  0.1707673       2.467042e-7     1.621e-8         #dY:6.6%   
  0.1756197       2.494367e-7     1.63896e-8       #dY:6.6%   
  0.1806099       2.521769e-7     1.65696e-8       #dY:6.6%   
  0.1857419       2.549238e-7     1.67501e-8       #dY:6.6%   
  0.1910198       2.576761e-7     1.6931e-8        #dY:6.6%   
  0.1964476       2.604329e-7     1.71121e-8       #dY:6.6%   
  0.2020297       2.631927e-7     1.74134e-8       #dY:6.6%   
  0.2077703       2.659541e-7     1.75961e-8       #dY:6.6%   
  0.2136741       2.687161e-7     1.77789e-8       #dY:6.6%   
  0.2197456       2.714768e-7     1.79615e-8       #dY:6.6%   
  0.2259897       2.74235e-7      1.8144e-8        #dY:6.6%   
  0.2324112       2.76989e-7      1.83262e-8       #dY:6.6%   
  0.2390152       2.797371e-7     1.85081e-8       #dY:6.6%   
  0.2458068       2.824778e-7     1.86894e-8       #dY:6.6%   
  0.2527913       2.852091e-7     1.86953e-8       #dY:6.6%   
  0.2599744       2.879293e-7     1.88736e-8       #dY:6.6%   
  0.2673616       2.906364e-7     1.9051e-8        #dY:6.6%   
  0.2749586       2.933285e-7     1.92275e-8       #dY:6.6%   
  0.2827716       2.960034e-7     1.94028e-8       #dY:6.6%   
  0.2908065       2.986593e-7     1.95769e-8       #dY:6.6%   
  0.2990698       3.012937e-7     1.97496e-8       #dY:6.6%   
  0.3075678       3.039045e-7     1.89616e-8       #dY:6.2%   
  0.3163073       3.064895e-7     1.91229e-8       #dY:6.2%   
  0.3252952       3.090461e-7     1.92824e-8       #dY:6.2%   
  0.3345384       3.115722e-7     1.944e-8         #dY:6.2%   
  0.3440443       3.140652e-7     1.95955e-8       #dY:6.2%   
  0.3538203       3.165225e-7     1.92286e-8       #dY:6.1%   
  0.3638741       3.189419e-7     1.93755e-8       #dY:6.1%   
  0.3742136       3.213206e-7     1.952e-8         #dY:6.1%   
  0.3848469       3.236561e-7     1.96619e-8       #dY:6.1%   
  0.3957823       3.259458e-7     1.9801e-8        #dY:6.1%   
  0.4070284       3.281872e-7     1.9123e-8        #dY:5.8%   
  0.4185941       3.303775e-7     1.92506e-8       #dY:5.8%   
  0.4304884       3.325142e-7     1.93751e-8       #dY:5.8%   
  0.4427207       3.345941e-7     1.94963e-8       #dY:5.8%   
  0.4553006       3.366135e-7     1.78289e-8       #dY:5.3%   
  0.468238        3.38568e-7      1.79324e-8       #dY:5.3%   
  0.4815429       3.404529e-7     1.80322e-8       #dY:5.3%   
  0.495226        3.422634e-7     1.81281e-8       #dY:5.3%   
  0.5092978       3.439945e-7     1.71536e-8       #dY:5.0%   
  0.5237694       3.456412e-7     1.72357e-8       #dY:5.0%   
  0.5386523       3.471984e-7     1.73133e-8       #dY:5.0%   
  0.5539581       3.486609e-7     1.56934e-8       #dY:4.5%   
  0.5696988       3.500234e-7     1.57547e-8       #dY:4.5%   
  0.5858868       3.512805e-7     1.58113e-8       #dY:4.5%   
  0.6025347       3.524271e-7     1.44448e-8       #dY:4.1%   
  0.6196557       3.534575e-7     1.4487e-8        #dY:4.1%   
  0.6372632       3.543666e-7     1.45243e-8       #dY:4.1%   
  0.655371        3.551488e-7     1.36061e-8       #dY:3.8%   
  0.6739934       3.557988e-7     1.3631e-8        #dY:3.8%   
  0.6931448       3.563112e-7     1.36507e-8       #dY:3.8%   
  0.7128405       3.566805e-7     1.17615e-8       #dY:3.3%   
  0.7330959       3.569015e-7     1.17688e-8       #dY:3.3%   
  0.7539267       3.56969e-7      1.1292e-8        #dY:3.2%   
  0.7753495       3.568777e-7     1.12891e-8       #dY:3.2%   
  0.7973811       3.566225e-7     1.1281e-8        #dY:3.2%   
  0.8200386       3.561986e-7     1.07271e-8       #dY:3.0%   
  0.84334         3.556011e-7     1.07091e-8       #dY:3.0%   
  0.8673034       3.548254e-7     1.0171e-8        #dY:2.9%   
  0.8919478       3.53867e-7      1.01436e-8       #dY:2.9%   
  0.9172925       3.527218e-7     9.36573e-9       #dY:2.7%   
  0.9433573       3.513859e-7     9.33026e-9       #dY:2.7%   
  0.9701628       3.498555e-7     9.03432e-9       #dY:2.6%   
  0.9977299       3.481274e-7     8.9897e-9        #dY:2.6%   
  1.02608         3.461988e-7     8.37864e-9       #dY:2.4%   
  1.055236        3.440669e-7     8.32704e-9       #dY:2.4%   
  1.085221        3.417295e-7     8.27048e-9       #dY:2.4%   
  1.116057        3.391844e-7     8.20888e-9       #dY:2.4%   
  1.14777         3.364295e-7     8.14221e-9       #dY:2.4%   
  1.180384        3.334635e-7     8.07042e-9       #dY:2.4%   
  1.213924        3.302848e-7     7.99349e-9       #dY:2.4%   
  1.248418        3.268921e-7     7.91138e-9       #dY:2.4%   
  1.283892        3.232848e-7     7.82408e-9       #dY:2.4%   
  1.320374        3.194627e-7     7.73158e-9       #dY:2.4%   
  1.357892        3.154266e-7     7.6339e-9        #dY:2.4%   
  1.396476        3.111774e-7     7.53106e-9       #dY:2.4%   
  1.436157        3.067172e-7     7.42311e-9       #dY:2.4%   
  1.476965        3.020485e-7     7.31012e-9       #dY:2.4%   
  1.518933        2.971748e-7     6.90518e-9       #dY:2.3%   
  1.562094        2.920999e-7     6.78726e-9       #dY:2.3%   
  1.606481        2.868288e-7     6.66478e-9       #dY:2.3%   
  1.652129        2.81367e-7      6.53787e-9       #dY:2.3%   
  1.699074        2.75721e-7      6.40668e-9       #dY:2.3%   
  1.747353        2.698977e-7     6.27137e-9       #dY:2.3%   
  1.797004        2.639051e-7     6.13213e-9       #dY:2.3%   
  1.848066        2.577517e-7     5.98914e-9       #dY:2.3%   
  1.900578        2.514469e-7     5.84265e-9       #dY:2.3%   
  1.954583        2.450009e-7     5.69287e-9       #dY:2.3%   
  2.010123        2.38424e-7      2.37796e-9       #dY:1.0%   
  2.06724         2.31728e-7      2.31118e-9       #dY:1.0%   
  2.125981        2.249247e-7     2.24332e-9       #dY:1.0%   
  2.18639         2.180266e-7     2.17452e-9       #dY:1.0%   
  2.248517        2.11047e-7      2.10491e-9       #dY:1.0%   
  2.312408        2.039995e-7     2.03462e-9       #dY:1.0%   
  2.378115        1.96898e-7      1.9638e-9        #dY:1.0%   
  2.445689        1.897571e-7     1.89257e-9       #dY:1.0%   
  2.515183        1.825914e-7     2.41574e-9       #dY:1.3%   
  2.586652        1.754161e-7     2.32081e-9       #dY:1.3%   
  2.660152        1.682463e-7     2.22595e-9       #dY:1.3%   
  2.73574         1.610971e-7     2.13137e-9       #dY:1.3%   
  2.813476        1.539841e-7     2.03726e-9       #dY:1.3%   
  2.89342         1.469225e-7     1.94383e-9       #dY:1.3%   
  2.975637        1.399274e-7     1.85129e-9       #dY:1.3%   
  3.060189        1.330136e-7     3.72956e-9       #dY:2.8%   
  3.147145        1.261959e-7     3.5384e-9        #dY:2.8%   
  3.236571        1.194883e-7     3.35033e-9       #dY:2.8%   
  3.328538        1.129048e-7     3.16573e-9       #dY:2.8%   
  3.423118        1.064584e-7     2.98498e-9       #dY:2.8%   
  3.520386        1.001616e-7     3.84249e-9       #dY:3.8%   
  3.620417        9.402642e-8     3.60713e-9       #dY:3.8%   
  3.723291        8.80637e-8      3.37838e-9       #dY:3.8%   
  3.829088        8.228364e-8     3.15664e-9       #dY:3.8%   
  3.937892        7.669543e-8     2.94226e-9       #dY:3.8%   
  4.049787        7.130732e-8     3.3239e-9        #dY:4.7%   
  4.164861        6.612649e-8     3.0824e-9        #dY:4.7%   
  4.283206        6.115905e-8     2.85085e-9       #dY:4.7%   
  4.404913        5.640997e-8     2.62948e-9       #dY:4.7%   
  4.530078        5.188311e-8     2.83255e-9       #dY:5.5%   
  4.6588          4.758117e-8     2.59768e-9       #dY:5.5%   
  4.79118         4.350567e-8     2.37518e-9       #dY:5.5%   
  4.927321        3.965701e-8     2.16507e-9       #dY:5.5%   
  5.06733         3.603445e-8     2.25875e-9       #dY:6.3%   
  5.211318        3.263615e-8     2.04574e-9       #dY:6.3%   
  5.359398        2.945917e-8     1.84659e-9       #dY:6.3%   
  5.511685        2.649963e-8     1.91054e-9       #dY:7.2%   
  5.668299        2.375262e-8     1.71249e-9       #dY:7.2%   
  5.829363        2.12124e-8      1.52935e-9       #dY:7.2%   
  5.995004        1.887239e-8     1.36064e-9       #dY:7.2%   
  6.165352        1.672528e-8     1.37262e-9       #dY:8.2%   
  6.34054         1.476315e-8     1.21159e-9       #dY:8.2%   
  6.520707        1.29775e-8      1.20069e-9       #dY:9.3%   
  6.705992        1.13594e-8      1.05098e-9       #dY:9.3%   
  6.896543        9.899589e-9     9.15918e-10      #dY:9.3%   
  7.092508        8.588519e-9     8.85342e-10      #dY:10.3%  
  7.294041        7.416512e-9     7.64527e-10      #dY:10.3%  
  7.501301        6.37383e-9      7.21932e-10      #dY:11.3%  
  7.71445         5.450766e-9     6.17381e-10      #dY:11.3%  
  7.933656        4.637734e-9     5.25293e-10      #dY:11.3%  
  8.15909         3.92535e-9      4.87185e-10      #dY:12.4%  
  8.39093         3.304503e-9     4.1013e-10       #dY:12.4%  
  8.629358        2.766419e-9     3.69396e-10      #dY:13.4%  
  8.874561        2.302715e-9     3.07478e-10      #dY:13.4%  
  9.126731        1.905449e-9     2.74311e-10      #dY:14.4%  
  9.386067        1.56715e-9      2.25609e-10      #dY:14.4%  
  9.652772        1.280855e-9     1.94879e-10      #dY:15.2%  
  9.927055        1.040117e-9     1.58252e-10      #dY:15.2%  
  10.20913        8.39019e-10     1.36483e-10      #dY:16.3%  
  10.49922        6.72171e-10     1.09342e-10      #dY:16.3%  
  10.79756        5.34707e-10     8.69804e-11      #dY:16.3%  
  11.10437        4.22266e-10     8.58966e-11      #dY:20.3%  
  11.4199         3.30973e-10     6.73259e-11      #dY:20.3%  
  11.7444         2.57417e-10     5.23633e-11      #dY:20.3%  
  12.07811        1.98617e-10     4.50293e-11      #dY:22.7%  
  12.42131        1.51993e-10     3.4459e-11       #dY:22.7%  
  12.77426        1.15332e-10     2.61474e-11      #dY:22.7%  
  13.13724        8.67527e-11     2.18322e-11      #dY:25.2%  
  13.51054        6.46705e-11     1.6275e-11       #dY:25.2%  
  13.89444        4.77639e-11     1.20203e-11      #dY:25.2%  
  14.28925        3.49415e-11     9.66821e-12      #dY:27.7%  
  14.69528        2.53107e-11     7.00339e-12      #dY:27.7%  
  15.11284        1.81491e-11     5.48961e-12      #dY:30.2%  
  15.54227        1.28784e-11     3.89536e-12      #dY:30.2%  
  15.98391        9.0403e-12      2.73444e-12      #dY:30.2%  
  16.43809        6.27591e-12     2.07944e-12      #dY:33.1%  
  16.90518        4.3072e-12      1.42713e-12      #dY:33.1%  
  17.38554        2.92137e-12     1.06188e-12      #dY:36.3%  
  17.87954        1.95747e-12     7.11512e-13      #dY:36.3%  
  18.38759        1.29526e-12     5.20587e-13      #dY:40.2%  
  18.91007        8.46076e-13     3.40053e-13      #dY:40.2%  
  19.4474         5.45354e-13     2.19187e-13      #dY:40.2%  
  20              0.00            0.00                        
//
#-------------------------------------------------------------------------------
#
#name:   JENDL-5: U-235(N,F) E_in=0.5 MeV
#X.axis: Energy
#Y.axis: 
#wdata:  3
#ldata:  602
#data...
# X               Y               +-dY           
# MeV             1/eV            1/eV           
  0.00            0.00            0.00                        
  1.00e-6         6.54069e-10     5.02737e-12      #dY:0.8%   
  1.028415e-6     6.63297e-10     4.72723e-12      #dY:0.7%   
  1.057637e-6     6.72654e-10     4.79392e-12      #dY:0.7%   
  1.08769e-6      6.82144e-10     4.86155e-12      #dY:0.7%   
  1.118597e-6     6.91768e-10     4.93014e-12      #dY:0.7%   
  1.150382e-6     7.01527e-10     4.99969e-12      #dY:0.7%   
  1.18307e-6      7.11424e-10     5.07023e-12      #dY:0.7%   
  1.216686e-6     7.21461e-10     5.14176e-12      #dY:0.7%   
  1.251259e-6     7.31639e-10     5.21429e-12      #dY:0.7%   
  1.286813e-6     7.41961e-10     5.28786e-12      #dY:0.7%   
  1.323378e-6     7.52428e-10     5.36246e-12      #dY:0.7%   
  1.360981e-6     7.63044e-10     5.43811e-12      #dY:0.7%   
  1.399654e-6     7.73808e-10     5.51483e-12      #dY:0.7%   
  1.439425e-6     7.84725e-10     5.59263e-12      #dY:0.7%   
  1.480326e-6     7.95796e-10     5.67153e-12      #dY:0.7%   
  1.522389e-6     8.07023e-10     5.29654e-11      #dY:6.6%   
  1.565648e-6     8.18408e-10     5.37126e-11      #dY:6.6%   
  1.610136e-6     8.29954e-10     5.44703e-11      #dY:6.6%   
  1.655888e-6     8.41663e-10     5.52388e-11      #dY:6.6%   
  1.70294e-6      8.53537e-10     5.60181e-11      #dY:6.6%   
  1.751329e-6     8.65579e-10     5.68084e-11      #dY:6.6%   
  1.801093e-6     8.77791e-10     5.76099e-11      #dY:6.6%   
  1.852271e-6     8.90174e-10     5.84226e-11      #dY:6.6%   
  1.904903e-6     9.02733e-10     5.92469e-11      #dY:6.6%   
  1.959031e-6     9.15468e-10     6.00827e-11      #dY:6.6%   
  2.014696e-6     9.28384e-10     6.2977e-11       #dY:6.8%   
  2.071944e-6     9.41481e-10     6.38655e-11      #dY:6.8%   
  2.130818e-6     9.54763e-10     6.47665e-11      #dY:6.8%   
  2.191365e-6     9.68233e-10     6.56802e-11      #dY:6.8%   
  2.253633e-6     9.81893e-10     6.66068e-11      #dY:6.8%   
  2.317669e-6     9.95745e-10     6.75465e-11      #dY:6.8%   
  2.383526e-6     1.009793e-9     6.84994e-11      #dY:6.8%   
  2.451254e-6     1.02404e-9      6.94659e-11      #dY:6.8%   
  2.520906e-6     1.038486e-9     7.16907e-11      #dY:6.9%   
  2.592537e-6     1.053137e-9     7.27021e-11      #dY:6.9%   
  2.666204e-6     1.067995e-9     7.37278e-11      #dY:6.9%   
  2.741964e-6     1.083062e-9     7.47679e-11      #dY:6.9%   
  2.819877e-6     1.098341e-9     7.58227e-11      #dY:6.9%   
  2.900004e-6     1.113837e-9     7.68924e-11      #dY:6.9%   
  2.982407e-6     1.12955e-9      7.79771e-11      #dY:6.9%   
  3.067152e-6     1.145486e-9     7.99408e-11      #dY:7.0%   
  3.154305e-6     1.161647e-9     8.10686e-11      #dY:7.0%   
  3.243935e-6     1.178035e-9     8.22123e-11      #dY:7.0%   
  3.336111e-6     1.194654e-9     8.33721e-11      #dY:7.0%   
  3.430906e-6     1.211508e-9     8.45483e-11      #dY:7.0%   
  3.528395e-6     1.2286e-9       8.63775e-11      #dY:7.0%   
  3.628655e-6     1.245933e-9     8.75961e-11      #dY:7.0%   
  3.731763e-6     1.26351e-9      8.88318e-11      #dY:7.0%   
  3.837801e-6     1.281336e-9     9.00851e-11      #dY:7.0%   
  3.946851e-6     1.299413e-9     9.1356e-11       #dY:7.0%   
  4.059001e-6     1.317744e-9     9.3144e-11       #dY:7.1%   
  4.174337e-6     1.336335e-9     9.44581e-11      #dY:7.1%   
  4.292951e-6     1.355187e-9     9.57906e-11      #dY:7.1%   
  4.414935e-6     1.374307e-9     9.71421e-11      #dY:7.1%   
  4.540385e-6     1.393695e-9     9.89137e-11      #dY:7.1%   
  4.6694e-6       1.413357e-9     1.00309e-10      #dY:7.1%   
  4.802081e-6     1.433296e-9     1.01724e-10      #dY:7.1%   
  4.938532e-6     1.453518e-9     1.0316e-10       #dY:7.1%   
  5.07886e-6      1.474023e-9     1.0495e-10       #dY:7.1%   
  5.223175e-6     1.494818e-9     1.06431e-10      #dY:7.1%   
  5.371592e-6     1.515908e-9     1.07932e-10      #dY:7.1%   
  5.524225e-6     1.537294e-9     1.09737e-10      #dY:7.1%   
  5.681196e-6     1.558981e-9     1.11285e-10      #dY:7.1%   
  5.842627e-6     1.580975e-9     1.12855e-10      #dY:7.1%   
  6.008645e-6     1.603279e-9     1.1469e-10       #dY:7.2%   
  6.17938e-6      1.625898e-9     1.16308e-10      #dY:7.2%   
  6.354967e-6     1.648836e-9     1.17949e-10      #dY:7.2%   
  6.535543e-6     1.672098e-9     1.19825e-10      #dY:7.2%   
  6.72125e-6      1.695687e-9     1.21515e-10      #dY:7.2%   
  6.912234e-6     1.71961e-9      1.2323e-10       #dY:7.2%   
  7.108645e-6     1.74387e-9      1.25156e-10      #dY:7.2%   
  7.310637e-6     1.768473e-9     1.26922e-10      #dY:7.2%   
  7.518368e-6     1.793421e-9     1.28879e-10      #dY:7.2%   
  7.732002e-6     1.818723e-9     1.30697e-10      #dY:7.2%   
  7.951707e-6     1.844381e-9     1.32541e-10      #dY:7.2%   
  8.177654e-6     1.870401e-9     1.34563e-10      #dY:7.2%   
  8.410022e-6     1.896789e-9     1.36461e-10      #dY:7.2%   
  8.648992e-6     1.923548e-9     1.38523e-10      #dY:7.2%   
  8.894753e-6     1.950686e-9     1.40478e-10      #dY:7.2%   
  9.147497e-6     1.978205e-9     1.42584e-10      #dY:7.2%   
  9.407423e-6     2.006114e-9     1.44595e-10      #dY:7.2%   
  9.674734e-6     2.034416e-9     1.4675e-10       #dY:7.2%   
  9.949641e-6     2.063117e-9     1.4882e-10       #dY:7.2%   
  1.023236e-5     2.092223e-9     1.51025e-10      #dY:7.2%   
  1.052311e-5     2.12174e-9      1.53156e-10      #dY:7.2%   
  1.082213e-5     2.151673e-9     1.55316e-10      #dY:7.2%   
  1.112964e-5     2.182029e-9     1.57508e-10      #dY:7.2%   
  1.144588e-5     2.212812e-9     1.5973e-10       #dY:7.2%   
  1.177112e-5     2.244031e-9     1.61983e-10      #dY:7.2%   
  1.210559e-5     2.275689e-9     1.64268e-10      #dY:7.2%   
  1.244957e-5     2.307793e-9     1.66586e-10      #dY:7.2%   
  1.280333e-5     2.340352e-9     1.68936e-10      #dY:7.2%   
  1.316713e-5     2.373369e-9     1.71319e-10      #dY:7.2%   
  1.354128e-5     2.406852e-9     1.73736e-10      #dY:7.2%   
  1.392605e-5     2.440808e-9     1.76187e-10      #dY:7.2%   
  1.432176e-5     2.475243e-9     1.78673e-10      #dY:7.2%   
  1.472871e-5     2.510163e-9     1.81194e-10      #dY:7.2%   
  1.514723e-5     2.545575e-9     1.67076e-10      #dY:6.6%   
  1.557764e-5     2.581489e-9     1.69433e-10      #dY:6.6%   
  1.602027e-5     2.617908e-9     1.71824e-10      #dY:6.6%   
  1.647549e-5     2.654841e-9     1.74248e-10      #dY:6.6%   
  1.694364e-5     2.692295e-9     1.76706e-10      #dY:6.6%   
  1.742509e-5     2.730277e-9     1.79199e-10      #dY:6.6%   
  1.792023e-5     2.768795e-9     1.81727e-10      #dY:6.6%   
  1.842943e-5     2.807857e-9     1.84291e-10      #dY:6.6%   
  1.89531e-5      2.84747e-9      1.86891e-10      #dY:6.6%   
  1.949165e-5     2.887642e-9     1.89528e-10      #dY:6.6%   
  2.004551e-5     2.928381e-9     1.9866e-10       #dY:6.8%   
  2.06151e-5      2.969694e-9     2.01463e-10      #dY:6.8%   
  2.120087e-5     3.01159e-9      2.04305e-10      #dY:6.8%   
  2.18033e-5      3.054077e-9     2.07187e-10      #dY:6.8%   
  2.242284e-5     3.097164e-9     2.1011e-10       #dY:6.8%   
  2.305998e-5     3.140858e-9     2.13075e-10      #dY:6.8%   
  2.371523e-5     3.185169e-9     2.16081e-10      #dY:6.8%   
  2.43891e-5      3.230104e-9     2.19129e-10      #dY:6.8%   
  2.508211e-5     3.275674e-9     2.2615e-10       #dY:6.9%   
  2.579482e-5     3.321887e-9     2.29341e-10      #dY:6.9%   
  2.652778e-5     3.368752e-9     2.32576e-10      #dY:6.9%   
  2.728156e-5     3.416278e-9     2.35857e-10      #dY:6.9%   
  2.805677e-5     3.464475e-9     2.39185e-10      #dY:6.9%   
  2.8854e-5       3.513351e-9     2.42559e-10      #dY:6.9%   
  2.967388e-5     3.562917e-9     2.45981e-10      #dY:6.9%   
  3.051707e-5     3.613182e-9     2.52178e-10      #dY:7.0%   
  3.138421e-5     3.664157e-9     2.55736e-10      #dY:7.0%   
  3.227599e-5     3.71585e-9      2.59344e-10      #dY:7.0%   
  3.319311e-5     3.768273e-9     2.63002e-10      #dY:7.0%   
  3.413629e-5     3.821435e-9     2.66713e-10      #dY:7.0%   
  3.510627e-5     3.875347e-9     2.72485e-10      #dY:7.0%   
  3.610381e-5     3.93002e-9      2.7633e-10       #dY:7.0%   
  3.71297e-5      3.985465e-9     2.80228e-10      #dY:7.0%   
  3.818474e-5     4.04169e-9      2.84181e-10      #dY:7.0%   
  3.926976e-5     4.098711e-9     2.88191e-10      #dY:7.0%   
  4.038561e-5     4.156535e-9     2.9383e-10       #dY:7.1%   
  4.153316e-5     4.215175e-9     2.97975e-10      #dY:7.1%   
  4.271332e-5     4.274642e-9     3.02179e-10      #dY:7.1%   
  4.392702e-5     4.334948e-9     3.06442e-10      #dY:7.1%   
  4.517521e-5     4.396105e-9     3.12035e-10      #dY:7.1%   
  4.645886e-5     4.458124e-9     3.16437e-10      #dY:7.1%   
  4.777898e-5     4.521019e-9     3.20901e-10      #dY:7.1%   
  4.913662e-5     4.584802e-9     3.25428e-10      #dY:7.1%   
  5.053284e-5     4.649483e-9     3.31077e-10      #dY:7.1%   
  5.196872e-5     4.715078e-9     3.35747e-10      #dY:7.1%   
  5.344541e-5     4.781597e-9     3.40484e-10      #dY:7.1%   
  5.496406e-5     4.849055e-9     3.45287e-10      #dY:7.1%   
  5.652586e-5     4.917465e-9     3.51062e-10      #dY:7.1%   
  5.813204e-5     4.98684e-9      3.56015e-10      #dY:7.1%   
  5.978386e-5     5.057194e-9     3.61037e-10      #dY:7.1%   
  6.148262e-5     5.12854e-9      3.66908e-10      #dY:7.2%   
  6.322964e-5     5.200893e-9     3.72085e-10      #dY:7.2%   
  6.502631e-5     5.274267e-9     3.78004e-10      #dY:7.2%   
  6.687403e-5     5.348675e-9     3.83337e-10      #dY:7.2%   
  6.877425e-5     5.424133e-9     3.88745e-10      #dY:7.2%   
  7.072847e-5     5.500656e-9     3.94824e-10      #dY:7.2%   
  7.273822e-5     5.578259e-9     4.00395e-10      #dY:7.2%   
  7.480507e-5     5.656956e-9     4.06043e-10      #dY:7.2%   
  7.693065e-5     5.736764e-9     4.12307e-10      #dY:7.2%   
  7.911663e-5     5.817697e-9     4.18124e-10      #dY:7.2%   
  8.136473e-5     5.899772e-9     4.24501e-10      #dY:7.2%   
  8.36767e-5      5.983006e-9     4.3049e-10       #dY:7.2%   
  8.605437e-5     6.067413e-9     4.36997e-10      #dY:7.2%   
  8.84996e-5      6.15301e-9      4.43162e-10      #dY:7.2%   
  9.101432e-5     6.239816e-9     4.49808e-10      #dY:7.2%   
  9.360048e-5     6.327847e-9     4.56154e-10      #dY:7.2%   
  9.626014e-5     6.417118e-9     4.6295e-10       #dY:7.2%   
  9.899537e-5     6.50765e-9      4.69481e-10      #dY:7.2%   
  1.018083e-4     6.599458e-9     4.76438e-10      #dY:7.2%   
  1.047012e-4     6.692562e-9     4.83159e-10      #dY:7.2%   
  1.076763e-4     6.786979e-9     4.89975e-10      #dY:7.2%   
  1.107359e-4     6.882728e-9     4.96888e-10      #dY:7.2%   
  1.138824e-4     6.979829e-9     5.03898e-10      #dY:7.2%   
  1.171184e-4     7.078298e-9     5.11007e-10      #dY:7.2%   
  1.204463e-4     7.178157e-9     5.18216e-10      #dY:7.2%   
  1.238688e-4     7.279424e-9     5.25527e-10      #dY:7.2%   
  1.273885e-4     7.38212e-9      5.32941e-10      #dY:7.2%   
  1.310083e-4     7.486265e-9     5.40459e-10      #dY:7.2%   
  1.347309e-4     7.591879e-9     5.48084e-10      #dY:7.2%   
  1.385592e-4     7.698982e-9     5.55816e-10      #dY:7.2%   
  1.424964e-4     7.807597e-9     5.63657e-10      #dY:7.2%   
  1.465454e-4     7.917744e-9     5.71609e-10      #dY:7.2%   
  1.507095e-4     8.029444e-9     5.27079e-10      #dY:6.6%   
  1.549919e-4     8.14272e-9      5.34515e-10      #dY:6.6%   
  1.59396e-4      8.257594e-9     5.42056e-10      #dY:6.6%   
  1.639252e-4     8.374089e-9     5.49703e-10      #dY:6.6%   
  1.685831e-4     8.492227e-9     5.57458e-10      #dY:6.6%   
  1.733734e-4     8.612031e-9     5.65322e-10      #dY:6.6%   
  1.782998e-4     8.733525e-9     5.73297e-10      #dY:6.6%   
  1.833662e-4     8.856733e-9     5.81385e-10      #dY:6.6%   
  1.885765e-4     8.981679e-9     5.89587e-10      #dY:6.6%   
  1.939349e-4     9.108387e-9     5.97904e-10      #dY:6.6%   
  1.994456e-4     9.236883e-9     6.06339e-10      #dY:6.6%   
  2.051128e-4     9.367191e-9     6.34766e-10      #dY:6.8%   
  2.109411e-4     9.499337e-9     6.43721e-10      #dY:6.8%   
  2.16935e-4      9.633346e-9     6.52802e-10      #dY:6.8%   
  2.230992e-4     9.769246e-9     6.62011e-10      #dY:6.8%   
  2.294385e-4     9.907063e-9     6.7135e-10       #dY:6.8%   
  2.35958e-4      1.004682e-8     6.80821e-10      #dY:6.8%   
  2.426628e-4     1.018855e-8     6.90425e-10      #dY:6.8%   
  2.49558e-4      1.033228e-8     7.00165e-10      #dY:6.8%   
  2.566492e-4     1.047805e-8     7.22609e-10      #dY:6.9%   
  2.639419e-4     1.062586e-8     7.32803e-10      #dY:6.9%   
  2.714418e-4     1.077576e-8     7.4314e-10       #dY:6.9%   
  2.791548e-4     1.092777e-8     7.53624e-10      #dY:6.9%   
  2.870869e-4     1.108193e-8     7.64255e-10      #dY:6.9%   
  2.952445e-4     1.123826e-8     7.75036e-10      #dY:6.9%   
  3.036339e-4     1.13968e-8      7.94569e-10      #dY:7.0%   
  3.122616e-4     1.155756e-8     8.05777e-10      #dY:7.0%   
  3.211345e-4     1.17206e-8      8.17143e-10      #dY:7.0%   
  3.302595e-4     1.188594e-8     8.28671e-10      #dY:7.0%   
  3.396438e-4     1.205361e-8     8.4036e-10       #dY:7.0%   
  3.492948e-4     1.222364e-8     8.52215e-10      #dY:7.0%   
  3.5922e-4       1.239607e-8     8.70668e-10      #dY:7.0%   
  3.694272e-4     1.257093e-8     8.8295e-10       #dY:7.0%   
  3.799245e-4     1.274826e-8     8.95405e-10      #dY:7.0%   
  3.9072e-4       1.292809e-8     9.08036e-10      #dY:7.0%   
  4.018223e-4     1.311045e-8     9.25809e-10      #dY:7.1%   
  4.132401e-4     1.329539e-8     9.38869e-10      #dY:7.1%   
  4.249823e-4     1.348292e-8     9.52111e-10      #dY:7.1%   
  4.370581e-4     1.367312e-8     9.65543e-10      #dY:7.1%   
  4.494771e-4     1.386598e-8     9.79162e-10      #dY:7.1%   
  4.62249e-4      1.406157e-8     9.97041e-10      #dY:7.1%   
  4.753837e-4     1.425991e-8     1.0111e-9        #dY:7.1%   
  4.888918e-4     1.446106e-8     1.02537e-9       #dY:7.1%   
  5.027836e-4     1.466503e-8     1.04316e-9       #dY:7.1%   
  5.170702e-4     1.487188e-8     1.05787e-9       #dY:7.1%   
  5.317627e-4     1.508165e-8     1.07279e-9       #dY:7.1%   
  5.468727e-4     1.529437e-8     1.08792e-9       #dY:7.1%   
  5.624121e-4     1.551009e-8     1.10611e-9       #dY:7.1%   
  5.78393e-4      1.572885e-8     1.12171e-9       #dY:7.1%   
  5.94828e-4      1.595069e-8     1.13753e-9       #dY:7.1%   
  6.1173e-4       1.617566e-8     1.15603e-9       #dY:7.1%   
  6.291123e-4     1.64038e-8      1.17234e-9       #dY:7.1%   
  6.469885e-4     1.663516e-8     1.18887e-9       #dY:7.1%   
  6.653726e-4     1.686978e-8     1.20778e-9       #dY:7.2%   
  6.842792e-4     1.71077e-8      1.22481e-9       #dY:7.2%   
  7.037229e-4     1.734897e-8     1.24397e-9       #dY:7.2%   
  7.237192e-4     1.759365e-8     1.26151e-9       #dY:7.2%   
  7.442836e-4     1.784177e-8     1.2793e-9        #dY:7.2%   
  7.654324e-4     1.809338e-8     1.29901e-9       #dY:7.2%   
  7.871821e-4     1.834854e-8     1.31733e-9       #dY:7.2%   
  8.095499e-4     1.86073e-8      1.33912e-9       #dY:7.2%   
  8.325532e-4     1.886969e-8     1.358e-9         #dY:7.2%   
  8.562102e-4     1.913579e-8     1.37852e-9       #dY:7.2%   
  8.805393e-4     1.940563e-8     1.39796e-9       #dY:7.2%   
  9.055598e-4     1.967927e-8     1.41891e-9       #dY:7.2%   
  9.312913e-4     1.995676e-8     1.43892e-9       #dY:7.2%   
  9.577539e-4     2.023816e-8     1.46035e-9       #dY:7.2%   
  9.849684e-4     2.052353e-8     1.48095e-9       #dY:7.2%   
  1.012956e-3     2.081291e-8     1.50288e-9       #dY:7.2%   
  1.041739e-3     2.110636e-8     1.52407e-9       #dY:7.2%   
  1.07134e-3      2.140395e-8     1.54556e-9       #dY:7.2%   
  1.101782e-3     2.170572e-8     1.56735e-9       #dY:7.2%   
  1.133089e-3     2.201174e-8     1.58945e-9       #dY:7.2%   
  1.165286e-3     2.232206e-8     1.61186e-9       #dY:7.2%   
  1.198398e-3     2.263676e-8     1.63458e-9       #dY:7.2%   
  1.23245e-3      2.295588e-8     1.65762e-9       #dY:7.2%   
  1.26747e-3      2.327949e-8     1.68099e-9       #dY:7.2%   
  1.303485e-3     2.360764e-8     1.70469e-9       #dY:7.2%   
  1.340524e-3     2.394042e-8     1.72872e-9       #dY:7.2%   
  1.378615e-3     2.427788e-8     1.75308e-9       #dY:7.2%   
  1.417788e-3     2.462008e-8     1.77779e-9       #dY:7.2%   
  1.458074e-3     2.496709e-8     1.80285e-9       #dY:7.2%   
  1.499505e-3     2.531898e-8     1.82826e-9       #dY:7.2%   
  1.542114e-3     2.567582e-8     1.68799e-9       #dY:6.6%   
  1.585933e-3     2.603767e-8     1.71178e-9       #dY:6.6%   
  1.630997e-3     2.640461e-8     1.7359e-9        #dY:6.6%   
  1.677342e-3     2.67767e-8      1.76036e-9       #dY:6.6%   
  1.725003e-3     2.715401e-8     1.78517e-9       #dY:6.6%   
  1.774019e-3     2.753663e-8     1.81032e-9       #dY:6.6%   
  1.824428e-3     2.792463e-8     1.83583e-9       #dY:6.6%   
  1.876269e-3     2.831807e-8     1.8617e-9        #dY:6.6%   
  1.929583e-3     2.871703e-8     1.88793e-9       #dY:6.6%   
  1.984412e-3     2.91216e-8      1.91452e-9       #dY:6.6%   
  2.040799e-3     2.953184e-8     2.01194e-9       #dY:6.8%   
  2.098788e-3     2.994784e-8     2.04028e-9       #dY:6.8%   
  2.158425e-3     3.036967e-8     2.06902e-9       #dY:6.8%   
  2.219757e-3     3.079742e-8     2.09816e-9       #dY:6.8%   
  2.282831e-3     3.123117e-8     2.12771e-9       #dY:6.8%   
  2.347698e-3     3.1671e-8       2.15768e-9       #dY:6.8%   
  2.414407e-3     3.2117e-8       2.18806e-9       #dY:6.8%   
  2.483013e-3     3.256925e-8     2.21887e-9       #dY:6.8%   
  2.553567e-3     3.302783e-8     2.29891e-9       #dY:7.0%   
  2.626127e-3     3.349284e-8     2.33127e-9       #dY:7.0%   
  2.700748e-3     3.396437e-8     2.36409e-9       #dY:7.0%   
  2.77749e-3      3.444248e-8     2.39737e-9       #dY:7.0%   
  2.856412e-3     3.49273e-8      2.43112e-9       #dY:7.0%   
  2.937577e-3     3.54189e-8      2.46534e-9       #dY:7.0%   
  3.021048e-3     3.591737e-8     2.53076e-9       #dY:7.0%   
  3.106891e-3     3.642283e-8     2.56637e-9       #dY:7.0%   
  3.195173e-3     3.693534e-8     2.60248e-9       #dY:7.0%   
  3.285964e-3     3.745502e-8     2.6391e-9        #dY:7.0%   
  3.379334e-3     3.798196e-8     2.67623e-9       #dY:7.0%   
  3.475358e-3     3.851626e-8     2.71387e-9       #dY:7.0%   
  3.57411e-3      3.905802e-8     2.7763e-9        #dY:7.1%   
  3.675668e-3     3.960735e-8     2.81535e-9       #dY:7.1%   
  3.780112e-3     4.016434e-8     2.85494e-9       #dY:7.1%   
  3.887524e-3     4.07291e-8      2.89509e-9       #dY:7.1%   
  3.997988e-3     4.130174e-8     2.93579e-9       #dY:7.1%   
  4.11159e-3      4.188235e-8     2.99335e-9       #dY:7.1%   
  4.228421e-3     4.247107e-8     3.03542e-9       #dY:7.1%   
  4.348571e-3     4.306797e-8     3.07808e-9       #dY:7.1%   
  4.472136e-3     4.367319e-8     3.12134e-9       #dY:7.1%   
  4.599211e-3     4.428683e-8     3.18237e-9       #dY:7.2%   
  4.729898e-3     4.4909e-8       3.22708e-9       #dY:7.2%   
  4.864298e-3     4.553983e-8     3.27241e-9       #dY:7.2%   
  5.002517e-3     4.617941e-8     3.32929e-9       #dY:7.2%   
  5.144663e-3     4.682789e-8     3.37605e-9       #dY:7.2%   
  5.290848e-3     4.748536e-8     3.42345e-9       #dY:7.2%   
  5.441187e-3     4.815197e-8     3.47151e-9       #dY:7.2%   
  5.595798e-3     4.882781e-8     3.5296e-9        #dY:7.2%   
  5.754803e-3     4.951302e-8     3.57913e-9       #dY:7.2%   
  5.918325e-3     5.020772e-8     3.62935e-9       #dY:7.2%   
  6.086494e-3     5.091204e-8     3.68842e-9       #dY:7.2%   
  6.259442e-3     5.162609e-8     3.74015e-9       #dY:7.2%   
  6.437303e-3     5.235003e-8     3.7926e-9        #dY:7.2%   
  6.620219e-3     5.308397e-8     3.8575e-9        #dY:7.3%   
  6.808332e-3     5.382805e-8     3.91157e-9       #dY:7.3%   
  7.001791e-3     5.458239e-8     3.97277e-9       #dY:7.3%   
  7.200746e-3     5.534713e-8     4.02843e-9       #dY:7.3%   
  7.405355e-3     5.612241e-8     4.08486e-9       #dY:7.3%   
  7.615778e-3     5.690836e-8     4.15313e-9       #dY:7.3%   
  7.83218e-3      5.770512e-8     4.21127e-9       #dY:7.3%   
  8.054731e-3     5.851284e-8     4.27568e-9       #dY:7.3%   
  8.283606e-3     5.933165e-8     4.33552e-9       #dY:7.3%   
  8.518984e-3     6.01617e-8      4.40111e-9       #dY:7.3%   
  8.761051e-3     6.100312e-8     4.46266e-9       #dY:7.3%   
  9.009996e-3     6.185608e-8     4.53529e-9       #dY:7.3%   
  9.266014e-3     6.272071e-8     4.59868e-9       #dY:7.3%   
  9.529308e-3     6.359717e-8     4.66719e-9       #dY:7.3%   
  9.800082e-3     6.448559e-8     4.73239e-9       #dY:7.3%   
  0.01007855      6.538613e-8     4.80251e-9       #dY:7.3%   
  0.01036493      6.629895e-8     4.86955e-9       #dY:7.3%   
  0.01065945      6.72242e-8      4.93751e-9       #dY:7.3%   
  0.01096234      6.816203e-8     5.00639e-9       #dY:7.3%   
  0.01127383      6.911261e-8     5.07621e-9       #dY:7.3%   
  0.01159418      7.007608e-8     5.14698e-9       #dY:7.3%   
  0.01192363      7.10526e-8      5.2187e-9        #dY:7.3%   
  0.01226244      7.204236e-8     5.2914e-9        #dY:7.3%   
  0.01261087      7.304547e-8     5.36508e-9       #dY:7.3%   
  0.01296921      7.406214e-8     5.43975e-9       #dY:7.3%   
  0.01333773      7.509251e-8     5.51543e-9       #dY:7.3%   
  0.01371672      7.613674e-8     5.59212e-9       #dY:7.3%   
  0.01410648      7.719501e-8     5.66985e-9       #dY:7.3%   
  0.01450732      7.826749e-8     5.74862e-9       #dY:7.3%   
  0.01491954      7.935434e-8     5.82845e-9       #dY:7.3%   
  0.01534348      8.045573e-8     5.3803e-9        #dY:6.7%   
  0.01577946      8.157181e-8     5.45494e-9       #dY:6.7%   
  0.01622784      8.270279e-8     5.53057e-9       #dY:6.7%   
  0.01668895      8.384882e-8     5.60721e-9       #dY:6.7%   
  0.01716317      8.501007e-8     5.68486e-9       #dY:6.7%   
  0.01765086      8.61867e-8      5.76355e-9       #dY:6.7%   
  0.0181524       8.737892e-8     5.84328e-9       #dY:6.7%   
  0.0186682       8.858688e-8     5.92406e-9       #dY:6.7%   
  0.01919866      8.981075e-8     6.0059e-9        #dY:6.7%   
  0.01974419      9.105073e-8     6.08882e-9       #dY:6.7%   
  0.02030522      9.230697e-8     6.38114e-9       #dY:6.9%   
  0.02088219      9.357965e-8     6.46912e-9       #dY:6.9%   
  0.02147556      9.486895e-8     6.55825e-9       #dY:6.9%   
  0.02208579      9.617505e-8     6.64854e-9       #dY:6.9%   
  0.02271335      9.749813e-8     6.74e-9          #dY:6.9%   
  0.02335875      9.883835e-8     6.83265e-9       #dY:6.9%   
  0.02402249      1.001959e-7     6.9265e-9        #dY:6.9%   
  0.02470509      1.01571e-7      7.02156e-9       #dY:6.9%   
  0.02540708      1.029637e-7     7.25371e-9       #dY:7.0%   
  0.02612902      1.043742e-7     7.35307e-9       #dY:7.0%   
  0.02687148      1.058028e-7     7.45372e-9       #dY:7.0%   
  0.02763503      1.072496e-7     7.55564e-9       #dY:7.0%   
  0.02842028      1.087147e-7     7.65886e-9       #dY:7.0%   
  0.02922784      1.101984e-7     7.76338e-9       #dY:7.0%   
  0.03005834      1.117008e-7     7.92577e-9       #dY:7.1%   
  0.03091245      1.132221e-7     8.03371e-9       #dY:7.1%   
  0.03179083      1.147623e-7     8.143e-9         #dY:7.1%   
  0.03269416      1.163218e-7     8.25365e-9       #dY:7.1%   
  0.03362317      1.179007e-7     8.36568e-9       #dY:7.1%   
  0.03457857      1.194991e-7     8.4791e-9        #dY:7.1%   
  0.03556111      1.211171e-7     8.70212e-9       #dY:7.2%   
  0.03657158      1.227551e-7     8.81981e-9       #dY:7.2%   
  0.03761076      1.244129e-7     8.93892e-9       #dY:7.2%   
  0.03867947      1.26091e-7      9.05949e-9       #dY:7.2%   
  0.03977855      1.277893e-7     9.18151e-9       #dY:7.2%   
  0.04090885      1.295079e-7     9.38047e-9       #dY:7.2%   
  0.04207127      1.312471e-7     9.50645e-9       #dY:7.2%   
  0.04326673      1.330071e-7     9.63393e-9       #dY:7.2%   
  0.04449615      1.347878e-7     9.76291e-9       #dY:7.2%   
  0.04576051      1.365895e-7     9.94817e-9       #dY:7.3%   
  0.04706079      1.384122e-7     1.00809e-8       #dY:7.3%   
  0.04839802      1.40256e-7      1.02152e-8       #dY:7.3%   
  0.04977325      1.421212e-7     1.03511e-8       #dY:7.3%   
  0.05118755      1.440076e-7     1.05382e-8       #dY:7.3%   
  0.05264204      1.459156e-7     1.06778e-8       #dY:7.3%   
  0.05413786      1.47845e-7      1.0819e-8        #dY:7.3%   
  0.05567619      1.497961e-7     1.09236e-8       #dY:7.3%   
  0.05725822      1.517688e-7     1.10675e-8       #dY:7.3%   
  0.05888521      1.537634e-7     1.12129e-8       #dY:7.3%   
  0.06055844      1.557796e-7     1.1328e-8        #dY:7.3%   
  0.0622792       1.578176e-7     1.14762e-8       #dY:7.3%   
  0.06404886      1.598776e-7     1.1626e-8        #dY:7.3%   
  0.06586881      1.619594e-7     1.1784e-8        #dY:7.3%   
  0.06774047      1.64063e-7      1.19371e-8       #dY:7.3%   
  0.06966531      1.661886e-7     1.20917e-8       #dY:7.3%   
  0.07164484      1.68336e-7      1.22526e-8       #dY:7.3%   
  0.07368063      1.705051e-7     1.24105e-8       #dY:7.3%   
  0.07577426      1.72696e-7      1.25713e-8       #dY:7.3%   
  0.07792738      1.749087e-7     1.27324e-8       #dY:7.3%   
  0.08014169      1.771429e-7     1.28939e-8       #dY:7.3%   
  0.08241891      1.793987e-7     1.30581e-8       #dY:7.3%   
  0.08476084      1.816758e-7     1.32238e-8       #dY:7.3%   
  0.08716931      1.839743e-7     1.33715e-8       #dY:7.3%   
  0.08964623      1.862939e-7     1.35401e-8       #dY:7.3%   
  0.09219352      1.886344e-7     1.36353e-8       #dY:7.2%   
  0.09481319      1.909957e-7     1.3806e-8        #dY:7.2%   
  0.09750731      1.933776e-7     1.39527e-8       #dY:7.2%   
  0.100278        1.957797e-7     1.40995e-8       #dY:7.2%   
  0.1031274       1.98202e-7      1.42739e-8       #dY:7.2%   
  0.1060577       2.00644e-7      1.44498e-8       #dY:7.2%   
  0.1090714       2.031053e-7     1.4627e-8        #dY:7.2%   
  0.1121706       2.055858e-7     1.48057e-8       #dY:7.2%   
  0.1153579       2.080851e-7     1.49857e-8       #dY:7.2%   
  0.1186358       2.106028e-7     1.5167e-8        #dY:7.2%   
  0.1220069       2.131382e-7     1.53496e-8       #dY:7.2%   
  0.1254737       2.156912e-7     1.55334e-8       #dY:7.2%   
  0.129039        2.182611e-7     1.57185e-8       #dY:7.2%   
  0.1327056       2.208474e-7     1.59048e-8       #dY:7.2%   
  0.1364765       2.234496e-7     1.60922e-8       #dY:7.2%   
  0.1403544       2.26067e-7      1.62807e-8       #dY:7.2%   
  0.1443426       2.286989e-7     1.64702e-8       #dY:7.2%   
  0.1484441       2.313448e-7     1.66608e-8       #dY:7.2%   
  0.1526621       2.340038e-7     1.54987e-8       #dY:6.6%   
  0.157           2.366753e-7     1.56756e-8       #dY:6.6%   
  0.1614612       2.393582e-7     1.58533e-8       #dY:6.6%   
  0.1660491       2.42052e-7      1.60318e-8       #dY:6.6%   
  0.1707673       2.447554e-7     1.62108e-8       #dY:6.6%   
  0.1756197       2.474678e-7     1.63905e-8       #dY:6.6%   
  0.1806099       2.501878e-7     1.65706e-8       #dY:6.6%   
  0.1857419       2.529147e-7     1.67512e-8       #dY:6.6%   
  0.1910198       2.55647e-7      1.69322e-8       #dY:6.6%   
  0.1964476       2.583838e-7     1.71135e-8       #dY:6.6%   
  0.2020297       2.611238e-7     1.7414e-8        #dY:6.7%   
  0.2077703       2.638656e-7     1.75969e-8       #dY:6.7%   
  0.2136741       2.66608e-7      1.77797e-8       #dY:6.7%   
  0.2197456       2.693493e-7     1.79626e-8       #dY:6.7%   
  0.2259897       2.720884e-7     1.81452e-8       #dY:6.7%   
  0.2324112       2.748233e-7     1.83276e-8       #dY:6.7%   
  0.2390152       2.775527e-7     1.85096e-8       #dY:6.7%   
  0.2458068       2.802748e-7     1.86912e-8       #dY:6.7%   
  0.2527913       2.829879e-7     1.8696e-8        #dY:6.6%   
  0.2599744       2.856901e-7     1.88746e-8       #dY:6.6%   
  0.2673616       2.883796e-7     1.90522e-8       #dY:6.6%   
  0.2749586       2.910544e-7     1.9229e-8        #dY:6.6%   
  0.2827716       2.937125e-7     1.94046e-8       #dY:6.6%   
  0.2908065       2.963519e-7     1.95789e-8       #dY:6.6%   
  0.2990698       2.989703e-7     1.97519e-8       #dY:6.6%   
  0.3075678       3.015656e-7     1.89626e-8       #dY:6.3%   
  0.3163073       3.041355e-7     1.91242e-8       #dY:6.3%   
  0.3252952       3.066777e-7     1.92841e-8       #dY:6.3%   
  0.3345384       3.091899e-7     1.94421e-8       #dY:6.3%   
  0.3440443       3.116696e-7     1.9598e-8        #dY:6.3%   
  0.3538203       3.141144e-7     1.92296e-8       #dY:6.1%   
  0.3638741       3.165218e-7     1.9377e-8        #dY:6.1%   
  0.3742136       3.188893e-7     1.9522e-8        #dY:6.1%   
  0.3848469       3.212144e-7     1.96643e-8       #dY:6.1%   
  0.3957823       3.234946e-7     1.98039e-8       #dY:6.1%   
  0.4070284       3.257271e-7     1.91243e-8       #dY:5.9%   
  0.4185941       3.279096e-7     1.92525e-8       #dY:5.9%   
  0.4304884       3.300392e-7     1.93775e-8       #dY:5.9%   
  0.4427207       3.321132e-7     1.94993e-8       #dY:5.9%   
  0.4553006       3.341277e-7     1.78301e-8       #dY:5.3%   
  0.468238        3.360782e-7     1.79342e-8       #dY:5.3%   
  0.4815429       3.379604e-7     1.80347e-8       #dY:5.3%   
  0.495226        3.397693e-7     1.81312e-8       #dY:5.3%   
  0.5092978       3.415001e-7     1.7155e-8        #dY:5.0%   
  0.5237694       3.431479e-7     1.72378e-8       #dY:5.0%   
  0.5386523       3.447075e-7     1.73162e-8       #dY:5.0%   
  0.5539581       3.461737e-7     1.56946e-8       #dY:4.5%   
  0.5696988       3.475415e-7     1.57566e-8       #dY:4.5%   
  0.5858868       3.488057e-7     1.58139e-8       #dY:4.5%   
  0.6025347       3.499606e-7     1.44459e-8       #dY:4.1%   
  0.6196557       3.510014e-7     1.44888e-8       #dY:4.1%   
  0.6372632       3.519224e-7     1.45269e-8       #dY:4.1%   
  0.655371        3.527184e-7     1.36074e-8       #dY:3.9%   
  0.6739934       3.533839e-7     1.3633e-8        #dY:3.9%   
  0.6931448       3.539137e-7     1.36535e-8       #dY:3.9%   
  0.7128405       3.543024e-7     1.17629e-8       #dY:3.3%   
  0.7330959       3.54545e-7      1.17709e-8       #dY:3.3%   
  0.7539267       3.546359e-7     1.1293e-8        #dY:3.2%   
  0.7753495       3.545703e-7     1.12909e-8       #dY:3.2%   
  0.7973811       3.543429e-7     1.12837e-8       #dY:3.2%   
  0.8200386       3.539491e-7     1.07287e-8       #dY:3.0%   
  0.84334         3.533838e-7     1.07116e-8       #dY:3.0%   
  0.8673034       3.526426e-7     1.01725e-8       #dY:2.9%   
  0.8919478       3.517211e-7     1.0146e-8        #dY:2.9%   
  0.9172925       3.50615e-7      9.36716e-9       #dY:2.7%   
  0.9433573       3.493205e-7     9.33257e-9       #dY:2.7%   
  0.9701628       3.478341e-7     9.03584e-9       #dY:2.6%   
  0.9977299       3.461523e-7     8.99215e-9       #dY:2.6%   
  1.02608         3.442723e-7     8.38028e-9       #dY:2.4%   
  1.055236        3.421914e-7     8.32963e-9       #dY:2.4%   
  1.085221        3.399075e-7     8.27403e-9       #dY:2.4%   
  1.116057        3.374181e-7     8.21344e-9       #dY:2.4%   
  1.14777         3.347216e-7     8.1478e-9        #dY:2.4%   
  1.180384        3.318161e-7     8.07707e-9       #dY:2.4%   
  1.213924        3.286999e-7     8.00122e-9       #dY:2.4%   
  1.248418        3.25372e-7      7.92021e-9       #dY:2.4%   
  1.283892        3.218316e-7     7.83403e-9       #dY:2.4%   
  1.320374        3.180784e-7     7.74267e-9       #dY:2.4%   
  1.357892        3.141129e-7     7.64614e-9       #dY:2.4%   
  1.396476        3.099361e-7     7.54447e-9       #dY:2.4%   
  1.436157        3.055499e-7     7.4377e-9        #dY:2.4%   
  1.476965        3.009567e-7     7.32589e-9       #dY:2.4%   
  1.518933        2.961595e-7     6.91375e-9       #dY:2.3%   
  1.562094        2.911624e-7     6.79709e-9       #dY:2.3%   
  1.606481        2.859698e-7     6.67588e-9       #dY:2.3%   
  1.652129        2.805874e-7     6.55022e-9       #dY:2.3%   
  1.699074        2.750212e-7     6.42028e-9       #dY:2.3%   
  1.747353        2.692779e-7     6.28621e-9       #dY:2.3%   
  1.797004        2.633655e-7     6.14818e-9       #dY:2.3%   
  1.848066        2.572921e-7     6.0064e-9        #dY:2.3%   
  1.900578        2.510668e-7     5.86108e-9       #dY:2.3%   
  1.954583        2.446994e-7     5.71243e-9       #dY:2.3%   
  2.010123        2.382006e-7     2.38126e-9       #dY:1.0%   
  2.06724         2.315811e-7     2.31508e-9       #dY:1.0%   
  2.125981        2.24853e-7      2.24782e-9       #dY:1.0%   
  2.18639         2.180285e-7     2.1796e-9        #dY:1.0%   
  2.248517        2.111205e-7     2.11054e-9       #dY:1.0%   
  2.312408        2.041423e-7     2.04078e-9       #dY:1.0%   
  2.378115        1.971077e-7     1.97046e-9       #dY:1.0%   
  2.445689        1.90031e-7      1.89971e-9       #dY:1.0%   
  2.515183        1.829268e-7     2.41945e-9       #dY:1.3%   
  2.586652        1.758096e-7     2.32532e-9       #dY:1.3%   
  2.660152        1.686946e-7     2.23121e-9       #dY:1.3%   
  2.73574         1.615968e-7     2.13733e-9       #dY:1.3%   
  2.813476        1.545316e-7     2.04389e-9       #dY:1.3%   
  2.89342         1.475138e-7     1.95107e-9       #dY:1.3%   
  2.975637        1.405585e-7     1.85907e-9       #dY:1.3%   
  3.060189        1.336806e-7     3.73662e-9       #dY:2.8%   
  3.147145        1.268945e-7     3.54693e-9       #dY:2.8%   
  3.236571        1.202144e-7     3.36021e-9       #dY:2.8%   
  3.328538        1.136541e-7     3.17684e-9       #dY:2.8%   
  3.423118        1.072266e-7     2.99718e-9       #dY:2.8%   
  3.520386        1.009446e-7     3.84913e-9       #dY:3.8%   
  3.620417        9.481988e-8     3.61558e-9       #dY:3.8%   
  3.723291        8.886354e-8     3.38846e-9       #dY:3.8%   
  3.829088        8.308585e-8     3.16815e-9       #dY:3.8%   
  3.937892        7.749611e-8     2.95501e-9       #dY:3.8%   
  4.049787        7.210273e-8     3.33046e-9       #dY:4.6%   
  4.164861        6.691306e-8     3.09074e-9       #dY:4.6%   
  4.283206        6.19334e-8      2.86073e-9       #dY:4.6%   
  4.404913        5.716895e-8     2.64066e-9       #dY:4.6%   
  4.530078        5.262381e-8     2.83794e-9       #dY:5.4%   
  4.6588          4.830093e-8     2.60481e-9       #dY:5.4%   
  4.79118         4.420209e-8     2.38376e-9       #dY:5.4%   
  4.927321        4.032799e-8     2.17484e-9       #dY:5.4%   
  5.06733         3.667815e-8     2.26372e-9       #dY:6.2%   
  5.211318        3.325103e-8     2.0522e-9        #dY:6.2%   
  5.359398        3.004402e-8     1.85427e-9       #dY:6.2%   
  5.511685        2.705348e-8     1.91412e-9       #dY:7.1%   
  5.668299        2.427482e-8     1.71752e-9       #dY:7.1%   
  5.829363        2.170257e-8     1.53552e-9       #dY:7.1%   
  5.995004        1.933043e-8     1.36769e-9       #dY:7.1%   
  6.165352        1.715135e-8     1.3767e-9        #dY:8.0%   
  6.34054         1.515764e-8     1.21667e-9       #dY:8.0%   
  6.520707        1.334102e-8     1.2031e-9        #dY:9.0%   
  6.705992        1.169279e-8     1.05447e-9       #dY:9.0%   
  6.896543        1.020383e-8     9.2019e-10       #dY:9.0%   
  7.092508        8.864773e-9     8.87607e-10      #dY:10.0%  
  7.294041        7.666075e-9     7.67584e-10      #dY:10.0%  
  7.501301        6.598102e-9     7.23335e-10      #dY:11.0%  
  7.71445         5.651234e-9     6.19532e-10      #dY:11.0%  
  7.933656        4.815946e-9     5.27961e-10      #dY:11.0%  
  8.15909         4.082889e-9     4.88708e-10      #dY:12.0%  
  8.39093         3.442968e-9     4.12111e-10      #dY:12.0%  
  8.629358        2.887404e-9     3.70487e-10      #dY:12.8%  
  8.874561        2.407789e-9     3.08947e-10      #dY:12.8%  
  9.126731        1.996139e-9     2.75126e-10      #dY:13.8%  
  9.386067        1.644929e-9     2.26719e-10      #dY:13.8%  
  9.652772        1.347126e-9     1.95504e-10      #dY:14.5%  
  9.927055        1.096204e-9     1.59089e-10      #dY:14.5%  
  10.20913        8.86161e-10     1.36985e-10      #dY:15.5%  
  10.49922        7.11515e-10     1.09987e-10      #dY:15.5%  
  10.79756        5.67304e-10     8.7695e-11       #dY:15.5%  
  11.10437        4.49071e-10     8.6346e-11       #dY:19.2%  
  11.4199         3.52847e-10     6.78443e-11      #dY:19.2%  
  11.7444         2.75125e-10     5.29002e-11      #dY:19.2%  
  12.07811        2.12837e-10     4.52603e-11      #dY:21.3%  
  12.42131        1.63316e-10     3.47295e-11      #dY:21.3%  
  12.77426        1.24271e-10     2.64265e-11      #dY:21.3%  
  13.13724        9.37472e-11     2.19567e-11      #dY:23.4%  
  13.51054        7.00938e-11     1.64168e-11      #dY:23.4%  
  13.89444        5.19296e-11     1.21625e-11      #dY:23.4%  
  14.28925        3.81103e-11     9.7363e-12       #dY:25.5%  
  14.69528        2.76973e-11     7.07602e-12      #dY:25.5%  
  15.11284        1.99282e-11     5.52102e-12      #dY:27.7%  
  15.54227        1.41907e-11     3.93147e-12      #dY:27.7%  
  15.98391        9.99785e-12     2.76986e-12      #dY:27.7%  
  16.43809        6.96681e-12     2.09713e-12      #dY:30.1%  
  16.90518        4.79999e-12     1.44488e-12      #dY:30.1%  
  17.38554        3.2687e-12      1.07057e-12      #dY:32.8%  
  17.87954        2.1993e-12      7.20322e-13      #dY:32.8%  
  18.38759        1.46153e-12     5.24928e-13      #dY:35.9%  
  18.91007        9.58921e-13     3.44409e-13      #dY:35.9%  
  19.4474         6.20924e-13     2.23013e-13      #dY:35.9%  
  20              0.00            0.00                        
//
#-------------------------------------------------------------------------------
#
#name:   JENDL-5: U-235(N,F) E_in=1. MeV
#X.axis: Energy
#Y.axis: 
#wdata:  3
#ldata:  602
#data...
# X               Y               +-dY           
# MeV             1/eV            1/eV           
  0.00            0.00            0.00                        
  1.00e-6         6.4886e-10      4.59877e-12      #dY:0.7%   
  1.028415e-6     6.58014e-10     4.32424e-12      #dY:0.7%   
  1.057637e-6     6.67297e-10     4.38524e-12      #dY:0.7%   
  1.08769e-6      6.76711e-10     4.44711e-12      #dY:0.7%   
  1.118597e-6     6.86258e-10     4.50985e-12      #dY:0.7%   
  1.150382e-6     6.9594e-10      4.57348e-12      #dY:0.7%   
  1.18307e-6      7.05758e-10     4.638e-12        #dY:0.7%   
  1.216686e-6     7.15715e-10     4.70343e-12      #dY:0.7%   
  1.251259e-6     7.25812e-10     4.76978e-12      #dY:0.7%   
  1.286813e-6     7.36052e-10     4.83708e-12      #dY:0.7%   
  1.323378e-6     7.46436e-10     4.90532e-12      #dY:0.7%   
  1.360981e-6     7.56967e-10     4.97452e-12      #dY:0.7%   
  1.399654e-6     7.67646e-10     5.0447e-12       #dY:0.7%   
  1.439425e-6     7.78476e-10     5.11587e-12      #dY:0.7%   
  1.480326e-6     7.89458e-10     5.18804e-12      #dY:0.7%   
  1.522389e-6     8.00596e-10     4.8432e-11       #dY:6.0%   
  1.565648e-6     8.11891e-10     4.91153e-11      #dY:6.0%   
  1.610136e-6     8.23345e-10     4.98082e-11      #dY:6.0%   
  1.655888e-6     8.3496e-10      5.05109e-11      #dY:6.0%   
  1.70294e-6      8.4674e-10      5.12235e-11      #dY:6.0%   
  1.751329e-6     8.58686e-10     5.19462e-11      #dY:6.0%   
  1.801093e-6     8.708e-10       5.2679e-11       #dY:6.0%   
  1.852271e-6     8.83085e-10     5.34222e-11      #dY:6.0%   
  1.904903e-6     8.95544e-10     5.41759e-11      #dY:6.0%   
  1.959031e-6     9.08178e-10     5.49402e-11      #dY:6.0%   
  2.014696e-6     9.2099e-10      5.75943e-11      #dY:6.3%   
  2.071944e-6     9.33983e-10     5.84068e-11      #dY:6.3%   
  2.130818e-6     9.4716e-10      5.92309e-11      #dY:6.3%   
  2.191365e-6     9.60522e-10     6.00665e-11      #dY:6.3%   
  2.253633e-6     9.74073e-10     6.09139e-11      #dY:6.3%   
  2.317669e-6     9.87815e-10     6.17732e-11      #dY:6.3%   
  2.383526e-6     1.001752e-9     6.26448e-11      #dY:6.3%   
  2.451254e-6     1.015884e-9     6.35285e-11      #dY:6.3%   
  2.520906e-6     1.030216e-9     6.55676e-11      #dY:6.4%   
  2.592537e-6     1.04475e-9      6.64927e-11      #dY:6.4%   
  2.666204e-6     1.059489e-9     6.74307e-11      #dY:6.4%   
  2.741964e-6     1.074436e-9     6.8382e-11       #dY:6.4%   
  2.819877e-6     1.089594e-9     6.93467e-11      #dY:6.4%   
  2.900004e-6     1.104966e-9     7.03251e-11      #dY:6.4%   
  2.982407e-6     1.120555e-9     7.13172e-11      #dY:6.4%   
  3.067152e-6     1.136364e-9     7.31167e-11      #dY:6.4%   
  3.154305e-6     1.152395e-9     7.41482e-11      #dY:6.4%   
  3.243935e-6     1.168653e-9     7.51943e-11      #dY:6.4%   
  3.336111e-6     1.185141e-9     7.62552e-11      #dY:6.4%   
  3.430906e-6     1.201861e-9     7.7331e-11       #dY:6.4%   
  3.528395e-6     1.218815e-9     7.90066e-11      #dY:6.5%   
  3.628655e-6     1.236011e-9     8.01213e-11      #dY:6.5%   
  3.731763e-6     1.253448e-9     8.12516e-11      #dY:6.5%   
  3.837801e-6     1.271132e-9     8.23979e-11      #dY:6.5%   
  3.946851e-6     1.289064e-9     8.35603e-11      #dY:6.5%   
  4.059001e-6     1.307251e-9     8.51969e-11      #dY:6.5%   
  4.174337e-6     1.325693e-9     8.63988e-11      #dY:6.5%   
  4.292951e-6     1.344396e-9     8.76177e-11      #dY:6.5%   
  4.414935e-6     1.363363e-9     8.88539e-11      #dY:6.5%   
  4.540385e-6     1.382596e-9     9.04768e-11      #dY:6.5%   
  4.6694e-6       1.402102e-9     9.17532e-11      #dY:6.5%   
  4.802081e-6     1.421883e-9     9.30477e-11      #dY:6.5%   
  4.938532e-6     1.441942e-9     9.43603e-11      #dY:6.5%   
  5.07886e-6      1.462285e-9     9.59987e-11      #dY:6.6%   
  5.223175e-6     1.482915e-9     9.7353e-11       #dY:6.6%   
  5.371592e-6     1.503835e-9     9.87264e-11      #dY:6.6%   
  5.524225e-6     1.525052e-9     1.00378e-10      #dY:6.6%   
  5.681196e-6     1.546567e-9     1.01794e-10      #dY:6.6%   
  5.842627e-6     1.568386e-9     1.0323e-10       #dY:6.6%   
  6.008645e-6     1.590512e-9     1.04911e-10      #dY:6.6%   
  6.17938e-6      1.612951e-9     1.06391e-10      #dY:6.6%   
  6.354967e-6     1.635706e-9     1.07892e-10      #dY:6.6%   
  6.535543e-6     1.658782e-9     1.09609e-10      #dY:6.6%   
  6.72125e-6      1.682184e-9     1.11156e-10      #dY:6.6%   
  6.912234e-6     1.705916e-9     1.12724e-10      #dY:6.6%   
  7.108645e-6     1.729983e-9     1.14487e-10      #dY:6.6%   
  7.310637e-6     1.75439e-9      1.16102e-10      #dY:6.6%   
  7.518368e-6     1.77914e-9      1.17894e-10      #dY:6.6%   
  7.732002e-6     1.80424e-9      1.19557e-10      #dY:6.6%   
  7.951707e-6     1.829694e-9     1.21244e-10      #dY:6.6%   
  8.177654e-6     1.855507e-9     1.23093e-10      #dY:6.6%   
  8.410022e-6     1.881684e-9     1.24829e-10      #dY:6.6%   
  8.648992e-6     1.908231e-9     1.26716e-10      #dY:6.6%   
  8.894753e-6     1.935152e-9     1.28504e-10      #dY:6.6%   
  9.147497e-6     1.962453e-9     1.30431e-10      #dY:6.6%   
  9.407423e-6     1.990139e-9     1.32271e-10      #dY:6.6%   
  9.674734e-6     2.018215e-9     1.34242e-10      #dY:6.7%   
  9.949641e-6     2.046689e-9     1.36136e-10      #dY:6.7%   
  1.023236e-5     2.075563e-9     1.38153e-10      #dY:6.7%   
  1.052311e-5     2.104845e-9     1.40102e-10      #dY:6.7%   
  1.082213e-5     2.134539e-9     1.42079e-10      #dY:6.7%   
  1.112964e-5     2.164653e-9     1.44083e-10      #dY:6.7%   
  1.144588e-5     2.195192e-9     1.46116e-10      #dY:6.7%   
  1.177112e-5     2.226161e-9     1.48177e-10      #dY:6.7%   
  1.210559e-5     2.257568e-9     1.50268e-10      #dY:6.7%   
  1.244957e-5     2.289417e-9     1.52388e-10      #dY:6.7%   
  1.280333e-5     2.321716e-9     1.54537e-10      #dY:6.7%   
  1.316713e-5     2.354471e-9     1.56718e-10      #dY:6.7%   
  1.354128e-5     2.387687e-9     1.58929e-10      #dY:6.7%   
  1.392605e-5     2.421373e-9     1.61171e-10      #dY:6.7%   
  1.432176e-5     2.455532e-9     1.63444e-10      #dY:6.7%   
  1.472871e-5     2.490175e-9     1.6575e-10       #dY:6.7%   
  1.514723e-5     2.525306e-9     1.52781e-10      #dY:6.0%   
  1.557764e-5     2.560933e-9     1.54936e-10      #dY:6.0%   
  1.602027e-5     2.597062e-9     1.57122e-10      #dY:6.0%   
  1.647549e-5     2.633701e-9     1.59338e-10      #dY:6.0%   
  1.694364e-5     2.670857e-9     1.61586e-10      #dY:6.0%   
  1.742509e-5     2.708537e-9     1.63866e-10      #dY:6.0%   
  1.792023e-5     2.746749e-9     1.66178e-10      #dY:6.0%   
  1.842943e-5     2.7855e-9       1.68522e-10      #dY:6.0%   
  1.89531e-5      2.824797e-9     1.709e-10        #dY:6.0%   
  1.949165e-5     2.86465e-9      1.73311e-10      #dY:6.0%   
  2.004551e-5     2.905064e-9     1.81685e-10      #dY:6.3%   
  2.06151e-5      2.946049e-9     1.84248e-10      #dY:6.3%   
  2.120087e-5     2.987611e-9     1.86847e-10      #dY:6.3%   
  2.18033e-5      3.02976e-9      1.89484e-10      #dY:6.3%   
  2.242284e-5     3.072503e-9     1.92157e-10      #dY:6.3%   
  2.305998e-5     3.115849e-9     1.94868e-10      #dY:6.3%   
  2.371523e-5     3.159808e-9     1.97617e-10      #dY:6.3%   
  2.43891e-5      3.204386e-9     2.00405e-10      #dY:6.3%   
  2.508211e-5     3.249593e-9     2.0684e-10       #dY:6.4%   
  2.579482e-5     3.295438e-9     2.09758e-10      #dY:6.4%   
  2.652778e-5     3.34193e-9      2.12717e-10      #dY:6.4%   
  2.728156e-5     3.389078e-9     2.15718e-10      #dY:6.4%   
  2.805677e-5     3.436891e-9     2.18761e-10      #dY:6.4%   
  2.8854e-5       3.485377e-9     2.21847e-10      #dY:6.4%   
  2.967388e-5     3.534549e-9     2.24977e-10      #dY:6.4%   
  3.051707e-5     3.584414e-9     2.30655e-10      #dY:6.4%   
  3.138421e-5     3.634983e-9     2.33909e-10      #dY:6.4%   
  3.227599e-5     3.686265e-9     2.37209e-10      #dY:6.4%   
  3.319311e-5     3.73827e-9      2.40555e-10      #dY:6.4%   
  3.413629e-5     3.79101e-9      2.43949e-10      #dY:6.4%   
  3.510627e-5     3.844493e-9     2.49239e-10      #dY:6.5%   
  3.610381e-5     3.898731e-9     2.52755e-10      #dY:6.5%   
  3.71297e-5      3.953733e-9     2.56321e-10      #dY:6.5%   
  3.818474e-5     4.009512e-9     2.59937e-10      #dY:6.5%   
  3.926976e-5     4.066079e-9     2.63604e-10      #dY:6.5%   
  4.038561e-5     4.123442e-9     2.68769e-10      #dY:6.5%   
  4.153316e-5     4.181616e-9     2.72561e-10      #dY:6.5%   
  4.271332e-5     4.240609e-9     2.76406e-10      #dY:6.5%   
  4.392702e-5     4.300435e-9     2.80306e-10      #dY:6.5%   
  4.517521e-5     4.361105e-9     2.85426e-10      #dY:6.5%   
  4.645886e-5     4.422631e-9     2.89452e-10      #dY:6.5%   
  4.777898e-5     4.485026e-9     2.93536e-10      #dY:6.5%   
  4.913662e-5     4.5483e-9       2.97677e-10      #dY:6.5%   
  5.053284e-5     4.612468e-9     3.02847e-10      #dY:6.6%   
  5.196872e-5     4.67754e-9      3.07119e-10      #dY:6.6%   
  5.344541e-5     4.74353e-9      3.11452e-10      #dY:6.6%   
  5.496406e-5     4.810451e-9     3.15846e-10      #dY:6.6%   
  5.652586e-5     4.878317e-9     3.21132e-10      #dY:6.6%   
  5.813204e-5     4.94714e-9      3.25662e-10      #dY:6.6%   
  5.978386e-5     5.016934e-9     3.30257e-10      #dY:6.6%   
  6.148262e-5     5.087712e-9     3.35626e-10      #dY:6.6%   
  6.322964e-5     5.159489e-9     3.40361e-10      #dY:6.6%   
  6.502631e-5     5.232279e-9     3.4578e-10       #dY:6.6%   
  6.687403e-5     5.306095e-9     3.50658e-10      #dY:6.6%   
  6.877425e-5     5.380953e-9     3.55605e-10      #dY:6.6%   
  7.072847e-5     5.456867e-9     3.61167e-10      #dY:6.6%   
  7.273822e-5     5.533852e-9     3.66262e-10      #dY:6.6%   
  7.480507e-5     5.611923e-9     3.7143e-10       #dY:6.6%   
  7.693065e-5     5.691095e-9     3.77159e-10      #dY:6.6%   
  7.911663e-5     5.771385e-9     3.8248e-10       #dY:6.6%   
  8.136473e-5     5.852807e-9     3.88318e-10      #dY:6.6%   
  8.36767e-5      5.935377e-9     3.93796e-10      #dY:6.6%   
  8.605437e-5     6.019113e-9     3.99741e-10      #dY:6.6%   
  8.84996e-5      6.10403e-9      4.05381e-10      #dY:6.6%   
  9.101432e-5     6.190144e-9     4.11461e-10      #dY:6.6%   
  9.360048e-5     6.277475e-9     4.17266e-10      #dY:6.6%   
  9.626014e-5     6.366036e-9     4.23484e-10      #dY:6.7%   
  9.899537e-5     6.455848e-9     4.29458e-10      #dY:6.7%   
  1.018083e-4     6.546925e-9     4.35831e-10      #dY:6.7%   
  1.047012e-4     6.639288e-9     4.4198e-10       #dY:6.7%   
  1.076763e-4     6.732955e-9     4.48215e-10      #dY:6.7%   
  1.107359e-4     6.827941e-9     4.54539e-10      #dY:6.7%   
  1.138824e-4     6.924269e-9     4.60951e-10      #dY:6.7%   
  1.171184e-4     7.021955e-9     4.67454e-10      #dY:6.7%   
  1.204463e-4     7.121019e-9     4.74049e-10      #dY:6.7%   
  1.238688e-4     7.221481e-9     4.80737e-10      #dY:6.7%   
  1.273885e-4     7.32336e-9      4.87519e-10      #dY:6.7%   
  1.310083e-4     7.426676e-9     4.94397e-10      #dY:6.7%   
  1.347309e-4     7.53145e-9      5.01372e-10      #dY:6.7%   
  1.385592e-4     7.637701e-9     5.08445e-10      #dY:6.7%   
  1.424964e-4     7.745452e-9     5.15618e-10      #dY:6.7%   
  1.465454e-4     7.854722e-9     5.22892e-10      #dY:6.7%   
  1.507095e-4     7.965534e-9     4.81977e-10      #dY:6.1%   
  1.549919e-4     8.077909e-9     4.88776e-10      #dY:6.1%   
  1.59396e-4      8.191869e-9     4.95672e-10      #dY:6.1%   
  1.639252e-4     8.307437e-9     5.02664e-10      #dY:6.1%   
  1.685831e-4     8.424634e-9     5.09756e-10      #dY:6.1%   
  1.733734e-4     8.543486e-9     5.16947e-10      #dY:6.1%   
  1.782998e-4     8.664013e-9     5.2424e-10       #dY:6.1%   
  1.833662e-4     8.786241e-9     5.31636e-10      #dY:6.1%   
  1.885765e-4     8.910193e-9     5.39136e-10      #dY:6.1%   
  1.939349e-4     9.035894e-9     5.46742e-10      #dY:6.1%   
  1.994456e-4     9.163367e-9     5.54455e-10      #dY:6.1%   
  2.051128e-4     9.292639e-9     5.81255e-10      #dY:6.3%   
  2.109411e-4     9.423733e-9     5.89455e-10      #dY:6.3%   
  2.16935e-4      9.556677e-9     5.97771e-10      #dY:6.3%   
  2.230992e-4     9.691496e-9     6.06203e-10      #dY:6.3%   
  2.294385e-4     9.828217e-9     6.14755e-10      #dY:6.3%   
  2.35958e-4      9.966866e-9     6.23428e-10      #dY:6.3%   
  2.426628e-4     1.010747e-8     6.32223e-10      #dY:6.3%   
  2.49558e-4      1.025006e-8     6.41142e-10      #dY:6.3%   
  2.566492e-4     1.039466e-8     6.61732e-10      #dY:6.4%   
  2.639419e-4     1.05413e-8      6.71067e-10      #dY:6.4%   
  2.714418e-4     1.069e-8        6.80533e-10      #dY:6.4%   
  2.791548e-4     1.084081e-8     6.90134e-10      #dY:6.4%   
  2.870869e-4     1.099374e-8     6.9987e-10       #dY:6.4%   
  2.952445e-4     1.114882e-8     7.09742e-10      #dY:6.4%   
  3.036339e-4     1.13061e-8      7.27659e-10      #dY:6.4%   
  3.122616e-4     1.146559e-8     7.37924e-10      #dY:6.4%   
  3.211345e-4     1.162733e-8     7.48333e-10      #dY:6.4%   
  3.302595e-4     1.179136e-8     7.5889e-10       #dY:6.4%   
  3.396438e-4     1.195768e-8     7.69595e-10      #dY:6.4%   
  3.492948e-4     1.212637e-8     7.80452e-10      #dY:6.4%   
  3.5922e-4       1.229743e-8     7.96299e-10      #dY:6.5%   
  3.694272e-4     1.24709e-8      8.07532e-10      #dY:6.5%   
  3.799245e-4     1.264681e-8     8.18923e-10      #dY:6.5%   
  3.9072e-4       1.282521e-8     8.30475e-10      #dY:6.5%   
  4.018223e-4     1.300613e-8     8.46745e-10      #dY:6.5%   
  4.132401e-4     1.318959e-8     8.58688e-10      #dY:6.5%   
  4.249823e-4     1.337564e-8     8.70801e-10      #dY:6.5%   
  4.370581e-4     1.356431e-8     8.83084e-10      #dY:6.5%   
  4.494771e-4     1.375565e-8     8.95541e-10      #dY:6.5%   
  4.62249e-4      1.394968e-8     9.11904e-10      #dY:6.5%   
  4.753837e-4     1.414645e-8     9.24767e-10      #dY:6.5%   
  4.888918e-4     1.434599e-8     9.37811e-10      #dY:6.5%   
  5.027836e-4     1.454835e-8     9.54095e-10      #dY:6.6%   
  5.170702e-4     1.475355e-8     9.67553e-10      #dY:6.6%   
  5.317627e-4     1.496164e-8     9.81199e-10      #dY:6.6%   
  5.468727e-4     1.517268e-8     9.9504e-10       #dY:6.6%   
  5.624121e-4     1.538669e-8     1.01168e-9       #dY:6.6%   
  5.78393e-4      1.560371e-8     1.02595e-9       #dY:6.6%   
  5.94828e-4      1.582379e-8     1.04042e-9       #dY:6.6%   
  6.1173e-4       1.604697e-8     1.05735e-9       #dY:6.6%   
  6.291123e-4     1.627329e-8     1.07227e-9       #dY:6.6%   
  6.469885e-4     1.650281e-8     1.08739e-9       #dY:6.6%   
  6.653726e-4     1.673556e-8     1.10471e-9       #dY:6.6%   
  6.842792e-4     1.697159e-8     1.12029e-9       #dY:6.6%   
  7.037229e-4     1.721095e-8     1.13934e-9       #dY:6.6%   
  7.237192e-4     1.745368e-8     1.15541e-9       #dY:6.6%   
  7.442836e-4     1.769983e-8     1.1717e-9        #dY:6.6%   
  7.654324e-4     1.794944e-8     1.18978e-9       #dY:6.6%   
  7.871821e-4     1.820257e-8     1.20656e-9       #dY:6.6%   
  8.095499e-4     1.845927e-8     1.22497e-9       #dY:6.6%   
  8.325532e-4     1.871958e-8     1.24224e-9       #dY:6.6%   
  8.562102e-4     1.898356e-8     1.26102e-9       #dY:6.6%   
  8.805393e-4     1.925125e-8     1.2788e-9        #dY:6.6%   
  9.055598e-4     1.952272e-8     1.29973e-9       #dY:6.7%   
  9.312913e-4     1.979801e-8     1.31805e-9       #dY:6.7%   
  9.577539e-4     2.007718e-8     1.33769e-9       #dY:6.7%   
  9.849684e-4     2.036027e-8     1.35655e-9       #dY:6.7%   
  1.012956e-3     2.064735e-8     1.37666e-9       #dY:6.7%   
  1.041739e-3     2.093847e-8     1.39607e-9       #dY:6.7%   
  1.07134e-3      2.12337e-8      1.41575e-9       #dY:6.7%   
  1.101782e-3     2.153307e-8     1.43571e-9       #dY:6.7%   
  1.133089e-3     2.183666e-8     1.45595e-9       #dY:6.7%   
  1.165286e-3     2.214452e-8     1.47648e-9       #dY:6.7%   
  1.198398e-3     2.245671e-8     1.49729e-9       #dY:6.7%   
  1.23245e-3      2.277329e-8     1.5184e-9        #dY:6.7%   
  1.26747e-3      2.309432e-8     1.53981e-9       #dY:6.7%   
  1.303485e-3     2.341988e-8     1.56151e-9       #dY:6.7%   
  1.340524e-3     2.375001e-8     1.58352e-9       #dY:6.7%   
  1.378615e-3     2.408479e-8     1.60585e-9       #dY:6.7%   
  1.417788e-3     2.442427e-8     1.62848e-9       #dY:6.7%   
  1.458074e-3     2.476852e-8     1.65143e-9       #dY:6.7%   
  1.499505e-3     2.511761e-8     1.67471e-9       #dY:6.7%   
  1.542114e-3     2.547161e-8     1.54364e-9       #dY:6.1%   
  1.585933e-3     2.583059e-8     1.5654e-9        #dY:6.1%   
  1.630997e-3     2.619461e-8     1.58746e-9       #dY:6.1%   
  1.677342e-3     2.656375e-8     1.60983e-9       #dY:6.1%   
  1.725003e-3     2.693807e-8     1.63251e-9       #dY:6.1%   
  1.774019e-3     2.731764e-8     1.65551e-9       #dY:6.1%   
  1.824428e-3     2.770255e-8     1.67884e-9       #dY:6.1%   
  1.876269e-3     2.809287e-8     1.7025e-9        #dY:6.1%   
  1.929583e-3     2.848867e-8     1.72648e-9       #dY:6.1%   
  1.984412e-3     2.889002e-8     1.7508e-9        #dY:6.1%   
  2.040799e-3     2.929701e-8     1.8404e-9        #dY:6.3%   
  2.098788e-3     2.970969e-8     1.86633e-9       #dY:6.3%   
  2.158425e-3     3.012818e-8     1.89262e-9       #dY:6.3%   
  2.219757e-3     3.055253e-8     1.91927e-9       #dY:6.3%   
  2.282831e-3     3.098284e-8     1.9463e-9        #dY:6.3%   
  2.347698e-3     3.141918e-8     1.97372e-9       #dY:6.3%   
  2.414407e-3     3.186163e-8     2.00151e-9       #dY:6.3%   
  2.483013e-3     3.231028e-8     2.02969e-9       #dY:6.3%   
  2.553567e-3     3.276523e-8     2.10349e-9       #dY:6.4%   
  2.626127e-3     3.322655e-8     2.13311e-9       #dY:6.4%   
  2.700748e-3     3.369432e-8     2.16314e-9       #dY:6.4%   
  2.77749e-3      3.416864e-8     2.19359e-9       #dY:6.4%   
  2.856412e-3     3.464961e-8     2.22447e-9       #dY:6.4%   
  2.937577e-3     3.513731e-8     2.25578e-9       #dY:6.4%   
  3.021048e-3     3.563182e-8     2.31883e-9       #dY:6.5%   
  3.106891e-3     3.613326e-8     2.35146e-9       #dY:6.5%   
  3.195173e-3     3.664171e-8     2.38455e-9       #dY:6.5%   
  3.285964e-3     3.715726e-8     2.4181e-9        #dY:6.5%   
  3.379334e-3     3.768002e-8     2.45212e-9       #dY:6.5%   
  3.475358e-3     3.821008e-8     2.48661e-9       #dY:6.5%   
  3.57411e-3      3.874754e-8     2.54403e-9       #dY:6.6%   
  3.675668e-3     3.929251e-8     2.57981e-9       #dY:6.6%   
  3.780112e-3     3.984507e-8     2.61609e-9       #dY:6.6%   
  3.887524e-3     4.040535e-8     2.65287e-9       #dY:6.6%   
  3.997988e-3     4.097345e-8     2.69017e-9       #dY:6.6%   
  4.11159e-3      4.154945e-8     2.74299e-9       #dY:6.6%   
  4.228421e-3     4.21335e-8      2.78155e-9       #dY:6.6%   
  4.348571e-3     4.272566e-8     2.82064e-9       #dY:6.6%   
  4.472136e-3     4.332608e-8     2.86028e-9       #dY:6.6%   
  4.599211e-3     4.393485e-8     2.91638e-9       #dY:6.6%   
  4.729898e-3     4.455208e-8     2.95735e-9       #dY:6.6%   
  4.864298e-3     4.51779e-8      2.99889e-9       #dY:6.6%   
  5.002517e-3     4.581242e-8     3.05106e-9       #dY:6.7%   
  5.144663e-3     4.645575e-8     3.09391e-9       #dY:6.7%   
  5.290848e-3     4.710801e-8     3.13735e-9       #dY:6.7%   
  5.441187e-3     4.776932e-8     3.18139e-9       #dY:6.7%   
  5.595798e-3     4.843981e-8     3.23468e-9       #dY:6.7%   
  5.754803e-3     4.911958e-8     3.28007e-9       #dY:6.7%   
  5.918325e-3     4.980877e-8     3.32609e-9       #dY:6.7%   
  6.086494e-3     5.05075e-8      3.38026e-9       #dY:6.7%   
  6.259442e-3     5.12159e-8      3.42767e-9       #dY:6.7%   
  6.437303e-3     5.193409e-8     3.47574e-9       #dY:6.7%   
  6.620219e-3     5.266222e-8     3.53594e-9       #dY:6.7%   
  6.808332e-3     5.340039e-8     3.5855e-9        #dY:6.7%   
  7.001791e-3     5.414874e-8     3.64153e-9       #dY:6.7%   
  7.200746e-3     5.490742e-8     3.69255e-9       #dY:6.7%   
  7.405355e-3     5.567655e-8     3.74428e-9       #dY:6.7%   
  7.615778e-3     5.645628e-8     3.80714e-9       #dY:6.7%   
  7.83218e-3      5.724673e-8     3.86045e-9       #dY:6.7%   
  8.054731e-3     5.804804e-8     3.91949e-9       #dY:6.8%   
  8.283606e-3     5.886037e-8     3.97434e-9       #dY:6.8%   
  8.518984e-3     5.968384e-8     4.03975e-9       #dY:6.8%   
  8.761051e-3     6.05186e-8      4.09625e-9       #dY:6.8%   
  9.009996e-3     6.136479e-8     4.15765e-9       #dY:6.8%   
  9.266014e-3     6.222257e-8     4.21577e-9       #dY:6.8%   
  9.529308e-3     6.309209e-8     4.27871e-9       #dY:6.8%   
  9.800082e-3     6.397347e-8     4.33848e-9       #dY:6.8%   
  0.01007855      6.486689e-8     4.4085e-9        #dY:6.8%   
  0.01036493      6.577247e-8     4.47005e-9       #dY:6.8%   
  0.01065945      6.66904e-8      4.53243e-9       #dY:6.8%   
  0.01096234      6.76208e-8      4.59566e-9       #dY:6.8%   
  0.01127383      6.856385e-8     4.65976e-9       #dY:6.8%   
  0.01159418      6.951969e-8     4.72472e-9       #dY:6.8%   
  0.01192363      7.04885e-8      4.79056e-9       #dY:6.8%   
  0.01226244      7.147041e-8     4.85729e-9       #dY:6.8%   
  0.01261087      7.246559e-8     4.92493e-9       #dY:6.8%   
  0.01296921      7.347421e-8     4.99348e-9       #dY:6.8%   
  0.01333773      7.449642e-8     5.06295e-9       #dY:6.8%   
  0.01371672      7.55324e-8      5.13335e-9       #dY:6.8%   
  0.01410648      7.65823e-8      5.20471e-9       #dY:6.8%   
  0.01450732      7.764629e-8     5.27702e-9       #dY:6.8%   
  0.01491954      7.872454e-8     5.3503e-9        #dY:6.8%   
  0.01534348      7.981722e-8     4.93704e-9       #dY:6.2%   
  0.01577946      8.09245e-8      5.00553e-9       #dY:6.2%   
  0.01622784      8.204653e-8     5.07493e-9       #dY:6.2%   
  0.01668895      8.318349e-8     5.14526e-9       #dY:6.2%   
  0.01716317      8.433556e-8     5.21652e-9       #dY:6.2%   
  0.01765086      8.550291e-8     5.28872e-9       #dY:6.2%   
  0.0181524       8.668571e-8     5.36188e-9       #dY:6.2%   
  0.0186682       8.788412e-8     5.43601e-9       #dY:6.2%   
  0.01919866      8.909833e-8     5.51111e-9       #dY:6.2%   
  0.01974419      9.032851e-8     5.58721e-9       #dY:6.2%   
  0.02030522      9.157483e-8     5.85597e-9       #dY:6.4%   
  0.02088219      9.283747e-8     5.93671e-9       #dY:6.4%   
  0.02147556      9.41166e-8      6.01851e-9       #dY:6.4%   
  0.02208579      9.541239e-8     6.10137e-9       #dY:6.4%   
  0.02271335      9.672503e-8     6.18531e-9       #dY:6.4%   
  0.02335875      9.805469e-8     6.27034e-9       #dY:6.4%   
  0.02402249      9.940152e-8     6.35646e-9       #dY:6.4%   
  0.02470509      1.007657e-7     6.4437e-9        #dY:6.4%   
  0.02540708      1.021475e-7     6.64856e-9       #dY:6.5%   
  0.02612902      1.035469e-7     6.73965e-9       #dY:6.5%   
  0.02687148      1.049642e-7     6.8319e-9        #dY:6.5%   
  0.02763503      1.063997e-7     6.92533e-9       #dY:6.5%   
  0.02842028      1.078533e-7     7.01994e-9       #dY:6.5%   
  0.02922784      1.093253e-7     7.11575e-9       #dY:6.5%   
  0.03005834      1.108158e-7     7.28263e-9       #dY:6.6%   
  0.03091245      1.123251e-7     7.38182e-9       #dY:6.6%   
  0.03179083      1.138533e-7     7.48225e-9       #dY:6.6%   
  0.03269416      1.154005e-7     7.58393e-9       #dY:6.6%   
  0.03362317      1.16967e-7      7.68688e-9       #dY:6.6%   
  0.03457857      1.185528e-7     7.7911e-9        #dY:6.6%   
  0.03556111      1.201582e-7     7.98763e-9       #dY:6.6%   
  0.03657158      1.217831e-7     8.09565e-9       #dY:6.6%   
  0.03761076      1.23428e-7      8.20499e-9       #dY:6.6%   
  0.03867947      1.250928e-7     8.31566e-9       #dY:6.6%   
  0.03977855      1.267778e-7     8.42767e-9       #dY:6.6%   
  0.04090885      1.28483e-7      8.6333e-9        #dY:6.7%   
  0.04207127      1.302086e-7     8.74925e-9       #dY:6.7%   
  0.04326673      1.319547e-7     8.86658e-9       #dY:6.7%   
  0.04449615      1.337215e-7     8.9853e-9        #dY:6.7%   
  0.04576051      1.355091e-7     9.14425e-9       #dY:6.7%   
  0.04706079      1.373175e-7     9.26628e-9       #dY:6.7%   
  0.04839802      1.391469e-7     9.38973e-9       #dY:6.7%   
  0.04977325      1.409974e-7     9.5146e-9        #dY:6.7%   
  0.05118755      1.428692e-7     9.69962e-9       #dY:6.8%   
  0.05264204      1.447623e-7     9.82814e-9       #dY:6.8%   
  0.05413786      1.466766e-7     9.95811e-9       #dY:6.8%   
  0.05567619      1.486125e-7     1.00512e-8       #dY:6.8%   
  0.05725822      1.505698e-7     1.01836e-8       #dY:6.8%   
  0.05888521      1.525487e-7     1.03175e-8       #dY:6.8%   
  0.06055844      1.545493e-7     1.04208e-8       #dY:6.7%   
  0.0622792       1.565715e-7     1.05572e-8       #dY:6.7%   
  0.06404886      1.586155e-7     1.0695e-8        #dY:6.7%   
  0.06586881      1.60681e-7      1.08534e-8       #dY:6.8%   
  0.06774047      1.627683e-7     1.09944e-8       #dY:6.8%   
  0.06966531      1.648773e-7     1.11368e-8       #dY:6.8%   
  0.07164484      1.670081e-7     1.12831e-8       #dY:6.8%   
  0.07368063      1.691604e-7     1.14285e-8       #dY:6.8%   
  0.07577426      1.713344e-7     1.15918e-8       #dY:6.8%   
  0.07792738      1.735299e-7     1.17403e-8       #dY:6.8%   
  0.08014169      1.757468e-7     1.18721e-8       #dY:6.8%   
  0.08241891      1.779852e-7     1.20234e-8       #dY:6.8%   
  0.08476084      1.802448e-7     1.2176e-8        #dY:6.8%   
  0.08716931      1.825255e-7     1.23099e-8       #dY:6.7%   
  0.08964623      1.848272e-7     1.24652e-8       #dY:6.7%   
  0.09219352      1.871498e-7     1.25816e-8       #dY:6.7%   
  0.09481319      1.89493e-7      1.27391e-8       #dY:6.7%   
  0.09750731      1.918565e-7     1.28557e-8       #dY:6.7%   
  0.100278        1.942403e-7     1.30248e-8       #dY:6.7%   
  0.1031274       1.96644e-7      1.3186e-8        #dY:6.7%   
  0.1060577       1.990674e-7     1.33485e-8       #dY:6.7%   
  0.1090714       2.015101e-7     1.35123e-8       #dY:6.7%   
  0.1121706       2.039717e-7     1.36773e-8       #dY:6.7%   
  0.1153579       2.064519e-7     1.38436e-8       #dY:6.7%   
  0.1186358       2.089505e-7     1.40112e-8       #dY:6.7%   
  0.1220069       2.114669e-7     1.41799e-8       #dY:6.7%   
  0.1254737       2.140005e-7     1.43498e-8       #dY:6.7%   
  0.129039        2.165511e-7     1.45208e-8       #dY:6.7%   
  0.1327056       2.19118e-7      1.4693e-8        #dY:6.7%   
  0.1364765       2.217006e-7     1.48661e-8       #dY:6.7%   
  0.1403544       2.242985e-7     1.50403e-8       #dY:6.7%   
  0.1443426       2.269109e-7     1.52155e-8       #dY:6.7%   
  0.1484441       2.29537e-7      1.53916e-8       #dY:6.7%   
  0.1526621       2.321764e-7     1.4291e-8        #dY:6.2%   
  0.157           2.348281e-7     1.44542e-8       #dY:6.2%   
  0.1614612       2.374915e-7     1.46181e-8       #dY:6.2%   
  0.1660491       2.401654e-7     1.47827e-8       #dY:6.2%   
  0.1707673       2.428492e-7     1.49479e-8       #dY:6.2%   
  0.1756197       2.455418e-7     1.51137e-8       #dY:6.2%   
  0.1806099       2.482423e-7     1.52799e-8       #dY:6.2%   
  0.1857419       2.509495e-7     1.54465e-8       #dY:6.2%   
  0.1910198       2.536625e-7     1.56135e-8       #dY:6.2%   
  0.1964476       2.563798e-7     1.57808e-8       #dY:6.2%   
  0.2020297       2.591005e-7     1.61247e-8       #dY:6.2%   
  0.2077703       2.618231e-7     1.62942e-8       #dY:6.2%   
  0.2136741       2.645464e-7     1.64636e-8       #dY:6.2%   
  0.2197456       2.672689e-7     1.66331e-8       #dY:6.2%   
  0.2259897       2.699892e-7     1.68024e-8       #dY:6.2%   
  0.2324112       2.727056e-7     1.69714e-8       #dY:6.2%   
  0.2390152       2.754167e-7     1.71401e-8       #dY:6.2%   
  0.2458068       2.781207e-7     1.73084e-8       #dY:6.2%   
  0.2527913       2.808161e-7     1.73639e-8       #dY:6.2%   
  0.2599744       2.835008e-7     1.75299e-8       #dY:6.2%   
  0.2673616       2.861731e-7     1.76952e-8       #dY:6.2%   
  0.2749586       2.888311e-7     1.78595e-8       #dY:6.2%   
  0.2827716       2.914728e-7     1.80229e-8       #dY:6.2%   
  0.2908065       2.94096e-7      1.81851e-8       #dY:6.2%   
  0.2990698       2.966988e-7     1.8346e-8        #dY:6.2%   
  0.3075678       2.992789e-7     1.76517e-8       #dY:5.9%   
  0.3163073       3.018342e-7     1.78024e-8       #dY:5.9%   
  0.3252952       3.043624e-7     1.79515e-8       #dY:5.9%   
  0.3345384       3.06861e-7      1.80989e-8       #dY:5.9%   
  0.3440443       3.093277e-7     1.82444e-8       #dY:5.9%   
  0.3538203       3.117602e-7     1.79656e-8       #dY:5.8%   
  0.3638741       3.14156e-7      1.81037e-8       #dY:5.8%   
  0.3742136       3.165126e-7     1.82395e-8       #dY:5.8%   
  0.3848469       3.188276e-7     1.83729e-8       #dY:5.8%   
  0.3957823       3.210983e-7     1.85037e-8       #dY:5.8%   
  0.4070284       3.233223e-7     1.78718e-8       #dY:5.5%   
  0.4185941       3.254971e-7     1.7992e-8        #dY:5.5%   
  0.4304884       3.2762e-7       1.81094e-8       #dY:5.5%   
  0.4427207       3.296881e-7     1.82237e-8       #dY:5.5%   
  0.4553006       3.316976e-7     1.67676e-8       #dY:5.1%   
  0.468238        3.336445e-7     1.6866e-8        #dY:5.1%   
  0.4815429       3.355238e-7     1.6961e-8        #dY:5.1%   
  0.495226        3.373312e-7     1.70524e-8       #dY:5.1%   
  0.5092978       3.390618e-7     1.61794e-8       #dY:4.8%   
  0.5237694       3.407104e-7     1.62581e-8       #dY:4.8%   
  0.5386523       3.422723e-7     1.63326e-8       #dY:4.8%   
  0.5539581       3.437423e-7     1.4903e-8        #dY:4.3%   
  0.5696988       3.451152e-7     1.49625e-8       #dY:4.3%   
  0.5858868       3.463859e-7     1.50176e-8       #dY:4.3%   
  0.6025347       3.475492e-7     1.37365e-8       #dY:4.0%   
  0.6196557       3.485996e-7     1.3778e-8        #dY:4.0%   
  0.6372632       3.495322e-7     1.38148e-8       #dY:4.0%   
  0.655371        3.503414e-7     1.30068e-8       #dY:3.7%   
  0.6739934       3.510221e-7     1.30321e-8       #dY:3.7%   
  0.6931448       3.515688e-7     1.30524e-8       #dY:3.7%   
  0.7128405       3.519765e-7     1.13328e-8       #dY:3.2%   
  0.7330959       3.522398e-7     1.13413e-8       #dY:3.2%   
  0.7539267       3.523535e-7     1.08903e-8       #dY:3.1%   
  0.7753495       3.523127e-7     1.08891e-8       #dY:3.1%   
  0.7973811       3.521124e-7     1.08829e-8       #dY:3.1%   
  0.8200386       3.517475e-7     1.03512e-8       #dY:2.9%   
  0.84334         3.512135e-7     1.03355e-8       #dY:2.9%   
  0.8673034       3.505058e-7     9.8256e-9        #dY:2.8%   
  0.8919478       3.496199e-7     9.80076e-9       #dY:2.8%   
  0.9172925       3.485518e-7     9.08445e-9       #dY:2.6%   
  0.9433573       3.472977e-7     9.05176e-9       #dY:2.6%   
  0.9701628       3.458538e-7     8.80988e-9       #dY:2.5%   
  0.9977299       3.442169e-7     8.76819e-9       #dY:2.5%   
  1.02608         3.42384e-7      8.18142e-9       #dY:2.4%   
  1.055236        3.403527e-7     8.13288e-9       #dY:2.4%   
  1.085221        3.381206e-7     8.07954e-9       #dY:2.4%   
  1.116057        3.356855e-7     8.02135e-9       #dY:2.4%   
  1.14777         3.330454e-7     7.95827e-9       #dY:2.4%   
  1.180384        3.301985e-7     7.89024e-9       #dY:2.4%   
  1.213924        3.271432e-7     7.81723e-9       #dY:2.4%   
  1.248418        3.238782e-7     7.73921e-9       #dY:2.4%   
  1.283892        3.204028e-7     7.65617e-9       #dY:2.4%   
  1.320374        3.167164e-7     7.56808e-9       #dY:2.4%   
  1.357892        3.128196e-7     7.47496e-9       #dY:2.4%   
  1.396476        3.087131e-7     7.37684e-9       #dY:2.4%   
  1.436157        3.043987e-7     7.27374e-9       #dY:2.4%   
  1.476965        2.998787e-7     7.16573e-9       #dY:2.4%   
  1.518933        2.951561e-7     6.83915e-9       #dY:2.3%   
  1.562094        2.902344e-7     6.72511e-9       #dY:2.3%   
  1.606481        2.851185e-7     6.60657e-9       #dY:2.3%   
  1.652129        2.798132e-7     6.48364e-9       #dY:2.3%   
  1.699074        2.743246e-7     6.35646e-9       #dY:2.3%   
  1.747353        2.686593e-7     6.22519e-9       #dY:2.3%   
  1.797004        2.628249e-7     6.09e-9          #dY:2.3%   
  1.848066        2.568294e-7     5.95107e-9       #dY:2.3%   
  1.900578        2.506816e-7     5.80862e-9       #dY:2.3%   
  1.954583        2.443911e-7     5.66286e-9       #dY:2.3%   
  2.010123        2.379682e-7     2.54023e-9       #dY:1.1%   
  2.06724         2.314237e-7     2.47037e-9       #dY:1.1%   
  2.125981        2.247691e-7     2.39934e-9       #dY:1.1%   
  2.18639         2.180165e-7     2.32725e-9       #dY:1.1%   
  2.248517        2.111785e-7     2.25426e-9       #dY:1.1%   
  2.312408        2.042682e-7     2.1805e-9        #dY:1.1%   
  2.378115        1.972993e-7     2.1061e-9        #dY:1.1%   
  2.445689        1.902856e-7     2.03124e-9       #dY:1.1%   
  2.515183        1.832416e-7     2.27322e-9       #dY:1.2%   
  2.586652        1.761817e-7     2.18564e-9       #dY:1.2%   
  2.660152        1.691208e-7     2.09805e-9       #dY:1.2%   
  2.73574         1.620737e-7     2.01062e-9       #dY:1.2%   
  2.813476        1.550555e-7     1.92356e-9       #dY:1.2%   
  2.89342         1.480811e-7     1.83704e-9       #dY:1.2%   
  2.975637        1.411655e-7     1.75124e-9       #dY:1.2%   
  3.060189        1.343232e-7     3.55669e-9       #dY:2.6%   
  3.147145        1.275688e-7     3.37785e-9       #dY:2.6%   
  3.236571        1.209164e-7     3.2017e-9        #dY:2.6%   
  3.328538        1.143795e-7     3.02861e-9       #dY:2.6%   
  3.423118        1.079713e-7     2.85893e-9       #dY:2.6%   
  3.520386        1.017045e-7     3.68961e-9       #dY:3.6%   
  3.620417        9.55909e-8      3.46783e-9       #dY:3.6%   
  3.723291        8.964165e-8     3.252e-9         #dY:3.6%   
  3.829088        8.386711e-8     3.04251e-9       #dY:3.6%   
  3.937892        7.827672e-8     2.83971e-9       #dY:3.6%   
  4.049787        7.287901e-8     3.19245e-9       #dY:4.4%   
  4.164861        6.768151e-8     2.96478e-9       #dY:4.4%   
  4.283206        6.26907e-8      2.74616e-9       #dY:4.4%   
  4.404913        5.791198e-8     2.53683e-9       #dY:4.4%   
  4.530078        5.33497e-8      2.73222e-9       #dY:5.1%   
  4.6588          4.900701e-8     2.50981e-9       #dY:5.1%   
  4.79118         4.4886e-8       2.29876e-9       #dY:5.1%   
  4.927321        4.09876e-8      2.09911e-9       #dY:5.1%   
  5.06733         3.731161e-8     2.19992e-9       #dY:5.9%   
  5.211318        3.38568e-8      1.99622e-9       #dY:5.9%   
  5.359398        3.062082e-8     1.80543e-9       #dY:5.9%   
  5.511685        2.760034e-8     1.87207e-9       #dY:6.8%   
  5.668299        2.479102e-8     1.68152e-9       #dY:6.8%   
  5.829363        2.218769e-8     1.50494e-9       #dY:6.8%   
  5.995004        1.978429e-8     1.34192e-9       #dY:6.8%   
  6.165352        1.757405e-8     1.3552e-9        #dY:7.7%   
  6.34054         1.554951e-8     1.19908e-9       #dY:7.7%   
  6.520707        1.370261e-8     1.19222e-9       #dY:8.7%   
  6.705992        1.202482e-8     1.04624e-9       #dY:8.7%   
  6.896543        1.050726e-8     9.14202e-10      #dY:8.7%   
  7.092508        9.140689e-9     8.87636e-10      #dY:9.7%   
  7.294041        7.915696e-9     7.68679e-10      #dY:9.7%   
  7.501301        6.822764e-9     7.34321e-10      #dY:10.8%  
  7.71445         5.852361e-9     6.29879e-10      #dY:10.8%  
  7.933656        4.995028e-9     5.37606e-10      #dY:10.8%  
  8.15909         4.241457e-9     4.98902e-10      #dY:11.8%  
  8.39093         3.582575e-9     4.21401e-10      #dY:11.8%  
  8.629358        3.009599e-9     3.79288e-10      #dY:12.6%  
  8.874561        2.514106e-9     3.16843e-10      #dY:12.6%  
  9.126731        2.088072e-9     2.82753e-10      #dY:13.5%  
  9.386067        1.723927e-9     2.33443e-10      #dY:13.5%  
  9.652772        1.414568e-9     2.03124e-10      #dY:14.4%  
  9.927055        1.1534e-9       1.65622e-10      #dY:14.4%  
  10.20913        9.34337e-10     1.42868e-10      #dY:15.3%  
  10.49922        7.51809e-10     1.14958e-10      #dY:15.3%  
  10.79756        6.00764e-10     9.18617e-11      #dY:15.3%  
  11.10437        4.7665e-10      9.10323e-11      #dY:19.1%  
  11.4199         3.75406e-10     7.16963e-11      #dY:19.1%  
  11.7444         2.93434e-10     5.6041e-11       #dY:19.1%  
  12.07811        2.27576e-10     4.85788e-11      #dY:21.3%  
  12.42131        1.75084e-10     3.73737e-11      #dY:21.3%  
  12.77426        1.33587e-10     2.85157e-11      #dY:21.3%  
  13.13724        1.01058e-10     2.36995e-11      #dY:23.5%  
  13.51054        7.57785e-11     1.77711e-11      #dY:23.5%  
  13.89444        5.63093e-11     1.32053e-11      #dY:23.5%  
  14.28925        4.14524e-11     1.06335e-11      #dY:25.7%  
  14.69528        3.02225e-11     7.7528e-12       #dY:25.7%  
  15.11284        2.1817e-11      6.11185e-12      #dY:28.0%  
  15.54227        1.55888e-11     4.36707e-12      #dY:28.0%  
  15.98391        1.10216e-11     3.08761e-12      #dY:28.0%  
  16.43809        7.70818e-12     2.35041e-12      #dY:30.5%  
  16.90518        5.33079e-12     1.62548e-12      #dY:30.5%  
  17.38554        3.6443e-12      1.21601e-12      #dY:33.4%  
  17.87954        2.46188e-12     8.21465e-13      #dY:33.4%  
  18.38759        1.64283e-12     6.02232e-13      #dY:36.7%  
  18.91007        1.0825e-12      3.96825e-13      #dY:36.7%  
  19.4474         7.04051e-13     2.58092e-13      #dY:36.7%  
  20              0.00            0.00                        
//
#-------------------------------------------------------------------------------
#
#name:   JENDL-5: U-235(N,F) E_in=1.5 MeV
#X.axis: Energy
#Y.axis: 
#wdata:  3
#ldata:  602
#data...
# X               Y               +-dY           
# MeV             1/eV            1/eV           
  0.00            0.00            0.00                        
  1.00e-6         6.43759e-10     4.59877e-12      #dY:0.7%   
  1.028415e-6     6.52841e-10     4.32424e-12      #dY:0.7%   
  1.057637e-6     6.62051e-10     4.38524e-12      #dY:0.7%   
  1.08769e-6      6.71391e-10     4.44711e-12      #dY:0.7%   
  1.118597e-6     6.80863e-10     4.50985e-12      #dY:0.7%   
  1.150382e-6     6.90469e-10     4.57348e-12      #dY:0.7%   
  1.18307e-6      7.0021e-10      4.638e-12        #dY:0.7%   
  1.216686e-6     7.10088e-10     4.70343e-12      #dY:0.7%   
  1.251259e-6     7.20106e-10     4.76978e-12      #dY:0.7%   
  1.286813e-6     7.30265e-10     4.83707e-12      #dY:0.7%   
  1.323378e-6     7.40568e-10     4.90532e-12      #dY:0.7%   
  1.360981e-6     7.51016e-10     4.97452e-12      #dY:0.7%   
  1.399654e-6     7.61611e-10     5.0447e-12       #dY:0.7%   
  1.439425e-6     7.72356e-10     5.11587e-12      #dY:0.7%   
  1.480326e-6     7.83252e-10     5.18805e-12      #dY:0.7%   
  1.522389e-6     7.94302e-10     4.8432e-11       #dY:6.1%   
  1.565648e-6     8.05508e-10     4.91153e-11      #dY:6.1%   
  1.610136e-6     8.16872e-10     4.98082e-11      #dY:6.1%   
  1.655888e-6     8.28396e-10     5.05109e-11      #dY:6.1%   
  1.70294e-6      8.40083e-10     5.12235e-11      #dY:6.1%   
  1.751329e-6     8.51935e-10     5.19461e-11      #dY:6.1%   
  1.801093e-6     8.63954e-10     5.2679e-11       #dY:6.1%   
  1.852271e-6     8.76142e-10     5.34221e-11      #dY:6.1%   
  1.904903e-6     8.88503e-10     5.41758e-11      #dY:6.1%   
  1.959031e-6     9.01038e-10     5.49402e-11      #dY:6.1%   
  2.014696e-6     9.1375e-10      5.75944e-11      #dY:6.3%   
  2.071944e-6     9.26641e-10     5.84069e-11      #dY:6.3%   
  2.130818e-6     9.39714e-10     5.92309e-11      #dY:6.3%   
  2.191365e-6     9.52971e-10     6.00665e-11      #dY:6.3%   
  2.253633e-6     9.66415e-10     6.09139e-11      #dY:6.3%   
  2.317669e-6     9.8005e-10      6.17733e-11      #dY:6.3%   
  2.383526e-6     9.93876e-10     6.26448e-11      #dY:6.3%   
  2.451254e-6     1.007897e-9     6.35285e-11      #dY:6.3%   
  2.520906e-6     1.022117e-9     6.55676e-11      #dY:6.4%   
  2.592537e-6     1.036536e-9     6.64926e-11      #dY:6.4%   
  2.666204e-6     1.05116e-9      6.74307e-11      #dY:6.4%   
  2.741964e-6     1.065989e-9     6.8382e-11       #dY:6.4%   
  2.819877e-6     1.081028e-9     6.93467e-11      #dY:6.4%   
  2.900004e-6     1.096279e-9     7.03251e-11      #dY:6.4%   
  2.982407e-6     1.111745e-9     7.13172e-11      #dY:6.4%   
  3.067152e-6     1.12743e-9      7.31167e-11      #dY:6.5%   
  3.154305e-6     1.143335e-9     7.41482e-11      #dY:6.5%   
  3.243935e-6     1.159466e-9     7.51943e-11      #dY:6.5%   
  3.336111e-6     1.175823e-9     7.62551e-11      #dY:6.5%   
  3.430906e-6     1.192412e-9     7.7331e-11       #dY:6.5%   
  3.528395e-6     1.209234e-9     7.90067e-11      #dY:6.5%   
  3.628655e-6     1.226294e-9     8.01213e-11      #dY:6.5%   
  3.731763e-6     1.243594e-9     8.12516e-11      #dY:6.5%   
  3.837801e-6     1.261139e-9     8.2398e-11       #dY:6.5%   
  3.946851e-6     1.278931e-9     8.35604e-11      #dY:6.5%   
  4.059001e-6     1.296973e-9     8.51968e-11      #dY:6.6%   
  4.174337e-6     1.315271e-9     8.63988e-11      #dY:6.6%   
  4.292951e-6     1.333827e-9     8.76177e-11      #dY:6.6%   
  4.414935e-6     1.352644e-9     8.88538e-11      #dY:6.6%   
  4.540385e-6     1.371728e-9     9.04769e-11      #dY:6.6%   
  4.6694e-6       1.391079e-9     9.17532e-11      #dY:6.6%   
  4.802081e-6     1.410705e-9     9.30477e-11      #dY:6.6%   
  4.938532e-6     1.430607e-9     9.43604e-11      #dY:6.6%   
  5.07886e-6      1.450789e-9     9.59986e-11      #dY:6.6%   
  5.223175e-6     1.471258e-9     9.73531e-11      #dY:6.6%   
  5.371592e-6     1.492014e-9     9.87265e-11      #dY:6.6%   
  5.524225e-6     1.513062e-9     1.00378e-10      #dY:6.6%   
  5.681196e-6     1.534408e-9     1.01794e-10      #dY:6.6%   
  5.842627e-6     1.556056e-9     1.0323e-10       #dY:6.6%   
  6.008645e-6     1.578009e-9     1.04911e-10      #dY:6.6%   
  6.17938e-6      1.600271e-9     1.06391e-10      #dY:6.6%   
  6.354967e-6     1.622848e-9     1.07892e-10      #dY:6.6%   
  6.535543e-6     1.645742e-9     1.09609e-10      #dY:6.7%   
  6.72125e-6      1.66896e-9      1.11156e-10      #dY:6.7%   
  6.912234e-6     1.692506e-9     1.12724e-10      #dY:6.7%   
  7.108645e-6     1.716384e-9     1.14487e-10      #dY:6.7%   
  7.310637e-6     1.740598e-9     1.16102e-10      #dY:6.7%   
  7.518368e-6     1.765154e-9     1.17894e-10      #dY:6.7%   
  7.732002e-6     1.790057e-9     1.19557e-10      #dY:6.7%   
  7.951707e-6     1.815311e-9     1.21244e-10      #dY:6.7%   
  8.177654e-6     1.840921e-9     1.23093e-10      #dY:6.7%   
  8.410022e-6     1.866892e-9     1.24829e-10      #dY:6.7%   
  8.648992e-6     1.893231e-9     1.26716e-10      #dY:6.7%   
  8.894753e-6     1.91994e-9      1.28504e-10      #dY:6.7%   
  9.147497e-6     1.947026e-9     1.30431e-10      #dY:6.7%   
  9.407423e-6     1.974494e-9     1.32271e-10      #dY:6.7%   
  9.674734e-6     2.002351e-9     1.34242e-10      #dY:6.7%   
  9.949641e-6     2.0306e-9       1.36136e-10      #dY:6.7%   
  1.023236e-5     2.059247e-9     1.38153e-10      #dY:6.7%   
  1.052311e-5     2.088298e-9     1.40102e-10      #dY:6.7%   
  1.082213e-5     2.117761e-9     1.42079e-10      #dY:6.7%   
  1.112964e-5     2.147638e-9     1.44083e-10      #dY:6.7%   
  1.144588e-5     2.177936e-9     1.46116e-10      #dY:6.7%   
  1.177112e-5     2.208662e-9     1.48177e-10      #dY:6.7%   
  1.210559e-5     2.239822e-9     1.50268e-10      #dY:6.7%   
  1.244957e-5     2.271421e-9     1.52388e-10      #dY:6.7%   
  1.280333e-5     2.303465e-9     1.54537e-10      #dY:6.7%   
  1.316713e-5     2.335963e-9     1.56718e-10      #dY:6.7%   
  1.354128e-5     2.368919e-9     1.58929e-10      #dY:6.7%   
  1.392605e-5     2.402339e-9     1.61171e-10      #dY:6.7%   
  1.432176e-5     2.436231e-9     1.63445e-10      #dY:6.7%   
  1.472871e-5     2.470601e-9     1.6575e-10       #dY:6.7%   
  1.514723e-5     2.505456e-9     1.52781e-10      #dY:6.1%   
  1.557764e-5     2.540803e-9     1.54936e-10      #dY:6.1%   
  1.602027e-5     2.576648e-9     1.57122e-10      #dY:6.1%   
  1.647549e-5     2.612999e-9     1.59339e-10      #dY:6.1%   
  1.694364e-5     2.649863e-9     1.61586e-10      #dY:6.1%   
  1.742509e-5     2.687248e-9     1.63866e-10      #dY:6.1%   
  1.792023e-5     2.725159e-9     1.66178e-10      #dY:6.1%   
  1.842943e-5     2.763605e-9     1.68522e-10      #dY:6.1%   
  1.89531e-5      2.802594e-9     1.709e-10        #dY:6.1%   
  1.949165e-5     2.842132e-9     1.73311e-10      #dY:6.1%   
  2.004551e-5     2.882229e-9     1.81685e-10      #dY:6.3%   
  2.06151e-5      2.922892e-9     1.84248e-10      #dY:6.3%   
  2.120087e-5     2.964128e-9     1.86848e-10      #dY:6.3%   
  2.18033e-5      3.005945e-9     1.89484e-10      #dY:6.3%   
  2.242284e-5     3.048353e-9     1.92157e-10      #dY:6.3%   
  2.305998e-5     3.091359e-9     1.94868e-10      #dY:6.3%   
  2.371523e-5     3.134971e-9     1.97617e-10      #dY:6.3%   
  2.43891e-5      3.1792e-9       2.00405e-10      #dY:6.3%   
  2.508211e-5     3.224051e-9     2.0684e-10       #dY:6.4%   
  2.579482e-5     3.269536e-9     2.09758e-10      #dY:6.4%   
  2.652778e-5     3.315662e-9     2.12717e-10      #dY:6.4%   
  2.728156e-5     3.36244e-9      2.15718e-10      #dY:6.4%   
  2.805677e-5     3.409877e-9     2.18761e-10      #dY:6.4%   
  2.8854e-5       3.457983e-9     2.21848e-10      #dY:6.4%   
  2.967388e-5     3.506768e-9     2.24977e-10      #dY:6.4%   
  3.051707e-5     3.556242e-9     2.30655e-10      #dY:6.5%   
  3.138421e-5     3.606412e-9     2.33909e-10      #dY:6.5%   
  3.227599e-5     3.657291e-9     2.37209e-10      #dY:6.5%   
  3.319311e-5     3.708889e-9     2.40555e-10      #dY:6.5%   
  3.413629e-5     3.761213e-9     2.43949e-10      #dY:6.5%   
  3.510627e-5     3.814276e-9     2.49239e-10      #dY:6.5%   
  3.610381e-5     3.868088e-9     2.52755e-10      #dY:6.5%   
  3.71297e-5      3.922659e-9     2.56321e-10      #dY:6.5%   
  3.818474e-5     3.977999e-9     2.59937e-10      #dY:6.5%   
  3.926976e-5     4.03412e-9      2.63604e-10      #dY:6.5%   
  4.038561e-5     4.091034e-9     2.68769e-10      #dY:6.6%   
  4.153316e-5     4.148749e-9     2.72561e-10      #dY:6.6%   
  4.271332e-5     4.20728e-9      2.76406e-10      #dY:6.6%   
  4.392702e-5     4.266636e-9     2.80306e-10      #dY:6.6%   
  4.517521e-5     4.32683e-9      2.85426e-10      #dY:6.6%   
  4.645886e-5     4.387872e-9     2.89452e-10      #dY:6.6%   
  4.777898e-5     4.449776e-9     2.93536e-10      #dY:6.6%   
  4.913662e-5     4.512554e-9     2.97677e-10      #dY:6.6%   
  5.053284e-5     4.576217e-9     3.02847e-10      #dY:6.6%   
  5.196872e-5     4.640777e-9     3.07119e-10      #dY:6.6%   
  5.344541e-5     4.70625e-9      3.11452e-10      #dY:6.6%   
  5.496406e-5     4.772645e-9     3.15846e-10      #dY:6.6%   
  5.652586e-5     4.839978e-9     3.21132e-10      #dY:6.6%   
  5.813204e-5     4.90826e-9      3.25662e-10      #dY:6.6%   
  5.978386e-5     4.977505e-9     3.30257e-10      #dY:6.6%   
  6.148262e-5     5.047728e-9     3.35626e-10      #dY:6.6%   
  6.322964e-5     5.11894e-9      3.40361e-10      #dY:6.6%   
  6.502631e-5     5.191159e-9     3.4578e-10       #dY:6.7%   
  6.687403e-5     5.264395e-9     3.50658e-10      #dY:6.7%   
  6.877425e-5     5.338665e-9     3.55605e-10      #dY:6.7%   
  7.072847e-5     5.413983e-9     3.61167e-10      #dY:6.7%   
  7.273822e-5     5.490363e-9     3.66262e-10      #dY:6.7%   
  7.480507e-5     5.56782e-9      3.7143e-10       #dY:6.7%   
  7.693065e-5     5.646371e-9     3.77159e-10      #dY:6.7%   
  7.911663e-5     5.726029e-9     3.8248e-10       #dY:6.7%   
  8.136473e-5     5.806812e-9     3.88318e-10      #dY:6.7%   
  8.36767e-5      5.888734e-9     3.93796e-10      #dY:6.7%   
  8.605437e-5     5.971811e-9     3.99741e-10      #dY:6.7%   
  8.84996e-5      6.056061e-9     4.05381e-10      #dY:6.7%   
  9.101432e-5     6.1415e-9       4.11461e-10      #dY:6.7%   
  9.360048e-5     6.228144e-9     4.17266e-10      #dY:6.7%   
  9.626014e-5     6.31601e-9      4.23484e-10      #dY:6.7%   
  9.899537e-5     6.405115e-9     4.29458e-10      #dY:6.7%   
  1.018083e-4     6.495478e-9     4.35831e-10      #dY:6.7%   
  1.047012e-4     6.587115e-9     4.4198e-10       #dY:6.7%   
  1.076763e-4     6.680045e-9     4.48215e-10      #dY:6.7%   
  1.107359e-4     6.774287e-9     4.54539e-10      #dY:6.7%   
  1.138824e-4     6.869858e-9     4.60951e-10      #dY:6.7%   
  1.171184e-4     6.966776e-9     4.67454e-10      #dY:6.7%   
  1.204463e-4     7.065062e-9     4.74049e-10      #dY:6.7%   
  1.238688e-4     7.164735e-9     4.80737e-10      #dY:6.7%   
  1.273885e-4     7.265814e-9     4.87519e-10      #dY:6.7%   
  1.310083e-4     7.368319e-9     4.94397e-10      #dY:6.7%   
  1.347309e-4     7.472269e-9     5.01372e-10      #dY:6.7%   
  1.385592e-4     7.577687e-9     5.08445e-10      #dY:6.7%   
  1.424964e-4     7.684591e-9     5.15618e-10      #dY:6.7%   
  1.465454e-4     7.793003e-9     5.22892e-10      #dY:6.7%   
  1.507095e-4     7.902944e-9     4.81977e-10      #dY:6.1%   
  1.549919e-4     8.014437e-9     4.88776e-10      #dY:6.1%   
  1.59396e-4      8.127502e-9     4.95672e-10      #dY:6.1%   
  1.639252e-4     8.242162e-9     5.02665e-10      #dY:6.1%   
  1.685831e-4     8.358439e-9     5.09756e-10      #dY:6.1%   
  1.733734e-4     8.476357e-9     5.16947e-10      #dY:6.1%   
  1.782998e-4     8.595938e-9     5.2424e-10       #dY:6.1%   
  1.833662e-4     8.717206e-9     5.31636e-10      #dY:6.1%   
  1.885765e-4     8.840184e-9     5.39136e-10      #dY:6.1%   
  1.939349e-4     8.964898e-9     5.46742e-10      #dY:6.1%   
  1.994456e-4     9.09137e-9      5.54455e-10      #dY:6.1%   
  2.051128e-4     9.219626e-9     5.81255e-10      #dY:6.3%   
  2.109411e-4     9.349691e-9     5.89455e-10      #dY:6.3%   
  2.16935e-4      9.481591e-9     5.97771e-10      #dY:6.3%   
  2.230992e-4     9.615352e-9     6.06204e-10      #dY:6.3%   
  2.294385e-4     9.750999e-9     6.14756e-10      #dY:6.3%   
  2.35958e-4      9.888559e-9     6.23428e-10      #dY:6.3%   
  2.426628e-4     1.002806e-8     6.32223e-10      #dY:6.3%   
  2.49558e-4      1.016953e-8     6.41142e-10      #dY:6.3%   
  2.566492e-4     1.031299e-8     6.61732e-10      #dY:6.4%   
  2.639419e-4     1.045848e-8     6.71067e-10      #dY:6.4%   
  2.714418e-4     1.060602e-8     6.80534e-10      #dY:6.4%   
  2.791548e-4     1.075563e-8     6.90134e-10      #dY:6.4%   
  2.870869e-4     1.090736e-8     6.99869e-10      #dY:6.4%   
  2.952445e-4     1.106123e-8     7.09742e-10      #dY:6.4%   
  3.036339e-4     1.121727e-8     7.27659e-10      #dY:6.5%   
  3.122616e-4     1.137551e-8     7.37924e-10      #dY:6.5%   
  3.211345e-4     1.153599e-8     7.48334e-10      #dY:6.5%   
  3.302595e-4     1.169872e-8     7.58891e-10      #dY:6.5%   
  3.396438e-4     1.186375e-8     7.69596e-10      #dY:6.5%   
  3.492948e-4     1.203111e-8     7.80453e-10      #dY:6.5%   
  3.5922e-4       1.220082e-8     7.96299e-10      #dY:6.5%   
  3.694272e-4     1.237293e-8     8.07532e-10      #dY:6.5%   
  3.799245e-4     1.254747e-8     8.18924e-10      #dY:6.5%   
  3.9072e-4       1.272447e-8     8.30476e-10      #dY:6.5%   
  4.018223e-4     1.290396e-8     8.46745e-10      #dY:6.6%   
  4.132401e-4     1.308598e-8     8.58689e-10      #dY:6.6%   
  4.249823e-4     1.327057e-8     8.70801e-10      #dY:6.6%   
  4.370581e-4     1.345777e-8     8.83085e-10      #dY:6.6%   
  4.494771e-4     1.36476e-8      8.95541e-10      #dY:6.6%   
  4.62249e-4      1.384011e-8     9.11904e-10      #dY:6.6%   
  4.753837e-4     1.403532e-8     9.24766e-10      #dY:6.6%   
  4.888918e-4     1.42333e-8      9.37811e-10      #dY:6.6%   
  5.027836e-4     1.443406e-8     9.54095e-10      #dY:6.6%   
  5.170702e-4     1.463767e-8     9.67553e-10      #dY:6.6%   
  5.317627e-4     1.484413e-8     9.81201e-10      #dY:6.6%   
  5.468727e-4     1.50535e-8      9.9504e-10       #dY:6.6%   
  5.624121e-4     1.526582e-8     1.01168e-9       #dY:6.6%   
  5.78393e-4      1.548115e-8     1.02595e-9       #dY:6.6%   
  5.94828e-4      1.56995e-8      1.04042e-9       #dY:6.6%   
  6.1173e-4       1.592093e-8     1.05735e-9       #dY:6.6%   
  6.291123e-4     1.614548e-8     1.07227e-9       #dY:6.6%   
  6.469885e-4     1.637319e-8     1.08739e-9       #dY:6.6%   
  6.653726e-4     1.660412e-8     1.10471e-9       #dY:6.7%   
  6.842792e-4     1.68383e-8      1.12029e-9       #dY:6.7%   
  7.037229e-4     1.707578e-8     1.13934e-9       #dY:6.7%   
  7.237192e-4     1.73166e-8      1.15541e-9       #dY:6.7%   
  7.442836e-4     1.756082e-8     1.1717e-9        #dY:6.7%   
  7.654324e-4     1.780847e-8     1.18978e-9       #dY:6.7%   
  7.871821e-4     1.805961e-8     1.20656e-9       #dY:6.7%   
  8.095499e-4     1.83143e-8      1.22497e-9       #dY:6.7%   
  8.325532e-4     1.857256e-8     1.24224e-9       #dY:6.7%   
  8.562102e-4     1.883447e-8     1.26102e-9       #dY:6.7%   
  8.805393e-4     1.910007e-8     1.2788e-9        #dY:6.7%   
  9.055598e-4     1.936941e-8     1.29973e-9       #dY:6.7%   
  9.312913e-4     1.964254e-8     1.31805e-9       #dY:6.7%   
  9.577539e-4     1.991951e-8     1.33769e-9       #dY:6.7%   
  9.849684e-4     2.020038e-8     1.35655e-9       #dY:6.7%   
  1.012956e-3     2.048521e-8     1.37666e-9       #dY:6.7%   
  1.041739e-3     2.077405e-8     1.39607e-9       #dY:6.7%   
  1.07134e-3      2.106695e-8     1.41575e-9       #dY:6.7%   
  1.101782e-3     2.136398e-8     1.43571e-9       #dY:6.7%   
  1.133089e-3     2.166518e-8     1.45595e-9       #dY:6.7%   
  1.165286e-3     2.197062e-8     1.47648e-9       #dY:6.7%   
  1.198398e-3     2.228037e-8     1.4973e-9        #dY:6.7%   
  1.23245e-3      2.259447e-8     1.5184e-9        #dY:6.7%   
  1.26747e-3      2.291299e-8     1.53981e-9       #dY:6.7%   
  1.303485e-3     2.323599e-8     1.56152e-9       #dY:6.7%   
  1.340524e-3     2.356353e-8     1.58353e-9       #dY:6.7%   
  1.378615e-3     2.389567e-8     1.60585e-9       #dY:6.7%   
  1.417788e-3     2.42325e-8      1.62848e-9       #dY:6.7%   
  1.458074e-3     2.457404e-8     1.65144e-9       #dY:6.7%   
  1.499505e-3     2.49204e-8      1.67471e-9       #dY:6.7%   
  1.542114e-3     2.527162e-8     1.54364e-9       #dY:6.1%   
  1.585933e-3     2.562779e-8     1.5654e-9        #dY:6.1%   
  1.630997e-3     2.598895e-8     1.58746e-9       #dY:6.1%   
  1.677342e-3     2.635519e-8     1.60983e-9       #dY:6.1%   
  1.725003e-3     2.672658e-8     1.63251e-9       #dY:6.1%   
  1.774019e-3     2.710319e-8     1.65552e-9       #dY:6.1%   
  1.824428e-3     2.748508e-8     1.67884e-9       #dY:6.1%   
  1.876269e-3     2.787233e-8     1.7025e-9        #dY:6.1%   
  1.929583e-3     2.826501e-8     1.72648e-9       #dY:6.1%   
  1.984412e-3     2.866322e-8     1.75081e-9       #dY:6.1%   
  2.040799e-3     2.906701e-8     1.8404e-9        #dY:6.3%   
  2.098788e-3     2.947647e-8     1.86633e-9       #dY:6.3%   
  2.158425e-3     2.989167e-8     1.89262e-9       #dY:6.3%   
  2.219757e-3     3.03127e-8      1.91928e-9       #dY:6.3%   
  2.282831e-3     3.073963e-8     1.94631e-9       #dY:6.3%   
  2.347698e-3     3.117255e-8     1.97372e-9       #dY:6.3%   
  2.414407e-3     3.161153e-8     2.00151e-9       #dY:6.3%   
  2.483013e-3     3.205667e-8     2.0297e-9        #dY:6.3%   
  2.553567e-3     3.250804e-8     2.10349e-9       #dY:6.5%   
  2.626127e-3     3.296574e-8     2.13311e-9       #dY:6.5%   
  2.700748e-3     3.342985e-8     2.16314e-9       #dY:6.5%   
  2.77749e-3      3.390046e-8     2.19359e-9       #dY:6.5%   
  2.856412e-3     3.437766e-8     2.22447e-9       #dY:6.5%   
  2.937577e-3     3.486153e-8     2.25578e-9       #dY:6.5%   
  3.021048e-3     3.535217e-8     2.31883e-9       #dY:6.6%   
  3.106891e-3     3.584968e-8     2.35146e-9       #dY:6.6%   
  3.195173e-3     3.635413e-8     2.38455e-9       #dY:6.6%   
  3.285964e-3     3.686565e-8     2.4181e-9        #dY:6.6%   
  3.379334e-3     3.738431e-8     2.45212e-9       #dY:6.6%   
  3.475358e-3     3.791022e-8     2.48662e-9       #dY:6.6%   
  3.57411e-3      3.844347e-8     2.54403e-9       #dY:6.6%   
  3.675668e-3     3.898416e-8     2.57981e-9       #dY:6.6%   
  3.780112e-3     3.95324e-8      2.61609e-9       #dY:6.6%   
  3.887524e-3     4.008829e-8     2.65288e-9       #dY:6.6%   
  3.997988e-3     4.065193e-8     2.69017e-9       #dY:6.6%   
  4.11159e-3      4.122343e-8     2.74299e-9       #dY:6.7%   
  4.228421e-3     4.180288e-8     2.78155e-9       #dY:6.7%   
  4.348571e-3     4.239042e-8     2.82064e-9       #dY:6.7%   
  4.472136e-3     4.298613e-8     2.86028e-9       #dY:6.7%   
  4.599211e-3     4.359013e-8     2.91638e-9       #dY:6.7%   
  4.729898e-3     4.420253e-8     2.95735e-9       #dY:6.7%   
  4.864298e-3     4.482345e-8     2.9989e-9        #dY:6.7%   
  5.002517e-3     4.5453e-8       3.05106e-9       #dY:6.7%   
  5.144663e-3     4.609129e-8     3.09391e-9       #dY:6.7%   
  5.290848e-3     4.673844e-8     3.13735e-9       #dY:6.7%   
  5.441187e-3     4.739458e-8     3.18139e-9       #dY:6.7%   
  5.595798e-3     4.80598e-8      3.23468e-9       #dY:6.7%   
  5.754803e-3     4.873425e-8     3.28007e-9       #dY:6.7%   
  5.918325e-3     4.941805e-8     3.3261e-9        #dY:6.7%   
  6.086494e-3     5.011131e-8     3.38026e-9       #dY:6.7%   
  6.259442e-3     5.081417e-8     3.42767e-9       #dY:6.7%   
  6.437303e-3     5.152674e-8     3.47574e-9       #dY:6.7%   
  6.620219e-3     5.224916e-8     3.53594e-9       #dY:6.8%   
  6.808332e-3     5.298155e-8     3.58551e-9       #dY:6.8%   
  7.001791e-3     5.372405e-8     3.64153e-9       #dY:6.8%   
  7.200746e-3     5.44768e-8      3.69256e-9       #dY:6.8%   
  7.405355e-3     5.523991e-8     3.74428e-9       #dY:6.8%   
  7.615778e-3     5.601354e-8     3.80715e-9       #dY:6.8%   
  7.83218e-3      5.679779e-8     3.86045e-9       #dY:6.8%   
  8.054731e-3     5.759284e-8     3.91949e-9       #dY:6.8%   
  8.283606e-3     5.839882e-8     3.97434e-9       #dY:6.8%   
  8.518984e-3     5.921584e-8     4.03975e-9       #dY:6.8%   
  8.761051e-3     6.004407e-8     4.09626e-9       #dY:6.8%   
  9.009996e-3     6.088365e-8     4.15765e-9       #dY:6.8%   
  9.266014e-3     6.173472e-8     4.21577e-9       #dY:6.8%   
  9.529308e-3     6.259743e-8     4.27871e-9       #dY:6.8%   
  9.800082e-3     6.347193e-8     4.33849e-9       #dY:6.8%   
  0.01007855      6.435835e-8     4.4085e-9        #dY:6.8%   
  0.01036493      6.525686e-8     4.47005e-9       #dY:6.8%   
  0.01065945      6.616762e-8     4.53244e-9       #dY:6.8%   
  0.01096234      6.709075e-8     4.59567e-9       #dY:6.8%   
  0.01127383      6.802642e-8     4.65976e-9       #dY:6.8%   
  0.01159418      6.89748e-8      4.72473e-9       #dY:6.8%   
  0.01192363      6.993604e-8     4.79057e-9       #dY:6.8%   
  0.01226244      7.091027e-8     4.85731e-9       #dY:6.8%   
  0.01261087      7.189768e-8     4.92494e-9       #dY:6.8%   
  0.01296921      7.289842e-8     4.99349e-9       #dY:6.8%   
  0.01333773      7.391266e-8     5.06297e-9       #dY:6.8%   
  0.01371672      7.494054e-8     5.13338e-9       #dY:6.8%   
  0.01410648      7.598225e-8     5.20473e-9       #dY:6.8%   
  0.01450732      7.703794e-8     5.27705e-9       #dY:6.8%   
  0.01491954      7.810777e-8     5.35033e-9       #dY:6.8%   
  0.01534348      7.919192e-8     4.93705e-9       #dY:6.2%   
  0.01577946      8.029055e-8     5.00554e-9       #dY:6.2%   
  0.01622784      8.140383e-8     5.07495e-9       #dY:6.2%   
  0.01668895      8.253193e-8     5.14528e-9       #dY:6.2%   
  0.01716317      8.367501e-8     5.21654e-9       #dY:6.2%   
  0.01765086      8.483326e-8     5.28875e-9       #dY:6.2%   
  0.0181524       8.600683e-8     5.36191e-9       #dY:6.2%   
  0.0186682       8.71959e-8      5.43604e-9       #dY:6.2%   
  0.01919866      8.840064e-8     5.51115e-9       #dY:6.2%   
  0.01974419      8.962124e-8     5.58724e-9       #dY:6.2%   
  0.02030522      9.085785e-8     5.85598e-9       #dY:6.4%   
  0.02088219      9.211065e-8     5.93673e-9       #dY:6.4%   
  0.02147556      9.337982e-8     6.01853e-9       #dY:6.4%   
  0.02208579      9.466553e-8     6.10139e-9       #dY:6.4%   
  0.02271335      9.596794e-8     6.18534e-9       #dY:6.4%   
  0.02335875      9.728725e-8     6.27037e-9       #dY:6.4%   
  0.02402249      9.86236e-8      6.3565e-9        #dY:6.4%   
  0.02470509      9.99772e-8      6.44374e-9       #dY:6.4%   
  0.02540708      1.013482e-7     6.64858e-9       #dY:6.6%   
  0.02612902      1.027367e-7     6.73967e-9       #dY:6.6%   
  0.02687148      1.041431e-7     6.83193e-9       #dY:6.6%   
  0.02763503      1.055673e-7     6.92536e-9       #dY:6.6%   
  0.02842028      1.070096e-7     7.01998e-9       #dY:6.6%   
  0.02922784      1.084702e-7     7.11579e-9       #dY:6.6%   
  0.03005834      1.099492e-7     7.28265e-9       #dY:6.6%   
  0.03091245      1.114467e-7     7.38184e-9       #dY:6.6%   
  0.03179083      1.12963e-7      7.48228e-9       #dY:6.6%   
  0.03269416      1.144983e-7     7.58397e-9       #dY:6.6%   
  0.03362317      1.160526e-7     7.68692e-9       #dY:6.6%   
  0.03457857      1.176261e-7     7.79115e-9       #dY:6.6%   
  0.03556111      1.19219e-7      7.98765e-9       #dY:6.7%   
  0.03657158      1.208314e-7     8.09568e-9       #dY:6.7%   
  0.03761076      1.224635e-7     8.20503e-9       #dY:6.7%   
  0.03867947      1.241155e-7     8.31571e-9       #dY:6.7%   
  0.03977855      1.257873e-7     8.42772e-9       #dY:6.7%   
  0.04090885      1.274794e-7     8.63333e-9       #dY:6.8%   
  0.04207127      1.291916e-7     8.74928e-9       #dY:6.8%   
  0.04326673      1.309243e-7     8.86663e-9       #dY:6.8%   
  0.04449615      1.326773e-7     8.98535e-9       #dY:6.8%   
  0.04576051      1.344511e-7     9.14427e-9       #dY:6.8%   
  0.04706079      1.362456e-7     9.26632e-9       #dY:6.8%   
  0.04839802      1.380609e-7     9.38978e-9       #dY:6.8%   
  0.04977325      1.398972e-7     9.51467e-9       #dY:6.8%   
  0.05118755      1.417545e-7     9.69965e-9       #dY:6.8%   
  0.05264204      1.436329e-7     9.82818e-9       #dY:6.8%   
  0.05413786      1.455326e-7     9.95817e-9       #dY:6.8%   
  0.05567619      1.474535e-7     1.00513e-8       #dY:6.8%   
  0.05725822      1.493959e-7     1.01837e-8       #dY:6.8%   
  0.05888521      1.513595e-7     1.03175e-8       #dY:6.8%   
  0.06055844      1.533448e-7     1.04208e-8       #dY:6.8%   
  0.0622792       1.553514e-7     1.05572e-8       #dY:6.8%   
  0.06404886      1.573796e-7     1.0695e-8        #dY:6.8%   
  0.06586881      1.594294e-7     1.08534e-8       #dY:6.8%   
  0.06774047      1.615007e-7     1.09944e-8       #dY:6.8%   
  0.06966531      1.635936e-7     1.11369e-8       #dY:6.8%   
  0.07164484      1.657081e-7     1.12832e-8       #dY:6.8%   
  0.07368063      1.67844e-7      1.14286e-8       #dY:6.8%   
  0.07577426      1.700013e-7     1.15918e-8       #dY:6.8%   
  0.07792738      1.721801e-7     1.17404e-8       #dY:6.8%   
  0.08014169      1.743801e-7     1.18722e-8       #dY:6.8%   
  0.08241891      1.766014e-7     1.20234e-8       #dY:6.8%   
  0.08476084      1.788438e-7     1.21761e-8       #dY:6.8%   
  0.08716931      1.811073e-7     1.231e-8         #dY:6.8%   
  0.08964623      1.833916e-7     1.24653e-8       #dY:6.8%   
  0.09219352      1.856966e-7     1.25816e-8       #dY:6.8%   
  0.09481319      1.880219e-7     1.27392e-8       #dY:6.8%   
  0.09750731      1.903677e-7     1.28558e-8       #dY:6.8%   
  0.100278        1.927335e-7     1.30248e-8       #dY:6.8%   
  0.1031274       1.951191e-7     1.3186e-8        #dY:6.8%   
  0.1060577       1.975242e-7     1.33486e-8       #dY:6.8%   
  0.1090714       1.999485e-7     1.35124e-8       #dY:6.8%   
  0.1121706       2.023918e-7     1.36775e-8       #dY:6.8%   
  0.1153579       2.048535e-7     1.38439e-8       #dY:6.8%   
  0.1186358       2.073334e-7     1.40115e-8       #dY:6.8%   
  0.1220069       2.09831e-7      1.41803e-8       #dY:6.8%   
  0.1254737       2.123459e-7     1.43502e-8       #dY:6.8%   
  0.129039        2.148776e-7     1.45213e-8       #dY:6.8%   
  0.1327056       2.174254e-7     1.46935e-8       #dY:6.8%   
  0.1364765       2.199891e-7     1.48667e-8       #dY:6.8%   
  0.1403544       2.225678e-7     1.5041e-8        #dY:6.8%   
  0.1443426       2.25161e-7      1.52163e-8       #dY:6.8%   
  0.1484441       2.277681e-7     1.53924e-8       #dY:6.8%   
  0.1526621       2.303882e-7     1.42914e-8       #dY:6.2%   
  0.157           2.330207e-7     1.44547e-8       #dY:6.2%   
  0.1614612       2.356648e-7     1.46187e-8       #dY:6.2%   
  0.1660491       2.383195e-7     1.47834e-8       #dY:6.2%   
  0.1707673       2.409841e-7     1.49487e-8       #dY:6.2%   
  0.1756197       2.436575e-7     1.51145e-8       #dY:6.2%   
  0.1806099       2.463388e-7     1.52809e-8       #dY:6.2%   
  0.1857419       2.490269e-7     1.54476e-8       #dY:6.2%   
  0.1910198       2.517208e-7     1.56147e-8       #dY:6.2%   
  0.1964476       2.544192e-7     1.57821e-8       #dY:6.2%   
  0.2020297       2.57121e-7      1.61253e-8       #dY:6.3%   
  0.2077703       2.598249e-7     1.62949e-8       #dY:6.3%   
  0.2136741       2.625296e-7     1.64645e-8       #dY:6.3%   
  0.2197456       2.652336e-7     1.66341e-8       #dY:6.3%   
  0.2259897       2.679356e-7     1.68035e-8       #dY:6.3%   
  0.2324112       2.70634e-7      1.69727e-8       #dY:6.3%   
  0.2390152       2.733272e-7     1.71417e-8       #dY:6.3%   
  0.2458068       2.760136e-7     1.73101e-8       #dY:6.3%   
  0.2527913       2.786916e-7     1.73647e-8       #dY:6.2%   
  0.2599744       2.813592e-7     1.75309e-8       #dY:6.2%   
  0.2673616       2.840148e-7     1.76963e-8       #dY:6.2%   
  0.2749586       2.866564e-7     1.78609e-8       #dY:6.2%   
  0.2827716       2.89282e-7      1.80245e-8       #dY:6.2%   
  0.2908065       2.918896e-7     1.8187e-8        #dY:6.2%   
  0.2990698       2.944772e-7     1.83482e-8       #dY:6.2%   
  0.3075678       2.970427e-7     1.76527e-8       #dY:5.9%   
  0.3163073       2.995836e-7     1.78037e-8       #dY:5.9%   
  0.3252952       3.02098e-7      1.79531e-8       #dY:5.9%   
  0.3345384       3.045834e-7     1.81008e-8       #dY:5.9%   
  0.3440443       3.070376e-7     1.82467e-8       #dY:5.9%   
  0.3538203       3.094581e-7     1.79666e-8       #dY:5.8%   
  0.3638741       3.118425e-7     1.8105e-8        #dY:5.8%   
  0.3742136       3.141884e-7     1.82412e-8       #dY:5.8%   
  0.3848469       3.164934e-7     1.83751e-8       #dY:5.8%   
  0.3957823       3.18755e-7      1.85064e-8       #dY:5.8%   
  0.4070284       3.209708e-7     1.7873e-8        #dY:5.6%   
  0.4185941       3.23138e-7      1.79937e-8       #dY:5.6%   
  0.4304884       3.252542e-7     1.81115e-8       #dY:5.6%   
  0.4427207       3.273165e-7     1.82264e-8       #dY:5.6%   
  0.4553006       3.293214e-7     1.67687e-8       #dY:5.1%   
  0.468238        3.312644e-7     1.68677e-8       #dY:5.1%   
  0.4815429       3.331411e-7     1.69632e-8       #dY:5.1%   
  0.495226        3.349469e-7     1.70552e-8       #dY:5.1%   
  0.5092978       3.36677e-7      1.61808e-8       #dY:4.8%   
  0.5237694       3.383266e-7     1.62601e-8       #dY:4.8%   
  0.5386523       3.398906e-7     1.63352e-8       #dY:4.8%   
  0.5539581       3.41364e-7      1.49041e-8       #dY:4.4%   
  0.5696988       3.427419e-7     1.49642e-8       #dY:4.4%   
  0.5858868       3.440191e-7     1.502e-8         #dY:4.4%   
  0.6025347       3.451902e-7     1.37375e-8       #dY:4.0%   
  0.6196557       3.462503e-7     1.37797e-8       #dY:4.0%   
  0.6372632       3.471939e-7     1.38172e-8       #dY:4.0%   
  0.655371        3.48016e-7      1.30079e-8       #dY:3.7%   
  0.6739934       3.487113e-7     1.30339e-8       #dY:3.7%   
  0.6931448       3.492745e-7     1.3055e-8        #dY:3.7%   
  0.7128405       3.497003e-7     1.13341e-8       #dY:3.2%   
  0.7330959       3.499838e-7     1.13433e-8       #dY:3.2%   
  0.7539267       3.501197e-7     1.08913e-8       #dY:3.1%   
  0.7753495       3.50103e-7      1.08908e-8       #dY:3.1%   
  0.7973811       3.499287e-7     1.08854e-8       #dY:3.1%   
  0.8200386       3.49592e-7      1.03528e-8       #dY:3.0%   
  0.84334         3.490884e-7     1.03378e-8       #dY:3.0%   
  0.8673034       3.484131e-7     9.82699e-9       #dY:2.8%   
  0.8919478       3.475619e-7     9.80298e-9       #dY:2.8%   
  0.9172925       3.465306e-7     9.08578e-9       #dY:2.6%   
  0.9433573       3.453155e-7     9.05392e-9       #dY:2.6%   
  0.9701628       3.439129e-7     8.8113e-9        #dY:2.6%   
  0.9977299       3.423196e-7     8.77048e-9       #dY:2.6%   
  1.02608         3.405326e-7     8.18296e-9       #dY:2.4%   
  1.055236        3.385494e-7     8.1353e-9        #dY:2.4%   
  1.085221        3.363676e-7     8.08287e-9       #dY:2.4%   
  1.116057        3.339851e-7     8.02562e-9       #dY:2.4%   
  1.14777         3.313997e-7     7.96349e-9       #dY:2.4%   
  1.180384        3.286099e-7     7.89645e-9       #dY:2.4%   
  1.213924        3.256137e-7     7.82446e-9       #dY:2.4%   
  1.248418        3.224099e-7     7.74747e-9       #dY:2.4%   
  1.283892        3.189974e-7     7.66547e-9       #dY:2.4%   
  1.320374        3.15376e-7      7.57845e-9       #dY:2.4%   
  1.357892        3.115458e-7     7.48641e-9       #dY:2.4%   
  1.396476        3.075077e-7     7.38937e-9       #dY:2.4%   
  1.436157        3.032632e-7     7.28738e-9       #dY:2.4%   
  1.476965        2.988143e-7     7.18047e-9       #dY:2.4%   
  1.518933        2.941641e-7     6.84722e-9       #dY:2.3%   
  1.562094        2.893161e-7     6.73438e-9       #dY:2.3%   
  1.606481        2.842744e-7     6.61702e-9       #dY:2.3%   
  1.652129        2.790443e-7     6.49528e-9       #dY:2.3%   
  1.699074        2.736313e-7     6.36928e-9       #dY:2.3%   
  1.747353        2.68042e-7      6.23918e-9       #dY:2.3%   
  1.797004        2.622837e-7     6.10515e-9       #dY:2.3%   
  1.848066        2.563641e-7     5.96736e-9       #dY:2.3%   
  1.900578        2.502919e-7     5.82601e-9       #dY:2.3%   
  1.954583        2.440765e-7     5.68134e-9       #dY:2.3%   
  2.010123        2.377277e-7     2.54356e-9       #dY:1.1%   
  2.06724         2.312563e-7     2.47432e-9       #dY:1.1%   
  2.125981        2.246736e-7     2.40389e-9       #dY:1.1%   
  2.18639         2.179914e-7     2.33239e-9       #dY:1.1%   
  2.248517        2.112219e-7     2.25996e-9       #dY:1.1%   
  2.312408        2.043782e-7     2.18674e-9       #dY:1.1%   
  2.378115        1.974736e-7     2.11286e-9       #dY:1.1%   
  2.445689        1.905219e-7     2.03848e-9       #dY:1.1%   
  2.515183        1.83537e-7      2.27652e-9       #dY:1.2%   
  2.586652        1.765334e-7     2.18965e-9       #dY:1.2%   
  2.660152        1.695258e-7     2.10273e-9       #dY:1.2%   
  2.73574         1.625288e-7     2.01594e-9       #dY:1.2%   
  2.813476        1.555572e-7     1.92947e-9       #dY:1.2%   
  2.89342         1.486258e-7     1.84349e-9       #dY:1.2%   
  2.975637        1.417495e-7     1.7582e-9        #dY:1.2%   
  3.060189        1.349428e-7     3.56304e-9       #dY:2.6%   
  3.147145        1.2822e-7       3.38553e-9       #dY:2.6%   
  3.236571        1.215952e-7     3.21061e-9       #dY:2.6%   
  3.328538        1.150819e-7     3.03863e-9       #dY:2.6%   
  3.423118        1.086935e-7     2.86995e-9       #dY:2.6%   
  3.520386        1.024423e-7     3.69561e-9       #dY:3.6%   
  3.620417        9.634035e-8     3.47548e-9       #dY:3.6%   
  3.723291        9.039884e-8     3.26114e-9       #dY:3.6%   
  3.829088        8.46282e-8      3.05297e-9       #dY:3.6%   
  3.937892        7.903798e-8     2.8513e-9        #dY:3.6%   
  4.049787        7.363683e-8     3.19838e-9       #dY:4.3%   
  4.164861        6.843245e-8     2.97233e-9       #dY:4.3%   
  4.283206        6.343148e-8     2.75512e-9       #dY:4.3%   
  4.404913        5.863954e-8     2.54698e-9       #dY:4.3%   
  4.530078        5.406118e-8     2.73711e-9       #dY:5.1%   
  4.6588          4.969979e-8     2.51629e-9       #dY:5.1%   
  4.79118         4.55577e-8      2.30658e-9       #dY:5.1%   
  4.927321        4.16361e-8      2.10803e-9       #dY:5.1%   
  5.06733         3.793508e-8     2.20447e-9       #dY:5.8%   
  5.211318        3.445364e-8     2.00216e-9       #dY:5.8%   
  5.359398        3.118973e-8     1.81249e-9       #dY:5.8%   
  5.511685        2.81403e-8      1.87536e-9       #dY:6.7%   
  5.668299        2.530129e-8     1.68616e-9       #dY:6.7%   
  5.829363        2.266778e-8     1.51066e-9       #dY:6.7%   
  5.995004        2.023399e-8     1.34846e-9       #dY:6.7%   
  6.165352        1.799337e-8     1.35899e-9       #dY:7.6%   
  6.34054         1.593871e-8     1.20381e-9       #dY:7.6%   
  6.520707        1.406218e-8     1.19447e-9       #dY:8.5%   
  6.705992        1.235546e-8     1.0495e-9        #dY:8.5%   
  6.896543        1.080981e-8     9.18207e-10      #dY:8.5%   
  7.092508        9.41618e-9      8.89768e-10      #dY:9.4%   
  7.294041        8.165285e-9     7.71566e-10      #dY:9.4%   
  7.501301        7.047725e-9     7.3566e-10       #dY:10.4%  
  7.71445         6.054059e-9     6.31939e-10      #dY:10.4%  
  7.933656        5.174895e-9     5.40169e-10      #dY:10.4%  
  8.15909         4.400976e-9     5.00366e-10      #dY:11.4%  
  8.39093         3.723248e-9     4.23312e-10      #dY:11.4%  
  8.629358        3.132938e-9     3.80339e-10      #dY:12.1%  
  8.874561        2.621604e-9     3.18263e-10      #dY:12.1%  
  9.126731        2.181196e-9     2.83541e-10      #dY:13.0%  
  9.386067        1.804095e-9     2.34521e-10      #dY:13.0%  
  9.652772        1.483143e-9     2.03735e-10      #dY:13.7%  
  9.927055        1.211672e-9     1.66444e-10      #dY:13.7%  
  10.20913        9.83519e-10     1.4336e-10       #dY:14.6%  
  10.49922        7.93033e-10     1.15595e-10      #dY:14.6%  
  10.79756        6.3507e-10      9.25695e-11      #dY:14.6%  
  11.10437        5.04991e-10     9.14783e-11      #dY:18.1%  
  11.4199         3.98642e-10     7.22133e-11      #dY:18.1%  
  11.7444         3.12338e-10     5.65795e-11      #dY:18.1%  
  12.07811        2.42833e-10     4.8812e-11       #dY:20.1%  
  12.42131        1.87297e-10     3.76487e-11      #dY:20.1%  
  12.77426        1.43281e-10     2.8801e-11       #dY:20.1%  
  13.13724        1.08685e-10     2.38259e-11      #dY:21.9%  
  13.51054        8.17267e-11     1.79161e-11      #dY:21.9%  
  13.89444        6.09053e-11     1.33516e-11      #dY:21.9%  
  14.28925        4.49702e-11     1.07036e-11      #dY:23.8%  
  14.69528        3.28889e-11     7.82809e-12      #dY:23.8%  
  15.11284        2.38178e-11     6.14457e-12      #dY:25.8%  
  15.54227        1.70747e-11     4.40497e-12      #dY:25.8%  
  15.98391        1.21134e-11     3.12504e-12      #dY:25.8%  
  16.43809        8.50171e-12     2.36912e-12      #dY:27.9%  
  16.90518        5.90103e-12     1.64441e-12      #dY:27.9%  
  17.38554        4.04935e-12     1.22533e-12      #dY:30.3%  
  17.87954        2.74617e-12     8.30988e-13      #dY:30.3%  
  18.38759        1.83991e-12     6.06927e-13      #dY:33.0%  
  18.91007        1.2174e-12      4.01581e-13      #dY:33.0%  
  19.4474         7.95191e-13     2.62308e-13      #dY:33.0%  
  20              0.00            0.00                        
//
#-------------------------------------------------------------------------------
#
#name:   JENDL-5: U-235(N,F) E_in=2. MeV
#X.axis: Energy
#Y.axis: 
#wdata:  3
#ldata:  602
#data...
# X               Y               +-dY           
# MeV             1/eV            1/eV           
  0.00            0.00            0.00                        
  1.00e-6         6.38762e-10     4.42463e-12      #dY:0.7%   
  1.028415e-6     6.47773e-10     4.16046e-12      #dY:0.6%   
  1.057637e-6     6.56912e-10     4.21916e-12      #dY:0.6%   
  1.08769e-6      6.6618e-10      4.27868e-12      #dY:0.6%   
  1.118597e-6     6.75578e-10     4.33904e-12      #dY:0.6%   
  1.150382e-6     6.85109e-10     4.40026e-12      #dY:0.6%   
  1.18307e-6      6.94774e-10     4.46233e-12      #dY:0.6%   
  1.216686e-6     7.04576e-10     4.52529e-12      #dY:0.6%   
  1.251259e-6     7.14516e-10     4.58913e-12      #dY:0.6%   
  1.286813e-6     7.24597e-10     4.65388e-12      #dY:0.6%   
  1.323378e-6     7.34819e-10     4.71953e-12      #dY:0.6%   
  1.360981e-6     7.45186e-10     4.78612e-12      #dY:0.6%   
  1.399654e-6     7.55699e-10     4.85364e-12      #dY:0.6%   
  1.439425e-6     7.6636e-10      4.92211e-12      #dY:0.6%   
  1.480326e-6     7.77172e-10     4.99155e-12      #dY:0.6%   
  1.522389e-6     7.88136e-10     4.66334e-11      #dY:5.9%   
  1.565648e-6     7.99255e-10     4.72913e-11      #dY:5.9%   
  1.610136e-6     8.10531e-10     4.79585e-11      #dY:5.9%   
  1.655888e-6     8.21966e-10     4.86351e-11      #dY:5.9%   
  1.70294e-6      8.33562e-10     4.93213e-11      #dY:5.9%   
  1.751329e-6     8.45322e-10     5.00171e-11      #dY:5.9%   
  1.801093e-6     8.57248e-10     5.07228e-11      #dY:5.9%   
  1.852271e-6     8.69342e-10     5.14383e-11      #dY:5.9%   
  1.904903e-6     8.81606e-10     5.2164e-11       #dY:5.9%   
  1.959031e-6     8.94044e-10     5.28999e-11      #dY:5.9%   
  2.014696e-6     9.06657e-10     5.54404e-11      #dY:6.1%   
  2.071944e-6     9.19448e-10     5.62226e-11      #dY:6.1%   
  2.130818e-6     9.32419e-10     5.70157e-11      #dY:6.1%   
  2.191365e-6     9.45574e-10     5.78202e-11      #dY:6.1%   
  2.253633e-6     9.58914e-10     5.86359e-11      #dY:6.1%   
  2.317669e-6     9.72442e-10     5.94631e-11      #dY:6.1%   
  2.383526e-6     9.86161e-10     6.0302e-11       #dY:6.1%   
  2.451254e-6     1.000074e-9     6.11527e-11      #dY:6.1%   
  2.520906e-6     1.014183e-9     6.31068e-11      #dY:6.2%   
  2.592537e-6     1.028491e-9     6.39971e-11      #dY:6.2%   
  2.666204e-6     1.043e-9        6.48999e-11      #dY:6.2%   
  2.741964e-6     1.057716e-9     6.58156e-11      #dY:6.2%   
  2.819877e-6     1.072638e-9     6.67441e-11      #dY:6.2%   
  2.900004e-6     1.08777e-9      6.76857e-11      #dY:6.2%   
  2.982407e-6     1.103117e-9     6.86406e-11      #dY:6.2%   
  3.067152e-6     1.118679e-9     7.03661e-11      #dY:6.3%   
  3.154305e-6     1.134461e-9     7.13588e-11      #dY:6.3%   
  3.243935e-6     1.150465e-9     7.23655e-11      #dY:6.3%   
  3.336111e-6     1.166696e-9     7.33864e-11      #dY:6.3%   
  3.430906e-6     1.183156e-9     7.44218e-11      #dY:6.3%   
  3.528395e-6     1.199848e-9     7.60302e-11      #dY:6.3%   
  3.628655e-6     1.216775e-9     7.71028e-11      #dY:6.3%   
  3.731763e-6     1.233942e-9     7.81906e-11      #dY:6.3%   
  3.837801e-6     1.251349e-9     7.92936e-11      #dY:6.3%   
  3.946851e-6     1.269004e-9     8.04123e-11      #dY:6.3%   
  4.059001e-6     1.286907e-9     8.19835e-11      #dY:6.4%   
  4.174337e-6     1.305062e-9     8.31401e-11      #dY:6.4%   
  4.292951e-6     1.323474e-9     8.43131e-11      #dY:6.4%   
  4.414935e-6     1.342146e-9     8.55026e-11      #dY:6.4%   
  4.540385e-6     1.36108e-9      8.70609e-11      #dY:6.4%   
  4.6694e-6       1.380283e-9     8.82892e-11      #dY:6.4%   
  4.802081e-6     1.399755e-9     8.95347e-11      #dY:6.4%   
  4.938532e-6     1.419503e-9     9.07979e-11      #dY:6.4%   
  5.07886e-6      1.439529e-9     9.23722e-11      #dY:6.4%   
  5.223175e-6     1.459837e-9     9.36754e-11      #dY:6.4%   
  5.371592e-6     1.480433e-9     9.4997e-11       #dY:6.4%   
  5.524225e-6     1.501319e-9     9.65843e-11      #dY:6.4%   
  5.681196e-6     1.522499e-9     9.79469e-11      #dY:6.4%   
  5.842627e-6     1.543978e-9     9.93287e-11      #dY:6.4%   
  6.008645e-6     1.565761e-9     1.00943e-10      #dY:6.4%   
  6.17938e-6      1.587851e-9     1.02367e-10      #dY:6.4%   
  6.354967e-6     1.610252e-9     1.03811e-10      #dY:6.4%   
  6.535543e-6     1.632969e-9     1.05461e-10      #dY:6.5%   
  6.72125e-6      1.656007e-9     1.06949e-10      #dY:6.5%   
  6.912234e-6     1.679369e-9     1.08458e-10      #dY:6.5%   
  7.108645e-6     1.703062e-9     1.10154e-10      #dY:6.5%   
  7.310637e-6     1.727089e-9     1.11708e-10      #dY:6.5%   
  7.518368e-6     1.751453e-9     1.13429e-10      #dY:6.5%   
  7.732002e-6     1.776163e-9     1.1503e-10       #dY:6.5%   
  7.951707e-6     1.801221e-9     1.16652e-10      #dY:6.5%   
  8.177654e-6     1.826633e-9     1.18432e-10      #dY:6.5%   
  8.410022e-6     1.852402e-9     1.20102e-10      #dY:6.5%   
  8.648992e-6     1.878536e-9     1.21916e-10      #dY:6.5%   
  8.894753e-6     1.905038e-9     1.23636e-10      #dY:6.5%   
  9.147497e-6     1.931914e-9     1.2549e-10       #dY:6.5%   
  9.407423e-6     1.959169e-9     1.27261e-10      #dY:6.5%   
  9.674734e-6     1.98681e-9      1.29155e-10      #dY:6.5%   
  9.949641e-6     2.014839e-9     1.30978e-10      #dY:6.5%   
  1.023236e-5     2.043264e-9     1.32917e-10      #dY:6.5%   
  1.052311e-5     2.072091e-9     1.34792e-10      #dY:6.5%   
  1.082213e-5     2.101324e-9     1.36694e-10      #dY:6.5%   
  1.112964e-5     2.130969e-9     1.38622e-10      #dY:6.5%   
  1.144588e-5     2.161032e-9     1.40578e-10      #dY:6.5%   
  1.177112e-5     2.19152e-9      1.42561e-10      #dY:6.5%   
  1.210559e-5     2.222438e-9     1.44572e-10      #dY:6.5%   
  1.244957e-5     2.253792e-9     1.46612e-10      #dY:6.5%   
  1.280333e-5     2.285588e-9     1.4868e-10       #dY:6.5%   
  1.316713e-5     2.317833e-9     1.50778e-10      #dY:6.5%   
  1.354128e-5     2.350533e-9     1.52905e-10      #dY:6.5%   
  1.392605e-5     2.383694e-9     1.55062e-10      #dY:6.5%   
  1.432176e-5     2.417323e-9     1.5725e-10       #dY:6.5%   
  1.472871e-5     2.451426e-9     1.59468e-10      #dY:6.5%   
  1.514723e-5     2.486011e-9     1.47103e-10      #dY:5.9%   
  1.557764e-5     2.521083e-9     1.49178e-10      #dY:5.9%   
  1.602027e-5     2.556651e-9     1.51283e-10      #dY:5.9%   
  1.647549e-5     2.59272e-9      1.53417e-10      #dY:5.9%   
  1.694364e-5     2.629297e-9     1.55582e-10      #dY:5.9%   
  1.742509e-5     2.666391e-9     1.57777e-10      #dY:5.9%   
  1.792023e-5     2.704009e-9     1.60002e-10      #dY:5.9%   
  1.842943e-5     2.742157e-9     1.6226e-10       #dY:5.9%   
  1.89531e-5      2.780843e-9     1.64549e-10      #dY:5.9%   
  1.949165e-5     2.820075e-9     1.6687e-10       #dY:5.9%   
  2.004551e-5     2.85986e-9      1.74886e-10      #dY:6.1%   
  2.06151e-5      2.900207e-9     1.77353e-10      #dY:6.1%   
  2.120087e-5     2.941123e-9     1.79856e-10      #dY:6.1%   
  2.18033e-5      2.982616e-9     1.82393e-10      #dY:6.1%   
  2.242284e-5     3.024695e-9     1.84966e-10      #dY:6.1%   
  2.305998e-5     3.067367e-9     1.87576e-10      #dY:6.1%   
  2.371523e-5     3.110642e-9     1.90222e-10      #dY:6.1%   
  2.43891e-5      3.154526e-9     1.92906e-10      #dY:6.1%   
  2.508211e-5     3.19903e-9      1.99071e-10      #dY:6.2%   
  2.579482e-5     3.244162e-9     2.01879e-10      #dY:6.2%   
  2.652778e-5     3.28993e-9      2.04728e-10      #dY:6.2%   
  2.728156e-5     3.336344e-9     2.07616e-10      #dY:6.2%   
  2.805677e-5     3.383414e-9     2.10545e-10      #dY:6.2%   
  2.8854e-5       3.431147e-9     2.13515e-10      #dY:6.2%   
  2.967388e-5     3.479554e-9     2.16528e-10      #dY:6.2%   
  3.051707e-5     3.528643e-9     2.21973e-10      #dY:6.3%   
  3.138421e-5     3.578425e-9     2.25105e-10      #dY:6.3%   
  3.227599e-5     3.628909e-9     2.28281e-10      #dY:6.3%   
  3.319311e-5     3.680106e-9     2.31501e-10      #dY:6.3%   
  3.413629e-5     3.732025e-9     2.34767e-10      #dY:6.3%   
  3.510627e-5     3.784676e-9     2.39842e-10      #dY:6.3%   
  3.610381e-5     3.83807e-9      2.43226e-10      #dY:6.3%   
  3.71297e-5      3.892217e-9     2.46657e-10      #dY:6.3%   
  3.818474e-5     3.947129e-9     2.50137e-10      #dY:6.3%   
  3.926976e-5     4.002815e-9     2.53666e-10      #dY:6.3%   
  4.038561e-5     4.059286e-9     2.58625e-10      #dY:6.4%   
  4.153316e-5     4.116555e-9     2.62274e-10      #dY:6.4%   
  4.271332e-5     4.174632e-9     2.65974e-10      #dY:6.4%   
  4.392702e-5     4.233527e-9     2.69726e-10      #dY:6.4%   
  4.517521e-5     4.293253e-9     2.74644e-10      #dY:6.4%   
  4.645886e-5     4.353822e-9     2.78518e-10      #dY:6.4%   
  4.777898e-5     4.415246e-9     2.82448e-10      #dY:6.4%   
  4.913662e-5     4.477536e-9     2.86433e-10      #dY:6.4%   
  5.053284e-5     4.540706e-9     2.914e-10        #dY:6.4%   
  5.196872e-5     4.604766e-9     2.95511e-10      #dY:6.4%   
  5.344541e-5     4.66973e-9      2.9968e-10       #dY:6.4%   
  5.496406e-5     4.735611e-9     3.03908e-10      #dY:6.4%   
  5.652586e-5     4.80242e-9      3.08985e-10      #dY:6.4%   
  5.813204e-5     4.870173e-9     3.13344e-10      #dY:6.4%   
  5.978386e-5     4.938881e-9     3.17765e-10      #dY:6.4%   
  6.148262e-5     5.008559e-9     3.22929e-10      #dY:6.4%   
  6.322964e-5     5.07922e-9      3.27485e-10      #dY:6.4%   
  6.502631e-5     5.150878e-9     3.32693e-10      #dY:6.5%   
  6.687403e-5     5.223546e-9     3.37386e-10      #dY:6.5%   
  6.877425e-5     5.29724e-9      3.42146e-10      #dY:6.5%   
  7.072847e-5     5.371973e-9     3.47496e-10      #dY:6.5%   
  7.273822e-5     5.44776e-9      3.52398e-10      #dY:6.5%   
  7.480507e-5     5.524617e-9     3.5737e-10       #dY:6.5%   
  7.693065e-5     5.602559e-9     3.6288e-10       #dY:6.5%   
  7.911663e-5     5.6816e-9       3.68e-10         #dY:6.5%   
  8.136473e-5     5.761755e-9     3.73611e-10      #dY:6.5%   
  8.36767e-5      5.843042e-9     3.78882e-10      #dY:6.5%   
  8.605437e-5     5.925475e-9     3.84602e-10      #dY:6.5%   
  8.84996e-5      6.009072e-9     3.90028e-10      #dY:6.5%   
  9.101432e-5     6.093847e-9     3.95875e-10      #dY:6.5%   
  9.360048e-5     6.179819e-9     4.0146e-10       #dY:6.5%   
  9.626014e-5     6.267004e-9     4.07433e-10      #dY:6.5%   
  9.899537e-5     6.355418e-9     4.13181e-10      #dY:6.5%   
  1.018083e-4     6.445079e-9     4.19301e-10      #dY:6.5%   
  1.047012e-4     6.536007e-9     4.25216e-10      #dY:6.5%   
  1.076763e-4     6.628216e-9     4.31215e-10      #dY:6.5%   
  1.107359e-4     6.721727e-9     4.37299e-10      #dY:6.5%   
  1.138824e-4     6.816556e-9     4.43468e-10      #dY:6.5%   
  1.171184e-4     6.912723e-9     4.49725e-10      #dY:6.5%   
  1.204463e-4     7.010247e-9     4.56069e-10      #dY:6.5%   
  1.238688e-4     7.109146e-9     4.62503e-10      #dY:6.5%   
  1.273885e-4     7.209441e-9     4.69028e-10      #dY:6.5%   
  1.310083e-4     7.311151e-9     4.75645e-10      #dY:6.5%   
  1.347309e-4     7.414296e-9     4.82356e-10      #dY:6.5%   
  1.385592e-4     7.518895e-9     4.89161e-10      #dY:6.5%   
  1.424964e-4     7.62497e-9      4.96062e-10      #dY:6.5%   
  1.465454e-4     7.732542e-9     5.0306e-10       #dY:6.5%   
  1.507095e-4     7.841631e-9     4.6405e-10       #dY:5.9%   
  1.549919e-4     7.952259e-9     4.70596e-10      #dY:5.9%   
  1.59396e-4      8.064447e-9     4.77235e-10      #dY:5.9%   
  1.639252e-4     8.178218e-9     4.83968e-10      #dY:5.9%   
  1.685831e-4     8.293594e-9     4.90796e-10      #dY:5.9%   
  1.733734e-4     8.410597e-9     4.9772e-10       #dY:5.9%   
  1.782998e-4     8.529252e-9     5.04742e-10      #dY:5.9%   
  1.833662e-4     8.649579e-9     5.11862e-10      #dY:5.9%   
  1.885765e-4     8.771603e-9     5.19083e-10      #dY:5.9%   
  1.939349e-4     8.89535e-9      5.26406e-10      #dY:5.9%   
  1.994456e-4     9.020842e-9     5.33833e-10      #dY:5.9%   
  2.051128e-4     9.148103e-9     5.59489e-10      #dY:6.1%   
  2.109411e-4     9.277159e-9     5.67382e-10      #dY:6.1%   
  2.16935e-4      9.408037e-9     5.75386e-10      #dY:6.1%   
  2.230992e-4     9.54076e-9      5.83503e-10      #dY:6.1%   
  2.294385e-4     9.675356e-9     5.91735e-10      #dY:6.1%   
  2.35958e-4      9.811849e-9     6.00083e-10      #dY:6.1%   
  2.426628e-4     9.950268e-9     6.08548e-10      #dY:6.1%   
  2.49558e-4      1.009064e-8     6.17133e-10      #dY:6.1%   
  2.566492e-4     1.023299e-8     6.36874e-10      #dY:6.2%   
  2.639419e-4     1.037735e-8     6.45859e-10      #dY:6.2%   
  2.714418e-4     1.052374e-8     6.5497e-10       #dY:6.2%   
  2.791548e-4     1.06722e-8      6.6421e-10       #dY:6.2%   
  2.870869e-4     1.082275e-8     6.7358e-10       #dY:6.2%   
  2.952445e-4     1.097543e-8     6.83082e-10      #dY:6.2%   
  3.036339e-4     1.113026e-8     6.99279e-10      #dY:6.3%   
  3.122616e-4     1.128727e-8     7.09143e-10      #dY:6.3%   
  3.211345e-4     1.14465e-8      7.19147e-10      #dY:6.3%   
  3.302595e-4     1.160797e-8     7.29292e-10      #dY:6.3%   
  3.396438e-4     1.177173e-8     7.3958e-10       #dY:6.3%   
  3.492948e-4     1.193779e-8     7.50013e-10      #dY:6.3%   
  3.5922e-4       1.210619e-8     7.6623e-10       #dY:6.3%   
  3.694272e-4     1.227696e-8     7.77038e-10      #dY:6.3%   
  3.799245e-4     1.245014e-8     7.87999e-10      #dY:6.3%   
  3.9072e-4       1.262577e-8     7.99115e-10      #dY:6.3%   
  4.018223e-4     1.280388e-8     8.14739e-10      #dY:6.4%   
  4.132401e-4     1.298448e-8     8.26231e-10      #dY:6.4%   
  4.249823e-4     1.316765e-8     8.37887e-10      #dY:6.4%   
  4.370581e-4     1.335338e-8     8.49705e-10      #dY:6.4%   
  4.494771e-4     1.354175e-8     8.61692e-10      #dY:6.4%   
  4.62249e-4      1.373277e-8     8.77406e-10      #dY:6.4%   
  4.753837e-4     1.392647e-8     8.89782e-10      #dY:6.4%   
  4.888918e-4     1.412291e-8     9.02333e-10      #dY:6.4%   
  5.027836e-4     1.432212e-8     9.17981e-10      #dY:6.4%   
  5.170702e-4     1.452413e-8     9.30929e-10      #dY:6.4%   
  5.317627e-4     1.472901e-8     9.44061e-10      #dY:6.4%   
  5.468727e-4     1.493675e-8     9.57376e-10      #dY:6.4%   
  5.624121e-4     1.514743e-8     9.73371e-10      #dY:6.4%   
  5.78393e-4      1.536108e-8     9.871e-10        #dY:6.4%   
  5.94828e-4      1.557775e-8     1.00102e-9       #dY:6.4%   
  6.1173e-4       1.579746e-8     1.01729e-9       #dY:6.4%   
  6.291123e-4     1.602027e-8     1.03163e-9       #dY:6.4%   
  6.469885e-4     1.624622e-8     1.04618e-9       #dY:6.4%   
  6.653726e-4     1.647536e-8     1.06288e-9       #dY:6.5%   
  6.842792e-4     1.670772e-8     1.07787e-9       #dY:6.5%   
  7.037229e-4     1.694336e-8     1.09471e-9       #dY:6.5%   
  7.237192e-4     1.718232e-8     1.11015e-9       #dY:6.5%   
  7.442836e-4     1.742464e-8     1.1258e-9        #dY:6.5%   
  7.654324e-4     1.767037e-8     1.14469e-9       #dY:6.5%   
  7.871821e-4     1.791957e-8     1.16084e-9       #dY:6.5%   
  8.095499e-4     1.817228e-8     1.17853e-9       #dY:6.5%   
  8.325532e-4     1.842855e-8     1.19515e-9       #dY:6.5%   
  8.562102e-4     1.868843e-8     1.21325e-9       #dY:6.5%   
  8.805393e-4     1.895197e-8     1.23036e-9       #dY:6.5%   
  9.055598e-4     1.921921e-8     1.25048e-9       #dY:6.5%   
  9.312913e-4     1.949023e-8     1.26812e-9       #dY:6.5%   
  9.577539e-4     1.976505e-8     1.28696e-9       #dY:6.5%   
  9.849684e-4     2.004376e-8     1.30511e-9       #dY:6.5%   
  1.012956e-3     2.032638e-8     1.32443e-9       #dY:6.5%   
  1.041739e-3     2.061297e-8     1.3431e-9        #dY:6.5%   
  1.07134e-3      2.09036e-8      1.36204e-9       #dY:6.5%   
  1.101782e-3     2.119834e-8     1.38125e-9       #dY:6.5%   
  1.133089e-3     2.149721e-8     1.40072e-9       #dY:6.5%   
  1.165286e-3     2.180028e-8     1.42047e-9       #dY:6.5%   
  1.198398e-3     2.210763e-8     1.44049e-9       #dY:6.5%   
  1.23245e-3      2.241929e-8     1.4608e-9        #dY:6.5%   
  1.26747e-3      2.273535e-8     1.48139e-9       #dY:6.5%   
  1.303485e-3     2.305583e-8     1.50228e-9       #dY:6.5%   
  1.340524e-3     2.338084e-8     1.52345e-9       #dY:6.5%   
  1.378615e-3     2.371042e-8     1.54493e-9       #dY:6.5%   
  1.417788e-3     2.404463e-8     1.5667e-9        #dY:6.5%   
  1.458074e-3     2.438354e-8     1.58879e-9       #dY:6.5%   
  1.499505e-3     2.472721e-8     1.61118e-9       #dY:6.5%   
  1.542114e-3     2.507571e-8     1.48621e-9       #dY:5.9%   
  1.585933e-3     2.542912e-8     1.50716e-9       #dY:5.9%   
  1.630997e-3     2.578749e-8     1.5284e-9        #dY:5.9%   
  1.677342e-3     2.615089e-8     1.54993e-9       #dY:5.9%   
  1.725003e-3     2.651939e-8     1.57178e-9       #dY:5.9%   
  1.774019e-3     2.689309e-8     1.59392e-9       #dY:5.9%   
  1.824428e-3     2.727202e-8     1.61638e-9       #dY:5.9%   
  1.876269e-3     2.765628e-8     1.63916e-9       #dY:5.9%   
  1.929583e-3     2.804593e-8     1.66225e-9       #dY:5.9%   
  1.984412e-3     2.844104e-8     1.68567e-9       #dY:5.9%   
  2.040799e-3     2.884171e-8     1.77626e-9       #dY:6.2%   
  2.098788e-3     2.9248e-8       1.80128e-9       #dY:6.2%   
  2.158425e-3     2.965999e-8     1.82665e-9       #dY:6.2%   
  2.219757e-3     3.007775e-8     1.85238e-9       #dY:6.2%   
  2.282831e-3     3.050138e-8     1.87847e-9       #dY:6.2%   
  2.347698e-3     3.093094e-8     1.90492e-9       #dY:6.2%   
  2.414407e-3     3.136652e-8     1.93175e-9       #dY:6.2%   
  2.483013e-3     3.180822e-8     1.95895e-9       #dY:6.2%   
  2.553567e-3     3.22561e-8      2.02455e-9       #dY:6.3%   
  2.626127e-3     3.271026e-8     2.05306e-9       #dY:6.3%   
  2.700748e-3     3.317077e-8     2.08196e-9       #dY:6.3%   
  2.77749e-3      3.363774e-8     2.11127e-9       #dY:6.3%   
  2.856412e-3     3.411124e-8     2.14099e-9       #dY:6.3%   
  2.937577e-3     3.459136e-8     2.17112e-9       #dY:6.3%   
  3.021048e-3     3.507821e-8     2.23187e-9       #dY:6.4%   
  3.106891e-3     3.557187e-8     2.26328e-9       #dY:6.4%   
  3.195173e-3     3.607242e-8     2.29513e-9       #dY:6.4%   
  3.285964e-3     3.657998e-8     2.32742e-9       #dY:6.4%   
  3.379334e-3     3.709462e-8     2.36016e-9       #dY:6.4%   
  3.475358e-3     3.761646e-8     2.39337e-9       #dY:6.4%   
  3.57411e-3      3.814558e-8     2.44847e-9       #dY:6.4%   
  3.675668e-3     3.868209e-8     2.48291e-9       #dY:6.4%   
  3.780112e-3     3.922609e-8     2.51783e-9       #dY:6.4%   
  3.887524e-3     3.977768e-8     2.55324e-9       #dY:6.4%   
  3.997988e-3     4.033696e-8     2.58913e-9       #dY:6.4%   
  4.11159e-3      4.090403e-8     2.64343e-9       #dY:6.5%   
  4.228421e-3     4.147901e-8     2.68059e-9       #dY:6.5%   
  4.348571e-3     4.2062e-8       2.71826e-9       #dY:6.5%   
  4.472136e-3     4.265311e-8     2.75646e-9       #dY:6.5%   
  4.599211e-3     4.325243e-8     2.8068e-9        #dY:6.5%   
  4.729898e-3     4.38601e-8      2.84624e-9       #dY:6.5%   
  4.864298e-3     4.447622e-8     2.88622e-9       #dY:6.5%   
  5.002517e-3     4.510089e-8     2.94031e-9       #dY:6.5%   
  5.144663e-3     4.573425e-8     2.9816e-9        #dY:6.5%   
  5.290848e-3     4.637639e-8     3.02347e-9       #dY:6.5%   
  5.441187e-3     4.702746e-8     3.06591e-9       #dY:6.5%   
  5.595798e-3     4.768754e-8     3.11718e-9       #dY:6.5%   
  5.754803e-3     4.835679e-8     3.16092e-9       #dY:6.5%   
  5.918325e-3     4.903529e-8     3.20527e-9       #dY:6.5%   
  6.086494e-3     4.97232e-8      3.25749e-9       #dY:6.6%   
  6.259442e-3     5.042062e-8     3.30318e-9       #dY:6.6%   
  6.437303e-3     5.112769e-8     3.3495e-9        #dY:6.6%   
  6.620219e-3     5.184452e-8     3.40726e-9       #dY:6.6%   
  6.808332e-3     5.257125e-8     3.45503e-9       #dY:6.6%   
  7.001791e-3     5.330802e-8     3.51387e-9       #dY:6.6%   
  7.200746e-3     5.405495e-8     3.5631e-9        #dY:6.6%   
  7.405355e-3     5.481216e-8     3.61302e-9       #dY:6.6%   
  7.615778e-3     5.557981e-8     3.66879e-9       #dY:6.6%   
  7.83218e-3      5.635801e-8     3.72015e-9       #dY:6.6%   
  8.054731e-3     5.714691e-8     3.77697e-9       #dY:6.6%   
  8.283606e-3     5.794666e-8     3.82982e-9       #dY:6.6%   
  8.518984e-3     5.875737e-8     3.8929e-9        #dY:6.6%   
  8.761051e-3     5.957922e-8     3.94735e-9       #dY:6.6%   
  9.009996e-3     6.041231e-8     4.0066e-9        #dY:6.6%   
  9.266014e-3     6.125681e-8     4.0626e-9        #dY:6.6%   
  9.529308e-3     6.211286e-8     4.12318e-9       #dY:6.6%   
  9.800082e-3     6.298061e-8     4.18079e-9       #dY:6.6%   
  0.01007855      6.386019e-8     4.24838e-9       #dY:6.7%   
  0.01036493      6.475177e-8     4.3077e-9        #dY:6.7%   
  0.01065945      6.565549e-8     4.36782e-9       #dY:6.7%   
  0.01096234      6.65715e-8      4.42876e-9       #dY:6.7%   
  0.01127383      6.749996e-8     4.49053e-9       #dY:6.7%   
  0.01159418      6.844102e-8     4.55313e-9       #dY:6.7%   
  0.01192363      6.939483e-8     4.61658e-9       #dY:6.7%   
  0.01226244      7.036156e-8     4.6809e-9        #dY:6.7%   
  0.01261087      7.134136e-8     4.74608e-9       #dY:6.7%   
  0.01296921      7.233438e-8     4.81214e-9       #dY:6.7%   
  0.01333773      7.33408e-8      4.87909e-9       #dY:6.7%   
  0.01371672      7.436076e-8     4.94695e-9       #dY:6.7%   
  0.01410648      7.539443e-8     5.01572e-9       #dY:6.7%   
  0.01450732      7.644199e-8     5.08541e-9       #dY:6.7%   
  0.01491954      7.750358e-8     5.15603e-9       #dY:6.7%   
  0.01534348      7.857938e-8     4.76121e-9       #dY:6.1%   
  0.01577946      7.966955e-8     4.82726e-9       #dY:6.1%   
  0.01622784      8.077424e-8     4.8942e-9        #dY:6.1%   
  0.01668895      8.189366e-8     4.96203e-9       #dY:6.1%   
  0.01716317      8.302794e-8     5.03075e-9       #dY:6.1%   
  0.01765086      8.417727e-8     5.10039e-9       #dY:6.1%   
  0.0181524       8.534181e-8     5.17095e-9       #dY:6.1%   
  0.0186682       8.652174e-8     5.24245e-9       #dY:6.1%   
  0.01919866      8.771721e-8     5.31488e-9       #dY:6.1%   
  0.01974419      8.892841e-8     5.38827e-9       #dY:6.1%   
  0.02030522      9.015551e-8     5.6462e-9        #dY:6.3%   
  0.02088219      9.139868e-8     5.72406e-9       #dY:6.3%   
  0.02147556      9.265809e-8     5.80294e-9       #dY:6.3%   
  0.02208579      9.393391e-8     5.88284e-9       #dY:6.3%   
  0.02271335      9.522633e-8     5.96378e-9       #dY:6.3%   
  0.02335875      9.653549e-8     6.04577e-9       #dY:6.3%   
  0.02402249      9.786158e-8     6.12882e-9       #dY:6.3%   
  0.02470509      9.920478e-8     6.21294e-9       #dY:6.3%   
  0.02540708      1.005652e-7     6.40929e-9       #dY:6.4%   
  0.02612902      1.019432e-7     6.49711e-9       #dY:6.4%   
  0.02687148      1.033387e-7     6.58605e-9       #dY:6.4%   
  0.02763503      1.04752e-7      6.67612e-9       #dY:6.4%   
  0.02842028      1.061832e-7     6.76734e-9       #dY:6.4%   
  0.02922784      1.076326e-7     6.85971e-9       #dY:6.4%   
  0.03005834      1.091002e-7     7.02974e-9       #dY:6.4%   
  0.03091245      1.105863e-7     7.1255e-9        #dY:6.4%   
  0.03179083      1.12091e-7      7.22245e-9       #dY:6.4%   
  0.03269416      1.136145e-7     7.32061e-9       #dY:6.4%   
  0.03362317      1.151569e-7     7.42e-9          #dY:6.4%   
  0.03457857      1.167184e-7     7.52061e-9       #dY:6.4%   
  0.03556111      1.182991e-7     7.71002e-9       #dY:6.5%   
  0.03657158      1.198992e-7     7.81431e-9       #dY:6.5%   
  0.03761076      1.215188e-7     7.91987e-9       #dY:6.5%   
  0.03867947      1.231582e-7     8.02671e-9       #dY:6.5%   
  0.03977855      1.248173e-7     8.13484e-9       #dY:6.5%   
  0.04090885      1.264964e-7     8.33435e-9       #dY:6.6%   
  0.04207127      1.281955e-7     8.44629e-9       #dY:6.6%   
  0.04326673      1.29915e-7      8.55958e-9       #dY:6.6%   
  0.04449615      1.316548e-7     8.67421e-9       #dY:6.6%   
  0.04576051      1.33415e-7      8.82758e-9       #dY:6.6%   
  0.04706079      1.351957e-7     8.9454e-9        #dY:6.6%   
  0.04839802      1.369973e-7     9.06461e-9       #dY:6.6%   
  0.04977325      1.388196e-7     9.18519e-9       #dY:6.6%   
  0.05118755      1.406627e-7     9.3647e-9        #dY:6.7%   
  0.05264204      1.425269e-7     9.48881e-9       #dY:6.7%   
  0.05413786      1.444121e-7     9.61432e-9       #dY:6.7%   
  0.05567619      1.463185e-7     9.70308e-9       #dY:6.6%   
  0.05725822      1.48246e-7      9.8309e-9        #dY:6.6%   
  0.05888521      1.501949e-7     9.96014e-9       #dY:6.6%   
  0.06055844      1.52165e-7      1.00596e-8       #dY:6.6%   
  0.0622792       1.541566e-7     1.01913e-8       #dY:6.6%   
  0.06404886      1.561694e-7     1.03243e-8       #dY:6.6%   
  0.06586881      1.582036e-7     1.04778e-8       #dY:6.6%   
  0.06774047      1.602594e-7     1.0614e-8        #dY:6.6%   
  0.06966531      1.623364e-7     1.07515e-8       #dY:6.6%   
  0.07164484      1.644349e-7     1.09076e-8       #dY:6.6%   
  0.07368063      1.665548e-7     1.10482e-8       #dY:6.6%   
  0.07577426      1.686959e-7     1.11902e-8       #dY:6.6%   
  0.07792738      1.708582e-7     1.13336e-8       #dY:6.6%   
  0.08014169      1.730418e-7     1.14608e-8       #dY:6.6%   
  0.08241891      1.752464e-7     1.16068e-8       #dY:6.6%   
  0.08476084      1.77472e-7      1.17542e-8       #dY:6.6%   
  0.08716931      1.797185e-7     1.19169e-8       #dY:6.6%   
  0.08964623      1.819858e-7     1.20673e-8       #dY:6.6%   
  0.09219352      1.842736e-7     1.2163e-8        #dY:6.6%   
  0.09481319      1.865817e-7     1.23154e-8       #dY:6.6%   
  0.09750731      1.889099e-7     1.24446e-8       #dY:6.6%   
  0.100278        1.912581e-7     1.25909e-8       #dY:6.6%   
  0.1031274       1.936259e-7     1.27467e-8       #dY:6.6%   
  0.1060577       1.960133e-7     1.29039e-8       #dY:6.6%   
  0.1090714       1.984197e-7     1.30623e-8       #dY:6.6%   
  0.1121706       2.008449e-7     1.3222e-8        #dY:6.6%   
  0.1153579       2.032885e-7     1.33828e-8       #dY:6.6%   
  0.1186358       2.057502e-7     1.35449e-8       #dY:6.6%   
  0.1220069       2.082294e-7     1.37081e-8       #dY:6.6%   
  0.1254737       2.107259e-7     1.38725e-8       #dY:6.6%   
  0.129039        2.132391e-7     1.40379e-8       #dY:6.6%   
  0.1327056       2.157685e-7     1.42044e-8       #dY:6.6%   
  0.1364765       2.183134e-7     1.4372e-8        #dY:6.6%   
  0.1403544       2.208736e-7     1.45405e-8       #dY:6.6%   
  0.1443426       2.234481e-7     1.471e-8         #dY:6.6%   
  0.1484441       2.260363e-7     1.48804e-8       #dY:6.6%   
  0.1526621       2.286378e-7     1.38439e-8       #dY:6.1%   
  0.157           2.312514e-7     1.40022e-8       #dY:6.1%   
  0.1614612       2.338767e-7     1.41611e-8       #dY:6.1%   
  0.1660491       2.365127e-7     1.43207e-8       #dY:6.1%   
  0.1707673       2.391584e-7     1.44809e-8       #dY:6.1%   
  0.1756197       2.418131e-7     1.46417e-8       #dY:6.1%   
  0.1806099       2.444756e-7     1.48029e-8       #dY:6.1%   
  0.1857419       2.471451e-7     1.49645e-8       #dY:6.1%   
  0.1910198       2.498204e-7     1.51265e-8       #dY:6.1%   
  0.1964476       2.525003e-7     1.52888e-8       #dY:6.1%   
  0.2020297       2.551837e-7     1.56203e-8       #dY:6.1%   
  0.2077703       2.578693e-7     1.57847e-8       #dY:6.1%   
  0.2136741       2.605558e-7     1.59492e-8       #dY:6.1%   
  0.2197456       2.632418e-7     1.61136e-8       #dY:6.1%   
  0.2259897       2.659259e-7     1.62779e-8       #dY:6.1%   
  0.2324112       2.686067e-7     1.6442e-8        #dY:6.1%   
  0.2390152       2.712825e-7     1.66058e-8       #dY:6.1%   
  0.2458068       2.739518e-7     1.67692e-8       #dY:6.1%   
  0.2527913       2.766128e-7     1.68729e-8       #dY:6.1%   
  0.2599744       2.792638e-7     1.70346e-8       #dY:6.1%   
  0.2673616       2.81903e-7      1.71955e-8       #dY:6.1%   
  0.2749586       2.845285e-7     1.73557e-8       #dY:6.1%   
  0.2827716       2.871385e-7     1.75149e-8       #dY:6.1%   
  0.2908065       2.897308e-7     1.7673e-8        #dY:6.1%   
  0.2990698       2.923036e-7     1.783e-8         #dY:6.1%   
  0.3075678       2.948546e-7     1.72067e-8       #dY:5.8%   
  0.3163073       2.973817e-7     1.73542e-8       #dY:5.8%   
  0.3252952       2.998826e-7     1.75002e-8       #dY:5.8%   
  0.3345384       3.023551e-7     1.76444e-8       #dY:5.8%   
  0.3440443       3.04797e-7      1.77869e-8       #dY:5.8%   
  0.3538203       3.072058e-7     1.74879e-8       #dY:5.7%   
  0.3638741       3.095792e-7     1.7623e-8        #dY:5.7%   
  0.3742136       3.119147e-7     1.7756e-8        #dY:5.7%   
  0.3848469       3.1421e-7       1.78867e-8       #dY:5.7%   
  0.3957823       3.164626e-7     1.80149e-8       #dY:5.7%   
  0.4070284       3.186701e-7     1.74621e-8       #dY:5.5%   
  0.4185941       3.2083e-7       1.75805e-8       #dY:5.5%   
  0.4304884       3.229397e-7     1.76961e-8       #dY:5.5%   
  0.4427207       3.249965e-7     1.78088e-8       #dY:5.5%   
  0.4553006       3.269966e-7     1.64181e-8       #dY:5.0%   
  0.468238        3.289359e-7     1.65155e-8       #dY:5.0%   
  0.4815429       3.308099e-7     1.66095e-8       #dY:5.0%   
  0.495226        3.326142e-7     1.67001e-8       #dY:5.0%   
  0.5092978       3.343439e-7     1.58503e-8       #dY:4.7%   
  0.5237694       3.359942e-7     1.59285e-8       #dY:4.7%   
  0.5386523       3.375602e-7     1.60027e-8       #dY:4.7%   
  0.5539581       3.390371e-7     1.46737e-8       #dY:4.3%   
  0.5696988       3.404197e-7     1.47335e-8       #dY:4.3%   
  0.5858868       3.41703e-7      1.47891e-8       #dY:4.3%   
  0.6025347       3.428818e-7     1.35738e-8       #dY:4.0%   
  0.6196557       3.439511e-7     1.36161e-8       #dY:4.0%   
  0.6372632       3.449056e-7     1.36539e-8       #dY:4.0%   
  0.655371        3.457401e-7     1.28995e-8       #dY:3.7%   
  0.6739934       3.464495e-7     1.29259e-8       #dY:3.7%   
  0.6931448       3.470285e-7     1.29475e-8       #dY:3.7%   
  0.7128405       3.47472e-7      1.12996e-8       #dY:3.3%   
  0.7330959       3.477751e-7     1.13095e-8       #dY:3.3%   
  0.7539267       3.479324e-7     1.08717e-8       #dY:3.1%   
  0.7753495       3.47939e-7      1.08719e-8       #dY:3.1%   
  0.7973811       3.477901e-7     1.08673e-8       #dY:3.1%   
  0.8200386       3.474808e-7     1.0386e-8        #dY:3.0%   
  0.84334         3.470066e-7     1.03718e-8       #dY:3.0%   
  0.8673034       3.463628e-7     9.87212e-9       #dY:2.9%   
  0.8919478       3.455452e-7     9.84882e-9       #dY:2.9%   
  0.9172925       3.445497e-7     9.14906e-9       #dY:2.7%   
  0.9433573       3.433726e-7     9.11781e-9       #dY:2.7%   
  0.9701628       3.420101e-7     8.91746e-9       #dY:2.6%   
  0.9977299       3.404591e-7     8.87702e-9       #dY:2.6%   
  1.02608         3.387165e-7     8.33213e-9       #dY:2.5%   
  1.055236        3.3678e-7       8.28449e-9       #dY:2.5%   
  1.085221        3.346471e-7     8.23202e-9       #dY:2.5%   
  1.116057        3.323156e-7     8.17467e-9       #dY:2.5%   
  1.14777         3.297835e-7     8.11238e-9       #dY:2.5%   
  1.180384        3.270491e-7     8.04512e-9       #dY:2.5%   
  1.213924        3.241103e-7     7.97283e-9       #dY:2.5%   
  1.248418        3.209658e-7     7.89548e-9       #dY:2.5%   
  1.283892        3.176146e-7     7.81304e-9       #dY:2.5%   
  1.320374        3.140564e-7     7.72551e-9       #dY:2.5%   
  1.357892        3.10291e-7      7.63289e-9       #dY:2.5%   
  1.396476        3.063194e-7     7.53519e-9       #dY:2.5%   
  1.436157        3.021427e-7     7.43244e-9       #dY:2.5%   
  1.476965        2.977632e-7     7.32471e-9       #dY:2.5%   
  1.518933        2.931835e-7     6.91915e-9       #dY:2.4%   
  1.562094        2.88407e-7      6.80642e-9       #dY:2.4%   
  1.606481        2.834379e-7     6.68915e-9       #dY:2.4%   
  1.652129        2.782808e-7     6.56744e-9       #dY:2.4%   
  1.699074        2.729416e-7     6.44144e-9       #dY:2.4%   
  1.747353        2.674263e-7     6.31128e-9       #dY:2.4%   
  1.797004        2.617421e-7     6.17713e-9       #dY:2.4%   
  1.848066        2.558965e-7     6.03917e-9       #dY:2.4%   
  1.900578        2.498981e-7     5.89761e-9       #dY:2.4%   
  1.954583        2.437559e-7     5.75265e-9       #dY:2.4%   
  2.010123        2.374796e-7     2.49338e-9       #dY:1.0%   
  2.06724         2.310798e-7     2.42619e-9       #dY:1.0%   
  2.125981        2.245673e-7     2.35781e-9       #dY:1.0%   
  2.18639         2.179539e-7     2.28837e-9       #dY:1.0%   
  2.248517        2.112516e-7     2.218e-9         #dY:1.0%   
  2.312408        2.044732e-7     2.14684e-9       #dY:1.0%   
  2.378115        1.976317e-7     2.075e-9         #dY:1.0%   
  2.445689        1.907407e-7     2.00265e-9       #dY:1.0%   
  2.515183        1.83814e-7      2.21517e-9       #dY:1.2%   
  2.586652        1.768659e-7     2.13143e-9       #dY:1.2%   
  2.660152        1.699107e-7     2.04762e-9       #dY:1.2%   
  2.73574         1.62963e-7      1.96389e-9       #dY:1.2%   
  2.813476        1.560375e-7     1.88043e-9       #dY:1.2%   
  2.89342         1.491487e-7     1.79741e-9       #dY:1.2%   
  2.975637        1.423115e-7     1.71501e-9       #dY:1.2%   
  3.060189        1.355401e-7     3.54616e-9       #dY:2.6%   
  3.147145        1.28849e-7      3.3711e-9        #dY:2.6%   
  3.236571        1.222519e-7     3.1985e-9        #dY:2.6%   
  3.328538        1.157626e-7     3.02872e-9       #dY:2.6%   
  3.423118        1.09394e-7      2.86209e-9       #dY:2.6%   
  3.520386        1.031589e-7     3.70269e-9       #dY:3.6%   
  3.620417        9.706908e-8     3.48411e-9       #dY:3.6%   
  3.723291        9.113592e-8     3.27115e-9       #dY:3.6%   
  3.829088        8.536986e-8     3.06419e-9       #dY:3.6%   
  3.937892        7.978056e-8     2.86357e-9       #dY:3.6%   
  4.049787        7.437681e-8     3.2218e-9        #dY:4.3%   
  4.164861        6.916644e-8     2.9961e-9        #dY:4.3%   
  4.283206        6.415627e-8     2.77907e-9       #dY:4.3%   
  4.404913        5.935211e-8     2.57097e-9       #dY:4.3%   
  4.530078        5.475867e-8     2.7578e-9        #dY:5.0%   
  4.6588          5.037963e-8     2.53726e-9       #dY:5.0%   
  4.79118         4.621751e-8     2.32764e-9       #dY:5.0%   
  4.927321        4.227377e-8     2.12903e-9       #dY:5.0%   
  5.06733         3.854874e-8     2.21918e-9       #dY:5.8%   
  5.211318        3.504171e-8     2.01729e-9       #dY:5.8%   
  5.359398        3.175087e-8     1.82784e-9       #dY:5.8%   
  5.511685        2.867345e-8     1.88731e-9       #dY:6.6%   
  5.668299        2.580568e-8     1.69855e-9       #dY:6.6%   
  5.829363        2.314286e-8     1.52328e-9       #dY:6.6%   
  5.995004        2.06795e-8      1.36114e-9       #dY:6.6%   
  6.165352        1.840929e-8     1.37416e-9       #dY:7.5%   
  6.34054         1.632522e-8     1.21859e-9       #dY:7.5%   
  6.520707        1.441972e-8     1.20614e-9       #dY:8.4%   
  6.705992        1.268463e-8     1.06101e-9       #dY:8.4%   
  6.896543        1.111141e-8     9.29418e-10      #dY:8.4%   
  7.092508        9.691168e-9     9.00023e-10      #dY:9.3%   
  7.294041        8.41476e-9      7.81483e-10      #dY:9.3%   
  7.501301        7.272901e-9     7.41533e-10      #dY:10.2%  
  7.71445         6.256243e-9     6.37876e-10      #dY:10.2%  
  7.933656        5.355468e-9     5.46035e-10      #dY:10.2%  
  8.15909         4.561367e-9     5.05791e-10      #dY:11.1%  
  8.39093         3.864918e-9     4.28565e-10      #dY:11.1%  
  8.629358        3.257354e-9     3.84548e-10      #dY:11.8%  
  8.874561        2.730226e-9     3.22318e-10      #dY:11.8%  
  9.126731        2.275459e-9     2.88165e-10      #dY:12.7%  
  9.386067        1.885391e-9     2.38767e-10      #dY:12.7%  
  9.652772        1.552811e-9     2.07956e-10      #dY:13.4%  
  9.927055        1.270987e-9     1.70214e-10      #dY:13.4%  
  10.20913        1.033683e-9     1.4697e-10       #dY:14.2%  
  10.49922        8.35164e-10     1.18744e-10      #dY:14.2%  
  10.79756        6.70206e-10     9.52905e-11      #dY:14.2%  
  11.10437        5.34081e-10     9.42405e-11      #dY:17.6%  
  11.4199         4.22547e-10     7.45599e-11      #dY:17.6%  
  11.7444         3.31831e-10     5.85528e-11      #dY:17.6%  
  12.07811        2.58604e-10     5.02364e-11      #dY:19.4%  
  12.42131        1.99952e-10     3.88427e-11      #dY:19.4%  
  12.77426        1.53352e-10     2.97902e-11      #dY:19.4%  
  13.13724        1.1663e-10      2.46511e-11      #dY:21.1%  
  13.51054        8.79399e-11     1.85871e-11      #dY:21.1%  
  13.89444        6.57199e-11     1.38907e-11      #dY:21.1%  
  14.28925        4.86661e-11     1.11884e-11      #dY:23.0%  
  14.69528        3.56987e-11     8.20719e-12      #dY:23.0%  
  15.11284        2.59329e-11     6.4018e-12       #dY:24.7%  
  15.54227        1.86506e-11     4.60409e-12      #dY:24.7%  
  15.98391        1.32753e-11     3.27714e-12      #dY:24.7%  
  16.43809        9.34902e-12     2.48018e-12      #dY:26.5%  
  16.90518        6.51211e-12     1.72758e-12      #dY:26.5%  
  17.38554        4.48501e-12     1.27968e-12      #dY:28.5%  
  17.87954        3.0531e-12      8.7112e-13       #dY:28.5%  
  18.38759        2.05353e-12     6.34951e-13      #dY:30.9%  
  18.91007        1.36422e-12     4.21816e-13      #dY:30.9%  
  19.4474         8.94801e-13     2.76672e-13      #dY:30.9%  
  20              0.00            0.00                        
//
#-------------------------------------------------------------------------------
#
#name:   JENDL-5: U-235(N,F) E_in=3. MeV
#X.axis: Energy
#Y.axis: 
#wdata:  3
#ldata:  602
#data...
# X               Y               +-dY           
# MeV             1/eV            1/eV           
  0.00            0.00            0.00                        
  1.00e-6         6.29066e-10     4.42463e-12      #dY:0.7%   
  1.028415e-6     6.37941e-10     4.16046e-12      #dY:0.7%   
  1.057637e-6     6.46941e-10     4.21916e-12      #dY:0.7%   
  1.08769e-6      6.56068e-10     4.27868e-12      #dY:0.7%   
  1.118597e-6     6.65324e-10     4.33905e-12      #dY:0.7%   
  1.150382e-6     6.7471e-10      4.40026e-12      #dY:0.7%   
  1.18307e-6      6.84229e-10     4.46234e-12      #dY:0.7%   
  1.216686e-6     6.93882e-10     4.5253e-12       #dY:0.7%   
  1.251259e-6     7.03671e-10     4.58914e-12      #dY:0.7%   
  1.286813e-6     7.13599e-10     4.65388e-12      #dY:0.7%   
  1.323378e-6     7.23666e-10     4.71954e-12      #dY:0.7%   
  1.360981e-6     7.33875e-10     4.78612e-12      #dY:0.7%   
  1.399654e-6     7.44229e-10     4.85364e-12      #dY:0.7%   
  1.439425e-6     7.54728e-10     4.92212e-12      #dY:0.7%   
  1.480326e-6     7.65376e-10     4.99156e-12      #dY:0.7%   
  1.522389e-6     7.76174e-10     4.66335e-11      #dY:6.0%   
  1.565648e-6     7.87124e-10     4.72914e-11      #dY:6.0%   
  1.610136e-6     7.98229e-10     4.79586e-11      #dY:6.0%   
  1.655888e-6     8.0949e-10      4.86351e-11      #dY:6.0%   
  1.70294e-6      8.2091e-10      4.93213e-11      #dY:6.0%   
  1.751329e-6     8.32492e-10     5.00171e-11      #dY:6.0%   
  1.801093e-6     8.44236e-10     5.07227e-11      #dY:6.0%   
  1.852271e-6     8.56147e-10     5.14384e-11      #dY:6.0%   
  1.904903e-6     8.68225e-10     5.2164e-11       #dY:6.0%   
  1.959031e-6     8.80474e-10     5.28999e-11      #dY:6.0%   
  2.014696e-6     8.92896e-10     5.54405e-11      #dY:6.2%   
  2.071944e-6     9.05493e-10     5.62226e-11      #dY:6.2%   
  2.130818e-6     9.18267e-10     5.70158e-11      #dY:6.2%   
  2.191365e-6     9.31222e-10     5.78201e-11      #dY:6.2%   
  2.253633e-6     9.4436e-10      5.86359e-11      #dY:6.2%   
  2.317669e-6     9.57683e-10     5.94631e-11      #dY:6.2%   
  2.383526e-6     9.71194e-10     6.0302e-11       #dY:6.2%   
  2.451254e-6     9.84895e-10     6.11527e-11      #dY:6.2%   
  2.520906e-6     9.9879e-10      6.31068e-11      #dY:6.3%   
  2.592537e-6     1.012881e-9     6.39971e-11      #dY:6.3%   
  2.666204e-6     1.027171e-9     6.49e-11         #dY:6.3%   
  2.741964e-6     1.041662e-9     6.58156e-11      #dY:6.3%   
  2.819877e-6     1.056357e-9     6.67441e-11      #dY:6.3%   
  2.900004e-6     1.07126e-9      6.76857e-11      #dY:6.3%   
  2.982407e-6     1.086373e-9     6.86406e-11      #dY:6.3%   
  3.067152e-6     1.1017e-9       7.03661e-11      #dY:6.4%   
  3.154305e-6     1.117243e-9     7.13588e-11      #dY:6.4%   
  3.243935e-6     1.133005e-9     7.23656e-11      #dY:6.4%   
  3.336111e-6     1.148989e-9     7.33865e-11      #dY:6.4%   
  3.430906e-6     1.165199e-9     7.44218e-11      #dY:6.4%   
  3.528395e-6     1.181638e-9     7.60302e-11      #dY:6.4%   
  3.628655e-6     1.198308e-9     7.71028e-11      #dY:6.4%   
  3.731763e-6     1.215213e-9     7.81905e-11      #dY:6.4%   
  3.837801e-6     1.232357e-9     7.92936e-11      #dY:6.4%   
  3.946851e-6     1.249744e-9     8.04123e-11      #dY:6.4%   
  4.059001e-6     1.267375e-9     8.19835e-11      #dY:6.5%   
  4.174337e-6     1.285255e-9     8.31401e-11      #dY:6.5%   
  4.292951e-6     1.303387e-9     8.4313e-11       #dY:6.5%   
  4.414935e-6     1.321776e-9     8.55026e-11      #dY:6.5%   
  4.540385e-6     1.340423e-9     8.70609e-11      #dY:6.5%   
  4.6694e-6       1.359334e-9     8.82892e-11      #dY:6.5%   
  4.802081e-6     1.37851e-9      8.95347e-11      #dY:6.5%   
  4.938532e-6     1.397959e-9     9.07979e-11      #dY:6.5%   
  5.07886e-6      1.417681e-9     9.23722e-11      #dY:6.5%   
  5.223175e-6     1.437682e-9     9.36754e-11      #dY:6.5%   
  5.371592e-6     1.457964e-9     9.4997e-11       #dY:6.5%   
  5.524225e-6     1.478533e-9     9.65843e-11      #dY:6.5%   
  5.681196e-6     1.499392e-9     9.79469e-11      #dY:6.5%   
  5.842627e-6     1.520545e-9     9.93287e-11      #dY:6.5%   
  6.008645e-6     1.541997e-9     1.00943e-10      #dY:6.5%   
  6.17938e-6      1.563751e-9     1.02367e-10      #dY:6.5%   
  6.354967e-6     1.585812e-9     1.03811e-10      #dY:6.5%   
  6.535543e-6     1.608185e-9     1.05461e-10      #dY:6.6%   
  6.72125e-6      1.630873e-9     1.06949e-10      #dY:6.6%   
  6.912234e-6     1.653881e-9     1.08458e-10      #dY:6.6%   
  7.108645e-6     1.677214e-9     1.10154e-10      #dY:6.6%   
  7.310637e-6     1.700876e-9     1.11708e-10      #dY:6.6%   
  7.518368e-6     1.724872e-9     1.13429e-10      #dY:6.6%   
  7.732002e-6     1.749207e-9     1.1503e-10       #dY:6.6%   
  7.951707e-6     1.773885e-9     1.16653e-10      #dY:6.6%   
  8.177654e-6     1.798911e-9     1.18432e-10      #dY:6.6%   
  8.410022e-6     1.824289e-9     1.20102e-10      #dY:6.6%   
  8.648992e-6     1.850026e-9     1.21916e-10      #dY:6.6%   
  8.894753e-6     1.876127e-9     1.23636e-10      #dY:6.6%   
  9.147497e-6     1.902594e-9     1.2549e-10       #dY:6.6%   
  9.407423e-6     1.929437e-9     1.27261e-10      #dY:6.6%   
  9.674734e-6     1.956656e-9     1.29155e-10      #dY:6.6%   
  9.949641e-6     1.984261e-9     1.30978e-10      #dY:6.6%   
  1.023236e-5     2.012255e-9     1.32917e-10      #dY:6.6%   
  1.052311e-5     2.040643e-9     1.34792e-10      #dY:6.6%   
  1.082213e-5     2.069433e-9     1.36694e-10      #dY:6.6%   
  1.112964e-5     2.098629e-9     1.38622e-10      #dY:6.6%   
  1.144588e-5     2.128236e-9     1.40578e-10      #dY:6.6%   
  1.177112e-5     2.158261e-9     1.42561e-10      #dY:6.6%   
  1.210559e-5     2.188709e-9     1.44572e-10      #dY:6.6%   
  1.244957e-5     2.219588e-9     1.46612e-10      #dY:6.6%   
  1.280333e-5     2.250902e-9     1.48681e-10      #dY:6.6%   
  1.316713e-5     2.282657e-9     1.50778e-10      #dY:6.6%   
  1.354128e-5     2.314861e-9     1.52905e-10      #dY:6.6%   
  1.392605e-5     2.347519e-9     1.55062e-10      #dY:6.6%   
  1.432176e-5     2.380637e-9     1.5725e-10       #dY:6.6%   
  1.472871e-5     2.414224e-9     1.59469e-10      #dY:6.6%   
  1.514723e-5     2.448283e-9     1.47103e-10      #dY:6.0%   
  1.557764e-5     2.482824e-9     1.49178e-10      #dY:6.0%   
  1.602027e-5     2.517851e-9     1.51283e-10      #dY:6.0%   
  1.647549e-5     2.553373e-9     1.53417e-10      #dY:6.0%   
  1.694364e-5     2.589396e-9     1.55582e-10      #dY:6.0%   
  1.742509e-5     2.625927e-9     1.57777e-10      #dY:6.0%   
  1.792023e-5     2.662974e-9     1.60003e-10      #dY:6.0%   
  1.842943e-5     2.700543e-9     1.6226e-10       #dY:6.0%   
  1.89531e-5      2.738642e-9     1.64549e-10      #dY:6.0%   
  1.949165e-5     2.777279e-9     1.6687e-10       #dY:6.0%   
  2.004551e-5     2.816461e-9     1.74886e-10      #dY:6.2%   
  2.06151e-5      2.856196e-9     1.77354e-10      #dY:6.2%   
  2.120087e-5     2.89649e-9      1.79856e-10      #dY:6.2%   
  2.18033e-5      2.937354e-9     1.82393e-10      #dY:6.2%   
  2.242284e-5     2.978795e-9     1.84966e-10      #dY:6.2%   
  2.305998e-5     3.020819e-9     1.87576e-10      #dY:6.2%   
  2.371523e-5     3.063437e-9     1.90222e-10      #dY:6.2%   
  2.43891e-5      3.106656e-9     1.92906e-10      #dY:6.2%   
  2.508211e-5     3.150484e-9     1.99071e-10      #dY:6.3%   
  2.579482e-5     3.194932e-9     2.0188e-10       #dY:6.3%   
  2.652778e-5     3.240006e-9     2.04728e-10      #dY:6.3%   
  2.728156e-5     3.285716e-9     2.07616e-10      #dY:6.3%   
  2.805677e-5     3.332071e-9     2.10545e-10      #dY:6.3%   
  2.8854e-5       3.37908e-9      2.13515e-10      #dY:6.3%   
  2.967388e-5     3.426753e-9     2.16528e-10      #dY:6.3%   
  3.051707e-5     3.475097e-9     2.21973e-10      #dY:6.4%   
  3.138421e-5     3.524124e-9     2.25105e-10      #dY:6.4%   
  3.227599e-5     3.573842e-9     2.28281e-10      #dY:6.4%   
  3.319311e-5     3.624262e-9     2.31501e-10      #dY:6.4%   
  3.413629e-5     3.675393e-9     2.34767e-10      #dY:6.4%   
  3.510627e-5     3.727246e-9     2.39842e-10      #dY:6.4%   
  3.610381e-5     3.77983e-9      2.43226e-10      #dY:6.4%   
  3.71297e-5      3.833156e-9     2.46657e-10      #dY:6.4%   
  3.818474e-5     3.887234e-9     2.50137e-10      #dY:6.4%   
  3.926976e-5     3.942076e-9     2.53666e-10      #dY:6.4%   
  4.038561e-5     3.99769e-9      2.58625e-10      #dY:6.5%   
  4.153316e-5     4.05409e-9      2.62274e-10      #dY:6.5%   
  4.271332e-5     4.111286e-9     2.65974e-10      #dY:6.5%   
  4.392702e-5     4.169287e-9     2.69727e-10      #dY:6.5%   
  4.517521e-5     4.228109e-9     2.74644e-10      #dY:6.5%   
  4.645886e-5     4.287759e-9     2.78519e-10      #dY:6.5%   
  4.777898e-5     4.34825e-9      2.82448e-10      #dY:6.5%   
  4.913662e-5     4.409596e-9     2.86433e-10      #dY:6.5%   
  5.053284e-5     4.471807e-9     2.914e-10        #dY:6.5%   
  5.196872e-5     4.534895e-9     2.95511e-10      #dY:6.5%   
  5.344541e-5     4.598873e-9     2.9968e-10       #dY:6.5%   
  5.496406e-5     4.663755e-9     3.03908e-10      #dY:6.5%   
  5.652586e-5     4.729552e-9     3.08985e-10      #dY:6.5%   
  5.813204e-5     4.796276e-9     3.13344e-10      #dY:6.5%   
  5.978386e-5     4.863942e-9     3.17765e-10      #dY:6.5%   
  6.148262e-5     4.932563e-9     3.22929e-10      #dY:6.5%   
  6.322964e-5     5.002152e-9     3.27485e-10      #dY:6.5%   
  6.502631e-5     5.072723e-9     3.32693e-10      #dY:6.6%   
  6.687403e-5     5.144289e-9     3.37386e-10      #dY:6.6%   
  6.877425e-5     5.216865e-9     3.42146e-10      #dY:6.6%   
  7.072847e-5     5.290465e-9     3.47496e-10      #dY:6.6%   
  7.273822e-5     5.365103e-9     3.52398e-10      #dY:6.6%   
  7.480507e-5     5.440794e-9     3.5737e-10       #dY:6.6%   
  7.693065e-5     5.517553e-9     3.6288e-10       #dY:6.6%   
  7.911663e-5     5.595395e-9     3.68e-10         #dY:6.6%   
  8.136473e-5     5.674335e-9     3.73611e-10      #dY:6.6%   
  8.36767e-5      5.754389e-9     3.78882e-10      #dY:6.6%   
  8.605437e-5     5.835572e-9     3.84602e-10      #dY:6.6%   
  8.84996e-5      5.9179e-9       3.90028e-10      #dY:6.6%   
  9.101432e-5     6.001391e-9     3.95875e-10      #dY:6.6%   
  9.360048e-5     6.086059e-9     4.01461e-10      #dY:6.6%   
  9.626014e-5     6.17192e-9      4.07432e-10      #dY:6.6%   
  9.899537e-5     6.258994e-9     4.13181e-10      #dY:6.6%   
  1.018083e-4     6.347297e-9     4.19301e-10      #dY:6.6%   
  1.047012e-4     6.436844e-9     4.25217e-10      #dY:6.6%   
  1.076763e-4     6.527655e-9     4.31216e-10      #dY:6.6%   
  1.107359e-4     6.619747e-9     4.37299e-10      #dY:6.6%   
  1.138824e-4     6.713138e-9     4.43468e-10      #dY:6.6%   
  1.171184e-4     6.807847e-9     4.49725e-10      #dY:6.6%   
  1.204463e-4     6.903893e-9     4.5607e-10       #dY:6.6%   
  1.238688e-4     7.001292e-9     4.62504e-10      #dY:6.6%   
  1.273885e-4     7.100066e-9     4.69029e-10      #dY:6.6%   
  1.310083e-4     7.200233e-9     4.75646e-10      #dY:6.6%   
  1.347309e-4     7.301814e-9     4.82356e-10      #dY:6.6%   
  1.385592e-4     7.404828e-9     4.89161e-10      #dY:6.6%   
  1.424964e-4     7.509294e-9     4.96062e-10      #dY:6.6%   
  1.465454e-4     7.615234e-9     5.03061e-10      #dY:6.6%   
  1.507095e-4     7.722668e-9     4.6405e-10       #dY:6.0%   
  1.549919e-4     7.831619e-9     4.70597e-10      #dY:6.0%   
  1.59396e-4      7.942106e-9     4.77236e-10      #dY:6.0%   
  1.639252e-4     8.054152e-9     4.83969e-10      #dY:6.0%   
  1.685831e-4     8.167779e-9     4.90796e-10      #dY:6.0%   
  1.733734e-4     8.283008e-9     4.9772e-10       #dY:6.0%   
  1.782998e-4     8.399862e-9     5.04742e-10      #dY:6.0%   
  1.833662e-4     8.518365e-9     5.11863e-10      #dY:6.0%   
  1.885765e-4     8.63854e-9      5.19084e-10      #dY:6.0%   
  1.939349e-4     8.76041e-9      5.26407e-10      #dY:6.0%   
  1.994456e-4     8.883999e-9     5.33834e-10      #dY:6.0%   
  2.051128e-4     9.00933e-9      5.59489e-10      #dY:6.2%   
  2.109411e-4     9.136431e-9     5.67382e-10      #dY:6.2%   
  2.16935e-4      9.265323e-9     5.75386e-10      #dY:6.2%   
  2.230992e-4     9.396034e-9     5.83504e-10      #dY:6.2%   
  2.294385e-4     9.528589e-9     5.91735e-10      #dY:6.2%   
  2.35958e-4      9.663014e-9     6.00083e-10      #dY:6.2%   
  2.426628e-4     9.799333e-9     6.08549e-10      #dY:6.2%   
  2.49558e-4      9.937576e-9     6.17134e-10      #dY:6.2%   
  2.566492e-4     1.007777e-8     6.36875e-10      #dY:6.3%   
  2.639419e-4     1.021993e-8     6.45859e-10      #dY:6.3%   
  2.714418e-4     1.036412e-8     6.54971e-10      #dY:6.3%   
  2.791548e-4     1.051033e-8     6.64211e-10      #dY:6.3%   
  2.870869e-4     1.06586e-8      6.73581e-10      #dY:6.3%   
  2.952445e-4     1.080896e-8     6.83083e-10      #dY:6.3%   
  3.036339e-4     1.096144e-8     6.99279e-10      #dY:6.4%   
  3.122616e-4     1.111607e-8     7.09144e-10      #dY:6.4%   
  3.211345e-4     1.127289e-8     7.19148e-10      #dY:6.4%   
  3.302595e-4     1.143191e-8     7.29292e-10      #dY:6.4%   
  3.396438e-4     1.159318e-8     7.39581e-10      #dY:6.4%   
  3.492948e-4     1.175672e-8     7.50014e-10      #dY:6.4%   
  3.5922e-4       1.192256e-8     7.66229e-10      #dY:6.4%   
  3.694272e-4     1.209075e-8     7.77038e-10      #dY:6.4%   
  3.799245e-4     1.226131e-8     7.88e-10         #dY:6.4%   
  3.9072e-4       1.243428e-8     7.99116e-10      #dY:6.4%   
  4.018223e-4     1.260967e-8     8.14739e-10      #dY:6.5%   
  4.132401e-4     1.278755e-8     8.26232e-10      #dY:6.5%   
  4.249823e-4     1.296794e-8     8.37887e-10      #dY:6.5%   
  4.370581e-4     1.315086e-8     8.49706e-10      #dY:6.5%   
  4.494771e-4     1.333637e-8     8.61692e-10      #dY:6.5%   
  4.62249e-4      1.352449e-8     8.77406e-10      #dY:6.5%   
  4.753837e-4     1.371526e-8     8.89783e-10      #dY:6.5%   
  4.888918e-4     1.390873e-8     9.02334e-10      #dY:6.5%   
  5.027836e-4     1.410491e-8     9.17981e-10      #dY:6.5%   
  5.170702e-4     1.430386e-8     9.30929e-10      #dY:6.5%   
  5.317627e-4     1.450563e-8     9.44061e-10      #dY:6.5%   
  5.468727e-4     1.471023e-8     9.57377e-10      #dY:6.5%   
  5.624121e-4     1.491772e-8     9.73371e-10      #dY:6.5%   
  5.78393e-4      1.512813e-8     9.87101e-10      #dY:6.5%   
  5.94828e-4      1.534151e-8     1.00102e-9       #dY:6.5%   
  6.1173e-4       1.555789e-8     1.01729e-9       #dY:6.5%   
  6.291123e-4     1.577732e-8     1.03163e-9       #dY:6.5%   
  6.469885e-4     1.599985e-8     1.04618e-9       #dY:6.5%   
  6.653726e-4     1.622552e-8     1.06288e-9       #dY:6.6%   
  6.842792e-4     1.645436e-8     1.07787e-9       #dY:6.6%   
  7.037229e-4     1.668643e-8     1.09471e-9       #dY:6.6%   
  7.237192e-4     1.692176e-8     1.11015e-9       #dY:6.6%   
  7.442836e-4     1.716041e-8     1.1258e-9        #dY:6.6%   
  7.654324e-4     1.740242e-8     1.14469e-9       #dY:6.6%   
  7.871821e-4     1.764785e-8     1.16084e-9       #dY:6.6%   
  8.095499e-4     1.789673e-8     1.17853e-9       #dY:6.6%   
  8.325532e-4     1.814912e-8     1.19515e-9       #dY:6.6%   
  8.562102e-4     1.840505e-8     1.21325e-9       #dY:6.6%   
  8.805393e-4     1.86646e-8      1.23036e-9       #dY:6.6%   
  9.055598e-4     1.892779e-8     1.25048e-9       #dY:6.6%   
  9.312913e-4     1.91947e-8      1.26812e-9       #dY:6.6%   
  9.577539e-4     1.946537e-8     1.28696e-9       #dY:6.6%   
  9.849684e-4     1.973984e-8     1.30511e-9       #dY:6.6%   
  1.012956e-3     2.001818e-8     1.32443e-9       #dY:6.6%   
  1.041739e-3     2.030044e-8     1.3431e-9        #dY:6.6%   
  1.07134e-3      2.058667e-8     1.36204e-9       #dY:6.6%   
  1.101782e-3     2.087693e-8     1.38125e-9       #dY:6.6%   
  1.133089e-3     2.117127e-8     1.40072e-9       #dY:6.6%   
  1.165286e-3     2.146977e-8     1.42047e-9       #dY:6.6%   
  1.198398e-3     2.177245e-8     1.4405e-9        #dY:6.6%   
  1.23245e-3      2.20794e-8      1.4608e-9        #dY:6.6%   
  1.26747e-3      2.239066e-8     1.4814e-9        #dY:6.6%   
  1.303485e-3     2.27063e-8      1.50228e-9       #dY:6.6%   
  1.340524e-3     2.302638e-8     1.52346e-9       #dY:6.6%   
  1.378615e-3     2.335096e-8     1.54493e-9       #dY:6.6%   
  1.417788e-3     2.368011e-8     1.56671e-9       #dY:6.6%   
  1.458074e-3     2.401389e-8     1.58879e-9       #dY:6.6%   
  1.499505e-3     2.435236e-8     1.61119e-9       #dY:6.6%   
  1.542114e-3     2.469559e-8     1.48621e-9       #dY:6.0%   
  1.585933e-3     2.504363e-8     1.50716e-9       #dY:6.0%   
  1.630997e-3     2.539658e-8     1.5284e-9        #dY:6.0%   
  1.677342e-3     2.575447e-8     1.54994e-9       #dY:6.0%   
  1.725003e-3     2.61174e-8      1.57178e-9       #dY:6.0%   
  1.774019e-3     2.648542e-8     1.59393e-9       #dY:6.0%   
  1.824428e-3     2.685863e-8     1.61639e-9       #dY:6.0%   
  1.876269e-3     2.723706e-8     1.63916e-9       #dY:6.0%   
  1.929583e-3     2.762081e-8     1.66226e-9       #dY:6.0%   
  1.984412e-3     2.800995e-8     1.68568e-9       #dY:6.0%   
  2.040799e-3     2.840455e-8     1.77626e-9       #dY:6.3%   
  2.098788e-3     2.880468e-8     1.80128e-9       #dY:6.3%   
  2.158425e-3     2.921043e-8     1.82665e-9       #dY:6.3%   
  2.219757e-3     2.962188e-8     1.85238e-9       #dY:6.3%   
  2.282831e-3     3.003908e-8     1.87847e-9       #dY:6.3%   
  2.347698e-3     3.046215e-8     1.90493e-9       #dY:6.3%   
  2.414407e-3     3.089114e-8     1.93176e-9       #dY:6.3%   
  2.483013e-3     3.132615e-8     1.95896e-9       #dY:6.3%   
  2.553567e-3     3.176725e-8     2.02455e-9       #dY:6.4%   
  2.626127e-3     3.221453e-8     2.05306e-9       #dY:6.4%   
  2.700748e-3     3.266807e-8     2.08196e-9       #dY:6.4%   
  2.77749e-3      3.312797e-8     2.11127e-9       #dY:6.4%   
  2.856412e-3     3.35943e-8      2.14099e-9       #dY:6.4%   
  2.937577e-3     3.406716e-8     2.17113e-9       #dY:6.4%   
  3.021048e-3     3.454664e-8     2.23187e-9       #dY:6.5%   
  3.106891e-3     3.503283e-8     2.26328e-9       #dY:6.5%   
  3.195173e-3     3.552581e-8     2.29513e-9       #dY:6.5%   
  3.285964e-3     3.602568e-8     2.32742e-9       #dY:6.5%   
  3.379334e-3     3.653254e-8     2.36017e-9       #dY:6.5%   
  3.475358e-3     3.704648e-8     2.39337e-9       #dY:6.5%   
  3.57411e-3      3.75676e-8      2.44848e-9       #dY:6.5%   
  3.675668e-3     3.8096e-8       2.48292e-9       #dY:6.5%   
  3.780112e-3     3.863176e-8     2.51783e-9       #dY:6.5%   
  3.887524e-3     3.917501e-8     2.55324e-9       #dY:6.5%   
  3.997988e-3     3.972583e-8     2.58914e-9       #dY:6.5%   
  4.11159e-3      4.028432e-8     2.64343e-9       #dY:6.6%   
  4.228421e-3     4.08506e-8      2.68059e-9       #dY:6.6%   
  4.348571e-3     4.142477e-8     2.71827e-9       #dY:6.6%   
  4.472136e-3     4.200693e-8     2.75647e-9       #dY:6.6%   
  4.599211e-3     4.259719e-8     2.80681e-9       #dY:6.6%   
  4.729898e-3     4.319568e-8     2.84624e-9       #dY:6.6%   
  4.864298e-3     4.380247e-8     2.88622e-9       #dY:6.6%   
  5.002517e-3     4.441771e-8     2.94031e-9       #dY:6.6%   
  5.144663e-3     4.504149e-8     2.98161e-9       #dY:6.6%   
  5.290848e-3     4.567393e-8     3.02347e-9       #dY:6.6%   
  5.441187e-3     4.631514e-8     3.06592e-9       #dY:6.6%   
  5.595798e-3     4.696525e-8     3.11718e-9       #dY:6.6%   
  5.754803e-3     4.762437e-8     3.16093e-9       #dY:6.6%   
  5.918325e-3     4.829263e-8     3.20528e-9       #dY:6.6%   
  6.086494e-3     4.897013e-8     3.25749e-9       #dY:6.7%   
  6.259442e-3     4.965701e-8     3.30318e-9       #dY:6.7%   
  6.437303e-3     5.035339e-8     3.3495e-9        #dY:6.7%   
  6.620219e-3     5.105939e-8     3.40727e-9       #dY:6.7%   
  6.808332e-3     5.177514e-8     3.45503e-9       #dY:6.7%   
  7.001791e-3     5.250078e-8     3.51387e-9       #dY:6.7%   
  7.200746e-3     5.323641e-8     3.56311e-9       #dY:6.7%   
  7.405355e-3     5.39822e-8      3.61302e-9       #dY:6.7%   
  7.615778e-3     5.473825e-8     3.66879e-9       #dY:6.7%   
  7.83218e-3      5.55047e-8      3.72016e-9       #dY:6.7%   
  8.054731e-3     5.628169e-8     3.77697e-9       #dY:6.7%   
  8.283606e-3     5.706936e-8     3.82983e-9       #dY:6.7%   
  8.518984e-3     5.786783e-8     3.89291e-9       #dY:6.7%   
  8.761051e-3     5.867726e-8     3.94736e-9       #dY:6.7%   
  9.009996e-3     5.949778e-8     4.0066e-9        #dY:6.7%   
  9.266014e-3     6.032953e-8     4.06261e-9       #dY:6.7%   
  9.529308e-3     6.117266e-8     4.12319e-9       #dY:6.7%   
  9.800082e-3     6.20273e-8      4.18079e-9       #dY:6.7%   
  0.01007855      6.289362e-8     4.24839e-9       #dY:6.8%   
  0.01036493      6.377174e-8     4.3077e-9        #dY:6.8%   
  0.01065945      6.466182e-8     4.36783e-9       #dY:6.8%   
  0.01096234      6.556402e-8     4.42877e-9       #dY:6.8%   
  0.01127383      6.647848e-8     4.49054e-9       #dY:6.8%   
  0.01159418      6.740534e-8     4.55315e-9       #dY:6.8%   
  0.01192363      6.834477e-8     4.61661e-9       #dY:6.8%   
  0.01226244      6.929692e-8     4.68092e-9       #dY:6.8%   
  0.01261087      7.026195e-8     4.74611e-9       #dY:6.8%   
  0.01296921      7.124e-8        4.81218e-9       #dY:6.8%   
  0.01333773      7.223124e-8     4.87913e-9       #dY:6.8%   
  0.01371672      7.323584e-8     4.94699e-9       #dY:6.8%   
  0.01410648      7.425394e-8     5.01576e-9       #dY:6.8%   
  0.01450732      7.52857e-8      5.08546e-9       #dY:6.8%   
  0.01491954      7.633131e-8     5.15609e-9       #dY:6.8%   
  0.01534348      7.73909e-8      4.76124e-9       #dY:6.2%   
  0.01577946      7.846465e-8     4.8273e-9        #dY:6.2%   
  0.01622784      7.955272e-8     4.89424e-9       #dY:6.2%   
  0.01668895      8.065528e-8     4.96207e-9       #dY:6.2%   
  0.01716317      8.177249e-8     5.0308e-9        #dY:6.2%   
  0.01765086      8.290453e-8     5.10045e-9       #dY:6.2%   
  0.0181524       8.405155e-8     5.17101e-9       #dY:6.2%   
  0.0186682       8.521372e-8     5.24251e-9       #dY:6.2%   
  0.01919866      8.639121e-8     5.31495e-9       #dY:6.2%   
  0.01974419      8.758421e-8     5.38835e-9       #dY:6.2%   
  0.02030522      8.879286e-8     5.64624e-9       #dY:6.4%   
  0.02088219      9.001734e-8     5.7241e-9        #dY:6.4%   
  0.02147556      9.125783e-8     5.80298e-9       #dY:6.4%   
  0.02208579      9.251449e-8     5.88289e-9       #dY:6.4%   
  0.02271335      9.378749e-8     5.96384e-9       #dY:6.4%   
  0.02335875      9.507699e-8     6.04584e-9       #dY:6.4%   
  0.02402249      9.638318e-8     6.1289e-9        #dY:6.4%   
  0.02470509      9.770622e-8     6.21303e-9       #dY:6.4%   
  0.02540708      9.904627e-8     6.40933e-9       #dY:6.5%   
  0.02612902      1.004035e-7     6.49715e-9       #dY:6.5%   
  0.02687148      1.017781e-7     6.58611e-9       #dY:6.5%   
  0.02763503      1.031702e-7     6.67619e-9       #dY:6.5%   
  0.02842028      1.0458e-7       6.76742e-9       #dY:6.5%   
  0.02922784      1.060077e-7     6.8598e-9        #dY:6.5%   
  0.03005834      1.074534e-7     7.02978e-9       #dY:6.5%   
  0.03091245      1.089172e-7     7.12555e-9       #dY:6.5%   
  0.03179083      1.103994e-7     7.22251e-9       #dY:6.5%   
  0.03269416      1.119e-7        7.32069e-9       #dY:6.5%   
  0.03362317      1.134194e-7     7.42009e-9       #dY:6.5%   
  0.03457857      1.149575e-7     7.52071e-9       #dY:6.5%   
  0.03556111      1.165146e-7     7.71007e-9       #dY:6.6%   
  0.03657158      1.180908e-7     7.81437e-9       #dY:6.6%   
  0.03761076      1.196862e-7     7.91994e-9       #dY:6.6%   
  0.03867947      1.213011e-7     8.0268e-9        #dY:6.6%   
  0.03977855      1.229355e-7     8.13496e-9       #dY:6.6%   
  0.04090885      1.245894e-7     8.33439e-9       #dY:6.7%   
  0.04207127      1.262633e-7     8.44637e-9       #dY:6.7%   
  0.04326673      1.279571e-7     8.55967e-9       #dY:6.7%   
  0.04449615      1.29671e-7      8.67432e-9       #dY:6.7%   
  0.04576051      1.31405e-7      8.82764e-9       #dY:6.7%   
  0.04706079      1.331593e-7     8.94549e-9       #dY:6.7%   
  0.04839802      1.34934e-7      9.06471e-9       #dY:6.7%   
  0.04977325      1.367293e-7     9.18532e-9       #dY:6.7%   
  0.05118755      1.38545e-7      9.36477e-9       #dY:6.8%   
  0.05264204      1.403815e-7     9.48891e-9       #dY:6.8%   
  0.05413786      1.422388e-7     9.61445e-9       #dY:6.8%   
  0.05567619      1.441169e-7     9.70314e-9       #dY:6.7%   
  0.05725822      1.460159e-7     9.83099e-9       #dY:6.7%   
  0.05888521      1.479359e-7     9.96026e-9       #dY:6.7%   
  0.06055844      1.498769e-7     1.00597e-8       #dY:6.7%   
  0.0622792       1.518389e-7     1.01914e-8       #dY:6.7%   
  0.06404886      1.53822e-7      1.03245e-8       #dY:6.7%   
  0.06586881      1.558263e-7     1.04779e-8       #dY:6.7%   
  0.06774047      1.578517e-7     1.06141e-8       #dY:6.7%   
  0.06966531      1.598982e-7     1.07517e-8       #dY:6.7%   
  0.07164484      1.619658e-7     1.09077e-8       #dY:6.7%   
  0.07368063      1.640544e-7     1.10484e-8       #dY:6.7%   
  0.07577426      1.66164e-7      1.11903e-8       #dY:6.7%   
  0.07792738      1.682948e-7     1.13338e-8       #dY:6.7%   
  0.08014169      1.704463e-7     1.14608e-8       #dY:6.7%   
  0.08241891      1.726187e-7     1.16069e-8       #dY:6.7%   
  0.08476084      1.748118e-7     1.17544e-8       #dY:6.7%   
  0.08716931      1.770254e-7     1.19171e-8       #dY:6.7%   
  0.08964623      1.792596e-7     1.20675e-8       #dY:6.7%   
  0.09219352      1.815141e-7     1.21632e-8       #dY:6.7%   
  0.09481319      1.837886e-7     1.23156e-8       #dY:6.7%   
  0.09750731      1.860831e-7     1.24447e-8       #dY:6.7%   
  0.100278        1.883973e-7     1.25909e-8       #dY:6.7%   
  0.1031274       1.907309e-7     1.27469e-8       #dY:6.7%   
  0.1060577       1.930837e-7     1.29041e-8       #dY:6.7%   
  0.1090714       1.954554e-7     1.30626e-8       #dY:6.7%   
  0.1121706       1.978457e-7     1.32224e-8       #dY:6.7%   
  0.1153579       2.002542e-7     1.33834e-8       #dY:6.7%   
  0.1186358       2.026806e-7     1.35455e-8       #dY:6.7%   
  0.1220069       2.051245e-7     1.37088e-8       #dY:6.7%   
  0.1254737       2.075854e-7     1.38733e-8       #dY:6.7%   
  0.129039        2.100628e-7     1.40389e-8       #dY:6.7%   
  0.1327056       2.125563e-7     1.42055e-8       #dY:6.7%   
  0.1364765       2.150653e-7     1.43732e-8       #dY:6.7%   
  0.1403544       2.175893e-7     1.45419e-8       #dY:6.7%   
  0.1443426       2.201276e-7     1.47115e-8       #dY:6.7%   
  0.1484441       2.226797e-7     1.48821e-8       #dY:6.7%   
  0.1526621       2.252448e-7     1.38448e-8       #dY:6.1%   
  0.157           2.278221e-7     1.40032e-8       #dY:6.1%   
  0.1614612       2.30411e-7      1.41623e-8       #dY:6.1%   
  0.1660491       2.330106e-7     1.43221e-8       #dY:6.1%   
  0.1707673       2.3562e-7       1.44825e-8       #dY:6.1%   
  0.1756197       2.382385e-7     1.46434e-8       #dY:6.1%   
  0.1806099       2.40865e-7      1.48049e-8       #dY:6.1%   
  0.1857419       2.434983e-7     1.49667e-8       #dY:6.1%   
  0.1910198       2.461377e-7     1.5129e-8        #dY:6.1%   
  0.1964476       2.487818e-7     1.52915e-8       #dY:6.1%   
  0.2020297       2.514296e-7     1.56215e-8       #dY:6.2%   
  0.2077703       2.540798e-7     1.57861e-8       #dY:6.2%   
  0.2136741       2.567313e-7     1.59509e-8       #dY:6.2%   
  0.2197456       2.593826e-7     1.61156e-8       #dY:6.2%   
  0.2259897       2.620322e-7     1.62802e-8       #dY:6.2%   
  0.2324112       2.646789e-7     1.64447e-8       #dY:6.2%   
  0.2390152       2.67321e-7      1.66088e-8       #dY:6.2%   
  0.2458068       2.699571e-7     1.67726e-8       #dY:6.2%   
  0.2527913       2.725853e-7     1.68743e-8       #dY:6.2%   
  0.2599744       2.752042e-7     1.70364e-8       #dY:6.2%   
  0.2673616       2.778119e-7     1.71978e-8       #dY:6.2%   
  0.2749586       2.804065e-7     1.73584e-8       #dY:6.2%   
  0.2827716       2.829862e-7     1.75181e-8       #dY:6.2%   
  0.2908065       2.855492e-7     1.76768e-8       #dY:6.2%   
  0.2990698       2.880931e-7     1.78343e-8       #dY:6.2%   
  0.3075678       2.906163e-7     1.72087e-8       #dY:5.9%   
  0.3163073       2.931165e-7     1.73567e-8       #dY:5.9%   
  0.3252952       2.955915e-7     1.75033e-8       #dY:5.9%   
  0.3345384       2.980391e-7     1.76482e-8       #dY:5.9%   
  0.3440443       3.004571e-7     1.77914e-8       #dY:5.9%   
  0.3538203       3.028433e-7     1.74899e-8       #dY:5.8%   
  0.3638741       3.051953e-7     1.76257e-8       #dY:5.8%   
  0.3742136       3.075107e-7     1.77594e-8       #dY:5.8%   
  0.3848469       3.097873e-7     1.78909e-8       #dY:5.8%   
  0.3957823       3.120226e-7     1.802e-8         #dY:5.8%   
  0.4070284       3.142142e-7     1.74644e-8       #dY:5.6%   
  0.4185941       3.163599e-7     1.75837e-8       #dY:5.6%   
  0.4304884       3.184569e-7     1.77003e-8       #dY:5.6%   
  0.4427207       3.205027e-7     1.7814e-8        #dY:5.6%   
  0.4553006       3.224937e-7     1.64203e-8       #dY:5.1%   
  0.468238        3.244257e-7     1.65187e-8       #dY:5.1%   
  0.4815429       3.262946e-7     1.66138e-8       #dY:5.1%   
  0.495226        3.280956e-7     1.67055e-8       #dY:5.1%   
  0.5092978       3.298243e-7     1.58529e-8       #dY:4.8%   
  0.5237694       3.31476e-7      1.59322e-8       #dY:4.8%   
  0.5386523       3.330458e-7     1.60077e-8       #dY:4.8%   
  0.5539581       3.34529e-7      1.46758e-8       #dY:4.4%   
  0.5696988       3.359205e-7     1.47369e-8       #dY:4.4%   
  0.5858868       3.372155e-7     1.47937e-8       #dY:4.4%   
  0.6025347       3.384088e-7     1.35757e-8       #dY:4.0%   
  0.6196557       3.394956e-7     1.36193e-8       #dY:4.0%   
  0.6372632       3.404705e-7     1.36584e-8       #dY:4.0%   
  0.655371        3.413288e-7     1.29016e-8       #dY:3.8%   
  0.6739934       3.420651e-7     1.29295e-8       #dY:3.8%   
  0.6931448       3.426746e-7     1.29525e-8       #dY:3.8%   
  0.7128405       3.431519e-7     1.13021e-8       #dY:3.3%   
  0.7330959       3.434921e-7     1.13133e-8       #dY:3.3%   
  0.7539267       3.436904e-7     1.08736e-8       #dY:3.2%   
  0.7753495       3.437418e-7     1.08752e-8       #dY:3.2%   
  0.7973811       3.436413e-7     1.08721e-8       #dY:3.2%   
  0.8200386       3.433845e-7     1.03889e-8       #dY:3.0%   
  0.84334         3.429664e-7     1.03762e-8       #dY:3.0%   
  0.8673034       3.42383e-7      9.87479e-9       #dY:2.9%   
  0.8919478       3.416298e-7     9.85307e-9       #dY:2.9%   
  0.9172925       3.407028e-7     9.15161e-9       #dY:2.7%   
  0.9433573       3.395983e-7     9.12194e-9       #dY:2.7%   
  0.9701628       3.383126e-7     8.92019e-9       #dY:2.6%   
  0.9977299       3.368426e-7     8.88143e-9       #dY:2.6%   
  1.02608         3.351853e-7     8.3351e-9        #dY:2.5%   
  1.055236        3.333383e-7     8.28917e-9       #dY:2.5%   
  1.085221        3.312991e-7     8.23846e-9       #dY:2.5%   
  1.116057        3.290656e-7     8.18292e-9       #dY:2.5%   
  1.14777         3.266356e-7     8.12249e-9       #dY:2.5%   
  1.180384        3.240072e-7     8.05713e-9       #dY:2.5%   
  1.213924        3.211785e-7     7.98679e-9       #dY:2.5%   
  1.248418        3.181479e-7     7.91143e-9       #dY:2.5%   
  1.283892        3.149144e-7     7.83102e-9       #dY:2.5%   
  1.320374        3.114772e-7     7.74555e-9       #dY:2.5%   
  1.357892        3.078363e-7     7.65501e-9       #dY:2.5%   
  1.396476        3.039922e-7     7.55942e-9       #dY:2.5%   
  1.436157        2.99946e-7      7.4588e-9        #dY:2.5%   
  1.476965        2.956995e-7     7.3532e-9        #dY:2.5%   
  1.518933        2.912553e-7     6.93454e-9       #dY:2.4%   
  1.562094        2.866164e-7     6.82409e-9       #dY:2.4%   
  1.606481        2.817866e-7     6.7091e-9        #dY:2.4%   
  1.652129        2.767703e-7     6.58966e-9       #dY:2.4%   
  1.699074        2.71573e-7      6.46592e-9       #dY:2.4%   
  1.747353        2.662003e-7     6.338e-9         #dY:2.4%   
  1.797004        2.606589e-7     6.20606e-9       #dY:2.4%   
  1.848066        2.549561e-7     6.07029e-9       #dY:2.4%   
  1.900578        2.491001e-7     5.93086e-9       #dY:2.4%   
  1.954583        2.430993e-7     5.78799e-9       #dY:2.4%   
  2.010123        2.369631e-7     2.49951e-9       #dY:1.1%   
  2.06724         2.307015e-7     2.43346e-9       #dY:1.1%   
  2.125981        2.243251e-7     2.36621e-9       #dY:1.1%   
  2.18639         2.17845e-7      2.29785e-9       #dY:1.1%   
  2.248517        2.112731e-7     2.22853e-9       #dY:1.1%   
  2.312408        2.046214e-7     2.15837e-9       #dY:1.1%   
  2.378115        1.979025e-7     2.0875e-9        #dY:1.1%   
  2.445689        1.911298e-7     2.01606e-9       #dY:1.1%   
  2.515183        1.843166e-7     2.22117e-9       #dY:1.2%   
  2.586652        1.774768e-7     2.13874e-9       #dY:1.2%   
  2.660152        1.706243e-7     2.05616e-9       #dY:1.2%   
  2.73574         1.637733e-7     1.9736e-9        #dY:1.2%   
  2.813476        1.569382e-7     1.89124e-9       #dY:1.2%   
  2.89342         1.501335e-7     1.80923e-9       #dY:1.2%   
  2.975637        1.433734e-7     1.72777e-9       #dY:1.2%   
  3.060189        1.366722e-7     3.55797e-9       #dY:2.6%   
  3.147145        1.300439e-7     3.38542e-9       #dY:2.6%   
  3.236571        1.235025e-7     3.21512e-9       #dY:2.6%   
  3.328538        1.170613e-7     3.04744e-9       #dY:2.6%   
  3.423118        1.107335e-7     2.88271e-9       #dY:2.6%   
  3.520386        1.045315e-7     3.71392e-9       #dY:3.6%   
  3.620417        9.846746e-8     3.49847e-9       #dY:3.6%   
  3.723291        9.255261e-8     3.28832e-9       #dY:3.6%   
  3.829088        8.67976e-8      3.08385e-9       #dY:3.6%   
  3.937892        8.121229e-8     2.88541e-9       #dY:3.6%   
  4.049787        7.580566e-8     3.23295e-9       #dY:4.3%   
  4.164861        7.05858e-8      3.01034e-9       #dY:4.3%   
  4.283206        6.555987e-8     2.79599e-9       #dY:4.3%   
  4.404913        6.073399e-8     2.59018e-9       #dY:4.3%   
  4.530078        5.61133e-8      2.76699e-9       #dY:4.9%   
  4.6588          5.170186e-8     2.54946e-9       #dY:4.9%   
  4.79118         4.750265e-8     2.34239e-9       #dY:4.9%   
  4.927321        4.35176e-8      2.14589e-9       #dY:4.9%   
  5.06733         3.974752e-8     2.22772e-9       #dY:5.6%   
  5.211318        3.619221e-8     2.02846e-9       #dY:5.6%   
  5.359398        3.285037e-8     1.84116e-9       #dY:5.6%   
  5.511685        2.971975e-8     1.89348e-9       #dY:6.4%   
  5.668299        2.679706e-8     1.70727e-9       #dY:6.4%   
  5.829363        2.407818e-8     1.53405e-9       #dY:6.4%   
  5.995004        2.155803e-8     1.37349e-9       #dY:6.4%   
  6.165352        1.923083e-8     1.3813e-9        #dY:7.2%   
  6.34054         1.709001e-8     1.22753e-9       #dY:7.2%   
  6.520707        1.512842e-8     1.21038e-9       #dY:8.0%   
  6.705992        1.33383e-8      1.06716e-9       #dY:8.0%   
  6.896543        1.171147e-8     9.36998e-10      #dY:8.0%   
  7.092508        1.023934e-8     9.04039e-10      #dY:8.8%   
  7.294041        8.913063e-9     7.86941e-10      #dY:8.8%   
  7.501301        7.723589e-9     7.44042e-10      #dY:9.6%   
  7.71445         6.661768e-9     6.41753e-10      #dY:9.6%   
  7.933656        5.718432e-9     5.50878e-10      #dY:9.6%   
  8.15909         4.884486e-9     5.08547e-10      #dY:10.4%  
  8.39093         4.150979e-9     4.32178e-10      #dY:10.4%  
  8.629358        3.509174e-9     3.86526e-10      #dY:11.0%  
  8.874561        2.95062e-9      3.25003e-10      #dY:11.0%  
  9.126731        2.467202e-9     2.89656e-10      #dY:11.7%  
  9.386067        2.05119e-9      2.40815e-10      #dY:11.7%  
  9.652772        1.69528e-9      2.09117e-10      #dY:12.3%  
  9.927055        1.392622e-9     1.71783e-10      #dY:12.3%  
  10.20913        1.136846e-9     1.47911e-10      #dY:13.0%  
  10.49922        9.22068e-10     1.19967e-10      #dY:13.0%  
  10.79756        7.42904e-10     9.66564e-11      #dY:13.0%  
  11.10437        5.9446e-10      9.50965e-11      #dY:16.0%  
  11.4199         4.72326e-10     7.55585e-11      #dY:16.0%  
  11.7444         3.72561e-10     5.9599e-11       #dY:16.0%  
  12.07811        2.91671e-10     5.06833e-11      #dY:17.4%  
  12.42131        2.26584e-10     3.93732e-11      #dY:17.4%  
  12.77426        1.74623e-10     3.0344e-11       #dY:17.4%  
  13.13724        1.33478e-10     2.4895e-11       #dY:18.7%  
  13.51054        1.01167e-10     1.88687e-11      #dY:18.7%  
  13.89444        7.60118e-11     1.4177e-11       #dY:18.7%  
  14.28925        5.66003e-11     1.13251e-11      #dY:20.0%  
  14.69528        4.17575e-11     8.35525e-12      #dY:20.0%  
  15.11284        3.05144e-11     6.46526e-12      #dY:21.2%  
  15.54227        2.20802e-11     4.67826e-12      #dY:21.2%  
  15.98391        1.58161e-11     3.35105e-12      #dY:21.2%  
  16.43809        1.12114e-11     2.51681e-12      #dY:22.4%  
  16.90518        7.8622e-12      1.76496e-12      #dY:22.4%  
  17.38554        5.45272e-12     1.29786e-12      #dY:23.8%  
  17.87954        3.73868e-12     8.89883e-13      #dY:23.8%  
  18.38759        2.53343e-12     6.44129e-13      #dY:25.4%  
  18.91007        1.69601e-12     4.31214e-13      #dY:25.4%  
  19.4474         1.12129e-12     2.8509e-13       #dY:25.4%  
  20              0.00            0.00                        
//
#-------------------------------------------------------------------------------
#
#name:   JENDL-5: U-235(N,F) E_in=4. MeV
#X.axis: Energy
#Y.axis: 
#wdata:  3
#ldata:  602
#data...
# X               Y               +-dY           
# MeV             1/eV            1/eV           
  0.00            0.00            0.00                        
  1.00e-6         6.19748e-10     4.01908e-12      #dY:0.6%   
  1.028415e-6     6.28492e-10     3.77912e-12      #dY:0.6%   
  1.057637e-6     6.37359e-10     3.83244e-12      #dY:0.6%   
  1.08769e-6      6.4635e-10      3.8865e-12       #dY:0.6%   
  1.118597e-6     6.55469e-10     3.94133e-12      #dY:0.6%   
  1.150382e-6     6.64716e-10     3.99694e-12      #dY:0.6%   
  1.18307e-6      6.74094e-10     4.05332e-12      #dY:0.6%   
  1.216686e-6     6.83604e-10     4.11051e-12      #dY:0.6%   
  1.251259e-6     6.93248e-10     4.1685e-12       #dY:0.6%   
  1.286813e-6     7.03029e-10     4.22731e-12      #dY:0.6%   
  1.323378e-6     7.12947e-10     4.28695e-12      #dY:0.6%   
  1.360981e-6     7.23005e-10     4.34743e-12      #dY:0.6%   
  1.399654e-6     7.33205e-10     4.40876e-12      #dY:0.6%   
  1.439425e-6     7.43549e-10     4.47096e-12      #dY:0.6%   
  1.480326e-6     7.54039e-10     4.53403e-12      #dY:0.6%   
  1.522389e-6     7.64677e-10     4.23742e-11      #dY:5.5%   
  1.565648e-6     7.75465e-10     4.2972e-11       #dY:5.5%   
  1.610136e-6     7.86405e-10     4.35782e-11      #dY:5.5%   
  1.655888e-6     7.975e-10       4.4193e-11       #dY:5.5%   
  1.70294e-6      8.08751e-10     4.48165e-11      #dY:5.5%   
  1.751329e-6     8.20161e-10     4.54488e-11      #dY:5.5%   
  1.801093e-6     8.31732e-10     4.609e-11        #dY:5.5%   
  1.852271e-6     8.43466e-10     4.67402e-11      #dY:5.5%   
  1.904903e-6     8.55365e-10     4.73996e-11      #dY:5.5%   
  1.959031e-6     8.67433e-10     4.80683e-11      #dY:5.5%   
  2.014696e-6     8.7967e-10      5.03702e-11      #dY:5.7%   
  2.071944e-6     8.92081e-10     5.10808e-11      #dY:5.7%   
  2.130818e-6     9.04666e-10     5.18014e-11      #dY:5.7%   
  2.191365e-6     9.17429e-10     5.25323e-11      #dY:5.7%   
  2.253633e-6     9.30372e-10     5.32734e-11      #dY:5.7%   
  2.317669e-6     9.43498e-10     5.4025e-11       #dY:5.7%   
  2.383526e-6     9.56808e-10     5.47871e-11      #dY:5.7%   
  2.451254e-6     9.70307e-10     5.55601e-11      #dY:5.7%   
  2.520906e-6     9.83996e-10     5.73314e-11      #dY:5.8%   
  2.592537e-6     9.97878e-10     5.81402e-11      #dY:5.8%   
  2.666204e-6     1.011956e-9     5.89604e-11      #dY:5.8%   
  2.741964e-6     1.026233e-9     5.97922e-11      #dY:5.8%   
  2.819877e-6     1.04071e-9      6.06357e-11      #dY:5.8%   
  2.900004e-6     1.055393e-9     6.14912e-11      #dY:5.8%   
  2.982407e-6     1.070283e-9     6.23588e-11      #dY:5.8%   
  3.067152e-6     1.085382e-9     6.39235e-11      #dY:5.9%   
  3.154305e-6     1.100695e-9     6.48254e-11      #dY:5.9%   
  3.243935e-6     1.116223e-9     6.57399e-11      #dY:5.9%   
  3.336111e-6     1.131971e-9     6.66674e-11      #dY:5.9%   
  3.430906e-6     1.14794e-9      6.76078e-11      #dY:5.9%   
  3.528395e-6     1.164135e-9     6.90667e-11      #dY:5.9%   
  3.628655e-6     1.180559e-9     7.00411e-11      #dY:5.9%   
  3.731763e-6     1.197214e-9     7.10292e-11      #dY:5.9%   
  3.837801e-6     1.214105e-9     7.20314e-11      #dY:5.9%   
  3.946851e-6     1.231233e-9     7.30475e-11      #dY:5.9%   
  4.059001e-6     1.248603e-9     7.44728e-11      #dY:6.0%   
  4.174337e-6     1.266218e-9     7.55235e-11      #dY:6.0%   
  4.292951e-6     1.284082e-9     7.6589e-11       #dY:6.0%   
  4.414935e-6     1.302198e-9     7.76695e-11      #dY:6.0%   
  4.540385e-6     1.320569e-9     7.9084e-11       #dY:6.0%   
  4.6694e-6       1.3392e-9       8.01998e-11      #dY:6.0%   
  4.802081e-6     1.358093e-9     8.13312e-11      #dY:6.0%   
  4.938532e-6     1.377253e-9     8.24786e-11      #dY:6.0%   
  5.07886e-6      1.396683e-9     8.39071e-11      #dY:6.0%   
  5.223175e-6     1.416388e-9     8.50909e-11      #dY:6.0%   
  5.371592e-6     1.43637e-9      8.62913e-11      #dY:6.0%   
  5.524225e-6     1.456635e-9     8.77325e-11      #dY:6.0%   
  5.681196e-6     1.477184e-9     8.89702e-11      #dY:6.0%   
  5.842627e-6     1.498024e-9     9.02254e-11      #dY:6.0%   
  6.008645e-6     1.519158e-9     9.16904e-11      #dY:6.0%   
  6.17938e-6      1.540591e-9     9.2984e-11       #dY:6.0%   
  6.354967e-6     1.562325e-9     9.42958e-11      #dY:6.0%   
  6.535543e-6     1.584366e-9     9.57943e-11      #dY:6.0%   
  6.72125e-6      1.606718e-9     9.71458e-11      #dY:6.0%   
  6.912234e-6     1.629386e-9     9.85163e-11      #dY:6.0%   
  7.108645e-6     1.652373e-9     1.00056e-10      #dY:6.1%   
  7.310637e-6     1.675685e-9     1.01467e-10      #dY:6.1%   
  7.518368e-6     1.699325e-9     1.03031e-10      #dY:6.1%   
  7.732002e-6     1.7233e-9       1.04484e-10      #dY:6.1%   
  7.951707e-6     1.747612e-9     1.05959e-10      #dY:6.1%   
  8.177654e-6     1.772267e-9     1.07573e-10      #dY:6.1%   
  8.410022e-6     1.79727e-9      1.0909e-10       #dY:6.1%   
  8.648992e-6     1.822626e-9     1.10739e-10      #dY:6.1%   
  8.894753e-6     1.84834e-9      1.12301e-10      #dY:6.1%   
  9.147497e-6     1.874415e-9     1.13984e-10      #dY:6.1%   
  9.407423e-6     1.90086e-9      1.15592e-10      #dY:6.1%   
  9.674734e-6     1.927678e-9     1.17312e-10      #dY:6.1%   
  9.949641e-6     1.954873e-9     1.18967e-10      #dY:6.1%   
  1.023236e-5     1.982453e-9     1.20729e-10      #dY:6.1%   
  1.052311e-5     2.010421e-9     1.22432e-10      #dY:6.1%   
  1.082213e-5     2.038784e-9     1.2416e-10       #dY:6.1%   
  1.112964e-5     2.067547e-9     1.25911e-10      #dY:6.1%   
  1.144588e-5     2.096716e-9     1.27688e-10      #dY:6.1%   
  1.177112e-5     2.126296e-9     1.29489e-10      #dY:6.1%   
  1.210559e-5     2.156294e-9     1.31316e-10      #dY:6.1%   
  1.244957e-5     2.186715e-9     1.33168e-10      #dY:6.1%   
  1.280333e-5     2.217565e-9     1.35047e-10      #dY:6.1%   
  1.316713e-5     2.248851e-9     1.36952e-10      #dY:6.1%   
  1.354128e-5     2.280577e-9     1.38884e-10      #dY:6.1%   
  1.392605e-5     2.312752e-9     1.40844e-10      #dY:6.1%   
  1.432176e-5     2.345381e-9     1.42831e-10      #dY:6.1%   
  1.472871e-5     2.378468e-9     1.44846e-10      #dY:6.1%   
  1.514723e-5     2.412024e-9     1.33662e-10      #dY:5.5%   
  1.557764e-5     2.446054e-9     1.35547e-10      #dY:5.5%   
  1.602027e-5     2.480562e-9     1.3746e-10       #dY:5.5%   
  1.647549e-5     2.515558e-9     1.39399e-10      #dY:5.5%   
  1.694364e-5     2.551047e-9     1.41366e-10      #dY:5.5%   
  1.742509e-5     2.587037e-9     1.4336e-10       #dY:5.5%   
  1.792023e-5     2.623536e-9     1.45383e-10      #dY:5.5%   
  1.842943e-5     2.660549e-9     1.47434e-10      #dY:5.5%   
  1.89531e-5      2.698084e-9     1.49514e-10      #dY:5.5%   
  1.949165e-5     2.736148e-9     1.51623e-10      #dY:5.5%   
  2.004551e-5     2.77475e-9      1.58885e-10      #dY:5.7%   
  2.06151e-5      2.813896e-9     1.61126e-10      #dY:5.7%   
  2.120087e-5     2.853595e-9     1.634e-10        #dY:5.7%   
  2.18033e-5      2.893854e-9     1.65705e-10      #dY:5.7%   
  2.242284e-5     2.93468e-9      1.68043e-10      #dY:5.7%   
  2.305998e-5     2.976083e-9     1.70413e-10      #dY:5.7%   
  2.371523e-5     3.01807e-9      1.72818e-10      #dY:5.7%   
  2.43891e-5      3.060649e-9     1.75256e-10      #dY:5.7%   
  2.508211e-5     3.103828e-9     1.80846e-10      #dY:5.8%   
  2.579482e-5     3.147618e-9     1.83397e-10      #dY:5.8%   
  2.652778e-5     3.192024e-9     1.85985e-10      #dY:5.8%   
  2.728156e-5     3.237057e-9     1.88608e-10      #dY:5.8%   
  2.805677e-5     3.282726e-9     1.91269e-10      #dY:5.8%   
  2.8854e-5       3.329039e-9     1.93968e-10      #dY:5.8%   
  2.967388e-5     3.376005e-9     1.96704e-10      #dY:5.8%   
  3.051707e-5     3.423634e-9     2.01641e-10      #dY:5.9%   
  3.138421e-5     3.471935e-9     2.04485e-10      #dY:5.9%   
  3.227599e-5     3.520917e-9     2.0737e-10       #dY:5.9%   
  3.319311e-5     3.570591e-9     2.10296e-10      #dY:5.9%   
  3.413629e-5     3.620966e-9     2.13263e-10      #dY:5.9%   
  3.510627e-5     3.67205e-9      2.17868e-10      #dY:5.9%   
  3.610381e-5     3.723856e-9     2.20941e-10      #dY:5.9%   
  3.71297e-5      3.776392e-9     2.24058e-10      #dY:5.9%   
  3.818474e-5     3.82967e-9      2.27219e-10      #dY:5.9%   
  3.926976e-5     3.8837e-9       2.30425e-10      #dY:5.9%   
  4.038561e-5     3.93849e-9      2.34924e-10      #dY:6.0%   
  4.153316e-5     3.994055e-9     2.38238e-10      #dY:6.0%   
  4.271332e-5     4.050404e-9     2.41599e-10      #dY:6.0%   
  4.392702e-5     4.107548e-9     2.45008e-10      #dY:6.0%   
  4.517521e-5     4.165497e-9     2.49468e-10      #dY:6.0%   
  4.645886e-5     4.224264e-9     2.52987e-10      #dY:6.0%   
  4.777898e-5     4.283861e-9     2.56557e-10      #dY:6.0%   
  4.913662e-5     4.344298e-9     2.60176e-10      #dY:6.0%   
  5.053284e-5     4.405588e-9     2.64685e-10      #dY:6.0%   
  5.196872e-5     4.467743e-9     2.68419e-10      #dY:6.0%   
  5.344541e-5     4.530774e-9     2.72206e-10      #dY:6.0%   
  5.496406e-5     4.594695e-9     2.76046e-10      #dY:6.0%   
  5.652586e-5     4.659517e-9     2.80649e-10      #dY:6.0%   
  5.813204e-5     4.725255e-9     2.84609e-10      #dY:6.0%   
  5.978386e-5     4.791919e-9     2.88624e-10      #dY:6.0%   
  6.148262e-5     4.859524e-9     2.93312e-10      #dY:6.0%   
  6.322964e-5     4.928082e-9     2.9745e-10       #dY:6.0%   
  6.502631e-5     4.997609e-9     3.02179e-10      #dY:6.0%   
  6.687403e-5     5.068116e-9     3.06442e-10      #dY:6.0%   
  6.877425e-5     5.139617e-9     3.10765e-10      #dY:6.0%   
  7.072847e-5     5.212128e-9     3.15621e-10      #dY:6.1%   
  7.273822e-5     5.285661e-9     3.20074e-10      #dY:6.1%   
  7.480507e-5     5.360232e-9     3.2459e-10       #dY:6.1%   
  7.693065e-5     5.435855e-9     3.29592e-10      #dY:6.1%   
  7.911663e-5     5.512545e-9     3.34242e-10      #dY:6.1%   
  8.136473e-5     5.590316e-9     3.38859e-10      #dY:6.1%   
  8.36767e-5      5.669185e-9     3.4364e-10       #dY:6.1%   
  8.605437e-5     5.749166e-9     3.4883e-10       #dY:6.1%   
  8.84996e-5      5.830277e-9     3.53751e-10      #dY:6.1%   
  9.101432e-5     5.912531e-9     3.59053e-10      #dY:6.1%   
  9.360048e-5     5.995945e-9     3.64118e-10      #dY:6.1%   
  9.626014e-5     6.080536e-9     3.69542e-10      #dY:6.1%   
  9.899537e-5     6.166321e-9     3.74756e-10      #dY:6.1%   
  1.018083e-4     6.253317e-9     3.80317e-10      #dY:6.1%   
  1.047012e-4     6.341539e-9     3.85682e-10      #dY:6.1%   
  1.076763e-4     6.431006e-9     3.91124e-10      #dY:6.1%   
  1.107359e-4     6.521735e-9     3.96642e-10      #dY:6.1%   
  1.138824e-4     6.613744e-9     4.02237e-10      #dY:6.1%   
  1.171184e-4     6.707051e-9     4.07912e-10      #dY:6.1%   
  1.204463e-4     6.801674e-9     4.13667e-10      #dY:6.1%   
  1.238688e-4     6.897633e-9     4.19503e-10      #dY:6.1%   
  1.273885e-4     6.994945e-9     4.25422e-10      #dY:6.1%   
  1.310083e-4     7.093629e-9     4.31423e-10      #dY:6.1%   
  1.347309e-4     7.193706e-9     4.3751e-10       #dY:6.1%   
  1.385592e-4     7.295195e-9     4.43682e-10      #dY:6.1%   
  1.424964e-4     7.398116e-9     4.49942e-10      #dY:6.1%   
  1.465454e-4     7.502488e-9     4.56289e-10      #dY:6.1%   
  1.507095e-4     7.608334e-9     4.21042e-10      #dY:5.5%   
  1.549919e-4     7.715671e-9     4.26982e-10      #dY:5.5%   
  1.59396e-4      7.824524e-9     4.33006e-10      #dY:5.5%   
  1.639252e-4     7.934911e-9     4.39115e-10      #dY:5.5%   
  1.685831e-4     8.046856e-9     4.4531e-10       #dY:5.5%   
  1.733734e-4     8.16038e-9      4.51592e-10      #dY:5.5%   
  1.782998e-4     8.275505e-9     4.57963e-10      #dY:5.5%   
  1.833662e-4     8.392254e-9     4.64424e-10      #dY:5.5%   
  1.885765e-4     8.510651e-9     4.70976e-10      #dY:5.5%   
  1.939349e-4     8.630717e-9     4.7762e-10       #dY:5.5%   
  1.994456e-4     8.752478e-9     4.84358e-10      #dY:5.5%   
  2.051128e-4     8.875955e-9     5.0685e-10       #dY:5.7%   
  2.109411e-4     9.001174e-9     5.14001e-10      #dY:5.7%   
  2.16935e-4      9.12816e-9      5.21252e-10      #dY:5.7%   
  2.230992e-4     9.256936e-9     5.28606e-10      #dY:5.7%   
  2.294385e-4     9.387529e-9     5.36063e-10      #dY:5.7%   
  2.35958e-4      9.519964e-9     5.43626e-10      #dY:5.7%   
  2.426628e-4     9.654268e-9     5.51295e-10      #dY:5.7%   
  2.49558e-4      9.790465e-9     5.59072e-10      #dY:5.7%   
  2.566492e-4     9.928583e-9     5.76091e-10      #dY:5.8%   
  2.639419e-4     1.006865e-8     5.84218e-10      #dY:5.8%   
  2.714418e-4     1.021069e-8     5.9246e-10       #dY:5.8%   
  2.791548e-4     1.035474e-8     6.00818e-10      #dY:5.8%   
  2.870869e-4     1.050081e-8     6.09294e-10      #dY:5.8%   
  2.952445e-4     1.064895e-8     6.17889e-10      #dY:5.8%   
  3.036339e-4     1.079918e-8     6.33403e-10      #dY:5.9%   
  3.122616e-4     1.095152e-8     6.42338e-10      #dY:5.9%   
  3.211345e-4     1.110601e-8     6.51399e-10      #dY:5.9%   
  3.302595e-4     1.126269e-8     6.60589e-10      #dY:5.9%   
  3.396438e-4     1.142157e-8     6.69908e-10      #dY:5.9%   
  3.492948e-4     1.158269e-8     6.79358e-10      #dY:5.9%   
  3.5922e-4       1.174609e-8     6.9304e-10       #dY:5.9%   
  3.694272e-4     1.191179e-8     7.02816e-10      #dY:5.9%   
  3.799245e-4     1.207982e-8     7.1273e-10       #dY:5.9%   
  3.9072e-4       1.225023e-8     7.22785e-10      #dY:5.9%   
  4.018223e-4     1.242303e-8     7.36894e-10      #dY:5.9%   
  4.132401e-4     1.259828e-8     7.47289e-10      #dY:5.9%   
  4.249823e-4     1.277599e-8     7.5783e-10       #dY:5.9%   
  4.370581e-4     1.295621e-8     7.6852e-10       #dY:5.9%   
  4.494771e-4     1.313897e-8     7.79361e-10      #dY:5.9%   
  4.62249e-4      1.332432e-8     7.93563e-10      #dY:6.0%   
  4.753837e-4     1.351226e-8     8.04756e-10      #dY:6.0%   
  4.888918e-4     1.370287e-8     8.16108e-10      #dY:6.0%   
  5.027836e-4     1.389615e-8     8.30244e-10      #dY:6.0%   
  5.170702e-4     1.409217e-8     8.41955e-10      #dY:6.0%   
  5.317627e-4     1.429094e-8     8.53831e-10      #dY:6.0%   
  5.468727e-4     1.449252e-8     8.65875e-10      #dY:6.0%   
  5.624121e-4     1.469693e-8     8.8033e-10       #dY:6.0%   
  5.78393e-4      1.490423e-8     8.92747e-10      #dY:6.0%   
  5.94828e-4      1.511445e-8     9.05339e-10      #dY:6.0%   
  6.1173e-4       1.532764e-8     9.20054e-10      #dY:6.0%   
  6.291123e-4     1.554383e-8     9.33031e-10      #dY:6.0%   
  6.469885e-4     1.576306e-8     9.4619e-10       #dY:6.0%   
  6.653726e-4     1.598539e-8     9.62582e-10      #dY:6.0%   
  6.842792e-4     1.621084e-8     9.76157e-10      #dY:6.0%   
  7.037229e-4     1.643948e-8     9.91417e-10      #dY:6.0%   
  7.237192e-4     1.667133e-8     1.0054e-9        #dY:6.0%   
  7.442836e-4     1.690645e-8     1.01958e-9       #dY:6.0%   
  7.654324e-4     1.714489e-8     1.03528e-9       #dY:6.0%   
  7.871821e-4     1.738668e-8     1.04988e-9       #dY:6.0%   
  8.095499e-4     1.763189e-8     1.0674e-9        #dY:6.1%   
  8.325532e-4     1.788054e-8     1.08245e-9       #dY:6.1%   
  8.562102e-4     1.813269e-8     1.09878e-9       #dY:6.1%   
  8.805393e-4     1.83884e-8      1.11427e-9       #dY:6.1%   
  9.055598e-4     1.864771e-8     1.13103e-9       #dY:6.1%   
  9.312913e-4     1.891066e-8     1.14697e-9       #dY:6.1%   
  9.577539e-4     1.917733e-8     1.16567e-9       #dY:6.1%   
  9.849684e-4     1.944774e-8     1.18211e-9       #dY:6.1%   
  1.012956e-3     1.972197e-8     1.1996e-9        #dY:6.1%   
  1.041739e-3     2.000005e-8     1.21652e-9       #dY:6.1%   
  1.07134e-3      2.028206e-8     1.23367e-9       #dY:6.1%   
  1.101782e-3     2.056802e-8     1.25106e-9       #dY:6.1%   
  1.133089e-3     2.085801e-8     1.2687e-9        #dY:6.1%   
  1.165286e-3     2.115208e-8     1.28659e-9       #dY:6.1%   
  1.198398e-3     2.145029e-8     1.30473e-9       #dY:6.1%   
  1.23245e-3      2.175271e-8     1.32312e-9       #dY:6.1%   
  1.26747e-3      2.205937e-8     1.34178e-9       #dY:6.1%   
  1.303485e-3     2.237035e-8     1.36069e-9       #dY:6.1%   
  1.340524e-3     2.26857e-8      1.37987e-9       #dY:6.1%   
  1.378615e-3     2.300547e-8     1.39932e-9       #dY:6.1%   
  1.417788e-3     2.332976e-8     1.41905e-9       #dY:6.1%   
  1.458074e-3     2.36586e-8      1.43905e-9       #dY:6.1%   
  1.499505e-3     2.399207e-8     1.45933e-9       #dY:6.1%   
  1.542114e-3     2.433022e-8     1.34858e-9       #dY:5.5%   
  1.585933e-3     2.467313e-8     1.36759e-9       #dY:5.5%   
  1.630997e-3     2.502085e-8     1.38686e-9       #dY:5.5%   
  1.677342e-3     2.537346e-8     1.40641e-9       #dY:5.5%   
  1.725003e-3     2.573102e-8     1.42623e-9       #dY:5.5%   
  1.774019e-3     2.609361e-8     1.44632e-9       #dY:5.5%   
  1.824428e-3     2.64613e-8      1.4667e-9        #dY:5.5%   
  1.876269e-3     2.683414e-8     1.48737e-9       #dY:5.5%   
  1.929583e-3     2.721222e-8     1.50833e-9       #dY:5.5%   
  1.984412e-3     2.75956e-8      1.52958e-9       #dY:5.5%   
  2.040799e-3     2.798437e-8     1.60989e-9       #dY:5.8%   
  2.098788e-3     2.837859e-8     1.63257e-9       #dY:5.8%   
  2.158425e-3     2.877835e-8     1.65557e-9       #dY:5.8%   
  2.219757e-3     2.91837e-8      1.67889e-9       #dY:5.8%   
  2.282831e-3     2.959475e-8     1.70253e-9       #dY:5.8%   
  2.347698e-3     3.001157e-8     1.72651e-9       #dY:5.8%   
  2.414407e-3     3.043422e-8     1.75083e-9       #dY:5.8%   
  2.483013e-3     3.08628e-8      1.77548e-9       #dY:5.8%   
  2.553567e-3     3.129738e-8     1.83727e-9       #dY:5.9%   
  2.626127e-3     3.173805e-8     1.86314e-9       #dY:5.9%   
  2.700748e-3     3.218491e-8     1.88937e-9       #dY:5.9%   
  2.77749e-3      3.263801e-8     1.91597e-9       #dY:5.9%   
  2.856412e-3     3.309745e-8     1.94294e-9       #dY:5.9%   
  2.937577e-3     3.356333e-8     1.97029e-9       #dY:5.9%   
  3.021048e-3     3.403573e-8     2.02543e-9       #dY:6.0%   
  3.106891e-3     3.451472e-8     2.05393e-9       #dY:6.0%   
  3.195173e-3     3.500043e-8     2.08283e-9       #dY:6.0%   
  3.285964e-3     3.549292e-8     2.11214e-9       #dY:6.0%   
  3.379334e-3     3.599229e-8     2.14186e-9       #dY:6.0%   
  3.475358e-3     3.649865e-8     2.17199e-9       #dY:6.0%   
  3.57411e-3      3.701207e-8     2.22229e-9       #dY:6.0%   
  3.675668e-3     3.753266e-8     2.25354e-9       #dY:6.0%   
  3.780112e-3     3.806052e-8     2.28524e-9       #dY:6.0%   
  3.887524e-3     3.859574e-8     2.31737e-9       #dY:6.0%   
  3.997988e-3     3.913843e-8     2.34996e-9       #dY:6.0%   
  4.11159e-3      3.968868e-8     2.39932e-9       #dY:6.0%   
  4.228421e-3     4.02466e-8      2.43305e-9       #dY:6.0%   
  4.348571e-3     4.081229e-8     2.46724e-9       #dY:6.0%   
  4.472136e-3     4.138587e-8     2.50192e-9       #dY:6.0%   
  4.599211e-3     4.196742e-8     2.5476e-9        #dY:6.1%   
  4.729898e-3     4.255706e-8     2.5834e-9        #dY:6.1%   
  4.864298e-3     4.315491e-8     2.61969e-9       #dY:6.1%   
  5.002517e-3     4.376106e-8     2.66526e-9       #dY:6.1%   
  5.144663e-3     4.437563e-8     2.70269e-9       #dY:6.1%   
  5.290848e-3     4.499874e-8     2.74064e-9       #dY:6.1%   
  5.441187e-3     4.56305e-8      2.77911e-9       #dY:6.1%   
  5.595798e-3     4.627101e-8     2.82558e-9       #dY:6.1%   
  5.754803e-3     4.692041e-8     2.86524e-9       #dY:6.1%   
  5.918325e-3     4.75788e-8      2.90544e-9       #dY:6.1%   
  6.086494e-3     4.824632e-8     2.95665e-9       #dY:6.1%   
  6.259442e-3     4.892307e-8     2.99812e-9       #dY:6.1%   
  6.437303e-3     4.960917e-8     3.04017e-9       #dY:6.1%   
  6.620219e-3     5.030477e-8     3.09285e-9       #dY:6.1%   
  6.808332e-3     5.100997e-8     3.13621e-9       #dY:6.1%   
  7.001791e-3     5.17249e-8      3.18974e-9       #dY:6.2%   
  7.200746e-3     5.244969e-8     3.23443e-9       #dY:6.2%   
  7.405355e-3     5.318448e-8     3.27975e-9       #dY:6.2%   
  7.615778e-3     5.392938e-8     3.33511e-9       #dY:6.2%   
  7.83218e-3      5.468455e-8     3.38182e-9       #dY:6.2%   
  8.054731e-3     5.545009e-8     3.43345e-9       #dY:6.2%   
  8.283606e-3     5.622614e-8     3.4815e-9        #dY:6.2%   
  8.518984e-3     5.701285e-8     3.53416e-9       #dY:6.2%   
  8.761051e-3     5.781035e-8     3.58359e-9       #dY:6.2%   
  9.009996e-3     5.861879e-8     3.63743e-9       #dY:6.2%   
  9.266014e-3     5.943829e-8     3.68828e-9       #dY:6.2%   
  9.529308e-3     6.026899e-8     3.74846e-9       #dY:6.2%   
  9.800082e-3     6.111105e-8     3.80083e-9       #dY:6.2%   
  0.01007855      6.196461e-8     3.85714e-9       #dY:6.2%   
  0.01036493      6.28298e-8      3.911e-9         #dY:6.2%   
  0.01065945      6.370679e-8     3.96559e-9       #dY:6.2%   
  0.01096234      6.45957e-8      4.02092e-9       #dY:6.2%   
  0.01127383      6.54967e-8      4.077e-9         #dY:6.2%   
  0.01159418      6.640992e-8     4.13385e-9       #dY:6.2%   
  0.01192363      6.733553e-8     4.19147e-9       #dY:6.2%   
  0.01226244      6.827367e-8     4.24986e-9       #dY:6.2%   
  0.01261087      6.922449e-8     4.30905e-9       #dY:6.2%   
  0.01296921      7.018817e-8     4.36904e-9       #dY:6.2%   
  0.01333773      7.116483e-8     4.42983e-9       #dY:6.2%   
  0.01371672      7.215465e-8     4.49145e-9       #dY:6.2%   
  0.01410648      7.31578e-8      4.55389e-9       #dY:6.2%   
  0.01450732      7.417439e-8     4.61717e-9       #dY:6.2%   
  0.01491954      7.520463e-8     4.6813e-9        #dY:6.2%   
  0.01534348      7.624866e-8     4.32426e-9       #dY:5.7%   
  0.01577946      7.730663e-8     4.38426e-9       #dY:5.7%   
  0.01622784      7.837872e-8     4.44506e-9       #dY:5.7%   
  0.01668895      7.946509e-8     4.50668e-9       #dY:5.7%   
  0.01716317      8.05659e-8      4.56911e-9       #dY:5.7%   
  0.01765086      8.168131e-8     4.63236e-9       #dY:5.7%   
  0.0181524       8.28115e-8      4.69646e-9       #dY:5.7%   
  0.0186682       8.395662e-8     4.7614e-9        #dY:5.7%   
  0.01919866      8.511684e-8     4.8272e-9        #dY:5.7%   
  0.01974419      8.629234e-8     4.89387e-9       #dY:5.7%   
  0.02030522      8.748326e-8     5.13421e-9       #dY:5.9%   
  0.02088219      8.86898e-8      5.20502e-9       #dY:5.9%   
  0.02147556      8.99121e-8      5.27676e-9       #dY:5.9%   
  0.02208579      9.115034e-8     5.34943e-9       #dY:5.9%   
  0.02271335      9.240469e-8     5.42304e-9       #dY:5.9%   
  0.02335875      9.367531e-8     5.49761e-9       #dY:5.9%   
  0.02402249      9.496237e-8     5.57315e-9       #dY:5.9%   
  0.02470509      9.626605e-8     5.64966e-9       #dY:5.9%   
  0.02540708      9.758648e-8     5.83619e-9       #dY:6.0%   
  0.02612902      9.892387e-8     5.91617e-9       #dY:6.0%   
  0.02687148      1.002783e-7     5.99718e-9       #dY:6.0%   
  0.02763503      1.016501e-7     6.07922e-9       #dY:6.0%   
  0.02842028      1.030394e-7     6.1623e-9        #dY:6.0%   
  0.02922784      1.044461e-7     6.24643e-9       #dY:6.0%   
  0.03005834      1.058707e-7     6.4001e-9        #dY:6.0%   
  0.03091245      1.073131e-7     6.48729e-9       #dY:6.0%   
  0.03179083      1.087737e-7     6.57559e-9       #dY:6.0%   
  0.03269416      1.102524e-7     6.66498e-9       #dY:6.0%   
  0.03362317      1.117496e-7     6.75549e-9       #dY:6.0%   
  0.03457857      1.132653e-7     6.84712e-9       #dY:6.0%   
  0.03556111      1.147997e-7     7.03009e-9       #dY:6.1%   
  0.03657158      1.163529e-7     7.12521e-9       #dY:6.1%   
  0.03761076      1.179251e-7     7.22149e-9       #dY:6.1%   
  0.03867947      1.195165e-7     7.31894e-9       #dY:6.1%   
  0.03977855      1.211271e-7     7.41757e-9       #dY:6.1%   
  0.04090885      1.227571e-7     7.59004e-9       #dY:6.2%   
  0.04207127      1.244067e-7     7.69203e-9       #dY:6.2%   
  0.04326673      1.260759e-7     7.79524e-9       #dY:6.2%   
  0.04449615      1.277649e-7     7.89967e-9       #dY:6.2%   
  0.04576051      1.294736e-7     8.0611e-9        #dY:6.2%   
  0.04706079      1.312025e-7     8.16875e-9       #dY:6.2%   
  0.04839802      1.329516e-7     8.27765e-9       #dY:6.2%   
  0.04977325      1.347208e-7     8.3878e-9        #dY:6.2%   
  0.05118755      1.365103e-7     8.52783e-9       #dY:6.2%   
  0.05264204      1.383202e-7     8.6409e-9        #dY:6.2%   
  0.05413786      1.401507e-7     8.75525e-9       #dY:6.2%   
  0.05567619      1.420016e-7     8.84603e-9       #dY:6.2%   
  0.05725822      1.438732e-7     8.96263e-9       #dY:6.2%   
  0.05888521      1.457655e-7     9.08051e-9       #dY:6.2%   
  0.06055844      1.476786e-7     9.19408e-9       #dY:6.2%   
  0.0622792       1.496123e-7     9.31447e-9       #dY:6.2%   
  0.06404886      1.51567e-7      9.43616e-9       #dY:6.2%   
  0.06586881      1.535424e-7     9.57643e-9       #dY:6.2%   
  0.06774047      1.555387e-7     9.70094e-9       #dY:6.2%   
  0.06966531      1.575558e-7     9.82675e-9       #dY:6.2%   
  0.07164484      1.595939e-7     9.96902e-9       #dY:6.2%   
  0.07368063      1.616526e-7     1.00976e-8       #dY:6.2%   
  0.07577426      1.637321e-7     1.02259e-8       #dY:6.2%   
  0.07792738      1.658323e-7     1.03571e-8       #dY:6.2%   
  0.08014169      1.679532e-7     1.04875e-8       #dY:6.2%   
  0.08241891      1.700946e-7     1.06212e-8       #dY:6.2%   
  0.08476084      1.722565e-7     1.07562e-8       #dY:6.2%   
  0.08716931      1.744387e-7     1.08734e-8       #dY:6.2%   
  0.08964623      1.766411e-7     1.10106e-8       #dY:6.2%   
  0.09219352      1.788637e-7     1.10949e-8       #dY:6.2%   
  0.09481319      1.811061e-7     1.1234e-8        #dY:6.2%   
  0.09750731      1.833682e-7     1.13993e-8       #dY:6.2%   
  0.100278        1.856497e-7     1.15326e-8       #dY:6.2%   
  0.1031274       1.879505e-7     1.16756e-8       #dY:6.2%   
  0.1060577       1.902703e-7     1.18197e-8       #dY:6.2%   
  0.1090714       1.926087e-7     1.19649e-8       #dY:6.2%   
  0.1121706       1.949656e-7     1.21113e-8       #dY:6.2%   
  0.1153579       1.973405e-7     1.22589e-8       #dY:6.2%   
  0.1186358       1.997332e-7     1.24075e-8       #dY:6.2%   
  0.1220069       2.02143e-7      1.25572e-8       #dY:6.2%   
  0.1254737       2.045698e-7     1.27079e-8       #dY:6.2%   
  0.129039        2.07013e-7      1.28597e-8       #dY:6.2%   
  0.1327056       2.094721e-7     1.30125e-8       #dY:6.2%   
  0.1364765       2.119467e-7     1.31662e-8       #dY:6.2%   
  0.1403544       2.144362e-7     1.33209e-8       #dY:6.2%   
  0.1443426       2.169398e-7     1.34764e-8       #dY:6.2%   
  0.1484441       2.194572e-7     1.36328e-8       #dY:6.2%   
  0.1526621       2.219875e-7     1.26657e-8       #dY:5.7%   
  0.157           2.245301e-7     1.28108e-8       #dY:5.7%   
  0.1614612       2.270842e-7     1.29565e-8       #dY:5.7%   
  0.1660491       2.29649e-7      1.31029e-8       #dY:5.7%   
  0.1707673       2.322238e-7     1.32498e-8       #dY:5.7%   
  0.1756197       2.348074e-7     1.33972e-8       #dY:5.7%   
  0.1806099       2.373993e-7     1.35451e-8       #dY:5.7%   
  0.1857419       2.399982e-7     1.36933e-8       #dY:5.7%   
  0.1910198       2.426031e-7     1.3842e-8        #dY:5.7%   
  0.1964476       2.452131e-7     1.39909e-8       #dY:5.7%   
  0.2020297       2.478268e-7     1.43805e-8       #dY:5.8%   
  0.2077703       2.504433e-7     1.45323e-8       #dY:5.8%   
  0.2136741       2.530613e-7     1.46842e-8       #dY:5.8%   
  0.2197456       2.556792e-7     1.48361e-8       #dY:5.8%   
  0.2259897       2.58296e-7      1.49879e-8       #dY:5.8%   
  0.2324112       2.6091e-7       1.51396e-8       #dY:5.8%   
  0.2390152       2.6352e-7       1.52911e-8       #dY:5.8%   
  0.2458068       2.661243e-7     1.54422e-8       #dY:5.8%   
  0.2527913       2.687213e-7     1.55452e-8       #dY:5.8%   
  0.2599744       2.713094e-7     1.5695e-8        #dY:5.8%   
  0.2673616       2.738869e-7     1.58441e-8       #dY:5.8%   
  0.2749586       2.764519e-7     1.59925e-8       #dY:5.8%   
  0.2827716       2.790028e-7     1.614e-8         #dY:5.8%   
  0.2908065       2.815375e-7     1.62866e-8       #dY:5.8%   
  0.2990698       2.840542e-7     1.64322e-8       #dY:5.8%   
  0.3075678       2.865507e-7     1.58793e-8       #dY:5.5%   
  0.3163073       2.890251e-7     1.60164e-8       #dY:5.5%   
  0.3252952       2.914753e-7     1.61522e-8       #dY:5.5%   
  0.3345384       2.938992e-7     1.62865e-8       #dY:5.5%   
  0.3440443       2.962945e-7     1.64193e-8       #dY:5.5%   
  0.3538203       2.98659e-7      1.62057e-8       #dY:5.4%   
  0.3638741       3.009904e-7     1.63322e-8       #dY:5.4%   
  0.3742136       3.032866e-7     1.64568e-8       #dY:5.4%   
  0.3848469       3.055452e-7     1.65794e-8       #dY:5.4%   
  0.3957823       3.077638e-7     1.66998e-8       #dY:5.4%   
  0.4070284       3.099403e-7     1.62863e-8       #dY:5.3%   
  0.4185941       3.120721e-7     1.63983e-8       #dY:5.3%   
  0.4304884       3.14157e-7      1.65079e-8       #dY:5.3%   
  0.4427207       3.161922e-7     1.66148e-8       #dY:5.3%   
  0.4553006       3.181743e-7     1.52914e-8       #dY:4.8%   
  0.468238        3.200993e-7     1.53839e-8       #dY:4.8%   
  0.4815429       3.219628e-7     1.54734e-8       #dY:4.8%   
  0.495226        3.237607e-7     1.55599e-8       #dY:4.8%   
  0.5092978       3.254884e-7     1.48498e-8       #dY:4.6%   
  0.5237694       3.271411e-7     1.49253e-8       #dY:4.6%   
  0.5386523       3.287143e-7     1.4997e-8        #dY:4.6%   
  0.5539581       3.302032e-7     1.37051e-8       #dY:4.2%   
  0.5696988       3.316029e-7     1.37632e-8       #dY:4.2%   
  0.5858868       3.329087e-7     1.38174e-8       #dY:4.2%   
  0.6025347       3.341157e-7     1.27669e-8       #dY:3.8%   
  0.6196557       3.352187e-7     1.28091e-8       #dY:3.8%   
  0.6372632       3.36213e-7      1.2847e-8        #dY:3.8%   
  0.655371        3.370935e-7     1.21723e-8       #dY:3.6%   
  0.6739934       3.378552e-7     1.21998e-8       #dY:3.6%   
  0.6931448       3.38493e-7      1.22228e-8       #dY:3.6%   
  0.7128405       3.390021e-7     1.07591e-8       #dY:3.2%   
  0.7330959       3.393776e-7     1.0771e-8        #dY:3.2%   
  0.7539267       3.396145e-7     1.04304e-8       #dY:3.1%   
  0.7753495       3.39708e-7      1.04332e-8       #dY:3.1%   
  0.7973811       3.396533e-7     1.04316e-8       #dY:3.1%   
  0.8200386       3.394458e-7     9.95001e-9       #dY:2.9%   
  0.84334         3.390809e-7     9.93931e-9       #dY:2.9%   
  0.8673034       3.385544e-7     9.53695e-9       #dY:2.8%   
  0.8919478       3.378621e-7     9.51745e-9       #dY:2.8%   
  0.9172925       3.369998e-7     8.89054e-9       #dY:2.6%   
  0.9433573       3.359638e-7     8.86321e-9       #dY:2.6%   
  0.9701628       3.347509e-7     8.7109e-9        #dY:2.6%   
  0.9977299       3.333575e-7     8.67464e-9       #dY:2.6%   
  1.02608         3.317809e-7     8.16304e-9       #dY:2.5%   
  1.055236        3.300185e-7     8.11967e-9       #dY:2.5%   
  1.085221        3.28068e-7      8.07168e-9       #dY:2.5%   
  1.116057        3.25927e-7      8.01901e-9       #dY:2.5%   
  1.14777         3.235937e-7     7.9616e-9        #dY:2.5%   
  1.180384        3.210658e-7     7.8994e-9        #dY:2.5%   
  1.213924        3.183413e-7     7.83237e-9       #dY:2.5%   
  1.248418        3.154186e-7     7.76046e-9       #dY:2.5%   
  1.283892        3.122964e-7     7.68365e-9       #dY:2.5%   
  1.320374        3.089739e-7     7.6019e-9        #dY:2.5%   
  1.357892        3.05451e-7      7.51522e-9       #dY:2.5%   
  1.396476        3.017278e-7     7.42362e-9       #dY:2.5%   
  1.436157        2.978054e-7     7.32711e-9       #dY:2.5%   
  1.476965        2.936853e-7     7.22574e-9       #dY:2.5%   
  1.518933        2.893697e-7     6.87157e-9       #dY:2.4%   
  1.562094        2.848614e-7     6.76452e-9       #dY:2.4%   
  1.606481        2.801641e-7     6.65297e-9       #dY:2.4%   
  1.652129        2.752817e-7     6.53703e-9       #dY:2.4%   
  1.699074        2.702192e-7     6.41681e-9       #dY:2.4%   
  1.747353        2.649823e-7     6.29245e-9       #dY:2.4%   
  1.797004        2.595772e-7     6.1641e-9        #dY:2.4%   
  1.848066        2.540106e-7     6.03191e-9       #dY:2.4%   
  1.900578        2.482905e-7     5.89608e-9       #dY:2.4%   
  1.954583        2.424247e-7     5.75679e-9       #dY:2.4%   
  2.010123        2.364225e-7     2.67e-9          #dY:1.1%   
  2.06724         2.302933e-7     2.60078e-9       #dY:1.1%   
  2.125981        2.240473e-7     2.53024e-9       #dY:1.1%   
  2.18639         2.176952e-7     2.4585e-9        #dY:1.1%   
  2.248517        2.112485e-7     2.3857e-9        #dY:1.1%   
  2.312408        2.047186e-7     2.31196e-9       #dY:1.1%   
  2.378115        1.981181e-7     2.23741e-9       #dY:1.1%   
  2.445689        1.914595e-7     2.16222e-9       #dY:1.1%   
  2.515183        1.847561e-7     2.08124e-9       #dY:1.1%   
  2.586652        1.780212e-7     2.00537e-9       #dY:1.1%   
  2.660152        1.712683e-7     1.9293e-9        #dY:1.1%   
  2.73574         1.645116e-7     1.85319e-9       #dY:1.1%   
  2.813476        1.57765e-7      1.77719e-9       #dY:1.1%   
  2.89342         1.510426e-7     1.70147e-9       #dY:1.1%   
  2.975637        1.443584e-7     1.62617e-9       #dY:1.1%   
  3.060189        1.377265e-7     3.38439e-9       #dY:2.5%   
  3.147145        1.311608e-7     3.22305e-9       #dY:2.5%   
  3.236571        1.246751e-7     3.06367e-9       #dY:2.5%   
  3.328538        1.182825e-7     2.90659e-9       #dY:2.5%   
  3.423118        1.119962e-7     2.75211e-9       #dY:2.5%   
  3.520386        1.058287e-7     3.52943e-9       #dY:3.3%   
  3.620417        9.979187e-8     3.3281e-9        #dY:3.3%   
  3.723291        9.389726e-8     3.13151e-9       #dY:3.3%   
  3.829088        8.815554e-8     2.94002e-9       #dY:3.3%   
  3.937892        8.257674e-8     2.75397e-9       #dY:3.3%   
  4.049787        7.717002e-8     3.10255e-9       #dY:4.0%   
  4.164861        7.19437e-8      2.89243e-9       #dY:4.0%   
  4.283206        6.690521e-8     2.68986e-9       #dY:4.0%   
  4.404913        6.206102e-8     2.49511e-9       #dY:4.0%   
  4.530078        5.741658e-8     2.67866e-9       #dY:4.7%   
  4.6588          5.297634e-8     2.47151e-9       #dY:4.7%   
  4.79118         4.87437e-8      2.27405e-9       #dY:4.7%   
  4.927321        4.472101e-8     2.08638e-9       #dY:4.7%   
  5.06733         4.090957e-8     2.17798e-9       #dY:5.3%   
  5.211318        3.730959e-8     1.98632e-9       #dY:5.3%   
  5.359398        3.392032e-8     1.80588e-9       #dY:5.3%   
  5.511685        3.073994e-8     1.86725e-9       #dY:6.1%   
  5.668299        2.776571e-8     1.68659e-9       #dY:6.1%   
  5.829363        2.499392e-8     1.51822e-9       #dY:6.1%   
  5.995004        2.242001e-8     1.36187e-9       #dY:6.1%   
  6.165352        2.003864e-8     1.38401e-9       #dY:6.9%   
  6.34054         1.784369e-8     1.23241e-9       #dY:6.9%   
  6.520707        1.582841e-8     1.22971e-9       #dY:7.8%   
  6.705992        1.398545e-8     1.08653e-9       #dY:7.8%   
  6.896543        1.230696e-8     9.56129e-10      #dY:7.8%   
  7.092508        1.078467e-8     9.36315e-10      #dY:8.7%   
  7.294041        9.410049e-9     8.16972e-10      #dY:8.7%   
  7.501301        8.174258e-9     7.83481e-10      #dY:9.6%   
  7.71445         7.068364e-9     6.77484e-10      #dY:9.6%   
  7.933656        6.083361e-9     5.83074e-10      #dY:9.6%   
  8.15909         5.21028e-9      5.47049e-10      #dY:10.5%  
  8.39093         4.440254e-9     4.66201e-10      #dY:10.5%  
  8.629358        3.764595e-9     4.26888e-10      #dY:11.3%  
  8.874561        3.174862e-9     3.60015e-10      #dY:11.3%  
  9.126731        2.66292e-9      3.25188e-10      #dY:12.2%  
  9.386067        2.22099e-9      2.7122e-10       #dY:12.2%  
  9.652772        1.841686e-9     2.39255e-10      #dY:13.0%  
  9.927055        1.518062e-9     1.97213e-10      #dY:13.0%  
  10.20913        1.243623e-9     1.72711e-10      #dY:13.9%  
  10.49922        1.012356e-9     1.40593e-10      #dY:13.9%  
  10.79756        8.18727e-10     1.13702e-10      #dY:13.9%  
  11.10437        6.57687e-10     1.14358e-10      #dY:17.4%  
  11.4199         5.2467e-10      9.12292e-11      #dY:17.4%  
  11.7444         4.15573e-10     7.22595e-11      #dY:17.4%  
  12.07811        3.26745e-10     6.37348e-11      #dY:19.5%  
  12.42131        2.54961e-10     4.97326e-11      #dY:19.5%  
  12.77426        1.97397e-10     3.85042e-11      #dY:19.5%  
  13.13724        1.51602e-10     3.31606e-11      #dY:21.9%  
  13.51054        1.15468e-10     2.52569e-11      #dY:21.9%  
  13.89444        8.71975e-11     1.90731e-11      #dY:21.9%  
  14.28925        6.527e-11       1.58736e-11      #dY:24.3%  
  14.69528        4.84146e-11     1.17744e-11      #dY:24.3%  
  15.11284        3.55772e-11     9.52918e-12      #dY:26.8%  
  15.54227        2.58926e-11     6.93521e-12      #dY:26.8%  
  15.98391        1.86578e-11     4.9974e-12       #dY:26.8%  
  16.43809        1.33075e-11     3.90367e-12      #dY:29.3%  
  16.90518        9.39171e-12     2.755e-12        #dY:29.3%  
  17.38554        6.55644e-12     2.08996e-12      #dY:31.9%  
  17.87954        4.52608e-12     1.44276e-12      #dY:31.9%  
  18.38759        3.08857e-12     1.07561e-12      #dY:34.8%  
  18.91007        2.08269e-12     7.25304e-13      #dY:34.8%  
  19.4474         1.38728e-12     4.83125e-13      #dY:34.8%  
  20              0.00            0.00                        
//
#-------------------------------------------------------------------------------
#
#name:   JENDL-5: U-235(N,F) E_in=5. MeV
#X.axis: Energy
#Y.axis: 
#wdata:  3
#ldata:  602
#data...
# X               Y               +-dY           
# MeV             1/eV            1/eV           
  0.00            0.00            0.00                        
  1.00e-6         6.10784e-10     4.01908e-12      #dY:0.7%   
  1.028415e-6     6.19401e-10     3.77912e-12      #dY:0.6%   
  1.057637e-6     6.2814e-10      3.83244e-12      #dY:0.6%   
  1.08769e-6      6.37002e-10     3.88651e-12      #dY:0.6%   
  1.118597e-6     6.45988e-10     3.94133e-12      #dY:0.6%   
  1.150382e-6     6.55102e-10     3.99694e-12      #dY:0.6%   
  1.18307e-6      6.64344e-10     4.05333e-12      #dY:0.6%   
  1.216686e-6     6.73717e-10     4.11051e-12      #dY:0.6%   
  1.251259e-6     6.83221e-10     4.1685e-12       #dY:0.6%   
  1.286813e-6     6.9286e-10      4.22731e-12      #dY:0.6%   
  1.323378e-6     7.02635e-10     4.28695e-12      #dY:0.6%   
  1.360981e-6     7.12548e-10     4.34743e-12      #dY:0.6%   
  1.399654e-6     7.226e-10       4.40876e-12      #dY:0.6%   
  1.439425e-6     7.32795e-10     4.47096e-12      #dY:0.6%   
  1.480326e-6     7.43133e-10     4.53404e-12      #dY:0.6%   
  1.522389e-6     7.53617e-10     4.23742e-11      #dY:5.6%   
  1.565648e-6     7.64249e-10     4.2972e-11       #dY:5.6%   
  1.610136e-6     7.75031e-10     4.35782e-11      #dY:5.6%   
  1.655888e-6     7.85965e-10     4.4193e-11       #dY:5.6%   
  1.70294e-6      7.97053e-10     4.48165e-11      #dY:5.6%   
  1.751329e-6     8.08298e-10     4.54488e-11      #dY:5.6%   
  1.801093e-6     8.19702e-10     4.609e-11        #dY:5.6%   
  1.852271e-6     8.31266e-10     4.67402e-11      #dY:5.6%   
  1.904903e-6     8.42993e-10     4.73996e-11      #dY:5.6%   
  1.959031e-6     8.54886e-10     4.80683e-11      #dY:5.6%   
  2.014696e-6     8.66947e-10     5.03702e-11      #dY:5.8%   
  2.071944e-6     8.79178e-10     5.10808e-11      #dY:5.8%   
  2.130818e-6     8.91581e-10     5.18015e-11      #dY:5.8%   
  2.191365e-6     9.0416e-10      5.25323e-11      #dY:5.8%   
  2.253633e-6     9.16915e-10     5.32734e-11      #dY:5.8%   
  2.317669e-6     9.29851e-10     5.4025e-11       #dY:5.8%   
  2.383526e-6     9.4297e-10      5.47872e-11      #dY:5.8%   
  2.451254e-6     9.56273e-10     5.55601e-11      #dY:5.8%   
  2.520906e-6     9.69764e-10     5.73314e-11      #dY:5.9%   
  2.592537e-6     9.83445e-10     5.81402e-11      #dY:5.9%   
  2.666204e-6     9.9732e-10      5.89604e-11      #dY:5.9%   
  2.741964e-6     1.01139e-9      5.97922e-11      #dY:5.9%   
  2.819877e-6     1.025659e-9     6.06358e-11      #dY:5.9%   
  2.900004e-6     1.040129e-9     6.14913e-11      #dY:5.9%   
  2.982407e-6     1.054803e-9     6.23588e-11      #dY:5.9%   
  3.067152e-6     1.069684e-9     6.39235e-11      #dY:6.0%   
  3.154305e-6     1.084775e-9     6.48253e-11      #dY:6.0%   
  3.243935e-6     1.100079e-9     6.57399e-11      #dY:6.0%   
  3.336111e-6     1.115598e-9     6.66673e-11      #dY:6.0%   
  3.430906e-6     1.131337e-9     6.76078e-11      #dY:6.0%   
  3.528395e-6     1.147298e-9     6.90667e-11      #dY:6.0%   
  3.628655e-6     1.163484e-9     7.00411e-11      #dY:6.0%   
  3.731763e-6     1.179899e-9     7.10293e-11      #dY:6.0%   
  3.837801e-6     1.196545e-9     7.20314e-11      #dY:6.0%   
  3.946851e-6     1.213425e-9     7.30475e-11      #dY:6.0%   
  4.059001e-6     1.230544e-9     7.44728e-11      #dY:6.1%   
  4.174337e-6     1.247905e-9     7.55235e-11      #dY:6.1%   
  4.292951e-6     1.26551e-9      7.6589e-11       #dY:6.1%   
  4.414935e-6     1.283364e-9     7.76695e-11      #dY:6.1%   
  4.540385e-6     1.30147e-9      7.90841e-11      #dY:6.1%   
  4.6694e-6       1.319831e-9     8.01998e-11      #dY:6.1%   
  4.802081e-6     1.338451e-9     8.13312e-11      #dY:6.1%   
  4.938532e-6     1.357334e-9     8.24786e-11      #dY:6.1%   
  5.07886e-6      1.376483e-9     8.39071e-11      #dY:6.1%   
  5.223175e-6     1.395902e-9     8.50908e-11      #dY:6.1%   
  5.371592e-6     1.415595e-9     8.62913e-11      #dY:6.1%   
  5.524225e-6     1.435567e-9     8.77325e-11      #dY:6.1%   
  5.681196e-6     1.45582e-9      8.89703e-11      #dY:6.1%   
  5.842627e-6     1.476359e-9     9.02255e-11      #dY:6.1%   
  6.008645e-6     1.497187e-9     9.16904e-11      #dY:6.1%   
  6.17938e-6      1.518309e-9     9.2984e-11       #dY:6.1%   
  6.354967e-6     1.539729e-9     9.42958e-11      #dY:6.1%   
  6.535543e-6     1.561452e-9     9.57944e-11      #dY:6.1%   
  6.72125e-6      1.583481e-9     9.71458e-11      #dY:6.1%   
  6.912234e-6     1.605821e-9     9.85164e-11      #dY:6.1%   
  7.108645e-6     1.628476e-9     1.00056e-10      #dY:6.1%   
  7.310637e-6     1.65145e-9      1.01467e-10      #dY:6.1%   
  7.518368e-6     1.674749e-9     1.03031e-10      #dY:6.2%   
  7.732002e-6     1.698376e-9     1.04484e-10      #dY:6.2%   
  7.951707e-6     1.722337e-9     1.05958e-10      #dY:6.2%   
  8.177654e-6     1.746636e-9     1.07573e-10      #dY:6.2%   
  8.410022e-6     1.771276e-9     1.0909e-10       #dY:6.2%   
  8.648992e-6     1.796266e-9     1.10739e-10      #dY:6.2%   
  8.894753e-6     1.821608e-9     1.12301e-10      #dY:6.2%   
  9.147497e-6     1.847307e-9     1.13984e-10      #dY:6.2%   
  9.407423e-6     1.873369e-9     1.15592e-10      #dY:6.2%   
  9.674734e-6     1.899799e-9     1.17312e-10      #dY:6.2%   
  9.949641e-6     1.9266e-9       1.18967e-10      #dY:6.2%   
  1.023236e-5     1.953781e-9     1.20729e-10      #dY:6.2%   
  1.052311e-5     1.981345e-9     1.22432e-10      #dY:6.2%   
  1.082213e-5     2.009298e-9     1.2416e-10       #dY:6.2%   
  1.112964e-5     2.037645e-9     1.25911e-10      #dY:6.2%   
  1.144588e-5     2.066392e-9     1.27688e-10      #dY:6.2%   
  1.177112e-5     2.095546e-9     1.29489e-10      #dY:6.2%   
  1.210559e-5     2.125109e-9     1.31316e-10      #dY:6.2%   
  1.244957e-5     2.15509e-9      1.33168e-10      #dY:6.2%   
  1.280333e-5     2.185494e-9     1.35047e-10      #dY:6.2%   
  1.316713e-5     2.216327e-9     1.36952e-10      #dY:6.2%   
  1.354128e-5     2.247596e-9     1.38885e-10      #dY:6.2%   
  1.392605e-5     2.279305e-9     1.40844e-10      #dY:6.2%   
  1.432176e-5     2.311461e-9     1.42831e-10      #dY:6.2%   
  1.472871e-5     2.344072e-9     1.44846e-10      #dY:6.2%   
  1.514723e-5     2.377141e-9     1.33662e-10      #dY:5.6%   
  1.557764e-5     2.410679e-9     1.35547e-10      #dY:5.6%   
  1.602027e-5     2.444689e-9     1.3746e-10       #dY:5.6%   
  1.647549e-5     2.479178e-9     1.39399e-10      #dY:5.6%   
  1.694364e-5     2.514155e-9     1.41366e-10      #dY:5.6%   
  1.742509e-5     2.549625e-9     1.4336e-10       #dY:5.6%   
  1.792023e-5     2.585594e-9     1.45383e-10      #dY:5.6%   
  1.842943e-5     2.622073e-9     1.47434e-10      #dY:5.6%   
  1.89531e-5      2.659065e-9     1.49514e-10      #dY:5.6%   
  1.949165e-5     2.696579e-9     1.51623e-10      #dY:5.6%   
  2.004551e-5     2.734623e-9     1.58885e-10      #dY:5.8%   
  2.06151e-5      2.773203e-9     1.61126e-10      #dY:5.8%   
  2.120087e-5     2.812328e-9     1.634e-10        #dY:5.8%   
  2.18033e-5      2.852004e-9     1.65705e-10      #dY:5.8%   
  2.242284e-5     2.892241e-9     1.68043e-10      #dY:5.8%   
  2.305998e-5     2.933045e-9     1.70413e-10      #dY:5.8%   
  2.371523e-5     2.974424e-9     1.72818e-10      #dY:5.8%   
  2.43891e-5      3.016388e-9     1.75256e-10      #dY:5.8%   
  2.508211e-5     3.058943e-9     1.80846e-10      #dY:5.9%   
  2.579482e-5     3.102099e-9     1.83397e-10      #dY:5.9%   
  2.652778e-5     3.145864e-9     1.85985e-10      #dY:5.9%   
  2.728156e-5     3.190246e-9     1.88608e-10      #dY:5.9%   
  2.805677e-5     3.235255e-9     1.91269e-10      #dY:5.9%   
  2.8854e-5       3.280898e-9     1.93968e-10      #dY:5.9%   
  2.967388e-5     3.327185e-9     1.96704e-10      #dY:5.9%   
  3.051707e-5     3.374126e-9     2.01641e-10      #dY:6.0%   
  3.138421e-5     3.421728e-9     2.04486e-10      #dY:6.0%   
  3.227599e-5     3.470002e-9     2.0737e-10       #dY:6.0%   
  3.319311e-5     3.518957e-9     2.10296e-10      #dY:6.0%   
  3.413629e-5     3.568604e-9     2.13263e-10      #dY:6.0%   
  3.510627e-5     3.61895e-9      2.17868e-10      #dY:6.0%   
  3.610381e-5     3.670006e-9     2.20941e-10      #dY:6.0%   
  3.71297e-5      3.721784e-9     2.24058e-10      #dY:6.0%   
  3.818474e-5     3.774291e-9     2.27219e-10      #dY:6.0%   
  3.926976e-5     3.827539e-9     2.30425e-10      #dY:6.0%   
  4.038561e-5     3.881538e-9     2.34924e-10      #dY:6.1%   
  4.153316e-5     3.9363e-9       2.38238e-10      #dY:6.1%   
  4.271332e-5     3.991834e-9     2.41599e-10      #dY:6.1%   
  4.392702e-5     4.048152e-9     2.45008e-10      #dY:6.1%   
  4.517521e-5     4.105263e-9     2.49468e-10      #dY:6.1%   
  4.645886e-5     4.163181e-9     2.52988e-10      #dY:6.1%   
  4.777898e-5     4.221916e-9     2.56557e-10      #dY:6.1%   
  4.913662e-5     4.28148e-9      2.60176e-10      #dY:6.1%   
  5.053284e-5     4.341884e-9     2.64685e-10      #dY:6.1%   
  5.196872e-5     4.40314e-9      2.68419e-10      #dY:6.1%   
  5.344541e-5     4.46526e-9      2.72206e-10      #dY:6.1%   
  5.496406e-5     4.528257e-9     2.76046e-10      #dY:6.1%   
  5.652586e-5     4.592142e-9     2.80649e-10      #dY:6.1%   
  5.813204e-5     4.656929e-9     2.84609e-10      #dY:6.1%   
  5.978386e-5     4.72263e-9      2.88624e-10      #dY:6.1%   
  6.148262e-5     4.789257e-9     2.93312e-10      #dY:6.1%   
  6.322964e-5     4.856825e-9     2.9745e-10       #dY:6.1%   
  6.502631e-5     4.925346e-9     3.02179e-10      #dY:6.1%   
  6.687403e-5     4.994834e-9     3.06442e-10      #dY:6.1%   
  6.877425e-5     5.065301e-9     3.10765e-10      #dY:6.1%   
  7.072847e-5     5.136764e-9     3.15621e-10      #dY:6.1%   
  7.273822e-5     5.209235e-9     3.20074e-10      #dY:6.1%   
  7.480507e-5     5.282727e-9     3.2459e-10       #dY:6.1%   
  7.693065e-5     5.357257e-9     3.29592e-10      #dY:6.2%   
  7.911663e-5     5.432838e-9     3.34242e-10      #dY:6.2%   
  8.136473e-5     5.509486e-9     3.38859e-10      #dY:6.2%   
  8.36767e-5      5.587214e-9     3.4364e-10       #dY:6.2%   
  8.605437e-5     5.66604e-9      3.4883e-10       #dY:6.2%   
  8.84996e-5      5.745978e-9     3.53751e-10      #dY:6.2%   
  9.101432e-5     5.827043e-9     3.59053e-10      #dY:6.2%   
  9.360048e-5     5.909252e-9     3.64118e-10      #dY:6.2%   
  9.626014e-5     5.992621e-9     3.69542e-10      #dY:6.2%   
  9.899537e-5     6.077166e-9     3.74756e-10      #dY:6.2%   
  1.018083e-4     6.162903e-9     3.80317e-10      #dY:6.2%   
  1.047012e-4     6.249851e-9     3.85682e-10      #dY:6.2%   
  1.076763e-4     6.338024e-9     3.91124e-10      #dY:6.2%   
  1.107359e-4     6.427442e-9     3.96642e-10      #dY:6.2%   
  1.138824e-4     6.518121e-9     4.02238e-10      #dY:6.2%   
  1.171184e-4     6.61008e-9      4.07912e-10      #dY:6.2%   
  1.204463e-4     6.703335e-9     4.13667e-10      #dY:6.2%   
  1.238688e-4     6.797907e-9     4.19503e-10      #dY:6.2%   
  1.273885e-4     6.893813e-9     4.25422e-10      #dY:6.2%   
  1.310083e-4     6.991071e-9     4.31424e-10      #dY:6.2%   
  1.347309e-4     7.089702e-9     4.3751e-10       #dY:6.2%   
  1.385592e-4     7.189724e-9     4.43683e-10      #dY:6.2%   
  1.424964e-4     7.291157e-9     4.49942e-10      #dY:6.2%   
  1.465454e-4     7.394021e-9     4.5629e-10       #dY:6.2%   
  1.507095e-4     7.498337e-9     4.21042e-10      #dY:5.6%   
  1.549919e-4     7.604123e-9     4.26982e-10      #dY:5.6%   
  1.59396e-4      7.711402e-9     4.33006e-10      #dY:5.6%   
  1.639252e-4     7.820194e-9     4.39115e-10      #dY:5.6%   
  1.685831e-4     7.930522e-9     4.4531e-10       #dY:5.6%   
  1.733734e-4     8.042405e-9     4.51592e-10      #dY:5.6%   
  1.782998e-4     8.155867e-9     4.57963e-10      #dY:5.6%   
  1.833662e-4     8.270929e-9     4.64424e-10      #dY:5.6%   
  1.885765e-4     8.387614e-9     4.70976e-10      #dY:5.6%   
  1.939349e-4     8.505946e-9     4.77621e-10      #dY:5.6%   
  1.994456e-4     8.625946e-9     4.84359e-10      #dY:5.6%   
  2.051128e-4     8.747639e-9     5.06851e-10      #dY:5.8%   
  2.109411e-4     8.871049e-9     5.14001e-10      #dY:5.8%   
  2.16935e-4      8.996199e-9     5.21252e-10      #dY:5.8%   
  2.230992e-4     9.123116e-9     5.28606e-10      #dY:5.8%   
  2.294385e-4     9.251821e-9     5.36064e-10      #dY:5.8%   
  2.35958e-4      9.382343e-9     5.43626e-10      #dY:5.8%   
  2.426628e-4     9.514705e-9     5.51295e-10      #dY:5.8%   
  2.49558e-4      9.648935e-9     5.59073e-10      #dY:5.8%   
  2.566492e-4     9.785059e-9     5.76091e-10      #dY:5.9%   
  2.639419e-4     9.923101e-9     5.84219e-10      #dY:5.9%   
  2.714418e-4     1.006309e-8     5.9246e-10       #dY:5.9%   
  2.791548e-4     1.020505e-8     6.00818e-10      #dY:5.9%   
  2.870869e-4     1.034902e-8     6.09294e-10      #dY:5.9%   
  2.952445e-4     1.049502e-8     6.1789e-10       #dY:5.9%   
  3.036339e-4     1.064308e-8     6.33403e-10      #dY:6.0%   
  3.122616e-4     1.079322e-8     6.42338e-10      #dY:6.0%   
  3.211345e-4     1.094548e-8     6.514e-10        #dY:6.0%   
  3.302595e-4     1.109989e-8     6.60589e-10      #dY:6.0%   
  3.396438e-4     1.125648e-8     6.69908e-10      #dY:6.0%   
  3.492948e-4     1.141527e-8     6.79358e-10      #dY:6.0%   
  3.5922e-4       1.157631e-8     6.9304e-10       #dY:6.0%   
  3.694272e-4     1.173961e-8     7.02816e-10      #dY:6.0%   
  3.799245e-4     1.190521e-8     7.1273e-10       #dY:6.0%   
  3.9072e-4       1.207315e-8     7.22784e-10      #dY:6.0%   
  4.018223e-4     1.224347e-8     7.36894e-10      #dY:6.0%   
  4.132401e-4     1.241618e-8     7.47289e-10      #dY:6.0%   
  4.249823e-4     1.259133e-8     7.57831e-10      #dY:6.0%   
  4.370581e-4     1.276894e-8     7.6852e-10       #dY:6.0%   
  4.494771e-4     1.294907e-8     7.79362e-10      #dY:6.0%   
  4.62249e-4      1.313173e-8     7.93563e-10      #dY:6.0%   
  4.753837e-4     1.331696e-8     8.04756e-10      #dY:6.0%   
  4.888918e-4     1.350481e-8     8.16108e-10      #dY:6.0%   
  5.027836e-4     1.36953e-8      8.30244e-10      #dY:6.1%   
  5.170702e-4     1.388849e-8     8.41956e-10      #dY:6.1%   
  5.317627e-4     1.408439e-8     8.53832e-10      #dY:6.1%   
  5.468727e-4     1.428306e-8     8.65875e-10      #dY:6.1%   
  5.624121e-4     1.448452e-8     8.80331e-10      #dY:6.1%   
  5.78393e-4      1.468882e-8     8.92747e-10      #dY:6.1%   
  5.94828e-4      1.489601e-8     9.0534e-10       #dY:6.1%   
  6.1173e-4       1.510612e-8     9.20054e-10      #dY:6.1%   
  6.291123e-4     1.531918e-8     9.33031e-10      #dY:6.1%   
  6.469885e-4     1.553526e-8     9.46191e-10      #dY:6.1%   
  6.653726e-4     1.575437e-8     9.62582e-10      #dY:6.1%   
  6.842792e-4     1.597657e-8     9.76158e-10      #dY:6.1%   
  7.037229e-4     1.62019e-8      9.91417e-10      #dY:6.1%   
  7.237192e-4     1.64304e-8      1.0054e-9        #dY:6.1%   
  7.442836e-4     1.666213e-8     1.01958e-9       #dY:6.1%   
  7.654324e-4     1.689712e-8     1.03528e-9       #dY:6.1%   
  7.871821e-4     1.713542e-8     1.04989e-9       #dY:6.1%   
  8.095499e-4     1.737708e-8     1.0674e-9        #dY:6.1%   
  8.325532e-4     1.762215e-8     1.08245e-9       #dY:6.1%   
  8.562102e-4     1.787065e-8     1.09878e-9       #dY:6.1%   
  8.805393e-4     1.812267e-8     1.11427e-9       #dY:6.1%   
  9.055598e-4     1.837824e-8     1.13103e-9       #dY:6.2%   
  9.312913e-4     1.86374e-8      1.14698e-9       #dY:6.2%   
  9.577539e-4     1.890021e-8     1.16567e-9       #dY:6.2%   
  9.849684e-4     1.916673e-8     1.18211e-9       #dY:6.2%   
  1.012956e-3     1.943698e-8     1.1996e-9        #dY:6.2%   
  1.041739e-3     1.971106e-8     1.21652e-9       #dY:6.2%   
  1.07134e-3      1.998898e-8     1.23367e-9       #dY:6.2%   
  1.101782e-3     2.027082e-8     1.25106e-9       #dY:6.2%   
  1.133089e-3     2.055663e-8     1.2687e-9        #dY:6.2%   
  1.165286e-3     2.084645e-8     1.28659e-9       #dY:6.2%   
  1.198398e-3     2.114036e-8     1.30473e-9       #dY:6.2%   
  1.23245e-3      2.14384e-8      1.32313e-9       #dY:6.2%   
  1.26747e-3      2.174064e-8     1.34178e-9       #dY:6.2%   
  1.303485e-3     2.204713e-8     1.36069e-9       #dY:6.2%   
  1.340524e-3     2.235793e-8     1.37988e-9       #dY:6.2%   
  1.378615e-3     2.267308e-8     1.39933e-9       #dY:6.2%   
  1.417788e-3     2.299269e-8     1.41905e-9       #dY:6.2%   
  1.458074e-3     2.331678e-8     1.43905e-9       #dY:6.2%   
  1.499505e-3     2.364544e-8     1.45934e-9       #dY:6.2%   
  1.542114e-3     2.397871e-8     1.34858e-9       #dY:5.6%   
  1.585933e-3     2.431666e-8     1.36759e-9       #dY:5.6%   
  1.630997e-3     2.465937e-8     1.38686e-9       #dY:5.6%   
  1.677342e-3     2.500689e-8     1.40641e-9       #dY:5.6%   
  1.725003e-3     2.53593e-8      1.42623e-9       #dY:5.6%   
  1.774019e-3     2.571665e-8     1.44633e-9       #dY:5.6%   
  1.824428e-3     2.607903e-8     1.46671e-9       #dY:5.6%   
  1.876269e-3     2.644649e-8     1.48737e-9       #dY:5.6%   
  1.929583e-3     2.681911e-8     1.50833e-9       #dY:5.6%   
  1.984412e-3     2.719696e-8     1.52958e-9       #dY:5.6%   
  2.040799e-3     2.758012e-8     1.60989e-9       #dY:5.8%   
  2.098788e-3     2.796865e-8     1.63257e-9       #dY:5.8%   
  2.158425e-3     2.836264e-8     1.65557e-9       #dY:5.8%   
  2.219757e-3     2.876215e-8     1.67889e-9       #dY:5.8%   
  2.282831e-3     2.916727e-8     1.70254e-9       #dY:5.8%   
  2.347698e-3     2.957806e-8     1.72652e-9       #dY:5.8%   
  2.414407e-3     2.999462e-8     1.75083e-9       #dY:5.8%   
  2.483013e-3     3.041702e-8     1.77549e-9       #dY:5.8%   
  2.553567e-3     3.084533e-8     1.83727e-9       #dY:6.0%   
  2.626127e-3     3.127964e-8     1.86314e-9       #dY:6.0%   
  2.700748e-3     3.172005e-8     1.88937e-9       #dY:6.0%   
  2.77749e-3      3.216661e-8     1.91597e-9       #dY:6.0%   
  2.856412e-3     3.261943e-8     1.94294e-9       #dY:6.0%   
  2.937577e-3     3.307859e-8     1.97029e-9       #dY:6.0%   
  3.021048e-3     3.354417e-8     2.02543e-9       #dY:6.0%   
  3.106891e-3     3.401626e-8     2.05393e-9       #dY:6.0%   
  3.195173e-3     3.449496e-8     2.08284e-9       #dY:6.0%   
  3.285964e-3     3.498035e-8     2.11215e-9       #dY:6.0%   
  3.379334e-3     3.547252e-8     2.14186e-9       #dY:6.0%   
  3.475358e-3     3.597157e-8     2.172e-9         #dY:6.0%   
  3.57411e-3      3.647759e-8     2.22229e-9       #dY:6.1%   
  3.675668e-3     3.699068e-8     2.25355e-9       #dY:6.1%   
  3.780112e-3     3.751092e-8     2.28524e-9       #dY:6.1%   
  3.887524e-3     3.803843e-8     2.31738e-9       #dY:6.1%   
  3.997988e-3     3.857329e-8     2.34996e-9       #dY:6.1%   
  4.11159e-3      3.911561e-8     2.39932e-9       #dY:6.1%   
  4.228421e-3     3.966549e-8     2.43305e-9       #dY:6.1%   
  4.348571e-3     4.022303e-8     2.46725e-9       #dY:6.1%   
  4.472136e-3     4.078833e-8     2.50192e-9       #dY:6.1%   
  4.599211e-3     4.13615e-8      2.54761e-9       #dY:6.2%   
  4.729898e-3     4.194265e-8     2.5834e-9        #dY:6.2%   
  4.864298e-3     4.253188e-8     2.61969e-9       #dY:6.2%   
  5.002517e-3     4.31293e-8      2.66526e-9       #dY:6.2%   
  5.144663e-3     4.373502e-8     2.70269e-9       #dY:6.2%   
  5.290848e-3     4.434915e-8     2.74064e-9       #dY:6.2%   
  5.441187e-3     4.49718e-8      2.77912e-9       #dY:6.2%   
  5.595798e-3     4.560309e-8     2.82558e-9       #dY:6.2%   
  5.754803e-3     4.624313e-8     2.86524e-9       #dY:6.2%   
  5.918325e-3     4.689204e-8     2.90545e-9       #dY:6.2%   
  6.086494e-3     4.754995e-8     2.95665e-9       #dY:6.2%   
  6.259442e-3     4.821695e-8     2.99813e-9       #dY:6.2%   
  6.437303e-3     4.889317e-8     3.04017e-9       #dY:6.2%   
  6.620219e-3     4.957875e-8     3.09286e-9       #dY:6.2%   
  6.808332e-3     5.027379e-8     3.13621e-9       #dY:6.2%   
  7.001791e-3     5.097843e-8     3.18974e-9       #dY:6.3%   
  7.200746e-3     5.16928e-8      3.23444e-9       #dY:6.3%   
  7.405355e-3     5.241701e-8     3.27975e-9       #dY:6.3%   
  7.615778e-3     5.315119e-8     3.33512e-9       #dY:6.3%   
  7.83218e-3      5.389548e-8     3.38182e-9       #dY:6.3%   
  8.054731e-3     5.465e-8        3.43345e-9       #dY:6.3%   
  8.283606e-3     5.541489e-8     3.48151e-9       #dY:6.3%   
  8.518984e-3     5.619028e-8     3.53416e-9       #dY:6.3%   
  8.761051e-3     5.697632e-8     3.5836e-9        #dY:6.3%   
  9.009996e-3     5.777312e-8     3.63743e-9       #dY:6.3%   
  9.266014e-3     5.858083e-8     3.68829e-9       #dY:6.3%   
  9.529308e-3     5.93996e-8      3.74846e-9       #dY:6.3%   
  9.800082e-3     6.022955e-8     3.80084e-9       #dY:6.3%   
  0.01007855      6.107083e-8     3.85714e-9       #dY:6.3%   
  0.01036493      6.192359e-8     3.911e-9         #dY:6.3%   
  0.01065945      6.278796e-8     3.9656e-9        #dY:6.3%   
  0.01096234      6.366411e-8     4.02093e-9       #dY:6.3%   
  0.01127383      6.455215e-8     4.07702e-9       #dY:6.3%   
  0.01159418      6.545226e-8     4.13387e-9       #dY:6.3%   
  0.01192363      6.636457e-8     4.19149e-9       #dY:6.3%   
  0.01226244      6.728923e-8     4.24989e-9       #dY:6.3%   
  0.01261087      6.822641e-8     4.30908e-9       #dY:6.3%   
  0.01296921      6.917623e-8     4.36907e-9       #dY:6.3%   
  0.01333773      7.013888e-8     4.42987e-9       #dY:6.3%   
  0.01371672      7.111449e-8     4.49149e-9       #dY:6.3%   
  0.01410648      7.210324e-8     4.55393e-9       #dY:6.3%   
  0.01450732      7.310525e-8     4.61722e-9       #dY:6.3%   
  0.01491954      7.412071e-8     4.68135e-9       #dY:6.3%   
  0.01534348      7.514975e-8     4.32429e-9       #dY:5.8%   
  0.01577946      7.619256e-8     4.3843e-9        #dY:5.8%   
  0.01622784      7.724927e-8     4.4451e-9        #dY:5.8%   
  0.01668895      7.832007e-8     4.50672e-9       #dY:5.8%   
  0.01716317      7.94051e-8      4.56915e-9       #dY:5.8%   
  0.01765086      8.050453e-8     4.63242e-9       #dY:5.8%   
  0.0181524       8.161852e-8     4.69652e-9       #dY:5.8%   
  0.0186682       8.274724e-8     4.76147e-9       #dY:5.8%   
  0.01919866      8.389085e-8     4.82727e-9       #dY:5.8%   
  0.01974419      8.504952e-8     4.89395e-9       #dY:5.8%   
  0.02030522      8.62234e-8      5.13425e-9       #dY:6.0%   
  0.02088219      8.741266e-8     5.20506e-9       #dY:6.0%   
  0.02147556      8.861748e-8     5.2768e-9        #dY:6.0%   
  0.02208579      8.983801e-8     5.34948e-9       #dY:6.0%   
  0.02271335      9.107443e-8     5.4231e-9        #dY:6.0%   
  0.02335875      9.232689e-8     5.49768e-9       #dY:6.0%   
  0.02402249      9.359555e-8     5.57323e-9       #dY:6.0%   
  0.02470509      9.488061e-8     5.64975e-9       #dY:6.0%   
  0.02540708      9.618219e-8     5.83623e-9       #dY:6.1%   
  0.02612902      9.750048e-8     5.91622e-9       #dY:6.1%   
  0.02687148      9.883565e-8     5.99724e-9       #dY:6.1%   
  0.02763503      1.001879e-7     6.07929e-9       #dY:6.1%   
  0.02842028      1.015572e-7     6.16238e-9       #dY:6.1%   
  0.02922784      1.029439e-7     6.24652e-9       #dY:6.1%   
  0.03005834      1.043482e-7     6.40013e-9       #dY:6.1%   
  0.03091245      1.057702e-7     6.48735e-9       #dY:6.1%   
  0.03179083      1.072099e-7     6.57565e-9       #dY:6.1%   
  0.03269416      1.086676e-7     6.66506e-9       #dY:6.1%   
  0.03362317      1.101435e-7     6.75558e-9       #dY:6.1%   
  0.03457857      1.116376e-7     6.84722e-9       #dY:6.1%   
  0.03556111      1.131502e-7     7.03014e-9       #dY:6.2%   
  0.03657158      1.146814e-7     7.12527e-9       #dY:6.2%   
  0.03761076      1.162312e-7     7.22156e-9       #dY:6.2%   
  0.03867947      1.178e-7        7.31904e-9       #dY:6.2%   
  0.03977855      1.193878e-7     7.41769e-9       #dY:6.2%   
  0.04090885      1.209946e-7     7.59009e-9       #dY:6.3%   
  0.04207127      1.226208e-7     7.6921e-9        #dY:6.3%   
  0.04326673      1.242664e-7     7.79533e-9       #dY:6.3%   
  0.04449615      1.259314e-7     7.89978e-9       #dY:6.3%   
  0.04576051      1.27616e-7      8.06116e-9       #dY:6.3%   
  0.04706079      1.293205e-7     8.16883e-9       #dY:6.3%   
  0.04839802      1.310448e-7     8.27775e-9       #dY:6.3%   
  0.04977325      1.32789e-7      8.38792e-9       #dY:6.3%   
  0.05118755      1.345532e-7     8.52789e-9       #dY:6.3%   
  0.05264204      1.363377e-7     8.64099e-9       #dY:6.3%   
  0.05413786      1.381423e-7     8.75537e-9       #dY:6.3%   
  0.05567619      1.399672e-7     8.8461e-9        #dY:6.3%   
  0.05725822      1.418125e-7     8.96272e-9       #dY:6.3%   
  0.05888521      1.436782e-7     9.08064e-9       #dY:6.3%   
  0.06055844      1.455643e-7     9.19413e-9       #dY:6.3%   
  0.0622792       1.47471e-7      9.31456e-9       #dY:6.3%   
  0.06404886      1.493982e-7     9.43629e-9       #dY:6.3%   
  0.06586881      1.51346e-7      9.57651e-9       #dY:6.3%   
  0.06774047      1.533143e-7     9.70105e-9       #dY:6.3%   
  0.06966531      1.553033e-7     9.82691e-9       #dY:6.3%   
  0.07164484      1.573128e-7     9.9691e-9        #dY:6.3%   
  0.07368063      1.593428e-7     1.00977e-8       #dY:6.3%   
  0.07577426      1.613934e-7     1.0226e-8        #dY:6.3%   
  0.07792738      1.634644e-7     1.03572e-8       #dY:6.3%   
  0.08014169      1.655558e-7     1.04876e-8       #dY:6.3%   
  0.08241891      1.676676e-7     1.06214e-8       #dY:6.3%   
  0.08476084      1.697995e-7     1.07564e-8       #dY:6.3%   
  0.08716931      1.719515e-7     1.08735e-8       #dY:6.3%   
  0.08964623      1.741235e-7     1.10108e-8       #dY:6.3%   
  0.09219352      1.763154e-7     1.1095e-8        #dY:6.3%   
  0.09481319      1.785269e-7     1.12342e-8       #dY:6.3%   
  0.09750731      1.807578e-7     1.13994e-8       #dY:6.3%   
  0.100278        1.830081e-7     1.15327e-8       #dY:6.3%   
  0.1031274       1.852773e-7     1.16757e-8       #dY:6.3%   
  0.1060577       1.875654e-7     1.18199e-8       #dY:6.3%   
  0.1090714       1.89872e-7      1.19652e-8       #dY:6.3%   
  0.1121706       1.921967e-7     1.21117e-8       #dY:6.3%   
  0.1153579       1.945394e-7     1.22594e-8       #dY:6.3%   
  0.1186358       1.968996e-7     1.24081e-8       #dY:6.3%   
  0.1220069       1.992769e-7     1.25579e-8       #dY:6.3%   
  0.1254737       2.01671e-7      1.27088e-8       #dY:6.3%   
  0.129039        2.040814e-7     1.28607e-8       #dY:6.3%   
  0.1327056       2.065076e-7     1.30136e-8       #dY:6.3%   
  0.1364765       2.08949e-7      1.31674e-8       #dY:6.3%   
  0.1403544       2.114053e-7     1.33222e-8       #dY:6.3%   
  0.1443426       2.138758e-7     1.34779e-8       #dY:6.3%   
  0.1484441       2.163599e-7     1.36344e-8       #dY:6.3%   
  0.1526621       2.188569e-7     1.26666e-8       #dY:5.8%   
  0.157           2.213661e-7     1.28118e-8       #dY:5.8%   
  0.1614612       2.238869e-7     1.29577e-8       #dY:5.8%   
  0.1660491       2.264184e-7     1.31042e-8       #dY:5.8%   
  0.1707673       2.289599e-7     1.32513e-8       #dY:5.8%   
  0.1756197       2.315103e-7     1.33989e-8       #dY:5.8%   
  0.1806099       2.34069e-7      1.3547e-8        #dY:5.8%   
  0.1857419       2.366348e-7     1.36955e-8       #dY:5.8%   
  0.1910198       2.392068e-7     1.38443e-8       #dY:5.8%   
  0.1964476       2.41784e-7      1.39935e-8       #dY:5.8%   
  0.2020297       2.443652e-7     1.43815e-8       #dY:5.9%   
  0.2077703       2.469492e-7     1.45336e-8       #dY:5.9%   
  0.2136741       2.49535e-7      1.46858e-8       #dY:5.9%   
  0.2197456       2.521212e-7     1.4838e-8        #dY:5.9%   
  0.2259897       2.547063e-7     1.49901e-8       #dY:5.9%   
  0.2324112       2.572893e-7     1.51422e-8       #dY:5.9%   
  0.2390152       2.598684e-7     1.52939e-8       #dY:5.9%   
  0.2458068       2.624422e-7     1.54454e-8       #dY:5.9%   
  0.2527913       2.650093e-7     1.55466e-8       #dY:5.9%   
  0.2599744       2.67568e-7      1.56967e-8       #dY:5.9%   
  0.2673616       2.701165e-7     1.58462e-8       #dY:5.9%   
  0.2749586       2.726533e-7     1.5995e-8        #dY:5.9%   
  0.2827716       2.751765e-7     1.6143e-8        #dY:5.9%   
  0.2908065       2.776842e-7     1.62901e-8       #dY:5.9%   
  0.2990698       2.801746e-7     1.64362e-8       #dY:5.9%   
  0.3075678       2.826456e-7     1.58811e-8       #dY:5.6%   
  0.3163073       2.850954e-7     1.60188e-8       #dY:5.6%   
  0.3252952       2.875218e-7     1.61551e-8       #dY:5.6%   
  0.3345384       2.899229e-7     1.629e-8         #dY:5.6%   
  0.3440443       2.922963e-7     1.64234e-8       #dY:5.6%   
  0.3538203       2.9464e-7       1.62075e-8       #dY:5.5%   
  0.3638741       2.969518e-7     1.63346e-8       #dY:5.5%   
  0.3742136       2.992295e-7     1.64599e-8       #dY:5.5%   
  0.3848469       3.014707e-7     1.65832e-8       #dY:5.5%   
  0.3957823       3.036734e-7     1.67044e-8       #dY:5.5%   
  0.4070284       3.058352e-7     1.62884e-8       #dY:5.3%   
  0.4185941       3.079538e-7     1.64012e-8       #dY:5.3%   
  0.4304884       3.100269e-7     1.65117e-8       #dY:5.3%   
  0.4427207       3.120518e-7     1.66195e-8       #dY:5.3%   
  0.4553006       3.140253e-7     1.52934e-8       #dY:4.9%   
  0.468238        3.159433e-7     1.53868e-8       #dY:4.9%   
  0.4815429       3.178018e-7     1.54773e-8       #dY:4.9%   
  0.495226        3.195965e-7     1.55647e-8       #dY:4.9%   
  0.5092978       3.213227e-7     1.48522e-8       #dY:4.6%   
  0.5237694       3.229762e-7     1.49286e-8       #dY:4.6%   
  0.5386523       3.245524e-7     1.50014e-8       #dY:4.6%   
  0.5539581       3.260465e-7     1.3707e-8        #dY:4.2%   
  0.5696988       3.27454e-7      1.37662e-8       #dY:4.2%   
  0.5858868       3.287698e-7     1.38215e-8       #dY:4.2%   
  0.6025347       3.299893e-7     1.27686e-8       #dY:3.9%   
  0.6196557       3.311078e-7     1.28119e-8       #dY:3.9%   
  0.6372632       3.3212e-7       1.28511e-8       #dY:3.9%   
  0.655371        3.330214e-7     1.21742e-8       #dY:3.7%   
  0.6739934       3.338069e-7     1.22029e-8       #dY:3.7%   
  0.6931448       3.344716e-7     1.22272e-8       #dY:3.7%   
  0.7128405       3.350108e-7     1.07613e-8       #dY:3.2%   
  0.7330959       3.354193e-7     1.07744e-8       #dY:3.2%   
  0.7539267       3.356927e-7     1.04321e-8       #dY:3.1%   
  0.7753495       3.358259e-7     1.04362e-8       #dY:3.1%   
  0.7973811       3.358144e-7     1.04358e-8       #dY:3.1%   
  0.8200386       3.356536e-7     9.9526e-9        #dY:3.0%   
  0.84334         3.35339e-7      9.94327e-9       #dY:3.0%   
  0.8673034       3.348664e-7     9.53935e-9       #dY:2.8%   
  0.8919478       3.342316e-7     9.52127e-9       #dY:2.8%   
  0.9172925       3.334306e-7     8.89284e-9       #dY:2.7%   
  0.9433573       3.324596e-7     8.86695e-9       #dY:2.7%   
  0.9701628       3.313154e-7     8.71337e-9       #dY:2.6%   
  0.9977299       3.299946e-7     8.67863e-9       #dY:2.6%   
  1.02608         3.284944e-7     8.16573e-9       #dY:2.5%   
  1.055236        3.268122e-7     8.12391e-9       #dY:2.5%   
  1.085221        3.249457e-7     8.07751e-9       #dY:2.5%   
  1.116057        3.228926e-7     8.02648e-9       #dY:2.5%   
  1.14777         3.206508e-7     7.97075e-9       #dY:2.5%   
  1.180384        3.182182e-7     7.91028e-9       #dY:2.5%   
  1.213924        3.155926e-7     7.84501e-9       #dY:2.5%   
  1.248418        3.127722e-7     7.7749e-9        #dY:2.5%   
  1.283892        3.097557e-7     7.69992e-9       #dY:2.5%   
  1.320374        3.065421e-7     7.62004e-9       #dY:2.5%   
  1.357892        3.031312e-7     7.53525e-9       #dY:2.5%   
  1.396476        2.995229e-7     7.44555e-9       #dY:2.5%   
  1.436157        2.957181e-7     7.35097e-9       #dY:2.5%   
  1.476965        2.917181e-7     7.25154e-9       #dY:2.5%   
  1.518933        2.875248e-7     6.88555e-9       #dY:2.4%   
  1.562094        2.83141e-7      6.78057e-9       #dY:2.4%   
  1.606481        2.785697e-7     6.67109e-9       #dY:2.4%   
  1.652129        2.738149e-7     6.55723e-9       #dY:2.4%   
  1.699074        2.688811e-7     6.43907e-9       #dY:2.4%   
  1.747353        2.637737e-7     6.31676e-9       #dY:2.4%   
  1.797004        2.584985e-7     6.19044e-9       #dY:2.4%   
  1.848066        2.530621e-7     6.06025e-9       #dY:2.4%   
  1.900578        2.474718e-7     5.92637e-9       #dY:2.4%   
  1.954583        2.417354e-7     5.789e-9         #dY:2.4%   
  2.010123        2.358615e-7     2.67595e-9       #dY:1.1%   
  2.06724         2.298591e-7     2.60785e-9       #dY:1.1%   
  2.125981        2.237383e-7     2.53841e-9       #dY:1.1%   
  2.18639         2.175091e-7     2.46774e-9       #dY:1.1%   
  2.248517        2.111828e-7     2.39596e-9       #dY:1.1%   
  2.312408        2.047703e-7     2.32321e-9       #dY:1.1%   
  2.378115        1.982838e-7     2.24962e-9       #dY:1.1%   
  2.445689        1.917357e-7     2.17533e-9       #dY:1.1%   
  2.515183        1.851384e-7     2.08634e-9       #dY:1.1%   
  2.586652        1.785053e-7     2.01159e-9       #dY:1.1%   
  2.660152        1.718494e-7     1.93658e-9       #dY:1.1%   
  2.73574         1.651845e-7     1.86148e-9       #dY:1.1%   
  2.813476        1.585241e-7     1.78642e-9       #dY:1.1%   
  2.89342         1.518823e-7     1.71157e-9       #dY:1.1%   
  2.975637        1.452729e-7     1.63709e-9       #dY:1.1%   
  3.060189        1.387095e-7     3.39455e-9       #dY:2.4%   
  3.147145        1.322058e-7     3.23539e-9       #dY:2.4%   
  3.236571        1.257757e-7     3.07803e-9       #dY:2.4%   
  3.328538        1.19432e-7      2.92278e-9       #dY:2.4%   
  3.423118        1.131879e-7     2.76998e-9       #dY:2.4%   
  3.520386        1.070557e-7     3.53906e-9       #dY:3.3%   
  3.620417        1.010476e-7     3.34044e-9       #dY:3.3%   
  3.723291        9.517484e-8     3.1463e-9        #dY:3.3%   
  3.829088        8.944839e-8     2.95699e-9       #dY:3.3%   
  3.937892        8.387831e-8     2.77286e-9       #dY:3.3%   
  4.049787        7.847397e-8     3.1122e-9        #dY:4.0%   
  4.164861        7.32439e-8      2.90478e-9       #dY:4.0%   
  4.283206        6.819575e-8     2.70457e-9       #dY:4.0%   
  4.404913        6.333629e-8     2.51185e-9       #dY:4.0%   
  4.530078        5.867128e-8     2.68667e-9       #dY:4.6%   
  4.6588          5.420552e-8     2.48218e-9       #dY:4.6%   
  4.79118         4.99428e-8      2.28698e-9       #dY:4.6%   
  4.927321        4.588586e-8     2.1012e-9        #dY:4.6%   
  5.06733         4.203642e-8     2.18549e-9       #dY:5.2%   
  5.211318        3.839516e-8     1.99618e-9       #dY:5.2%   
  5.359398        3.496174e-8     1.81767e-9       #dY:5.2%   
  5.511685        3.173484e-8     1.87272e-9       #dY:5.9%   
  5.668299        2.871214e-8     1.69435e-9       #dY:5.9%   
  5.829363        2.589043e-8     1.52783e-9       #dY:5.9%   
  5.995004        2.32656e-8      1.37294e-9       #dY:5.9%   
  6.165352        2.083272e-8     1.39045e-9       #dY:6.7%   
  6.34054         1.858613e-8     1.2405e-9        #dY:6.7%   
  6.520707        1.651946e-8     1.23357e-9       #dY:7.5%   
  6.705992        1.462574e-8     1.09216e-9       #dY:7.5%   
  6.896543        1.289748e-8     9.63103e-10      #dY:7.5%   
  7.092508        1.132674e-8     9.4005e-10       #dY:8.3%   
  7.294041        9.905232e-9     8.22073e-10      #dY:8.3%   
  7.501301        8.624404e-9     7.85847e-10      #dY:9.1%   
  7.71445         7.475521e-9     6.81162e-10      #dY:9.1%   
  7.933656        6.449753e-9     5.87695e-10      #dY:9.1%   
  8.15909         5.538262e-9     5.49711e-10      #dY:9.9%   
  8.39093         4.732281e-9     4.69712e-10      #dY:9.9%   
  8.629358        4.023185e-9     4.28848e-10      #dY:10.7%  
  8.874561        3.402559e-9     3.62693e-10      #dY:10.7%  
  9.126731        2.86226e-9      3.26689e-10      #dY:11.4%  
  9.386067        2.394473e-9     2.73297e-10      #dY:11.4%  
  9.652772        1.991754e-9     2.40446e-10      #dY:12.1%  
  9.927055        1.647067e-9     1.98835e-10      #dY:12.1%  
  10.20913        1.353817e-9     1.73696e-10      #dY:12.8%  
  10.49922        1.105864e-9     1.41884e-10      #dY:12.8%  
  10.79756        8.97543e-10     1.15156e-10      #dY:12.8%  
  11.10437        7.23661e-10     1.15282e-10      #dY:15.9%  
  11.4199         5.79501e-10     9.23167e-11      #dY:15.9%  
  11.7444         4.60812e-10     7.34091e-11      #dY:15.9%  
  12.07811        3.63789e-10     6.42386e-11      #dY:17.7%  
  12.42131        2.85061e-10     5.03366e-11      #dY:17.7%  
  12.77426        2.21661e-10     3.91413e-11      #dY:17.7%  
  13.13724        1.71002e-10     3.3452e-11       #dY:19.6%  
  13.51054        1.30849e-10     2.55971e-11      #dY:19.6%  
  13.89444        9.92866e-11     1.94228e-11      #dY:19.6%  
  14.28925        7.46876e-11     1.6046e-11       #dY:21.5%  
  14.69528        5.5684e-11      1.19632e-11      #dY:21.5%  
  15.11284        4.11357e-11     9.613e-12        #dY:23.4%  
  15.54227        3.01017e-11     7.03447e-12      #dY:23.4%  
  15.98391        2.18134e-11     5.09757e-12      #dY:23.4%  
  16.43809        1.5649e-11      3.95486e-12      #dY:25.3%  
  16.90518        1.11108e-11     2.80795e-12      #dY:25.3%  
  17.38554        7.80489e-12     2.11632e-12      #dY:27.1%  
  17.87954        5.42259e-12     1.47035e-12      #dY:27.1%  
  18.38759        3.72496e-12     1.0894e-12       #dY:29.2%  
  18.91007        2.52907e-12     7.39652e-13      #dY:29.2%  
  19.4474         1.69656e-12     4.96176e-13      #dY:29.2%  
  20              0.00            0.00                        
//
#-------------------------------------------------------------------------------
#
#name:   JENDL-5: U-235(N,F) E_in=5.5 MeV
#X.axis: Energy
#Y.axis: 
#wdata:  3
#ldata:  352
#data...
# X               Y               +-dY           
# MeV             1/eV            1/eV           
  0.00            0.00            0.00                        
  1.00e-11        2.08535e-12     0.00                        
  1.20e-11        2.28438e-12     0.00                        
  1.40e-11        2.46741e-12     0.00                        
  1.60e-11        2.63778e-12     0.00                        
  1.80e-11        2.79779e-12     0.00                        
  2.20e-11        3.09307e-12     0.00                        
  2.50e-11        3.29722e-12     0.00                        
  2.90e-11        3.55122e-12     0.00                        
  3.40e-11        3.84519e-12     2.28173e-13      #dY:5.9%   
  4.00e-11        4.1707e-12      2.47489e-13      #dY:5.9%   
  4.60e-11        4.47258e-12     2.65402e-13      #dY:5.9%   
  5.40e-11        4.84592e-12     2.87556e-13      #dY:5.9%   
  6.30e-11        5.23419e-12     3.10596e-13      #dY:5.9%   
  7.40e-11        5.67277e-12     3.36621e-13      #dY:5.9%   
  8.60e-11        6.11545e-12     3.6289e-13       #dY:5.9%   
  1.00e-10        6.59446e-12     4.57351e-13      #dY:6.9%   
  1.20e-10        7.22388e-12     5.01004e-13      #dY:6.9%   
  1.40e-10        7.80268e-12     5.41146e-13      #dY:6.9%   
  1.60e-10        8.34142e-12     5.78509e-13      #dY:6.9%   
  1.80e-10        8.84742e-12     6.13602e-13      #dY:6.9%   
  2.20e-10        9.7812e-12      6.78364e-13      #dY:6.9%   
  2.50e-10        1.04268e-11     7.23139e-13      #dY:6.9%   
  2.90e-10        1.123e-11       7.78844e-13      #dY:6.9%   
  3.40e-10        1.21596e-11     8.36152e-13      #dY:6.9%   
  4.00e-10        1.3189e-11      9.06939e-13      #dY:6.9%   
  4.60e-10        1.41436e-11     9.72582e-13      #dY:6.9%   
  5.40e-10        1.53243e-11     1.05377e-12      #dY:6.9%   
  6.30e-10        1.65521e-11     1.1382e-12       #dY:6.9%   
  7.40e-10        1.79391e-11     1.23358e-12      #dY:6.9%   
  8.60e-10        1.9339e-11      1.32984e-12      #dY:6.9%   
  1.00e-9         2.08538e-11     1.43401e-12      #dY:6.9%   
  1.20e-9         2.28442e-11     1.58435e-12      #dY:6.9%   
  1.40e-9         2.46746e-11     1.71129e-12      #dY:6.9%   
  1.60e-9         2.63783e-11     1.82945e-12      #dY:6.9%   
  1.80e-9         2.79785e-11     1.94043e-12      #dY:6.9%   
  2.20e-9         3.09314e-11     2.14523e-12      #dY:6.9%   
  2.50e-9         3.29731e-11     2.28683e-12      #dY:6.9%   
  2.90e-9         3.55131e-11     2.46299e-12      #dY:6.9%   
  3.40e-9         3.8453e-11      2.64416e-12      #dY:6.9%   
  4.00e-9         4.17083e-11     2.86801e-12      #dY:6.9%   
  4.60e-9         4.47273e-11     3.07561e-12      #dY:6.9%   
  5.40e-9         4.84609e-11     3.33234e-12      #dY:6.9%   
  6.30e-9         5.2344e-11      3.59936e-12      #dY:6.9%   
  7.40e-9         5.67301e-11     3.90096e-12      #dY:6.9%   
  8.60e-9         6.11574e-11     4.2054e-12       #dY:6.9%   
  1.00e-8         6.5948e-11      4.57359e-12      #dY:6.9%   
  1.20e-8         7.22428e-11     5.01015e-12      #dY:6.9%   
  1.40e-8         7.80315e-11     5.4116e-12       #dY:6.9%   
  1.60e-8         8.34195e-11     5.78527e-12      #dY:6.9%   
  1.80e-8         8.84802e-11     6.13624e-12      #dY:6.9%   
  2.20e-8         9.78193e-11     6.78392e-12      #dY:6.9%   
  2.50e-8         1.04276e-10     7.2317e-12       #dY:6.9%   
  2.90e-8         1.1231e-10      7.78887e-12      #dY:6.9%   
  3.40e-8         1.21608e-10     8.36164e-12      #dY:6.9%   
  4.00e-8         1.31903e-10     9.06952e-12      #dY:6.9%   
  4.60e-8         1.41452e-10     9.7261e-12       #dY:6.9%   
  5.40e-8         1.53261e-10     1.05381e-11      #dY:6.9%   
  6.30e-8         1.65542e-10     1.13825e-11      #dY:6.9%   
  7.40e-8         1.79415e-10     1.23364e-11      #dY:6.9%   
  8.60e-8         1.93418e-10     1.32992e-11      #dY:6.9%   
  1.00e-7         2.08571e-10     1.43411e-11      #dY:6.9%   
  1.20e-7         2.28482e-10     1.58443e-11      #dY:6.9%   
  1.40e-7         2.46792e-10     1.7114e-11       #dY:6.9%   
  1.60e-7         2.63836e-10     1.8296e-11       #dY:6.9%   
  1.80e-7         2.79762e-10     1.94004e-11      #dY:6.9%   
  2.20e-7         3.09281e-10     2.14474e-11      #dY:6.9%   
  2.50e-7         3.29693e-10     2.28629e-11      #dY:6.9%   
  2.90e-7         3.55087e-10     2.46238e-11      #dY:6.9%   
  3.40e-7         3.84479e-10     2.64379e-11      #dY:6.9%   
  4.00e-7         4.17022e-10     2.86757e-11      #dY:6.9%   
  4.60e-7         4.47203e-10     3.0751e-11       #dY:6.9%   
  5.40e-7         4.84527e-10     3.33175e-11      #dY:6.9%   
  6.30e-7         5.23344e-10     3.59867e-11      #dY:6.9%   
  7.40e-7         5.67189e-10     3.90016e-11      #dY:6.9%   
  8.60e-7         6.11444e-10     4.20447e-11      #dY:6.9%   
  1.00e-6         6.59329e-10     4.53374e-11      #dY:6.9%   
  1.20e-6         7.22247e-10     5.00943e-11      #dY:6.9%   
  1.40e-6         7.80104e-10     5.41072e-11      #dY:6.9%   
  1.60e-6         8.33955e-10     5.78423e-11      #dY:6.9%   
  1.80e-6         8.84531e-10     6.13502e-11      #dY:6.9%   
  2.20e-6         9.77863e-10     6.78236e-11      #dY:6.9%   
  2.50e-6         1.04239e-9      7.22991e-11      #dY:6.9%   
  2.90e-6         1.12266e-9      7.78665e-11      #dY:6.9%   
  3.40e-6         1.21557e-9      8.35999e-11      #dY:6.9%   
  4.00e-6         1.31844e-9      9.06747e-11      #dY:6.9%   
  4.60e-6         1.41383e-9      9.7235e-11       #dY:6.9%   
  5.40e-6         1.53181e-9      1.05349e-10      #dY:6.9%   
  6.30e-6         1.65449e-9      1.13786e-10      #dY:6.9%   
  7.40e-6         1.79306e-9      1.23316e-10      #dY:6.9%   
  8.60e-6         1.93292e-9      1.32935e-10      #dY:6.9%   
  1.00e-5         2.08424e-9      1.43342e-10      #dY:6.9%   
  1.20e-5         2.28307e-9      1.58381e-10      #dY:6.9%   
  1.40e-5         2.46589e-9      1.71063e-10      #dY:6.9%   
  1.60e-5         2.63604e-9      1.82867e-10      #dY:6.9%   
  1.80e-5         2.79583e-9      1.93952e-10      #dY:6.9%   
  2.20e-5         3.0907e-9       2.14407e-10      #dY:6.9%   
  2.50e-5         3.29454e-9      2.28548e-10      #dY:6.9%   
  2.90e-5         3.54812e-9      2.46139e-10      #dY:6.9%   
  3.40e-5         3.84158e-9      2.64293e-10      #dY:6.9%   
  4.00e-5         4.16648e-9      2.86646e-10      #dY:6.9%   
  4.60e-5         4.46775e-9      3.07372e-10      #dY:6.9%   
  5.40e-5         4.84028e-9      3.33002e-10      #dY:6.9%   
  6.30e-5         5.22766e-9      3.59653e-10      #dY:6.9%   
  7.40e-5         5.66515e-9      3.89751e-10      #dY:6.9%   
  8.60e-5         6.10666e-9      4.20126e-10      #dY:6.9%   
  1.00e-4         6.58431e-9      4.52988e-10      #dY:6.9%   
  1.20e-4         7.21179e-9      5.0057e-10       #dY:6.9%   
  1.40e-4         7.78869e-9      5.40612e-10      #dY:6.9%   
  1.60e-4         8.32553e-9      5.77874e-10      #dY:6.9%   
  1.80e-4         8.82965e-9      6.12865e-10      #dY:6.9%   
  2.20e-4         9.7597e-9       6.7742e-10       #dY:6.9%   
  2.50e-4         1.04025e-8      7.22037e-10      #dY:6.9%   
  2.90e-4         1.12021e-8      7.77537e-10      #dY:6.9%   
  3.40e-4         1.21272e-8      8.27189e-10      #dY:6.8%   
  4.00e-4         1.31511e-8      8.97028e-10      #dY:6.8%   
  4.60e-4         1.41004e-8      9.6178e-10       #dY:6.8%   
  5.40e-4         1.52739e-8      1.04182e-9       #dY:6.8%   
  6.30e-4         1.64939e-8      1.12504e-9       #dY:6.8%   
  7.40e-4         1.78712e-8      1.21898e-9       #dY:6.8%   
  8.60e-4         1.92607e-8      1.31376e-9       #dY:6.8%   
  1.00e-3         2.07634e-8      1.41626e-9       #dY:6.8%   
  1.20e-3         2.27367e-8      1.56554e-9       #dY:6.9%   
  1.40e-3         2.455e-8        1.6904e-9        #dY:6.9%   
  1.60e-3         2.62366e-8      1.80653e-9       #dY:6.9%   
  1.80e-3         2.78196e-8      1.91553e-9       #dY:6.9%   
  2.20e-3         3.07384e-8      2.1165e-9        #dY:6.9%   
  2.50e-3         3.27543e-8      2.25531e-9       #dY:6.9%   
  2.90e-3         3.52599e-8      2.42783e-9       #dY:6.9%   
  3.40e-3         3.81565e-8      2.60874e-9       #dY:6.8%   
  4.00e-3         4.13592e-8      2.8277e-9        #dY:6.8%   
  4.60e-3         4.43251e-8      3.03048e-9       #dY:6.8%   
  5.40e-3         4.7987e-8       3.28084e-9       #dY:6.8%   
  6.30e-3         5.1788e-8       3.54071e-9       #dY:6.8%   
  7.40e-3         5.60719e-8      3.8336e-9        #dY:6.8%   
  8.60e-3         6.03851e-8      4.12849e-9       #dY:6.8%   
  0.01            6.50394e-8      4.4467e-9        #dY:6.8%   
  0.012           7.11336e-8      4.87169e-9       #dY:6.8%   
  0.014           7.6715e-8       5.25394e-9       #dY:6.8%   
  0.016           8.18893e-8      5.60831e-9       #dY:6.8%   
  0.018           8.67299e-8      5.93983e-9       #dY:6.8%   
  0.022           9.56111e-8      6.54807e-9       #dY:6.8%   
  0.025           1.0171e-7       6.96577e-9       #dY:6.8%   
  0.029           1.09247e-7      7.48195e-9       #dY:6.8%   
  0.034           1.17897e-7      7.97848e-9       #dY:6.8%   
  0.04            1.27376e-7      8.61996e-9       #dY:6.8%   
  0.046           1.36069e-7      9.20824e-9       #dY:6.8%   
  0.054           1.46681e-7      9.92639e-9       #dY:6.8%   
  0.063           1.57545e-7      1.06616e-8       #dY:6.8%   
  0.074           1.69591e-7      1.14768e-8       #dY:6.8%   
  0.086           1.81494e-7      1.22823e-8       #dY:6.8%   
  0.1             1.94065e-7      1.3133e-8        #dY:6.8%   
  0.2             2.54319e-7      1.72945e-8       #dY:6.8%   
  0.3             2.9129e-7       2.33276e-8       #dY:8.0%   
  0.4             3.15334e-7      2.52532e-8       #dY:8.0%   
  0.5             3.30484e-7      2.67961e-8       #dY:8.1%   
  0.6             3.39098e-7      2.74945e-8       #dY:8.1%   
  0.7             3.42844e-7      2.91082e-8       #dY:8.5%   
  0.8             3.4287e-7       2.91104e-8       #dY:8.5%   
  0.9             3.39999e-7      2.76931e-8       #dY:8.1%   
  1               3.34839e-7      2.72728e-8       #dY:8.1%   
  1.1             3.27851e-7      2.4689e-8        #dY:7.5%   
  1.2             3.19447e-7      2.40561e-8       #dY:7.5%   
  1.3             3.10009e-7      2.10798e-8       #dY:6.8%   
  1.4             2.99836e-7      2.0388e-8        #dY:6.8%   
  1.5             2.89164e-7      1.71475e-8       #dY:5.9%   
  1.6             2.78181e-7      1.64962e-8       #dY:5.9%   
  1.7             2.67039e-7      1.31112e-8       #dY:4.9%   
  1.8             2.55859e-7      1.25622e-8       #dY:4.9%   
  1.9             2.44738e-7      9.38083e-9       #dY:3.8%   
  2               2.33752e-7      8.95974e-9       #dY:3.8%   
  2.1             2.22963e-7      6.03709e-9       #dY:2.7%   
  2.2             2.12416e-7      5.75151e-9       #dY:2.7%   
  2.3             2.0215e-7       3.22828e-9       #dY:1.6%   
  2.4             1.92191e-7      3.06924e-9       #dY:1.6%   
  2.5             1.82558e-7      1.44362e-9       #dY:0.8%   
  2.6             1.73266e-7      1.37014e-9       #dY:0.8%   
  2.7             1.64322e-7      2.1682e-9        #dY:1.3%   
  2.8             1.55732e-7      2.05485e-9       #dY:1.3%   
  2.9             1.47496e-7      3.65234e-9       #dY:2.5%   
  3               1.39611e-7      3.45709e-9       #dY:2.5%   
  3.1             1.32075e-7      4.92947e-9       #dY:3.7%   
  3.2             1.24881e-7      4.66097e-9       #dY:3.7%   
  3.3             1.18022e-7      5.92928e-9       #dY:5.0%   
  3.4             1.11489e-7      5.60107e-9       #dY:5.0%   
  3.5             1.05273e-7      6.67625e-9       #dY:6.3%   
  3.6             9.93632e-8      6.30146e-9       #dY:6.3%   
  3.7             9.37501e-8      7.20537e-9       #dY:7.7%   
  3.8             8.84226e-8      6.79591e-9       #dY:7.7%   
  3.9             8.33698e-8      7.54091e-9       #dY:9.0%   
  4               7.85807e-8      7.10773e-9       #dY:9.0%   
  4.1             7.40443e-8      7.72345e-9       #dY:10.4%  
  4.2             6.97498e-8      7.2755e-9        #dY:10.4%  
  4.3             6.56865e-8      7.77852e-9       #dY:11.8%  
  4.4             6.18438e-8      7.32347e-9       #dY:11.8%  
  4.5             5.82115e-8      7.717e-9         #dY:13.3%  
  4.6             5.47796e-8      7.26204e-9       #dY:13.3%  
  4.7             5.15384e-8      7.56252e-9       #dY:14.7%  
  4.8             4.84785e-8      7.11352e-9       #dY:14.7%  
  4.9             4.55909e-8      7.33778e-9       #dY:16.1%  
  5               4.28668e-8      6.89934e-9       #dY:16.1%  
  5.1             4.02977e-8      7.05828e-9       #dY:17.5%  
  5.2             3.78758e-8      6.63407e-9       #dY:17.5%  
  5.3             3.55932e-8      6.77951e-9       #dY:19.0%  
  5.4             3.34425e-8      6.36986e-9       #dY:19.0%  
  5.5             3.14167e-8      6.43113e-9       #dY:20.5%  
  5.6             2.9509e-8       6.04061e-9       #dY:20.5%  
  5.7             2.7713e-8       6.06781e-9       #dY:21.9%  
  5.8             2.60225e-8      5.69767e-9       #dY:21.9%  
  5.9             2.44317e-8      5.72376e-9       #dY:23.4%  
  6               2.29351e-8      5.37315e-9       #dY:23.4%  
  6.1             2.15274e-8      5.37314e-9       #dY:25.0%  
  6.2             2.02035e-8      5.0427e-9        #dY:25.0%  
  6.3             1.89587e-8      5.00155e-9       #dY:26.4%  
  6.4             1.77886e-8      4.69287e-9       #dY:26.4%  
  6.5             1.66887e-8      4.65796e-9       #dY:27.9%  
  6.6             1.56551e-8      4.36947e-9       #dY:27.9%  
  6.7             1.4684e-8       4.32247e-9       #dY:29.4%  
  6.8             1.37717e-8      4.05392e-9       #dY:29.4%  
  6.9             1.29148e-8      3.99847e-9       #dY:31.0%  
  7               1.211e-8        3.7493e-9        #dY:31.0%  
  7.1             1.13543e-8      3.68836e-9       #dY:32.5%  
  7.2             1.06448e-8      3.45788e-9       #dY:32.5%  
  7.3             9.97875e-9      3.40342e-9       #dY:34.1%  
  7.4             9.35355e-9      3.19018e-9       #dY:34.1%  
  7.5             8.76679e-9      3.12297e-9       #dY:35.6%  
  7.6             8.21617e-9      2.92683e-9       #dY:35.6%  
  7.7             7.69953e-9      2.85872e-9       #dY:37.1%  
  7.8             7.21482e-9      2.67876e-9       #dY:37.1%  
  7.9             6.76011e-9      2.61165e-9       #dY:38.6%  
  8               6.33361e-9      2.44688e-9       #dY:38.6%  
  8.1             5.93359e-9      2.38751e-9       #dY:40.2%  
  8.2             5.55846e-9      2.23657e-9       #dY:40.2%  
  8.3             5.20669e-9      2.17261e-9       #dY:41.7%  
  8.4             4.87687e-9      2.03499e-9       #dY:41.7%  
  8.5             4.56765e-9      1.97866e-9       #dY:43.3%  
  8.6             4.27777e-9      1.85308e-9       #dY:43.3%  
  8.7             4.00605e-9      1.79877e-9       #dY:44.9%  
  8.8             3.75137e-9      1.68441e-9       #dY:44.9%  
  8.9             3.51268e-9      1.6288e-9        #dY:46.4%  
  9               3.289e-9        1.52508e-9       #dY:46.4%  
  9.1             3.07939e-9      1.47609e-9       #dY:47.9%  
  9.2             2.88299e-9      1.38195e-9       #dY:47.9%  
  9.3             2.69897e-9      1.33576e-9       #dY:49.5%  
  9.4             2.52658e-9      1.25044e-9       #dY:49.5%  
  9.5             2.36508e-9      1.20708e-9       #dY:51.0%  
  9.6             2.2138e-9       1.12987e-9       #dY:51.0%  
  9.7             2.0721e-9       1.08935e-9       #dY:52.6%  
  9.8             1.93938e-9      1.01958e-9       #dY:52.6%  
  9.9             1.81508e-9      9.81915e-10      #dY:54.1%  
  10              1.69868e-9      9.18945e-10      #dY:54.1%  
  10.1            1.58968e-9      8.83985e-10      #dY:55.6%  
  10.2            1.48761e-9      8.27226e-10      #dY:55.6%  
  10.3            1.39203e-9      7.94959e-10      #dY:57.1%  
  10.4            1.30255e-9      7.43859e-10      #dY:57.1%  
  10.5            1.21878e-9      7.15406e-10      #dY:58.7%  
  10.6            1.14035e-9      6.69368e-10      #dY:58.7%  
  10.7            1.06693e-9      6.41983e-10      #dY:60.2%  
  10.8            9.98198e-10     6.00626e-10      #dY:60.2%  
  10.9            9.33865e-10     5.75537e-10      #dY:61.6%  
  11              8.7365e-10      5.38427e-10      #dY:61.6%  
  11.1            8.17291e-10     5.16361e-10      #dY:63.2%  
  11.2            7.64543e-10     4.83035e-10      #dY:63.2%  
  11.3            7.15178e-10     4.62043e-10      #dY:64.6%  
  11.4            6.68981e-10     4.32198e-10      #dY:64.6%  
  11.5            6.25749e-10     4.13754e-10      #dY:66.1%  
  11.6            5.85295e-10     3.87005e-10      #dY:66.1%  
  11.7            5.47441e-10     3.69607e-10      #dY:67.5%  
  11.8            5.12022e-10     3.45694e-10      #dY:67.5%  
  11.9            4.78881e-10     3.30418e-10      #dY:69.0%  
  12              4.47875e-10     3.09025e-10      #dY:69.0%  
  12.1            4.18866e-10     2.95137e-10      #dY:70.5%  
  12.2            3.91726e-10     2.76014e-10      #dY:70.5%  
  12.3            3.66336e-10     2.63414e-10      #dY:71.9%  
  12.4            3.42584e-10     2.46335e-10      #dY:71.9%  
  12.5            3.20365e-10     2.34593e-10      #dY:73.2%  
  12.6            2.99581e-10     2.19373e-10      #dY:73.2%  
  12.7            2.8014e-10      2.09075e-10      #dY:74.6%  
  12.8            2.61954e-10     1.95502e-10      #dY:74.6%  
  12.9            2.44945e-10     1.86198e-10      #dY:76.0%  
  13              2.29036e-10     1.74105e-10      #dY:76.0%  
  13.1            2.14156e-10     1.65716e-10      #dY:77.4%  
  13.2            2.00239e-10     1.54946e-10      #dY:77.4%  
  13.3            1.87223e-10     1.47383e-10      #dY:78.7%  
  13.4            1.75051e-10     1.37801e-10      #dY:78.7%  
  13.5            1.63667e-10     1.31004e-10      #dY:80.0%  
  13.6            1.53021e-10     1.22482e-10      #dY:80.0%  
  13.7            1.43066e-10     1.16513e-10      #dY:81.4%  
  13.8            1.33756e-10     1.08931e-10      #dY:81.4%  
  13.9            1.2505e-10      1.03433e-10      #dY:82.7%  
  14              1.1691e-10      9.66998e-11      #dY:82.7%  
  14.1            1.09298e-10     9.17715e-11      #dY:84.0%  
  14.2            1.0218e-10      8.57949e-11      #dY:84.0%  
  14.3            9.55244e-11     8.13735e-11      #dY:85.2%  
  14.4            8.93015e-11     7.60724e-11      #dY:85.2%  
  14.5            8.3483e-11      7.22032e-11      #dY:86.5%  
  14.6            7.80428e-11     6.74981e-11      #dY:86.5%  
  14.7            7.29564e-11     6.39565e-11      #dY:87.7%  
  14.8            6.82008e-11     5.97876e-11      #dY:87.7%  
  14.9            6.37546e-11     5.66228e-11      #dY:88.8%  
  15              5.95977e-11     5.29309e-11      #dY:88.8%  
  15.1            5.57114e-11     5.01601e-11      #dY:90.0%  
  15.2            5.20781e-11     4.68888e-11      #dY:90.0%  
  15.3            4.86814e-11     4.44122e-11      #dY:91.2%  
  15.4            4.55059e-11     4.15152e-11      #dY:91.2%  
  15.5            4.25373e-11     3.92624e-11      #dY:92.3%  
  15.6            3.9762e-11      3.67008e-11      #dY:92.3%  
  15.7            3.71676e-11     3.47289e-11      #dY:93.4%  
  15.8            3.47423e-11     3.24627e-11      #dY:93.4%  
  15.9            3.24751e-11     3.06733e-11      #dY:94.5%  
  16              3.03557e-11     2.86715e-11      #dY:94.5%  
  16.1            2.83745e-11     2.71069e-11      #dY:95.5%  
  16.2            2.65224e-11     2.53376e-11      #dY:95.5%  
  16.3            2.47912e-11     2.38272e-11      #dY:96.1%  
  16.4            2.31729e-11     2.22718e-11      #dY:96.1%  
  16.5            2.16602e-11     2.11014e-11      #dY:97.4%  
  16.6            2.02461e-11     1.97238e-11      #dY:97.4%  
  16.7            1.89244e-11     1.86773e-11      #dY:98.7%  
  16.8            1.76889e-11     1.74579e-11      #dY:98.7%  
  16.9            1.6534e-11      1.65227e-11      #dY:99.9%  
  17              1.54545e-11     1.5444e-11       #dY:99.9%  
  17.1            1.44455e-11     1.44761e-11      #dY:100.2% 
  17.2            1.35023e-11     1.35309e-11      #dY:100.2% 
  17.3            1.26208e-11     1.27968e-11      #dY:101.4% 
  17.4            1.17967e-11     1.19612e-11      #dY:101.4% 
  17.5            1.10265e-11     1.13063e-11      #dY:102.5% 
  17.6            1.03066e-11     1.05681e-11      #dY:102.5% 
  17.7            9.63372e-12     9.89705e-12      #dY:102.7% 
  17.8            9.00476e-12     9.2509e-12       #dY:102.7% 
  17.9            8.41688e-12     8.73775e-12      #dY:103.8% 
  18              7.8674e-12      8.16732e-12      #dY:103.8% 
  18.1            7.3538e-12      7.71077e-12      #dY:104.9% 
  18.2            6.87376e-12     7.20743e-12      #dY:104.9% 
  18.3            6.42507e-12     6.80156e-12      #dY:105.9% 
  18.4            6.00568e-12     6.35759e-12      #dY:105.9% 
  18.5            5.61369e-12     5.9475e-12       #dY:105.9% 
  18.6            5.24731e-12     5.55934e-12      #dY:105.9% 
  18.7            4.90486e-12     5.24265e-12      #dY:106.9% 
  18.8            4.58478e-12     4.90053e-12      #dY:106.9% 
  18.9            4.2856e-12      4.6193e-12       #dY:107.8% 
  19              4.00597e-12     4.31789e-12      #dY:107.8% 
  19.1            3.74461e-12     4.0364e-12       #dY:107.8% 
  19.2            3.50031e-12     3.77306e-12      #dY:107.8% 
  19.3            3.27197e-12     3.55422e-12      #dY:108.6% 
  19.4            3.05855e-12     3.32239e-12      #dY:108.6% 
  19.5            2.85907e-12     3.12846e-12      #dY:109.4% 
  19.6            2.67261e-12     2.92443e-12      #dY:109.4% 
  19.7            2.49833e-12     2.75276e-12      #dY:110.2% 
  19.8            2.33544e-12     2.57328e-12      #dY:110.2% 
  19.9            2.18318e-12     2.40302e-12      #dY:110.1% 
  20              2.04086e-12     2.24637e-12      #dY:110.1% 
  20.2            0.00            0.00                        
//
#-------------------------------------------------------------------------------
#
#name:   JENDL-5: U-235(N,F) E_in=6. MeV
#X.axis: Energy
#Y.axis: 
#wdata:  3
#ldata:  352
#data...
# X               Y               +-dY           
# MeV             1/eV            1/eV           
  0.00            0.00            0.00                        
  1.00e-11        2.01633e-12     0.00                        
  1.20e-11        2.20878e-12     0.00                        
  1.40e-11        2.38575e-12     0.00                        
  1.60e-11        2.55048e-12     0.00                        
  1.80e-11        2.70519e-12     0.00                        
  2.20e-11        2.9907e-12      0.00                        
  2.50e-11        3.1881e-12      0.00                        
  2.90e-11        3.43369e-12     0.00                        
  3.40e-11        3.71794e-12     2.28173e-13      #dY:6.1%   
  4.00e-11        4.03268e-12     2.47489e-13      #dY:6.1%   
  4.60e-11        4.32457e-12     2.65403e-13      #dY:6.1%   
  5.40e-11        4.68555e-12     2.87557e-13      #dY:6.1%   
  6.30e-11        5.06098e-12     3.10597e-13      #dY:6.1%   
  7.40e-11        5.48505e-12     3.36623e-13      #dY:6.1%   
  8.60e-11        5.91309e-12     3.62892e-13      #dY:6.1%   
  1.00e-10        6.37626e-12     4.57353e-13      #dY:7.2%   
  1.20e-10        6.98485e-12     5.01005e-13      #dY:7.2%   
  1.40e-10        7.54451e-12     5.41148e-13      #dY:7.2%   
  1.60e-10        8.06543e-12     5.78512e-13      #dY:7.2%   
  1.80e-10        8.55469e-12     6.13606e-13      #dY:7.2%   
  2.20e-10        9.45759e-12     6.78368e-13      #dY:7.2%   
  2.50e-10        1.00818e-11     7.23141e-13      #dY:7.2%   
  2.90e-10        1.08585e-11     7.78852e-13      #dY:7.2%   
  3.40e-10        1.17574e-11     8.36159e-13      #dY:7.1%   
  4.00e-10        1.27527e-11     9.06943e-13      #dY:7.1%   
  4.60e-10        1.36758e-11     9.72592e-13      #dY:7.1%   
  5.40e-10        1.48174e-11     1.05378e-12      #dY:7.1%   
  6.30e-10        1.60047e-11     1.13822e-12      #dY:7.1%   
  7.40e-10        1.73458e-11     1.23359e-12      #dY:7.1%   
  8.60e-10        1.86994e-11     1.32986e-12      #dY:7.1%   
  1.00e-9         2.01642e-11     1.43403e-12      #dY:7.1%   
  1.20e-9         2.20889e-11     1.58436e-12      #dY:7.2%   
  1.40e-9         2.38588e-11     1.71131e-12      #dY:7.2%   
  1.60e-9         2.55063e-11     1.82948e-12      #dY:7.2%   
  1.80e-9         2.70536e-11     1.94047e-12      #dY:7.2%   
  2.20e-9         2.99091e-11     2.14528e-12      #dY:7.2%   
  2.50e-9         3.18833e-11     2.28688e-12      #dY:7.2%   
  2.90e-9         3.43396e-11     2.46307e-12      #dY:7.2%   
  3.40e-9         3.71825e-11     2.6442e-12       #dY:7.1%   
  4.00e-9         4.03304e-11     2.86806e-12      #dY:7.1%   
  4.60e-9         4.32499e-11     3.07568e-12      #dY:7.1%   
  5.40e-9         4.68605e-11     3.33244e-12      #dY:7.1%   
  6.30e-9         5.06156e-11     3.59948e-12      #dY:7.1%   
  7.40e-9         5.48573e-11     3.90112e-12      #dY:7.1%   
  8.60e-9         5.91388e-11     4.2056e-12       #dY:7.1%   
  1.00e-8         6.37718e-11     4.57368e-12      #dY:7.2%   
  1.20e-8         6.98596e-11     5.01029e-12      #dY:7.2%   
  1.40e-8         7.5458e-11      5.41181e-12      #dY:7.2%   
  1.60e-8         8.06691e-11     5.78555e-12      #dY:7.2%   
  1.80e-8         8.55635e-11     6.13657e-12      #dY:7.2%   
  2.20e-8         9.45962e-11     6.78439e-12      #dY:7.2%   
  2.50e-8         1.00841e-10     7.23226e-12      #dY:7.2%   
  2.90e-8         1.08612e-10     7.7896e-12       #dY:7.2%   
  3.40e-8         1.17605e-10     8.36194e-12      #dY:7.1%   
  4.00e-8         1.27564e-10     9.07004e-12      #dY:7.1%   
  4.60e-8         1.368e-10       9.72674e-12      #dY:7.1%   
  5.40e-8         1.48224e-10     1.0539e-11       #dY:7.1%   
  6.30e-8         1.60105e-10     1.13838e-11      #dY:7.1%   
  7.40e-8         1.73526e-10     1.2338e-11       #dY:7.1%   
  8.60e-8         1.87074e-10     1.33013e-11      #dY:7.1%   
  1.00e-7         2.01734e-10     1.43437e-11      #dY:7.1%   
  1.20e-7         2.21e-10        1.58458e-11      #dY:7.2%   
  1.40e-7         2.38717e-10     1.71161e-11      #dY:7.2%   
  1.60e-7         2.5521e-10      1.82986e-11      #dY:7.2%   
  1.80e-7         2.7063e-10      1.94042e-11      #dY:7.2%   
  2.20e-7         2.99201e-10     2.14528e-11      #dY:7.2%   
  2.50e-7         3.18959e-10     2.28694e-11      #dY:7.2%   
  2.90e-7         3.43542e-10     2.46321e-11      #dY:7.2%   
  3.40e-7         3.71996e-10     2.64416e-11      #dY:7.1%   
  4.00e-7         4.03485e-10     2.86799e-11      #dY:7.1%   
  4.60e-7         4.32707e-10     3.0757e-11       #dY:7.1%   
  5.40e-7         4.68849e-10     3.3326e-11       #dY:7.1%   
  6.30e-7         5.06441e-10     3.5998e-11       #dY:7.1%   
  7.40e-7         5.48908e-10     3.90166e-11      #dY:7.1%   
  8.60e-7         5.91778e-10     4.20638e-11      #dY:7.1%   
  1.00e-6         6.38171e-10     4.53614e-11      #dY:7.1%   
  1.20e-6         6.99139e-10     5.01084e-11      #dY:7.2%   
  1.40e-6         7.55215e-10     5.41274e-11      #dY:7.2%   
  1.60e-6         8.07416e-10     5.78688e-11      #dY:7.2%   
  1.80e-6         8.56452e-10     6.13833e-11      #dY:7.2%   
  2.20e-6         9.46961e-10     6.78702e-11      #dY:7.2%   
  2.50e-6         1.00955e-9      7.2356e-11       #dY:7.2%   
  2.90e-6         1.08744e-9      7.79385e-11      #dY:7.2%   
  3.40e-6         1.1776e-9       8.36327e-11      #dY:7.1%   
  4.00e-6         1.27746e-9      9.07247e-11      #dY:7.1%   
  4.60e-6         1.3701e-9       9.73039e-11      #dY:7.1%   
  5.40e-6         1.4847e-9       1.05443e-10      #dY:7.1%   
  6.30e-6         1.60392e-9      1.1391e-10       #dY:7.1%   
  7.40e-6         1.73864e-9      1.23477e-10      #dY:7.1%   
  8.60e-6         1.87467e-9      1.33138e-10      #dY:7.1%   
  1.00e-5         2.02191e-9      1.43595e-10      #dY:7.1%   
  1.20e-5         2.21549e-9      1.58523e-10      #dY:7.2%   
  1.40e-5         2.39359e-9      1.71267e-10      #dY:7.2%   
  1.60e-5         2.55944e-9      1.83133e-10      #dY:7.2%   
  1.80e-5         2.71528e-9      1.94284e-10      #dY:7.2%   
  2.20e-5         3.00305e-9      2.14875e-10      #dY:7.2%   
  2.50e-5         3.20214e-9      2.2912e-10       #dY:7.2%   
  2.90e-5         3.44999e-9      2.46854e-10      #dY:7.2%   
  3.40e-5         3.73707e-9      2.64621e-10      #dY:7.1%   
  4.00e-5         4.0552e-9       2.87147e-10      #dY:7.1%   
  4.60e-5         4.35049e-9      3.08057e-10      #dY:7.1%   
  5.40e-5         4.71603e-9      3.33941e-10      #dY:7.1%   
  6.30e-5         5.09657e-9      3.60887e-10      #dY:7.1%   
  7.40e-5         5.52691e-9      3.91359e-10      #dY:7.1%   
  8.60e-5         5.96179e-9      4.22153e-10      #dY:7.1%   
  1.00e-4         6.43295e-9      4.55515e-10      #dY:7.1%   
  1.20e-4         7.05299e-9      5.0199e-10       #dY:7.1%   
  1.40e-4         7.62411e-9      5.42638e-10      #dY:7.1%   
  1.60e-4         8.1565e-9       5.80531e-10      #dY:7.1%   
  1.80e-4         8.65725e-9      6.16171e-10      #dY:7.1%   
  2.20e-4         9.58315e-9      6.82071e-10      #dY:7.1%   
  2.50e-4         1.02247e-8      7.27733e-10      #dY:7.1%   
  2.90e-4         1.10244e-8      7.84651e-10      #dY:7.1%   
  3.40e-4         1.19522e-8      8.30405e-10      #dY:6.9%   
  4.00e-4         1.29822e-8      9.01966e-10      #dY:6.9%   
  4.60e-4         1.394e-8        9.68512e-10      #dY:6.9%   
  5.40e-4         1.5128e-8       1.05105e-9       #dY:6.9%   
  6.30e-4         1.63675e-8      1.13717e-9       #dY:6.9%   
  7.40e-4         1.77725e-8      1.23478e-9       #dY:6.9%   
  8.60e-4         1.91959e-8      1.33368e-9       #dY:6.9%   
  1.00e-3         2.07422e-8      1.44111e-9       #dY:6.9%   
  1.20e-3         2.27833e-8      1.5794e-9        #dY:6.9%   
  1.40e-3         2.46698e-8      1.71017e-9       #dY:6.9%   
  1.60e-3         2.64337e-8      1.83245e-9       #dY:6.9%   
  1.80e-3         2.80976e-8      1.9478e-9        #dY:6.9%   
  2.20e-3         3.11862e-8      2.16191e-9       #dY:6.9%   
  2.50e-3         3.33352e-8      2.31088e-9       #dY:6.9%   
  2.90e-3         3.60243e-8      2.4973e-9        #dY:6.9%   
  3.40e-3         3.91581e-8      2.64008e-9       #dY:6.7%   
  4.00e-3         4.26545e-8      2.87581e-9       #dY:6.7%   
  4.60e-3         4.59219e-8      3.09611e-9       #dY:6.7%   
  5.40e-3         4.99955e-8      3.37075e-9       #dY:6.7%   
  6.30e-3         5.42703e-8      3.65896e-9       #dY:6.7%   
  7.40e-3         5.91452e-8      3.98763e-9       #dY:6.7%   
  8.60e-3         6.4115e-8       4.3227e-9        #dY:6.7%   
  0.01            6.9548e-8       4.689e-9         #dY:6.7%   
  0.012           7.67729e-8      5.00324e-9       #dY:6.5%   
  0.014           8.35021e-8      5.44178e-9       #dY:6.5%   
  0.016           8.98376e-8      5.85466e-9       #dY:6.5%   
  0.018           9.58505e-8      6.24652e-9       #dY:6.5%   
  0.022           1.07103e-7      6.97984e-9       #dY:6.5%   
  0.025           1.14999e-7      7.49442e-9       #dY:6.5%   
  0.029           1.24952e-7      8.14305e-9       #dY:6.5%   
  0.034           1.36647e-7      8.26713e-9       #dY:6.0%   
  0.04            1.4981e-7       9.06349e-9       #dY:6.0%   
  0.046           1.62214e-7      9.81393e-9       #dY:6.0%   
  0.054           1.77806e-7      1.07572e-8       #dY:6.0%   
  0.063           1.94308e-7      1.17556e-8       #dY:6.0%   
  0.074           2.13287e-7      1.29038e-8       #dY:6.0%   
  0.086           2.32793e-7      1.4084e-8        #dY:6.1%   
  0.1             2.54279e-7      1.53839e-8       #dY:6.1%   
  0.2             3.4843e-7       1.90473e-8       #dY:5.5%   
  0.3             3.78187e-7      2.25317e-8       #dY:6.0%   
  0.4             3.65005e-7      2.17463e-8       #dY:6.0%   
  0.5             3.39257e-7      2.1564e-8        #dY:6.4%   
  0.6             3.32546e-7      2.11374e-8       #dY:6.4%   
  0.7             3.32143e-7      2.69564e-8       #dY:8.1%   
  0.8             3.31335e-7      2.68909e-8       #dY:8.1%   
  0.9             3.28409e-7      2.75444e-8       #dY:8.4%   
  1               3.23378e-7      2.71224e-8       #dY:8.4%   
  1.1             3.16598e-7      2.4681e-8        #dY:7.8%   
  1.2             3.08451e-7      2.40459e-8       #dY:7.8%   
  1.3             2.99306e-7      2.10754e-8       #dY:7.0%   
  1.4             2.89452e-7      2.03815e-8       #dY:7.0%   
  1.5             2.79118e-7      1.71436e-8       #dY:6.1%   
  1.6             2.68486e-7      1.64906e-8       #dY:6.1%   
  1.7             2.57703e-7      1.31081e-8       #dY:5.1%   
  1.8             2.46885e-7      1.25579e-8       #dY:5.1%   
  1.9             2.36127e-7      9.37865e-9       #dY:4.0%   
  2               2.25501e-7      8.9566e-9        #dY:4.0%   
  2.1             2.15068e-7      6.03567e-9       #dY:2.8%   
  2.2             2.04872e-7      5.74953e-9       #dY:2.8%   
  2.3             1.94948e-7      3.22754e-9       #dY:1.7%   
  2.4             1.85323e-7      3.06819e-9       #dY:1.7%   
  2.5             1.76015e-7      1.4433e-9        #dY:0.8%   
  2.6             1.67038e-7      1.36969e-9       #dY:0.8%   
  2.7             1.58399e-7      2.16773e-9       #dY:1.4%   
  2.8             1.50103e-7      2.0542e-9        #dY:1.4%   
  2.9             1.4215e-7       3.65157e-9       #dY:2.6%   
  3               1.34538e-7      3.45603e-9       #dY:2.6%   
  3.1             1.27263e-7      4.92849e-9       #dY:3.9%   
  3.2             1.2032e-7       4.65961e-9       #dY:3.9%   
  3.3             1.137e-7        5.9281e-9        #dY:5.2%   
  3.4             1.07397e-7      5.59948e-9       #dY:5.2%   
  3.5             1.014e-7        6.67503e-9       #dY:6.6%   
  3.6             9.56997e-8      6.29979e-9       #dY:6.6%   
  3.7             9.02861e-8      7.20414e-9       #dY:8.0%   
  3.8             8.51487e-8      6.79422e-9       #dY:8.0%   
  3.9             8.02768e-8      7.53971e-9       #dY:9.4%   
  4               7.56598e-8      7.10607e-9       #dY:9.4%   
  4.1             7.1287e-8       7.72232e-9       #dY:10.8%  
  4.2             6.71478e-8      7.27393e-9       #dY:10.8%  
  4.3             6.3232e-8       7.77747e-9       #dY:12.3%  
  4.4             5.95291e-8      7.32201e-9       #dY:12.3%  
  4.5             5.60295e-8      7.71604e-9       #dY:13.8%  
  4.6             5.27232e-8      7.26072e-9       #dY:13.8%  
  4.7             4.9601e-8       7.56166e-9       #dY:15.2%  
  4.8             4.66538e-8      7.11236e-9       #dY:15.2%  
  4.9             4.38728e-8      7.33705e-9       #dY:16.7%  
  5               4.12494e-8      6.89833e-9       #dY:16.7%  
  5.1             3.87758e-8      7.05767e-9       #dY:18.2%  
  5.2             3.64439e-8      6.63324e-9       #dY:18.2%  
  5.3             3.42463e-8      6.77898e-9       #dY:19.8%  
  5.4             3.2176e-8       6.36917e-9       #dY:19.8%  
  5.5             3.0226e-8       6.43071e-9       #dY:21.3%  
  5.6             2.83899e-8      6.04008e-9       #dY:21.3%  
  5.7             2.66613e-8      6.06748e-9       #dY:22.8%  
  5.8             2.50345e-8      5.69726e-9       #dY:22.8%  
  5.9             2.35037e-8      5.72355e-9       #dY:24.4%  
  6               2.20636e-8      5.37286e-9       #dY:24.4%  
  6.1             2.07092e-8      5.373e-9         #dY:25.9%  
  6.2             1.94354e-8      5.04251e-9       #dY:25.9%  
  6.3             1.82379e-8      5.00149e-9       #dY:27.4%  
  6.4             1.71122e-8      4.69278e-9       #dY:27.4%  
  6.5             1.60542e-8      4.65796e-9       #dY:29.0%  
  6.6             1.506e-8        4.3695e-9        #dY:29.0%  
  6.7             1.41259e-8      4.32252e-9       #dY:30.6%  
  6.8             1.32484e-8      4.05401e-9       #dY:30.6%  
  6.9             1.24242e-8      3.99855e-9       #dY:32.2%  
  7               1.16502e-8      3.74945e-9       #dY:32.2%  
  7.1             1.09234e-8      3.68849e-9       #dY:33.8%  
  7.2             1.0241e-8       3.45807e-9       #dY:33.8%  
  7.3             9.60047e-9      3.40357e-9       #dY:35.5%  
  7.4             8.99922e-9      3.19041e-9       #dY:35.5%  
  7.5             8.43495e-9      3.12316e-9       #dY:37.0%  
  7.6             7.90544e-9      2.9271e-9        #dY:37.0%  
  7.7             7.40861e-9      2.85893e-9       #dY:38.6%  
  7.8             6.94249e-9      2.67905e-9       #dY:38.6%  
  7.9             6.50522e-9      2.61187e-9       #dY:40.2%  
  8               6.09508e-9      2.44719e-9       #dY:40.2%  
  8.1             5.7104e-9       2.38774e-9       #dY:41.8%  
  8.2             5.34965e-9      2.2369e-9        #dY:41.8%  
  8.3             5.01137e-9      2.17284e-9       #dY:43.4%  
  8.4             4.69418e-9      2.03531e-9       #dY:43.4%  
  8.5             4.39681e-9      1.97889e-9       #dY:45.0%  
  8.6             4.11803e-9      1.85342e-9       #dY:45.0%  
  8.7             3.85671e-9      1.799e-9         #dY:46.6%  
  8.8             3.61176e-9      1.68474e-9       #dY:46.6%  
  8.9             3.38219e-9      1.62902e-9       #dY:48.2%  
  9               3.16705e-9      1.5254e-9        #dY:48.2%  
  9.1             2.96544e-9      1.47632e-9       #dY:49.8%  
  9.2             2.77652e-9      1.38226e-9       #dY:49.8%  
  9.3             2.59951e-9      1.33597e-9       #dY:51.4%  
  9.4             2.43368e-9      1.25075e-9       #dY:51.4%  
  9.5             2.27831e-9      1.20728e-9       #dY:53.0%  
  9.6             2.13277e-9      1.13016e-9       #dY:53.0%  
  9.7             1.99644e-9      1.08955e-9       #dY:54.6%  
  9.8             1.86874e-9      1.01986e-9       #dY:54.6%  
  9.9             1.74914e-9      9.82106e-10      #dY:56.1%  
  10              1.63713e-9      9.19214e-10      #dY:56.1%  
  10.1            1.53223e-9      8.84162e-10      #dY:57.7%  
  10.2            1.434e-9        8.27479e-10      #dY:57.7%  
  10.3            1.34201e-9      7.9513e-10       #dY:59.2%  
  10.4            1.25588e-9      7.44099e-10      #dY:59.2%  
  10.5            1.17524e-9      7.15564e-10      #dY:60.9%  
  10.6            1.09974e-9      6.69594e-10      #dY:60.9%  
  10.7            1.02905e-9      6.42131e-10      #dY:62.4%  
  10.8            9.62877e-10     6.00839e-10      #dY:62.4%  
  10.9            9.0093e-10      5.75679e-10      #dY:63.9%  
  11              8.42942e-10     5.38625e-10      #dY:63.9%  
  11.1            7.88662e-10     5.16491e-10      #dY:65.5%  
  11.2            7.37857e-10     4.83219e-10      #dY:65.5%  
  11.3            6.90304e-10     4.62164e-10      #dY:67.0%  
  11.4            6.45799e-10     4.32368e-10      #dY:67.0%  
  11.5            6.04147e-10     4.13866e-10      #dY:68.5%  
  11.6            5.65166e-10     3.87162e-10      #dY:68.5%  
  11.7            5.28687e-10     3.6971e-10       #dY:69.9%  
  11.8            4.94551e-10     3.45839e-10      #dY:69.9%  
  11.9            4.62608e-10     3.30514e-10      #dY:71.4%  
  12              4.32717e-10     3.09158e-10      #dY:71.4%  
  12.1            4.0475e-10      2.95224e-10      #dY:72.9%  
  12.2            3.78581e-10     2.76136e-10      #dY:72.9%  
  12.3            3.54097e-10     2.63495e-10      #dY:74.4%  
  12.4            3.31189e-10     2.46448e-10      #dY:74.4%  
  12.5            3.09757e-10     2.34666e-10      #dY:75.8%  
  12.6            2.89707e-10     2.19477e-10      #dY:75.8%  
  12.7            2.70949e-10     2.09141e-10      #dY:77.2%  
  12.8            2.53401e-10     1.95596e-10      #dY:77.2%  
  12.9            2.36986e-10     1.8626e-10       #dY:78.6%  
  13              2.2163e-10      1.74191e-10      #dY:78.6%  
  13.1            2.07266e-10     1.65771e-10      #dY:80.0%  
  13.2            1.9383e-10      1.55025e-10      #dY:80.0%  
  13.3            1.81261e-10     1.47434e-10      #dY:81.3%  
  13.4            1.69506e-10     1.37872e-10      #dY:81.3%  
  13.5            1.5851e-10      1.3105e-10       #dY:82.7%  
  13.6            1.48226e-10     1.22547e-10      #dY:82.7%  
  13.7            1.38607e-10     1.16555e-10      #dY:84.1%  
  13.8            1.29611e-10     1.0899e-10       #dY:84.1%  
  13.9            1.21197e-10     1.03471e-10      #dY:85.4%  
  14              1.13328e-10     9.67529e-11      #dY:85.4%  
  14.1            1.05968e-10     9.18048e-11      #dY:86.6%  
  14.2            9.90857e-11     8.58423e-11      #dY:86.6%  
  14.3            9.26492e-11     8.14046e-11      #dY:87.9%  
  14.4            8.663e-11       7.61159e-11      #dY:87.9%  
  14.5            8.1001e-11      7.22311e-11      #dY:89.2%  
  14.6            7.57371e-11     6.75372e-11      #dY:89.2%  
  14.7            7.08147e-11     6.39816e-11      #dY:90.4%  
  14.8            6.62117e-11     5.98228e-11      #dY:90.4%  
  14.9            6.19073e-11     5.66454e-11      #dY:91.5%  
  15              5.78824e-11     5.29626e-11      #dY:91.5%  
  15.1            5.41188e-11     5.01804e-11      #dY:92.7%  
  15.2            5.05995e-11     4.69173e-11      #dY:92.7%  
  15.3            4.73088e-11     4.44304e-11      #dY:93.9%  
  15.4            4.42319e-11     4.15407e-11      #dY:93.9%  
  15.5            4.13549e-11     3.92788e-11      #dY:95.0%  
  15.6            3.86648e-11     3.67237e-11      #dY:95.0%  
  15.7            3.61495e-11     3.47436e-11      #dY:96.1%  
  15.8            3.37977e-11     3.24832e-11      #dY:96.1%  
  15.9            3.15988e-11     3.06864e-11      #dY:97.1%  
  16              2.95428e-11     2.86897e-11      #dY:97.1%  
  16.1            2.76205e-11     2.71186e-11      #dY:98.2%  
  16.2            2.58233e-11     2.5354e-11       #dY:98.2%  
  16.3            2.41429e-11     2.38376e-11      #dY:98.7%  
  16.4            2.25718e-11     2.22864e-11      #dY:98.7%  
  16.5            2.11029e-11     2.11107e-11      #dY:100.0% 
  16.6            1.97296e-11     1.97369e-11      #dY:100.0% 
  16.7            1.84456e-11     1.86856e-11      #dY:101.3% 
  16.8            1.72452e-11     1.74696e-11      #dY:101.3% 
  16.9            1.61229e-11     1.65302e-11      #dY:102.5% 
  17              1.50736e-11     1.54544e-11      #dY:102.5% 
  17.1            1.40926e-11     1.44826e-11      #dY:102.8% 
  17.2            1.31755e-11     1.35401e-11      #dY:102.8% 
  17.3            1.23181e-11     1.28027e-11      #dY:103.9% 
  17.4            1.15164e-11     1.19695e-11      #dY:103.9% 
  17.5            1.0767e-11      1.13116e-11      #dY:105.1% 
  17.6            1.00663e-11     1.05755e-11      #dY:105.1% 
  17.7            9.41131e-12     9.90168e-12      #dY:105.2% 
  17.8            8.79891e-12     9.25738e-12      #dY:105.2% 
  17.9            8.22639e-12     8.74189e-12      #dY:106.3% 
  18              7.69114e-12     8.1731e-12       #dY:106.3% 
  18.1            7.19074e-12     7.71445e-12      #dY:107.3% 
  18.2            6.72292e-12     7.21256e-12      #dY:107.3% 
  18.3            6.28557e-12     6.80482e-12      #dY:108.3% 
  18.4            5.87668e-12     6.36215e-12      #dY:108.3% 
  18.5            5.49442e-12     5.95038e-12      #dY:108.3% 
  18.6            5.13705e-12     5.56335e-12      #dY:108.3% 
  18.7            4.80295e-12     5.24521e-12      #dY:109.2% 
  18.8            4.4906e-12      4.90409e-12      #dY:109.2% 
  18.9            4.19858e-12     4.62156e-12      #dY:110.1% 
  19              3.92558e-12     4.32106e-12      #dY:110.1% 
  19.1            3.67035e-12     4.03838e-12      #dY:110.0% 
  19.2            3.43174e-12     3.77585e-12      #dY:110.0% 
  19.3            3.20866e-12     3.556e-12        #dY:110.8% 
  19.4            3.0001e-12      3.32486e-12      #dY:110.8% 
  19.5            2.80512e-12     3.13001e-12      #dY:111.6% 
  19.6            2.62283e-12     2.92661e-12      #dY:111.6% 
  19.7            2.4524e-12      2.75414e-12      #dY:112.3% 
  19.8            2.29307e-12     2.5752e-12       #dY:112.3% 
  19.9            2.1441e-12      2.40423e-12      #dY:112.1% 
  20              2.00483e-12     2.24806e-12      #dY:112.1% 
  20.2            0.00            0.00                        
//
#-------------------------------------------------------------------------------
#
#name:   JENDL-5: U-235(N,F) E_in=6.5 MeV
#X.axis: Energy
#Y.axis: 
#wdata:  3
#ldata:  352
#data...
# X               Y               +-dY           
# MeV             1/eV            1/eV           
  0.00            0.00            0.00                        
  1.00e-11        1.91675e-12     0.00                        
  1.20e-11        2.09969e-12     0.00                        
  1.40e-11        2.26793e-12     0.00                        
  1.60e-11        2.42452e-12     0.00                        
  1.80e-11        2.57159e-12     0.00                        
  2.20e-11        2.843e-12       0.00                        
  2.50e-11        3.03065e-12     0.00                        
  2.90e-11        3.26411e-12     0.00                        
  3.40e-11        3.53432e-12     2.28173e-13      #dY:6.5%   
  4.00e-11        3.83351e-12     2.47489e-13      #dY:6.5%   
  4.60e-11        4.11099e-12     2.65403e-13      #dY:6.5%   
  5.40e-11        4.45415e-12     2.87557e-13      #dY:6.5%   
  6.30e-11        4.81103e-12     3.10597e-13      #dY:6.5%   
  7.40e-11        5.21416e-12     3.36623e-13      #dY:6.5%   
  8.60e-11        5.62106e-12     3.62892e-13      #dY:6.5%   
  1.00e-10        6.06135e-12     4.57352e-13      #dY:7.5%   
  1.20e-10        6.63989e-12     5.01005e-13      #dY:7.5%   
  1.40e-10        7.17191e-12     5.41148e-13      #dY:7.5%   
  1.60e-10        7.6671e-12      5.78512e-13      #dY:7.5%   
  1.80e-10        8.1322e-12      6.13606e-13      #dY:7.5%   
  2.20e-10        8.9905e-12      6.78368e-13      #dY:7.5%   
  2.50e-10        9.58392e-12     7.23144e-13      #dY:7.5%   
  2.90e-10        1.03222e-11     7.7885e-13       #dY:7.5%   
  3.40e-10        1.11767e-11     8.36157e-13      #dY:7.5%   
  4.00e-10        1.21229e-11     9.06945e-13      #dY:7.5%   
  4.60e-10        1.30004e-11     9.72593e-13      #dY:7.5%   
  5.40e-10        1.40856e-11     1.05378e-12      #dY:7.5%   
  6.30e-10        1.52142e-11     1.13821e-12      #dY:7.5%   
  7.40e-10        1.64891e-11     1.23359e-12      #dY:7.5%   
  8.60e-10        1.77759e-11     1.32986e-12      #dY:7.5%   
  1.00e-9         1.91683e-11     1.43403e-12      #dY:7.5%   
  1.20e-9         2.09979e-11     1.58436e-12      #dY:7.5%   
  1.40e-9         2.26805e-11     1.71132e-12      #dY:7.5%   
  1.60e-9         2.42465e-11     1.82948e-12      #dY:7.5%   
  1.80e-9         2.57174e-11     1.94046e-12      #dY:7.5%   
  2.20e-9         2.84319e-11     2.14528e-12      #dY:7.5%   
  2.50e-9         3.03086e-11     2.28688e-12      #dY:7.5%   
  2.90e-9         3.26436e-11     2.46307e-12      #dY:7.5%   
  3.40e-9         3.53461e-11     2.6442e-12       #dY:7.5%   
  4.00e-9         3.83385e-11     2.86806e-12      #dY:7.5%   
  4.60e-9         4.11138e-11     3.07567e-12      #dY:7.5%   
  5.40e-9         4.4546e-11      3.33243e-12      #dY:7.5%   
  6.30e-9         4.81157e-11     3.59948e-12      #dY:7.5%   
  7.40e-9         5.21479e-11     3.90112e-12      #dY:7.5%   
  8.60e-9         5.62179e-11     4.20559e-12      #dY:7.5%   
  1.00e-8         6.0622e-11      4.57367e-12      #dY:7.5%   
  1.20e-8         6.6409e-11      5.01028e-12      #dY:7.5%   
  1.40e-8         7.17309e-11     5.41179e-12      #dY:7.5%   
  1.60e-8         7.66846e-11     5.78553e-12      #dY:7.5%   
  1.80e-8         8.13372e-11     6.13655e-12      #dY:7.5%   
  2.20e-8         8.99237e-11     6.78436e-12      #dY:7.5%   
  2.50e-8         9.58604e-11     7.23226e-12      #dY:7.5%   
  2.90e-8         1.03247e-10     7.78955e-12      #dY:7.5%   
  3.40e-8         1.11796e-10     8.36193e-12      #dY:7.5%   
  4.00e-8         1.21263e-10     9.07003e-12      #dY:7.5%   
  4.60e-8         1.30043e-10     9.72674e-12      #dY:7.5%   
  5.40e-8         1.40902e-10     1.0539e-11       #dY:7.5%   
  6.30e-8         1.52196e-10     1.13837e-11      #dY:7.5%   
  7.40e-8         1.64954e-10     1.2338e-11       #dY:7.5%   
  8.60e-8         1.77832e-10     1.33012e-11      #dY:7.5%   
  1.00e-7         1.91768e-10     1.43435e-11      #dY:7.5%   
  1.20e-7         2.10081e-10     1.58456e-11      #dY:7.5%   
  1.40e-7         2.26923e-10     1.71159e-11      #dY:7.5%   
  1.60e-7         2.42601e-10     1.82985e-11      #dY:7.5%   
  1.80e-7         2.57272e-10     1.94051e-11      #dY:7.5%   
  2.20e-7         2.84435e-10     2.14539e-11      #dY:7.5%   
  2.50e-7         3.03218e-10     2.28706e-11      #dY:7.5%   
  2.90e-7         3.26589e-10     2.46334e-11      #dY:7.5%   
  3.40e-7         3.5364e-10      2.64422e-11      #dY:7.5%   
  4.00e-7         3.83543e-10     2.86781e-11      #dY:7.5%   
  4.60e-7         4.11319e-10     3.07549e-11      #dY:7.5%   
  5.40e-7         4.45673e-10     3.33236e-11      #dY:7.5%   
  6.30e-7         4.81405e-10     3.59954e-11      #dY:7.5%   
  7.40e-7         5.2177e-10      3.90135e-11      #dY:7.5%   
  8.60e-7         5.62518e-10     4.20603e-11      #dY:7.5%   
  1.00e-6         6.06614e-10     4.53574e-11      #dY:7.5%   
  1.20e-6         6.64564e-10     5.01073e-11      #dY:7.5%   
  1.40e-6         7.17862e-10     5.41259e-11      #dY:7.5%   
  1.60e-6         7.67478e-10     5.78669e-11      #dY:7.5%   
  1.80e-6         8.14084e-10     6.13809e-11      #dY:7.5%   
  2.20e-6         9.00107e-10     6.7867e-11       #dY:7.5%   
  2.50e-6         9.59594e-10     7.23522e-11      #dY:7.5%   
  2.90e-6         1.03362e-9      7.79337e-11      #dY:7.5%   
  3.40e-6         1.11931e-9      8.36307e-11      #dY:7.5%   
  4.00e-6         1.21421e-9      9.07213e-11      #dY:7.5%   
  4.60e-6         1.30225e-9      9.72993e-11      #dY:7.5%   
  5.40e-6         1.41116e-9      1.05437e-10      #dY:7.5%   
  6.30e-6         1.52446e-9      1.13902e-10      #dY:7.5%   
  7.40e-6         1.65248e-9      1.23467e-10      #dY:7.5%   
  8.60e-6         1.78175e-9      1.33126e-10      #dY:7.5%   
  1.00e-5         1.92167e-9      1.4358e-10       #dY:7.5%   
  1.20e-5         2.1056e-9       1.58514e-10      #dY:7.5%   
  1.40e-5         2.27483e-9      1.71254e-10      #dY:7.5%   
  1.60e-5         2.43241e-9      1.83117e-10      #dY:7.5%   
  1.80e-5         2.58048e-9      1.94264e-10      #dY:7.5%   
  2.20e-5         2.85388e-9      2.14846e-10      #dY:7.5%   
  2.50e-5         3.04302e-9      2.29085e-10      #dY:7.5%   
  2.90e-5         3.27848e-9      2.46811e-10      #dY:7.5%   
  3.40e-5         3.55118e-9      2.64601e-10      #dY:7.5%   
  4.00e-5         3.85337e-9      2.87117e-10      #dY:7.5%   
  4.60e-5         4.13385e-9      3.08016e-10      #dY:7.5%   
  5.40e-5         4.48102e-9      3.33884e-10      #dY:7.5%   
  6.30e-5         4.84242e-9      3.60812e-10      #dY:7.5%   
  7.40e-5         5.25108e-9      3.91261e-10      #dY:7.5%   
  8.60e-5         5.66402e-9      4.2203e-10       #dY:7.5%   
  1.00e-4         6.11137e-9      4.55362e-10      #dY:7.5%   
  1.20e-4         6.70001e-9      5.01903e-10      #dY:7.5%   
  1.40e-4         7.24215e-9      5.42516e-10      #dY:7.5%   
  1.60e-4         7.74747e-9      5.8037e-10       #dY:7.5%   
  1.80e-4         8.22272e-9      6.15971e-10      #dY:7.5%   
  2.20e-4         9.10135e-9      6.8179e-10       #dY:7.5%   
  2.50e-4         9.71004e-9      7.27387e-10      #dY:7.5%   
  2.90e-4         1.04687e-8      7.84219e-10      #dY:7.5%   
  3.40e-4         1.13488e-8      8.30215e-10      #dY:7.3%   
  4.00e-4         1.23256e-8      9.01672e-10      #dY:7.3%   
  4.60e-4         1.32338e-8      9.68111e-10      #dY:7.3%   
  5.40e-4         1.436e-8        1.0505e-9        #dY:7.3%   
  6.30e-4         1.55349e-8      1.13645e-9       #dY:7.3%   
  7.40e-4         1.68663e-8      1.23384e-9       #dY:7.3%   
  8.60e-4         1.82148e-8      1.33249e-9       #dY:7.3%   
  1.00e-3         1.96793e-8      1.43963e-9       #dY:7.3%   
  1.20e-3         2.1612e-8       1.57858e-9       #dY:7.3%   
  1.40e-3         2.33976e-8      1.70901e-9       #dY:7.3%   
  1.60e-3         2.50668e-8      1.83093e-9       #dY:7.3%   
  1.80e-3         2.66409e-8      1.94591e-9       #dY:7.3%   
  2.20e-3         2.95617e-8      2.15925e-9       #dY:7.3%   
  2.50e-3         3.15932e-8      2.30763e-9       #dY:7.3%   
  2.90e-3         3.41343e-8      2.49324e-9       #dY:7.3%   
  3.40e-3         3.70942e-8      2.63829e-9       #dY:7.1%   
  4.00e-3         4.03951e-8      2.87306e-9       #dY:7.1%   
  4.60e-3         4.34784e-8      3.09236e-9       #dY:7.1%   
  5.40e-3         4.73205e-8      3.36562e-9       #dY:7.1%   
  6.30e-3         5.135e-8        3.65222e-9       #dY:7.1%   
  7.40e-3         5.59426e-8      3.97886e-9       #dY:7.1%   
  8.60e-3         6.06216e-8      4.31165e-9       #dY:7.1%   
  0.01            6.57334e-8      4.67522e-9       #dY:7.1%   
  0.012           7.2526e-8       4.99604e-9       #dY:6.9%   
  0.014           7.88474e-8      5.4315e-9        #dY:6.9%   
  0.016           8.47947e-8      5.84118e-9       #dY:6.9%   
  0.018           9.04354e-8      6.22975e-9       #dY:6.9%   
  0.022           1.00982e-7      6.95627e-9       #dY:6.9%   
  0.025           1.08375e-7      7.46554e-9       #dY:6.9%   
  0.029           1.17687e-7      8.10701e-9       #dY:6.9%   
  0.034           1.28617e-7      8.25236e-9       #dY:6.4%   
  0.04            1.40906e-7      9.04085e-9       #dY:6.4%   
  0.046           1.52473e-7      9.78302e-9       #dY:6.4%   
  0.054           1.66996e-7      1.07148e-8       #dY:6.4%   
  0.063           1.82348e-7      1.16999e-8       #dY:6.4%   
  0.074           1.99981e-7      1.28312e-8       #dY:6.4%   
  0.086           2.18078e-7      1.39924e-8       #dY:6.4%   
  0.1             2.37985e-7      1.52697e-8       #dY:6.4%   
  0.2             3.36457e-7      1.96068e-8       #dY:5.8%   
  0.3             3.94854e-7      2.46823e-8       #dY:6.3%   
  0.4             4.23953e-7      2.65013e-8       #dY:6.3%   
  0.5             4.37735e-7      2.6382e-8        #dY:6.0%   
  0.6             4.35309e-7      2.62358e-8       #dY:6.0%   
  0.7             4.23344e-7      2.72545e-8       #dY:6.4%   
  0.8             3.91494e-7      2.5204e-8        #dY:6.4%   
  0.9             3.51791e-7      2.3417e-8        #dY:6.7%   
  1               3.17759e-7      2.11517e-8       #dY:6.7%   
  1.1             3.02056e-7      2.18589e-8       #dY:7.2%   
  1.2             2.92022e-7      2.11328e-8       #dY:7.2%   
  1.3             2.82822e-7      2.07535e-8       #dY:7.3%   
  1.4             2.73307e-7      2.00553e-8       #dY:7.3%   
  1.5             2.63397e-7      1.71155e-8       #dY:6.5%   
  1.6             2.53223e-7      1.64544e-8       #dY:6.5%   
  1.7             2.42915e-7      1.30932e-8       #dY:5.4%   
  1.8             2.32586e-7      1.25365e-8       #dY:5.4%   
  1.9             2.22322e-7      9.36778e-9       #dY:4.2%   
  2               2.12195e-7      8.94107e-9       #dY:4.2%   
  2.1             2.02259e-7      6.02857e-9       #dY:3.0%   
  2.2             1.92558e-7      5.73942e-9       #dY:3.0%   
  2.3             1.83123e-7      3.22372e-9       #dY:1.8%   
  2.4             1.73979e-7      3.06274e-9       #dY:1.8%   
  2.5             1.65144e-7      1.44158e-9       #dY:0.9%   
  2.6             1.56628e-7      1.36724e-9       #dY:0.9%   
  2.7             1.4844e-7       2.16514e-9       #dY:1.5%   
  2.8             1.40583e-7      2.05053e-9       #dY:1.5%   
  2.9             1.33055e-7      3.64719e-9       #dY:2.7%   
  3               1.25857e-7      3.44988e-9       #dY:2.7%   
  3.1             1.18982e-7      4.92266e-9       #dY:4.1%   
  3.2             1.12424e-7      4.65133e-9       #dY:4.1%   
  3.3             1.06177e-7      5.92107e-9       #dY:5.6%   
  3.4             1.00233e-7      5.5896e-9        #dY:5.6%   
  3.5             9.45808e-8      6.66717e-9       #dY:7.0%   
  3.6             8.92124e-8      6.28874e-9       #dY:7.0%   
  3.7             8.41175e-8      7.19573e-9       #dY:8.6%   
  3.8             7.92857e-8      6.7824e-9        #dY:8.6%   
  3.9             7.47068e-8      7.53099e-9       #dY:10.1%  
  4               7.03702e-8      7.09383e-9       #dY:10.1%  
  4.1             6.62658e-8      7.71346e-9       #dY:11.6%  
  4.2             6.23832e-8      7.26152e-9       #dY:11.6%  
  4.3             5.87125e-8      7.76864e-9       #dY:13.2%  
  4.4             5.52437e-8      7.30966e-9       #dY:13.2%  
  4.5             5.19674e-8      7.70739e-9       #dY:14.8%  
  4.6             4.88741e-8      7.24862e-9       #dY:14.8%  
  4.7             4.59549e-8      7.5533e-9        #dY:16.4%  
  4.8             4.3201e-8       7.10066e-9       #dY:16.4%  
  4.9             4.0604e-8       7.32902e-9       #dY:18.0%  
  5               3.81558e-8      6.88712e-9       #dY:18.0%  
  5.1             3.58487e-8      7.05006e-9       #dY:19.7%  
  5.2             3.36752e-8      6.62261e-9       #dY:19.7%  
  5.3             3.16282e-8      6.77181e-9       #dY:21.4%  
  5.4             2.97008e-8      6.35914e-9       #dY:21.4%  
  5.5             2.78865e-8      6.42399e-9       #dY:23.0%  
  5.6             2.61792e-8      6.03069e-9       #dY:23.0%  
  5.7             2.45729e-8      6.06126e-9       #dY:24.7%  
  5.8             2.3062e-8       5.68857e-9       #dY:24.7%  
  5.9             2.16411e-8      5.71777e-9       #dY:26.4%  
  6               2.03052e-8      5.36481e-9       #dY:26.4%  
  6.1             1.90494e-8      5.36765e-9       #dY:28.2%  
  6.2             1.78691e-8      5.03507e-9       #dY:28.2%  
  6.3             1.67601e-8      4.99661e-9       #dY:29.8%  
  6.4             1.57182e-8      4.686e-9         #dY:29.8%  
  6.5             1.47394e-8      4.65348e-9       #dY:31.6%  
  6.6             1.38202e-8      4.36327e-9       #dY:31.6%  
  6.7             1.29571e-8      4.31847e-9       #dY:33.3%  
  6.8             1.21467e-8      4.04837e-9       #dY:33.3%  
  6.9             1.13859e-8      3.99488e-9       #dY:35.1%  
  7               1.06718e-8      3.74433e-9       #dY:35.1%  
  7.1             1.00016e-8      3.68515e-9       #dY:36.8%  
  7.2             9.37274e-9      3.45344e-9       #dY:36.8%  
  7.3             8.7827e-9       3.40057e-9       #dY:38.7%  
  7.4             8.22915e-9      3.18624e-9       #dY:38.7%  
  7.5             7.70991e-9      3.12046e-9       #dY:40.5%  
  7.6             7.22289e-9      2.92334e-9       #dY:40.5%  
  7.7             6.76616e-9      2.85651e-9       #dY:42.2%  
  7.8             6.33786e-9      2.67569e-9       #dY:42.2%  
  7.9             5.93628e-9      2.60971e-9       #dY:44.0%  
  8               5.55979e-9      2.44419e-9       #dY:44.0%  
  8.1             5.20684e-9      2.38581e-9       #dY:45.8%  
  8.2             4.876e-9        2.23422e-9       #dY:45.8%  
  8.3             4.56591e-9      2.17113e-9       #dY:47.6%  
  8.4             4.27529e-9      2.03293e-9       #dY:47.6%  
  8.5             4.00295e-9      1.97736e-9       #dY:49.4%  
  8.6             3.74775e-9      1.8513e-9        #dY:49.4%  
  8.7             3.50864e-9      1.79765e-9       #dY:51.2%  
  8.8             3.28462e-9      1.68287e-9       #dY:51.2%  
  8.9             3.07474e-9      1.62783e-9       #dY:52.9%  
  9               2.87814e-9      1.52375e-9       #dY:52.9%  
  9.1             2.69398e-9      1.47526e-9       #dY:54.8%  
  9.2             2.5215e-9       1.38081e-9       #dY:54.8%  
  9.3             2.35995e-9      1.33505e-9       #dY:56.6%  
  9.4             2.20866e-9      1.24946e-9       #dY:56.6%  
  9.5             2.06698e-9      1.20647e-9       #dY:58.4%  
  9.6             1.93431e-9      1.12903e-9       #dY:58.4%  
  9.7             1.81009e-9      1.08884e-9       #dY:60.2%  
  9.8             1.69377e-9      1.01887e-9       #dY:60.2%  
  9.9             1.58488e-9      9.8148e-10       #dY:61.9%  
  10              1.48293e-9      9.18345e-10      #dY:61.9%  
  10.1            1.3875e-9       8.83618e-10      #dY:63.7%  
  10.2            1.29816e-9      8.26723e-10      #dY:63.7%  
  10.3            1.21453e-9      7.94654e-10      #dY:65.4%  
  10.4            1.13626e-9      7.43442e-10      #dY:65.4%  
  10.5            1.06299e-9      7.15144e-10      #dY:67.3%  
  10.6            9.94423e-10     6.69014e-10      #dY:67.3%  
  10.7            9.30251e-10     6.4177e-10       #dY:69.0%  
  10.8            8.70195e-10     6.00338e-10      #dY:69.0%  
  10.9            8.13994e-10     5.75364e-10      #dY:70.7%  
  11              7.61403e-10     5.38191e-10      #dY:70.7%  
  11.1            7.12191e-10     5.16219e-10      #dY:72.5%  
  11.2            6.66144e-10     4.82842e-10      #dY:72.5%  
  11.3            6.23059e-10     4.61929e-10      #dY:74.1%  
  11.4            5.82747e-10     4.32042e-10      #dY:74.1%  
  11.5            5.45031e-10     4.13662e-10      #dY:75.9%  
  11.6            5.09745e-10     3.86881e-10      #dY:75.9%  
  11.7            4.76733e-10     3.69535e-10      #dY:77.5%  
  11.8            4.45851e-10     3.45597e-10      #dY:77.5%  
  11.9            4.1696e-10      3.30363e-10      #dY:79.2%  
  12              3.89935e-10     3.0895e-10       #dY:79.2%  
  12.1            3.64654e-10     2.95094e-10      #dY:80.9%  
  12.2            3.41006e-10     2.75957e-10      #dY:80.9%  
  12.3            3.18887e-10     2.63384e-10      #dY:82.6%  
  12.4            2.98197e-10     2.46295e-10      #dY:82.6%  
  12.5            2.78845e-10     2.34571e-10      #dY:84.1%  
  12.6            2.60745e-10     2.19345e-10      #dY:84.1%  
  12.7            2.43817e-10     2.0906e-10       #dY:85.7%  
  12.8            2.27984e-10     1.95484e-10      #dY:85.7%  
  12.9            2.13177e-10     1.8619e-10       #dY:87.3%  
  13              1.99328e-10     1.74095e-10      #dY:87.3%  
  13.1            1.86377e-10     1.65712e-10      #dY:88.9%  
  13.2            1.74266e-10     1.54944e-10      #dY:88.9%  
  13.3            1.62939e-10     1.47384e-10      #dY:90.5%  
  13.4            1.52347e-10     1.37803e-10      #dY:90.5%  
  13.5            1.42442e-10     1.31007e-10      #dY:92.0%  
  13.6            1.3318e-10      1.22488e-10      #dY:92.0%  
  13.7            1.24519e-10     1.16519e-10      #dY:93.6%  
  13.8            1.1642e-10      1.0894e-10       #dY:93.6%  
  13.9            1.08847e-10     1.03441e-10      #dY:95.0%  
  14              1.01766e-10     9.67112e-11      #dY:95.0%  
  14.1            9.51444e-11     9.17797e-11      #dY:96.5%  
  14.2            8.89533e-11     8.58075e-11      #dY:96.5%  
  14.3            8.31645e-11     8.13832e-11      #dY:97.9%  
  14.4            7.77518e-11     7.60865e-11      #dY:97.9%  
  14.5            7.26911e-11     7.22133e-11      #dY:99.3%  
  14.6            6.79593e-11     6.75126e-11      #dY:99.3%  
  14.7            6.35353e-11     6.39667e-11      #dY:100.7% 
  14.8            5.93989e-11     5.98022e-11      #dY:100.7% 
  14.9            5.55316e-11     5.66329e-11      #dY:102.0% 
  15              5.19159e-11     5.29455e-11      #dY:102.0% 
  15.1            4.85355e-11     5.01702e-11      #dY:103.4% 
  15.2            4.5375e-11      4.69032e-11      #dY:103.4% 
  15.3            4.24202e-11     4.4422e-11       #dY:104.7% 
  15.4            3.96577e-11     4.15291e-11      #dY:104.7% 
  15.5            3.70751e-11     3.92718e-11      #dY:105.9% 
  15.6            3.46605e-11     3.67141e-11      #dY:105.9% 
  15.7            3.24032e-11     3.47379e-11      #dY:107.2% 
  15.8            3.02929e-11     3.24755e-11      #dY:107.2% 
  15.9            2.832e-11       3.06818e-11      #dY:108.3% 
  16              2.64755e-11     2.86835e-11      #dY:108.3% 
  16.1            2.47512e-11     2.71149e-11      #dY:109.5% 
  16.2            2.31392e-11     2.53489e-11      #dY:109.5% 
  16.3            2.16322e-11     2.38347e-11      #dY:110.2% 
  16.4            2.02234e-11     2.22824e-11      #dY:110.2% 
  16.5            1.89063e-11     2.11083e-11      #dY:111.6% 
  16.6            1.76751e-11     1.97337e-11      #dY:111.6% 
  16.7            1.65241e-11     1.86839e-11      #dY:113.1% 
  16.8            1.5448e-11      1.74671e-11      #dY:113.1% 
  16.9            1.44421e-11     1.65288e-11      #dY:114.4% 
  17              1.35017e-11     1.54525e-11      #dY:114.4% 
  17.1            1.26226e-11     1.44816e-11      #dY:114.7% 
  17.2            1.18007e-11     1.35387e-11      #dY:114.7% 
  17.3            1.10324e-11     1.28018e-11      #dY:116.0% 
  17.4            1.03142e-11     1.19684e-11      #dY:116.0% 
  17.5            9.64279e-12     1.13111e-11      #dY:117.3% 
  17.6            9.01511e-12     1.05748e-11      #dY:117.3% 
  17.7            8.42833e-12     9.90128e-12      #dY:117.5% 
  17.8            7.87979e-12     9.25688e-12      #dY:117.5% 
  17.9            7.36698e-12     8.74164e-12      #dY:118.7% 
  18              6.88759e-12     8.1728e-12       #dY:118.7% 
  18.1            6.43942e-12     7.71432e-12      #dY:119.8% 
  18.2            6.02046e-12     7.21241e-12      #dY:119.8% 
  18.3            5.62879e-12     6.80477e-12      #dY:120.9% 
  18.4            5.26264e-12     6.36212e-12      #dY:120.9% 
  18.5            4.92034e-12     5.95041e-12      #dY:120.9% 
  18.6            4.60034e-12     5.56342e-12      #dY:120.9% 
  18.7            4.30118e-12     5.24528e-12      #dY:121.9% 
  18.8            4.02151e-12     4.90422e-12      #dY:121.9% 
  18.9            3.76005e-12     4.62168e-12      #dY:122.9% 
  19              3.51562e-12     4.32124e-12      #dY:122.9% 
  19.1            3.28711e-12     4.03853e-12      #dY:122.9% 
  19.2            3.07347e-12     3.77605e-12      #dY:122.9% 
  19.3            2.87375e-12     3.55615e-12      #dY:123.7% 
  19.4            2.68703e-12     3.32509e-12      #dY:123.7% 
  19.5            2.51246e-12     3.13018e-12      #dY:124.6% 
  19.6            2.34926e-12     2.92685e-12      #dY:124.6% 
  19.7            2.19668e-12     2.75431e-12      #dY:125.4% 
  19.8            2.05404e-12     2.57546e-12      #dY:125.4% 
  19.9            1.92067e-12     2.40441e-12      #dY:125.2% 
  20              1.79598e-12     2.24831e-12      #dY:125.2% 
  20.2            0.00            0.00                        
//
#-------------------------------------------------------------------------------
#
#name:   JENDL-5: U-235(N,F) E_in=7. MeV
#X.axis: Energy
#Y.axis: 
#wdata:  3
#ldata:  352
#data...
# X               Y               +-dY           
# MeV             1/eV            1/eV           
  0.00            0.00            0.00                        
  1.00e-11        1.85946e-12     0.00                        
  1.20e-11        2.03694e-12     0.00                        
  1.40e-11        2.20014e-12     0.00                        
  1.60e-11        2.35205e-12     0.00                        
  1.80e-11        2.49473e-12     0.00                        
  2.20e-11        2.75803e-12     0.00                        
  2.50e-11        2.94007e-12     0.00                        
  2.90e-11        3.16656e-12     0.00                        
  3.40e-11        3.42869e-12     2.28173e-13      #dY:6.7%   
  4.00e-11        3.71894e-12     2.47489e-13      #dY:6.7%   
  4.60e-11        3.98812e-12     2.65403e-13      #dY:6.7%   
  5.40e-11        4.32102e-12     2.87557e-13      #dY:6.7%   
  6.30e-11        4.66724e-12     3.10597e-13      #dY:6.7%   
  7.40e-11        5.05831e-12     3.36622e-13      #dY:6.7%   
  8.60e-11        5.45305e-12     3.62891e-13      #dY:6.7%   
  1.00e-10        5.88018e-12     4.57352e-13      #dY:7.8%   
  1.20e-10        6.44142e-12     5.01004e-13      #dY:7.8%   
  1.40e-10        6.95754e-12     5.41147e-13      #dY:7.8%   
  1.60e-10        7.43793e-12     5.78511e-13      #dY:7.8%   
  1.80e-10        7.88913e-12     6.13605e-13      #dY:7.8%   
  2.20e-10        8.72177e-12     6.78367e-13      #dY:7.8%   
  2.50e-10        9.29745e-12     7.23142e-13      #dY:7.8%   
  2.90e-10        1.00137e-11     7.78851e-13      #dY:7.8%   
  3.40e-10        1.08426e-11     8.36155e-13      #dY:7.7%   
  4.00e-10        1.17605e-11     9.06941e-13      #dY:7.7%   
  4.60e-10        1.26118e-11     9.72591e-13      #dY:7.7%   
  5.40e-10        1.36645e-11     1.05377e-12      #dY:7.7%   
  6.30e-10        1.47594e-11     1.13821e-12      #dY:7.7%   
  7.40e-10        1.59962e-11     1.23359e-12      #dY:7.7%   
  8.60e-10        1.72445e-11     1.32985e-12      #dY:7.7%   
  1.00e-9         1.85953e-11     1.43402e-12      #dY:7.7%   
  1.20e-9         2.03702e-11     1.58436e-12      #dY:7.8%   
  1.40e-9         2.20024e-11     1.71131e-12      #dY:7.8%   
  1.60e-9         2.35217e-11     1.82948e-12      #dY:7.8%   
  1.80e-9         2.49486e-11     1.94046e-12      #dY:7.8%   
  2.20e-9         2.75818e-11     2.14527e-12      #dY:7.8%   
  2.50e-9         2.94024e-11     2.28687e-12      #dY:7.8%   
  2.90e-9         3.16676e-11     2.46305e-12      #dY:7.8%   
  3.40e-9         3.42892e-11     2.64419e-12      #dY:7.7%   
  4.00e-9         3.71921e-11     2.86804e-12      #dY:7.7%   
  4.60e-9         3.98844e-11     3.07566e-12      #dY:7.7%   
  5.40e-9         4.32139e-11     3.33241e-12      #dY:7.7%   
  6.30e-9         4.66767e-11     3.59944e-12      #dY:7.7%   
  7.40e-9         5.05883e-11     3.90108e-12      #dY:7.7%   
  8.60e-9         5.45365e-11     4.20555e-12      #dY:7.7%   
  1.00e-8         5.88088e-11     4.57366e-12      #dY:7.8%   
  1.20e-8         6.44226e-11     5.01025e-12      #dY:7.8%   
  1.40e-8         6.95851e-11     5.41175e-12      #dY:7.8%   
  1.60e-8         7.43904e-11     5.78546e-12      #dY:7.8%   
  1.80e-8         7.89038e-11     6.13648e-12      #dY:7.8%   
  2.20e-8         8.7233e-11      6.78425e-12      #dY:7.8%   
  2.50e-8         9.29919e-11     7.23213e-12      #dY:7.8%   
  2.90e-8         1.00157e-10     7.78937e-12      #dY:7.8%   
  3.40e-8         1.0845e-10      8.36186e-12      #dY:7.7%   
  4.00e-8         1.17633e-10     9.0699e-12       #dY:7.7%   
  4.60e-8         1.2615e-10      9.72659e-12      #dY:7.7%   
  5.40e-8         1.36683e-10     1.05387e-11      #dY:7.7%   
  6.30e-8         1.47638e-10     1.13834e-11      #dY:7.7%   
  7.40e-8         1.60013e-10     1.23375e-11      #dY:7.7%   
  8.60e-8         1.72505e-10     1.33007e-11      #dY:7.7%   
  1.00e-7         1.86022e-10     1.43429e-11      #dY:7.7%   
  1.20e-7         2.03785e-10     1.58453e-11      #dY:7.8%   
  1.40e-7         2.20121e-10     1.71155e-11      #dY:7.8%   
  1.60e-7         2.35328e-10     1.82979e-11      #dY:7.8%   
  1.80e-7         2.49565e-10     1.94049e-11      #dY:7.8%   
  2.20e-7         2.75913e-10     2.14536e-11      #dY:7.8%   
  2.50e-7         2.94132e-10     2.28702e-11      #dY:7.8%   
  2.90e-7         3.168e-10       2.46328e-11      #dY:7.8%   
  3.40e-7         3.43038e-10     2.64419e-11      #dY:7.7%   
  4.00e-7         3.72093e-10     2.86815e-11      #dY:7.7%   
  4.60e-7         3.99041e-10     3.07587e-11      #dY:7.7%   
  5.40e-7         4.32323e-10     3.33241e-11      #dY:7.7%   
  6.30e-7         4.66925e-10     3.59913e-11      #dY:7.7%   
  7.40e-7         5.06068e-10     3.90085e-11      #dY:7.7%   
  8.60e-7         5.4558e-10      4.20541e-11      #dY:7.7%   
  1.00e-6         5.88338e-10     4.53499e-11      #dY:7.7%   
  1.20e-6         6.44527e-10     5.01016e-11      #dY:7.8%   
  1.40e-6         6.96203e-10     5.41186e-11      #dY:7.8%   
  1.60e-6         7.44306e-10     5.78578e-11      #dY:7.8%   
  1.80e-6         7.8949e-10      6.13701e-11      #dY:7.8%   
  2.20e-6         8.72884e-10     6.78527e-11      #dY:7.8%   
  2.50e-6         9.30548e-10     7.23351e-11      #dY:7.8%   
  2.90e-6         1.0023e-9       7.79127e-11      #dY:7.8%   
  3.40e-6         1.08536e-9      8.3623e-11       #dY:7.7%   
  4.00e-6         1.17734e-9      9.07097e-11      #dY:7.7%   
  4.60e-6         1.26266e-9      9.72833e-11      #dY:7.7%   
  5.40e-6         1.3682e-9       1.05415e-10      #dY:7.7%   
  6.30e-6         1.47798e-9      1.13873e-10      #dY:7.7%   
  7.40e-6         1.60201e-9      1.23429e-10      #dY:7.7%   
  8.60e-6         1.72724e-9      1.33078e-10      #dY:7.7%   
  1.00e-5         1.86277e-9      1.4352e-10       #dY:7.7%   
  1.20e-5         2.04092e-9      1.5848e-10       #dY:7.8%   
  1.40e-5         2.20479e-9      1.71205e-10      #dY:7.8%   
  1.60e-5         2.35737e-9      1.83053e-10      #dY:7.8%   
  1.80e-5         2.50072e-9      1.94185e-10      #dY:7.8%   
  2.20e-5         2.76536e-9      2.14734e-10      #dY:7.8%   
  2.50e-5         2.94841e-9      2.28948e-10      #dY:7.8%   
  2.90e-5         3.17625e-9      2.46641e-10      #dY:7.8%   
  3.40e-5         3.44007e-9      2.64523e-10      #dY:7.7%   
  4.00e-5         3.73235e-9      2.86998e-10      #dY:7.7%   
  4.60e-5         4.00356e-9      3.07852e-10      #dY:7.7%   
  5.40e-5         4.33919e-9      3.33661e-10      #dY:7.7%   
  6.30e-5         4.68847e-9      3.60518e-10      #dY:7.7%   
  7.40e-5         5.0833e-9       3.90879e-10      #dY:7.7%   
  8.60e-5         5.48215e-9      4.21548e-10      #dY:7.7%   
  1.00e-4         5.91408e-9      4.54761e-10      #dY:7.7%   
  1.20e-4         6.4822e-9       5.01567e-10      #dY:7.7%   
  1.40e-4         7.00521e-9      5.42036e-10      #dY:7.7%   
  1.60e-4         7.49251e-9      5.79741e-10      #dY:7.7%   
  1.80e-4         7.95062e-9      6.15188e-10      #dY:7.7%   
  2.20e-4         8.79714e-9      6.80688e-10      #dY:7.7%   
  2.50e-4         9.38326e-9      7.2604e-10       #dY:7.7%   
  2.90e-4         1.01134e-8      7.82535e-10      #dY:7.7%   
  3.40e-4         1.09598e-8      8.29451e-10      #dY:7.6%   
  4.00e-4         1.18987e-8      9.00508e-10      #dY:7.6%   
  4.60e-4         1.2771e-8       9.66525e-10      #dY:7.6%   
  5.40e-4         1.38519e-8      1.04833e-9       #dY:7.6%   
  6.30e-4         1.49784e-8      1.13358e-9       #dY:7.6%   
  7.40e-4         1.62539e-8      1.23012e-9       #dY:7.6%   
  8.60e-4         1.75446e-8      1.3278e-9        #dY:7.6%   
  1.00e-3         1.89449e-8      1.43377e-9       #dY:7.6%   
  1.20e-3         2.07906e-8      1.57535e-9       #dY:7.6%   
  1.40e-3         2.24936e-8      1.70439e-9       #dY:7.6%   
  1.60e-3         2.40838e-8      1.82488e-9       #dY:7.6%   
  1.80e-3         2.55816e-8      1.93837e-9       #dY:7.6%   
  2.20e-3         2.83566e-8      2.14864e-9       #dY:7.6%   
  2.50e-3         3.02835e-8      2.29464e-9       #dY:7.6%   
  2.90e-3         3.26903e-8      2.47701e-9       #dY:7.6%   
  3.40e-3         3.54887e-8      2.63106e-9       #dY:7.4%   
  4.00e-3         3.86034e-8      2.86198e-9       #dY:7.4%   
  4.60e-3         4.15069e-8      3.07724e-9       #dY:7.4%   
  5.40e-3         4.51174e-8      3.34492e-9       #dY:7.4%   
  6.30e-3         4.88951e-8      3.62499e-9       #dY:7.4%   
  7.40e-3         5.31898e-8      3.94339e-9       #dY:7.4%   
  8.60e-3         5.75538e-8      4.26693e-9       #dY:7.4%   
  0.01            6.23085e-8      4.61943e-9       #dY:7.4%   
  0.012           6.86063e-8      4.96647e-9       #dY:7.2%   
  0.014           7.4447e-8       5.38929e-9       #dY:7.2%   
  0.016           7.99247e-8      5.78582e-9       #dY:7.2%   
  0.018           8.51051e-8      6.16084e-9       #dY:7.2%   
  0.022           9.47528e-8      6.85924e-9       #dY:7.2%   
  0.025           1.01488e-7      7.34681e-9       #dY:7.2%   
  0.029           1.09938e-7      7.95851e-9       #dY:7.2%   
  0.034           1.19812e-7      8.19021e-9       #dY:6.8%   
  0.04            1.30859e-7      8.94537e-9       #dY:6.8%   
  0.046           1.41206e-7      9.65268e-9       #dY:6.8%   
  0.054           1.5413e-7       1.05361e-8       #dY:6.8%   
  0.063           1.67712e-7      1.14646e-8       #dY:6.8%   
  0.074           1.83215e-7      1.25244e-8       #dY:6.8%   
  0.086           1.99023e-7      1.3605e-8        #dY:6.8%   
  0.1             2.16296e-7      1.47857e-8       #dY:6.8%   
  0.2             3.04424e-7      1.93214e-8       #dY:6.3%   
  0.3             3.60127e-7      2.4834e-8        #dY:6.9%   
  0.4             3.93612e-7      2.71431e-8       #dY:6.9%   
  0.5             4.1592e-7       2.73972e-8       #dY:6.6%   
  0.6             4.26353e-7      2.80844e-8       #dY:6.6%   
  0.7             4.2634e-7       2.88253e-8       #dY:6.8%   
  0.8             4.18617e-7      2.83031e-8       #dY:6.8%   
  0.9             4.05194e-7      2.6588e-8        #dY:6.6%   
  1               3.88755e-7      2.55093e-8       #dY:6.6%   
  1.1             3.69508e-7      2.3353e-8        #dY:6.3%   
  1.2             3.4883e-7       2.20461e-8       #dY:6.3%   
  1.3             3.19137e-7      1.92519e-8       #dY:6.0%   
  1.4             2.87347e-7      1.73342e-8       #dY:6.0%   
  1.5             2.61124e-7      1.50576e-8       #dY:5.8%   
  1.6             2.46209e-7      1.41975e-8       #dY:5.8%   
  1.7             2.35034e-7      1.26387e-8       #dY:5.4%   
  1.8             2.24783e-7      1.20874e-8       #dY:5.4%   
  1.9             2.14781e-7      9.34411e-9       #dY:4.4%   
  2               2.04941e-7      8.91602e-9       #dY:4.4%   
  2.1             1.95295e-7      6.02517e-9       #dY:3.1%   
  2.2             1.8588e-7       5.7347e-9        #dY:3.1%   
  2.3             1.76727e-7      3.22204e-9       #dY:1.8%   
  2.4             1.67859e-7      3.06036e-9       #dY:1.8%   
  2.5             1.59294e-7      1.44083e-9       #dY:0.9%   
  2.6             1.51041e-7      1.36618e-9       #dY:0.9%   
  2.7             1.43108e-7      2.16401e-9       #dY:1.5%   
  2.8             1.35498e-7      2.04893e-9       #dY:1.5%   
  2.9             1.2821e-7       3.6453e-9        #dY:2.8%   
  3               1.21243e-7      3.44721e-9       #dY:2.8%   
  3.1             1.1459e-7       4.92007e-9       #dY:4.3%   
  3.2             1.08247e-7      4.64773e-9       #dY:4.3%   
  3.3             1.02207e-7      5.91808e-9       #dY:5.8%   
  3.4             9.64596e-8      5.58529e-9       #dY:5.8%   
  3.5             9.09976e-8      6.66373e-9       #dY:7.3%   
  3.6             8.58111e-8      6.28392e-9       #dY:7.3%   
  3.7             8.08901e-8      7.19207e-9       #dY:8.9%   
  3.8             7.62247e-8      6.77726e-9       #dY:8.9%   
  3.9             7.18048e-8      7.52719e-9       #dY:10.5%  
  4               6.762e-8        7.0885e-9        #dY:10.5%  
  4.1             6.36604e-8      7.70961e-9       #dY:12.1%  
  4.2             5.99159e-8      7.25613e-9       #dY:12.1%  
  4.3             5.63767e-8      7.76481e-9       #dY:13.8%  
  4.4             5.30332e-8      7.30431e-9       #dY:13.8%  
  4.5             4.9876e-8       7.70363e-9       #dY:15.4%  
  4.6             4.68961e-8      7.24337e-9       #dY:15.4%  
  4.7             4.40847e-8      7.54968e-9       #dY:17.1%  
  4.8             4.14332e-8      7.0956e-9        #dY:17.1%  
  4.9             3.89335e-8      7.32557e-9       #dY:18.8%  
  5               3.65776e-8      6.88229e-9       #dY:18.8%  
  5.1             3.43581e-8      7.04678e-9       #dY:20.5%  
  5.2             3.22677e-8      6.61804e-9       #dY:20.5%  
  5.3             3.02995e-8      6.76872e-9       #dY:22.3%  
  5.4             2.84467e-8      6.35481e-9       #dY:22.3%  
  5.5             2.67032e-8      6.42111e-9       #dY:24.0%  
  5.6             2.50629e-8      6.02668e-9       #dY:24.0%  
  5.7             2.352e-8        6.05859e-9       #dY:25.8%  
  5.8             2.20691e-8      5.68484e-9       #dY:25.8%  
  5.9             2.07051e-8      5.71532e-9       #dY:27.6%  
  6               1.94229e-8      5.36138e-9       #dY:27.6%  
  6.1             1.82179e-8      5.36538e-9       #dY:29.5%  
  6.2             1.70857e-8      5.03194e-9       #dY:29.5%  
  6.3             1.6022e-8       4.99454e-9       #dY:31.2%  
  6.4             1.5023e-8       4.68312e-9       #dY:31.2%  
  6.5             1.40848e-8      4.65163e-9       #dY:33.0%  
  6.6             1.32038e-8      4.36067e-9       #dY:33.0%  
  6.7             1.23768e-8      4.31676e-9       #dY:34.9%  
  6.8             1.16004e-8      4.04597e-9       #dY:34.9%  
  6.9             1.08718e-8      3.99333e-9       #dY:36.7%  
  7               1.01881e-8      3.7422e-9        #dY:36.7%  
  7.1             9.54656e-9      3.68379e-9       #dY:38.6%  
  7.2             8.94469e-9      3.45155e-9       #dY:38.6%  
  7.3             8.3801e-9       3.39932e-9       #dY:40.6%  
  7.4             7.85056e-9      3.18452e-9       #dY:40.6%  
  7.5             7.35393e-9      3.11935e-9       #dY:42.4%  
  7.6             6.88824e-9      2.92182e-9       #dY:42.4%  
  7.7             6.45158e-9      2.85552e-9       #dY:44.3%  
  7.8             6.04221e-9      2.67433e-9       #dY:44.3%  
  7.9             5.65844e-9      2.60884e-9       #dY:46.1%  
  8               5.29872e-9      2.44299e-9       #dY:46.1%  
  8.1             4.96157e-9      2.38504e-9       #dY:48.1%  
  8.2             4.64559e-9      2.23315e-9       #dY:48.1%  
  8.3             4.3495e-9       2.17045e-9       #dY:49.9%  
  8.4             4.07205e-9      2.032e-9         #dY:49.9%  
  8.5             3.81209e-9      1.97677e-9       #dY:51.9%  
  8.6             3.56855e-9      1.85048e-9       #dY:51.9%  
  8.7             3.3404e-9       1.79713e-9       #dY:53.8%  
  8.8             3.12668e-9      1.68214e-9       #dY:53.8%  
  8.9             2.9265e-9       1.62737e-9       #dY:55.6%  
  9               2.73901e-9      1.52311e-9       #dY:55.6%  
  9.1             2.56342e-9      1.47486e-9       #dY:57.5%  
  9.2             2.39899e-9      1.38026e-9       #dY:57.5%  
  9.3             2.24501e-9      1.33471e-9       #dY:59.5%  
  9.4             2.10083e-9      1.24899e-9       #dY:59.5%  
  9.5             1.96583e-9      1.20617e-9       #dY:61.4%  
  9.6             1.83944e-9      1.12862e-9       #dY:61.4%  
  9.7             1.72111e-9      1.08858e-9       #dY:63.2%  
  9.8             1.61033e-9      1.01851e-9       #dY:63.2%  
  9.9             1.50664e-9      9.81259e-10      #dY:65.1%  
  10              1.40958e-9      9.18045e-10      #dY:65.1%  
  10.1            1.31872e-9      8.83423e-10      #dY:67.0%  
  10.2            1.23369e-9      8.26461e-10      #dY:67.0%  
  10.3            1.1541e-9       7.94493e-10      #dY:68.8%  
  10.4            1.07961e-9      7.43213e-10      #dY:68.8%  
  10.5            1.00991e-9      7.15008e-10      #dY:70.8%  
  10.6            9.44679e-10     6.68825e-10      #dY:70.8%  
  10.7            8.83639e-10     6.41653e-10      #dY:72.6%  
  10.8            8.26521e-10     6.00177e-10      #dY:72.6%  
  10.9            7.73077e-10     5.75265e-10      #dY:74.4%  
  11              7.23071e-10     5.38055e-10      #dY:74.4%  
  11.1            6.76285e-10     5.16136e-10      #dY:76.3%  
  11.2            6.32512e-10     4.82729e-10      #dY:76.3%  
  11.3            5.91559e-10     4.61859e-10      #dY:78.1%  
  11.4            5.53247e-10     4.31947e-10      #dY:78.1%  
  11.5            5.17405e-10     4.13604e-10      #dY:79.9%  
  11.6            4.83877e-10     3.86802e-10      #dY:79.9%  
  11.7            4.52512e-10     3.69487e-10      #dY:81.7%  
  11.8            4.23174e-10     3.45532e-10      #dY:81.7%  
  11.9            3.9573e-10      3.30323e-10      #dY:83.5%  
  12              3.70061e-10     3.08897e-10      #dY:83.5%  
  12.1            3.46051e-10     2.95062e-10      #dY:85.3%  
  12.2            3.23594e-10     2.75914e-10      #dY:85.3%  
  12.3            3.02589e-10     2.63357e-10      #dY:87.0%  
  12.4            2.82945e-10     2.4626e-10       #dY:87.0%  
  12.5            2.64572e-10     2.34551e-10      #dY:88.7%  
  12.6            2.47389e-10     2.19318e-10      #dY:88.7%  
  12.7            2.31319e-10     2.09044e-10      #dY:90.4%  
  12.8            2.16291e-10     1.95463e-10      #dY:90.4%  
  12.9            2.02236e-10     1.86177e-10      #dY:92.1%  
  13              1.89093e-10     1.74078e-10      #dY:92.1%  
  13.1            1.76802e-10     1.65702e-10      #dY:93.7%  
  13.2            1.65309e-10     1.54931e-10      #dY:93.7%  
  13.3            1.54561e-10     1.47377e-10      #dY:95.4%  
  13.4            1.44511e-10     1.37794e-10      #dY:95.4%  
  13.5            1.35114e-10     1.31003e-10      #dY:97.0%  
  13.6            1.26326e-10     1.22482e-10      #dY:97.0%  
  13.7            1.18109e-10     1.16515e-10      #dY:98.7%  
  13.8            1.10426e-10     1.08936e-10      #dY:98.7%  
  13.9            1.03242e-10     1.03439e-10      #dY:100.2% 
  14              9.65253e-11     9.67091e-11      #dY:100.2% 
  14.1            9.02447e-11     9.17792e-11      #dY:101.7% 
  14.2            8.43724e-11     8.58071e-11      #dY:101.7% 
  14.3            7.88818e-11     8.13833e-11      #dY:103.2% 
  14.4            7.37483e-11     7.6087e-11       #dY:103.2% 
  14.5            6.89486e-11     7.22141e-11      #dY:104.7% 
  14.6            6.4461e-11      6.7514e-11       #dY:104.7% 
  14.7            6.02654e-11     6.3968e-11       #dY:106.1% 
  14.8            5.63427e-11     5.98043e-11      #dY:106.1% 
  14.9            5.26752e-11     5.66346e-11      #dY:107.5% 
  15              4.92464e-11     5.29481e-11      #dY:107.5% 
  15.1            4.60407e-11     5.01721e-11      #dY:109.0% 
  15.2            4.30436e-11     4.6906e-11       #dY:109.0% 
  15.3            4.02417e-11     4.44242e-11      #dY:110.4% 
  15.4            3.76221e-11     4.15323e-11      #dY:110.4% 
  15.5            3.5173e-11      3.9274e-11       #dY:111.7% 
  15.6            3.28834e-11     3.67174e-11      #dY:111.7% 
  15.7            3.07428e-11     3.47401e-11      #dY:113.0% 
  15.8            2.87416e-11     3.24787e-11      #dY:113.0% 
  15.9            2.68708e-11     3.06841e-11      #dY:114.2% 
  16              2.51217e-11     2.86867e-11      #dY:114.2% 
  16.1            2.34866e-11     2.71172e-11      #dY:115.5% 
  16.2            2.19579e-11     2.53522e-11      #dY:115.5% 
  16.3            2.05288e-11     2.38368e-11      #dY:116.1% 
  16.4            1.91927e-11     2.22854e-11      #dY:116.1% 
  16.5            1.79437e-11     2.11104e-11      #dY:117.6% 
  16.6            1.6776e-11      1.97367e-11      #dY:117.6% 
  16.7            1.56844e-11     1.86858e-11      #dY:119.1% 
  16.8            1.46638e-11     1.74699e-11      #dY:119.1% 
  16.9            1.37097e-11     1.65306e-11      #dY:120.6% 
  17              1.28178e-11     1.54552e-11      #dY:120.6% 
  17.1            1.19839e-11     1.44833e-11      #dY:120.9% 
  17.2            1.12044e-11     1.35413e-11      #dY:120.9% 
  17.3            1.04756e-11     1.28035e-11      #dY:122.2% 
  17.4            9.7943e-12      1.19708e-11      #dY:122.2% 
  17.5            9.15735e-12     1.13126e-11      #dY:123.5% 
  17.6            8.56187e-12     1.0577e-11       #dY:123.5% 
  17.7            8.00517e-12     9.90271e-12      #dY:123.7% 
  17.8            7.48472e-12     9.25889e-12      #dY:123.7% 
  17.9            6.99816e-12     8.74297e-12      #dY:124.9% 
  18              6.54328e-12     8.17468e-12      #dY:124.9% 
  18.1            6.11801e-12     7.71556e-12      #dY:126.1% 
  18.2            5.72042e-12     7.21415e-12      #dY:126.1% 
  18.3            5.34872e-12     6.80591e-12      #dY:127.2% 
  18.4            5.00121e-12     6.36372e-12      #dY:127.2% 
  18.5            4.67632e-12     5.95145e-12      #dY:127.3% 
  18.6            4.37258e-12     5.56488e-12      #dY:127.3% 
  18.7            4.0886e-12      5.24623e-12      #dY:128.3% 
  18.8            3.8231e-12      4.90556e-12      #dY:128.3% 
  18.9            3.57487e-12     4.62254e-12      #dY:129.3% 
  19              3.34279e-12     4.32245e-12      #dY:129.3% 
  19.1            3.12582e-12     4.03931e-12      #dY:129.2% 
  19.2            2.92295e-12     3.77716e-12      #dY:129.2% 
  19.3            2.73328e-12     3.55686e-12      #dY:130.1% 
  19.4            2.55595e-12     3.3261e-12       #dY:130.1% 
  19.5            2.39014e-12     3.13082e-12      #dY:131.0% 
  19.6            2.23512e-12     2.92776e-12      #dY:131.0% 
  19.7            2.09017e-12     2.7549e-12       #dY:131.8% 
  19.8            1.95465e-12     2.57628e-12      #dY:131.8% 
  19.9            1.82794e-12     2.40494e-12      #dY:131.6% 
  20              1.70946e-12     2.24906e-12      #dY:131.6% 
  20.2            0.00            0.00                        
//
#-------------------------------------------------------------------------------
#
#name:   JENDL-5: U-235(N,F) E_in=8. MeV
#X.axis: Energy
#Y.axis: 
#wdata:  3
#ldata:  352
#data...
# X               Y               +-dY           
# MeV             1/eV            1/eV           
  0.00            0.00            0.00                        
  1.00e-11        1.81132e-12     0.00                        
  1.20e-11        1.98421e-12     0.00                        
  1.40e-11        2.14319e-12     0.00                        
  1.60e-11        2.29117e-12     0.00                        
  1.80e-11        2.43015e-12     0.00                        
  2.20e-11        2.68663e-12     0.00                        
  2.50e-11        2.86396e-12     0.00                        
  2.90e-11        3.08458e-12     0.00                        
  3.40e-11        3.33993e-12     2.28173e-13      #dY:6.8%   
  4.00e-11        3.62266e-12     2.47489e-13      #dY:6.8%   
  4.60e-11        3.88487e-12     2.65402e-13      #dY:6.8%   
  5.40e-11        4.20916e-12     2.87557e-13      #dY:6.8%   
  6.30e-11        4.54641e-12     3.10596e-13      #dY:6.8%   
  7.40e-11        4.92737e-12     3.36622e-13      #dY:6.8%   
  8.60e-11        5.31188e-12     3.62891e-13      #dY:6.8%   
  1.00e-10        5.72795e-12     4.57352e-13      #dY:8.0%   
  1.20e-10        6.27467e-12     5.01005e-13      #dY:8.0%   
  1.40e-10        6.77742e-12     5.41147e-13      #dY:8.0%   
  1.60e-10        7.24537e-12     5.78511e-13      #dY:8.0%   
  1.80e-10        7.68488e-12     6.13604e-13      #dY:8.0%   
  2.20e-10        8.49597e-12     6.78366e-13      #dY:8.0%   
  2.50e-10        9.05675e-12     7.23142e-13      #dY:8.0%   
  2.90e-10        9.75443e-12     7.78848e-13      #dY:8.0%   
  3.40e-10        1.05619e-11     8.36155e-13      #dY:7.9%   
  4.00e-10        1.1456e-11      9.06939e-13      #dY:7.9%   
  4.60e-10        1.22852e-11     9.72584e-13      #dY:7.9%   
  5.40e-10        1.33108e-11     1.05378e-12      #dY:7.9%   
  6.30e-10        1.43773e-11     1.13821e-12      #dY:7.9%   
  7.40e-10        1.5582e-11      1.23358e-12      #dY:7.9%   
  8.60e-10        1.6798e-11      1.32985e-12      #dY:7.9%   
  1.00e-9         1.81138e-11     1.43402e-12      #dY:7.9%   
  1.20e-9         1.98427e-11     1.58435e-12      #dY:8.0%   
  1.40e-9         2.14327e-11     1.71131e-12      #dY:8.0%   
  1.60e-9         2.29125e-11     1.82946e-12      #dY:8.0%   
  1.80e-9         2.43025e-11     1.94045e-12      #dY:8.0%   
  2.20e-9         2.68675e-11     2.14525e-12      #dY:8.0%   
  2.50e-9         2.8641e-11      2.28686e-12      #dY:8.0%   
  2.90e-9         3.08474e-11     2.46303e-12      #dY:8.0%   
  3.40e-9         3.34011e-11     2.64418e-12      #dY:7.9%   
  4.00e-9         3.62288e-11     2.86803e-12      #dY:7.9%   
  4.60e-9         3.88513e-11     3.07564e-12      #dY:7.9%   
  5.40e-9         4.20945e-11     3.33239e-12      #dY:7.9%   
  6.30e-9         4.54676e-11     3.59942e-12      #dY:7.9%   
  7.40e-9         4.92777e-11     3.90104e-12      #dY:7.9%   
  8.60e-9         5.31235e-11     4.2055e-12       #dY:7.9%   
  1.00e-8         5.7285e-11      4.57363e-12      #dY:8.0%   
  1.20e-8         6.27533e-11     5.01022e-12      #dY:8.0%   
  1.40e-8         6.77819e-11     5.4117e-12       #dY:8.0%   
  1.60e-8         7.24625e-11     5.7854e-12       #dY:8.0%   
  1.80e-8         7.68587e-11     6.1364e-12       #dY:8.0%   
  2.20e-8         8.49718e-11     6.78415e-12      #dY:8.0%   
  2.50e-8         9.05812e-11     7.232e-12        #dY:8.0%   
  2.90e-8         9.75602e-11     7.7892e-12       #dY:8.0%   
  3.40e-8         1.05638e-10     8.3618e-12       #dY:7.9%   
  4.00e-8         1.14582e-10     9.06976e-12      #dY:7.9%   
  4.60e-8         1.22878e-10     9.72643e-12      #dY:7.9%   
  5.40e-8         1.33137e-10     1.05385e-11      #dY:7.9%   
  6.30e-8         1.43807e-10     1.13831e-11      #dY:7.9%   
  7.40e-8         1.55861e-10     1.23372e-11      #dY:7.9%   
  8.60e-8         1.68027e-10     1.33002e-11      #dY:7.9%   
  1.00e-7         1.81193e-10     1.43424e-11      #dY:7.9%   
  1.20e-7         1.98493e-10     1.5845e-11       #dY:8.0%   
  1.40e-7         2.14404e-10     1.71151e-11      #dY:8.0%   
  1.60e-7         2.29214e-10     1.82973e-11      #dY:8.0%   
  1.80e-7         2.43086e-10     1.94047e-11      #dY:8.0%   
  2.20e-7         2.68748e-10     2.14532e-11      #dY:8.0%   
  2.50e-7         2.86492e-10     2.28696e-11      #dY:8.0%   
  2.90e-7         3.08569e-10     2.46319e-11      #dY:8.0%   
  3.40e-7         3.34123e-10     2.64415e-11      #dY:7.9%   
  4.00e-7         3.62335e-10     2.86741e-11      #dY:7.9%   
  4.60e-7         3.88567e-10     3.075e-11        #dY:7.9%   
  5.40e-7         4.21009e-10     3.33174e-11      #dY:7.9%   
  6.30e-7         4.54823e-10     3.59933e-11      #dY:7.9%   
  7.40e-7         4.92865e-10     3.90038e-11      #dY:7.9%   
  8.60e-7         5.31337e-10     4.20484e-11      #dY:7.9%   
  1.00e-6         5.72969e-10     4.5343e-11       #dY:7.9%   
  1.20e-6         6.27675e-10     5.00992e-11      #dY:8.0%   
  1.40e-6         6.77986e-10     5.41149e-11      #dY:8.0%   
  1.60e-6         7.24816e-10     5.78527e-11      #dY:8.0%   
  1.80e-6         7.68803e-10     6.13636e-11      #dY:8.0%   
  2.20e-6         8.49982e-10     6.78431e-11      #dY:8.0%   
  2.50e-6         9.06112e-10     7.23232e-11      #dY:8.0%   
  2.90e-6         9.75951e-10     7.78976e-11      #dY:8.0%   
  3.40e-6         1.05679e-9      8.36153e-11      #dY:7.9%   
  4.00e-6         1.14631e-9      9.06983e-11      #dY:7.9%   
  4.60e-6         1.22933e-9      9.7267e-11       #dY:7.9%   
  5.40e-6         1.33203e-9      1.05393e-10      #dY:7.9%   
  6.30e-6         1.43884e-9      1.13844e-10      #dY:7.9%   
  7.40e-6         1.55951e-9      1.23391e-10      #dY:7.9%   
  8.60e-6         1.68133e-9      1.3303e-10       #dY:7.9%   
  1.00e-5         1.81316e-9      1.43461e-10      #dY:7.9%   
  1.20e-5         1.98641e-9      1.58447e-10      #dY:8.0%   
  1.40e-5         2.14577e-9      1.71158e-10      #dY:8.0%   
  1.60e-5         2.29412e-9      1.82991e-10      #dY:8.0%   
  1.80e-5         2.43348e-9      1.94107e-10      #dY:8.0%   
  2.20e-5         2.69071e-9      2.14626e-10      #dY:8.0%   
  2.50e-5         2.86861e-9      2.28816e-10      #dY:8.0%   
  2.90e-5         3.08999e-9      2.46474e-10      #dY:8.0%   
  3.40e-5         3.34628e-9      2.64447e-10      #dY:7.9%   
  4.00e-5         3.63016e-9      2.86881e-10      #dY:7.9%   
  4.60e-5         3.89352e-9      3.07693e-10      #dY:7.9%   
  5.40e-5         4.21934e-9      3.33442e-10      #dY:7.9%   
  6.30e-5         4.55833e-9      3.60231e-10      #dY:7.9%   
  7.40e-5         4.94141e-9      3.90505e-10      #dY:7.9%   
  8.60e-5         5.32825e-9      4.21076e-10      #dY:7.9%   
  1.00e-4         5.74705e-9      4.54172e-10      #dY:7.9%   
  1.20e-4         6.29768e-9      5.01237e-10      #dY:8.0%   
  1.40e-4         6.80436e-9      5.41564e-10      #dY:8.0%   
  1.60e-4         7.27626e-9      5.79123e-10      #dY:8.0%   
  1.80e-4         7.71973e-9      6.14419e-10      #dY:8.0%   
  2.20e-4         8.53876e-9      6.79606e-10      #dY:8.0%   
  2.50e-4         9.10551e-9      7.24714e-10      #dY:8.0%   
  2.90e-4         9.8112e-9       7.80881e-10      #dY:8.0%   
  3.40e-4         1.06287e-8      8.28703e-10      #dY:7.8%   
  4.00e-4         1.15349e-8      8.99358e-10      #dY:7.8%   
  4.60e-4         1.23763e-8      9.64961e-10      #dY:7.8%   
  5.40e-4         1.3418e-8       1.04618e-9       #dY:7.8%   
  6.30e-4         1.45029e-8      1.13077e-9       #dY:7.8%   
  7.40e-4         1.573e-8        1.22644e-9       #dY:7.8%   
  8.60e-4         1.69706e-8      1.32317e-9       #dY:7.8%   
  1.00e-3         1.83151e-8      1.428e-9         #dY:7.8%   
  1.20e-3         2.00851e-8      1.57213e-9       #dY:7.8%   
  1.40e-3         2.17161e-8      1.69979e-9       #dY:7.8%   
  1.60e-3         2.32372e-8      1.81886e-9       #dY:7.8%   
  1.80e-3         2.46683e-8      1.93087e-9       #dY:7.8%   
  2.20e-3         2.73157e-8      2.13809e-9       #dY:7.8%   
  2.50e-3         2.91509e-8      2.28174e-9       #dY:7.8%   
  2.90e-3         3.14395e-8      2.46088e-9       #dY:7.8%   
  3.40e-3         3.40958e-8      2.62382e-9       #dY:7.7%   
  4.00e-3         3.70461e-8      2.85086e-9       #dY:7.7%   
  4.60e-3         3.97907e-8      3.06207e-9       #dY:7.7%   
  5.40e-3         4.31961e-8      3.32413e-9       #dY:7.7%   
  6.30e-3         4.67504e-8      3.59765e-9       #dY:7.7%   
  7.40e-3         5.07804e-8      3.90777e-9       #dY:7.7%   
  8.60e-3         5.48641e-8      4.22203e-9       #dY:7.7%   
  0.01            5.93002e-8      4.56341e-9       #dY:7.7%   
  0.012           6.51559e-8      4.93628e-9       #dY:7.6%   
  0.014           7.05662e-8      5.34617e-9       #dY:7.6%   
  0.016           7.5623e-8       5.72928e-9       #dY:7.6%   
  0.018           8.03901e-8      6.09044e-9       #dY:7.6%   
  0.022           8.92297e-8      6.76013e-9       #dY:7.6%   
  0.025           9.53713e-8      7.22543e-9       #dY:7.6%   
  0.029           1.03044e-7      7.80672e-9       #dY:7.6%   
  0.034           1.11965e-7      8.12489e-9       #dY:7.3%   
  0.04            1.21889e-7      8.84504e-9       #dY:7.3%   
  0.046           1.3113e-7       9.51563e-9       #dY:7.3%   
  0.054           1.42602e-7      1.03481e-8       #dY:7.3%   
  0.063           1.54575e-7      1.12169e-8       #dY:7.3%   
  0.074           1.68141e-7      1.22014e-8       #dY:7.3%   
  0.086           1.81864e-7      1.31972e-8       #dY:7.3%   
  0.1             1.96734e-7      1.42763e-8       #dY:7.3%   
  0.2             2.73043e-7      1.8838e-8        #dY:6.9%   
  0.3             3.21373e-7      2.45648e-8       #dY:7.6%   
  0.4             3.51914e-7      2.68992e-8       #dY:7.6%   
  0.5             3.72038e-7      2.74177e-8       #dY:7.4%   
  0.6             3.82505e-7      2.81891e-8       #dY:7.4%   
  0.7             3.85927e-7      2.91516e-8       #dY:7.6%   
  0.8             3.84809e-7      2.90671e-8       #dY:7.6%   
  0.9             3.79732e-7      2.74828e-8       #dY:7.2%   
  1               3.72343e-7      2.69481e-8       #dY:7.2%   
  1.1             3.62651e-7      2.44482e-8       #dY:6.7%   
  1.2             3.51704e-7      2.37102e-8       #dY:6.7%   
  1.3             3.39163e-7      2.08447e-8       #dY:6.1%   
  1.4             3.25707e-7      2.00177e-8       #dY:6.1%   
  1.5             3.12008e-7      1.69131e-8       #dY:5.4%   
  1.6             2.98233e-7      1.61664e-8       #dY:5.4%   
  1.7             2.83253e-7      1.28863e-8       #dY:4.5%   
  1.8             2.67888e-7      1.21873e-8       #dY:4.5%   
  1.9             2.5215e-7       9.11447e-9       #dY:3.6%   
  2               2.36882e-7      8.56258e-9       #dY:3.6%   
  2.1             2.21561e-7      5.82087e-9       #dY:2.6%   
  2.2             2.0677e-7       5.43228e-9       #dY:2.6%   
  2.3             1.89346e-7      3.04194e-9       #dY:1.6%   
  2.4             1.7209e-7       2.76472e-9       #dY:1.6%   
  2.5             1.57987e-7      1.33401e-9       #dY:0.8%   
  2.6             1.48276e-7      1.25201e-9       #dY:0.8%   
  2.7             1.40177e-7      2.12351e-9       #dY:1.5%   
  2.8             1.3269e-7       2.01009e-9       #dY:1.5%   
  2.9             1.25574e-7      3.64309e-9       #dY:2.9%   
  3               1.18776e-7      3.44587e-9       #dY:2.9%   
  3.1             1.12286e-7      4.92232e-9       #dY:4.4%   
  3.2             1.06097e-7      4.65101e-9       #dY:4.4%   
  3.3             1.002e-7        5.92095e-9       #dY:5.9%   
  3.4             9.45895e-8      5.58942e-9       #dY:5.9%   
  3.5             8.92556e-8      6.66708e-9       #dY:7.5%   
  3.6             8.41895e-8      6.28866e-9       #dY:7.5%   
  3.7             7.93816e-8      7.19574e-9       #dY:9.1%   
  3.8             7.48223e-8      6.78246e-9       #dY:9.1%   
  3.9             7.05018e-8      7.53109e-9       #dY:10.7%  
  4               6.64102e-8      7.09402e-9       #dY:10.7%  
  4.1             6.25377e-8      7.71367e-9       #dY:12.3%  
  4.2             5.88747e-8      7.26186e-9       #dY:12.3%  
  4.3             5.54117e-8      7.76897e-9       #dY:14.0%  
  4.4             5.21394e-8      7.31017e-9       #dY:14.0%  
  4.5             4.90486e-8      7.70783e-9       #dY:15.7%  
  4.6             4.61306e-8      7.24927e-9       #dY:15.7%  
  4.7             4.33769e-8      7.55383e-9       #dY:17.4%  
  4.8             4.07792e-8      7.10146e-9       #dY:17.4%  
  4.9             3.83295e-8      7.32966e-9       #dY:19.1%  
  5               3.60203e-8      6.88808e-9       #dY:19.1%  
  5.1             3.38441e-8      7.05079e-9       #dY:20.8%  
  5.2             3.17939e-8      6.62367e-9       #dY:20.8%  
  5.3             2.98631e-8      6.77261e-9       #dY:22.7%  
  5.4             2.80451e-8      6.3603e-9        #dY:22.7%  
  5.5             2.63338e-8      6.42487e-9       #dY:24.4%  
  5.6             2.47233e-8      6.03194e-9       #dY:24.4%  
  5.7             2.32081e-8      6.06216e-9       #dY:26.1%  
  5.8             2.17829e-8      5.68988e-9       #dY:26.1%  
  5.9             2.04425e-8      5.71871e-9       #dY:28.0%  
  6               1.91823e-8      5.36618e-9       #dY:28.0%  
  6.1             1.79977e-8      5.36866e-9       #dY:29.8%  
  6.2             1.68842e-8      5.0365e-9        #dY:29.8%  
  6.3             1.58379e-8      4.99761e-9       #dY:31.6%  
  6.4             1.48549e-8      4.68743e-9       #dY:31.6%  
  6.5             1.39315e-8      4.65453e-9       #dY:33.4%  
  6.6             1.30642e-8      4.36476e-9       #dY:33.4%  
  6.7             1.22497e-8      4.31948e-9       #dY:35.3%  
  6.8             1.14849e-8      4.0498e-9        #dY:35.3%  
  6.9             1.0767e-8       3.9959e-9        #dY:37.1%  
  7               1.0093e-8       3.74576e-9       #dY:37.1%  
  7.1             9.46051e-9      3.68617e-9       #dY:39.0%  
  7.2             8.86692e-9      3.45488e-9       #dY:39.0%  
  7.3             8.30993e-9      3.40156e-9       #dY:40.9%  
  7.4             7.78735e-9      3.18765e-9       #dY:40.9%  
  7.5             7.29711e-9      3.12142e-9       #dY:42.8%  
  7.6             6.83726e-9      2.92471e-9       #dY:42.8%  
  7.7             6.40596e-9      2.85744e-9       #dY:44.6%  
  7.8             6.00148e-9      2.67702e-9       #dY:44.6%  
  7.9             5.62218e-9      2.61061e-9       #dY:46.4%  
  8               5.26654e-9      2.44547e-9       #dY:46.4%  
  8.1             4.9331e-9       2.38668e-9       #dY:48.4%  
  8.2             4.62052e-9      2.23545e-9       #dY:48.4%  
  8.3             4.3275e-9       2.17196e-9       #dY:50.2%  
  8.4             4.05285e-9      2.03411e-9       #dY:50.2%  
  8.5             3.79544e-9      1.97816e-9       #dY:52.1%  
  8.6             3.5542e-9       1.85243e-9       #dY:52.1%  
  8.7             3.32813e-9      1.7984e-9        #dY:54.0%  
  8.8             3.11629e-9      1.68393e-9       #dY:54.0%  
  8.9             2.91781e-9      1.62854e-9       #dY:55.8%  
  9               2.73185e-9      1.52475e-9       #dY:55.8%  
  9.1             2.55764e-9      1.47594e-9       #dY:57.7%  
  9.2             2.39443e-9      1.38175e-9       #dY:57.7%  
  9.3             2.24156e-9      1.33569e-9       #dY:59.6%  
  9.4             2.09836e-9      1.25036e-9       #dY:59.6%  
  9.5             1.96424e-9      1.20706e-9       #dY:61.5%  
  9.6             1.83862e-9      1.12987e-9       #dY:61.5%  
  9.7             1.72098e-9      1.08939e-9       #dY:63.3%  
  9.8             1.61081e-9      1.01965e-9       #dY:63.3%  
  9.9             1.50765e-9      9.82003e-10      #dY:65.1%  
  10              1.41105e-9      9.19083e-10      #dY:65.1%  
  10.1            1.3206e-9       8.84101e-10      #dY:66.9%  
  10.2            1.23591e-9      8.27404e-10      #dY:66.9%  
  10.3            1.15662e-9      7.95106e-10      #dY:68.7%  
  10.4            1.08238e-9      7.4407e-10       #dY:68.7%  
  10.5            1.01289e-9      7.15565e-10      #dY:70.6%  
  10.6            9.47832e-10     6.69604e-10      #dY:70.6%  
  10.7            8.86931e-10     6.42157e-10      #dY:72.4%  
  10.8            8.29924e-10     6.00883e-10      #dY:72.4%  
  10.9            7.76563e-10     5.75721e-10      #dY:74.1%  
  11              7.26618e-10     5.38694e-10      #dY:74.1%  
  11.1            6.7987e-10      5.16549e-10      #dY:76.0%  
  11.2            6.36117e-10     4.83306e-10      #dY:76.0%  
  11.3            5.95168e-10     4.62233e-10      #dY:77.7%  
  11.4            5.56844e-10     4.32469e-10      #dY:77.7%  
  11.5            5.20979e-10     4.13941e-10      #dY:79.5%  
  11.6            4.87415e-10     3.87273e-10      #dY:79.5%  
  11.7            4.56006e-10     3.69791e-10      #dY:81.1%  
  11.8            4.26615e-10     3.45957e-10      #dY:81.1%  
  11.9            3.99111e-10     3.30597e-10      #dY:82.8%  
  12              3.73375e-10     3.09279e-10      #dY:82.8%  
  12.1            3.49294e-10     2.95309e-10      #dY:84.5%  
  12.2            3.26762e-10     2.76259e-10      #dY:84.5%  
  12.3            3.05679e-10     2.6358e-10       #dY:86.2%  
  12.4            2.85953e-10     2.46571e-10      #dY:86.2%  
  12.5            2.67496e-10     2.34749e-10      #dY:87.8%  
  12.6            2.50229e-10     2.19596e-10      #dY:87.8%  
  12.7            2.34073e-10     2.09223e-10      #dY:89.4%  
  12.8            2.18958e-10     1.95712e-10      #dY:89.4%  
  12.9            2.04818e-10     1.86338e-10      #dY:91.0%  
  13              1.91589e-10     1.74303e-10      #dY:91.0%  
  13.1            1.79212e-10     1.65846e-10      #dY:92.5%  
  13.2            1.67634e-10     1.55132e-10      #dY:92.5%  
  13.3            1.56803e-10     1.47506e-10      #dY:94.1%  
  13.4            1.46671e-10     1.37975e-10      #dY:94.1%  
  13.5            1.37192e-10     1.31118e-10      #dY:95.6%  
  13.6            1.28326e-10     1.22644e-10      #dY:95.6%  
  13.7            1.20031e-10     1.16619e-10      #dY:97.2%  
  13.8            1.12272e-10     1.0908e-10       #dY:97.2%  
  13.9            1.05015e-10     1.03532e-10      #dY:98.6%  
  14              9.82256e-11     9.68381e-11      #dY:98.6%  
  14.1            9.18751e-11     9.18615e-11      #dY:100.0% 
  14.2            8.59349e-11     8.59222e-11      #dY:100.0% 
  14.3            8.03785e-11     8.1457e-11       #dY:101.3% 
  14.4            7.51812e-11     7.619e-11        #dY:101.3% 
  14.5            7.03198e-11     7.22799e-11      #dY:102.8% 
  14.6            6.57727e-11     6.7606e-11       #dY:102.8% 
  14.7            6.15195e-11     6.40268e-11      #dY:104.1% 
  14.8            5.75412e-11     5.98863e-11      #dY:104.1% 
  14.9            5.38202e-11     5.66869e-11      #dY:105.3% 
  15              5.03398e-11     5.30211e-11      #dY:105.3% 
  15.1            4.70845e-11     5.02187e-11      #dY:106.7% 
  15.2            4.40396e-11     4.69711e-11      #dY:106.7% 
  15.3            4.11918e-11     4.44656e-11      #dY:107.9% 
  15.4            3.85281e-11     4.15902e-11      #dY:107.9% 
  15.5            3.60367e-11     3.93108e-11      #dY:109.1% 
  15.6            3.37065e-11     3.67689e-11      #dY:109.1% 
  15.7            3.1527e-11      3.4773e-11       #dY:110.3% 
  15.8            2.94885e-11     3.25246e-11      #dY:110.3% 
  15.9            2.75819e-11     3.07131e-11      #dY:111.4% 
  16              2.57987e-11     2.87275e-11      #dY:111.4% 
  16.1            2.41308e-11     2.71431e-11      #dY:112.5% 
  16.2            2.25708e-11     2.53883e-11      #dY:112.5% 
  16.3            2.11118e-11     2.38597e-11      #dY:113.0% 
  16.4            1.97471e-11     2.23174e-11      #dY:113.0% 
  16.5            1.84708e-11     2.11308e-11      #dY:114.4% 
  16.6            1.7277e-11      1.97651e-11      #dY:114.4% 
  16.7            1.61605e-11     1.87039e-11      #dY:115.7% 
  16.8            1.51161e-11     1.74951e-11      #dY:115.7% 
  16.9            1.41394e-11     1.65467e-11      #dY:117.0% 
  17              1.32259e-11     1.54777e-11      #dY:117.0% 
  17.1            1.23714e-11     1.44975e-11      #dY:117.2% 
  17.2            1.15722e-11     1.3561e-11       #dY:117.2% 
  17.3            1.08248e-11     1.28162e-11      #dY:118.4% 
  17.4            1.01256e-11     1.19883e-11      #dY:118.4% 
  17.5            9.47171e-12     1.13237e-11      #dY:119.6% 
  17.6            8.8601e-12      1.05925e-11      #dY:119.6% 
  17.7            8.28804e-12     9.91251e-12      #dY:119.6% 
  17.8            7.75298e-12     9.27258e-12      #dY:119.6% 
  17.9            7.25252e-12     8.75165e-12      #dY:120.7% 
  18              6.78443e-12     8.1868e-12       #dY:120.7% 
  18.1            6.34659e-12     7.72324e-12      #dY:121.7% 
  18.2            5.93707e-12     7.22489e-12      #dY:121.7% 
  18.3            5.55402e-12     6.81271e-12      #dY:122.7% 
  18.4            5.19573e-12     6.37323e-12      #dY:122.7% 
  18.5            4.8606e-12      5.95741e-12      #dY:122.6% 
  18.6            4.54713e-12     5.57321e-12      #dY:122.6% 
  18.7            4.25392e-12     5.2515e-12       #dY:123.5% 
  18.8            3.97966e-12     4.91293e-12      #dY:123.5% 
  18.9            3.72312e-12     4.62722e-12      #dY:124.3% 
  19              3.48315e-12     4.32898e-12      #dY:124.3% 
  19.1            3.25868e-12     4.04339e-12      #dY:124.1% 
  19.2            3.04871e-12     3.78286e-12      #dY:124.1% 
  19.3            2.8523e-12      3.56047e-12      #dY:124.8% 
  19.4            2.66858e-12     3.33113e-12      #dY:124.8% 
  19.5            2.49672e-12     3.13402e-12      #dY:125.5% 
  19.6            2.33595e-12     2.93221e-12      #dY:125.5% 
  19.7            2.18557e-12     2.75772e-12      #dY:126.2% 
  19.8            2.04489e-12     2.58021e-12      #dY:126.2% 
  19.9            1.91328e-12     2.40738e-12      #dY:125.8% 
  20              1.79017e-12     2.25248e-12      #dY:125.8% 
  20.2            0.00            0.00                        
//
#-------------------------------------------------------------------------------
#
#name:   JENDL-5: U-235(N,F) E_in=9. MeV
#X.axis: Energy
#Y.axis: 
#wdata:  3
#ldata:  352
#data...
# X               Y               +-dY           
# MeV             1/eV            1/eV           
  0.00            0.00            0.00                        
  1.00e-11        1.79019e-12     0.00                        
  1.20e-11        1.96106e-12     0.00                        
  1.40e-11        2.11819e-12     0.00                        
  1.60e-11        2.26444e-12     0.00                        
  1.80e-11        2.4018e-12      0.00                        
  2.20e-11        2.65529e-12     0.00                        
  2.50e-11        2.83055e-12     0.00                        
  2.90e-11        3.04859e-12     0.00                        
  3.40e-11        3.30096e-12     2.28173e-13      #dY:6.9%   
  4.00e-11        3.5804e-12      2.47489e-13      #dY:6.9%   
  4.60e-11        3.83955e-12     2.65402e-13      #dY:6.9%   
  5.40e-11        4.16005e-12     2.87556e-13      #dY:6.9%   
  6.30e-11        4.49337e-12     3.10596e-13      #dY:6.9%   
  7.40e-11        4.86988e-12     3.36622e-13      #dY:6.9%   
  8.60e-11        5.24991e-12     3.62891e-13      #dY:6.9%   
  1.00e-10        5.66112e-12     4.57351e-13      #dY:8.1%   
  1.20e-10        6.20146e-12     5.01004e-13      #dY:8.1%   
  1.40e-10        6.69834e-12     5.41146e-13      #dY:8.1%   
  1.60e-10        7.16084e-12     5.78511e-13      #dY:8.1%   
  1.80e-10        7.59522e-12     6.13604e-13      #dY:8.1%   
  2.20e-10        8.39684e-12     6.78365e-13      #dY:8.1%   
  2.50e-10        8.95107e-12     7.2314e-13       #dY:8.1%   
  2.90e-10        9.64061e-12     7.78847e-13      #dY:8.1%   
  3.40e-10        1.04387e-11     8.36158e-13      #dY:8.0%   
  4.00e-10        1.13224e-11     9.06944e-13      #dY:8.0%   
  4.60e-10        1.21419e-11     9.72587e-13      #dY:8.0%   
  5.40e-10        1.31554e-11     1.05377e-12      #dY:8.0%   
  6.30e-10        1.42095e-11     1.13821e-12      #dY:8.0%   
  7.40e-10        1.54002e-11     1.23358e-12      #dY:8.0%   
  8.60e-10        1.6602e-11      1.32985e-12      #dY:8.0%   
  1.00e-9         1.79024e-11     1.43401e-12      #dY:8.0%   
  1.20e-9         1.96112e-11     1.58436e-12      #dY:8.1%   
  1.40e-9         2.11825e-11     1.7113e-12       #dY:8.1%   
  1.60e-9         2.26451e-11     1.82946e-12      #dY:8.1%   
  1.80e-9         2.40188e-11     1.94044e-12      #dY:8.1%   
  2.20e-9         2.65539e-11     2.14524e-12      #dY:8.1%   
  2.50e-9         2.83067e-11     2.28685e-12      #dY:8.1%   
  2.90e-9         3.04873e-11     2.46302e-12      #dY:8.1%   
  3.40e-9         3.30112e-11     2.64418e-12      #dY:8.0%   
  4.00e-9         3.58059e-11     2.86803e-12      #dY:8.0%   
  4.60e-9         3.83977e-11     3.07563e-12      #dY:8.0%   
  5.40e-9         4.16031e-11     3.33239e-12      #dY:8.0%   
  6.30e-9         4.49367e-11     3.5994e-12       #dY:8.0%   
  7.40e-9         4.87023e-11     3.90103e-12      #dY:8.0%   
  8.60e-9         5.25032e-11     4.20548e-12      #dY:8.0%   
  1.00e-8         5.66161e-11     4.57363e-12      #dY:8.1%   
  1.20e-8         6.20203e-11     5.0102e-12       #dY:8.1%   
  1.40e-8         6.69902e-11     5.41168e-12      #dY:8.1%   
  1.60e-8         7.16161e-11     5.78538e-12      #dY:8.1%   
  1.80e-8         7.59609e-11     6.13636e-12      #dY:8.1%   
  2.20e-8         8.3979e-11      6.78409e-12      #dY:8.1%   
  2.50e-8         8.95228e-11     7.23194e-12      #dY:8.1%   
  2.90e-8         9.64201e-11     7.78912e-12      #dY:8.1%   
  3.40e-8         1.04403e-10     8.36174e-12      #dY:8.0%   
  4.00e-8         1.13243e-10     9.06974e-12      #dY:8.0%   
  4.60e-8         1.21441e-10     9.72632e-12      #dY:8.0%   
  5.40e-8         1.3158e-10      1.05384e-11      #dY:8.0%   
  6.30e-8         1.42126e-10     1.1383e-11       #dY:8.0%   
  7.40e-8         1.54037e-10     1.2337e-11       #dY:8.0%   
  8.60e-8         1.66061e-10     1.33e-11         #dY:8.0%   
  1.00e-7         1.79072e-10     1.4342e-11       #dY:8.0%   
  1.20e-7         1.96145e-10     1.58429e-11      #dY:8.1%   
  1.40e-7         2.11864e-10     1.71125e-11      #dY:8.1%   
  1.60e-7         2.26512e-10     1.82956e-11      #dY:8.1%   
  1.80e-7         2.4024e-10      1.94045e-11      #dY:8.1%   
  2.20e-7         2.656e-10       2.14528e-11      #dY:8.1%   
  2.50e-7         2.83136e-10     2.28692e-11      #dY:8.1%   
  2.90e-7         3.04953e-10     2.46314e-11      #dY:8.1%   
  3.40e-7         3.30206e-10     2.64419e-11      #dY:8.0%   
  4.00e-7         3.58084e-10     2.86743e-11      #dY:8.0%   
  4.60e-7         3.84006e-10     3.075e-11        #dY:8.0%   
  5.40e-7         4.16064e-10     3.33171e-11      #dY:8.0%   
  6.30e-7         4.49406e-10     3.5987e-11       #dY:8.0%   
  7.40e-7         4.87069e-10     3.9003e-11       #dY:8.0%   
  8.60e-7         5.25086e-10     4.20473e-11      #dY:8.0%   
  1.00e-6         5.66223e-10     4.53414e-11      #dY:8.0%   
  1.20e-6         6.20279e-10     5.00989e-11      #dY:8.1%   
  1.40e-6         6.6999e-10      5.4114e-11       #dY:8.1%   
  1.60e-6         7.16262e-10     5.78513e-11      #dY:8.1%   
  1.80e-6         7.59723e-10     6.13615e-11      #dY:8.1%   
  2.20e-6         8.3993e-10      6.78397e-11      #dY:8.1%   
  2.50e-6         8.95387e-10     7.23189e-11      #dY:8.1%   
  2.90e-6         9.64387e-10     7.78919e-11      #dY:8.1%   
  3.40e-6         1.04425e-9      8.36117e-11      #dY:8.0%   
  4.00e-6         1.13269e-9      9.0693e-11       #dY:8.0%   
  4.60e-6         1.21471e-9      9.72603e-11      #dY:8.0%   
  5.40e-6         1.31616e-9      1.05383e-10      #dY:8.0%   
  6.30e-6         1.42167e-9      1.13831e-10      #dY:8.0%   
  7.40e-6         1.54086e-9      1.23375e-10      #dY:8.0%   
  8.60e-6         1.66118e-9      1.33009e-10      #dY:8.0%   
  1.00e-5         1.79139e-9      1.43434e-10      #dY:8.0%   
  1.20e-5         1.9625e-9       1.58432e-10      #dY:8.1%   
  1.40e-5         2.11987e-9      1.71137e-10      #dY:8.1%   
  1.60e-5         2.26637e-9      1.82964e-10      #dY:8.1%   
  1.80e-5         2.40398e-9      1.94073e-10      #dY:8.1%   
  2.20e-5         2.65797e-9      2.14577e-10      #dY:8.1%   
  2.50e-5         2.8336e-9       2.28756e-10      #dY:8.1%   
  2.90e-5         3.05215e-9      2.46399e-10      #dY:8.1%   
  3.40e-5         3.30515e-9      2.64413e-10      #dY:8.0%   
  4.00e-5         3.58534e-9      2.86828e-10      #dY:8.0%   
  4.60e-5         3.84526e-9      3.07622e-10      #dY:8.0%   
  5.40e-5         4.16679e-9      3.33344e-10      #dY:8.0%   
  6.30e-5         4.50126e-9      3.60102e-10      #dY:8.0%   
  7.40e-5         4.8792e-9       3.90337e-10      #dY:8.0%   
  8.60e-5         5.26079e-9      4.20864e-10      #dY:8.0%   
  1.00e-4         5.67384e-9      4.53908e-10      #dY:8.0%   
  1.20e-4         6.2168e-9       5.01088e-10      #dY:8.1%   
  1.40e-4         6.71634e-9      5.41352e-10      #dY:8.1%   
  1.60e-4         7.1815e-9       5.78845e-10      #dY:8.1%   
  1.80e-4         7.61855e-9      6.14072e-10      #dY:8.1%   
  2.20e-4         8.42556e-9      6.79119e-10      #dY:8.1%   
  2.50e-4         8.98385e-9      7.24118e-10      #dY:8.1%   
  2.90e-4         9.67882e-9      7.80134e-10      #dY:8.1%   
  3.40e-4         1.04837e-8      8.28366e-10      #dY:7.9%   
  4.00e-4         1.13756e-8      8.98839e-10      #dY:7.9%   
  4.60e-4         1.22035e-8      9.64255e-10      #dY:7.9%   
  5.40e-4         1.32281e-8      1.04521e-9       #dY:7.9%   
  6.30e-4         1.42947e-8      1.12949e-9       #dY:7.9%   
  7.40e-4         1.55007e-8      1.22478e-9       #dY:7.9%   
  8.60e-4         1.67194e-8      1.32108e-9       #dY:7.9%   
  1.00e-3         1.80395e-8      1.42538e-9       #dY:7.9%   
  1.20e-3         1.97764e-8      1.57066e-9       #dY:7.9%   
  1.40e-3         2.13761e-8      1.69771e-9       #dY:7.9%   
  1.60e-3         2.28669e-8      1.81611e-9       #dY:7.9%   
  1.80e-3         2.4269e-8       1.92747e-9       #dY:7.9%   
  2.20e-3         2.68606e-8      2.1333e-9        #dY:7.9%   
  2.50e-3         2.86558e-8      2.27588e-9       #dY:7.9%   
  2.90e-3         3.08928e-8      2.45354e-9       #dY:7.9%   
  3.40e-3         3.3487e-8       2.62049e-9       #dY:7.8%   
  4.00e-3         3.63655e-8      2.84575e-9       #dY:7.8%   
  4.60e-3         3.90408e-8      3.0551e-9        #dY:7.8%   
  5.40e-3         4.23566e-8      3.31458e-9       #dY:7.8%   
  6.30e-3         4.58134e-8      3.58508e-9       #dY:7.8%   
  7.40e-3         4.97278e-8      3.8914e-9        #dY:7.8%   
  8.60e-3         5.3689e-8       4.20138e-9       #dY:7.8%   
  0.01            5.79861e-8      4.53765e-9       #dY:7.8%   
  0.012           6.36486e-8      4.9222e-9        #dY:7.7%   
  0.014           6.8871e-8       5.32607e-9       #dY:7.7%   
  0.016           7.37439e-8      5.70291e-9       #dY:7.7%   
  0.018           7.83305e-8      6.05761e-9       #dY:7.7%   
  0.022           8.6817e-8       6.71391e-9       #dY:7.7%   
  0.025           9.26995e-8      7.16882e-9       #dY:7.7%   
  0.029           1.00033e-7      7.73595e-9       #dY:7.7%   
  0.034           1.08537e-7      8.09374e-9       #dY:7.5%   
  0.04            1.17969e-7      8.7971e-9        #dY:7.5%   
  0.046           1.26726e-7      9.45012e-9       #dY:7.5%   
  0.054           1.37563e-7      1.02583e-8       #dY:7.5%   
  0.063           1.48833e-7      1.10987e-8       #dY:7.5%   
  0.074           1.61551e-7      1.20471e-8       #dY:7.5%   
  0.086           1.74361e-7      1.30023e-8       #dY:7.5%   
  0.1             1.88179e-7      1.40328e-8       #dY:7.5%   
  0.2             2.59431e-7      1.86069e-8       #dY:7.2%   
  0.3             3.04589e-7      2.44348e-8       #dY:8.0%   
  0.4             3.3355e-7       2.67582e-8       #dY:8.0%   
  0.5             3.52705e-7      2.74101e-8       #dY:7.8%   
  0.6             3.63137e-7      2.82208e-8       #dY:7.8%   
  0.7             3.66993e-7      2.92318e-8       #dY:8.0%   
  0.8             3.66609e-7      2.92013e-8       #dY:8.0%   
  0.9             3.62402e-7      2.75803e-8       #dY:7.6%   
  1               3.56005e-7      2.70935e-8       #dY:7.6%   
  1.1             3.47315e-7      2.45337e-8       #dY:7.1%   
  1.2             3.37528e-7      2.38423e-8       #dY:7.1%   
  1.3             3.26391e-7      2.09439e-8       #dY:6.4%   
  1.4             3.14845e-7      2.0203e-8        #dY:6.4%   
  1.5             3.02532e-7      1.7035e-8        #dY:5.6%   
  1.6             2.90187e-7      1.63399e-8       #dY:5.6%   
  1.7             2.77381e-7      1.3014e-8        #dY:4.7%   
  1.8             2.6498e-7       1.24322e-8       #dY:4.7%   
  1.9             2.52317e-7      9.30702e-9       #dY:3.7%   
  2               2.40175e-7      8.85915e-9       #dY:3.7%   
  2.1             2.27975e-7      5.98511e-9       #dY:2.6%   
  2.2             2.1635e-7       5.67992e-9       #dY:2.6%   
  2.3             2.04793e-7      3.19744e-9       #dY:1.6%   
  2.4             1.9359e-7       3.02252e-9       #dY:1.6%   
  2.5             1.82963e-7      1.42808e-9       #dY:0.8%   
  2.6             1.7284e-7       1.34906e-9       #dY:0.8%   
  2.7             1.62859e-7      2.14366e-9       #dY:1.3%   
  2.8             1.53119e-7      2.01546e-9       #dY:1.3%   
  2.9             1.43705e-7      3.59104e-9       #dY:2.5%   
  3               1.34731e-7      3.36678e-9       #dY:2.5%   
  3.1             1.25988e-7      4.82551e-9       #dY:3.8%   
  3.2             1.1756e-7       4.50271e-9       #dY:3.8%   
  3.3             1.08031e-7      5.68969e-9       #dY:5.3%   
  3.4             9.86188e-8      5.19397e-9       #dY:5.3%   
  3.5             9.08052e-8      6.29395e-9       #dY:6.9%   
  3.6             8.50225e-8      5.89314e-9       #dY:6.9%   
  3.7             8.00629e-8      7.09931e-9       #dY:8.9%   
  3.8             7.54822e-8      6.69313e-9       #dY:8.9%   
  3.9             7.11641e-8      7.53414e-9       #dY:10.6%  
  4               6.70761e-8      7.10134e-9       #dY:10.6%  
  4.1             6.32052e-8      7.72348e-9       #dY:12.2%  
  4.2             5.95413e-8      7.27576e-9       #dY:12.2%  
  4.3             5.60751e-8      7.77909e-9       #dY:13.9%  
  4.4             5.27976e-8      7.32442e-9       #dY:13.9%  
  4.5             4.97e-8         7.71794e-9       #dY:15.5%  
  4.6             4.67736e-8      7.2635e-9        #dY:15.5%  
  4.7             4.40101e-8      7.5638e-9        #dY:17.2%  
  4.8             4.14014e-8      7.11545e-9       #dY:17.2%  
  4.9             3.89398e-8      7.33937e-9       #dY:18.8%  
  5               3.66177e-8      6.9017e-9        #dY:18.8%  
  5.1             3.4428e-8       7.06017e-9       #dY:20.5%  
  5.2             3.23637e-8      6.63684e-9       #dY:20.5%  
  5.3             3.04182e-8      6.78163e-9       #dY:22.3%  
  5.4             2.85853e-8      6.37299e-9       #dY:22.3%  
  5.5             2.68587e-8      6.43347e-9       #dY:24.0%  
  5.6             2.52329e-8      6.04404e-9       #dY:24.0%  
  5.7             2.37022e-8      6.07034e-9       #dY:25.6%  
  5.8             2.22614e-8      5.70134e-9       #dY:25.6%  
  5.9             2.09055e-8      5.72644e-9       #dY:27.4%  
  6               1.96298e-8      5.377e-9         #dY:27.4%  
  6.1             1.84298e-8      5.37591e-9       #dY:29.2%  
  6.2             1.73012e-8      5.0467e-9        #dY:29.2%  
  6.3             1.62399e-8      5.00441e-9       #dY:30.8%  
  6.4             1.52421e-8      4.69693e-9       #dY:30.8%  
  6.5             1.43042e-8      4.66085e-9       #dY:32.6%  
  6.6             1.34227e-8      4.37362e-9       #dY:32.6%  
  6.7             1.25943e-8      4.32537e-9       #dY:34.3%  
  6.8             1.1816e-8       4.05807e-9       #dY:34.3%  
  6.9             1.10848e-8      4.00136e-9       #dY:36.1%  
  7               1.0398e-8       3.75344e-9       #dY:36.1%  
  7.1             9.75295e-9      3.69123e-9       #dY:37.8%  
  7.2             9.14719e-9      3.46197e-9       #dY:37.8%  
  7.3             8.5784e-9       3.40623e-9       #dY:39.7%  
  7.4             8.04438e-9      3.19419e-9       #dY:39.7%  
  7.5             7.54308e-9      3.12572e-9       #dY:41.4%  
  7.6             7.07252e-9      2.93073e-9       #dY:41.4%  
  7.7             6.63088e-9      2.86138e-9       #dY:43.2%  
  7.8             6.21642e-9      2.68253e-9       #dY:43.2%  
  7.9             5.82751e-9      2.61422e-9       #dY:44.9%  
  8               5.46259e-9      2.45052e-9       #dY:44.9%  
  8.1             5.12023e-9      2.38998e-9       #dY:46.7%  
  8.2             4.79906e-9      2.24007e-9       #dY:46.7%  
  8.3             4.49779e-9      2.17497e-9       #dY:48.4%  
  8.4             4.21521e-9      2.03833e-9       #dY:48.4%  
  8.5             3.95018e-9      1.9809e-9        #dY:50.1%  
  8.6             3.70163e-9      1.85626e-9       #dY:50.1%  
  8.7             3.46856e-9      1.8009e-9        #dY:51.9%  
  8.8             3.25001e-9      1.68743e-9       #dY:51.9%  
  8.9             3.0451e-9       1.63081e-9       #dY:53.6%  
  9               2.85298e-9      1.52792e-9       #dY:53.6%  
  9.1             2.67287e-9      1.47799e-9       #dY:55.3%  
  9.2             2.50403e-9      1.38463e-9       #dY:55.3%  
  9.3             2.34577e-9      1.33755e-9       #dY:57.0%  
  9.4             2.19742e-9      1.25296e-9       #dY:57.0%  
  9.5             2.05838e-9      1.20875e-9       #dY:58.7%  
  9.6             1.92807e-9      1.13223e-9       #dY:58.7%  
  9.7             1.80595e-9      1.09092e-9       #dY:60.4%  
  9.8             1.6915e-9       1.02178e-9       #dY:60.4%  
  9.9             1.58426e-9      9.83374e-10      #dY:62.1%  
  10              1.48377e-9      9.20999e-10      #dY:62.1%  
  10.1            1.38962e-9      8.85341e-10      #dY:63.7%  
  10.2            1.3014e-9       8.29135e-10      #dY:63.7%  
  10.3            1.21874e-9      7.96216e-10      #dY:65.3%  
  10.4            1.14131e-9      7.4563e-10       #dY:65.3%  
  10.5            1.06877e-9      7.1657e-10       #dY:67.0%  
  10.6            1.00081e-9      6.71006e-10      #dY:67.0%  
  10.7            9.37153e-10     6.43057e-10      #dY:68.6%  
  10.8            8.77523e-10     6.0214e-10       #dY:68.6%  
  10.9            8.21669e-10     5.7653e-10       #dY:70.2%  
  11              7.69353e-10     5.39822e-10      #dY:70.2%  
  11.1            7.20352e-10     5.17273e-10      #dY:71.8%  
  11.2            6.74459e-10     4.84318e-10      #dY:71.8%  
  11.3            6.31478e-10     4.62882e-10      #dY:73.3%  
  11.4            5.91224e-10     4.33375e-10      #dY:73.3%  
  11.5            5.53527e-10     4.14523e-10      #dY:74.9%  
  11.6            5.18224e-10     3.88085e-10      #dY:74.9%  
  11.7            4.85165e-10     3.70311e-10      #dY:76.3%  
  11.8            4.54207e-10     3.46682e-10      #dY:76.3%  
  11.9            4.25219e-10     3.31062e-10      #dY:77.9%  
  12              3.98074e-10     3.09928e-10      #dY:77.9%  
  12.1            3.72657e-10     2.95723e-10      #dY:79.4%  
  12.2            3.48858e-10     2.76838e-10      #dY:79.4%  
  12.3            3.26575e-10     2.6395e-10       #dY:80.8%  
  12.4            3.05712e-10     2.47088e-10      #dY:80.8%  
  12.5            2.86178e-10     2.3508e-10       #dY:82.1%  
  12.6            2.67889e-10     2.20057e-10      #dY:82.1%  
  12.7            2.50766e-10     2.09516e-10      #dY:83.6%  
  12.8            2.34736e-10     1.96123e-10      #dY:83.6%  
  12.9            2.19728e-10     1.866e-10        #dY:84.9%  
  13              2.05678e-10     1.74668e-10      #dY:84.9%  
  13.1            1.92524e-10     1.66079e-10      #dY:86.3%  
  13.2            1.80211e-10     1.55458e-10      #dY:86.3%  
  13.3            1.68683e-10     1.47713e-10      #dY:87.6%  
  13.4            1.57892e-10     1.38263e-10      #dY:87.6%  
  13.5            1.4779e-10      1.31302e-10      #dY:88.8%  
  13.6            1.38334e-10     1.22901e-10      #dY:88.8%  
  13.7            1.29482e-10     1.16783e-10      #dY:90.2%  
  13.8            1.21196e-10     1.0931e-10       #dY:90.2%  
  13.9            1.13439e-10     1.03676e-10      #dY:91.4%  
  14              1.06179e-10     9.70408e-11      #dY:91.4%  
  14.1            9.93826e-11     9.19905e-11      #dY:92.6%  
  14.2            9.3021e-11      8.61021e-11      #dY:92.6%  
  14.3            8.70664e-11     8.15712e-11      #dY:93.7%  
  14.4            8.14927e-11     7.63492e-11      #dY:93.7%  
  14.5            7.62757e-11     7.23811e-11      #dY:94.9%  
  14.6            7.13925e-11     6.77473e-11      #dY:94.9%  
  14.7            6.68218e-11     6.41163e-11      #dY:96.0%  
  14.8            6.25436e-11     6.00113e-11      #dY:96.0%  
  14.9            5.85393e-11     5.67662e-11      #dY:97.0%  
  15              5.47914e-11     5.31318e-11      #dY:97.0%  
  15.1            5.12833e-11     5.02888e-11      #dY:98.1%  
  15.2            4.79999e-11     4.70691e-11      #dY:98.1%  
  15.3            4.49268e-11     4.45277e-11      #dY:99.1%  
  15.4            4.20504e-11     4.16769e-11      #dY:99.1%  
  15.5            3.93582e-11     3.93657e-11      #dY:100.0% 
  15.6            3.68384e-11     3.68454e-11      #dY:100.0% 
  15.7            3.448e-11       3.48214e-11      #dY:101.0% 
  15.8            3.22727e-11     3.25922e-11      #dY:101.0% 
  15.9            3.02067e-11     3.07559e-11      #dY:101.8% 
  16              2.82731e-11     2.87871e-11      #dY:101.8% 
  16.1            2.64633e-11     2.71808e-11      #dY:102.7% 
  16.2            2.47695e-11     2.54411e-11      #dY:102.7% 
  16.3            2.31841e-11     2.38928e-11      #dY:103.1% 
  16.4            2.17003e-11     2.23637e-11      #dY:103.1% 
  16.5            2.03116e-11     2.11602e-11      #dY:104.2% 
  16.6            1.90118e-11     1.98061e-11      #dY:104.2% 
  16.7            1.77952e-11     1.87297e-11      #dY:105.3% 
  16.8            1.66566e-11     1.75314e-11      #dY:105.3% 
  16.9            1.55909e-11     1.65696e-11      #dY:106.3% 
  17              1.45935e-11     1.55096e-11      #dY:106.3% 
  17.1            1.366e-11       1.45176e-11      #dY:106.3% 
  17.2            1.27862e-11     1.35889e-11      #dY:106.3% 
  17.3            1.19684e-11     1.28337e-11      #dY:107.2% 
  17.4            1.1203e-11      1.2013e-11       #dY:107.2% 
  17.5            1.04867e-11     1.13394e-11      #dY:108.1% 
  17.6            9.81614e-12     1.06144e-11      #dY:108.1% 
  17.7            9.18857e-12     9.92614e-12      #dY:108.0% 
  17.8            8.60118e-12     9.2916e-12       #dY:108.0% 
  17.9            8.0514e-12      8.76367e-12      #dY:108.8% 
  18              7.53682e-12     8.20357e-12      #dY:108.8% 
  18.1            7.05519e-12     7.73384e-12      #dY:109.6% 
  18.2            6.60439e-12     7.23968e-12      #dY:109.6% 
  18.3            6.18244e-12     6.82204e-12      #dY:110.3% 
  18.4            5.7875e-12      6.38624e-12      #dY:110.3% 
  18.5            5.41784e-12     5.96556e-12      #dY:110.1% 
  18.6            5.07184e-12     5.58458e-12      #dY:110.1% 
  18.7            4.74798e-12     5.25868e-12      #dY:110.8% 
  18.8            4.44484e-12     4.92293e-12      #dY:110.8% 
  18.9            4.16109e-12     4.63351e-12      #dY:111.4% 
  19              3.8955e-12      4.33777e-12      #dY:111.4% 
  19.1            3.64689e-12     4.04889e-12      #dY:111.0% 
  19.2            3.41419e-12     3.79054e-12      #dY:111.0% 
  19.3            3.19636e-12     3.5653e-12       #dY:111.5% 
  19.4            2.99247e-12     3.33788e-12      #dY:111.5% 
  19.5            2.80161e-12     3.13825e-12      #dY:112.0% 
  19.6            2.62296e-12     2.93814e-12      #dY:112.0% 
  19.7            2.45572e-12     2.76144e-12      #dY:112.4% 
  19.8            2.29918e-12     2.58541e-12      #dY:112.4% 
  19.9            2.15263e-12     2.41063e-12      #dY:112.0% 
  20              2.01546e-12     2.25702e-12      #dY:112.0% 
  20.2            0.00            0.00                        
//
#-------------------------------------------------------------------------------
#
#name:   JENDL-5: U-235(N,F) E_in=10. MeV
#X.axis: Energy
#Y.axis: 
#wdata:  3
#ldata:  352
#data...
# X               Y               +-dY           
# MeV             1/eV            1/eV           
  0.00            0.00            0.00                        
  1.00e-11        1.7753e-12      0.00                        
  1.20e-11        1.94474e-12     0.00                        
  1.40e-11        2.10056e-12     0.00                        
  1.60e-11        2.24559e-12     0.00                        
  1.80e-11        2.38181e-12     0.00                        
  2.20e-11        2.63319e-12     0.00                        
  2.50e-11        2.807e-12       0.00                        
  2.90e-11        3.02323e-12     0.00                        
  3.40e-11        3.27349e-12     2.28173e-13      #dY:7.0%   
  4.00e-11        3.5506e-12      2.47488e-13      #dY:7.0%   
  4.60e-11        3.8076e-12      2.65402e-13      #dY:7.0%   
  5.40e-11        4.12543e-12     2.87556e-13      #dY:7.0%   
  6.30e-11        4.45598e-12     3.10596e-13      #dY:7.0%   
  7.40e-11        4.82935e-12     3.36621e-13      #dY:7.0%   
  8.60e-11        5.20622e-12     3.6289e-13       #dY:7.0%   
  1.00e-10        5.61401e-12     4.57351e-13      #dY:8.1%   
  1.20e-10        6.14985e-12     5.01004e-13      #dY:8.1%   
  1.40e-10        6.6426e-12      5.41147e-13      #dY:8.1%   
  1.60e-10        7.10125e-12     5.78511e-13      #dY:8.1%   
  1.80e-10        7.53201e-12     6.13603e-13      #dY:8.1%   
  2.20e-10        8.32696e-12     6.78365e-13      #dY:8.1%   
  2.50e-10        8.87658e-12     7.2314e-13       #dY:8.1%   
  2.90e-10        9.56038e-12     7.78847e-13      #dY:8.1%   
  3.40e-10        1.03518e-11     8.36156e-13      #dY:8.1%   
  4.00e-10        1.12281e-11     9.06938e-13      #dY:8.1%   
  4.60e-10        1.20408e-11     9.72583e-13      #dY:8.1%   
  5.40e-10        1.30459e-11     1.05377e-12      #dY:8.1%   
  6.30e-10        1.40912e-11     1.1382e-12       #dY:8.1%   
  7.40e-10        1.5272e-11      1.23358e-12      #dY:8.1%   
  8.60e-10        1.64638e-11     1.32985e-12      #dY:8.1%   
  1.00e-9         1.77534e-11     1.43401e-12      #dY:8.1%   
  1.20e-9         1.94479e-11     1.58435e-12      #dY:8.1%   
  1.40e-9         2.10062e-11     1.7113e-12       #dY:8.1%   
  1.60e-9         2.24566e-11     1.82946e-12      #dY:8.1%   
  1.80e-9         2.38189e-11     1.94044e-12      #dY:8.1%   
  2.20e-9         2.63329e-11     2.14525e-12      #dY:8.1%   
  2.50e-9         2.8071e-11      2.28685e-12      #dY:8.1%   
  2.90e-9         3.02335e-11     2.46302e-12      #dY:8.1%   
  3.40e-9         3.27364e-11     2.64418e-12      #dY:8.1%   
  4.00e-9         3.55078e-11     2.86803e-12      #dY:8.1%   
  4.60e-9         3.8078e-11      3.07563e-12      #dY:8.1%   
  5.40e-9         4.12567e-11     3.33238e-12      #dY:8.1%   
  6.30e-9         4.45625e-11     3.59939e-12      #dY:8.1%   
  7.40e-9         4.82967e-11     3.90101e-12      #dY:8.1%   
  8.60e-9         5.20659e-11     4.20546e-12      #dY:8.1%   
  1.00e-8         5.61445e-11     4.57362e-12      #dY:8.1%   
  1.20e-8         6.15037e-11     5.01019e-12      #dY:8.1%   
  1.40e-8         6.64321e-11     5.41166e-12      #dY:8.1%   
  1.60e-8         7.10194e-11     5.78535e-12      #dY:8.1%   
  1.80e-8         7.53279e-11     6.13633e-12      #dY:8.1%   
  2.20e-8         8.32791e-11     6.78405e-12      #dY:8.1%   
  2.50e-8         8.87766e-11     7.23188e-12      #dY:8.1%   
  2.90e-8         9.56163e-11     7.78905e-12      #dY:8.1%   
  3.40e-8         1.03533e-10     8.36174e-12      #dY:8.1%   
  4.00e-8         1.12299e-10     9.06972e-12      #dY:8.1%   
  4.60e-8         1.20428e-10     9.72625e-12      #dY:8.1%   
  5.40e-8         1.30483e-10     1.05383e-11      #dY:8.1%   
  6.30e-8         1.4094e-10      1.13829e-11      #dY:8.1%   
  7.40e-8         1.52752e-10     1.23369e-11      #dY:8.1%   
  8.60e-8         1.64675e-10     1.32998e-11      #dY:8.1%   
  1.00e-7         1.77577e-10     1.43418e-11      #dY:8.1%   
  1.20e-7         1.94519e-10     1.58437e-11      #dY:8.1%   
  1.40e-7         2.10109e-10     1.71135e-11      #dY:8.1%   
  1.60e-7         2.24636e-10     1.82967e-11      #dY:8.1%   
  1.80e-7         2.38233e-10     1.94042e-11      #dY:8.1%   
  2.20e-7         2.6338e-10      2.14525e-11      #dY:8.1%   
  2.50e-7         2.80768e-10     2.28687e-11      #dY:8.1%   
  2.90e-7         3.02403e-10     2.46309e-11      #dY:8.1%   
  3.40e-7         3.27443e-10     2.64412e-11      #dY:8.1%   
  4.00e-7         3.55086e-10     2.86734e-11      #dY:8.1%   
  4.60e-7         3.8079e-10      3.0749e-11       #dY:8.1%   
  5.40e-7         4.12578e-10     3.33159e-11      #dY:8.1%   
  6.30e-7         4.45639e-10     3.59856e-11      #dY:8.1%   
  7.40e-7         4.82983e-10     3.90012e-11      #dY:8.1%   
  8.60e-7         5.20678e-10     4.20451e-11      #dY:8.1%   
  1.00e-6         5.61467e-10     4.53388e-11      #dY:8.1%   
  1.20e-6         6.15063e-10     5.00977e-11      #dY:8.1%   
  1.40e-6         6.64352e-10     5.41124e-11      #dY:8.1%   
  1.60e-6         7.1023e-10      5.78492e-11      #dY:8.1%   
  1.80e-6         7.5332e-10      6.13589e-11      #dY:8.1%   
  2.20e-6         8.32842e-10     6.78361e-11      #dY:8.1%   
  2.50e-6         8.87824e-10     7.23145e-11      #dY:8.1%   
  2.90e-6         9.56231e-10     7.78863e-11      #dY:8.1%   
  3.40e-6         1.03541e-9      8.36094e-11      #dY:8.1%   
  4.00e-6         1.12308e-9      9.06888e-11      #dY:8.1%   
  4.60e-6         1.20439e-9      9.72546e-11      #dY:8.1%   
  5.40e-6         1.30496e-9      1.05376e-10      #dY:8.1%   
  6.30e-6         1.40955e-9      1.13821e-10      #dY:8.1%   
  7.40e-6         1.5277e-9       1.23362e-10      #dY:8.1%   
  8.60e-6         1.64697e-9      1.32993e-10      #dY:8.1%   
  1.00e-5         1.77603e-9      1.43415e-10      #dY:8.1%   
  1.20e-5         1.94562e-9      1.58421e-10      #dY:8.1%   
  1.40e-5         2.1016e-9       1.71121e-10      #dY:8.1%   
  1.60e-5         2.24678e-9      1.82943e-10      #dY:8.1%   
  1.80e-5         2.38316e-9      1.94047e-10      #dY:8.1%   
  2.20e-5         2.63485e-9      2.14541e-10      #dY:8.1%   
  2.50e-5         2.80889e-9      2.28712e-10      #dY:8.1%   
  2.90e-5         3.02543e-9      2.46344e-10      #dY:8.1%   
  3.40e-5         3.2761e-9       2.64387e-10      #dY:8.1%   
  4.00e-5         3.55369e-9      2.86789e-10      #dY:8.1%   
  4.60e-5         3.81117e-9      3.07568e-10      #dY:8.1%   
  5.40e-5         4.12965e-9      3.3327e-10       #dY:8.1%   
  6.30e-5         4.46094e-9      3.60006e-10      #dY:8.1%   
  7.40e-5         4.83522e-9      3.90211e-10      #dY:8.1%   
  8.60e-5         5.21309e-9      4.20706e-10      #dY:8.1%   
  1.00e-4         5.62207e-9      4.53711e-10      #dY:8.1%   
  1.20e-4         6.1596e-9       5.00977e-10      #dY:8.1%   
  1.40e-4         6.65406e-9      5.41193e-10      #dY:8.1%   
  1.60e-4         7.11443e-9      5.78636e-10      #dY:8.1%   
  1.80e-4         7.54694e-9      6.13814e-10      #dY:8.1%   
  2.20e-4         8.3454e-9       6.78754e-10      #dY:8.1%   
  2.50e-4         8.89766e-9      7.23671e-10      #dY:8.1%   
  2.90e-4         9.58502e-9      7.79576e-10      #dY:8.1%   
  3.40e-4         1.03809e-8      8.28112e-10      #dY:8.0%   
  4.00e-4         1.12627e-8      8.98455e-10      #dY:8.0%   
  4.60e-4         1.20808e-8      9.63717e-10      #dY:8.0%   
  5.40e-4         1.30933e-8      1.04449e-9       #dY:8.0%   
  6.30e-4         1.41469e-8      1.12854e-9       #dY:8.0%   
  7.40e-4         1.53378e-8      1.22354e-9       #dY:8.0%   
  8.60e-4         1.65408e-8      1.3195e-9        #dY:8.0%   
  1.00e-3         1.78435e-8      1.42342e-9       #dY:8.0%   
  1.20e-3         1.95568e-8      1.56957e-9       #dY:8.0%   
  1.40e-3         2.11339e-8      1.69614e-9       #dY:8.0%   
  1.60e-3         2.26031e-8      1.81406e-9       #dY:8.0%   
  1.80e-3         2.39842e-8      1.9249e-9        #dY:8.0%   
  2.20e-3         2.65359e-8      2.12969e-9       #dY:8.0%   
  2.50e-3         2.83022e-8      2.27145e-9       #dY:8.0%   
  2.90e-3         3.05022e-8      2.44801e-9       #dY:8.0%   
  3.40e-3         3.30516e-8      2.61797e-9       #dY:7.9%   
  4.00e-3         3.58785e-8      2.84189e-9       #dY:7.9%   
  4.60e-3         3.85037e-8      3.04982e-9       #dY:7.9%   
  5.40e-3         4.17549e-8      3.30735e-9       #dY:7.9%   
  6.30e-3         4.51412e-8      3.57557e-9       #dY:7.9%   
  7.40e-3         4.8972e-8       3.879e-9         #dY:7.9%   
  8.60e-3         5.28446e-8      4.18575e-9       #dY:7.9%   
  0.01            5.70409e-8      4.51813e-9       #dY:7.9%   
  0.012           6.25634e-8      4.91146e-9       #dY:7.9%   
  0.014           6.76494e-8      5.31073e-9       #dY:7.9%   
  0.016           7.23888e-8      5.68279e-9       #dY:7.9%   
  0.018           7.68441e-8      6.03255e-9       #dY:7.9%   
  0.022           8.50738e-8      6.67861e-9       #dY:7.9%   
  0.025           9.07676e-8      7.12559e-9       #dY:7.9%   
  0.029           9.78533e-8      7.68185e-9       #dY:7.9%   
  0.034           1.06053e-7      8.0696e-9        #dY:7.6%   
  0.04            1.15127e-7      8.76004e-9       #dY:7.6%   
  0.046           1.23531e-7      9.3995e-9        #dY:7.6%   
  0.054           1.33904e-7      1.01888e-8       #dY:7.6%   
  0.063           1.44659e-7      1.10071e-8       #dY:7.6%   
  0.074           1.56756e-7      1.19276e-8       #dY:7.6%   
  0.086           1.68898e-7      1.28515e-8       #dY:7.6%   
  0.1             1.81944e-7      1.38442e-8       #dY:7.6%   
  0.2             2.49576e-7      1.84302e-8       #dY:7.4%   
  0.3             2.92601e-7      2.43484e-8       #dY:8.3%   
  0.4             3.20654e-7      2.66828e-8       #dY:8.3%   
  0.5             3.39401e-7      2.74429e-8       #dY:8.1%   
  0.6             3.5012e-7       2.83096e-8       #dY:8.1%   
  0.7             3.54605e-7      2.93443e-8       #dY:8.3%   
  0.8             3.55062e-7      2.93821e-8       #dY:8.3%   
  0.9             3.51782e-7      2.7706e-8        #dY:7.9%   
  1               3.46371e-7      2.72799e-8       #dY:7.9%   
  1.1             3.38654e-7      2.46441e-8       #dY:7.3%   
  1.2             3.29836e-7      2.40025e-8       #dY:7.3%   
  1.3             3.19602e-7      2.10332e-8       #dY:6.6%   
  1.4             3.08927e-7      2.03307e-8       #dY:6.6%   
  1.5             2.97389e-7      1.71016e-8       #dY:5.8%   
  1.6             2.85772e-7      1.64336e-8       #dY:5.8%   
  1.7             2.73587e-7      1.30585e-8       #dY:4.8%   
  1.8             2.61743e-7      1.24932e-8       #dY:4.8%   
  1.9             2.49541e-7      9.33277e-9       #dY:3.7%   
  2               2.37827e-7      8.89467e-9       #dY:3.7%   
  2.1             2.25985e-7      5.99903e-9       #dY:2.7%   
  2.2             2.14749e-7      5.70076e-9       #dY:2.7%   
  2.3             2.03637e-7      3.20726e-9       #dY:1.6%   
  2.4             1.93077e-7      3.04094e-9       #dY:1.6%   
  2.5             1.82836e-7      1.43483e-9       #dY:0.8%   
  2.6             1.73109e-7      1.3585e-9        #dY:0.8%   
  2.7             1.63754e-7      2.15691e-9       #dY:1.3%   
  2.8             1.54954e-7      2.041e-9         #dY:1.3%   
  2.9             1.46497e-7      3.63906e-9       #dY:2.5%   
  3               1.38585e-7      3.44252e-9       #dY:2.5%   
  3.1             1.30984e-7      4.92044e-9       #dY:3.8%   
  3.2             1.23863e-7      4.65294e-9       #dY:3.8%   
  3.3             1.16995e-7      5.92505e-9       #dY:5.1%   
  3.4             1.10476e-7      5.5949e-9        #dY:5.1%   
  3.5             1.04336e-7      6.67454e-9       #dY:6.4%   
  3.6             9.85894e-8      6.30692e-9       #dY:6.4%   
  3.7             9.29779e-8      7.20864e-9       #dY:7.8%   
  3.8             8.75429e-8      6.78726e-9       #dY:7.8%   
  3.9             8.22832e-8      7.50659e-9       #dY:9.1%   
  4               7.72248e-8      7.04512e-9       #dY:9.1%   
  4.1             7.22507e-8      7.63726e-9       #dY:10.6%  
  4.2             6.73661e-8      7.12093e-9       #dY:10.6%  
  4.3             6.16886e-8      7.49024e-9       #dY:12.1%  
  4.4             5.59921e-8      6.79857e-9       #dY:12.1%  
  4.5             5.13204e-8      7.25102e-9       #dY:14.1%  
  4.6             4.79028e-8      6.76815e-9       #dY:14.1%  
  4.7             4.50047e-8      7.45145e-9       #dY:16.6%  
  4.8             4.23479e-8      7.01156e-9       #dY:16.6%  
  4.9             3.98563e-8      7.34272e-9       #dY:18.4%  
  5               3.75069e-8      6.90989e-9       #dY:18.4%  
  5.1             3.52901e-8      7.07057e-9       #dY:20.0%  
  5.2             3.31988e-8      6.65157e-9       #dY:20.0%  
  5.3             3.12265e-8      6.79192e-9       #dY:21.8%  
  5.4             2.93667e-8      6.3874e-9        #dY:21.8%  
  5.5             2.76136e-8      6.44324e-9       #dY:23.3%  
  5.6             2.59615e-8      6.05775e-9       #dY:23.3%  
  5.7             2.44049e-8      6.07958e-9       #dY:24.9%  
  5.8             2.29385e-8      5.71428e-9       #dY:24.9%  
  5.9             2.15576e-8      5.73518e-9       #dY:26.6%  
  6               2.02573e-8      5.38925e-9       #dY:26.6%  
  6.1             1.90333e-8      5.38414e-9       #dY:28.3%  
  6.2             1.78812e-8      5.05823e-9       #dY:28.3%  
  6.3             1.6797e-8       5.01208e-9       #dY:29.8%  
  6.4             1.57769e-8      4.70769e-9       #dY:29.8%  
  6.5             1.48173e-8      4.66802e-9       #dY:31.5%  
  6.6             1.39147e-8      4.38366e-9       #dY:31.5%  
  6.7             1.30658e-8      4.33202e-9       #dY:33.2%  
  6.8             1.22676e-8      4.06737e-9       #dY:33.2%  
  6.9             1.15172e-8      4.00751e-9       #dY:34.8%  
  7               1.08118e-8      3.76206e-9       #dY:34.8%  
  7.1             1.01488e-8      3.69693e-9       #dY:36.4%  
  7.2             9.52563e-9      3.46993e-9       #dY:36.4%  
  7.3             8.94008e-9      3.41147e-9       #dY:38.2%  
  7.4             8.38992e-9      3.20154e-9       #dY:38.2%  
  7.5             7.87305e-9      3.13054e-9       #dY:39.8%  
  7.6             7.38753e-9      2.93749e-9       #dY:39.8%  
  7.7             6.93148e-9      2.8658e-9        #dY:41.3%  
  7.8             6.50317e-9      2.68872e-9       #dY:41.3%  
  7.9             6.10095e-9      2.61826e-9       #dY:42.9%  
  8               5.72327e-9      2.45618e-9       #dY:42.9%  
  8.1             5.36865e-9      2.39368e-9       #dY:44.6%  
  8.2             5.03573e-9      2.24524e-9       #dY:44.6%  
  8.3             4.72319e-9      2.17833e-9       #dY:46.1%  
  8.4             4.42982e-9      2.04303e-9       #dY:46.1%  
  8.5             4.15446e-9      1.98397e-9       #dY:47.8%  
  8.6             3.89602e-9      1.86055e-9       #dY:47.8%  
  8.7             3.65349e-9      1.80369e-9       #dY:49.4%  
  8.8             3.42589e-9      1.69133e-9       #dY:49.4%  
  8.9             3.21234e-9      1.63334e-9       #dY:50.8%  
  9               3.01196e-9      1.53145e-9       #dY:50.8%  
  9.1             2.82396e-9      1.48028e-9       #dY:52.4%  
  9.2             2.64759e-9      1.38783e-9       #dY:52.4%  
  9.3             2.48214e-9      1.33962e-9       #dY:54.0%  
  9.4             2.32694e-9      1.25586e-9       #dY:54.0%  
  9.5             2.18137e-9      1.21062e-9       #dY:55.5%  
  9.6             2.04482e-9      1.13484e-9       #dY:55.5%  
  9.7             1.91676e-9      1.0926e-9        #dY:57.0%  
  9.8             1.79666e-9      1.02414e-9       #dY:57.0%  
  9.9             1.68403e-9      9.84896e-10      #dY:58.5%  
  10              1.57842e-9      9.23131e-10      #dY:58.5%  
  10.1            1.47938e-9      8.86708e-10      #dY:59.9%  
  10.2            1.38651e-9      8.31044e-10      #dY:59.9%  
  10.3            1.29944e-9      7.97449e-10      #dY:61.4%  
  10.4            1.2178e-9       7.47347e-10      #dY:61.4%  
  10.5            1.14126e-9      7.17672e-10      #dY:62.9%  
  10.6            1.06951e-9      6.72553e-10      #dY:62.9%  
  10.7            1.00224e-9      6.44051e-10      #dY:64.3%  
  10.8            9.39182e-10     6.03529e-10      #dY:64.3%  
  10.9            8.80069e-10     5.77419e-10      #dY:65.6%  
  11              8.2466e-10      5.41064e-10      #dY:65.6%  
  11.1            7.72722e-10     5.18071e-10      #dY:67.0%  
  11.2            7.2404e-10      4.85432e-10      #dY:67.0%  
  11.3            6.78412e-10     4.63594e-10      #dY:68.3%  
  11.4            6.35648e-10     4.34371e-10      #dY:68.3%  
  11.5            5.95568e-10     4.15161e-10      #dY:69.7%  
  11.6            5.58005e-10     3.88976e-10      #dY:69.7%  
  11.7            5.22802e-10     3.70879e-10      #dY:70.9%  
  11.8            4.89813e-10     3.47477e-10      #dY:70.9%  
  11.9            4.58898e-10     3.31571e-10      #dY:72.3%  
  12              4.29927e-10     3.10638e-10      #dY:72.3%  
  12.1            4.0278e-10      2.96177e-10      #dY:73.5%  
  12.2            3.77341e-10     2.77471e-10      #dY:73.5%  
  12.3            3.53505e-10     2.64354e-10      #dY:74.8%  
  12.4            3.3117e-10      2.47652e-10      #dY:74.8%  
  12.5            3.10243e-10     2.3544e-10       #dY:75.9%  
  12.6            2.90634e-10     2.20559e-10      #dY:75.9%  
  12.7            2.72262e-10     2.09837e-10      #dY:77.1%  
  12.8            2.55048e-10     1.9657e-10       #dY:77.1%  
  12.9            2.38921e-10     1.86885e-10      #dY:78.2%  
  13              2.23811e-10     1.75066e-10      #dY:78.2%  
  13.1            2.09655e-10     1.66333e-10      #dY:79.3%  
  13.2            1.96392e-10     1.5581e-10       #dY:79.3%  
  13.3            1.83967e-10     1.47938e-10      #dY:80.4%  
  13.4            1.72327e-10     1.38577e-10      #dY:80.4%  
  13.5            1.61422e-10     1.31501e-10      #dY:81.5%  
  13.6            1.51206e-10     1.23179e-10      #dY:81.5%  
  13.7            1.41636e-10     1.1696e-10       #dY:82.6%  
  13.8            1.32671e-10     1.09557e-10      #dY:82.6%  
  13.9            1.24273e-10     1.03834e-10      #dY:83.6%  
  14              1.16405e-10     9.726e-11        #dY:83.6%  
  14.1            1.09035e-10     9.21291e-11      #dY:84.5%  
  14.2            1.02132e-10     8.62964e-11      #dY:84.5%  
  14.3            9.56648e-11     8.16945e-11      #dY:85.4%  
  14.4            8.96071e-11     7.65214e-11      #dY:85.4%  
  14.5            8.39327e-11     7.24902e-11      #dY:86.4%  
  14.6            7.86174e-11     6.78995e-11      #dY:86.4%  
  14.7            7.36386e-11     6.42128e-11      #dY:87.2%  
  14.8            6.89749e-11     6.0146e-11       #dY:87.2%  
  14.9            6.46065e-11     5.68515e-11      #dY:88.0%  
  15              6.05147e-11     5.32508e-11      #dY:88.0%  
  15.1            5.6682e-11      5.03643e-11      #dY:88.9%  
  15.2            5.30919e-11     4.71743e-11      #dY:88.9%  
  15.3            4.97293e-11     4.45943e-11      #dY:89.7%  
  15.4            4.65796e-11     4.17698e-11      #dY:89.7%  
  15.5            4.36295e-11     3.94245e-11      #dY:90.4%  
  15.6            4.08662e-11     3.69275e-11      #dY:90.4%  
  15.7            3.8278e-11      3.48734e-11      #dY:91.1%  
  15.8            3.58537e-11     3.26647e-11      #dY:91.1%  
  15.9            3.3583e-11      3.08016e-11      #dY:91.7%  
  16              3.14562e-11     2.8851e-11       #dY:91.7%  
  16.1            2.94641e-11     2.72211e-11      #dY:92.4%  
  16.2            2.75983e-11     2.54973e-11      #dY:92.4%  
  16.3            2.58507e-11     2.39282e-11      #dY:92.6%  
  16.4            2.42138e-11     2.24131e-11      #dY:92.6%  
  16.5            2.26807e-11     2.11914e-11      #dY:93.4%  
  16.6            2.12447e-11     1.98497e-11      #dY:93.4%  
  16.7            1.98997e-11     1.87574e-11      #dY:94.3%  
  16.8            1.86399e-11     1.757e-11        #dY:94.3%  
  16.9            1.74599e-11     1.6594e-11       #dY:95.0%  
  17              1.63547e-11     1.55436e-11      #dY:95.0%  
  17.1            1.53196e-11     1.45389e-11      #dY:94.9%  
  17.2            1.435e-11       1.36187e-11      #dY:94.9%  
  17.3            1.34419e-11     1.28526e-11      #dY:95.6%  
  17.4            1.25913e-11     1.20393e-11      #dY:95.6%  
  17.5            1.17946e-11     1.13559e-11      #dY:96.3%  
  17.6            1.10484e-11     1.06375e-11      #dY:96.3%  
  17.7            1.03494e-11     9.94058e-12      #dY:96.0%  
  17.8            9.69476e-12     9.3118e-12       #dY:96.0%  
  17.9            9.08156e-12     8.77642e-12      #dY:96.6%  
  18              8.50721e-12     8.22137e-12      #dY:96.6%  
  18.1            7.96924e-12     7.74506e-12      #dY:97.2%  
  18.2            7.46534e-12     7.25533e-12      #dY:97.2%  
  18.3            6.99336e-12     6.83191e-12      #dY:97.7%  
  18.4            6.55126e-12     6.40002e-12      #dY:97.7%  
  18.5            6.13717e-12     5.97417e-12      #dY:97.3%  
  18.6            5.74929e-12     5.59659e-12      #dY:97.3%  
  18.7            5.38598e-12     5.26624e-12      #dY:97.8%  
  18.8            5.04566e-12     4.93349e-12      #dY:97.8%  
  18.9            4.72689e-12     4.64016e-12      #dY:98.2%  
  19              4.4283e-12      4.34705e-12      #dY:98.2%  
  19.1            4.14861e-12     4.05469e-12      #dY:97.7%  
  19.2            3.88662e-12     3.79863e-12      #dY:97.7%  
  19.3            3.6412e-12      3.57039e-12      #dY:98.1%  
  19.4            3.41132e-12     3.34498e-12      #dY:98.1%  
  19.5            3.19598e-12     3.14272e-12      #dY:98.3%  
  19.6            2.99427e-12     2.94437e-12      #dY:98.3%  
  19.7            2.80531e-12     2.76535e-12      #dY:98.6%  
  19.8            2.62831e-12     2.59088e-12      #dY:98.6%  
  19.9            2.4625e-12      2.41405e-12      #dY:98.0%  
  20              2.30718e-12     2.26178e-12      #dY:98.0%  
  20.2            0.00            0.00                        
//
#-------------------------------------------------------------------------------
#
#name:   JENDL-5: U-235(N,F) E_in=11. MeV
#X.axis: Energy
#Y.axis: 
#wdata:  3
#ldata:  512
#data...
# X               Y               +-dY           
# MeV             1/eV            1/eV           
  0.00            0.00            0.00                        
  1.00e-11        1.76149e-12     0.00                        
  1.20e-11        1.92962e-12     0.00                        
  1.40e-11        2.08422e-12     0.00                        
  1.60e-11        2.22813e-12     0.00                        
  1.80e-11        2.36329e-12     0.00                        
  2.20e-11        2.61271e-12     0.00                        
  2.50e-11        2.78516e-12     0.00                        
  2.90e-11        2.99971e-12     0.00                        
  3.40e-11        3.24803e-12     1.21089e-13      #dY:3.7%   
  4.00e-11        3.52299e-12     1.3134e-13       #dY:3.7%   
  4.60e-11        3.77798e-12     1.40846e-13      #dY:3.7%   
  5.40e-11        4.09335e-12     1.52603e-13      #dY:3.7%   
  6.30e-11        4.42132e-12     1.6483e-13       #dY:3.7%   
  7.40e-11        4.79179e-12     1.78641e-13      #dY:3.7%   
  8.60e-11        5.16573e-12     1.92582e-13      #dY:3.7%   
  1.00e-10        5.57035e-12     2.42724e-13      #dY:4.4%   
  1.20e-10        6.10202e-12     2.65891e-13      #dY:4.4%   
  1.40e-10        6.59094e-12     2.87195e-13      #dY:4.4%   
  1.60e-10        7.04601e-12     3.07025e-13      #dY:4.4%   
  1.80e-10        7.47343e-12     3.25649e-13      #dY:4.4%   
  2.20e-10        8.2622e-12      3.60019e-13      #dY:4.4%   
  2.50e-10        8.80754e-12     3.83782e-13      #dY:4.4%   
  2.90e-10        9.48602e-12     4.13346e-13      #dY:4.4%   
  3.40e-10        1.02713e-11     4.43747e-13      #dY:4.3%   
  4.00e-10        1.11408e-11     4.81311e-13      #dY:4.3%   
  4.60e-10        1.19472e-11     5.1615e-13       #dY:4.3%   
  5.40e-10        1.29445e-11     5.59236e-13      #dY:4.3%   
  6.30e-10        1.39816e-11     6.04041e-13      #dY:4.3%   
  7.40e-10        1.51532e-11     6.54657e-13      #dY:4.3%   
  8.60e-10        1.63357e-11     7.05745e-13      #dY:4.3%   
  1.00e-9         1.76153e-11     7.61027e-13      #dY:4.3%   
  1.20e-9         1.92966e-11     8.40804e-13      #dY:4.4%   
  1.40e-9         2.08428e-11     9.08176e-13      #dY:4.4%   
  1.60e-9         2.22819e-11     9.70881e-13      #dY:4.4%   
  1.80e-9         2.36336e-11     1.02978e-12      #dY:4.4%   
  2.20e-9         2.61281e-11     1.13847e-12      #dY:4.4%   
  2.50e-9         2.78527e-11     1.21362e-12      #dY:4.4%   
  2.90e-9         2.99983e-11     1.30711e-12      #dY:4.4%   
  3.40e-9         3.24817e-11     1.40321e-12      #dY:4.3%   
  4.00e-9         3.52315e-11     1.522e-12        #dY:4.3%   
  4.60e-9         3.77818e-11     1.63218e-12      #dY:4.3%   
  5.40e-9         4.09357e-11     1.76843e-12      #dY:4.3%   
  6.30e-9         4.42158e-11     1.91013e-12      #dY:4.3%   
  7.40e-9         4.7921e-11      2.07019e-12      #dY:4.3%   
  8.60e-9         5.16608e-11     2.23175e-12      #dY:4.3%   
  1.00e-8         5.57076e-11     2.42723e-12      #dY:4.4%   
  1.20e-8         6.10251e-11     2.65892e-12      #dY:4.4%   
  1.40e-8         6.59152e-11     2.87198e-12      #dY:4.4%   
  1.60e-8         7.04668e-11     3.0703e-12       #dY:4.4%   
  1.80e-8         7.47418e-11     3.25656e-12      #dY:4.4%   
  2.20e-8         8.26311e-11     3.60031e-12      #dY:4.4%   
  2.50e-8         8.80858e-11     3.83797e-12      #dY:4.4%   
  2.90e-8         9.48722e-11     4.13366e-12      #dY:4.4%   
  3.40e-8         1.02727e-10     4.43752e-12      #dY:4.3%   
  4.00e-8         1.11425e-10     4.81325e-12      #dY:4.3%   
  4.60e-8         1.19491e-10     5.16168e-12      #dY:4.3%   
  5.40e-8         1.29467e-10     5.59262e-12      #dY:4.3%   
  6.30e-8         1.39843e-10     6.04083e-12      #dY:4.3%   
  7.40e-8         1.51563e-10     6.5471e-12       #dY:4.3%   
  8.60e-8         1.63393e-10     7.05812e-12      #dY:4.3%   
  1.00e-7         1.76195e-10     7.61114e-12      #dY:4.3%   
  1.20e-7         1.93016e-10     8.40864e-12      #dY:4.4%   
  1.40e-7         2.08486e-10     9.08259e-12      #dY:4.4%   
  1.60e-7         2.22886e-10     9.70992e-12      #dY:4.4%   
  1.80e-7         2.3636e-10      1.02969e-11      #dY:4.4%   
  2.20e-7         2.61284e-10     1.13827e-11      #dY:4.4%   
  2.50e-7         2.7853e-10      1.2134e-11       #dY:4.4%   
  2.90e-7         2.99988e-10     1.30688e-11      #dY:4.4%   
  3.40e-7         3.24822e-10     1.40135e-11      #dY:4.3%   
  4.00e-7         3.52321e-10     1.51999e-11      #dY:4.3%   
  4.60e-7         3.77824e-10     1.63001e-11      #dY:4.3%   
  5.40e-7         4.09365e-10     1.76609e-11      #dY:4.3%   
  6.30e-7         4.42167e-10     1.9076e-11       #dY:4.3%   
  7.40e-7         4.79221e-10     2.06746e-11      #dY:4.3%   
  8.60e-7         5.16621e-10     2.22881e-11      #dY:4.3%   
  1.00e-6         5.57091e-10     2.40341e-11      #dY:4.3%   
  1.20e-6         6.1027e-10      2.65556e-11      #dY:4.4%   
  1.40e-6         6.59173e-10     2.86836e-11      #dY:4.4%   
  1.60e-6         7.04692e-10     3.06643e-11      #dY:4.4%   
  1.80e-6         7.47642e-10     3.25333e-11      #dY:4.4%   
  2.20e-6         8.26346e-10     3.5958e-11       #dY:4.4%   
  2.50e-6         8.80898e-10     3.83318e-11      #dY:4.4%   
  2.90e-6         9.48769e-10     4.12852e-11      #dY:4.4%   
  3.40e-6         1.02733e-9      4.43206e-11      #dY:4.3%   
  4.00e-6         1.11431e-9      4.80731e-11      #dY:4.3%   
  4.60e-6         1.19499e-9      5.15537e-11      #dY:4.3%   
  5.40e-6         1.29476e-9      5.5858e-11       #dY:4.3%   
  6.30e-6         1.39854e-9      6.03352e-11      #dY:4.3%   
  7.40e-6         1.51576e-9      6.53922e-11      #dY:4.3%   
  8.60e-6         1.63409e-9      7.04972e-11      #dY:4.3%   
  1.00e-5         1.76213e-9      7.6021e-11       #dY:4.3%   
  1.20e-5         1.93039e-9      8.39896e-11      #dY:4.4%   
  1.40e-5         2.08513e-9      9.07222e-11      #dY:4.4%   
  1.60e-5         2.22918e-9      9.69896e-11      #dY:4.4%   
  1.80e-5         2.36447e-9      1.02876e-10      #dY:4.4%   
  2.20e-5         2.61417e-9      1.1374e-10       #dY:4.4%   
  2.50e-5         2.78683e-9      1.21252e-10      #dY:4.4%   
  2.90e-5         3.00166e-9      1.306e-10        #dY:4.4%   
  3.40e-5         3.25033e-9      1.40017e-10      #dY:4.3%   
  4.00e-5         3.52571e-9      1.51879e-10      #dY:4.3%   
  4.60e-5         3.78114e-9      1.62883e-10      #dY:4.3%   
  5.40e-5         4.09708e-9      1.76493e-10      #dY:4.3%   
  6.30e-5         4.42571e-9      1.90649e-10      #dY:4.3%   
  7.40e-5         4.79699e-9      2.06643e-10      #dY:4.3%   
  8.60e-5         5.17182e-9      2.2279e-10       #dY:4.3%   
  1.00e-4         5.57749e-9      2.40265e-10      #dY:4.3%   
  1.20e-4         6.11067e-9      2.65056e-10      #dY:4.3%   
  1.40e-4         6.60112e-9      2.86329e-10      #dY:4.3%   
  1.60e-4         7.05773e-9      3.06135e-10      #dY:4.3%   
  1.80e-4         7.4867e-9       3.24742e-10      #dY:4.3%   
  2.20e-4         8.2786e-9       3.59092e-10      #dY:4.3%   
  2.50e-4         8.82631e-9      3.82849e-10      #dY:4.3%   
  2.90e-4         9.50798e-9      4.12417e-10      #dY:4.3%   
  3.40e-4         1.02973e-8      4.41449e-10      #dY:4.3%   
  4.00e-4         1.11716e-8      4.78931e-10      #dY:4.3%   
  4.60e-4         1.19829e-8      5.13712e-10      #dY:4.3%   
  5.40e-4         1.29867e-8      5.56745e-10      #dY:4.3%   
  6.30e-4         1.40314e-8      6.01532e-10      #dY:4.3%   
  7.40e-4         1.52121e-8      6.52149e-10      #dY:4.3%   
  8.60e-4         1.64046e-8      7.03272e-10      #dY:4.3%   
  1.00e-3         1.76959e-8      7.5863e-10       #dY:4.3%   
  1.20e-3         1.93941e-8      8.34531e-10      #dY:4.3%   
  1.40e-3         2.09572e-8      9.01791e-10      #dY:4.3%   
  1.60e-3         2.24132e-8      9.64443e-10      #dY:4.3%   
  1.80e-3         2.37818e-8      1.02333e-9       #dY:4.3%   
  2.20e-3         2.631e-8        1.13212e-9       #dY:4.3%   
  2.50e-3         2.80599e-8      1.20742e-9       #dY:4.3%   
  2.90e-3         3.02391e-8      1.30119e-9       #dY:4.3%   
  3.40e-3         3.27642e-8      1.38596e-9       #dY:4.2%   
  4.00e-3         3.55636e-8      1.50438e-9       #dY:4.2%   
  4.60e-3         3.81629e-8      1.61433e-9       #dY:4.2%   
  5.40e-3         4.13815e-8      1.75048e-9       #dY:4.2%   
  6.30e-3         4.47332e-8      1.89226e-9       #dY:4.2%   
  7.40e-3         4.85241e-8      2.05262e-9       #dY:4.2%   
  8.60e-3         5.23554e-8      2.21469e-9       #dY:4.2%   
  0.01            5.65062e-8      2.39027e-9       #dY:4.2%   
  0.012           6.19672e-8      2.604e-9         #dY:4.2%   
  0.014           6.6995e-8       2.81528e-9       #dY:4.2%   
  0.016           7.16789e-8      3.01211e-9       #dY:4.2%   
  0.018           7.60808e-8      3.19709e-9       #dY:4.2%   
  0.022           8.4209e-8       3.53866e-9       #dY:4.2%   
  0.025           8.98303e-8      3.77488e-9       #dY:4.2%   
  0.029           9.68232e-8      4.06873e-9       #dY:4.2%   
  0.034           1.04912e-7      4.26454e-9       #dY:4.1%   
  0.04            1.13858e-7      4.62819e-9       #dY:4.1%   
  0.046           1.2214e-7       4.96484e-9       #dY:4.1%   
  0.054           1.32356e-7      5.38011e-9       #dY:4.1%   
  0.055           1.33576e-7      5.4297e-9        #dY:4.1%   
  0.11            1.88119e-7      7.50981e-9       #dY:4.0%   
  0.165           2.24878e-7      8.97725e-9       #dY:4.0%   
  0.22            2.53889e-7      1.11979e-8       #dY:4.4%   
  0.275           2.7547e-7       1.21498e-8       #dY:4.4%   
  0.33            2.93254e-7      1.29341e-8       #dY:4.4%   
  0.385           3.06878e-7      1.3535e-8        #dY:4.4%   
  0.44            3.18106e-7      1.38611e-8       #dY:4.4%   
  0.495           3.26559e-7      1.42295e-8       #dY:4.4%   
  0.55            3.33322e-7      1.45242e-8       #dY:4.4%   
  0.605           3.37843e-7      1.5127e-8        #dY:4.5%   
  0.66            3.41147e-7      1.52749e-8       #dY:4.5%   
  0.715           3.42826e-7      1.53501e-8       #dY:4.5%   
  0.77            3.43595e-7      1.53845e-8       #dY:4.5%   
  0.825           3.43108e-7      1.45841e-8       #dY:4.3%   
  0.88            3.41925e-7      1.45338e-8       #dY:4.3%   
  0.935           3.39936e-7      1.44493e-8       #dY:4.3%   
  0.99            3.37409e-7      1.43418e-8       #dY:4.3%   
  1.045           3.34045e-7      1.30747e-8       #dY:3.9%   
  1.1             3.30258e-7      1.29265e-8       #dY:3.9%   
  1.155           3.2612e-7       1.27646e-8       #dY:3.9%   
  1.21            3.21675e-7      1.13441e-8       #dY:3.5%   
  1.265           3.16652e-7      1.11669e-8       #dY:3.5%   
  1.32            3.11412e-7      1.09821e-8       #dY:3.5%   
  1.375           3.0606e-7       1.07934e-8       #dY:3.5%   
  1.43            3.00562e-7      9.20137e-9       #dY:3.1%   
  1.485           2.94688e-7      9.02154e-9       #dY:3.1%   
  1.54            2.88724e-7      8.83896e-9       #dY:3.1%   
  1.595           2.82681e-7      8.65396e-9       #dY:3.1%   
  1.65            2.76591e-7      7.04304e-9       #dY:2.5%   
  1.705           2.70359e-7      6.88435e-9       #dY:2.5%   
  1.76            2.64114e-7      6.72533e-9       #dY:2.5%   
  1.815           2.57804e-7      5.14719e-9       #dY:2.0%   
  1.87            2.51509e-7      5.02151e-9       #dY:2.0%   
  1.925           2.45273e-7      4.89701e-9       #dY:2.0%   
  1.98            2.39071e-7      4.77318e-9       #dY:2.0%   
  2.035           2.32787e-7      3.34822e-9       #dY:1.4%   
  2.09            2.26554e-7      3.25857e-9       #dY:1.4%   
  2.145           2.20539e-7      3.17205e-9       #dY:1.4%   
  2.2             2.14586e-7      3.08643e-9       #dY:1.4%   
  2.255           2.08618e-7      1.84673e-9       #dY:0.9%   
  2.31            2.02722e-7      1.79453e-9       #dY:0.9%   
  2.365           1.97061e-7      1.74442e-9       #dY:0.9%   
  2.42            1.91478e-7      9.30872e-10      #dY:0.5%   
  2.475           1.85955e-7      9.04022e-10      #dY:0.5%   
  2.53            1.80516e-7      8.7758e-10       #dY:0.5%   
  2.585           1.75291e-7      8.52179e-10      #dY:0.5%   
  2.64            1.70152e-7      1.1896e-9        #dY:0.7%   
  2.695           1.65136e-7      1.15453e-9       #dY:0.7%   
  2.75            1.60208e-7      1.12008e-9       #dY:0.7%   
  2.805           1.55454e-7      1.97477e-9       #dY:1.3%   
  2.86            1.50788e-7      1.91549e-9       #dY:1.3%   
  2.915           1.46288e-7      1.85833e-9       #dY:1.3%   
  2.97            1.41876e-7      1.80228e-9       #dY:1.3%   
  3.025           1.37602e-7      2.6215e-9        #dY:1.9%   
  3.08            1.33416e-7      2.54175e-9       #dY:1.9%   
  3.135           1.29413e-7      2.46548e-9       #dY:1.9%   
  3.19            1.25495e-7      2.39084e-9       #dY:1.9%   
  3.245           1.21687e-7      3.14344e-9       #dY:2.6%   
  3.3             1.17961e-7      3.04718e-9       #dY:2.6%   
  3.355           1.14419e-7      2.95569e-9       #dY:2.6%   
  3.41            1.10957e-7      3.61171e-9       #dY:3.3%   
  3.465           1.07586e-7      3.50199e-9       #dY:3.3%   
  3.52            1.04293e-7      3.3948e-9        #dY:3.3%   
  3.575           1.01166e-7      3.29301e-9       #dY:3.3%   
  3.63            9.81142e-8      3.87552e-9       #dY:4.0%   
  3.685           9.51513e-8      3.75848e-9       #dY:4.0%   
  3.74            9.2261e-8       3.64431e-9       #dY:4.0%   
  3.795           8.95053e-8      3.53546e-9       #dY:4.0%   
  3.85            8.68193e-8      4.02551e-9       #dY:4.6%   
  3.905           8.42246e-8      3.90521e-9       #dY:4.6%   
  3.96            8.16966e-8      3.78799e-9       #dY:4.6%   
  4.015           7.92665e-8      4.21592e-9       #dY:5.3%   
  4.07            7.69001e-8      4.09006e-9       #dY:5.3%   
  4.125           7.46246e-8      3.96904e-9       #dY:5.3%   
  4.18            7.241e-8        3.85125e-9       #dY:5.3%   
  4.235           7.02503e-8      4.2036e-9        #dY:6.0%   
  4.29            6.81487e-8      4.07785e-9       #dY:6.0%   
  4.345           6.61097e-8      3.95584e-9       #dY:6.0%   
  4.4             6.41259e-8      3.83713e-9       #dY:6.0%   
  4.455           6.22195e-8      4.13592e-9       #dY:6.6%   
  4.51            6.03656e-8      4.01268e-9       #dY:6.6%   
  4.565           5.85902e-8      3.89467e-9       #dY:6.6%   
  4.62            5.68645e-8      4.15149e-9       #dY:7.3%   
  4.675           5.51081e-8      4.02326e-9       #dY:7.3%   
  4.73            5.33987e-8      3.89846e-9       #dY:7.3%   
  4.785           5.17012e-8      3.77453e-9       #dY:7.3%   
  4.84            5.00484e-8      3.97915e-9       #dY:8.0%   
  4.895           4.83837e-8      3.84679e-9       #dY:8.0%   
  4.95            4.67611e-8      3.71779e-9       #dY:8.0%   
  5.005           4.51168e-8      3.90345e-9       #dY:8.7%   
  5.06            4.35123e-8      3.76463e-9       #dY:8.7%   
  5.115           4.19007e-8      3.6252e-9        #dY:8.7%   
  5.17            4.03268e-8      3.48903e-9       #dY:8.7%   
  5.225           3.83581e-8      3.62828e-9       #dY:9.5%   
  5.28            3.6425e-8       3.44543e-9       #dY:9.5%   
  5.335           3.43137e-8      3.24573e-9       #dY:9.5%   
  5.39            3.22359e-8      3.04919e-9       #dY:9.5%   
  5.445           3.05448e-8      3.2742e-9        #dY:10.7%  
  5.5             2.88852e-8      3.09631e-9       #dY:10.7%  
  5.555           2.77609e-8      2.97579e-9       #dY:10.7%  
  5.61            2.66662e-8      3.31494e-9       #dY:12.4%  
  5.665           2.57485e-8      3.20086e-9       #dY:12.4%  
  5.72            2.48589e-8      3.09027e-9       #dY:12.4%  
  5.775           2.40301e-8      2.98724e-9       #dY:12.4%  
  5.83            2.32278e-8      3.14901e-9       #dY:13.6%  
  5.885           2.24564e-8      3.04443e-9       #dY:13.6%  
  5.94            2.17098e-8      2.94321e-9       #dY:13.6%  
  5.995           2.0988e-8       2.84535e-9       #dY:13.6%  
  6.05            2.02894e-8      2.92681e-9       #dY:14.4%  
  6.105           1.96135e-8      2.82931e-9       #dY:14.4%  
  6.16            1.89595e-8      2.73497e-9       #dY:14.4%  
  6.215           1.83267e-8      2.80206e-9       #dY:15.3%  
  6.27            1.77144e-8      2.70845e-9       #dY:15.3%  
  6.325           1.7122e-8       2.61787e-9       #dY:15.3%  
  6.38            1.6549e-8       2.53026e-9       #dY:15.3%  
  6.435           1.59946e-8      2.58246e-9       #dY:16.1%  
  6.49            1.54584e-8      2.49589e-9       #dY:16.1%  
  6.545           1.49396e-8      2.41212e-9       #dY:16.1%  
  6.6             1.44379e-8      2.33112e-9       #dY:16.1%  
  6.655           1.39527e-8      2.37256e-9       #dY:17.0%  
  6.71            1.34833e-8      2.29275e-9       #dY:17.0%  
  6.765           1.30294e-8      2.21556e-9       #dY:17.0%  
  6.82            1.25905e-8      2.24821e-9       #dY:17.9%  
  6.875           1.2166e-8       2.17241e-9       #dY:17.9%  
  6.93            1.17556e-8      2.09913e-9       #dY:17.9%  
  6.985           1.13587e-8      2.02826e-9       #dY:17.9%  
  7.04            1.09749e-8      2.05414e-9       #dY:18.7%  
  7.095           1.06038e-8      1.98468e-9       #dY:18.7%  
  7.15            1.02451e-8      1.91755e-9       #dY:18.7%  
  7.205           9.89824e-9      1.93884e-9       #dY:19.6%  
  7.26            9.56292e-9      1.87316e-9       #dY:19.6%  
  7.315           9.23876e-9      1.80966e-9       #dY:19.6%  
  7.37            8.92538e-9      1.74828e-9       #dY:19.6%  
  7.425           8.62245e-9      1.76365e-9       #dY:20.5%  
  7.48            8.32963e-9      1.70376e-9       #dY:20.5%  
  7.535           8.04658e-9      1.64586e-9       #dY:20.5%  
  7.59            7.77299e-9      1.5899e-9        #dY:20.5%  
  7.645           7.50856e-9      1.60196e-9       #dY:21.3%  
  7.7             7.25298e-9      1.54744e-9       #dY:21.3%  
  7.755           7.00596e-9      1.49473e-9       #dY:21.3%  
  7.81            6.76723e-9      1.50262e-9       #dY:22.2%  
  7.865           6.53651e-9      1.45139e-9       #dY:22.2%  
  7.92            6.31354e-9      1.40188e-9       #dY:22.2%  
  7.975           6.09807e-9      1.35404e-9       #dY:22.2%  
  8.03            5.88985e-9      1.35881e-9       #dY:23.1%  
  8.085           5.68864e-9      1.31239e-9       #dY:23.1%  
  8.14            5.49421e-9      1.26754e-9       #dY:23.1%  
  8.195           5.30634e-9      1.22419e-9       #dY:23.1%  
  8.25            5.1248e-9       1.22391e-9       #dY:23.9%  
  8.305           4.9494e-9       1.18202e-9       #dY:23.9%  
  8.36            4.77993e-9      1.14155e-9       #dY:23.9%  
  8.415           4.61618e-9      1.14387e-9       #dY:24.8%  
  8.47            4.45798e-9      1.10467e-9       #dY:24.8%  
  8.525           4.30514e-9      1.0668e-9        #dY:24.8%  
  8.58            4.15747e-9      1.03021e-9       #dY:24.8%  
  8.635           4.01481e-9      1.02739e-9       #dY:25.6%  
  8.69            3.87699e-9      9.92123e-10      #dY:25.6%  
  8.745           3.74385e-9      9.58052e-10      #dY:25.6%  
  8.8             3.61524e-9      9.25141e-10      #dY:25.6%  
  8.855           3.49099e-9      9.27044e-10      #dY:26.6%  
  8.91            3.37097e-9      8.95172e-10      #dY:26.6%  
  8.965           3.25503e-9      8.64384e-10      #dY:26.6%  
  9.02            3.14304e-9      8.60036e-10      #dY:27.4%  
  9.075           3.03487e-9      8.30437e-10      #dY:27.4%  
  9.13            2.93038e-9      8.01845e-10      #dY:27.4%  
  9.185           2.82945e-9      7.74228e-10      #dY:27.4%  
  9.24            2.73197e-9      7.6848e-10       #dY:28.1%  
  9.295           2.63782e-9      7.41996e-10      #dY:28.1%  
  9.35            2.54685e-9      7.16407e-10      #dY:28.1%  
  9.405           2.45905e-9      7.12061e-10      #dY:29.0%  
  9.46            2.37422e-9      6.87497e-10      #dY:29.0%  
  9.515           2.29229e-9      6.63773e-10      #dY:29.0%  
  9.57            2.21317e-9      6.40862e-10      #dY:29.0%  
  9.625           2.13675e-9      6.37547e-10      #dY:29.8%  
  9.68            2.06296e-9      6.1553e-10       #dY:29.8%  
  9.735           1.99169e-9      5.94265e-10      #dY:29.8%  
  9.79            1.92286e-9      5.73728e-10      #dY:29.8%  
  9.845           1.85639e-9      5.70479e-10      #dY:30.7%  
  9.9             1.79221e-9      5.50756e-10      #dY:30.7%  
  9.955           1.73022e-9      5.31706e-10      #dY:30.7%  
  10.01           1.67037e-9      5.26921e-10      #dY:31.5%  
  10.065          1.61257e-9      5.08688e-10      #dY:31.5%  
  10.12           1.55675e-9      4.91079e-10      #dY:31.5%  
  10.175          1.50286e-9      4.7408e-10       #dY:31.5%  
  10.23           1.45082e-9      4.69961e-10      #dY:32.4%  
  10.285          1.40057e-9      4.53684e-10      #dY:32.4%  
  10.34           1.35204e-9      4.37964e-10      #dY:32.4%  
  10.395          1.30519e-9      4.22788e-10      #dY:32.4%  
  10.45           1.25995e-9      4.18778e-10      #dY:33.2%  
  10.505          1.21627e-9      4.0426e-10       #dY:33.2%  
  10.56           1.1741e-9       3.90244e-10      #dY:33.2%  
  10.615          1.13338e-9      3.8624e-10       #dY:34.1%  
  10.67           1.09406e-9      3.72841e-10      #dY:34.1%  
  10.725          1.0561e-9       3.59904e-10      #dY:34.1%  
  10.78           1.01945e-9      3.47415e-10      #dY:34.1%  
  10.835          9.84063e-10     3.44453e-10      #dY:35.0%  
  10.89           9.49899e-10     3.32494e-10      #dY:35.0%  
  10.945          9.16914e-10     3.20948e-10      #dY:35.0%  
  11              8.85069e-10     3.09802e-10      #dY:35.0%  
  11.055          8.54325e-10     3.06083e-10      #dY:35.8%  
  11.11           8.24643e-10     2.95448e-10      #dY:35.8%  
  11.165          7.95987e-10     2.85182e-10      #dY:35.8%  
  11.22           7.68323e-10     2.81541e-10      #dY:36.6%  
  11.275          7.41615e-10     2.71754e-10      #dY:36.6%  
  11.33           7.15831e-10     2.62306e-10      #dY:36.6%  
  11.385          6.9094e-10      2.53185e-10      #dY:36.6%  
  11.44           6.66911e-10     2.49766e-10      #dY:37.5%  
  11.495          6.43713e-10     2.41078e-10      #dY:37.5%  
  11.55           6.2132e-10      2.32691e-10      #dY:37.5%  
  11.605          5.99702e-10     2.29923e-10      #dY:38.3%  
  11.66           5.78833e-10     2.21922e-10      #dY:38.3%  
  11.715          5.58687e-10     2.14198e-10      #dY:38.3%  
  11.77           5.3924e-10      2.06742e-10      #dY:38.3%  
  11.825          5.20467e-10     2.03654e-10      #dY:39.1%  
  11.88           5.02345e-10     1.96563e-10      #dY:39.1%  
  11.935          4.84852e-10     1.89718e-10      #dY:39.1%  
  11.99           4.67966e-10     1.83111e-10      #dY:39.1%  
  12.045          4.51666e-10     1.80257e-10      #dY:39.9%  
  12.1            4.35932e-10     1.73978e-10      #dY:39.9%  
  12.155          4.20744e-10     1.67916e-10      #dY:39.9%  
  12.21           4.06084e-10     1.65551e-10      #dY:40.8%  
  12.265          3.91933e-10     1.59782e-10      #dY:40.8%  
  12.32           3.78273e-10     1.54213e-10      #dY:40.8%  
  12.375          3.65088e-10     1.48838e-10      #dY:40.8%  
  12.43           3.52361e-10     1.46644e-10      #dY:41.6%  
  12.485          3.40077e-10     1.41531e-10      #dY:41.6%  
  12.54           3.28219e-10     1.36596e-10      #dY:41.6%  
  12.595          3.16774e-10     1.31833e-10      #dY:41.6%  
  12.65           3.05727e-10     1.29525e-10      #dY:42.4%  
  12.705          2.95064e-10     1.25008e-10      #dY:42.4%  
  12.76           2.84773e-10     1.20648e-10      #dY:42.4%  
  12.815          2.74839e-10     1.18714e-10      #dY:43.2%  
  12.87           2.65251e-10     1.14573e-10      #dY:43.2%  
  12.925          2.55996e-10     1.10575e-10      #dY:43.2%  
  12.98           2.47064e-10     1.06717e-10      #dY:43.2%  
  13.035          2.38443e-10     1.04943e-10      #dY:44.0%  
  13.09           2.30122e-10     1.01281e-10      #dY:44.0%  
  13.145          2.2209e-10      9.77457e-11      #dY:44.0%  
  13.2            2.14339e-10     9.43344e-11      #dY:44.0%  
  13.255          2.06857e-10     9.27041e-11      #dY:44.8%  
  13.31           1.99636e-10     8.94679e-11      #dY:44.8%  
  13.365          1.92667e-10     8.63447e-11      #dY:44.8%  
  13.42           1.8594e-10      8.46398e-11      #dY:45.5%  
  13.475          1.79448e-10     8.16847e-11      #dY:45.5%  
  13.53           1.73182e-10     7.88324e-11      #dY:45.5%  
  13.585          1.67135e-10     7.60798e-11      #dY:45.5%  
  13.64           1.61298e-10     7.46879e-11      #dY:46.3%  
  13.695          1.55665e-10     7.20795e-11      #dY:46.3%  
  13.75           1.50229e-10     6.95624e-11      #dY:46.3%  
  13.805          1.44982e-10     6.83723e-11      #dY:47.2%  
  13.86           1.39918e-10     6.59842e-11      #dY:47.2%  
  13.915          1.3503e-10      6.3679e-11       #dY:47.2%  
  13.97           1.30313e-10     6.14545e-11      #dY:47.2%  
  14.025          1.25761e-10     6.02606e-11      #dY:47.9%  
  14.08           1.21368e-10     5.81556e-11      #dY:47.9%  
  14.135          1.17127e-10     5.61235e-11      #dY:47.9%  
  14.19           1.13035e-10     5.41627e-11      #dY:47.9%  
  14.245          1.09086e-10     5.30845e-11      #dY:48.7%  
  14.3            1.05274e-10     5.12294e-11      #dY:48.7%  
  14.355          1.01596e-10     4.94396e-11      #dY:48.7%  
  14.41           9.80458e-11     4.84269e-11      #dY:49.4%  
  14.465          9.46197e-11     4.67347e-11      #dY:49.4%  
  14.52           9.13132e-11     4.51015e-11      #dY:49.4%  
  14.575          8.81222e-11     4.35254e-11      #dY:49.4%  
  14.63           8.50426e-11     4.26165e-11      #dY:50.1%  
  14.685          8.20706e-11     4.11271e-11      #dY:50.1%  
  14.74           7.92023e-11     3.96898e-11      #dY:50.1%  
  14.795          7.64343e-11     3.83027e-11      #dY:50.1%  
  14.85           7.37629e-11     3.75474e-11      #dY:50.9%  
  14.905          7.11849e-11     3.62351e-11      #dY:50.9%  
  14.96           6.86969e-11     3.49687e-11      #dY:50.9%  
  15.015          6.62958e-11     3.42048e-11      #dY:51.6%  
  15.07           6.39786e-11     3.30093e-11      #dY:51.6%  
  15.125          6.17424e-11     3.18555e-11      #dY:51.6%  
  15.18           5.95843e-11     3.07421e-11      #dY:51.6%  
  15.235          5.75017e-11     3.01064e-11      #dY:52.4%  
  15.29           5.54918e-11     2.90541e-11      #dY:52.4%  
  15.345          5.35521e-11     2.80385e-11      #dY:52.4%  
  15.4            5.16803e-11     2.70585e-11      #dY:52.4%  
  15.455          4.98739e-11     2.64442e-11      #dY:53.0%  
  15.51           4.81306e-11     2.55199e-11      #dY:53.0%  
  15.565          4.64482e-11     2.46278e-11      #dY:53.0%  
  15.62           4.48247e-11     2.40958e-11      #dY:53.8%  
  15.675          4.32579e-11     2.32535e-11      #dY:53.8%  
  15.73           4.17458e-11     2.24407e-11      #dY:53.8%  
  15.785          4.02867e-11     2.16564e-11      #dY:53.8%  
  15.84           3.88785e-11     2.11795e-11      #dY:54.5%  
  15.895          3.75196e-11     2.04392e-11      #dY:54.5%  
  15.95           3.62081e-11     1.97248e-11      #dY:54.5%  
  16.005          3.49426e-11     1.92524e-11      #dY:55.1%  
  16.06           3.37213e-11     1.85795e-11      #dY:55.1%  
  16.115          3.25426e-11     1.79301e-11      #dY:55.1%  
  16.17           3.14052e-11     1.73034e-11      #dY:55.1%  
  16.225          3.03076e-11     1.69076e-11      #dY:55.8%  
  16.28           2.92483e-11     1.63166e-11      #dY:55.8%  
  16.335          2.82261e-11     1.57464e-11      #dY:55.8%  
  16.39           2.72397e-11     1.51961e-11      #dY:55.8%  
  16.445          2.62877e-11     1.48427e-11      #dY:56.5%  
  16.5            2.5369e-11      1.4324e-11       #dY:56.5%  
  16.555          2.44824e-11     1.38234e-11      #dY:56.5%  
  16.61           2.36269e-11     1.34956e-11      #dY:57.1%  
  16.665          2.28012e-11     1.30239e-11      #dY:57.1%  
  16.72           2.20045e-11     1.25689e-11      #dY:57.1%  
  16.775          2.12355e-11     1.21296e-11      #dY:57.1%  
  16.83           2.04935e-11     1.18377e-11      #dY:57.8%  
  16.885          1.97775e-11     1.14242e-11      #dY:57.8%  
  16.94           1.90864e-11     1.1025e-11       #dY:57.8%  
  16.995          1.84196e-11     1.06398e-11      #dY:57.8%  
  17.05           1.7776e-11      1.038e-11        #dY:58.4%  
  17.105          1.7155e-11      1.00173e-11      #dY:58.4%  
  17.16           1.65557e-11     9.66738e-12      #dY:58.4%  
  17.215          1.59773e-11     9.427e-12        #dY:59.0%  
  17.27           1.54192e-11     9.09771e-12      #dY:59.0%  
  17.325          1.48806e-11     8.77992e-12      #dY:59.0%  
  17.38           1.43608e-11     8.47323e-12      #dY:59.0%  
  17.435          1.38592e-11     8.27082e-12      #dY:59.7%  
  17.49           1.33751e-11     7.98192e-12      #dY:59.7%  
  17.545          1.2908e-11      7.70317e-12      #dY:59.7%  
  17.6            1.24572e-11     7.43414e-12      #dY:59.7%  
  17.655          1.20221e-11     7.24419e-12      #dY:60.3%  
  17.71           1.16023e-11     6.99123e-12      #dY:60.3%  
  17.765          1.11971e-11     6.74707e-12      #dY:60.3%  
  17.82           1.08062e-11     6.57246e-12      #dY:60.8%  
  17.875          1.04288e-11     6.34292e-12      #dY:60.8%  
  17.93           1.00647e-11     6.12147e-12      #dY:60.8%  
  17.985          9.71333e-12     5.90776e-12      #dY:60.8%  
  18.04           9.37422e-12     5.76012e-12      #dY:61.4%  
  18.095          9.04698e-12     5.55904e-12      #dY:61.4%  
  18.15           8.73117e-12     5.36499e-12      #dY:61.4%  
  18.205          8.4264e-12      5.22227e-12      #dY:62.0%  
  18.26           8.13229e-12     5.03999e-12      #dY:62.0%  
  18.315          7.84845e-12     4.86408e-12      #dY:62.0%  
  18.37           7.57454e-12     4.69433e-12      #dY:62.0%  
  18.425          7.31021e-12     4.57375e-12      #dY:62.6%  
  18.48           7.05511e-12     4.41414e-12      #dY:62.6%  
  18.535          6.80893e-12     4.26011e-12      #dY:62.6%  
  18.59           6.57136e-12     4.11147e-12      #dY:62.6%  
  18.645          6.34208e-12     4.00437e-12      #dY:63.1%  
  18.7            6.12082e-12     3.86466e-12      #dY:63.1%  
  18.755          5.9073e-12      3.72985e-12      #dY:63.1%  
  18.81           5.70123e-12     3.6313e-12       #dY:63.7%  
  18.865          5.50237e-12     3.50464e-12      #dY:63.7%  
  18.92           5.31046e-12     3.3824e-12       #dY:63.7%  
  18.975          5.12525e-12     3.26444e-12      #dY:63.7%  
  19.03           4.94651e-12     3.17351e-12      #dY:64.2%  
  19.085          4.77402e-12     3.06285e-12      #dY:64.2%  
  19.14           4.60755e-12     2.95605e-12      #dY:64.2%  
  19.195          4.4469e-12      2.85298e-12      #dY:64.2%  
  19.25           4.29187e-12     2.77581e-12      #dY:64.7%  
  19.305          4.14224e-12     2.67904e-12      #dY:64.7%  
  19.36           3.99785e-12     2.58565e-12      #dY:64.7%  
  19.415          3.8585e-12      2.51487e-12      #dY:65.2%  
  19.47           3.72401e-12     2.42721e-12      #dY:65.2%  
  19.525          3.59423e-12     2.34263e-12      #dY:65.2%  
  19.58           3.46897e-12     2.26098e-12      #dY:65.2%  
  19.635          3.34809e-12     2.19845e-12      #dY:65.7%  
  19.69           3.23143e-12     2.12185e-12      #dY:65.7%  
  19.745          3.11885e-12     2.04793e-12      #dY:65.7%  
  19.8            3.01019e-12     1.97658e-12      #dY:65.7%  
  19.855          2.90533e-12     1.92122e-12      #dY:66.1%  
  19.91           2.80413e-12     1.8543e-12       #dY:66.1%  
  19.965          2.70646e-12     1.78971e-12      #dY:66.1%  
  20.165          0.00            0.00                        
//
#-------------------------------------------------------------------------------
#
#name:   JENDL-5: U-235(N,F) E_in=12. MeV
#X.axis: Energy
#Y.axis: 
#wdata:  3
#ldata:  482
#data...
# X               Y               +-dY           
# MeV             1/eV            1/eV           
  0.00            0.00            0.00                        
  1.00e-11        1.72214e-12     0.00                        
  1.20e-11        1.88651e-12     0.00                        
  1.40e-11        2.03766e-12     0.00                        
  1.60e-11        2.17835e-12     0.00                        
  1.80e-11        2.31049e-12     0.00                        
  2.20e-11        2.55435e-12     0.00                        
  2.50e-11        2.72295e-12     0.00                        
  2.90e-11        2.9327e-12      0.00                        
  3.40e-11        3.17548e-12     1.21089e-13      #dY:3.8%   
  4.00e-11        3.44429e-12     1.3134e-13       #dY:3.8%   
  4.60e-11        3.69359e-12     1.40846e-13      #dY:3.8%   
  5.40e-11        4.00191e-12     1.52603e-13      #dY:3.8%   
  6.30e-11        4.32256e-12     1.6483e-13       #dY:3.8%   
  7.40e-11        4.68475e-12     1.78641e-13      #dY:3.8%   
  8.60e-11        5.05034e-12     1.92582e-13      #dY:3.8%   
  1.00e-10        5.44592e-12     2.42724e-13      #dY:4.5%   
  1.20e-10        5.96572e-12     2.65891e-13      #dY:4.5%   
  1.40e-10        6.44371e-12     2.87195e-13      #dY:4.5%   
  1.60e-10        6.88863e-12     3.07025e-13      #dY:4.5%   
  1.80e-10        7.3065e-12      3.2565e-13       #dY:4.5%   
  2.20e-10        8.07765e-12     3.6002e-13       #dY:4.5%   
  2.50e-10        8.61081e-12     3.83782e-13      #dY:4.5%   
  2.90e-10        9.27414e-12     4.13347e-13      #dY:4.5%   
  3.40e-10        1.00419e-11     4.43748e-13      #dY:4.4%   
  4.00e-10        1.0892e-11      4.81313e-13      #dY:4.4%   
  4.60e-10        1.16803e-11     5.16148e-13      #dY:4.4%   
  5.40e-10        1.26554e-11     5.59237e-13      #dY:4.4%   
  6.30e-10        1.36694e-11     6.04046e-13      #dY:4.4%   
  7.40e-10        1.48148e-11     6.54661e-13      #dY:4.4%   
  8.60e-10        1.59709e-11     7.05748e-13      #dY:4.4%   
  1.00e-9         1.72219e-11     7.61029e-13      #dY:4.4%   
  1.20e-9         1.88657e-11     8.40806e-13      #dY:4.5%   
  1.40e-9         2.03774e-11     9.08179e-13      #dY:4.5%   
  1.60e-9         2.17844e-11     9.70886e-13      #dY:4.5%   
  1.80e-9         2.31059e-11     1.02978e-12      #dY:4.5%   
  2.20e-9         2.55447e-11     1.13848e-12      #dY:4.5%   
  2.50e-9         2.72308e-11     1.21362e-12      #dY:4.5%   
  2.90e-9         2.93286e-11     1.30712e-12      #dY:4.5%   
  3.40e-9         3.17566e-11     1.40322e-12      #dY:4.4%   
  4.00e-9         3.4445e-11      1.52201e-12      #dY:4.4%   
  4.60e-9         3.69384e-11     1.63218e-12      #dY:4.4%   
  5.40e-9         4.0022e-11      1.76844e-12      #dY:4.4%   
  6.30e-9         4.3229e-11      1.91015e-12      #dY:4.4%   
  7.40e-9         4.68515e-11     2.07021e-12      #dY:4.4%   
  8.60e-9         5.0508e-11      2.23178e-12      #dY:4.4%   
  1.00e-8         5.44646e-11     2.42724e-12      #dY:4.5%   
  1.20e-8         5.96636e-11     2.65894e-12      #dY:4.5%   
  1.40e-8         6.44447e-11     2.87201e-12      #dY:4.5%   
  1.60e-8         6.88949e-11     3.07033e-12      #dY:4.5%   
  1.80e-8         7.30746e-11     3.2566e-12       #dY:4.5%   
  2.20e-8         8.07883e-11     3.60037e-12      #dY:4.5%   
  2.50e-8         8.61216e-11     3.83805e-12      #dY:4.5%   
  2.90e-8         9.2757e-11      4.13376e-12      #dY:4.5%   
  3.40e-8         1.00437e-10     4.43757e-12      #dY:4.4%   
  4.00e-8         1.08941e-10     4.81329e-12      #dY:4.4%   
  4.60e-8         1.16828e-10     5.16176e-12      #dY:4.4%   
  5.40e-8         1.26583e-10     5.59276e-12      #dY:4.4%   
  6.30e-8         1.36728e-10     6.04099e-12      #dY:4.4%   
  7.40e-8         1.48188e-10     6.54733e-12      #dY:4.4%   
  8.60e-8         1.59755e-10     7.05839e-12      #dY:4.4%   
  1.00e-7         1.72273e-10     7.61146e-12      #dY:4.4%   
  1.20e-7         1.887e-10       8.40789e-12      #dY:4.5%   
  1.40e-7         2.03823e-10     9.08172e-12      #dY:4.5%   
  1.60e-7         2.179e-10       9.70895e-12      #dY:4.5%   
  1.80e-7         2.31093e-10     1.02968e-11      #dY:4.5%   
  2.20e-7         2.55483e-10     1.13835e-11      #dY:4.5%   
  2.50e-7         2.7235e-10      1.21351e-11      #dY:4.5%   
  2.90e-7         2.93334e-10     1.30701e-11      #dY:4.5%   
  3.40e-7         3.17623e-10     1.40146e-11      #dY:4.4%   
  4.00e-7         3.4451e-10      1.5201e-11       #dY:4.4%   
  4.60e-7         3.69452e-10     1.63015e-11      #dY:4.4%   
  5.40e-7         4.003e-10       1.76626e-11      #dY:4.4%   
  6.30e-7         4.32383e-10     1.90782e-11      #dY:4.4%   
  7.40e-7         4.68625e-10     2.06774e-11      #dY:4.4%   
  8.60e-7         5.05208e-10     2.22915e-11      #dY:4.4%   
  1.00e-6         5.44795e-10     2.40382e-11      #dY:4.4%   
  1.20e-6         5.96815e-10     2.65575e-11      #dY:4.4%   
  1.40e-6         6.44656e-10     2.86864e-11      #dY:4.4%   
  1.60e-6         6.89188e-10     3.0668e-11       #dY:4.4%   
  1.80e-6         7.31016e-10     3.25293e-11      #dY:4.4%   
  2.20e-6         8.08213e-10     3.59645e-11      #dY:4.4%   
  2.50e-6         8.61591e-10     3.83397e-11      #dY:4.4%   
  2.90e-6         9.28006e-10     4.12951e-11      #dY:4.4%   
  3.40e-6         1.00488e-9      4.43264e-11      #dY:4.4%   
  4.00e-6         1.09001e-9      4.80816e-11      #dY:4.4%   
  4.60e-6         1.16898e-9      5.1565e-11       #dY:4.4%   
  5.40e-6         1.26664e-9      5.58729e-11      #dY:4.4%   
  6.30e-6         1.36823e-9      6.03542e-11      #dY:4.4%   
  7.40e-6         1.483e-9        6.54168e-11      #dY:4.4%   
  8.60e-6         1.59886e-9      7.05275e-11      #dY:4.4%   
  1.00e-5         1.72426e-9      7.60591e-11      #dY:4.4%   
  1.20e-5         1.88906e-9      8.40098e-11      #dY:4.4%   
  1.40e-5         2.04064e-9      9.07508e-11      #dY:4.4%   
  1.60e-5         2.18176e-9      9.70267e-11      #dY:4.4%   
  1.80e-5         2.31433e-9      1.02922e-10      #dY:4.4%   
  2.20e-5         2.55905e-9      1.13805e-10      #dY:4.4%   
  2.50e-5         2.7283e-9       1.21332e-10      #dY:4.4%   
  2.90e-5         2.93892e-9      1.30699e-10      #dY:4.4%   
  3.40e-5         3.18279e-9      1.40062e-10      #dY:4.4%   
  4.00e-5         3.45291e-9      1.51949e-10      #dY:4.4%   
  4.60e-5         3.70352e-9      1.62977e-10      #dY:4.4%   
  5.40e-5         4.01359e-9      1.76622e-10      #dY:4.4%   
  6.30e-5         4.33622e-9      1.9082e-10       #dY:4.4%   
  7.40e-5         4.70085e-9      2.06866e-10      #dY:4.4%   
  8.60e-5         5.06909e-9      2.23071e-10      #dY:4.4%   
  1.00e-4         5.46778e-9      2.40616e-10      #dY:4.4%   
  1.20e-4         5.99203e-9      2.65253e-10      #dY:4.4%   
  1.40e-4         6.4745e-9       2.8661e-10       #dY:4.4%   
  1.60e-4         6.92389e-9      3.06504e-10      #dY:4.4%   
  1.80e-4         7.34625e-9      3.25201e-10      #dY:4.4%   
  2.20e-4         8.12642e-9      3.59737e-10      #dY:4.4%   
  2.50e-4         8.66636e-9      3.83639e-10      #dY:4.4%   
  2.90e-4         9.33875e-9      4.13404e-10      #dY:4.4%   
  3.40e-4         1.01178e-8      4.41896e-10      #dY:4.4%   
  4.00e-4         1.09816e-8      4.79623e-10      #dY:4.4%   
  4.60e-4         1.17837e-8      5.14654e-10      #dY:4.4%   
  5.40e-4         1.2777e-8       5.58037e-10      #dY:4.4%   
  6.30e-4         1.38117e-8      6.03227e-10      #dY:4.4%   
  7.40e-4         1.49824e-8      6.54358e-10      #dY:4.4%   
  8.60e-4         1.61661e-8      7.06056e-10      #dY:4.4%   
  1.00e-3         1.74494e-8      7.62104e-10      #dY:4.4%   
  1.20e-3         1.91394e-8      8.36467e-10      #dY:4.4%   
  1.40e-3         2.06973e-8      9.04553e-10      #dY:4.4%   
  1.60e-3         2.21505e-8      9.68063e-10      #dY:4.4%   
  1.80e-3         2.35182e-8      1.02784e-9       #dY:4.4%   
  2.20e-3         2.60494e-8      1.13846e-9       #dY:4.4%   
  2.50e-3         2.78048e-8      1.21518e-9       #dY:4.4%   
  2.90e-3         2.99948e-8      1.31089e-9       #dY:4.4%   
  3.40e-3         3.25378e-8      1.39033e-9       #dY:4.3%   
  4.00e-3         3.53638e-8      1.51109e-9       #dY:4.3%   
  4.60e-3         3.79943e-8      1.62349e-9       #dY:4.3%   
  5.40e-3         4.12598e-8      1.76302e-9       #dY:4.3%   
  6.30e-3         4.46704e-8      1.90876e-9       #dY:4.3%   
  7.40e-3         4.854e-8        2.0741e-9        #dY:4.3%   
  8.60e-3         5.2464e-8       2.24178e-9       #dY:4.3%   
  0.01            5.673e-8        2.42406e-9       #dY:4.3%   
  0.012           6.23661e-8      2.62249e-9       #dY:4.2%   
  0.014           6.75786e-8      2.84167e-9       #dY:4.2%   
  0.016           7.24549e-8      3.04672e-9       #dY:4.2%   
  0.018           7.70555e-8      3.24018e-9       #dY:4.2%   
  0.022           8.55961e-8      3.59931e-9       #dY:4.2%   
  0.025           9.15372e-8      3.84913e-9       #dY:4.2%   
  0.029           9.89677e-8      4.16158e-9       #dY:4.2%   
  0.034           1.07618e-7      4.30532e-9       #dY:4.0%   
  0.04            1.17255e-7      4.69086e-9       #dY:4.0%   
  0.046           1.26243e-7      5.05043e-9       #dY:4.0%   
  0.054           1.37418e-7      5.49749e-9       #dY:4.0%   
  0.06            1.453e-7        5.81282e-9       #dY:4.0%   
  0.12            2.09652e-7      7.99746e-9       #dY:3.8%   
  0.18            2.50424e-7      9.55276e-9       #dY:3.8%   
  0.24            2.83191e-7      1.16635e-8       #dY:4.1%   
  0.3             3.04619e-7      1.25461e-8       #dY:4.1%   
  0.36            3.22118e-7      1.32668e-8       #dY:4.1%   
  0.42            3.33313e-7      1.35464e-8       #dY:4.1%   
  0.48            3.42034e-7      1.39009e-8       #dY:4.1%   
  0.54            3.46421e-7      1.40792e-8       #dY:4.1%   
  0.6             3.49096e-7      1.41879e-8       #dY:4.1%   
  0.66            3.49005e-7      1.48949e-8       #dY:4.3%   
  0.72            3.47694e-7      1.4839e-8        #dY:4.3%   
  0.78            3.45156e-7      1.47307e-8       #dY:4.3%   
  0.84            3.41716e-7      1.42802e-8       #dY:4.2%   
  0.9             3.37612e-7      1.41087e-8       #dY:4.2%   
  0.96            3.32828e-7      1.39088e-8       #dY:4.2%   
  1.02            3.27849e-7      1.2968e-8        #dY:4.0%   
  1.08            3.22348e-7      1.27504e-8       #dY:4.0%   
  1.14            3.16936e-7      1.25364e-8       #dY:4.0%   
  1.2             3.11147e-7      1.23074e-8       #dY:4.0%   
  1.26            3.05328e-7      1.10877e-8       #dY:3.6%   
  1.32            2.99251e-7      1.0867e-8        #dY:3.6%   
  1.38            2.93393e-7      1.06543e-8       #dY:3.6%   
  1.44            2.87367e-7      9.14614e-9       #dY:3.2%   
  1.5             2.81298e-7      8.95298e-9       #dY:3.2%   
  1.56            2.75129e-7      8.75663e-9       #dY:3.2%   
  1.62            2.68897e-7      7.13328e-9       #dY:2.7%   
  1.68            2.62618e-7      6.96672e-9       #dY:2.7%   
  1.74            2.56431e-7      6.80259e-9       #dY:2.7%   
  1.8             2.50237e-7      6.63827e-9       #dY:2.7%   
  1.86            2.43844e-7      5.06131e-9       #dY:2.1%   
  1.92            2.37476e-7      4.92913e-9       #dY:2.1%   
  1.98            2.31238e-7      4.79965e-9       #dY:2.1%   
  2.04            2.25048e-7      3.35159e-9       #dY:1.5%   
  2.1             2.18822e-7      3.25887e-9       #dY:1.5%   
  2.16            2.12661e-7      3.16711e-9       #dY:1.5%   
  2.22            2.0659e-7       1.88475e-9       #dY:0.9%   
  2.28            2.00598e-7      1.83009e-9       #dY:0.9%   
  2.34            1.94733e-7      1.77658e-9       #dY:0.9%   
  2.4             1.88957e-7      1.72389e-9       #dY:0.9%   
  2.46            1.83238e-7      9.14142e-10      #dY:0.5%   
  2.52            1.77615e-7      8.8609e-10       #dY:0.5%   
  2.58            1.72179e-7      8.5897e-10       #dY:0.5%   
  2.64            1.66843e-7      1.19244e-9       #dY:0.7%   
  2.7             1.61626e-7      1.15516e-9       #dY:0.7%   
  2.76            1.5651e-7       1.11859e-9       #dY:0.7%   
  2.82            1.51536e-7      1.96152e-9       #dY:1.3%   
  2.88            1.46664e-7      1.89845e-9       #dY:1.3%   
  2.94            1.42003e-7      1.83812e-9       #dY:1.3%   
  3               1.37442e-7      1.77908e-9       #dY:1.3%   
  3.06            1.32981e-7      2.57523e-9       #dY:1.9%   
  3.12            1.28619e-7      2.49076e-9       #dY:1.9%   
  3.18            1.24475e-7      2.41051e-9       #dY:1.9%   
  3.24            1.20427e-7      3.15595e-9       #dY:2.6%   
  3.3             1.16497e-7      3.05296e-9       #dY:2.6%   
  3.36            1.12662e-7      2.95246e-9       #dY:2.6%   
  3.42            1.0898e-7       3.59316e-9       #dY:3.3%   
  3.48            1.0539e-7       3.4748e-9        #dY:3.3%   
  3.54            1.01957e-7      3.36161e-9       #dY:3.3%   
  3.6             9.86132e-8      3.25136e-9       #dY:3.3%   
  3.66            9.53682e-8      3.81233e-9       #dY:4.0%   
  3.72            9.22082e-8      3.68601e-9       #dY:4.0%   
  3.78            8.9201e-8       3.5658e-9        #dY:4.0%   
  3.84            8.62751e-8      4.04728e-9       #dY:4.7%   
  3.9             8.34474e-8      3.91462e-9       #dY:4.7%   
  3.96            8.06974e-8      3.78562e-9       #dY:4.7%   
  4.02            7.80531e-8      4.2017e-9        #dY:5.4%   
  4.08            7.54828e-8      4.06334e-9       #dY:5.4%   
  4.14            7.30325e-8      3.93144e-9       #dY:5.4%   
  4.2             7.06524e-8      3.80331e-9       #dY:5.4%   
  4.26            6.83444e-8      4.14356e-9       #dY:6.1%   
  4.32            6.6103e-8       4.00767e-9       #dY:6.1%   
  4.38            6.39767e-8      3.87876e-9       #dY:6.1%   
  4.44            6.19135e-8      4.17218e-9       #dY:6.7%   
  4.5             5.99177e-8      4.03769e-9       #dY:6.7%   
  4.56            5.79817e-8      3.90723e-9       #dY:6.7%   
  4.62            5.61258e-8      4.15149e-9       #dY:7.4%   
  4.68            5.43263e-8      4.01839e-9       #dY:7.4%   
  4.74            5.26156e-8      3.89185e-9       #dY:7.4%   
  4.8             5.09581e-8      3.76925e-9       #dY:7.4%   
  4.86            4.93503e-8      3.96427e-9       #dY:8.0%   
  4.92            4.77926e-8      3.83914e-9       #dY:8.0%   
  4.98            4.6319e-8       3.72077e-9       #dY:8.0%   
  5.04            4.48925e-8      3.87662e-9       #dY:8.6%   
  5.1             4.35116e-8      3.75737e-9       #dY:8.6%   
  5.16            4.21751e-8      3.64196e-9       #dY:8.6%   
  5.22            4.08811e-8      3.76029e-9       #dY:9.2%   
  5.28            3.96287e-8      3.6451e-9        #dY:9.2%   
  5.34            3.8408e-8       3.53281e-9       #dY:9.2%   
  5.4             3.72263e-8      3.42412e-9       #dY:9.2%   
  5.46            3.60968e-8      3.51214e-9       #dY:9.7%   
  5.52            3.50039e-8      3.4058e-9        #dY:9.7%   
  5.58            3.3951e-8       3.30336e-9       #dY:9.7%   
  5.64            3.29324e-8      3.37071e-9       #dY:10.2%  
  5.7             3.18578e-8      3.26073e-9       #dY:10.2%  
  5.76            3.08154e-8      3.15403e-9       #dY:10.2%  
  5.82            2.97579e-8      3.19121e-9       #dY:10.7%  
  5.88            2.87304e-8      3.08102e-9       #dY:10.7%  
  5.94            2.76716e-8      2.96748e-9       #dY:10.7%  
  6               2.6641e-8       2.85696e-9       #dY:10.7%  
  6.06            2.55549e-8      2.89287e-9       #dY:11.3%  
  6.12            2.44952e-8      2.77291e-9       #dY:11.3%  
  6.18            2.32458e-8      2.63148e-9       #dY:11.3%  
  6.24            2.20211e-8      2.67267e-9       #dY:12.1%  
  6.3             2.04468e-8      2.4816e-9        #dY:12.1%  
  6.36            1.88955e-8      2.29332e-9       #dY:12.1%  
  6.42            1.75165e-8      2.40719e-9       #dY:13.7%  
  6.48            1.61589e-8      2.22062e-9       #dY:13.7%  
  6.54            1.539e-8        2.11495e-9       #dY:13.7%  
  6.6             1.46411e-8      2.01204e-9       #dY:13.7%  
  6.66            1.4075e-8       2.29069e-9       #dY:16.3%  
  6.72            1.35277e-8      2.20161e-9       #dY:16.3%  
  6.78            1.30312e-8      2.12081e-9       #dY:16.3%  
  6.84            1.25523e-8      2.21699e-9       #dY:17.7%  
  6.9             1.20948e-8      2.13619e-9       #dY:17.7%  
  6.96            1.16536e-8      2.05826e-9       #dY:17.7%  
  7.02            1.12287e-8      2.08122e-9       #dY:18.5%  
  7.08            1.08189e-8      2.00526e-9       #dY:18.5%  
  7.14            1.04239e-8      1.93205e-9       #dY:18.5%  
  7.2             1.0043e-8       1.86145e-9       #dY:18.5%  
  7.26            9.67583e-9      1.87489e-9       #dY:19.4%  
  7.32            9.32181e-9      1.80629e-9       #dY:19.4%  
  7.38            8.98051e-9      1.74016e-9       #dY:19.4%  
  7.44            8.65149e-9      1.74853e-9       #dY:20.2%  
  7.5             8.33432e-9      1.68443e-9       #dY:20.2%  
  7.56            8.02859e-9      1.62264e-9       #dY:20.2%  
  7.62            7.73389e-9      1.62849e-9       #dY:21.1%  
  7.68            7.44984e-9      1.56868e-9       #dY:21.1%  
  7.74            7.17606e-9      1.51103e-9       #dY:21.1%  
  7.8             6.91219e-9      1.45547e-9       #dY:21.1%  
  7.86            6.65788e-9      1.45735e-9       #dY:21.9%  
  7.92            6.41279e-9      1.4037e-9        #dY:21.9%  
  7.98            6.1766e-9       1.352e-9         #dY:21.9%  
  8.04            5.94898e-9      1.35136e-9       #dY:22.7%  
  8.1             5.72963e-9      1.30154e-9       #dY:22.7%  
  8.16            5.51827e-9      1.25353e-9       #dY:22.7%  
  8.22            5.3146e-9       1.24825e-9       #dY:23.5%  
  8.28            5.11835e-9      1.20216e-9       #dY:23.5%  
  8.34            4.92926e-9      1.15774e-9       #dY:23.5%  
  8.4             4.74707e-9      1.11495e-9       #dY:23.5%  
  8.46            4.57153e-9      1.11277e-9       #dY:24.3%  
  8.52            4.4024e-9       1.0716e-9        #dY:24.3%  
  8.58            4.23946e-9      1.03194e-9       #dY:24.3%  
  8.64            4.08249e-9      1.02499e-9       #dY:25.1%  
  8.7             3.93126e-9      9.87022e-10      #dY:25.1%  
  8.76            3.78557e-9      9.50443e-10      #dY:25.1%  
  8.82            3.64522e-9      9.48586e-10      #dY:26.0%  
  8.88            3.51002e-9      9.13403e-10      #dY:26.0%  
  8.94            3.37979e-9      8.79514e-10      #dY:26.0%  
  9               3.25434e-9      8.46868e-10      #dY:26.0%  
  9.06            3.1335e-9       8.39222e-10      #dY:26.8%  
  9.12            3.0171e-9       8.08047e-10      #dY:26.8%  
  9.18            2.90499e-9      7.78022e-10      #dY:26.8%  
  9.24            2.79701e-9      7.69133e-10      #dY:27.5%  
  9.3             2.693e-9        7.40532e-10      #dY:27.5%  
  9.36            2.59282e-9      7.12984e-10      #dY:27.5%  
  9.42            2.49634e-9      7.05787e-10      #dY:28.3%  
  9.48            2.40342e-9      6.79516e-10      #dY:28.3%  
  9.54            2.31393e-9      6.54214e-10      #dY:28.3%  
  9.6             2.22775e-9      6.29849e-10      #dY:28.3%  
  9.66            2.14474e-9      6.24057e-10      #dY:29.1%  
  9.72            2.06481e-9      6.008e-10        #dY:29.1%  
  9.78            1.98783e-9      5.78401e-10      #dY:29.1%  
  9.84            1.9137e-9       5.72798e-10      #dY:29.9%  
  9.9             1.84232e-9      5.51433e-10      #dY:29.9%  
  9.96            1.77358e-9      5.30858e-10      #dY:29.9%  
  10.02           1.70738e-9      5.23943e-10      #dY:30.7%  
  10.08           1.64364e-9      5.04383e-10      #dY:30.7%  
  10.14           1.58226e-9      4.85548e-10      #dY:30.7%  
  10.2            1.52316e-9      4.67412e-10      #dY:30.7%  
  10.26           1.46626e-9      4.6147e-10       #dY:31.5%  
  10.32           1.41146e-9      4.44223e-10      #dY:31.5%  
  10.38           1.3587e-9       4.27618e-10      #dY:31.5%  
  10.44           1.3079e-9       4.21841e-10      #dY:32.3%  
  10.5            1.25899e-9      4.06066e-10      #dY:32.3%  
  10.56           1.21189e-9      3.90875e-10      #dY:32.3%  
  10.62           1.16655e-9      3.85288e-10      #dY:33.0%  
  10.68           1.12289e-9      3.70868e-10      #dY:33.0%  
  10.74           1.08086e-9      3.56986e-10      #dY:33.0%  
  10.8            1.0404e-9       3.43623e-10      #dY:33.0%  
  10.86           1.00144e-9      3.39305e-10      #dY:33.9%  
  10.92           9.63931e-10     3.26596e-10      #dY:33.9%  
  10.98           9.27821e-10     3.14361e-10      #dY:33.9%  
  11.04           8.93057e-10     3.09321e-10      #dY:34.6%  
  11.1            8.59589e-10     2.97729e-10      #dY:34.6%  
  11.16           8.2737e-10      2.86569e-10      #dY:34.6%  
  11.22           7.96352e-10     2.81752e-10      #dY:35.4%  
  11.28           7.66492e-10     2.71188e-10      #dY:35.4%  
  11.34           7.37747e-10     2.61017e-10      #dY:35.4%  
  11.4            7.10075e-10     2.51227e-10      #dY:35.4%  
  11.46           6.83437e-10     2.4682e-10       #dY:36.1%  
  11.52           6.57793e-10     2.37558e-10      #dY:36.1%  
  11.58           6.33108e-10     2.28643e-10      #dY:36.1%  
  11.64           6.09346e-10     2.24999e-10      #dY:36.9%  
  11.7            5.86472e-10     2.16553e-10      #dY:36.9%  
  11.76           5.64454e-10     2.08423e-10      #dY:36.9%  
  11.82           5.43259e-10     2.04465e-10      #dY:37.6%  
  11.88           5.22857e-10     1.96787e-10      #dY:37.6%  
  11.94           5.03219e-10     1.89396e-10      #dY:37.6%  
  12              4.84315e-10     1.82281e-10      #dY:37.6%  
  12.06           4.6612e-10      1.78704e-10      #dY:38.3%  
  12.12           4.48606e-10     1.71989e-10      #dY:38.3%  
  12.18           4.31748e-10     1.65526e-10      #dY:38.3%  
  12.24           4.15521e-10     1.62525e-10      #dY:39.1%  
  12.3            3.99902e-10     1.56416e-10      #dY:39.1%  
  12.36           3.84869e-10     1.50536e-10      #dY:39.1%  
  12.42           3.70399e-10     1.47704e-10      #dY:39.9%  
  12.48           3.56472e-10     1.42151e-10      #dY:39.9%  
  12.54           3.43067e-10     1.36805e-10      #dY:39.9%  
  12.6            3.30164e-10     1.3166e-10       #dY:39.9%  
  12.66           3.17746e-10     1.28824e-10      #dY:40.5%  
  12.72           3.05794e-10     1.23978e-10      #dY:40.5%  
  12.78           2.9429e-10      1.19314e-10      #dY:40.5%  
  12.84           2.83218e-10     1.16919e-10      #dY:41.3%  
  12.9            2.72561e-10     1.1252e-10       #dY:41.3%  
  12.96           2.62305e-10     1.08286e-10      #dY:41.3%  
  13.02           2.52433e-10     1.06045e-10      #dY:42.0%  
  13.08           2.42933e-10     1.02054e-10      #dY:42.0%  
  13.14           2.33789e-10     9.82126e-11      #dY:42.0%  
  13.2            2.24989e-10     9.45158e-11      #dY:42.0%  
  13.26           2.16519e-10     9.25008e-11      #dY:42.7%  
  13.32           2.08368e-10     8.90185e-11      #dY:42.7%  
  13.38           2.00522e-10     8.56666e-11      #dY:42.7%  
  13.44           1.92972e-10     8.36288e-11      #dY:43.3%  
  13.5            1.85706e-10     8.04799e-11      #dY:43.3%  
  13.56           1.78713e-10     7.74493e-11      #dY:43.3%  
  13.62           1.71982e-10     7.57173e-11      #dY:44.0%  
  13.68           1.65505e-10     7.28657e-11      #dY:44.0%  
  13.74           1.59271e-10     7.01211e-11      #dY:44.0%  
  13.8            1.53272e-10     6.748e-11        #dY:44.0%  
  13.86           1.47499e-10     6.60529e-11      #dY:44.8%  
  13.92           1.41942e-10     6.35644e-11      #dY:44.8%  
  13.98           1.36595e-10     6.11699e-11      #dY:44.8%  
  14.04           1.31449e-10     5.97332e-11      #dY:45.4%  
  14.1            1.26497e-10     5.74829e-11      #dY:45.4%  
  14.16           1.21731e-10     5.53171e-11      #dY:45.4%  
  14.22           1.17144e-10     5.39908e-11      #dY:46.1%  
  14.28           1.1273e-10      5.19564e-11      #dY:46.1%  
  14.34           1.08482e-10     4.99986e-11      #dY:46.1%  
  14.4            1.04395e-10     4.81149e-11      #dY:46.1%  
  14.46           1.00461e-10     4.69353e-11      #dY:46.7%  
  14.52           9.66748e-11     4.51664e-11      #dY:46.7%  
  14.58           9.30316e-11     4.34643e-11      #dY:46.7%  
  14.64           8.95255e-11     4.23801e-11      #dY:47.3%  
  14.7            8.61515e-11     4.07829e-11      #dY:47.3%  
  14.76           8.29046e-11     3.92458e-11      #dY:47.3%  
  14.82           7.978e-11       3.83127e-11      #dY:48.0%  
  14.88           7.67731e-11     3.68687e-11      #dY:48.0%  
  14.94           7.38795e-11     3.54791e-11      #dY:48.0%  
  15              7.10949e-11     3.41419e-11      #dY:48.0%  
  15.06           6.84152e-11     3.32583e-11      #dY:48.6%  
  15.12           6.58365e-11     3.20048e-11      #dY:48.6%  
  15.18           6.3355e-11      3.07984e-11      #dY:48.6%  
  15.24           6.0967e-11      3.00365e-11      #dY:49.3%  
  15.3            5.8669e-11      2.89043e-11      #dY:49.3%  
  15.36           5.64576e-11     2.78148e-11      #dY:49.3%  
  15.42           5.43295e-11     2.70708e-11      #dY:49.8%  
  15.48           5.22816e-11     2.60504e-11      #dY:49.8%  
  15.54           5.0311e-11      2.50685e-11      #dY:49.8%  
  15.6            4.84146e-11     2.41236e-11      #dY:49.8%  
  15.66           4.65897e-11     2.35049e-11      #dY:50.5%  
  15.72           4.48336e-11     2.26189e-11      #dY:50.5%  
  15.78           4.31437e-11     2.17663e-11      #dY:50.5%  
  15.84           4.15175e-11     2.11988e-11      #dY:51.1%  
  15.9            3.99526e-11     2.03998e-11      #dY:51.1%  
  15.96           3.84467e-11     1.96309e-11      #dY:51.1%  
  16.02           3.69976e-11     1.90814e-11      #dY:51.6%  
  16.08           3.56031e-11     1.83622e-11      #dY:51.6%  
  16.14           3.42613e-11     1.76701e-11      #dY:51.6%  
  16.2            3.297e-11       1.70041e-11      #dY:51.6%  
  16.26           3.17274e-11     1.65464e-11      #dY:52.2%  
  16.32           3.05316e-11     1.59227e-11      #dY:52.2%  
  16.38           2.93809e-11     1.53226e-11      #dY:52.2%  
  16.44           2.82737e-11     1.49044e-11      #dY:52.7%  
  16.5            2.72082e-11     1.43427e-11      #dY:52.7%  
  16.56           2.61828e-11     1.38022e-11      #dY:52.7%  
  16.62           2.51962e-11     1.3419e-11       #dY:53.3%  
  16.68           2.42467e-11     1.29134e-11      #dY:53.3%  
  16.74           2.3333e-11      1.24267e-11      #dY:53.3%  
  16.8            2.24538e-11     1.19585e-11      #dY:53.3%  
  16.86           2.16078e-11     1.16224e-11      #dY:53.8%  
  16.92           2.07936e-11     1.11845e-11      #dY:53.8%  
  16.98           2.00102e-11     1.07631e-11      #dY:53.8%  
  17.04           1.92563e-11     1.04569e-11      #dY:54.3%  
  17.1            1.85308e-11     1.00629e-11      #dY:54.3%  
  17.16           1.78327e-11     9.68379e-12      #dY:54.3%  
  17.22           1.71609e-11     9.40391e-12      #dY:54.8%  
  17.28           1.65145e-11     9.04969e-12      #dY:54.8%  
  17.34           1.58924e-11     8.70879e-12      #dY:54.8%  
  17.4            1.52938e-11     8.38077e-12      #dY:54.8%  
  17.46           1.47177e-11     8.14668e-12      #dY:55.4%  
  17.52           1.41634e-11     7.83986e-12      #dY:55.4%  
  17.58           1.363e-11       7.5446e-12       #dY:55.4%  
  17.64           1.31167e-11     7.3215e-12       #dY:55.8%  
  17.7            1.26227e-11     7.04576e-12      #dY:55.8%  
  17.76           1.21474e-11     6.78045e-12      #dY:55.8%  
  17.82           1.169e-11       6.57754e-12      #dY:56.3%  
  17.88           1.12498e-11     6.32985e-12      #dY:56.3%  
  17.94           1.08262e-11     6.09151e-12      #dY:56.3%  
  18              1.04187e-11     5.86222e-12      #dY:56.3%  
  18.06           1.00264e-11     5.69207e-12      #dY:56.8%  
  18.12           9.64898e-12     5.4778e-12       #dY:56.8%  
  18.18           9.28577e-12     5.27161e-12      #dY:56.8%  
  18.24           8.93624e-12     5.1102e-12       #dY:57.2%  
  18.3            8.5999e-12      4.91787e-12      #dY:57.2%  
  18.36           8.27623e-12     4.73277e-12      #dY:57.2%  
  18.42           7.96477e-12     4.59208e-12      #dY:57.7%  
  18.48           7.66504e-12     4.41927e-12      #dY:57.7%  
  18.54           7.37661e-12     4.25298e-12      #dY:57.7%  
  18.6            7.09905e-12     4.09295e-12      #dY:57.7%  
  18.66           6.83196e-12     3.96989e-12      #dY:58.1%  
  18.72           6.57493e-12     3.82054e-12      #dY:58.1%  
  18.78           6.32758e-12     3.67681e-12      #dY:58.1%  
  18.84           6.08956e-12     3.56491e-12      #dY:58.5%  
  18.9            5.8605e-12      3.43082e-12      #dY:58.5%  
  18.96           5.64008e-12     3.30178e-12      #dY:58.5%  
  19.02           5.42796e-12     3.19651e-12      #dY:58.9%  
  19.08           5.22384e-12     3.0763e-12       #dY:58.9%  
  19.14           5.0274e-12      2.96062e-12      #dY:58.9%  
  19.2            4.83837e-12     2.8493e-12       #dY:58.9%  
  19.26           4.65646e-12     2.76082e-12      #dY:59.3%  
  19.32           4.4814e-12      2.65703e-12      #dY:59.3%  
  19.38           4.31293e-12     2.55714e-12      #dY:59.3%  
  19.44           4.15081e-12     2.47689e-12      #dY:59.7%  
  19.5            3.99479e-12     2.38379e-12      #dY:59.7%  
  19.56           3.84466e-12     2.29421e-12      #dY:59.7%  
  19.62           3.70017e-12     2.22152e-12      #dY:60.0%  
  19.68           3.56113e-12     2.13804e-12      #dY:60.0%  
  19.74           3.42732e-12     2.0577e-12       #dY:60.0%  
  19.8            3.29855e-12     1.98039e-12      #dY:60.0%  
  19.86           3.17463e-12     1.91702e-12      #dY:60.4%  
  19.92           3.05537e-12     1.845e-12        #dY:60.4%  
  19.98           2.94061e-12     1.77571e-12      #dY:60.4%  
  20.18           0.00            0.00                        
//
#-------------------------------------------------------------------------------
#
#name:   JENDL-5: U-235(N,F) E_in=13. MeV
#X.axis: Energy
#Y.axis: 
#wdata:  3
#ldata:  457
#data...
# X               Y               +-dY           
# MeV             1/eV            1/eV           
  0.00            0.00            0.00                        
  1.00e-11        1.65705e-12     0.00                        
  1.20e-11        1.81521e-12     0.00                        
  1.40e-11        1.96065e-12     0.00                        
  1.60e-11        2.09603e-12     0.00                        
  1.80e-11        2.22317e-12     0.00                        
  2.20e-11        2.45781e-12     0.00                        
  2.50e-11        2.62004e-12     0.00                        
  2.90e-11        2.82187e-12     0.00                        
  3.40e-11        3.05546e-12     1.21089e-13      #dY:4.0%   
  4.00e-11        3.31412e-12     1.3134e-13       #dY:4.0%   
  4.60e-11        3.554e-12       1.40846e-13      #dY:4.0%   
  5.40e-11        3.85066e-12     1.52603e-13      #dY:4.0%   
  6.30e-11        4.15919e-12     1.6483e-13       #dY:4.0%   
  7.40e-11        4.5077e-12      1.78642e-13      #dY:4.0%   
  8.60e-11        4.85947e-12     1.92582e-13      #dY:4.0%   
  1.00e-10        5.2401e-12      2.42724e-13      #dY:4.6%   
  1.20e-10        5.74025e-12     2.65891e-13      #dY:4.6%   
  1.40e-10        6.20019e-12     2.87196e-13      #dY:4.6%   
  1.60e-10        6.62829e-12     3.07025e-13      #dY:4.6%   
  1.80e-10        7.03037e-12     3.2565e-13       #dY:4.6%   
  2.20e-10        7.77238e-12     3.6002e-13       #dY:4.6%   
  2.50e-10        8.28539e-12     3.83783e-13      #dY:4.6%   
  2.90e-10        8.92365e-12     4.13348e-13      #dY:4.6%   
  3.40e-10        9.66237e-12     4.43747e-13      #dY:4.6%   
  4.00e-10        1.04803e-11     4.8131e-13       #dY:4.6%   
  4.60e-10        1.12389e-11     5.16149e-13      #dY:4.6%   
  5.40e-10        1.21771e-11     5.59236e-13      #dY:4.6%   
  6.30e-10        1.31528e-11     6.04046e-13      #dY:4.6%   
  7.40e-10        1.42549e-11     6.5466e-13       #dY:4.6%   
  8.60e-10        1.53674e-11     7.05752e-13      #dY:4.6%   
  1.00e-9         1.65711e-11     7.61032e-13      #dY:4.6%   
  1.20e-9         1.81528e-11     8.40809e-13      #dY:4.6%   
  1.40e-9         1.96073e-11     9.08179e-13      #dY:4.6%   
  1.60e-9         2.09612e-11     9.70889e-13      #dY:4.6%   
  1.80e-9         2.22328e-11     1.02979e-12      #dY:4.6%   
  2.20e-9         2.45794e-11     1.13848e-12      #dY:4.6%   
  2.50e-9         2.62018e-11     1.21363e-12      #dY:4.6%   
  2.90e-9         2.82204e-11     1.30712e-12      #dY:4.6%   
  3.40e-9         3.05566e-11     1.40322e-12      #dY:4.6%   
  4.00e-9         3.31435e-11     1.52201e-12      #dY:4.6%   
  4.60e-9         3.55427e-11     1.63219e-12      #dY:4.6%   
  5.40e-9         3.85098e-11     1.76845e-12      #dY:4.6%   
  6.30e-9         4.15956e-11     1.91015e-12      #dY:4.6%   
  7.40e-9         4.50813e-11     2.07022e-12      #dY:4.6%   
  8.60e-9         4.85997e-11     2.23179e-12      #dY:4.6%   
  1.00e-8         5.24069e-11     2.42725e-12      #dY:4.6%   
  1.20e-8         5.74095e-11     2.65895e-12      #dY:4.6%   
  1.40e-8         6.201e-11       2.87202e-12      #dY:4.6%   
  1.60e-8         6.62922e-11     3.07035e-12      #dY:4.6%   
  1.80e-8         7.03142e-11     3.25663e-12      #dY:4.6%   
  2.20e-8         7.77366e-11     3.6004e-12       #dY:4.6%   
  2.50e-8         8.28685e-11     3.83809e-12      #dY:4.6%   
  2.90e-8         8.92534e-11     4.13381e-12      #dY:4.6%   
  3.40e-8         9.66436e-11     4.43759e-12      #dY:4.6%   
  4.00e-8         1.04827e-10     4.81335e-12      #dY:4.6%   
  4.60e-8         1.12416e-10     5.16181e-12      #dY:4.6%   
  5.40e-8         1.21802e-10     5.59279e-12      #dY:4.6%   
  6.30e-8         1.31565e-10     6.04108e-12      #dY:4.6%   
  7.40e-8         1.42592e-10     6.54741e-12      #dY:4.6%   
  8.60e-8         1.53724e-10     7.05856e-12      #dY:4.6%   
  1.00e-7         1.65769e-10     7.61163e-12      #dY:4.6%   
  1.20e-7         1.81578e-10     8.40804e-12      #dY:4.6%   
  1.40e-7         1.96132e-10     9.08197e-12      #dY:4.6%   
  1.60e-7         2.09679e-10     9.70927e-12      #dY:4.6%   
  1.80e-7         2.22378e-10     1.02973e-11      #dY:4.6%   
  2.20e-7         2.45851e-10     1.13842e-11      #dY:4.6%   
  2.50e-7         2.62083e-10     1.21359e-11      #dY:4.6%   
  2.90e-7         2.82279e-10     1.3071e-11       #dY:4.6%   
  3.40e-7         3.05655e-10     1.4015e-11       #dY:4.6%   
  4.00e-7         3.31518e-10     1.52009e-11      #dY:4.6%   
  4.60e-7         3.55522e-10     1.63015e-11      #dY:4.6%   
  5.40e-7         3.8521e-10      1.76628e-11      #dY:4.6%   
  6.30e-7         4.16088e-10     1.90786e-11      #dY:4.6%   
  7.40e-7         4.50968e-10     2.0678e-11       #dY:4.6%   
  8.60e-7         4.86177e-10     2.22924e-11      #dY:4.6%   
  1.00e-6         5.24278e-10     2.40394e-11      #dY:4.6%   
  1.20e-6         5.74347e-10     2.65585e-11      #dY:4.6%   
  1.40e-6         6.20394e-10     2.86878e-11      #dY:4.6%   
  1.60e-6         6.63258e-10     3.06699e-11      #dY:4.6%   
  1.80e-6         7.03519e-10     3.25316e-11      #dY:4.6%   
  2.20e-6         7.77828e-10     3.59677e-11      #dY:4.6%   
  2.50e-6         8.29211e-10     3.83437e-11      #dY:4.6%   
  2.90e-6         8.93145e-10     4.13001e-11      #dY:4.6%   
  3.40e-6         9.67152e-10     4.43288e-11      #dY:4.6%   
  4.00e-6         1.04911e-9      4.80853e-11      #dY:4.6%   
  4.60e-6         1.12513e-9      5.15696e-11      #dY:4.6%   
  5.40e-6         1.21917e-9      5.58799e-11      #dY:4.6%   
  6.30e-6         1.31698e-9      6.0363e-11       #dY:4.6%   
  7.40e-6         1.42749e-9      6.54281e-11      #dY:4.6%   
  8.60e-6         1.53906e-9      7.05419e-11      #dY:4.6%   
  1.00e-5         1.65982e-9      7.60768e-11      #dY:4.6%   
  1.20e-5         1.81854e-9      8.40198e-11      #dY:4.6%   
  1.40e-5         1.96454e-9      9.07653e-11      #dY:4.6%   
  1.60e-5         2.10047e-9      9.70455e-11      #dY:4.6%   
  1.80e-5         2.22818e-9      1.02946e-10      #dY:4.6%   
  2.20e-5         2.46394e-9      1.13838e-10      #dY:4.6%   
  2.50e-5         2.62701e-9      1.21373e-10      #dY:4.6%   
  2.90e-5         2.82997e-9      1.3075e-10       #dY:4.6%   
  3.40e-5         3.06498e-9      1.40085e-10      #dY:4.6%   
  4.00e-5         3.32533e-9      1.51984e-10      #dY:4.6%   
  4.60e-5         3.56691e-9      1.63026e-10      #dY:4.6%   
  5.40e-5         3.86585e-9      1.76689e-10      #dY:4.6%   
  6.30e-5         4.17695e-9      1.90908e-10      #dY:4.6%   
  7.40e-5         4.52859e-9      2.0698e-10       #dY:4.6%   
  8.60e-5         4.88379e-9      2.23214e-10      #dY:4.6%   
  1.00e-4         5.26844e-9      2.40794e-10      #dY:4.6%   
  1.20e-4         5.77434e-9      2.65353e-10      #dY:4.6%   
  1.40e-4         6.24003e-9      2.86753e-10      #dY:4.6%   
  1.60e-4         6.67391e-9      3.06692e-10      #dY:4.6%   
  1.80e-4         7.08177e-9      3.25434e-10      #dY:4.6%   
  2.20e-4         7.83537e-9      3.60065e-10      #dY:4.6%   
  2.50e-4         8.3571e-9       3.84041e-10      #dY:4.6%   
  2.90e-4         9.007e-9        4.13906e-10      #dY:4.6%   
  3.40e-4         9.7603e-9       4.42126e-10      #dY:4.5%   
  4.00e-4         1.05958e-8      4.79973e-10      #dY:4.5%   
  4.60e-4         1.1372e-8       5.15133e-10      #dY:4.5%   
  5.40e-4         1.23336e-8      5.58692e-10      #dY:4.5%   
  6.30e-4         1.33357e-8      6.04086e-10      #dY:4.5%   
  7.40e-4         1.44702e-8      6.55477e-10      #dY:4.5%   
  8.60e-4         1.5618e-8       7.0747e-10       #dY:4.5%   
  1.00e-3         1.68631e-8      7.63871e-10      #dY:4.5%   
  1.20e-3         1.85038e-8      8.37447e-10      #dY:4.5%   
  1.40e-3         2.00174e-8      9.05949e-10      #dY:4.5%   
  1.60e-3         2.14304e-8      9.69899e-10      #dY:4.5%   
  1.80e-3         2.27611e-8      1.03012e-9       #dY:4.5%   
  2.20e-3         2.52258e-8      1.14167e-9       #dY:4.5%   
  2.50e-3         2.69368e-8      1.21911e-9       #dY:4.5%   
  2.90e-3         2.90733e-8      1.3158e-9        #dY:4.5%   
  3.40e-3         3.15568e-8      1.39253e-9       #dY:4.4%   
  4.00e-3         3.43199e-8      1.51446e-9       #dY:4.4%   
  4.60e-3         3.68948e-8      1.62808e-9       #dY:4.4%   
  5.40e-3         4.00955e-8      1.76932e-9       #dY:4.4%   
  6.30e-3         4.3443e-8       1.91704e-9       #dY:4.4%   
  7.40e-3         4.7247e-8       2.0849e-9        #dY:4.4%   
  8.60e-3         5.11105e-8      2.25539e-9       #dY:4.4%   
  0.01            5.53178e-8      2.44105e-9       #dY:4.4%   
  0.012           6.08873e-8      2.63166e-9       #dY:4.3%   
  0.014           6.60492e-8      2.85476e-9       #dY:4.3%   
  0.016           7.08876e-8      3.06389e-9       #dY:4.3%   
  0.018           7.54608e-8      3.26155e-9       #dY:4.3%   
  0.022           8.39715e-8      3.6294e-9        #dY:4.3%   
  0.025           8.99078e-8      3.88598e-9       #dY:4.3%   
  0.029           9.73505e-8      4.20766e-9       #dY:4.3%   
  0.034           1.0604e-7       4.32508e-9       #dY:4.1%   
  0.04            1.15753e-7      4.72124e-9       #dY:4.1%   
  0.046           1.2484e-7       5.09188e-9       #dY:4.1%   
  0.054           1.36179e-7      5.55436e-9       #dY:4.1%   
  0.063           1.48081e-7      6.03981e-9       #dY:4.1%   
  0.065           1.50622e-7      6.14345e-9       #dY:4.1%   
  0.13            2.19945e-7      8.42898e-9       #dY:3.8%   
  0.195           2.64104e-7      1.01213e-8       #dY:3.8%   
  0.26            3.00159e-7      1.22136e-8       #dY:4.1%   
  0.325           3.23191e-7      1.31508e-8       #dY:4.1%   
  0.39            3.42244e-7      1.39261e-8       #dY:4.1%   
  0.455           3.54058e-7      1.39354e-8       #dY:3.9%   
  0.52            3.63369e-7      1.43019e-8       #dY:3.9%   
  0.585           3.66843e-7      1.44386e-8       #dY:3.9%   
  0.65            3.68625e-7      1.49991e-8       #dY:4.1%   
  0.715           3.6719e-7       1.49408e-8       #dY:4.1%   
  0.78            3.64559e-7      1.48337e-8       #dY:4.1%   
  0.845           3.59995e-7      1.4255e-8        #dY:4.0%   
  0.91            3.54559e-7      1.40397e-8       #dY:4.0%   
  0.975           3.48162e-7      1.37864e-8       #dY:4.0%   
  1.04            3.41117e-7      1.28186e-8       #dY:3.8%   
  1.105           3.33531e-7      1.25335e-8       #dY:3.8%   
  1.17            3.2547e-7       1.22306e-8       #dY:3.8%   
  1.235           3.17196e-7      1.10562e-8       #dY:3.5%   
  1.3             3.08605e-7      1.07568e-8       #dY:3.5%   
  1.365           3.00065e-7      1.04591e-8       #dY:3.5%   
  1.43            2.91322e-7      9.05249e-9       #dY:3.1%   
  1.495           2.82696e-7      8.78444e-9       #dY:3.1%   
  1.56            2.73954e-7      8.5128e-9        #dY:3.1%   
  1.625           2.65417e-7      7.02222e-9       #dY:2.6%   
  1.69            2.56828e-7      6.79498e-9       #dY:2.6%   
  1.755           2.48694e-7      6.57978e-9       #dY:2.6%   
  1.82            2.40556e-7      5.08799e-9       #dY:2.1%   
  1.885           2.32734e-7      4.92254e-9       #dY:2.1%   
  1.95            2.24945e-7      4.7578e-9        #dY:2.1%   
  2.015           2.17584e-7      3.36172e-9       #dY:1.5%   
  2.08            2.10283e-7      3.24892e-9       #dY:1.5%   
  2.145           2.0349e-7       3.14396e-9       #dY:1.5%   
  2.21            1.96776e-7      1.88592e-9       #dY:1.0%   
  2.275           1.90356e-7      1.82439e-9       #dY:1.0%   
  2.34            1.8403e-7       1.76376e-9       #dY:1.0%   
  2.405           1.7807e-7       9.38905e-10      #dY:0.5%   
  2.47            1.72213e-7      9.08023e-10      #dY:0.5%   
  2.535           1.66609e-7      8.78475e-10      #dY:0.5%   
  2.6             1.61115e-7      8.49507e-10      #dY:0.5%   
  2.665           1.55785e-7      1.17813e-9       #dY:0.8%   
  2.73            1.50568e-7      1.13867e-9       #dY:0.8%   
  2.795           1.45546e-7      1.10069e-9       #dY:0.8%   
  2.86            1.40637e-7      1.92339e-9       #dY:1.4%   
  2.925           1.35914e-7      1.8588e-9        #dY:1.4%   
  2.99            1.31306e-7      1.79577e-9       #dY:1.4%   
  3.055           1.26806e-7      2.58757e-9       #dY:2.0%   
  3.12            1.22419e-7      2.49805e-9       #dY:2.0%   
  3.185           1.18229e-7      2.41255e-9       #dY:2.0%   
  3.25            1.14149e-7      3.14401e-9       #dY:2.8%   
  3.315           1.10203e-7      3.03532e-9       #dY:2.8%   
  3.38            1.06364e-7      2.92959e-9       #dY:2.8%   
  3.445           1.02645e-7      3.5486e-9        #dY:3.5%   
  3.51            9.90289e-8      3.42358e-9       #dY:3.5%   
  3.575           9.55758e-8      3.3042e-9        #dY:3.5%   
  3.64            9.22213e-8      3.85879e-9       #dY:4.2%   
  3.705           8.89797e-8      3.72316e-9       #dY:4.2%   
  3.77            8.58323e-8      3.59146e-9       #dY:4.2%   
  3.835           8.27936e-8      4.05989e-9       #dY:4.9%   
  3.9             7.98447e-8      3.91529e-9       #dY:4.9%   
  3.965           7.70394e-8      3.77773e-9       #dY:4.9%   
  4.03            7.43194e-8      4.18021e-9       #dY:5.6%   
  4.095           7.16886e-8      4.03224e-9       #dY:5.6%   
  4.16            6.91387e-8      3.88881e-9       #dY:5.6%   
  4.225           6.66928e-8      4.22318e-9       #dY:6.3%   
  4.29            6.43234e-8      4.07314e-9       #dY:6.3%   
  4.355           6.20725e-8      3.93061e-9       #dY:6.3%   
  4.42            5.98936e-8      4.21702e-9       #dY:7.0%   
  4.485           5.77839e-8      4.06848e-9       #dY:7.0%   
  4.55            5.57421e-8      3.92472e-9       #dY:7.0%   
  4.615           5.37876e-8      4.15973e-9       #dY:7.7%   
  4.68            5.18968e-8      4.0135e-9        #dY:7.7%   
  4.745           5.00982e-8      3.87441e-9       #dY:7.7%   
  4.81            4.83594e-8      4.06729e-9       #dY:8.4%   
  4.875           4.66762e-8      3.92573e-9       #dY:8.4%   
  4.94            4.50491e-8      3.78888e-9       #dY:8.4%   
  5.005           4.34998e-8      3.94135e-9       #dY:9.1%   
  5.07            4.20031e-8      3.80574e-9       #dY:9.1%   
  5.135           4.05781e-8      3.67662e-9       #dY:9.1%   
  5.2             3.92021e-8      3.55195e-9       #dY:9.1%   
  5.265           3.78698e-8      3.66595e-9       #dY:9.7%   
  5.33            3.65834e-8      3.54143e-9       #dY:9.7%   
  5.395           3.53632e-8      3.4233e-9        #dY:9.7%   
  5.46            3.41859e-8      3.50861e-9       #dY:10.3%  
  5.525           3.30626e-8      3.39332e-9       #dY:10.3%  
  5.59            3.19793e-8      3.28214e-9       #dY:10.3%  
  5.655           3.09323e-8      3.34305e-9       #dY:10.8%  
  5.72            2.99225e-8      3.23391e-9       #dY:10.8%  
  5.785           2.89707e-8      3.13105e-9       #dY:10.8%  
  5.85            2.80536e-8      3.16898e-9       #dY:11.3%  
  5.915           2.71737e-8      3.06959e-9       #dY:11.3%  
  5.98            2.63262e-8      2.97385e-9       #dY:11.3%  
  6.045           2.55095e-8      2.99148e-9       #dY:11.7%  
  6.11            2.47229e-8      2.89924e-9       #dY:11.7%  
  6.175           2.39705e-8      2.81101e-9       #dY:11.7%  
  6.24            2.32459e-8      2.81504e-9       #dY:12.1%  
  6.305           2.2512e-8       2.72616e-9       #dY:12.1%  
  6.37            2.18039e-8      2.64041e-9       #dY:12.1%  
  6.435           2.11428e-8      2.63092e-9       #dY:12.4%  
  6.5             2.05058e-8      2.55166e-9       #dY:12.4%  
  6.565           1.99052e-8      2.47692e-9       #dY:12.4%  
  6.63            1.93269e-8      2.46198e-9       #dY:12.7%  
  6.695           1.86817e-8      2.37979e-9       #dY:12.7%  
  6.76            1.80572e-8      2.30024e-9       #dY:12.7%  
  6.825           1.74008e-8      2.26367e-9       #dY:13.0%  
  6.89            1.67637e-8      2.18079e-9       #dY:13.0%  
  6.955           1.60793e-8      2.09176e-9       #dY:13.0%  
  7.02            1.54127e-8      2.07731e-9       #dY:13.5%  
  7.085           1.46991e-8      1.98114e-9       #dY:13.5%  
  7.15            1.40021e-8      1.88719e-9       #dY:13.5%  
  7.215           1.29468e-8      1.84916e-9       #dY:14.3%  
  7.28            1.19069e-8      1.70063e-9       #dY:14.3%  
  7.345           1.06975e-8      1.52789e-9       #dY:14.3%  
  7.41            9.50225e-9      1.57807e-9       #dY:16.6%  
  7.475           8.77852e-9      1.45788e-9       #dY:16.6%  
  7.54            8.06792e-9      1.33987e-9       #dY:16.6%  
  7.605           7.68192e-9      1.57705e-9       #dY:20.5%  
  7.67            7.30808e-9      1.5003e-9        #dY:20.5%  
  7.735           7.00945e-9      1.43899e-9       #dY:20.5%  
  7.8             6.72207e-9      1.38e-9          #dY:20.5%  
  7.865           6.45478e-9      1.44764e-9       #dY:22.4%  
  7.93            6.1979e-9       1.39003e-9       #dY:22.4%  
  7.995           5.9519e-9       1.33486e-9       #dY:22.4%  
  8.06            5.71553e-9      1.33494e-9       #dY:23.4%  
  8.125           5.4885e-9       1.28191e-9       #dY:23.4%  
  8.19            5.27038e-9      1.23097e-9       #dY:23.4%  
  8.255           5.06082e-9      1.22166e-9       #dY:24.1%  
  8.32            4.8595e-9       1.17306e-9       #dY:24.1%  
  8.385           4.66609e-9      1.12637e-9       #dY:24.1%  
  8.45            4.48029e-9      1.12023e-9       #dY:25.0%  
  8.515           4.30181e-9      1.0756e-9        #dY:25.0%  
  8.58            4.13036e-9      1.03273e-9       #dY:25.0%  
  8.645           3.96567e-9      1.02218e-9       #dY:25.8%  
  8.71            3.80748e-9      9.81401e-10      #dY:25.8%  
  8.775           3.65554e-9      9.42238e-10      #dY:25.8%  
  8.84            3.5096e-9       9.37086e-10      #dY:26.7%  
  8.905           3.36943e-9      8.9966e-10       #dY:26.7%  
  8.97            3.2348e-9       8.63713e-10      #dY:26.7%  
  9.035           3.10551e-9      8.52887e-10      #dY:27.5%  
  9.1             2.98133e-9      8.18782e-10      #dY:27.5%  
  9.165           2.86208e-9      7.86032e-10      #dY:27.5%  
  9.23            2.74756e-9      7.74296e-10      #dY:28.2%  
  9.295           2.63758e-9      7.43302e-10      #dY:28.2%  
  9.36            2.53196e-9      7.13537e-10      #dY:28.2%  
  9.425           2.43054e-9      7.03825e-10      #dY:29.0%  
  9.49            2.33315e-9      6.75623e-10      #dY:29.0%  
  9.555           2.23964e-9      6.48545e-10      #dY:29.0%  
  9.62            2.14984e-9      6.40288e-10      #dY:29.8%  
  9.685           2.06362e-9      6.14609e-10      #dY:29.8%  
  9.75            1.98083e-9      5.89952e-10      #dY:29.8%  
  9.815           1.90134e-9      5.82148e-10      #dY:30.6%  
  9.88            1.82502e-9      5.5878e-10       #dY:30.6%  
  9.945           1.75174e-9      5.36344e-10      #dY:30.6%  
  10.01           1.68138e-9      5.27461e-10      #dY:31.4%  
  10.075          1.61384e-9      5.06273e-10      #dY:31.4%  
  10.14           1.54898e-9      4.85926e-10      #dY:31.4%  
  10.205          1.48672e-9      4.78018e-10      #dY:32.2%  
  10.27           1.42695e-9      4.588e-10        #dY:32.2%  
  10.335          1.36957e-9      4.40351e-10      #dY:32.2%  
  10.4            1.31448e-9      4.22639e-10      #dY:32.2%  
  10.465          1.26159e-9      4.15421e-10      #dY:32.9%  
  10.53           1.21082e-9      3.98703e-10      #dY:32.9%  
  10.595          1.16208e-9      3.82654e-10      #dY:32.9%  
  10.66           1.1153e-9       3.7582e-10       #dY:33.7%  
  10.725          1.07039e-9      3.60687e-10      #dY:33.7%  
  10.79           1.02728e-9      3.4616e-10       #dY:33.7%  
  10.855          9.85894e-10     3.40563e-10      #dY:34.5%  
  10.92           9.4617e-10      3.26841e-10      #dY:34.5%  
  10.985          9.0804e-10      3.13669e-10      #dY:34.5%  
  11.05           8.71439e-10     3.07516e-10      #dY:35.3%  
  11.115          8.36308e-10     2.95119e-10      #dY:35.3%  
  11.18           8.02587e-10     2.83219e-10      #dY:35.3%  
  11.245          7.7022e-10      2.77443e-10      #dY:36.0%  
  11.31           7.39153e-10     2.66252e-10      #dY:36.0%  
  11.375          7.09335e-10     2.55511e-10      #dY:36.0%  
  11.44           6.80715e-10     2.50108e-10      #dY:36.7%  
  11.505          6.53245e-10     2.40015e-10      #dY:36.7%  
  11.57           6.2688e-10      2.30328e-10      #dY:36.7%  
  11.635          6.01576e-10     2.25826e-10      #dY:37.5%  
  11.7            5.77289e-10     2.16709e-10      #dY:37.5%  
  11.765          5.5398e-10      2.07959e-10      #dY:37.5%  
  11.83           5.31609e-10     2.03262e-10      #dY:38.2%  
  11.895          5.10139e-10     1.95053e-10      #dY:38.2%  
  11.96           4.89533e-10     1.87174e-10      #dY:38.2%  
  12.025          4.69757e-10     1.82824e-10      #dY:38.9%  
  12.09           4.50778e-10     1.75438e-10      #dY:38.9%  
  12.155          4.32563e-10     1.68348e-10      #dY:38.9%  
  12.22           4.15082e-10     1.64686e-10      #dY:39.7%  
  12.285          3.98307e-10     1.58031e-10      #dY:39.7%  
  12.35           3.82207e-10     1.51643e-10      #dY:39.7%  
  12.415          3.66757e-10     1.48242e-10      #dY:40.4%  
  12.48           3.51929e-10     1.42248e-10      #dY:40.4%  
  12.545          3.377e-10       1.36497e-10      #dY:40.4%  
  12.61           3.24045e-10     1.33061e-10      #dY:41.1%  
  12.675          3.10941e-10     1.27681e-10      #dY:41.1%  
  12.74           2.98366e-10     1.22517e-10      #dY:41.1%  
  12.805          2.86298e-10     1.19612e-10      #dY:41.8%  
  12.87           2.74718e-10     1.14774e-10      #dY:41.8%  
  12.935          2.63605e-10     1.10131e-10      #dY:41.8%  
  13              2.52941e-10     1.05676e-10      #dY:41.8%  
  13.065          2.42707e-10     1.03105e-10      #dY:42.5%  
  13.13           2.32887e-10     9.89329e-11      #dY:42.5%  
  13.195          2.23464e-10     9.49299e-11      #dY:42.5%  
  13.26           2.14421e-10     9.25592e-11      #dY:43.2%  
  13.325          2.05744e-10     8.88136e-11      #dY:43.2%  
  13.39           1.97418e-10     8.52195e-11      #dY:43.2%  
  13.455          1.89428e-10     8.28816e-11      #dY:43.8%  
  13.52           1.81761e-10     7.9527e-11       #dY:43.8%  
  13.585          1.74404e-10     7.63081e-11      #dY:43.8%  
  13.65           1.67344e-10     7.4323e-11       #dY:44.4%  
  13.715          1.6057e-10      7.13145e-11      #dY:44.4%  
  13.78           1.5407e-10      6.84276e-11      #dY:44.4%  
  13.845          1.47833e-10     6.6729e-11       #dY:45.1%  
  13.91           1.41848e-10     6.40275e-11      #dY:45.1%  
  13.975          1.36105e-10     6.14352e-11      #dY:45.1%  
  14.04           1.30594e-10     5.97669e-11      #dY:45.8%  
  14.105          1.25307e-10     5.73473e-11      #dY:45.8%  
  14.17           1.20233e-10     5.50252e-11      #dY:45.8%  
  14.235          1.15365e-10     5.35051e-11      #dY:46.4%  
  14.3            1.10693e-10     5.13383e-11      #dY:46.4%  
  14.365          1.06211e-10     4.92596e-11      #dY:46.4%  
  14.43           1.0191e-10      4.78708e-11      #dY:47.0%  
  14.495          9.77834e-11     4.59324e-11      #dY:47.0%  
  14.56           9.38237e-11     4.40724e-11      #dY:47.0%  
  14.625          9.00243e-11     4.28114e-11      #dY:47.6%  
  14.69           8.63788e-11     4.10778e-11      #dY:47.6%  
  14.755          8.28808e-11     3.94143e-11      #dY:47.6%  
  14.82           7.95244e-11     3.83323e-11      #dY:48.2%  
  14.885          7.6304e-11      3.678e-11        #dY:48.2%  
  14.95           7.3214e-11      3.52905e-11      #dY:48.2%  
  15.015          7.02491e-11     3.42473e-11      #dY:48.8%  
  15.08           6.74042e-11     3.28603e-11      #dY:48.8%  
  15.145          6.46746e-11     3.15296e-11      #dY:48.8%  
  15.21           6.20556e-11     3.06334e-11      #dY:49.4%  
  15.275          5.95426e-11     2.93929e-11      #dY:49.4%  
  15.34           5.71314e-11     2.82026e-11      #dY:49.4%  
  15.405          5.48178e-11     2.73446e-11      #dY:49.9%  
  15.47           5.2598e-11      2.62373e-11      #dY:49.9%  
  15.535          5.04681e-11     2.51748e-11      #dY:49.9%  
  15.6            4.84245e-11     2.41554e-11      #dY:49.9%  
  15.665          4.64637e-11     2.34466e-11      #dY:50.5%  
  15.73           4.45823e-11     2.24972e-11      #dY:50.5%  
  15.795          4.27771e-11     2.15863e-11      #dY:50.5%  
  15.86           4.1045e-11      2.09437e-11      #dY:51.0%  
  15.925          3.93832e-11     2.00958e-11      #dY:51.0%  
  15.99           3.77886e-11     1.92821e-11      #dY:51.0%  
  16.055          3.62587e-11     1.86714e-11      #dY:51.5%  
  16.12           3.47907e-11     1.79155e-11      #dY:51.5%  
  16.185          3.33822e-11     1.71902e-11      #dY:51.5%  
  16.25           3.20308e-11     1.66637e-11      #dY:52.0%  
  16.315          3.07341e-11     1.59891e-11      #dY:52.0%  
  16.38           2.949e-11       1.53419e-11      #dY:52.0%  
  16.445          2.82963e-11     1.48663e-11      #dY:52.5%  
  16.51           2.71509e-11     1.42646e-11      #dY:52.5%  
  16.575          2.60519e-11     1.36872e-11      #dY:52.5%  
  16.64           2.49975e-11     1.32567e-11      #dY:53.0%  
  16.705          2.39858e-11     1.27202e-11      #dY:53.0%  
  16.77           2.3015e-11      1.22053e-11      #dY:53.0%  
  16.835          2.20836e-11     1.1817e-11       #dY:53.5%  
  16.9            2.119e-11       1.13389e-11      #dY:53.5%  
  16.965          2.03325e-11     1.088e-11        #dY:53.5%  
  17.03           1.95098e-11     1.05302e-11      #dY:54.0%  
  17.095          1.87204e-11     1.01041e-11      #dY:54.0%  
  17.16           1.7963e-11      9.69529e-12      #dY:54.0%  
  17.225          1.72362e-11     9.37922e-12      #dY:54.4%  
  17.29           1.65389e-11     8.99977e-12      #dY:54.4%  
  17.355          1.58699e-11     8.63573e-12      #dY:54.4%  
  17.42           1.52279e-11     8.36244e-12      #dY:54.9%  
  17.485          1.4612e-11      8.02422e-12      #dY:54.9%  
  17.55           1.4021e-11      7.69967e-12      #dY:54.9%  
  17.615          1.34539e-11     7.44341e-12      #dY:55.3%  
  17.68           1.29098e-11     7.14239e-12      #dY:55.3%  
  17.745          1.23878e-11     6.85359e-12      #dY:55.3%  
  17.81           1.18869e-11     6.62315e-12      #dY:55.7%  
  17.875          1.14062e-11     6.35532e-12      #dY:55.7%  
  17.94           1.09451e-11     6.0984e-12       #dY:55.7%  
  18.005          1.05026e-11     5.89872e-12      #dY:56.2%  
  18.07           1.0078e-11      5.66025e-12      #dY:56.2%  
  18.135          9.67063e-12     5.43145e-12      #dY:56.2%  
  18.2            9.27975e-12     5.21191e-12      #dY:56.2%  
  18.265          8.90469e-12     5.03304e-12      #dY:56.5%  
  18.33           8.54481e-12     4.82963e-12      #dY:56.5%  
  18.395          8.19951e-12     4.63446e-12      #dY:56.5%  
  18.46           7.86818e-12     4.47952e-12      #dY:56.9%  
  18.525          7.55027e-12     4.29853e-12      #dY:56.9%  
  18.59           7.24523e-12     4.12486e-12      #dY:56.9%  
  18.655          6.95253e-12     3.98549e-12      #dY:57.3%  
  18.72           6.67168e-12     3.82449e-12      #dY:57.3%  
  18.785          6.40219e-12     3.67001e-12      #dY:57.3%  
  18.85           6.14361e-12     3.54469e-12      #dY:57.7%  
  18.915          5.8955e-12      3.40154e-12      #dY:57.7%  
  18.98           5.65742e-12     3.26417e-12      #dY:57.7%  
  19.045          5.42898e-12     3.14803e-12      #dY:58.0%  
  19.11           5.20978e-12     3.02092e-12      #dY:58.0%  
  19.175          4.99945e-12     2.89896e-12      #dY:58.0%  
  19.24           4.79763e-12     2.79815e-12      #dY:58.3%  
  19.305          4.60397e-12     2.6852e-12       #dY:58.3%  
  19.37           4.41815e-12     2.57682e-12      #dY:58.3%  
  19.435          4.23985e-12     2.4864e-12       #dY:58.6%  
  19.5            4.06875e-12     2.38606e-12      #dY:58.6%  
  19.565          3.90457e-12     2.28978e-12      #dY:58.6%  
  19.63           3.74704e-12     2.20875e-12      #dY:58.9%  
  19.695          3.59587e-12     2.11964e-12      #dY:58.9%  
  19.76           3.45081e-12     2.03414e-12      #dY:58.9%  
  19.825          3.31163e-12     1.96148e-12      #dY:59.2%  
  19.89           3.17806e-12     1.88237e-12      #dY:59.2%  
  19.955          3.0499e-12      1.80646e-12      #dY:59.2%  
  20.155          0.00            0.00                        
//
#-------------------------------------------------------------------------------
#
#name:   JENDL-5: U-235(N,F) E_in=14. MeV
#X.axis: Energy
#Y.axis: 
#wdata:  3
#ldata:  435
#data...
# X               Y               +-dY           
# MeV             1/eV            1/eV           
  0.00            0.00            0.00                        
  1.00e-11        1.60635e-12     0.00                        
  1.20e-11        1.75967e-12     0.00                        
  1.40e-11        1.90066e-12     0.00                        
  1.60e-11        2.03189e-12     0.00                        
  1.80e-11        2.15515e-12     0.00                        
  2.20e-11        2.38261e-12     0.00                        
  2.50e-11        2.53987e-12     0.00                        
  2.90e-11        2.73552e-12     0.00                        
  3.40e-11        2.96197e-12     1.21089e-13      #dY:4.1%   
  4.00e-11        3.21271e-12     1.31339e-13      #dY:4.1%   
  4.60e-11        3.44525e-12     1.40846e-13      #dY:4.1%   
  5.40e-11        3.73284e-12     1.52603e-13      #dY:4.1%   
  6.30e-11        4.03193e-12     1.6483e-13       #dY:4.1%   
  7.40e-11        4.36977e-12     1.78641e-13      #dY:4.1%   
  8.60e-11        4.71078e-12     1.92582e-13      #dY:4.1%   
  1.00e-10        5.07977e-12     2.42724e-13      #dY:4.8%   
  1.20e-10        5.56461e-12     2.65891e-13      #dY:4.8%   
  1.40e-10        6.01047e-12     2.87195e-13      #dY:4.8%   
  1.60e-10        6.42547e-12     3.07025e-13      #dY:4.8%   
  1.80e-10        6.81525e-12     3.2565e-13       #dY:4.8%   
  2.20e-10        7.53455e-12     3.6002e-13       #dY:4.8%   
  2.50e-10        8.03187e-12     3.83783e-13      #dY:4.8%   
  2.90e-10        8.6506e-12      4.13347e-13      #dY:4.8%   
  3.40e-10        9.36672e-12     4.43747e-13      #dY:4.7%   
  4.00e-10        1.01597e-11     4.81314e-13      #dY:4.7%   
  4.60e-10        1.0895e-11      5.16149e-13      #dY:4.7%   
  5.40e-10        1.18045e-11     5.59237e-13      #dY:4.7%   
  6.30e-10        1.27503e-11     6.04044e-13      #dY:4.7%   
  7.40e-10        1.38187e-11     6.54659e-13      #dY:4.7%   
  8.60e-10        1.48971e-11     7.05748e-13      #dY:4.7%   
  1.00e-9         1.6064e-11      7.6103e-13       #dY:4.7%   
  1.20e-9         1.75973e-11     8.40808e-13      #dY:4.8%   
  1.40e-9         1.90074e-11     9.08183e-13      #dY:4.8%   
  1.60e-9         2.03198e-11     9.7089e-13       #dY:4.8%   
  1.80e-9         2.15524e-11     1.02978e-12      #dY:4.8%   
  2.20e-9         2.38272e-11     1.13848e-12      #dY:4.8%   
  2.50e-9         2.54e-11        1.21362e-12      #dY:4.8%   
  2.90e-9         2.73568e-11     1.30712e-12      #dY:4.8%   
  3.40e-9         2.96216e-11     1.40322e-12      #dY:4.7%   
  4.00e-9         3.21293e-11     1.52202e-12      #dY:4.7%   
  4.60e-9         3.4455e-11      1.63219e-12      #dY:4.7%   
  5.40e-9         3.73313e-11     1.76844e-12      #dY:4.7%   
  6.30e-9         4.03227e-11     1.91015e-12      #dY:4.7%   
  7.40e-9         4.37017e-11     2.07022e-12      #dY:4.7%   
  8.60e-9         4.71124e-11     2.23179e-12      #dY:4.7%   
  1.00e-8         5.0803e-11      2.42724e-12      #dY:4.8%   
  1.20e-8         5.56526e-11     2.65894e-12      #dY:4.8%   
  1.40e-8         6.01123e-11     2.87202e-12      #dY:4.8%   
  1.60e-8         6.42633e-11     3.07034e-12      #dY:4.8%   
  1.80e-8         6.81622e-11     3.25662e-12      #dY:4.8%   
  2.20e-8         7.53574e-11     3.60039e-12      #dY:4.8%   
  2.50e-8         8.03321e-11     3.83807e-12      #dY:4.8%   
  2.90e-8         8.65216e-11     4.13379e-12      #dY:4.8%   
  3.40e-8         9.36855e-11     4.43758e-12      #dY:4.7%   
  4.00e-8         1.01618e-10     4.81332e-12      #dY:4.7%   
  4.60e-8         1.08975e-10     5.1618e-12       #dY:4.7%   
  5.40e-8         1.18074e-10     5.59279e-12      #dY:4.7%   
  6.30e-8         1.27537e-10     6.04102e-12      #dY:4.7%   
  7.40e-8         1.38227e-10     6.54737e-12      #dY:4.7%   
  8.60e-8         1.49018e-10     7.0585e-12       #dY:4.7%   
  1.00e-7         1.60694e-10     7.61156e-12      #dY:4.7%   
  1.20e-7         1.76038e-10     8.40893e-12      #dY:4.8%   
  1.40e-7         1.90149e-10     9.08298e-12      #dY:4.8%   
  1.60e-7         2.03284e-10     9.71041e-12      #dY:4.8%   
  1.80e-7         2.15596e-10     1.02985e-11      #dY:4.8%   
  2.20e-7         2.38358e-10     1.13858e-11      #dY:4.8%   
  2.50e-7         2.54098e-10     1.21377e-11      #dY:4.8%   
  2.90e-7         2.73681e-10     1.30731e-11      #dY:4.8%   
  3.40e-7         2.96348e-10     1.40155e-11      #dY:4.7%   
  4.00e-7         3.21363e-10     1.51986e-11      #dY:4.7%   
  4.60e-7         3.4463e-10      1.6299e-11       #dY:4.7%   
  5.40e-7         3.73407e-10     1.76599e-11      #dY:4.7%   
  6.30e-7         4.03337e-10     1.90755e-11      #dY:4.7%   
  7.40e-7         4.37147e-10     2.06745e-11      #dY:4.7%   
  8.60e-7         4.71275e-10     2.22885e-11      #dY:4.7%   
  1.00e-6         5.08206e-10     2.40351e-11      #dY:4.7%   
  1.20e-6         5.56736e-10     2.65578e-11      #dY:4.8%   
  1.40e-6         6.01369e-10     2.86869e-11      #dY:4.8%   
  1.60e-6         6.42915e-10     3.06687e-11      #dY:4.8%   
  1.80e-6         6.81939e-10     3.25303e-11      #dY:4.8%   
  2.20e-6         7.53961e-10     3.59659e-11      #dY:4.8%   
  2.50e-6         8.03763e-10     3.83416e-11      #dY:4.8%   
  2.90e-6         8.65728e-10     4.12975e-11      #dY:4.8%   
  3.40e-6         9.37456e-10     4.43278e-11      #dY:4.7%   
  4.00e-6         1.01689e-9      4.80839e-11      #dY:4.7%   
  4.60e-6         1.09057e-9      5.15679e-11      #dY:4.7%   
  5.40e-6         1.1817e-9       5.5877e-11       #dY:4.7%   
  6.30e-6         1.27649e-9      6.03591e-11      #dY:4.7%   
  7.40e-6         1.38359e-9      6.54234e-11      #dY:4.7%   
  8.60e-6         1.49171e-9      7.05358e-11      #dY:4.7%   
  1.00e-5         1.60873e-9      7.60692e-11      #dY:4.7%   
  1.20e-5         1.76253e-9      8.40153e-11      #dY:4.8%   
  1.40e-5         1.904e-9        9.07588e-11      #dY:4.8%   
  1.60e-5         2.03572e-9      9.70376e-11      #dY:4.8%   
  1.80e-5         2.15945e-9      1.02935e-10      #dY:4.8%   
  2.20e-5         2.38788e-9      1.13824e-10      #dY:4.8%   
  2.50e-5         2.54587e-9      1.21355e-10      #dY:4.8%   
  2.90e-5         2.7425e-9       1.30728e-10      #dY:4.8%   
  3.40e-5         2.97016e-9      1.40075e-10      #dY:4.7%   
  4.00e-5         3.22237e-9      1.51969e-10      #dY:4.7%   
  4.60e-5         3.45637e-9      1.63005e-10      #dY:4.7%   
  5.40e-5         3.74592e-9      1.7666e-10       #dY:4.7%   
  6.30e-5         4.04722e-9      1.9087e-10       #dY:4.7%   
  7.40e-5         4.38777e-9      2.06931e-10      #dY:4.7%   
  8.60e-5         4.73174e-9      2.23152e-10      #dY:4.7%   
  1.00e-4         5.10419e-9      2.40717e-10      #dY:4.7%   
  1.20e-4         5.594e-9        2.6531e-10       #dY:4.7%   
  1.40e-4         6.04484e-9      2.86692e-10      #dY:4.7%   
  1.60e-4         6.46483e-9      3.06611e-10      #dY:4.7%   
  1.80e-4         6.8596e-9       3.25334e-10      #dY:4.7%   
  2.20e-4         7.58892e-9      3.59924e-10      #dY:4.7%   
  2.50e-4         8.09377e-9      3.83868e-10      #dY:4.7%   
  2.90e-4         8.72257e-9      4.1369e-10       #dY:4.7%   
  3.40e-4         9.4513e-9       4.42028e-10      #dY:4.7%   
  4.00e-4         1.02594e-8      4.79822e-10      #dY:4.7%   
  4.60e-4         1.101e-8        5.14927e-10      #dY:4.7%   
  5.40e-4         1.19398e-8      5.58413e-10      #dY:4.7%   
  6.30e-4         1.29085e-8      6.03718e-10      #dY:4.7%   
  7.40e-4         1.40049e-8      6.54995e-10      #dY:4.7%   
  8.60e-4         1.51139e-8      7.06862e-10      #dY:4.7%   
  1.00e-3         1.63166e-8      7.63111e-10      #dY:4.7%   
  1.20e-3         1.7901e-8       8.37024e-10      #dY:4.7%   
  1.40e-3         1.93623e-8      9.05352e-10      #dY:4.7%   
  1.60e-3         2.07259e-8      9.69112e-10      #dY:4.7%   
  1.80e-3         2.20097e-8      1.02914e-9       #dY:4.7%   
  2.20e-3         2.43869e-8      1.14029e-9       #dY:4.7%   
  2.50e-3         2.60364e-8      1.21742e-9       #dY:4.7%   
  2.90e-3         2.80953e-8      1.31369e-9       #dY:4.7%   
  3.40e-3         3.04876e-8      1.39159e-9       #dY:4.6%   
  4.00e-3         3.31478e-8      1.51301e-9       #dY:4.6%   
  4.60e-3         3.56257e-8      1.62612e-9       #dY:4.6%   
  5.40e-3         3.8704e-8       1.76662e-9       #dY:4.6%   
  6.30e-3         4.19216e-8      1.91349e-9       #dY:4.6%   
  7.40e-3         4.55756e-8      2.08027e-9       #dY:4.6%   
  8.60e-3         4.92844e-8      2.24956e-9       #dY:4.6%   
  0.01            5.33202e-8      2.43377e-9       #dY:4.6%   
  0.012           5.86582e-8      2.62774e-9       #dY:4.5%   
  0.014           6.36012e-8      2.84917e-9       #dY:4.5%   
  0.016           6.82306e-8      3.05656e-9       #dY:4.5%   
  0.018           7.26028e-8      3.25242e-9       #dY:4.5%   
  0.022           8.07311e-8      3.61655e-9       #dY:4.5%   
  0.025           8.63943e-8      3.87025e-9       #dY:4.5%   
  0.029           9.34873e-8      4.18799e-9       #dY:4.5%   
  0.034           1.01759e-7      4.31671e-9       #dY:4.2%   
  0.04            1.10991e-7      4.70834e-9       #dY:4.2%   
  0.046           1.19617e-7      5.07427e-9       #dY:4.2%   
  0.054           1.30366e-7      5.53025e-9       #dY:4.2%   
  0.063           1.41629e-7      6.00804e-9       #dY:4.2%   
  0.07            1.49893e-7      6.3586e-9        #dY:4.2%   
  0.14            2.17768e-7      8.71957e-9       #dY:4.0%   
  0.21            2.61405e-7      1.11436e-8       #dY:4.3%   
  0.28            2.96805e-7      1.26527e-8       #dY:4.3%   
  0.35            3.19676e-7      1.36276e-8       #dY:4.3%   
  0.42            3.385e-7        1.38361e-8       #dY:4.1%   
  0.49            3.50361e-7      1.43209e-8       #dY:4.1%   
  0.56            3.59689e-7      1.47022e-8       #dY:4.1%   
  0.63            3.63462e-7      1.51358e-8       #dY:4.2%   
  0.7             3.65556e-7      1.5223e-8        #dY:4.2%   
  0.77            3.64229e-7      1.51677e-8       #dY:4.2%   
  0.84            3.61729e-7      1.44261e-8       #dY:4.0%   
  0.91            3.57329e-7      1.42507e-8       #dY:4.0%   
  0.98            3.52086e-7      1.40416e-8       #dY:4.0%   
  1.05            3.45637e-7      1.28949e-8       #dY:3.7%   
  1.12            3.38569e-7      1.26312e-8       #dY:3.7%   
  1.19            3.3078e-7       1.23406e-8       #dY:3.7%   
  1.26            3.22577e-7      1.10304e-8       #dY:3.4%   
  1.33            3.1395e-7       1.07354e-8       #dY:3.4%   
  1.4             3.05063e-7      1.04315e-8       #dY:3.4%   
  1.47            2.95935e-7      8.93673e-9       #dY:3.0%   
  1.54            2.86658e-7      8.65658e-9       #dY:3.0%   
  1.61            2.77321e-7      7.08771e-9       #dY:2.6%   
  1.68            2.67918e-7      6.84739e-9       #dY:2.6%   
  1.75            2.58717e-7      6.61223e-9       #dY:2.6%   
  1.82            2.4951e-7       5.08608e-9       #dY:2.0%   
  1.89            2.40474e-7      4.90189e-9       #dY:2.0%   
  1.96            2.31476e-7      4.71847e-9       #dY:2.0%   
  2.03            2.22737e-7      3.32301e-9       #dY:1.5%   
  2.1             2.14068e-7      3.19368e-9       #dY:1.5%   
  2.17            2.05848e-7      3.07104e-9       #dY:1.5%   
  2.24            1.97721e-7      1.84273e-9       #dY:0.9%   
  2.31            1.89905e-7      1.76989e-9       #dY:0.9%   
  2.38            1.82197e-7      1.69805e-9       #dY:0.9%   
  2.45            1.74928e-7      9.07462e-10      #dY:0.5%   
  2.52            1.67776e-7      8.7036e-10       #dY:0.5%   
  2.59            1.61047e-7      8.35453e-10      #dY:0.5%   
  2.66            1.54442e-7      1.16636e-9       #dY:0.8%   
  2.73            1.48279e-7      1.11981e-9       #dY:0.8%   
  2.8             1.42243e-7      1.07423e-9       #dY:0.8%   
  2.87            1.36584e-7      1.89309e-9       #dY:1.4%   
  2.94            1.31052e-7      1.81642e-9       #dY:1.4%   
  3.01            1.25908e-7      2.63614e-9       #dY:2.1%   
  3.08            1.2089e-7       2.53108e-9       #dY:2.1%   
  3.15            1.16242e-7      2.43376e-9       #dY:2.1%   
  3.22            1.11719e-7      3.1844e-9        #dY:2.9%   
  3.29            1.07465e-7      3.06314e-9       #dY:2.9%   
  3.36            1.03331e-7      2.94531e-9       #dY:2.9%   
  3.43            9.94359e-8      3.57369e-9       #dY:3.6%   
  3.5             9.5656e-8       3.43784e-9       #dY:3.6%   
  3.57            9.2087e-8       3.30957e-9       #dY:3.6%   
  3.64            8.86289e-8      3.85985e-9       #dY:4.4%   
  3.71            8.5321e-8       3.71579e-9       #dY:4.4%   
  3.78            8.21187e-8      3.57632e-9       #dY:4.4%   
  3.85            7.90354e-8      4.03084e-9       #dY:5.1%   
  3.92            7.60522e-8      3.87869e-9       #dY:5.1%   
  3.99            7.32061e-8      3.73354e-9       #dY:5.1%   
  4.06            7.04547e-8      4.11544e-9       #dY:5.8%   
  4.13            6.78211e-8      3.9616e-9        #dY:5.8%   
  4.2             6.52768e-8      3.81298e-9       #dY:5.8%   
  4.27            6.28206e-8      4.125e-9         #dY:6.6%   
  4.34            6.04485e-8      3.96924e-9       #dY:6.6%   
  4.41            5.81796e-8      4.24139e-9       #dY:7.3%   
  4.48            5.59896e-8      4.08174e-9       #dY:7.3%   
  4.55            5.38973e-8      3.92921e-9       #dY:7.3%   
  4.62            5.18789e-8      4.15112e-9       #dY:8.0%   
  4.69            4.99301e-8      3.99518e-9       #dY:8.0%   
  4.76            4.80505e-8      3.84479e-9       #dY:8.0%   
  4.83            4.62459e-8      4.02157e-9       #dY:8.7%   
  4.9             4.45059e-8      3.87026e-9       #dY:8.7%   
  4.97            4.28544e-8      3.72665e-9       #dY:8.7%   
  5.04            4.1263e-8       3.86727e-9       #dY:9.4%   
  5.11            3.97359e-8      3.72415e-9       #dY:9.4%   
  5.18            3.82648e-8      3.58627e-9       #dY:9.4%   
  5.25            3.68487e-8      3.69134e-9       #dY:10.0%  
  5.32            3.54846e-8      3.55469e-9       #dY:10.0%  
  5.39            3.41899e-8      3.42499e-9       #dY:10.0%  
  5.46            3.29435e-8      3.50374e-9       #dY:10.6%  
  5.53            3.17546e-8      3.3773e-9        #dY:10.6%  
  5.6             3.06105e-8      3.25562e-9       #dY:10.6%  
  5.67            2.95045e-8      3.3104e-9        #dY:11.2%  
  5.74            2.84401e-8      3.19097e-9       #dY:11.2%  
  5.81            2.74251e-8      3.22486e-9       #dY:11.8%  
  5.88            2.64487e-8      3.11004e-9       #dY:11.8%  
  5.95            2.55251e-8      3.00144e-9       #dY:11.8%  
  6.02            2.46372e-8      3.02037e-9       #dY:12.3%  
  6.09            2.37826e-8      2.9156e-9        #dY:12.3%  
  6.16            2.29609e-8      2.81487e-9       #dY:12.3%  
  6.23            2.21731e-8      2.81899e-9       #dY:12.7%  
  6.3             2.14158e-8      2.72271e-9       #dY:12.7%  
  6.37            2.07018e-8      2.63194e-9       #dY:12.7%  
  6.44            2.00161e-8      2.62382e-9       #dY:13.1%  
  6.51            1.93583e-8      2.53759e-9       #dY:13.1%  
  6.58            1.87266e-8      2.45478e-9       #dY:13.1%  
  6.65            1.81179e-8      2.43371e-9       #dY:13.4%  
  6.72            1.75334e-8      2.35519e-9       #dY:13.4%  
  6.79            1.69855e-8      2.2816e-9        #dY:13.4%  
  6.86            1.64597e-8      2.25314e-9       #dY:13.7%  
  6.93            1.59639e-8      2.18527e-9       #dY:13.7%  
  7               1.54884e-8      2.12018e-9       #dY:13.7%  
  7.07            1.50306e-8      2.08361e-9       #dY:13.9%  
  7.14            1.45917e-8      2.02277e-9       #dY:13.9%  
  7.21            1.41738e-8      1.97794e-9       #dY:14.0%  
  7.28            1.37733e-8      1.92205e-9       #dY:14.0%  
  7.35            1.33841e-8      1.86774e-9       #dY:14.0%  
  7.42            1.30109e-8      1.81745e-9       #dY:14.0%  
  7.49            1.2655e-8       1.76774e-9       #dY:14.0%  
  7.56            1.23138e-8      1.72008e-9       #dY:14.0%  
  7.63            1.19361e-8      1.66256e-9       #dY:13.9%  
  7.7             1.15719e-8      1.61184e-9       #dY:13.9%  
  7.77            1.11579e-8      1.55417e-9       #dY:13.9%  
  7.84            1.07564e-8      1.50031e-9       #dY:13.9%  
  7.91            1.03008e-8      1.43676e-9       #dY:13.9%  
  7.98            9.85659e-9      1.3748e-9        #dY:13.9%  
  8.05            9.34453e-9      1.33082e-9       #dY:14.2%  
  8.12            8.84303e-9      1.2594e-9        #dY:14.2%  
  8.19            8.10413e-9      1.15416e-9       #dY:14.2%  
  8.26            7.37492e-9      1.11186e-9       #dY:15.1%  
  8.33            6.39316e-9      9.63845e-10      #dY:15.1%  
  8.4             5.42033e-9      8.1718e-10       #dY:15.1%  
  8.47            4.86924e-9      8.8388e-10       #dY:18.2%  
  8.54            4.32635e-9      7.85333e-10      #dY:18.2%  
  8.61            4.0884e-9       9.79131e-10      #dY:23.9%  
  8.68            3.85799e-9      9.2395e-10       #dY:23.9%  
  8.75            3.6874e-9       8.83095e-10      #dY:23.9%  
  8.82            3.52373e-9      9.43528e-10      #dY:26.8%  
  8.89            3.3729e-9       9.03141e-10      #dY:26.8%  
  8.96            3.22843e-9      8.64457e-10      #dY:26.8%  
  9.03            3.09053e-9      8.55861e-10      #dY:27.7%  
  9.1             2.95847e-9      8.19289e-10      #dY:27.7%  
  9.17            2.83204e-9      7.84277e-10      #dY:27.7%  
  9.24            2.71096e-9      7.69878e-10      #dY:28.4%  
  9.31            2.59503e-9      7.36955e-10      #dY:28.4%  
  9.38            2.48402e-9      7.0543e-10       #dY:28.4%  
  9.45            2.37772e-9      6.93274e-10      #dY:29.2%  
  9.52            2.27594e-9      6.63598e-10      #dY:29.2%  
  9.59            2.17849e-9      6.35184e-10      #dY:29.2%  
  9.66            2.08517e-9      6.24778e-10      #dY:30.0%  
  9.73            1.99584e-9      5.98012e-10      #dY:30.0%  
  9.8             1.9103e-9       5.72382e-10      #dY:30.0%  
  9.87            1.8284e-9       5.62714e-10      #dY:30.8%  
  9.94            1.75e-9         5.38585e-10      #dY:30.8%  
  10.01           1.67494e-9      5.27707e-10      #dY:31.5%  
  10.08           1.60308e-9      5.05067e-10      #dY:31.5%  
  10.15           1.53428e-9      4.8339e-10       #dY:31.5%  
  10.22           1.46842e-9      4.73758e-10      #dY:32.3%  
  10.29           1.40538e-9      4.53419e-10      #dY:32.3%  
  10.36           1.34502e-9      4.33945e-10      #dY:32.3%  
  10.43           1.28725e-9      4.24953e-10      #dY:33.0%  
  10.5            1.23195e-9      4.06697e-10      #dY:33.0%  
  10.57           1.17901e-9      3.8922e-10       #dY:33.0%  
  10.64           1.12833e-9      3.80839e-10      #dY:33.8%  
  10.71           1.07982e-9      3.64465e-10      #dY:33.8%  
  10.78           1.03339e-9      3.48794e-10      #dY:33.8%  
  10.85           9.88951e-10     3.41875e-10      #dY:34.6%  
  10.92           9.46412e-10     3.27169e-10      #dY:34.6%  
  10.99           9.05696e-10     3.13094e-10      #dY:34.6%  
  11.06           8.66725e-10     3.05799e-10      #dY:35.3%  
  11.13           8.29424e-10     2.92639e-10      #dY:35.3%  
  11.2            7.93724e-10     2.80043e-10      #dY:35.3%  
  11.27           7.59554e-10     2.73298e-10      #dY:36.0%  
  11.34           7.26851e-10     2.61531e-10      #dY:36.0%  
  11.41           6.95551e-10     2.55037e-10      #dY:36.7%  
  11.48           6.65595e-10     2.44053e-10      #dY:36.7%  
  11.55           6.36925e-10     2.33541e-10      #dY:36.7%  
  11.62           6.09486e-10     2.28113e-10      #dY:37.4%  
  11.69           5.83226e-10     2.18284e-10      #dY:37.4%  
  11.76           5.58094e-10     2.08878e-10      #dY:37.4%  
  11.83           5.34043e-10     2.03389e-10      #dY:38.1%  
  11.9            5.11025e-10     1.94622e-10      #dY:38.1%  
  11.97           4.88998e-10     1.86233e-10      #dY:38.1%  
  12.04           4.67917e-10     1.81215e-10      #dY:38.7%  
  12.11           4.47743e-10     1.73402e-10      #dY:38.7%  
  12.18           4.28437e-10     1.65925e-10      #dY:38.7%  
  12.25           4.09962e-10     1.61699e-10      #dY:39.4%  
  12.32           3.92282e-10     1.54726e-10      #dY:39.4%  
  12.39           3.75362e-10     1.48052e-10      #dY:39.4%  
  12.46           3.59172e-10     1.4418e-10       #dY:40.1%  
  12.53           3.43678e-10     1.3796e-10       #dY:40.1%  
  12.6            3.28852e-10     1.32009e-10      #dY:40.1%  
  12.67           3.14664e-10     1.28194e-10      #dY:40.7%  
  12.74           3.01087e-10     1.22663e-10      #dY:40.7%  
  12.81           2.88096e-10     1.19297e-10      #dY:41.4%  
  12.88           2.75664e-10     1.14149e-10      #dY:41.4%  
  12.95           2.63768e-10     1.09223e-10      #dY:41.4%  
  13.02           2.52384e-10     1.06159e-10      #dY:42.1%  
  13.09           2.41492e-10     1.01577e-10      #dY:42.1%  
  13.16           2.31069e-10     9.71932e-11      #dY:42.1%  
  13.23           2.21095e-10     9.44032e-11      #dY:42.7%  
  13.3            2.11552e-10     9.03285e-11      #dY:42.7%  
  13.37           2.0242e-10      8.64293e-11      #dY:42.7%  
  13.44           1.93681e-10     8.37354e-11      #dY:43.2%  
  13.51           1.8532e-10      8.01206e-11      #dY:43.2%  
  13.58           1.7732e-10      7.66619e-11      #dY:43.2%  
  13.65           1.69664e-10     7.43809e-11      #dY:43.8%  
  13.72           1.62339e-10     7.11696e-11      #dY:43.8%  
  13.79           1.55331e-10     6.80973e-11      #dY:43.8%  
  13.86           1.48624e-10     6.61507e-11      #dY:44.5%  
  13.93           1.42207e-10     6.32946e-11      #dY:44.5%  
  14              1.36067e-10     6.05618e-11      #dY:44.5%  
  14.07           1.30192e-10     5.86901e-11      #dY:45.1%  
  14.14           1.24571e-10     5.61562e-11      #dY:45.1%  
  14.21           1.19192e-10     5.43937e-11      #dY:45.6%  
  14.28           1.14045e-10     5.20449e-11      #dY:45.6%  
  14.35           1.09121e-10     4.97978e-11      #dY:45.6%  
  14.42           1.04409e-10     4.8207e-11       #dY:46.2%  
  14.49           9.9901e-11      4.61256e-11      #dY:46.2%  
  14.56           9.55874e-11     4.4134e-11       #dY:46.2%  
  14.63           9.14601e-11     4.27054e-11      #dY:46.7%  
  14.7            8.7511e-11      4.08614e-11      #dY:46.7%  
  14.77           8.37325e-11     3.90971e-11      #dY:46.7%  
  14.84           8.01172e-11     3.78766e-11      #dY:47.3%  
  14.91           7.6658e-11      3.62412e-11      #dY:47.3%  
  14.98           7.33482e-11     3.46764e-11      #dY:47.3%  
  15.05           7.01814e-11     3.35207e-11      #dY:47.8%  
  15.12           6.71514e-11     3.20735e-11      #dY:47.8%  
  15.19           6.42522e-11     3.06887e-11      #dY:47.8%  
  15.26           6.14783e-11     2.97005e-11      #dY:48.3%  
  15.33           5.88242e-11     2.84183e-11      #dY:48.3%  
  15.4            5.62848e-11     2.71915e-11      #dY:48.3%  
  15.47           5.3855e-11      2.62616e-11      #dY:48.8%  
  15.54           5.15302e-11     2.5128e-11       #dY:48.8%  
  15.61           4.93059e-11     2.42957e-11      #dY:49.3%  
  15.68           4.71776e-11     2.3247e-11       #dY:49.3%  
  15.75           4.51413e-11     2.22436e-11      #dY:49.3%  
  15.82           4.31929e-11     2.14975e-11      #dY:49.8%  
  15.89           4.13288e-11     2.05697e-11      #dY:49.8%  
  15.96           3.95451e-11     1.9682e-11       #dY:49.8%  
  16.03           3.78385e-11     1.89843e-11      #dY:50.2%  
  16.1            3.62056e-11     1.81651e-11      #dY:50.2%  
  16.17           3.46433e-11     1.73812e-11      #dY:50.2%  
  16.24           3.31484e-11     1.67832e-11      #dY:50.6%  
  16.31           3.17181e-11     1.6059e-11       #dY:50.6%  
  16.38           3.03496e-11     1.53661e-11      #dY:50.6%  
  16.45           2.90403e-11     1.48317e-11      #dY:51.1%  
  16.52           2.77874e-11     1.41918e-11      #dY:51.1%  
  16.59           2.65887e-11     1.35796e-11      #dY:51.1%  
  16.66           2.54418e-11     1.31011e-11      #dY:51.5%  
  16.73           2.43444e-11     1.2536e-11       #dY:51.5%  
  16.8            2.32944e-11     1.19953e-11      #dY:51.5%  
  16.87           2.22897e-11     1.15682e-11      #dY:51.9%  
  16.94           2.13285e-11     1.10694e-11      #dY:51.9%  
  17.01           2.04087e-11     1.06714e-11      #dY:52.3%  
  17.08           1.95287e-11     1.02113e-11      #dY:52.3%  
  17.15           1.86867e-11     9.77104e-12      #dY:52.3%  
  17.22           1.7881e-11      9.41555e-12      #dY:52.7%  
  17.29           1.71102e-11     9.00967e-12      #dY:52.7%  
  17.36           1.63726e-11     8.62127e-12      #dY:52.7%  
  17.43           1.56668e-11     8.31571e-12      #dY:53.1%  
  17.5            1.49916e-11     7.95733e-12      #dY:53.1%  
  17.57           1.43454e-11     7.61433e-12      #dY:53.1%  
  17.64           1.37272e-11     7.33211e-12      #dY:53.4%  
  17.71           1.31357e-11     7.01617e-12      #dY:53.4%  
  17.78           1.25697e-11     6.71386e-12      #dY:53.4%  
  17.85           1.20281e-11     6.46263e-12      #dY:53.7%  
  17.92           1.15099e-11     6.18421e-12      #dY:53.7%  
  17.99           1.10141e-11     5.91782e-12      #dY:53.7%  
  18.06           1.05397e-11     5.70161e-12      #dY:54.1%  
  18.13           1.00857e-11     5.45601e-12      #dY:54.1%  
  18.2            9.65134e-12     5.22104e-12      #dY:54.1%  
  18.27           9.23572e-12     5.02202e-12      #dY:54.4%  
  18.34           8.83803e-12     4.80577e-12      #dY:54.4%  
  18.41           8.4575e-12      4.62686e-12      #dY:54.7%  
  18.48           8.09339e-12     4.42766e-12      #dY:54.7%  
  18.55           7.74498e-12     4.23706e-12      #dY:54.7%  
  18.62           7.4116e-12      4.07783e-12      #dY:55.0%  
  18.69           7.0926e-12      3.90232e-12      #dY:55.0%  
  18.76           6.78736e-12     3.73437e-12      #dY:55.0%  
  18.83           6.49529e-12     3.5927e-12       #dY:55.3%  
  18.9            6.21581e-12     3.43811e-12      #dY:55.3%  
  18.97           5.94838e-12     3.29019e-12      #dY:55.3%  
  19.04           5.69248e-12     3.16064e-12      #dY:55.5%  
  19.11           5.44762e-12     3.02468e-12      #dY:55.5%  
  19.18           5.21331e-12     2.89459e-12      #dY:55.5%  
  19.25           4.9891e-12      2.78294e-12      #dY:55.8%  
  19.32           4.77456e-12     2.66327e-12      #dY:55.8%  
  19.39           4.56926e-12     2.54875e-12      #dY:55.8%  
  19.46           4.37281e-12     2.44963e-12      #dY:56.0%  
  19.53           4.18483e-12     2.34432e-12      #dY:56.0%  
  19.6            4.00494e-12     2.24355e-12      #dY:56.0%  
  19.67           3.83281e-12     2.15564e-12      #dY:56.2%  
  19.74           3.6681e-12      2.06301e-12      #dY:56.2%  
  19.81           3.51048e-12     1.98149e-12      #dY:56.4%  
  19.88           3.35964e-12     1.89635e-12      #dY:56.4%  
  19.95           3.21531e-12     1.81488e-12      #dY:56.4%  
  20.15           0.00            0.00                        
//
#-------------------------------------------------------------------------------
#
#name:   JENDL-5: U-235(N,F) E_in=15. MeV
#X.axis: Energy
#Y.axis: 
#wdata:  3
#ldata:  417
#data...
# X               Y               +-dY           
# MeV             1/eV            1/eV           
  0.00            0.00            0.00                        
  1.00e-11        1.57924e-12     0.00                        
  1.20e-11        1.72997e-12     0.00                        
  1.40e-11        1.86858e-12     0.00                        
  1.60e-11        1.9976e-12      0.00                        
  1.80e-11        2.11878e-12     0.00                        
  2.20e-11        2.3424e-12      0.00                        
  2.50e-11        2.497e-12       0.00                        
  2.90e-11        2.68936e-12     0.00                        
  3.40e-11        2.91198e-12     1.21089e-13      #dY:4.2%   
  4.00e-11        3.15849e-12     1.31339e-13      #dY:4.2%   
  4.60e-11        3.38711e-12     1.40846e-13      #dY:4.2%   
  5.40e-11        3.66984e-12     1.52603e-13      #dY:4.2%   
  6.30e-11        3.96388e-12     1.6483e-13       #dY:4.2%   
  7.40e-11        4.29602e-12     1.78641e-13      #dY:4.2%   
  8.60e-11        4.63127e-12     1.92582e-13      #dY:4.2%   
  1.00e-10        4.99403e-12     2.42724e-13      #dY:4.9%   
  1.20e-10        5.4707e-12      2.65891e-13      #dY:4.9%   
  1.40e-10        5.90903e-12     2.87195e-13      #dY:4.9%   
  1.60e-10        6.31703e-12     3.07025e-13      #dY:4.9%   
  1.80e-10        6.70022e-12     3.2565e-13       #dY:4.9%   
  2.20e-10        7.40739e-12     3.6002e-13       #dY:4.9%   
  2.50e-10        7.89631e-12     3.83783e-13      #dY:4.9%   
  2.90e-10        8.5046e-12      4.13347e-13      #dY:4.9%   
  3.40e-10        9.20863e-12     4.43747e-13      #dY:4.8%   
  4.00e-10        9.98817e-12     4.81311e-13      #dY:4.8%   
  4.60e-10        1.07111e-11     5.16148e-13      #dY:4.8%   
  5.40e-10        1.16053e-11     5.59238e-13      #dY:4.8%   
  6.30e-10        1.25351e-11     6.04043e-13      #dY:4.8%   
  7.40e-10        1.35855e-11     6.5466e-13       #dY:4.8%   
  8.60e-10        1.46457e-11     7.05749e-13      #dY:4.8%   
  1.00e-9         1.57929e-11     7.61031e-13      #dY:4.8%   
  1.20e-9         1.73003e-11     8.40807e-13      #dY:4.9%   
  1.40e-9         1.86865e-11     9.08178e-13      #dY:4.9%   
  1.60e-9         1.99768e-11     9.70887e-13      #dY:4.9%   
  1.80e-9         2.11886e-11     1.02978e-12      #dY:4.9%   
  2.20e-9         2.3425e-11      1.13847e-12      #dY:4.9%   
  2.50e-9         2.49712e-11     1.21362e-12      #dY:4.9%   
  2.90e-9         2.6895e-11      1.30712e-12      #dY:4.9%   
  3.40e-9         2.91215e-11     1.40322e-12      #dY:4.8%   
  4.00e-9         3.15869e-11     1.52201e-12      #dY:4.8%   
  4.60e-9         3.38733e-11     1.63218e-12      #dY:4.8%   
  5.40e-9         3.6701e-11      1.76844e-12      #dY:4.8%   
  6.30e-9         3.96419e-11     1.91014e-12      #dY:4.8%   
  7.40e-9         4.29638e-11     2.07021e-12      #dY:4.8%   
  8.60e-9         4.63169e-11     2.23178e-12      #dY:4.8%   
  1.00e-8         4.99452e-11     2.42724e-12      #dY:4.9%   
  1.20e-8         5.47128e-11     2.65894e-12      #dY:4.9%   
  1.40e-8         5.90971e-11     2.87201e-12      #dY:4.9%   
  1.60e-8         6.3178e-11      3.07033e-12      #dY:4.9%   
  1.80e-8         6.70109e-11     3.2566e-12       #dY:4.9%   
  2.20e-8         7.40845e-11     3.60036e-12      #dY:4.9%   
  2.50e-8         7.89752e-11     3.83804e-12      #dY:4.9%   
  2.90e-8         8.506e-11       4.13375e-12      #dY:4.9%   
  3.40e-8         9.21027e-11     4.43756e-12      #dY:4.8%   
  4.00e-8         9.99011e-11     4.81329e-12      #dY:4.8%   
  4.60e-8         1.07134e-10     5.16178e-12      #dY:4.8%   
  5.40e-8         1.16079e-10     5.59275e-12      #dY:4.8%   
  6.30e-8         1.25382e-10     6.04098e-12      #dY:4.8%   
  7.40e-8         1.35891e-10     6.54731e-12      #dY:4.8%   
  8.60e-8         1.46498e-10     7.05836e-12      #dY:4.8%   
  1.00e-7         1.57977e-10     7.61143e-12      #dY:4.8%   
  1.20e-7         1.73044e-10     8.40802e-12      #dY:4.9%   
  1.40e-7         1.86923e-10     9.08238e-12      #dY:4.9%   
  1.60e-7         1.99845e-10     9.71025e-12      #dY:4.9%   
  1.80e-7         2.11929e-10     1.02974e-11      #dY:4.9%   
  2.20e-7         2.34299e-10     1.13843e-11      #dY:4.9%   
  2.50e-7         2.49768e-10     1.2136e-11       #dY:4.9%   
  2.90e-7         2.69014e-10     1.30711e-11      #dY:4.9%   
  3.40e-7         2.9129e-10      1.40148e-11      #dY:4.8%   
  4.00e-7         3.1592e-10      1.51998e-11      #dY:4.8%   
  4.60e-7         3.38792e-10     1.63002e-11      #dY:4.8%   
  5.40e-7         3.6708e-10      1.76613e-11      #dY:4.8%   
  6.30e-7         3.965e-10       1.90767e-11      #dY:4.8%   
  7.40e-7         4.29734e-10     2.06757e-11      #dY:4.8%   
  8.60e-7         4.6328e-10      2.22897e-11      #dY:4.8%   
  1.00e-6         4.99581e-10     2.40363e-11      #dY:4.8%   
  1.20e-6         5.47283e-10     2.65573e-11      #dY:4.9%   
  1.40e-6         5.91153e-10     2.86861e-11      #dY:4.9%   
  1.60e-6         6.31988e-10     3.06676e-11      #dY:4.9%   
  1.80e-6         6.70344e-10     3.25289e-11      #dY:4.9%   
  2.20e-6         7.41132e-10     3.59639e-11      #dY:4.9%   
  2.50e-6         7.90079e-10     3.83391e-11      #dY:4.9%   
  2.90e-6         8.50979e-10     4.12943e-11      #dY:4.9%   
  3.40e-6         9.21473e-10     4.43262e-11      #dY:4.8%   
  4.00e-6         9.99536e-10     4.80814e-11      #dY:4.8%   
  4.60e-6         1.07194e-9      5.15643e-11      #dY:4.8%   
  5.40e-6         1.1615e-9       5.58724e-11      #dY:4.8%   
  6.30e-6         1.25465e-9      6.03533e-11      #dY:4.8%   
  7.40e-6         1.35989e-9      6.54157e-11      #dY:4.8%   
  8.60e-6         1.46612e-9      7.05258e-11      #dY:4.8%   
  1.00e-5         1.5811e-9       7.60567e-11      #dY:4.8%   
  1.20e-5         1.73221e-9      8.40083e-11      #dY:4.8%   
  1.40e-5         1.8712e-9       9.0749e-11       #dY:4.8%   
  1.60e-5         2.00059e-9      9.70242e-11      #dY:4.8%   
  1.80e-5         2.12215e-9      1.0292e-10       #dY:4.8%   
  2.20e-5         2.34653e-9      1.13801e-10      #dY:4.8%   
  2.50e-5         2.50171e-9      1.21327e-10      #dY:4.8%   
  2.90e-5         2.69482e-9      1.30693e-10      #dY:4.8%   
  3.40e-5         2.91841e-9      1.40059e-10      #dY:4.8%   
  4.00e-5         3.16607e-9      1.51945e-10      #dY:4.8%   
  4.60e-5         3.39584e-9      1.62972e-10      #dY:4.8%   
  5.40e-5         3.68012e-9      1.76615e-10      #dY:4.8%   
  6.30e-5         3.9759e-9       1.9081e-10       #dY:4.8%   
  7.40e-5         4.31018e-9      2.06853e-10      #dY:4.8%   
  8.60e-5         4.64777e-9      2.23054e-10      #dY:4.8%   
  1.00e-4         5.01326e-9      2.40595e-10      #dY:4.8%   
  1.20e-4         5.49384e-9      2.6524e-10       #dY:4.8%   
  1.40e-4         5.93611e-9      2.86593e-10      #dY:4.8%   
  1.60e-4         6.34805e-9      3.06481e-10      #dY:4.8%   
  1.80e-4         6.7352e-9       3.25173e-10      #dY:4.8%   
  2.20e-4         7.4503e-9       3.59698e-10      #dY:4.8%   
  2.50e-4         7.94519e-9      3.83591e-10      #dY:4.8%   
  2.90e-4         8.56146e-9      4.13344e-10      #dY:4.8%   
  3.40e-4         9.27549e-9      4.41871e-10      #dY:4.8%   
  4.00e-4         1.00671e-8      4.79582e-10      #dY:4.8%   
  4.60e-4         1.08021e-8      5.14596e-10      #dY:4.8%   
  5.40e-4         1.17123e-8      5.57957e-10      #dY:4.8%   
  6.30e-4         1.26604e-8      6.03123e-10      #dY:4.8%   
  7.40e-4         1.3733e-8       6.5422e-10       #dY:4.8%   
  8.60e-4         1.48176e-8      7.05888e-10      #dY:4.8%   
  1.00e-3         1.59932e-8      7.61892e-10      #dY:4.8%   
  1.20e-3         1.75413e-8      8.36349e-10      #dY:4.8%   
  1.40e-3         1.89682e-8      9.04382e-10      #dY:4.8%   
  1.60e-3         2.02992e-8      9.67842e-10      #dY:4.8%   
  1.80e-3         2.15518e-8      1.02756e-9       #dY:4.8%   
  2.20e-3         2.38696e-8      1.13808e-9       #dY:4.8%   
  2.50e-3         2.54768e-8      1.2147e-9        #dY:4.8%   
  2.90e-3         2.74817e-8      1.3103e-9        #dY:4.8%   
  3.40e-3         2.98095e-8      1.39006e-9       #dY:4.7%   
  4.00e-3         3.2396e-8       1.51068e-9       #dY:4.7%   
  4.60e-3         3.48031e-8      1.62292e-9       #dY:4.7%   
  5.40e-3         3.7791e-8       1.76225e-9       #dY:4.7%   
  6.30e-3         4.0911e-8       1.90775e-9       #dY:4.7%   
  7.40e-3         4.44503e-8      2.07279e-9       #dY:4.7%   
  8.60e-3         4.80386e-8      2.24012e-9       #dY:4.7%   
  0.01            5.19388e-8      2.42199e-9       #dY:4.7%   
  0.012           5.70903e-8      2.62136e-9       #dY:4.6%   
  0.014           6.18535e-8      2.84007e-9       #dY:4.6%   
  0.016           6.63082e-8      3.04461e-9       #dY:4.6%   
  0.018           7.05103e-8      3.23755e-9       #dY:4.6%   
  0.022           7.83084e-8      3.59561e-9       #dY:4.6%   
  0.025           8.37313e-8      3.84461e-9       #dY:4.6%   
  0.029           9.05115e-8      4.15593e-9       #dY:4.6%   
  0.034           9.84022e-8      4.3029e-9        #dY:4.4%   
  0.04            1.07189e-7      4.68712e-9       #dY:4.4%   
  0.046           1.1538e-7       5.04529e-9       #dY:4.4%   
  0.054           1.25561e-7      5.49049e-9       #dY:4.4%   
  0.063           1.362e-7        5.9557e-9        #dY:4.4%   
  0.074           1.4827e-7       6.4835e-9        #dY:4.4%   
  0.075           1.49324e-7      6.52959e-9       #dY:4.4%   
  0.15            2.14941e-7      8.94543e-9       #dY:4.2%   
  0.225           2.56947e-7      1.14844e-8       #dY:4.5%   
  0.3             2.90487e-7      1.29835e-8       #dY:4.5%   
  0.375           3.12075e-7      1.39483e-8       #dY:4.5%   
  0.45            3.29507e-7      1.412e-8         #dY:4.3%   
  0.525           3.40287e-7      1.45819e-8       #dY:4.3%   
  0.6             3.48497e-7      1.49337e-8       #dY:4.3%   
  0.675           3.51503e-7      1.52869e-8       #dY:4.3%   
  0.75            3.52826e-7      1.53445e-8       #dY:4.3%   
  0.825           3.51314e-7      1.45231e-8       #dY:4.1%   
  0.9             3.4864e-7       1.44126e-8       #dY:4.1%   
  0.975           3.44155e-7      1.42272e-8       #dY:4.1%   
  1.05            3.38845e-7      1.29899e-8       #dY:3.8%   
  1.125           3.32465e-7      1.27454e-8       #dY:3.8%   
  1.2             3.25512e-7      1.24788e-8       #dY:3.8%   
  1.275           3.17882e-7      1.1064e-8        #dY:3.5%   
  1.35            3.09895e-7      1.0786e-8        #dY:3.5%   
  1.425           3.01531e-7      9.17582e-9       #dY:3.0%   
  1.5             2.92961e-7      8.91503e-9       #dY:3.0%   
  1.575           2.84079e-7      8.64474e-9       #dY:3.0%   
  1.65            2.75099e-7      7.00871e-9       #dY:2.5%   
  1.725           2.66097e-7      6.77936e-9       #dY:2.5%   
  1.8             2.57075e-7      6.54951e-9       #dY:2.5%   
  1.875           2.47977e-7      4.98425e-9       #dY:2.0%   
  1.95            2.38915e-7      4.8021e-9        #dY:2.0%   
  2.025           2.29967e-7      3.35026e-9       #dY:1.5%   
  2.1             2.21094e-7      3.221e-9         #dY:1.5%   
  2.175           2.12505e-7      3.09587e-9       #dY:1.5%   
  2.25            2.04019e-7      1.84161e-9       #dY:0.9%   
  2.325           1.95719e-7      1.76669e-9       #dY:0.9%   
  2.4             1.87541e-7      1.69287e-9       #dY:0.9%   
  2.475           1.79729e-7      8.97392e-10      #dY:0.5%   
  2.55            1.72051e-7      8.59056e-10      #dY:0.5%   
  2.625           1.6474e-7       1.19289e-9       #dY:0.7%   
  2.7             1.5757e-7       1.14097e-9       #dY:0.7%   
  2.775           1.50792e-7      1.09189e-9       #dY:0.7%   
  2.85            1.44158e-7      1.91309e-9       #dY:1.3%   
  2.925           1.3792e-7       1.83031e-9       #dY:1.3%   
  3               1.31826e-7      1.74944e-9       #dY:1.3%   
  3.075           1.26065e-7      2.53061e-9       #dY:2.0%   
  3.15            1.20446e-7      2.41782e-9       #dY:2.0%   
  3.225           1.15162e-7      3.16131e-9       #dY:2.7%   
  3.3             1.10014e-7      3.02e-9          #dY:2.7%   
  3.375           1.05185e-7      2.88743e-9       #dY:2.7%   
  3.45            1.00488e-7      3.50659e-9       #dY:3.5%   
  3.525           9.60797e-8      3.35276e-9       #dY:3.5%   
  3.6             9.17981e-8      3.20335e-9       #dY:3.5%   
  3.675           8.77801e-8      3.75009e-9       #dY:4.3%   
  3.75            8.38824e-8      3.58357e-9       #dY:4.3%   
  3.825           8.02381e-8      4.05954e-9       #dY:5.1%   
  3.9             7.67077e-8      3.88092e-9       #dY:5.1%   
  3.975           7.34302e-8      3.7151e-9        #dY:5.1%   
  4.05            7.02602e-8      4.11201e-9       #dY:5.9%   
  4.125           6.73132e-8      3.93954e-9       #dY:5.9%   
  4.2             6.44673e-8      3.77298e-9       #dY:5.9%   
  4.275           6.18073e-8      4.09692e-9       #dY:6.6%   
  4.35            5.9242e-8       3.92688e-9       #dY:6.6%   
  4.425           5.68372e-8      4.20119e-9       #dY:7.4%   
  4.5             5.45209e-8      4.02998e-9       #dY:7.4%   
  4.575           5.23395e-8      3.86874e-9       #dY:7.4%   
  4.65            5.02407e-8      4.08277e-9       #dY:8.1%   
  4.725           4.82486e-8      3.92088e-9       #dY:8.1%   
  4.8             4.63334e-8      3.76525e-9       #dY:8.1%   
  4.875           4.44975e-8      3.92891e-9       #dY:8.8%   
  4.95            4.27331e-8      3.77312e-9       #dY:8.8%   
  5.025           4.10482e-8      3.90075e-9       #dY:9.5%   
  5.1             3.94295e-8      3.74692e-9       #dY:9.5%   
  5.175           3.78925e-8      3.60087e-9       #dY:9.5%   
  5.25            3.64167e-8      3.69571e-9       #dY:10.1%  
  5.325           3.5007e-8       3.55265e-9       #dY:10.1%  
  5.4             3.3654e-8       3.41534e-9       #dY:10.1%  
  5.475           3.23498e-8      3.47957e-9       #dY:10.8%  
  5.55            3.10981e-8      3.34493e-9       #dY:10.8%  
  5.625           2.98984e-8      3.38952e-9       #dY:11.3%  
  5.7             2.87472e-8      3.25901e-9       #dY:11.3%  
  5.775           2.7653e-8       3.13496e-9       #dY:11.3%  
  5.85            2.66034e-8      3.16018e-9       #dY:11.9%  
  5.925           2.56014e-8      3.04116e-9       #dY:11.9%  
  6               2.46405e-8      2.92701e-9       #dY:11.9%  
  6.075           2.37186e-8      2.93612e-9       #dY:12.4%  
  6.15            2.28345e-8      2.82668e-9       #dY:12.4%  
  6.225           2.19898e-8      2.82466e-9       #dY:12.8%  
  6.3             2.11798e-8      2.72061e-9       #dY:12.8%  
  6.375           2.04139e-8      2.62223e-9       #dY:12.8%  
  6.45            1.96801e-8      2.60865e-9       #dY:13.3%  
  6.525           1.89802e-8      2.51588e-9       #dY:13.3%  
  6.6             1.83098e-8      2.42701e-9       #dY:13.3%  
  6.675           1.76621e-8      2.40209e-9       #dY:13.6%  
  6.75            1.70414e-8      2.31767e-9       #dY:13.6%  
  6.825           1.64479e-8      2.28357e-9       #dY:13.9%  
  6.9             1.58792e-8      2.20461e-9       #dY:13.9%  
  6.975           1.53444e-8      2.13036e-9       #dY:13.9%  
  7.05            1.48322e-8      2.09393e-9       #dY:14.1%  
  7.125           1.43455e-8      2.02522e-9       #dY:14.1%  
  7.2             1.38796e-8      1.95945e-9       #dY:14.1%  
  7.275           1.34289e-8      1.91721e-9       #dY:14.3%  
  7.35            1.29973e-8      1.85559e-9       #dY:14.3%  
  7.425           1.25862e-8      1.80785e-9       #dY:14.4%  
  7.5             1.21925e-8      1.7513e-9        #dY:14.4%  
  7.575           1.18254e-8      1.69857e-9       #dY:14.4%  
  7.65            1.14745e-8      1.65153e-9       #dY:14.4%  
  7.725           1.11437e-8      1.60391e-9       #dY:14.4%  
  7.8             1.08276e-8      1.55842e-9       #dY:14.4%  
  7.875           1.0523e-8       1.50642e-9       #dY:14.3%  
  7.95            1.02319e-8      1.46474e-9       #dY:14.3%  
  8.025           9.95669e-9      1.4092e-9        #dY:14.2%  
  8.1             9.6938e-9       1.372e-9         #dY:14.2%  
  8.175           9.44648e-9      1.33699e-9       #dY:14.2%  
  8.25            9.21039e-9      1.27885e-9       #dY:13.9%  
  8.325           8.96771e-9      1.24516e-9       #dY:13.9%  
  8.4             8.7353e-9       1.21289e-9       #dY:13.9%  
  8.475           8.52134e-9      1.15935e-9       #dY:13.6%  
  8.55            8.31676e-9      1.13152e-9       #dY:13.6%  
  8.625           8.07402e-9      1.07009e-9       #dY:13.3%  
  8.7             7.83985e-9      1.03905e-9       #dY:13.3%  
  8.775           7.54909e-9      1.00052e-9       #dY:13.3%  
  8.85            7.26617e-9      9.51144e-10      #dY:13.1%  
  8.925           6.92385e-9      9.06334e-10      #dY:13.1%  
  9               6.58869e-9      8.62461e-10      #dY:13.1%  
  9.075           6.18868e-9      8.17321e-10      #dY:13.2%  
  9.15            5.79522e-9      7.65358e-10      #dY:13.2%  
  9.225           5.05216e-9      7.04532e-10      #dY:13.9%  
  9.3             4.31507e-9      6.01743e-10      #dY:13.9%  
  9.375           3.55487e-9      4.95732e-10      #dY:13.9%  
  9.45            2.80011e-9      4.95319e-10      #dY:17.7%  
  9.525           2.52629e-9      4.46883e-10      #dY:17.7%  
  9.6             2.25743e-9      3.99323e-10      #dY:17.7%  
  9.675           2.13513e-9      5.55009e-10      #dY:26.0%  
  9.75            2.01736e-9      5.24396e-10      #dY:26.0%  
  9.825           1.92419e-9      5.74285e-10      #dY:29.8%  
  9.9             1.83517e-9      5.47717e-10      #dY:29.8%  
  9.975           1.75155e-9      5.2276e-10       #dY:29.8%  
  10.05           1.67171e-9      5.14851e-10      #dY:30.8%  
  10.125          1.59558e-9      4.91404e-10      #dY:30.8%  
  10.2            1.52289e-9      4.69017e-10      #dY:30.8%  
  10.275          1.45351e-9      4.581e-10        #dY:31.5%  
  10.35           1.38727e-9      4.37224e-10      #dY:31.5%  
  10.425          1.32403e-9      4.26552e-10      #dY:32.2%  
  10.5            1.26366e-9      4.07103e-10      #dY:32.2%  
  10.575          1.20604e-9      3.8854e-10       #dY:32.2%  
  10.65           1.15103e-9      3.78748e-10      #dY:32.9%  
  10.725          1.09852e-9      3.6147e-10       #dY:32.9%  
  10.8            1.04839e-9      3.44975e-10      #dY:32.9%  
  10.875          1.00055e-9      3.36848e-10      #dY:33.7%  
  10.95           9.54875e-10     3.21471e-10      #dY:33.7%  
  11.025          9.11282e-10     3.12798e-10      #dY:34.3%  
  11.1            8.69671e-10     2.98515e-10      #dY:34.3%  
  11.175          8.29955e-10     2.84882e-10      #dY:34.3%  
  11.25           7.92046e-10     2.76975e-10      #dY:35.0%  
  11.325          7.55864e-10     2.64322e-10      #dY:35.0%  
  11.4            7.2133e-10      2.52246e-10      #dY:35.0%  
  11.475          6.88369e-10     2.45045e-10      #dY:35.6%  
  11.55           6.56909e-10     2.33846e-10      #dY:35.6%  
  11.625          6.26884e-10     2.27543e-10      #dY:36.3%  
  11.7            5.98228e-10     2.17142e-10      #dY:36.3%  
  11.775          5.70878e-10     2.07214e-10      #dY:36.3%  
  11.85           5.44776e-10     2.01004e-10      #dY:36.9%  
  11.925          5.19865e-10     1.91813e-10      #dY:36.9%  
  12              4.9609e-10      1.8304e-10       #dY:36.9%  
  12.075          4.73401e-10     1.77428e-10      #dY:37.5%  
  12.15           4.51747e-10     1.69312e-10      #dY:37.5%  
  12.225          4.31082e-10     1.64372e-10      #dY:38.1%  
  12.3            4.1136e-10      1.56852e-10      #dY:38.1%  
  12.375          3.9254e-10      1.49676e-10      #dY:38.1%  
  12.45           3.74579e-10     1.45208e-10      #dY:38.8%  
  12.525          3.57438e-10     1.38564e-10      #dY:38.8%  
  12.6            3.41081e-10     1.32223e-10      #dY:38.8%  
  12.675          3.25471e-10     1.27911e-10      #dY:39.3%  
  12.75           3.10575e-10     1.22056e-10      #dY:39.3%  
  12.825          2.9636e-10      1.18254e-10      #dY:39.9%  
  12.9            2.82794e-10     1.12841e-10      #dY:39.9%  
  12.975          2.69849e-10     1.07676e-10      #dY:39.9%  
  13.05           2.57496e-10     1.04256e-10      #dY:40.5%  
  13.125          2.45708e-10     9.94831e-11      #dY:40.5%  
  13.2            2.34459e-10     9.49286e-11      #dY:40.5%  
  13.275          2.23725e-10     9.18494e-11      #dY:41.1%  
  13.35           2.13482e-10     8.76442e-11      #dY:41.1%  
  13.425          2.03708e-10     8.4588e-11       #dY:41.5%  
  13.5            1.94381e-10     8.07151e-11      #dY:41.5%  
  13.575          1.8548e-10      7.7019e-11       #dY:41.5%  
  13.65           1.76987e-10     7.44423e-11      #dY:42.1%  
  13.725          1.68883e-10     7.10337e-11      #dY:42.1%  
  13.8            1.6115e-10      6.77811e-11      #dY:42.1%  
  13.875          1.53771e-10     6.55908e-11      #dY:42.7%  
  13.95           1.46729e-10     6.2587e-11       #dY:42.7%  
  14.025          1.40011e-10     6.04208e-11      #dY:43.2%  
  14.1            1.33599e-10     5.76538e-11      #dY:43.2%  
  14.175          1.27482e-10     5.5014e-11       #dY:43.2%  
  14.25           1.21644e-10     5.30835e-11      #dY:43.6%  
  14.325          1.16074e-10     5.06529e-11      #dY:43.6%  
  14.4            1.10759e-10     4.83335e-11      #dY:43.6%  
  14.475          1.05687e-10     4.66087e-11      #dY:44.1%  
  14.55           1.00848e-10     4.44747e-11      #dY:44.1%  
  14.625          9.62299e-11     4.28694e-11      #dY:44.5%  
  14.7            9.18237e-11     4.09065e-11      #dY:44.5%  
  14.775          8.76193e-11     3.90335e-11      #dY:44.5%  
  14.85           8.36075e-11     3.76701e-11      #dY:45.1%  
  14.925          7.97795e-11     3.59453e-11      #dY:45.1%  
  15              7.61269e-11     3.42996e-11      #dY:45.1%  
  15.075          7.26416e-11     3.30285e-11      #dY:45.5%  
  15.15           6.9316e-11      3.15164e-11      #dY:45.5%  
  15.225          6.61427e-11     3.03842e-11      #dY:45.9%  
  15.3            6.31148e-11     2.89933e-11      #dY:45.9%  
  15.375          6.02256e-11     2.76661e-11      #dY:45.9%  
  15.45           5.74688e-11     2.66176e-11      #dY:46.3%  
  15.525          5.48383e-11     2.53993e-11      #dY:46.3%  
  15.6            5.23283e-11     2.42367e-11      #dY:46.3%  
  15.675          4.99333e-11     2.33433e-11      #dY:46.7%  
  15.75           4.7648e-11      2.2275e-11       #dY:46.7%  
  15.825          4.54674e-11     2.14448e-11      #dY:47.2%  
  15.9            4.33868e-11     2.04635e-11      #dY:47.2%  
  15.975          4.14014e-11     1.95271e-11      #dY:47.2%  
  16.05           3.9507e-11      1.87626e-11      #dY:47.5%  
  16.125          3.76993e-11     1.79041e-11      #dY:47.5%  
  16.2            3.59745e-11     1.70849e-11      #dY:47.5%  
  16.275          3.43287e-11     1.64333e-11      #dY:47.9%  
  16.35           3.27583e-11     1.56815e-11      #dY:47.9%  
  16.425          3.12598e-11     1.50777e-11      #dY:48.2%  
  16.5            2.983e-11       1.43881e-11      #dY:48.2%  
  16.575          2.84656e-11     1.373e-11        #dY:48.2%  
  16.65           2.71637e-11     1.31952e-11      #dY:48.6%  
  16.725          2.59215e-11     1.25918e-11      #dY:48.6%  
  16.8            2.47361e-11     1.2016e-11       #dY:48.6%  
  16.875          2.36051e-11     1.15434e-11      #dY:48.9%  
  16.95           2.25258e-11     1.10156e-11      #dY:48.9%  
  17.025          2.1496e-11      1.05787e-11      #dY:49.2%  
  17.1            2.05133e-11     1.00951e-11      #dY:49.2%  
  17.175          1.95756e-11     9.6336e-12       #dY:49.2%  
  17.25           1.86809e-11     9.24742e-12      #dY:49.5%  
  17.325          1.78271e-11     8.82477e-12      #dY:49.5%  
  17.4            1.70124e-11     8.42148e-12      #dY:49.5%  
  17.475          1.6235e-11      8.09155e-12      #dY:49.8%  
  17.55           1.54931e-11     7.72178e-12      #dY:49.8%  
  17.625          1.47853e-11     7.40689e-12      #dY:50.1%  
  17.7            1.41098e-11     7.06849e-12      #dY:50.1%  
  17.775          1.34653e-11     6.74562e-12      #dY:50.1%  
  17.85           1.28502e-11     6.46823e-12      #dY:50.3%  
  17.925          1.22633e-11     6.17281e-12      #dY:50.3%  
  18              1.17033e-11     5.89094e-12      #dY:50.3%  
  18.075          1.11689e-11     5.65373e-12      #dY:50.6%  
  18.15           1.06589e-11     5.39556e-12      #dY:50.6%  
  18.225          1.01723e-11     5.16988e-12      #dY:50.8%  
  18.3            9.70789e-12     4.93385e-12      #dY:50.8%  
  18.375          9.26476e-12     4.70864e-12      #dY:50.8%  
  18.45           8.8419e-12      4.51591e-12      #dY:51.1%  
  18.525          8.43838e-12     4.30982e-12      #dY:51.1%  
  18.6            8.05332e-12     4.11315e-12      #dY:51.1%  
  18.675          7.68586e-12     3.94323e-12      #dY:51.3%  
  18.75           7.33521e-12     3.76333e-12      #dY:51.3%  
  18.825          7.00059e-12     3.60656e-12      #dY:51.5%  
  18.9            6.68127e-12     3.44205e-12      #dY:51.5%  
  18.975          6.37654e-12     3.28506e-12      #dY:51.5%  
  19.05           6.08575e-12     3.14358e-12      #dY:51.7%  
  19.125          5.80824e-12     3.00024e-12      #dY:51.7%  
  19.2            5.54342e-12     2.86345e-12      #dY:51.7%  
  19.275          5.29071e-12     2.74234e-12      #dY:51.8%  
  19.35           5.04954e-12     2.61734e-12      #dY:51.8%  
  19.425          4.81939e-12     2.50584e-12      #dY:52.0%  
  19.5            4.59975e-12     2.39164e-12      #dY:52.0%  
  19.575          4.39015e-12     2.28266e-12      #dY:52.0%  
  19.65           4.19012e-12     2.18479e-12      #dY:52.1%  
  19.725          3.99923e-12     2.08526e-12      #dY:52.1%  
  19.8            3.81706e-12     1.99027e-12      #dY:52.1%  
  19.875          3.6432e-12      1.90423e-12      #dY:52.3%  
  19.95           3.47729e-12     1.81751e-12      #dY:52.3%  
  20.15           0.00            0.00                        
//
#-------------------------------------------------------------------------------
#
#name:   JENDL-5: U-235(N,F) E_in=16. MeV
#X.axis: Energy
#Y.axis: 
#wdata:  3
#ldata:  401
#data...
# X               Y               +-dY           
# MeV             1/eV            1/eV           
  0.00            0.00            0.00                        
  1.00e-11        1.56706e-12     0.00                        
  1.20e-11        1.71663e-12     0.00                        
  1.40e-11        1.85417e-12     0.00                        
  1.60e-11        1.9822e-12      0.00                        
  1.80e-11        2.10244e-12     0.00                        
  2.20e-11        2.32433e-12     0.00                        
  2.50e-11        2.47775e-12     0.00                        
  2.90e-11        2.66862e-12     0.00                        
  3.40e-11        2.88953e-12     9.27338e-14      #dY:3.2%   
  4.00e-11        3.13413e-12     1.00584e-13      #dY:3.2%   
  4.60e-11        3.36099e-12     1.07864e-13      #dY:3.2%   
  5.40e-11        3.64154e-12     1.16868e-13      #dY:3.2%   
  6.30e-11        3.93331e-12     1.26232e-13      #dY:3.2%   
  7.40e-11        4.26289e-12     1.36809e-13      #dY:3.2%   
  8.60e-11        4.59556e-12     1.47486e-13      #dY:3.2%   
  1.00e-10        4.95552e-12     1.85884e-13      #dY:3.8%   
  1.20e-10        5.4285e-12      2.03626e-13      #dY:3.8%   
  1.40e-10        5.86346e-12     2.19941e-13      #dY:3.8%   
  1.60e-10        6.26831e-12     2.35127e-13      #dY:3.8%   
  1.80e-10        6.64855e-12     2.4939e-13       #dY:3.8%   
  2.20e-10        7.35026e-12     2.75712e-13      #dY:3.8%   
  2.50e-10        7.83541e-12     2.9391e-13       #dY:3.8%   
  2.90e-10        8.439e-12       3.16551e-13      #dY:3.8%   
  3.40e-10        9.1376e-12      3.39844e-13      #dY:3.7%   
  4.00e-10        9.91113e-12     3.68612e-13      #dY:3.7%   
  4.60e-10        1.06285e-11     3.95293e-13      #dY:3.7%   
  5.40e-10        1.15157e-11     4.28289e-13      #dY:3.7%   
  6.30e-10        1.24384e-11     4.62606e-13      #dY:3.7%   
  7.40e-10        1.34807e-11     5.01371e-13      #dY:3.7%   
  8.60e-10        1.45327e-11     5.40497e-13      #dY:3.7%   
  1.00e-9         1.56711e-11     5.82836e-13      #dY:3.7%   
  1.20e-9         1.71668e-11     6.43937e-13      #dY:3.8%   
  1.40e-9         1.85424e-11     6.95536e-13      #dY:3.8%   
  1.60e-9         1.98227e-11     7.43561e-13      #dY:3.8%   
  1.80e-9         2.10252e-11     7.88668e-13      #dY:3.8%   
  2.20e-9         2.32443e-11     8.71908e-13      #dY:3.8%   
  2.50e-9         2.47786e-11     9.2946e-13       #dY:3.8%   
  2.90e-9         2.66874e-11     1.00106e-12      #dY:3.8%   
  3.40e-9         2.88968e-11     1.07472e-12      #dY:3.7%   
  4.00e-9         3.13431e-11     1.1657e-12       #dY:3.7%   
  4.60e-9         3.36119e-11     1.25009e-12      #dY:3.7%   
  5.40e-9         3.64178e-11     1.35444e-12      #dY:3.7%   
  6.30e-9         3.93359e-11     1.46297e-12      #dY:3.7%   
  7.40e-9         4.26322e-11     1.58557e-12      #dY:3.7%   
  8.60e-9         4.59593e-11     1.70931e-12      #dY:3.7%   
  1.00e-8         4.95596e-11     1.85894e-12      #dY:3.8%   
  1.20e-8         5.42903e-11     2.03639e-12      #dY:3.8%   
  1.40e-8         5.86407e-11     2.19957e-12      #dY:3.8%   
  1.60e-8         6.26901e-11     2.35146e-12      #dY:3.8%   
  1.80e-8         6.64934e-11     2.49412e-12      #dY:3.8%   
  2.20e-8         7.35122e-11     2.75738e-12      #dY:3.8%   
  2.50e-8         7.83651e-11     2.93941e-12      #dY:3.8%   
  2.90e-8         8.44028e-11     3.16588e-12      #dY:3.8%   
  3.40e-8         9.1391e-11      3.39863e-12      #dY:3.7%   
  4.00e-8         9.91289e-11     3.68639e-12      #dY:3.7%   
  4.60e-8         1.06305e-10     3.95325e-12      #dY:3.7%   
  5.40e-8         1.15181e-10     4.28333e-12      #dY:3.7%   
  6.30e-8         1.24412e-10     4.62661e-12      #dY:3.7%   
  7.40e-8         1.3484e-10      5.0144e-12       #dY:3.7%   
  8.60e-8         1.45365e-10     5.40581e-12      #dY:3.7%   
  1.00e-7         1.56748e-10     5.82911e-12      #dY:3.7%   
  1.20e-7         1.71705e-10     6.43961e-12      #dY:3.8%   
  1.40e-7         1.85485e-10     6.95642e-12      #dY:3.8%   
  1.60e-7         1.98286e-10     7.4365e-12       #dY:3.8%   
  1.80e-7         2.103e-10       7.88708e-12      #dY:3.8%   
  2.20e-7         2.325e-10       8.71966e-12      #dY:3.8%   
  2.50e-7         2.47833e-10     9.29471e-12      #dY:3.8%   
  2.90e-7         2.66929e-10     1.00109e-11      #dY:3.8%   
  3.40e-7         2.89032e-10     1.07479e-11      #dY:3.7%   
  4.00e-7         3.13468e-10     1.16565e-11      #dY:3.7%   
  4.60e-7         3.36161e-10     1.25004e-11      #dY:3.7%   
  5.40e-7         3.64228e-10     1.35441e-11      #dY:3.7%   
  6.30e-7         3.93417e-10     1.46295e-11      #dY:3.7%   
  7.40e-7         4.2639e-10      1.58556e-11      #dY:3.7%   
  8.60e-7         4.59673e-10     1.70933e-11      #dY:3.7%   
  1.00e-6         4.95689e-10     1.84325e-11      #dY:3.7%   
  1.20e-6         5.43015e-10     2.03675e-11      #dY:3.8%   
  1.40e-6         5.86538e-10     2.20e-11         #dY:3.8%   
  1.60e-6         6.27051e-10     2.35195e-11      #dY:3.8%   
  1.80e-6         6.65103e-10     2.49468e-11      #dY:3.8%   
  2.20e-6         7.35329e-10     2.75808e-11      #dY:3.8%   
  2.50e-6         7.83886e-10     2.94021e-11      #dY:3.8%   
  2.90e-6         8.44301e-10     3.16682e-11      #dY:3.8%   
  3.40e-6         9.14231e-10     3.39993e-11      #dY:3.7%   
  4.00e-6         9.91668e-10     3.68791e-11      #dY:3.7%   
  4.60e-6         1.06349e-9      3.95501e-11      #dY:3.7%   
  5.40e-6         1.15233e-9      4.2854e-11       #dY:3.7%   
  6.30e-6         1.24472e-9      4.62899e-11      #dY:3.7%   
  7.40e-6         1.3491e-9       5.01717e-11      #dY:3.7%   
  8.60e-6         1.45448e-9      5.40907e-11      #dY:3.7%   
  1.00e-5         1.56851e-9      5.83313e-11      #dY:3.7%   
  1.20e-5         1.71837e-9      6.43466e-11      #dY:3.7%   
  1.40e-5         1.85621e-9      6.95082e-11      #dY:3.7%   
  1.60e-5         1.98453e-9      7.43133e-11      #dY:3.7%   
  1.80e-5         2.10506e-9      7.88267e-11      #dY:3.7%   
  2.20e-5         2.32755e-9      8.71581e-11      #dY:3.7%   
  2.50e-5         2.48142e-9      9.292e-11        #dY:3.7%   
  2.90e-5         2.67288e-9      1.00089e-10      #dY:3.7%   
  3.40e-5         2.89454e-9      1.07283e-10      #dY:3.7%   
  4.00e-5         3.14005e-9      1.16383e-10      #dY:3.7%   
  4.60e-5         3.36781e-9      1.24825e-10      #dY:3.7%   
  5.40e-5         3.64957e-9      1.35268e-10      #dY:3.7%   
  6.30e-5         3.94272e-9      1.46133e-10      #dY:3.7%   
  7.40e-5         4.27398e-9      1.58411e-10      #dY:3.7%   
  8.60e-5         4.60848e-9      1.70809e-10      #dY:3.7%   
  1.00e-4         4.97059e-9      1.8423e-10       #dY:3.7%   
  1.20e-4         5.44667e-9      2.0325e-10       #dY:3.7%   
  1.40e-4         5.88472e-9      2.19596e-10      #dY:3.7%   
  1.60e-4         6.29268e-9      2.3482e-10       #dY:3.7%   
  1.80e-4         6.67605e-9      2.49126e-10      #dY:3.7%   
  2.20e-4         7.38402e-9      2.75545e-10      #dY:3.7%   
  2.50e-4         7.87389e-9      2.93825e-10      #dY:3.7%   
  2.90e-4         8.4838e-9       3.16585e-10      #dY:3.7%   
  3.40e-4         9.19031e-9      3.38764e-10      #dY:3.7%   
  4.00e-4         9.97338e-9      3.67629e-10      #dY:3.7%   
  4.60e-4         1.07003e-8      3.94424e-10      #dY:3.7%   
  5.40e-4         1.16003e-8      4.27598e-10      #dY:3.7%   
  6.30e-4         1.25375e-8      4.62145e-10      #dY:3.7%   
  7.40e-4         1.35974e-8      5.01214e-10      #dY:3.7%   
  8.60e-4         1.46687e-8      5.40703e-10      #dY:3.7%   
  1.00e-3         1.58297e-8      5.83498e-10      #dY:3.7%   
  1.20e-3         1.73577e-8      6.40573e-10      #dY:3.7%   
  1.40e-3         1.87656e-8      6.92531e-10      #dY:3.7%   
  1.60e-3         2.00783e-8      7.40975e-10      #dY:3.7%   
  1.80e-3         2.13131e-8      7.86544e-10      #dY:3.7%   
  2.20e-3         2.35969e-8      8.70826e-10      #dY:3.7%   
  2.50e-3         2.51796e-8      9.29234e-10      #dY:3.7%   
  2.90e-3         2.71529e-8      1.00206e-9       #dY:3.7%   
  3.40e-3         2.94426e-8      1.06332e-9       #dY:3.6%   
  4.00e-3         3.19849e-8      1.15514e-9       #dY:3.6%   
  4.60e-3         3.43492e-8      1.24053e-9       #dY:3.6%   
  5.40e-3         3.72817e-8      1.34643e-9       #dY:3.6%   
  6.30e-3         4.03412e-8      1.45693e-9       #dY:3.6%   
  7.40e-3         4.38087e-8      1.58216e-9       #dY:3.6%   
  8.60e-3         4.73208e-8      1.709e-9         #dY:3.6%   
  0.01            5.11343e-8      1.84672e-9       #dY:3.6%   
  0.012           5.61651e-8      2.00369e-9       #dY:3.6%   
  0.014           6.08105e-8      2.16942e-9       #dY:3.6%   
  0.016           6.51499e-8      2.32422e-9       #dY:3.6%   
  0.018           6.92384e-8      2.47008e-9       #dY:3.6%   
  0.022           7.68143e-8      2.74035e-9       #dY:3.6%   
  0.025           8.20737e-8      2.92798e-9       #dY:3.6%   
  0.029           8.86394e-8      3.16221e-9       #dY:3.6%   
  0.034           9.62664e-8      3.28452e-9       #dY:3.4%   
  0.04            1.04742e-7      3.5737e-9        #dY:3.4%   
  0.046           1.12626e-7      3.84269e-9       #dY:3.4%   
  0.054           1.22403e-7      4.17627e-9       #dY:3.4%   
  0.063           1.32595e-7      4.52401e-9       #dY:3.4%   
  0.074           1.44125e-7      4.91741e-9       #dY:3.4%   
  0.08            1.50057e-7      5.1198e-9        #dY:3.4%   
  0.16            2.14081e-7      6.99587e-9       #dY:3.3%   
  0.24            2.54478e-7      8.99037e-9       #dY:3.5%   
  0.32            2.86114e-7      1.0108e-8        #dY:3.5%   
  0.4             3.06621e-7      1.08325e-8       #dY:3.5%   
  0.48            3.22831e-7      1.09425e-8       #dY:3.4%   
  0.56            3.32017e-7      1.12539e-8       #dY:3.4%   
  0.64            3.38591e-7      1.16213e-8       #dY:3.4%   
  0.72            3.40729e-7      1.16947e-8       #dY:3.4%   
  0.8             3.41172e-7      1.17099e-8       #dY:3.4%   
  0.88            3.38856e-7      1.10317e-8       #dY:3.3%   
  0.96            3.35384e-7      1.09186e-8       #dY:3.3%   
  1.04            3.30406e-7      9.97176e-9       #dY:3.0%   
  1.12            3.24619e-7      9.7971e-9        #dY:3.0%   
  1.2             3.17877e-7      9.59363e-9       #dY:3.0%   
  1.28            3.1062e-7       8.50114e-9       #dY:2.7%   
  1.36            3.02789e-7      8.28681e-9       #dY:2.7%   
  1.44            2.94654e-7      7.10921e-9       #dY:2.4%   
  1.52            2.86185e-7      6.90488e-9       #dY:2.4%   
  1.6             2.7756e-7       6.69678e-9       #dY:2.4%   
  1.68            2.68685e-7      5.44741e-9       #dY:2.0%   
  1.76            2.59759e-7      5.26644e-9       #dY:2.0%   
  1.84            2.50771e-7      4.06004e-9       #dY:1.6%   
  1.92            2.41805e-7      3.91488e-9       #dY:1.6%   
  2               2.32901e-7      3.77072e-9       #dY:1.6%   
  2.08            2.24071e-7      2.71212e-9       #dY:1.2%   
  2.16            2.15477e-7      2.6081e-9        #dY:1.2%   
  2.24            2.06994e-7      1.65183e-9       #dY:0.8%   
  2.32            1.98663e-7      1.58534e-9       #dY:0.8%   
  2.4             1.90466e-7      1.51993e-9       #dY:0.8%   
  2.48            1.82613e-7      8.61979e-10      #dY:0.5%   
  2.56            1.74909e-7      8.25614e-10      #dY:0.5%   
  2.64            1.67531e-7      8.51924e-10      #dY:0.5%   
  2.72            1.60311e-7      8.15209e-10      #dY:0.5%   
  2.8             1.53406e-7      7.80096e-10      #dY:0.5%   
  2.88            1.4666e-7       1.30127e-9       #dY:0.9%   
  2.96            1.40261e-7      1.24449e-9       #dY:0.9%   
  3.04            1.34022e-7      1.82414e-9       #dY:1.4%   
  3.12            1.28093e-7      1.74345e-9       #dY:1.4%   
  3.2             1.2232e-7       1.66487e-9       #dY:1.4%   
  3.28            1.16834e-7      2.19175e-9       #dY:1.9%   
  3.36            1.11499e-7      2.09167e-9       #dY:1.9%   
  3.44            1.06448e-7      2.55491e-9       #dY:2.4%   
  3.52            1.01543e-7      2.43719e-9       #dY:2.4%   
  3.6             9.69061e-8      2.32589e-9       #dY:2.4%   
  3.68            9.24081e-8      2.73346e-9       #dY:3.0%   
  3.76            8.81687e-8      2.60806e-9       #dY:3.0%   
  3.84            8.40607e-8      2.95384e-9       #dY:3.5%   
  3.92            8.01897e-8      2.81781e-9       #dY:3.5%   
  4               7.64423e-8      2.68613e-9       #dY:3.5%   
  4.08            7.28966e-8      2.98923e-9       #dY:4.1%   
  4.16            6.94669e-8      2.84859e-9       #dY:4.1%   
  4.24            6.62335e-8      3.10407e-9       #dY:4.7%   
  4.32            6.31086e-8      2.95762e-9       #dY:4.7%   
  4.4             6.01683e-8      2.81982e-9       #dY:4.7%   
  4.48            5.7329e-8       3.03383e-9       #dY:5.3%   
  4.56            5.46597e-8      2.89257e-9       #dY:5.3%   
  4.64            5.20843e-8      3.06962e-9       #dY:5.9%   
  4.72            4.96764e-8      2.92771e-9       #dY:5.9%   
  4.8             4.73557e-8      2.79094e-9       #dY:5.9%   
  4.88            4.51906e-8      2.94333e-9       #dY:6.5%   
  4.96            4.3106e-8       2.80756e-9       #dY:6.5%   
  5.04            4.11726e-8      2.93254e-9       #dY:7.1%   
  5.12            3.93137e-8      2.80014e-9       #dY:7.1%   
  5.2             3.76e-8         2.67808e-9       #dY:7.1%   
  5.28            3.59551e-8      2.77271e-9       #dY:7.7%   
  5.36            3.44373e-8      2.65566e-9       #dY:7.7%   
  5.44            3.29828e-8      2.72897e-9       #dY:8.3%   
  5.52            3.16233e-8      2.61649e-9       #dY:8.3%   
  5.6             3.03221e-8      2.50883e-9       #dY:8.3%   
  5.68            2.90887e-8      2.55253e-9       #dY:8.8%   
  5.76            2.79087e-8      2.44899e-9       #dY:8.8%   
  5.84            2.67862e-8      2.47872e-9       #dY:9.3%   
  5.92            2.57127e-8      2.37938e-9       #dY:9.3%   
  6               2.46972e-8      2.28541e-9       #dY:9.3%   
  6.08            2.37267e-8      2.29882e-9       #dY:9.7%   
  6.16            2.28085e-8      2.20986e-9       #dY:9.7%   
  6.24            2.19314e-8      2.21333e-9       #dY:10.1%  
  6.32            2.1094e-8       2.12881e-9       #dY:10.1%  
  6.4             2.02942e-8      2.0481e-9        #dY:10.1%  
  6.48            1.95239e-8      2.04061e-9       #dY:10.5%  
  6.56            1.87881e-8      1.9637e-9        #dY:10.5%  
  6.64            1.8081e-8       1.95514e-9       #dY:10.8%  
  6.72            1.74053e-8      1.88208e-9       #dY:10.8%  
  6.8             1.67615e-8      1.81246e-9       #dY:10.8%  
  6.88            1.61465e-8      1.79445e-9       #dY:11.1%  
  6.96            1.55648e-8      1.72981e-9       #dY:11.1%  
  7.04            1.50095e-8      1.6975e-9        #dY:11.3%  
  7.12            1.44807e-8      1.6377e-9        #dY:11.3%  
  7.2             1.39758e-8      1.58059e-9       #dY:11.3%  
  7.28            1.34904e-8      1.55279e-9       #dY:11.5%  
  7.36            1.30268e-8      1.49942e-9       #dY:11.5%  
  7.44            1.25835e-8      1.46077e-9       #dY:11.6%  
  7.52            1.21602e-8      1.41163e-9       #dY:11.6%  
  7.6             1.17601e-8      1.36519e-9       #dY:11.6%  
  7.68            1.13783e-8      1.33062e-9       #dY:11.7%  
  7.76            1.10193e-8      1.28864e-9       #dY:11.7%  
  7.84            1.06769e-8      1.25602e-9       #dY:11.8%  
  7.92            1.03518e-8      1.21778e-9       #dY:11.8%  
  8               1.00416e-8      1.18128e-9       #dY:11.8%  
  8.08            9.74334e-9      1.14236e-9       #dY:11.7%  
  8.16            9.45874e-9      1.10899e-9       #dY:11.7%  
  8.24            9.18868e-9      1.07354e-9       #dY:11.7%  
  8.32            8.93108e-9      1.04344e-9       #dY:11.7%  
  8.4             8.6917e-9       1.01548e-9       #dY:11.7%  
  8.48            8.46364e-9      9.75679e-10      #dY:11.5%  
  8.56            8.25392e-9      9.51503e-10      #dY:11.5%  
  8.64            8.05449e-9      9.14085e-10      #dY:11.3%  
  8.72            7.86757e-9      8.92872e-10      #dY:11.3%  
  8.8             7.69002e-9      8.72722e-10      #dY:11.3%  
  8.88            7.51522e-9      8.23383e-10      #dY:11.0%  
  8.96            7.34893e-9      8.05164e-10      #dY:11.0%  
  9.04            7.17365e-9      7.65517e-10      #dY:10.7%  
  9.12            7.00611e-9      7.47638e-10      #dY:10.7%  
  9.2             6.80195e-9      7.25852e-10      #dY:10.7%  
  9.28            6.60482e-9      6.8232e-10       #dY:10.3%  
  9.36            6.42962e-9      6.6422e-10       #dY:10.3%  
  9.44            6.2608e-9       6.34609e-10      #dY:10.1%  
  9.52            6.13089e-9      6.21441e-10      #dY:10.1%  
  9.6             6.00678e-9      6.08861e-10      #dY:10.1%  
  9.68            5.81613e-9      5.72998e-10      #dY:9.9%   
  9.76            5.63074e-9      5.54734e-10      #dY:9.9%   
  9.84            5.38597e-9      5.17036e-10      #dY:9.6%   
  9.92            5.14597e-9      4.93997e-10      #dY:9.6%   
  10              4.83121e-9      4.63781e-10      #dY:9.6%   
  10.08           4.5208e-9       4.38842e-10      #dY:9.7%   
  10.16           4.03087e-9      3.91284e-10      #dY:9.7%   
  10.24           3.54488e-9      3.72729e-10      #dY:10.5%  
  10.32           2.77613e-9      2.91898e-10      #dY:10.5%  
  10.4            2.01094e-9      2.11442e-10      #dY:10.5%  
  10.48           1.67395e-9      2.36245e-10      #dY:14.1%  
  10.56           1.3402e-9       1.89142e-10      #dY:14.1%  
  10.64           1.24759e-9      2.9502e-10       #dY:23.6%  
  10.72           1.15792e-9      2.73815e-10      #dY:23.6%  
  10.8            1.10013e-9      2.6015e-10       #dY:23.6%  
  10.88           1.045e-9        3.02848e-10      #dY:29.0%  
  10.96           9.94548e-10     2.88227e-10      #dY:29.0%  
  11.04           9.46507e-10     2.86068e-10      #dY:30.2%  
  11.12           9.00882e-10     2.72278e-10      #dY:30.2%  
  11.2            8.57449e-10     2.59151e-10      #dY:30.2%  
  11.28           8.16108e-10     2.53037e-10      #dY:31.0%  
  11.36           7.76755e-10     2.40835e-10      #dY:31.0%  
  11.44           7.39294e-10     2.35257e-10      #dY:31.8%  
  11.52           7.03635e-10     2.23909e-10      #dY:31.8%  
  11.6            6.69691e-10     2.13108e-10      #dY:31.8%  
  11.68           6.37381e-10     2.07912e-10      #dY:32.6%  
  11.76           6.06626e-10     1.9788e-10       #dY:32.6%  
  11.84           5.77351e-10     1.9288e-10       #dY:33.4%  
  11.92           5.49487e-10     1.83571e-10      #dY:33.4%  
  12              5.22964e-10     1.74711e-10      #dY:33.4%  
  12.08           4.97719e-10     1.70182e-10      #dY:34.2%  
  12.16           4.7369e-10      1.61966e-10      #dY:34.2%  
  12.24           4.50819e-10     1.57565e-10      #dY:35.0%  
  12.32           4.29051e-10     1.49957e-10      #dY:35.0%  
  12.4            4.08332e-10     1.42715e-10      #dY:35.0%  
  12.48           3.88612e-10     1.38614e-10      #dY:35.7%  
  12.56           3.69843e-10     1.31919e-10      #dY:35.7%  
  12.64           3.5198e-10      1.27792e-10      #dY:36.3%  
  12.72           3.34978e-10     1.21619e-10      #dY:36.3%  
  12.8            3.18796e-10     1.15744e-10      #dY:36.3%  
  12.88           3.03395e-10     1.11801e-10      #dY:36.8%  
  12.96           2.88738e-10     1.06399e-10      #dY:36.8%  
  13.04           2.74788e-10     1.03402e-10      #dY:37.6%  
  13.12           2.61511e-10     9.84055e-11      #dY:37.6%  
  13.2            2.48876e-10     9.3651e-11       #dY:37.6%  
  13.28           2.3685e-10      9.08581e-11      #dY:38.4%  
  13.36           2.25405e-10     8.64677e-11      #dY:38.4%  
  13.44           2.14513e-10     8.38569e-11      #dY:39.1%  
  13.52           2.04147e-10     7.98046e-11      #dY:39.1%  
  13.6            1.94282e-10     7.59482e-11      #dY:39.1%  
  13.68           1.84893e-10     7.3605e-11       #dY:39.8%  
  13.76           1.75958e-10     7.00481e-11      #dY:39.8%  
  13.84           1.67455e-10     6.78979e-11      #dY:40.5%  
  13.92           1.59362e-10     6.46165e-11      #dY:40.5%  
  14              1.51661e-10     6.14939e-11      #dY:40.5%  
  14.08           1.44331e-10     5.95765e-11      #dY:41.3%  
  14.16           1.37356e-10     5.66974e-11      #dY:41.3%  
  14.24           1.30718e-10     5.49013e-11      #dY:42.0%  
  14.32           1.24401e-10     5.22482e-11      #dY:42.0%  
  14.4            1.18389e-10     4.97232e-11      #dY:42.0%  
  14.48           1.12668e-10     4.82327e-11      #dY:42.8%  
  14.56           1.07223e-10     4.59017e-11      #dY:42.8%  
  14.64           1.02042e-10     4.43996e-11      #dY:43.5%  
  14.72           9.71109e-11     4.2254e-11       #dY:43.5%  
  14.8            9.24183e-11     4.02122e-11      #dY:43.5%  
  14.88           8.79526e-11     3.888e-11        #dY:44.2%  
  14.96           8.37028e-11     3.70013e-11      #dY:44.2%  
  15.04           7.96584e-11     3.58343e-11      #dY:45.0%  
  15.12           7.58097e-11     3.4103e-11       #dY:45.0%  
  15.2            7.21469e-11     3.24552e-11      #dY:45.0%  
  15.28           6.86613e-11     3.13501e-11      #dY:45.7%  
  15.36           6.53443e-11     2.98356e-11      #dY:45.7%  
  15.44           6.21876e-11     2.8866e-11       #dY:46.4%  
  15.52           5.91835e-11     2.74715e-11      #dY:46.4%  
  15.6            5.63247e-11     2.61446e-11      #dY:46.4%  
  15.68           5.36041e-11     2.52824e-11      #dY:47.2%  
  15.76           5.1015e-11      2.40612e-11      #dY:47.2%  
  15.84           4.85511e-11     2.32119e-11      #dY:47.8%  
  15.92           4.62064e-11     2.20909e-11      #dY:47.8%  
  16              4.3975e-11      2.10241e-11      #dY:47.8%  
  16.08           4.18515e-11     2.03127e-11      #dY:48.5%  
  16.16           3.98307e-11     1.93319e-11      #dY:48.5%  
  16.24           3.79075e-11     1.86695e-11      #dY:49.3%  
  16.32           3.60773e-11     1.77681e-11      #dY:49.3%  
  16.4            3.43356e-11     1.69103e-11      #dY:49.3%  
  16.48           3.26781e-11     1.6324e-11       #dY:50.0%  
  16.56           3.11008e-11     1.5536e-11       #dY:50.0%  
  16.64           2.95996e-11     1.49914e-11      #dY:50.6%  
  16.72           2.81711e-11     1.42679e-11      #dY:50.6%  
  16.8            2.68115e-11     1.35793e-11      #dY:50.6%  
  16.88           2.55177e-11     1.30979e-11      #dY:51.3%  
  16.96           2.42864e-11     1.24659e-11      #dY:51.3%  
  17.04           2.31146e-11     1.20192e-11      #dY:52.0%  
  17.12           2.19995e-11     1.14393e-11      #dY:52.0%  
  17.2            2.09382e-11     1.08875e-11      #dY:52.0%  
  17.28           1.99282e-11     1.0511e-11       #dY:52.7%  
  17.36           1.89671e-11     1.0004e-11       #dY:52.7%  
  17.44           1.80523e-11     9.63839e-12      #dY:53.4%  
  17.52           1.71818e-11     9.17361e-12      #dY:53.4%  
  17.6            1.63533e-11     8.73127e-12      #dY:53.4%  
  17.68           1.55648e-11     8.40888e-12      #dY:54.0%  
  17.76           1.48144e-11     8.00348e-12      #dY:54.0%  
  17.84           1.41002e-11     7.71754e-12      #dY:54.7%  
  17.92           1.34206e-11     7.34557e-12      #dY:54.7%  
  18              1.27737e-11     6.9915e-12       #dY:54.7%  
  18.08           1.21582e-11     6.72857e-12      #dY:55.3%  
  18.16           1.15723e-11     6.40432e-12      #dY:55.3%  
  18.24           1.10147e-11     6.16168e-12      #dY:55.9%  
  18.32           1.0484e-11      5.8648e-12       #dY:55.9%  
  18.4            9.97898e-12     5.58229e-12      #dY:55.9%  
  18.48           9.49832e-12     5.37715e-12      #dY:56.6%  
  18.56           9.04085e-12     5.11817e-12      #dY:56.6%  
  18.64           8.60546e-12     4.92839e-12      #dY:57.3%  
  18.72           8.19109e-12     4.69108e-12      #dY:57.3%  
  18.8            7.79671e-12     4.46521e-12      #dY:57.3%  
  18.88           7.42136e-12     4.29166e-12      #dY:57.8%  
  18.96           7.06412e-12     4.08507e-12      #dY:57.8%  
  19.04           6.72411e-12     3.93097e-12      #dY:58.5%  
  19.12           6.40051e-12     3.74179e-12      #dY:58.5%  
  19.2            6.09251e-12     3.56173e-12      #dY:58.5%  
  19.28           5.79937e-12     3.42624e-12      #dY:59.1%  
  19.36           5.52037e-12     3.26141e-12      #dY:59.1%  
  19.44           5.25482e-12     3.13627e-12      #dY:59.7%  
  19.52           5.00207e-12     2.98542e-12      #dY:59.7%  
  19.6            4.76151e-12     2.84185e-12      #dY:59.7%  
  19.68           4.53255e-12     2.73201e-12      #dY:60.3%  
  19.76           4.31462e-12     2.60065e-12      #dY:60.3%  
  19.84           4.1072e-12      2.49928e-12      #dY:60.9%  
  19.92           3.90977e-12     2.37914e-12      #dY:60.9%  
  20              3.72185e-12     2.26479e-12      #dY:60.9%  
  20.2            0.00            0.00                        
//
#-------------------------------------------------------------------------------
#
#name:   JENDL-5: U-235(N,F) E_in=17. MeV
#X.axis: Energy
#Y.axis: 
#wdata:  3
#ldata:  386
#data...
# X               Y               +-dY           
# MeV             1/eV            1/eV           
  0.00            0.00            0.00                        
  1.00e-11        1.55751e-12     0.00                        
  1.20e-11        1.70616e-12     0.00                        
  1.40e-11        1.84287e-12     0.00                        
  1.60e-11        1.97011e-12     0.00                        
  1.80e-11        2.08962e-12     0.00                        
  2.20e-11        2.31016e-12     0.00                        
  2.50e-11        2.46264e-12     0.00                        
  2.90e-11        2.65234e-12     0.00                        
  3.40e-11        2.87191e-12     9.27338e-14      #dY:3.2%   
  4.00e-11        3.11502e-12     1.00584e-13      #dY:3.2%   
  4.60e-11        3.34049e-12     1.07864e-13      #dY:3.2%   
  5.40e-11        3.61933e-12     1.16868e-13      #dY:3.2%   
  6.30e-11        3.90933e-12     1.26232e-13      #dY:3.2%   
  7.40e-11        4.2369e-12      1.36809e-13      #dY:3.2%   
  8.60e-11        4.56753e-12     1.47485e-13      #dY:3.2%   
  1.00e-10        4.9253e-12      1.85884e-13      #dY:3.8%   
  1.20e-10        5.3954e-12      2.03626e-13      #dY:3.8%   
  1.40e-10        5.8277e-12      2.19941e-13      #dY:3.8%   
  1.60e-10        6.23008e-12     2.35127e-13      #dY:3.8%   
  1.80e-10        6.608e-12       2.4939e-13       #dY:3.8%   
  2.20e-10        7.30543e-12     2.75712e-13      #dY:3.8%   
  2.50e-10        7.78762e-12     2.9391e-13       #dY:3.8%   
  2.90e-10        8.38754e-12     3.16551e-13      #dY:3.8%   
  3.40e-10        9.08187e-12     3.39843e-13      #dY:3.7%   
  4.00e-10        9.85069e-12     3.68613e-13      #dY:3.7%   
  4.60e-10        1.05637e-11     3.95293e-13      #dY:3.7%   
  5.40e-10        1.14455e-11     4.2829e-13       #dY:3.7%   
  6.30e-10        1.23626e-11     4.62608e-13      #dY:3.7%   
  7.40e-10        1.33985e-11     5.01372e-13      #dY:3.7%   
  8.60e-10        1.44441e-11     5.40498e-13      #dY:3.7%   
  1.00e-9         1.55755e-11     5.82835e-13      #dY:3.7%   
  1.20e-9         1.70621e-11     6.43936e-13      #dY:3.8%   
  1.40e-9         1.84293e-11     6.95535e-13      #dY:3.8%   
  1.60e-9         1.97017e-11     7.43556e-13      #dY:3.8%   
  1.80e-9         2.08969e-11     7.88664e-13      #dY:3.8%   
  2.20e-9         2.31025e-11     8.71905e-13      #dY:3.8%   
  2.50e-9         2.46274e-11     9.29455e-13      #dY:3.8%   
  2.90e-9         2.65246e-11     1.00106e-12      #dY:3.8%   
  3.40e-9         2.87205e-11     1.07472e-12      #dY:3.7%   
  4.00e-9         3.11519e-11     1.16571e-12      #dY:3.7%   
  4.60e-9         3.34068e-11     1.25008e-12      #dY:3.7%   
  5.40e-9         3.61955e-11     1.35444e-12      #dY:3.7%   
  6.30e-9         3.90959e-11     1.46297e-12      #dY:3.7%   
  7.40e-9         4.2372e-11      1.58556e-12      #dY:3.7%   
  8.60e-9         4.56788e-11     1.7093e-12       #dY:3.7%   
  1.00e-8         4.92571e-11     1.85894e-12      #dY:3.8%   
  1.20e-8         5.39589e-11     2.03638e-12      #dY:3.8%   
  1.40e-8         5.82827e-11     2.19956e-12      #dY:3.8%   
  1.60e-8         6.23073e-11     2.35145e-12      #dY:3.8%   
  1.80e-8         6.60874e-11     2.49411e-12      #dY:3.8%   
  2.20e-8         7.30633e-11     2.75737e-12      #dY:3.8%   
  2.50e-8         7.78864e-11     2.9394e-12       #dY:3.8%   
  2.90e-8         8.38872e-11     3.16586e-12      #dY:3.8%   
  3.40e-8         9.08326e-11     3.39862e-12      #dY:3.7%   
  4.00e-8         9.85232e-11     3.68638e-12      #dY:3.7%   
  4.60e-8         1.05656e-10     3.95326e-12      #dY:3.7%   
  5.40e-8         1.14477e-10     4.28331e-12      #dY:3.7%   
  6.30e-8         1.23651e-10     4.62656e-12      #dY:3.7%   
  7.40e-8         1.34015e-10     5.01435e-12      #dY:3.7%   
  8.60e-8         1.44476e-10     5.40576e-12      #dY:3.7%   
  1.00e-7         1.55796e-10     5.82931e-12      #dY:3.7%   
  1.20e-7         1.70654e-10     6.43953e-12      #dY:3.8%   
  1.40e-7         1.8434e-10      6.95597e-12      #dY:3.8%   
  1.60e-7         1.97072e-10     7.4364e-12       #dY:3.8%   
  1.80e-7         2.09001e-10     7.88654e-12      #dY:3.8%   
  2.20e-7         2.31076e-10     8.71953e-12      #dY:3.8%   
  2.50e-7         2.46315e-10     9.29456e-12      #dY:3.8%   
  2.90e-7         2.65294e-10     1.00107e-11      #dY:3.8%   
  3.40e-7         2.8726e-10      1.07479e-11      #dY:3.7%   
  4.00e-7         3.11545e-10     1.16565e-11      #dY:3.7%   
  4.60e-7         3.34098e-10     1.25003e-11      #dY:3.7%   
  5.40e-7         3.61991e-10     1.3544e-11       #dY:3.7%   
  6.30e-7         3.91e-10        1.46293e-11      #dY:3.7%   
  7.40e-7         4.23769e-10     1.58554e-11      #dY:3.7%   
  8.60e-7         4.56846e-10     1.7093e-11       #dY:3.7%   
  1.00e-6         4.92637e-10     1.84321e-11      #dY:3.7%   
  1.20e-6         5.39669e-10     2.03671e-11      #dY:3.8%   
  1.40e-6         5.82921e-10     2.19995e-11      #dY:3.8%   
  1.60e-6         6.23181e-10     2.35189e-11      #dY:3.8%   
  1.80e-6         6.60995e-10     2.4946e-11       #dY:3.8%   
  2.20e-6         7.30781e-10     2.75797e-11      #dY:3.8%   
  2.50e-6         7.79033e-10     2.94008e-11      #dY:3.8%   
  2.90e-6         8.39069e-10     3.16665e-11      #dY:3.8%   
  3.40e-6         9.08557e-10     3.39986e-11      #dY:3.7%   
  4.00e-6         9.85505e-10     3.6878e-11       #dY:3.7%   
  4.60e-6         1.05687e-9      3.95485e-11      #dY:3.7%   
  5.40e-6         1.14514e-9      4.28516e-11      #dY:3.7%   
  6.30e-6         1.23695e-9      4.62872e-11      #dY:3.7%   
  7.40e-6         1.34066e-9      5.0168e-11       #dY:3.7%   
  8.60e-6         1.44536e-9      5.4086e-11       #dY:3.7%   
  1.00e-5         1.55865e-9      5.83253e-11      #dY:3.7%   
  1.20e-5         1.70754e-9      6.43432e-11      #dY:3.8%   
  1.40e-5         1.84448e-9      6.95034e-11      #dY:3.8%   
  1.60e-5         1.97196e-9      7.43071e-11      #dY:3.8%   
  1.80e-5         2.0917e-9       7.88191e-11      #dY:3.8%   
  2.20e-5         2.31272e-9      8.71475e-11      #dY:3.8%   
  2.50e-5         2.46555e-9      9.29064e-11      #dY:3.8%   
  2.90e-5         2.65574e-9      1.00073e-10      #dY:3.8%   
  3.40e-5         2.8759e-9       1.07276e-10      #dY:3.7%   
  4.00e-5         3.11974e-9      1.16372e-10      #dY:3.7%   
  4.60e-5         3.34593e-9      1.24809e-10      #dY:3.7%   
  5.40e-5         3.62574e-9      1.35246e-10      #dY:3.7%   
  6.30e-5         3.91683e-9      1.46104e-10      #dY:3.7%   
  7.40e-5         4.24575e-9      1.58374e-10      #dY:3.7%   
  8.60e-5         4.57786e-9      1.70762e-10      #dY:3.7%   
  1.00e-4         4.93736e-9      1.84172e-10      #dY:3.7%   
  1.20e-4         5.40994e-9      2.03217e-10      #dY:3.8%   
  1.40e-4         5.84474e-9      2.1955e-10       #dY:3.8%   
  1.60e-4         6.24962e-9      2.34758e-10      #dY:3.8%   
  1.80e-4         6.63006e-9      2.49049e-10      #dY:3.8%   
  2.20e-4         7.33254e-9      2.75437e-10      #dY:3.8%   
  2.50e-4         7.81854e-9      2.93693e-10      #dY:3.8%   
  2.90e-4         8.42355e-9      3.16419e-10      #dY:3.8%   
  3.40e-4         9.12428e-9      3.38688e-10      #dY:3.7%   
  4.00e-4         9.9008e-9       3.67512e-10      #dY:3.7%   
  4.60e-4         1.06216e-8      3.94268e-10      #dY:3.7%   
  5.40e-4         1.15137e-8      4.27382e-10      #dY:3.7%   
  6.30e-4         1.24425e-8      4.61859e-10      #dY:3.7%   
  7.40e-4         1.34927e-8      5.00841e-10      #dY:3.7%   
  8.60e-4         1.45539e-8      5.40233e-10      #dY:3.7%   
  1.00e-3         1.57037e-8      5.82913e-10      #dY:3.7%   
  1.20e-3         1.72165e-8      6.40247e-10      #dY:3.7%   
  1.40e-3         1.86099e-8      6.92065e-10      #dY:3.7%   
  1.60e-3         1.99086e-8      7.40361e-10      #dY:3.7%   
  1.80e-3         2.113e-8        7.85782e-10      #dY:3.7%   
  2.20e-3         2.3388e-8       8.69753e-10      #dY:3.7%   
  2.50e-3         2.49522e-8      9.27922e-10      #dY:3.7%   
  2.90e-3         2.69016e-8      1.00042e-9       #dY:3.7%   
  3.40e-3         2.91624e-8      1.06258e-9       #dY:3.6%   
  4.00e-3         3.16714e-8      1.154e-9         #dY:3.6%   
  4.60e-3         3.40035e-8      1.23897e-9       #dY:3.6%   
  5.40e-3         3.68943e-8      1.3443e-9        #dY:3.6%   
  6.30e-3         3.99084e-8      1.45413e-9       #dY:3.6%   
  7.40e-3         4.3322e-8       1.57851e-9       #dY:3.6%   
  8.60e-3         4.6777e-8       1.7044e-9        #dY:3.6%   
  0.01            5.05255e-8      1.84098e-9       #dY:3.6%   
  0.012           5.54661e-8      2.00055e-9       #dY:3.6%   
  0.014           6.00235e-8      2.16492e-9       #dY:3.6%   
  0.016           6.42768e-8      2.31833e-9       #dY:3.6%   
  0.018           6.82807e-8      2.46274e-9       #dY:3.6%   
  0.022           7.5691e-8       2.73002e-9       #dY:3.6%   
  0.025           8.08287e-8      2.91532e-9       #dY:3.6%   
  0.029           8.72349e-8      3.14638e-9       #dY:3.6%   
  0.034           9.46658e-8      3.27756e-9       #dY:3.5%   
  0.04            1.0291e-7       3.56299e-9       #dY:3.5%   
  0.046           1.10567e-7      3.8281e-9        #dY:3.5%   
  0.054           1.20045e-7      4.15625e-9       #dY:3.5%   
  0.063           1.29904e-7      4.49759e-9       #dY:3.5%   
  0.074           1.41034e-7      4.88294e-9       #dY:3.5%   
  0.085           1.51348e-7      5.24003e-9       #dY:3.5%   
  0.17            2.143e-7        7.14388e-9       #dY:3.3%   
  0.255           2.53514e-7      9.2041e-9        #dY:3.6%   
  0.34            2.83671e-7      1.0299e-8        #dY:3.6%   
  0.425           3.03169e-7      1.05832e-8       #dY:3.5%   
  0.51            3.18232e-7      1.1109e-8        #dY:3.5%   
  0.595           3.26223e-7      1.13879e-8       #dY:3.5%   
  0.68            3.31563e-7      1.17019e-8       #dY:3.5%   
  0.765           3.32711e-7      1.17424e-8       #dY:3.5%   
  0.85            3.32154e-7      1.10961e-8       #dY:3.3%   
  0.935           3.29177e-7      1.09967e-8       #dY:3.3%   
  1.02            3.25053e-7      1.00361e-8       #dY:3.1%   
  1.105           3.19442e-7      9.86281e-9       #dY:3.1%   
  1.19            3.13057e-7      9.66567e-9       #dY:3.1%   
  1.275           3.05781e-7      8.53337e-9       #dY:2.8%   
  1.36            2.98044e-7      8.31746e-9       #dY:2.8%   
  1.445           2.89783e-7      7.10985e-9       #dY:2.5%   
  1.53            2.81271e-7      6.90101e-9       #dY:2.5%   
  1.615           2.72382e-7      5.60103e-9       #dY:2.1%   
  1.7             2.63388e-7      5.41608e-9       #dY:2.1%   
  1.785           2.54289e-7      5.22898e-9       #dY:2.1%   
  1.87            2.45186e-7      4.0161e-9        #dY:1.6%   
  1.955           2.36077e-7      3.8669e-9        #dY:1.6%   
  2.04            2.27032e-7      2.77165e-9       #dY:1.2%   
  2.125           2.18118e-7      2.66282e-9       #dY:1.2%   
  2.21            2.09315e-7      1.67951e-9       #dY:0.8%   
  2.295           2.00712e-7      1.61048e-9       #dY:0.8%   
  2.38            1.92252e-7      1.5426e-9        #dY:0.8%   
  2.465           1.84134e-7      8.7143e-10       #dY:0.5%   
  2.55            1.76178e-7      8.33777e-10      #dY:0.5%   
  2.635           1.68568e-7      8.5639e-10       #dY:0.5%   
  2.72            1.61131e-7      8.18607e-10      #dY:0.5%   
  2.805           1.54041e-7      1.36034e-9       #dY:0.9%   
  2.89            1.47129e-7      1.2993e-9        #dY:0.9%   
  2.975           1.40593e-7      1.24158e-9       #dY:0.9%   
  3.06            1.34233e-7      1.81061e-9       #dY:1.3%   
  3.145           1.28221e-7      1.72951e-9       #dY:1.3%   
  3.23            1.22382e-7      2.2638e-9        #dY:1.8%   
  3.315           1.16853e-7      2.16152e-9       #dY:1.8%   
  3.4             1.11491e-7      2.06234e-9       #dY:1.8%   
  3.485           1.06427e-7      2.50397e-9       #dY:2.4%   
  3.57            1.01523e-7      2.38859e-9       #dY:2.4%   
  3.655           9.68898e-8      2.79078e-9       #dY:2.9%   
  3.74            9.24082e-8      2.6617e-9        #dY:2.9%   
  3.825           8.81652e-8      2.99488e-9       #dY:3.4%   
  3.91            8.40657e-8      2.85562e-9       #dY:3.4%   
  3.995           8.01855e-8      2.72382e-9       #dY:3.4%   
  4.08            7.64398e-8      3.00823e-9       #dY:3.9%   
  4.165           7.28873e-8      2.86842e-9       #dY:3.9%   
  4.25            6.94603e-8      3.10155e-9       #dY:4.5%   
  4.335           6.62079e-8      2.95632e-9       #dY:4.5%   
  4.42            6.30722e-8      3.15785e-9       #dY:5.0%   
  4.505           6.00906e-8      3.00857e-9       #dY:5.0%   
  4.59            5.72173e-8      2.86471e-9       #dY:5.0%   
  4.675           5.4493e-8       3.02001e-9       #dY:5.5%   
  4.76            5.18688e-8      2.87458e-9       #dY:5.5%   
  4.845           4.9388e-8       3.01081e-9       #dY:6.1%   
  4.93            4.69996e-8      2.86521e-9       #dY:6.1%   
  5.015           4.47399e-8      2.97536e-9       #dY:6.7%   
  5.1             4.25653e-8      2.83074e-9       #dY:6.7%   
  5.185           4.05093e-8      2.69401e-9       #dY:6.7%   
  5.27            3.85314e-8      2.77678e-9       #dY:7.2%   
  5.355           3.66642e-8      2.64222e-9       #dY:7.2%   
  5.44            3.48686e-8      2.71078e-9       #dY:7.8%   
  5.525           3.31785e-8      2.57938e-9       #dY:7.8%   
  5.61            3.1554e-8       2.62818e-9       #dY:8.3%   
  5.695           3.00324e-8      2.50144e-9       #dY:8.3%   
  5.78            2.85708e-8      2.3797e-9        #dY:8.3%   
  5.865           2.7213e-8       2.42101e-9       #dY:8.9%   
  5.95            2.59101e-8      2.3051e-9        #dY:8.9%   
  6.035           2.47167e-8      2.33227e-9       #dY:9.4%   
  6.12            2.35732e-8      2.22437e-9       #dY:9.4%   
  6.205           2.25328e-8      2.2403e-9        #dY:9.9%   
  6.29            2.1538e-8       2.1414e-9        #dY:9.9%   
  6.375           2.06321e-8      2.05133e-9       #dY:9.9%   
  6.46            1.97678e-8      2.05257e-9       #dY:10.4%  
  6.545           1.897e-8        1.96973e-9       #dY:10.4%  
  6.63            1.82101e-8      1.96357e-9       #dY:10.8%  
  6.715           1.74964e-8      1.88661e-9       #dY:10.8%  
  6.8             1.68171e-8      1.81337e-9       #dY:10.8%  
  6.885           1.61717e-8      1.79229e-9       #dY:11.1%  
  6.97            1.55576e-8      1.72423e-9       #dY:11.1%  
  7.055           1.49735e-8      1.68693e-9       #dY:11.3%  
  7.14            1.44179e-8      1.62433e-9       #dY:11.3%  
  7.225           1.38882e-8      1.59143e-9       #dY:11.5%  
  7.31            1.33842e-8      1.53368e-9       #dY:11.5%  
  7.395           1.29043e-8      1.47869e-9       #dY:11.5%  
  7.48            1.24478e-8      1.43751e-9       #dY:11.5%  
  7.565           1.20128e-8      1.38728e-9       #dY:11.5%  
  7.65            1.15989e-8      1.34779e-9       #dY:11.6%  
  7.735           1.12027e-8      1.30175e-9       #dY:11.6%  
  7.82            1.08257e-8      1.26506e-9       #dY:11.7%  
  7.905           1.04628e-8      1.22265e-9       #dY:11.7%  
  7.99            1.01174e-8      1.18229e-9       #dY:11.7%  
  8.075           9.7842e-9       1.14145e-9       #dY:11.7%  
  8.16            9.46682e-9      1.10443e-9       #dY:11.7%  
  8.245           9.1632e-9       1.06852e-9       #dY:11.7%  
  8.33            8.87387e-9      1.03479e-9       #dY:11.7%  
  8.415           8.59876e-9      9.93559e-10      #dY:11.6%  
  8.5             8.33658e-9      9.63265e-10      #dY:11.6%  
  8.585           8.08818e-9      9.34563e-10      #dY:11.6%  
  8.67            7.85148e-9      8.99015e-10      #dY:11.5%  
  8.755           7.6281e-9       8.73438e-10      #dY:11.5%  
  8.84            7.4153e-9       8.27233e-10      #dY:11.2%  
  8.925           7.21305e-9      8.0467e-10       #dY:11.2%  
  9.01            7.02036e-9      7.69785e-10      #dY:11.0%  
  9.095           6.83498e-9      7.49458e-10      #dY:11.0%  
  9.18            6.65825e-9      7.30079e-10      #dY:11.0%  
  9.265           6.48908e-9      6.91383e-10      #dY:10.7%  
  9.35            6.32774e-9      6.74193e-10      #dY:10.7%  
  9.435           6.17503e-9      6.39699e-10      #dY:10.4%  
  9.52            6.02939e-9      6.24611e-10      #dY:10.4%  
  9.605           5.89453e-9      5.90346e-10      #dY:10.0%  
  9.69            5.76605e-9      5.77479e-10      #dY:10.0%  
  9.775           5.64955e-9      5.65811e-10      #dY:10.0%  
  9.86            5.53882e-9      5.32869e-10      #dY:9.6%   
  9.945           5.43711e-9      5.23084e-10      #dY:9.6%   
  10.03           5.34061e-9      4.90e-10         #dY:9.2%   
  10.115          5.24457e-9      4.81189e-10      #dY:9.2%   
  10.2            5.15323e-9      4.72808e-10      #dY:9.2%   
  10.285          5.04074e-9      4.39377e-10      #dY:8.7%   
  10.37           4.9325e-9       4.29943e-10      #dY:8.7%   
  10.455          4.84636e-9      4.02349e-10      #dY:8.3%   
  10.54           4.76405e-9      3.95515e-10      #dY:8.3%   
  10.625          4.63879e-9      3.66492e-10      #dY:7.9%   
  10.71           4.517e-9        3.56869e-10      #dY:7.9%   
  10.795          4.32961e-9      3.42065e-10      #dY:7.9%   
  10.88           4.14534e-9      3.15745e-10      #dY:7.6%   
  10.965          3.88712e-9      2.96077e-10      #dY:7.6%   
  11.05           3.63172e-9      2.78656e-10      #dY:7.7%   
  11.135          3.22912e-9      2.47765e-10      #dY:7.7%   
  11.22           2.82906e-9      2.3659e-10       #dY:8.4%   
  11.305          2.11329e-9      1.76731e-10      #dY:8.4%   
  11.39           1.39982e-9      1.17065e-10      #dY:8.4%   
  11.475          1.09226e-9      1.30213e-10      #dY:11.9%  
  11.56           7.86759e-10     9.37929e-11      #dY:11.9%  
  11.645          7.22731e-10     1.65749e-10      #dY:22.9%  
  11.73           6.6057e-10      1.51493e-10      #dY:22.9%  
  11.815          6.25675e-10     1.91831e-10      #dY:30.7%  
  11.9            5.92465e-10     1.81648e-10      #dY:30.7%  
  11.985          5.62372e-10     1.72422e-10      #dY:30.7%  
  12.07           5.33799e-10     1.71258e-10      #dY:32.1%  
  12.155          5.06734e-10     1.62575e-10      #dY:32.1%  
  12.24           4.8104e-10      1.577e-10        #dY:32.8%  
  12.325          4.56648e-10     1.49703e-10      #dY:32.8%  
  12.41           4.33491e-10     1.4485e-10       #dY:33.4%  
  12.495          4.11508e-10     1.37504e-10      #dY:33.4%  
  12.58           3.90637e-10     1.3053e-10       #dY:33.4%  
  12.665          3.70824e-10     1.25965e-10      #dY:34.0%  
  12.75           3.52014e-10     1.19575e-10      #dY:34.0%  
  12.835          3.34157e-10     1.15056e-10      #dY:34.4%  
  12.92           3.17205e-10     1.09219e-10      #dY:34.4%  
  13.005          3.01113e-10     1.05737e-10      #dY:35.1%  
  13.09           2.85836e-10     1.00372e-10      #dY:35.1%  
  13.175          2.71334e-10     9.528e-11        #dY:35.1%  
  13.26           2.57567e-10     9.20859e-11      #dY:35.8%  
  13.345          2.44497e-10     8.74131e-11      #dY:35.8%  
  13.43           2.32091e-10     8.44466e-11      #dY:36.4%  
  13.515          2.20314e-10     8.01615e-11      #dY:36.4%  
  13.6            2.09134e-10     7.60936e-11      #dY:36.4%  
  13.685          1.98522e-10     7.34654e-11      #dY:37.0%  
  13.77           1.88448e-10     6.97374e-11      #dY:37.0%  
  13.855          1.78885e-10     6.73375e-11      #dY:37.6%  
  13.94           1.69807e-10     6.39203e-11      #dY:37.6%  
  14.025          1.6119e-10      6.1689e-11       #dY:38.3%  
  14.11           1.5301e-10      5.85584e-11      #dY:38.3%  
  14.195          1.45245e-10     5.55867e-11      #dY:38.3%  
  14.28           1.37874e-10     5.36208e-11      #dY:38.9%  
  14.365          1.30878e-10     5.08999e-11      #dY:38.9%  
  14.45           1.24236e-10     4.91841e-11      #dY:39.6%  
  14.535          1.17932e-10     4.66884e-11      #dY:39.6%  
  14.62           1.11948e-10     4.49868e-11      #dY:40.2%  
  14.705          1.06267e-10     4.27038e-11      #dY:40.2%  
  14.79           1.00875e-10     4.0537e-11       #dY:40.2%  
  14.875          9.57565e-11     3.9045e-11       #dY:40.8%  
  14.96           9.08979e-11     3.70639e-11      #dY:40.8%  
  15.045          8.6286e-11      3.57565e-11      #dY:41.4%  
  15.13           8.19083e-11     3.39424e-11      #dY:41.4%  
  15.215          7.77528e-11     3.26608e-11      #dY:42.0%  
  15.3            7.38082e-11     3.10039e-11      #dY:42.0%  
  15.385          7.0064e-11      2.94311e-11      #dY:42.0%  
  15.47           6.65099e-11     2.83664e-11      #dY:42.6%  
  15.555          6.31362e-11     2.69275e-11      #dY:42.6%  
  15.64           5.99337e-11     2.59389e-11      #dY:43.3%  
  15.725          5.68939e-11     2.46233e-11      #dY:43.3%  
  15.81           5.40084e-11     2.36633e-11      #dY:43.8%  
  15.895          5.12695e-11     2.24633e-11      #dY:43.8%  
  15.98           4.86695e-11     2.13241e-11      #dY:43.8%  
  16.065          4.62016e-11     2.05241e-11      #dY:44.4%  
  16.15           4.38589e-11     1.94834e-11      #dY:44.4%  
  16.235          4.16352e-11     1.87432e-11      #dY:45.0%  
  16.32           3.95244e-11     1.7793e-11       #dY:45.0%  
  16.405          3.75207e-11     1.71104e-11      #dY:45.6%  
  16.49           3.56187e-11     1.62431e-11      #dY:45.6%  
  16.575          3.38133e-11     1.54198e-11      #dY:45.6%  
  16.66           3.20995e-11     1.48225e-11      #dY:46.2%  
  16.745          3.04727e-11     1.40713e-11      #dY:46.2%  
  16.83           2.89284e-11     1.35201e-11      #dY:46.7%  
  16.915          2.74626e-11     1.2835e-11       #dY:46.7%  
  17              2.60711e-11     1.21847e-11      #dY:46.7%  
  17.085          2.47502e-11     1.17034e-11      #dY:47.3%  
  17.17           2.34964e-11     1.11105e-11      #dY:47.3%  
  17.255          2.23062e-11     1.06853e-11      #dY:47.9%  
  17.34           2.11763e-11     1.0144e-11       #dY:47.9%  
  17.425          2.01038e-11     9.73571e-12      #dY:48.4%  
  17.51           1.90857e-11     9.24267e-12      #dY:48.4%  
  17.595          1.81193e-11     8.77467e-12      #dY:48.4%  
  17.68           1.72019e-11     8.41868e-12      #dY:48.9%  
  17.765          1.6331e-11      7.99245e-12      #dY:48.9%  
  17.85           1.55043e-11     7.67739e-12      #dY:49.5%  
  17.935          1.47195e-11     7.28877e-12      #dY:49.5%  
  18.02           1.39745e-11     6.98768e-12      #dY:50.0%  
  18.105          1.32673e-11     6.63406e-12      #dY:50.0%  
  18.19           1.25959e-11     6.29834e-12      #dY:50.0%  
  18.275          1.19586e-11     6.03681e-12      #dY:50.5%  
  18.36           1.13536e-11     5.7314e-12       #dY:50.5%  
  18.445          1.07792e-11     5.49954e-12      #dY:51.0%  
  18.53           1.0234e-11      5.22138e-12      #dY:51.0%  
  18.615          9.71641e-12     5.00858e-12      #dY:51.5%  
  18.7            9.22505e-12     4.7553e-12       #dY:51.5%  
  18.785          8.75859e-12     4.51485e-12      #dY:51.5%  
  18.87           8.31577e-12     4.32294e-12      #dY:52.0%  
  18.955          7.89538e-12     4.1044e-12       #dY:52.0%  
  19.04           7.49629e-12     3.93441e-12      #dY:52.5%  
  19.125          7.11742e-12     3.73556e-12      #dY:52.5%  
  19.21           6.75773e-12     3.57976e-12      #dY:53.0%  
  19.295          6.41627e-12     3.39888e-12      #dY:53.0%  
  19.38           6.09209e-12     3.22715e-12      #dY:53.0%  
  19.465          5.78434e-12     3.0916e-12       #dY:53.4%  
  19.55           5.49216e-12     2.93543e-12      #dY:53.4%  
  19.635          5.21478e-12     2.81114e-12      #dY:53.9%  
  19.72           4.95144e-12     2.66918e-12      #dY:53.9%  
  19.805          4.70143e-12     2.55541e-12      #dY:54.4%  
  19.89           4.46407e-12     2.4264e-12       #dY:54.4%  
  19.975          4.23872e-12     2.30391e-12      #dY:54.4%  
  20.175          0.00            0.00                        
//
#-------------------------------------------------------------------------------
#
#name:   JENDL-5: U-235(N,F) E_in=18. MeV
#X.axis: Energy
#Y.axis: 
#wdata:  3
#ldata:  374
#data...
# X               Y               +-dY           
# MeV             1/eV            1/eV           
  0.00            0.00            0.00                        
  1.00e-11        1.55265e-12     0.00                        
  1.20e-11        1.70085e-12     0.00                        
  1.40e-11        1.83713e-12     0.00                        
  1.60e-11        1.96397e-12     0.00                        
  1.80e-11        2.08311e-12     0.00                        
  2.20e-11        2.30296e-12     0.00                        
  2.50e-11        2.45497e-12     0.00                        
  2.90e-11        2.64408e-12     0.00                        
  3.40e-11        2.86296e-12     9.27338e-14      #dY:3.2%   
  4.00e-11        3.10532e-12     1.00584e-13      #dY:3.2%   
  4.60e-11        3.33008e-12     1.07864e-13      #dY:3.2%   
  5.40e-11        3.60806e-12     1.16868e-13      #dY:3.2%   
  6.30e-11        3.89715e-12     1.26232e-13      #dY:3.2%   
  7.40e-11        4.2237e-12      1.36809e-13      #dY:3.2%   
  8.60e-11        4.5533e-12      1.47485e-13      #dY:3.2%   
  1.00e-10        4.90995e-12     1.85884e-13      #dY:3.8%   
  1.20e-10        5.37859e-12     2.03626e-13      #dY:3.8%   
  1.40e-10        5.80954e-12     2.19941e-13      #dY:3.8%   
  1.60e-10        6.21067e-12     2.35127e-13      #dY:3.8%   
  1.80e-10        6.58741e-12     2.4939e-13       #dY:3.8%   
  2.20e-10        7.28267e-12     2.75712e-13      #dY:3.8%   
  2.50e-10        7.76335e-12     2.93909e-13      #dY:3.8%   
  2.90e-10        8.3614e-12      3.16551e-13      #dY:3.8%   
  3.40e-10        9.05357e-12     3.39843e-13      #dY:3.8%   
  4.00e-10        9.81999e-12     3.68612e-13      #dY:3.8%   
  4.60e-10        1.05308e-11     3.95294e-13      #dY:3.8%   
  5.40e-10        1.14098e-11     4.28289e-13      #dY:3.8%   
  6.30e-10        1.2324e-11      4.62605e-13      #dY:3.8%   
  7.40e-10        1.33567e-11     5.0137e-13       #dY:3.8%   
  8.60e-10        1.4399e-11      5.40495e-13      #dY:3.8%   
  1.00e-9         1.55269e-11     5.82832e-13      #dY:3.8%   
  1.20e-9         1.70089e-11     6.43937e-13      #dY:3.8%   
  1.40e-9         1.83718e-11     6.95535e-13      #dY:3.8%   
  1.60e-9         1.96403e-11     7.43559e-13      #dY:3.8%   
  1.80e-9         2.08317e-11     7.88664e-13      #dY:3.8%   
  2.20e-9         2.30304e-11     8.71904e-13      #dY:3.8%   
  2.50e-9         2.45506e-11     9.29457e-13      #dY:3.8%   
  2.90e-9         2.64419e-11     1.00106e-12      #dY:3.8%   
  3.40e-9         2.86309e-11     1.07472e-12      #dY:3.8%   
  4.00e-9         3.10547e-11     1.1657e-12       #dY:3.8%   
  4.60e-9         3.33026e-11     1.25008e-12      #dY:3.8%   
  5.40e-9         3.60826e-11     1.35444e-12      #dY:3.8%   
  6.30e-9         3.89739e-11     1.46297e-12      #dY:3.8%   
  7.40e-9         4.22398e-11     1.58556e-12      #dY:3.8%   
  8.60e-9         4.55363e-11     1.7093e-12       #dY:3.8%   
  1.00e-8         4.91033e-11     1.85894e-12      #dY:3.8%   
  1.20e-8         5.37904e-11     2.03638e-12      #dY:3.8%   
  1.40e-8         5.81007e-11     2.19956e-12      #dY:3.8%   
  1.60e-8         6.21128e-11     2.35144e-12      #dY:3.8%   
  1.80e-8         6.58809e-11     2.4941e-12       #dY:3.8%   
  2.20e-8         7.2835e-11      2.75736e-12      #dY:3.8%   
  2.50e-8         7.7643e-11      2.93938e-12      #dY:3.8%   
  2.90e-8         8.3625e-11      3.16585e-12      #dY:3.8%   
  3.40e-8         9.05486e-11     3.39861e-12      #dY:3.8%   
  4.00e-8         9.82151e-11     3.68637e-12      #dY:3.8%   
  4.60e-8         1.05325e-10     3.95323e-12      #dY:3.8%   
  5.40e-8         1.14119e-10     4.2833e-12       #dY:3.8%   
  6.30e-8         1.23264e-10     4.62654e-12      #dY:3.8%   
  7.40e-8         1.33595e-10     5.0143e-12       #dY:3.8%   
  8.60e-8         1.44023e-10     5.4057e-12       #dY:3.8%   
  1.00e-7         1.55307e-10     5.82923e-12      #dY:3.8%   
  1.20e-7         1.70119e-10     6.43952e-12      #dY:3.8%   
  1.40e-7         1.83762e-10     6.95595e-12      #dY:3.8%   
  1.60e-7         1.96453e-10     7.43634e-12      #dY:3.8%   
  1.80e-7         2.08345e-10     7.88649e-12      #dY:3.8%   
  2.20e-7         2.30314e-10     8.71808e-12      #dY:3.8%   
  2.50e-7         2.45517e-10     9.29356e-12      #dY:3.8%   
  2.90e-7         2.64446e-10     1.00101e-11      #dY:3.8%   
  3.40e-7         2.86357e-10     1.07484e-11      #dY:3.8%   
  4.00e-7         3.10564e-10     1.16571e-11      #dY:3.8%   
  4.60e-7         3.33046e-10     1.25009e-11      #dY:3.8%   
  5.40e-7         3.6085e-10      1.35445e-11      #dY:3.8%   
  6.30e-7         3.89766e-10     1.46299e-11      #dY:3.8%   
  7.40e-7         4.2243e-10      1.5856e-11       #dY:3.8%   
  8.60e-7         4.554e-10       1.70935e-11      #dY:3.8%   
  1.00e-6         4.91077e-10     1.84326e-11      #dY:3.8%   
  1.20e-6         5.37958e-10     2.03669e-11      #dY:3.8%   
  1.40e-6         5.8107e-10      2.19991e-11      #dY:3.8%   
  1.60e-6         6.21199e-10     2.35184e-11      #dY:3.8%   
  1.80e-6         6.5889e-10      2.49453e-11      #dY:3.8%   
  2.20e-6         7.28449e-10     2.75788e-11      #dY:3.8%   
  2.50e-6         7.76543e-10     2.93996e-11      #dY:3.8%   
  2.90e-6         8.36381e-10     3.16651e-11      #dY:3.8%   
  3.40e-6         9.05641e-10     3.39979e-11      #dY:3.8%   
  4.00e-6         9.82334e-10     3.6877e-11       #dY:3.8%   
  4.60e-6         1.05346e-9      3.95471e-11      #dY:3.8%   
  5.40e-6         1.14144e-9      4.28499e-11      #dY:3.8%   
  6.30e-6         1.23294e-9      4.62848e-11      #dY:3.8%   
  7.40e-6         1.3363e-9       5.0165e-11       #dY:3.8%   
  8.60e-6         1.44063e-9      5.40815e-11      #dY:3.8%   
  1.00e-5         1.55354e-9      5.83202e-11      #dY:3.8%   
  1.20e-5         1.70192e-9      6.43405e-11      #dY:3.8%   
  1.40e-5         1.83838e-9      6.94993e-11      #dY:3.8%   
  1.60e-5         1.96541e-9      7.43017e-11      #dY:3.8%   
  1.80e-5         2.08473e-9      7.88125e-11      #dY:3.8%   
  2.20e-5         2.30496e-9      8.71382e-11      #dY:3.8%   
  2.50e-5         2.45724e-9      9.28951e-11      #dY:3.8%   
  2.90e-5         2.64673e-9      1.00059e-10      #dY:3.8%   
  3.40e-5         2.86608e-9      1.07269e-10      #dY:3.7%   
  4.00e-5         3.109e-9        1.16361e-10      #dY:3.7%   
  4.60e-5         3.33434e-9      1.24795e-10      #dY:3.7%   
  5.40e-5         3.61307e-9      1.35227e-10      #dY:3.7%   
  6.30e-5         3.90303e-9      1.46079e-10      #dY:3.7%   
  7.40e-5         4.23064e-9      1.58341e-10      #dY:3.7%   
  8.60e-5         4.56141e-9      1.70721e-10      #dY:3.7%   
  1.00e-4         4.91943e-9      1.8412e-10       #dY:3.7%   
  1.20e-4         5.39003e-9      2.03188e-10      #dY:3.8%   
  1.40e-4         5.82297e-9      2.19509e-10      #dY:3.8%   
  1.60e-4         6.22608e-9      2.34705e-10      #dY:3.8%   
  1.80e-4         6.60482e-9      2.48982e-10      #dY:3.8%   
  2.20e-4         7.30409e-9      2.75343e-10      #dY:3.8%   
  2.50e-4         7.78781e-9      2.93577e-10      #dY:3.8%   
  2.90e-4         8.38991e-9      3.16275e-10      #dY:3.8%   
  3.40e-4         9.08719e-9      3.38622e-10      #dY:3.7%   
  4.00e-4         9.85976e-9      3.67411e-10      #dY:3.7%   
  4.60e-4         1.05767e-8      3.94127e-10      #dY:3.7%   
  5.40e-4         1.1464e-8       4.27191e-10      #dY:3.7%   
  6.30e-4         1.23876e-8      4.61608e-10      #dY:3.7%   
  7.40e-4         1.34317e-8      5.00515e-10      #dY:3.7%   
  8.60e-4         1.44866e-8      5.39825e-10      #dY:3.7%   
  1.00e-3         1.56292e-8      5.82402e-10      #dY:3.7%   
  1.20e-3         1.71322e-8      6.39964e-10      #dY:3.7%   
  1.40e-3         1.85161e-8      6.91659e-10      #dY:3.7%   
  1.60e-3         1.98056e-8      7.39828e-10      #dY:3.7%   
  1.80e-3         2.10181e-8      7.8512e-10       #dY:3.7%   
  2.20e-3         2.32587e-8      8.68817e-10      #dY:3.7%   
  2.50e-3         2.48103e-8      9.26776e-10      #dY:3.7%   
  2.90e-3         2.67433e-8      9.98982e-10      #dY:3.7%   
  3.40e-3         2.89843e-8      1.06193e-9       #dY:3.7%   
  4.00e-3         3.147e-8        1.153e-9         #dY:3.7%   
  4.60e-3         3.37793e-8      1.23761e-9       #dY:3.7%   
  5.40e-3         3.66404e-8      1.34244e-9       #dY:3.7%   
  6.30e-3         3.96219e-8      1.45168e-9       #dY:3.7%   
  7.40e-3         4.29965e-8      1.57532e-9       #dY:3.7%   
  8.60e-3         4.64096e-8      1.70037e-9       #dY:3.7%   
  0.01            5.01103e-8      1.83595e-9       #dY:3.7%   
  0.012           5.49836e-8      1.99778e-9       #dY:3.6%   
  0.014           5.94751e-8      2.16097e-9       #dY:3.6%   
  0.016           6.36633e-8      2.31315e-9       #dY:3.6%   
  0.018           6.76029e-8      2.45629e-9       #dY:3.6%   
  0.022           7.48864e-8      2.72093e-9       #dY:3.6%   
  0.025           7.99302e-8      2.90419e-9       #dY:3.6%   
  0.029           8.62126e-8      3.13245e-9       #dY:3.6%   
  0.034           9.34905e-8      3.2714e-9        #dY:3.5%   
  0.04            1.01553e-7      3.55352e-9       #dY:3.5%   
  0.046           1.0903e-7       3.81515e-9       #dY:3.5%   
  0.054           1.1827e-7       4.13848e-9       #dY:3.5%   
  0.063           1.27865e-7      4.47422e-9       #dY:3.5%   
  0.074           1.38673e-7      4.85241e-9       #dY:3.5%   
  0.086           1.49541e-7      5.2327e-9        #dY:3.5%   
  0.09            1.52982e-7      5.35311e-9       #dY:3.5%   
  0.18            2.1503e-7       7.27939e-9       #dY:3.4%   
  0.27            2.53147e-7      9.40016e-9       #dY:3.7%   
  0.36            2.81891e-7      1.04675e-8       #dY:3.7%   
  0.45            3.00196e-7      1.07426e-8       #dY:3.6%   
  0.54            3.13921e-7      1.12338e-8       #dY:3.6%   
  0.63            3.20858e-7      1.16145e-8       #dY:3.6%   
  0.72            3.25102e-7      1.17681e-8       #dY:3.6%   
  0.81            3.2541e-7       1.1126e-8        #dY:3.4%   
  0.9             3.24004e-7      1.10779e-8       #dY:3.4%   
  0.99            3.20294e-7      1.09511e-8       #dY:3.4%   
  1.08            3.15444e-7      9.94196e-9       #dY:3.2%   
  1.17            3.09245e-7      9.74659e-9       #dY:3.2%   
  1.26            3.02328e-7      8.59128e-9       #dY:2.8%   
  1.35            2.94586e-7      8.37127e-9       #dY:2.8%   
  1.44            2.86438e-7      7.13664e-9       #dY:2.5%   
  1.53            2.77772e-7      6.92073e-9       #dY:2.5%   
  1.62            2.68909e-7      5.60045e-9       #dY:2.1%   
  1.71            2.59763e-7      5.40997e-9       #dY:2.1%   
  1.8             2.50562e-7      5.21835e-9       #dY:2.1%   
  1.89            2.4121e-7       3.99026e-9       #dY:1.7%   
  1.98            2.31898e-7      3.83621e-9       #dY:1.7%   
  2.07            2.22593e-7      2.7377e-9        #dY:1.2%   
  2.16            2.13394e-7      2.62456e-9       #dY:1.2%   
  2.25            2.0443e-7       1.64937e-9       #dY:0.8%   
  2.34            1.95614e-7      1.57824e-9       #dY:0.8%   
  2.43            1.87109e-7      8.88541e-10      #dY:0.5%   
  2.52            1.78778e-7      8.48979e-10      #dY:0.5%   
  2.61            1.7078e-7       8.68639e-10      #dY:0.5%   
  2.7             1.6297e-7       8.28915e-10      #dY:0.5%   
  2.79            1.5554e-7       7.91124e-10      #dY:0.5%   
  2.88            1.48305e-7      1.30869e-9       #dY:0.9%   
  2.97            1.41472e-7      1.24839e-9       #dY:0.9%   
  3.06            1.34835e-7      1.81365e-9       #dY:1.3%   
  3.15            1.28579e-7      1.7295e-9        #dY:1.3%   
  3.24            1.22514e-7      2.25509e-9       #dY:1.8%   
  3.33            1.16794e-7      2.1498e-9        #dY:1.8%   
  3.42            1.11259e-7      2.5985e-9        #dY:2.3%   
  3.51            1.06054e-7      2.47693e-9       #dY:2.3%   
  3.6             1.01025e-7      2.35948e-9       #dY:2.3%   
  3.69            9.62927e-8      2.74569e-9       #dY:2.9%   
  3.78            9.17279e-8      2.61553e-9       #dY:2.9%   
  3.87            8.7427e-8       2.93044e-9       #dY:3.4%   
  3.96            8.32833e-8      2.79155e-9       #dY:3.4%   
  4.05            7.93682e-8      3.06997e-9       #dY:3.9%   
  4.14            7.56e-8         2.92422e-9       #dY:3.9%   
  4.23            7.20513e-8      3.14807e-9       #dY:4.4%   
  4.32            6.8639e-8       2.99898e-9       #dY:4.4%   
  4.41            6.54205e-8      3.18765e-9       #dY:4.9%   
  4.5             6.23285e-8      3.03699e-9       #dY:4.9%   
  4.59            5.93978e-8      2.89419e-9       #dY:4.9%   
  4.68            5.65838e-8      3.03146e-9       #dY:5.4%   
  4.77            5.39271e-8      2.88913e-9       #dY:5.4%   
  4.86            5.13776e-8      3.00466e-9       #dY:5.8%   
  4.95            4.89665e-8      2.86365e-9       #dY:5.8%   
  5.04            4.66539e-8      2.95098e-9       #dY:6.3%   
  5.13            4.44567e-8      2.812e-9         #dY:6.3%   
  5.22            4.23498e-8      2.87607e-9       #dY:6.8%   
  5.31            4.03383e-8      2.73946e-9       #dY:6.8%   
  5.4             3.84092e-8      2.60845e-9       #dY:6.8%   
  5.49            3.65679e-8      2.65452e-9       #dY:7.3%   
  5.58            3.48018e-8      2.52632e-9       #dY:7.3%   
  5.67            3.31187e-8      2.55398e-9       #dY:7.7%   
  5.76            3.15041e-8      2.42946e-9       #dY:7.7%   
  5.85            2.99689e-8      2.45109e-9       #dY:8.2%   
  5.94            2.8496e-8       2.33063e-9       #dY:8.2%   
  6.03            2.70996e-8      2.34043e-9       #dY:8.6%   
  6.12            2.57599e-8      2.22473e-9       #dY:8.6%   
  6.21            2.44865e-8      2.22842e-9       #dY:9.1%   
  6.3             2.32644e-8      2.1172e-9        #dY:9.1%   
  6.39            2.21055e-8      2.01174e-9       #dY:9.1%   
  6.48            2.09933e-8      2.00859e-9       #dY:9.6%   
  6.57            1.99472e-8      1.9085e-9        #dY:9.6%   
  6.66            1.89434e-8      1.90785e-9       #dY:10.1%  
  6.75            1.80118e-8      1.81402e-9       #dY:10.1%  
  6.84            1.71184e-8      1.80426e-9       #dY:10.5%  
  6.93            1.63042e-8      1.71844e-9       #dY:10.5%  
  7.02            1.55245e-8      1.69489e-9       #dY:10.9%  
  7.11            1.4827e-8       1.61874e-9       #dY:10.9%  
  7.2             1.41608e-8      1.54601e-9       #dY:10.9%  
  7.29            1.3569e-8       1.5311e-9        #dY:11.3%  
  7.38            1.30055e-8      1.46751e-9       #dY:11.3%  
  7.47            1.24981e-8      1.43652e-9       #dY:11.5%  
  7.56            1.20163e-8      1.38115e-9       #dY:11.5%  
  7.65            1.15716e-8      1.34545e-9       #dY:11.6%  
  7.74            1.115e-8        1.29643e-9       #dY:11.6%  
  7.83            1.07543e-8      1.25981e-9       #dY:11.7%  
  7.92            1.03794e-8      1.21589e-9       #dY:11.7%  
  8.01            1.00242e-8      1.17194e-9       #dY:11.7%  
  8.1             9.68781e-9      1.13261e-9       #dY:11.7%  
  8.19            9.36815e-9      1.09524e-9       #dY:11.7%  
  8.28            9.06535e-9      1.05728e-9       #dY:11.7%  
  8.37            8.77648e-9      1.02359e-9       #dY:11.7%  
  8.46            8.50281e-9      9.79731e-10      #dY:11.5%  
  8.55            8.23896e-9      9.49329e-10      #dY:11.5%  
  8.64            7.98881e-9      9.09649e-10      #dY:11.4%  
  8.73            7.74727e-9      8.82146e-10      #dY:11.4%  
  8.82            7.51805e-9      8.32841e-10      #dY:11.1%  
  8.91            7.29694e-9      8.08347e-10      #dY:11.1%  
  9               7.08693e-9      7.85082e-10      #dY:11.1%  
  9.09            6.8844e-9       7.49777e-10      #dY:10.9%  
  9.18            6.69185e-9      7.28806e-10      #dY:10.9%  
  9.27            6.50749e-9      6.89471e-10      #dY:10.6%  
  9.36            6.3321e-9       6.70889e-10      #dY:10.6%  
  9.45            6.16419e-9      6.35969e-10      #dY:10.3%  
  9.54            6.00434e-9      6.19477e-10      #dY:10.3%  
  9.63            5.85175e-9      5.85027e-10      #dY:10.0%  
  9.72            5.7064e-9       5.70496e-10      #dY:10.0%  
  9.81            5.56849e-9      5.37133e-10      #dY:9.6%   
  9.9             5.43709e-9      5.24458e-10      #dY:9.6%   
  9.99            5.31334e-9      5.12522e-10      #dY:9.6%   
  10.08           5.19544e-9      4.81337e-10      #dY:9.3%   
  10.17           5.08548e-9      4.71149e-10      #dY:9.3%   
  10.26           4.98077e-9      4.41703e-10      #dY:8.9%   
  10.35           4.88383e-9      4.33106e-10      #dY:8.9%   
  10.44           4.79162e-9      4.04597e-10      #dY:8.4%   
  10.53           4.70719e-9      3.97468e-10      #dY:8.4%   
  10.62           4.62699e-9      3.7037e-10       #dY:8.0%   
  10.71           4.55391e-9      3.6452e-10       #dY:8.0%   
  10.8            4.48463e-9      3.58974e-10      #dY:8.0%   
  10.89           4.41939e-9      3.33138e-10      #dY:7.5%   
  10.98           4.35758e-9      3.28478e-10      #dY:7.5%   
  11.07           4.29246e-9      3.03793e-10      #dY:7.1%   
  11.16           4.23042e-9      2.99403e-10      #dY:7.1%   
  11.25           4.14047e-9      2.74384e-10      #dY:6.6%   
  11.34           4.05328e-9      2.68606e-10      #dY:6.6%   
  11.43           3.99062e-9      2.50202e-10      #dY:6.3%   
  11.52           3.93044e-9      2.46429e-10      #dY:6.3%   
  11.61           3.83947e-9      2.26731e-10      #dY:5.9%   
  11.7            3.75073e-9      2.21491e-10      #dY:5.9%   
  11.79           3.58953e-9      2.11971e-10      #dY:5.9%   
  11.88           3.43033e-9      1.93552e-10      #dY:5.6%   
  11.97           3.19252e-9      1.80133e-10      #dY:5.6%   
  12.06           2.9565e-9       1.67341e-10      #dY:5.7%   
  12.15           2.53662e-9      1.43575e-10      #dY:5.7%   
  12.24           2.11835e-9      1.32386e-10      #dY:6.2%   
  12.33           1.46396e-9      9.14903e-11      #dY:6.2%   
  12.42           8.10999e-10     7.52274e-11      #dY:9.3%   
  12.51           6.24123e-10     5.7893e-11       #dY:9.3%   
  12.6            4.38539e-10     4.06784e-11      #dY:9.3%   
  12.69           4.03111e-10     8.64499e-11      #dY:21.4%  
  12.78           3.68841e-10     7.91005e-11      #dY:21.4%  
  12.87           3.48742e-10     1.09129e-10      #dY:31.3%  
  12.96           3.29682e-10     1.03165e-10      #dY:31.3%  
  13.05           3.12127e-10     1.02819e-10      #dY:32.9%  
  13.14           2.95505e-10     9.73439e-11      #dY:32.9%  
  13.23           2.79784e-10     9.38504e-11      #dY:33.5%  
  13.32           2.64898e-10     8.8857e-11       #dY:33.5%  
  13.41           2.50805e-10     8.55367e-11      #dY:34.1%  
  13.5            2.37461e-10     8.09858e-11      #dY:34.1%  
  13.59           2.24827e-10     7.66769e-11      #dY:34.1%  
  13.68           2.12864e-10     7.37592e-11      #dY:34.7%  
  13.77           2.01538e-10     6.98347e-11      #dY:34.7%  
  13.86           1.90814e-10     6.71856e-11      #dY:35.2%  
  13.95           1.80661e-10     6.36107e-11      #dY:35.2%  
  14.04           1.71048e-10     6.11683e-11      #dY:35.8%  
  14.13           1.61946e-10     5.79134e-11      #dY:35.8%  
  14.22           1.53329e-10     5.56615e-11      #dY:36.3%  
  14.31           1.4517e-10      5.26996e-11      #dY:36.3%  
  14.4            1.37446e-10     4.98957e-11      #dY:36.3%  
  14.49           1.30132e-10     4.80404e-11      #dY:36.9%  
  14.58           1.23208e-10     4.54843e-11      #dY:36.9%  
  14.67           1.16652e-10     4.3668e-11       #dY:37.4%  
  14.76           1.10445e-10     4.13445e-11      #dY:37.4%  
  14.85           1.04569e-10     3.96768e-11      #dY:37.9%  
  14.94           9.9005e-11      3.75656e-11      #dY:37.9%  
  15.03           9.37375e-11     3.611e-11        #dY:38.5%  
  15.12           8.87504e-11     3.41888e-11      #dY:38.5%  
  15.21           8.40288e-11     3.27794e-11      #dY:39.0%  
  15.3            7.95586e-11     3.10356e-11      #dY:39.0%  
  15.39           7.53263e-11     2.93846e-11      #dY:39.0%  
  15.48           7.13193e-11     2.82187e-11      #dY:39.6%  
  15.57           6.75257e-11     2.67177e-11      #dY:39.6%  
  15.66           6.3934e-11      2.56441e-11      #dY:40.1%  
  15.75           6.05335e-11     2.42801e-11      #dY:40.1%  
  15.84           5.7314e-11      2.32487e-11      #dY:40.6%  
  15.93           5.4266e-11      2.20123e-11      #dY:40.6%  
  16.02           5.13802e-11     2.11095e-11      #dY:41.1%  
  16.11           4.8648e-11      1.9987e-11       #dY:41.1%  
  16.2            4.60612e-11     1.89242e-11      #dY:41.1%  
  16.29           4.36122e-11     1.81404e-11      #dY:41.6%  
  16.38           4.12935e-11     1.71759e-11      #dY:41.6%  
  16.47           3.90983e-11     1.64572e-11      #dY:42.1%  
  16.56           3.70199e-11     1.55824e-11      #dY:42.1%  
  16.65           3.50521e-11     1.49243e-11      #dY:42.6%  
  16.74           3.31891e-11     1.41311e-11      #dY:42.6%  
  16.83           3.14252e-11     1.35289e-11      #dY:43.1%  
  16.92           2.97552e-11     1.28099e-11      #dY:43.1%  
  17.01           2.8174e-11      1.22593e-11      #dY:43.5%  
  17.1            2.6677e-11      1.16079e-11      #dY:43.5%  
  17.19           2.52597e-11     1.09912e-11      #dY:43.5%  
  17.28           2.39177e-11     1.05326e-11      #dY:44.0%  
  17.37           2.26472e-11     9.97312e-12      #dY:44.0%  
  17.46           2.14443e-11     9.53726e-12      #dY:44.5%  
  17.55           2.03054e-11     9.03074e-12      #dY:44.5%  
  17.64           1.9227e-11      8.63273e-12      #dY:44.9%  
  17.73           1.82061e-11     8.17436e-12      #dY:44.9%  
  17.82           1.72394e-11     7.82397e-12      #dY:45.4%  
  17.91           1.63241e-11     7.40857e-12      #dY:45.4%  
  18              1.54575e-11     7.01527e-12      #dY:45.4%  
  18.09           1.46371e-11     6.70157e-12      #dY:45.8%  
  18.18           1.38602e-11     6.34587e-12      #dY:45.8%  
  18.27           1.31246e-11     6.06026e-12      #dY:46.2%  
  18.36           1.24282e-11     5.7387e-12       #dY:46.2%  
  18.45           1.17688e-11     5.48682e-12      #dY:46.6%  
  18.54           1.11444e-11     5.19571e-12      #dY:46.6%  
  18.63           1.05532e-11     4.96603e-12      #dY:47.1%  
  18.72           9.99347e-12     4.70263e-12      #dY:47.1%  
  18.81           9.46346e-12     4.48649e-12      #dY:47.4%  
  18.9            8.96162e-12     4.24857e-12      #dY:47.4%  
  18.99           8.48645e-12     4.0233e-12       #dY:47.4%  
  19.08           8.03652e-12     3.84301e-12      #dY:47.8%  
  19.17           7.61049e-12     3.63929e-12      #dY:47.8%  
  19.26           7.2071e-12      3.47493e-12      #dY:48.2%  
  19.35           6.82514e-12     3.29077e-12      #dY:48.2%  
  19.44           6.46346e-12     3.14112e-12      #dY:48.6%  
  19.53           6.12099e-12     2.97468e-12      #dY:48.6%  
  19.62           5.7967e-12      2.83862e-12      #dY:49.0%  
  19.71           5.48964e-12     2.68825e-12      #dY:49.0%  
  19.8            5.19887e-12     2.54586e-12      #dY:49.0%  
  19.89           4.92355e-12     2.42865e-12      #dY:49.3%  
  19.98           4.66283e-12     2.30005e-12      #dY:49.3%  
  20.18           0.00            0.00                        
//
#-------------------------------------------------------------------------------
#
#name:   JENDL-5: U-235(N,F) E_in=19. MeV
#X.axis: Energy
#Y.axis: 
#wdata:  3
#ldata:  362
#data...
# X               Y               +-dY           
# MeV             1/eV            1/eV           
  0.00            0.00            0.00                        
  1.00e-11        1.54709e-12     0.00                        
  1.20e-11        1.69476e-12     0.00                        
  1.40e-11        1.83055e-12     0.00                        
  1.60e-11        1.95694e-12     0.00                        
  1.80e-11        2.07565e-12     0.00                        
  2.20e-11        2.29471e-12     0.00                        
  2.50e-11        2.44617e-12     0.00                        
  2.90e-11        2.63461e-12     0.00                        
  3.40e-11        2.85271e-12     9.27339e-14      #dY:3.3%   
  4.00e-11        3.0942e-12      1.00584e-13      #dY:3.3%   
  4.60e-11        3.31816e-12     1.07864e-13      #dY:3.3%   
  5.40e-11        3.59513e-12     1.16868e-13      #dY:3.3%   
  6.30e-11        3.88319e-12     1.26232e-13      #dY:3.3%   
  7.40e-11        4.20857e-12     1.36809e-13      #dY:3.3%   
  8.60e-11        4.53699e-12     1.47485e-13      #dY:3.3%   
  1.00e-10        4.89237e-12     1.85884e-13      #dY:3.8%   
  1.20e-10        5.35933e-12     2.03626e-13      #dY:3.8%   
  1.40e-10        5.78874e-12     2.19941e-13      #dY:3.8%   
  1.60e-10        6.18842e-12     2.35127e-13      #dY:3.8%   
  1.80e-10        6.56382e-12     2.4939e-13       #dY:3.8%   
  2.20e-10        7.25658e-12     2.75711e-13      #dY:3.8%   
  2.50e-10        7.73555e-12     2.9391e-13       #dY:3.8%   
  2.90e-10        8.33145e-12     3.16551e-13      #dY:3.8%   
  3.40e-10        9.02114e-12     3.39843e-13      #dY:3.8%   
  4.00e-10        9.78482e-12     3.68613e-13      #dY:3.8%   
  4.60e-10        1.04931e-11     3.95295e-13      #dY:3.8%   
  5.40e-10        1.1369e-11      4.28292e-13      #dY:3.8%   
  6.30e-10        1.22799e-11     4.62607e-13      #dY:3.8%   
  7.40e-10        1.33089e-11     5.01371e-13      #dY:3.8%   
  8.60e-10        1.43475e-11     5.40497e-13      #dY:3.8%   
  1.00e-9         1.54713e-11     5.82833e-13      #dY:3.8%   
  1.20e-9         1.6948e-11      6.43936e-13      #dY:3.8%   
  1.40e-9         1.8306e-11      6.95533e-13      #dY:3.8%   
  1.60e-9         1.957e-11       7.43558e-13      #dY:3.8%   
  1.80e-9         2.07571e-11     7.88662e-13      #dY:3.8%   
  2.20e-9         2.29479e-11     8.71901e-13      #dY:3.8%   
  2.50e-9         2.44626e-11     9.29451e-13      #dY:3.8%   
  2.90e-9         2.63472e-11     1.00106e-12      #dY:3.8%   
  3.40e-9         2.85283e-11     1.07472e-12      #dY:3.8%   
  4.00e-9         3.09434e-11     1.1657e-12       #dY:3.8%   
  4.60e-9         3.31832e-11     1.25008e-12      #dY:3.8%   
  5.40e-9         3.59533e-11     1.35444e-12      #dY:3.8%   
  6.30e-9         3.88342e-11     1.46296e-12      #dY:3.8%   
  7.40e-9         4.20884e-11     1.58556e-12      #dY:3.8%   
  8.60e-9         4.5373e-11      1.70929e-12      #dY:3.8%   
  1.00e-8         4.89273e-11     1.85894e-12      #dY:3.8%   
  1.20e-8         5.35976e-11     2.03638e-12      #dY:3.8%   
  1.40e-8         5.78924e-11     2.19955e-12      #dY:3.8%   
  1.60e-8         6.189e-11       2.35144e-12      #dY:3.8%   
  1.80e-8         6.56447e-11     2.49409e-12      #dY:3.8%   
  2.20e-8         7.25738e-11     2.75736e-12      #dY:3.8%   
  2.50e-8         7.73646e-11     2.93938e-12      #dY:3.8%   
  2.90e-8         8.3325e-11      3.16584e-12      #dY:3.8%   
  3.40e-8         9.02238e-11     3.39861e-12      #dY:3.8%   
  4.00e-8         9.78627e-11     3.68636e-12      #dY:3.8%   
  4.60e-8         1.04947e-10     3.95321e-12      #dY:3.8%   
  5.40e-8         1.13709e-10     4.28327e-12      #dY:3.8%   
  6.30e-8         1.22822e-10     4.62654e-12      #dY:3.8%   
  7.40e-8         1.33116e-10     5.0143e-12       #dY:3.8%   
  8.60e-8         1.43506e-10     5.40568e-12      #dY:3.8%   
  1.00e-7         1.54736e-10     5.8287e-12       #dY:3.8%   
  1.20e-7         1.69508e-10     6.43957e-12      #dY:3.8%   
  1.40e-7         1.83092e-10     6.95562e-12      #dY:3.8%   
  1.60e-7         1.95747e-10     7.43638e-12      #dY:3.8%   
  1.80e-7         2.07592e-10     7.88637e-12      #dY:3.8%   
  2.20e-7         2.29486e-10     8.71812e-12      #dY:3.8%   
  2.50e-7         2.44635e-10     9.29363e-12      #dY:3.8%   
  2.90e-7         2.63481e-10     1.00096e-11      #dY:3.8%   
  3.40e-7         2.85294e-10     1.07475e-11      #dY:3.8%   
  4.00e-7         3.09447e-10     1.16573e-11      #dY:3.8%   
  4.60e-7         3.31847e-10     1.25012e-11      #dY:3.8%   
  5.40e-7         3.5955e-10      1.35448e-11      #dY:3.8%   
  6.30e-7         3.88362e-10     1.46302e-11      #dY:3.8%   
  7.40e-7         4.20908e-10     1.58562e-11      #dY:3.8%   
  8.60e-7         4.53759e-10     1.70938e-11      #dY:3.8%   
  1.00e-6         4.89306e-10     1.84329e-11      #dY:3.8%   
  1.20e-6         5.36016e-10     2.03669e-11      #dY:3.8%   
  1.40e-6         5.79041e-10     2.20017e-11      #dY:3.8%   
  1.60e-6         6.18954e-10     2.35182e-11      #dY:3.8%   
  1.80e-6         6.56507e-10     2.49451e-11      #dY:3.8%   
  2.20e-6         7.25812e-10     2.75785e-11      #dY:3.8%   
  2.50e-6         7.7373e-10      2.93992e-11      #dY:3.8%   
  2.90e-6         8.33349e-10     3.16645e-11      #dY:3.8%   
  3.40e-6         9.02354e-10     3.39973e-11      #dY:3.8%   
  4.00e-6         9.78764e-10     3.68761e-11      #dY:3.8%   
  4.60e-6         1.04963e-9      3.95461e-11      #dY:3.8%   
  5.40e-6         1.13728e-9      4.28484e-11      #dY:3.8%   
  6.30e-6         1.22844e-9      4.6283e-11       #dY:3.8%   
  7.40e-6         1.33142e-9      5.01629e-11      #dY:3.8%   
  8.60e-6         1.43536e-9      5.40789e-11      #dY:3.8%   
  1.00e-5         1.54785e-9      5.83171e-11      #dY:3.8%   
  1.20e-5         1.69567e-9      6.4339e-11       #dY:3.8%   
  1.40e-5         1.83162e-9      6.94974e-11      #dY:3.8%   
  1.60e-5         1.95816e-9      7.42987e-11      #dY:3.8%   
  1.80e-5         2.07703e-9      7.8809e-11       #dY:3.8%   
  2.20e-5         2.29642e-9      8.71334e-11      #dY:3.8%   
  2.50e-5         2.44812e-9      9.28894e-11      #dY:3.8%   
  2.90e-5         2.63687e-9      1.00051e-10      #dY:3.8%   
  3.40e-5         2.85537e-9      1.07266e-10      #dY:3.8%   
  4.00e-5         3.09735e-9      1.16356e-10      #dY:3.8%   
  4.60e-5         3.3218e-9       1.24788e-10      #dY:3.8%   
  5.40e-5         3.59943e-9      1.35217e-10      #dY:3.8%   
  6.30e-5         3.88823e-9      1.46067e-10      #dY:3.8%   
  7.40e-5         4.21453e-9      1.58324e-10      #dY:3.8%   
  8.60e-5         4.54396e-9      1.707e-10        #dY:3.8%   
  1.00e-4         4.90051e-9      1.84094e-10      #dY:3.8%   
  1.20e-4         5.36916e-9      2.03173e-10      #dY:3.8%   
  1.40e-4         5.80028e-9      2.19487e-10      #dY:3.8%   
  1.60e-4         6.20169e-9      2.34677e-10      #dY:3.8%   
  1.80e-4         6.57881e-9      2.48947e-10      #dY:3.8%   
  2.20e-4         7.27505e-9      2.75294e-10      #dY:3.8%   
  2.50e-4         7.75665e-9      2.93518e-10      #dY:3.8%   
  2.90e-4         8.35606e-9      3.162e-10        #dY:3.8%   
  3.40e-4         9.05018e-9      3.38588e-10      #dY:3.7%   
  4.00e-4         9.81919e-9      3.67359e-10      #dY:3.7%   
  4.60e-4         1.05328e-8      3.94056e-10      #dY:3.7%   
  5.40e-4         1.14159e-8      4.27095e-10      #dY:3.7%   
  6.30e-4         1.23349e-8      4.61477e-10      #dY:3.7%   
  7.40e-4         1.33739e-8      5.00348e-10      #dY:3.7%   
  8.60e-4         1.44234e-8      5.39613e-10      #dY:3.7%   
  1.00e-3         1.556e-8        5.82136e-10      #dY:3.7%   
  1.20e-3         1.70549e-8      6.39812e-10      #dY:3.8%   
  1.40e-3         1.84312e-8      6.91443e-10      #dY:3.8%   
  1.60e-3         1.97134e-8      7.39545e-10      #dY:3.8%   
  1.80e-3         2.09189e-8      7.84769e-10      #dY:3.8%   
  2.20e-3         2.31462e-8      8.68326e-10      #dY:3.8%   
  2.50e-3         2.46882e-8      9.26174e-10      #dY:3.8%   
  2.90e-3         2.66089e-8      9.98228e-10      #dY:3.8%   
  3.40e-3         2.88351e-8      1.06159e-9       #dY:3.7%   
  4.00e-3         3.13038e-8      1.15248e-9       #dY:3.7%   
  4.60e-3         3.35968e-8      1.2369e-9        #dY:3.7%   
  5.40e-3         3.64369e-8      1.34146e-9       #dY:3.7%   
  6.30e-3         3.93955e-8      1.45038e-9       #dY:3.7%   
  7.40e-3         4.27432e-8      1.57363e-9       #dY:3.7%   
  8.60e-3         4.61279e-8      1.69824e-9       #dY:3.7%   
  0.01            4.97963e-8      1.8333e-9        #dY:3.7%   
  0.012           5.46251e-8      1.99631e-9       #dY:3.7%   
  0.014           5.90733e-8      2.15887e-9       #dY:3.7%   
  0.016           6.32194e-8      2.31039e-9       #dY:3.7%   
  0.018           6.71177e-8      2.45286e-9       #dY:3.7%   
  0.022           7.43206e-8      2.7161e-9        #dY:3.7%   
  0.025           7.93055e-8      2.89827e-9       #dY:3.7%   
  0.029           8.55109e-8      3.12505e-9       #dY:3.7%   
  0.034           9.26945e-8      3.2681e-9        #dY:3.5%   
  0.04            1.00646e-7      3.54845e-9       #dY:3.5%   
  0.046           1.08014e-7      3.80822e-9       #dY:3.5%   
  0.054           1.17112e-7      4.12898e-9       #dY:3.5%   
  0.063           1.26549e-7      4.4617e-9        #dY:3.5%   
  0.074           1.37168e-7      4.83609e-9       #dY:3.5%   
  0.086           1.47832e-7      5.21207e-9       #dY:3.5%   
  0.095           1.5531e-7       5.47572e-9       #dY:3.5%   
  0.19            2.17264e-7      7.42908e-9       #dY:3.4%   
  0.285           2.54242e-7      9.57765e-9       #dY:3.8%   
  0.38            2.81548e-7      1.06063e-8       #dY:3.8%   
  0.475           2.98402e-7      1.08609e-8       #dY:3.6%   
  0.57            3.10551e-7      1.13031e-8       #dY:3.6%   
  0.665           3.16158e-7      1.16756e-8       #dY:3.7%   
  0.76            3.19037e-7      1.17819e-8       #dY:3.7%   
  0.855           3.18339e-7      1.1112e-8        #dY:3.5%   
  0.95            3.15924e-7      1.10277e-8       #dY:3.5%   
  1.045           3.11496e-7      1.00167e-8       #dY:3.2%   
  1.14            3.05942e-7      9.83812e-9       #dY:3.2%   
  1.235           2.99147e-7      8.65831e-9       #dY:2.9%   
  1.33            2.9169e-7       8.44248e-9       #dY:2.9%   
  1.425           2.83508e-7      7.18011e-9       #dY:2.5%   
  1.52            2.74975e-7      6.964e-9         #dY:2.5%   
  1.615           2.65924e-7      5.617e-9         #dY:2.1%   
  1.71            2.56728e-7      5.42276e-9       #dY:2.1%   
  1.805           2.47313e-7      4.14068e-9       #dY:1.7%   
  1.9             2.37893e-7      3.98297e-9       #dY:1.7%   
  1.995           2.28389e-7      3.82385e-9       #dY:1.7%   
  2.09            2.1897e-7       2.71933e-9       #dY:1.2%   
  2.185           2.09697e-7      2.60418e-9       #dY:1.2%   
  2.28            2.00568e-7      1.62954e-9       #dY:0.8%   
  2.375           1.91663e-7      1.55719e-9       #dY:0.8%   
  2.47            1.82939e-7      8.72409e-10      #dY:0.5%   
  2.565           1.7453e-7       8.32308e-10      #dY:0.5%   
  2.66            1.66323e-7      8.47669e-10      #dY:0.5%   
  2.755           1.58515e-7      8.07875e-10      #dY:0.5%   
  2.85            1.50919e-7      1.33169e-9       #dY:0.9%   
  2.945           1.43727e-7      1.26823e-9       #dY:0.9%   
  3.04            1.3675e-7       1.83548e-9       #dY:1.3%   
  3.135           1.30162e-7      1.74705e-9       #dY:1.3%   
  3.23            1.23785e-7      2.2695e-9        #dY:1.8%   
  3.325           1.17768e-7      2.15918e-9       #dY:1.8%   
  3.42            1.11956e-7      2.60056e-9       #dY:2.3%   
  3.515           1.06497e-7      2.47376e-9       #dY:2.3%   
  3.61            1.01233e-7      2.86709e-9       #dY:2.8%   
  3.705           9.62919e-8      2.72715e-9       #dY:2.8%   
  3.8             9.15344e-8      2.59241e-9       #dY:2.8%   
  3.895           8.70695e-8      2.89518e-9       #dY:3.3%   
  3.99            8.27768e-8      2.75244e-9       #dY:3.3%   
  4.085           7.87378e-8      3.01727e-9       #dY:3.8%   
  4.18            7.48591e-8      2.86864e-9       #dY:3.8%   
  4.275           7.12288e-8      3.07823e-9       #dY:4.3%   
  4.37            6.77471e-8      2.92776e-9       #dY:4.3%   
  4.465           6.44777e-8      3.10132e-9       #dY:4.8%   
  4.56            6.13454e-8      2.95066e-9       #dY:4.8%   
  4.655           5.83997e-8      3.0807e-9        #dY:5.3%   
  4.75            5.55799e-8      2.93195e-9       #dY:5.3%   
  4.845           5.29328e-8      3.03805e-9       #dY:5.7%   
  4.94            5.04012e-8      2.89275e-9       #dY:5.7%   
  5.035           4.80185e-8      2.96882e-9       #dY:6.2%   
  5.13            4.57414e-8      2.82804e-9       #dY:6.2%   
  5.225           4.35961e-8      2.87953e-9       #dY:6.6%   
  5.32            4.15469e-8      2.74418e-9       #dY:6.6%   
  5.415           3.96116e-8      2.77841e-9       #dY:7.0%   
  5.51            3.77638e-8      2.6488e-9        #dY:7.0%   
  5.605           3.60139e-8      2.66096e-9       #dY:7.4%   
  5.7             3.43434e-8      2.53753e-9       #dY:7.4%   
  5.795           3.27572e-8      2.42033e-9       #dY:7.4%   
  5.89            3.1243e-8       2.42351e-9       #dY:7.8%   
  5.985           2.98052e-8      2.31198e-9       #dY:7.8%   
  6.08            2.84326e-8      2.30197e-9       #dY:8.1%   
  6.175           2.71189e-8      2.19561e-9       #dY:8.1%   
  6.27            2.58642e-8      2.17864e-9       #dY:8.4%   
  6.365           2.46522e-8      2.07655e-9       #dY:8.4%   
  6.46            2.34934e-8      2.05321e-9       #dY:8.7%   
  6.555           2.23774e-8      1.95568e-9       #dY:8.7%   
  6.65            2.13094e-8      1.93586e-9       #dY:9.1%   
  6.745           2.02835e-8      1.84266e-9       #dY:9.1%   
  6.84            1.93009e-8      1.8153e-9        #dY:9.4%   
  6.935           1.83599e-8      1.7268e-9        #dY:9.4%   
  7.03            1.74579e-8      1.68914e-9       #dY:9.7%   
  7.125           1.65945e-8      1.6056e-9        #dY:9.7%   
  7.22            1.57661e-8      1.57653e-9       #dY:10.0%  
  7.315           1.49741e-8      1.49733e-9       #dY:10.0%  
  7.41            1.42137e-8      1.46152e-9       #dY:10.3%  
  7.505           1.34939e-8      1.3875e-9        #dY:10.3%  
  7.6             1.28024e-8      1.3164e-9        #dY:10.3%  
  7.695           1.216e-8        1.28896e-9       #dY:10.6%  
  7.79            1.15432e-8      1.22358e-9       #dY:10.6%  
  7.885           1.0986e-8       1.20293e-9       #dY:10.9%  
  7.98            1.04516e-8      1.14442e-9       #dY:10.9%  
  8.075           9.98413e-9      1.12017e-9       #dY:11.2%  
  8.17            9.53715e-9      1.07002e-9       #dY:11.2%  
  8.265           9.15645e-9      1.04859e-9       #dY:11.5%  
  8.36            8.79417e-9      1.0071e-9        #dY:11.5%  
  8.455           8.48114e-9      9.74734e-10      #dY:11.5%  
  8.55            8.18463e-9      9.40657e-10      #dY:11.5%  
  8.645           7.91702e-9      9.06182e-10      #dY:11.4%  
  8.74            7.66423e-9      8.77248e-10      #dY:11.4%  
  8.835           7.42912e-9      8.28994e-10      #dY:11.2%  
  8.93            7.20728e-9      8.04239e-10      #dY:11.2%  
  9.025           6.99668e-9      7.66704e-10      #dY:11.0%  
  9.12            6.79796e-9      7.44928e-10      #dY:11.0%  
  9.215           6.60785e-9      7.0255e-10       #dY:10.6%  
  9.31            6.42837e-9      6.83468e-10      #dY:10.6%  
  9.405           6.25479e-9      6.45517e-10      #dY:10.3%  
  9.5             6.09074e-9      6.28586e-10      #dY:10.3%  
  9.595           5.93008e-9      6.12005e-10      #dY:10.3%  
  9.69            5.77795e-9      5.76229e-10      #dY:10.0%  
  9.785           5.62953e-9      5.61427e-10      #dY:10.0%  
  9.88            5.48874e-9      5.27331e-10      #dY:9.6%   
  9.975           5.35307e-9      5.14297e-10      #dY:9.6%   
  10.07           5.22422e-9      4.82062e-10      #dY:9.2%   
  10.165          5.10096e-9      4.70688e-10      #dY:9.2%   
  10.26           4.9838e-9       4.40807e-10      #dY:8.8%   
  10.355          4.8723e-9       4.30945e-10      #dY:8.8%   
  10.45           4.76625e-9      4.02545e-10      #dY:8.4%   
  10.545          4.665e-9        3.93994e-10      #dY:8.4%   
  10.64           4.56863e-9      3.67451e-10      #dY:8.0%   
  10.735          4.47667e-9      3.60054e-10      #dY:8.0%   
  10.83           4.38907e-9      3.34647e-10      #dY:7.6%   
  10.925          4.30603e-9      3.28316e-10      #dY:7.6%   
  11.02           4.22689e-9      3.05006e-10      #dY:7.2%   
  11.115          4.15227e-9      2.99621e-10      #dY:7.2%   
  11.21           4.08113e-9      2.77348e-10      #dY:6.8%   
  11.305          4.01456e-9      2.72824e-10      #dY:6.8%   
  11.4            3.95109e-9      2.68511e-10      #dY:6.8%   
  11.495          3.89329e-9      2.48708e-10      #dY:6.4%   
  11.59           3.83826e-9      2.45192e-10      #dY:6.4%   
  11.685          3.78929e-9      2.2649e-10       #dY:6.0%   
  11.78           3.74281e-9      2.23712e-10      #dY:6.0%   
  11.875          3.7006e-9       2.05939e-10      #dY:5.6%   
  11.97           3.66062e-9      2.03714e-10      #dY:5.6%   
  12.065          3.61936e-9      1.86717e-10      #dY:5.2%   
  12.16           3.58009e-9      1.84691e-10      #dY:5.2%   
  12.255          3.51625e-9      1.67772e-10      #dY:4.8%   
  12.35           3.45419e-9      1.64811e-10      #dY:4.8%   
  12.445          3.41363e-9      1.51749e-10      #dY:4.4%   
  12.54           3.37464e-9      1.50016e-10      #dY:4.4%   
  12.635          3.28539e-9      1.35314e-10      #dY:4.1%   
  12.73           3.19754e-9      1.31696e-10      #dY:4.1%   
  12.825          3.03799e-9      1.18155e-10      #dY:3.9%   
  12.92           2.8797e-9       1.11999e-10      #dY:3.9%   
  13.015          2.64141e-9      1.02809e-10      #dY:3.9%   
  13.11           2.40424e-9      9.35775e-11      #dY:3.9%   
  13.205          1.86868e-9      8.03001e-11      #dY:4.3%   
  13.3            1.33413e-9      5.73296e-11      #dY:4.3%   
  13.395          8.61093e-10     3.70025e-11      #dY:4.3%   
  13.49           3.88953e-10     2.63638e-11      #dY:6.8%   
  13.585          3.12993e-10     2.12151e-11      #dY:6.8%   
  13.68           2.37831e-10     4.20829e-11      #dY:17.7%  
  13.775          2.2207e-10      3.92941e-11      #dY:17.7%  
  13.87           2.07021e-10     6.2741e-11       #dY:30.3%  
  13.965          1.95464e-10     5.92384e-11      #dY:30.3%  
  14.06           1.84544e-10     6.03464e-11      #dY:32.7%  
  14.155          1.7431e-10      5.69998e-11      #dY:32.7%  
  14.25           1.64643e-10     5.47105e-11      #dY:33.2%  
  14.345          1.55515e-10     5.16773e-11      #dY:33.2%  
  14.44           1.46893e-10     4.95703e-11      #dY:33.7%  
  14.535          1.38749e-10     4.68221e-11      #dY:33.7%  
  14.63           1.31057e-10     4.47828e-11      #dY:34.2%  
  14.725          1.23791e-10     4.23e-11         #dY:34.2%  
  14.82           1.16928e-10     4.04409e-11      #dY:34.6%  
  14.915          1.10446e-10     3.8199e-11       #dY:34.6%  
  15.01           1.04323e-10     3.65803e-11      #dY:35.1%  
  15.105          9.85401e-11     3.45526e-11      #dY:35.1%  
  15.2            9.30777e-11     3.26372e-11      #dY:35.1%  
  15.295          8.79183e-11     3.11733e-11      #dY:35.5%  
  15.39           8.30451e-11     2.94454e-11      #dY:35.5%  
  15.485          7.84422e-11     2.81698e-11      #dY:35.9%  
  15.58           7.40946e-11     2.66085e-11      #dY:35.9%  
  15.675          6.99881e-11     2.54431e-11      #dY:36.4%  
  15.77           6.61094e-11     2.4033e-11       #dY:36.4%  
  15.865          6.24459e-11     2.29254e-11      #dY:36.7%  
  15.96           5.89855e-11     2.1655e-11       #dY:36.7%  
  16.055          5.57171e-11     2.06883e-11      #dY:37.1%  
  16.15           5.263e-11       1.9542e-11       #dY:37.1%  
  16.245          4.97141e-11     1.86615e-11      #dY:37.5%  
  16.34           4.69599e-11     1.76276e-11      #dY:37.5%  
  16.435          4.43585e-11     1.68263e-11      #dY:37.9%  
  16.53           4.19014e-11     1.58942e-11      #dY:37.9%  
  16.625          3.95805e-11     1.51658e-11      #dY:38.3%  
  16.72           3.73883e-11     1.43259e-11      #dY:38.3%  
  16.815          3.53177e-11     1.36637e-11      #dY:38.7%  
  16.91           3.3362e-11      1.29071e-11      #dY:38.7%  
  17.005          3.15146e-11     1.23057e-11      #dY:39.0%  
  17.1            2.97697e-11     1.16244e-11      #dY:39.0%  
  17.195          2.81216e-11     1.09808e-11      #dY:39.0%  
  17.29           2.65648e-11     1.04829e-11      #dY:39.5%  
  17.385          2.50943e-11     9.90258e-12      #dY:39.5%  
  17.48           2.37054e-11     9.43424e-12      #dY:39.8%  
  17.575          2.23934e-11     8.91209e-12      #dY:39.8%  
  17.67           2.11542e-11     8.48734e-12      #dY:40.1%  
  17.765          1.99837e-11     8.01772e-12      #dY:40.1%  
  17.86           1.8878e-11      7.64511e-12      #dY:40.5%  
  17.955          1.78336e-11     7.22215e-12      #dY:40.5%  
  18.05           1.68471e-11     6.87304e-12      #dY:40.8%  
  18.145          1.59152e-11     6.49286e-12      #dY:40.8%  
  18.24           1.5035e-11      6.17735e-12      #dY:41.1%  
  18.335          1.42036e-11     5.83575e-12      #dY:41.1%  
  18.43           1.34182e-11     5.55872e-12      #dY:41.4%  
  18.525          1.26763e-11     5.25137e-12      #dY:41.4%  
  18.62           1.19755e-11     5.00041e-12      #dY:41.8%  
  18.715          1.13135e-11     4.72399e-12      #dY:41.8%  
  18.81           1.06882e-11     4.48992e-12      #dY:42.0%  
  18.905          1.00975e-11     4.24178e-12      #dY:42.0%  
  19              9.53956e-12     4.00739e-12      #dY:42.0%  
  19.095          9.01248e-12     3.81341e-12      #dY:42.3%  
  19.19           8.51457e-12     3.60274e-12      #dY:42.3%  
  19.285          8.04423e-12     3.42718e-12      #dY:42.6%  
  19.38           7.59992e-12     3.23789e-12      #dY:42.6%  
  19.475          7.1802e-12      3.07907e-12      #dY:42.9%  
  19.57           6.78371e-12     2.90904e-12      #dY:42.9%  
  19.665          6.40916e-12     2.76556e-12      #dY:43.2%  
  19.76           6.05533e-12     2.61288e-12      #dY:43.2%  
  19.855          5.72108e-12     2.48319e-12      #dY:43.4%  
  19.95           5.40532e-12     2.34614e-12      #dY:43.4%  
  20.15           0.00            0.00                        
//
#-------------------------------------------------------------------------------
#
#name:   JENDL-5: U-235(N,F) E_in=20. MeV
#X.axis: Energy
#Y.axis: 
#wdata:  3
#ldata:  450
#data...
# X               Y               +-dY           
# MeV             1/eV            1/eV           
  0.00            0.00            0.00                        
  1.00e-11        1.53667e-12     0.00                        
  1.20e-11        1.68334e-12     0.00                        
  1.40e-11        1.81822e-12     0.00                        
  1.60e-11        1.94376e-12     0.00                        
  1.80e-11        2.06167e-12     0.00                        
  2.20e-11        2.27926e-12     0.00                        
  2.50e-11        2.4297e-12      0.00                        
  2.90e-11        2.61687e-12     0.00                        
  3.40e-11        2.83349e-12     9.27336e-14      #dY:3.3%   
  4.00e-11        3.07336e-12     1.00584e-13      #dY:3.3%   
  4.60e-11        3.29581e-12     1.07864e-13      #dY:3.3%   
  5.40e-11        3.57092e-12     1.16868e-13      #dY:3.3%   
  6.30e-11        3.85704e-12     1.26232e-13      #dY:3.3%   
  7.40e-11        4.18022e-12     1.36809e-13      #dY:3.3%   
  8.60e-11        4.50644e-12     1.47485e-13      #dY:3.3%   
  1.00e-10        4.85942e-12     1.85884e-13      #dY:3.8%   
  1.20e-10        5.32323e-12     2.03626e-13      #dY:3.8%   
  1.40e-10        5.74975e-12     2.19941e-13      #dY:3.8%   
  1.60e-10        6.14674e-12     2.35127e-13      #dY:3.8%   
  1.80e-10        6.51961e-12     2.4939e-13       #dY:3.8%   
  2.20e-10        7.20771e-12     2.75711e-13      #dY:3.8%   
  2.50e-10        7.68345e-12     2.9391e-13       #dY:3.8%   
  2.90e-10        8.27534e-12     3.16551e-13      #dY:3.8%   
  3.40e-10        8.96038e-12     3.39843e-13      #dY:3.8%   
  4.00e-10        9.71891e-12     3.68612e-13      #dY:3.8%   
  4.60e-10        1.04224e-11     3.95294e-13      #dY:3.8%   
  5.40e-10        1.12924e-11     4.2829e-13       #dY:3.8%   
  6.30e-10        1.21972e-11     4.62607e-13      #dY:3.8%   
  7.40e-10        1.32192e-11     5.01369e-13      #dY:3.8%   
  8.60e-10        1.42508e-11     5.40495e-13      #dY:3.8%   
  1.00e-9         1.53671e-11     5.82833e-13      #dY:3.8%   
  1.20e-9         1.68339e-11     6.43939e-13      #dY:3.8%   
  1.40e-9         1.81827e-11     6.95534e-13      #dY:3.8%   
  1.60e-9         1.94382e-11     7.4356e-13       #dY:3.8%   
  1.80e-9         2.06173e-11     7.88664e-13      #dY:3.8%   
  2.20e-9         2.27934e-11     8.71905e-13      #dY:3.8%   
  2.50e-9         2.42979e-11     9.29456e-13      #dY:3.8%   
  2.90e-9         2.61697e-11     1.00106e-12      #dY:3.8%   
  3.40e-9         2.83362e-11     1.07472e-12      #dY:3.8%   
  4.00e-9         3.0735e-11      1.1657e-12       #dY:3.8%   
  4.60e-9         3.29598e-11     1.25008e-12      #dY:3.8%   
  5.40e-9         3.57112e-11     1.35444e-12      #dY:3.8%   
  6.30e-9         3.85727e-11     1.46297e-12      #dY:3.8%   
  7.40e-9         4.18049e-11     1.58555e-12      #dY:3.8%   
  8.60e-9         4.50675e-11     1.7093e-12       #dY:3.8%   
  1.00e-8         4.85978e-11     1.85894e-12      #dY:3.8%   
  1.20e-8         5.32367e-11     2.03638e-12      #dY:3.8%   
  1.40e-8         5.75026e-11     2.19956e-12      #dY:3.8%   
  1.60e-8         6.14733e-11     2.35144e-12      #dY:3.8%   
  1.80e-8         6.52027e-11     2.4941e-12       #dY:3.8%   
  2.20e-8         7.20852e-11     2.75736e-12      #dY:3.8%   
  2.50e-8         7.68437e-11     2.93938e-12      #dY:3.8%   
  2.90e-8         8.2764e-11      3.16584e-12      #dY:3.8%   
  3.40e-8         8.96163e-11     3.39861e-12      #dY:3.8%   
  4.00e-8         9.72038e-11     3.68636e-12      #dY:3.8%   
  4.60e-8         1.04241e-10     3.95324e-12      #dY:3.8%   
  5.40e-8         1.12944e-10     4.28329e-12      #dY:3.8%   
  6.30e-8         1.21995e-10     4.62654e-12      #dY:3.8%   
  7.40e-8         1.32219e-10     5.01428e-12      #dY:3.8%   
  8.60e-8         1.4254e-10      5.40569e-12      #dY:3.8%   
  1.00e-7         1.53708e-10     5.82922e-12      #dY:3.8%   
  1.20e-7         1.68367e-10     6.4395e-12       #dY:3.8%   
  1.40e-7         1.8186e-10      6.95557e-12      #dY:3.8%   
  1.60e-7         1.94419e-10     7.43591e-12      #dY:3.8%   
  1.80e-7         2.06184e-10     7.88588e-12      #dY:3.8%   
  2.20e-7         2.27944e-10     8.71814e-12      #dY:3.8%   
  2.50e-7         2.4299e-10      9.2936e-12       #dY:3.8%   
  2.90e-7         2.61725e-10     1.00102e-11      #dY:3.8%   
  3.40e-7         2.83395e-10     1.07481e-11      #dY:3.8%   
  4.00e-7         3.07367e-10     1.16573e-11      #dY:3.8%   
  4.60e-7         3.29617e-10     1.25011e-11      #dY:3.8%   
  5.40e-7         3.57134e-10     1.35448e-11      #dY:3.8%   
  6.30e-7         3.85786e-10     1.46314e-11      #dY:3.8%   
  7.40e-7         4.18081e-10     1.58563e-11      #dY:3.8%   
  8.60e-7         4.50712e-10     1.70938e-11      #dY:3.8%   
  1.00e-6         4.86021e-10     1.8433e-11       #dY:3.8%   
  1.20e-6         5.32418e-10     2.03666e-11      #dY:3.8%   
  1.40e-6         5.75086e-10     2.19988e-11      #dY:3.8%   
  1.60e-6         6.14802e-10     2.35181e-11      #dY:3.8%   
  1.80e-6         6.52105e-10     2.4945e-11       #dY:3.8%   
  2.20e-6         7.20947e-10     2.75785e-11      #dY:3.8%   
  2.50e-6         7.68545e-10     2.93992e-11      #dY:3.8%   
  2.90e-6         8.27767e-10     3.16646e-11      #dY:3.8%   
  3.40e-6         8.96312e-10     3.39979e-11      #dY:3.8%   
  4.00e-6         9.72214e-10     3.68769e-11      #dY:3.8%   
  4.60e-6         1.04261e-9      3.95471e-11      #dY:3.8%   
  5.40e-6         1.12968e-9      4.28497e-11      #dY:3.8%   
  6.30e-6         1.22023e-9      4.62843e-11      #dY:3.8%   
  7.40e-6         1.32253e-9      5.01647e-11      #dY:3.8%   
  8.60e-6         1.42579e-9      5.40814e-11      #dY:3.8%   
  1.00e-5         1.53753e-9      5.83198e-11      #dY:3.8%   
  1.20e-5         1.68438e-9      6.43403e-11      #dY:3.8%   
  1.40e-5         1.81943e-9      6.9499e-11       #dY:3.8%   
  1.60e-5         1.94514e-9      7.43009e-11      #dY:3.8%   
  1.80e-5         2.06323e-9      7.88117e-11      #dY:3.8%   
  2.20e-5         2.28118e-9      8.71371e-11      #dY:3.8%   
  2.50e-5         2.43189e-9      9.28939e-11      #dY:3.8%   
  2.90e-5         2.61942e-9      1.00057e-10      #dY:3.8%   
  3.40e-5         2.8365e-9       1.07269e-10      #dY:3.8%   
  4.00e-5         3.07691e-9      1.1636e-10       #dY:3.8%   
  4.60e-5         3.29991e-9      1.24794e-10      #dY:3.8%   
  5.40e-5         3.57576e-9      1.35225e-10      #dY:3.8%   
  6.30e-5         3.86271e-9      1.46077e-10      #dY:3.8%   
  7.40e-5         4.18692e-9      1.58338e-10      #dY:3.8%   
  8.60e-5         4.51426e-9      1.70717e-10      #dY:3.8%   
  1.00e-4         4.86856e-9      1.84116e-10      #dY:3.8%   
  1.20e-4         5.33426e-9      2.03185e-10      #dY:3.8%   
  1.40e-4         5.76269e-9      2.19504e-10      #dY:3.8%   
  1.60e-4         6.1616e-9       2.34699e-10      #dY:3.8%   
  1.80e-4         6.53639e-9      2.48975e-10      #dY:3.8%   
  2.20e-4         7.22836e-9      2.75332e-10      #dY:3.8%   
  2.50e-4         7.70702e-9      2.93565e-10      #dY:3.8%   
  2.90e-4         8.30282e-9      3.16259e-10      #dY:3.8%   
  3.40e-4         8.99277e-9      3.38615e-10      #dY:3.8%   
  4.00e-4         9.75723e-9      3.674e-10        #dY:3.8%   
  4.60e-4         1.04666e-8      3.9411e-10       #dY:3.8%   
  5.40e-4         1.13446e-8      4.27171e-10      #dY:3.8%   
  6.30e-4         1.22584e-8      4.61579e-10      #dY:3.8%   
  7.40e-4         1.32915e-8      5.00479e-10      #dY:3.8%   
  8.60e-4         1.43352e-8      5.39779e-10      #dY:3.8%   
  1.00e-3         1.54655e-8      5.8234e-10       #dY:3.8%   
  1.20e-3         1.69525e-8      6.39929e-10      #dY:3.8%   
  1.40e-3         1.83215e-8      6.91606e-10      #dY:3.8%   
  1.60e-3         1.95972e-8      7.39762e-10      #dY:3.8%   
  1.80e-3         2.07966e-8      7.85037e-10      #dY:3.8%   
  2.20e-3         2.3013e-8       8.68703e-10      #dY:3.8%   
  2.50e-3         2.45476e-8      9.26631e-10      #dY:3.8%   
  2.90e-3         2.64595e-8      9.98802e-10      #dY:3.8%   
  3.40e-3         2.86758e-8      1.06185e-9       #dY:3.7%   
  4.00e-3         3.1134e-8       1.15287e-9       #dY:3.7%   
  4.60e-3         3.34176e-8      1.23743e-9       #dY:3.7%   
  5.40e-3         3.62468e-8      1.3422e-9        #dY:3.7%   
  6.30e-3         3.91946e-8      1.45135e-9       #dY:3.7%   
  7.40e-3         4.25309e-8      1.57489e-9       #dY:3.7%   
  8.60e-3         4.59049e-8      1.69983e-9       #dY:3.7%   
  0.01            4.95628e-8      1.83528e-9       #dY:3.7%   
  0.012           5.43793e-8      1.9974e-9        #dY:3.7%   
  0.014           5.88178e-8      2.16043e-9       #dY:3.7%   
  0.016           6.29561e-8      2.31243e-9       #dY:3.7%   
  0.018           6.68483e-8      2.4554e-9        #dY:3.7%   
  0.022           7.4043e-8       2.71967e-9       #dY:3.7%   
  0.025           7.90245e-8      2.90264e-9       #dY:3.7%   
  0.029           8.52282e-8      3.13051e-9       #dY:3.7%   
  0.034           9.24136e-8      3.27052e-9       #dY:3.5%   
  0.04            1.00372e-7      3.55216e-9       #dY:3.5%   
  0.046           1.07751e-7      3.81331e-9       #dY:3.5%   
  0.054           1.16867e-7      4.13592e-9       #dY:3.5%   
  0.063           1.2633e-7       4.47082e-9       #dY:3.5%   
  0.0666667       1.29983e-7      4.6001e-9        #dY:3.5%   
  0.133333        1.83493e-7      6.32425e-9       #dY:3.4%   
  0.2             2.23054e-7      7.68776e-9       #dY:3.4%   
  0.266667        2.48764e-7      9.31403e-9       #dY:3.7%   
  0.333333        2.69367e-7      1.00854e-8       #dY:3.7%   
  0.4             2.86221e-7      1.07165e-8       #dY:3.7%   
  0.466667        2.97052e-7      1.07704e-8       #dY:3.6%   
  0.533333        3.05532e-7      1.10779e-8       #dY:3.6%   
  0.6             3.12093e-7      1.13157e-8       #dY:3.6%   
  0.666667        3.14932e-7      1.16368e-8       #dY:3.7%   
  0.733333        3.16445e-7      1.16927e-8       #dY:3.7%   
  0.8             3.16838e-7      1.17072e-8       #dY:3.7%   
  0.866667        3.15459e-7      1.10632e-8       #dY:3.5%   
  0.933333        3.13263e-7      1.09862e-8       #dY:3.5%   
  1               3.10363e-7      1.08845e-8       #dY:3.5%   
  1.06667         3.06606e-7      9.94794e-9       #dY:3.2%   
  1.13333         3.02324e-7      9.80901e-9       #dY:3.2%   
  1.2             2.97602e-7      9.65581e-9       #dY:3.2%   
  1.26667         2.92457e-7      8.57035e-9       #dY:2.9%   
  1.33333         2.87016e-7      8.4109e-9        #dY:2.9%   
  1.4             2.81337e-7      8.24448e-9       #dY:2.9%   
  1.46667         2.75421e-7      7.07843e-9       #dY:2.6%   
  1.53333         2.69357e-7      6.92258e-9       #dY:2.6%   
  1.6             2.63181e-7      6.76386e-9       #dY:2.6%   
  1.66667         2.56867e-7      5.51201e-9       #dY:2.1%   
  1.73333         2.50501e-7      5.37541e-9       #dY:2.1%   
  1.8             2.44106e-7      5.23818e-9       #dY:2.1%   
  1.86667         2.37649e-7      4.04128e-9       #dY:1.7%   
  1.93333         2.31202e-7      3.93165e-9       #dY:1.7%   
  2               2.24782e-7      3.82247e-9       #dY:1.7%   
  2.06667         2.18369e-7      2.75166e-9       #dY:1.3%   
  2.13333         2.12007e-7      2.67149e-9       #dY:1.3%   
  2.2             2.05707e-7      2.5921e-9        #dY:1.3%   
  2.26667         1.99512e-7      1.64219e-9       #dY:0.8%   
  2.33333         1.93394e-7      1.59183e-9       #dY:0.8%   
  2.4             1.87359e-7      1.54216e-9       #dY:0.8%   
  2.46667         1.81492e-7      8.75439e-10      #dY:0.5%   
  2.53333         1.75718e-7      8.47588e-10      #dY:0.5%   
  2.6             1.7004e-7       8.20199e-10      #dY:0.5%   
  2.66667         1.64563e-7      8.46653e-10      #dY:0.5%   
  2.73333         1.59186e-7      8.18989e-10      #dY:0.5%   
  2.8             1.53911e-7      7.9185e-10       #dY:0.5%   
  2.86667         1.48853e-7      1.323e-9         #dY:0.9%   
  2.93333         1.43898e-7      1.27896e-9       #dY:0.9%   
  3               1.39046e-7      1.23584e-9       #dY:0.9%   
  3.06667         1.34407e-7      1.81349e-9       #dY:1.3%   
  3.13333         1.29871e-7      1.75229e-9       #dY:1.3%   
  3.2             1.25437e-7      1.69246e-9       #dY:1.3%   
  3.26667         1.21213e-7      2.23001e-9       #dY:1.8%   
  3.33333         1.1709e-7       2.15415e-9       #dY:1.8%   
  3.4             1.13065e-7      2.0801e-9        #dY:1.8%   
  3.46667         1.09237e-7      2.54178e-9       #dY:2.3%   
  3.53333         1.05504e-7      2.45492e-9       #dY:2.3%   
  3.6             1.01865e-7      2.37024e-9       #dY:2.3%   
  3.66667         9.83983e-8      2.78675e-9       #dY:2.8%   
  3.73333         9.50217e-8      2.69112e-9       #dY:2.8%   
  3.8             9.17338e-8      2.59801e-9       #dY:2.8%   
  3.86667         8.86046e-8      2.94186e-9       #dY:3.3%   
  3.93333         8.55603e-8      2.84078e-9       #dY:3.3%   
  4               8.25989e-8      2.74246e-9       #dY:3.3%   
  4.06667         7.9776e-8       3.04915e-9       #dY:3.8%   
  4.13333         7.7032e-8       2.94427e-9       #dY:3.8%   
  4.2             7.43649e-8      2.84233e-9       #dY:3.8%   
  4.26667         7.18356e-8      3.0937e-9        #dY:4.3%   
  4.33333         6.93792e-8      2.98791e-9       #dY:4.3%   
  4.4             6.69937e-8      2.88518e-9       #dY:4.3%   
  4.46667         6.47229e-8      3.10025e-9       #dY:4.8%   
  4.53333         6.25192e-8      2.99469e-9       #dY:4.8%   
  4.6             6.03806e-8      2.89225e-9       #dY:4.8%   
  4.66667         5.83469e-8      3.06359e-9       #dY:5.3%   
  4.73333         5.63747e-8      2.96004e-9       #dY:5.3%   
  4.8             5.4462e-8       2.85961e-9       #dY:5.3%   
  4.86667         5.26457e-8      3.00601e-9       #dY:5.7%   
  4.93333         5.08854e-8      2.9055e-9        #dY:5.7%   
  5               4.91794e-8      2.80809e-9       #dY:5.7%   
  5.06667         4.75567e-8      2.92343e-9       #dY:6.1%   
  5.13333         4.5985e-8       2.82682e-9       #dY:6.1%   
  5.2             4.44628e-8      2.73324e-9       #dY:6.1%   
  5.26667         4.30154e-8      2.82255e-9       #dY:6.6%   
  5.33333         4.16143e-8      2.73062e-9       #dY:6.6%   
  5.4             4.02581e-8      2.64163e-9       #dY:6.6%   
  5.46667         3.89663e-8      2.71178e-9       #dY:7.0%   
  5.53333         3.77165e-8      2.6248e-9        #dY:7.0%   
  5.6             3.65072e-8      2.54064e-9       #dY:7.0%   
  5.66667         3.53531e-8      2.58657e-9       #dY:7.3%   
  5.73333         3.42368e-8      2.50489e-9       #dY:7.3%   
  5.8             3.31572e-8      2.42591e-9       #dY:7.3%   
  5.86667         3.21247e-8      2.46029e-9       #dY:7.7%   
  5.93333         3.11264e-8      2.38383e-9       #dY:7.7%   
  6               3.01611e-8      2.3099e-9        #dY:7.7%   
  6.06667         2.92392e-8      2.32773e-9       #dY:8.0%   
  6.13333         2.83482e-8      2.2568e-9        #dY:8.0%   
  6.2             2.74869e-8      2.18823e-9       #dY:8.0%   
  6.26667         2.66575e-8      2.19581e-9       #dY:8.2%   
  6.33333         2.58558e-8      2.12977e-9       #dY:8.2%   
  6.4             2.50808e-8      2.06594e-9       #dY:8.2%   
  6.46667         2.43321e-8      2.0636e-9        #dY:8.5%   
  6.53333         2.36082e-8      2.00221e-9       #dY:8.5%   
  6.6             2.29085e-8      1.94286e-9       #dY:8.5%   
  6.66667         2.22308e-8      1.9397e-9        #dY:8.7%   
  6.73333         2.15755e-8      1.88252e-9       #dY:8.7%   
  6.8             2.09419e-8      1.82724e-9       #dY:8.7%   
  6.86667         2.03271e-8      1.8128e-9        #dY:8.9%   
  6.93333         1.97325e-8      1.75977e-9       #dY:8.9%   
  7               1.91572e-8      1.70847e-9       #dY:8.9%   
  7.06667         1.85942e-8      1.68023e-9       #dY:9.0%   
  7.13333         1.80492e-8      1.63098e-9       #dY:9.0%   
  7.2             1.75215e-8      1.58329e-9       #dY:9.0%   
  7.26667         1.69956e-8      1.5604e-9        #dY:9.2%   
  7.33333         1.64859e-8      1.5136e-9        #dY:9.2%   
  7.4             1.59917e-8      1.46823e-9       #dY:9.2%   
  7.46667         1.54998e-8      1.43763e-9       #dY:9.3%   
  7.53333         1.50224e-8      1.39335e-9       #dY:9.3%   
  7.6             1.45589e-8      1.35036e-9       #dY:9.3%   
  7.66667         1.41003e-8      1.32553e-9       #dY:9.4%   
  7.73333         1.36545e-8      1.28362e-9       #dY:9.4%   
  7.8             1.32212e-8      1.24289e-9       #dY:9.4%   
  7.86667         1.27954e-8      1.22465e-9       #dY:9.6%   
  7.93333         1.23811e-8      1.18499e-9       #dY:9.6%   
  8               1.19779e-8      1.1464e-9        #dY:9.6%   
  8.06667         1.1581e-8       1.12543e-9       #dY:9.7%   
  8.13333         1.11944e-8      1.08786e-9       #dY:9.7%   
  8.2             1.08177e-8      1.05125e-9       #dY:9.7%   
  8.26667         1.04497e-8      1.03701e-9       #dY:9.9%   
  8.33333         1.0091e-8       1.00142e-9       #dY:9.9%   
  8.4             9.7411e-9       9.66694e-10      #dY:9.9%   
  8.46667         9.40414e-9      9.497e-10        #dY:10.1%  
  8.53333         9.0754e-9       9.16502e-10      #dY:10.1%  
  8.6             8.75456e-9      8.84101e-10      #dY:10.1%  
  8.66667         8.45521e-9      8.73695e-10      #dY:10.3%  
  8.73333         8.16319e-9      8.4352e-10       #dY:10.3%  
  8.8             7.87822e-9      8.14074e-10      #dY:10.3%  
  8.86667         7.62425e-9      7.95651e-10      #dY:10.4%  
  8.93333         7.37682e-9      7.6983e-10       #dY:10.4%  
  9               7.13567e-9      7.44664e-10      #dY:10.4%  
  9.06667         6.93191e-9      7.36982e-10      #dY:10.6%  
  9.13333         6.73397e-9      7.15937e-10      #dY:10.6%  
  9.2             6.54163e-9      6.95488e-10      #dY:10.6%  
  9.26667         6.38579e-9      6.79596e-10      #dY:10.6%  
  9.33333         6.23514e-9      6.63563e-10      #dY:10.6%  
  9.4             6.08949e-9      6.48063e-10      #dY:10.6%  
  9.46667         5.96722e-9      6.29148e-10      #dY:10.5%  
  9.53333         5.84958e-9      6.16745e-10      #dY:10.5%  
  9.6             5.73639e-9      6.04811e-10      #dY:10.5%  
  9.66667         5.6341e-9       5.79161e-10      #dY:10.3%  
  9.73333         5.53594e-9      5.69071e-10      #dY:10.3%  
  9.8             5.44173e-9      5.59386e-10      #dY:10.3%  
  9.86667         5.35238e-9      5.30505e-10      #dY:9.9%   
  9.93333         5.26671e-9      5.22014e-10      #dY:9.9%   
  10              5.18455e-9      5.1387e-10       #dY:9.9%   
  10.0667         5.10442e-9      4.84347e-10      #dY:9.5%   
  10.1333         5.02756e-9      4.77054e-10      #dY:9.5%   
  10.2            4.95383e-9      4.70058e-10      #dY:9.5%   
  10.2667         4.88071e-9      4.4184e-10       #dY:9.1%   
  10.3333         4.81049e-9      4.35483e-10      #dY:9.1%   
  10.4            4.74306e-9      4.29379e-10      #dY:9.1%   
  10.4667         4.67477e-9      4.02243e-10      #dY:8.6%   
  10.5333         4.60907e-9      3.9659e-10       #dY:8.6%   
  10.6            4.54585e-9      3.9115e-10       #dY:8.6%   
  10.6667         4.48124e-9      3.65926e-10      #dY:8.2%   
  10.7333         4.41892e-9      3.60837e-10      #dY:8.2%   
  10.8            4.35882e-9      3.5593e-10       #dY:8.2%   
  10.8667         4.29848e-9      3.32187e-10      #dY:7.7%   
  10.9333         4.24018e-9      3.27681e-10      #dY:7.7%   
  11              4.18386e-9      3.23329e-10      #dY:7.7%   
  11.0667         4.12837e-9      3.01983e-10      #dY:7.3%   
  11.1333         4.0747e-9       2.98057e-10      #dY:7.3%   
  11.2            4.02278e-9      2.94259e-10      #dY:7.3%   
  11.2667         3.97205e-9      2.74056e-10      #dY:6.9%   
  11.3333         3.92293e-9      2.70667e-10      #dY:6.9%   
  11.4            3.87537e-9      2.67386e-10      #dY:6.9%   
  11.4667         3.82884e-9      2.48976e-10      #dY:6.5%   
  11.5333         3.78374e-9      2.46044e-10      #dY:6.5%   
  11.6            3.74002e-9      2.43201e-10      #dY:6.5%   
  11.6667         3.69708e-9      2.25872e-10      #dY:6.1%   
  11.7333         3.65542e-9      2.23327e-10      #dY:6.1%   
  11.8            3.61499e-9      2.20857e-10      #dY:6.1%   
  11.8667         3.57562e-9      2.04709e-10      #dY:5.7%   
  11.9333         3.53738e-9      2.0252e-10       #dY:5.7%   
  12              3.50024e-9      2.00394e-10      #dY:5.7%   
  12.0667         3.46431e-9      1.85426e-10      #dY:5.4%   
  12.1333         3.42939e-9      1.83557e-10      #dY:5.4%   
  12.2            3.39544e-9      1.8174e-10       #dY:5.4%   
  12.2667         3.36276e-9      1.67751e-10      #dY:5.0%   
  12.3333         3.33098e-9      1.66166e-10      #dY:5.0%   
  12.4            3.30006e-9      1.64623e-10      #dY:5.0%   
  12.4667         3.27129e-9      1.51558e-10      #dY:4.6%   
  12.5333         3.24331e-9      1.50262e-10      #dY:4.6%   
  12.6            3.2161e-9       1.49001e-10      #dY:4.6%   
  12.6667         3.19186e-9      1.3666e-10       #dY:4.3%   
  12.7333         3.16832e-9      1.35653e-10      #dY:4.3%   
  12.8            3.14547e-9      1.34674e-10      #dY:4.3%   
  12.8667         3.12583e-9      1.22938e-10      #dY:3.9%   
  12.9333         3.10683e-9      1.22191e-10      #dY:3.9%   
  13              3.08843e-9      1.21467e-10      #dY:3.9%   
  13.0667         3.07313e-9      1.11285e-10      #dY:3.6%   
  13.1333         3.05838e-9      1.10751e-10      #dY:3.6%   
  13.2            3.04416e-9      1.10236e-10      #dY:3.6%   
  13.2667         3.02365e-9      1.00252e-10      #dY:3.3%   
  13.3333         3.00364e-9      9.95884e-11      #dY:3.3%   
  13.4            2.9841e-9       9.89405e-11      #dY:3.3%   
  13.4667         2.96487e-9      9.00403e-11      #dY:3.0%   
  13.5333         2.94608e-9      8.94697e-11      #dY:3.0%   
  13.6            2.92771e-9      8.89118e-11      #dY:3.0%   
  13.6667         2.85764e-9      7.9622e-11       #dY:2.8%   
  13.7333         2.78795e-9      7.76803e-11      #dY:2.8%   
  13.8            2.71865e-9      7.57494e-11      #dY:2.8%   
  13.8667         2.59812e-9      6.82068e-11      #dY:2.6%   
  13.9333         2.47795e-9      6.5052e-11       #dY:2.6%   
  14              2.35811e-9      6.19059e-11      #dY:2.6%   
  14.0667         2.1496e-9       5.64528e-11      #dY:2.6%   
  14.1333         1.94139e-9      5.09848e-11      #dY:2.6%   
  14.2            1.73349e-9      4.5525e-11       #dY:2.6%   
  14.2667         1.32532e-9      3.88236e-11      #dY:2.9%   
  14.3333         9.17421e-10     2.68747e-11      #dY:2.9%   
  14.4            5.09788e-10     1.49336e-11      #dY:2.9%   
  14.4667         3.94221e-10     1.89699e-11      #dY:4.8%   
  14.5333         2.78898e-10     1.34206e-11      #dY:4.8%   
  14.6            1.63808e-10     7.88243e-12      #dY:4.8%   
  14.6667         1.51464e-10     2.18039e-11      #dY:14.4%  
  14.7333         1.39335e-10     2.00578e-11      #dY:14.4%  
  14.8            1.27415e-10     1.83419e-11      #dY:14.4%  
  14.8667         1.22298e-10     3.65708e-11      #dY:29.9%  
  14.9333         1.17373e-10     3.50981e-11      #dY:29.9%  
  15              1.12633e-10     3.36807e-11      #dY:29.9%  
  15.0667         1.08249e-10     3.53114e-11      #dY:32.6%  
  15.1333         1.04035e-10     3.39368e-11      #dY:32.6%  
  15.2            9.99855e-11     3.26158e-11      #dY:32.6%  
  15.2667         9.60977e-11     3.17389e-11      #dY:33.0%  
  15.3333         9.23611e-11     3.05048e-11      #dY:33.0%  
  15.4            8.87699e-11     2.93187e-11      #dY:33.0%  
  15.4667         8.53185e-11     2.85111e-11      #dY:33.4%  
  15.5333         8.20014e-11     2.74026e-11      #dY:33.4%  
  15.6            7.88133e-11     2.63372e-11      #dY:33.4%  
  15.6667         7.57493e-11     2.55974e-11      #dY:33.8%  
  15.7333         7.28045e-11     2.46023e-11      #dY:33.8%  
  15.8            6.99743e-11     2.36459e-11      #dY:33.8%  
  15.8667         6.72542e-11     2.29265e-11      #dY:34.1%  
  15.9333         6.46399e-11     2.20353e-11      #dY:34.1%  
  16              6.21273e-11     2.11788e-11      #dY:34.1%  
  16.0667         5.97125e-11     2.05656e-11      #dY:34.4%  
  16.1333         5.73916e-11     1.97663e-11      #dY:34.4%  
  16.2            5.51611e-11     1.89981e-11      #dY:34.4%  
  16.2667         5.30173e-11     1.84399e-11      #dY:34.8%  
  16.3333         5.09569e-11     1.77233e-11      #dY:34.8%  
  16.4            4.89766e-11     1.70345e-11      #dY:34.8%  
  16.4667         4.70734e-11     1.6527e-11       #dY:35.1%  
  16.5333         4.52443e-11     1.58848e-11      #dY:35.1%  
  16.6            4.34863e-11     1.52676e-11      #dY:35.1%  
  16.6667         4.17967e-11     1.4807e-11       #dY:35.4%  
  16.7333         4.01728e-11     1.42317e-11      #dY:35.4%  
  16.8            3.86121e-11     1.36788e-11      #dY:35.4%  
  16.8667         3.71121e-11     1.32607e-11      #dY:35.7%  
  16.9333         3.56704e-11     1.27455e-11      #dY:35.7%  
  17              3.42848e-11     1.22504e-11      #dY:35.7%  
  17.0667         3.29531e-11     1.18713e-11      #dY:36.0%  
  17.1333         3.16732e-11     1.14102e-11      #dY:36.0%  
  17.2            3.04431e-11     1.0967e-11       #dY:36.0%  
  17.2667         2.92609e-11     1.06415e-11      #dY:36.4%  
  17.3333         2.81246e-11     1.02282e-11      #dY:36.4%  
  17.4            2.70324e-11     9.83103e-12      #dY:36.4%  
  17.4667         2.59828e-11     9.51974e-12      #dY:36.6%  
  17.5333         2.4974e-11      9.15013e-12      #dY:36.6%  
  17.6            2.40044e-11     8.79488e-12      #dY:36.6%  
  17.6667         2.30725e-11     8.51313e-12      #dY:36.9%  
  17.7333         2.21768e-11     8.18265e-12      #dY:36.9%  
  17.8            2.1316e-11      7.86503e-12      #dY:36.9%  
  17.8667         2.04886e-11     7.62255e-12      #dY:37.2%  
  17.9333         1.96934e-11     7.32671e-12      #dY:37.2%  
  18              1.89292e-11     7.04239e-12      #dY:37.2%  
  18.0667         1.81946e-11     6.81187e-12      #dY:37.4%  
  18.1333         1.74886e-11     6.54755e-12      #dY:37.4%  
  18.2            1.681e-11       6.29349e-12      #dY:37.4%  
  18.2667         1.61578e-11     6.0858e-12       #dY:37.7%  
  18.3333         1.55309e-11     5.84968e-12      #dY:37.7%  
  18.4            1.49284e-11     5.62275e-12      #dY:37.7%  
  18.4667         1.43493e-11     5.44363e-12      #dY:37.9%  
  18.5333         1.37927e-11     5.23247e-12      #dY:37.9%  
  18.6            1.32578e-11     5.02955e-12      #dY:37.9%  
  18.6667         1.27436e-11     4.86768e-12      #dY:38.2%  
  18.7333         1.22494e-11     4.67891e-12      #dY:38.2%  
  18.8            1.17744e-11     4.49747e-12      #dY:38.2%  
  18.8667         1.13179e-11     4.34466e-12      #dY:38.4%  
  18.9333         1.08791e-11     4.17622e-12      #dY:38.4%  
  19              1.04573e-11     4.0143e-12       #dY:38.4%  
  19.0667         1.0052e-11      3.88256e-12      #dY:38.6%  
  19.1333         9.66233e-12     3.73205e-12      #dY:38.6%  
  19.2            9.28783e-12     3.5874e-12       #dY:38.6%  
  19.2667         8.92788e-12     3.46849e-12      #dY:38.9%  
  19.3333         8.5819e-12      3.33408e-12      #dY:38.9%  
  19.4            8.24935e-12     3.20488e-12      #dY:38.9%  
  19.4667         7.92972e-12     3.09762e-12      #dY:39.1%  
  19.5333         7.6225e-12      2.9776e-12       #dY:39.1%  
  19.6            7.3272e-12      2.86225e-12      #dY:39.1%  
  19.6667         7.04337e-12     2.76564e-12      #dY:39.3%  
  19.7333         6.77055e-12     2.65852e-12      #dY:39.3%  
  19.8            6.50833e-12     2.55555e-12      #dY:39.3%  
  19.8667         6.25628e-12     2.46847e-12      #dY:39.5%  
  19.9333         6.01401e-12     2.37288e-12      #dY:39.5%  
  20              5.78115e-12     2.281e-12        #dY:39.5%  
  20.2            0.00            0.00                        
//
#-------------------------------------------------------------------------------
#
#name:   JENDL-5: U-235(N,F) E_in=20. MeV
#X.axis: Energy
#Y.axis: 
#wdata:  3
#ldata:  164
#data...
# X               Y               +-dY           
# MeV             1/eV            1/eV           
  0.00            0.00            0.00                        
  1.00e-8         3.68336e-11     2.02888e-12      #dY:5.5%   
  2.00e-8         5.20952e-11     2.86953e-12      #dY:5.5%   
  3.00e-8         6.38076e-11     3.51467e-12      #dY:5.5%   
  4.00e-8         7.36826e-11     3.19525e-12      #dY:4.3%   
  5.00e-8         8.23838e-11     3.57258e-12      #dY:4.3%   
  6.00e-8         9.0251e-11      3.91374e-12      #dY:4.3%   
  7.00e-8         9.74862e-11     4.22749e-12      #dY:4.3%   
  8.00e-8         1.04222e-10     4.51959e-12      #dY:4.3%   
  1.00e-7         1.16531e-10     5.05337e-12      #dY:4.3%   
  1.50e-7         1.42742e-10     7.20442e-12      #dY:5.0%   
  2.00e-7         1.64845e-10     8.31999e-12      #dY:5.0%   
  2.50e-7         1.84322e-10     9.30302e-12      #dY:5.0%   
  3.00e-7         2.01934e-10     1.01919e-11      #dY:5.0%   
  3.50e-7         2.18134e-10     1.09176e-11      #dY:5.0%   
  4.00e-7         2.33216e-10     1.16724e-11      #dY:5.0%   
  4.50e-7         2.47382e-10     1.23814e-11      #dY:5.0%   
  5.00e-7         2.60782e-10     1.30521e-11      #dY:5.0%   
  5.50e-7         2.73532e-10     1.36902e-11      #dY:5.0%   
  6.00e-7         2.85714e-10     1.42999e-11      #dY:5.0%   
  6.50e-7         2.974e-10       1.48848e-11      #dY:5.0%   
  7.00e-7         3.08646e-10     1.54477e-11      #dY:5.0%   
  7.50e-7         3.19498e-10     1.59908e-11      #dY:5.0%   
  8.00e-7         3.29996e-10     1.65162e-11      #dY:5.0%   
  8.50e-7         3.40172e-10     1.70255e-11      #dY:5.0%   
  9.00e-7         3.50052e-10     1.752e-11        #dY:5.0%   
  9.50e-7         3.59666e-10     1.80012e-11      #dY:5.0%   
  1.00e-6         3.69028e-10     1.84698e-11      #dY:5.0%   
  1.50e-6         4.52176e-10     2.27811e-11      #dY:5.0%   
  2.00e-6         5.22336e-10     2.63158e-11      #dY:5.0%   
  2.50e-6         5.84192e-10     2.94322e-11      #dY:5.0%   
  3.00e-6         6.4015e-10      3.22514e-11      #dY:5.0%   
  3.50e-6         6.9164e-10      3.45522e-11      #dY:5.0%   
  4.00e-6         7.39594e-10     3.69479e-11      #dY:5.0%   
  4.50e-6         7.84656e-10     3.9199e-11       #dY:5.0%   
  5.00e-6         8.27296e-10     4.13292e-11      #dY:5.0%   
  5.50e-6         8.67872e-10     4.33562e-11      #dY:5.0%   
  6.00e-6         9.06658e-10     4.52939e-11      #dY:5.0%   
  6.50e-6         9.43876e-10     4.71532e-11      #dY:5.0%   
  7.00e-6         9.797e-10       4.89428e-11      #dY:5.0%   
  7.50e-6         1.01428e-9      5.06703e-11      #dY:5.0%   
  8.00e-6         1.04774e-9      5.23419e-11      #dY:5.0%   
  8.50e-6         1.08018e-9      5.39625e-11      #dY:5.0%   
  9.00e-6         1.1117e-9       5.55371e-11      #dY:5.0%   
  9.50e-6         1.14234e-9      5.70678e-11      #dY:5.0%   
  1.00e-5         1.17222e-9      5.85605e-11      #dY:5.0%   
  1.50e-5         1.43778e-9      7.2088e-11       #dY:5.0%   
  2.00e-5         1.66224e-9      8.33421e-11      #dY:5.0%   
  2.50e-5         1.86047e-9      9.3281e-11       #dY:5.0%   
  3.00e-5         2.04005e-9      1.02285e-10      #dY:5.0%   
  3.50e-5         2.20549e-9      1.09194e-10      #dY:5.0%   
  4.00e-5         2.35975e-9      1.16832e-10      #dY:5.0%   
  4.50e-5         2.50486e-9      1.24016e-10      #dY:5.0%   
  5.00e-5         2.64231e-9      1.30822e-10      #dY:5.0%   
  5.50e-5         2.77324e-9      1.37304e-10      #dY:5.0%   
  6.00e-5         2.8985e-9       1.43506e-10      #dY:5.0%   
  6.50e-5         3.01881e-9      1.49462e-10      #dY:5.0%   
  7.00e-5         3.13469e-9      1.55199e-10      #dY:5.0%   
  7.50e-5         3.24665e-9      1.60743e-10      #dY:5.0%   
  8.00e-5         3.35506e-9      1.6611e-10       #dY:5.0%   
  8.50e-5         3.46026e-9      1.71318e-10      #dY:5.0%   
  9.00e-5         3.5625e-9       1.7638e-10       #dY:5.0%   
  9.50e-5         3.66204e-9      1.81309e-10      #dY:5.0%   
  1.00e-4         3.75908e-9      1.86113e-10      #dY:5.0%   
  1.50e-4         4.62464e-9      2.28811e-10      #dY:4.9%   
  2.00e-4         5.36003e-9      2.65195e-10      #dY:4.9%   
  2.50e-4         6.01213e-9      2.97459e-10      #dY:4.9%   
  3.00e-4         6.60497e-9      3.26791e-10      #dY:4.9%   
  3.50e-4         7.15287e-9      3.46261e-10      #dY:4.8%   
  4.00e-4         7.66511e-9      3.71058e-10      #dY:4.8%   
  4.50e-4         8.14817e-9      3.94442e-10      #dY:4.8%   
  5.00e-4         8.60676e-9      4.16642e-10      #dY:4.8%   
  5.50e-4         9.04441e-9      4.37828e-10      #dY:4.8%   
  6.00e-4         9.46391e-9      4.58135e-10      #dY:4.8%   
  6.50e-4         9.86744e-9      4.7767e-10       #dY:4.8%   
  7.00e-4         1.02568e-8      4.96518e-10      #dY:4.8%   
  7.50e-4         1.06334e-8      5.14749e-10      #dY:4.8%   
  8.00e-4         1.09986e-8      5.32428e-10      #dY:4.8%   
  8.50e-4         1.13533e-8      5.49598e-10      #dY:4.8%   
  9.00e-4         1.16985e-8      5.66309e-10      #dY:4.8%   
  9.50e-4         1.2035e-8       5.82598e-10      #dY:4.8%   
  1.00e-3         1.23632e-8      5.98486e-10      #dY:4.8%   
  1.50e-3         1.53e-8         7.28168e-10      #dY:4.8%   
  2.00e-3         1.78e-8         8.4715e-10       #dY:4.8%   
  2.50e-3         2.00109e-8      9.52372e-10      #dY:4.8%   
  3.00e-3         2.20092e-8      1.04748e-9       #dY:4.8%   
  3.50e-3         2.384e-8        1.08801e-9       #dY:4.6%   
  4.00e-3         2.55327e-8      1.16526e-9       #dY:4.6%   
  4.50e-3         2.71078e-8      1.23714e-9       #dY:4.6%   
  5.00e-3         2.85801e-8      1.30434e-9       #dY:4.6%   
  5.50e-3         2.99614e-8      1.36738e-9       #dY:4.6%   
  6.00e-3         3.12608e-8      1.42668e-9       #dY:4.6%   
  6.50e-3         3.24849e-8      1.48254e-9       #dY:4.6%   
  7.00e-3         3.36394e-8      1.53523e-9       #dY:4.6%   
  7.50e-3         3.4729e-8       1.58496e-9       #dY:4.6%   
  8.00e-3         3.57576e-8      1.6319e-9        #dY:4.6%   
  8.50e-3         3.67285e-8      1.67621e-9       #dY:4.6%   
  9.00e-3         3.76442e-8      1.718e-9         #dY:4.6%   
  9.50e-3         3.85074e-8      1.7574e-9        #dY:4.6%   
  0.01            3.93203e-8      1.7945e-9        #dY:4.6%   
  0.015           4.8604e-8       2.20038e-9       #dY:4.5%   
  0.02            5.64331e-8      2.55482e-9       #dY:4.5%   
  0.025           6.3279e-8       2.86475e-9       #dY:4.5%   
  0.03            6.9395e-8       3.14163e-9       #dY:4.5%   
  0.035           7.49289e-8      3.32057e-9       #dY:4.4%   
  0.04            7.99682e-8      3.54389e-9       #dY:4.4%   
  0.045           8.51011e-8      3.77136e-9       #dY:4.4%   
  0.05            8.99609e-8      3.98673e-9       #dY:4.4%   
  0.055           9.45835e-8      4.19159e-9       #dY:4.4%   
  0.06            9.9005e-8       4.38753e-9       #dY:4.4%   
  0.065           1.03245e-7      4.57543e-9       #dY:4.4%   
  0.07            1.0732e-7       4.75602e-9       #dY:4.4%   
  0.075           1.11248e-7      4.9301e-9        #dY:4.4%   
  0.08            1.15044e-7      5.09832e-9       #dY:4.4%   
  0.085           1.18714e-7      5.26096e-9       #dY:4.4%   
  0.09            1.22265e-7      5.41833e-9       #dY:4.4%   
  0.095           1.25714e-7      5.57118e-9       #dY:4.4%   
  0.1             1.29057e-7      5.71933e-9       #dY:4.4%   
  0.15            1.59035e-7      6.76368e-9       #dY:4.3%   
  0.2             1.83564e-7      7.80689e-9       #dY:4.3%   
  0.25            2.03837e-7      9.30417e-9       #dY:4.6%   
  0.3             2.21025e-7      1.00887e-8       #dY:4.6%   
  0.35            2.35545e-7      1.07515e-8       #dY:4.6%   
  0.4             2.47697e-7      1.13062e-8       #dY:4.6%   
  0.45            2.57799e-7      1.09937e-8       #dY:4.3%   
  0.5             2.66052e-7      1.13457e-8       #dY:4.3%   
  0.55            2.72687e-7      1.16286e-8       #dY:4.3%   
  0.6             2.78079e-7      1.18586e-8       #dY:4.3%   
  0.65            2.82478e-7      1.18454e-8       #dY:4.2%   
  0.7             2.8588e-7       1.19881e-8       #dY:4.2%   
  0.75            2.88548e-7      1.21e-8          #dY:4.2%   
  0.8             2.90333e-7      1.21748e-8       #dY:4.2%   
  0.85            2.92028e-7      1.13186e-8       #dY:3.9%   
  0.9             2.93149e-7      1.13621e-8       #dY:3.9%   
  0.95            2.93814e-7      1.13878e-8       #dY:3.9%   
  1               2.94024e-7      1.1396e-8        #dY:3.9%   
  1.5             2.81292e-7      7.31168e-9       #dY:2.6%   
  2               2.45477e-7      3.9665e-9        #dY:1.6%   
  2.5             1.9996e-7       8.68641e-10      #dY:0.4%   
  3               1.57315e-7      1.23772e-9       #dY:0.8%   
  3.5             1.21843e-7      2.48398e-9       #dY:2.0%   
  4               9.31752e-8      2.71142e-9       #dY:2.9%   
  4.5             7.08274e-8      3.00412e-9       #dY:4.2%   
  5               5.34372e-8      2.74115e-9       #dY:5.1%   
  5.5             4.02347e-8      2.60407e-9       #dY:6.5%   
  6               3.01108e-8      2.21825e-9       #dY:7.4%   
  6.5             2.24975e-8      1.96201e-9       #dY:8.7%   
  7               1.67253e-8      1.6188e-9        #dY:9.7%   
  7.5             1.23786e-8      1.36193e-9       #dY:11.0%  
  8               9.13019e-9      1.09488e-9       #dY:12.0%  
  8.5             6.7124e-9       9.06827e-10      #dY:13.5%  
  9               4.92607e-9      7.12383e-10      #dY:14.5%  
  9.5             3.61188e-9      5.80963e-10      #dY:16.1%  
  10              2.64473e-9      4.54068e-10      #dY:17.2%  
  11              1.4158e-9       2.72897e-10      #dY:19.3%  
  12              7.54868e-10     1.66706e-10      #dY:22.1%  
  13              4.01012e-10     9.89003e-11      #dY:24.7%  
  14              2.12248e-10     5.85001e-11      #dY:27.6%  
  15              1.11944e-10     3.42842e-11      #dY:30.6%  
  16              5.89072e-11     1.99463e-11      #dY:33.9%  
  17              3.09996e-11     1.15364e-11      #dY:37.2%  
  18              1.62852e-11     6.62568e-12      #dY:40.7%  
  20              4.46906e-12     1.95233e-12      #dY:43.7%  
  21              0.00            0.00                        
//
#-------------------------------------------------------------------------------
#
#name:   JENDL-5: U-235(N,F) E_in=20.001 MeV
#X.axis: Energy
#Y.axis: 
#wdata:  2
#ldata:  360
#data...
# X               Y              
# MeV             1/eV           
  0.00            0.00            
  1.00e-8         1.24469e-10     
  2.00e-8         1.76026e-10     
  3.00e-8         2.15586e-10     
  4.00e-8         2.48938e-10     
  5.00e-8         2.78322e-10     
  6.00e-8         3.04886e-10     
  7.00e-8         3.29314e-10     
  8.00e-8         3.52052e-10     
  1.00e-7         3.93606e-10     
  1.50e-7         4.82068e-10     
  2.00e-7         5.56644e-10     
  2.50e-7         6.22346e-10     
  3.00e-7         6.81746e-10     
  3.50e-7         7.3637e-10      
  4.00e-7         7.87212e-10     
  4.50e-7         8.34964e-10     
  5.00e-7         8.8013e-10      
  5.50e-7         9.23088e-10     
  6.00e-7         9.64134e-10     
  6.50e-7         1.0035e-9       
  7.00e-7         1.04138e-9      
  7.50e-7         1.07794e-9      
  8.00e-7         1.11329e-9      
  8.50e-7         1.14755e-9      
  9.00e-7         1.18082e-9      
  9.50e-7         1.21318e-9      
  1.00e-6         1.24469e-9      
  1.50e-6         1.52443e-9      
  2.00e-6         1.76026e-9      
  2.50e-6         1.96803e-9      
  3.00e-6         2.15587e-9      
  3.50e-6         2.3286e-9       
  4.00e-6         2.48938e-9      
  4.50e-6         2.64038e-9      
  5.00e-6         2.78321e-9      
  5.50e-6         2.91905e-9      
  6.00e-6         3.04885e-9      
  6.50e-6         3.17334e-9      
  7.00e-6         3.29313e-9      
  7.50e-6         3.40871e-9      
  8.00e-6         3.5205e-9       
  8.50e-6         3.62884e-9      
  9.00e-6         3.73405e-9      
  9.50e-6         3.83637e-9      
  1.00e-5         3.93603e-9      
  1.50e-5         4.82061e-9      
  2.00e-5         5.56633e-9      
  2.50e-5         6.22331e-9      
  3.00e-5         6.81726e-9      
  3.50e-5         7.36345e-9      
  4.00e-5         7.87182e-9      
  4.50e-5         8.34928e-9      
  5.00e-5         8.80087e-9      
  5.50e-5         9.23039e-9      
  6.00e-5         9.64078e-9      
  6.50e-5         1.00344e-8      
  7.00e-5         1.04131e-8      
  7.50e-5         1.07786e-8      
  8.00e-5         1.1132e-8       
  8.50e-5         1.14745e-8      
  9.00e-5         1.18071e-8      
  9.50e-5         1.21306e-8      
  1.00e-4         1.24457e-8      
  1.50e-4         1.5242e-8       
  2.00e-4         1.75991e-8      
  2.50e-4         1.96754e-8      
  3.00e-4         2.15523e-8      
  3.50e-4         2.32779e-8      
  4.00e-4         2.48839e-8      
  4.50e-4         2.63921e-8      
  5.00e-4         2.78183e-8      
  5.50e-4         2.91746e-8      
  6.00e-4         3.04704e-8      
  6.50e-4         3.1713e-8       
  7.00e-4         3.29084e-8      
  7.50e-4         3.40618e-8      
  8.00e-4         3.51771e-8      
  8.50e-4         3.62579e-8      
  9.00e-4         3.73072e-8      
  9.50e-4         3.83276e-8      
  1.00e-3         3.93213e-8      
  1.50e-3         4.81345e-8      
  2.00e-3         5.55532e-8      
  2.50e-3         6.20793e-8      
  3.00e-3         6.79705e-8      
  3.50e-3         7.33798e-8      
  4.00e-3         7.84071e-8      
  4.50e-3         8.31217e-8      
  5.00e-3         8.75741e-8      
  5.50e-3         9.18026e-8      
  6.00e-3         9.58368e-8      
  6.50e-3         9.97002e-8      
  7.00e-3         1.03412e-7      
  7.50e-3         1.06988e-7      
  8.00e-3         1.10442e-7      
  8.50e-3         1.13784e-7      
  9.00e-3         1.17024e-7      
  9.50e-3         1.20171e-7      
  0.01            1.23231e-7      
  0.015           1.50174e-7      
  0.02            1.72541e-7      
  0.025           1.91944e-7      
  0.03            2.09216e-7      
  0.035           2.24852e-7      
  0.04            2.39178e-7      
  0.045           2.52421e-7      
  0.05            2.64748e-7      
  0.055           2.76285e-7      
  0.06            2.87131e-7      
  0.065           2.97365e-7      
  0.07            3.07051e-7      
  0.075           3.16243e-7      
  0.08            3.24985e-7      
  0.085           3.33316e-7      
  0.09            3.41269e-7      
  0.095           3.48872e-7      
  0.1             3.5615e-7       
  0.15            4.14919e-7      
  0.2             4.55741e-7      
  0.25            4.84684e-7      
  0.3             5.0505e-7       
  0.35            5.18912e-7      
  0.4             5.27685e-7      
  0.45            5.32398e-7      
  0.5             5.33827e-7      
  0.6             5.21723e-7      
  0.7             5.09631e-7      
  0.8             4.85907e-7      
  0.9             4.62194e-7      
  1               4.34961e-7      
  1.1             4.0774e-7       
  1.2             3.8076e-7       
  1.3             3.53779e-7      
  1.4             3.2874e-7       
  1.5             3.037e-7        
  1.6             2.81269e-7      
  1.7             2.58828e-7      
  1.8             2.39127e-7      
  1.9             2.19328e-7      
  2               2.02291e-7      
  2.1             1.85233e-7      
  2.2             1.70619e-7      
  2.3             1.56005e-7      
  2.4             1.43529e-7      
  2.5             1.31009e-7      
  2.6             1.20441e-7      
  2.7             1.09839e-7      
  2.8             1.00898e-7      
  2.9             9.1952e-8       
  3               8.44159e-8      
  3.1             7.68569e-8      
  3.2             7.05136e-8      
  3.3             6.41704e-8      
  3.4             5.88379e-8      
  3.5             5.34846e-8      
  3.6             4.90106e-8      
  3.7             4.45343e-8      
  3.8             4.07828e-8      
  3.9             3.70301e-8      
  4               3.38859e-8      
  4.1             3.07406e-8      
  4.2             2.81116e-8      
  4.3             2.54826e-8      
  4.4             2.32867e-8      
  4.5             2.10897e-8      
  4.6             1.92578e-8      
  4.7             1.74248e-8      
  4.8             1.58987e-8      
  4.9             1.43693e-8      
  5               1.31009e-8      
  5.1             1.18314e-8      
  5.2             1.07771e-8      
  5.3             9.72241e-9      
  5.4             8.84887e-9      
  5.5             7.97413e-9      
  5.6             7.25089e-9      
  5.7             6.52557e-9      
  5.8             5.92852e-9      
  5.9             5.32785e-9      
  6               4.83615e-9      
  6.1             4.34369e-9      
  6.2             3.93948e-9      
  6.3             3.53374e-9      
  6.4             3.20145e-9      
  6.5             2.86817e-9      
  6.6             2.59639e-9      
  6.7             2.32133e-9      
  6.8             2.10009e-9      
  6.9             1.87776e-9      
  7               1.69742e-9      
  7.1             1.51258e-9      
  7.2             1.36633e-9      
  7.3             1.21888e-9      
  7.4             1.10037e-9      
  7.5             9.80276e-10     
  7.6             8.84502e-10     
  7.7             7.86998e-10     
  7.8             7.09652e-10     
  7.9             6.2995e-10      
  8               5.67734e-10     
  8.1             5.03798e-10     
  8.2             4.53926e-10     
  8.3             4.02478e-10     
  8.4             3.62494e-10     
  8.5             3.2225e-10      
  8.6             2.90116e-10     
  8.7             2.57184e-10     
  8.8             2.31508e-10     
  8.9             2.04944e-10     
  9               1.84454e-10     
  9.1             1.63515e-10     
  9.2             1.47125e-10     
  9.3             1.30494e-10     
  9.4             1.17393e-10     
  9.5             1.03901e-10     
  9.6             9.34626e-11     
  9.7             8.28152e-11     
  9.8             7.44998e-11     
  9.9             6.58642e-11     
  10              5.92434e-11     
  10.1            5.24782e-11     
  10.2            4.72148e-11     
  10.3            4.18e-11        
  10.4            3.76012e-11     
  10.5            3.33158e-11     
  10.6            2.99666e-11     
  10.7            2.65592e-11     
  10.8            2.38918e-11     
  10.9            2.11796e-11     
  11              1.90528e-11     
  11.1            1.68799e-11     
  11.2            1.51861e-11     
  11.3            1.34506e-11     
  11.4            1.21011e-11     
  11.5            1.07351e-11     
  11.6            9.65652e-12     
  11.7            8.55626e-12     
  11.8            7.69478e-12     
  11.9            6.8207e-12      
  12              6.1322e-12      
  12.1            5.43966e-12     
  12.2            4.8891e-12      
  12.3            4.33218e-12     
  12.4            3.89014e-12     
  12.5            3.44066e-12     
  12.6            3.08972e-12     
  12.7            2.73594e-12     
  12.8            2.4554e-12      
  12.9            2.17168e-12     
  13              1.94792e-12     
  13.1            1.71759e-12     
  13.2            1.53977e-12     
  13.3            1.36085e-12     
  13.4            1.218e-12       
  13.5            1.07448e-12     
  13.6            9.61234e-13     
  13.7            8.47338e-13     
  13.8            7.57222e-13     
  13.9            6.67006e-13     
  14              5.95242e-13     
  14.1            5.2078e-13      
  14.2            4.64626e-13     
  14.3            4.08386e-13     
  14.4            3.63766e-13     
  14.5            3.18992e-13     
  14.6            2.83954e-13     
  14.7            2.48894e-13     
  14.8            2.2129e-13      
  14.9            1.93641e-13     
  15              1.71956e-13     
  15.1            1.50249e-13     
  15.2            1.33224e-13     
  15.3            1.16176e-13     
  15.4            1.02854e-13     
  15.5            8.75152e-14     
  15.6            7.74346e-14     
  15.7            6.73408e-14     
  15.8            5.95e-14        
  15.9            5.16494e-14     
  16              4.55616e-14     
  16.1            3.94716e-14     
  16.2            3.4719e-14      
  16.3            2.91958e-14     
  16.4            2.56394e-14     
  16.5            2.20774e-14     
  16.6            1.93894e-14     
  16.7            1.67012e-14     
  16.8            1.46489e-14     
  16.9            1.25955e-14     
  17              1.10146e-14     
  17.1            9.43396e-15     
  17.2            8.24886e-15     
  17.3            6.98174e-15     
  17.4            6.10074e-15     
  17.5            5.21876e-15     
  17.6            4.5522e-15      
  17.7            3.88554e-15     
  17.8            3.38234e-15     
  17.9            2.8788e-15      
  18              2.49344e-15     
  18.1            2.1003e-15      
  18.2            1.81999e-15     
  18.3            1.53955e-15     
  18.4            1.33158e-15     
  18.5            1.12361e-15     
  18.6            9.6791e-16      
  18.7            8.08594e-16     
  18.8            6.96112e-16     
  18.9            5.8362e-16      
  19              5.01276e-16     
  19.1            4.18932e-16     
  19.2            3.58876e-16     
  19.3            2.9881e-16      
  19.4            2.52326e-16     
  19.5            2.05842e-16     
  19.6            1.7541e-16      
  19.7            1.42126e-16     
  19.8            1.20539e-16     
  19.9            9.89518e-17     
  20              8.29118e-17     
  20.1            6.68716e-17     
  20.2            5.57528e-17     
  20.3            4.46352e-17     
  20.4            3.74258e-17     
  20.5            3.02164e-17     
  20.6            2.53292e-17     
  20.7            2.04406e-17     
  20.8            1.70882e-17     
  20.9            1.23499e-17     
  21              1.03685e-17     
  21.1            7.51828e-18     
  21.2            6.3153e-18      
  21.3            5.1122e-18      
  21.4            4.2846e-18      
  21.5            3.457e-18       
  21.6            2.88308e-18     
  21.7            2.2778e-18      
  21.8            1.88258e-18     
  21.9            1.48747e-18     
  22              1.22677e-18     
  22.1            9.66134e-19     
  22.2            6.47568e-19     
  22.3            3.29014e-19     
  22.4            2.69232e-19     
  22.5            2.0945e-19      
  22.6            1.5925e-19      
  22.7            1.09061e-19     
  22.8            8.58136e-20     
  22.9            6.25664e-20     
  23              4.92286e-20     
  23.1            3.5891e-20      
  23.2            2.82388e-20     
  23.3            2.05876e-20     
  23.4            1.6198e-20      
  23.5            1.18084e-20     
  23.6            9.29024e-21     
  23.7            6.77234e-21     
  23.8            3.38616e-21     
  23.9            0.00            
//
#-------------------------------------------------------------------------------
#
#name:   JENDL-5: U-235(N,F) E_in=30. MeV
#X.axis: Energy
#Y.axis: 
#wdata:  2
#ldata:  409
#data...
# X               Y              
# MeV             1/eV           
  0.00            0.00            
  1.00e-8         1.20844e-10     
  2.00e-8         1.709e-10       
  3.00e-8         2.09308e-10     
  4.00e-8         2.41688e-10     
  5.00e-8         2.70216e-10     
  6.00e-8         2.96006e-10     
  7.00e-8         3.19724e-10     
  8.00e-8         3.41798e-10     
  1.00e-7         3.82142e-10     
  1.50e-7         4.68028e-10     
  2.00e-7         5.40432e-10     
  2.50e-7         6.0422e-10      
  3.00e-7         6.6189e-10      
  3.50e-7         7.14924e-10     
  4.00e-7         7.64286e-10     
  4.50e-7         8.10646e-10     
  5.00e-7         8.54496e-10     
  5.50e-7         8.96204e-10     
  6.00e-7         9.36054e-10     
  6.50e-7         9.74276e-10     
  7.00e-7         1.01105e-9      
  7.50e-7         1.04654e-9      
  8.00e-7         1.08086e-9      
  8.50e-7         1.11413e-9      
  9.00e-7         1.14643e-9      
  9.50e-7         1.17784e-9      
  1.00e-6         1.20844e-9      
  1.50e-6         1.48003e-9      
  2.00e-6         1.70899e-9      
  2.50e-6         1.91071e-9      
  3.00e-6         2.09308e-9      
  3.50e-6         2.26078e-9      
  4.00e-6         2.41687e-9      
  4.50e-6         2.56348e-9      
  5.00e-6         2.70215e-9      
  5.50e-6         2.83403e-9      
  6.00e-6         2.96005e-9      
  6.50e-6         3.08092e-9      
  7.00e-6         3.19722e-9      
  7.50e-6         3.30943e-9      
  8.00e-6         3.41796e-9      
  8.50e-6         3.52315e-9      
  9.00e-6         3.62529e-9      
  9.50e-6         3.72463e-9      
  1.00e-5         3.82139e-9      
  1.50e-5         4.68021e-9      
  2.00e-5         5.40421e-9      
  2.50e-5         6.04206e-9      
  3.00e-5         6.61871e-9      
  3.50e-5         7.14899e-9      
  4.00e-5         7.64256e-9      
  4.50e-5         8.10611e-9      
  5.00e-5         8.54455e-9      
  5.50e-5         8.96156e-9      
  6.00e-5         9.35999e-9      
  6.50e-5         9.74214e-9      
  7.00e-5         1.01098e-8      
  7.50e-5         1.04646e-8      
  8.00e-5         1.08078e-8      
  8.50e-5         1.11403e-8      
  9.00e-5         1.14633e-8      
  9.50e-5         1.17773e-8      
  1.00e-4         1.20832e-8      
  1.50e-4         1.47981e-8      
  2.00e-4         1.70865e-8      
  2.50e-4         1.91024e-8      
  3.00e-4         2.09246e-8      
  3.50e-4         2.26e-8         
  4.00e-4         2.41592e-8      
  4.50e-4         2.56234e-8      
  5.00e-4         2.70081e-8      
  5.50e-4         2.83249e-8      
  6.00e-4         2.95829e-8      
  6.50e-4         3.07893e-8      
  7.00e-4         3.195e-8        
  7.50e-4         3.30697e-8      
  8.00e-4         3.41526e-8      
  8.50e-4         3.52019e-8      
  9.00e-4         3.62207e-8      
  9.50e-4         3.72113e-8      
  1.00e-3         3.81761e-8      
  1.50e-3         4.67326e-8      
  2.00e-3         5.39352e-8      
  2.50e-3         6.02713e-8      
  3.00e-3         6.59909e-8      
  3.50e-3         7.12426e-8      
  4.00e-3         7.61235e-8      
  4.50e-3         8.07008e-8      
  5.00e-3         8.50236e-8      
  5.50e-3         8.91289e-8      
  6.00e-3         9.30456e-8      
  6.50e-3         9.67965e-8      
  7.00e-3         1.004e-7        
  7.50e-3         1.03872e-7      
  8.00e-3         1.07225e-7      
  8.50e-3         1.1047e-7       
  9.00e-3         1.13616e-7      
  9.50e-3         1.16671e-7      
  0.01            1.19642e-7      
  0.015           1.458e-7        
  0.02            1.67515e-7      
  0.025           1.86354e-7      
  0.03            2.03122e-7      
  0.035           2.18303e-7      
  0.04            2.32212e-7      
  0.045           2.45069e-7      
  0.05            2.57037e-7      
  0.055           2.68238e-7      
  0.06            2.78769e-7      
  0.065           2.88704e-7      
  0.07            2.98109e-7      
  0.075           3.07033e-7      
  0.08            3.1552e-7       
  0.085           3.23609e-7      
  0.09            3.3133e-7       
  0.095           3.38711e-7      
  0.1             3.45777e-7      
  0.15            4.02835e-7      
  0.2             4.42468e-7      
  0.25            4.70568e-7      
  0.3             4.90341e-7      
  0.35            5.03799e-7      
  0.4             5.12316e-7      
  0.45            5.16892e-7      
  0.5             5.18279e-7      
  0.6             5.0726e-7       
  0.7             4.96153e-7      
  0.8             4.74191e-7      
  0.9             4.51663e-7      
  1               4.26082e-7      
  1.1             4.00511e-7      
  1.2             3.75201e-7      
  1.3             3.49837e-7      
  1.4             3.26158e-7      
  1.5             3.02489e-7      
  1.6             2.81102e-7      
  1.7             2.59705e-7      
  1.8             2.40817e-7      
  1.9             2.21941e-7      
  2               2.05456e-7      
  2.1             1.88927e-7      
  2.2             1.74614e-7      
  2.3             1.60357e-7      
  2.4             1.4812e-7       
  2.5             1.35873e-7      
  2.6             1.25353e-7      
  2.7             1.14834e-7      
  2.8             1.05865e-7      
  2.9             9.69095e-8      
  3               8.92905e-8      
  3.1             8.16595e-8      
  3.2             7.51566e-8      
  3.3             6.86884e-8      
  3.4             6.32255e-8      
  3.5             5.77571e-8      
  3.6             5.31048e-8      
  3.7             4.84395e-8      
  3.8             4.45154e-8      
  3.9             4.06184e-8      
  4               3.73147e-8      
  4.1             3.40079e-8      
  4.2             3.1203e-8       
  4.3             2.84145e-8      
  4.4             2.60813e-8      
  4.5             2.37459e-8      
  4.6             2.17692e-8      
  4.7             1.97914e-8      
  4.8             1.81352e-8      
  4.9             1.64921e-8      
  5               1.51076e-8      
  5.1             1.3722e-8       
  5.2             1.25516e-8      
  5.3             1.13932e-8      
  5.4             1.04293e-8      
  5.5             9.46273e-9      
  5.6             8.64987e-9      
  5.7             7.83559e-9      
  5.8             7.15867e-9      
  5.9             6.4887e-9       
  6               5.92752e-9      
  6.1             5.3646e-9       
  6.2             4.89242e-9      
  6.3             4.42415e-9      
  6.4             4.03945e-9      
  6.5             3.65345e-9      
  6.6             3.3308e-9       
  6.7             3.00576e-9      
  6.8             2.73952e-9      
  6.9             2.4762e-9       
  7               2.25712e-9      
  7.1             2.03499e-9      
  7.2             1.85156e-9      
  7.3             1.6691e-9       
  7.4             1.52163e-9      
  7.5             1.37318e-9      
  7.6             1.24962e-9      
  7.7             1.12356e-9      
  7.8             1.02243e-9      
  7.9             9.22104e-10     
  8               8.39536e-10     
  8.1             7.55738e-10     
  8.2             6.86634e-10     
  8.3             6.18028e-10     
  8.4             5.63052e-10     
  8.5             5.0764e-10      
  8.6             4.61584e-10     
  8.7             4.14704e-10     
  8.8             3.77102e-10     
  8.9             3.40252e-10     
  9               3.09704e-10     
  9.1             2.7858e-10      
  9.2             2.52902e-10     
  9.3             2.27624e-10     
  9.4             2.07444e-10     
  9.5             1.87046e-10     
  9.6             1.70061e-10     
  9.7             1.52913e-10     
  9.8             1.39057e-10     
  9.9             1.25538e-10     
  10              1.14323e-10     
  10.1            1.02918e-10     
  10.2            9.34014e-11     
  10.3            8.4122e-11      
  10.4            7.67236e-11     
  10.5            6.926e-11       
  10.6            6.29788e-11     
  10.7            5.6617e-11      
  10.8            5.14986e-11     
  10.9            4.65594e-11     
  11              4.24278e-11     
  11.1            3.82438e-11     
  11.2            3.47012e-11     
  11.3            3.12976e-11     
  11.4            2.85742e-11     
  11.5            2.58292e-11     
  11.6            2.34926e-11     
  11.7            2.1141e-11      
  11.8            1.92328e-11     
  11.9            1.74158e-11     
  12              1.58759e-11     
  12.1            1.43241e-11     
  12.2            1.29885e-11     
  12.3            1.17159e-11     
  12.4            1.07029e-11     
  12.5            9.68322e-12     
  12.6            8.80156e-12     
  12.7            7.91262e-12     
  12.8            7.19464e-12     
  12.9            6.52314e-12     
  13              5.94524e-12     
  13.1            5.36394e-12     
  13.2            4.85732e-12     
  13.3            4.37394e-12     
  13.4            3.99576e-12     
  13.5            3.61432e-12     
  13.6            3.28276e-12     
  13.7            2.95e-12        
  13.8            2.67888e-12     
  13.9            2.4286e-12      
  14              2.21126e-12     
  14.1            1.99305e-12     
  14.2            1.80091e-12     
  14.3            1.62313e-12     
  14.4            1.48142e-12     
  14.5            1.33873e-12     
  14.6            1.21376e-12     
  14.7            1.08813e-12     
  14.8            9.86232e-13     
  14.9            8.93914e-13     
  15              8.12736e-13     
  15.1            7.31396e-13     
  15.2            6.58976e-13     
  15.3            5.92828e-13     
  15.4            5.40416e-13     
  15.5            4.87774e-13     
  15.6            4.41078e-13     
  15.7            3.94284e-13     
  15.8            3.56302e-13     
  15.9            3.22266e-13     
  16              2.9236e-13      
  16.1            2.62388e-13     
  16.2            2.35536e-13     
  16.3            2.11258e-13     
  16.4            1.92219e-13     
  16.5            1.73049e-13     
  16.6            1.5601e-13      
  16.7            1.38883e-13     
  16.8            1.25136e-13     
  16.9            1.13041e-13     
  17              1.02284e-13     
  17.1            9.14692e-14     
  17.2            8.17442e-14     
  17.3            7.2656e-14      
  17.4            6.59758e-14     
  17.5            5.9285e-14      
  17.6            5.32526e-14     
  17.7            4.71832e-14     
  17.8            4.23494e-14     
  17.9            3.81874e-14     
  18              3.44424e-14     
  18.1            3.06944e-14     
  18.2            2.72854e-14     
  18.3            2.42914e-14     
  18.4            2.19864e-14     
  18.5            1.96794e-14     
  18.6            1.75886e-14     
  18.7            1.54966e-14     
  18.8            1.3835e-14      
  18.9            1.24267e-14     
  19              1.11595e-14     
  19.1            9.8909e-15      
  19.2            8.73266e-15     
  19.3            7.72768e-15     
  19.4            6.96806e-15     
  19.5            6.20692e-15     
  19.6            5.51544e-15     
  19.7            4.8233e-15      
  19.8            4.27624e-15     
  19.9            3.82276e-15     
  20              3.41534e-15     
  20.1            3.00728e-15     
  20.2            2.63214e-15     
  20.3            2.312e-15       
  20.4            2.07574e-15     
  20.5            1.81156e-15     
  20.6            1.6002e-15      
  20.7            1.38861e-15     
  20.8            1.22397e-15     
  20.9            1.09183e-15     
  21              9.70876e-16     
  21.1            8.4986e-16      
  21.2            7.37004e-16     
  21.3            6.42882e-16     
  21.4            5.74778e-16     
  21.5            5.06618e-16     
  21.6            4.4373e-16      
  21.7            3.80798e-16     
  21.8            3.32526e-16     
  21.9            2.94892e-16     
  22              2.60302e-16     
  22.1            2.25462e-16     
  22.2            1.93219e-16     
  22.3            1.66899e-16     
  22.4            1.48283e-16     
  22.5            1.29646e-16     
  22.6            1.12345e-16     
  22.7            9.50294e-17     
  22.8            8.19692e-17     
  22.9            7.21484e-17     
  23              6.3083e-17      
  23.1            5.39372e-17     
  23.2            4.54554e-17     
  23.3            3.87036e-17     
  23.4            3.40088e-17     
  23.5            2.93132e-17     
  23.6            2.50358e-17     
  23.7            2.07574e-17     
  23.8            1.76114e-17     
  23.9            1.53652e-17     
  24              1.32797e-17     
  24.1            1.10009e-17     
  24.2            8.9974e-18      
  24.3            7.44448e-18     
  24.4            6.4925e-18      
  24.5            5.54042e-18     
  24.6            4.6378e-18      
  24.7            3.73516e-18     
  24.8            3.0939e-18      
  24.9            2.53814e-18     
  25              2.17528e-18     
  25.1            1.81243e-18     
  25.2            1.44979e-18     
  25.3            1.19072e-18     
  25.4            1.03554e-18     
  25.5            8.80288e-19     
  25.6            7.2505e-19      
  25.7            5.6981e-19      
  25.8            4.59008e-19     
  25.9            3.92654e-19     
  26              3.26298e-19     
  26.1            2.59944e-19     
  26.2            1.93578e-19     
  26.3            1.49761e-19     
  26.4            1.28494e-19     
  26.5            1.07217e-19     
  26.6            8.59434e-20     
  26.7            6.46696e-20     
  26.8            3.53042e-20     
  26.9            2.98576e-20     
  27              2.4411e-20      
  27.1            1.89655e-20     
  27.2            1.35188e-20     
  27.3            1.00112e-20     
  27.4            8.4423e-21      
  27.5            6.8733e-21      
  27.6            5.3044e-21      
  27.7            3.7355e-21      
  27.8            2.72962e-21     
  27.9            2.28678e-21     
  28              1.84395e-21     
  28.1            1.40111e-21     
  28.2            9.58216e-22     
  28.3            6.63116e-22     
  28.4            5.15758e-22     
  28.5            3.68398e-22     
  28.6            2.21038e-22     
  28.7            7.36786e-23     
  28.8            0.00            
//
#-------------------------------------------------------------------------------
#
#name:   JENDL-5: U-235(N,F) E_in=40. MeV
#X.axis: Energy
#Y.axis: 
#wdata:  2
#ldata:  454
#data...
# X               Y              
# MeV             1/eV           
  0.00            0.00            
  1.00e-8         1.17705e-10     
  2.00e-8         1.66459e-10     
  3.00e-8         2.0387e-10      
  4.00e-8         2.35408e-10     
  5.00e-8         2.63194e-10     
  6.00e-8         2.88316e-10     
  7.00e-8         3.11416e-10     
  8.00e-8         3.32918e-10     
  1.00e-7         3.72214e-10     
  1.50e-7         4.55868e-10     
  2.00e-7         5.2639e-10      
  2.50e-7         5.88522e-10     
  3.00e-7         6.44694e-10     
  3.50e-7         6.9635e-10      
  4.00e-7         7.44428e-10     
  4.50e-7         7.89586e-10     
  5.00e-7         8.32296e-10     
  5.50e-7         8.7292e-10      
  6.00e-7         9.11734e-10     
  6.50e-7         9.48964e-10     
  7.00e-7         9.84786e-10     
  7.50e-7         1.01935e-9      
  8.00e-7         1.05278e-9      
  8.50e-7         1.08518e-9      
  9.00e-7         1.11664e-9      
  9.50e-7         1.14724e-9      
  1.00e-6         1.17704e-9      
  1.50e-6         1.44158e-9      
  2.00e-6         1.66459e-9      
  2.50e-6         1.86107e-9      
  3.00e-6         2.0387e-9       
  3.50e-6         2.20204e-9      
  4.00e-6         2.35408e-9      
  4.50e-6         2.49688e-9      
  5.00e-6         2.63194e-9      
  5.50e-6         2.7604e-9       
  6.00e-6         2.88314e-9      
  6.50e-6         3.00087e-9      
  7.00e-6         3.11415e-9      
  7.50e-6         3.22345e-9      
  8.00e-6         3.32916e-9      
  8.50e-6         3.43162e-9      
  9.00e-6         3.53111e-9      
  9.50e-6         3.62787e-9      
  1.00e-5         3.72211e-9      
  1.50e-5         4.55861e-9      
  2.00e-5         5.2638e-9       
  2.50e-5         5.88508e-9      
  3.00e-5         6.44675e-9      
  3.50e-5         6.96325e-9      
  4.00e-5         7.444e-9        
  4.50e-5         7.89551e-9      
  5.00e-5         8.32256e-9      
  5.50e-5         8.72873e-9      
  6.00e-5         9.11681e-9      
  6.50e-5         9.48903e-9      
  7.00e-5         9.84719e-9      
  7.50e-5         1.01928e-8      
  8.00e-5         1.0527e-8       
  8.50e-5         1.08509e-8      
  9.00e-5         1.11654e-8      
  9.50e-5         1.14713e-8      
  1.00e-4         1.17693e-8      
  1.50e-4         1.44137e-8      
  2.00e-4         1.66426e-8      
  2.50e-4         1.86061e-8      
  3.00e-4         2.03809e-8      
  3.50e-4         2.20128e-8      
  4.00e-4         2.35315e-8      
  4.50e-4         2.49577e-8      
  5.00e-4         2.63064e-8      
  5.50e-4         2.7589e-8       
  6.00e-4         2.88143e-8      
  6.50e-4         2.99894e-8      
  7.00e-4         3.11199e-8      
  7.50e-4         3.22106e-8      
  8.00e-4         3.32653e-8      
  8.50e-4         3.42873e-8      
  9.00e-4         3.52796e-8      
  9.50e-4         3.62445e-8      
  1.00e-3         3.71843e-8      
  1.50e-3         4.55185e-8      
  2.00e-3         5.25339e-8      
  2.50e-3         5.87054e-8      
  3.00e-3         6.42763e-8      
  3.50e-3         6.93917e-8      
  4.00e-3         7.41458e-8      
  4.50e-3         7.86041e-8      
  5.00e-3         8.28146e-8      
  5.50e-3         8.68133e-8      
  6.00e-3         9.06282e-8      
  6.50e-3         9.42817e-8      
  7.00e-3         9.77918e-8      
  7.50e-3         1.01174e-7      
  8.00e-3         1.04439e-7      
  8.50e-3         1.076e-7        
  9.00e-3         1.10664e-7      
  9.50e-3         1.1364e-7       
  0.01            1.16533e-7      
  0.015           1.42012e-7      
  0.02            1.63163e-7      
  0.025           1.81512e-7      
  0.03            1.97845e-7      
  0.035           2.12631e-7      
  0.04            2.26179e-7      
  0.045           2.38702e-7      
  0.05            2.50359e-7      
  0.055           2.61269e-7      
  0.06            2.71526e-7      
  0.065           2.81204e-7      
  0.07            2.90363e-7      
  0.075           2.99056e-7      
  0.08            3.07323e-7      
  0.085           3.15201e-7      
  0.09            3.22722e-7      
  0.095           3.29911e-7      
  0.1             3.36794e-7      
  0.15            3.92369e-7      
  0.2             4.30972e-7      
  0.25            4.58342e-7      
  0.3             4.77602e-7      
  0.35            4.90709e-7      
  0.4             4.99006e-7      
  0.45            5.03463e-7      
  0.5             5.04814e-7      
  0.6             4.95527e-7      
  0.7             4.8624e-7       
  0.8             4.65971e-7      
  0.9             4.44675e-7      
  1               4.20345e-7      
  1.1             3.96027e-7      
  1.2             3.71847e-7      
  1.3             3.47563e-7      
  1.4             3.24722e-7      
  1.5             3.0188e-7       
  1.6             2.81161e-7      
  1.7             2.60419e-7      
  1.8             2.42019e-7      
  1.9             2.23641e-7      
  2               2.07514e-7      
  2.1             1.91317e-7      
  2.2             1.77231e-7      
  2.3             1.63215e-7      
  2.4             1.51148e-7      
  2.5             1.39046e-7      
  2.6             1.28606e-7      
  2.7             1.18143e-7      
  2.8             1.09195e-7      
  2.9             1.00333e-7      
  3               9.26959e-8      
  3.1             8.50578e-8      
  3.2             7.84787e-8      
  3.3             7.19665e-8      
  3.4             6.64406e-8      
  3.5             6.09113e-8      
  3.6             5.61653e-8      
  3.7             5.14135e-8      
  3.8             4.73885e-8      
  3.9             4.34074e-8      
  4               4.00042e-8      
  4.1             3.65998e-8      
  4.2             3.36789e-8      
  4.3             3.07983e-8      
  4.4             2.8371e-8       
  4.5             2.59392e-8      
  4.6             2.38604e-8      
  4.7             2.17781e-8      
  4.8             2.00269e-8      
  4.9             1.83034e-8      
  5               1.68325e-8      
  5.1             1.53582e-8      
  5.2             1.40984e-8      
  5.3             1.28594e-8      
  5.4             1.18246e-8      
  5.5             1.07895e-8      
  5.6             9.90466e-9      
  5.7             9.01441e-9      
  5.8             8.27321e-9      
  5.9             7.54631e-9      
  6               6.92808e-9      
  6.1             6.30859e-9      
  6.2             5.77942e-9      
  6.3             5.25844e-9      
  6.4             4.82895e-9      
  6.5             4.39715e-9      
  6.6             4.03041e-9      
  6.7             3.66206e-9      
  6.8             3.35624e-9      
  6.9             3.05837e-9      
  7               2.80492e-9      
  7.1             2.54974e-9      
  7.2             2.33263e-9      
  7.3             2.12082e-9      
  7.4             1.94651e-9      
  7.5             1.77104e-9      
  7.6             1.62188e-9      
  7.7             1.47133e-9      
  7.8             1.34766e-9      
  7.9             1.22757e-9      
  8               1.12565e-9      
  8.1             1.02281e-9      
  8.2             9.35068e-10     
  8.3             8.49642e-10     
  8.4             7.8016e-10      
  8.5             7.09928e-10     
  8.6             6.50124e-10     
  8.7             5.89696e-10     
  8.8             5.40172e-10     
  8.9             4.9263e-10      
  9               4.51954e-10     
  9.1             4.10828e-10     
  9.2             3.75504e-10     
  9.3             3.41472e-10     
  9.4             3.13866e-10     
  9.5             2.86018e-10     
  9.6             2.62022e-10     
  9.7             2.37738e-10     
  9.8             2.17862e-10     
  9.9             1.98873e-10     
  10              1.82595e-10     
  10.1            1.66168e-10     
  10.2            1.51863e-10     
  10.3            1.38262e-10     
  10.4            1.27222e-10     
  10.5            1.16078e-10     
  10.6            1.06359e-10     
  10.7            9.65398e-11     
  10.8            8.84862e-11     
  10.9            8.09058e-11     
  11              7.43232e-11     
  11.1            6.77004e-11     
  11.2            6.1841e-11      
  11.3            5.63544e-11     
  11.4            5.1891e-11      
  11.5            4.74012e-11     
  11.6            4.34258e-11     
  11.7            3.94354e-11     
  11.8            3.6136e-11      
  11.9            3.31032e-11     
  12              3.04094e-11     
  12.1            2.7703e-11      
  12.2            2.52782e-11     
  12.3            2.30354e-11     
  12.4            2.12162e-11     
  12.5            1.93889e-11     
  12.6            1.77485e-11     
  12.7            1.61034e-11     
  12.8            1.47445e-11     
  12.9            1.35135e-11     
  13              1.24084e-11     
  13.1            1.12988e-11     
  13.2            1.02923e-11     
  13.3            9.37376e-12     
  13.4            8.6307e-12      
  13.5            7.8857e-12      
  13.6            7.2091e-12      
  13.7            6.53112e-12     
  13.8            5.97126e-12     
  13.9            5.47244e-12     
  14              5.01964e-12     
  14.1            4.56604e-12     
  14.2            4.14992e-12     
  14.3            3.77488e-12     
  14.4            3.47332e-12     
  14.5            3.1713e-12      
  14.6            2.89444e-12     
  14.7            2.61698e-12     
  14.8            2.38858e-12     
  14.9            2.18784e-12     
  15              2.00464e-12     
  15.1            1.82111e-12     
  15.2            1.65106e-12     
  15.3            1.49994e-12     
  15.4            1.37927e-12     
  15.5            1.25814e-12     
  15.6            1.14624e-12     
  15.7            1.0341e-12      
  15.8            9.42164e-13     
  15.9            8.62944e-13     
  16              7.89608e-13     
  16.1            7.16008e-13     
  16.2            6.47354e-13     
  16.3            5.87194e-13     
  16.4            5.39502e-13     
  16.5            4.91674e-13     
  16.6            4.46994e-13     
  16.7            4.02176e-13     
  16.8            3.6564e-13      
  16.9            3.34746e-13     
  17              3.05848e-13     
  17.1            2.76822e-13     
  17.2            2.49516e-13     
  17.3            2.25902e-13     
  17.4            2.07364e-13     
  17.5            1.88779e-13     
  17.6            1.71232e-13     
  17.7            1.53605e-13     
  17.8            1.39311e-13     
  17.9            1.27418e-13     
  18              1.16239e-13     
  18.1            1.0503e-13      
  18.2            9.43456e-14     
  18.3            8.5218e-14      
  18.4            7.81372e-14     
  18.5            7.10342e-14     
  18.6            6.42682e-14     
  18.7            5.74896e-14     
  18.8            5.20052e-14     
  18.9            4.75408e-14     
  19              4.32874e-14     
  19.1            3.90282e-14     
  19.2            3.49248e-14     
  19.3            3.14824e-14     
  19.4            2.88266e-14     
  19.5            2.61652e-14     
  19.6            2.3602e-14      
  19.7            2.10352e-14     
  19.8            1.8969e-14      
  19.9            1.73216e-14     
  20              1.57354e-14     
  20.1            1.41446e-14     
  20.2            1.26033e-14     
  20.3            1.1326e-14      
  20.4            1.03539e-14     
  20.5            9.37722e-15     
  20.6            8.43136e-15     
  20.7            7.484e-15       
  20.8            6.72562e-15     
  20.9            6.13288e-15     
  21              5.55758e-15     
  21.1            4.98168e-15     
  21.2            4.41768e-15     
  21.3            3.95716e-15     
  21.4            3.60946e-15     
  21.5            3.26118e-15     
  21.6            2.9212e-15      
  21.7            2.58088e-15     
  21.8            2.31024e-15     
  21.9            2.10328e-15     
  22              1.90048e-15     
  22.1            1.6949e-15      
  22.2            1.4951e-15      
  22.3            1.33451e-15     
  22.4            1.21488e-15     
  22.5            1.09516e-15     
  22.6            9.76956e-16     
  22.7            8.58676e-16     
  22.8            7.64978e-16     
  22.9            6.9508e-16      
  23              6.2592e-16      
  23.1            5.52828e-16     
  23.2            4.84752e-16     
  23.3            4.30716e-16     
  23.4            3.91146e-16     
  23.5            3.51532e-16     
  23.6            3.12112e-16     
  23.7            2.72682e-16     
  23.8            2.40392e-16     
  23.9            2.17954e-16     
  24              1.95585e-16     
  24.1            1.73205e-16     
  24.2            1.50882e-16     
  24.3            1.33301e-16     
  24.4            1.20634e-16     
  24.5            1.07963e-16     
  24.6            9.5325e-17      
  24.7            8.268e-17       
  24.8            7.27832e-17     
  24.9            6.57426e-17     
  25              5.87124e-17     
  25.1            5.16718e-17     
  25.2            4.46464e-17     
  25.3            3.9147e-17      
  25.4            3.52788e-17     
  25.5            3.1412e-17      
  25.6            2.7545e-17      
  25.7            2.3677e-17      
  25.8            2.05586e-17     
  25.9            1.84937e-17     
  26              1.64276e-17     
  26.1            1.43626e-17     
  26.2            1.22976e-17     
  26.3            1.07041e-17     
  26.4            9.5979e-18      
  26.5            8.4917e-18      
  26.6            7.38548e-18     
  26.7            6.2794e-18      
  26.8            5.43552e-18     
  26.9            4.8594e-18      
  27              4.28328e-18     
  27.1            3.70704e-18     
  27.2            3.13092e-18     
  27.3            2.69486e-18     
  27.4            2.4023e-18      
  27.5            2.10974e-18     
  27.6            1.81707e-18     
  27.7            1.52451e-18     
  27.8            1.30475e-18     
  27.9            1.15801e-18     
  28              1.01123e-18     
  28.1            8.64444e-19     
  28.2            7.17656e-19     
  28.3            6.07682e-19     
  28.4            5.37392e-19     
  28.5            4.6709e-19      
  28.6            3.968e-19       
  28.7            3.26498e-19     
  28.8            2.74838e-19     
  28.9            2.41798e-19     
  29              2.0876e-19      
  29.1            1.7572e-19      
  29.2            1.42692e-19     
  29.3            1.18731e-19     
  29.4            1.03846e-19     
  29.5            8.89628e-20     
  29.6            7.40798e-20     
  29.7            5.91958e-20     
  29.8            4.79214e-20     
  29.9            4.1513e-20      
  30              3.51046e-20     
  30.1            2.86974e-20     
  30.2            2.2289e-20      
  30.3            1.74312e-20     
  30.4            1.50455e-20     
  30.5            1.2661e-20      
  30.6            1.02757e-20     
  30.7            7.89066e-21     
  30.8            5.10916e-21     
  30.9            4.41352e-21     
  31              3.7179e-21      
  31.1            3.02226e-21     
  31.2            2.32662e-21     
  31.3            1.81938e-21     
  31.4            1.5725e-21      
  31.5            1.32551e-21     
  31.6            1.07857e-21     
  31.7            8.31624e-22     
  31.8            6.07854e-22     
  31.9            5.2071e-22      
  32              4.33578e-22     
  32.1            3.46432e-22     
  32.2            2.59288e-22     
  32.3            2.00072e-22     
  32.4            1.68787e-22     
  32.5            1.37512e-22     
  32.6            1.06223e-22     
  32.7            7.49382e-23     
  32.8            5.33666e-23     
  32.9            4.15072e-23     
  33              2.9648e-23      
  33.1            1.77889e-23     
  33.2            5.9295e-24      
  33.3            0.00            
//
#-------------------------------------------------------------------------------
#
#name:   JENDL-5: U-235(N,F) E_in=50. MeV
#X.axis: Energy
#Y.axis: 
#wdata:  2
#ldata:  494
#data...
# X               Y              
# MeV             1/eV           
  0.00            0.00            
  1.00e-8         1.13868e-10     
  2.00e-8         1.61034e-10     
  3.00e-8         1.97226e-10     
  4.00e-8         2.27736e-10     
  5.00e-8         2.54618e-10     
  6.00e-8         2.7892e-10      
  7.00e-8         3.01268e-10     
  8.00e-8         3.22068e-10     
  1.00e-7         3.60084e-10     
  1.50e-7         4.4101e-10      
  2.00e-7         5.09234e-10     
  2.50e-7         5.69342e-10     
  3.00e-7         6.23682e-10     
  3.50e-7         6.73654e-10     
  4.00e-7         7.20166e-10     
  4.50e-7         7.63852e-10     
  5.00e-7         8.0517e-10      
  5.50e-7         8.4447e-10      
  6.00e-7         8.8202e-10      
  6.50e-7         9.18036e-10     
  7.00e-7         9.5269e-10      
  7.50e-7         9.86128e-10     
  8.00e-7         1.01847e-9      
  8.50e-7         1.04981e-9      
  9.00e-7         1.08025e-9      
  9.50e-7         1.10985e-9      
  1.00e-6         1.13868e-9      
  1.50e-6         1.3946e-9       
  2.00e-6         1.61034e-9      
  2.50e-6         1.80041e-9      
  3.00e-6         1.97225e-9      
  3.50e-6         2.13028e-9      
  4.00e-6         2.27736e-9      
  4.50e-6         2.4155e-9       
  5.00e-6         2.54616e-9      
  5.50e-6         2.67044e-9      
  6.00e-6         2.78918e-9      
  6.50e-6         2.90307e-9      
  7.00e-6         3.01266e-9      
  7.50e-6         3.11839e-9      
  8.00e-6         3.22066e-9      
  8.50e-6         3.31978e-9      
  9.00e-6         3.41602e-9      
  9.50e-6         3.50963e-9      
  1.00e-5         3.6008e-9       
  1.50e-5         4.41004e-9      
  2.00e-5         5.09225e-9      
  2.50e-5         5.69328e-9      
  3.00e-5         6.23665e-9      
  3.50e-5         6.73631e-9      
  4.00e-5         7.20139e-9      
  4.50e-5         7.63819e-9      
  5.00e-5         8.05131e-9      
  5.50e-5         8.44425e-9      
  6.00e-5         8.81968e-9      
  6.50e-5         9.17977e-9      
  7.00e-5         9.52625e-9      
  7.50e-5         9.86056e-9      
  8.00e-5         1.01839e-8      
  8.50e-5         1.04973e-8      
  9.00e-5         1.08015e-8      
  9.50e-5         1.10975e-8      
  1.00e-4         1.13857e-8      
  1.50e-4         1.39439e-8      
  2.00e-4         1.61002e-8      
  2.50e-4         1.79997e-8      
  3.00e-4         1.97167e-8      
  3.50e-4         2.12954e-8      
  4.00e-4         2.27646e-8      
  4.50e-4         2.41443e-8      
  5.00e-4         2.5449e-8       
  5.50e-4         2.66898e-8      
  6.00e-4         2.78752e-8      
  6.50e-4         2.9012e-8       
  7.00e-4         3.01057e-8      
  7.50e-4         3.11608e-8      
  8.00e-4         3.21811e-8      
  8.50e-4         3.31699e-8      
  9.00e-4         3.41298e-8      
  9.50e-4         3.50633e-8      
  1.00e-3         3.59724e-8      
  1.50e-3         4.4035e-8       
  2.00e-3         5.08218e-8      
  2.50e-3         5.67921e-8      
  3.00e-3         6.21815e-8      
  3.50e-3         6.71301e-8      
  4.00e-3         7.17293e-8      
  4.50e-3         7.60423e-8      
  5.00e-3         8.01156e-8      
  5.50e-3         8.39839e-8      
  6.00e-3         8.76745e-8      
  6.50e-3         9.12089e-8      
  7.00e-3         9.46046e-8      
  7.50e-3         9.78762e-8      
  8.00e-3         1.01036e-7      
  8.50e-3         1.04093e-7      
  9.00e-3         1.07057e-7      
  9.50e-3         1.09936e-7      
  0.01            1.12735e-7      
  0.015           1.37384e-7      
  0.02            1.57846e-7      
  0.025           1.75597e-7      
  0.03            1.91397e-7      
  0.035           2.05701e-7      
  0.04            2.18807e-7      
  0.045           2.30923e-7      
  0.05            2.422e-7        
  0.055           2.52754e-7      
  0.06            2.62677e-7      
  0.065           2.72039e-7      
  0.07            2.809e-7        
  0.075           2.89309e-7      
  0.08            2.97307e-7      
  0.085           3.04928e-7      
  0.09            3.12204e-7      
  0.095           3.19159e-7      
  0.1             3.25817e-7      
  0.15            3.79581e-7      
  0.2             4.16927e-7      
  0.25            4.43404e-7      
  0.3             4.62036e-7      
  0.35            4.74717e-7      
  0.4             4.82743e-7      
  0.45            4.87054e-7      
  0.5             4.88361e-7      
  0.6             4.81003e-7      
  0.7             4.73645e-7      
  0.8             4.55398e-7      
  0.9             4.35248e-7      
  1               4.12371e-7      
  1.1             3.89494e-7      
  1.2             3.66735e-7      
  1.3             3.43798e-7      
  1.4             3.22078e-7      
  1.5             3.00346e-7      
  1.6             2.80505e-7      
  1.7             2.60592e-7      
  1.8             2.42899e-7      
  1.9             2.25337e-7      
  2               2.09723e-7      
  2.1             1.94109e-7      
  2.2             1.80314e-7      
  2.3             1.66696e-7      
  2.4             1.54898e-7      
  2.5             1.43087e-7      
  2.6             1.32741e-7      
  2.7             1.22335e-7      
  2.8             1.13438e-7      
  2.9             1.04662e-7      
  3               9.7038e-8       
  3.1             8.94048e-8      
  3.2             8.27364e-8      
  3.3             7.61968e-8      
  3.4             7.06245e-8      
  3.5             6.50452e-8      
  3.6             6.01803e-8      
  3.7             5.53119e-8      
  3.8             5.11617e-8      
  3.9             4.71153e-8      
  4               4.35898e-8      
  4.1             4.0062e-8       
  4.2             3.69817e-8      
  4.3             3.39771e-8      
  4.4             3.14366e-8      
  4.5             2.88855e-8      
  4.6             2.6671e-8       
  4.7             2.44529e-8      
  4.8             2.25738e-8      
  4.9             2.07526e-8      
  5               1.91676e-8      
  5.1             1.75826e-8      
  5.2             1.61972e-8      
  5.3             1.48555e-8      
  5.4             1.37288e-8      
  5.5             1.25997e-8      
  5.6             1.16156e-8      
  5.7             1.06295e-8      
  5.8             9.799e-9        
  5.9             8.99941e-9      
  6               8.30376e-9      
  6.1             7.60492e-9      
  6.2             6.99502e-9      
  6.3             6.4079e-9       
  6.4             5.9187e-9       
  6.5             5.42762e-9      
  6.6             4.99912e-9      
  6.7             4.56886e-9      
  6.8             4.20875e-9      
  6.9             3.86506e-9      
  7               3.56506e-9      
  7.1             3.26389e-9      
  7.2             2.99945e-9      
  7.3             2.74599e-9      
  7.4             2.53682e-9      
  7.5             2.32624e-9      
  7.6             2.14187e-9      
  7.7             1.95633e-9      
  7.8             1.80184e-9      
  7.9             1.65563e-9      
  8               1.52736e-9      
  8.1             1.39839e-9      
  8.2             1.28453e-9      
  8.3             1.17655e-9      
  8.4             1.08768e-9      
  8.5             9.9791e-10      
  8.6             9.18908e-10     
  8.7             8.39292e-10     
  8.8             7.73164e-10     
  8.9             7.11288e-10     
  9               6.5658e-10      
  9.1             6.0146e-10      
  9.2             5.52328e-10     
  9.3             5.0623e-10      
  9.4             4.68448e-10     
  9.5             4.30418e-10     
  9.6             3.96414e-10     
  9.7             3.62164e-10     
  9.8             3.33712e-10     
  9.9             3.0748e-10      
  10              2.84e-10        
  10.1            2.60414e-10     
  10.2            2.39048e-10     
  10.3            2.19278e-10     
  10.4            2.03084e-10     
  10.5            1.86846e-10     
  10.6            1.72094e-10     
  10.7            1.57248e-10     
  10.8            1.44882e-10     
  10.9            1.33674e-10     
  11              1.23505e-10     
  11.1            1.13285e-10     
  11.2            1.03924e-10     
  11.3            9.53892e-11     
  11.4            8.83914e-11     
  11.5            8.1377e-11      
  11.6            7.4926e-11      
  11.7            6.84596e-11     
  11.8            6.30562e-11     
  11.9            5.82338e-11     
  12              5.38048e-11     
  12.1            4.9364e-11      
  12.2            4.52398e-11     
  12.3            4.15206e-11     
  12.4            3.84864e-11     
  12.5            3.5444e-11      
  12.6            3.26152e-11     
  12.7            2.97842e-11     
  12.8            2.74186e-11     
  12.9            2.53386e-11     
  13              2.34052e-11     
  13.1            2.14694e-11     
  13.2            1.96507e-11     
  13.3            1.80302e-11     
  13.4            1.67133e-11     
  13.5            1.53953e-11     
  13.6            1.4154e-11      
  13.7            1.29115e-11     
  13.8            1.18757e-11     
  13.9            1.09778e-11     
  14              1.0135e-11      
  14.1            9.29066e-12     
  14.2            8.49084e-12     
  14.3            7.7874e-12      
  14.4            7.21706e-12     
  14.5            6.646e-12       
  14.6            6.10436e-12     
  14.7            5.56154e-12     
  14.8            5.11038e-12     
  14.9            4.72522e-12     
  15              4.36004e-12     
  15.1            3.99368e-12     
  15.2            3.64396e-12     
  15.3            3.33972e-12     
  15.4            3.09428e-12     
  15.5            2.84862e-12     
  15.6            2.61348e-12     
  15.7            2.37784e-12     
  15.8            2.18238e-12     
  15.9            2.01798e-12     
  16              1.86054e-12     
  16.1            1.70299e-12     
  16.2            1.55098e-12     
  16.3            1.42012e-12     
  16.4            1.31512e-12     
  16.5            1.21013e-12     
  16.6            1.10873e-12     
  16.7            1.00719e-12     
  16.8            9.23148e-13     
  16.9            8.53394e-13     
  17              7.86098e-13     
  17.1            7.18706e-13     
  17.2            6.53274e-13     
  17.3            5.97444e-13     
  17.4            5.52966e-13     
  17.5            5.08404e-13     
  17.6            4.6514e-13      
  17.7            4.21854e-13     
  17.8            3.86068e-13     
  17.9            3.56766e-13     
  18              3.28278e-13     
  18.1            2.99756e-13     
  18.2            2.71882e-13     
  18.3            2.48344e-13     
  18.4            2.2967e-13      
  18.5            2.10998e-13     
  18.6            1.92727e-13     
  18.7            1.74444e-13     
  18.8            1.59386e-13     
  18.9            1.47185e-13     
  19              1.35268e-13     
  19.1            1.23316e-13     
  19.2            1.11594e-13     
  19.3            1.01771e-13     
  19.4            9.40404e-14     
  19.5            8.62984e-14     
  19.6            7.86876e-14     
  19.7            7.10744e-14     
  19.8            6.48196e-14     
  19.9            5.98166e-14     
  20              5.49008e-14     
  20.1            4.99758e-14     
  20.2            4.51158e-14     
  20.3            4.10706e-14     
  20.4            3.79112e-14     
  20.5            3.4747e-14      
  20.6            3.1622e-14      
  20.7            2.84968e-14     
  20.8            2.59374e-14     
  20.9            2.39154e-14     
  21              2.1916e-14      
  21.1            1.99164e-14     
  21.2            1.79322e-14     
  21.3            1.62941e-14     
  21.4            1.50221e-14     
  21.5            1.37477e-14     
  21.6            1.24851e-14     
  21.7            1.12172e-14     
  21.8            1.01877e-14     
  21.9            9.38254e-15     
  22              8.58378e-15     
  22.1            7.78338e-15     
  22.2            6.98816e-15     
  22.3            6.3362e-15      
  22.4            5.83354e-15     
  22.5            5.33028e-15     
  22.6            4.8294e-15      
  22.7            4.3278e-15      
  22.8            3.92068e-15     
  22.9            3.6058e-15      
  23              3.29236e-15     
  23.1            2.97854e-15     
  23.2            2.66568e-15     
  23.3            2.4108e-15      
  23.4            2.21568e-15     
  23.5            2.02046e-15     
  23.6            1.82582e-15     
  23.7            1.63106e-15     
  23.8            1.47339e-15     
  23.9            1.35268e-15     
  24              1.23233e-15     
  24.1            1.11181e-15     
  24.2            9.91498e-16     
  24.3            8.93882e-16     
  24.4            8.19946e-16     
  24.5            7.46e-16        
  24.6            6.721e-16       
  24.7            5.98142e-16     
  24.8            5.3845e-16      
  24.9            4.93356e-16     
  25              4.48276e-16     
  25.1            4.03182e-16     
  25.2            3.58112e-16     
  25.3            3.21842e-16     
  25.4            2.94536e-16     
  25.5            2.67228e-16     
  25.6            2.39934e-16     
  25.7            2.12628e-16     
  25.8            1.90554e-16     
  25.9            1.74184e-16     
  26              1.57815e-16     
  26.1            1.41445e-16     
  26.2            1.25075e-16     
  26.3            1.11957e-16     
  26.4            1.02195e-16     
  26.5            9.24306e-17     
  26.6            8.26678e-17     
  26.7            7.2904e-17      
  26.8            6.51078e-17     
  26.9            5.93428e-17     
  27              5.35792e-17     
  27.1            4.78144e-17     
  27.2            4.20508e-17     
  27.3            3.7466e-17      
  27.4            3.40952e-17     
  27.5            3.07256e-17     
  27.6            2.73548e-17     
  27.7            2.3984e-17      
  27.8            2.1245e-17      
  27.9            1.93058e-17     
  28              1.73665e-17     
  28.1            1.5426e-17      
  28.2            1.34867e-17     
  28.3            1.19524e-17     
  28.4            1.08407e-17     
  28.5            9.72848e-18     
  28.6            8.61614e-18     
  28.7            7.50394e-18     
  28.8            6.631e-18       
  28.9            6.00338e-18     
  29              5.37564e-18     
  29.1            4.7479e-18      
  29.2            4.12028e-18     
  29.3            3.62434e-18     
  29.4            3.2744e-18      
  29.5            2.92432e-18     
  29.6            2.57426e-18     
  29.7            2.22418e-18     
  29.8            1.94971e-18     
  29.9            1.75791e-18     
  30              1.5661e-18      
  30.1            1.37429e-18     
  30.2            1.18249e-18     
  30.3            1.03145e-18     
  30.4            9.27908e-19     
  30.5            8.24364e-19     
  30.6            7.2082e-19      
  30.7            6.17274e-19     
  30.8            5.3721e-19      
  30.9            4.81806e-19     
  31              4.26402e-19     
  31.1            3.70986e-19     
  31.2            3.15582e-19     
  31.3            2.73324e-19     
  31.4            2.44588e-19     
  31.5            2.1584e-19      
  31.6            1.87105e-19     
  31.7            1.5837e-19      
  31.8            1.33473e-19     
  31.9            1.19217e-19     
  32              1.04948e-19     
  32.1            9.06838e-20     
  32.2            7.642e-20       
  32.3            6.55672e-20     
  32.4            5.83366e-20     
  32.5            5.1105e-20      
  32.6            4.38732e-20     
  32.7            3.66426e-20     
  32.8            3.0813e-20      
  32.9            2.73252e-20     
  33              2.38386e-20     
  33.1            2.0351e-20      
  33.2            1.68645e-20     
  33.3            1.42839e-20     
  33.4            1.26138e-20     
  33.5            1.09436e-20     
  33.6            9.27318e-21     
  33.7            7.60278e-21     
  33.8            6.2794e-21      
  33.9            5.5273e-21      
  34              4.77518e-21     
  34.1            4.02308e-21     
  34.2            3.27098e-21     
  34.3            2.72354e-21     
  34.4            2.3808e-21      
  34.5            2.03818e-21     
  34.6            1.69543e-21     
  34.7            1.3528e-21      
  34.8            1.05724e-21     
  34.9            9.20798e-22     
  35              7.8436e-22      
  35.1            6.47936e-22     
  35.2            5.11498e-22     
  35.3            3.87616e-22     
  35.4            3.36074e-22     
  35.5            2.84544e-22     
  35.6            2.33002e-22     
  35.7            1.81472e-22     
  35.8            1.44977e-22     
  35.9            1.2354e-22      
  36              1.02098e-22     
  36.1            8.06576e-23     
  36.2            5.92166e-23     
  36.3            4.37044e-23     
  36.4            3.68234e-23     
  36.5            2.99436e-23     
  36.6            2.30628e-23     
  36.7            1.61819e-23     
  36.8            6.55494e-24     
  36.9            5.51122e-24     
  37              4.46752e-24     
  37.1            3.4238e-24      
  37.2            2.3801e-24      
  37.3            0.00            
//
#-------------------------------------------------------------------------------
#
#name:   JENDL-5: U-235(N,F) E_in=60. MeV
#X.axis: Energy
#Y.axis: 
#wdata:  2
#ldata:  549
#data...
# X               Y              
# MeV             1/eV           
  0.00            0.00            
  1.00e-8         1.09767e-10     
  2.00e-8         1.55234e-10     
  3.00e-8         1.90122e-10     
  4.00e-8         2.19534e-10     
  5.00e-8         2.45446e-10     
  6.00e-8         2.68874e-10     
  7.00e-8         2.90416e-10     
  8.00e-8         3.10468e-10     
  1.00e-7         3.47114e-10     
  1.50e-7         4.25126e-10     
  2.00e-7         4.90894e-10     
  2.50e-7         5.48836e-10     
  3.00e-7         6.01218e-10     
  3.50e-7         6.4939e-10      
  4.00e-7         6.94228e-10     
  4.50e-7         7.3634e-10      
  5.00e-7         7.7617e-10      
  5.50e-7         8.14054e-10     
  6.00e-7         8.50252e-10     
  6.50e-7         8.8497e-10      
  7.00e-7         9.18376e-10     
  7.50e-7         9.5061e-10      
  8.00e-7         9.81786e-10     
  8.50e-7         1.012e-9        
  9.00e-7         1.04134e-9      
  9.50e-7         1.06988e-9      
  1.00e-6         1.09767e-9      
  1.50e-6         1.34437e-9      
  2.00e-6         1.55234e-9      
  2.50e-6         1.73557e-9      
  3.00e-6         1.90122e-9      
  3.50e-6         2.05355e-9      
  4.00e-6         2.19533e-9      
  4.50e-6         2.3285e-9       
  5.00e-6         2.45446e-9      
  5.50e-6         2.57425e-9      
  6.00e-6         2.68872e-9      
  6.50e-6         2.79851e-9      
  7.00e-6         2.90415e-9      
  7.50e-6         3.00608e-9      
  8.00e-6         3.10466e-9      
  8.50e-6         3.20021e-9      
  9.00e-6         3.29299e-9      
  9.50e-6         3.38322e-9      
  1.00e-5         3.47111e-9      
  1.50e-5         4.2512e-9       
  2.00e-5         4.90884e-9      
  2.50e-5         5.48822e-9      
  3.00e-5         6.01202e-9      
  3.50e-5         6.49369e-9      
  4.00e-5         6.94201e-9      
  4.50e-5         7.36307e-9      
  5.00e-5         7.76132e-9      
  5.50e-5         8.1401e-9       
  6.00e-5         8.50202e-9      
  6.50e-5         8.84914e-9      
  7.00e-5         9.18314e-9      
  7.50e-5         9.5054e-9       
  8.00e-5         9.81709e-9      
  8.50e-5         1.01192e-8      
  9.00e-5         1.04125e-8      
  9.50e-5         1.06978e-8      
  1.00e-4         1.09756e-8      
  1.50e-4         1.34417e-8      
  2.00e-4         1.55203e-8      
  2.50e-4         1.73514e-8      
  3.00e-4         1.90065e-8      
  3.50e-4         2.05284e-8      
  4.00e-4         2.19447e-8      
  4.50e-4         2.32747e-8      
  5.00e-4         2.45324e-8      
  5.50e-4         2.57285e-8      
  6.00e-4         2.68712e-8      
  6.50e-4         2.79671e-8      
  7.00e-4         2.90213e-8      
  7.50e-4         3.00384e-8      
  8.00e-4         3.1022e-8       
  8.50e-4         3.19752e-8      
  9.00e-4         3.29005e-8      
  9.50e-4         3.38004e-8      
  1.00e-3         3.46767e-8      
  1.50e-3         4.24489e-8      
  2.00e-3         4.89913e-8      
  2.50e-3         5.47466e-8      
  3.00e-3         5.99419e-8      
  3.50e-3         6.47123e-8      
  4.00e-3         6.91457e-8      
  4.50e-3         7.33034e-8      
  5.00e-3         7.723e-8        
  5.50e-3         8.0959e-8       
  6.00e-3         8.45167e-8      
  6.50e-3         8.79238e-8      
  7.00e-3         9.11972e-8      
  7.50e-3         9.43509e-8      
  8.00e-3         9.73965e-8      
  8.50e-3         1.00344e-7      
  9.00e-3         1.03201e-7      
  9.50e-3         1.05976e-7      
  0.01            1.08675e-7      
  0.015           1.32435e-7      
  0.02            1.5216e-7       
  0.025           1.69272e-7      
  0.03            1.84503e-7      
  0.035           1.98292e-7      
  0.04            2.10926e-7      
  0.045           2.22605e-7      
  0.05            2.33476e-7      
  0.055           2.43651e-7      
  0.06            2.53216e-7      
  0.065           2.62241e-7      
  0.07            2.70783e-7      
  0.075           2.78889e-7      
  0.08            2.86598e-7      
  0.085           2.93946e-7      
  0.09            3.00959e-7      
  0.095           3.07664e-7      
  0.1             3.14082e-7      
  0.15            3.6591e-7       
  0.2             4.0191e-7       
  0.25            4.27434e-7      
  0.3             4.45394e-7      
  0.35            4.57618e-7      
  0.4             4.65355e-7      
  0.45            4.69512e-7      
  0.5             4.70772e-7      
  0.6             4.66118e-7      
  0.7             4.61477e-7      
  0.8             4.45597e-7      
  0.9             4.26947e-7      
  1               4.05622e-7      
  1.1             3.84298e-7      
  1.2             3.62961e-7      
  1.3             3.41325e-7      
  1.4             3.20564e-7      
  1.5             2.99779e-7      
  1.6             2.80686e-7      
  1.7             2.6158e-7       
  1.8             2.44441e-7      
  1.9             2.27362e-7      
  2               2.12154e-7      
  2.1             1.96934e-7      
  2.2             1.8337e-7       
  2.3             1.70033e-7      
  2.4             1.58435e-7      
  2.5             1.46789e-7      
  2.6             1.36511e-7      
  2.7             1.2622e-7       
  2.8             1.17334e-7      
  2.9             1.0867e-7       
  3               1.01028e-7      
  3.1             9.33819e-8      
  3.2             8.6614e-8       
  3.3             8.00187e-8      
  3.4             7.43973e-8      
  3.5             6.87735e-8      
  3.6             6.38022e-8      
  3.7             5.88297e-8      
  3.8             5.45707e-8      
  3.9             5.04558e-8      
  4               4.68301e-8      
  4.1             4.3196e-8       
  4.2             3.99794e-8      
  4.3             3.68802e-8      
  4.4             3.42512e-8      
  4.5             3.16199e-8      
  4.6             2.92895e-8      
  4.7             2.69567e-8      
  4.8             2.49718e-8      
  4.9             2.30708e-8      
  5               2.13905e-8      
  5.1             1.9709e-8       
  5.2             1.82134e-8      
  5.3             1.67826e-8      
  5.4             1.55772e-8      
  5.5             1.43695e-8      
  5.6             1.32973e-8      
  5.7             1.22238e-8      
  5.8             1.13131e-8      
  5.9             1.04502e-8      
  6               9.68457e-9      
  6.1             8.91722e-9      
  6.2             8.23179e-9      
  6.3             7.58066e-9      
  6.4             7.03615e-9      
  6.5             6.49008e-9      
  6.6             6.00266e-9      
  6.7             5.51344e-9      
  6.8             5.10099e-9      
  6.9             4.71419e-9      
  7               4.36878e-9      
  7.1             4.02228e-9      
  7.2             3.71069e-9      
  7.3             3.41721e-9      
  7.4             3.17314e-9      
  7.5             2.92823e-9      
  7.6             2.70803e-9      
  7.7             2.48663e-9      
  7.8             2.30061e-9      
  7.9             2.12778e-9      
  8               1.97258e-9      
  8.1             1.81655e-9      
  8.2             1.67526e-9      
  8.3             1.54369e-9      
  8.4             1.43467e-9      
  8.5             1.32505e-9      
  8.6             1.22562e-9      
  8.7             1.12579e-9      
  8.8             1.04181e-9      
  8.9             9.6487e-10      
  9               8.95008e-10     
  9.1             8.24822e-10     
  9.2             7.60488e-10     
  9.3             7.013e-10       
  9.4             6.52306e-10     
  9.5             6.03108e-10     
  9.6             5.57916e-10     
  9.7             5.12568e-10     
  9.8             4.74394e-10     
  9.9             4.3996e-10      
  10              4.08284e-10     
  10.1            3.7649e-10      
  10.2            3.46986e-10     
  10.3            3.20144e-10     
  10.4            2.9798e-10      
  10.5            2.75756e-10     
  10.6            2.55078e-10     
  10.7            2.34342e-10     
  10.8            2.1688e-10      
  10.9            2.01348e-10     
  11              1.86884e-10     
  11.1            1.72396e-10     
  11.2            1.58783e-10     
  11.3            1.46561e-10     
  11.4            1.36463e-10     
  11.5            1.26364e-10     
  11.6            1.16846e-10     
  11.7            1.07321e-10     
  11.8            9.92888e-11     
  11.9            9.22484e-11     
  12              8.56196e-11     
  12.1            7.89848e-11     
  12.2            7.26834e-11     
  12.3            6.70872e-11     
  12.4            6.24768e-11     
  12.5            5.78594e-11     
  12.6            5.34756e-11     
  12.7            4.908e-11       
  12.8            4.53848e-11     
  12.9            4.21862e-11     
  13              3.91446e-11     
  13.1            3.60994e-11     
  13.2            3.3185e-11      
  13.3            3.06208e-11     
  13.4            2.8517e-11      
  13.5            2.64086e-11     
  13.6            2.43912e-11     
  13.7            2.23704e-11     
  13.8            2.06708e-11     
  13.9            1.92185e-11     
  14              1.7826e-11      
  14.1            1.64324e-11     
  14.2            1.50867e-11     
  14.3            1.39149e-11     
  14.4            1.29567e-11     
  14.5            1.1996e-11      
  14.6            1.10708e-11     
  14.7            1.01442e-11     
  14.8            9.36614e-12     
  14.9            8.70864e-12     
  15              8.07334e-12     
  15.1            7.43732e-12     
  15.2            6.8199e-12      
  15.3            6.28618e-12     
  15.4            5.85178e-12     
  15.5            5.41714e-12     
  15.6            4.99448e-12     
  15.7            4.57158e-12     
  15.8            4.21706e-12     
  15.9            3.92046e-12     
  16              3.63224e-12     
  16.1            3.34356e-12     
  16.2            3.06184e-12     
  16.3            2.82016e-12     
  16.4            2.6243e-12      
  16.5            2.42822e-12     
  16.6            2.23656e-12     
  16.7            2.04478e-12     
  16.8            1.88431e-12     
  16.9            1.75154e-12     
  17              1.62165e-12     
  17.1            1.49152e-12     
  17.2            1.36391e-12     
  17.3            1.25525e-12     
  17.4            1.16749e-12     
  17.5            1.07969e-12     
  17.6            9.93402e-13     
  17.7            9.07074e-13     
  17.8            8.34992e-13     
  17.9            7.75876e-13     
  18              7.17766e-13     
  18.1            6.59586e-13     
  18.2            6.0222e-13      
  18.3            5.53718e-13     
  18.4            5.14728e-13     
  18.5            4.75724e-13     
  18.6            4.3719e-13      
  18.7            3.98654e-13     
  18.8            3.66546e-13     
  18.9            3.4045e-13      
  19              3.14674e-13     
  19.1            2.88876e-13     
  19.2            2.6333e-13      
  19.3            2.41874e-13     
  19.4            2.24688e-13     
  19.5            2.07488e-13     
  19.6            1.90458e-13     
  19.7            1.73403e-13     
  19.8            1.59239e-13     
  19.9            1.47821e-13     
  20              1.36499e-13     
  20.1            1.25153e-13     
  20.2            1.13907e-13     
  20.3            1.04501e-13     
  20.4            9.70028e-14     
  20.5            8.94996e-14     
  20.6            8.20444e-14     
  20.7            7.45832e-14     
  20.8            6.8398e-14      
  20.9            6.3446e-14      
  21              5.8525e-14      
  21.1            5.36004e-14     
  21.2            4.86998e-14     
  21.3            4.4622e-14      
  21.4            4.13862e-14     
  21.5            3.81478e-14     
  21.6            3.49228e-14     
  21.7            3.16954e-14     
  21.8            2.90268e-14     
  21.9            2.69052e-14     
  22              2.47918e-14     
  22.1            2.26762e-14     
  22.2            2.05678e-14     
  22.3            1.88191e-14     
  22.4            1.74387e-14     
  22.5            1.6057e-14      
  22.6            1.46789e-14     
  22.7            1.32997e-14     
  22.8            1.21615e-14     
  22.9            1.12624e-14     
  23              1.03656e-14     
  23.1            9.46784e-15     
  23.2            8.5718e-15      
  23.3            7.83204e-15     
  23.4            7.25022e-15     
  23.5            6.66818e-15     
  23.6            6.08686e-15     
  23.7            5.5054e-15      
  23.8            5.02638e-15     
  23.9            4.65038e-15     
  24              4.27474e-15     
  24.1            3.89898e-15     
  24.2            3.52334e-15     
  24.3            3.21404e-15     
  24.4            2.972e-15       
  24.5            2.7301e-15      
  24.6            2.48806e-15     
  24.7            2.24616e-15     
  24.8            2.0473e-15      
  24.9            1.89199e-15     
  25              1.73679e-15     
  25.1            1.58159e-15     
  25.2            1.42652e-15     
  25.3            1.29902e-15     
  25.4            1.19984e-15     
  25.5            1.10066e-15     
  25.6            1.00146e-15     
  25.7            9.02276e-16     
  25.8            8.20804e-16     
  25.9            7.5767e-16      
  26              6.94536e-16     
  26.1            6.314e-16       
  26.2            5.68266e-16     
  26.3            5.1643e-16      
  26.4            4.76408e-16     
  26.5            4.36386e-16     
  26.6            3.96362e-16     
  26.7            3.56328e-16     
  26.8            3.23634e-16     
  26.9            2.9834e-16      
  27              2.73058e-16     
  27.1            2.47762e-16     
  27.2            2.2248e-16      
  27.3            2.0184e-16      
  27.4            1.85936e-16     
  27.5            1.70033e-16     
  27.6            1.54117e-16     
  27.7            1.38214e-16     
  27.8            1.25237e-16     
  27.9            1.15282e-16     
  28              1.05328e-16     
  28.1            9.53728e-17     
  28.2            8.5417e-17      
  28.3            7.7307e-17      
  28.4            7.11062e-17     
  28.5            6.49068e-17     
  28.6            5.8706e-17      
  28.7            5.25066e-17     
  28.8            4.74646e-17     
  28.9            4.36206e-17     
  29              3.97766e-17     
  29.1            3.59326e-17     
  29.2            3.209e-17       
  29.3            2.89764e-17     
  29.4            2.66052e-17     
  29.5            2.42354e-17     
  29.6            2.18654e-17     
  29.7            1.94943e-17     
  29.8            1.75802e-17     
  29.9            1.61254e-17     
  30              1.46717e-17     
  30.1            1.32181e-17     
  30.2            1.17635e-17     
  30.3            1.05913e-17     
  30.4            9.70484e-18     
  30.5            8.8185e-18      
  30.6            7.93206e-18     
  30.7            7.04574e-18     
  30.8            6.33164e-18     
  30.9            5.79552e-18     
  31              5.25942e-18     
  31.1            4.72318e-18     
  31.2            4.18708e-18     
  31.3            3.75566e-18     
  31.4            3.43352e-18     
  31.5            3.11148e-18     
  31.6            2.78946e-18     
  31.7            2.46744e-18     
  31.8            2.20874e-18     
  31.9            2.0166e-18      
  32              1.82458e-18     
  32.1            1.63256e-18     
  32.2            1.44055e-18     
  32.3            1.28691e-18     
  32.4            1.17338e-18     
  32.5            1.05982e-18     
  32.6            9.46256e-19     
  32.7            8.3269e-19      
  32.8            7.42198e-19     
  32.9            6.75706e-19     
  33              6.092e-19       
  33.1            5.42708e-19     
  33.2            4.76216e-19     
  33.3            4.22342e-19     
  33.4            3.83938e-19     
  33.5            3.45546e-19     
  33.6            3.07154e-19     
  33.7            2.68764e-19     
  33.8            2.38384e-19     
  33.9            2.16304e-19     
  34              1.94224e-19     
  34.1            1.72144e-19     
  34.2            1.50064e-19     
  34.3            1.32649e-19     
  34.4            1.20128e-19     
  34.5            1.07597e-19     
  34.6            9.50706e-20     
  34.7            8.25456e-20     
  34.8            7.23236e-20     
  34.9            6.53732e-20     
  35              5.84242e-20     
  35.1            5.14752e-20     
  35.2            4.45248e-20     
  35.3            3.9105e-20      
  35.4            3.52598e-20     
  35.5            3.1416e-20      
  35.6            2.75708e-20     
  35.7            2.37256e-20     
  35.8            2.07368e-20     
  35.9            1.86464e-20     
  36              1.65571e-20     
  36.1            1.44666e-20     
  36.2            1.23774e-20     
  36.3            1.07678e-20     
  36.4            9.65422e-21     
  36.5            8.54062e-21     
  36.6            7.42702e-21     
  36.7            6.31342e-21     
  36.8            5.46258e-21     
  36.9            4.88018e-21     
  37              4.2979e-21      
  37.1            3.7156e-21      
  37.2            3.13332e-21     
  37.3            2.69412e-21     
  37.4            2.3987e-21      
  37.5            2.10342e-21     
  37.6            1.80803e-21     
  37.7            1.51275e-21     
  37.8            1.2634e-21      
  37.9            1.12082e-21     
  38              9.7822e-22      
  38.1            8.35616e-22     
  38.2            6.93012e-22     
  38.3            5.87048e-22     
  38.4            5.18062e-22     
  38.5            4.49074e-22     
  38.6            3.80088e-22     
  38.7            3.111e-22       
  38.8            2.5821e-22      
  38.9            2.27158e-22     
  39              1.96107e-22     
  39.1            1.65067e-22     
  39.2            1.34016e-22     
  39.3            1.03275e-22     
  39.4            9.03356e-23     
  39.5            7.73956e-23     
  39.6            6.44546e-23     
  39.7            5.15148e-23     
  39.8            4.2276e-23      
  39.9            3.67386e-23     
  40              3.12012e-23     
  40.1            2.56638e-23     
  40.2            2.01264e-23     
  40.3            1.49536e-23     
  40.4            1.28991e-23     
  40.5            1.0844e-23      
  40.6            8.78912e-24     
  40.7            6.73438e-24     
  40.8            5.30224e-24     
  40.9            4.4929e-24      
  41              3.68358e-24     
  41.1            2.87414e-24     
  41.2            2.0648e-24      
  41.3            1.39617e-24     
  41.4            1.17373e-24     
  41.5            9.51282e-25     
  41.6            7.28824e-25     
  41.7            5.0638e-25      
  41.8            1.28319e-25     
  41.9            1.08115e-25     
  42              8.79056e-26     
  42.1            6.76976e-26     
  42.2            4.74884e-26     
  42.3            2.36896e-27     
  42.4            1.84257e-27     
  42.5            1.31605e-27     
  42.6            7.89656e-28     
  42.7            2.63222e-28     
  42.8            0.00            
//
#-------------------------------------------------------------------------------
#
#name:   JENDL-5: U-235(N,F) E_in=80. MeV
#X.axis: Energy
#Y.axis: 
#wdata:  2
#ldata:  619
#data...
# X               Y              
# MeV             1/eV           
  0.00            0.00            
  1.00e-8         1.02754e-10     
  2.00e-8         1.45316e-10     
  3.00e-8         1.77975e-10     
  4.00e-8         2.05508e-10     
  5.00e-8         2.29764e-10     
  6.00e-8         2.51694e-10     
  7.00e-8         2.71862e-10     
  8.00e-8         2.90632e-10     
  1.00e-7         3.24936e-10     
  1.50e-7         3.97964e-10     
  2.00e-7         4.5953e-10      
  2.50e-7         5.1377e-10      
  3.00e-7         5.62806e-10     
  3.50e-7         6.079e-10       
  4.00e-7         6.49872e-10     
  4.50e-7         6.89294e-10     
  5.00e-7         7.2658e-10      
  5.50e-7         7.62044e-10     
  6.00e-7         7.95928e-10     
  6.50e-7         8.28428e-10     
  7.00e-7         8.597e-10       
  7.50e-7         8.89874e-10     
  8.00e-7         9.19058e-10     
  8.50e-7         9.47344e-10     
  9.00e-7         9.74808e-10     
  9.50e-7         1.00152e-9      
  1.00e-6         1.02754e-9      
  1.50e-6         1.25847e-9      
  2.00e-6         1.45316e-9      
  2.50e-6         1.62468e-9      
  3.00e-6         1.77975e-9      
  3.50e-6         1.92235e-9      
  4.00e-6         2.05507e-9      
  4.50e-6         2.17973e-9      
  5.00e-6         2.29764e-9      
  5.50e-6         2.40978e-9      
  6.00e-6         2.51693e-9      
  6.50e-6         2.61971e-9      
  7.00e-6         2.7186e-9       
  7.50e-6         2.81401e-9      
  8.00e-6         2.9063e-9       
  8.50e-6         2.99574e-9      
  9.00e-6         3.08259e-9      
  9.50e-6         3.16706e-9      
  1.00e-5         3.24934e-9      
  1.50e-5         3.97959e-9      
  2.00e-5         4.59521e-9      
  2.50e-5         5.13757e-9      
  3.00e-5         5.6279e-9       
  3.50e-5         6.0788e-9       
  4.00e-5         6.49847e-9      
  4.50e-5         6.89264e-9      
  5.00e-5         7.26544e-9      
  5.50e-5         7.62002e-9      
  6.00e-5         7.95881e-9      
  6.50e-5         8.28376e-9      
  7.00e-5         8.59642e-9      
  7.50e-5         8.89809e-9      
  8.00e-5         9.18986e-9      
  8.50e-5         9.47265e-9      
  9.00e-5         9.74723e-9      
  9.50e-5         1.00143e-8      
  1.00e-4         1.02744e-8      
  1.50e-4         1.25829e-8      
  2.00e-4         1.45287e-8      
  2.50e-4         1.62428e-8      
  3.00e-4         1.77922e-8      
  3.50e-4         1.92168e-8      
  4.00e-4         2.05426e-8      
  4.50e-4         2.17876e-8      
  5.00e-4         2.2965e-8       
  5.50e-4         2.40847e-8      
  6.00e-4         2.51544e-8      
  6.50e-4         2.61802e-8      
  7.00e-4         2.71671e-8      
  7.50e-4         2.81192e-8      
  8.00e-4         2.904e-8        
  8.50e-4         2.99322e-8      
  9.00e-4         3.07985e-8      
  9.50e-4         3.16408e-8      
  1.00e-3         3.24612e-8      
  1.50e-3         3.97368e-8      
  2.00e-3         4.58612e-8      
  2.50e-3         5.12487e-8      
  3.00e-3         5.61121e-8      
  3.50e-3         6.05777e-8      
  4.00e-3         6.47279e-8      
  4.50e-3         6.862e-8        
  5.00e-3         7.22957e-8      
  5.50e-3         7.57864e-8      
  6.00e-3         7.91168e-8      
  6.50e-3         8.23062e-8      
  7.00e-3         8.53705e-8      
  7.50e-3         8.83227e-8      
  8.00e-3         9.11737e-8      
  8.50e-3         9.39327e-8      
  9.00e-3         9.66076e-8      
  9.50e-3         9.92053e-8      
  0.01            1.01732e-7      
  0.015           1.23974e-7      
  0.02            1.42439e-7      
  0.025           1.58457e-7      
  0.03            1.72715e-7      
  0.035           1.85623e-7      
  0.04            1.9745e-7       
  0.045           2.08383e-7      
  0.05            2.18559e-7      
  0.055           2.28084e-7      
  0.06            2.37037e-7      
  0.065           2.45486e-7      
  0.07            2.53482e-7      
  0.075           2.6107e-7       
  0.08            2.68287e-7      
  0.085           2.75165e-7      
  0.09            2.8173e-7       
  0.095           2.88007e-7      
  0.1             2.94015e-7      
  0.15            3.42531e-7      
  0.2             3.76231e-7      
  0.25            4.00125e-7      
  0.3             4.16938e-7      
  0.35            4.28381e-7      
  0.4             4.35623e-7      
  0.45            4.39514e-7      
  0.5             4.40693e-7      
  0.6             4.39688e-7      
  0.7             4.38671e-7      
  0.8             4.26485e-7      
  0.9             4.0991e-7       
  1               3.91189e-7      
  1.1             3.72457e-7      
  1.2             3.537e-7        
  1.3             3.34391e-7      
  1.4             3.15487e-7      
  1.5             2.96583e-7      
  1.6             2.79002e-7      
  1.7             2.6141e-7       
  1.8             2.4546e-7       
  1.9             2.29707e-7      
  2               2.15363e-7      
  2.1             2.0102e-7       
  2.2             1.88e-7         
  2.3             1.75311e-7      
  2.4             1.64192e-7      
  2.5             1.5306e-7       
  2.6             1.43007e-7      
  2.7             1.32942e-7      
  2.8             1.24189e-7      
  2.9             1.15747e-7      
  3               1.0816e-7       
  3.1             1.00549e-7      
  3.2             9.368e-8        
  3.3             8.71015e-8      
  3.4             8.14413e-8      
  3.5             7.57713e-8      
  3.6             7.06492e-8      
  3.7             6.55211e-8      
  3.8             6.10978e-8      
  3.9             5.69051e-8      
  4               5.31144e-8      
  4.1             4.93201e-8      
  4.2             4.58715e-8      
  4.3             4.26043e-8      
  4.4             3.98177e-8      
  4.5             3.70299e-8      
  4.6             3.44922e-8      
  4.7             3.19532e-8      
  4.8             2.97723e-8      
  4.9             2.77311e-8      
  5               2.5875e-8       
  5.1             2.40164e-8      
  5.2             2.23148e-8      
  5.3             2.07186e-8      
  5.4             1.93664e-8      
  5.5             1.80117e-8      
  5.6             1.67723e-8      
  5.7             1.55304e-8      
  5.8             1.44675e-8      
  5.9             1.3483e-8       
  6               1.25832e-8      
  6.1             1.16815e-8      
  6.2             1.08487e-8      
  6.3             1.00756e-8      
  6.4             9.42329e-9      
  6.5             8.76924e-9      
  6.6             8.16583e-9      
  6.7             7.5607e-9       
  6.8             7.04421e-9      
  6.9             6.57197e-9      
  7               6.1359e-9       
  7.1             5.69848e-9      
  7.2             5.29171e-9      
  7.3             4.91754e-9      
  7.4             4.60321e-9      
  7.5             4.28765e-9      
  7.6             3.99379e-9      
  7.7             3.69931e-9      
  7.8             3.44799e-9      
  7.9             3.22119e-9      
  8               3.00935e-9      
  8.1             2.79689e-9      
  8.2             2.59718e-9      
  8.3             2.41562e-9      
  8.4             2.26323e-9      
  8.5             2.11023e-9      
  8.6             1.96631e-9      
  8.7             1.82213e-9      
  8.8             1.69893e-9      
  8.9             1.5892e-9       
  9               1.48561e-9      
  9.1             1.38165e-9      
  9.2             1.28296e-9      
  9.3             1.19414e-9      
  9.4             1.11966e-9      
  9.5             1.04503e-9      
  9.6             9.7397e-10      
  9.7             9.02792e-10     
  9.8             8.4196e-10      
  9.9             7.88398e-10     
  10              7.373e-10       
  10.1            6.86092e-10     
  10.2            6.3698e-10      
  10.3            5.93178e-10     
  10.4            5.56484e-10     
  10.5            5.1973e-10      
  10.6            4.84398e-10     
  10.7            4.4903e-10      
  10.8            4.18772e-10     
  10.9            3.92428e-10     
  11              3.67062e-10     
  11.1            3.41672e-10     
  11.2            3.17092e-10     
  11.3            2.95356e-10     
  11.4            2.77164e-10     
  11.5            2.58958e-10     
  11.6            2.41316e-10     
  11.7            2.23662e-10     
  11.8            2.08558e-10     
  11.9            1.95527e-10     
  12              1.82888e-10     
  12.1            1.70236e-10     
  12.2            1.57915e-10     
  12.3            1.4709e-10      
  12.4            1.38042e-10     
  12.5            1.29007e-10     
  12.6            1.20177e-10     
  12.7            1.11346e-10     
  12.8            1.03794e-10     
  12.9            9.73358e-11     
  13              9.10282e-11     
  13.1            8.47182e-11     
  13.2            7.85332e-11     
  13.3            7.31378e-11     
  13.4            6.86398e-11     
  13.5            6.41382e-11     
  13.6            5.97248e-11     
  13.7            5.53076e-11     
  13.8            5.15342e-11     
  13.9            4.83308e-11     
  14              4.51862e-11     
  14.1            4.20404e-11     
  14.2            3.89436e-11     
  14.3            3.62562e-11     
  14.4            3.40202e-11     
  14.5            3.1784e-11      
  14.6            2.9581e-11      
  14.7            2.7378e-11      
  14.8            2.54962e-11     
  14.9            2.39098e-11     
  15              2.23454e-11     
  15.1            2.0781e-11      
  15.2            1.92352e-11     
  15.3            1.79001e-11     
  15.4            1.67919e-11     
  15.5            1.56836e-11     
  15.6            1.45876e-11     
  15.7            1.34916e-11     
  15.8            1.25574e-11     
  15.9            1.17737e-11     
  16              1.09984e-11     
  16.1            1.02231e-11     
  16.2            9.45466e-12     
  16.3            8.79376e-12     
  16.4            8.2465e-12      
  16.5            7.6991e-12      
  16.6            7.15638e-12     
  16.7            6.61352e-12     
  16.8            6.15122e-12     
  16.9            5.76554e-12     
  17              5.38304e-12     
  17.1            5.00042e-12     
  17.2            4.62036e-12     
  17.3            4.29476e-12     
  17.4            4.02566e-12     
  17.5            3.75656e-12     
  17.6            3.48918e-12     
  17.7            3.22168e-12     
  17.8            2.99426e-12     
  17.9            2.80546e-12     
  18              2.61778e-12     
  18.1            2.42996e-12     
  18.2            2.24312e-12     
  18.3            2.0835e-12      
  18.4            1.95196e-12     
  18.5            1.82042e-12     
  18.6            1.68949e-12     
  18.7            1.55855e-12     
  18.8            1.44736e-12     
  18.9            1.35541e-12     
  19              1.26384e-12     
  19.1            1.17224e-12     
  19.2            1.08096e-12     
  19.3            1.00325e-12     
  19.4            9.39386e-13     
  19.5            8.75514e-13     
  19.6            8.11814e-13     
  19.7            7.48112e-13     
  19.8            6.9411e-13      
  19.9            6.49656e-13     
  20              6.05314e-13     
  20.1            5.60958e-13     
  20.2            5.16714e-13     
  20.3            4.79138e-13     
  20.4            4.48342e-13     
  20.5            4.17546e-13     
  20.6            3.868e-13       
  20.7            3.56054e-13     
  20.8            3.30038e-13     
  20.9            3.08694e-13     
  21              2.87388e-13     
  21.1            2.6608e-13      
  21.2            2.44798e-13     
  21.3            2.26788e-13     
  21.4            2.12052e-13     
  21.5            1.97329e-13     
  21.6            1.82618e-13     
  21.7            1.67894e-13     
  21.8            1.55463e-13     
  21.9            1.453e-13       
  22              1.35161e-13     
  22.1            1.2501e-13      
  22.2            1.14864e-13     
  22.3            1.063e-13       
  22.4            9.93182e-14     
  22.5            9.2335e-14      
  22.6            8.5357e-14      
  22.7            7.83788e-14     
  22.8            7.24954e-14     
  22.9            6.7702e-14      
  23              6.29134e-14     
  23.1            5.81236e-14     
  23.2            5.33374e-14     
  23.3            4.93028e-14     
  23.4            4.60246e-14     
  23.5            4.27464e-14     
  23.6            3.94708e-14     
  23.7            3.61938e-14     
  23.8            3.34366e-14     
  23.9            3.11992e-14     
  24              2.8963e-14      
  24.1            2.67258e-14     
  24.2            2.44896e-14     
  24.3            2.2609e-14      
  24.4            2.10864e-14     
  24.5            1.95638e-14     
  24.6            1.80424e-14     
  24.7            1.65197e-14     
  24.8            1.52411e-14     
  24.9            1.42076e-14     
  25              1.31741e-14     
  25.1            1.21414e-14     
  25.2            1.11082e-14     
  25.3            1.02415e-14     
  25.4            9.54244e-15     
  25.5            8.8434e-15      
  25.6            8.14424e-15     
  25.7            7.4452e-15      
  25.8            6.85958e-15     
  25.9            6.38808e-15     
  26              5.91644e-15     
  26.1            5.44494e-15     
  26.2            4.97332e-15     
  26.3            4.57856e-15     
  26.4            4.26154e-15     
  26.5            3.94438e-15     
  26.6            3.62734e-15     
  26.7            3.31032e-15     
  26.8            3.04526e-15     
  26.9            2.8328e-15      
  27              2.62034e-15     
  27.1            2.4079e-15      
  27.2            2.19544e-15     
  27.3            2.01804e-15     
  27.4            1.8762e-15      
  27.5            1.73423e-15     
  27.6            1.59239e-15     
  27.7            1.45043e-15     
  27.8            1.33212e-15     
  27.9            1.23772e-15     
  28              1.14335e-15     
  28.1            1.04894e-15     
  28.2            9.54514e-16     
  28.3            8.75968e-16     
  28.4            8.1337e-16      
  28.5            7.50786e-16     
  28.6            6.882e-16       
  28.7            6.25616e-16     
  28.8            5.73624e-16     
  28.9            5.32296e-16     
  29              4.90956e-16     
  29.1            4.4963e-16      
  29.2            4.08304e-16     
  29.3            3.74026e-16     
  29.4            3.46846e-16     
  29.5            3.19666e-16     
  29.6            2.92488e-16     
  29.7            2.65308e-16     
  29.8            2.42788e-16     
  29.9            2.24998e-16     
  30              2.07198e-16     
  30.1            1.89398e-16     
  30.2            1.71609e-16     
  30.3            1.56885e-16     
  30.4            1.45288e-16     
  30.5            1.33678e-16     
  30.6            1.22079e-16     
  30.7            1.10478e-16     
  30.8            1.00906e-16     
  30.9            9.33746e-17     
  31              8.58448e-17     
  31.1            7.83138e-17     
  31.2            7.07828e-17     
  31.3            6.45722e-17     
  31.4            5.97088e-17     
  31.5            5.48442e-17     
  31.6            4.99808e-17     
  31.7            4.51174e-17     
  31.8            4.11136e-17     
  31.9            3.79874e-17     
  32              3.48612e-17     
  32.1            3.1735e-17      
  32.2            2.86088e-17     
  32.3            2.60428e-17     
  32.4            2.40434e-17     
  32.5            2.20438e-17     
  32.6            2.00442e-17     
  32.7            1.80448e-17     
  32.8            1.64057e-17     
  32.9            1.51332e-17     
  33              1.38619e-17     
  33.1            1.25893e-17     
  33.2            1.13173e-17     
  33.3            1.02774e-17     
  33.4            9.47244e-18     
  33.5            8.66748e-18     
  33.6            7.86252e-18     
  33.7            7.05756e-18     
  33.8            6.39996e-18     
  33.9            5.89352e-18     
  34              5.3872e-18      
  34.1            4.88088e-18     
  34.2            4.37444e-18     
  34.3            3.96204e-18     
  34.4            3.64524e-18     
  34.5            3.32846e-18     
  34.6            3.01168e-18     
  34.7            2.69488e-18     
  34.8            2.43768e-18     
  34.9            2.24066e-18     
  35              2.04366e-18     
  35.1            1.84665e-18     
  35.2            1.64977e-18     
  35.3            1.49015e-18     
  35.4            1.36841e-18     
  35.5            1.24667e-18     
  35.6            1.12496e-18     
  35.7            1.00325e-18     
  35.8            9.0468e-19      
  35.9            8.29982e-19     
  36              7.55284e-19     
  36.1            6.80588e-19     
  36.2            6.05878e-19     
  36.3            5.45634e-19     
  36.4            5.00078e-19     
  36.5            4.54522e-19     
  36.6            4.08966e-19     
  36.7            3.63422e-19     
  36.8            3.2668e-19      
  36.9            2.99108e-19     
  37              2.71536e-19     
  37.1            2.43964e-19     
  37.2            2.16392e-19     
  37.3            1.94179e-19     
  37.4            1.77616e-19     
  37.5            1.61041e-19     
  37.6            1.44479e-19     
  37.7            1.27904e-19     
  37.8            1.14635e-19     
  37.9            1.04739e-19     
  38              9.48434e-20     
  38.1            8.49474e-20     
  38.2            7.50516e-20     
  38.3            6.71466e-20     
  38.4            6.12866e-20     
  38.5            5.54266e-20     
  38.6            4.95664e-20     
  38.7            4.37064e-20     
  38.8            3.90282e-20     
  38.9            3.5582e-20      
  39              3.21358e-20     
  39.1            2.86898e-20     
  39.2            2.52436e-20     
  39.3            2.24962e-20     
  39.4            2.04856e-20     
  39.5            1.84763e-20     
  39.6            1.6467e-20      
  39.7            1.44564e-20     
  39.8            1.2859e-20      
  39.9            1.16973e-20     
  40              1.05352e-20     
  40.1            9.37314e-21     
  40.2            8.21118e-21     
  40.3            7.28964e-21     
  40.4            6.62394e-21     
  40.5            5.95826e-21     
  40.6            5.29256e-21     
  40.7            4.62686e-21     
  40.8            4.09884e-21     
  40.9            3.7199e-21      
  41              3.34096e-21     
  41.1            2.96202e-21     
  41.2            2.58308e-21     
  41.3            2.28272e-21     
  41.4            2.06952e-21     
  41.5            1.85634e-21     
  41.6            1.64315e-21     
  41.7            1.42995e-21     
  41.8            1.26151e-21     
  41.9            1.14234e-21     
  42              1.02312e-21     
  42.1            9.03908e-22     
  42.2            7.84684e-22     
  42.3            6.90578e-22     
  42.4            6.24452e-22     
  42.5            5.58324e-22     
  42.6            4.92196e-22     
  42.7            4.26068e-22     
  42.8            3.74198e-22     
  42.9            3.38056e-22     
  43              3.01928e-22     
  43.1            2.65798e-22     
  43.2            2.29658e-22     
  43.3            2.01276e-22     
  43.4            1.81637e-22     
  43.5            1.61997e-22     
  43.6            1.42345e-22     
  43.7            1.22706e-22     
  43.8            1.07308e-22     
  43.9            9.67044e-23     
  44              8.61024e-23     
  44.1            7.55002e-23     
  44.2            6.48982e-23     
  44.3            5.64846e-23     
  44.4            5.08806e-23     
  44.5            4.52768e-23     
  44.6            3.9673e-23      
  44.7            3.4068e-23      
  44.8            2.96594e-23     
  44.9            2.66902e-23     
  45              2.37196e-23     
  45.1            2.07504e-23     
  45.2            1.77812e-23     
  45.3            1.54887e-23     
  45.4            1.39268e-23     
  45.5            1.23662e-23     
  45.6            1.08041e-23     
  45.7            9.24246e-24     
  45.8            7.9335e-24      
  45.9            7.13284e-24     
  46              6.33216e-24     
  46.1            5.53162e-24     
  46.2            4.73094e-24     
  46.3            4.10804e-24     
  46.4            3.69146e-24     
  46.5            3.27488e-24     
  46.6            2.8583e-24      
  46.7            2.4416e-24      
  46.8            2.11084e-24     
  46.9            1.89496e-24     
  47              1.67919e-24     
  47.1            1.4633e-24      
  47.2            1.24741e-24     
  47.3            1.0804e-24      
  47.4            9.69716e-25     
  47.5            8.59024e-25     
  47.6            7.48346e-25     
  47.7            6.37666e-25     
  47.8            5.49718e-25     
  47.9            4.9287e-25      
  48              4.36022e-25     
  48.1            3.79174e-25     
  48.2            3.2234e-25      
  48.3            2.78806e-25     
  48.4            2.4958e-25      
  48.5            2.20352e-25     
  48.6            1.91126e-25     
  48.7            1.61899e-25     
  48.8            1.39538e-25     
  48.9            1.24667e-25     
  49              1.09809e-25     
  49.1            9.49452e-26     
  49.2            8.0083e-26      
  49.3            6.8896e-26      
  49.4            6.13858e-26     
  49.5            5.38744e-26     
  49.6            4.63642e-26     
  49.7            3.88528e-26     
  49.8            0.00            
//
#-------------------------------------------------------------------------------
#
#name:   JENDL-5: U-235(N,F) E_in=100. MeV
#X.axis: Energy
#Y.axis: 
#wdata:  2
#ldata:  621
#data...
# X               Y              
# MeV             1/eV           
  0.00            0.00            
  1.00e-8         8.35198e-11     
  2.00e-8         1.18115e-10     
  3.00e-8         1.44661e-10     
  4.00e-8         1.6704e-10      
  5.00e-8         1.86756e-10     
  6.00e-8         2.0458e-10      
  7.00e-8         2.20972e-10     
  8.00e-8         2.3623e-10      
  1.00e-7         2.64112e-10     
  1.50e-7         3.2347e-10      
  2.00e-7         3.73512e-10     
  2.50e-7         4.17598e-10     
  3.00e-7         4.57456e-10     
  3.50e-7         4.9411e-10      
  4.00e-7         5.28224e-10     
  4.50e-7         5.60266e-10     
  5.00e-7         5.90574e-10     
  5.50e-7         6.19398e-10     
  6.00e-7         6.4694e-10      
  6.50e-7         6.73358e-10     
  7.00e-7         6.98776e-10     
  7.50e-7         7.23302e-10     
  8.00e-7         7.47022e-10     
  8.50e-7         7.70014e-10     
  9.00e-7         7.92338e-10     
  9.50e-7         8.14048e-10     
  1.00e-6         8.35196e-10     
  1.50e-6         1.0229e-9       
  2.00e-6         1.18115e-9      
  2.50e-6         1.32056e-9      
  3.00e-6         1.4466e-9       
  3.50e-6         1.56251e-9      
  4.00e-6         1.67039e-9      
  4.50e-6         1.77172e-9      
  5.00e-6         1.86755e-9      
  5.50e-6         1.9587e-9       
  6.00e-6         2.0458e-9       
  6.50e-6         2.12933e-9      
  7.00e-6         2.20971e-9      
  7.50e-6         2.28727e-9      
  8.00e-6         2.36228e-9      
  8.50e-6         2.43498e-9      
  9.00e-6         2.50558e-9      
  9.50e-6         2.57423e-9      
  1.00e-5         2.64111e-9      
  1.50e-5         3.23467e-9      
  2.00e-5         3.73506e-9      
  2.50e-5         4.17591e-9      
  3.00e-5         4.57447e-9      
  3.50e-5         4.94097e-9      
  4.00e-5         5.2821e-9       
  4.50e-5         5.6025e-9       
  5.00e-5         5.90553e-9      
  5.50e-5         6.19375e-9      
  6.00e-5         6.46914e-9      
  6.50e-5         6.73327e-9      
  7.00e-5         6.98742e-9      
  7.50e-5         7.23264e-9      
  8.00e-5         7.46981e-9      
  8.50e-5         7.69968e-9      
  9.00e-5         7.92287e-9      
  9.50e-5         8.13995e-9      
  1.00e-4         8.35138e-9      
  1.50e-4         1.02279e-8      
  2.00e-4         1.18098e-8      
  2.50e-4         1.32033e-8      
  3.00e-4         1.4463e-8       
  3.50e-4         1.56212e-8      
  4.00e-4         1.66992e-8      
  4.50e-4         1.77115e-8      
  5.00e-4         1.86689e-8      
  5.50e-4         1.95794e-8      
  6.00e-4         2.04493e-8      
  6.50e-4         2.12836e-8      
  7.00e-4         2.20862e-8      
  7.50e-4         2.28606e-8      
  8.00e-4         2.36095e-8      
  8.50e-4         2.43352e-8      
  9.00e-4         2.50398e-8      
  9.50e-4         2.57251e-8      
  1.00e-3         2.63924e-8      
  1.50e-3         3.23124e-8      
  2.00e-3         3.72979e-8      
  2.50e-3         4.16854e-8      
  3.00e-3         4.56477e-8      
  3.50e-3         4.92876e-8      
  4.00e-3         5.26718e-8      
  4.50e-3         5.5847e-8       
  5.00e-3         5.88468e-8      
  5.50e-3         6.16971e-8      
  6.00e-3         6.44175e-8      
  6.50e-3         6.70239e-8      
  7.00e-3         6.95291e-8      
  7.50e-3         7.19438e-8      
  8.00e-3         7.42767e-8      
  8.50e-3         7.65353e-8      
  9.00e-3         7.87261e-8      
  9.50e-3         8.08545e-8      
  0.01            8.29253e-8      
  0.015           1.012e-7        
  0.02            1.16439e-7      
  0.025           1.29719e-7      
  0.03            1.41594e-7      
  0.035           1.52393e-7      
  0.04            1.62334e-7      
  0.045           1.71568e-7      
  0.05            1.80204e-7      
  0.055           1.88326e-7      
  0.06            1.95998e-7      
  0.065           2.03274e-7      
  0.07            2.10196e-7      
  0.075           2.16797e-7      
  0.08            2.23109e-7      
  0.085           2.29156e-7      
  0.09            2.34959e-7      
  0.095           2.40537e-7      
  0.1             2.45906e-7      
  0.15            2.90605e-7      
  0.2             3.23789e-7      
  0.25            3.49307e-7      
  0.3             3.69221e-7      
  0.35            3.84813e-7      
  0.4             3.96949e-7      
  0.45            4.06257e-7      
  0.5             4.13208e-7      
  0.55            4.18172e-7      
  0.6             4.21443e-7      
  0.65            4.23262e-7      
  0.7             4.23829e-7      
  0.8             4.14508e-7      
  0.9             3.99621e-7      
  1               3.82862e-7      
  1.1             3.66032e-7      
  1.2             3.49214e-7      
  1.3             3.31645e-7      
  1.4             3.14088e-7      
  1.5             2.96507e-7      
  1.6             2.80046e-7      
  1.7             2.63549e-7      
  1.8             2.48471e-7      
  1.9             2.33572e-7      
  2               2.19865e-7      
  2.1             2.06146e-7      
  2.2             1.93547e-7      
  2.3             1.8133e-7       
  2.4             1.70554e-7      
  2.5             1.59755e-7      
  2.6             1.49874e-7      
  2.7             1.39969e-7      
  2.8             1.31292e-7      
  2.9             1.2302e-7       
  3               1.15449e-7      
  3.1             1.07869e-7      
  3.2             1.00904e-7      
  3.3             9.42883e-8      
  3.4             8.85694e-8      
  3.5             8.28445e-8      
  3.6             7.75785e-8      
  3.7             7.23113e-8      
  3.8             6.77319e-8      
  3.9             6.34409e-8      
  4               5.94944e-8      
  4.1             5.55455e-8      
  4.2             5.18898e-8      
  4.3             4.84642e-8      
  4.4             4.55249e-8      
  4.5             4.25832e-8      
  4.6             3.9856e-8       
  4.7             3.71253e-8      
  4.8             3.47629e-8      
  4.9             3.25804e-8      
  5               3.05553e-8      
  5.1             2.8529e-8       
  5.2             2.66386e-8      
  5.3             2.48853e-8      
  5.4             2.33882e-8      
  5.5             2.18888e-8      
  5.6             2.04894e-8      
  5.7             1.90865e-8      
  5.8             1.78755e-8      
  5.9             1.67706e-8      
  6               1.5736e-8       
  6.1             1.47014e-8      
  6.2             1.37264e-8      
  6.3             1.28312e-8      
  6.4             1.20696e-8      
  6.5             1.13064e-8      
  6.6             1.05872e-8      
  6.7             9.86651e-9      
  6.8             9.24491e-9      
  6.9             8.68387e-9      
  7               8.15429e-9      
  7.1             7.62375e-9      
  7.2             7.11968e-9      
  7.3             6.66139e-9      
  7.4             6.27198e-9      
  7.5             5.88186e-9      
  7.6             5.51057e-9      
  7.7             5.13868e-9      
  7.8             4.81769e-9      
  7.9             4.53115e-9      
  8               4.25796e-9      
  8.1             3.98429e-9      
  8.2             3.72183e-9      
  8.3             3.48523e-9      
  8.4             3.2845e-9       
  8.5             3.08342e-9      
  8.6             2.89021e-9      
  8.7             2.69664e-9      
  8.8             2.52953e-9      
  8.9             2.38173e-9      
  9               2.23953e-9      
  9.1             2.09722e-9      
  9.2             1.95943e-9      
  9.3             1.8363e-9       
  9.4             1.73177e-9      
  9.5             1.62711e-9      
  9.6             1.52568e-9      
  9.7             1.42413e-9      
  9.8             1.33628e-9      
  9.9             1.2594e-9       
  10              1.18481e-9      
  10.1            1.11009e-9      
  10.2            1.03726e-9      
  10.3            9.72586e-10     
  10.4            9.17708e-10     
  10.5            8.62784e-10     
  10.6            8.09146e-10     
  10.7            7.55498e-10     
  10.8            7.09036e-10     
  10.9            6.68688e-10     
  11              6.29236e-10     
  11.1            5.89758e-10     
  11.2            5.51032e-10     
  11.3            5.16848e-10     
  11.4            4.87836e-10     
  11.5            4.58812e-10     
  11.6            4.30324e-10     
  11.7            4.01826e-10     
  11.8            3.77128e-10     
  11.9            3.55816e-10     
  12              3.34874e-10     
  12.1            3.1392e-10      
  12.2            2.93264e-10     
  12.3            2.7511e-10      
  12.4            2.59722e-10     
  12.5            2.44334e-10     
  12.6            2.2915e-10      
  12.7            2.13964e-10     
  12.8            2.00806e-10     
  12.9            1.89506e-10     
  13              1.78362e-10     
  13.1            1.67205e-10     
  13.2            1.56168e-10     
  13.3            1.46501e-10     
  13.4            1.38324e-10     
  13.5            1.30136e-10     
  13.6            1.22031e-10     
  13.7            1.13928e-10     
  13.8            1.0691e-10      
  13.9            1.00908e-10     
  14              9.49628e-11     
  14.1            8.90174e-11     
  14.2            8.31198e-11     
  14.3            7.79718e-11     
  14.4            7.36152e-11     
  14.5            6.92576e-11     
  14.6            6.4932e-11      
  14.7            6.06064e-11     
  14.8            5.68614e-11     
  14.9            5.36718e-11     
  15              5.05024e-11     
  15.1            4.73342e-11     
  15.2            4.41828e-11     
  15.3            4.144e-11       
  15.4            3.91206e-11     
  15.5            3.68022e-11     
  15.6            3.44946e-11     
  15.7            3.2187e-11      
  15.8            3.01906e-11     
  15.9            2.84956e-11     
  16              2.68078e-11     
  16.1            2.512e-11       
  16.2            2.34394e-11     
  16.3            2.19792e-11     
  16.4            2.07456e-11     
  16.5            1.9512e-11      
  16.6            1.82831e-11     
  16.7            1.70543e-11     
  16.8            1.59922e-11     
  16.9            1.50911e-11     
  17              1.41936e-11     
  17.1            1.32961e-11     
  17.2            1.24009e-11     
  17.3            1.16254e-11     
  17.4            1.09707e-11     
  17.5            1.03159e-11     
  17.6            9.6628e-12      
  17.7            9.00962e-12     
  17.8            8.44512e-12     
  17.9            7.96786e-12     
  18              7.49168e-12     
  18.1            7.0155e-12      
  18.2            6.54016e-12     
  18.3            6.12882e-12     
  18.4            5.78208e-12     
  18.5            5.43524e-12     
  18.6            5.08898e-12     
  18.7            4.74284e-12     
  18.8            4.44378e-12     
  18.9            4.19144e-12     
  19              3.93958e-12     
  19.1            3.68762e-12     
  19.2            3.436e-12       
  19.3            3.21858e-12     
  19.4            3.0355e-12      
  19.5            2.8523e-12      
  19.6            2.66946e-12     
  19.7            2.4865e-12      
  19.8            2.32868e-12     
  19.9            2.19566e-12     
  20              2.06288e-12     
  20.1            1.93011e-12     
  20.2            1.79732e-12     
  20.3            1.68278e-12     
  20.4            1.58647e-12     
  20.5            1.49016e-12     
  20.6            1.39385e-12     
  20.7            1.29766e-12     
  20.8            1.21458e-12     
  20.9            1.14486e-12     
  21              1.07512e-12     
  21.1            1.00538e-12     
  21.2            9.3566e-13      
  21.3            8.75562e-13     
  21.4            8.25106e-13     
  21.5            7.7464e-13      
  21.6            7.24198e-13     
  21.7            6.73754e-13     
  21.8            6.30308e-13     
  21.9            5.93846e-13     
  22              5.57386e-13     
  22.1            5.20936e-13     
  22.2            4.84486e-13     
  22.3            4.53102e-13     
  22.4            4.26796e-13     
  22.5            4.0049e-13      
  22.6            3.74184e-13     
  22.7            3.47878e-13     
  22.8            3.25244e-13     
  22.9            3.0628e-13      
  23              2.87328e-13     
  23.1            2.68364e-13     
  23.2            2.49412e-13     
  23.3            2.33106e-13     
  23.4            2.19472e-13     
  23.5            2.05824e-13     
  23.6            1.92176e-13     
  23.7            1.7854e-13      
  23.8            1.66812e-13     
  23.9            1.57002e-13     
  24              1.47204e-13     
  24.1            1.37395e-13     
  24.2            1.27597e-13     
  24.3            1.19171e-13     
  24.4            1.12136e-13     
  24.5            1.051e-13       
  24.6            9.80654e-14     
  24.7            9.10306e-14     
  24.8            8.49922e-14     
  24.9            7.99516e-14     
  25              7.4912e-14      
  25.1            6.98726e-14     
  25.2            6.48318e-14     
  25.3            6.05086e-14     
  25.4            5.69042e-14     
  25.5            5.32998e-14     
  25.6            4.96954e-14     
  25.7            4.60898e-14     
  25.8            4.30004e-14     
  25.9            4.0427e-14      
  26              3.78524e-14     
  26.1            3.5279e-14      
  26.2            3.27044e-14     
  26.3            3.05004e-14     
  26.4            2.8666e-14      
  26.5            2.68316e-14     
  26.6            2.4996e-14      
  26.7            2.31616e-14     
  26.8            2.1592e-14      
  26.9            2.02868e-14     
  27              1.89816e-14     
  27.1            1.76764e-14     
  27.2            1.63713e-14     
  27.3            1.52544e-14     
  27.4            1.43283e-14     
  27.5            1.3401e-14      
  27.6            1.24736e-14     
  27.7            1.15474e-14     
  27.8            1.07553e-14     
  27.9            1.00985e-14     
  28              9.44146e-15     
  28.1            8.78458e-15     
  28.2            8.1277e-15      
  28.3            7.56678e-15     
  28.4            7.10216e-15     
  28.5            6.63754e-15     
  28.6            6.17292e-15     
  28.7            5.70818e-15     
  28.8            5.31186e-15     
  28.9            4.98384e-15     
  29              4.65594e-15     
  29.1            4.32792e-15     
  29.2            4.00002e-15     
  29.3            3.7204e-15      
  29.4            3.4894e-15      
  29.5            3.2584e-15      
  29.6            3.0274e-15      
  29.7            2.7964e-15      
  29.8            2.59974e-15     
  29.9            2.43738e-15     
  30              2.27504e-15     
  30.1            2.1127e-15      
  30.2            1.95037e-15     
  30.3            1.81222e-15     
  30.4            1.69839e-15     
  30.5            1.58456e-15     
  30.6            1.47073e-15     
  30.7            1.3569e-15      
  30.8            1.26024e-15     
  30.9            1.18056e-15     
  31              1.10093e-15     
  31.1            1.0213e-15      
  31.2            9.41678e-16     
  31.3            8.74072e-16     
  31.4            8.18504e-16     
  31.5            7.62936e-16     
  31.6            7.07368e-16     
  31.7            6.51798e-16     
  31.8            6.0467e-16      
  31.9            5.6598e-16      
  32              5.273e-16       
  32.1            4.88622e-16     
  32.2            4.49944e-16     
  32.3            4.17154e-16     
  32.4            3.903e-16       
  32.5            3.63446e-16     
  32.6            3.3659e-16      
  32.7            3.09736e-16     
  32.8            2.87006e-16     
  32.9            2.68412e-16     
  33              2.49806e-16     
  33.1            2.31212e-16     
  33.2            2.12618e-16     
  33.3            1.96896e-16     
  33.4            1.84047e-16     
  33.5            1.7121e-16      
  33.6            1.58361e-16     
  33.7            1.45524e-16     
  33.8            1.34677e-16     
  33.9            1.25833e-16     
  34              1.16986e-16     
  34.1            1.08143e-16     
  34.2            9.92992e-17     
  34.3            9.18376e-17     
  34.4            8.57658e-17     
  34.5            7.9693e-17      
  34.6            7.362e-17       
  34.7            6.7547e-17      
  34.8            6.24312e-17     
  34.9            5.82738e-17     
  35              5.41164e-17     
  35.1            4.99588e-17     
  35.2            4.58014e-17     
  35.3            4.2303e-17      
  35.4            3.94662e-17     
  35.5            3.66294e-17     
  35.6            3.37914e-17     
  35.7            3.09546e-17     
  35.8            2.85696e-17     
  35.9            2.66398e-17     
  36              2.47088e-17     
  36.1            2.2779e-17      
  36.2            2.08494e-17     
  36.3            1.92283e-17     
  36.4            1.79196e-17     
  36.5            1.66109e-17     
  36.6            1.53021e-17     
  36.7            1.39934e-17     
  36.8            1.28968e-17     
  36.9            1.20124e-17     
  37              1.11272e-17     
  37.1            1.02427e-17     
  37.2            9.35814e-18     
  37.3            8.61758e-18     
  37.4            8.02198e-18     
  37.5            7.42624e-18     
  37.6            6.83064e-18     
  37.7            6.2349e-18      
  37.8            5.73692e-18     
  37.9            5.33726e-18     
  38              4.93748e-18     
  38.1            4.53782e-18     
  38.2            4.13804e-18     
  38.3            3.80454e-18     
  38.4            3.5373e-18      
  38.5            3.27008e-18     
  38.6            3.00284e-18     
  38.7            2.73562e-18     
  38.8            2.51284e-18     
  38.9            2.33488e-18     
  39              2.15692e-18     
  39.1            1.97897e-18     
  39.2            1.80102e-18     
  39.3            1.65286e-18     
  39.4            1.53486e-18     
  39.5            1.41674e-18     
  39.6            1.29874e-18     
  39.7            1.18066e-18     
  39.8            1.08257e-18     
  39.9            1.00458e-18     
  40              9.26588e-19     
  40.1            8.48612e-19     
  40.2            7.70624e-19     
  40.3            7.05902e-19     
  40.4            6.546e-19       
  40.5            6.03298e-19     
  40.6            5.51998e-19     
  40.7            5.00696e-19     
  40.8            4.58228e-19     
  40.9            4.24628e-19     
  41              3.91014e-19     
  41.1            3.57414e-19     
  41.2            3.23814e-19     
  41.3            2.9603e-19      
  41.4            2.74122e-19     
  41.5            2.52214e-19     
  41.6            2.30306e-19     
  41.7            2.08398e-19     
  41.8            1.90305e-19     
  41.9            1.76097e-19     
  42              1.61877e-19     
  42.1            1.47657e-19     
  42.2            1.33437e-19     
  42.3            1.21733e-19     
  42.4            1.12549e-19     
  42.5            1.03366e-19     
  42.6            9.41846e-20     
  42.7            8.5003e-20      
  42.8            7.74532e-20     
  42.9            7.15532e-20     
  43              6.5653e-20      
  43.1            5.97542e-20     
  43.2            5.38542e-20     
  43.3            4.9016e-20      
  43.4            4.52448e-20     
  43.5            4.14734e-20     
  43.6            3.77022e-20     
  43.7            3.39308e-20     
  43.8            3.08438e-20     
  43.9            2.84456e-20     
  44              2.60486e-20     
  44.1            2.36504e-20     
  44.2            2.12534e-20     
  44.3            1.92951e-20     
  44.4            1.77789e-20     
  44.5            1.6264e-20      
  44.6            1.47479e-20     
  44.7            1.32317e-20     
  44.8            1.19969e-20     
  44.9            1.10443e-20     
  45              1.00918e-20     
  45.1            9.13942e-21     
  45.2            8.18694e-21     
  45.3            7.41134e-21     
  45.4            6.81658e-21     
  45.5            6.22168e-21     
  45.6            5.6269e-21      
  45.7            5.03212e-21     
  45.8            4.54938e-21     
  45.9            4.18024e-21     
  46              3.81098e-21     
  46.1            3.44172e-21     
  46.2            3.07258e-21     
  46.3            2.77352e-21     
  46.4            2.54586e-21     
  46.5            2.3182e-21      
  46.6            2.09054e-21     
  46.7            1.86288e-21     
  46.8            1.67896e-21     
  46.9            1.53951e-21     
  47              1.40017e-21     
  47.1            1.26071e-21     
  47.2            1.12126e-21     
  47.3            1.00881e-21     
  47.4            9.2405e-22      
  47.5            8.39278e-22     
  47.6            7.5452e-22      
  47.7            6.6975e-22      
  47.8            6.0163e-22      
  47.9            5.5046e-22      
  48              4.9929e-22      
  48.1            4.48132e-22     
  48.2            3.96962e-22     
  48.3            3.55984e-22     
  48.4            3.2534e-22      
  48.5            2.94682e-22     
  48.6            2.64038e-22     
  48.7            2.3338e-22      
  48.8            2.0891e-22      
  48.9            1.90698e-22     
  49              1.72485e-22     
  49.1            1.54273e-22     
  49.2            1.3606e-22      
  49.3            1.21542e-22     
  49.4            1.10813e-22     
  49.5            1.0008e-22      
  49.6            8.93464e-23     
  49.7            7.86142e-23     
  49.8            0.00            
//
#-------------------------------------------------------------------------------
#
#name:   JENDL-5: U-235(N,F) E_in=125. MeV
#X.axis: Energy
#Y.axis: 
#wdata:  2
#ldata:  621
#data...
# X               Y              
# MeV             1/eV           
  0.00            0.00            
  1.00e-8         7.98826e-11     
  2.00e-8         1.12971e-10     
  3.00e-8         1.38361e-10     
  4.00e-8         1.59765e-10     
  5.00e-8         1.78623e-10     
  6.00e-8         1.95672e-10     
  7.00e-8         2.1135e-10      
  8.00e-8         2.25942e-10     
  1.00e-7         2.5261e-10      
  1.50e-7         3.09384e-10     
  2.00e-7         3.57246e-10     
  2.50e-7         3.99414e-10     
  3.00e-7         4.37536e-10     
  3.50e-7         4.72592e-10     
  4.00e-7         5.05222e-10     
  4.50e-7         5.3587e-10      
  5.00e-7         5.64856e-10     
  5.50e-7         5.92426e-10     
  6.00e-7         6.18768e-10     
  6.50e-7         6.44034e-10     
  7.00e-7         6.68346e-10     
  7.50e-7         6.91804e-10     
  8.00e-7         7.14492e-10     
  8.50e-7         7.36482e-10     
  9.00e-7         7.57834e-10     
  9.50e-7         7.786e-10       
  1.00e-6         7.98826e-10     
  1.50e-6         9.78358e-10     
  2.00e-6         1.12971e-9      
  2.50e-6         1.26305e-9      
  3.00e-6         1.38361e-9      
  3.50e-6         1.49447e-9      
  4.00e-6         1.59765e-9      
  4.50e-6         1.69456e-9      
  5.00e-6         1.78623e-9      
  5.50e-6         1.87341e-9      
  6.00e-6         1.95671e-9      
  6.50e-6         2.03661e-9      
  7.00e-6         2.11349e-9      
  7.50e-6         2.18767e-9      
  8.00e-6         2.25941e-9      
  8.50e-6         2.32895e-9      
  9.00e-6         2.39647e-9      
  9.50e-6         2.46213e-9      
  1.00e-5         2.5261e-9       
  1.50e-5         3.09381e-9      
  2.00e-5         3.57241e-9      
  2.50e-5         3.99407e-9      
  3.00e-5         4.37526e-9      
  3.50e-5         4.72581e-9      
  4.00e-5         5.05208e-9      
  4.50e-5         5.35852e-9      
  5.00e-5         5.64836e-9      
  5.50e-5         5.92403e-9      
  6.00e-5         6.18742e-9      
  6.50e-5         6.44005e-9      
  7.00e-5         6.68313e-9      
  7.50e-5         6.91768e-9      
  8.00e-5         7.14452e-9      
  8.50e-5         7.36438e-9      
  9.00e-5         7.57785e-9      
  9.50e-5         7.78548e-9      
  1.00e-4         7.9877e-9       
  1.50e-4         9.78255e-9      
  2.00e-4         1.12955e-8      
  2.50e-4         1.26283e-8      
  3.00e-4         1.38331e-8      
  3.50e-4         1.4941e-8       
  4.00e-4         1.5972e-8       
  4.50e-4         1.69402e-8      
  5.00e-4         1.78559e-8      
  5.50e-4         1.87268e-8      
  6.00e-4         1.95588e-8      
  6.50e-4         2.03567e-8      
  7.00e-4         2.11244e-8      
  7.50e-4         2.18651e-8      
  8.00e-4         2.25813e-8      
  8.50e-4         2.32755e-8      
  9.00e-4         2.39494e-8      
  9.50e-4         2.46048e-8      
  1.00e-3         2.52431e-8      
  1.50e-3         3.09053e-8      
  2.00e-3         3.56736e-8      
  2.50e-3         3.98701e-8      
  3.00e-3         4.36599e-8      
  3.50e-3         4.71413e-8      
  4.00e-3         5.03781e-8      
  4.50e-3         5.3415e-8       
  5.00e-3         5.62842e-8      
  5.50e-3         5.90103e-8      
  6.00e-3         6.16123e-8      
  6.50e-3         6.41052e-8      
  7.00e-3         6.65013e-8      
  7.50e-3         6.88109e-8      
  8.00e-3         7.10422e-8      
  8.50e-3         7.32024e-8      
  9.00e-3         7.52978e-8      
  9.50e-3         7.73335e-8      
  0.01            7.93142e-8      
  0.015           9.67933e-8      
  0.02            1.11369e-7      
  0.025           1.2407e-7       
  0.03            1.35428e-7      
  0.035           1.45757e-7      
  0.04            1.55265e-7      
  0.045           1.64097e-7      
  0.05            1.72356e-7      
  0.055           1.80124e-7      
  0.06            1.87463e-7      
  0.065           1.94422e-7      
  0.07            2.01042e-7      
  0.075           2.07357e-7      
  0.08            2.13393e-7      
  0.085           2.19177e-7      
  0.09            2.24727e-7      
  0.095           2.30062e-7      
  0.1             2.35197e-7      
  0.15            2.7795e-7       
  0.2             3.09689e-7      
  0.25            3.34095e-7      
  0.3             3.53143e-7      
  0.35            3.68055e-7      
  0.4             3.79663e-7      
  0.45            3.88566e-7      
  0.5             3.95214e-7      
  0.55            3.99962e-7      
  0.6             4.0309e-7       
  0.65            4.0483e-7       
  0.7             4.05373e-7      
  0.8             3.97982e-7      
  0.9             3.84327e-7      
  1               3.69209e-7      
  1.1             3.54066e-7      
  1.2             3.38982e-7      
  1.3             3.22957e-7      
  1.4             3.06734e-7      
  1.5             2.905e-7        
  1.6             2.75242e-7      
  1.7             2.59983e-7      
  1.8             2.45922e-7      
  1.9             2.32e-7         
  2               2.19124e-7      
  2.1             2.06237e-7      
  2.2             1.9429e-7       
  2.3             1.82739e-7      
  2.4             1.72478e-7      
  2.5             1.62205e-7      
  2.6             1.52711e-7      
  2.7             1.43205e-7      
  2.8             1.34814e-7      
  2.9             1.26854e-7      
  3               1.19486e-7      
  3.1             1.12119e-7      
  3.2             1.05267e-7      
  3.3             9.87988e-8      
  3.4             9.31685e-8      
  3.5             8.75346e-8      
  3.6             8.2289e-8       
  3.7             7.70398e-8      
  3.8             7.24507e-8      
  3.9             6.81835e-8      
  4               6.42033e-8      
  4.1             6.0222e-8       
  4.2             5.64882e-8      
  4.3             5.30089e-8      
  4.4             5.00072e-8      
  4.5             4.7002e-8       
  4.6             4.41804e-8      
  4.7             4.13577e-8      
  4.8             3.88976e-8      
  4.9             3.66408e-8      
  5               3.45188e-8      
  5.1             3.23933e-8      
  5.2             3.03829e-8      
  5.3             2.85329e-8      
  5.4             2.6942e-8       
  5.5             2.53487e-8      
  5.6             2.38392e-8      
  5.7             2.23273e-8      
  5.8             2.10106e-8      
  5.9             1.98183e-8      
  6               1.86865e-8      
  6.1             1.75522e-8      
  6.2             1.64703e-8      
  6.3             1.54837e-8      
  6.4             1.46354e-8      
  6.5             1.37871e-8      
  6.6             1.29748e-8      
  6.7             1.21625e-8      
  6.8             1.14545e-8      
  6.9             1.08197e-8      
  7               1.02114e-8      
  7.1             9.60214e-9      
  7.2             9.01528e-9      
  7.3             8.48397e-9      
  7.4             8.02855e-9      
  7.5             7.57231e-9      
  7.6             7.132e-9        
  7.7             6.69098e-9      
  7.8             6.30668e-9      
  7.9             5.96526e-9      
  8               5.63487e-9      
  8.1             5.30391e-9      
  8.2             4.98259e-9      
  8.3             4.69393e-9      
  8.4             4.44617e-9      
  8.5             4.19806e-9      
  8.6             3.95658e-9      
  8.7             3.71486e-9      
  8.8             3.50383e-9      
  8.9             3.31778e-9      
  9               3.13626e-9      
  9.1             2.95462e-9      
  9.2             2.77682e-9      
  9.3             2.61808e-9      
  9.4             2.48177e-9      
  9.5             2.34522e-9      
  9.6             2.21146e-9      
  9.7             2.07759e-9      
  9.8             1.96045e-9      
  9.9             1.85795e-9      
  10              1.7572e-9       
  10.1            1.65645e-9      
  10.2            1.5572e-9       
  10.3            1.46912e-9      
  10.4            1.39335e-9      
  10.5            1.31746e-9      
  10.6            1.24274e-9      
  10.7            1.16802e-9      
  10.8            1.10255e-9      
  10.9            1.0455e-9       
  11              9.89196e-10     
  11.1            9.32882e-10     
  11.2            8.77182e-10     
  11.3            8.27862e-10     
  11.4            7.85446e-10     
  11.5            7.4303e-10      
  11.6            7.01044e-10     
  11.7            6.59046e-10     
  11.8            6.22254e-10     
  11.9            5.90308e-10     
  12              5.58652e-10     
  12.1            5.27008e-10     
  12.2            4.95598e-10     
  12.3            4.67858e-10     
  12.4            4.44012e-10     
  12.5            4.20154e-10     
  12.6            3.9647e-10      
  12.7            3.72776e-10     
  12.8            3.5202e-10      
  12.9            3.34044e-10     
  13              3.16182e-10     
  13.1            2.9832e-10      
  13.2            2.80564e-10     
  13.3            2.64898e-10     
  13.4            2.51442e-10     
  13.5            2.37972e-10     
  13.6            2.24574e-10     
  13.7            2.11176e-10     
  13.8            1.99427e-10     
  13.9            1.89282e-10     
  14              1.79171e-10     
  14.1            1.69073e-10     
  14.2            1.59009e-10     
  14.3            1.50142e-10     
  14.4            1.42531e-10     
  14.5            1.34907e-10     
  14.6            1.27319e-10     
  14.7            1.19719e-10     
  14.8            1.13067e-10     
  14.9            1.07323e-10     
  15              1.01597e-10     
  15.1            9.58714e-11     
  15.2            9.0161e-11      
  15.3            8.51396e-11     
  15.4            8.08224e-11     
  15.5            7.65052e-11     
  15.6            7.21972e-11     
  15.7            6.78906e-11     
  15.8            6.41138e-11     
  15.9            6.08588e-11     
  16              5.76108e-11     
  16.1            5.43626e-11     
  16.2            5.11204e-11     
  16.3            4.82722e-11     
  16.4            4.58236e-11     
  16.5            4.3375e-11      
  16.6            4.093e-11       
  16.7            3.8485e-11      
  16.8            3.6342e-11      
  16.9            3.44956e-11     
  17              3.26524e-11     
  17.1            3.08094e-11     
  17.2            2.89686e-11     
  17.3            2.73522e-11     
  17.4            2.59634e-11     
  17.5            2.45748e-11     
  17.6            2.3186e-11      
  17.7            2.17984e-11     
  17.8            2.05818e-11     
  17.9            1.95359e-11     
  18              1.84901e-11     
  18.1            1.74442e-11     
  18.2            1.63995e-11     
  18.3            1.54826e-11     
  18.4            1.46947e-11     
  18.5            1.39068e-11     
  18.6            1.31189e-11     
  18.7            1.23321e-11     
  18.8            1.16418e-11     
  18.9            1.10487e-11     
  19              1.04558e-11     
  19.1            9.8628e-12      
  19.2            9.27012e-12     
  19.3            8.75044e-12     
  19.4            8.30408e-12     
  19.5            7.8576e-12      
  19.6            7.41136e-12     
  19.7            6.96512e-12     
  19.8            6.57408e-12     
  19.9            6.2381e-12      
  20              5.90226e-12     
  20.1            5.56642e-12     
  20.2            5.2307e-12      
  20.3            4.93644e-12     
  20.4            4.68382e-12     
  20.5            4.43118e-12     
  20.6            4.17854e-12     
  20.7            3.926e-12       
  20.8            3.70474e-12     
  20.9            3.51474e-12     
  21              3.32486e-12     
  21.1            3.13486e-12     
  21.2            2.94498e-12     
  21.3            2.77868e-12     
  21.4            2.63586e-12     
  21.5            2.49314e-12     
  21.6            2.35044e-12     
  21.7            2.20762e-12     
  21.8            2.0827e-12      
  21.9            1.97544e-12     
  22              1.8683e-12      
  22.1            1.76104e-12     
  22.2            1.65389e-12     
  22.3            1.55999e-12     
  22.4            1.47958e-12     
  22.5            1.39904e-12     
  22.6            1.31863e-12     
  22.7            1.23809e-12     
  22.8            1.16767e-12     
  22.9            1.10728e-12     
  23              1.04689e-12     
  23.1            9.86524e-13     
  23.2            9.26142e-13     
  23.3            8.73312e-13     
  23.4            8.28048e-13     
  23.5            7.82774e-13     
  23.6            7.3751e-13      
  23.7            6.92234e-13     
  23.8            6.52642e-13     
  23.9            6.1872e-13      
  24              5.84812e-13     
  24.1            5.5089e-13      
  24.2            5.16968e-13     
  24.3            4.87324e-13     
  24.4            4.6192e-13      
  24.5            4.36528e-13     
  24.6            4.11136e-13     
  24.7            3.85744e-13     
  24.8            3.63548e-13     
  24.9            3.4456e-13      
  25              3.2556e-13      
  25.1            3.06572e-13     
  25.2            2.8757e-13      
  25.3            2.70976e-13     
  25.4            2.56776e-13     
  25.5            2.42574e-13     
  25.6            2.28374e-13     
  25.7            2.14174e-13     
  25.8            2.01774e-13     
  25.9            1.91164e-13     
  26              1.80566e-13     
  26.1            1.69956e-13     
  26.2            1.59358e-13     
  26.3            1.50096e-13     
  26.4            1.42182e-13     
  26.5            1.34268e-13     
  26.6            1.26366e-13     
  26.7            1.18452e-13     
  26.8            1.11542e-13     
  26.9            1.05644e-13     
  27              9.97446e-14     
  27.1            9.3846e-14      
  27.2            8.79484e-14     
  27.3            8.28014e-14     
  27.4            7.84086e-14     
  27.5            7.4016e-14      
  27.6            6.96232e-14     
  27.7            6.52306e-14     
  27.8            6.13992e-14     
  27.9            5.81314e-14     
  28              5.48624e-14     
  28.1            5.15946e-14     
  28.2            4.83256e-14     
  28.3            4.54772e-14     
  28.4            4.30474e-14     
  28.5            4.06186e-14     
  28.6            3.81898e-14     
  28.7            3.5761e-14      
  28.8            3.36438e-14     
  28.9            3.18412e-14     
  29              3.00378e-14     
  29.1            2.82342e-14     
  29.2            2.64306e-14     
  29.3            2.48606e-14     
  29.4            2.3523e-14      
  29.5            2.21854e-14     
  29.6            2.08478e-14     
  29.7            1.95104e-14     
  29.8            1.83471e-14     
  29.9            1.73559e-14     
  30              1.63658e-14     
  30.1            1.53745e-14     
  30.2            1.43844e-14     
  30.3            1.35221e-14     
  30.4            1.279e-14       
  30.5            1.20567e-14     
  30.6            1.1324e-14      
  30.7            1.05911e-14     
  30.8            9.95378e-15     
  30.9            9.41224e-15     
  31              8.87072e-15     
  31.1            8.32918e-15     
  31.2            7.78764e-15     
  31.3            7.317e-15       
  31.4            6.91736e-15     
  31.5            6.5176e-15      
  31.6            6.11794e-15     
  31.7            5.7183e-15      
  31.8            5.37118e-15     
  31.9            5.0766e-15      
  32              4.782e-15       
  32.1            4.48754e-15     
  32.2            4.19294e-15     
  32.3            3.93716e-15     
  32.4            3.72044e-15     
  32.5            3.50358e-15     
  32.6            3.28674e-15     
  32.7            3.07002e-15     
  32.8            2.88186e-15     
  32.9            2.72254e-15     
  33              2.5631e-15      
  33.1            2.40378e-15     
  33.2            2.24446e-15     
  33.3            2.10628e-15     
  33.4            1.98927e-15     
  33.5            1.87236e-15     
  33.6            1.75534e-15     
  33.7            1.63843e-15     
  33.8            1.53698e-15     
  33.9            1.45134e-15     
  34              1.36558e-15     
  34.1            1.27981e-15     
  34.2            1.19417e-15     
  34.3            1.11987e-15     
  34.4            1.05713e-15     
  34.5            9.94402e-16     
  34.6            9.31662e-16     
  34.7            8.6892e-16      
  34.8            8.14626e-16     
  34.9            7.68782e-16     
  35              7.22938e-16     
  35.1            6.77092e-16     
  35.2            6.31248e-16     
  35.3            5.9161e-16      
  35.4            5.58152e-16     
  35.5            5.24708e-16     
  35.6            4.91262e-16     
  35.7            4.57818e-16     
  35.8            4.28916e-16     
  35.9            4.04548e-16     
  36              3.8019e-16      
  36.1            3.55832e-16     
  36.2            3.31464e-16     
  36.3            3.1043e-16      
  36.4            2.92708e-16     
  36.5            2.74998e-16     
  36.6            2.57276e-16     
  36.7            2.39564e-16     
  36.8            2.24272e-16     
  36.9            2.1142e-16      
  37              1.98555e-16     
  37.1            1.85691e-16     
  37.2            1.72826e-16     
  37.3            1.6174e-16      
  37.4            1.5242e-16      
  37.5            1.431e-16       
  37.6            1.3378e-16      
  37.7            1.2446e-16      
  37.8            1.1643e-16      
  37.9            1.09684e-16     
  38              1.02942e-16     
  38.1            9.6198e-17      
  38.2            8.94556e-17     
  38.3            8.36498e-17     
  38.4            7.87806e-17     
  38.5            7.39114e-17     
  38.6            6.90422e-17     
  38.7            6.4173e-17      
  38.8            5.99836e-17     
  38.9            5.64742e-17     
  39              5.29646e-17     
  39.1            4.94552e-17     
  39.2            4.59456e-17     
  39.3            4.29276e-17     
  39.4            4.04036e-17     
  39.5            3.78784e-17     
  39.6            3.53532e-17     
  39.7            3.2829e-17      
  39.8            3.06594e-17     
  39.9            2.88466e-17     
  40              2.70338e-17     
  40.1            2.52208e-17     
  40.2            2.3408e-17      
  40.3            2.1852e-17      
  40.4            2.05528e-17     
  40.5            1.92547e-17     
  40.6            1.79555e-17     
  40.7            1.66563e-17     
  40.8            1.55418e-17     
  40.9            1.46133e-17     
  41              1.36836e-17     
  41.1            1.27551e-17     
  41.2            1.18255e-17     
  41.3            1.10299e-17     
  41.4            1.03669e-17     
  41.5            9.70382e-18     
  41.6            9.04084e-18     
  41.7            8.37788e-18     
  41.8            7.8103e-18      
  41.9            7.33814e-18     
  42              6.86598e-18     
  42.1            6.39382e-18     
  42.2            5.92178e-18     
  42.3            5.51784e-18     
  42.4            5.18234e-18     
  42.5            4.84696e-18     
  42.6            4.51148e-18     
  42.7            4.17598e-18     
  42.8            3.88928e-18     
  42.9            3.6514e-18      
  43              3.41364e-18     
  43.1            3.17576e-18     
  43.2            2.93788e-18     
  43.3            2.73486e-18     
  43.4            2.5666e-18      
  43.5            2.39844e-18     
  43.6            2.23016e-18     
  43.7            2.0619e-18      
  43.8            1.91838e-18     
  43.9            1.79973e-18     
  44              1.68097e-18     
  44.1            1.5622e-18      
  44.2            1.44355e-18     
  44.3            1.34233e-18     
  44.4            1.25878e-18     
  44.5            1.17522e-18     
  44.6            1.0916e-18      
  44.7            1.00802e-18     
  44.8            9.36878e-19     
  44.9            8.78182e-19     
  45              8.19484e-19     
  45.1            7.60786e-19     
  45.2            7.02078e-19     
  45.3            6.52166e-19     
  45.4            6.11052e-19     
  45.5            5.69936e-19     
  45.6            5.2881e-19      
  45.7            4.87696e-19     
  45.8            4.52762e-19     
  45.9            4.24036e-19     
  46              3.95308e-19     
  46.1            3.66582e-19     
  46.2            3.37844e-19     
  46.3            3.13462e-19     
  46.4            2.93452e-19     
  46.5            2.73428e-19     
  46.6            2.53406e-19     
  46.7            2.33382e-19     
  46.8            2.16416e-19     
  46.9            2.02506e-19     
  47              1.88596e-19     
  47.1            1.74686e-19     
  47.2            1.60764e-19     
  47.3            1.48992e-19     
  47.4            1.39347e-19     
  47.5            1.29701e-19     
  47.6            1.20056e-19     
  47.7            1.10417e-19     
  47.8            1.02264e-19     
  47.9            9.55996e-20     
  48              8.8936e-20      
  48.1            8.22726e-20     
  48.2            7.5608e-20      
  48.3            6.998e-20       
  48.4            6.53886e-20     
  48.5            6.07972e-20     
  48.6            5.62058e-20     
  48.7            5.16132e-20     
  48.8            4.77388e-20     
  48.9            4.45848e-20     
  49              4.14298e-20     
  49.1            3.82758e-20     
  49.2            3.51218e-20     
  49.3            3.24642e-20     
  49.4            3.03038e-20     
  49.5            2.81436e-20     
  49.6            2.59832e-20     
  49.7            2.38228e-20     
  49.8            0.00            
//
#-------------------------------------------------------------------------------
#
#name:   JENDL-5: U-235(N,F) E_in=150. MeV
#X.axis: Energy
#Y.axis: 
#wdata:  2
#ldata:  621
#data...
# X               Y              
# MeV             1/eV           
  0.00            0.00            
  1.00e-8         7.68064e-11     
  2.00e-8         1.08621e-10     
  3.00e-8         1.33033e-10     
  4.00e-8         1.53613e-10     
  5.00e-8         1.71744e-10     
  6.00e-8         1.88137e-10     
  7.00e-8         2.0321e-10      
  8.00e-8         2.1724e-10      
  1.00e-7         2.42882e-10     
  1.50e-7         2.9747e-10      
  2.00e-7         3.43488e-10     
  2.50e-7         3.84032e-10     
  3.00e-7         4.20686e-10     
  3.50e-7         4.54392e-10     
  4.00e-7         4.85766e-10     
  4.50e-7         5.15232e-10     
  5.00e-7         5.43102e-10     
  5.50e-7         5.6961e-10      
  6.00e-7         5.9494e-10      
  6.50e-7         6.19232e-10     
  7.00e-7         6.42608e-10     
  7.50e-7         6.65162e-10     
  8.00e-7         6.86976e-10     
  8.50e-7         7.0812e-10      
  9.00e-7         7.28648e-10     
  9.50e-7         7.48616e-10     
  1.00e-6         7.68064e-10     
  1.50e-6         9.40682e-10     
  2.00e-6         1.08621e-9      
  2.50e-6         1.21441e-9      
  3.00e-6         1.33032e-9      
  3.50e-6         1.43691e-9      
  4.00e-6         1.53612e-9      
  4.50e-6         1.62931e-9      
  5.00e-6         1.71744e-9      
  5.50e-6         1.80126e-9      
  6.00e-6         1.88136e-9      
  6.50e-6         1.95818e-9      
  7.00e-6         2.0321e-9       
  7.50e-6         2.10342e-9      
  8.00e-6         2.1724e-9       
  8.50e-6         2.23926e-9      
  9.00e-6         2.30418e-9      
  9.50e-6         2.36732e-9      
  1.00e-5         2.42881e-9      
  1.50e-5         2.97467e-9      
  2.00e-5         3.43484e-9      
  2.50e-5         3.84025e-9      
  3.00e-5         4.20677e-9      
  3.50e-5         4.54382e-9      
  4.00e-5         4.85753e-9      
  4.50e-5         5.15217e-9      
  5.00e-5         5.43084e-9      
  5.50e-5         5.69589e-9      
  6.00e-5         5.94915e-9      
  6.50e-5         6.19205e-9      
  7.00e-5         6.42577e-9      
  7.50e-5         6.65128e-9      
  8.00e-5         6.86938e-9      
  8.50e-5         7.08077e-9      
  9.00e-5         7.28603e-9      
  9.50e-5         7.48566e-9      
  1.00e-4         7.68009e-9      
  1.50e-4         9.40582e-9      
  2.00e-4         1.08605e-8      
  2.50e-4         1.2142e-8       
  3.00e-4         1.33004e-8      
  3.50e-4         1.43656e-8      
  4.00e-4         1.53569e-8      
  4.50e-4         1.62879e-8      
  5.00e-4         1.71683e-8      
  5.50e-4         1.80056e-8      
  6.00e-4         1.88056e-8      
  6.50e-4         1.95728e-8      
  7.00e-4         2.03109e-8      
  7.50e-4         2.1023e-8       
  8.00e-4         2.17117e-8      
  8.50e-4         2.23791e-8      
  9.00e-4         2.30271e-8      
  9.50e-4         2.36573e-8      
  1.00e-3         2.4271e-8       
  1.50e-3         2.97152e-8      
  2.00e-3         3.42998e-8      
  2.50e-3         3.83347e-8      
  3.00e-3         4.19786e-8      
  3.50e-3         4.53258e-8      
  4.00e-3         4.84381e-8      
  4.50e-3         5.1358e-8       
  5.00e-3         5.41167e-8      
  5.50e-3         5.67378e-8      
  6.00e-3         5.92396e-8      
  6.50e-3         6.16365e-8      
  7.00e-3         6.39404e-8      
  7.50e-3         6.61609e-8      
  8.00e-3         6.83063e-8      
  8.50e-3         7.03834e-8      
  9.00e-3         7.23981e-8      
  9.50e-3         7.43554e-8      
  0.01            7.62598e-8      
  0.015           9.30658e-8      
  0.02            1.0708e-7       
  0.025           1.19292e-7      
  0.03            1.30212e-7      
  0.035           1.40144e-7      
  0.04            1.49286e-7      
  0.045           1.57777e-7      
  0.05            1.65719e-7      
  0.055           1.73188e-7      
  0.06            1.80244e-7      
  0.065           1.86935e-7      
  0.07            1.933e-7        
  0.075           1.99371e-7      
  0.08            2.05176e-7      
  0.085           2.10736e-7      
  0.09            2.16073e-7      
  0.095           2.21202e-7      
  0.1             2.2614e-7       
  0.15            2.67246e-7      
  0.2             2.97763e-7      
  0.25            3.21229e-7      
  0.3             3.39543e-7      
  0.35            3.53882e-7      
  0.4             3.65043e-7      
  0.45            3.73602e-7      
  0.5             3.79995e-7      
  0.55            3.84559e-7      
  0.6             3.87567e-7      
  0.65            3.8924e-7       
  0.7             3.89762e-7      
  0.8             3.83834e-7      
  0.9             3.71285e-7      
  1               3.57519e-7      
  1.1             3.43708e-7      
  1.2             3.30029e-7      
  1.3             3.15274e-7      
  1.4             3.00146e-7      
  1.5             2.85018e-7      
  1.6             2.70779e-7      
  1.7             2.56519e-7      
  1.8             2.43301e-7      
  1.9             2.3016e-7       
  2               2.17952e-7      
  2.1             2.05744e-7      
  2.2             1.94381e-7      
  2.3             1.83381e-7      
  2.4             1.73567e-7      
  2.5             1.63719e-7      
  2.6             1.54574e-7      
  2.7             1.45418e-7      
  2.8             1.37305e-7      
  2.9             1.2961e-7       
  3               1.22452e-7      
  3.1             1.15272e-7      
  3.2             1.08565e-7      
  3.3             1.02245e-7      
  3.4             9.67186e-8      
  3.5             9.11911e-8      
  3.6             8.60028e-8      
  3.7             8.08045e-8      
  3.8             7.6242e-8       
  3.9             7.20076e-8      
  4               6.80302e-8      
  4.1             6.40473e-8      
  4.2             6.0285e-8       
  4.3             5.67906e-8      
  4.4             5.37573e-8      
  4.5             5.07219e-8      
  4.6             4.78455e-8      
  4.7             4.49681e-8      
  4.8             4.24453e-8      
  4.9             4.01377e-8      
  5               3.79475e-8      
  5.1             3.57563e-8      
  5.2             3.36638e-8      
  5.3             3.17426e-8      
  5.4             3.00794e-8      
  5.5             2.84151e-8      
  5.6             2.68232e-8      
  5.7             2.52292e-8      
  5.8             2.38327e-8      
  5.9             2.25702e-8      
  6               2.13615e-8      
  6.1             2.01506e-8      
  6.2             1.89847e-8      
  6.3             1.7922e-8       
  6.4             1.70043e-8      
  6.5             1.60843e-8      
  6.6             1.51972e-8      
  6.7             1.43091e-8      
  6.8             1.35296e-8      
  6.9             1.28325e-8      
  7               1.21573e-8      
  7.1             1.14822e-8      
  7.2             1.08259e-8      
  7.3             1.02325e-8      
  7.4             9.71929e-9      
  7.5             9.2054e-9       
  7.6             8.70534e-9      
  7.7             8.20473e-9      
  7.8             7.76494e-9      
  7.9             7.37411e-9      
  8               6.99284e-9      
  8.1             6.61123e-9      
  8.2             6.23775e-9      
  8.3             5.90203e-9      
  8.4             5.61133e-9      
  8.5             5.32029e-9      
  8.6             5.03497e-9      
  8.7             4.74953e-9      
  8.8             4.49824e-9      
  8.9             4.27615e-9      
  9               4.05812e-9      
  9.1             3.83987e-9      
  9.2             3.62503e-9      
  9.3             3.4328e-9       
  9.4             3.26604e-9      
  9.5             3.09928e-9      
  9.6             2.93471e-9      
  9.7             2.77015e-9      
  9.8             2.62502e-9      
  9.9             2.49745e-9      
  10              2.37142e-9      
  10.1            2.24539e-9      
  10.2            2.12067e-9      
  10.3            2.00946e-9      
  10.4            1.91286e-9      
  10.5            1.81636e-9      
  10.6            1.72063e-9      
  10.7            1.62501e-9      
  10.8            1.54047e-9      
  10.9            1.46648e-9      
  11              1.39303e-9      
  11.1            1.31959e-9      
  11.2            1.24669e-9      
  11.3            1.18192e-9      
  11.4            1.12549e-9      
  11.5            1.06915e-9      
  11.6            1.01317e-9      
  11.7            9.57184e-10     
  11.8            9.07716e-10     
  11.9            8.6444e-10      
  12              8.21428e-10     
  12.1            7.78404e-10     
  12.2            7.3561e-10      
  12.3            6.97582e-10     
  12.4            6.64514e-10     
  12.5            6.31448e-10     
  12.6            5.98536e-10     
  12.7            5.65622e-10     
  12.8            5.3652e-10      
  12.9            5.11094e-10     
  13              4.85778e-10     
  13.1            4.6045e-10      
  13.2            4.35222e-10     
  13.3            4.12826e-10     
  13.4            3.9334e-10      
  13.5            3.73854e-10     
  13.6            3.54434e-10     
  13.7            3.35012e-10     
  13.8            3.17832e-10     
  13.9            3.02836e-10     
  14              2.87882e-10     
  14.1            2.7293e-10      
  14.2            2.58012e-10     
  14.3            2.44782e-10     
  14.4            2.33266e-10     
  14.5            2.2175e-10      
  14.6            2.10256e-10     
  14.7            1.98773e-10     
  14.8            1.88596e-10     
  14.9            1.79725e-10     
  15              1.70877e-10     
  15.1            1.62028e-10     
  15.2            1.5318e-10      
  15.3            1.45341e-10     
  15.4            1.38524e-10     
  15.5            1.31695e-10     
  15.6            1.24889e-10     
  15.7            1.18071e-10     
  15.8            1.12044e-10     
  15.9            1.06782e-10     
  16              1.0153e-10      
  16.1            9.62772e-11     
  16.2            9.10296e-11     
  16.3            8.63792e-11     
  16.4            8.23294e-11     
  16.5            7.82784e-11     
  16.6            7.42328e-11     
  16.7            7.01874e-11     
  16.8            6.6604e-11      
  16.9            6.34818e-11     
  17              6.03618e-11     
  17.1            5.72406e-11     
  17.2            5.41228e-11     
  17.3            5.13596e-11     
  17.4            4.89522e-11     
  17.5            4.65456e-11     
  17.6            4.41404e-11     
  17.7            4.1735e-11      
  17.8            3.96052e-11     
  17.9            3.77488e-11     
  18              3.58934e-11     
  18.1            3.4037e-11      
  18.2            3.21828e-11     
  18.3            3.05394e-11     
  18.4            2.91078e-11     
  18.5            2.76762e-11     
  18.6            2.62458e-11     
  18.7            2.48142e-11     
  18.8            2.35472e-11     
  18.9            2.24428e-11     
  19              2.13396e-11     
  19.1            2.02352e-11     
  19.2            1.91318e-11     
  19.3            1.81548e-11     
  19.4            1.73029e-11     
  19.5            1.6451e-11      
  19.6            1.56001e-11     
  19.7            1.47482e-11     
  19.8            1.3994e-11      
  19.9            1.33375e-11     
  20              1.2681e-11      
  20.1            1.20234e-11     
  20.2            1.13669e-11     
  20.3            1.07854e-11     
  20.4            1.02787e-11     
  20.5            9.77198e-12     
  20.6            9.26556e-12     
  20.7            8.75912e-12     
  20.8            8.31056e-12     
  20.9            7.91984e-12     
  21              7.52912e-12     
  21.1            7.13852e-12     
  21.2            6.7478e-12      
  21.3            6.40186e-12     
  21.4            6.10052e-12     
  21.5            5.79916e-12     
  21.6            5.49802e-12     
  21.7            5.19678e-12     
  21.8            4.93012e-12     
  21.9            4.69782e-12     
  22              4.46552e-12     
  22.1            4.23332e-12     
  22.2            4.00102e-12     
  22.3            3.7954e-12      
  22.4            3.61634e-12     
  22.5            3.4373e-12      
  22.6            3.25824e-12     
  22.7            3.0793e-12      
  22.8            2.92088e-12     
  22.9            2.78288e-12     
  23              2.64488e-12     
  23.1            2.507e-12       
  23.2            2.369e-12       
  23.3            2.24692e-12     
  23.4            2.14064e-12     
  23.5            2.03428e-12     
  23.6            1.92801e-12     
  23.7            1.82185e-12     
  23.8            1.72776e-12     
  23.9            1.64586e-12     
  24              1.56408e-12     
  24.1            1.48218e-12     
  24.2            1.40039e-12     
  24.3            1.32793e-12     
  24.4            1.26492e-12     
  24.5            1.2019e-12      
  24.6            1.13889e-12     
  24.7            1.07589e-12     
  24.8            1.02015e-12     
  24.9            9.71666e-13     
  25              9.23174e-13     
  25.1            8.74684e-13     
  25.2            8.26192e-13     
  25.3            7.833e-13       
  25.4            7.45984e-13     
  25.5            7.0868e-13      
  25.6            6.71388e-13     
  25.7            6.34104e-13     
  25.8            6.01116e-13     
  25.9            5.7244e-13      
  26              5.43764e-13     
  26.1            5.15078e-13     
  26.2            4.86404e-13     
  26.3            4.61044e-13     
  26.4            4.38998e-13     
  26.5            4.16954e-13     
  26.6            3.94922e-13     
  26.7            3.72888e-13     
  26.8            3.53402e-13     
  26.9            3.36472e-13     
  27              3.19544e-13     
  27.1            3.02616e-13     
  27.2            2.85688e-13     
  27.3            2.70724e-13     
  27.4            2.57726e-13     
  27.5            2.44728e-13     
  27.6            2.3173e-13      
  27.7            2.18742e-13     
  27.8            2.07258e-13     
  27.9            1.9728e-13      
  28              1.87311e-13     
  28.1            1.77343e-13     
  28.2            1.67375e-13     
  28.3            1.58559e-13     
  28.4            1.50907e-13     
  28.5            1.43256e-13     
  28.6            1.35615e-13     
  28.7            1.27974e-13     
  28.8            1.21222e-13     
  28.9            1.1536e-13      
  29              1.09502e-13     
  29.1            1.03643e-13     
  29.2            9.77824e-14     
  29.3            9.26084e-14     
  29.4            8.81194e-14     
  29.5            8.36292e-14     
  29.6            7.91434e-14     
  29.7            7.46578e-14     
  29.8            7.06968e-14     
  29.9            6.72628e-14     
  30              6.38288e-14     
  30.1            6.03936e-14     
  30.2            5.69596e-14     
  30.3            5.39286e-14     
  30.4            5.13004e-14     
  30.5            4.86732e-14     
  30.6            4.60472e-14     
  30.7            4.34212e-14     
  30.8            4.11048e-14     
  30.9            3.9098e-14      
  31              3.709e-14       
  31.1            3.50832e-14     
  31.2            3.30754e-14     
  31.3            3.13046e-14     
  31.4            2.97708e-14     
  31.5            2.82372e-14     
  31.6            2.67046e-14     
  31.7            2.51732e-14     
  31.8            2.38218e-14     
  31.9            2.26514e-14     
  32              2.14822e-14     
  32.1            2.0312e-14      
  32.2            1.91428e-14     
  32.3            1.8112e-14      
  32.4            1.72194e-14     
  32.5            1.63269e-14     
  32.6            1.54355e-14     
  32.7            1.4544e-14      
  32.8            1.3758e-14      
  32.9            1.30784e-14     
  33              1.23989e-14     
  33.1            1.17193e-14     
  33.2            1.10398e-14     
  33.3            1.04418e-14     
  33.4            9.92426e-15     
  33.5            9.40674e-15     
  33.6            8.88966e-15     
  33.7            8.37268e-15     
  33.8            7.91742e-15     
  33.9            7.52406e-15     
  34              7.13072e-15     
  34.1            6.73726e-15     
  34.2            6.3439e-15      
  34.3            5.99764e-15     
  34.4            5.6986e-15      
  34.5            5.39944e-15     
  34.6            5.10072e-15     
  34.7            4.8019e-15      
  34.8            4.53908e-15     
  34.9            4.31216e-15     
  35              4.08512e-15     
  35.1            3.8582e-15      
  35.2            3.63128e-15     
  35.3            3.4317e-15      
  35.4            3.25944e-15     
  35.5            3.0873e-15      
  35.6            2.91528e-15     
  35.7            2.74314e-15     
  35.8            2.59196e-15     
  35.9            2.46154e-15     
  36              2.33112e-15     
  36.1            2.2007e-15      
  36.2            2.07028e-15     
  36.3            1.95567e-15     
  36.4            1.85687e-15     
  36.5            1.75806e-15     
  36.6            1.65937e-15     
  36.7            1.56067e-15     
  36.8            1.47405e-15     
  36.9            1.39929e-15     
  37              1.32464e-15     
  37.1            1.24999e-15     
  37.2            1.17533e-15     
  37.3            1.10979e-15     
  37.4            1.05333e-15     
  37.5            9.96894e-16     
  37.6            9.40508e-16     
  37.7            8.84136e-16     
  37.8            8.34656e-16     
  37.9            7.92094e-16     
  38              7.4952e-16      
  38.1            7.06946e-16     
  38.2            6.64372e-16     
  38.3            6.27034e-16     
  38.4            5.94912e-16     
  38.5            5.62802e-16     
  38.6            5.30722e-16     
  38.7            4.98644e-16     
  38.8            4.70528e-16     
  38.9            4.46354e-16     
  39              4.22192e-16     
  39.1            3.98018e-16     
  39.2            3.73854e-16     
  39.3            3.52666e-16     
  39.4            3.34474e-16     
  39.5            3.16284e-16     
  39.6            2.98114e-16     
  39.7            2.79946e-16     
  39.8            2.64028e-16     
  39.9            2.5037e-16      
  40              2.36702e-16     
  40.1            2.23046e-16     
  40.2            2.09388e-16     
  40.3            1.97422e-16     
  40.4            1.87169e-16     
  40.5            1.76904e-16     
  40.6            1.66661e-16     
  40.7            1.56408e-16     
  40.8            1.47449e-16     
  40.9            1.39764e-16     
  41              1.3208e-16      
  41.1            1.24384e-16     
  41.2            1.16699e-16     
  41.3            1.0998e-16      
  41.4            1.04221e-16     
  41.5            9.84608e-17     
  41.6            9.27104e-17     
  41.7            8.696e-17       
  41.8            8.1933e-17      
  41.9            7.76296e-17     
  42              7.3326e-17      
  42.1            6.90226e-17     
  42.2            6.47202e-17     
  42.3            6.0959e-17      
  42.4            5.77424e-17     
  42.5            5.45246e-17     
  42.6            5.13124e-17     
  42.7            4.81012e-17     
  42.8            4.52964e-17     
  42.9            4.28986e-17     
  43              4.0501e-17      
  43.1            3.81034e-17     
  43.2            3.57058e-17     
  43.3            3.36122e-17     
  43.4            3.18238e-17     
  43.5            3.00354e-17     
  43.6            2.82504e-17     
  43.7            2.64664e-17     
  43.8            2.49086e-17     
  43.9            2.35802e-17     
  44              2.22508e-17     
  44.1            2.09212e-17     
  44.2            1.95929e-17     
  44.3            1.84336e-17     
  44.4            1.74445e-17     
  44.5            1.64564e-17     
  44.6            1.54695e-17     
  44.7            1.44825e-17     
  44.8            1.36229e-17     
  44.9            1.28896e-17     
  45              1.21573e-17     
  45.1            1.1424e-17      
  45.2            1.06915e-17     
  45.3            1.00532e-17     
  45.4            9.5095e-18      
  45.5            8.96574e-18     
  45.6            8.42318e-18     
  45.7            7.88064e-18     
  45.8            7.40846e-18     
  45.9            7.00656e-18     
  46              6.60474e-18     
  46.1            6.20284e-18     
  46.2            5.80092e-18     
  46.3            5.45136e-18     
  46.4            5.15396e-18     
  46.5            4.85656e-18     
  46.6            4.55994e-18     
  46.7            4.2633e-18      
  46.8            4.00542e-18     
  46.9            3.78618e-18     
  47              3.56706e-18     
  47.1            3.34794e-18     
  47.2            3.1288e-18      
  47.3            2.93844e-18     
  47.4            2.77674e-18     
  47.5            2.61502e-18     
  47.6            2.45376e-18     
  47.7            2.29248e-18     
  47.8            2.1525e-18      
  47.9            2.03372e-18     
  48              1.91483e-18     
  48.1            1.79605e-18     
  48.2            1.67726e-18     
  48.3            1.57418e-18     
  48.4            1.48679e-18     
  48.5            1.3994e-18      
  48.6            1.31223e-18     
  48.7            1.22507e-18     
  48.8            1.14954e-18     
  48.9            1.08552e-18     
  49              1.02152e-18     
  49.1            9.57514e-19     
  49.2            8.9351e-19      
  49.3            8.38026e-19     
  49.4            7.91084e-19     
  49.5            7.39892e-19     
  49.6            6.93266e-19     
  49.7            6.46642e-19     
  49.8            0.00            
//
#-------------------------------------------------------------------------------
#
#name:   JENDL-5: U-235(N,F) E_in=175. MeV
#X.axis: Energy
#Y.axis: 
#wdata:  2
#ldata:  621
#data...
# X               Y              
# MeV             1/eV           
  0.00            0.00            
  1.00e-8         7.3736e-11      
  2.00e-8         1.04278e-10     
  3.00e-8         1.27714e-10     
  4.00e-8         1.47472e-10     
  5.00e-8         1.64879e-10     
  6.00e-8         1.80616e-10     
  7.00e-8         1.95087e-10     
  8.00e-8         2.08556e-10     
  1.00e-7         2.33174e-10     
  1.50e-7         2.85578e-10     
  2.00e-7         3.29756e-10     
  2.50e-7         3.6868e-10      
  3.00e-7         4.03868e-10     
  3.50e-7         4.36228e-10     
  4.00e-7         4.66346e-10     
  4.50e-7         4.94636e-10     
  5.00e-7         5.21392e-10     
  5.50e-7         5.4684e-10      
  6.00e-7         5.71156e-10     
  6.50e-7         5.94478e-10     
  7.00e-7         6.16918e-10     
  7.50e-7         6.38572e-10     
  8.00e-7         6.59514e-10     
  8.50e-7         6.79812e-10     
  9.00e-7         6.9952e-10      
  9.50e-7         7.18688e-10     
  1.00e-6         7.37358e-10     
  1.50e-6         9.03076e-10     
  2.00e-6         1.04278e-9      
  2.50e-6         1.16587e-9      
  3.00e-6         1.27714e-9      
  3.50e-6         1.37947e-9      
  4.00e-6         1.47472e-9      
  4.50e-6         1.56417e-9      
  5.00e-6         1.64878e-9      
  5.50e-6         1.72926e-9      
  6.00e-6         1.80615e-9      
  6.50e-6         1.8799e-9       
  7.00e-6         1.95086e-9      
  7.50e-6         2.01933e-9      
  8.00e-6         2.08556e-9      
  8.50e-6         2.14974e-9      
  9.00e-6         2.21207e-9      
  9.50e-6         2.27268e-9      
  1.00e-5         2.33172e-9      
  1.50e-5         2.85575e-9      
  2.00e-5         3.29753e-9      
  2.50e-5         3.68673e-9      
  3.00e-5         4.0386e-9       
  3.50e-5         4.36217e-9      
  4.00e-5         4.66334e-9      
  4.50e-5         4.9462e-9       
  5.00e-5         5.21374e-9      
  5.50e-5         5.46819e-9      
  6.00e-5         5.71132e-9      
  6.50e-5         5.94451e-9      
  7.00e-5         6.16889e-9      
  7.50e-5         6.38538e-9      
  8.00e-5         6.59477e-9      
  8.50e-5         6.79771e-9      
  9.00e-5         6.99476e-9      
  9.50e-5         7.18641e-9      
  1.00e-4         7.37307e-9      
  1.50e-4         9.02981e-9      
  2.00e-4         1.04264e-8      
  2.50e-4         1.16566e-8      
  3.00e-4         1.27687e-8      
  3.50e-4         1.37913e-8      
  4.00e-4         1.4743e-8       
  4.50e-4         1.56367e-8      
  5.00e-4         1.6482e-8       
  5.50e-4         1.72858e-8      
  6.00e-4         1.80538e-8      
  6.50e-4         1.87903e-8      
  7.00e-4         1.9499e-8       
  7.50e-4         2.01826e-8      
  8.00e-4         2.08438e-8      
  8.50e-4         2.14845e-8      
  9.00e-4         2.21066e-8      
  9.50e-4         2.27115e-8      
  1.00e-3         2.33007e-8      
  1.50e-3         2.85273e-8      
  2.00e-3         3.29287e-8      
  2.50e-3         3.68022e-8      
  3.00e-3         4.03004e-8      
  3.50e-3         4.35139e-8      
  4.00e-3         4.65017e-8      
  4.50e-3         4.93049e-8      
  5.00e-3         5.19533e-8      
  5.50e-3         5.44697e-8      
  6.00e-3         5.68714e-8      
  6.50e-3         5.91725e-8      
  7.00e-3         6.13843e-8      
  7.50e-3         6.35161e-8      
  8.00e-3         6.55757e-8      
  8.50e-3         6.75698e-8      
  9.00e-3         6.95039e-8      
  9.50e-3         7.1383e-8       
  0.01            7.32112e-8      
  0.015           8.93454e-8      
  0.02            1.02799e-7      
  0.025           1.14523e-7      
  0.03            1.25007e-7      
  0.035           1.34542e-7      
  0.04            1.43318e-7      
  0.045           1.5147e-7       
  0.05            1.59094e-7      
  0.055           1.66264e-7      
  0.06            1.73038e-7      
  0.065           1.79462e-7      
  0.07            1.85573e-7      
  0.075           1.91401e-7      
  0.08            1.96974e-7      
  0.085           2.02312e-7      
  0.09            2.07435e-7      
  0.095           2.12359e-7      
  0.1             2.17099e-7      
  0.15            2.56563e-7      
  0.2             2.85859e-7      
  0.25            3.08388e-7      
  0.3             3.2597e-7       
  0.35            3.39735e-7      
  0.4             3.5045e-7       
  0.45            3.58667e-7      
  0.5             3.64804e-7      
  0.55            3.69186e-7      
  0.6             3.72074e-7      
  0.65            3.7368e-7       
  0.7             3.74181e-7      
  0.8             3.697e-7        
  0.9             3.58416e-7      
  1               3.46049e-7      
  1.1             3.3364e-7       
  1.2             3.21344e-7      
  1.3             3.07882e-7      
  1.4             2.93873e-7      
  1.5             2.79843e-7      
  1.6             2.66557e-7      
  1.7             2.5327e-7       
  1.8             2.40851e-7      
  1.9             2.28442e-7      
  2               2.16879e-7      
  2.1             2.05327e-7      
  2.2             1.94508e-7      
  2.3             1.8405e-7       
  2.4             1.74635e-7      
  2.5             1.6522e-7       
  2.6             1.56403e-7      
  2.7             1.47587e-7      
  2.8             1.3972e-7       
  2.9             1.32267e-7      
  3               1.25298e-7      
  3.1             1.18309e-7      
  3.2             1.11733e-7      
  3.3             1.05539e-7      
  3.4             1.00099e-7      
  3.5             9.46503e-8      
  3.6             8.95174e-8      
  3.7             8.43762e-8      
  3.8             7.98379e-8      
  3.9             7.56311e-8      
  4               7.16523e-8      
  4.1             6.76695e-8      
  4.2             6.38838e-8      
  4.3             6.03717e-8      
  4.4             5.73014e-8      
  4.5             5.42281e-8      
  4.6             5.13075e-8      
  4.7             4.83859e-8      
  4.8             4.58091e-8      
  4.9             4.34543e-8      
  5               4.12038e-8      
  5.1             3.89511e-8      
  5.2             3.67894e-8      
  5.3             3.48031e-8      
  5.4             3.30718e-8      
  5.5             3.13385e-8      
  5.6             2.96774e-8      
  5.7             2.80143e-8      
  5.8             2.65483e-8      
  5.9             2.52217e-8      
  6               2.39426e-8      
  6.1             2.26614e-8      
  6.2             2.14216e-8      
  6.3             2.02911e-8      
  6.4             1.93052e-8      
  6.5             1.83183e-8      
  6.6             1.73644e-8      
  6.7             1.64105e-8      
  6.8             1.55681e-8      
  6.9             1.48113e-8      
  7               1.40753e-8      
  7.1             1.33392e-8      
  7.2             1.26196e-8      
  7.3             1.19682e-8      
  7.4             1.13994e-8      
  7.5             1.08305e-8      
  7.6             1.02767e-8      
  7.7             9.7224e-9       
  7.8             9.23193e-9      
  7.9             8.7942e-9       
  8               8.36525e-9      
  8.1             7.93589e-9      
  8.2             7.51397e-9      
  8.3             7.13344e-9      
  8.4             6.8006e-9       
  8.5             6.46756e-9      
  8.6             6.14185e-9      
  8.7             5.81603e-9      
  8.8             5.52697e-9      
  8.9             5.27012e-9      
  9               5.01698e-9      
  9.1             4.76364e-9      
  9.2             4.51329e-9      
  9.3             4.28824e-9      
  9.4             4.09095e-9      
  9.5             3.89367e-9      
  9.6             3.70e-9         
  9.7             3.50622e-9      
  9.8             3.33402e-9      
  9.9             3.18154e-9      
  10              3.03051e-9      
  10.1            2.87937e-9      
  10.2            2.72947e-9      
  10.3            2.59495e-9      
  10.4            2.47695e-9      
  10.5            2.35885e-9      
  10.6            2.24261e-9      
  10.7            2.12647e-9      
  10.8            2.02302e-9      
  10.9            1.93155e-9      
  11              1.84071e-9      
  11.1            1.74986e-9      
  11.2            1.65942e-9      
  11.3            1.57838e-9      
  11.4            1.50715e-9      
  11.5            1.43592e-9      
  11.6            1.36582e-9      
  11.7            1.29562e-9      
  11.8            1.23306e-9      
  11.9            1.17783e-9      
  12              1.1228e-9       
  12.1            1.06788e-9      
  12.2            1.01302e-9      
  12.3            9.63918e-10     
  12.4            9.20684e-10     
  12.5            8.77458e-10     
  12.6            8.34884e-10     
  12.7            7.92298e-10     
  12.8            7.54286e-10     
  12.9            7.20734e-10     
  13              6.87276e-10     
  13.1            6.53816e-10     
  13.2            6.2043e-10      
  13.3            5.90532e-10     
  13.4            5.64176e-10     
  13.5            5.3782e-10      
  13.6            5.11866e-10     
  13.7            4.85914e-10     
  13.8            4.62726e-10     
  13.9            4.42254e-10     
  14              4.21814e-10     
  14.1            4.01384e-10     
  14.2            3.80984e-10     
  14.3            3.627e-10       
  14.4            3.46564e-10     
  14.5            3.30438e-10     
  14.6            3.14572e-10     
  14.7            2.98694e-10     
  14.8            2.84508e-10     
  14.9            2.71976e-10     
  15              2.59454e-10     
  15.1            2.4693e-10      
  15.2            2.34428e-10     
  15.3            2.23218e-10     
  15.4            2.13318e-10     
  15.5            2.03416e-10     
  15.6            1.93682e-10     
  15.7            1.83947e-10     
  15.8            1.75244e-10     
  15.9            1.67543e-10     
  16              1.59851e-10     
  16.1            1.52171e-10     
  16.2            1.44479e-10     
  16.3            1.37594e-10     
  16.4            1.31503e-10     
  16.5            1.25401e-10     
  16.6            1.19424e-10     
  16.7            1.13447e-10     
  16.8            1.08089e-10     
  16.9            1.0335e-10      
  17              9.86186e-11     
  17.1            9.38864e-11     
  17.2            8.9155e-11      
  17.3            8.491e-11       
  17.4            8.11532e-11     
  17.5            7.73964e-11     
  17.6            7.3715e-11      
  17.7            7.00324e-11     
  17.8            6.6733e-11      
  17.9            6.38146e-11     
  18              6.08972e-11     
  18.1            5.79786e-11     
  18.2            5.50612e-11     
  18.3            5.2443e-11      
  18.4            5.01224e-11     
  18.5            4.78026e-11     
  18.6            4.55334e-11     
  18.7            4.32632e-11     
  18.8            4.12284e-11     
  18.9            3.9427e-11      
  19              3.76256e-11     
  19.1            3.5825e-11      
  19.2            3.40236e-11     
  19.3            3.24058e-11     
  19.4            3.0972e-11      
  19.5            2.9538e-11      
  19.6            2.8137e-11      
  19.7            2.67372e-11     
  19.8            2.54798e-11     
  19.9            2.43668e-11     
  20              2.3255e-11      
  20.1            2.21422e-11     
  20.2            2.10292e-11     
  20.3            2.00288e-11     
  20.4            1.91421e-11     
  20.5            1.82543e-11     
  20.6            1.73902e-11     
  20.7            1.65251e-11     
  20.8            1.57487e-11     
  20.9            1.50612e-11     
  21              1.43726e-11     
  21.1            1.3685e-11      
  21.2            1.29975e-11     
  21.3            1.23781e-11     
  21.4            1.18299e-11     
  21.5            1.12807e-11     
  21.6            1.07459e-11     
  21.7            1.02118e-11     
  21.8            9.732e-12       
  21.9            9.30666e-12     
  22              8.88132e-12     
  22.1            8.456e-12       
  22.2            8.03056e-12     
  22.3            7.64796e-12     
  22.4            7.308e-12       
  22.5            6.96804e-12     
  22.6            6.638e-12       
  22.7            6.30796e-12     
  22.8            6.01146e-12     
  22.9            5.74852e-12     
  23              5.48546e-12     
  23.1            5.22242e-12     
  23.2            4.95938e-12     
  23.3            4.72266e-12     
  23.4            4.51226e-12     
  23.5            4.30176e-12     
  23.6            4.09796e-12     
  23.7            3.89418e-12     
  23.8            3.71094e-12     
  23.9            3.54834e-12     
  24              3.38574e-12     
  24.1            3.22314e-12     
  24.2            3.06054e-12     
  24.3            2.91416e-12     
  24.4            2.78388e-12     
  24.5            2.65368e-12     
  24.6            2.52784e-12     
  24.7            2.402e-12       
  24.8            2.28886e-12     
  24.9            2.1884e-12      
  25              2.08784e-12     
  25.1            1.98741e-12     
  25.2            1.88696e-12     
  25.3            1.79642e-12     
  25.4            1.71589e-12     
  25.5            1.63537e-12     
  25.6            1.55774e-12     
  25.7            1.4801e-12      
  25.8            1.41021e-12     
  25.9            1.34817e-12     
  26              1.28612e-12     
  26.1            1.22418e-12     
  26.2            1.16213e-12     
  26.3            1.10618e-12     
  26.4            1.05642e-12     
  26.5            1.00665e-12     
  26.6            9.58778e-13     
  26.7            9.10896e-13     
  26.8            8.67826e-13     
  26.9            8.29566e-13     
  27              7.91296e-13     
  27.1            7.53038e-13     
  27.2            7.14768e-13     
  27.3            6.80266e-13     
  27.4            6.49532e-13     
  27.5            6.188e-13       
  27.6            5.89314e-13     
  27.7            5.5983e-13      
  27.8            5.33298e-13     
  27.9            5.0972e-13      
  28              4.8614e-13      
  28.1            4.6256e-13      
  28.2            4.38982e-13     
  28.3            4.17716e-13     
  28.4            3.9876e-13      
  28.5            3.79796e-13     
  28.6            3.61668e-13     
  28.7            3.4353e-13      
  28.8            3.27208e-13     
  28.9            3.12702e-13     
  29              2.98188e-13     
  29.1            2.83672e-13     
  29.2            2.69168e-13     
  29.3            2.56068e-13     
  29.4            2.44392e-13     
  29.5            2.32716e-13     
  29.6            2.21586e-13     
  29.7            2.10448e-13     
  29.8            2.00412e-13     
  29.9            1.91493e-13     
  30              1.82584e-13     
  30.1            1.73664e-13     
  30.2            1.64745e-13     
  30.3            1.56692e-13     
  30.4            1.49517e-13     
  30.5            1.42332e-13     
  30.6            1.35508e-13     
  30.7            1.28674e-13     
  30.8            1.22521e-13     
  30.9            1.1705e-13      
  31              1.11578e-13     
  31.1            1.06106e-13     
  31.2            1.00639e-13     
  31.3            9.56992e-14     
  31.4            9.129e-14       
  31.5            8.68818e-14     
  31.6            8.27006e-14     
  31.7            7.85196e-14     
  31.8            7.47536e-14     
  31.9            7.14024e-14     
  32              6.80524e-14     
  32.1            6.47014e-14     
  32.2            6.13504e-14     
  32.3            5.83234e-14     
  32.4            5.56218e-14     
  32.5            5.2919e-14      
  32.6            5.0365e-14      
  32.7            4.78108e-14     
  32.8            4.55096e-14     
  32.9            4.34614e-14     
  33              4.14132e-14     
  33.1            3.9365e-14      
  33.2            3.73168e-14     
  33.3            3.54658e-14     
  33.4            3.3813e-14      
  33.5            3.21602e-14     
  33.6            3.06024e-14     
  33.7            2.90456e-14     
  33.8            2.76416e-14     
  33.9            2.63924e-14     
  34              2.51432e-14     
  34.1            2.3894e-14      
  34.2            2.26448e-14     
  34.3            2.15154e-14     
  34.4            2.05058e-14     
  34.5            1.94972e-14     
  34.6            1.85495e-14     
  34.7            1.76018e-14     
  34.8            1.67481e-14     
  34.9            1.59882e-14     
  35              1.52274e-14     
  35.1            1.44676e-14     
  35.2            1.37067e-14     
  35.3            1.30192e-14     
  35.4            1.24049e-14     
  35.5            1.17906e-14     
  35.6            1.12156e-14     
  35.7            1.06406e-14     
  35.8            1.0122e-14      
  35.9            9.66036e-15     
  36              9.19868e-15     
  36.1            8.7371e-15      
  36.2            8.27544e-15     
  36.3            7.85784e-15     
  36.4            7.48434e-15     
  36.5            7.11082e-15     
  36.6            6.7627e-15      
  36.7            6.4147e-15      
  36.8            6.10086e-15     
  36.9            5.8212e-15      
  37              5.54162e-15     
  37.1            5.26206e-15     
  37.2            4.9824e-15      
  37.3            4.72946e-15     
  37.4            4.50306e-15     
  37.5            4.27656e-15     
  37.6            4.06648e-15     
  37.7            3.8563e-15      
  37.8            3.66674e-15     
  37.9            3.49786e-15     
  38              3.32896e-15     
  38.1            3.16006e-15     
  38.2            2.99128e-15     
  38.3            2.83838e-15     
  38.4            2.70148e-15     
  38.5            2.5646e-15      
  38.6            2.43802e-15     
  38.7            2.31146e-15     
  38.8            2.19738e-15     
  38.9            2.0956e-15      
  39              1.99391e-15     
  39.1            1.89212e-15     
  39.2            1.79043e-15     
  39.3            1.69834e-15     
  39.4            1.61575e-15     
  39.5            1.53327e-15     
  39.6            1.45729e-15     
  39.7            1.3813e-15      
  39.8            1.31276e-15     
  39.9            1.25164e-15     
  40              1.19052e-15     
  40.1            1.12951e-15     
  40.2            1.06839e-15     
  40.3            1.01299e-15     
  40.4            9.63372e-16     
  40.5            9.13746e-16     
  40.6            8.6828e-16      
  40.7            8.22826e-16     
  40.8            7.818e-16       
  40.9            7.45212e-16     
  41              7.08614e-16     
  41.1            6.72028e-16     
  41.2            6.3543e-16      
  41.3            6.0227e-16      
  41.4            5.72518e-16     
  41.5            5.42776e-16     
  41.6            5.15656e-16     
  41.7            4.88536e-16     
  41.8            4.64048e-16     
  41.9            4.42214e-16     
  42              4.20368e-16     
  42.1            3.98524e-16     
  42.2            3.76678e-16     
  42.3            3.56868e-16     
  42.4            3.3909e-16      
  42.5            3.21312e-16     
  42.6            3.05188e-16     
  42.7            2.89062e-16     
  42.8            2.74506e-16     
  42.9            2.61508e-16     
  43              2.4851e-16      
  43.1            2.35512e-16     
  43.2            2.22526e-16     
  43.3            2.10726e-16     
  43.4            2.00144e-16     
  43.5            1.89553e-16     
  43.6            1.79993e-16     
  43.7            1.70443e-16     
  43.8            1.61813e-16     
  43.9            1.54101e-16     
  44              1.464e-16       
  44.1            1.38688e-16     
  44.2            1.30986e-16     
  44.3            1.23987e-16     
  44.4            1.177e-16       
  44.5            1.11413e-16     
  44.6            1.05766e-16     
  44.7            1.00129e-16     
  44.8            9.50312e-17     
  44.9            9.04784e-17     
  45              8.59248e-17     
  45.1            8.1371e-17      
  45.2            7.68172e-17     
  45.3            7.26806e-17     
  45.4            6.89598e-17     
  45.5            6.52392e-17     
  45.6            6.19212e-17     
  45.7            5.86022e-17     
  45.8            5.56032e-17     
  45.9            5.2922e-17      
  46              5.0241e-17      
  46.1            4.756e-17       
  46.2            4.4879e-17      
  46.3            4.24416e-17     
  46.4            4.02488e-17     
  46.5            3.8055e-17      
  46.6            3.611e-17       
  46.7            3.4166e-17      
  46.8            3.2407e-17      
  46.9            3.08346e-17     
  47              2.92624e-17     
  47.1            2.769e-17       
  47.2            2.61168e-17     
  47.3            2.46868e-17     
  47.4            2.33974e-17     
  47.5            2.2109e-17      
  47.6            2.09746e-17     
  47.7            1.9839e-17      
  47.8            1.88128e-17     
  47.9            1.7894e-17      
  48              1.69752e-17     
  48.1            1.60564e-17     
  48.2            1.51376e-17     
  48.3            1.43014e-17     
  48.4            1.35467e-17     
  48.5            1.2792e-17      
  48.6            1.21324e-17     
  48.7            1.14727e-17     
  48.8            1.0876e-17      
  48.9            1.03412e-17     
  49              9.80654e-18     
  49.1            9.27176e-18     
  49.2            8.7371e-18      
  49.3            8.24994e-18     
  49.4            7.81024e-18     
  49.5            5.15408e-18     
  49.6            4.8611e-18      
  49.7            4.5681e-18      
  49.8            0.00            
//
#-------------------------------------------------------------------------------
#
#name:   JENDL-5: U-235(N,F) E_in=200. MeV
#X.axis: Energy
#Y.axis: 
#wdata:  2
#ldata:  621
#data...
# X               Y              
# MeV             1/eV           
  0.00            0.00            
  1.00e-8         7.12332e-11     
  2.00e-8         1.00739e-10     
  3.00e-8         1.2338e-10      
  4.00e-8         1.42467e-10     
  5.00e-8         1.59283e-10     
  6.00e-8         1.74485e-10     
  7.00e-8         1.88466e-10     
  8.00e-8         2.01478e-10     
  1.00e-7         2.25258e-10     
  1.50e-7         2.75884e-10     
  2.00e-7         3.18564e-10     
  2.50e-7         3.56166e-10     
  3.00e-7         3.9016e-10      
  3.50e-7         4.21422e-10     
  4.00e-7         4.50518e-10     
  4.50e-7         4.77846e-10     
  5.00e-7         5.03694e-10     
  5.50e-7         5.2828e-10      
  6.00e-7         5.5177e-10      
  6.50e-7         5.743e-10       
  7.00e-7         5.9598e-10      
  7.50e-7         6.16898e-10     
  8.00e-7         6.3713e-10      
  8.50e-7         6.56738e-10     
  9.00e-7         6.75778e-10     
  9.50e-7         6.94296e-10     
  1.00e-6         7.12332e-10     
  1.50e-6         8.72424e-10     
  2.00e-6         1.00739e-9      
  2.50e-6         1.1263e-9       
  3.00e-6         1.23379e-9      
  3.50e-6         1.33265e-9      
  4.00e-6         1.42466e-9      
  4.50e-6         1.51108e-9      
  5.00e-6         1.59282e-9      
  5.50e-6         1.67056e-9      
  6.00e-6         1.74485e-9      
  6.50e-6         1.81609e-9      
  7.00e-6         1.88465e-9      
  7.50e-6         1.95079e-9      
  8.00e-6         2.01477e-9      
  8.50e-6         2.07678e-9      
  9.00e-6         2.13699e-9      
  9.50e-6         2.19554e-9      
  1.00e-5         2.25258e-9      
  1.50e-5         2.75882e-9      
  2.00e-5         3.18561e-9      
  2.50e-5         3.5616e-9       
  3.00e-5         3.90153e-9      
  3.50e-5         4.21411e-9      
  4.00e-5         4.50506e-9      
  4.50e-5         4.77832e-9      
  5.00e-5         5.03677e-9      
  5.50e-5         5.2826e-9       
  6.00e-5         5.51747e-9      
  6.50e-5         5.74275e-9      
  7.00e-5         5.95951e-9      
  7.50e-5         6.16865e-9      
  8.00e-5         6.37094e-9      
  8.50e-5         6.56699e-9      
  9.00e-5         6.75735e-9      
  9.50e-5         6.94249e-9      
  1.00e-4         7.12282e-9      
  1.50e-4         8.72333e-9      
  2.00e-4         1.00725e-8      
  2.50e-4         1.1261e-8       
  3.00e-4         1.23353e-8      
  3.50e-4         1.33232e-8      
  4.00e-4         1.42426e-8      
  4.50e-4         1.5106e-8       
  5.00e-4         1.59226e-8      
  5.50e-4         1.66991e-8      
  6.00e-4         1.7441e-8       
  6.50e-4         1.81526e-8      
  7.00e-4         1.88371e-8      
  7.50e-4         1.94976e-8      
  8.00e-4         2.01363e-8      
  8.50e-4         2.07553e-8      
  9.00e-4         2.13563e-8      
  9.50e-4         2.19407e-8      
  1.00e-3         2.25099e-8      
  1.50e-3         2.7559e-8       
  2.00e-3         3.1811e-8       
  2.50e-3         3.55531e-8      
  3.00e-3         3.89326e-8      
  3.50e-3         4.2037e-8       
  4.00e-3         4.49234e-8      
  4.50e-3         4.76314e-8      
  5.00e-3         5.019e-8        
  5.50e-3         5.26209e-8      
  6.00e-3         5.49411e-8      
  6.50e-3         5.71641e-8      
  7.00e-3         5.93008e-8      
  7.50e-3         6.13602e-8      
  8.00e-3         6.335e-8        
  8.50e-3         6.52763e-8      
  9.00e-3         6.71448e-8      
  9.50e-3         6.89601e-8      
  0.01            7.07263e-8      
  0.015           8.63129e-8      
  0.02            9.93102e-8      
  0.025           1.10636e-7      
  0.03            1.20764e-7      
  0.035           1.29975e-7      
  0.04            1.38454e-7      
  0.045           1.46329e-7      
  0.05            1.53694e-7      
  0.055           1.60621e-7      
  0.06            1.67165e-7      
  0.065           1.73371e-7      
  0.07            1.79274e-7      
  0.075           1.84905e-7      
  0.08            1.90288e-7      
  0.085           1.95445e-7      
  0.09            2.00394e-7      
  0.095           2.05152e-7      
  0.1             2.09731e-7      
  0.15            2.47855e-7      
  0.2             2.76157e-7      
  0.25            2.97921e-7      
  0.3             3.14906e-7      
  0.35            3.28204e-7      
  0.4             3.38555e-7      
  0.45            3.46493e-7      
  0.5             3.52422e-7      
  0.55            3.56655e-7      
  0.6             3.59445e-7      
  0.65            3.60997e-7      
  0.7             3.6148e-7       
  0.8             3.5787e-7       
  0.9             3.47481e-7      
  1               3.3615e-7       
  1.1             3.2478e-7       
  1.2             3.13538e-7      
  1.3             3.01088e-7      
  1.4             2.88031e-7      
  1.5             2.74954e-7      
  1.6             2.62426e-7      
  1.7             2.49869e-7      
  1.8             2.38116e-7      
  1.9             2.26363e-7      
  2               2.15366e-7      
  2.1             2.04349e-7      
  2.2             1.94018e-7      
  2.3             1.84012e-7      
  2.4             1.74977e-7      
  2.5             1.65932e-7      
  2.6             1.57446e-7      
  2.7             1.4894e-7       
  2.8             1.41337e-7      
  2.9             1.34117e-7      
  3               1.27328e-7      
  3.1             1.20539e-7      
  3.2             1.14104e-7      
  3.3             1.08051e-7      
  3.4             1.02704e-7      
  3.5             9.73448e-8      
  3.6             9.22915e-8      
  3.7             8.72352e-8      
  3.8             8.27451e-8      
  3.9             7.85786e-8      
  4               7.46182e-8      
  4.1             7.06548e-8      
  4.2             6.6869e-8       
  4.3             6.3354e-8       
  4.4             6.02618e-8      
  4.5             5.71657e-8      
  4.6             5.42294e-8      
  4.7             5.12893e-8      
  4.8             4.86837e-8      
  4.9             4.62978e-8      
  5               4.40071e-8      
  5.1             4.17134e-8      
  5.2             3.95022e-8      
  5.3             3.74675e-8      
  5.4             3.56801e-8      
  5.5             3.38917e-8      
  5.6             3.21837e-8      
  5.7             3.04747e-8      
  5.8             2.89581e-8      
  5.9             2.75817e-8      
  6               2.62475e-8      
  6.1             2.49123e-8      
  6.2             2.36134e-8      
  6.3             2.24254e-8      
  6.4             2.13816e-8      
  6.5             2.03358e-8      
  6.6             1.93332e-8      
  6.7             1.83296e-8      
  6.8             1.74359e-8      
  6.9             1.66314e-8      
  7               1.58446e-8      
  7.1             1.50569e-8      
  7.2             1.42858e-8      
  7.3             1.35834e-8      
  7.4             1.29643e-8      
  7.5             1.23443e-8      
  7.6             1.17478e-8      
  7.7             1.11504e-8      
  7.8             1.06177e-8      
  7.9             1.01399e-8      
  8               9.66934e-9      
  8.1             9.19864e-9      
  8.2             8.73451e-9      
  8.3             8.31345e-9      
  8.4             7.94096e-9      
  8.5             7.56816e-9      
  8.6             7.20881e-9      
  8.7             6.84926e-9      
  8.8             6.52749e-9      
  8.9             6.23946e-9      
  9               5.95456e-9      
  9.1             5.66967e-9      
  9.2             5.38733e-9      
  9.3             5.13158e-9      
  9.4             4.90466e-9      
  9.5             4.67775e-9      
  9.6             4.45888e-9      
  9.7             4.23992e-9      
  9.8             4.04342e-9      
  9.9             3.86771e-9      
  10              3.69339e-9      
  10.1            3.51906e-9      
  10.2            3.34571e-9      
  10.3            3.18884e-9      
  10.4            3.04924e-9      
  10.5            2.90964e-9      
  10.6            2.77514e-9      
  10.7            2.64064e-9      
  10.8            2.51958e-9      
  10.9            2.41147e-9      
  11              2.30395e-9      
  11.1            2.19633e-9      
  11.2            2.08911e-9      
  11.3            1.99208e-9      
  11.4            1.90555e-9      
  11.5            1.81893e-9      
  11.6            1.73574e-9      
  11.7            1.65255e-9      
  11.8            1.5776e-9       
  11.9            1.51059e-9      
  12              1.44369e-9      
  12.1            1.37688e-9      
  12.2            1.31027e-9      
  12.3            1.24983e-9      
  12.4            1.19588e-9      
  12.5            1.14182e-9      
  12.6            1.09012e-9      
  12.7            1.03832e-9      
  12.8            9.91626e-10     
  12.9            9.49824e-10     
  13              9.081e-10       
  13.1            8.66378e-10     
  13.2            8.24722e-10     
  13.3            7.86934e-10     
  13.4            7.53078e-10     
  13.5            7.19222e-10     
  13.6            6.86888e-10     
  13.7            6.54564e-10     
  13.8            6.25328e-10     
  13.9            5.99124e-10     
  14              5.7296e-10      
  14.1            5.46806e-10     
  14.2            5.20662e-10     
  14.3            4.9693e-10      
  14.4            4.75614e-10     
  14.5            4.54296e-10     
  14.6            4.34028e-10     
  14.7            4.1376e-10      
  14.8            3.95384e-10     
  14.9            3.78912e-10     
  15              3.62452e-10     
  15.1            3.4598e-10      
  15.2            3.29528e-10     
  15.3            3.14568e-10     
  15.4            3.01098e-10     
  15.5            2.87628e-10     
  15.6            2.74884e-10     
  15.7            2.6213e-10      
  15.8            2.50554e-10     
  15.9            2.40166e-10     
  16              2.29766e-10     
  16.1            2.19378e-10     
  16.2            2.08988e-10     
  16.3            1.99532e-10     
  16.4            1.90997e-10     
  16.5            1.82462e-10     
  16.6            1.74417e-10     
  16.7            1.66383e-10     
  16.8            1.59074e-10     
  16.9            1.52491e-10     
  17              1.45919e-10     
  17.1            1.39336e-10     
  17.2            1.32763e-10     
  17.3            1.26769e-10     
  17.4            1.21344e-10     
  17.5            1.15928e-10     
  17.6            1.10847e-10     
  17.7            1.05765e-10     
  17.8            1.01134e-10     
  17.9            9.6964e-11      
  18              9.27938e-11     
  18.1            8.86234e-11     
  18.2            8.4454e-11      
  18.3            8.06446e-11     
  18.4            7.71954e-11     
  18.5            7.3746e-11      
  18.6            7.05272e-11     
  18.7            6.73084e-11     
  18.8            6.43742e-11     
  18.9            6.17254e-11     
  19              5.90766e-11     
  19.1            5.64268e-11     
  19.2            5.37782e-11     
  19.3            5.1354e-11      
  19.4            4.91554e-11     
  19.5            4.6957e-11      
  19.6            4.49154e-11     
  19.7            4.2874e-11      
  19.8            4.1011e-11      
  19.9            3.93256e-11     
  20              3.76412e-11     
  20.1            3.59558e-11     
  20.2            3.42704e-11     
  20.3            3.27262e-11     
  20.4            3.13232e-11     
  20.5            2.99194e-11     
  20.6            2.86234e-11     
  20.7            2.73276e-11     
  20.8            2.61424e-11     
  20.9            2.50692e-11     
  21              2.3996e-11      
  21.1            2.29238e-11     
  21.2            2.18504e-11     
  21.3            2.08654e-11     
  21.4            1.99689e-11     
  21.5            1.90722e-11     
  21.6            1.82482e-11     
  21.7            1.74251e-11     
  21.8            1.66707e-11     
  21.9            1.59869e-11     
  22              1.53031e-11     
  22.1            1.46193e-11     
  22.2            1.39346e-11     
  22.3            1.33067e-11     
  22.4            1.27328e-11     
  22.5            1.21599e-11     
  22.6            1.1636e-11      
  22.7            1.11121e-11     
  22.8            1.06324e-11     
  22.9            1.01959e-11     
  23              9.75998e-12     
  23.1            9.32382e-12     
  23.2            8.88764e-12     
  23.3            8.4862e-12      
  23.4            8.1194e-12      
  23.5            7.7526e-12      
  23.6            7.41944e-12     
  23.7            7.08628e-12     
  23.8            6.78068e-12     
  23.9            6.50246e-12     
  24              6.22424e-12     
  24.1            5.94602e-12     
  24.2            5.6678e-12      
  24.3            5.41126e-12     
  24.4            5.1766e-12      
  24.5            4.94184e-12     
  24.6            4.72984e-12     
  24.7            4.51794e-12     
  24.8            4.3232e-12      
  24.9            4.14574e-12     
  25              3.96826e-12     
  25.1            3.7907e-12      
  25.2            3.61324e-12     
  25.3            3.4494e-12      
  25.4            3.2992e-12      
  25.5            3.1489e-12      
  25.6            3.01412e-12     
  25.7            2.87932e-12     
  25.8            2.75522e-12     
  25.9            2.642e-12       
  26              2.5288e-12      
  26.1            2.41558e-12     
  26.2            2.30238e-12     
  26.3            2.1977e-12      
  26.4            2.10156e-12     
  26.5            2.00542e-12     
  26.6            1.91968e-12     
  26.7            1.83394e-12     
  26.8            1.75497e-12     
  26.9            1.68276e-12     
  27              1.61056e-12     
  27.1            1.53826e-12     
  27.2            1.46605e-12     
  27.3            1.39924e-12     
  27.4            1.33773e-12     
  27.5            1.27632e-12     
  27.6            1.22178e-12     
  27.7            1.16723e-12     
  27.8            1.117e-12       
  27.9            1.07089e-12     
  28              1.02488e-12     
  28.1            9.78872e-13     
  28.2            9.32832e-13     
  28.3            8.90168e-13     
  28.4            8.50858e-13     
  28.5            8.11548e-13     
  28.6            7.76908e-13     
  28.7            7.42268e-13     
  28.8            7.10276e-13     
  28.9            6.80952e-13     
  29              6.5163e-13      
  29.1            6.22306e-13     
  29.2            5.92984e-13     
  29.3            5.6576e-13      
  29.4            5.40646e-13     
  29.5            5.15522e-13     
  29.6            4.93536e-13     
  29.7            4.71542e-13     
  29.8            4.51206e-13     
  29.9            4.32546e-13     
  30              4.13876e-13     
  30.1            3.95208e-13     
  30.2            3.76538e-13     
  30.3            3.59194e-13     
  30.4            3.43154e-13     
  30.5            3.27114e-13     
  30.6            3.13164e-13     
  30.7            2.99214e-13     
  30.8            2.86304e-13     
  30.9            2.74434e-13     
  31              2.62562e-13     
  31.1            2.50692e-13     
  31.2            2.38812e-13     
  31.3            2.27766e-13     
  31.4            2.17534e-13     
  31.5            2.07302e-13     
  31.6            1.98463e-13     
  31.7            1.89623e-13     
  31.8            1.81432e-13     
  31.9            1.73898e-13     
  32              1.66353e-13     
  32.1            1.58809e-13     
  32.2            1.51265e-13     
  32.3            1.44231e-13     
  32.4            1.37717e-13     
  32.5            1.31203e-13     
  32.6            1.25601e-13     
  32.7            1.2001e-13      
  32.8            1.1482e-13      
  32.9            1.10032e-13     
  33              1.05245e-13     
  33.1            1.00458e-13     
  33.2            9.5673e-14      
  33.3            9.12064e-14     
  33.4            8.70576e-14     
  33.5            8.29088e-14     
  33.6            7.93732e-14     
  33.7            7.58366e-14     
  33.8            7.2552e-14      
  33.9            6.95188e-14     
  34              6.64854e-14     
  34.1            6.3452e-14      
  34.2            6.04188e-14     
  34.3            5.75836e-14     
  34.4            5.49466e-14     
  34.5            5.23096e-14     
  34.6            5.00776e-14     
  34.7            4.78458e-14     
  34.8            4.577e-14       
  34.9            4.3851e-14      
  35              4.19312e-14     
  35.1            4.00112e-14     
  35.2            3.80924e-14     
  35.3            3.62952e-14     
  35.4            3.46216e-14     
  35.5            3.29478e-14     
  35.6            3.1542e-14      
  35.7            3.01352e-14     
  35.8            2.88256e-14     
  35.9            2.7613e-14      
  36              2.63994e-14     
  36.1            2.5187e-14      
  36.2            2.39734e-14     
  36.3            2.28374e-14     
  36.4            2.17758e-14     
  36.5            2.07154e-14     
  36.6            1.98306e-14     
  36.7            1.89457e-14     
  36.8            1.81206e-14     
  36.9            1.73554e-14     
  37              1.65912e-14     
  37.1            1.5826e-14      
  37.2            1.50608e-14     
  37.3            1.43427e-14     
  37.4            1.36716e-14     
  37.5            1.29996e-14     
  37.6            1.24444e-14     
  37.7            1.18891e-14     
  37.8            1.13701e-14     
  37.9            1.08885e-14     
  38              1.04068e-14     
  38.1            9.9241e-15      
  38.2            9.44262e-15     
  38.3            8.98978e-15     
  38.4            8.56586e-15     
  38.5            8.14206e-15     
  38.6            7.7937e-15      
  38.7            7.44534e-15     
  38.8            7.11972e-15     
  38.9            6.81688e-15     
  39              6.51404e-15     
  39.1            6.2112e-15      
  39.2            5.90836e-15     
  39.3            5.62326e-15     
  39.4            5.35604e-15     
  39.5            5.0888e-15      
  39.6            4.87092e-15     
  39.7            4.65302e-15     
  39.8            4.44906e-15     
  39.9            4.25904e-15     
  40              4.06902e-15     
  40.1            3.879e-15       
  40.2            3.68906e-15     
  40.3            3.50992e-15     
  40.4            3.34178e-15     
  40.5            3.17364e-15     
  40.6            3.03756e-15     
  40.7            2.9016e-15      
  40.8            2.77406e-15     
  40.9            2.65516e-15     
  41              2.53616e-15     
  41.1            2.41726e-15     
  41.2            2.29826e-15     
  41.3            2.18602e-15     
  41.4            2.08036e-15     
  41.5            1.97482e-15     
  41.6            1.89005e-15     
  41.7            1.80529e-15     
  41.8            1.72583e-15     
  41.9            1.65147e-15     
  42              1.5772e-15      
  42.1            1.50284e-15     
  42.2            1.42858e-15     
  42.3            1.35834e-15     
  42.4            1.29212e-15     
  42.5            1.22599e-15     
  42.6            1.17331e-15     
  42.7            1.12063e-15     
  42.8            1.07109e-15     
  42.9            1.02478e-15     
  43              9.7849e-16      
  43.1            9.32176e-16     
  43.2            8.8585e-16      
  43.3            8.41998e-16     
  43.4            8.00618e-16     
  43.5            7.59248e-16     
  43.6            7.2659e-16      
  43.7            6.93932e-16     
  43.8            6.63196e-16     
  43.9            6.34392e-16     
  44              6.0558e-16      
  44.1            5.76778e-16     
  44.2            5.47964e-16     
  44.3            5.20662e-16     
  44.4            4.94842e-16     
  44.5            4.6903e-16      
  44.6            4.4883e-16      
  44.7            4.28632e-16     
  44.8            4.096e-16       
  44.9            3.91726e-16     
  45              3.7385e-16      
  45.1            3.55976e-16     
  45.2            3.38102e-16     
  45.3            3.2113e-16      
  45.4            3.0507e-16      
  45.5            2.89002e-16     
  45.6            2.76542e-16     
  45.7            2.64074e-16     
  45.8            2.5231e-16      
  45.9            2.41254e-16     
  46              2.30188e-16     
  46.1            2.19132e-16     
  46.2            2.08066e-16     
  46.3            1.9755e-16      
  46.4            1.87573e-16     
  46.5            1.77606e-16     
  46.6            1.69934e-16     
  46.7            1.62263e-16     
  46.8            1.55013e-16     
  46.9            1.48185e-16     
  47              1.41357e-16     
  47.1            1.34529e-16     
  47.2            1.27701e-16     
  47.3            1.21197e-16     
  47.4            1.15026e-16     
  47.5            1.08845e-16     
  47.6            1.04136e-16     
  47.7            9.94372e-17     
  47.8            9.49774e-17     
  47.9            9.07728e-17     
  48              8.6569e-17      
  48.1            8.23654e-17     
  48.2            7.81616e-17     
  48.3            7.41522e-17     
  48.4            7.0336e-17      
  48.5            6.65198e-17     
  48.6            6.36394e-17     
  48.7            6.07592e-17     
  48.8            5.8028e-17      
  48.9            5.54468e-17     
  49              5.28658e-17     
  49.1            5.02846e-17     
  49.2            4.77036e-17     
  49.3            4.52372e-17     
  49.4            4.28868e-17     
  49.5            1.40533e-17     
  49.6            1.32959e-17     
  49.7            1.25395e-17     
  49.8            0.00            
//
#-------------------------------------------------------------------------------
