Entry,DatasetID,idat,DATA,DATA-ERR,units
10267,10267024,975,-16.407,-43.41,B
10267,10267024,976,-48.209,-107.8,B
10267,10267024,977,-60.154,-120.31,B
10267,10267024,979,-8.5492,-24.181,B
10267,10267024,984,-6.2501,-17.678,B
10267,10267024,985,-36.293,-57.384,B
10267,10267024,987,-9.4836,-28.451,B
10267,10267024,998,-19.795,-48.487,B
10267,10267024,1008,-0.6607,-1.8687,B
10267,10267025,975,266.75,-175.93,B
10267,10267025,976,118.27,-523.81,B
10267,10267025,977,697.67,-667.55,B
10267,10267025,979,-196.92,-95.819,B
10267,10267025,984,184.03,-64.401,B
10267,10267025,985,-182.64,-196.52,B
10267,10267025,987,88.639,-104.25,B
10267,10267025,998,-163.06,-224.3,B
10267,10267025,1008,-28.005,-7.1079,B
10340,10340006,7,-0.181,-0.129,B
10340,10340006,9,-0.162,-0.126,B
10340,10340006,11,-0.08,-0.125,B
10340,10340006,12,-0.027,-0.13,B
10340,10340006,17,-0.027,-0.138,B
10340,10340006,22,-0.106,-0.121,B
10340,10340006,24,-0.009,-0.136,B
10340,10340006,26,-0.119,-0.146,B
10340,10340006,27,-0.085,-0.134,B
10340,10340006,29,-0.027,-0.119,B
10340,10340006,30,-0.09,-0.128,B
10340,10340006,31,-0.105,-0.129,B
10340,10340006,32,-0.142,-0.127,B
10340,10340006,33,-0.057,-0.127,B
10340,10340006,34,-0.281,-0.119,B
10340,10340006,37,-0.237,-0.136,B
10340,10340006,38,-0.282,-0.127,B
10340,10340006,39,-0.066,-0.128,B
10340,10340006,41,-0.039,-0.145,B
10340,10340006,42,-0.05,-0.165,B
10340,10340006,44,-0.018,-0.172,B
10340,10340006,49,-0.131,-0.132,B
10340,10340006,51,-0.119,-0.121,B
10340,10340006,53,-0.011,-0.151,B
10340,10340006,56,-0.085,-0.13,B
10340,10340006,60,-0.119,-0.132,B
10340,10340006,61,-0.018,-0.128,B
10340,10340006,62,-0.024,-0.128,B
10340,10340006,63,-0.27,-0.121,B
10340,10340006,64,-0.065,-0.131,B
10340,10340006,65,-0.2,-0.13,B
10340,10340006,66,-0.174,-0.148,B
10340,10340006,76,-0.041,-0.111,B
10340,10340006,84,-0.197,-0.156,B
10340,10340006,85,-0.213,-0.153,B
10340,10340006,91,-0.01,-0.127,B
10340,10340006,93,-0.272,-0.113,B
10340,10340006,94,-0.182,-0.118,B
10340,10340006,96,-0.114,-0.123,B
10340,10340006,97,-0.103,-0.112,B
10340,10340006,98,-0.07,-0.112,B
10340,10340006,100,-0.039,-0.107,B
10340,10340006,103,-0.083,-0.123,B
10340,10340006,105,-0.184,-0.118,B
10340,10340006,106,-0.207,-0.114,B
10340,10340006,110,-0.147,-0.12,B
10340,10340006,111,-0.007,-0.119,B
10340,10340006,113,-0.136,-0.12,B
10340,10340006,115,-0.096,-0.125,B
10340,10340006,116,-0.074,-0.13,B
10340,10340006,119,-0.05,-0.116,B
10340,10340006,122,-0.088,-0.126,B
10340,10340006,123,-0.326,-0.112,B
10340,10340006,127,-0.011,-0.113,B
10340,10340006,128,-0.011,-0.109,B
10340,10340006,130,-0.142,-0.217,B
10340,10340006,132,-0.03,-0.225,B
10340,10340006,134,-0.359,-0.204,B
10340,10340006,135,-0.4,-0.201,B
10340,10340006,137,-0.202,-0.211,B
10340,10340006,140,-0.035,-0.215,B
10340,10340006,141,-0.038,-0.217,B
10340,10340006,142,-0.122,-0.208,B
10340,10340006,144,-0.302,-0.203,B
10340,10340006,145,-0.181,-0.208,B
10340,10340006,147,-0.343,-0.194,B
10340,10340006,149,-0.107,-0.21,B
10340,10340006,150,-0.126,-0.213,B
10340,10340006,151,-0.179,-0.213,B
10340,10340006,152,-0.031,-0.222,B
10340,10340006,154,-0.015,-0.225,B
10340,10340006,156,-0.003,-0.227,B
10340,10340006,158,-0.053,-0.226,B
10340,10340006,162,-0.007,-0.235,B
10340,10340006,164,-0.387,-0.215,B
10340,10340006,166,-0.107,-0.24,B
10340,10340006,168,-0.558,-0.222,B
10340,10340006,169,-0.131,-0.253,B
10340,10340006,174,-0.19,-0.243,B
10340,10340006,175,-0.217,-0.238,B
10340,10340006,177,-0.016,-0.252,B
10340,10340006,179,-0.302,-0.243,B
10340,10340006,184,-0.537,-0.233,B
10340,10340006,185,-0.401,-0.241,B
10340,10340006,186,-0.11,-0.255,B
10340,10340006,187,-0.377,-0.232,B
10340,10340006,188,-0.338,-0.229,B
10340,10340006,189,-0.294,-0.224,B
10340,10340006,192,-0.234,-0.22,B
10340,10340006,193,-0.103,-0.228,B
10340,10340006,196,-0.212,-0.227,B
10340,10340006,197,-0.356,-0.222,B
10340,10340006,198,-0.291,-0.227,B
10340,10340006,199,-0.275,-0.229,B
10340,10340006,202,-0.16,-0.237,B
10340,10340006,204,-0.278,-0.236,B
10340,10340006,208,-0.192,-0.247,B
10340,10340006,212,-0.327,-0.248,B
10340,10340006,215,-0.255,-0.254,B
10340,10340006,216,-0.311,-0.247,B
10340,10340006,217,-0.082,-0.253,B
10340,10340006,220,-0.228,-0.241,B
10340,10340006,222,-0.142,-0.24,B
10340,10340006,225,-0.101,-0.227,B
10340,10340006,226,-0.238,-0.218,B
10340,10340006,227,-0.028,-0.225,B
10340,10340006,228,-0.441,-0.203,B
10340,10340006,229,-0.306,-0.209,B
10340,10340006,230,-0.332,-0.209,B
10340,10340006,231,-0.128,-0.217,B
10340,10340006,232,-0.297,-0.203,B
10340,10340006,234,-0.361,-0.204,B
10340,10340006,242,-0.103,-0.202,B
10340,10340006,243,-0.246,-0.193,B
10340,10340006,247,-0.156,-0.2,B
10340,10340006,248,-0.118,-0.203,B
10340,10340006,249,-0.36,-0.192,B
10340,10340006,250,-0.129,-0.205,B
10340,10340006,251,-0.085,-0.212,B
10340,10340006,253,-0.019,-0.209,B
10340,10340006,255,-0.166,-0.201,B
10340,10340006,256,-0.264,-0.195,B
10340,10340006,258,-0.033,-0.216,B
10340,10340006,259,-0.293,-0.204,B
10340,10340006,260,-0.136,-0.213,B
10340,10340006,261,-0.481,-0.192,B
10340,10340006,262,-0.137,-0.213,B
10340,10340006,264,-0.155,-0.211,B
10340,10340006,265,-0.159,-0.209,B
10340,10340006,266,-0.152,-0.21,B
10340,10340006,267,-0.092,-0.215,B
10340,10340006,268,-0.449,-0.192,B
10340,10340006,269,-0.116,-0.213,B
10340,10340006,271,-0.022,-0.22,B
10340,10340006,272,-0.1,-0.22,B
10340,10340006,273,-0.106,-0.22,B
10340,10340006,274,-0.026,-0.226,B
10340,10340006,277,-0.29,-0.218,B
10340,10340006,279,-0.228,-0.228,B
10340,10340006,280,-0.06,-0.238,B
10340,10340006,281,-0.165,-0.232,B
10340,10340006,282,-0.195,-0.233,B
10340,10340006,287,-0.489,-0.225,B
10340,10340006,290,-0.06,-0.248,B
10340,10340006,291,-0.129,-0.241,B
10340,10340006,292,-0.101,-0.245,B
10340,10340006,293,-0.464,-0.228,B
10340,10340006,294,-0.243,-0.235,B
10340,10340006,295,-0.236,-0.231,B
10340,10340006,298,-0.141,-0.242,B
10340,10340006,299,-0.335,-0.233,B
10340,10340006,300,-0.221,-0.239,B
10340,10340006,301,-0.361,-0.229,B
10340,10340006,302,-0.485,-0.228,B
10340,10340006,303,-0.13,-0.248,B
10340,10340006,304,-0.05,-0.249,B
10340,10340006,305,-0.644,-0.217,B
10340,10340006,306,-0.223,-0.244,B
10340,10340006,308,-0.207,-0.239,B
10340,10340006,309,-0.162,-0.247,B
10340,10340006,310,-0.211,-0.243,B
10340,10340006,313,-0.341,-0.237,B
10340,10340006,314,-0.098,-0.253,B
10340,10340006,315,-0.291,-0.248,B
10340,10340006,317,-0.23,-0.241,B
10340,10340006,318,-0.098,-0.244,B
10340,10340006,319,-0.447,-0.226,B
10340,10340006,321,-0.11,-0.238,B
10340,10340006,326,-0.476,-0.207,B
10340,10340006,328,-0.171,-0.229,B
10340,10340006,329,-0.324,-0.222,B
10340,10340006,331,-0.513,-0.208,B
10340,10340006,333,-0.16,-0.227,B
10340,10340006,334,0,-0.233,B
10340,10340006,335,-0.216,-0.224,B
10340,10340006,338,-0.251,-0.219,B
10340,10340006,341,-0.197,-0.218,B
10340,10340006,342,-0.348,-0.209,B
10340,10340006,343,-0.193,-0.213,B
10340,10340006,344,-0.069,-0.219,B
10340,10340006,345,-0.109,-0.218,B
10340,10340006,346,-0.125,-0.215,B
10340,10340006,350,-0.19,-0.19,B
10340,10340006,351,-0.206,-0.188,B
10340,10340006,352,-0.349,-0.179,B
10340,10340006,355,-0.104,-0.187,B
10340,10340006,357,-0.177,-0.185,B
10340,10340006,358,-0.176,-0.186,B
10340,10340006,368,-0.084,-0.204,B
10340,10340006,370,-0.126,-0.199,B
10340,10340006,371,-0.037,-0.204,B
10340,10340006,372,-0.166,-0.198,B
10340,10340006,377,-0.44,-0.192,B
10340,10340006,378,-0.268,-0.203,B
10340,10340006,381,-0.103,-0.219,B
10340,10340006,382,-0.403,-0.204,B
10340,10340006,386,-0.497,-0.201,B
10340,10340006,387,-0.225,-0.224,B
10340,10340006,388,-0.003,-0.239,B
10340,10340006,389,-0.073,-0.236,B
10340,10340006,390,-0.446,-0.217,B
10340,10340006,391,-0.033,-0.242,B
10340,10340006,393,-0.469,-0.222,B
10340,10340006,396,-0.171,-0.232,B
10340,10340006,398,-0.349,-0.227,B
10340,10340006,402,-0.044,-0.254,B
10340,10340006,403,-0.644,-0.219,B
10340,10340006,404,-0.513,-0.23,B
10340,10340006,406,-0.053,-0.255,B
10340,10340006,410,-0.157,-0.249,B
10340,10340006,411,-0.018,-0.254,B
10340,10340006,419,-0.228,-0.208,B
10340,10340006,423,-0.31,-0.195,B
10340,10340006,425,-0.027,-0.207,B
10340,10340006,437,-0.019,-0.213,B
10340,10340006,439,-0.003,-0.211,B
10340,10340006,440,-0.166,-0.198,B
10340,10340006,441,-0.222,-0.194,B
10340,10340006,443,-0.006,-0.204,B
10340,10340006,444,-0.556,-0.174,B
10340,10340006,451,-0.087,-0.196,B
10340,10340006,453,-0.096,-0.191,B
10340,10340006,454,-0.049,-0.193,B
10340,10340006,455,-0.299,-0.177,B
10340,10340006,457,-0.075,-0.188,B
10340,10340006,459,-0.102,-0.186,B
10340,10340006,462,-0.078,-0.188,B
10340,10340006,464,-0.209,-0.18,B
10340,10340006,465,-0.116,-0.183,B
10340,10340006,469,-0.193,-0.175,B
10340,10340006,470,-0.098,-0.182,B
10340,10340006,471,-0.113,-0.181,B
10340,10340006,475,-0.051,-0.185,B
10340,10340006,476,-0.417,-0.167,B
10340,10340006,478,-0.076,-0.185,B
10340,10340006,481,-0.069,-0.185,B
10340,10340006,482,-0.288,-0.176,B
10340,10340006,483,-0.002,-0.194,B
10340,10340006,485,-0.286,-0.185,B
10340,10340006,486,-0.063,-0.198,B
10340,10340006,488,-0.142,-0.192,B
10340,10340006,490,-0.425,-0.179,B
10340,10340006,493,-0.159,-0.2,B
10340,10340006,495,-0.262,-0.193,B
10340,10340006,496,-0.139,-0.202,B
10340,10340006,497,-0.21,-0.201,B
10340,10340006,498,-0.078,-0.211,B
10340,10340006,503,-0.108,-0.209,B
10340,10340006,508,-0.191,-0.2,B
10340,10340006,510,-0.442,-0.182,B
10340,10340006,511,-0.601,-0.171,B
10340,10340006,514,-0.04,-0.199,B
10340,10340006,516,-0.315,-0.18,B
10340,10340006,517,-0.385,-0.172,B
10340,10340006,518,-0.367,-0.168,B
10340,10340006,519,-0.002,-0.187,B
10340,10340006,521,-0.265,-0.174,B
10340,10340006,525,-0.162,-0.187,B
10340,10340006,527,-0.023,-0.199,B
10340,10340006,530,-0.094,-0.203,B
10340,10340006,532,-0.332,-0.195,B
10340,10340006,536,-0.322,-0.211,B
10340,10340006,538,-0.325,-0.214,B
10340,10340006,539,-0.28,-0.21,B
10340,10340006,540,-0.152,-0.217,B
10340,10340006,542,-0.074,-0.221,B
10340,10340006,547,-0.035,-0.213,B
10340,10340006,549,-0.306,-0.193,B
10340,10340006,550,-0.032,-0.204,B
10340,10340006,551,-0.273,-0.187,B
10340,10340006,552,-0.002,-0.199,B
10340,10340006,554,-0.372,-0.174,B
10340,10340006,558,-0.359,-0.179,B
10340,10340006,559,-0.031,-0.198,B
10340,10340006,560,-0.131,-0.189,B
10340,10340006,563,-0.354,-0.177,B
10340,10340006,564,-0.061,-0.194,B
10340,10340006,567,-0.222,-0.186,B
10340,10340006,568,-0.025,-0.197,B
10340,10340006,569,-0.241,-0.188,B
10340,10340006,571,-0.125,-0.193,B
10340,10340006,572,-0.118,-0.193,B
10340,10340006,573,-0.2,-0.186,B
10340,10340006,579,-0.193,-0.187,B
10340,10340006,580,-0.017,-0.197,B
10340,10340006,582,-0.052,-0.198,B
10340,10340006,583,-0.253,-0.189,B
10340,10340006,584,-0.2,-0.192,B
10340,10340006,585,-0.072,-0.203,B
10340,10340006,589,-0.174,-0.203,B
10340,10340006,591,-0.184,-0.211,B
10340,10340006,592,-0.251,-0.211,B
10340,10340006,593,-0.086,-0.222,B
10340,10340006,595,-0.316,-0.214,B
10340,10340006,597,-0.008,-0.235,B
10340,10340006,599,-0.066,-0.24,B
10340,10340006,600,-0.343,-0.228,B
10340,10340006,601,-0.414,-0.224,B
10340,10340006,602,-0.084,-0.239,B
10340,10340006,603,-0.496,-0.215,B
10340,10340006,604,-0.091,-0.24,B
10340,10340006,605,-0.096,-0.246,B
10340,10340006,607,-0.239,-0.241,B
10340,10340006,609,-0.1,-0.24,B
10340,10340006,610,-0.26,-0.232,B
10340,10340006,611,-0.135,-0.243,B
10340,10340006,612,-0.101,-0.248,B
10340,10340006,613,-0.253,-0.238,B
10340,10340006,614,-0.144,-0.243,B
10340,10340006,617,-0.216,-0.246,B
10340,10340006,618,-0.228,-0.242,B
10340,10340006,621,-0.336,-0.249,B
10340,10340006,622,-0.559,-0.239,B
10340,10340006,625,-0.176,-0.263,B
10340,10340006,626,-0.284,-0.251,B
10340,10340006,629,-0.528,-0.261,B
10340,10340006,631,-0.006,-0.29,B
10340,10340006,632,-0.438,-0.278,B
10340,10340006,633,-0.784,-0.26,B
10340,10340006,634,-0.348,-0.288,B
10340,10340006,636,-0.384,-0.292,B
10340,10340006,637,-0.223,-0.304,B
10340,10340006,639,-0.048,-0.322,B
10340,10340006,641,-0.156,-0.316,B
10340,10340006,644,-0.031,-0.341,B
10340,10340006,645,-0.4,-0.308,B
10340,10340006,650,-0.447,-0.326,B
10340,10340006,653,-0.292,-0.342,B
10340,10340006,654,-0.168,-0.337,B
10340,10340006,655,-0.004,-0.349,B
10340,10340006,658,-0.1,-0.341,B
10340,10340006,662,-0.337,-0.337,B
10340,10340006,663,-0.943,-0.311,B
10340,10340006,667,-0.182,-0.344,B
10340,10340006,668,-0.549,-0.32,B
10340,10340006,670,-0.04,-0.349,B
10340,10340006,671,-0.439,-0.342,B
10340,10340006,675,-0.608,-0.331,B
10340,10340006,677,-0.447,-0.329,B
10340,10340006,678,-0.286,-0.337,B
10340,10340006,679,-0.03,-0.353,B
10340,10340006,680,-0.539,-0.318,B
10340,10340006,686,-0.205,-0.362,B
10340,10340006,688,-0.064,-0.371,B
10340,10340006,690,-0.469,-0.351,B
10340,10340006,691,-0.452,-0.367,B
10340,10340006,692,-0.387,-0.371,B
10340,10340006,693,-0.735,-0.384,B
10340,10340006,695,-0.435,-0.404,B
10340,10340006,696,-0.106,-0.427,B
10340,10340006,701,-0.873,-0.389,B
10340,10340006,704,-0.206,-0.395,B
10340,10340006,709,-0.531,-0.355,B
10340,10340006,712,-0.144,-0.35,B
10340,10340006,714,-0.009,-0.342,B
10340,10340006,716,-0.031,-0.333,B
10340,10340006,717,-0.568,-0.299,B
10340,10340006,719,-0.096,-0.33,B
10340,10340006,720,-0.506,-0.303,B
10340,10340006,722,-0.038,-0.339,B
10340,10340006,724,-0.294,-0.339,B
10340,10340006,725,-0.479,-0.33,B
10340,10340006,730,-0.075,-0.359,B
10340,10340006,733,-0.54,-0.341,B
10340,10340006,735,-0.124,-0.361,B
10340,10340006,750,-0.121,-0.252,B
10340,10340006,751,-0.15,-0.246,B
10340,10340006,752,-0.007,-0.258,B
10340,10340006,753,-0.429,-0.233,B
10340,10340006,754,-0.15,-0.248,B
10340,10340006,755,-0.222,-0.243,B
10340,10340006,759,-0.238,-0.24,B
10340,10340006,760,-0.018,-0.251,B
10340,10340006,762,-0.016,-0.263,B
10340,10340006,766,-0.25,-0.253,B
10340,10340006,768,-0.228,-0.255,B
10340,10340006,769,-0.333,-0.244,B
10340,10340006,770,-0.264,-0.255,B
10340,10340006,772,-0.353,-0.249,B
10340,10340006,773,-0.241,-0.25,B
10340,10340006,774,-0.051,-0.256,B
10340,10340006,775,-0.046,-0.261,B
10340,10340006,777,-0.069,-0.262,B
10340,10340006,782,-0.756,-0.211,B
10340,10340006,783,-0.164,-0.236,B
10340,10340006,784,-0.2,-0.23,B
10340,10340006,785,-0.215,-0.23,B
10340,10340006,786,-0.097,-0.232,B
10340,10340006,787,-0.07,-0.224,B
10340,10340006,788,-0.302,-0.219,B
10340,10340006,789,-0.255,-0.212,B
10340,10340006,790,-0.118,-0.216,B
10340,10340006,791,-0.263,-0.209,B
10340,10340006,793,-0.258,-0.204,B
10340,10340006,794,-0.068,-0.212,B
10340,10340006,797,-0.212,-0.209,B
10340,10340006,798,-0.506,-0.19,B
10340,10340006,799,-0.089,-0.215,B
10340,10340006,800,-0.085,-0.215,B
10340,10340006,801,-0.179,-0.211,B
10340,10340006,802,-0.166,-0.214,B
10340,10340006,805,-0.163,-0.215,B
10340,10340006,807,-0.217,-0.216,B
10340,10340006,813,-0.353,-0.196,B
10340,10340006,814,-0.133,-0.205,B
10340,10340006,816,-0.032,-0.213,B
10340,10340006,817,-0.26,-0.2,B
10340,10340006,818,-0.026,-0.213,B
10340,10340006,819,-0.037,-0.205,B
10340,10340006,820,-0.472,-0.182,B
10340,10340006,821,-0.127,-0.199,B
10340,10340006,825,-0.105,-0.197,B
10340,10340006,827,-0.093,-0.198,B
10340,10340006,829,-0.066,-0.2,B
10340,10340006,834,-0.181,-0.199,B
10340,10340006,837,-0.099,-0.214,B
10340,10340006,838,-0.134,-0.21,B
10340,10340006,844,-0.053,-0.222,B
10340,10340006,847,-0.24,-0.203,B
10340,10340006,848,-0.223,-0.202,B
10340,10340006,851,-0.095,-0.208,B
10340,10340006,855,0,-0.201,B
10340,10340006,857,-0.422,-0.18,B
10340,10340006,858,-0.1,-0.197,B
10340,10340006,861,-0.239,-0.179,B
10340,10340006,862,-0.062,-0.187,B
10340,10340006,864,-0.131,-0.188,B
10340,10340006,867,-0.26,-0.176,B
10340,10340006,872,-0.168,-0.198,B
10340,10340006,873,-0.027,-0.203,B
10340,10340006,877,-0.047,-0.201,B
10340,10340006,878,-0.136,-0.194,B
10340,10340006,879,-0.155,-0.195,B
10340,10340006,881,-0.448,-0.179,B
10340,10340006,882,-0.313,-0.185,B
10340,10340006,884,-0.213,-0.193,B
10340,10340006,891,-0.14,-0.178,B
10340,10340006,893,-0.148,-0.178,B
10340,10340006,894,-0.059,-0.187,B
10340,10340006,896,-0.574,-0.157,B
10340,10340006,897,-0.005,-0.189,B
10340,10340006,898,-0.399,-0.164,B
10340,10340006,899,-0.445,-0.163,B
10340,10340006,900,-0.033,-0.189,B
10340,10340006,902,-0.124,-0.183,B
10340,10340006,905,-0.038,-0.192,B
10340,10340006,907,-0.148,-0.182,B
10340,10340006,908,-0.052,-0.196,B
10340,10340006,909,-0.16,-0.186,B
10340,10340006,913,-0.111,-0.197,B
10340,10340006,915,-0.09,-0.207,B
10340,10340006,917,-0.166,-0.21,B
10340,10340006,918,-0.33,-0.205,B
10340,10340006,919,-0.23,-0.217,B
10340,10340006,920,-0.267,-0.215,B
10340,10340006,924,-0.023,-0.256,B
10340,10340006,927,-0.23,-0.298,B
10340,10340006,932,-0.103,-0.443,B
10340,10340006,935,-0.573,-0.551,B
10340,10340006,937,-0.089,-0.657,B
10340,10340006,939,-0.586,-0.669,B
10340,10340006,940,-1.306,-0.64,B
10340,10340006,941,-0.026,-0.658,B
10340,10340006,943,-0.356,-0.573,B
10340,10340006,944,-0.569,-0.509,B
10340,10340006,945,-0.525,-0.479,B
10340,10340006,946,-0.255,-0.466,B
10340,10340006,949,-0.019,-0.361,B
10340,10340006,950,-0.443,-0.303,B
10340,10340006,955,-0.348,-0.234,B
10340,10340006,956,-0.118,-0.235,B
10340,10340006,970,-0.112,-0.188,B
10340,10340006,978,-0.308,-0.177,B
10340,10340006,980,-0.165,-0.18,B
10340,10340006,981,-0.068,-0.183,B
10340,10340006,983,-0.067,-0.18,B
10340,10340006,986,-0.087,-0.172,B
10340,10340006,991,-0.155,-0.166,B
10340,10340006,992,-0.089,-0.168,B
10340,10340006,994,-0.102,-0.168,B
10340,10340006,996,-0.064,-0.171,B
10340,10340006,1002,-0.072,-0.177,B
10340,10340006,1003,-0.101,-0.183,B
10340,10340006,1004,-0.395,-0.168,B
10340,10340006,1005,-0.209,-0.184,B
10340,10340006,1012,-0.182,-0.194,B
10340,10340006,1014,-0.131,-0.199,B
10340,10340006,1018,-0.248,-0.191,B
10340,10340006,1020,-0.043,-0.195,B
10340,10340006,1023,-0.335,-0.18,B
10340,10340006,1024,-0.048,-0.2,B
10340,10340006,1030,-0.142,-0.209,B
10340,10340006,1034,-0.069,-0.218,B
10340,10340006,1036,-0.033,-0.222,B
10340,10340006,1044,-0.182,-0.188,B
10340,10340006,1129,-0.16,-0.191,B
10340,10340006,1131,-0.086,-0.2,B
10340,10340006,1133,-0.049,-0.205,B
10340,10340006,1144,-0.045,-0.205,B
10340,10340006,1145,-0.128,-0.194,B
10340,10340006,1151,-0.06,-0.195,B
10340,10340006,1154,-0.049,-0.178,B
10340,10340006,1156,-0.078,-0.169,B
10340,10340006,1158,-0.036,-0.174,B
10340,10340006,1161,-0.308,-0.153,B
10340,10340006,1162,-0.11,-0.162,B
10340,10340006,1163,-0.32,-0.149,B
10340,10340006,1165,-0.279,-0.148,B
10340,10340006,1167,-0.008,-0.165,B
10340,10340006,1173,-0.137,-0.151,B
10340,10340006,1175,-0.143,-0.151,B
10340,10340006,1177,-0.186,-0.149,B
10340,10340006,1178,-0.179,-0.152,B
10340,10340006,1179,-0.188,-0.153,B
10340,10340006,1180,-0.249,-0.151,B
10340,10340006,1181,-0.036,-0.164,B
10340,10340006,1182,-0.035,-0.165,B
10340,10340006,1183,-0.207,-0.157,B
10340,10340006,1184,-0.154,-0.161,B
10340,10340006,1185,-0.05,-0.173,B
10340,10340006,1187,-0.095,-0.18,B
10340,10340006,1189,-0.248,-0.182,B
10340,10340006,1190,-0.138,-0.193,B
10340,10340006,1194,-0.023,-0.195,B
10340,10340006,1195,-0.033,-0.183,B
10340,10340006,1196,-0.235,-0.172,B
10340,10340006,1197,-0.225,-0.173,B
10340,10340006,1198,-0.051,-0.177,B
10340,10340006,1199,-0.08,-0.174,B
10340,10340006,1206,-0.28,-0.151,B
10340,10340006,1209,-0.115,-0.168,B
10340,10340006,1210,-0.285,-0.168,B
10340,10340006,1213,-0.087,-0.189,B
10340,10340006,1214,-0.14,-0.186,B
10340,10340006,1215,-0.278,-0.182,B
10340,10340006,1218,-0.062,-0.203,B
10340,10340006,1219,-0.027,-0.203,B
10340,10340006,1221,-0.205,-0.191,B
10340,10340006,1222,-0.111,-0.196,B
10340,10340006,1230,-0.133,-0.179,B
10340,10340006,1233,-0.19,-0.167,B
10340,10340006,1237,-0.1,-0.161,B
10340,10340006,1238,-0.14,-0.155,B
10340,10340006,1243,-0.034,-0.162,B
10340,10340006,1246,-0.048,-0.164,B
10340,10340006,1247,-0.204,-0.152,B
10340,10340006,1248,-0.174,-0.155,B
10340,10340006,1249,-0.01,-0.165,B
10340,10340006,1250,-0.083,-0.156,B
10340,10340006,1252,-0.093,-0.157,B
10340,10340006,1253,-0.107,-0.159,B
10340,10340006,1255,-0.097,-0.156,B
10340,10340006,1260,-0.113,-0.154,B
10340,10340006,1261,-0.06,-0.159,B
10340,10340006,1262,-0.117,-0.16,B
10340,10340006,1265,-0.062,-0.165,B
10340,10340006,1266,-0.122,-0.158,B
10340,10340006,1267,-0.047,-0.162,B
10340,10340006,1268,-0.214,-0.153,B
10340,10340006,1269,-0.061,-0.162,B
10340,10340006,1270,-0.06,-0.162,B
10340,10340006,1272,-0.049,-0.162,B
10340,10340006,1274,-0.019,-0.163,B
10340,10340006,1276,-0.053,-0.158,B
10340,10340006,1277,-0.033,-0.162,B
10340,10340006,1278,-0.023,-0.163,B
10340,10340006,1280,-0.074,-0.157,B
10340,10340006,1281,-0.074,-0.16,B
10340,10340006,1282,-0.054,-0.161,B
10340,10340006,1284,-0.203,-0.153,B
10340,10340006,1285,-0.107,-0.154,B
10340,10340006,1286,-0.039,-0.156,B
10340,10340006,1289,-0.148,-0.156,B
10340,10340006,1290,-0.18,-0.155,B
10340,10340006,1294,-0.12,-0.157,B
10340,10340006,1296,-0.311,-0.148,B
10340,10340006,1297,-0.228,-0.152,B
10340,10340006,1298,-0.147,-0.154,B
10340,10340006,1304,-0.056,-0.159,B
10340,10340006,1306,-0.033,-0.156,B
10340,10340006,1307,-0.287,-0.144,B
10340,10340006,1308,-0.008,-0.163,B
10340,10340006,1312,-0.286,-0.164,B
10340,10340006,1313,-0.057,-0.179,B
10340,10340006,1314,-0.22,-0.168,B
10340,10340006,1315,-0.152,-0.172,B
10340,10340006,1316,-0.032,-0.183,B
10340,10340006,1318,-0.067,-0.177,B
10340,10340006,1319,-0.054,-0.181,B
10340,10340006,1320,-0.166,-0.174,B
10340,10340006,1321,-0.386,-0.166,B
10340,10340006,1324,-0.229,-0.162,B
10340,10340006,1328,-0.108,-0.148,B
10340,10340006,1329,-0.095,-0.148,B
10340,10340006,1331,-0.164,-0.137,B
10340,10340006,1335,-0.132,-0.138,B
10340,10340006,1336,-0.273,-0.134,B
10340,10340006,1337,-0.132,-0.139,B
10340,10340006,1341,-0.06,-0.143,B
10340,10340006,1347,-0.164,-0.135,B
10340,10340006,1348,-0.114,-0.138,B
10340,10340006,1349,-0.419,-0.123,B
10340,10340006,1350,-0.037,-0.142,B
10340,10340006,1352,-0.099,-0.136,B
10340,10340006,1353,-0.031,-0.141,B
10340,10340006,1355,-0.194,-0.134,B
10340,10340006,1356,-0.044,-0.14,B
10340,10340006,1357,-0.121,-0.136,B
10340,10340006,1358,-0.13,-0.14,B
10340,10340006,1359,-0.052,-0.145,B
10340,10340006,1361,-0.124,-0.146,B
10340,10340006,1363,-0.079,-0.147,B
10340,10340006,1364,-0.082,-0.147,B
10340,10340006,1368,-0.12,-0.147,B
10340,10340006,1371,-0.013,-0.161,B
10340,10340006,1375,-0.235,-0.162,B
10340,10340006,1376,-0.024,-0.175,B
10340,10340006,1377,-0.182,-0.166,B
10340,10340006,1378,-0.146,-0.168,B
10340,10340006,1380,-0.099,-0.172,B
10340,10340006,1384,-0.086,-0.175,B
10340,10340006,1385,-0.218,-0.167,B
10340,10340006,1386,-0.15,-0.169,B
10340,10340006,1388,-0.169,-0.162,B
10340,10340006,1389,-0.234,-0.16,B
10340,10340006,1390,-0.104,-0.168,B
10340,10340006,1391,-0.061,-0.169,B
10340,10340006,1393,-0.148,-0.163,B
10340,10340006,1402,-0.063,-0.165,B
10340,10340006,1403,-0.126,-0.167,B
10340,10340006,1404,-0.275,-0.159,B
10340,10340006,1409,-0.035,-0.168,B
10340,10340006,1410,-0.144,-0.163,B
10340,10340006,1412,-0.143,-0.162,B
10340,10340006,1413,-0.045,-0.169,B
10340,10340006,1414,-0.111,-0.164,B
10340,10340006,1415,-0.048,-0.164,B
10340,10340006,1418,-0.111,-0.155,B
10340,10340006,1420,-0.066,-0.156,B
10340,10340006,1422,-0.167,-0.152,B
10340,10340006,1424,-0.278,-0.147,B
10340,10340006,1425,-0.057,-0.162,B
10340,10340006,1428,-0.424,-0.145,B
10340,10340006,1430,-0.06,-0.162,B
10340,10340006,1431,-0.171,-0.154,B
10340,10340006,1434,-0.022,-0.161,B
10340,10340006,1435,-0.115,-0.151,B
10340,10340006,1436,-0.219,-0.141,B
10340,10340006,1437,-0.038,-0.15,B
10340,10340006,1440,-0.176,-0.133,B
10340,10340006,1442,-0.095,-0.143,B
10340,10340006,1443,-0.268,-0.136,B
10340,10340006,1446,-0.039,-0.147,B
10340,10340006,1447,-0.058,-0.148,B
10340,10340006,1452,-0.003,-0.168,B
10340,10340006,1454,-0.301,-0.154,B
10340,10340006,1456,-0.096,-0.164,B
10340,10340006,1458,-0.158,-0.165,B
10340,10340006,1459,-0.094,-0.16,B
10340,10340006,1460,-0.074,-0.163,B
10340,10340006,1461,-0.046,-0.159,B
10340,10340006,1462,-0.035,-0.161,B
10340,10340006,1463,-0.165,-0.149,B
10340,10340006,1464,-0.143,-0.147,B
10340,10340006,1466,-0.148,-0.142,B
10340,10340006,1467,-0.339,-0.13,B
10340,10340006,1468,-0.235,-0.137,B
10340,10340006,1471,-0.371,-0.124,B
10340,10340006,1473,-0.138,-0.141,B
10340,10340006,1474,-0.038,-0.149,B
10340,10340006,1475,-0.01,-0.147,B
10340,10340006,1476,-0.13,-0.143,B
10340,10340006,1480,-0.043,-0.141,B
10340,10340006,1482,-0.101,-0.135,B
10340,10340006,1483,-0.044,-0.136,B
10340,10340006,1486,-0.091,-0.138,B
10340,10340006,1488,-0.069,-0.143,B
10340,10340006,1489,-0.128,-0.141,B
10340,10340006,1491,-0.006,-0.153,B
10340,10340006,1494,-0.063,-0.158,B
10340,10340006,1495,-0.049,-0.16,B
10340,10340006,1497,-0.271,-0.157,B
10340,10340006,1498,-0.035,-0.168,B
10340,10340006,1499,-0.032,-0.163,B
10340,10340006,1500,-0.096,-0.158,B
10340,10340006,1508,-0.202,-0.139,B
10340,10340006,1529,-0.034,-0.131,B
10340,10340006,1532,-0.053,-0.125,B
10340,10340006,1533,-0.078,-0.119,B
10340,10340006,1536,-0.124,-0.117,B
10340,10340006,1544,-0.071,-0.13,B
10340,10340006,1545,-0.35,-0.12,B
10340,10340006,1546,-0.046,-0.143,B
10340,10340006,1549,-0.116,-0.141,B
10340,10340006,1550,-0.108,-0.145,B
10340,10340006,1553,-0.101,-0.15,B
10340,10340006,1554,-0.237,-0.144,B
10340,10340006,1555,-0.041,-0.159,B
10340,10340006,1557,-0.035,-0.164,B
10340,10340006,1558,-0.05,-0.165,B
10340,10340006,1560,-0.233,-0.15,B
10340,10340006,1562,-0.014,-0.167,B
10340,10340006,1564,-0.168,-0.152,B
10340,10340006,1568,-0.123,-0.146,B
10340,10340006,1569,-0.003,-0.144,B
10340,10340006,1570,-0.005,-0.142,B
10340,10340006,1574,-0.064,-0.137,B
10340,10340006,1575,-0.013,-0.139,B
10340,10340006,1577,-0.022,-0.141,B
10340,10340006,1579,-0.237,-0.132,B
10340,10340006,1580,-0.003,-0.141,B
10340,10340006,1581,-0.146,-0.139,B
10340,10340006,1583,-0.331,-0.137,B
10340,10340006,1587,-0.266,-0.141,B
10340,10340006,1588,-0.003,-0.153,B
10340,10340006,1589,-0.074,-0.15,B
10340,10340006,1595,-0.021,-0.134,B
10340,10340006,1600,-0.089,-0.13,B
10340,10340006,1601,-0.015,-0.134,B
10340,10340006,1603,-0.24,-0.124,B
10340,10340006,1604,-0.124,-0.127,B
10340,10340006,1607,-0.109,-0.139,B
10340,10340006,1609,-0.082,-0.146,B
10340,10340006,1610,-0.214,-0.141,B
10340,10340006,1613,-0.179,-0.138,B
10340,10340006,1617,-0.084,-0.15,B
10340,10340006,1618,-0.137,-0.144,B
10340,10340006,1621,-0.01,-0.151,B
10340,10340006,1624,-0.028,-0.15,B
10340,10340006,1628,-0.027,-0.148,B
10340,10340006,1629,-0.018,-0.147,B
10340,10340006,1631,-0.247,-0.136,B
10340,10340006,1632,-0.02,-0.145,B
10340,10340006,1634,-0.017,-0.143,B
10340,10340006,1641,-0.058,-0.132,B
10340,10340006,1644,-0.024,-0.129,B
10340,10340006,1647,-0.144,-0.116,B
10340,10340006,1648,-0.013,-0.12,B
10340,10340006,1650,-0.118,-0.112,B
10340,10340006,1654,-0.006,-0.118,B
10340,10340006,1655,-0.1,-0.116,B
10340,10340006,1656,-0.195,-0.113,B
10340,10340006,1659,-0.238,-0.116,B
10340,10340006,1661,-0.006,-0.136,B
10340,10340006,1662,-0.241,-0.128,B
10340,10340006,1663,-0.033,-0.141,B
10340,10340006,1666,-0.006,-0.15,B
10340,10340006,1672,-0.2,-0.143,B
10340,10340006,1680,-0.093,-0.144,B
10340,10340006,1682,-0.004,-0.146,B
10340,10340006,1683,-0.244,-0.127,B
10340,10340006,1684,-0.057,-0.136,B
10340,10340006,1685,-0.143,-0.132,B
10340,10340006,1694,-0.005,-0.132,B
10340,10340006,1696,-0.093,-0.127,B
10340,10340006,1697,-0.155,-0.123,B
10340,10340006,1698,-0.018,-0.131,B
10340,10340006,1700,-0.081,-0.128,B
10340,10340006,1701,-0.3,-0.117,B
10340,10340006,1702,-0.198,-0.123,B
10340,10340006,1704,-0.194,-0.125,B
10340,10340006,1706,-0.075,-0.142,B
10340,10340006,1710,-0.266,-0.148,B
10340,10340006,1711,-0.146,-0.152,B
10340,10340006,1714,-0.116,-0.154,B
10340,10340006,1715,-0.131,-0.152,B
10340,10340006,1723,-0.017,-0.142,B
10340,10340006,1725,-0.066,-0.147,B
10340,10340006,1726,-0.102,-0.145,B
10340,10340006,1729,-0.083,-0.145,B
10340,10340006,1735,-0.039,-0.129,B
10340,10340006,1736,-0.079,-0.124,B
10340,10340006,1739,-0.014,-0.119,B
10340,10340006,1741,-0.039,-0.115,B
10340,10340006,1749,-0.181,-0.117,B
10340,10340006,1751,-0.035,-0.13,B
10340,10340006,1753,-0.1,-0.128,B
10340,10340006,1756,-0.107,-0.132,B
10340,10340006,1757,-0.165,-0.129,B
10340,10340006,1758,-0.161,-0.125,B
10340,10340006,1763,-0.001,-0.127,B
10340,10340006,1764,-0.024,-0.124,B
10340,10340006,1765,-0.044,-0.122,B
10340,10340006,1766,-0.065,-0.122,B
10340,10340006,1767,-0.178,-0.118,B
10340,10340006,1771,-0.13,-0.133,B
10340,10340006,1773,-0.07,-0.142,B
10340,10340006,1774,-0.356,-0.126,B
10340,10340006,1775,-0.231,-0.13,B
10340,10340006,1777,-0.233,-0.129,B
10340,10340006,1794,-0.204,-0.108,B
10340,10340006,1796,-0.046,-0.119,B
10340,10340006,1797,-0.181,-0.109,B
10340,10340006,1798,-0.152,-0.106,B
10340,10340006,1801,-0.003,-0.109,B
10340,10340006,1802,-0.043,-0.108,B
10340,10340006,1803,-0.043,-0.108,B
10340,10340006,1806,-0.01,-0.109,B
10340,10340006,1807,-0.173,-0.105,B
10340,10340006,1813,-0.043,-0.122,B
10340,10340006,1815,-0.118,-0.123,B
10340,10340006,1817,-0.073,-0.131,B
10340,10340006,1827,-0.336,-0.161,B
10340,10340006,1828,-0.014,-0.173,B
10340,10340006,1829,-0.182,-0.158,B
10340,10340006,1830,-0.382,-0.144,B
10340,10340006,1831,-0.201,-0.149,B
10340,10340006,1833,-0.211,-0.143,B
10340,10340006,1834,-0.001,-0.143,B
10340,10340006,1835,-0.124,-0.127,B
10340,10340006,1836,-0.089,-0.124,B
10340,10340006,1837,-0.022,-0.124,B
10340,10340006,1839,-0.09,-0.121,B
10340,10340006,1843,-0.073,-0.126,B
10340,10340006,1845,-0.109,-0.132,B
10340,10340006,1850,-0.07,-0.161,B
10340,10340006,1851,-0.111,-0.167,B
10340,10340006,1852,-0.029,-0.171,B
10340,10340006,1853,-0.325,-0.158,B
10340,10340006,1855,-0.006,-0.17,B
10340,10340006,1857,-0.003,-0.157,B
10340,10340006,1860,-0.003,-0.143,B
10340,10340006,1861,-0.145,-0.134,B
10340,10340006,1862,-0.129,-0.129,B
10340,10340006,1863,-0.121,-0.125,B
10340,10340006,1864,-0.093,-0.126,B
10340,10340006,1871,-0.072,-0.116,B
10340,10340006,1874,-0.016,-0.119,B
10340,10340006,1875,-0.056,-0.117,B
10340,10340006,1876,-0.099,-0.11,B
10340,10340006,1881,-0.085,-0.109,B
10340,10340006,1885,-0.062,-0.11,B
10340,10340006,1886,-0.018,-0.112,B
10340,10340006,1887,-0.235,-0.102,B
10340,10340006,1888,-0.037,-0.116,B
10340,10340006,1893,-0.147,-0.115,B
10340,10340006,1896,-0.184,-0.113,B
10340,10340006,1900,-0.108,-0.122,B
10340,10340006,1902,-0.203,-0.115,B
10340,10340006,1903,-0.014,-0.122,B
10340,10340006,1904,-0.021,-0.125,B
10340,10340006,1906,-0.061,-0.126,B
10340,10340006,1907,-0.222,-0.118,B
10340,10340006,1915,-0.269,-0.115,B
10340,10340006,1917,-0.093,-0.131,B
10340,10340006,1918,-0.133,-0.127,B
10340,10340006,1925,-0.188,-0.133,B
10340,10340006,1929,-0.088,-0.137,B
10340,10340006,1932,-0.015,-0.137,B
10340,10340006,1933,-0.062,-0.14,B
10340,10340006,1934,-0.197,-0.131,B
10340,10340006,1937,-0.119,-0.134,B
10340,10340006,1938,-0.229,-0.127,B
10340,10340006,1939,-0.202,-0.125,B
10340,10340006,1943,-0.083,-0.124,B
10340,10340006,1944,-0.073,-0.123,B
10340,10340006,1945,-0.234,-0.116,B
10340,10340006,1946,-0.076,-0.131,B
10340,10340006,1947,-0.108,-0.129,B
10340,10340006,1948,-0.078,-0.131,B
10340,10340006,1949,-0.209,-0.125,B
10340,10340006,1950,-0.204,-0.126,B
10340,10340006,1951,-0.029,-0.135,B
10340,10340006,1952,-0.148,-0.131,B
10340,10340006,1954,-0.193,-0.127,B
10340,10340006,1957,-0.138,-0.121,B
10340,10340006,1961,-0.048,-0.12,B
10340,10340006,1962,-0.034,-0.119,B
10340,10340006,1964,-0.052,-0.118,B
10340,10340006,1968,-0.04,-0.12,B
10340,10340006,1970,-0.081,-0.12,B
10340,10340006,1972,-0.054,-0.126,B
10340,10340006,1973,-0.173,-0.119,B
10340,10340006,1976,-0.112,-0.117,B
10340,10340006,1977,-0.18,-0.112,B
10340,10340006,1978,-0.085,-0.115,B
10340,10340006,1979,-0.023,-0.116,B
10340,10340006,1982,-0.035,-0.114,B
10340,10340006,1983,-0.095,-0.113,B
10340,10340006,1984,-0.198,-0.108,B
10340,10340006,1985,-0.09,-0.116,B
10340,10340006,1986,-0.141,-0.117,B
10340,10340006,1988,-0.03,-0.13,B
10340,10340006,1989,-0.107,-0.133,B
10340,10340006,1992,-0.205,-0.14,B
10340,10340006,1994,-0.054,-0.138,B
10340,10340006,1995,-0.186,-0.132,B
10340,10340006,1996,-0.009,-0.138,B
10340,10340006,1997,-0.059,-0.136,B
10340,10340006,2000,-0.09,-0.121,B
10340,10340006,2002,-0.194,-0.108,B
10340,10340006,2003,-0.072,-0.108,B
10340,10340006,2004,-0.003,-0.111,B
10340,10340006,2005,-0.195,-0.096,B
10340,10340006,2006,-0.118,-0.097,B
10340,10340006,2007,-0.005,-0.104,B
10340,10340006,2008,-0.086,-0.1,B
10340,10340006,2010,-0.231,-0.093,B
10340,10340006,2012,-0.05,-0.107,B
10340,10340006,2013,-0.088,-0.103,B
10340,10340006,2014,-0.073,-0.106,B
10340,10340006,2019,-0.137,-0.109,B
10340,10340006,2020,-0.124,-0.11,B
10340,10340006,2021,-0.17,-0.11,B
10340,10340006,2023,-0.025,-0.117,B
10340,10340006,2024,-0.058,-0.116,B
10340,10340006,2026,-0.2,-0.11,B
10340,10340006,2027,-0.005,-0.122,B
10340,10340006,2029,-0.097,-0.118,B
10340,10340006,2030,-0.105,-0.116,B
10340,10340006,2034,-0.101,-0.111,B
10340,10340006,2035,-0.141,-0.108,B
10340,10340006,2037,-0.016,-0.115,B
10340,10340006,2038,-0.104,-0.109,B
10340,10340006,2039,-0.124,-0.107,B
10340,10340006,2041,-0.002,-0.116,B
10340,10340006,2042,-0.083,-0.114,B
10340,10340006,2043,-0.1,-0.112,B
10340,10340006,2044,-0.192,-0.107,B
10340,10340006,2045,-0.008,-0.115,B
10340,10340006,2046,-0.074,-0.114,B
10340,10340006,2049,-0.02,-0.117,B
10340,10340006,2053,-0.197,-0.1,B
10340,10340006,2056,-0.073,-0.108,B
10340,10340006,2057,-0.105,-0.104,B
10340,10340006,2058,-0.131,-0.102,B
10340,10340006,2060,-0.141,-0.103,B
10340,10340006,2061,-0.17,-0.107,B
10340,10340006,2062,-0.048,-0.118,B
10340,10340006,2065,-0.001,-0.132,B
10340,10340006,2066,-0.33,-0.113,B
10340,10340006,2067,-0.096,-0.125,B
10340,10340006,2068,-0.206,-0.119,B
10340,10340006,2069,-0.198,-0.121,B
10340,10340006,2070,-0.058,-0.126,B
10340,10340006,2071,-0.212,-0.121,B
10340,10340006,2072,-0.268,-0.112,B
10340,10340006,2074,-0.077,-0.118,B
10340,10340006,2078,-0.099,-0.119,B
10340,10340006,2082,-0.067,-0.122,B
10340,10340006,2084,-0.057,-0.119,B
10340,10340006,2085,-0.023,-0.119,B
10340,10340006,2089,-0.239,-0.11,B
10340,10340006,2090,-0.137,-0.111,B
10340,10340006,2092,-0.182,-0.109,B
10340,10340006,2093,-0.157,-0.107,B
10340,10340006,2095,-0.055,-0.119,B
10340,10340006,2096,-0.187,-0.111,B
10340,10340006,2111,-0.095,-0.138,B
10340,10340006,2112,-0.231,-0.128,B
10340,10340006,2113,-0.095,-0.128,B
10340,10340006,2114,-0.015,-0.125,B
10340,10340006,2115,-0.116,-0.12,B
10340,10340006,2118,-0.115,-0.108,B
10340,10340006,2125,-0.093,-0.102,B
10340,10340006,2126,-0.13,-0.102,B
10340,10340006,2130,-0.042,-0.11,B
10340,10340006,2132,-0.222,-0.103,B
10340,10340006,2133,-0.104,-0.109,B
10340,10340006,2134,-0.095,-0.113,B
10340,10340006,2135,-0.093,-0.113,B
10340,10340006,2136,-0.081,-0.116,B
10340,10340006,2139,-0.122,-0.11,B
10340,10340006,2140,-0.072,-0.115,B
10340,10340006,2144,-0.088,-0.108,B
10340,10340006,2145,-0.074,-0.11,B
10340,10340006,2146,-0.025,-0.112,B
10340,10340006,2149,-0.021,-0.111,B
10340,10340006,2150,-0.129,-0.111,B
10340,10340006,2156,-0.155,-0.111,B
10340,10340006,2159,-0.162,-0.11,B
10340,10340006,2160,-0.031,-0.116,B
10340,10340006,2163,-0.054,-0.114,B
10340,10340006,2165,-0.126,-0.111,B
10340,10340006,2166,-0.02,-0.113,B
10340,10340006,2168,-0.155,-0.105,B
10340,10340006,2170,-0.013,-0.116,B
10340,10340006,2171,-0.03,-0.112,B
10340,10340006,2172,-0.053,-0.108,B
10340,10340006,2173,-0.238,-0.101,B
10340,10340006,2174,-0.182,-0.1,B
10340,10340006,2175,-0.124,-0.101,B
10340,10340006,2178,-0.055,-0.103,B
10340,10340006,2179,-0.07,-0.104,B
10340,10340006,2181,-0.006,-0.104,B
10340,10340006,2182,-0.066,-0.102,B
10340,10340006,2184,-0.005,-0.105,B
10340,10340006,2185,-0.181,-0.098,B
10340,10340006,2187,-0.011,-0.108,B
10340,10340006,2188,-0.1,-0.1,B
10340,10340006,2189,-0.19,-0.095,B
10340,10340006,2190,-0.107,-0.096,B
10340,10340006,2191,-0.157,-0.091,B
10340,10340006,2192,-0.063,-0.094,B
10340,10340006,2194,-0.095,-0.091,B
10340,10340006,2197,-0.056,-0.095,B
10340,10340006,2200,0,-0.107,B
10340,10340006,2201,-0.233,-0.099,B
10340,10340006,2203,-0.009,-0.111,B
10340,10340006,2206,-0.213,-0.103,B
10340,10340006,2209,-0.101,-0.106,B
10340,10340006,2210,-0.084,-0.106,B
10340,10340006,2212,-0.088,-0.1,B
10340,10340006,2214,-0.018,-0.106,B
10340,10340006,2215,-0.071,-0.104,B
10340,10340006,2216,-0.048,-0.108,B
10340,10340006,2217,-0.062,-0.108,B
10340,10340006,2219,-0.124,-0.102,B
10340,10340006,2220,-0.167,-0.099,B
10340,10340006,2221,-0.061,-0.104,B
10340,10340006,2222,-0.108,-0.103,B
10340,10340006,2223,-0.19,-0.097,B
10340,10340006,2224,-0.105,-0.099,B
10340,10340006,2225,-0.035,-0.103,B
10340,10340006,2226,-0.039,-0.104,B
10340,10340006,2227,-0.007,-0.101,B
10340,10340006,2229,-0.023,-0.105,B
10340,10340006,2230,-0.015,-0.104,B
10340,10340006,2231,-0.127,-0.097,B
10340,10340006,2233,-0.187,-0.1,B
10340,10340006,2234,-0.049,-0.108,B
10340,10340006,2235,-0.167,-0.1,B
10340,10340006,2237,-0.196,-0.104,B
10340,10340006,2238,-0.119,-0.108,B
10340,10340006,2239,-0.018,-0.115,B
10340,10340006,2240,-0.082,-0.111,B
10340,10340006,2241,-0.048,-0.114,B
10340,10340006,2243,-0.125,-0.11,B
10340,10340006,2244,-0.034,-0.114,B
10340,10340006,2245,-0.092,-0.108,B
10340,10340006,2246,-0.184,-0.104,B
10340,10340006,2248,-0.042,-0.108,B
10340,10340006,2252,-0.134,-0.115,B
10340,10340006,2254,-0.142,-0.125,B
10340,10340006,2255,-0.181,-0.13,B
10340,10340006,2258,-0.141,-0.153,B
10340,10340006,2259,-0.239,-0.149,B
10340,10340006,2261,-0.308,-0.158,B
10340,10340006,2262,-0.098,-0.164,B
10340,10340006,2263,-0.072,-0.156,B
10340,10340006,2264,-0.225,-0.148,B
10340,10340006,2265,-0.256,-0.141,B
10340,10340006,2266,-0.146,-0.139,B
10340,10340006,2267,-0.181,-0.128,B
10340,10340006,2268,-0.231,-0.126,B
10340,10340006,2269,-0.128,-0.124,B
10340,10340006,2271,-0.121,-0.122,B
10340,10340006,2273,-0.174,-0.131,B
10340,10340006,2274,-0.143,-0.132,B
10340,10340006,2276,-0.053,-0.131,B
10340,10340006,2278,-0.174,-0.117,B
10340,10340006,2280,-0.102,-0.113,B
10340,10340006,2281,-0.248,-0.104,B
10340,10340006,2284,-0.015,-0.106,B
10340,10340006,2287,-0.18,-0.101,B
10340,10340006,2292,-0.027,-0.107,B
10340,10340006,2297,-0.096,-0.1,B
10340,10340006,2300,-0.128,-0.104,B
10340,10340006,2303,-0.012,-0.113,B
10340,10340006,2304,-0.007,-0.12,B
10340,10340006,2306,-0.161,-0.115,B
10340,10340006,2311,-0.076,-0.107,B
10340,10340006,2312,-0.239,-0.093,B
10340,10340006,2314,-0.015,-0.098,B
10340,10340006,2316,-0.03,-0.092,B
10340,10340006,2318,-0.053,-0.084,B
10340,10340006,2320,-0.056,-0.086,B
10340,10340006,2321,-0.07,-0.087,B
10340,10340006,2322,-0.067,-0.088,B
10340,10340006,2324,-0.002,-0.093,B
10340,10340006,2326,-0.095,-0.098,B
10340,10340006,2328,-0.05,-0.097,B
10340,10340006,2331,-0.164,-0.09,B
10340,10340006,2333,-0.111,-0.09,B
10340,10340006,2335,-0.108,-0.09,B
10340,10340006,2336,-0.094,-0.095,B
10340,10340006,2338,-0.133,-0.099,B
10340,10340006,2339,-0.233,-0.1,B
10340,10340006,2340,-0.001,-0.11,B
10340,10340006,2341,-0.038,-0.107,B
10340,10340006,2342,-0.185,-0.099,B
10340,10340006,2343,-0.185,-0.096,B
10340,10340006,2345,-0.013,-0.104,B
10340,10340006,2346,-0.067,-0.099,B
10340,10340006,2347,-0.108,-0.094,B
10340,10340006,2348,-0.018,-0.094,B
10340,10340006,2349,-0.126,-0.091,B
10340,10340006,2351,-0.058,-0.102,B
10340,10340006,2353,-0.144,-0.102,B
10340,10340006,2354,-0.032,-0.11,B
10340,10340006,2355,0,-0.113,B
10340,10340006,2356,-0.022,-0.115,B
10340,10340006,2357,-0.071,-0.112,B
10340,10340006,2359,-0.003,-0.111,B
10340,10340006,2361,-0.203,-0.093,B
10340,10340006,2362,-0.04,-0.095,B
10340,10340006,2366,-0.137,-0.084,B
10340,10340006,2368,-0.16,-0.081,B
10340,10340006,2369,-0.187,-0.079,B
10340,10340006,2370,-0.128,-0.084,B
10340,10340006,2372,-0.19,-0.08,B
10340,10340006,2374,-0.182,-0.083,B
10340,10340006,2376,-0.009,-0.091,B
10340,10340006,2378,-0.005,-0.096,B
10340,10340006,2379,-0.023,-0.094,B
10340,10340006,2380,-0.025,-0.099,B
10340,10340006,2381,-0.042,-0.1,B
10340,10340006,2384,-0.005,-0.1,B
10340,10340006,2385,-0.072,-0.099,B
10340,10340006,2386,-0.105,-0.096,B
10340,10340006,2388,-0.043,-0.102,B
10340,10340006,2393,-0.167,-0.096,B
10340,10340006,2394,-0.066,-0.099,B
10340,10340006,2395,-0.058,-0.098,B
10340,10340006,2396,-0.009,-0.1,B
10340,10340006,2398,-0.008,-0.099,B
10340,10340006,2399,-0.043,-0.093,B
10340,10340006,2401,-0.109,-0.091,B
10340,10340006,2402,-0.097,-0.093,B
10340,10340006,2403,-0.187,-0.087,B
10340,10340006,2406,-0.036,-0.089,B
10340,10340006,2410,-0.071,-0.085,B
10340,10340006,2411,-0.094,-0.085,B
10340,10340006,2412,-0.09,-0.086,B
10340,10340006,2413,-0.088,-0.087,B
10340,10340006,2414,-0.082,-0.091,B
10340,10340006,2416,-0.039,-0.097,B
10340,10340006,2418,-0.116,-0.094,B
10340,10340006,2419,-0.13,-0.092,B
10340,10340006,2423,-0.009,-0.095,B
10340,10340006,2424,-0.019,-0.09,B
10340,10340006,2425,-0.09,-0.086,B
10340,10340006,2426,-0.023,-0.087,B
10340,10340006,2427,-0.06,-0.089,B
10340,10340006,2447,-0.017,-0.089,B
10340,10340006,2449,-0.151,-0.083,B
10340,10340006,2450,-0.139,-0.084,B
10340,10340006,2451,-0.082,-0.084,B
10340,10340006,2452,-0.017,-0.087,B
10340,10340006,2453,-0.094,-0.085,B
10340,10340006,2458,-0.129,-0.089,B
10340,10340006,2459,-0.05,-0.092,B
10340,10340006,2460,-0.034,-0.092,B
10340,10340006,2461,-0.063,-0.093,B
10340,10340006,2462,-0.056,-0.093,B
10340,10340006,2464,-0.165,-0.088,B
10340,10340006,2466,-0.002,-0.095,B
10340,10340006,2469,-0.011,-0.095,B
10340,10340006,2470,-0.04,-0.093,B
10340,10340006,2471,-0.293,-0.081,B
10340,10340006,2473,-0.116,-0.092,B
10340,10340006,2474,-0.019,-0.092,B
10340,10340006,2475,-0.079,-0.092,B
10340,10340006,2480,-0.036,-0.091,B
10340,10340006,2482,-0.063,-0.09,B
10340,10340006,2484,-0.098,-0.09,B
10340,10340006,2486,-0.119,-0.089,B
10340,10340006,2487,-0.053,-0.091,B
10340,10340006,2488,-0.123,-0.088,B
10340,10340006,2490,-0.212,-0.078,B
10340,10340006,2492,-0.043,-0.082,B
10340,10340006,2493,-0.134,-0.08,B
10340,10340006,2494,-0.095,-0.084,B
10340,10340006,2495,-0.091,-0.084,B
10340,10340006,2496,-0.122,-0.089,B
10340,10340006,2498,-0.088,-0.104,B
10340,10340006,2500,0,-0.122,B
10340,10340006,2501,-0.096,-0.124,B
10340,10340006,2502,-0.069,-0.121,B
10340,10340006,2503,-0.135,-0.116,B
10340,10340006,2504,-0.163,-0.115,B
10340,10340006,2505,-0.052,-0.115,B
10340,10340006,2506,-0.162,-0.102,B
10340,10340006,2507,-0.091,-0.1,B
10340,10340006,2508,-0.2,-0.093,B
10340,10340006,2509,-0.012,-0.095,B
10340,10340006,2529,-0.139,-0.092,B
10340,10340006,2531,-0.042,-0.095,B
10340,10340006,2532,-0.004,-0.097,B
10340,10340006,2534,-0.05,-0.09,B
10340,10340006,2535,-0.21,-0.077,B
10340,10340006,2537,-0.05,-0.081,B
10340,10340006,2538,-0.124,-0.072,B
10340,10340006,2539,-0.001,-0.078,B
10340,10340006,2542,-0.083,-0.073,B
10340,10340006,2543,-0.035,-0.075,B
10340,10340006,2544,-0.013,-0.078,B
10340,10340006,2545,-0.058,-0.075,B
10340,10340006,2546,-0.081,-0.071,B
10340,10340006,2549,-0.172,-0.07,B
10340,10340006,2552,-0.014,-0.084,B
10340,10340006,2553,-0.015,-0.087,B
10340,10340006,2554,-0.094,-0.088,B
10340,10340006,2557,-0.051,-0.097,B
10340,10340006,2558,-0.052,-0.099,B
10340,10340006,2560,-0.13,-0.096,B
10340,10340006,2561,-0.055,-0.096,B
10340,10340006,2562,-0.031,-0.094,B
10340,10340006,2564,-0.076,-0.085,B
10340,10340006,2565,-0.217,-0.077,B
10340,10340006,2566,-0.061,-0.083,B
10340,10340006,2567,-0.145,-0.075,B
10340,10340006,2568,-0.177,-0.073,B
10340,10340006,2569,-0.053,-0.077,B
10340,10340006,2570,-0.027,-0.081,B
10340,10340006,2571,-0.066,-0.079,B
10340,10340006,2573,-0.143,-0.079,B
10340,10340006,2574,-0.047,-0.085,B
10340,10340006,2575,-0.203,-0.079,B
10340,10340006,2577,-0.041,-0.093,B
10340,10340006,2580,-0.076,-0.085,B
10340,10340006,2582,-0.02,-0.085,B
10340,10340006,2595,-0.005,-0.086,B
10340,10340006,2596,-0.062,-0.085,B
10340,10340006,2597,-0.051,-0.086,B
10340,10340006,2600,-0.04,-0.086,B
10340,10340006,2601,-0.133,-0.085,B
10340,10340006,2602,-0.117,-0.093,B
10340,10340006,2603,-0.069,-0.097,B
10340,10340006,2604,-0.014,-0.1,B
10340,10340006,2606,-0.01,-0.098,B
10340,10340006,2608,-0.127,-0.093,B
10340,10340006,2609,-0.142,-0.093,B
10340,10340006,2611,-0.074,-0.089,B
10340,10340006,2615,-0.011,-0.082,B
10340,10340006,2616,-0.152,-0.074,B
10340,10340006,2620,-0.05,-0.074,B
10340,10340006,2621,-0.01,-0.075,B
10340,10340006,2623,-0.05,-0.077,B
10340,10340006,2624,-0.007,-0.082,B
10340,10340006,2625,-0.012,-0.084,B
10340,10340006,2626,-0.072,-0.082,B
10340,10340006,2627,-0.017,-0.086,B
10340,10340006,2635,-0.15,-0.09,B
10340,10340006,2638,-0.094,-0.077,B
10340,10340006,2639,-0.056,-0.077,B
10340,10340006,2643,-0.014,-0.079,B
10340,10340006,2647,-0.104,-0.088,B
10340,10340006,2651,-0.043,-0.085,B
10340,10340006,2654,-0.057,-0.076,B
10340,10340006,2658,-0.005,-0.074,B
10340,10340006,2659,-0.075,-0.073,B
10340,10340006,2660,-0.069,-0.076,B
10340,10340006,2666,-0.123,-0.086,B
10340,10340006,2667,-0.17,-0.085,B
10340,10340006,2668,-0.011,-0.096,B
10340,10340006,2672,-0.018,-0.084,B
10340,10340006,2675,-0.02,-0.081,B
10340,10340006,2676,-0.013,-0.077,B
10340,10340006,2677,-0.124,-0.071,B
10340,10340006,2680,-0.015,-0.078,B
10340,10340006,2681,-0.021,-0.074,B
10340,10340006,2682,-0.059,-0.073,B
10340,10340006,2683,-0.041,-0.08,B
10340,10340006,2686,-0.146,-0.084,B
10340,10340006,2687,-0.043,-0.086,B
10340,10340006,2713,-0.005,-0.073,B
10340,10340006,2718,-0.072,-0.074,B
10340,10340006,2722,-0.048,-0.071,B
10340,10340006,2725,-0.076,-0.067,B
10340,10340006,2728,-0.127,-0.068,B
10340,10340006,2730,-0.043,-0.072,B
10340,10340006,2735,-0.03,-0.067,B
10340,10340006,2736,-0.031,-0.065,B
10340,10340006,2739,-0.093,-0.066,B
10340,10340006,2741,-0.068,-0.068,B
10340,10340006,2743,-0.003,-0.076,B
10340,10340006,2745,-0.008,-0.078,B
10340,10340006,2748,-0.016,-0.077,B
10340,10340006,2749,-0.057,-0.077,B
10340,10340006,2751,-0.108,-0.077,B
10340,10340006,2752,-0.018,-0.083,B
10340,10340006,2753,-0.044,-0.08,B
10340,10340006,2756,-0.018,-0.075,B
10340,10340006,2757,-0.121,-0.07,B
10340,10340006,2759,-0.089,-0.069,B
10340,10340006,2760,-0.011,-0.07,B
10340,10340006,2761,-0.055,-0.066,B
10340,10340006,2763,-0.084,-0.062,B
10340,10340006,2764,-0.014,-0.067,B
10340,10340006,2765,-0.212,-0.061,B
10340,10340006,2766,-0.08,-0.069,B
10340,10340006,2767,-0.052,-0.075,B
10340,10340006,2768,-0.019,-0.078,B
10340,10340006,2769,-0.076,-0.076,B
10340,10340006,2770,-0.136,-0.076,B
10340,10340006,2771,-0.119,-0.073,B
10340,10340006,2773,-0.021,-0.073,B
10340,10340006,2775,-0.054,-0.07,B
10340,10340006,2776,-0.112,-0.069,B
10340,10340006,2777,-0.041,-0.072,B
10340,10340006,2778,-0.053,-0.07,B
10340,10340006,2780,-0.051,-0.072,B
10340,10340006,2782,-0.004,-0.077,B
10340,10340006,2783,-0.06,-0.072,B
10340,10340006,2785,-0.015,-0.077,B
10340,10340006,2789,-0.065,-0.071,B
10340,10340006,2790,-0.153,-0.073,B
10340,10340006,2793,-0.021,-0.082,B
10340,10340006,2796,-0.049,-0.075,B
10340,10340006,2801,-0.007,-0.071,B
10340,10340006,2804,-0.045,-0.066,B
10340,10340006,2812,-0.025,-0.065,B
10340,10340006,2815,-0.042,-0.07,B
10340,10340006,2816,-0.164,-0.066,B
10340,10340006,2818,-0.033,-0.072,B
10340,10340006,2819,-0.009,-0.076,B
10340,10340006,2824,-0.076,-0.071,B
10340,10340006,2825,-0.094,-0.069,B
10340,10340006,2827,-0.092,-0.064,B
10340,10340006,2828,-0.051,-0.061,B
10340,10340006,2831,-0.05,-0.063,B
10340,10340006,2832,-0.03,-0.066,B
10340,10340006,2833,-0.099,-0.067,B
10340,10340006,2834,-0.103,-0.069,B
10340,10340006,2835,-0.111,-0.071,B
10340,10340006,2836,-0.071,-0.075,B
10340,10340006,2837,-0.057,-0.073,B
10340,10340006,2838,-0.026,-0.077,B
10340,10340006,2840,-0.066,-0.07,B
10340,10340006,2844,-0.051,-0.068,B
10340,10340006,2845,-0.168,-0.063,B
10340,10340006,2846,-0.056,-0.072,B
10340,10340006,2847,-0.069,-0.072,B
10340,10340006,2848,-0.215,-0.065,B
10340,10340006,2849,-0.158,-0.069,B
10340,10340006,2850,-0.122,-0.07,B
10340,10340006,2851,-0.043,-0.072,B
10340,10340006,2852,-0.159,-0.065,B
10340,10340006,2854,-0.176,-0.061,B
10340,10340006,2855,-0.005,-0.067,B
10340,10340006,2856,-0.207,-0.058,B
10340,10340006,2858,-0.014,-0.07,B
10340,10340006,2859,-0.109,-0.066,B
10340,10340006,2860,-0.066,-0.066,B
10340,10340006,2861,-0.083,-0.068,B
10340,10340006,2865,-0.054,-0.071,B
10340,10340006,2866,-0.189,-0.068,B
10340,10340006,2868,-0.129,-0.07,B
10340,10340006,2869,-0.136,-0.069,B
10340,10340006,2870,-0.101,-0.066,B
10340,10340006,2871,-0.099,-0.065,B
10340,10340006,2872,-0.076,-0.069,B
10340,10340006,2873,-0.069,-0.073,B
10340,10340006,2874,-0.048,-0.077,B
10340,10340006,2876,-0.071,-0.075,B
10340,10340006,2878,-0.029,-0.08,B
10340,10340006,2879,-0.105,-0.073,B
10340,10340006,2880,-0.17,-0.067,B
10340,10340006,2881,-0.027,-0.068,B
10340,10340006,2884,-0.118,-0.069,B
10340,10340006,2887,-0.073,-0.071,B
10340,10340006,2889,-0.098,-0.069,B
10340,10340006,2890,-0.115,-0.066,B
10340,10340006,2893,-0.009,-0.076,B
10340,10340006,2897,-0.102,-0.074,B
10340,10340006,2898,-0.04,-0.072,B
10340,10340006,2901,-0.199,-0.064,B
10340,10340006,2902,-0.092,-0.067,B
10340,10340006,2904,-0.172,-0.063,B
10340,10340006,2907,-0.061,-0.07,B
10340,10340006,2908,-0.091,-0.069,B
10340,10340006,2910,-0.092,-0.071,B
10340,10340006,2913,-0.096,-0.068,B
10340,10340006,2914,-0.176,-0.062,B
10340,10340006,2917,-0.142,-0.065,B
10340,10340006,2918,-0.099,-0.067,B
10340,10340006,2919,-0.064,-0.068,B
10340,10340006,2922,-0.044,-0.078,B
10340,10340006,2923,-0.222,-0.07,B
10340,10340006,2924,-0.036,-0.075,B
10340,10340006,2925,-0.156,-0.071,B
10340,10340006,2926,-0.06,-0.072,B
10340,10340006,2928,-0.163,-0.065,B
10340,10340006,2929,-0.019,-0.069,B
10340,10340006,2930,-0.019,-0.069,B
10340,10340006,2931,-0.047,-0.065,B
10340,10340006,2935,-0.011,-0.07,B
10340,10340006,2936,-0.122,-0.065,B
10340,10340006,2937,-0.064,-0.067,B
10340,10340006,2939,-0.104,-0.066,B
10340,10340006,2940,-0.038,-0.069,B
10340,10340006,2941,-0.007,-0.073,B
10340,10340006,2942,-0.064,-0.069,B
10340,10340006,2953,-0.029,-0.065,B
10340,10340006,2955,-0.062,-0.07,B
10340,10340006,2956,-0.038,-0.069,B
10340,10340006,2963,-0.049,-0.069,B
10340,10340006,2966,-0.064,-0.07,B
10340,10340006,2967,-0.068,-0.076,B
10340,10340006,2969,-0.003,-0.075,B
10340,10340006,2971,-0.061,-0.067,B
10340,10340006,2976,-0.013,-0.059,B
10340,10340006,2977,-0.041,-0.059,B
10340,10340006,2980,-0.051,-0.057,B
10340,10340006,2982,-0.011,-0.059,B
10340,10340006,2984,-0.062,-0.055,B
10340,10340006,2988,-0.069,-0.056,B
10340,10340006,2989,-0.03,-0.058,B
10340,10340006,2990,-0.038,-0.057,B
10340,10340006,2992,-0.095,-0.054,B
10340,10340006,2993,-0.037,-0.056,B
10340,10340006,2995,-0.087,-0.055,B
10340,10340006,2996,-0.009,-0.058,B
10340,10340006,2999,-0.03,-0.058,B
10340,10340006,3000,-0.003,-0.057,B
10340,10340006,3001,-0.076,-0.053,B
10340,10340006,3004,-0.036,-0.053,B
10340,10340006,3007,-0.015,-0.055,B
10340,10340006,3008,-0.088,-0.053,B
10340,10340006,3009,-0.077,-0.055,B
10340,10340006,3010,-0.024,-0.057,B
10340,10340006,3011,-0.074,-0.058,B
10340,10340006,3014,-0.079,-0.05,B
10340,10340006,3015,-0.091,-0.048,B
10340,10340006,3017,-0.028,-0.051,B
10340,10340006,3018,-0.031,-0.05,B
10340,10340006,3019,-0.106,-0.049,B
10340,10340006,3020,-0.038,-0.053,B
10340,10340006,3023,-0.016,-0.055,B
10340,10340006,3039,-0.058,-0.061,B
10340,10340006,3042,-0.03,-0.054,B
10340,10340006,3044,-0.002,-0.052,B
10340,10340006,3047,-0.033,-0.052,B
10340,10340006,3049,-0.052,-0.05,B
10340,10340006,3051,-0.053,-0.048,B
10340,10340006,3053,-0.003,-0.056,B
10340,10340006,3054,-0.065,-0.054,B
10340,10340006,3058,-0.047,-0.058,B
10340,10340006,3060,-0.03,-0.054,B
10340,10340006,3062,-0.03,-0.055,B
10340,10340006,3065,-0.032,-0.062,B
10340,10340006,3067,-0.001,-0.062,B
10340,10340006,3070,-0.001,-0.062,B
10340,10340006,3071,-0.084,-0.058,B
10340,10340006,3073,-0.009,-0.058,B
10340,10340006,3076,-0.071,-0.051,B
10340,10340006,3078,-0.053,-0.047,B
10340,10340006,3079,-0.146,-0.043,B
10340,10340006,3081,-0.01,-0.049,B
10340,10340006,3091,-0.075,-0.049,B
10340,10340006,3092,-0.052,-0.05,B
10340,10340006,3096,-0.011,-0.049,B
10340,10340006,3097,-0.003,-0.05,B
10340,10340006,3100,-0.004,-0.048,B
10340,10340006,3105,-0.03,-0.046,B
10340,10340006,3106,-0.086,-0.046,B
10340,10340006,3108,-0.056,-0.046,B
10340,10340006,3109,-0.091,-0.045,B
10340,10340006,3112,-0.003,-0.051,B
10340,10340006,3113,-0.045,-0.049,B
10340,10340006,3114,-0.005,-0.052,B
10340,10340006,3116,-0.02,-0.051,B
10340,10340006,3118,-0.026,-0.049,B
10340,10340006,3122,-0.015,-0.047,B
10340,10340006,3128,-0.031,-0.049,B
10340,10340006,3137,-0.023,-0.049,B
10340,10340006,3138,-0.028,-0.047,B
10340,10340006,3139,-0.05,-0.044,B
10340,10340006,3140,-0.034,-0.043,B
10340,10340006,3142,-0.027,-0.044,B
10340,10340006,3150,-0.043,-0.045,B
10340,10340006,3153,-0.003,-0.051,B
10340,10340006,3154,-0.132,-0.044,B
10340,10340006,3157,-0.083,-0.042,B
10340,10340006,3158,-0.008,-0.044,B
10340,10340006,3160,-0.056,-0.045,B
10340,10340006,3161,-0.021,-0.046,B
10340,10340006,3163,-0.028,-0.045,B
10340,10340006,3166,-0.047,-0.043,B
10340,10340006,3168,-0.001,-0.045,B
10340,10340006,3169,-0.077,-0.045,B
10340,10340006,3170,-0.066,-0.045,B
10340,10340006,3171,-0.02,-0.045,B
10340,10340006,3172,-0.004,-0.046,B
10340,10340006,3173,-0.03,-0.047,B
10340,10340006,3175,-0.08,-0.044,B
10340,10340006,3178,-0.012,-0.044,B
10340,10340006,3181,-0.077,-0.039,B
10340,10340006,3182,-0.11,-0.039,B
10340,10340006,3183,-0.013,-0.043,B
10340,10340006,3186,-0.085,-0.043,B
10340,10340006,3189,-0.042,-0.045,B
10340,10340006,3194,-0.005,-0.045,B
10340,10340006,3195,-0.024,-0.046,B
10340,10340006,3203,-0.011,-0.047,B
10340,10340006,3215,-0.027,-0.048,B
10340,10340006,3219,-0.001,-0.045,B
10340,10340006,3221,-0.017,-0.044,B
10340,10340006,3223,-0.008,-0.048,B
10340,10340006,3225,-0.024,-0.05,B
10340,10340006,3232,-0.032,-0.046,B
10340,10340006,3236,-0.068,-0.048,B
10340,10340006,3237,-0.035,-0.049,B
10340,10340006,3238,-0.094,-0.045,B
10340,10340006,3239,-0.086,-0.046,B
10340,10340006,3241,-0.037,-0.046,B
10340,10340006,3243,-0.092,-0.046,B
10340,10340006,3244,-0.028,-0.049,B
10340,10340006,3245,-0.145,-0.045,B
10340,10340006,3247,-0.004,-0.049,B
10340,10340006,3248,-0.115,-0.045,B
10340,10340006,3252,-0.022,-0.042,B
10340,10340006,3253,-0.072,-0.039,B
10340,10340006,3255,-0.011,-0.041,B
10340,10340006,3256,-0.054,-0.041,B
10340,10340006,3257,-0.019,-0.044,B
10340,10340006,3258,-0.003,-0.045,B
10340,10340006,3261,-0.052,-0.046,B
10340,10340006,3262,-0.084,-0.043,B
10340,10340006,3263,-0.044,-0.044,B
10340,10340006,3264,-0.123,-0.04,B
10340,10340006,3265,-0.072,-0.041,B
10340,10340006,3266,-0.016,-0.041,B
10340,10340006,3267,-0.078,-0.041,B
10340,10340006,3269,-0.004,-0.045,B
10340,10340006,3271,-0.051,-0.046,B
10340,10340006,3274,-0.026,-0.043,B
10340,10340006,3280,-0.001,-0.038,B
10340,10340006,3282,-0.066,-0.036,B
10340,10340006,3283,-0.039,-0.036,B
10340,10340006,3286,-0.017,-0.039,B
10340,10340006,3289,-0.005,-0.042,B
10340,10340006,3297,-0.009,-0.051,B
10340,10340006,3299,-0.026,-0.053,B
10340,10340006,3300,-0.042,-0.055,B
10340,10340006,3302,-0.029,-0.052,B
10340,10340006,3304,-0.01,-0.055,B
10340,10340006,3306,-0.026,-0.061,B
10340,10340006,3307,-0.03,-0.061,B
10340,10340006,3309,-0.051,-0.064,B
10340,10340006,3311,-0.054,-0.062,B
10340,10340006,3316,-0.003,-0.074,B
10340,10340006,3326,-0.053,-0.076,B
10340,10340006,3328,-0.077,-0.074,B
10340,10340006,3329,-0.02,-0.079,B
10340,10340006,3330,-0.168,-0.078,B
10340,10340006,3342,-0.151,-0.068,B
10340,10340006,3344,-0.154,-0.07,B
10340,10340006,3346,-0.08,-0.073,B
10340,10340006,3347,-0.017,-0.079,B
10340,10340006,3348,-0.033,-0.074,B
10340,10340006,3351,-0.099,-0.07,B
10340,10340006,3353,-0.081,-0.069,B
10340,10340006,3356,-0.104,-0.068,B
10340,10340006,3357,-0.104,-0.069,B
10340,10340006,3358,-0.079,-0.066,B
10340,10340006,3360,-0.07,-0.056,B
10340,10340006,3365,-0.066,-0.066,B
10340,10340006,3366,-0.056,-0.062,B
10340,10340006,3367,-0.036,-0.061,B
10340,10340006,3368,-0.054,-0.061,B
10340,10340006,3369,-0.051,-0.063,B
10340,10340006,3370,-0.025,-0.066,B
10340,10340006,3371,-0.022,-0.066,B
10340,10340006,3372,-0.036,-0.065,B
10340,10340006,3388,-0.013,-0.059,B
10340,10340006,3397,-0.038,-0.054,B
10340,10340006,3398,-0.062,-0.058,B
10340,10340006,3399,-0.053,-0.06,B
10340,10340006,3401,-0.11,-0.053,B
10340,10340006,3403,-0.009,-0.05,B
10340,10340006,3404,-0.076,-0.044,B
10340,10340006,3405,-0.009,-0.045,B
10340,10340006,3406,-0.006,-0.045,B
10340,10340006,3408,-0.041,-0.044,B
10340,10340006,3410,-0.091,-0.038,B
10340,10340006,3411,-0.058,-0.039,B
10340,10340006,3414,-0.039,-0.036,B
10340,10340006,3417,-0.074,-0.027,B
10340,10340006,3418,0,-0.032,B
10340,10340006,3420,-0.049,-0.031,B
10340,10340006,3421,-0.004,-0.034,B
10340,10340006,3424,-0.08,-0.028,B
10340,10340006,3429,-0.047,-0.024,B
10340,10340006,3430,-0.026,-0.026,B
10340,10340006,3431,-0.025,-0.031,B
10340,10340006,3432,-0.015,-0.032,B
10340,10340006,3434,-0.003,-0.029,B
10340,10340006,3435,-0.013,-0.029,B
10340,10340006,3437,-0.014,-0.026,B
10340,10340006,3438,-0.013,-0.024,B
10340,10340006,3441,-0.024,-0.026,B
10340,10340006,3442,-0.028,-0.024,B
10340,10340006,3443,-0.006,-0.027,B
10340,10340006,3446,-0.004,-0.027,B
10340,10340006,3448,-0.017,-0.025,B
10340,10340006,3449,-0.004,-0.03,B
10340,10340006,3456,-0.074,-0.025,B
10340,10340006,3457,-0.008,-0.042,B
10340,10340006,3458,-0.05,-0.03,B
10340,10340006,3460,-0.061,-0.044,B
10340,10340006,3461,-0.07,-0.047,B
10340,10340006,3462,-0.083,-0.054,B
10340,10340006,3464,-0.051,-0.09,B
10340,10340006,3467,-0.223,-0.15,B
10340,10340006,3468,-0.215,-0.515,B
10340,10340007,1,-0.039,-0.161,B
10340,10340007,4,-0.191,-0.163,B
10340,10340007,5,-0.278,-0.163,B
10340,10340007,6,-0.163,-0.172,B
10340,10340007,8,-0.098,-0.174,B
10340,10340007,9,-0.03,-0.184,B
10340,10340007,10,-0.415,-0.156,B
10340,10340007,11,-0.345,-0.16,B
10340,10340007,12,-0.015,-0.182,B
10340,10340007,13,-0.014,-0.181,B
10340,10340007,14,-0.168,-0.176,B
10340,10340007,16,-0.102,-0.174,B
10340,10340007,17,-0.076,-0.169,B
10340,10340007,18,-0.066,-0.162,B
10340,10340007,19,-0.117,-0.156,B
10340,10340007,20,-0.217,-0.144,B
10340,10340007,21,-0.291,-0.136,B
10340,10340007,22,-0.112,-0.147,B
10340,10340007,23,-0.136,-0.142,B
10340,10340007,24,-0.089,-0.141,B
10340,10340007,25,-0.167,-0.139,B
10340,10340007,28,-0.056,-0.142,B
10340,10340007,30,-0.027,-0.145,B
10340,10340007,31,-0.093,-0.14,B
10340,10340007,32,-0.06,-0.142,B
10340,10340007,33,-0.082,-0.14,B
10340,10340007,35,-0.116,-0.14,B
10340,10340007,37,-0.21,-0.131,B
10340,10340007,38,-0.032,-0.142,B
10340,10340007,41,-0.05,-0.141,B
10340,10340007,42,-0.147,-0.137,B
10340,10340007,43,-0.147,-0.135,B
10340,10340007,46,-0.239,-0.13,B
10340,10340007,47,-0.11,-0.136,B
10340,10340007,48,-0.172,-0.135,B
10340,10340007,50,-0.107,-0.135,B
10340,10340007,52,-0.338,-0.129,B
10340,10340007,53,-0.173,-0.138,B
10340,10340007,54,-0.21,-0.141,B
10340,10340007,57,-0.216,-0.139,B
10340,10340007,58,-0.005,-0.155,B
10340,10340007,61,-0.014,-0.152,B
10340,10340007,62,-0.075,-0.151,B
10340,10340007,63,-0.057,-0.156,B
10340,10340007,64,-0.203,-0.152,B
10340,10340007,66,-0.161,-0.16,B
10340,10340007,68,-0.004,-0.174,B
10340,10340007,69,-0.125,-0.169,B
10340,10340007,70,-0.12,-0.169,B
10340,10340007,73,-0.209,-0.164,B
10340,10340007,76,-0.187,-0.172,B
10340,10340007,77,-0.194,-0.169,B
10340,10340007,79,-0.009,-0.177,B
10340,10340007,80,-0.14,-0.168,B
10340,10340007,82,-0.164,-0.163,B
10340,10340007,84,-0.155,-0.163,B
10340,10340007,87,-0.341,-0.151,B
10340,10340007,89,-0.136,-0.162,B
10340,10340007,90,-0.019,-0.165,B
10340,10340007,93,-0.129,-0.16,B
10340,10340007,94,-0.191,-0.158,B
10340,10340007,95,-0.013,-0.168,B
10340,10340007,96,-0.04,-0.17,B
10340,10340007,100,-0.106,-0.161,B
10340,10340007,104,-0.119,-0.164,B
10340,10340007,105,-0.128,-0.163,B
10340,10340007,106,-0.113,-0.166,B
10340,10340007,107,-0.024,-0.169,B
10340,10340007,108,-0.14,-0.158,B
10340,10340007,109,-0.008,-0.165,B
10340,10340007,110,-0.128,-0.156,B
10340,10340007,114,-0.165,-0.153,B
10340,10340007,116,-0.124,-0.154,B
10340,10340007,119,-0.31,-0.151,B
10340,10340007,120,-0.067,-0.168,B
10340,10340007,121,-0.092,-0.162,B
10340,10340007,122,-0.062,-0.163,B
10340,10340007,124,-0.005,-0.164,B
10340,10340007,125,-0.204,-0.155,B
10340,10340007,126,-0.004,-0.164,B
10340,10340007,127,-0.162,-0.152,B
10340,10340007,130,-0.177,-0.143,B
10340,10340007,131,-0.006,-0.149,B
10340,10340007,132,-0.144,-0.136,B
10340,10340007,134,-0.226,-0.134,B
10340,10340007,139,-0.129,-0.143,B
10340,10340007,142,-0.143,-0.149,B
10340,10340007,144,-0.045,-0.157,B
10340,10340007,145,-0.299,-0.151,B
10340,10340007,146,-0.241,-0.155,B
10340,10340007,147,-0.109,-0.164,B
10340,10340007,148,-0.021,-0.167,B
10340,10340007,149,-0.118,-0.162,B
10340,10340007,151,-0.012,-0.172,B
10340,10340007,153,-0.151,-0.159,B
10340,10340007,159,-0.199,-0.138,B
10340,10340007,160,-0.055,-0.145,B
10340,10340007,161,-0.165,-0.14,B
10340,10340007,162,-0.041,-0.145,B
10340,10340007,163,-0.036,-0.143,B
10340,10340007,165,-0.031,-0.148,B
10340,10340007,167,-0.054,-0.148,B
10340,10340007,168,-0.053,-0.145,B
10340,10340007,169,-0.01,-0.15,B
10340,10340007,170,-0.218,-0.134,B
10340,10340007,171,-0.002,-0.145,B
10340,10340007,174,-0.06,-0.14,B
10340,10340007,175,-0.18,-0.131,B
10340,10340007,176,-0.059,-0.135,B
10340,10340007,178,-0.061,-0.137,B
10340,10340007,182,-0.117,-0.141,B
10340,10340007,184,-0.068,-0.148,B
10340,10340007,187,-0.019,-0.16,B
10340,10340007,188,-0.276,-0.147,B
10340,10340007,192,-0.226,-0.151,B
10340,10340007,193,-0.235,-0.15,B
10340,10340007,194,-0.189,-0.153,B
10340,10340007,195,-0.107,-0.155,B
10340,10340007,197,-0.207,-0.152,B
10340,10340007,224,-0.143,-0.118,B
10340,10340007,225,-0.047,-0.125,B
10340,10340007,228,-0.091,-0.117,B
10340,10340007,229,-0.054,-0.12,B
10340,10340007,230,-0.115,-0.115,B
10340,10340007,234,-0.059,-0.122,B
10340,10340007,235,-0.108,-0.118,B
10340,10340007,237,-0.119,-0.127,B
10340,10340007,240,-0.031,-0.149,B
10340,10340007,242,-0.09,-0.142,B
10340,10340007,248,-0.211,-0.15,B
10340,10340007,249,-0.021,-0.164,B
10340,10340007,252,-0.158,-0.155,B
10340,10340007,253,-0.011,-0.161,B
10340,10340007,254,-0.164,-0.16,B
10340,10340007,255,-0.059,-0.164,B
10340,10340007,257,-0.04,-0.158,B
10340,10340007,258,-0.059,-0.152,B
10340,10340007,262,-0.182,-0.134,B
10340,10340007,264,-0.337,-0.12,B
10340,10340007,265,-0.22,-0.129,B
10340,10340007,266,-0.027,-0.142,B
10340,10340007,270,-0.046,-0.139,B
10340,10340007,272,-0.116,-0.137,B
10340,10340007,274,-0.036,-0.144,B
10340,10340007,275,-0.262,-0.132,B
10340,10340007,276,-0.074,-0.149,B
10340,10340007,278,-0.031,-0.155,B
10340,10340007,281,-0.031,-0.151,B
10340,10340007,283,-0.034,-0.149,B
10340,10340007,284,-0.093,-0.144,B
10340,10340007,289,-0.238,-0.118,B
10340,10340007,292,-0.073,-0.127,B
10340,10340007,293,-0.068,-0.131,B
10340,10340007,294,-0.139,-0.126,B
10340,10340007,295,-0.068,-0.131,B
10340,10340007,296,-0.022,-0.135,B
10340,10340007,297,-0.144,-0.125,B
10340,10340007,298,-0.133,-0.129,B
10340,10340007,299,-0.162,-0.13,B
10340,10340007,300,-0.019,-0.144,B
10340,10340007,302,-0.139,-0.142,B
10340,10340007,309,-0.049,-0.145,B
10340,10340007,311,-0.017,-0.15,B
10340,10340007,312,-0.143,-0.145,B
10340,10340007,313,-0.189,-0.141,B
10340,10340007,318,-0.027,-0.147,B
10340,10340007,320,-0.033,-0.15,B
10340,10340007,323,-0.158,-0.139,B
10340,10340007,324,-0.18,-0.139,B
10340,10340007,325,-0.184,-0.135,B
10340,10340007,326,-0.184,-0.134,B
10340,10340007,328,-0.098,-0.14,B
10340,10340007,333,-0.029,-0.134,B
10340,10340007,334,-0.171,-0.126,B
10340,10340007,335,-0.186,-0.124,B
10340,10340007,338,-0.205,-0.117,B
10340,10340007,339,-0.217,-0.113,B
10340,10340007,340,-0.177,-0.113,B
10340,10340007,341,-0.154,-0.112,B
10340,10340007,342,-0.006,-0.117,B
10340,10340007,346,-0.038,-0.111,B
10340,10340007,348,-0.039,-0.119,B
10340,10340007,351,-0.003,-0.125,B
10340,10340007,354,-0.001,-0.137,B
10340,10340007,355,-0.042,-0.138,B
10340,10340007,356,-0.114,-0.135,B
10340,10340007,357,-0.227,-0.132,B
10340,10340007,359,-0.1,-0.144,B
10340,10340007,361,-0.105,-0.141,B
10340,10340007,363,-0.096,-0.148,B
10340,10340007,368,-0.184,-0.14,B
10340,10340007,369,-0.084,-0.143,B
10340,10340007,370,-0.001,-0.146,B
10340,10340007,371,-0.109,-0.139,B
10340,10340007,372,-0.029,-0.148,B
10340,10340007,376,-0.195,-0.128,B
10340,10340007,377,-0.129,-0.132,B
10340,10340007,378,-0.259,-0.124,B
10340,10340007,384,-0.04,-0.135,B
10340,10340007,387,-0.037,-0.129,B
10340,10340007,394,-0.03,-0.13,B
10340,10340007,396,-0.044,-0.129,B
10340,10340007,397,-0.108,-0.128,B
10340,10340007,403,-0.014,-0.161,B
10340,10340007,404,-0.173,-0.149,B
10340,10340007,405,-0.07,-0.158,B
10340,10340007,408,-0.071,-0.155,B
10340,10340007,409,-0.121,-0.155,B
10340,10340007,411,-0.278,-0.145,B
10340,10340007,412,-0.022,-0.15,B
10340,10340007,413,-0.048,-0.147,B
10340,10340007,415,-0.171,-0.132,B
10340,10340007,416,-0.022,-0.141,B
10340,10340007,420,-0.274,-0.137,B
10340,10340007,425,0,-0.139,B
10340,10340007,431,-0.148,-0.112,B
10340,10340007,436,0,-0.118,B
10340,10340007,439,-0.026,-0.119,B
10340,10340007,442,-0.175,-0.116,B
10340,10340007,445,-0.092,-0.13,B
10340,10340007,448,-0.151,-0.129,B
10340,10340007,449,-0.003,-0.137,B
10340,10340007,458,-0.009,-0.124,B
10340,10340007,461,-0.008,-0.125,B
10340,10340007,462,-0.022,-0.127,B
10340,10340007,463,-0.046,-0.129,B
10340,10340007,468,-0.03,-0.139,B
10340,10340007,471,-0.22,-0.126,B
10340,10340007,472,-0.034,-0.135,B
10340,10340007,475,-0.078,-0.127,B
10340,10340007,476,-0.065,-0.121,B
10340,10340007,478,-0.004,-0.121,B
10340,10340007,483,-0.17,-0.115,B
10340,10340007,485,-0.122,-0.115,B
10340,10340007,486,-0.036,-0.117,B
10340,10340007,487,-0.082,-0.113,B
10340,10340007,489,-0.024,-0.12,B
10340,10340007,492,-0.04,-0.109,B
10340,10340007,494,-0.052,-0.106,B
10340,10340007,495,-0.113,-0.103,B
10340,10340007,497,-0.098,-0.105,B
10340,10340007,500,-0.143,-0.105,B
10340,10340007,504,-0.043,-0.118,B
10340,10340007,506,-0.075,-0.119,B
10340,10340007,507,-0.19,-0.115,B
10340,10340007,508,-0.108,-0.124,B
10340,10340007,509,-0.12,-0.124,B
10340,10340007,510,-0.14,-0.126,B
10340,10340007,513,-0.003,-0.148,B
10340,10340007,516,-0.149,-0.152,B
10340,10340007,517,-0.024,-0.169,B
10340,10340007,520,-0.082,-0.172,B
10340,10340007,521,-0.059,-0.17,B
10340,10340007,523,-0.155,-0.155,B
10340,10340007,526,-0.031,-0.152,B
10340,10340007,527,-0.091,-0.138,B
10340,10340007,528,-0.092,-0.129,B
10340,10340007,530,-0.002,-0.125,B
10340,10340007,531,-0.144,-0.117,B
10340,10340007,532,-0.116,-0.118,B
10340,10340007,536,-0.048,-0.126,B
10340,10340007,537,-0.003,-0.13,B
10340,10340007,539,-0.114,-0.136,B
10340,10340007,541,-0.22,-0.146,B
10340,10340007,542,-0.095,-0.157,B
10340,10340007,543,-0.092,-0.16,B
10340,10340007,547,-0.028,-0.172,B
10340,10340007,548,-0.101,-0.165,B
10340,10340007,549,-0.243,-0.151,B
10340,10340007,550,-0.057,-0.154,B
10340,10340007,552,-0.066,-0.145,B
10340,10340007,553,-0.015,-0.142,B
10340,10340007,554,-0.094,-0.135,B
10340,10340007,555,-0.066,-0.132,B
10340,10340007,560,-0.086,-0.116,B
10340,10340007,562,-0.156,-0.111,B
10340,10340007,564,-0.09,-0.114,B
10340,10340007,567,-0.165,-0.11,B
10340,10340007,569,-0.057,-0.112,B
10340,10340007,572,-0.09,-0.106,B
10340,10340007,574,-0.137,-0.104,B
10340,10340007,576,-0.052,-0.108,B
10340,10340007,580,-0.121,-0.106,B
10340,10340007,581,-0.155,-0.109,B
10340,10340007,583,-0.169,-0.113,B
10340,10340007,584,-0.122,-0.114,B
10340,10340007,588,-0.064,-0.118,B
10340,10340007,589,-0.208,-0.109,B
10340,10340007,590,-0.024,-0.119,B
10340,10340007,592,-0.024,-0.125,B
10340,10340007,594,-0.001,-0.124,B
10340,10340007,595,-0.146,-0.117,B
10340,10340007,602,-0.127,-0.119,B
10340,10340007,604,-0.04,-0.122,B
10340,10340007,605,-0.153,-0.118,B
10340,10340007,609,-0.196,-0.12,B
10340,10340007,610,-0.1,-0.128,B
10340,10340007,612,-0.272,-0.124,B
10340,10340007,614,-0.052,-0.141,B
10340,10340007,615,-0.036,-0.142,B
10340,10340007,617,-0.171,-0.134,B
10340,10340007,623,-0.012,-0.137,B
10340,10340007,624,-0.034,-0.137,B
10340,10340007,625,-0.061,-0.133,B
10340,10340007,626,-0.097,-0.137,B
10340,10340007,629,-0.115,-0.132,B
10340,10340007,632,-0.056,-0.131,B
10340,10340007,638,-0.195,-0.116,B
10340,10340007,639,-0.16,-0.125,B
10340,10340007,641,-0.135,-0.127,B
10340,10340007,644,-0.085,-0.131,B
10340,10340007,646,-0.086,-0.132,B
10340,10340007,647,-0.203,-0.124,B
10340,10340007,649,-0.048,-0.127,B
10340,10340007,651,-0.093,-0.118,B
10340,10340007,652,-0.089,-0.117,B
10340,10340007,653,-0.131,-0.112,B
10340,10340007,654,-0.066,-0.118,B
10340,10340007,658,-0.085,-0.115,B
10340,10340007,659,-0.049,-0.117,B
10340,10340007,663,-0.073,-0.119,B
10340,10340007,665,-0.097,-0.122,B
10340,10340007,666,-0.116,-0.12,B
10340,10340007,667,-0.038,-0.12,B
10340,10340007,669,-0.036,-0.119,B
10340,10340007,670,-0.048,-0.117,B
10340,10340007,671,-0.002,-0.118,B
10340,10340007,672,-0.109,-0.11,B
10340,10340007,677,-0.08,-0.112,B
10340,10340007,680,-0.188,-0.117,B
10340,10340007,681,-0.027,-0.129,B
10340,10340007,682,-0.07,-0.133,B
10340,10340007,684,-0.04,-0.145,B
10340,10340007,688,-0.005,-0.14,B
10340,10340007,689,-0.046,-0.134,B
10340,10340007,690,-0.073,-0.134,B
10340,10340007,694,-0.12,-0.11,B
10340,10340007,696,-0.117,-0.104,B
10340,10340007,697,-0.193,-0.099,B
10340,10340007,699,-0.053,-0.099,B
10340,10340007,702,-0.011,-0.103,B
10340,10340007,705,-0.05,-0.106,B
10340,10340007,710,-0.085,-0.112,B
10340,10340007,711,-0.022,-0.116,B
10340,10340007,713,-0.117,-0.109,B
10340,10340007,714,-0.115,-0.11,B
10340,10340007,716,-0.072,-0.113,B
10340,10340007,719,-0.039,-0.116,B
10340,10340007,721,-0.002,-0.121,B
10340,10340007,724,-0.085,-0.113,B
10340,10340007,725,-0.103,-0.111,B
10340,10340007,731,-0.145,-0.105,B
10340,10340007,735,-0.031,-0.114,B
10340,10340007,737,-0.042,-0.113,B
10340,10340007,739,-0.175,-0.107,B
10340,10340007,740,-0.157,-0.11,B
10340,10340007,741,-0.205,-0.105,B
10340,10340007,742,-0.137,-0.109,B
10340,10340007,744,-0.064,-0.108,B
10340,10340007,745,-0.032,-0.11,B
10340,10340007,747,-0.148,-0.099,B
10340,10340007,748,-0.045,-0.106,B
10340,10340007,752,-0.19,-0.098,B
10340,10340007,753,-0.05,-0.105,B
10340,10340007,756,-0.137,-0.115,B
10340,10340007,757,-0.231,-0.116,B
10340,10340007,758,-0.211,-0.118,B
10340,10340007,759,-0.094,-0.122,B
10340,10340007,760,-0.205,-0.117,B
10340,10340007,761,-0.048,-0.125,B
10340,10340007,764,-0.224,-0.117,B
10340,10340007,765,-0.023,-0.122,B
10340,10340007,766,-0.003,-0.121,B
10340,10340007,768,-0.134,-0.115,B
10340,10340007,772,-0.005,-0.124,B
10340,10340007,773,-0.011,-0.124,B
10340,10340007,779,-0.052,-0.113,B
10340,10340007,780,-0.04,-0.117,B
10340,10340007,782,-0.064,-0.117,B
10340,10340007,785,-0.009,-0.116,B
10340,10340007,789,-0.015,-0.118,B
10340,10340007,792,-0.029,-0.111,B
10340,10340007,795,-0.201,-0.113,B
10340,10340007,800,-0.072,-0.127,B
10340,10340007,801,-0.057,-0.135,B
10340,10340007,805,-0.154,-0.129,B
10340,10340007,806,-0.242,-0.117,B
10340,10340007,807,-0.03,-0.122,B
10340,10340007,809,-0.033,-0.112,B
10340,10340007,810,-0.084,-0.11,B
10340,10340007,811,-0.091,-0.106,B
10340,10340007,813,-0.078,-0.101,B
10340,10340007,816,-0.129,-0.096,B
10340,10340007,818,-0.002,-0.104,B
10340,10340007,819,-0.023,-0.105,B
10340,10340007,821,-0.154,-0.1,B
10340,10340007,822,-0.11,-0.102,B
10340,10340007,826,-0.022,-0.111,B
10340,10340007,827,-0.056,-0.113,B
10340,10340007,832,-0.206,-0.103,B
10340,10340007,834,-0.013,-0.114,B
10340,10340007,835,-0.082,-0.105,B
10340,10340007,836,-0.043,-0.107,B
10340,10340007,839,-0.148,-0.103,B
10340,10340007,842,-0.053,-0.107,B
10340,10340007,843,-0.07,-0.111,B
10340,10340007,844,-0.014,-0.114,B
10340,10340007,846,-0.082,-0.113,B
10340,10340007,848,-0.048,-0.118,B
10340,10340007,854,-0.091,-0.111,B
10340,10340007,855,-0.17,-0.103,B
10340,10340007,856,-0.02,-0.114,B
10340,10340007,861,-0.212,-0.098,B
10340,10340007,865,-0.059,-0.106,B
10340,10340007,866,-0.142,-0.103,B
10340,10340007,867,-0.053,-0.103,B
10340,10340007,871,-0.02,-0.103,B
10340,10340007,873,-0.042,-0.101,B
10340,10340007,875,-0.002,-0.103,B
10340,10340007,876,-0.191,-0.093,B
10340,10340007,879,-0.226,-0.095,B
10340,10340007,882,-0.022,-0.101,B
10340,10340007,883,-0.042,-0.097,B
10340,10340007,887,-0.071,-0.089,B
10340,10340007,888,-0.037,-0.093,B
10340,10340007,889,-0.035,-0.094,B
10340,10340007,890,-0.086,-0.091,B
10340,10340007,891,-0.203,-0.087,B
10340,10340007,892,-0.07,-0.097,B
10340,10340007,893,-0.125,-0.098,B
10340,10340007,897,-0.02,-0.11,B
10340,10340007,903,-0.008,-0.108,B
10340,10340007,904,-0.076,-0.1,B
10340,10340007,905,-0.043,-0.1,B
10340,10340007,906,-0.033,-0.104,B
10340,10340007,907,-0.067,-0.102,B
10340,10340007,909,-0.006,-0.108,B
10340,10340007,910,-0.035,-0.107,B
10340,10340007,913,-0.053,-0.102,B
10340,10340007,914,-0.017,-0.104,B
10340,10340007,915,-0.134,-0.099,B
10340,10340007,918,-0.028,-0.102,B
10340,10340007,919,-0.08,-0.1,B
10340,10340007,920,-0.028,-0.098,B
10340,10340007,923,-0.194,-0.092,B
10340,10340007,924,-0.062,-0.099,B
10340,10340007,927,-0.035,-0.106,B
10340,10340007,928,-0.061,-0.103,B
10340,10340007,930,-0.083,-0.107,B
10340,10340007,932,-0.079,-0.109,B
10340,10340007,935,-0.098,-0.108,B
10340,10340007,939,-0.099,-0.105,B
10340,10340007,940,-0.011,-0.106,B
10340,10340007,941,-0.087,-0.103,B
10340,10340007,943,-0.064,-0.112,B
10340,10340007,946,-0.207,-0.114,B
10340,10340007,948,-0.1,-0.13,B
10340,10340007,949,-0.101,-0.142,B
10340,10340007,951,-0.107,-0.152,B
10340,10340007,952,-0.091,-0.151,B
10340,10340007,953,-0.002,-0.165,B
10340,10340007,954,-0.038,-0.167,B
10340,10340007,961,-0.117,-0.128,B
10340,10340007,963,-0.019,-0.124,B
10340,10340007,965,-0.073,-0.128,B
10340,10340007,968,-0.192,-0.123,B
10340,10340007,971,-0.01,-0.122,B
10340,10340007,973,-0.003,-0.116,B
10340,10340007,976,-0.161,-0.096,B
10340,10340007,978,-0.023,-0.104,B
10340,10340007,980,-0.003,-0.107,B
10340,10340007,1004,-0.023,-0.107,B
10340,10340007,1006,-0.042,-0.096,B
10340,10340007,1007,-0.055,-0.095,B
10340,10340007,1009,-0.019,-0.091,B
10340,10340007,1010,-0.008,-0.086,B
10340,10340007,1016,-0.036,-0.09,B
10340,10340007,1017,-0.066,-0.088,B
10340,10340007,1018,-0.089,-0.091,B
10340,10340007,1026,-0.03,-0.092,B
10340,10340007,1027,-0.029,-0.091,B
10340,10340007,1031,-0.03,-0.102,B
10340,10340007,1032,-0.061,-0.105,B
10340,10340007,1033,-0.036,-0.107,B
10340,10340007,1036,-0.122,-0.097,B
10340,10340007,1039,-0.084,-0.096,B
10340,10340007,1040,-0.092,-0.093,B
10340,10340007,1046,-0.202,-0.096,B
10340,10340007,1048,-0.018,-0.11,B
10340,10340007,1057,-0.105,-0.088,B
10340,10340007,1058,-0.105,-0.083,B
10340,10340007,1059,-0.138,-0.081,B
10340,10340007,1061,-0.037,-0.086,B
10340,10340007,1065,-0.08,-0.083,B
10340,10340007,1066,-0.009,-0.087,B
10340,10340007,1068,-0.062,-0.088,B
10340,10340007,1072,-0.021,-0.092,B
10340,10340007,1075,-0.029,-0.1,B
10340,10340007,1077,-0.053,-0.096,B
10340,10340007,1078,-0.079,-0.096,B
10340,10340007,1080,-0.051,-0.097,B
10340,10340007,1081,-0.153,-0.094,B
10340,10340007,1082,-0.048,-0.095,B
10340,10340007,1083,-0.009,-0.1,B
10340,10340007,1091,-0.06,-0.094,B
10340,10340007,1094,-0.022,-0.093,B
10340,10340007,1095,-0.007,-0.095,B
10340,10340007,1097,-0.028,-0.09,B
10340,10340007,1100,-0.023,-0.086,B
10340,10340007,1101,-0.14,-0.081,B
10340,10340007,1103,-0.064,-0.084,B
10340,10340007,1106,-0.056,-0.087,B
10340,10340007,1108,-0.112,-0.09,B
10340,10340007,1109,-0.142,-0.09,B
10340,10340007,1112,-0.095,-0.091,B
10340,10340007,1113,-0.082,-0.091,B
10340,10340007,1114,-0.071,-0.09,B
10340,10340007,1116,-0.087,-0.09,B
10340,10340007,1121,-0.03,-0.086,B
10340,10340007,1124,-0.013,-0.084,B
10340,10340007,1126,-0.008,-0.085,B
10340,10340007,1127,-0.02,-0.088,B
10340,10340007,1134,-0.168,-0.092,B
10340,10340007,1136,-0.197,-0.089,B
10340,10340007,1138,-0.121,-0.086,B
10340,10340007,1139,-0.083,-0.086,B
10340,10340007,1140,-0.014,-0.088,B
10340,10340007,1143,-0.027,-0.088,B
10340,10340007,1146,-0.051,-0.085,B
10340,10340007,1147,-0.036,-0.087,B
10340,10340007,1149,-0.066,-0.089,B
10340,10340007,1150,-0.214,-0.081,B
10340,10340007,1151,-0.061,-0.091,B
10340,10340007,1152,-0.015,-0.092,B
10340,10340007,1153,-0.113,-0.087,B
10340,10340007,1155,-0.165,-0.086,B
10340,10340007,1156,-0.115,-0.088,B
10340,10340007,1158,-0.202,-0.086,B
10340,10340007,1159,-0.145,-0.087,B
10340,10340007,1161,-0.094,-0.089,B
10340,10340007,1163,-0.003,-0.093,B
10340,10340007,1165,-0.007,-0.096,B
10340,10340007,1166,-0.043,-0.095,B
10340,10340007,1169,-0.183,-0.085,B
10340,10340007,1171,-0.033,-0.089,B
10340,10340007,1172,-0.023,-0.09,B
10340,10340007,1174,-0.017,-0.092,B
10340,10340007,1175,-0.03,-0.091,B
10340,10340007,1177,-0.051,-0.091,B
10340,10340007,1178,-0.051,-0.092,B
10340,10340007,1179,-0.043,-0.092,B
10340,10340007,1180,-0.003,-0.093,B
10340,10340007,1181,-0.109,-0.088,B
10340,10340007,1182,-0.109,-0.084,B
10340,10340007,1183,-0.137,-0.08,B
10340,10340007,1186,-0.134,-0.08,B
10340,10340007,1187,-0.152,-0.08,B
10340,10340007,1188,-0.046,-0.086,B
10340,10340007,1190,-0.124,-0.094,B
10340,10340007,1192,-0.204,-0.109,B
10340,10340007,1193,-0.147,-0.114,B
10340,10340007,1195,-0.088,-0.12,B
10340,10340007,1196,-0.131,-0.116,B
10340,10340007,1197,-0.091,-0.118,B
10340,10340007,1199,-0.038,-0.108,B
10340,10340007,1200,-0.083,-0.1,B
10340,10340007,1201,-0.162,-0.093,B
10340,10340007,1205,-0.046,-0.089,B
10340,10340007,1207,-0.036,-0.088,B
10340,10340007,1209,-0.062,-0.083,B
10340,10340007,1211,-0.055,-0.081,B
10340,10340007,1212,-0.085,-0.082,B
10340,10340007,1214,-0.143,-0.079,B
10340,10340007,1215,-0.121,-0.083,B
10340,10340007,1220,-0.077,-0.093,B
10340,10340007,1222,-0.15,-0.091,B
10340,10340007,1225,-0.138,-0.091,B
10340,10340007,1226,-0.074,-0.09,B
10340,10340007,1227,-0.162,-0.085,B
10340,10340007,1228,-0.012,-0.086,B
10340,10340007,1229,-0.027,-0.084,B
10340,10340007,1233,-0.035,-0.076,B
10340,10340007,1237,-0.028,-0.077,B
10340,10340007,1238,-0.111,-0.072,B
10340,10340007,1239,-0.132,-0.069,B
10340,10340007,1244,-0.113,-0.077,B
10340,10340007,1245,-0.032,-0.083,B
10340,10340007,1246,-0.016,-0.087,B
10340,10340007,1247,-0.151,-0.085,B
10340,10340007,1251,-0.06,-0.099,B
10340,10340007,1252,-0.109,-0.095,B
10340,10340007,1253,-0.176,-0.094,B
10340,10340007,1254,-0.024,-0.098,B
10340,10340007,1255,-0.036,-0.095,B
10340,10340007,1256,-0.22,-0.082,B
10340,10340007,1257,-0.158,-0.082,B
10340,10340007,1261,-0.01,-0.082,B
10340,10340007,1263,-0.029,-0.081,B
10340,10340007,1264,-0.074,-0.079,B
10340,10340007,1267,-0.246,-0.076,B
10340,10340007,1268,-0.062,-0.086,B
10340,10340007,1269,-0.026,-0.093,B
10340,10340007,1270,-0.114,-0.091,B
10340,10340007,1271,-0.166,-0.086,B
10340,10340007,1272,-0.078,-0.086,B
10340,10340007,1273,-0.053,-0.087,B
10340,10340007,1275,-0.075,-0.083,B
10340,10340007,1276,-0.154,-0.079,B
10340,10340007,1277,-0.209,-0.076,B
10340,10340007,1278,-0.07,-0.082,B
10340,10340007,1279,-0.014,-0.081,B
10340,10340007,1280,-0.097,-0.079,B
10340,10340007,1281,-0.098,-0.082,B
10340,10340007,1285,-0.034,-0.087,B
10340,10340007,1286,-0.147,-0.079,B
10340,10340007,1288,-0.11,-0.083,B
10340,10340007,1289,-0.134,-0.083,B
10340,10340007,1290,-0.078,-0.086,B
10340,10340007,1291,-0.146,-0.081,B
10340,10340007,1292,-0.02,-0.09,B
10340,10340007,1293,-0.121,-0.083,B
10340,10340007,1294,-0.035,-0.092,B
10340,10340007,1295,-0.044,-0.097,B
10340,10340007,1296,-0.173,-0.095,B
10340,10340007,1297,-0.066,-0.099,B
10340,10340007,1298,-0.069,-0.096,B
10340,10340007,1299,-0.016,-0.1,B
10340,10340007,1300,-0.052,-0.098,B
10340,10340007,1301,-0.093,-0.096,B
10340,10340007,1302,-0.034,-0.099,B
10340,10340007,1303,-0.025,-0.097,B
10340,10340007,1304,-0.005,-0.094,B
10340,10340007,1307,-0.098,-0.085,B
10340,10340007,1308,-0.021,-0.084,B
10340,10340007,1309,-0.039,-0.081,B
10340,10340007,1310,-0.204,-0.07,B
10340,10340007,1311,-0.129,-0.073,B
10340,10340007,1313,-0.022,-0.077,B
10340,10340007,1314,-0.048,-0.076,B
10340,10340007,1315,-0.128,-0.07,B
10340,10340007,1316,-0.036,-0.079,B
10340,10340007,1317,-0.11,-0.079,B
10340,10340007,1318,-0.085,-0.082,B
10340,10340007,1319,-0.031,-0.085,B
10340,10340007,1320,-0.08,-0.085,B
10340,10340007,1321,-0.008,-0.09,B
10340,10340007,1322,-0.094,-0.089,B
10340,10340007,1323,-0.057,-0.093,B
10340,10340007,1324,-0.05,-0.094,B
10340,10340007,1326,-0.069,-0.093,B
10340,10340007,1327,-0.114,-0.093,B
10340,10340007,1329,-0.016,-0.095,B
10340,10340007,1331,-0.073,-0.08,B
10340,10340007,1332,-0.11,-0.076,B
10340,10340007,1336,-0.022,-0.081,B
10340,10340007,1351,-0.076,-0.073,B
10340,10340007,1352,-0.046,-0.077,B
10340,10340007,1353,-0.049,-0.079,B
10340,10340007,1354,-0.011,-0.081,B
10340,10340007,1357,-0.146,-0.086,B
10340,10340007,1358,-0.01,-0.094,B
10340,10340007,1361,-0.17,-0.092,B
10340,10340007,1362,-0.193,-0.087,B
10340,10340007,1364,-0.016,-0.087,B
10340,10340007,1365,-0.188,-0.079,B
10340,10340007,1366,-0.048,-0.082,B
10340,10340007,1367,-0.105,-0.084,B
10340,10340007,1368,-0.177,-0.077,B
10340,10340007,1369,-0.161,-0.073,B
10340,10340007,1370,-0.132,-0.073,B
10340,10340007,1371,-0.04,-0.078,B
10340,10340007,1375,-0.029,-0.078,B
10340,10340007,1376,-0.041,-0.084,B
10340,10340007,1377,-0.111,-0.085,B
10340,10340007,1378,-0.085,-0.089,B
10340,10340007,1379,-0.06,-0.091,B
10340,10340007,1381,-0.059,-0.09,B
10340,10340007,1382,-0.052,-0.087,B
10340,10340007,1385,-0.115,-0.078,B
10340,10340007,1386,-0.06,-0.079,B
10340,10340007,1387,-0.018,-0.083,B
10340,10340007,1388,-0.118,-0.077,B
10340,10340007,1389,-0.206,-0.072,B
10340,10340007,1390,-0.007,-0.081,B
10340,10340007,1393,-0.008,-0.08,B
10340,10340007,1396,-0.048,-0.078,B
10340,10340007,1397,-0.108,-0.077,B
10340,10340007,1398,-0.019,-0.08,B
10340,10340007,1399,-0.09,-0.076,B
10340,10340007,1401,-0.09,-0.076,B
10340,10340007,1404,-0.026,-0.075,B
10340,10340007,1405,-0.019,-0.076,B
10340,10340007,1406,-0.005,-0.076,B
10340,10340007,1409,-0.077,-0.076,B
10340,10340007,1410,-0.053,-0.076,B
10340,10340007,1412,-0.106,-0.077,B
10340,10340007,1413,-0.073,-0.076,B
10340,10340007,1417,-0.04,-0.072,B
10340,10340007,1418,-0.022,-0.073,B
10340,10340007,1419,-0.095,-0.069,B
10340,10340007,1420,-0.055,-0.075,B
10340,10340007,1421,-0.004,-0.078,B
10340,10340007,1422,-0.046,-0.075,B
10340,10340007,1423,-0.057,-0.074,B
10340,10340007,1424,-0.083,-0.073,B
10340,10340007,1425,-0.109,-0.07,B
10340,10340007,1426,-0.116,-0.068,B
10340,10340007,1427,-0.087,-0.07,B
10340,10340007,1428,-0.044,-0.07,B
10340,10340007,1429,-0.076,-0.066,B
10340,10340007,1430,-0.048,-0.066,B
10340,10340007,1433,-0.03,-0.072,B
10340,10340007,1434,-0.111,-0.069,B
10340,10340007,1435,-0.154,-0.071,B
10340,10340007,1436,-0.161,-0.072,B
10340,10340007,1437,-0.003,-0.082,B
10340,10340007,1438,-0.059,-0.078,B
10340,10340007,1439,-0.019,-0.079,B
10340,10340007,1440,-0.089,-0.079,B
10340,10340007,1441,-0.102,-0.076,B
10340,10340007,1442,-0.187,-0.075,B
10340,10340007,1443,-0.14,-0.081,B
10340,10340007,1444,-0.122,-0.08,B
10340,10340007,1445,-0.03,-0.086,B
10340,10340007,1446,-0.004,-0.085,B
10340,10340007,1447,-0.266,-0.071,B
10340,10340007,1448,-0.016,-0.078,B
10340,10340007,1450,-0.057,-0.075,B
10340,10340007,1451,-0.069,-0.074,B
10340,10340007,1452,-0.152,-0.069,B
10340,10340007,1453,-0.031,-0.072,B
10340,10340007,1455,-0.008,-0.071,B
10340,10340007,1456,-0.081,-0.065,B
10340,10340007,1458,-0.08,-0.069,B
10340,10340007,1460,-0.055,-0.078,B
10340,10340007,1461,-0.092,-0.077,B
10340,10340007,1462,-0.142,-0.076,B
10340,10340007,1463,-0.169,-0.077,B
10340,10340007,1464,-0.179,-0.072,B
10340,10340007,1465,-0.16,-0.07,B
10340,10340007,1466,-0.094,-0.072,B
10340,10340007,1467,-0.091,-0.073,B
10340,10340007,1468,-0.085,-0.071,B
10340,10340007,1469,-0.157,-0.069,B
10340,10340007,1470,-0.047,-0.075,B
10340,10340007,1472,-0.017,-0.076,B
10340,10340007,1474,-0.051,-0.074,B
10340,10340007,1475,-0.026,-0.078,B
10340,10340007,1477,-0.023,-0.076,B
10340,10340007,1478,-0.064,-0.078,B
10340,10340007,1479,-0.045,-0.079,B
10340,10340007,1481,-0.091,-0.075,B
10340,10340007,1482,-0.102,-0.072,B
10340,10340007,1483,-0.07,-0.079,B
10340,10340007,1484,-0.039,-0.082,B
10340,10340007,1485,-0.023,-0.084,B
10340,10340007,1486,-0.136,-0.079,B
10340,10340007,1487,-0.06,-0.078,B
10340,10340007,1488,-0.166,-0.073,B
10340,10340007,1489,-0.058,-0.077,B
10340,10340007,1491,-0.127,-0.066,B
10340,10340007,1492,-0.031,-0.069,B
10340,10340007,1493,-0.058,-0.068,B
10340,10340007,1494,-0.066,-0.071,B
10340,10340007,1498,-0.026,-0.07,B
10340,10340007,1499,-0.012,-0.068,B
10340,10340007,1500,-0.078,-0.061,B
10340,10340007,1501,-0.17,-0.057,B
10340,10340007,1502,-0.015,-0.066,B
10340,10340007,1504,-0.021,-0.067,B
10340,10340007,1506,-0.043,-0.069,B
10340,10340007,1507,-0.071,-0.072,B
10340,10340007,1508,-0.059,-0.071,B
10340,10340007,1509,-0.071,-0.071,B
10340,10340007,1510,-0.138,-0.068,B
10340,10340007,1512,-0.182,-0.07,B
10340,10340007,1513,-0.083,-0.074,B
10340,10340007,1517,-0.055,-0.073,B
10340,10340007,1518,-0.048,-0.072,B
10340,10340007,1519,-0.049,-0.069,B
10340,10340007,1522,-0.044,-0.063,B
10340,10340007,1523,-0.087,-0.062,B
10340,10340007,1525,-0.079,-0.065,B
10340,10340007,1526,-0.052,-0.07,B
10340,10340007,1527,-0.032,-0.074,B
10340,10340007,1529,-0.103,-0.075,B
10340,10340007,1530,-0.108,-0.072,B
10340,10340007,1531,-0.134,-0.074,B
10340,10340007,1532,-0.036,-0.074,B
10340,10340007,1533,-0.092,-0.07,B
10340,10340007,1534,-0.048,-0.072,B
10340,10340007,1535,-0.04,-0.072,B
10340,10340007,1537,-0.077,-0.069,B
10340,10340007,1538,-0.089,-0.067,B
10340,10340007,1539,-0.123,-0.07,B
10340,10340007,1540,-0.084,-0.073,B
10340,10340007,1541,-0.094,-0.071,B
10340,10340007,1542,-0.116,-0.072,B
10340,10340007,1544,-0.108,-0.07,B
10340,10340007,1545,-0.147,-0.066,B
10340,10340007,1546,-0.099,-0.067,B
10340,10340007,1548,-0.128,-0.063,B
10340,10340007,1549,-0.038,-0.066,B
10340,10340007,1551,-0.217,-0.062,B
10340,10340007,1552,-0.086,-0.068,B
10340,10340007,1553,-0.091,-0.066,B
10340,10340007,1554,-0.059,-0.07,B
10340,10340007,1555,-0.04,-0.071,B
10340,10340007,1556,-0.181,-0.066,B
10340,10340007,1557,-0.128,-0.071,B
10340,10340007,1558,-0.214,-0.065,B
10340,10340007,1559,-0.117,-0.071,B
10340,10340007,1560,-0.182,-0.069,B
10340,10340007,1561,-0.157,-0.069,B
10340,10340007,1562,-0.175,-0.068,B
10340,10340007,1563,-0.001,-0.072,B
10340,10340007,1564,-0.079,-0.067,B
10340,10340007,1565,-0.066,-0.071,B
10340,10340007,1566,-0.173,-0.069,B
10340,10340007,1567,-0.194,-0.072,B
10340,10340007,1568,-0.059,-0.075,B
10340,10340007,1569,-0.228,-0.069,B
10340,10340007,1571,-0.114,-0.078,B
10340,10340007,1572,-0.057,-0.076,B
10340,10340007,1573,-0.088,-0.071,B
10340,10340007,1574,-0.068,-0.067,B
10340,10340007,1575,-0.011,-0.074,B
10340,10340007,1576,-0.077,-0.072,B
10340,10340007,1578,-0.105,-0.069,B
10340,10340007,1580,-0.04,-0.073,B
10340,10340007,1581,-0.091,-0.071,B
10340,10340007,1582,-0.053,-0.071,B
10340,10340007,1586,-0.054,-0.075,B
10340,10340007,1587,-0.016,-0.079,B
10340,10340007,1588,-0.051,-0.078,B
10340,10340007,1589,-0.05,-0.078,B
10340,10340007,1592,-0.06,-0.067,B
10340,10340007,1594,-0.086,-0.069,B
10340,10340007,1596,-0.106,-0.065,B
10340,10340007,1597,-0.048,-0.069,B
10340,10340007,1598,-0.117,-0.067,B
10340,10340007,1599,-0.131,-0.067,B
10340,10340007,1600,-0.035,-0.072,B
10340,10340007,1601,-0.039,-0.072,B
10340,10340007,1604,-0.087,-0.068,B
10340,10340007,1606,-0.061,-0.069,B
10340,10340007,1607,-0.109,-0.065,B
10340,10340007,1610,-0.099,-0.067,B
10340,10340007,1611,-0.083,-0.068,B
10340,10340007,1612,-0.089,-0.068,B
10340,10340007,1613,-0.082,-0.072,B
10340,10340007,1614,-0.016,-0.076,B
10340,10340007,1616,-0.028,-0.078,B
10340,10340007,1621,-0.017,-0.07,B
10340,10340007,1622,-0.112,-0.065,B
10340,10340007,1623,-0.099,-0.065,B
10340,10340007,1625,-0.047,-0.067,B
10340,10340007,1627,-0.01,-0.071,B
10340,10340007,1630,-0.029,-0.069,B
10340,10340007,1631,-0.089,-0.068,B
10340,10340007,1632,-0.043,-0.069,B
10340,10340007,1634,-0.13,-0.067,B
10340,10340007,1635,-0.011,-0.072,B
10340,10340007,1636,-0.09,-0.069,B
10340,10340007,1638,-0.123,-0.068,B
10340,10340007,1641,-0.045,-0.063,B
10340,10340007,1643,-0.016,-0.063,B
10340,10340007,1644,-0.091,-0.062,B
10340,10340007,1645,-0.06,-0.063,B
10340,10340007,1648,-0.077,-0.069,B
10340,10340007,1651,-0.121,-0.065,B
10340,10340007,1652,-0.03,-0.071,B
10340,10340007,1653,-0.041,-0.069,B
10340,10340007,1654,-0.018,-0.067,B
10340,10340007,1655,-0.011,-0.068,B
10340,10340007,1656,-0.053,-0.069,B
10340,10340007,1658,-0.022,-0.069,B
10340,10340007,1659,-0.075,-0.069,B
10340,10340007,1660,0,-0.078,B
10340,10340007,1664,-0.043,-0.067,B
10340,10340007,1667,-0.096,-0.056,B
10340,10340007,1670,-0.076,-0.056,B
10340,10340007,1671,-0.042,-0.059,B
10340,10340007,1673,-0.029,-0.057,B
10340,10340007,1674,-0.052,-0.057,B
10340,10340007,1675,-0.051,-0.056,B
10340,10340007,1676,-0.084,-0.055,B
10340,10340007,1678,-0.017,-0.056,B
10340,10340007,1682,-0.095,-0.054,B
10340,10340007,1683,-0.024,-0.058,B
10340,10340007,1684,-0.188,-0.051,B
10340,10340007,1685,-0.023,-0.057,B
10340,10340007,1686,-0.03,-0.056,B
10340,10340007,1688,-0.043,-0.056,B
10340,10340007,1690,-0.087,-0.052,B
10340,10340007,1691,-0.026,-0.056,B
10340,10340007,1693,-0.012,-0.056,B
10340,10340007,1694,-0.011,-0.055,B
10340,10340007,1698,-0.057,-0.05,B
10340,10340007,1699,-0.062,-0.05,B
10340,10340007,1700,-0.076,-0.051,B
10340,10340007,1702,-0.001,-0.058,B
10340,10340007,1705,-0.052,-0.057,B
10340,10340007,1706,-0.037,-0.055,B
10340,10340007,1708,-0.031,-0.05,B
10340,10340007,1710,-0.108,-0.047,B
10340,10340007,1712,-0.045,-0.05,B
10340,10340007,1716,-0.041,-0.054,B
10340,10340007,1717,-0.015,-0.053,B
10340,10340007,1718,-0.008,-0.054,B
10340,10340007,1719,-0.022,-0.055,B
10340,10340007,1720,-0.02,-0.054,B
10340,10340007,1721,-0.086,-0.05,B
10340,10340007,1723,-0.055,-0.047,B
10340,10340007,1724,-0.018,-0.046,B
10340,10340007,1725,-0.034,-0.047,B
10340,10340007,1729,-0.054,-0.059,B
10340,10340007,1733,-0.031,-0.058,B
10340,10340007,1735,-0.027,-0.054,B
10340,10340007,1736,-0.018,-0.05,B
10340,10340007,1737,-0.058,-0.049,B
10340,10340007,1738,-0.062,-0.051,B
10340,10340007,1739,-0.009,-0.051,B
10340,10340007,1743,-0.074,-0.046,B
10340,10340007,1744,-0.014,-0.049,B
10340,10340007,1746,-0.096,-0.052,B
10340,10340007,1749,-0.047,-0.063,B
10340,10340007,1757,-0.022,-0.06,B
10340,10340007,1758,-0.035,-0.061,B
10340,10340007,1764,-0.004,-0.061,B
10340,10340007,1772,-0.029,-0.047,B
10340,10340007,1774,-0.092,-0.045,B
10340,10340007,1775,-0.001,-0.051,B
10340,10340007,1779,-0.064,-0.055,B
10340,10340007,1780,-0.017,-0.056,B
10340,10340007,1784,-0.029,-0.05,B
10340,10340007,1787,-0.012,-0.049,B
10340,10340007,1791,-0.063,-0.048,B
10340,10340007,1793,-0.004,-0.048,B
10340,10340007,1797,-0.087,-0.044,B
10340,10340007,1799,-0.01,-0.049,B
10340,10340007,1804,-0.021,-0.05,B
10340,10340007,1809,-0.046,-0.05,B
10340,10340007,1810,-0.033,-0.049,B
10340,10340007,1811,-0.043,-0.048,B
10340,10340007,1813,-0.05,-0.046,B
10340,10340007,1815,-0.011,-0.047,B
10340,10340007,1820,-0.018,-0.05,B
10340,10340007,1821,-0.081,-0.047,B
10340,10340007,1822,-0.001,-0.049,B
10340,10340007,1823,-0.028,-0.048,B
10340,10340007,1825,-0.001,-0.047,B
10340,10340007,1827,-0.026,-0.049,B
10340,10340007,1829,-0.005,-0.046,B
10340,10340007,1831,-0.091,-0.044,B
10340,10340007,1832,-0.01,-0.046,B
10340,10340007,1833,-0.025,-0.043,B
10340,10340007,1834,-0.076,-0.041,B
10340,10340007,1838,-0.033,-0.047,B
10340,10340007,1839,-0.027,-0.048,B
10340,10340007,1840,-0.022,-0.046,B
10340,10340007,1841,-0.069,-0.042,B
10340,10340007,1842,-0.114,-0.041,B
10340,10340007,1845,-0.024,-0.048,B
10340,10340007,1847,-0.035,-0.048,B
10340,10340007,1851,-0.044,-0.043,B
10340,10340007,1852,-0.067,-0.043,B
10340,10340007,1853,-0.011,-0.047,B
10340,10340007,1854,-0.035,-0.045,B
10340,10340007,1856,-0.037,-0.045,B
10340,10340007,1857,-0.099,-0.04,B
10340,10340007,1859,-0.043,-0.043,B
10340,10340007,1864,-0.055,-0.044,B
10340,10340007,1866,-0.091,-0.044,B
10340,10340007,1867,-0.05,-0.045,B
10340,10340007,1868,-0.004,-0.047,B
10340,10340007,1869,-0.028,-0.047,B
10340,10340007,1870,-0.026,-0.044,B
10340,10340007,1874,-0.035,-0.04,B
10340,10340007,1875,-0.015,-0.041,B
10340,10340007,1879,-0.054,-0.043,B
10340,10340007,1883,-0.006,-0.044,B
10340,10340007,1884,-0.071,-0.042,B
10340,10340007,1887,-0.02,-0.043,B
10340,10340007,1889,-0.039,-0.043,B
10340,10340007,1890,-0.001,-0.046,B
10340,10340007,1892,-0.004,-0.044,B
10340,10340007,1894,-0.027,-0.045,B
10340,10340007,1895,-0.012,-0.044,B
10340,10340007,1900,-0.011,-0.047,B
10340,10340007,1905,-0.019,-0.049,B
10340,10340007,1906,-0.005,-0.047,B
10340,10340007,1919,-0.006,-0.05,B
10340,10340007,1921,-0.009,-0.048,B
10340,10340007,1922,-0.039,-0.047,B
10340,10340007,1925,-0.045,-0.044,B
10340,10340007,1928,-0.047,-0.045,B
10340,10340007,1930,-0.059,-0.046,B
10340,10340007,1932,-0.003,-0.047,B
10340,10340007,1933,-0.06,-0.043,B
10340,10340007,1935,-0.074,-0.043,B
10340,10340007,1946,-0.046,-0.039,B
10340,10340007,1949,-0.063,-0.039,B
10340,10340007,1951,-0.041,-0.042,B
10340,10340007,1956,-0.05,-0.042,B
10340,10340007,1960,-0.014,-0.04,B
10340,10340007,1962,-0.012,-0.042,B
10340,10340007,1966,-0.01,-0.042,B
10340,10340007,1967,-0.076,-0.038,B
10340,10340007,1969,-0.015,-0.037,B
10340,10340007,1970,-0.005,-0.038,B
10340,10340007,1971,-0.046,-0.034,B
10340,10340007,1972,-0.044,-0.035,B
10340,10340007,1974,-0.065,-0.033,B
10340,10340007,1985,-0.024,-0.037,B
10340,10340007,1989,-0.006,-0.045,B
10340,10340007,1992,-0.04,-0.047,B
10340,10340007,1996,-0.056,-0.048,B
10340,10340007,1999,-0.043,-0.054,B
10340,10340007,2000,-0.027,-0.055,B
10340,10340007,2001,-0.019,-0.056,B
10340,10340007,2002,-0.083,-0.056,B
10340,10340007,2004,-0.048,-0.055,B
10340,10340007,2010,-0.055,-0.067,B
10340,10340007,2011,-0.006,-0.07,B
10340,10340007,2012,-0.027,-0.071,B
10340,10340007,2015,-0.106,-0.067,B
10340,10340007,2017,-0.147,-0.063,B
10340,10340007,2018,-0.002,-0.069,B
10340,10340007,2019,-0.021,-0.068,B
10340,10340007,2020,-0.02,-0.068,B
10340,10340007,2021,-0.051,-0.066,B
10340,10340007,2022,-0.052,-0.068,B
10340,10340007,2023,-0.071,-0.07,B
10340,10340007,2024,-0.164,-0.067,B
10340,10340007,2026,-0.071,-0.068,B
10340,10340007,2028,-0.142,-0.064,B
10340,10340007,2031,-0.008,-0.085,B
10340,10340007,2032,-0.071,-0.081,B
10340,10340007,2034,-0.082,-0.065,B
10340,10340007,2035,-0.018,-0.063,B
10340,10340007,2036,-0.016,-0.062,B
10340,10340007,2039,-0.074,-0.062,B
10340,10340007,2040,-0.007,-0.069,B
10340,10340007,2050,-0.096,-0.063,B
10340,10340007,2051,-0.127,-0.058,B
10340,10340007,2052,-0.042,-0.059,B
10340,10340007,2054,-0.032,-0.056,B
10340,10340007,2056,-0.015,-0.064,B
10340,10340007,2058,-0.187,-0.064,B
10340,10340007,2059,-0.046,-0.064,B
10340,10340007,2060,-0.099,-0.059,B
10340,10340007,2061,-0.097,-0.06,B
10340,10340007,2062,-0.176,-0.059,B
10340,10340007,2063,-0.142,-0.062,B
10340,10340007,2065,-0.087,-0.062,B
10340,10340007,2066,-0.01,-0.063,B
10340,10340007,2080,-0.074,-0.058,B
10340,10340007,2082,-0.082,-0.058,B
10340,10340007,2083,-0.042,-0.058,B
10340,10340007,2084,-0.142,-0.051,B
10340,10340007,2085,-0.096,-0.05,B
10340,10340007,2086,-0.094,-0.05,B
10340,10340007,2087,-0.037,-0.05,B
10340,10340007,2088,-0.105,-0.048,B
10340,10340007,2089,-0.031,-0.053,B
10340,10340007,2090,-0.005,-0.058,B
10340,10340007,2091,-0.003,-0.064,B
10340,10340007,2092,-0.227,-0.057,B
10340,10340007,2093,-0.129,-0.063,B
10340,10340007,2094,-0.037,-0.061,B
10340,10340007,2096,-0.117,-0.05,B
10340,10340007,2098,-0.09,-0.046,B
10340,10340007,2099,-0.091,-0.046,B
10340,10340007,2101,-0.018,-0.052,B
10340,10340007,2103,-0.069,-0.048,B
10340,10340007,2105,-0.032,-0.047,B
10340,10340007,2106,-0.023,-0.047,B
10340,10340007,2107,-0.102,-0.044,B
10340,10340007,2108,-0.001,-0.046,B
10340,10340007,2109,-0.044,-0.043,B
10340,10340007,2110,-0.017,-0.042,B
10340,10340007,2111,-0.047,-0.04,B
10340,10340007,2112,-0.101,-0.038,B
10340,10340007,2113,-0.005,-0.046,B
10340,10340007,2114,-0.055,-0.043,B
10340,10340007,2115,-0.182,-0.041,B
10340,10340007,2116,-0.079,-0.041,B
10340,10340007,2117,-0.014,-0.046,B
10340,10340007,2118,-0.071,-0.039,B
10340,10340007,2119,-0.035,-0.043,B
10340,10340007,2120,-0.068,-0.044,B
10340,10340007,2121,-0.106,-0.038,B
10340,10340007,2122,-0.106,-0.035,B
10340,10340007,2123,-0.061,-0.038,B
10340,10340007,2124,-0.029,-0.049,B
10340,10340007,2125,-0.007,-0.051,B
10340,10340007,2126,-0.12,-0.045,B
10340,10340007,2127,-0.009,-0.048,B
10340,10340007,2128,-0.051,-0.048,B
10340,10340007,2129,-0.012,-0.048,B
10340,10340007,2130,-0.047,-0.045,B
10340,10340007,2131,-0.004,-0.045,B
10340,10340007,2132,-0.062,-0.044,B
10340,10340007,2133,-0.024,-0.048,B
10340,10340007,2136,-0.02,-0.046,B
10340,10340007,2137,-0.006,-0.05,B
10340,10340007,2147,-0.016,-0.082,B
10340,10340007,2149,-0.011,-0.08,B
10340,10340007,2150,-0.13,-0.079,B
10340,10340007,2155,-0.168,-0.156,B
10340,10340007,2156,-0.053,-0.161,B
10340,10340008,121,-11.31,-6.309,B
10340,10340008,122,-10.77,-5.959,B
10340,10340008,123,-2.038,-5.38,B
10340,10340008,124,-2.278,-5.16,B
10340,10340008,125,-5.734,-4.675,B
10340,10340008,126,-3.51,-4.665,B
10340,10340008,127,-6.698,-5.072,B
10340,10340008,128,-2.126,-5.628,B
10340,10340008,129,-13.32,-6.497,B
10340,10340008,130,-14.45,-6.29,B
10340,10340008,131,-21.28,-6.646,B
10340,10340008,132,-19.1,-6.292,B
10340,10340008,133,-11.11,-5.803,B
10340,10340008,134,-22.08,-7.196,B
10340,10340008,135,-33.73,-8.557,B
10340,10340008,136,-28.6,-7.971,B
10340,10340008,137,-18.51,-6.506,B
10340,10340008,138,-19.11,-6.765,B
10340,10340008,139,-22.11,-6.286,B
10340,10340008,140,-22.43,-6.2,B
10340,10340008,141,-35.41,-8.035,B
10340,10340008,142,-21.77,-6.842,B
10340,10340008,143,-43.72,-10.65,B
10340,10340008,144,-36.49,-8.458,B
10340,10340008,145,-29.42,-7.208,B
10340,10340008,146,-34.68,-8.053,B
10340,10340008,147,-47.55,-10.551,B
10340,10340008,148,-13.54,-6.084,B
10340,10340008,149,-43.51,-9.855,B
10340,10340008,150,-39.25,-9.522,B
10340,10340008,151,-33.39,-8.087,B
10340,10340008,152,-31.32,-7.482,B
10340,10340008,153,-41.99,-8.7,B
10340,10340008,154,-30.94,-7.064,B
10340,10340008,155,-28.45,-7.036,B
10340,10340008,156,-41.19,-8.963,B
10340,10340008,157,-39.39,-8.796,B
10340,10340008,158,-48.07,-9.888,B
10340,10340008,159,-42.52,-8.147,B
10340,10340008,160,-34.49,-7.384,B
10340,10340008,161,-36.72,-7.987,B
10340,10340008,162,-39.18,-8.643,B
10340,10340008,163,-46.99,-9.863,B
10340,10340008,164,-51.8,-9.681,B
10340,10340008,165,-45.59,-8.922,B
10340,10340008,166,-41.77,-7.56,B
10340,10340008,167,-39.43,-7.472,B
10340,10340008,168,-40.29,-7.8,B
10340,10340008,169,-44.57,-8.767,B
10340,10340008,170,-39.23,-7.587,B
10340,10340008,171,-35.85,-6.768,B
10340,10340008,172,-42.84,-8.041,B
10340,10340008,173,-48.7,-9.915,B
10340,10340008,174,-49.03,-9.85,B
10340,10340008,175,-47.37,-9.626,B
10340,10340008,176,-50.29,-9.897,B
10340,10340008,177,-46.44,-9.502,B
10340,10340008,178,-54.9,-10.706,B
10340,10340008,179,-44.52,-8.69,B
10340,10340008,180,-53.55,-10.726,B
10340,10340008,181,-39.3,-7.927,B
10340,10340008,182,-55.39,-10.84,B
10340,10340008,183,-50.09,-9.487,B
10340,10340008,184,-46.56,-9.326,B
10340,10340008,185,-43.75,-8.75,B
10340,10340008,186,-43.48,-8.222,B
10340,10340008,187,-46.38,-8.803,B
10340,10340008,188,-43.58,-8.058,B
10340,10340008,189,-47.81,-10.026,B
10340,10340008,190,-47.84,-10.061,B
10340,10340008,191,-55.66,-11.677,B
10340,10340008,192,-61.02,-12.369,B
10340,10340008,193,-49.55,-9.95,B
10340,10340008,194,-55.72,-10.408,B
10340,10340008,195,-42.65,-8.249,B
10340,10340008,196,-50.8,-10.069,B
10340,10340008,197,-53.29,-10.514,B
10340,10340008,198,-56.52,-10.705,B
10340,10340008,199,-54.27,-9.904,B
10340,10340008,200,-47.71,-9.37,B
10340,10340008,201,-49.62,-9.864,B
10340,10340008,202,-62.14,-12.838,B
10340,10340008,203,-55.54,-12.041,B
10340,10340008,204,-49.03,-10.041,B
10340,10340008,205,-57.04,-10.878,B
10340,10340008,206,-51.56,-10.09,B
10340,10340008,207,-58.78,-11.885,B
10340,10340008,208,-53.67,-11.11,B
10340,10340008,209,-43.85,-9.13,B
10340,10340008,210,-56.5,-10.616,B
10340,10340008,211,-50.4,-9.087,B
10340,10340008,212,-43.76,-7.763,B
10340,10340008,213,-51.44,-9.269,B
10340,10340008,214,-47.57,-9.148,B
10340,10340008,215,-48.84,-9.065,B
10340,10340008,216,-56.49,-10.366,B
10340,10340008,217,-51.46,-8.969,B
10340,10340008,218,-50.94,-9.225,B
10340,10340008,219,-48.44,-8.361,B
10340,10340008,220,-52.8,-9.06,B
10340,10340008,221,-37.7,-6.631,B
10340,10340008,222,-52.23,-9.031,B
10340,10340008,223,-44.31,-7.807,B
10340,10340008,224,-45.22,-7.868,B
10340,10340008,225,-38.73,-6.631,B
10340,10340008,226,-53.08,-8.673,B
10340,10340008,227,-46.23,-7.804,B
10340,10340008,228,-41.37,-7.339,B
10340,10340008,229,-46.97,-8.262,B
10340,10340008,230,-52.72,-9.627,B
10340,10340008,231,-55.48,-9.631,B
10340,10340008,232,-47.45,-8.475,B
10340,10340008,233,-53.48,-9.412,B
10340,10340008,234,-50.94,-9.373,B
10340,10340008,235,-48.85,-8.827,B
10340,10340008,236,-46.39,-8.443,B
10340,10340008,237,-50.5,-8.807,B
10340,10340008,238,-54.52,-9.961,B
10340,10340008,239,-52.73,-9.607,B
10340,10340008,240,-44.87,-8.669,B
10340,10340008,241,-54.09,-9.525,B
10340,10340008,242,-60.94,-11.262,B
10340,10340008,243,-55.23,-9.604,B
10340,10340008,244,-47.11,-8.697,B
10340,10340008,245,-44.01,-7.979,B
10340,10340008,246,-51.09,-9.963,B
10340,10340008,247,-43.83,-8.385,B
10340,10340008,248,-48.49,-9.165,B
10340,10340008,249,-52.37,-9.521,B
10340,10340008,250,-59.46,-11.874,B
10340,10340008,251,-47.06,-9.412,B
10340,10340008,252,-51.96,-9.909,B
10340,10340008,253,-49.26,-8.758,B
10340,10340008,254,-54.04,-9.668,B
10340,10340008,255,-60.01,-11.228,B
10340,10340008,256,-51.66,-9.862,B
10340,10340008,257,-52,-9.485,B
10340,10340008,258,-44.89,-7.811,B
10340,10340008,259,-45.5,-7.503,B
10340,10340008,260,-50.43,-8.472,B
10340,10340008,261,-46.87,-8.094,B
10340,10340008,262,-50.89,-8.89,B
10340,10340008,263,-41.6,-6.806,B
10340,10340008,264,-46.4,-7.494,B
10340,10340008,265,-49.2,-8.216,B
10340,10340008,266,-47.53,-8.603,B
10340,10340008,267,-46.76,-8.225,B
10340,10340008,268,-49.5,-8.38,B
10340,10340008,269,-45.24,-8.27,B
10340,10340008,270,-57.48,-11.134,B
10340,10340008,271,-54.4,-10.156,B
10340,10340008,272,-46.03,-8.304,B
10340,10340008,273,-51.73,-8.251,B
10340,10340008,274,-40.26,-6.8,B
10340,10340008,275,-44.48,-7.49,B
10340,10340008,276,-46.61,-7.956,B
10340,10340008,277,-53.23,-9.278,B
10340,10340008,278,-51,-9.272,B
10340,10340008,279,-55.97,-10.539,B
10340,10340008,280,-57.65,-11.219,B
10340,10340008,281,-46.33,-8.993,B
10340,10340008,282,-55.19,-9.862,B
10340,10340008,283,-51.01,-8.983,B
10340,10340008,284,-39.68,-7.377,B
10340,10340008,285,-54.09,-10.245,B
10340,10340008,286,-55.57,-10.225,B
10340,10340008,287,-46.06,-8.848,B
10340,10340008,288,-46.51,-8.335,B
10340,10340008,289,-45.61,-7.868,B
10340,10340008,290,-45.48,-7.304,B
10340,10340008,291,-37.63,-6.119,B
10340,10340008,292,-43.03,-6.859,B
10340,10340008,293,-45.48,-7.518,B
10340,10340008,294,-47.25,-7.919,B
10340,10340008,295,-46.12,-8.302,B
10340,10340008,296,-49.77,-8.341,B
10340,10340008,297,-43.12,-7.74,B
10340,10340008,298,-42.98,-7.087,B
10340,10340008,299,-42.45,-7.17,B
10340,10340008,300,-40.33,-6.489,B
10340,10340008,301,-46.29,-7.48,B
10340,10340008,302,-45.04,-7.103,B
10340,10340008,303,-32.59,-5.605,B
10340,10340008,304,-36.42,-5.758,B
10340,10340008,305,-39.88,-6.62,B
10340,10340008,306,-35.79,-6.102,B
10340,10340008,307,-45.23,-7.689,B
10340,10340008,308,-45.79,-7.661,B
10340,10340008,309,-36.32,-6.556,B
10340,10340008,310,-40.33,-6.985,B
10340,10340008,311,-42.11,-7.058,B
10340,10340008,312,-49.1,-8.44,B
10340,10340008,313,-34.65,-6.341,B
10340,10340008,314,-47.53,-8.099,B
10340,10340008,315,-53.34,-8.972,B
10340,10340008,316,-38.7,-7.109,B
10340,10340008,317,-47.48,-9.069,B
10340,10340008,318,-45.48,-8.573,B
10340,10340008,319,-50.78,-9.049,B
10340,10340008,320,-42.35,-7.284,B
10340,10340008,321,-46.74,-7.488,B
10340,10340008,322,-37.43,-6.124,B
10340,10340008,323,-40.91,-6.464,B
10340,10340008,324,-39.41,-6.447,B
10340,10340008,325,-38.57,-6.514,B
10340,10340008,326,-38.74,-6.28,B
10340,10340008,327,-37.57,-6.139,B
10340,10340008,328,-39.6,-6.435,B
10340,10340008,329,-41.81,-6.911,B
10340,10340008,330,-41.49,-7.02,B
10340,10340008,331,-43.37,-7.59,B
10340,10340008,332,-45.14,-7.872,B
10340,10340008,333,-37.62,-6.734,B
10340,10340008,334,-48.53,-7.842,B
10340,10340008,335,-44.41,-7.328,B
10340,10340008,336,-38.74,-6.659,B
10340,10340008,337,-48.79,-8.021,B
10340,10340008,338,-43.74,-7.331,B
10340,10340008,339,-43.59,-6.77,B
10340,10340008,340,-39.23,-6.477,B
10340,10340008,341,-36.84,-6.208,B
10340,10340008,342,-37.95,-6.493,B
10340,10340008,343,-40.15,-6.432,B
10340,10340008,344,-34.07,-5.605,B
10340,10340008,345,-39.92,-6.168,B
10340,10340008,346,-33.41,-5.349,B
10340,10340008,347,-37.89,-5.661,B
10340,10340008,348,-34,-5.311,B
10340,10340008,349,-35.6,-5.55,B
10340,10340008,350,-33.53,-5.492,B
10340,10340008,351,-31.9,-5.244,B
10340,10340008,352,-35.69,-5.91,B
10340,10340008,353,-34.34,-5.518,B
10340,10340008,354,-36.06,-5.607,B
10340,10340008,355,-28.05,-4.508,B
10340,10340008,356,-35.27,-5.403,B
10340,10340008,357,-35.16,-5.45,B
10340,10340008,358,-31.63,-5.323,B
10340,10340008,359,-38.71,-6.151,B
10340,10340008,360,-39.17,-6.451,B
10340,10340008,361,-31.54,-5.264,B
10340,10340008,362,-33.2,-5.598,B
10340,10340008,363,-29.73,-5.001,B
10340,10340008,364,-35.19,-5.662,B
10340,10340008,365,-31.38,-5.112,B
10340,10340008,366,-34.05,-5.812,B
10340,10340008,367,-33.33,-5.589,B
10340,10340008,368,-34.32,-5.488,B
10340,10340008,369,-32.57,-5.185,B
10340,10340008,370,-29.91,-5.1,B
10340,10340008,371,-31.78,-5.072,B
10340,10340008,372,-31.5,-4.845,B
10340,10340008,373,-29.89,-4.711,B
10340,10340008,374,-28.36,-4.96,B
10340,10340008,375,-37.56,-6.19,B
10340,10340008,376,-34.59,-5.476,B
10340,10340008,377,-30.15,-4.92,B
10340,10340008,378,-29.82,-4.876,B
10340,10340008,379,-29.04,-4.887,B
10340,10340008,380,-34.35,-5.675,B
10340,10340008,381,-40.72,-6.784,B
10340,10340008,382,-37.97,-6.371,B
10340,10340008,383,-28.25,-4.763,B
10340,10340008,384,-35.47,-5.214,B
10340,10340008,385,-31.27,-4.769,B
10340,10340008,386,-32.21,-4.983,B
10340,10340008,387,-32.76,-4.878,B
10340,10340008,388,-27.07,-4.388,B
10340,10340008,389,-27.54,-4.585,B
10340,10340008,390,-29.47,-4.712,B
10340,10340008,391,-34.28,-5.118,B
10340,10340008,392,-26.76,-4.34,B
10340,10340008,393,-32.24,-5.165,B
10340,10340008,394,-31.83,-4.994,B
10340,10340008,395,-28,-4.539,B
10340,10340008,396,-29.79,-4.585,B
10340,10340008,397,-28.07,-4.466,B
10340,10340008,398,-23.66,-3.958,B
10340,10340008,399,-25.26,-4.021,B
10340,10340008,400,-16.98,-3.192,B
10340,10340008,401,-25.77,-3.786,B
10340,10340008,402,-18.52,-3.152,B
10340,10340008,403,-20.71,-3.355,B
10340,10340008,404,-29.76,-4.241,B
10340,10340008,405,-26.81,-3.949,B
10340,10340008,406,-25.93,-4.019,B
10340,10340008,407,-29.65,-4.545,B
10340,10340008,408,-32.34,-5.068,B
10340,10340008,409,-26.06,-4.443,B
10340,10340008,410,-27.8,-4.214,B
10340,10340008,411,-28.99,-4.125,B
10340,10340008,412,-22.3,-3.327,B
10340,10340008,413,-22.97,-3.595,B
10340,10340008,414,-22.28,-3.721,B
10340,10340008,415,-27.1,-4.55,B
10340,10340008,416,-26.88,-4.449,B
10340,10340008,417,-25.45,-4.179,B
10340,10340008,418,-26.33,-3.918,B
10340,10340008,419,-26.56,-3.854,B
10340,10340008,420,-20.44,-3.371,B
10340,10340008,421,-24.29,-3.797,B
10340,10340008,422,-22.58,-3.522,B
10340,10340008,423,-20.11,-3.22,B
10340,10340008,424,-17.49,-2.984,B
10340,10340008,425,-18.87,-3.149,B
10340,10340008,426,-22.86,-3.719,B
10340,10340008,427,-23.94,-3.873,B
10340,10340008,428,-20.11,-3.523,B
10340,10340008,429,-23.08,-3.628,B
10340,10340008,430,-21.26,-3.436,B
10340,10340008,431,-20.75,-3.214,B
10340,10340008,432,-18.42,-3.001,B
10340,10340008,433,-18.24,-2.973,B
10340,10340008,434,-13.55,-2.677,B
10340,10340008,435,-16.16,-2.915,B
10340,10340008,436,-19.88,-3.165,B
10340,10340008,437,-20.05,-3.447,B
10340,10340008,438,-21.48,-3.259,B
10340,10340008,439,-17.86,-2.918,B
10340,10340008,440,-17.56,-2.704,B
10340,10340008,441,-16.66,-2.654,B
10340,10340008,442,-20.06,-2.895,B
10340,10340008,443,-16.19,-2.634,B
10340,10340008,444,-17.38,-2.647,B
10340,10340008,445,-18.54,-2.724,B
10340,10340008,446,-19.28,-2.95,B
10340,10340008,447,-18.12,-2.908,B
10340,10340008,448,-18.14,-2.841,B
10340,10340008,449,-15.69,-2.515,B
10340,10340008,450,-15.67,-2.513,B
10340,10340008,451,-16.13,-2.628,B
10340,10340008,452,-17.67,-2.624,B
10340,10340008,453,-17.71,-2.637,B
10340,10340008,454,-10.04,-2.01,B
10340,10340008,455,-17.07,-2.45,B
10340,10340008,456,-14.44,-2.42,B
10340,10340008,457,-15.16,-2.647,B
10340,10340008,458,-15.77,-2.731,B
10340,10340008,459,-17.67,-2.677,B
10340,10340008,460,-17.05,-2.595,B
10340,10340008,461,-17.01,-2.499,B
10340,10340008,462,-14.29,-2.369,B
10340,10340008,463,-14.73,-2.428,B
10340,10340008,464,-10.76,-2.177,B
10340,10340008,465,-12.82,-2.269,B
10340,10340008,466,-16.14,-2.463,B
10340,10340008,467,-20.55,-2.832,B
10340,10340008,468,-17.45,-2.647,B
10340,10340008,469,-15.38,-2.422,B
10340,10340008,470,-14.98,-2.412,B
10340,10340008,471,-11.08,-2.144,B
10340,10340008,472,-15.63,-2.36,B
10340,10340008,473,-17.34,-2.523,B
10340,10340008,474,-14.05,-2.273,B
10340,10340008,475,-11.03,-2.154,B
10340,10340008,476,-12.42,-2.21,B
10340,10340008,477,-14.74,-2.406,B
10340,10340008,478,-15.34,-2.43,B
10340,10340008,479,-10.9,-2.09,B
10340,10340008,480,-12.33,-2.17,B
10340,10340008,481,-16.21,-2.47,B
10340,10340008,482,-11.88,-2.199,B
10340,10340008,483,-15.55,-2.36,B
10340,10340008,484,-13.01,-2.104,B
10340,10340008,485,-12.19,-2.059,B
10340,10340008,486,-12.85,-2.032,B
10340,10340008,487,-15.21,-2.265,B
10340,10340008,488,-13.45,-2.148,B
10340,10340008,489,-16.51,-2.48,B
10340,10340008,490,-12.98,-2.182,B
10340,10340008,491,-12.03,-2.156,B
10340,10340008,492,-17.78,-2.308,B
10340,10340008,493,-14.92,-2.183,B
10340,10340008,494,-8.662,-1.915,B
10340,10340008,495,-12.05,-2.036,B
10340,10340008,496,-10.41,-1.905,B
10340,10340008,497,-10.25,-1.83,B
10340,10340008,498,-9.72,-1.854,B
10340,10340008,499,-11.15,-1.899,B
10340,10340008,500,-7.763,-1.806,B
10340,10340008,501,-9.059,-1.823,B
10340,10340008,502,-9.438,-1.859,B
10340,10340008,503,-12.75,-2.064,B
10340,10340008,504,-15.74,-2.344,B
10340,10340008,505,-10.34,-1.981,B
10340,10340008,506,-11.32,-1.973,B
10340,10340008,507,-9.973,-1.851,B
10340,10340008,508,-7.22,-1.774,B
10340,10340008,509,-9.426,-1.784,B
10340,10340008,510,-8.879,-1.706,B
10340,10340008,511,-9.331,-1.751,B
10340,10340008,512,-11.85,-1.87,B
10340,10340008,513,-8.765,-1.671,B
10340,10340008,514,-6.998,-1.545,B
10340,10340008,515,-7.47,-1.567,B
10340,10340008,516,-10.27,-1.762,B
10340,10340008,517,-8.704,-1.71,B
10340,10340008,518,-11.95,-1.92,B
10340,10340008,519,-10.94,-1.852,B
10340,10340008,520,-12.19,-1.9,B
10340,10340008,521,-10.84,-1.757,B
10340,10340008,522,-10.13,-1.763,B
10340,10340008,523,-9.977,-1.723,B
10340,10340008,524,-8.986,-1.665,B
10340,10340008,525,-9.357,-1.669,B
10340,10340008,526,-7.979,-1.71,B
10340,10340008,527,-11.35,-1.865,B
10340,10340008,528,-8.425,-1.701,B
10340,10340008,529,-10.52,-1.719,B
10340,10340008,530,-8.009,-1.57,B
10340,10340008,531,-10.7,-1.697,B
10340,10340008,532,-10.6,-1.743,B
10340,10340008,533,-7.675,-1.636,B
10340,10340008,534,-7.87,-1.598,B
10340,10340008,535,-8.195,-1.617,B
10340,10340008,536,-8.18,-1.627,B
10340,10340008,537,-5.744,-1.548,B
10340,10340008,538,-6.103,-1.519,B
10340,10340008,539,-7.733,-1.572,B
10340,10340008,540,-6.803,-1.528,B
10340,10340008,541,-7.826,-1.535,B
10340,10340008,542,-7.358,-1.558,B
10340,10340008,543,-6.715,-1.627,B
10340,10340008,544,-4.918,-1.558,B
10340,10340008,545,-9.213,-1.549,B
10340,10340008,546,-5.725,-1.385,B
10340,10340008,547,-8.937,-1.499,B
10340,10340008,548,-6.988,-1.485,B
10340,10340008,549,-5.358,-1.435,B
10340,10340008,550,-4.302,-1.363,B
10340,10340008,551,-5.873,-1.407,B
10340,10340008,552,-6.604,-1.452,B
10340,10340008,553,-6.015,-1.501,B
10340,10340008,554,-5.692,-1.502,B
10340,10340008,555,-5.844,-1.521,B
10340,10340008,556,-8.753,-1.609,B
10340,10340008,557,-8.189,-1.578,B
10340,10340008,558,-4.052,-1.464,B
10340,10340008,559,-8.698,-1.567,B
10340,10340008,560,-3.339,-1.399,B
10340,10340008,561,-4.969,-1.383,B
10340,10340008,562,-6.998,-1.386,B
10340,10340008,563,-7.014,-1.372,B
10340,10340008,564,-3.854,-1.329,B
10340,10340008,565,-4.65,-1.34,B
10340,10340008,566,-5.347,-1.414,B
10340,10340008,567,-5.266,-1.428,B
10340,10340008,568,-7.157,-1.484,B
10340,10340008,569,-8.324,-1.487,B
10340,10340008,570,-5.868,-1.398,B
10340,10340008,571,-5.755,-1.401,B
10340,10340008,572,-7.108,-1.496,B
10340,10340008,573,-6.495,-1.483,B
10340,10340008,574,-4.306,-1.374,B
10340,10340008,575,-6.608,-1.343,B
10340,10340008,576,-4.689,-1.308,B
10340,10340008,577,-3.517,-1.319,B
10340,10340008,578,-2.583,-1.363,B
10340,10340008,579,-2.311,-1.37,B
10340,10340008,580,-5.719,-1.402,B
10340,10340008,581,-3.751,-1.365,B
10340,10340008,582,-3.556,-1.375,B
10340,10340008,583,-3.313,-1.381,B
10340,10340008,584,-3.696,-1.334,B
10340,10340008,585,-6.138,-1.318,B
10340,10340008,586,-5.399,-1.291,B
10340,10340008,587,-4.481,-1.29,B
10340,10340008,588,-2.513,-1.263,B
10340,10340008,589,-4.23,-1.255,B
10340,10340008,590,-3.763,-1.25,B
10340,10340008,591,-5.012,-1.274,B
10340,10340008,592,-1.649,-1.279,B
10340,10340008,593,-4.798,-1.329,B
10340,10340008,594,-4.978,-1.321,B
10340,10340008,595,-4.23,-1.275,B
10340,10340008,596,-4.34,-1.238,B
10340,10340008,597,-3.46,-1.234,B
10340,10340008,598,-3.376,-1.252,B
10340,10340008,599,-4.594,-1.27,B
10340,10340008,600,-4.434,-1.246,B
10340,10340008,601,-2.279,-1.201,B
10340,10340008,602,-4.167,-1.254,B
10340,10340008,603,-2.85,-1.279,B
10340,10340008,604,-5.38,-1.348,B
10340,10340008,605,-3.897,-1.228,B
10340,10340008,606,-4.014,-1.222,B
10340,10340008,607,-3.626,-1.197,B
10340,10340008,608,-4.4,-1.288,B
10340,10340008,609,-2.697,-1.203,B
10340,10340008,610,-2.707,-1.165,B
10340,10340008,611,-4.779,-1.139,B
10340,10340008,612,-5.097,-1.172,B
10340,10340008,613,-2.107,-1.131,B
10340,10340008,615,-2.356,-1.1,B
10340,10340008,616,-4.137,-1.169,B
10340,10340008,617,-1.827,-1.184,B
10340,10340008,618,-3.439,-1.234,B
10340,10340008,619,-1.945,-1.207,B
10340,10340008,620,-1.676,-1.198,B
10340,10340008,621,-0.042,-1.19,B
10340,10340008,622,-4.223,-1.207,B
10340,10340008,623,-2.498,-1.218,B
10340,10340008,624,-1.371,-1.153,B
10340,10340008,625,-5.71,-1.207,B
10340,10340008,626,-3.795,-1.126,B
10340,10340008,627,-3.579,-1.179,B
10340,10340008,628,-0.432,-1.144,B
10340,10340008,629,-1.87,-1.113,B
10340,10340008,630,-4.474,-1.067,B
10340,10340008,631,-2.45,-1.013,B
10340,10340008,632,-3.355,-1.062,B
10340,10340008,633,-3.184,-1.093,B
10340,10340008,634,-3.332,-1.138,B
10340,10340008,635,-2.496,-1.116,B
10340,10340008,637,-2.324,-1.067,B
10340,10340008,638,-3.035,-1.036,B
10340,10340008,639,-0.334,-1.051,B
10340,10340008,640,-1.878,-1.131,B
10340,10340008,641,-0.692,-1.169,B
10340,10340008,642,-2.359,-1.153,B
10340,10340008,643,-0.618,-1.055,B
10340,10340008,644,-5.143,-1.056,B
10340,10340008,645,-1.526,-1.04,B
10340,10340008,646,-2.594,-1.082,B
10340,10340008,647,-3.415,-1.151,B
10340,10340008,648,-1.741,-1.136,B
10340,10340008,650,-2.313,-1.055,B
10340,10340008,651,-1.766,-1.056,B
10340,10340008,652,-0.1,-1.099,B
10340,10340008,653,-1.223,-1.117,B
10340,10340008,654,-1.649,-1.077,B
10340,10340008,655,-3.49,-1.07,B
10340,10340008,656,-3.214,-1.027,B
10340,10340008,657,-3.532,-1.039,B
10340,10340008,658,-1.225,-1.042,B
10340,10340008,659,-1.939,-1.068,B
10340,10340008,660,-0.955,-1.105,B
10340,10340008,661,-1.817,-1.088,B
10340,10340008,663,-1.298,-1.115,B
10340,10340008,665,-0.563,-1.064,B
10340,10340008,666,-0.907,-1.021,B
10340,10340008,667,-1.339,-1.008,B
10340,10340008,668,-0.04,-1.035,B
10340,10340008,669,-3.647,-1.076,B
10340,10340008,670,-0.797,-1.099,B
10340,10340008,673,-1.059,-1.031,B
10340,10340008,674,-0.685,-1.069,B
10340,10340008,675,-0.725,-1.054,B
10340,10340008,676,-1.31,-1.084,B
10340,10340008,677,-0.561,-1.093,B
10340,10340008,678,-3.972,-1.116,B
10340,10340008,679,-1.045,-1.053,B
10340,10340008,680,-0.731,-1.055,B
10340,10340008,681,-0.918,-1.022,B
10340,10340008,683,-0.627,-1.092,B
10340,10340008,684,-1.375,-1.111,B
10340,10340008,685,-1.986,-1.064,B
10340,10340008,686,-1.714,-1.028,B
10340,10340008,687,-2.356,-1.032,B
10340,10340008,689,-0.284,-1.025,B
10340,10340008,690,-1.822,-1.043,B
10340,10340008,692,-3.638,-1.099,B
10340,10340008,693,-0.42,-1.056,B
10340,10340008,694,-0.263,-1.063,B
10340,10340008,695,-0.89,-1.081,B
10340,10340008,696,-0.164,-1.069,B
10340,10340008,697,-0.371,-1.06,B
10340,10340008,699,-0.667,-1.034,B
10340,10340008,704,-0.104,-1.063,B
10340,10340008,705,-0.899,-1.084,B
10340,10340008,706,-0.013,-1.08,B
10340,10340008,708,-0.228,-1.115,B
10340,10340008,710,-0.116,-1.078,B
10340,10340008,711,-1.19,-1.088,B
10340,10340008,715,-0.276,-0.936,B
10340,10340008,718,-0.03,-0.956,B
10340,10340008,723,-0.033,-0.981,B
10340,10340008,728,-0.448,-0.906,B
10340,10340008,731,-0.743,-0.879,B
10340,10340008,733,-0.466,-0.881,B
10340,10340008,735,-1.013,-0.861,B
10340,10340008,738,-0.245,-0.84,B
10340,10340008,750,-0.287,-0.793,B
10340,10340008,759,-1.821,-0.803,B
10340,10340008,763,-0.187,-0.807,B
10340,10340008,764,-0.517,-0.806,B
10340,10340008,769,-0.859,-0.737,B
10340,10340008,771,-0.283,-0.683,B
10340,10340008,772,-1.43,-0.664,B
10340,10340008,775,-0.568,-0.747,B
10340,10340008,785,-0.186,-0.771,B
10340,10340008,788,-1.17,-0.724,B
10340,10340008,790,-0.485,-0.726,B
10340,10340008,793,-0.322,-0.843,B
10340,10340008,798,-0.889,-0.764,B
10340,10340008,811,-0.382,-0.628,B
10340,10340008,816,-0.476,-0.617,B
10340,10340008,818,-0.256,-0.644,B
10340,10340008,826,-0.209,-0.572,B
10340,10340008,834,-0.477,-1.652,B
10340,10340008,835,-0.424,-1.649,B
10340,10340008,836,-4.752,-1.585,B
10340,10340008,841,-0.668,-1.623,B
10340,10340008,845,-3.581,-1.571,B
10340,10340008,847,-0.863,-1.621,B
10340,10340008,849,-0.524,-1.686,B
10340,10340008,850,-0.419,-1.687,B
10340,10340008,851,-0.191,-1.699,B
10340,10340008,855,-0.054,-1.615,B
10340,10340008,868,-1.082,-1.602,B
10340,10340008,869,-2.567,-1.559,B
10340,10340008,870,-3.079,-1.574,B
10340,10340008,875,-1.12,-1.64,B
10340,10340008,880,-3.202,-1.672,B
10340,10340008,882,-2.108,-1.646,B
10340,10340008,883,-2.406,-1.698,B
10340,10340008,885,-2.463,-1.66,B
10340,10340008,886,-0.002,-1.705,B
10340,10340008,894,-0.904,-1.573,B
10340,10340008,895,-2.412,-1.547,B
10340,10340008,901,-2.309,-1.555,B
10340,10340008,903,-0.815,-1.557,B
10340,10340008,905,-1.976,-1.567,B
10340,10340008,906,-0.159,-1.599,B
10340,10340008,907,-0.176,-1.597,B
10340,10340008,908,-2.232,-1.606,B
10340,10340008,909,-1.305,-1.612,B
10340,10340008,913,-0.562,-1.601,B
10340,10340008,914,-0.019,-1.612,B
10340,10340008,924,-0.668,-1.614,B
10340,10340008,926,-0.202,-1.651,B
10340,10340008,929,-0.879,-1.601,B
10340,10340008,930,-2.79,-1.537,B
10340,10340008,932,-1.968,-1.588,B
10340,10340008,933,-1.801,-1.544,B
10340,10340008,935,-2.289,-1.488,B
10340,10340008,936,-1.078,-1.482,B
10340,10340008,944,-0.193,-1.487,B
10340,10340008,945,-0.461,-1.519,B
10340,10340008,946,-0.356,-1.546,B
10340,10340008,950,-1.578,-1.423,B
10340,10340008,951,-3.612,-1.421,B
10340,10340008,955,-3.754,-1.532,B
10340,10340008,958,-1.733,-1.597,B
10340,10340008,960,-0.654,-1.747,B
10340,10340008,964,-0.407,-1.765,B
10340,10340008,967,-1.733,-1.614,B
10340,10340008,970,-1.741,-1.567,B
10340,10340008,971,-0.37,-1.602,B
10340,10340008,974,-1.887,-1.564,B
10340,10340008,975,-0.101,-1.595,B
10340,10340008,977,-0.421,-1.549,B
10340,10340008,979,-0.413,-1.534,B
10340,10340008,983,-0.912,-1.48,B
10340,10340008,985,-2.955,-1.451,B
10340,10340008,988,-4.186,-1.47,B
10340,10340008,991,-1.216,-1.527,B
10340,10340008,992,-4.189,-1.472,B
10340,10340008,994,-0.752,-1.561,B
10340,10340008,996,-1.103,-1.525,B
10340,10340008,998,-0.11,-1.534,B
10340,10340008,1000,-0.088,-1.492,B
10340,10340008,1002,-1.778,-1.448,B
10340,10340008,1006,-1.855,-1.536,B
10340,10340008,1011,-1.148,-1.557,B
10340,10340008,1014,-1.105,-1.466,B
10340,10340008,1015,-2.001,-1.474,B
10340,10340008,1016,-0.881,-1.489,B
10340,10340008,1018,-1.194,-1.503,B
10340,10340008,1019,-0.727,-1.534,B
10340,10340008,1020,-0.758,-1.563,B
10340,10340008,1021,-2.426,-1.487,B
10340,10340008,1024,-0.072,-1.569,B
10340,10340008,1025,-1.577,-1.523,B
10340,10340008,1026,-1.824,-1.531,B
10340,10340008,1028,-1.536,-1.446,B
10340,10340008,1032,-0.284,-1.456,B
10340,10340008,1034,-3.133,-1.449,B
10340,10340008,1036,-0.779,-1.502,B
10340,10340008,1039,-0.377,-1.461,B
10340,10340008,1040,-1.556,-1.476,B
10340,10340008,1042,-1.172,-1.472,B
10340,10340008,1043,-1.973,-1.439,B
10340,10340008,1044,-1.076,-1.474,B
10340,10340008,1045,-0.918,-1.516,B
10340,10340008,1048,-4.321,-1.483,B
10340,10340008,1057,-1.341,-1.518,B
10340,10340008,1058,-0.65,-1.547,B
10340,10340008,1061,-1.566,-1.411,B
10340,10340008,1062,-0.813,-1.37,B
10340,10340008,1063,-3.106,-1.353,B
10340,10340008,1068,-0.798,-1.419,B
10340,10340008,1071,-3.151,-1.491,B
10340,10340008,1074,-0.272,-1.481,B
10340,10340008,1077,-1.183,-1.454,B
10340,10340008,1078,-1.568,-1.496,B
10340,10340008,1079,-0.95,-1.443,B
10340,10340008,1080,-0.897,-1.423,B
10340,10340008,1082,-2.407,-1.406,B
10340,10340008,1083,-1.034,-1.431,B
10340,10340008,1084,-0.334,-1.458,B
10340,10340008,1087,-1.37,-1.355,B
10340,10340008,1089,-0.442,-1.401,B
10340,10340008,1090,-0.086,-1.441,B
10340,10340008,1091,-1.658,-1.419,B
10340,10340008,1092,-0.167,-1.446,B
10340,10340008,1095,-0.813,-1.473,B
10340,10340008,1096,-0.188,-1.496,B
10340,10340008,1098,-2.083,-1.467,B
10340,10340008,1099,-0.932,-1.461,B
10340,10340008,1102,-1.102,-1.499,B
10340,10340008,1105,-2.881,-1.496,B
10340,10340008,1106,-0.07,-1.54,B
10340,10340008,1107,-1.876,-1.503,B
10340,10340008,1108,-0.323,-1.506,B
10340,10340008,1110,-1.336,-1.47,B
10340,10340008,1112,-1.748,-1.463,B
10340,10340008,1113,-2.02,-1.398,B
10340,10340008,1114,-1.367,-1.379,B
10340,10340008,1115,-0.324,-1.404,B
10340,10340008,1116,-0.534,-1.429,B
10340,10340008,1120,-0.261,-1.413,B
10340,10340008,1123,-1.603,-1.454,B
10340,10340008,1124,-0.441,-1.448,B
10340,10340008,1125,-1.776,-1.395,B
10340,10340008,1126,-0.27,-1.447,B
10340,10340008,1131,-1.104,-1.514,B
10340,10340008,1137,-0.054,-1.469,B
10340,10340008,1138,-1.722,-1.451,B
10340,10340008,1140,-2.512,-1.453,B
10340,10340008,1144,-0.176,-1.482,B
10340,10340008,1145,-2.533,-1.412,B
10340,10340008,1146,-2.889,-1.408,B
10340,10340008,1148,-0.514,-1.394,B
10340,10340008,1150,-2.301,-1.404,B
10340,10340008,1151,-1.117,-1.466,B
10340,10340008,1152,-0.895,-1.501,B
10340,10340008,1156,-1.622,-1.608,B
10340,10340008,1158,-0.298,-1.645,B
10340,10340008,1159,-2.196,-1.549,B
10340,10340008,1160,-0.332,-1.577,B
10340,10340008,1163,-1.312,-1.443,B
10340,10340008,1164,-0.775,-1.491,B
10340,10340008,1165,-3.305,-1.425,B
10340,10340008,1167,-0.262,-1.482,B
10340,10340008,1168,-1.175,-1.476,B
10340,10340008,1170,-1.381,-1.486,B
10340,10340008,1172,-1.601,-1.466,B
10340,10340008,1173,-0.015,-1.464,B
10340,10340008,1174,-1.068,-1.441,B
10340,10340008,1176,-1.126,-1.427,B
10340,10340008,1178,-2.158,-1.371,B
10340,10340008,1183,-1.969,-1.413,B
10340,10340008,1185,-2.001,-1.359,B
10340,10340008,1186,-1.214,-1.345,B
10340,10340008,1187,-3.189,-1.368,B
10340,10340008,1188,-0.87,-1.4,B
10340,10340008,1189,-3.245,-1.369,B
10340,10340008,1191,-0.462,-1.415,B
10340,10340008,1192,-1.781,-1.399,B
10340,10340008,1193,-0.857,-1.422,B
10340,10340008,1194,-2.976,-1.408,B
10340,10340008,1195,-1.184,-1.482,B
10340,10340008,1197,-3.024,-1.429,B
10340,10340008,1198,-1.022,-1.462,B
10340,10340008,1199,-1.674,-1.423,B
10340,10340008,1202,-2.341,-1.514,B
10340,10340008,1203,-0.543,-1.564,B
10340,10340008,1204,-3.684,-1.513,B
10340,10340008,1205,-1.286,-1.617,B
10340,10340008,1207,-0.569,-1.544,B
10340,10340008,1210,-0.995,-1.548,B
10340,10340008,1211,-0.662,-1.571,B
10340,10340008,1212,-2.936,-1.507,B
10340,10340008,1215,-0.084,-1.493,B
10340,10340008,1217,-2.563,-1.448,B
10340,10340008,1218,-3.003,-1.467,B
10340,10340008,1220,-3.502,-1.355,B
10340,10340008,1221,-0.781,-1.385,B
10340,10340008,1222,-2.357,-1.373,B
10340,10340008,1224,-0.524,-1.402,B
10340,10340008,1226,-1.704,-1.416,B
10340,10340008,1227,-2.26,-1.423,B
10340,10340008,1228,-1.54,-1.463,B
10340,10340008,1229,-1.612,-1.49,B
10340,10340008,1232,-2.247,-1.452,B
10340,10340008,1234,-0.561,-1.452,B
10340,10340008,1238,-1.701,-1.309,B
10340,10340008,1239,-2.221,-1.323,B
10340,10340008,1241,-3.081,-1.335,B
10340,10340008,1242,-1.4,-1.345,B
10340,10340008,1244,-0.261,-1.389,B
10340,10340008,1245,-0.164,-1.379,B
10340,10340008,1247,-3.236,-1.419,B
10340,10340008,1252,-1.355,-1.522,B
10340,10340008,1253,-0.314,-1.588,B
10340,10340008,1254,-0.988,-1.644,B
10340,10340008,1255,-0.916,-1.644,B
10340,10340008,1258,-3.151,-1.578,B
10340,10340008,1259,-2.407,-1.574,B
10340,10340008,1260,-2.661,-1.585,B
10340,10340008,1262,-2.51,-1.526,B
10340,10340008,1263,-1.319,-1.543,B
10340,10340008,1264,-1.763,-1.51,B
10340,10340008,1268,-1.122,-1.443,B
10340,10340008,1269,-0.459,-1.459,B
10340,10340008,1270,-0.385,-1.509,B
10340,10340008,1271,-1.008,-1.477,B
10340,10340008,1272,-0.593,-1.453,B
10340,10340008,1273,-0.365,-1.443,B
10340,10340008,1274,-0.711,-1.415,B
10340,10340008,1276,-1.553,-1.451,B
10340,10340008,1278,-1.468,-1.486,B
10340,10340008,1279,-4.041,-1.412,B
10340,10340008,1282,-1.757,-1.483,B
10340,10340008,1284,-2.19,-1.516,B
10340,10340008,1286,-2.118,-1.482,B
10340,10340008,1287,-2.218,-1.452,B
10340,10340008,1288,-0.097,-1.483,B
10340,10340008,1289,-3.556,-1.462,B
10340,10340008,1290,-0.018,-1.54,B
10340,10340008,1292,-2.265,-1.588,B
10340,10340008,1293,-2.564,-1.554,B
10340,10340008,1295,-0.55,-1.603,B
10340,10340008,1296,-1.174,-1.654,B
10340,10340008,1300,-1.187,-1.667,B
10340,10340008,1301,-2.116,-1.673,B
10340,10340008,1303,-3.598,-1.617,B
10340,10340008,1305,-0.995,-1.657,B
10340,10340008,1307,-2.709,-1.588,B
10340,10340008,1311,-0.002,-1.602,B
10340,10340008,1312,-3.925,-1.548,B
10340,10340008,1313,-0.728,-1.594,B
10340,10340008,1314,-2.985,-1.569,B
10340,10340008,1315,-1.319,-1.568,B
10340,10340008,1316,-1.499,-1.538,B
10340,10340008,1317,-1.307,-1.524,B
10340,10340008,1320,-0.5,-1.553,B
10340,10340008,1323,-1.681,-1.56,B
10340,10340008,1329,-1.163,-1.628,B
10340,10340008,1330,-2.83,-1.588,B
10340,10340008,1332,-2.506,-1.553,B
10340,10340008,1335,-1.778,-1.453,B
10340,10340008,1338,-0.045,-1.429,B
10340,10340008,1339,-2.694,-1.363,B
10340,10340008,1340,-1.769,-1.389,B
10340,10340008,1341,-1.036,-1.407,B
10340,10340008,1342,-0.328,-1.389,B
10340,10340008,1343,-0.842,-1.378,B
10340,10340008,1345,-2.254,-1.305,B
10340,10340008,1349,-1.205,-1.324,B
10340,10340008,1350,-2.948,-1.257,B
10340,10340008,1353,-1.162,-1.354,B
10340,10340008,1355,-0.266,-1.387,B
10340,10340008,1356,-0.621,-1.344,B
10340,10340008,1358,-0.268,-1.397,B
10340,10340008,1359,-3.108,-1.408,B
10340,10340008,1362,-2.223,-1.361,B
10340,10340008,1370,-0.161,-1.389,B
10340,10340008,1373,-4.027,-1.314,B
10340,10340008,1375,-0.199,-1.331,B
10340,10340008,1377,-2.011,-1.306,B
10340,10340008,1380,-0.61,-1.335,B
10340,10340008,1381,-1.16,-1.295,B
10340,10340008,1384,-1.286,-1.444,B
10340,10340008,1385,-0.177,-1.487,B
10340,10340008,1386,-1.106,-1.493,B
10340,10340008,1387,-4.449,-1.448,B
10340,10340008,1388,-1.145,-1.42,B
10340,10340008,1391,-0.624,-1.311,B
10340,10340008,1392,-0.434,-1.318,B
10340,10340008,1393,-0.852,-1.3,B
10340,10340008,1395,-0.637,-1.283,B
10340,10340008,1396,-0.687,-1.282,B
10340,10340008,1397,-0.268,-1.31,B
10340,10340008,1398,-2.015,-1.294,B
10340,10340008,1399,-1.533,-1.311,B
10340,10340008,1400,-1.326,-1.337,B
10340,10340008,1403,-2.095,-1.35,B
10340,10340008,1405,-0.215,-1.371,B
10340,10340008,1406,-0.325,-1.382,B
10340,10340008,1407,-1.072,-1.397,B
10340,10340008,1410,-2.406,-1.349,B
10340,10340008,1411,-0.192,-1.324,B
10340,10340008,1416,-2.968,-1.225,B
10340,10340008,1419,-3.009,-1.242,B
10340,10340008,1421,-0.777,-1.345,B
10340,10340008,1424,-1.778,-1.359,B
10340,10340008,1425,-0.319,-1.364,B
10340,10340008,1427,-1.172,-1.337,B
10340,10340008,1429,-1.911,-1.322,B
10340,10340008,1431,-1.189,-1.27,B
10340,10340008,1438,-0.094,-1.312,B
10340,10340008,1440,-2.657,-1.333,B
10340,10340008,1443,-0.993,-1.336,B
10340,10340008,1444,-0.168,-1.352,B
10340,10340008,1448,-1.081,-1.294,B
10340,10340008,1449,-0.357,-1.313,B
10340,10340008,1450,-0.923,-1.316,B
10340,10340008,1451,-1.081,-1.318,B
10340,10340008,1453,-1.208,-1.337,B
10340,10340008,1454,-0.564,-1.357,B
10340,10340008,1455,-1.095,-1.36,B
10340,10340008,1456,-0.639,-1.387,B
10340,10340008,1457,-1.357,-1.392,B
10340,10340008,1459,-3.486,-1.391,B
10340,10340008,1460,-0.817,-1.438,B
10340,10340008,1463,-0.44,-1.395,B
10340,10340008,1467,-1.413,-1.318,B
10340,10340008,1469,-0.396,-1.283,B
10340,10340008,1470,-1.434,-1.284,B
10340,10340008,1472,-0.277,-1.339,B
10340,10340008,1473,-1.611,-1.351,B
10340,10340008,1474,-1.969,-1.317,B
10340,10340008,1475,-0.466,-1.358,B
10340,10340008,1479,-1.46,-1.362,B
10340,10340008,1480,-1.904,-1.323,B
10340,10340008,1483,-0.595,-1.326,B
10340,10340008,1484,-0.579,-1.343,B
10340,10340008,1485,-1.016,-1.306,B
10340,10340008,1486,-0.224,-1.339,B
10340,10340008,1488,-0.399,-1.301,B
10340,10340008,1489,-1.2,-1.297,B
10340,10340008,1490,-0.53,-1.351,B
10340,10340008,1491,-0.027,-1.335,B
10340,10340008,1492,-0.062,-1.344,B
10340,10340008,1496,-0.867,-1.358,B
10340,10340008,1497,-2.356,-1.393,B
10340,10340008,1499,-0.289,-1.405,B
10340,10340008,1500,-0.672,-1.404,B
10340,10340008,1501,-0.361,-1.417,B
10340,10340008,1502,-1.077,-1.398,B
10340,10340008,1503,-1.567,-1.373,B
10340,10340008,1505,-1.451,-1.44,B
10340,10340008,1509,-2.339,-1.451,B
10340,10340008,1511,-2.873,-1.492,B
10340,10340008,1512,-0.726,-1.504,B
10340,10340008,1514,-0.117,-1.526,B
10340,10340008,1518,-4.239,-1.381,B
10340,10340008,1519,-1.499,-1.369,B
10340,10340008,1521,-0.001,-1.4,B
10340,10340008,1525,-1.513,-1.371,B
10340,10340008,1527,-0.298,-1.366,B
10340,10340008,1528,-1.943,-1.37,B
10340,10340008,1529,-0.61,-1.391,B
10340,10340008,1530,-0.838,-1.361,B
10340,10340008,1533,-2.241,-1.303,B
10340,10340008,1540,-0.592,-1.341,B
10340,10340008,1542,-0.323,-1.335,B
10340,10340008,1692,-0.336,-1.214,B
10340,10340008,1715,-0.935,-1.1,B
10340,10340008,1777,-1.967,-1.02,B
10340,10340008,1782,-0.867,-1.076,B
10340,10340008,1787,-0.272,-1.104,B
10340,10340008,1790,-0.061,-1.079,B
10340,10340008,1796,-0.164,-1.145,B
10340,10340008,1798,-1.137,-1.151,B
10340,10340008,1803,-0.589,-1.135,B
10340,10340008,1804,-0.105,-1.146,B
10340,10340008,1805,-0.5,-1.192,B
10340,10340008,1808,-0.046,-1.242,B
10340,10340008,1809,-2.097,-1.194,B
10340,10340008,1814,-1.267,-1.219,B
10340,10340008,1815,-2.245,-1.213,B
10340,10340008,1816,-0.727,-1.377,B
10340,10340008,1818,-0.053,-1.54,B
10340,10340008,1820,-0.733,-1.583,B
10340,10340008,1821,-0.925,-1.646,B
10340,10340008,1822,-3.163,-1.671,B
10340,10340008,1830,-2.111,-1.541,B
10340,10340008,1833,-0.631,-1.48,B
10340,10340008,1834,-1.662,-1.434,B
10340,10340008,1836,-0.774,-1.385,B
10340,10340008,1841,-0.538,-1.262,B
10340,10340008,1843,-0.385,-1.228,B
10340,10340008,1844,-1.572,-1.198,B
10340,10340008,1846,-1.116,-1.126,B
10340,10340008,1848,-0.731,-1.106,B
10340,10340008,1849,-1.109,-1.047,B
10340,10340008,1850,-0.237,-1.044,B
10340,10340008,1853,-0.209,-1.018,B
10340,10340008,1856,-1.31,-1.043,B
10340,10340008,1857,-0.122,-1.049,B
10340,10340008,1858,-1.321,-1.043,B
10340,10340008,1859,-0.583,-1.08,B
10340,10340008,1863,-1.031,-1.054,B
10340,10340008,1864,-0.964,-1.085,B
10340,10340008,1867,-2.91,-1.044,B
10340,10340008,1869,-0.123,-1.067,B
10340,10340008,1870,-0.524,-1.086,B
10340,10340008,1872,-1.132,-1.082,B
10340,10340008,1874,-1.03,-1.146,B
10340,10340008,1880,-1.358,-0.982,B
10340,10340008,1885,-0.947,-0.987,B
10340,10340008,1886,-0.684,-1.031,B
10340,10340008,1887,-0.166,-1.04,B
10340,10340008,1888,-0.247,-1.082,B
10340,10340008,1889,-0.057,-1.069,B
10340,10340008,1891,-1.599,-1.066,B
10340,10340008,1892,-0.438,-1.081,B
10340,10340008,1896,-0.815,-1.003,B
10340,10340008,1897,-0.267,-1.018,B
10340,10340008,1898,-1.098,-1.033,B
10340,10340008,1902,-1.461,-1.019,B
10340,10340008,1903,-0.44,-1.037,B
10340,10340008,1906,-0.955,-1.052,B
10340,10340008,1909,-0.404,-1.067,B
10340,10340008,1911,-1.857,-1.11,B
10340,10340008,1912,-0.422,-1.063,B
10340,10340008,1917,-2.217,-1.009,B
10340,10340008,1918,-1.218,-1.002,B
10340,10340008,1919,-1.229,-1.019,B
10340,10340008,1925,-0.322,-1.035,B
10340,10340008,1926,-2.403,-1.023,B
10340,10340008,1931,-0.453,-1.073,B
10340,10340008,1936,-1.296,-1.029,B
10340,10340008,1937,-1.873,-1.055,B
10340,10340008,1939,-1.058,-0.991,B
10340,10340008,1940,-0.268,-1.033,B
10340,10340008,1941,-1.47,-0.975,B
10340,10340008,1942,-0.701,-0.997,B
10340,10340008,1945,-0.806,-1.044,B
10340,10340008,1950,-2.574,-1.093,B
10340,10340008,1953,-0.756,-1.126,B
10340,10340008,1954,-1.077,-1.145,B
10340,10340008,1956,-1.328,-1.2,B
10340,10340008,1958,-1.488,-1.115,B
10340,10340008,1959,-0.479,-1.134,B
10340,10340008,1960,-0.924,-1.128,B
10340,10340008,1961,-0.565,-1.125,B
10340,10340008,1962,-1.727,-1.112,B
10340,10340008,1963,-0.352,-1.107,B
10340,10340008,1964,-1.029,-1.134,B
10340,10340008,1968,-1.125,-1.063,B
10340,10340008,1971,-0.14,-1.02,B
10340,10340008,1975,-2.968,-0.965,B
10340,10340008,1977,-0.129,-1.023,B
10340,10340008,1981,-0.255,-1.001,B
10340,10340008,1982,-0.749,-1.035,B
10340,10340008,1987,-0.251,-1.072,B
10340,10340008,1988,-0.902,-1.035,B
10340,10340008,1989,-2.301,-0.997,B
10340,10340008,1990,-0.733,-1,B
10340,10340008,1991,-0.146,-1.011,B
10340,10340008,1992,-0.718,-1.018,B
10340,10340008,1996,-0.447,-1.003,B
10340,10340008,1998,-1.051,-0.981,B
10340,10340008,1999,-0.8,-0.968,B
10340,10340008,2000,-0.154,-0.963,B
10340,10340008,2002,-0.073,-1.022,B
10340,10340008,2003,-0.015,-1.019,B
10340,10340008,2005,-1.946,-0.971,B
10340,10340008,2007,-0.701,-0.977,B
10340,10340008,2008,-0.445,-0.96,B
10340,10340008,2011,-0.138,-1.019,B
10340,10340008,2012,-2.096,-1.026,B
10340,10340008,2015,-1.685,-1.051,B
10340,10340008,2016,-1.131,-1.037,B
10340,10340008,2018,-0.366,-1.007,B
10340,10340008,2022,-0.19,-1.029,B
10340,10340008,2029,-2.055,-0.969,B
10340,10340008,2030,-0.601,-0.965,B
10340,10340008,2033,-0.06,-0.963,B
10340,10340008,2034,-0.213,-0.95,B
10340,10340008,2035,-0.783,-0.932,B
10340,10340008,2039,-1.33,-0.957,B
10340,10340008,2042,-1.973,-0.987,B
10340,10340008,2043,-0.906,-0.982,B
10340,10340008,2044,-1.308,-0.999,B
10340,10340008,2048,-0.441,-1.02,B
10340,10340008,2051,-2.009,-1.046,B
10340,10340008,2053,-0.581,-1.079,B
10340,10340008,2055,-1.066,-1.063,B
10340,10340008,2056,-0.478,-1.057,B
10340,10340008,2059,-3.11,-1.003,B
10340,10340008,2061,-1.914,-1.035,B
10340,10340008,2062,-0.264,-1.034,B
10340,10340008,2063,-0.434,-1.038,B
10340,10340008,2064,-2.149,-1.008,B
10340,10340008,2065,-0.023,-0.983,B
10340,10340008,2066,-0.492,-1.005,B
10340,10340008,2067,-1.432,-0.97,B
10340,10340008,2069,-0.94,-0.942,B
10340,10340008,2070,-0.189,-0.934,B
10340,10340008,2072,-0.439,-0.959,B
10340,10340008,2074,-0.534,-0.964,B
10340,10340008,2077,-1.239,-0.913,B
10340,10340008,2078,-0.951,-0.919,B
10340,10340008,2080,-1.576,-0.889,B
10340,10340008,2082,-0.173,-0.92,B
10340,10340008,2083,-1.671,-0.911,B
10340,10340008,2084,-0.986,-0.937,B
10340,10340008,2085,-0.64,-0.978,B
10340,10340008,2087,-1.271,-0.957,B
10340,10340008,2088,-0.911,-0.946,B
10340,10340008,2093,-0.594,-0.941,B
10340,10340008,2097,-0.991,-0.936,B
10340,10340008,2100,-0.8,-0.973,B
10340,10340008,2102,-1.021,-0.959,B
10340,10340008,2103,-0.517,-0.977,B
10340,10340008,2104,-0.244,-1,B
10340,10340008,2105,-0.75,-0.974,B
10340,10340008,2106,-0.091,-1.004,B
10340,10340008,2109,-0.782,-1.009,B
10340,10340008,2112,-0.718,-0.986,B
10340,10340008,2115,-0.89,-0.959,B
10340,10340008,2116,-0.883,-0.949,B
10340,10340008,2117,-0.584,-0.983,B
10340,10340008,2118,-1.431,-0.937,B
10340,10340008,2119,-1.237,-0.95,B
10340,10340008,2120,-1.032,-0.953,B
10340,10340008,2121,-0.182,-1.002,B
10340,10340008,2122,-1.893,-0.992,B
10340,10340008,2125,-0.662,-1.005,B
10340,10340008,2128,-1.316,-0.941,B
10340,10340008,2133,-0.911,-0.975,B
10340,10340008,2135,-1.609,-0.961,B
10340,10340008,2138,-0.977,-1.016,B
10340,10340008,2139,-0.444,-1.055,B
10340,10340008,2141,-2.557,-0.996,B
10340,10340008,2143,-0.04,-1.042,B
10340,10340008,2147,-1.686,-1.029,B
10340,10340008,2148,-0.236,-1.035,B
10340,10340008,2149,-2.252,-0.979,B
10340,10340008,2151,-0.649,-0.953,B
10340,10340008,2152,-0.252,-0.948,B
10340,10340008,2153,-0.823,-0.929,B
10340,10340008,2155,-0.387,-0.987,B
10340,10340008,2156,-1.711,-1.017,B
10340,10340008,2157,-1.462,-1.031,B
10340,10340008,2158,-0.374,-1.07,B
10340,10340008,2160,-0.422,-1.108,B
10340,10340008,2161,-1.164,-1.105,B
10340,10340008,2164,-0.542,-1.069,B
10340,10340008,2165,-0.785,-1.065,B
10340,10340008,2168,-0.266,-1.085,B
10340,10340008,2170,-1.578,-1.134,B
10340,10340008,2173,-0.387,-1.15,B
10340,10340008,2174,-1.36,-1.175,B
10340,10340008,2175,-0.671,-1.138,B
10340,10340008,2181,-0.971,-1.074,B
10340,10340008,2236,-0.048,-0.978,B
10340,10340008,2239,-0.096,-0.933,B
10340,10340008,2240,-1.548,-0.881,B
10340,10340008,2244,-1.141,-0.919,B
10340,10340008,2245,-0.656,-0.96,B
10340,10340008,2254,-0.363,-0.976,B
10340,10340008,2256,-1.279,-0.955,B
10340,10340008,2258,-1.777,-1.016,B
10340,10340008,2263,-0.462,-1.015,B
10340,10340008,2265,-0.28,-0.97,B
10340,10340008,2267,-0.855,-0.967,B
10340,10340008,2268,-0.228,-0.965,B
10340,10340008,2269,-1.423,-0.922,B
10340,10340008,2270,-0.94,-0.956,B
10340,10340008,2272,-0.811,-0.957,B
10340,10340008,2273,-0.063,-0.97,B
10340,10340008,2274,-0.338,-0.891,B
10340,10340008,2277,-1.716,-0.839,B
10340,10340008,2278,-1.52,-0.843,B
10340,10340008,2279,-0.315,-0.853,B
10340,10340008,2281,-0.989,-0.905,B
10340,10340008,2282,-0.817,-0.916,B
10340,10340008,2283,-0.827,-0.938,B
10340,10340008,2286,-0.69,-0.964,B
10340,10340008,2293,-1.32,-0.926,B
10340,10340008,2294,-0.282,-0.911,B
10340,10340008,2296,-0.437,-0.906,B
10340,10340008,2303,-0.352,-0.973,B
10340,10340008,2306,-1.522,-0.962,B
10340,10340008,2307,-1.895,-0.967,B
10340,10340008,2310,-0.26,-1.071,B
10340,10340008,2311,-1.062,-1.041,B
10340,10340008,2317,-0.014,-1.032,B
10340,10340008,2318,-2.063,-1.008,B
10340,10340008,2320,-0.038,-1.01,B
10340,10340008,2328,-0.317,-1.196,B
10340,10340008,2329,-1.747,-1.155,B
10340,10340008,2332,-1.709,-1.127,B
10340,10340008,2333,-0.141,-1.098,B
10340,10340008,2339,-0.727,-0.999,B
10340,10340008,2346,-1.31,-0.995,B
10340,10340008,2347,-0.913,-1.002,B
10340,10340008,2349,-0.688,-0.937,B
10340,10340008,2351,-1.412,-0.928,B
10340,10340008,2352,-1.014,-0.95,B
10340,10340008,2353,-0.74,-0.931,B
10340,10340008,2355,-0.517,-0.961,B
10340,10340008,2356,-0.182,-0.999,B
10340,10340008,2357,-0.433,-0.957,B
10340,10340008,2358,-2.63,-0.951,B
10340,10340008,2362,-1.769,-0.859,B
10340,10340008,2363,-1.059,-0.868,B
10340,10340008,2364,-0.275,-0.873,B
10340,10340008,2366,-1.442,-0.796,B
10340,10340008,2367,-0.173,-0.83,B
10340,10340008,2369,-0.047,-0.913,B
10340,10340008,2371,-1.144,-0.872,B
10340,10340008,2373,-0.389,-0.934,B
10340,10340008,2376,-0.694,-0.853,B
10340,10340008,2377,-0.853,-0.83,B
10340,10340008,2378,-0.815,-0.85,B
10340,10340008,2384,-0.908,-0.825,B
10340,10340008,2387,-1.579,-0.851,B
10340,10340008,2389,-1.138,-0.84,B
10340,10340008,2392,-0.03,-0.877,B
10340,10340008,2397,-0.55,-0.803,B
10340,10340008,2398,-0.08,-0.833,B
10340,10340008,2401,-0.116,-0.906,B
10340,10340008,2404,-0.086,-0.952,B
10340,10340008,2406,-0.093,-0.902,B
10340,10340008,2409,-0.132,-0.896,B
10340,10340008,2411,-1.144,-0.827,B
10340,10340008,2412,-0.423,-0.826,B
10340,10340008,2413,-0.463,-0.832,B
10340,10340008,2414,-1.061,-0.784,B
10340,10340008,2415,-0.039,-0.808,B
10340,10340008,2417,-0.199,-0.794,B
10340,10340008,2428,-1.626,-0.859,B
10340,10340008,2429,-0.412,-0.892,B
10340,10340008,2431,-0.814,-0.872,B
10340,10340008,2432,-0.95,-0.847,B
10340,10340008,2433,-0.873,-0.824,B
10340,10340008,2435,-0.403,-0.832,B
10340,10340008,2436,-0.06,-0.824,B
10340,10340008,2439,-1.423,-0.79,B
10340,10340008,2442,-1.219,-0.802,B
10340,10340008,2444,-1.078,-0.789,B
10340,10340008,2445,-0.517,-0.794,B
10340,10340008,2448,-0.69,-0.778,B
10340,10340008,2452,-1.434,-0.794,B
10340,10340008,2453,-0.322,-0.773,B
10340,10340008,2460,-0.7,-0.728,B
10340,10340008,2461,-0.362,-0.705,B
10340,10340008,2464,-1.487,-0.696,B
10340,10340008,2465,-0.32,-0.701,B
10340,10340008,2470,-1.474,-0.784,B
10340,10340008,2475,-0.75,-0.84,B
10340,10340008,2476,-0.872,-0.843,B
10340,10340008,2477,-0.102,-0.846,B
10340,10340008,2478,-0.463,-0.864,B
10340,10340008,2480,-0.624,-0.838,B
10340,10340008,2486,-1.646,-1.058,B
10340,10340008,2487,-1.061,-1.078,B
10340,10340008,2489,-2.591,-1.189,B
10340,10340008,2490,-1.003,-1.225,B
10340,10340008,2493,-0.593,-1.186,B
10340,10340008,2495,-0.736,-1.158,B
10340,10340008,2496,-0.146,-1.094,B
10340,10340008,2498,-0.159,-0.995,B
10340,10340008,2500,-1.129,-0.934,B
10340,10340008,2504,-1.005,-0.825,B
10340,10340008,2510,-1.116,-0.765,B
10340,10340008,2512,-0.613,-0.773,B
10340,10340008,2513,-1.554,-0.746,B
10340,10340008,2516,-0.706,-0.766,B
10340,10340008,2517,-1.012,-0.751,B
10340,10340008,2519,-0.427,-0.785,B
10340,10340008,2525,-0.533,-0.736,B
10340,10340008,2529,-0.048,-0.744,B
10340,10340008,2531,-0.825,-0.745,B
10340,10340008,2532,-1.442,-0.685,B
10340,10340008,2534,-0.818,-0.698,B
10340,10340008,2536,-1.611,-0.724,B
10340,10340008,2537,-0.162,-0.765,B
10340,10340008,2538,-1.28,-0.746,B
10340,10340008,2542,-0.369,-0.745,B
10340,10340008,2543,-0.101,-0.711,B
10340,10340008,2550,-1.144,-0.727,B
10340,10340008,2558,-0.445,-0.737,B
10340,10340008,2560,-1.019,-0.723,B
10340,10340008,2563,-0.388,-0.714,B
10340,10340008,2564,-0.35,-0.707,B
10340,10340008,2565,-0.907,-0.7,B
10340,10340008,2567,-1.302,-0.687,B
10340,10340008,2568,-0.7,-0.698,B
10340,10340008,2569,-0.324,-0.719,B
10340,10340008,2572,-0.308,-0.733,B
10340,10340008,2573,-0.343,-0.757,B
10340,10340008,2575,-0.577,-0.751,B
10340,10340008,2580,-0.791,-0.745,B
10340,10340008,2583,-0.661,-0.732,B
10340,10340008,2586,-1.27,-0.714,B
10340,10340008,2591,-0.855,-0.704,B
10340,10340008,2597,-0.734,-0.848,B
10340,10340008,2600,-0.408,-0.882,B
10340,10340008,2603,-0.216,-0.891,B
10340,10340008,2605,-0.043,-0.853,B
10340,10340008,2606,-0.131,-0.841,B
10340,10340008,2607,-0.395,-0.816,B
10340,10340008,2609,-0.27,-0.813,B
10340,10340008,2615,-0.264,-0.734,B
10340,10340008,2618,-1.974,-0.666,B
10340,10340008,2619,-0.724,-0.692,B
10340,10340008,2621,-0.649,-0.686,B
10340,10340008,2626,-0.221,-0.633,B
10340,10340008,2628,-0.674,-0.66,B
10340,10340008,2629,-0.507,-0.645,B
10340,10340008,2633,-0.058,-0.655,B
10340,10340008,2635,-0.083,-0.664,B
10340,10340008,2637,-0.54,-0.706,B
10340,10340008,2639,-0.251,-0.705,B
10340,10340008,2641,-0.945,-0.708,B
10340,10340008,2643,-0.736,-0.669,B
10340,10340008,2644,-0.025,-0.7,B
10340,10340008,2645,-0.256,-0.694,B
10340,10340008,2647,-0.226,-0.643,B
10340,10340008,2655,-0.19,-0.674,B
10340,10340008,2656,-2.119,-0.67,B
10340,10340008,2658,-0.492,-0.677,B
10340,10340008,2659,-0.106,-0.669,B
10340,10340008,2662,-1.075,-0.659,B
10340,10340008,2667,-0.011,-0.747,B
10340,10340008,2671,-1.671,-0.68,B
10340,10340008,2673,-1.301,-0.71,B
10340,10340008,2676,-0.054,-0.673,B
10340,10340008,2677,-0.518,-0.659,B
10340,10340008,2683,-0.34,-0.68,B
10340,10340008,2684,-0.519,-0.645,B
10340,10340008,2685,-0.546,-0.626,B
10340,10340008,2687,-0.083,-0.578,B
10340,10340008,2688,-0.821,-0.593,B
10340,10340008,2689,-0.728,-0.618,B
10340,10340008,2696,-0.981,-0.712,B
10340,10340008,2698,-0.92,-0.686,B
10340,10340008,2705,-0.274,-0.73,B
10340,10340008,2707,-0.854,-0.703,B
10340,10340008,2710,-0.85,-0.709,B
10340,10340008,2714,-0.269,-0.662,B
10340,10340008,2715,-0.142,-0.631,B
10340,10340008,2716,-0.471,-0.668,B
10340,10340008,2717,-1.374,-0.64,B
10340,10340008,2718,-0.648,-0.658,B
10340,10340008,2719,-0.136,-0.66,B
10340,10340008,2720,-0.548,-0.682,B
10340,10340008,2721,-0.939,-0.659,B
10340,10340008,2723,-0.058,-0.671,B
10340,10340008,2725,-1.172,-0.636,B
10340,10340008,2726,-0.025,-0.629,B
10340,10340008,2727,-0.212,-0.636,B
10340,10340008,2729,-0.833,-0.624,B
10340,10340008,2730,-0.237,-0.661,B
10340,10340008,2731,-0.036,-0.683,B
10340,10340008,2732,-1.131,-0.638,B
10340,10340008,2733,-0.853,-0.639,B
10340,10340008,2736,-0.49,-0.641,B
10340,10340008,2741,-0.198,-0.721,B
10340,10340008,2743,-1.617,-0.728,B
10340,10340008,2744,-2.274,-0.722,B
10340,10340008,2748,-0.016,-0.685,B
10340,10340008,2749,-0.204,-0.679,B
10340,10340008,2750,-0.208,-0.684,B
10340,10340008,2752,-0.362,-0.639,B
10340,10340008,2760,-0.385,-0.682,B
10340,10340008,2764,-0.292,-0.6,B
10340,10340008,2766,-0.437,-0.593,B
10340,10340008,2768,-0.724,-0.58,B
10340,10340008,2772,-0.405,-0.672,B
10340,10340008,2774,-0.647,-0.687,B
10340,10340008,2775,-0.888,-0.699,B
10340,10340008,2776,-0.248,-0.715,B
10340,10340008,2777,-1.314,-0.726,B
10340,10340008,2778,-0.958,-0.773,B
10340,10340008,2779,-0.003,-0.791,B
10340,10340008,2780,-1.167,-0.777,B
10340,10340008,2784,-0.563,-0.821,B
10340,10340008,2785,-1.154,-0.748,B
10340,10340008,2786,-0.884,-0.706,B
10340,10340008,2787,-1.145,-0.671,B
10340,10340008,2788,-0.471,-0.644,B
10340,10340008,2789,-0.113,-0.604,B
10340,10340008,2791,-0.112,-0.646,B
10340,10340008,2793,-0.539,-0.674,B
10340,10340008,2794,-0.734,-0.694,B
10340,10340008,2796,-0.572,-0.692,B
10340,10340008,2798,-0.391,-0.678,B
10340,10340008,2799,-0.439,-0.674,B
10340,10340008,2802,-1.095,-0.665,B
10340,10340008,2804,-0.409,-0.673,B
10340,10340008,2805,-0.03,-0.678,B
10340,10340008,2809,-0.338,-0.681,B
10340,10340008,2810,-0.514,-0.687,B
10340,10340008,2812,-1.074,-0.646,B
10340,10340008,2814,-0.889,-0.639,B
10340,10340008,2816,-0.006,-0.658,B
10340,10340008,2817,-0.235,-0.65,B
10340,10340008,2818,-0.837,-0.67,B
10340,10340008,2820,-0.464,-0.671,B
10340,10340008,2821,-0.463,-0.632,B
10340,10340008,2822,-0.387,-0.626,B
10340,10340008,2825,-0.786,-0.635,B
10340,10340008,2828,-1.05,-0.654,B
10340,10340008,2829,-0.05,-0.651,B
10340,10340008,2831,-1.044,-0.673,B
10340,10340008,2834,-0.043,-0.731,B
10340,10340008,2835,-1.259,-0.707,B
10340,10340008,2836,-0.714,-0.689,B
10340,10340008,2841,-0.297,-0.617,B
10340,10340008,2842,-0.845,-0.633,B
10340,10340008,2846,-0.826,-0.669,B
10340,10340008,2848,-0.758,-0.632,B
10340,10340008,2851,-0.028,-0.615,B
10340,10340008,2853,-0.331,-0.598,B
10340,10340008,2854,-0.049,-0.617,B
10340,10340008,2857,-1.362,-0.646,B
10340,10340008,2858,-0.75,-0.678,B
10340,10340008,2859,-0.081,-0.699,B
10340,10340008,2862,-1.258,-0.683,B
10340,10340008,2863,-0.566,-0.662,B
10340,10340008,2864,-0.044,-0.629,B
10340,10340008,2867,-1.121,-0.63,B
10340,10340008,2869,-0.833,-0.705,B
10340,10340008,2872,-0.24,-0.675,B
10340,10340008,2874,-2.148,-0.677,B
10340,10340008,2875,-0.018,-0.732,B
10340,10340008,2879,-1.527,-0.752,B
10340,10340008,2880,-0.365,-0.748,B
10340,10340008,2882,-1.054,-0.775,B
10340,10340008,2885,-0.551,-0.751,B
10340,10340008,2890,-0.395,-0.723,B
10340,10340008,2892,-0.529,-0.73,B
10340,10340008,2893,-0.209,-0.678,B
10340,10340008,2895,-0.045,-0.618,B
10340,10340008,2896,-0.817,-0.622,B
10340,10340008,2898,-0.278,-0.657,B
10340,10340008,2899,-0.786,-0.672,B
10340,10340008,2901,-0.18,-0.652,B
10340,10340008,2902,-0.475,-0.618,B
10340,10340008,2904,-0.634,-0.594,B
10340,10340008,2906,-1.073,-0.588,B
10340,10340008,2909,-0.272,-0.593,B
10340,10340008,2911,-1.403,-0.545,B
10340,10340008,2912,-0.118,-0.581,B
10340,10340008,2915,-0.336,-0.61,B
10340,10340008,2917,-0.908,-0.624,B
10340,10340008,2919,-1.335,-0.634,B
10340,10340008,2921,-0.426,-0.634,B
10340,10340008,2922,-0.693,-0.647,B
10340,10340008,2923,-0.327,-0.632,B
10340,10340008,2924,-0.26,-0.641,B
10340,10340008,2925,-0.515,-0.637,B
10340,10340008,2929,-0.393,-0.723,B
10340,10340008,2932,-0.203,-0.949,B
10340,10340008,2937,-0.129,-1.036,B
10340,10340008,2938,-0.954,-0.909,B
10340,10340008,2940,-1.174,-0.77,B
10340,10340008,2946,-0.063,-0.571,B
10340,10340008,2948,-0.914,-0.576,B
10340,10340008,2952,-0.077,-0.603,B
10340,10340008,3060,-0.456,-0.614,B
10340,10340008,3062,-0.729,-0.599,B
10340,10340008,3065,-0.616,-0.631,B
10340,10340008,3070,-0.029,-0.694,B
10340,10340008,3074,-0.634,-0.657,B
10340,10340008,3077,-0.52,-0.673,B
10340,10340008,3080,-0.109,-0.69,B
10340,10340008,3087,-0.093,-0.607,B
10340,10340008,3088,-0.363,-0.633,B
10340,10340008,3090,-0.736,-0.648,B
10340,10340008,3091,-1.881,-0.65,B
10340,10340008,3092,-0.364,-0.669,B
10340,10340008,3094,-0.364,-0.677,B
10340,10340008,3095,-0.252,-0.674,B
10340,10340008,3096,-0.503,-0.642,B
10340,10340008,3099,-1.01,-0.586,B
10340,10340008,3101,-0.258,-0.585,B
10340,10340008,3102,-1.181,-0.573,B
10340,10340008,3104,-0.183,-0.572,B
10340,10340008,3107,-0.43,-0.574,B
10340,10340008,3108,-0.277,-0.595,B
10340,10340008,3114,-0.488,-0.519,B
10340,10340008,3116,-0.19,-0.521,B
10340,10340008,3118,-1.406,-0.495,B
10340,10340008,3119,-0.514,-0.515,B
10340,10340008,3122,-0.354,-0.498,B
10340,10340008,3123,-0.295,-0.504,B
10340,10340008,3130,-1.26,-0.557,B
10340,10340008,3131,-0.543,-0.588,B
10340,10340008,3134,-0.436,-0.606,B
10340,10340008,3135,-0.716,-0.577,B
10340,10340008,3137,-0.472,-0.607,B
10340,10340008,3139,-0.929,-0.619,B
10340,10340008,3140,-0.43,-0.686,B
10340,10340008,3143,-0.449,-0.695,B
10340,10340008,3144,-0.999,-0.631,B
10340,10340008,3145,-0.342,-0.608,B
10340,10340008,3146,-1.219,-0.605,B
10340,10340008,3147,-0.433,-0.577,B
10340,10340008,3149,-1.68,-0.577,B
10340,10340008,3150,-0.682,-0.594,B
10340,10340008,3151,-0.159,-0.578,B
10340,10340008,3152,-0.812,-0.564,B
10340,10340008,3154,-0.997,-0.569,B
10340,10340008,3157,-0.576,-0.779,B
10340,10340008,3158,-0.583,-0.889,B
10340,10340008,3159,-0.362,-1.094,B
10340,10340008,3160,-1.408,-1.188,B
10340,10340008,3161,-1.008,-1.281,B
10340,10340008,3162,-1.085,-1.238,B
10340,10340008,3164,-0.644,-0.935,B
10340,10340008,3165,-0.507,-0.803,B
10340,10340008,3167,-1.321,-0.635,B
10340,10340008,3168,-0.216,-0.624,B
10340,10340008,3169,-1.864,-0.566,B
10340,10340008,3170,-0.337,-0.583,B
10340,10340008,3171,-0.21,-0.549,B
10340,10340008,3172,-0.935,-0.541,B
10340,10340008,3173,-0.78,-0.536,B
10340,10340008,3175,-0.373,-0.525,B
10340,10340008,3176,-1.236,-0.557,B
10340,10340008,3177,-1.705,-0.552,B
10340,10340008,3178,-0.548,-0.558,B
10340,10340008,3179,-0.103,-0.549,B
10340,10340008,3182,-0.009,-0.513,B
10340,10340008,3185,-0.139,-0.545,B
10340,10340008,3186,-1.1,-0.539,B
10340,10340008,3187,-1.339,-0.545,B
10340,10340008,3188,-0.386,-0.54,B
10340,10340008,3189,-0.61,-0.544,B
10340,10340008,3191,-0.679,-0.527,B
10340,10340008,3192,-0.4,-0.538,B
10340,10340008,3194,-0.681,-0.591,B
10340,10340008,3195,-0.71,-0.593,B
10340,10340008,3197,-0.777,-0.675,B
10340,10340008,3199,-2.048,-0.694,B
10340,10340008,3200,-0.298,-0.786,B
10340,10340008,3201,-0.16,-0.949,B
10340,10340008,3203,-2.77,-1.747,B
10340,10340008,3204,-0.614,-2.751,B
10340,10340008,3205,-4.638,-5.733,B
10340,10340008,3206,-4.54,-12.267,B
10340,10340008,3207,-21.96,-17.045,B
10340,10340008,3208,-13.3,-10.491,B
10340,10340008,3211,-3.557,-1.893,B
10340,10340008,3222,-0.426,-0.598,B
10340,10340008,3223,-1.25,-0.629,B
10340,10340008,3224,-0.05,-0.664,B
10340,10340008,3225,-0.999,-0.618,B
10340,10340008,3226,-0.623,-0.594,B
10340,10340008,3228,-0.435,-0.56,B
10340,10340008,3230,-0.615,-0.525,B
10340,10340008,3236,-1.163,-0.48,B
10340,10340008,3237,-0.039,-0.505,B
10340,10340008,3238,-0.508,-0.496,B
10340,10340008,3240,-0.408,-0.498,B
10340,10340008,3242,-0.307,-0.49,B
10340,10340008,3243,-0.889,-0.48,B
10340,10340008,3245,-0.501,-0.485,B
10340,10340008,3248,-1.079,-0.528,B
10340,10340008,3249,-0.781,-0.517,B
10340,10340008,3250,-0.946,-0.489,B
10340,10340008,3253,-0.4,-0.48,B
10340,10340008,3254,-0.379,-0.496,B
10340,10340008,3255,-0.781,-0.518,B
10340,10340008,3256,-0.169,-0.532,B
10340,10340008,3259,-0.547,-0.548,B
10340,10340008,3285,-0.68,-0.561,B
10340,10340008,3287,-0.901,-0.581,B
10340,10340008,3288,-0.094,-0.638,B
10340,10340008,3289,-0.435,-0.67,B
10340,10340008,3290,-0.883,-0.678,B
10340,10340008,3291,-0.109,-0.729,B
10340,10340008,3292,-0.326,-0.747,B
10340,10340008,3293,-1.183,-0.735,B
10340,10340008,3296,-0.222,-0.783,B
10340,10340008,3297,-0.464,-0.765,B
10340,10340008,3298,-0.455,-0.715,B
10340,10340008,3301,-0.324,-0.631,B
10340,10340008,3303,-0.457,-0.585,B
10340,10340008,3304,-0.065,-0.575,B
10340,10340008,3305,-0.2,-0.553,B
10340,10340008,3306,-0.424,-0.534,B
10340,10340008,3309,-0.114,-0.518,B
10340,10340008,3310,-0.11,-0.527,B
10340,10340008,3311,-0.57,-0.519,B
10340,10340008,3312,-0.421,-0.493,B
10340,10340008,3315,-0.029,-0.482,B
10340,10340008,3316,-0.011,-0.489,B
10340,10340008,3317,-0.303,-0.504,B
10340,10340008,3319,-0.58,-0.506,B
10340,10340008,3320,-0.425,-0.526,B
10340,10340008,3325,-1.197,-0.573,B
10340,10340008,3327,-0.64,-0.555,B
10340,10340008,3330,-1.195,-0.487,B
10340,10340008,3331,-1.271,-0.455,B
10340,10340008,3335,-0.34,-0.47,B
10340,10340008,3336,-0.377,-0.471,B
10340,10340008,3337,-1.129,-0.449,B
10340,10340008,3339,-0.409,-0.555,B
10340,10340008,3340,-0.085,-0.568,B
10340,10340008,3341,-0.181,-0.596,B
10340,10340008,3344,-0.809,-0.559,B
10340,10340008,3354,-0.182,-0.419,B
10340,10340008,3355,-0.051,-0.425,B
10340,10340008,3356,-0.169,-0.427,B
10340,10340008,3357,-0.557,-0.447,B
10340,10340008,3360,-0.963,-0.464,B
10340,10340008,3361,-0.964,-0.478,B
10340,10340008,3363,-0.109,-0.577,B
10340,10340008,3364,-0.872,-0.553,B
10340,10340008,3365,-0.493,-0.539,B
10340,10340008,3366,-0.601,-0.51,B
10340,10340008,3368,-0.005,-0.481,B
10340,10340008,3388,-0.545,-0.438,B
10340,10340008,3389,-0.344,-0.448,B
10340,10340008,3393,-0.499,-0.412,B
10340,10340008,3394,-0.176,-0.422,B
10340,10340008,3395,-0.507,-0.434,B
10340,10340008,3396,-1.441,-0.471,B
10340,10340008,3401,-0.223,-0.461,B
10340,10340008,3404,-0.919,-0.459,B
10340,10340008,3405,-0.083,-0.538,B
10340,10340008,3407,-0.196,-0.601,B
10340,10340008,3409,-0.728,-0.611,B
10340,10340008,3410,-0.452,-0.576,B
10340,10340008,3411,-0.455,-0.553,B
10340,10340008,3414,-0.223,-0.504,B
10340,10340008,3415,-0.448,-0.47,B
10340,10340008,3418,-0.389,-0.446,B
10340,10340008,3419,-0.003,-0.434,B
10340,10340008,3422,-0.797,-0.396,B
10340,10340008,3423,-0.042,-0.406,B
10340,10340008,3425,-1.379,-0.423,B
10340,10340008,3426,-0.39,-0.433,B
10340,10340008,3427,-0.269,-0.439,B
10340,10340008,3428,-0.632,-0.472,B
10340,10340008,3429,-0.549,-0.487,B
10340,10340008,3440,-1.014,-1.022,B
10340,10340008,3442,-2.575,-2.075,B
10340,10340008,3443,-3.607,-2.491,B
10340,10340008,3444,-0.151,-1.429,B
10340,10340008,3445,-0.394,-0.842,B
10340,10340008,3447,-1.166,-0.476,B
10340,10340008,3449,-0.349,-0.496,B
10340,10340008,3456,-0.097,-0.421,B
10340,10340008,3457,-0.017,-0.428,B
10340,10340008,3458,-0.904,-0.382,B
10340,10340008,3464,-1.195,-0.455,B
10340,10340008,3467,-0.041,-0.385,B
10340,10340008,3468,-0.76,-0.404,B
10340,10340008,3469,-0.151,-0.408,B
10340,10340008,3471,-0.007,-0.383,B
10340,10340008,3472,-0.029,-0.389,B
10340,10340008,3473,-0.34,-0.392,B
10340,10340008,3476,-1.144,-0.455,B
10340,10340008,3477,-0.273,-0.487,B
10340,10340008,3478,-0.692,-0.502,B
10340,10340008,3481,-0.975,-0.513,B
10340,10340008,3482,-0.302,-0.503,B
10340,10340008,3484,-1.313,-0.509,B
10340,10340008,3488,-1.146,-0.43,B
10340,10340008,3489,-0.706,-0.429,B
10340,10340008,3491,-0.684,-0.403,B
10340,10340008,3492,-0.451,-0.427,B
10340,10340008,3496,-0.675,-0.433,B
10340,10340008,3497,-0.819,-0.455,B
10340,10340008,3498,-0.314,-0.454,B
10340,10340008,3500,-0.538,-0.482,B
10340,10340008,3503,-0.97,-0.538,B
10340,10340008,3505,-0.719,-0.62,B
10340,10340008,3507,-0.185,-0.633,B
10340,10340008,3538,-0.047,-0.518,B
10340,10340008,3542,-0.591,-0.586,B
10340,10340008,3547,-0.057,-0.425,B
10340,10340008,3548,-0.316,-0.393,B
10340,10340008,3549,-0.402,-0.367,B
10340,10340008,3555,-0.122,-0.386,B
10340,10340008,3556,-0.261,-0.419,B
10340,10340008,3559,-0.56,-0.385,B
10340,10340008,3561,-0.01,-0.394,B
10340,10340008,3563,-0.431,-0.386,B
10340,10340008,3564,-0.739,-0.391,B
10340,10340008,3568,-0.492,-0.391,B
10340,10340008,3570,-0.076,-0.45,B
10340,10340008,3579,-0.688,-0.41,B
10340,10340008,3581,-0.585,-0.419,B
10340,10340008,3583,-0.232,-0.4,B
10340,10340008,3584,-0.13,-0.358,B
10340,10340008,3585,-0.346,-0.355,B
10340,10340008,3588,-0.142,-0.367,B
10340,10340008,3589,-0.698,-0.369,B
10340,10340008,3596,-0.34,-0.421,B
10340,10340008,3597,-1.172,-0.421,B
10340,10340008,3600,-0.658,-0.422,B
10340,10340008,3604,-0.762,-0.398,B
10340,10340008,3606,-0.648,-0.358,B
10340,10340008,3610,-0.096,-0.367,B
10340,10340008,3611,-0.241,-0.377,B
10340,10340008,3614,-0.714,-0.377,B
10340,10340008,3623,-0.399,-0.338,B
10340,10340008,3648,-0.05,-0.36,B
10340,10340008,3649,-0.989,-0.343,B
10340,10340008,3654,-0.214,-0.39,B
10340,10340008,3655,-0.293,-0.451,B
10340,10340008,3656,-0.735,-0.535,B
10340,10340008,3657,-0.08,-0.602,B
10340,10340008,3658,-0.813,-0.625,B
10340,10340008,3664,-0.502,-0.385,B
10340,10340008,3667,-0.161,-0.393,B
10340,10340008,3668,-0.014,-0.398,B
10340,10340008,3669,-1.129,-0.359,B
10340,10340008,3670,-0.04,-0.359,B
10340,10340008,3672,-0.906,-0.358,B
10340,10340008,3673,-0.421,-0.359,B
10340,10340008,3675,-0.327,-0.387,B
10340,10340008,3676,-0.387,-0.388,B
10340,10340008,3677,-0.147,-0.384,B
10340,10340008,3679,-0.068,-0.353,B
10340,10340008,3680,-0.436,-0.362,B
10340,10340008,3681,-0.634,-0.363,B
10340,10340008,3687,-0.09,-0.305,B
10340,10340008,3689,-0.138,-0.294,B
10340,10340008,3691,-0.543,-0.342,B
10340,10340008,3692,-0.368,-0.384,B
10340,10340008,3693,-0.695,-0.424,B
10340,10340008,3694,-0.428,-0.415,B
10340,10340008,3699,-0.258,-0.443,B
10340,10340008,3700,-0.074,-0.453,B
10340,10340008,3701,-0.468,-0.442,B
10340,10340008,3705,-0.441,-0.359,B
10340,10340008,3707,-0.547,-0.358,B
10340,10340008,3719,-0.136,-0.357,B
10340,10340008,3726,-0.216,-0.322,B
10340,10340008,3738,-0.117,-0.319,B
10340,10340008,3739,-0.27,-0.35,B
10340,10340008,3740,-0.409,-0.375,B
10340,10340008,3799,-0.029,-0.337,B
10340,10340008,3810,-0.025,-0.319,B
10340,10340008,3829,-0.19,-0.38,B
10340,10340008,3831,-0.253,-0.324,B
10340,10340008,3832,-0.434,-0.319,B
10340,10340008,3833,-0.348,-0.335,B
10340,10340008,3834,-0.289,-0.335,B
10340,10340008,3837,-0.282,-0.315,B
10340,10340008,3841,-0.324,-0.373,B
10340,10340008,3843,-0.246,-0.459,B
10340,10340008,3845,-0.365,-0.454,B
10340,10340008,3846,-0.187,-0.383,B
10340,10340008,3852,-0.204,-0.281,B
10340,10340008,3871,-0.386,-0.309,B
10340,10340008,3877,-0.051,-0.285,B
10340,10340008,3879,-0.095,-0.312,B
10340,10340008,3882,-0.09,-0.315,B
10340,10340008,3883,-0.225,-0.335,B
10340,10340008,3885,-0.982,-0.301,B
10340,10340008,3888,-0.588,-0.303,B
10340,10340008,3893,-0.513,-0.308,B
10340,10340008,3894,-0.271,-0.292,B
10340,10340008,3895,-0.07,-0.305,B
10340,10340008,3897,-0.212,-0.318,B
10340,10340008,3899,-0.594,-0.288,B
10340,10340008,3900,-0.109,-0.28,B
10340,10340008,3902,-0.21,-0.282,B
10340,10340008,3903,-0.047,-0.272,B
10340,10340008,3906,-0.35,-0.545,B
10340,10340008,3907,-0.777,-0.539,B
10340,10340008,3908,-0.384,-0.547,B
10340,10340008,3909,-0.688,-0.541,B
10340,10340008,3911,-0.008,-0.549,B
10340,10340008,3914,-0.395,-0.531,B
10340,10340008,3916,-0.252,-0.535,B
10340,10340008,3918,-0.317,-0.532,B
10340,10340008,3920,-0.72,-0.524,B
10340,10340008,3921,-0.776,-0.518,B
10340,10340008,3924,-0.999,-0.511,B
10340,10340008,3925,-0.24,-0.541,B
10340,10340008,3926,-0.174,-0.548,B
10340,10340008,3931,-0.824,-0.542,B
10340,10340008,3933,-0.404,-0.559,B
10340,10340008,3934,-1.101,-0.554,B
10340,10340008,3936,-1.238,-0.553,B
10340,10340008,3938,-0.503,-0.574,B
10340,10340008,3939,-0.835,-0.566,B
10340,10340008,3940,-0.714,-0.568,B
10340,10340008,3941,-0.171,-0.609,B
10340,10340008,3943,-1.169,-0.606,B
10340,10340008,3946,-0.79,-0.615,B
10340,10340008,3949,-0.071,-0.631,B
10340,10340008,3950,-0.048,-0.62,B
10340,10340008,3951,-0.12,-0.62,B
10340,10340008,3952,-0.297,-0.621,B
10340,10340008,3954,-0.527,-0.634,B
10340,10340008,3959,-0.139,-0.654,B
10340,10340008,4002,-0.389,-0.558,B
10340,10340008,4004,-0.456,-0.558,B
10340,10340008,4006,-0.437,-0.553,B
10340,10340008,4007,-0.375,-0.543,B
10340,10340008,4008,-0.519,-0.545,B
10340,10340008,4010,-0.258,-0.546,B
10340,10340008,4011,-0.092,-0.548,B
10340,10340008,4012,-0.422,-0.548,B
10340,10340008,4013,-0.297,-0.534,B
10340,10340008,4016,-0.484,-0.503,B
10340,10340008,4022,-0.253,-0.518,B
10340,10340008,4025,-0.093,-0.531,B
10340,10340008,4028,-0.912,-0.507,B
10340,10340008,4030,-0.736,-0.512,B
10340,10340008,4033,-0.958,-0.526,B
10340,10340008,4034,-1.027,-0.528,B
10340,10340008,4035,-0.003,-0.552,B
10340,10340008,4037,-0.682,-0.538,B
10340,10340008,4038,-0.35,-0.542,B
10340,10340008,4039,-0.687,-0.532,B
10340,10340008,4040,-0.296,-0.539,B
10340,10340008,4043,-0.057,-0.545,B
10340,10340008,4044,-1.122,-0.527,B
10340,10340008,4046,-0.247,-0.547,B
10340,10340008,4047,-0.679,-0.549,B
10340,10340008,4048,-1.27,-0.536,B
10340,10340008,4049,-1.01,-0.547,B
10340,10340008,4050,-1.016,-0.559,B
10340,10340008,4052,-0.369,-0.578,B
10340,10340008,4053,-0.206,-0.594,B
10340,10340008,4055,-0.939,-0.582,B
10340,10340008,4056,-0.808,-0.587,B
10340,10340008,4057,-0.595,-0.598,B
10340,10340008,4059,-0.419,-0.611,B
10340,10340008,4061,-0.329,-0.626,B
10340,10340008,4062,-0.816,-0.613,B
10340,10340008,4063,-0.379,-0.628,B
10340,10340008,4066,-0.841,-0.603,B
10340,10340008,4084,-0.33,-0.633,B
10340,10340008,4088,-0.781,-0.62,B
10340,10340008,4089,-0.299,-0.64,B
10340,10340008,4090,-0.507,-0.649,B
10340,10340008,4092,-1.253,-0.605,B
10340,10340008,4093,-1.33,-0.596,B
10340,10340008,4094,-0.341,-0.618,B
10340,10340008,4096,-0.1,-0.606,B
10340,10340008,4097,-0.502,-0.582,B
10340,10340008,4098,-1.921,-0.559,B
10340,10340008,4099,-0.444,-0.587,B
10340,10340008,4100,-1.339,-0.562,B
10340,10340008,4103,-0.696,-0.58,B
10340,10340008,4104,-0.191,-0.599,B
10340,10340008,4105,-0.786,-0.585,B
10340,10340008,4106,-0.322,-0.584,B
10340,10340008,4109,-0.409,-0.569,B
10340,10340008,4110,-1.398,-0.554,B
10340,10340008,4111,-0.474,-0.579,B
10340,10340008,4112,-0.394,-0.58,B
10340,10340008,4113,-0.998,-0.556,B
10340,10340008,4115,-1.693,-0.528,B
10340,10340008,4116,-0.712,-0.556,B
10340,10340008,4118,-0.505,-0.548,B
10340,10340008,4120,-0.624,-0.543,B
10340,10340008,4121,-0.573,-0.541,B
10340,10340008,4123,-0.174,-0.512,B
10340,10340008,4124,-0.632,-0.488,B
10340,10340008,4126,-0.004,-0.499,B
10340,10340008,4127,-0.685,-0.481,B
10340,10340008,4132,-0.359,-0.479,B
10340,10340008,4133,-0.412,-0.479,B
10340,10340008,4134,-0.606,-0.479,B
10340,10340008,4135,-0.122,-0.493,B
10340,10340008,4139,-0.075,-0.498,B
10340,10340008,4141,-0.435,-0.503,B
10340,10340008,4147,-0.541,-0.503,B
10340,10340008,4150,-0.023,-0.531,B
10340,10340008,4206,-0.819,-0.504,B
10340,10340008,4207,-0.512,-0.513,B
10340,10340008,4211,-0.284,-0.524,B
10340,10340008,4217,-0.082,-0.51,B
10340,10340008,4221,-0.323,-0.489,B
10340,10340008,4223,-0.208,-0.493,B
10340,10340008,4231,-0.287,-0.47,B
10340,10340008,4232,-0.128,-0.472,B
10340,10340008,4233,-0.451,-0.464,B
10340,10340008,4235,-0.225,-0.474,B
10340,10340008,4236,-0.352,-0.469,B
10340,10340008,4239,-0.245,-0.467,B
10340,10340008,4240,-0.075,-0.466,B
10340,10340008,4242,-1.101,-0.431,B
10340,10340008,4243,-0.022,-0.453,B
10340,10340008,4244,-0.287,-0.454,B
10340,10340008,4245,-0.046,-0.461,B
10340,10340008,4246,-0.536,-0.447,B
10340,10340008,4247,-1.268,-0.427,B
10340,10340008,4248,-0.826,-0.435,B
10340,10340008,4249,-0.493,-0.448,B
10340,10340008,4251,-0.341,-0.46,B
10340,10340008,4253,-0.06,-0.466,B
10340,10340008,4254,-0.696,-0.447,B
10340,10340008,4255,-0.153,-0.46,B
10340,10340008,4258,-0.179,-0.472,B
10340,10340008,4259,-0.717,-0.469,B
10340,10340008,4261,-0.51,-0.482,B
10340,10340008,4262,-0.358,-0.487,B
10340,10340008,4263,-0.76,-0.475,B
10340,10340008,4264,-0.584,-0.471,B
10340,10340008,4265,-1.377,-0.467,B
10340,10340008,4267,-0.493,-0.496,B
10340,10340008,4270,-0.146,-0.507,B
10340,10340008,4274,-0.391,-0.523,B
10340,10340008,4275,-0.343,-0.527,B
10340,10340008,4276,-0.272,-0.526,B
10340,10340008,4277,-0.582,-0.517,B
10340,10340008,4278,-0.215,-0.522,B
10340,10340008,4280,-0.71,-0.507,B
10340,10340008,4281,-0.436,-0.51,B
10340,10340008,4282,-0.763,-0.502,B
10340,10340008,4286,-0.167,-0.499,B
10340,10340008,4289,-0.644,-0.477,B
10340,10340008,4290,-0.239,-0.486,B
10340,10340008,4291,-0.107,-0.482,B
10340,10340008,4293,-0.417,-0.455,B
10340,10340008,4294,-0.389,-0.451,B
10340,10340008,4298,-0.372,-0.454,B
10340,10340008,4304,-0.288,-0.494,B
10340,10340008,4305,-0.765,-0.492,B
10340,10340008,4306,-0.266,-0.509,B
10340,10340008,4307,-1.363,-0.496,B
10340,10340008,4308,-0.396,-0.526,B
10340,10340008,4309,-0.784,-0.519,B
10340,10340008,4310,-0.532,-0.534,B
10340,10340008,4313,-0.204,-0.568,B
10340,10340008,4314,-0.764,-0.537,B
10340,10340008,4316,-0.333,-0.55,B
10340,10340008,4320,-0.561,-0.526,B
10340,10340008,4321,-0.091,-0.533,B
10340,10340008,4322,-0.685,-0.514,B
10340,10340008,4324,-0.008,-0.514,B
10340,10340008,4326,-0.694,-0.48,B
10340,10340008,4327,-0.699,-0.473,B
10340,10340008,4329,-0.689,-0.462,B
10340,10340008,4332,-0.504,-0.473,B
10340,10340008,4334,-0.286,-0.483,B
10340,10340008,4335,-0.024,-0.484,B
10340,10340008,4336,-0.683,-0.467,B
10340,10340008,4387,-0.208,-0.617,B
10340,10340008,4389,-0.431,-0.609,B
10340,10340008,4395,-0.623,-0.618,B
10340,10340008,4398,-0.364,-0.648,B
10340,10340008,4399,-0.862,-0.643,B
10340,10340008,4400,-0.38,-0.658,B
10340,10340008,4401,-0.078,-0.657,B
10340,10340008,4402,-0.004,-0.671,B
10340,10340008,4403,-0.436,-0.692,B
10340,10340008,4405,-0.127,-0.695,B
10340,10340008,4407,-0.319,-0.735,B
10340,10340008,4413,-0.879,-0.761,B
10340,10340008,4414,-0.651,-0.786,B
10340,10340008,4419,-0.595,-0.827,B
10340,10340008,4451,-0.633,-0.852,B
10340,10340008,4452,-0.885,-0.852,B
10340,10340008,4465,-1.616,-0.89,B
10340,10340008,4467,-2.075,-0.925,B
10340,10340008,4489,-0.104,-0.838,B
10340,10340008,4490,-2.505,-0.775,B
10340,10340008,4491,-0.068,-0.824,B
10340,10340008,4492,-0.004,-0.809,B
10340,10340008,4493,-0.589,-0.804,B
10340,10340008,4494,-0.508,-0.809,B
10340,10340008,4496,-0.349,-0.794,B
10340,10340008,4499,-1.049,-0.849,B
10340,10340008,4501,-0.764,-0.832,B
10340,10340008,4503,-0.691,-0.856,B
10340,10340008,4504,-1.541,-0.826,B
10340,10340008,4505,-1.291,-0.866,B
10340,10340008,4506,-0.83,-0.879,B
10340,10340008,4508,-1.304,-0.881,B
10340,10340008,4511,-0.011,-0.87,B
10340,10340008,4513,-0.464,-0.87,B
10340,10340008,4517,-0.231,-0.776,B
10340,10340008,4535,-0.15,-0.615,B
10340,10340008,4537,-0.185,-0.642,B
10340,10340008,4541,-0.233,-0.652,B
10340,10340008,4542,-1.007,-0.634,B
10340,10340008,4544,-0.112,-0.64,B
10340,10340008,4547,-0.964,-0.636,B
10340,10340008,4553,-0.412,-0.641,B
10340,10340008,4557,-0.697,-0.602,B
10340,10340008,4558,-0.883,-0.585,B
10340,10340008,4559,-0.41,-0.587,B
10340,10340008,4560,-0.761,-0.575,B
10340,10340008,4567,-0.562,-0.528,B
10340,10340008,4570,-0.141,-0.528,B
10340,10340008,4573,-0.064,-0.534,B
10340,10340008,4574,-0.005,-0.538,B
10340,10340008,4595,-0.578,-0.498,B
10340,10340008,4596,-0.595,-0.491,B
10340,10340008,4601,-0.032,-0.504,B
10340,10340008,4604,-0.06,-0.497,B
10340,10340008,4606,-0.184,-0.503,B
10340,10340008,4607,-0.204,-0.497,B
10340,10340008,4608,-0.147,-0.505,B
10340,10340008,4609,-0.216,-0.51,B
10340,10340008,4611,-0.606,-0.51,B
10340,10340008,4612,-0.273,-0.529,B
10340,10340008,4618,-0.749,-0.521,B
10340,10340008,4619,-0.084,-0.552,B
10340,10340008,4620,-0.693,-0.535,B
10340,10340008,4621,-0.555,-0.537,B
10340,10340008,4622,-0.239,-0.524,B
10340,10340008,4624,-0.044,-0.527,B
10340,10340008,4626,-0.643,-0.512,B
10340,10340008,4628,-0.003,-0.513,B
10340,10340008,4630,-0.009,-0.496,B
10340,10340008,4631,-0.208,-0.488,B
10340,10340008,4648,-0.054,-0.502,B
10340,10340008,4653,-0.1,-0.489,B
10340,10340008,4656,-0.147,-0.497,B
10340,10340008,4657,-0.056,-0.494,B
10340,10340008,4659,-0.096,-0.499,B
10340,10340008,4660,-0.066,-0.49,B
10340,10340008,4661,-0.311,-0.473,B
10340,10340008,4664,-0.2,-0.469,B
10340,10340008,4665,-0.056,-0.473,B
10340,10340008,4673,-0.708,-0.443,B
10340,10340008,4675,-0.411,-0.458,B
10340,10340008,4677,-0.859,-0.448,B
10340,10340008,4680,-1.03,-0.455,B
10340,10340008,4681,-0.31,-0.465,B
10340,10340008,4682,-0.353,-0.459,B
10340,10340008,4684,-0.325,-0.472,B
10340,10340008,4686,-0.156,-0.481,B
10340,10340008,4687,-0.327,-0.484,B
10340,10340008,4688,-0.22,-0.495,B
10340,10340008,4691,-0.305,-0.518,B
10340,10340008,4692,-0.17,-0.531,B
10340,10340008,4693,-1.357,-0.516,B
10340,10340008,4695,-0.175,-0.561,B
10340,10340008,4699,-0.846,-0.617,B
10340,10340008,4702,-0.544,-0.747,B
10340,10340008,4705,-0.783,-0.908,B
10340,10340008,4706,-2.425,-0.944,B
10340,10340008,4707,-0.328,-1.095,B
10340,10340008,4708,-0.744,-1.204,B
10340,10340008,4710,-1.049,-1.407,B
10340,10340008,4713,-1.96,-1.601,B
10340,10340008,4715,-0.317,-1.71,B
10340,10340008,4718,-3.585,-1.414,B
10340,10340008,4719,-1.215,-1.3,B
10340,10340008,4722,-0.526,-1.043,B
10340,10340008,4752,-0.364,-0.458,B
10340,10340008,4762,-0.259,-0.425,B
10340,10340008,4764,-0.335,-0.411,B
10340,10340008,4793,-0.276,-0.494,B
10340,10340008,4811,-0.156,-0.549,B
10340,10340008,4899,-0.024,-0.454,B
10340,10340008,4903,-0.39,-0.466,B
10340,10340008,4906,-0.084,-0.502,B
10340,10340008,4912,-0.263,-0.551,B
10340,10340008,4919,-0.773,-0.495,B
10340,10340008,4923,-0.072,-0.504,B
10340,10340008,4924,-0.4,-0.494,B
10340,10340008,4925,-0.076,-0.492,B
10340,10340008,4929,-0.088,-0.443,B
10340,10340008,4957,-0.545,-0.397,B
10340,10340008,4961,-0.557,-0.437,B
10340,10340008,4962,-0.451,-0.448,B
10340,10340008,4963,-0.016,-0.468,B
10340,10340008,4965,-0.823,-0.474,B
10340,10340008,4966,-0.665,-0.482,B
10340,10340008,4970,-0.503,-0.447,B
10340,10340008,4971,-0.708,-0.438,B
10340,10340008,4977,-0.643,-0.391,B
10340,10340008,4980,-0.326,-0.395,B
10340,10340008,4982,-1.456,-0.392,B
10340,10340008,5001,-0.895,-0.473,B
10340,10340008,5002,-0.413,-0.462,B
10340,10340008,5003,-0.463,-0.46,B
10340,10340008,5005,-0.02,-0.457,B
10340,10340008,5014,-0.266,-0.395,B
10340,10340008,5015,-0.059,-0.394,B
10340,10340008,5021,-0.048,-0.41,B
10340,10340008,5022,-1.459,-0.369,B
10340,10340008,5023,-0.378,-0.395,B
10340,10340008,5024,-0.313,-0.4,B
10340,10340008,5026,-0.524,-0.384,B
10340,10340008,5027,-0.155,-0.396,B
10340,10340008,5028,-0.507,-0.392,B
10340,10340008,5033,-0.656,-0.38,B
10340,10340008,5034,-0.311,-0.385,B
10340,10340008,5035,-0.002,-0.395,B
10340,10340008,5036,-0.139,-0.397,B
10340,10340008,5038,-0.093,-0.403,B
10340,10340008,5041,-0.397,-0.397,B
10340,10340008,5051,-0.201,-0.394,B
10340,10340008,5057,-0.076,-0.403,B
10340,10340008,5059,-0.485,-0.394,B
10340,10340008,5060,-0.221,-0.389,B
10340,10340008,5062,-0.064,-0.381,B
10340,10340008,5064,-0.14,-0.402,B
10340,10340008,5067,-0.084,-0.399,B
10340,10340008,5068,-0.002,-0.403,B
10340,10340008,5094,-0.213,-0.449,B
10340,10340008,5095,-0.272,-0.445,B
10340,10340008,5096,-0.488,-0.45,B
10340,10340008,5098,-0.156,-0.439,B
10340,10340008,5108,-0.383,-0.355,B
10340,10340008,5110,-0.276,-0.352,B
10340,10340008,5111,-0.021,-0.363,B
10340,10340008,5113,-0.184,-0.355,B
10340,10340008,5117,-0.365,-0.356,B
10340,10340008,5119,-0.303,-0.346,B
10340,10340008,5121,-0.008,-0.349,B
10340,10340008,5123,-0.196,-0.353,B
10340,10340008,5145,-0.18,-0.391,B
10340,10340008,5148,-0.122,-0.415,B
10340,10340008,5151,-0.35,-0.429,B
10340,10340008,5154,-0.554,-0.428,B
10340,10340008,5156,-0.566,-0.424,B
10340,10340008,5159,-0.407,-0.436,B
10340,10340008,5165,-0.765,-0.414,B
10340,10340008,5167,-0.372,-0.417,B
10340,10340008,5168,-0.195,-0.421,B
10340,10340008,5170,-0.429,-0.409,B
10340,10340008,5172,-0.041,-0.412,B
10340,10340008,5173,-0.154,-0.4,B
10340,10340008,5181,-0.013,-0.415,B
10340,10340008,5182,-0.084,-0.414,B
10340,10340008,5183,-0.428,-0.407,B
10340,10340008,5184,-0.121,-0.421,B
10340,10340008,5185,-0.433,-0.416,B
10340,10340008,5186,-0.162,-0.418,B
10340,10340008,5187,-0.182,-0.419,B
10340,10340008,5213,-0.053,-0.369,B
10340,10340008,5215,-0.054,-0.353,B
10340,10340008,5217,-0.126,-0.365,B
10340,10340008,5218,-0.142,-0.369,B
10340,10340008,5229,-0.226,-0.418,B
10340,10340008,5230,-0.334,-0.413,B
10340,10340008,5231,-0.648,-0.407,B
10340,10340008,5232,-0.343,-0.419,B
10340,10340008,5234,-0.376,-0.404,B
10340,10340008,5235,-0.597,-0.405,B
10340,10340008,5238,-0.435,-0.383,B
10340,10340008,5240,-0.636,-0.361,B
10340,10340008,5242,-1.109,-0.346,B
10340,10340008,5243,-0.497,-0.361,B
10340,10340008,5244,-0.259,-0.364,B
10340,10340008,5245,-0.234,-0.358,B
10340,10340008,5246,-0.296,-0.352,B
10340,10340008,5247,-0.088,-0.371,B
10340,10340008,5249,-0.435,-0.367,B
10340,10340008,5250,-0.354,-0.362,B
10340,10340008,5252,-0.04,-0.367,B
10340,10340008,5265,-0.154,-0.381,B
10340,10340008,5272,-0.383,-0.419,B
10340,10340008,5273,-0.304,-0.418,B
10340,10340008,5274,-0.024,-0.411,B
10340,10340008,5275,-0.626,-0.395,B
10340,10340008,5276,-0.198,-0.404,B
10340,10340008,5279,-0.671,-0.394,B
10340,10340008,5310,-0.277,-0.302,B
10340,10340008,5312,-0.642,-0.292,B
10340,10340008,5318,-0.249,-0.321,B
10340,10340008,5319,-0.033,-0.332,B
10340,10340008,5322,-0.087,-0.377,B
10340,10340008,5323,-0.187,-0.369,B
10340,10340008,5326,-0.241,-0.37,B
10340,10340008,5327,-0.339,-0.384,B
10340,10340008,5328,-0.55,-0.379,B
10340,10340008,5329,-0.305,-0.386,B
10340,10340008,5331,-0.188,-0.409,B
10340,10340008,5332,-0.152,-0.415,B
10340,10340008,5333,-0.069,-0.418,B
10340,10340008,5334,-0.453,-0.401,B
10340,10340008,5335,-0.521,-0.395,B
10340,10340008,5336,-0.45,-0.416,B
10340,10340008,5337,-0.158,-0.417,B
10340,10340008,5338,-0.729,-0.4,B
10340,10340008,5342,-0.687,-0.377,B
10340,10340008,5343,-0.295,-0.377,B
10340,10340008,5345,-0.277,-0.352,B
10340,10340008,5346,-0.211,-0.349,B
10340,10340008,5348,-0.622,-0.349,B
10340,10340008,5360,-0.189,-0.39,B
10340,10340008,5386,-0.139,-0.37,B
10340,10340008,5390,-0.015,-0.38,B
10340,10340008,5392,-0.362,-0.381,B
10340,10340008,5393,-0.392,-0.371,B
10340,10340008,5394,-0.103,-0.382,B
10340,10340008,5409,-0.601,-0.353,B
10340,10340008,5410,-0.659,-0.353,B
10340,10340008,5411,-0.002,-0.363,B
10340,10340008,5421,-0.241,-0.312,B
10340,10340008,5423,-0.045,-0.304,B
10340,10340008,5427,-0.329,-0.287,B
10340,10340008,5429,-0.474,-0.289,B
10340,10340008,5430,-0.307,-0.3,B
10340,10340008,5431,-0.114,-0.309,B
10340,10340008,5434,-0.017,-0.324,B
10340,10340008,5435,-0.729,-0.318,B
10340,10340008,5437,-0.16,-0.352,B
10340,10340008,5439,-0.472,-0.358,B
10340,10340008,5441,-0.137,-0.377,B
10340,10340008,5443,-0.402,-0.363,B
10340,10340008,5449,-0.807,-0.363,B
10340,10340008,5450,-0.618,-0.371,B
10340,10340008,5451,-0.431,-0.364,B
10340,10340008,5452,-0.544,-0.359,B
10340,10340008,5455,-0.143,-0.375,B
10340,10340008,5457,-0.241,-0.363,B
10340,10340008,5458,-0.13,-0.349,B
10340,10340008,5459,-0.131,-0.35,B
10340,10340008,5460,-0.135,-0.35,B
10340,10340008,5461,-0.17,-0.34,B
10340,10340008,5464,-0.225,-0.35,B
10340,10340008,5465,-0.417,-0.343,B
10340,10340008,5468,-0.435,-0.323,B
10340,10340008,5469,-0.012,-0.332,B
10340,10340008,5482,-1.081,-0.361,B
10340,10340008,5484,-0.783,-0.391,B
10340,10340008,5486,-0.599,-0.393,B
10340,10340008,5487,-0.022,-0.412,B
10340,10340008,5488,-0.094,-0.407,B
10340,10340008,5489,-0.785,-0.389,B
10340,10340008,5493,-0.328,-0.402,B
10340,10340008,5516,-0.097,-0.295,B
10340,10340008,5517,-0.526,-0.289,B
10340,10340008,5519,-0.233,-0.295,B
10340,10340008,5521,-0.083,-0.304,B
10340,10340008,5523,-0.72,-0.304,B
10340,10340008,5524,-0.319,-0.315,B
10340,10340008,5526,-0.009,-0.335,B
10340,10340008,5527,-0.022,-0.342,B
10340,10340008,5549,-0.051,-0.363,B
10340,10340008,5553,-0.657,-0.337,B
10340,10340008,5556,-0.382,-0.332,B
10340,10340008,5560,-0.134,-0.307,B
10340,10340008,5562,-0.477,-0.306,B
10340,10340008,5568,-0.322,-0.295,B
10340,10340008,5576,-0.563,-0.266,B
10340,10340008,5577,-0.289,-0.274,B
10340,10340008,5578,-0.237,-0.275,B
10340,10340008,5579,-0.381,-0.273,B
10340,10340008,5580,-0.304,-0.272,B
10340,10340008,5583,-0.217,-0.283,B
10340,10340008,5584,-0.114,-0.288,B
10340,10340008,5585,-0.466,-0.286,B
10340,10340008,5586,-0.131,-0.304,B
10340,10340008,5587,-0.172,-0.306,B
10340,10340008,5588,-0.265,-0.309,B
10340,10340008,5590,-0.376,-0.322,B
10340,10340008,5591,-0.3,-0.329,B
10340,10340008,5592,-0.035,-0.342,B
10340,10340008,5593,-0.317,-0.35,B
10340,10340008,5594,-0.362,-0.365,B
10340,10340008,5596,-0.103,-0.39,B
10340,10340008,5605,-1.04,-0.396,B
10340,10340008,5607,-0.344,-0.394,B
10340,10340008,5608,-0.154,-0.389,B
10340,10340008,5609,-0.139,-0.363,B
10340,10340008,5612,-0.427,-0.31,B
10340,10340008,5613,-0.033,-0.318,B
10340,10340008,5614,-0.455,-0.31,B
10340,10340008,5624,-0.041,-0.413,B
10340,10340008,5640,-0.091,-0.322,B
10340,10340008,5642,-0.173,-0.304,B
10340,10340008,5643,-0.485,-0.305,B
10340,10340008,5644,-0.322,-0.299,B
10340,10340008,5645,-0.424,-0.293,B
10340,10340008,5647,-0.195,-0.3,B
10340,10340008,5651,-0.385,-0.287,B
10340,10340008,5655,-0.263,-0.285,B
10340,10340008,5658,-0.415,-0.274,B
10340,10340008,5659,-0.198,-0.281,B
10340,10340008,5660,-0.162,-0.284,B
10340,10340008,5661,-0.042,-0.287,B
10340,10340008,5678,-0.018,-0.312,B
10340,10340008,5683,-0.314,-0.319,B
10340,10340008,5691,-0.084,-0.332,B
10340,10340008,5693,-0.266,-0.332,B
10340,10340008,5695,-0.07,-0.359,B
10340,10340008,5697,-0.307,-0.362,B
10340,10340008,5706,-0.23,-0.351,B
10340,10340008,5708,-0.452,-0.353,B
10340,10340008,5714,-0.091,-0.34,B
10340,10340008,5730,-0.198,-0.333,B
10340,10340008,5731,-0.025,-0.331,B
10340,10340008,5733,-0.097,-0.312,B
10340,10340008,5734,-0.522,-0.301,B
10340,10340008,5736,-0.559,-0.3,B
10340,10340008,5737,-0.344,-0.299,B
10340,10340008,5738,-0.101,-0.305,B
10340,10340008,5740,-0.135,-0.302,B
10340,10340008,5742,-0.114,-0.304,B
10340,10340008,5744,-0.086,-0.314,B
10340,10340008,5745,-0.386,-0.306,B
10340,10340008,5746,-0.17,-0.321,B
10340,10340008,5747,-0.826,-0.309,B
10340,10340008,5748,-0.315,-0.317,B
10340,10340008,5749,-0.349,-0.307,B
10340,10340008,5751,-0.408,-0.303,B
10340,10340008,5752,-0.378,-0.299,B
10340,10340008,5756,-0.208,-0.296,B
10340,10340008,5761,-0.722,-0.302,B
10340,10340008,5762,-0.1,-0.323,B
10340,10340008,5763,-0.177,-0.33,B
10340,10340008,5764,-0.051,-0.348,B
10340,10340008,5766,-0.61,-0.365,B
10340,10340008,5767,-0.275,-0.373,B
10340,10340008,5769,-0.585,-0.345,B
10340,10340008,5770,-0.245,-0.353,B
10340,10340008,5792,-0.156,-0.296,B
10340,10340008,5793,-0.42,-0.292,B
10340,10340008,5794,-0.058,-0.292,B
10340,10340008,5796,-0.296,-0.293,B
10340,10340008,5798,-0.209,-0.295,B
10340,10340008,5804,-0.242,-0.306,B
10340,10340008,5811,-0.426,-0.282,B
10340,10340008,5812,-0.151,-0.289,B
10340,10340008,5813,-0.099,-0.287,B
10340,10340008,5815,-0.731,-0.273,B
10340,10340008,5816,-0.106,-0.292,B
10340,10340008,5817,-0.032,-0.296,B
10340,10340008,5818,-0.468,-0.288,B
10340,10340008,5819,-0.061,-0.294,B
10340,10340008,5821,-0.516,-0.287,B
10340,10340008,5822,-0.255,-0.298,B
10340,10340008,5823,-0.093,-0.293,B
10340,10340008,5826,-0.604,-0.275,B
10340,10340008,5829,-0.438,-0.267,B
10340,10340008,5833,-0.089,-0.271,B
10340,10340008,5834,-0.056,-0.277,B
10340,10340008,5835,-0.002,-0.276,B
10340,10340008,5836,-0.387,-0.284,B
10340,10340008,5837,-0.12,-0.302,B
10340,10340008,5841,-0.219,-0.321,B
10340,10340008,5842,-0.187,-0.325,B
10340,10340008,5843,-0.159,-0.322,B
10340,10340008,5845,-0.135,-0.322,B
10340,10340008,5849,-0.11,-0.306,B
10340,10340008,5864,-0.33,-0.3,B
10340,10340008,5866,-0.2,-0.289,B
10340,10340008,5890,-0.004,-0.315,B
10340,10340008,5892,-0.346,-0.286,B
10340,10340008,5893,-0.372,-0.278,B
10340,10340008,5895,-0.138,-0.265,B
10340,10340008,5896,-0.847,-0.249,B
10340,10340008,5897,-0.239,-0.259,B
10340,10340008,5898,-0.28,-0.256,B
10340,10340008,5902,-0.594,-0.274,B
10340,10340008,5903,-0.212,-0.272,B
10340,10340008,5907,-0.56,-0.275,B
10340,10340008,5908,-0.115,-0.285,B
10340,10340008,5910,-0.17,-0.292,B
10340,10340008,5912,-0.426,-0.286,B
10340,10340008,5915,-0.271,-0.294,B
10340,10340008,5931,-0.197,-0.293,B
10340,10340008,5932,-0.155,-0.296,B
10340,10340008,5933,-0.367,-0.293,B
10340,10340008,5950,-0.178,-0.265,B
10340,10340008,5955,-0.361,-0.256,B
10340,10340008,5956,-0.205,-0.257,B
10340,10340008,5957,-0.278,-0.259,B
10340,10340008,5959,-0.37,-0.257,B
10340,10340008,5960,-0.443,-0.258,B
10340,10340008,5961,-0.052,-0.275,B
10340,10340008,5964,-0.101,-0.26,B
10340,10340008,5982,-0.168,-0.28,B
10340,10340008,5983,-0.302,-0.272,B
10340,10340008,5984,-0.445,-0.27,B
10340,10340008,5985,-0.409,-0.27,B
10340,10340008,5988,-0.37,-0.264,B
10340,10340008,5989,-0.113,-0.268,B
10340,10340008,5990,-0.429,-0.264,B
10340,10340008,5992,-0.068,-0.277,B
10340,10340008,5993,-0.316,-0.272,B
10340,10340008,5995,-0.426,-0.26,B
10340,10340008,5999,-0.263,-0.256,B
10340,10340008,6000,-0.082,-0.263,B
10340,10340008,6002,-0.061,-0.255,B
10340,10340008,6007,-0.116,-0.269,B
10340,10340008,6009,-0.293,-0.272,B
10340,10340008,6027,-0.205,-0.302,B
10340,10340008,6028,-0.016,-0.322,B
10340,10340008,6030,-0.433,-0.341,B
10340,10340008,6032,-0.009,-0.392,B
10340,10340008,6035,-0.385,-0.416,B
10340,10340008,6044,-0.121,-0.325,B
10340,10340008,6053,-0.127,-0.312,B
10340,10340008,6090,-0.003,-0.246,B
10340,10340008,6104,-0.323,-0.243,B
10340,10340008,6105,-0.211,-0.243,B
10340,10340008,6107,-0.097,-0.237,B
10340,10340008,6120,-0.34,-0.257,B
10340,10340008,6122,-0.325,-0.245,B
10340,10340008,6125,-0.571,-0.242,B
10340,10340008,6127,-0.191,-0.265,B
10340,10340008,6130,-0.06,-0.285,B
10340,10340008,6131,-0.223,-0.288,B
10340,10340008,6134,-0.419,-0.272,B
10340,10340008,6137,-0.089,-0.245,B
10340,10340008,6147,-0.169,-0.221,B
10340,10340008,6165,-0.164,-0.255,B
10340,10340008,6167,-0.012,-0.264,B
10340,10340008,6169,-0.106,-0.258,B
10340,10340008,6170,-0.113,-0.252,B
10340,10340008,6171,-0.073,-0.252,B
10340,10340008,6176,-0.13,-0.24,B
10340,10340008,6179,-0.178,-0.232,B
10340,10340008,6180,-0.159,-0.227,B
10340,10340008,6181,-0.103,-0.228,B
10340,10340008,6182,-0.245,-0.221,B
10340,10340008,6215,-0.317,-0.253,B
10340,10340008,6217,-0.225,-0.263,B
10340,10340008,6218,-0.153,-0.253,B
10340,10340008,6219,-0.078,-0.25,B
10340,10340008,6222,-0.172,-0.224,B
10340,10340008,6223,-0.194,-0.225,B
10340,10340008,6225,-0.564,-0.22,B
10340,10340008,6229,-0.103,-0.227,B
10340,10340008,6231,-0.374,-0.232,B
10340,10340008,6242,-0.237,-0.234,B
10340,10340008,6243,-0.685,-0.23,B
10340,10340008,6244,-0.086,-0.242,B
10340,10340008,6245,-0.193,-0.238,B
10340,10340008,6246,-0.03,-0.242,B
10340,10340008,6247,-0.533,-0.239,B
10340,10340008,6249,-0.144,-0.236,B
10340,10340008,6250,-0.041,-0.243,B
10340,10340008,6251,-0.111,-0.24,B
10340,10340008,6253,-0.286,-0.229,B
10340,10340008,6255,-0.386,-0.231,B
10340,10340008,6257,-0.191,-0.235,B
10340,10340008,6259,-0.48,-0.232,B
10340,10340008,6260,-0.333,-0.237,B
10340,10340008,6261,-0.28,-0.237,B
10340,10340008,6263,-0.311,-0.235,B
10340,10340008,6264,-0.264,-0.226,B
10340,10340008,6265,-0.206,-0.221,B
10340,10340008,6272,-0.367,-0.251,B
10340,10340008,6273,-0.34,-0.271,B
10340,10340008,6274,-0.31,-0.3,B
10340,10340008,6276,-0.667,-0.32,B
10340,10340008,6278,-0.182,-0.31,B
10340,10340008,6279,-0.377,-0.308,B
10340,10340008,6280,-0.742,-0.29,B
10340,10340008,6282,-0.088,-0.266,B
10340,10340008,6287,-0.054,-0.233,B
10340,10340008,6302,-0.149,-0.247,B
10340,10340008,6303,-0.138,-0.248,B
10340,10340008,6305,-0.216,-0.249,B
10340,10340008,6307,-0.021,-0.251,B
10340,10340008,6308,-0.137,-0.238,B
10340,10340008,6309,-0.005,-0.238,B
10340,10340008,6310,-0.45,-0.216,B
10340,10340008,6312,-0.44,-0.206,B
10340,10340008,6315,-0.233,-0.194,B
10340,10340008,6356,-0.07,-0.232,B
10340,10340008,6369,-0.359,-0.217,B
10340,10340008,6372,-0.079,-0.229,B
10340,10340008,6375,-0.7,-0.218,B
10340,10340008,6376,-0.189,-0.235,B
10340,10340008,6377,-0.745,-0.244,B
10340,10340008,6378,-0.338,-0.257,B
10340,10340008,6379,-0.26,-0.257,B
10340,10340008,6380,-0.513,-0.244,B
10340,10340008,6382,-0.115,-0.254,B
10340,10340008,6384,-0.35,-0.253,B
10340,10340008,6392,-0.051,-0.204,B
10340,10340008,6394,-0.122,-0.199,B
10340,10340008,6401,-0.496,-0.214,B
10340,10340008,6402,-0.302,-0.221,B
10340,10340008,6405,-0.256,-0.239,B
10340,10340008,6406,-0.306,-0.241,B
10340,10340008,6409,-0.284,-0.247,B
10340,10340008,6439,-0.32,-0.233,B
10340,10340008,6440,-0.589,-0.232,B
10340,10340008,6454,-0.366,-0.198,B
10340,10340008,6455,-0.242,-0.204,B
10340,10340008,6456,-0.212,-0.193,B
10340,10340008,6463,-0.084,-0.234,B
10340,10340008,6476,-0.03,-0.197,B
10340,10340008,6477,-0.254,-0.197,B
10340,10340008,6489,-0.266,-0.19,B
10340,10340008,6491,-0.258,-0.199,B
10340,10340008,6492,-0.009,-0.201,B
10340,10340008,6493,-0.364,-0.2,B
10340,10340008,6497,-0.173,-0.192,B
10340,10340008,6499,-0.104,-0.186,B
10340,10340008,6502,-0.194,-0.195,B
10340,10340008,6503,-0.4,-0.192,B
10340,10340008,6504,-0.08,-0.196,B
10340,10340008,6506,-0.132,-0.195,B
10340,10340008,6508,-0.025,-0.187,B
10340,10340008,6515,-0.114,-0.184,B
10340,10340008,6516,-0.074,-0.189,B
10340,10340008,6518,-0.54,-0.195,B
10340,10340008,6524,-0.413,-0.207,B
10340,10340008,6525,-0.395,-0.217,B
10340,10340008,6526,-0.23,-0.214,B
10340,10340008,6527,-0.29,-0.218,B
10340,10340008,6528,-0.59,-0.21,B
10340,10340008,6532,-0.306,-0.195,B
10340,10340008,6534,-0.236,-0.19,B
10340,10340008,6535,-0.185,-0.184,B
10340,10340008,6536,-0.215,-0.179,B
10340,10340008,6537,-0.472,-0.176,B
10340,10340008,6538,-0.261,-0.17,B
10340,10340008,6539,-0.081,-0.177,B
10340,10340008,6544,-0.014,-0.212,B
10340,10340008,6547,-0.159,-0.194,B
10340,10340008,6548,-0.094,-0.193,B
10340,10340008,6550,-0.122,-0.19,B
10340,10340008,6552,-0.027,-0.197,B
10340,10340008,6559,-0.178,-0.194,B
10340,10340008,6561,-0.181,-0.204,B
10340,10340008,6568,-0.297,-0.215,B
10340,10340008,6569,-0.157,-0.205,B
10340,10340008,6570,-0.16,-0.204,B
10340,10340008,6571,-0.085,-0.204,B
10340,10340008,6583,-0.009,-0.167,B
10340,10340008,6584,-0.032,-0.171,B
10340,10340008,6591,-0.051,-0.192,B
10340,10340008,6602,-0.02,-0.179,B
10340,10340008,6603,-0.516,-0.161,B
10340,10340008,6605,-0.246,-0.166,B
10340,10340008,6606,-0.277,-0.167,B
10340,10340008,6607,-0.344,-0.172,B
10340,10340008,6608,-0.467,-0.18,B
10340,10340008,6609,-0.776,-0.185,B
10340,10340008,6610,-0.235,-0.196,B
10340,10340008,6611,-0.274,-0.201,B
10340,10340008,6612,-0.038,-0.199,B
10340,10340008,6618,-0.194,-0.178,B
10340,10340008,6619,-0.02,-0.186,B
10340,10340008,6620,-0.183,-0.182,B
10340,10340008,6621,-0.424,-0.19,B
10340,10340008,6622,-0.451,-0.192,B
10340,10340008,6623,-0.263,-0.192,B
10340,10340008,6624,-0.379,-0.194,B
10340,10340008,6625,-0.556,-0.191,B
10340,10340008,6626,-0.368,-0.189,B
10340,10340008,6627,-0.149,-0.186,B
10340,10340008,6628,-0.336,-0.181,B
10340,10340008,6629,-0.039,-0.18,B
10340,10340008,6630,-0.331,-0.174,B
10340,10340008,6631,-0.057,-0.175,B
10340,10340008,6632,-0.219,-0.177,B
10340,10340008,6639,-0.195,-0.195,B
10340,10340008,6640,-0.355,-0.188,B
10340,10340008,6641,-0.632,-0.191,B
10340,10340008,6642,-0.35,-0.196,B
10340,10340008,6643,-0.332,-0.192,B
10340,10340008,6644,-0.79,-0.186,B
10340,10340008,6645,-0.322,-0.181,B
10340,10340008,6647,-0.195,-0.188,B
10340,10340008,6655,-0.269,-0.189,B
10340,10340008,6656,-0.008,-0.182,B
10340,10340008,6661,-0.015,-0.192,B
10340,10340008,6675,-0.022,-0.192,B
10340,10340008,6678,-0.054,-0.181,B
10340,10340008,6680,-0.068,-0.186,B
10340,10340008,6681,-0.175,-0.186,B
10340,10340008,6682,-0.015,-0.19,B
10340,10340008,6685,-0.155,-0.193,B
10340,10340008,6686,-0.228,-0.184,B
10340,10340008,6687,-0.424,-0.189,B
10340,10340008,6688,-0.214,-0.184,B
10340,10340008,6689,-0.455,-0.176,B
10340,10340008,6690,-0.172,-0.173,B
10340,10340008,6691,-0.105,-0.176,B
10340,10340008,6693,-0.212,-0.183,B
10340,10340008,6712,-0.065,-0.182,B
10340,10340008,6713,-0.124,-0.185,B
10340,10340008,6716,-0.069,-0.19,B
10340,10340008,6718,-0.285,-0.187,B
10340,10340008,6719,-0.26,-0.185,B
10340,10340008,6720,-0.461,-0.186,B
10340,10340008,6728,-0.127,-0.171,B
10340,10340008,6745,-0.482,-0.181,B
10340,10340008,6746,-0.159,-0.178,B
10340,10340008,6748,-0.252,-0.165,B
10340,10340008,6765,-0.204,-0.151,B
10340,10340008,6772,-0.085,-0.147,B
10340,10340008,6788,-0.041,-0.147,B
10340,10340008,6789,-0.026,-0.138,B
10340,10340008,6793,-0.184,-0.132,B
10340,10340008,6817,-0.001,-0.145,B
10340,10340008,6819,-0.008,-0.135,B
10340,10340008,6854,-0.119,-0.126,B
10340,10340008,6856,-0.076,-0.129,B
10340,10340008,6941,-0.088,-0.12,B
10340,10340008,6946,-0.152,-0.123,B
10340,10340008,6965,-0.059,-0.121,B
10340,10340008,7020,-0.037,-0.133,B
10340,10340008,7034,-0.064,-0.122,B
10340,10340008,7035,-0.24,-0.119,B
10340,10340008,7044,-0.029,-0.115,B
10340,10340008,7082,-0.083,-0.147,B
10340,10340008,7084,-0.096,-0.156,B
10340,10340008,7085,-0.104,-0.146,B
10340,10340008,7093,-0.326,-0.187,B
10340,10340008,7097,-0.234,-0.191,B
10340,10340008,7098,-0.543,-0.199,B
10340,10340008,7099,-0.237,-0.185,B
10340,10340008,7100,-0.118,-0.185,B
10340,10340008,7101,-0.458,-0.184,B
10340,10340008,7102,-0.532,-0.183,B
10340,10340008,7103,-0.458,-0.182,B
10340,10340008,7104,-0.927,-0.196,B
10340,10340008,7105,-0.477,-0.198,B
10340,10340008,7106,-0.577,-0.199,B
10340,10340008,7107,-0.206,-0.2,B
10340,10340008,7112,-0.078,-0.228,B
10340,10340008,7113,-0.897,-0.239,B
10340,10340008,7114,-0.84,-0.236,B
10340,10340008,7115,-0.564,-0.215,B
10340,10340008,7116,-0.106,-0.191,B
10340,10340008,7118,-0.209,-0.172,B
10340,10340008,7124,-0.044,-0.172,B
10340,10340008,7125,-0.161,-0.173,B
10340,10340008,7131,-0.083,-0.177,B
10340,10340008,7133,-0.028,-0.176,B
10340,10340008,7134,-0.386,-0.163,B
10340,10340008,7135,-0.033,-0.157,B
10340,10340008,7138,-0.186,-0.18,B
10340,10340008,7139,-0.235,-0.183,B
10340,10340008,7140,-0.078,-0.196,B
10340,10340008,7141,-0.648,-0.177,B
10340,10340008,7142,-0.414,-0.168,B
10340,10340008,7144,-0.031,-0.175,B
10340,10340008,7145,-0.586,-0.173,B
10340,10340008,7146,-0.555,-0.171,B
10340,10340008,7147,-0.171,-0.17,B
10340,10340008,7148,0,-0.166,B
10340,10340008,7165,-0.088,-0.154,B
10340,10340008,7166,-0.438,-0.142,B
10340,10340008,7171,-0.455,-0.135,B
10340,10340008,7172,-0.005,-0.151,B
10340,10340008,7173,-0.041,-0.163,B
10340,10340008,7176,-0.511,-0.157,B
10340,10340008,7177,-0.304,-0.151,B
10340,10340008,7178,-0.488,-0.136,B
10340,10340008,7180,-0.483,-0.125,B
10340,10340008,7181,-0.008,-0.13,B
10340,10340008,7182,-0.04,-0.133,B
10340,10340008,7183,-0.22,-0.132,B
10340,10340008,7184,-0.094,-0.128,B
10340,10340008,7188,-0.237,-0.12,B
10340,10340008,7189,-0.171,-0.124,B
10340,10340008,7192,-0.025,-0.112,B
10340,10340008,7193,-0.397,-0.108,B
10340,10340008,7194,-0.227,-0.113,B
10340,10340008,7195,-0.072,-0.125,B
10340,10340008,7196,-0.218,-0.124,B
10340,10340008,7197,-0.47,-0.136,B
10340,10340008,7198,-0.141,-0.127,B
10340,10340008,7199,-0.022,-0.133,B
10340,10340008,7202,-0.107,-0.138,B
10340,10340008,7203,-0.326,-0.127,B
10340,10340008,7204,-0.033,-0.123,B
10340,10340008,7205,-0.019,-0.127,B
10340,10340008,7206,-0.153,-0.153,B
10340,10340008,7207,-0.02,-0.16,B
10340,10340008,7208,-0.345,-0.163,B
10340,10340008,7209,-0.173,-0.152,B
10340,10340008,7211,-0.321,-0.16,B
10340,10340008,7213,-0.226,-0.152,B
10340,10340008,7216,-0.429,-0.175,B
10340,10340008,7217,-0.292,-0.166,B
10340,10340008,7218,-0.564,-0.168,B
10340,10340008,7220,-0.112,-0.172,B
10340,10340008,7221,-0.584,-0.173,B
10340,10340008,7222,-0.28,-0.176,B
10340,10340008,7230,-0.451,-0.339,B
10340,10340008,7231,-1.628,-0.347,B
10340,10340008,7232,-0.681,-0.325,B
10340,10340008,7234,-0.645,-0.367,B
10340,10340008,7235,-1.388,-0.504,B
10340,10340008,7236,-1.091,-0.537,B
10340,10340008,7240,-2.324,-1.627,B
10340,10340008,7241,-2.577,-1.644,B
10340,10340008,7242,-4.447,-2.958,B
10582,10582002,917,-5.0351e-06,-0.00013032,B/SR/MEV
10582,10582002,1575,-1.4014e-05,-4.8763e-05,B/SR/MEV
10582,10582002,1576,-4.682e-06,-4.5942e-05,B/SR/MEV
10582,10582003,2498,-0.00032874,-0.00088056,B/SR/MEV
10730,10730004,270,302.8,-22.4,PER-CENT
10847,10847002,44,-0.0001778,-0.0003012,B/SR/MEV
10847,10847002,45,-0.0002459,-0.0003364,B/SR/MEV
10847,10847002,46,-0.0001748,-0.0003616,B/SR/MEV
10847,10847002,47,-6.104e-05,-0.0003389,B/SR/MEV
10847,10847002,159,-0.0004085,-0.0004111,B/SR/MEV
10847,10847002,160,-0.0003531,-0.000447,B/SR/MEV
10847,10847002,271,-0.0001379,-0.0004743,B/SR/MEV
10847,10847002,692,-0.0008366,-0.001459,B/SR/MEV
10847,10847002,693,-4.779e-05,-0.001475,B/SR/MEV
10847,10847002,788,-2.764e-05,-6.859e-05,B/SR/MEV
10847,10847002,789,-3.499e-06,-6.486e-05,B/SR/MEV
10847,10847002,811,-0.0001743,-0.001048,B/SR/MEV
10847,10847002,812,-0.0005452,-0.001064,B/SR/MEV
10847,10847002,813,-0.0004545,-0.001078,B/SR/MEV
10847,10847002,814,-0.0003774,-0.001064,B/SR/MEV
10847,10847002,815,-0.0007358,-0.001073,B/SR/MEV
10847,10847002,816,-0.001097,-0.001092,B/SR/MEV
10847,10847002,909,-7.023e-05,-6.683e-05,B/SR/MEV
10847,10847002,928,-4.84e-05,-0.001417,B/SR/MEV
10847,10847002,929,-1.069e-05,-0.001382,B/SR/MEV
10847,10847002,930,-0.0005426,-0.001383,B/SR/MEV
10847,10847002,931,-0.001373,-0.001363,B/SR/MEV
10847,10847002,933,-0.001291,-0.001434,B/SR/MEV
10847,10847002,934,-0.001162,-0.00142,B/SR/MEV
10847,10847002,935,-0.001119,-0.001435,B/SR/MEV
10847,10847002,936,-0.001168,-0.001394,B/SR/MEV
10847,10847002,937,-0.001351,-0.001323,B/SR/MEV
10847,10847002,973,-0.0001025,-0.0008299,B/SR/MEV
10847,10847002,974,-6.016e-05,-0.0008663,B/SR/MEV
10847,10847002,983,-0.0008534,-0.001176,B/SR/MEV
10847,10847002,984,-0.002215,-0.001195,B/SR/MEV
10847,10847002,1046,-0.0008997,-0.001626,B/SR/MEV
10847,10847002,1048,-0.001808,-0.001806,B/SR/MEV
10847,10847002,1049,-0.0005465,-0.001726,B/SR/MEV
10847,10847002,1097,-0.0002281,-0.001217,B/SR/MEV
10847,10847002,1098,-0.001984,-0.001304,B/SR/MEV
10847,10847002,1099,-0.001585,-0.001333,B/SR/MEV
10847,10847002,1153,-0.0005216,-0.002336,B/SR/MEV
10847,10847002,1154,-0.001753,-0.00237,B/SR/MEV
10847,10847002,1155,-0.002162,-0.002244,B/SR/MEV
10847,10847002,1156,-0.001357,-0.002024,B/SR/MEV
10847,10847002,1167,-0.000334,-0.001873,B/SR/MEV
10847,10847002,1180,-0.0002145,-0.001537,B/SR/MEV
10847,10847002,1186,-0.0001922,-0.001533,B/SR/MEV
10883,10883002,121,-1.917e-05,-0.0005692,B/SR/MEV
10883,10883002,122,-0.00012,-0.0005116,B/SR/MEV
10883,10883002,123,-0.0001827,-0.0005624,B/SR/MEV
10883,10883002,124,-0.0001501,-0.0005643,B/SR/MEV
10883,10883002,125,-4.676e-05,-0.000545,B/SR/MEV
10883,10883002,128,-2.573e-05,-0.0004579,B/SR/MEV
10883,10883002,130,-1.933e-05,-0.0005366,B/SR/MEV
10883,10883002,136,-2.273e-05,-0.0004345,B/SR/MEV
10883,10883002,137,-0.0002144,-0.000444,B/SR/MEV
10883,10883002,138,-0.0003197,-0.0004057,B/SR/MEV
10883,10883002,139,-0.0002583,-0.0003754,B/SR/MEV
10883,10883002,140,-0.0002206,-0.0003432,B/SR/MEV
10883,10883002,141,-0.0002976,-0.0003075,B/SR/MEV
10883,10883002,142,-0.0003663,-0.0002664,B/SR/MEV
10883,10883002,143,-0.0002307,-0.0002335,B/SR/MEV
10883,10883002,150,-3.371e-06,-3.957e-05,B/SR/MEV
10883,10883002,151,-1.086e-05,-3.282e-05,B/SR/MEV
10883,10883002,152,-9.1e-06,-3.108e-05,B/SR/MEV
10883,10883002,153,-7.405e-06,-2.82e-05,B/SR/MEV
10883,10883002,154,-4.665e-07,-2.611e-05,B/SR/MEV
10883,10883002,161,-6.616e-06,-1.69e-05,B/SR/MEV
10883,10883002,162,-1.144e-05,-1.422e-05,B/SR/MEV
10883,10883002,163,-6.141e-06,-1.334e-05,B/SR/MEV
10883,10883002,164,-1.022e-06,-1.099e-05,B/SR/MEV
10883,10883002,165,-4.3e-07,-1.318e-05,B/SR/MEV
10883,10883002,303,-6.845e-07,-0.0003425,B/SR/MEV
10883,10883002,304,-6.771e-05,-0.0003542,B/SR/MEV
10883,10883002,305,-0.0001344,-0.0003189,B/SR/MEV
10883,10883002,306,-0.0001284,-0.0002921,B/SR/MEV
10883,10883002,307,-4.342e-05,-0.0002916,B/SR/MEV
10883,10883002,314,-4.506e-05,-0.0002783,B/SR/MEV
10883,10883002,315,-5.554e-05,-0.0002391,B/SR/MEV
10883,10883002,316,-5.268e-05,-0.0001991,B/SR/MEV
10883,10883002,317,-0.00017,-0.0001905,B/SR/MEV
10883,10883002,318,-0.0002603,-0.0002026,B/SR/MEV
10883,10883002,319,-0.0001899,-0.0001877,B/SR/MEV
10883,10883002,330,-1.565e-06,-1.227e-05,B/SR/MEV
10883,10883002,331,-1.609e-05,-1.046e-05,B/SR/MEV
10883,10883002,332,-1.884e-05,-9.44e-06,B/SR/MEV
10883,10883002,333,-1.171e-05,-8.917e-06,B/SR/MEV
10883,10883002,334,-1.603e-06,-9.097e-06,B/SR/MEV
10883,10883002,343,-5.451e-07,-7.517e-06,B/SR/MEV
10883,10883002,344,-2.221e-06,-7.887e-06,B/SR/MEV
10883,10883002,345,-1.431e-06,-9.188e-06,B/SR/MEV
10883,10883002,346,-1.608e-07,-7.814e-06,B/SR/MEV
10883,10883002,485,-6.642e-05,-0.000222,B/SR/MEV
10883,10883002,486,-7.108e-05,-0.0001802,B/SR/MEV
10883,10883002,487,-1.329e-05,-0.0001748,B/SR/MEV
10883,10883002,492,-2.309e-05,-0.000142,B/SR/MEV
10883,10883002,493,-0.0001282,-0.0001353,B/SR/MEV
10883,10883002,494,-0.0002063,-0.0001249,B/SR/MEV
10883,10883002,495,-0.0001902,-0.000112,B/SR/MEV
10883,10883002,496,-6.995e-05,-0.0001014,B/SR/MEV
10883,10883002,506,-2.197e-07,-1.085e-05,B/SR/MEV
10883,10883002,507,-2.078e-06,-9.278e-06,B/SR/MEV
10883,10883002,508,-2.955e-06,-7.652e-06,B/SR/MEV
10883,10883002,509,-2.037e-06,-7.116e-06,B/SR/MEV
10883,10883002,510,-1.13e-06,-5.746e-06,B/SR/MEV
10883,10883002,511,-1.3e-06,-5.051e-06,B/SR/MEV
10883,10883002,512,-2.224e-06,-4.215e-06,B/SR/MEV
10883,10883002,513,-3.358e-06,-4.742e-06,B/SR/MEV
10883,10883002,514,-1.46e-06,-3.88e-06,B/SR/MEV
10883,10883002,657,-5.117e-05,-0.0002273,B/SR/MEV
10883,10883002,658,-7.326e-05,-0.000213,B/SR/MEV
10883,10883002,659,-3.279e-05,-0.0002038,B/SR/MEV
10883,10883002,667,-6.038e-06,-0.0001493,B/SR/MEV
10883,10883002,668,-4.413e-05,-0.0001389,B/SR/MEV
10883,10883002,669,-8.468e-05,-0.0001211,B/SR/MEV
10883,10883002,670,-8.613e-05,-0.0001064,B/SR/MEV
10883,10883002,671,-4.704e-05,-9.115e-05,B/SR/MEV
10883,10883002,678,-1.123e-05,-2.209e-05,B/SR/MEV
10883,10883002,679,-2.321e-05,-1.952e-05,B/SR/MEV
10883,10883002,680,-2.128e-05,-1.683e-05,B/SR/MEV
10883,10883002,681,-1.082e-05,-1.23e-05,B/SR/MEV
10883,10883002,688,-9.373e-07,-7.082e-06,B/SR/MEV
10883,10883002,689,-1.503e-06,-6.094e-06,B/SR/MEV
10883,10883002,690,-4.081e-07,-5.708e-06,B/SR/MEV
10883,10883002,691,-4.156e-07,-4.078e-06,B/SR/MEV
10883,10883002,692,-1.851e-06,-4.698e-06,B/SR/MEV
10883,10883002,693,-2.397e-06,-3.996e-06,B/SR/MEV
10883,10883002,694,-2.149e-06,-3.504e-06,B/SR/MEV
10883,10883002,695,-9.705e-07,-3.127e-06,B/SR/MEV
10883,10883002,844,-2.182e-05,-0.000135,B/SR/MEV
10883,10883002,845,-1.294e-05,-0.0001313,B/SR/MEV
10883,10883002,846,-1.284e-05,-0.0001223,B/SR/MEV
10883,10883002,848,-1.798e-05,-9.151e-05,B/SR/MEV
10883,10883002,849,-2.473e-05,-8.583e-05,B/SR/MEV
10883,10883002,850,-1.446e-05,-7.767e-05,B/SR/MEV
10883,10883002,866,-3.879e-06,-6.641e-06,B/SR/MEV
10883,10883002,867,-4.77e-06,-5.631e-06,B/SR/MEV
10883,10883002,868,-4.539e-06,-5.425e-06,B/SR/MEV
10883,10883002,869,-2.509e-06,-5.322e-06,B/SR/MEV
10883,10883002,870,-1.334e-07,-4.486e-06,B/SR/MEV
10883,10883002,1017,-4.324e-05,-0.0002912,B/SR/MEV
10883,10883002,1018,-6.49e-05,-0.0002592,B/SR/MEV
10883,10883002,1019,-3.642e-05,-0.0002244,B/SR/MEV
10883,10883002,1033,-1.422e-05,-2.814e-05,B/SR/MEV
10883,10883002,1034,-1.413e-05,-2.683e-05,B/SR/MEV
10883,10883002,1035,-3.652e-07,-2.23e-05,B/SR/MEV
10883,10883002,1045,-2.172e-08,-6.091e-06,B/SR/MEV
10883,10883002,1046,-1.813e-06,-6.77e-06,B/SR/MEV
10883,10883002,1047,-1.517e-06,-6.634e-06,B/SR/MEV
10883,10883002,1183,-0.0001302,-0.0004352,B/SR/MEV
10883,10883002,1184,-0.0001266,-0.0004721,B/SR/MEV
10883,10883002,1185,-5.585e-05,-0.000393,B/SR/MEV
10883,10883002,1197,-0.0001587,-0.000241,B/SR/MEV
10883,10883002,1198,-0.000322,-0.0002247,B/SR/MEV
10883,10883002,1199,-0.0003984,-0.000218,B/SR/MEV
10883,10883002,1200,-0.0003516,-0.0001908,B/SR/MEV
10883,10883002,1201,-0.0001337,-0.000176,B/SR/MEV
10883,10883002,1209,-2.81e-05,-4.604e-05,B/SR/MEV
10883,10883002,1210,-3.628e-05,-3.846e-05,B/SR/MEV
10883,10883002,1211,-1.353e-05,-3.04e-05,B/SR/MEV
10883,10883002,1348,-0.0002055,-0.0007211,B/SR/MEV
10883,10883002,1349,-9.278e-05,-0.0007056,B/SR/MEV
10883,10883002,1360,-9.331e-05,-0.0005563,B/SR/MEV
10883,10883002,1361,-0.0002625,-0.0005038,B/SR/MEV
10883,10883002,1362,-0.0001943,-0.0005269,B/SR/MEV
10883,10883002,1363,-2.823e-05,-0.0005779,B/SR/MEV
10883,10883002,1370,-0.0001496,-0.0004634,B/SR/MEV
10883,10883002,1371,-0.0005009,-0.0004058,B/SR/MEV
10883,10883002,1372,-0.0006641,-0.0003213,B/SR/MEV
10883,10883002,1373,-0.0005381,-0.0003434,B/SR/MEV
10883,10883002,1374,-0.0002507,-0.0002897,B/SR/MEV
10883,10883002,1382,-1.849e-06,-0.0001434,B/SR/MEV
10883,10883002,1383,-3.608e-05,-0.0001496,B/SR/MEV
10883,10883002,1384,-5.019e-05,-0.0001214,B/SR/MEV
10883,10883002,1385,-5.402e-05,-9.371e-05,B/SR/MEV
10883,10883002,1386,-3.978e-05,-7.031e-05,B/SR/MEV
10883,10883002,1387,-1.752e-05,-5.987e-05,B/SR/MEV
10883,10883002,1388,-6.527e-07,-5.491e-05,B/SR/MEV
10883,10883002,1403,-1.638e-06,-2.881e-05,B/SR/MEV
10883,10883002,1404,-5.967e-06,-3.38e-05,B/SR/MEV
10883,10883002,1405,-6.129e-06,-3.793e-05,B/SR/MEV
10883,10883002,1545,-2.399e-05,-0.0004877,B/SR/MEV
10883,10883002,1546,-7.63e-05,-0.0004857,B/SR/MEV
10883,10883002,1547,-2.995e-05,-0.0004806,B/SR/MEV
10883,10883002,1549,-6.967e-05,-0.0004029,B/SR/MEV
10883,10883002,1550,-0.0002521,-0.0003623,B/SR/MEV
10883,10883002,1551,-0.0002959,-0.0003534,B/SR/MEV
10883,10883002,1552,-0.0001986,-0.000303,B/SR/MEV
10883,10883002,1561,-4.385e-05,-8.727e-05,B/SR/MEV
10883,10883002,1562,-2.889e-05,-7.534e-05,B/SR/MEV
10883,10883002,1566,-3.541e-06,-3.11e-05,B/SR/MEV
10883,10883002,1718,-7.388e-06,-0.0005614,B/SR/MEV
10883,10883002,1719,-0.0002041,-0.0005032,B/SR/MEV
10883,10883002,1720,-0.0002105,-0.0005306,B/SR/MEV
10883,10883002,1721,-5.354e-05,-0.0005974,B/SR/MEV
10883,10883002,1727,-0.0001929,-0.0004416,B/SR/MEV
10883,10883002,1728,-0.0002311,-0.0004027,B/SR/MEV
10883,10883002,1729,-0.0001671,-0.0003396,B/SR/MEV
10883,10883002,1730,-8.27e-05,-0.0002533,B/SR/MEV
10883,10883002,1731,-6.338e-06,-0.0002118,B/SR/MEV
10883,10883002,1738,-1.999e-05,-8.286e-05,B/SR/MEV
10883,10883002,1739,-2.314e-05,-8.031e-05,B/SR/MEV
10883,10883002,1740,-2.059e-05,-6.867e-05,B/SR/MEV
10883,10883002,1741,-1.411e-05,-6.199e-05,B/SR/MEV
10883,10883002,1890,-0.0001119,-0.0007511,B/SR/MEV
10883,10883002,1891,-0.0003839,-0.0006612,B/SR/MEV
10883,10883002,1892,-0.0005265,-0.0007178,B/SR/MEV
10883,10883002,1893,-0.0003516,-0.0006954,B/SR/MEV
10883,10883002,1900,-0.0001501,-0.0004924,B/SR/MEV
10883,10883002,1901,-0.000368,-0.0004205,B/SR/MEV
10883,10883002,1902,-0.0002547,-0.0003862,B/SR/MEV
10883,10883002,1908,-1.964e-05,-0.0001672,B/SR/MEV
10883,10883002,1909,-4.389e-05,-0.0001595,B/SR/MEV
10883,10883002,1931,-1.175e-05,-3.719e-05,B/SR/MEV
10883,10883002,1932,-1.873e-05,-4.558e-05,B/SR/MEV
10883,10883002,1933,-1.65e-05,-4.935e-05,B/SR/MEV
10883,10883002,1934,-1.083e-05,-4.804e-05,B/SR/MEV
10883,10883002,2072,-7.56e-05,-0.000409,B/SR/MEV
10883,10883002,2073,-0.0001853,-0.0004279,B/SR/MEV
10883,10883002,2074,-0.0001154,-0.0004459,B/SR/MEV
10883,10883002,2078,-1.042e-05,-0.0003091,B/SR/MEV
10883,10883002,2079,-1.491e-05,-0.0003231,B/SR/MEV
10883,10883002,2080,-8.124e-06,-0.0002793,B/SR/MEV
10883,10883002,2090,-7.732e-06,-6.414e-05,B/SR/MEV
10883,10883002,2091,-7.615e-06,-6.477e-05,B/SR/MEV
10883,10883002,2253,-0.0001543,-0.0003792,B/SR/MEV
10883,10883002,2254,-0.0003071,-0.0003654,B/SR/MEV
10883,10883002,2255,-0.0001717,-0.0003742,B/SR/MEV
10883,10883002,2264,-2.811e-05,-0.0001144,B/SR/MEV
10883,10883002,2265,-6.083e-05,-0.0001044,B/SR/MEV
10883,10883002,2266,-7.998e-05,-8.352e-05,B/SR/MEV
10883,10883002,2267,-8.355e-05,-8.166e-05,B/SR/MEV
10883,10883002,2268,-4.366e-05,-7.229e-05,B/SR/MEV
10883,10883002,2276,-1.467e-05,-3.073e-05,B/SR/MEV
10883,10883002,2277,-2.679e-05,-2.932e-05,B/SR/MEV
10883,10883002,2278,-2.907e-05,-3.129e-05,B/SR/MEV
10883,10883002,2279,-2.584e-05,-3.438e-05,B/SR/MEV
10883,10883002,2280,-2.151e-05,-3.704e-05,B/SR/MEV
10883,10883002,2281,-6.485e-06,-3.292e-05,B/SR/MEV
10883,10883002,2420,-0.0007657,-0.001232,B/SR/MEV
10883,10883002,2421,-0.0009689,-0.001207,B/SR/MEV
10883,10883002,2428,-8.375e-06,-0.0006573,B/SR/MEV
10883,10883002,2429,-0.0002418,-0.0005964,B/SR/MEV
10883,10883002,2430,-4.3e-05,-0.0005568,B/SR/MEV
10883,10883002,2440,-9.846e-05,-0.0001387,B/SR/MEV
10883,10883002,2441,-0.0001018,-0.0001075,B/SR/MEV
10883,10883002,2442,-2.048e-05,-9.591e-05,B/SR/MEV
10883,10883002,2459,-7.016e-06,-5.036e-05,B/SR/MEV
10883,10883002,2460,-1.622e-05,-6.173e-05,B/SR/MEV
10883,10883002,2461,-1.359e-05,-6.537e-05,B/SR/MEV
10883,10883002,2597,-7.162e-05,-0.002038,B/SR/MEV
10883,10883002,2617,-3.009e-05,-0.0001518,B/SR/MEV
10883,10883002,2618,-9.801e-05,-0.0001261,B/SR/MEV
10883,10883002,2619,-0.0001043,-0.0001124,B/SR/MEV
10883,10883002,2620,-8.966e-06,-0.000117,B/SR/MEV
10883,10883002,2626,-1.169e-06,-8.718e-05,B/SR/MEV
10883,10883002,2627,-2.569e-05,-6.68e-05,B/SR/MEV
10883,10883002,2628,-2.84e-05,-6.282e-05,B/SR/MEV
10883,10883002,2629,-2.64e-05,-6.64e-05,B/SR/MEV
10883,10883002,2630,-1.846e-05,-6.398e-05,B/SR/MEV
10883,10883002,2631,-4.842e-06,-5.317e-05,B/SR/MEV
10883,10883002,2770,-0.0004496,-0.002491,B/SR/MEV
10883,10883002,2771,-0.0007417,-0.002391,B/SR/MEV
10883,10883002,2772,-0.0005136,-0.0023,B/SR/MEV
10883,10883002,2779,-0.0002674,-0.001629,B/SR/MEV
10883,10883002,2780,-0.0006221,-0.001556,B/SR/MEV
10883,10883002,2781,-0.0001529,-0.001597,B/SR/MEV
10883,10883002,2794,-4.449e-06,-0.0002357,B/SR/MEV
10883,10883002,2795,-0.000145,-0.000214,B/SR/MEV
10883,10883002,2796,-0.0001733,-0.0001922,B/SR/MEV
10883,10883002,2797,-8.865e-05,-0.0001651,B/SR/MEV
10883,10883002,2929,-0.0003452,-0.002783,B/SR/MEV
10883,10883002,2943,-9.176e-05,-0.002677,B/SR/MEV
10883,10883002,2944,-0.0002606,-0.002748,B/SR/MEV
10883,10883002,2945,-3.729e-05,-0.002851,B/SR/MEV
10883,10883002,2968,-0.0001778,-0.0004851,B/SR/MEV
10883,10883002,2969,-0.0002619,-0.000469,B/SR/MEV
10883,10883002,2975,-6.634e-05,-0.0002737,B/SR/MEV
10883,10883002,2976,-6.823e-05,-0.000275,B/SR/MEV
10883,10883002,2977,-5.32e-05,-0.0002503,B/SR/MEV
10883,10883002,2978,-3.992e-05,-0.0001963,B/SR/MEV
10883,10883002,2979,-6.945e-05,-0.0001575,B/SR/MEV
10883,10883002,2980,-8.935e-05,-0.0001469,B/SR/MEV
10883,10883002,2981,-0.0001079,-0.0001751,B/SR/MEV
10883,10883002,2982,-4.435e-05,-0.0001462,B/SR/MEV
10883,10883002,3120,-0.000262,-0.003548,B/SR/MEV
10883,10883002,3121,-0.0004775,-0.003376,B/SR/MEV
10883,10883002,3122,-0.0009805,-0.003424,B/SR/MEV
10883,10883002,3123,-0.001728,-0.003459,B/SR/MEV
10883,10883002,3124,-0.002165,-0.003324,B/SR/MEV
10883,10883002,3125,-0.001242,-0.003333,B/SR/MEV
10883,10883002,3134,-0.0008641,-0.002173,B/SR/MEV
10883,10883002,3135,-0.00113,-0.001978,B/SR/MEV
10883,10883002,3136,-0.0003845,-0.001825,B/SR/MEV
10883,10883002,3146,-9.053e-05,-0.0007134,B/SR/MEV
10883,10883002,3147,-0.000322,-0.0006461,B/SR/MEV
10883,10883002,3148,-9.295e-05,-0.0005902,B/SR/MEV
10883,10883002,3152,-2.554e-07,-0.0004186,B/SR/MEV
10883,10883002,3153,-0.0001078,-0.0004592,B/SR/MEV
10883,10883002,3154,-0.000103,-0.0004812,B/SR/MEV
10883,10883002,3272,-0.0003138,-0.01043,B/SR/MEV
10883,10883002,3292,-7.171e-05,-0.004252,B/SR/MEV
10883,10883002,3293,-0.0003796,-0.00426,B/SR/MEV
10883,10883002,3294,-0.001166,-0.004393,B/SR/MEV
10883,10883002,3295,-0.0007501,-0.004388,B/SR/MEV
10883,10883002,3320,-0.0003119,-0.001346,B/SR/MEV
10883,10883002,3321,-0.0005153,-0.001368,B/SR/MEV
10883,10883002,3322,-0.0004099,-0.001227,B/SR/MEV
10883,10883002,3323,-0.0001191,-0.001043,B/SR/MEV
10883,10883002,3443,-0.0006047,-0.0114,B/SR/MEV
10883,10883002,3454,-0.0008905,-0.00986,B/SR/MEV
10883,10883002,3455,-0.002216,-0.008736,B/SR/MEV
10883,10883002,3456,-0.001314,-0.007885,B/SR/MEV
10883,10883002,3465,-0.002108,-0.006174,B/SR/MEV
10883,10883002,3466,-0.003135,-0.006124,B/SR/MEV
10883,10883002,3467,-0.002376,-0.00628,B/SR/MEV
10883,10883002,3468,-0.0008066,-0.005666,B/SR/MEV
10883,10883002,3477,-0.003521,-0.005482,B/SR/MEV
10883,10883002,3478,-0.004221,-0.004843,B/SR/MEV
10883,10883002,3479,-0.002084,-0.005342,B/SR/MEV
10883,10883002,3485,-0.0005427,-0.004022,B/SR/MEV
10883,10883002,3486,-0.003199,-0.003672,B/SR/MEV
10883,10883002,3487,-0.003083,-0.00315,B/SR/MEV
10883,10883002,3488,-0.0006084,-0.003115,B/SR/MEV
10883,10883002,3493,-1.364e-05,-0.001939,B/SR/MEV
10883,10883002,3494,-0.0006493,-0.00185,B/SR/MEV
10883,10883002,3495,-0.000596,-0.001874,B/SR/MEV
10883,10883002,3502,-0.0003771,-0.001262,B/SR/MEV
10883,10883002,3503,-0.0009908,-0.001137,B/SR/MEV
10883,10883002,3504,-0.0009474,-0.001152,B/SR/MEV
10883,10883002,3505,-0.0001558,-0.001072,B/SR/MEV
13742,13742003,15578,-0.0043356,-1.283,NO-DIM
13742,13742003,15580,-0.0044706,-1.565,NO-DIM
13742,13742003,15782,-0.0024939,-3.765,NO-DIM
14676,14676011,3079,-0.816879,-464.464,NO-DIM
14676,14676012,3049,-0.402086,-55.0934,NO-DIM
14676,14676012,3050,-1.27945,-64.4947,NO-DIM
14676,14676012,3051,-0.112782,-15.006,NO-DIM
14676,14676012,3054,-0.395293,-9.11816,NO-DIM
14676,14676012,3055,-1.01605,-123.119,NO-DIM
14676,14676012,3059,-0.268387,-17.0196,NO-DIM
14676,14676012,3060,-1.31821,-77864.6,NO-DIM
14676,14676012,3061,-0.0569905,-1203.48,NO-DIM
14676,14676012,3065,-0.411864,-38.5512,NO-DIM
14676,14676012,3066,-2.95936,-26644.5,NO-DIM
14676,14676012,3071,-0.60071,-1278.19,NO-DIM
14676,14676012,3073,-0.398346,-87.935,NO-DIM
14676,14676012,3076,-1.71646,-2184.76,NO-DIM
14676,14676012,3078,-1.32505,-136.473,NO-DIM
14676,14676012,3080,-0.849689,-219.057,NO-DIM
14676,14676012,3081,-0.198698,-37.019,NO-DIM
14676,14676013,3045,-1.94371,-202.002,NO-DIM
14676,14676013,3048,-0.0647053,-95.2884,NO-DIM
14676,14676013,3049,-4.27021,-15982.8,NO-DIM
14676,14676013,3050,-2.13431,-385.678,NO-DIM
14676,14676013,3054,-0.170337,-29.5472,NO-DIM
14676,14676013,3057,-0.869462,-104.167,NO-DIM
14676,14676013,3058,-0.31208,-37.2809,NO-DIM
14676,14676013,3059,-3.72652,-6244.24,NO-DIM
14676,14676013,3060,-1.111,-157.395,NO-DIM
14676,14676013,3062,-0.266902,-26.9616,NO-DIM
14676,14676013,3063,-0.074905,-462.612,NO-DIM
14676,14676013,3064,-0.880666,-27.4763,NO-DIM
14676,14676013,3065,-0.0491887,-53.7094,NO-DIM
14676,14676013,3069,-0.179923,-85.5615,NO-DIM
14676,14676013,3071,-0.592698,-65.1838,NO-DIM
14676,14676013,3073,-0.125315,-25.0632,NO-DIM
14676,14676013,3074,-1.31734,-191.136,NO-DIM
14676,14676013,3077,-0.533692,-18.4762,NO-DIM
14676,14676013,3078,-0.16015,-13.7219,NO-DIM
14676,14676013,3079,-0.53314,-74.1276,NO-DIM
14676,14676013,3081,-0.865377,-59.3402,NO-DIM
14676,14676014,6681,-0.00108988,-0.369088,NO-DIM
14676,14676014,6682,-0.00567107,-0.0727144,NO-DIM
14676,14676014,6685,-0.00863535,-0.0459439,NO-DIM
14676,14676014,6686,-0.017437,-0.0237522,NO-DIM
14676,14676014,6687,-0.00721931,-0.0477171,NO-DIM
14676,14676014,6688,-0.00462088,-0.0666128,NO-DIM
14676,14676014,6689,-0.0253892,-0.015273,NO-DIM
14676,14676014,6690,-0.0333019,-0.0117185,NO-DIM
14676,14676014,6692,-0.0280705,-0.0135366,NO-DIM
14676,14676014,6693,-0.0300765,-0.0165783,NO-DIM
14676,14676014,6694,-0.0139728,-0.0287565,NO-DIM
14676,14676014,6695,-0.0109504,-0.0339034,NO-DIM
14676,14676014,6696,-0.0231833,-0.0245247,NO-DIM
14676,14676014,6698,-0.00040839,-1.05517,NO-DIM
14676,14676014,6700,-0.0122381,-0.0379578,NO-DIM
14676,14676014,9501,-3.69738,-109.34,NO-DIM
14676,14676014,9510,-4.17853,-171.719,NO-DIM
14676,14676014,9515,-6.74765,-646.835,NO-DIM
14676,14676014,9516,-6.31317,-849.233,NO-DIM
14676,14676014,9531,-0.229462,-40.6102,NO-DIM
14676,14676014,9536,-2.09625,-20.201,NO-DIM
14676,14676014,9538,-0.575526,-6.73293,NO-DIM
14676,14676014,9540,-2.00165,-43.2063,NO-DIM
14676,14676014,9543,-0.382324,-1.53989,NO-DIM
14676,14676014,9551,-2.19586,-353.123,NO-DIM
14676,14676014,9552,-2.41835,-257.287,NO-DIM
14676,14676014,9553,-0.401021,-34.0049,NO-DIM
14676,14676014,9555,-1.75735,-463.419,NO-DIM
14676,14676014,9558,-0.356746,-598.561,NO-DIM
14676,14676014,9562,-0.547003,-4.07379,NO-DIM
14676,14676014,9564,-0.34594,-38.2435,NO-DIM
14676,14676014,9565,-0.199221,-2.45615,NO-DIM
14676,14676014,9569,-0.948176,-27110,NO-DIM
14676,14676014,9571,-0.362091,-8.36907,NO-DIM
14676,14676014,9572,-0.0937531,-20.1659,NO-DIM
14676,14676014,9573,-0.0259079,-9.46392,NO-DIM
14676,14676014,9576,-0.101179,-11.9992,NO-DIM
14676,14676014,9580,-0.314478,-12.0479,NO-DIM
14676,14676014,9581,-0.0710969,-5.42159,NO-DIM
14676,14676014,9583,-1.17673,-50.2814,NO-DIM
14676,14676014,9585,-0.252597,-126.219,NO-DIM
14676,14676014,9586,-38.416,-47302000.0,NO-DIM
14676,14676014,9588,-2.02419,-126.901,NO-DIM
14676,14676014,9589,-0.279342,-3.77899,NO-DIM
14676,14676014,9592,-0.239761,-10.3632,NO-DIM
14676,14676014,9593,-0.802891,-148.457,NO-DIM
14676,14676014,9600,-0.110619,-4.46944,NO-DIM
14676,14676014,9601,-0.8042,-5.56483,NO-DIM
14676,14676014,9602,-0.658627,-15.9559,NO-DIM
14676,14676014,9605,-0.317893,-3.56359,NO-DIM
14676,14676014,9607,-0.318576,-14.1652,NO-DIM
14676,14676014,9608,-0.484729,-11.3351,NO-DIM
14676,14676014,9610,-0.0452026,-3.57415,NO-DIM
14676,14676014,9615,-5.91923,-43374.9,NO-DIM
14676,14676014,9617,-1.8807,-128.468,NO-DIM
14676,14676014,9619,-0.421441,-19.4032,NO-DIM
14676,14676014,9621,-0.782903,-15.1836,NO-DIM
14676,14676014,9622,-0.378518,-5.92335,NO-DIM
14676,14676014,9623,-0.539934,-1.78342,NO-DIM
14676,14676014,9625,-0.960759,-9.87268,NO-DIM
14676,14676014,9626,-1.70095,-30.344,NO-DIM
14676,14676014,9627,-0.105607,-177.849,NO-DIM
14676,14676014,9629,-1.28238,-48.1656,NO-DIM
14676,14676014,9634,-0.18243,-4.40839,NO-DIM
14676,14676014,9636,-2.31265,-166.166,NO-DIM
14676,14676014,9637,-0.278258,-26.0825,NO-DIM
14676,14676014,9638,-2.25959,-288.573,NO-DIM
14676,14676014,9639,-0.275314,-5.87137,NO-DIM
14676,14676014,9643,-0.258934,-6.67953,NO-DIM
14676,14676014,9644,-0.322623,-8.78394,NO-DIM
14676,14676014,9645,-0.24986,-2.11924,NO-DIM
14676,14676014,9646,-0.146178,-13.289,NO-DIM
14676,14676014,9648,-0.301297,-2.50867,NO-DIM
14676,14676014,9649,-1.18481,-17.4536,NO-DIM
14676,14676014,9652,-1.05892,-898.458,NO-DIM
14676,14676014,9656,-0.701636,-7.73304,NO-DIM
14676,14676014,9659,-0.177987,-11.1293,NO-DIM
14676,14676014,9666,-0.506122,-21324.5,NO-DIM
14676,14676014,9668,-0.754793,-13.2677,NO-DIM
14676,14676014,9669,-0.325639,-2.9754,NO-DIM
14676,14676014,9671,-0.803044,-28.9925,NO-DIM
14676,14676014,9673,-0.728789,-9.6557,NO-DIM
14676,14676014,9680,-1.02058,-27.1582,NO-DIM
14676,14676014,9683,-0.433068,-4.53966,NO-DIM
14676,14676014,9684,-3.60311,-168.78,NO-DIM
14676,14676014,9686,-0.442616,-14.5374,NO-DIM
14676,14676014,9693,-6.66106,-3956.63,NO-DIM
14676,14676014,9695,-7.53346,-2697.73,NO-DIM
14676,14676015,6076,-0.00534937,-0.0465065,NO-DIM
14676,14676015,6681,-0.00980194,-0.0305058,NO-DIM
14676,14676015,6682,-0.0226062,-0.0114939,NO-DIM
14676,14676015,6683,-0.0113862,-0.0203721,NO-DIM
14676,14676015,6684,-0.0289478,-0.00730617,NO-DIM
14676,14676015,6685,-0.0126103,-0.019772,NO-DIM
14676,14676015,6686,-0.0126315,-0.020212,NO-DIM
14676,14676015,6687,-0.0152313,-0.0172843,NO-DIM
14676,14676015,6688,-0.0197316,-0.0109149,NO-DIM
14676,14676015,6689,-0.0120526,-0.0203966,NO-DIM
14676,14676015,6690,-0.0208401,-0.0139468,NO-DIM
14676,14676015,6691,-0.0194675,-0.0164576,NO-DIM
14676,14676015,6692,-0.0172744,-0.0157472,NO-DIM
14676,14676015,6693,-0.0192536,-0.0144673,NO-DIM
14676,14676015,6694,-0.0329934,-0.00803302,NO-DIM
14676,14676015,6695,-0.00602109,-0.0411082,NO-DIM
14676,14676015,6696,-0.0332967,-0.00836567,NO-DIM
14676,14676015,6697,-0.0398748,-0.00674899,NO-DIM
14676,14676015,9506,-3.31936,-79.1172,NO-DIM
14676,14676015,9532,-0.00171843,-163.837,NO-DIM
14676,14676015,9538,-1.3264,-4.63848,NO-DIM
14676,14676015,9539,-1.09764,-10.2578,NO-DIM
14676,14676015,9551,-0.776312,-2.80031,NO-DIM
14676,14676015,9553,-33.3888,-103351.0,NO-DIM
14676,14676015,9555,-0.485526,-1.07222,NO-DIM
14676,14676015,9558,-4.27929,-1037.51,NO-DIM
14676,14676015,9565,-0.250067,-3.99218,NO-DIM
14676,14676015,9566,-4.6601,-432.582,NO-DIM
14676,14676015,9573,-0.181222,-89.1047,NO-DIM
14676,14676015,9574,-0.0636033,-7.59946,NO-DIM
14676,14676015,9577,-0.185866,-2.27664,NO-DIM
14676,14676015,9578,-2.02466,-61.643,NO-DIM
14676,14676015,9579,-0.304677,-4.37319,NO-DIM
14676,14676015,9580,-46.4658,-5274250.0,NO-DIM
14676,14676015,9581,-0.353915,-12.0321,NO-DIM
14676,14676015,9582,-0.292152,-3.50911,NO-DIM
14676,14676015,9585,-0.390479,-36.5479,NO-DIM
14676,14676015,9586,-0.343594,-39.5071,NO-DIM
14676,14676015,9587,-0.253411,-11.1383,NO-DIM
14676,14676015,9588,-1.92461,-131.279,NO-DIM
14676,14676015,9590,-0.592011,-31.4412,NO-DIM
14676,14676015,9592,-0.0298873,-1681.74,NO-DIM
14676,14676015,9593,-10.365,-1642320.0,NO-DIM
14676,14676015,9594,-0.213637,-13.1681,NO-DIM
14676,14676015,9598,-0.0285878,-199.129,NO-DIM
14676,14676015,9600,-1.40175,-102.916,NO-DIM
14676,14676015,9603,-0.354856,-4.14723,NO-DIM
14676,14676015,9610,-0.494188,-4.06535,NO-DIM
14676,14676015,9613,-0.302893,-25.4056,NO-DIM
14676,14676015,9615,-0.791115,-26.5816,NO-DIM
14676,14676015,9616,-0.401877,-7.0486,NO-DIM
14676,14676015,9617,-0.0636268,-62.3458,NO-DIM
14676,14676015,9619,-0.111018,-9.95085,NO-DIM
14676,14676015,9620,-0.219855,-6.96053,NO-DIM
14676,14676015,9624,-0.10733,-2.81945,NO-DIM
14676,14676015,9627,-0.209285,-38.3657,NO-DIM
14676,14676015,9628,-0.718296,-489.718,NO-DIM
14676,14676015,9629,-0.120513,-6.40238,NO-DIM
14676,14676015,9632,-0.357095,-10.6407,NO-DIM
14676,14676015,9633,-0.442435,-46.8401,NO-DIM
14676,14676015,9634,-0.481595,-7.54756,NO-DIM
14676,14676015,9637,-0.0575405,-6.39296,NO-DIM
14676,14676015,9640,-1.10102,-352.501,NO-DIM
14676,14676015,9642,-0.873576,-43.9777,NO-DIM
14676,14676015,9644,-0.539837,-8.73274,NO-DIM
14676,14676015,9646,-1.51382,-60.1557,NO-DIM
14676,14676015,9652,-0.973856,-81.9348,NO-DIM
14676,14676015,9654,-0.170283,-22.2767,NO-DIM
14676,14676015,9656,-0.254089,-7.40184,NO-DIM
14676,14676015,9657,-0.103012,-29.4637,NO-DIM
14676,14676015,9658,-1.47162,-445.28,NO-DIM
14676,14676015,9661,-0.596523,-4.25092,NO-DIM
14676,14676015,9663,-0.0134105,-23.1029,NO-DIM
14676,14676015,9666,-7.95589,-3238.32,NO-DIM
14676,14676015,9667,-0.368198,-400.37,NO-DIM
14676,14676015,9674,-0.0782329,-6.56469,NO-DIM
14676,14676015,9676,-0.514478,-4.49499,NO-DIM
14676,14676015,9686,-0.841611,-11.5786,NO-DIM
14676,14676015,9687,-5.43949,-1295.07,NO-DIM
14676,14676016,2457,-0.00133071,-0.0797479,NO-DIM
14676,14676016,3039,-0.063629,-89.6366,NO-DIM
14676,14676016,3040,-1.61958,-1341.49,NO-DIM
14676,14676016,3079,-1.58614,-585.695,NO-DIM
14676,14676017,3046,-1.11455,-156.545,NO-DIM
14676,14676017,3047,-0.0740135,-59.1152,NO-DIM
14676,14676017,3050,-0.297956,-51.7714,NO-DIM
14676,14676017,3051,-0.269802,-7.82463,NO-DIM
14676,14676017,3055,-0.262934,-108.408,NO-DIM
14676,14676017,3056,-0.16726,-50.0625,NO-DIM
14676,14676017,3058,-3.18899,-2320.62,NO-DIM
14676,14676017,3059,-0.267933,-16.7843,NO-DIM
14676,14676017,3061,-1.95037,-561.673,NO-DIM
14676,14676017,3065,-0.162538,-60.7532,NO-DIM
14676,14676017,3066,-1.07157,-11339.5,NO-DIM
14676,14676017,3067,-0.72127,-37.1209,NO-DIM
14676,14676017,3068,-0.319194,-142.74,NO-DIM
14676,14676017,3071,-3.32664,-4401.03,NO-DIM
14676,14676017,3072,-0.0679792,-1989.72,NO-DIM
14676,14676017,3073,-0.0579644,-356.348,NO-DIM
14676,14676017,3075,-0.658187,-67.1067,NO-DIM
14676,14676017,3076,-0.647362,-1201.04,NO-DIM
14676,14676017,3077,-1.98247,-277.344,NO-DIM
14676,14676017,3078,-0.821544,-98.7228,NO-DIM
14676,14676017,3079,-0.279788,-119.458,NO-DIM
14676,14676018,3045,-1.66194,-185.468,NO-DIM
14676,14676018,3049,-1.4858,-6564.16,NO-DIM
14676,14676018,3052,-0.266677,-436.679,NO-DIM
14676,14676018,3055,-0.322447,-20.4268,NO-DIM
14676,14676018,3056,-0.00944048,-383.171,NO-DIM
14676,14676018,3057,-0.610845,-107.332,NO-DIM
14676,14676018,3059,-0.224365,-3597.63,NO-DIM
14676,14676018,3064,-0.450434,-28.9587,NO-DIM
14676,14676018,3067,-0.945954,-96.1933,NO-DIM
14676,14676018,3068,-8.04645,-30566.5,NO-DIM
14676,14676018,3070,-0.0948058,-216.464,NO-DIM
14676,14676018,3071,-2.11386,-125.778,NO-DIM
14676,14676018,3072,-1.25418,-207.708,NO-DIM
14676,14676018,3077,-0.595319,-21.4771,NO-DIM
14676,14676018,3078,-0.00298051,-879.407,NO-DIM
14676,14676018,3079,-1.05059,-92.3585,NO-DIM
14676,14676018,3080,-0.163012,-27.2014,NO-DIM
14676,14676018,3081,-1.18152,-73.4719,NO-DIM
14676,14676019,6130,-0.00078308,-0.380271,NO-DIM
14676,14676019,7466,-0.782271,-29.747,NO-DIM
14676,14676019,7467,-1.08273,-270.73,NO-DIM
14676,14676019,7471,-0.0388436,-5.77501,NO-DIM
14676,14676019,7475,-1.60449,-69.9202,NO-DIM
14676,14676019,7480,-4.08638,-394.328,NO-DIM
14676,14676019,7481,-6.48322,-871.355,NO-DIM
14676,14676019,7492,-0.858815,-2.93119,NO-DIM
14676,14676019,7494,-0.0187982,-7.03099,NO-DIM
14676,14676019,7501,-0.0628576,-27.9017,NO-DIM
14676,14676019,7503,-0.129882,-11.177,NO-DIM
14676,14676019,7504,-0.0901636,-1.64611,NO-DIM
14676,14676019,7505,-0.684929,-19.6604,NO-DIM
14676,14676019,7507,-0.688033,-6.28559,NO-DIM
14676,14676019,7511,-0.0951428,-4.65959,NO-DIM
14676,14676019,7514,-0.119335,-21.139,NO-DIM
14676,14676019,7519,-0.365803,-5.22236,NO-DIM
14676,14676019,7522,-3.54975,-141.062,NO-DIM
14676,14676019,7527,-0.340876,-3.90242,NO-DIM
14676,14676019,7529,-0.677301,-38.4353,NO-DIM
14676,14676019,7531,-0.0307249,-3.81765,NO-DIM
14676,14676019,7535,-1.253,-58.9171,NO-DIM
14676,14676019,7536,-0.652845,-8.29531,NO-DIM
14676,14676019,7537,-0.175939,-10.7039,NO-DIM
14676,14676019,7541,-0.2787,-5.31195,NO-DIM
14676,14676019,7542,-0.646826,-6.35979,NO-DIM
14676,14676019,7543,-3.56426,-1664.92,NO-DIM
14676,14676019,7545,-0.376584,-10.6772,NO-DIM
14676,14676019,7548,-0.184477,-43.6619,NO-DIM
14676,14676019,7549,-0.558782,-26.2098,NO-DIM
14676,14676019,7557,-0.816137,-9.64482,NO-DIM
14676,14676019,7560,-0.434284,-14.2647,NO-DIM
14676,14676019,7566,-0.218414,-5.66754,NO-DIM
14676,14676019,7567,-0.764243,-16.4356,NO-DIM
14676,14676019,7568,-2.44665,-4308.06,NO-DIM
14676,14676019,7571,-0.18847,-4.85226,NO-DIM
14676,14676019,7574,-0.127571,-8.48492,NO-DIM
14676,14676019,7575,-0.0887901,-1.67338,NO-DIM
14676,14676019,7578,-0.93609,-24.136,NO-DIM
14676,14676019,7579,-0.864029,-88.2016,NO-DIM
14676,14676019,7584,-0.450472,-18.301,NO-DIM
14676,14676019,7585,-0.120153,-35.3937,NO-DIM
14676,14676019,7586,-0.326911,-12.9512,NO-DIM
14676,14676019,7587,-0.320482,-5.68519,NO-DIM
14676,14676019,7588,-0.319245,-1.66811,NO-DIM
14676,14676019,7589,-1.17836,-86.3636,NO-DIM
14676,14676019,7590,-0.40829,-7.29161,NO-DIM
14676,14676019,7591,-0.356823,-13.8823,NO-DIM
14676,14676019,7593,-0.294535,-22.9295,NO-DIM
14676,14676019,7597,-0.300688,-2.64922,NO-DIM
14676,14676019,7598,-0.49566,-452.116,NO-DIM
14676,14676019,7600,-0.108762,-2.55558,NO-DIM
14676,14676019,7602,-0.0563885,-83.5084,NO-DIM
14676,14676019,7609,-0.415147,-7.78129,NO-DIM
14676,14676019,7610,-0.15489,-2.64049,NO-DIM
14676,14676019,7611,-0.158621,-11.185,NO-DIM
14676,14676019,7613,-0.157938,-3.36824,NO-DIM
14676,14676019,7615,-0.11447,-4.08902,NO-DIM
14676,14676019,7616,-0.318029,-5.29602,NO-DIM
14676,14676019,7618,-0.159075,-1.4866,NO-DIM
14676,14676019,7619,-0.138256,-57.6984,NO-DIM
14676,14676019,7621,-0.289399,-6.90942,NO-DIM
14676,14676019,7622,-0.105768,-35.5996,NO-DIM
14676,14676019,7623,-0.033064,-15.5161,NO-DIM
14676,14676019,7625,-0.0453311,-30.891,NO-DIM
14676,14676019,7626,-33.8591,-1698730.0,NO-DIM
14676,14676019,7629,-0.177192,-6.65915,NO-DIM
14676,14676019,7631,-24.6507,-581646.0,NO-DIM
14676,14676019,7632,-0.215569,-30.2502,NO-DIM
14676,14676019,7633,-0.695223,-12.3695,NO-DIM
14676,14676019,7634,-0.0481686,-11.9607,NO-DIM
14676,14676019,7636,-0.252978,-26.7795,NO-DIM
14676,14676019,7637,-0.0540499,-5.77299,NO-DIM
14676,14676019,7640,-0.0389848,-23.2023,NO-DIM
14676,14676019,7642,-0.656142,-7.59465,NO-DIM
14676,14676019,7644,-0.0276315,-22.4179,NO-DIM
14676,14676019,7649,-2.80994,-132.616,NO-DIM
14676,14676019,7651,-1.04929,-19.3758,NO-DIM
14676,14676019,7658,-5.55441,-3303.52,NO-DIM
14676,14676019,7660,-6.1501,-2205.05,NO-DIM
14676,14676020,6127,-0.00344061,-0.089919,NO-DIM
14676,14676020,7471,-2.20152,-53.5992,NO-DIM
14676,14676020,7504,-0.221302,-8.6768,NO-DIM
14676,14676020,7510,-0.333019,-125.634,NO-DIM
14676,14676020,7513,-0.80959,-9.1551,NO-DIM
14676,14676020,7520,-0.24334,-1.25192,NO-DIM
14676,14676020,7521,-0.0441098,-4.43285,NO-DIM
14676,14676020,7530,-0.704714,-3.66523,NO-DIM
14676,14676020,7531,-6.7949,-627.527,NO-DIM
14676,14676020,7535,-0.394637,-25.3503,NO-DIM
14676,14676020,7536,-0.0511643,-18.6148,NO-DIM
14676,14676020,7538,-2.18885,-162.18,NO-DIM
14676,14676020,7541,-6.64359,-60741.8,NO-DIM
14676,14676020,7542,-0.285691,-1.74589,NO-DIM
14676,14676020,7543,-0.447162,-25.1726,NO-DIM
14676,14676020,7546,-0.0554784,-44.3148,NO-DIM
14676,14676020,7547,-0.357588,-3.19303,NO-DIM
14676,14676020,7548,-0.0163494,-11.3363,NO-DIM
14676,14676020,7550,-1.15508,-55.3819,NO-DIM
14676,14676020,7551,-0.637741,-40.8923,NO-DIM
14676,14676020,7552,-0.363666,-9.49866,NO-DIM
14676,14676020,7556,-1.41085,-29.6362,NO-DIM
14676,14676020,7557,-0.118775,-431.294,NO-DIM
14676,14676020,7561,-0.0554771,-28.8431,NO-DIM
14676,14676020,7562,-0.381639,-4.11954,NO-DIM
14676,14676020,7563,-0.744992,-29.054,NO-DIM
14676,14676020,7564,-0.0776059,-4.58682,NO-DIM
14676,14676020,7565,-1.57583,-113.234,NO-DIM
14676,14676020,7567,-0.138683,-26.5662,NO-DIM
14676,14676020,7570,-0.116032,-38.2438,NO-DIM
14676,14676020,7571,-1.27245,-21.5196,NO-DIM
14676,14676020,7576,-0.622581,-2.70475,NO-DIM
14676,14676020,7579,-0.582584,-25.839,NO-DIM
14676,14676020,7580,-0.340152,-22.7342,NO-DIM
14676,14676020,7581,-0.316669,-7.18846,NO-DIM
14676,14676020,7586,-0.122682,-23.2663,NO-DIM
14676,14676020,7589,-0.0502765,-5.4812,NO-DIM
14676,14676020,7592,-0.600714,-31.329,NO-DIM
14676,14676020,7593,-0.461537,-425.513,NO-DIM
14676,14676020,7595,-0.295956,-4.65535,NO-DIM
14676,14676020,7598,-1.08417,-66.6006,NO-DIM
14676,14676020,7599,-0.09096,-17.5406,NO-DIM
14676,14676020,7600,-9.87e-06,-50842.2,NO-DIM
14676,14676020,7601,-0.83134,-10.3878,NO-DIM
14676,14676020,7602,-0.0168501,-20.5079,NO-DIM
14676,14676020,7605,-1.73334,-509.301,NO-DIM
14676,14676020,7606,-0.0355062,-7.00135,NO-DIM
14676,14676020,7607,-0.793294,-41.1025,NO-DIM
14676,14676020,7608,-0.79689,-14.3843,NO-DIM
14676,14676020,7609,-0.515045,-8.48975,NO-DIM
14676,14676020,7610,-0.613481,-15.4301,NO-DIM
14676,14676020,7612,-0.32445,-107.857,NO-DIM
14676,14676020,7613,-1.44108,-100.651,NO-DIM
14676,14676020,7614,-0.798225,-22.1834,NO-DIM
14676,14676020,7620,-0.410403,-6.23731,NO-DIM
14676,14676020,7621,-0.268467,-6.95806,NO-DIM
14676,14676020,7624,-0.618212,-128.775,NO-DIM
14676,14676020,7625,-17.0011,-223437.0,NO-DIM
14676,14676020,7628,-0.0703804,-4.26795,NO-DIM
14676,14676020,7631,-1.18202,-542.793,NO-DIM
14676,14676020,7641,-0.464996,-4.35891,NO-DIM
14676,14676020,7651,-0.62095,-9.96789,NO-DIM
14676,14676020,7652,-5.2177,-1242.58,NO-DIM
14797,147970044,15,1,-1,MICRO-EV
14797,147970044,17,4,-1,MICRO-EV
14797,147970044,18,3,-1,MICRO-EV
14797,147970044,19,4,-1,MICRO-EV
14797,147970044,26,4,-1,MICRO-EV
20359,20359003,0,-0.25,-0.5,NO-DIM
20359,20359003,1,-0.43,-0.2,NO-DIM
20359,20359003,2,-0.44,-0.2,NO-DIM
20359,20359006,0,-0.07,-0.16,NO-DIM
20359,20359006,1,-0.22,-0.1,NO-DIM
20359,20359006,2,-0.27,-0.08,NO-DIM
20359,20359006,3,-0.52,-0.12,NO-DIM
20359,20359006,4,-0.66,-0.11,NO-DIM
20784,20784003,0,-0.008,-0.024,NO-DIM
20784,20784003,1,-0.06,-0.025,NO-DIM
20784,20784003,2,-0.141,-0.026,NO-DIM
20784,20784003,3,-0.184,-0.026,NO-DIM
20784,20784003,4,-0.134,-0.028,NO-DIM
20784,20784003,5,-0.08,-0.029,NO-DIM
21986,21986018,71,-0.001207,-0.0033638,B/SR/MEV
21986,21986018,76,-0.0003322,-0.00092251,B/SR/MEV
21986,21986018,153,-0.00038314,-0.0021839,B/SR/MEV
21986,21986018,155,-0.0008217,-0.0013469,B/SR/MEV
21986,21986018,157,-9.7295e-05,-0.00070755,B/SR/MEV
21986,21986018,158,-0.00012774,-0.00045013,B/SR/MEV
21986,21986018,159,-0.00044981,-0.00040611,B/SR/MEV
21986,21986018,230,-0.00020209,-0.0042793,B/SR/MEV
21986,21986018,231,-0.010493,-0.0036846,B/SR/MEV
21986,21986018,232,-0.0040281,-0.0027105,B/SR/MEV
21986,21986018,233,-0.0034034,-0.0019849,B/SR/MEV
21986,21986018,234,-0.00276,-0.0014439,B/SR/MEV
21986,21986018,235,-0.00019895,-0.00096179,B/SR/MEV
21986,21986018,236,-0.00083748,-0.0006627,B/SR/MEV
21986,21986061,52,-9.4647e-05,-0.00076349,B/SR/MEV
21986,21986061,54,-6.6154e-05,-0.00011787,B/SR/MEV
21986,21986061,55,-3.8399e-05,-0.0001175,B/SR/MEV
21986,21986061,73,-0.0031054,-0.003131,B/SR/MEV
21986,21986061,75,-0.0015179,-0.0018128,B/SR/MEV
21986,21986061,129,-0.000398,-0.0013173,B/SR/MEV
21986,21986061,156,-0.00010579,-0.0012323,B/SR/MEV
21986,21986061,158,-0.00015981,-0.0006518,B/SR/MEV
21986,21986061,210,-8.5082e-05,-0.00047297,B/SR/MEV
21986,21986061,229,-0.003375,-0.0050405,B/SR/MEV
21986,21986061,234,-2.9245e-05,-0.0021586,B/SR/MEV
21986,21986061,235,-0.0010741,-0.0016321,B/SR/MEV
21986,21986061,236,-1.1475e-05,-0.0007542,B/SR/MEV
21986,21986061,240,-0.0020701,-0.0028435,B/SR/MEV
21986,21986061,291,-0.00029269,-0.00023835,B/SR/MEV
21986,21986061,353,-0.00013438,-0.00018869,B/SR/MEV
21986,21986061,359,-7.5555e-07,-1.2313e-05,B/SR/MEV
21986,21986061,417,-0.00043285,-0.00045467,B/SR/MEV
21986,21986061,418,-3.2248e-05,-0.00015175,B/SR/MEV
21986,21986061,436,-1.853e-06,-3.6831e-05,B/SR/MEV
21986,21986061,633,-3.9036e-05,-0.00010564,B/SR/MEV
23445,23445003,8,-5.5192,-0.98227,B
23445,23445003,13,-5.9187,-1.0351,B
23445,23445003,22,-0.17043,-0.018587,B
23445,23445003,26,-4.0487,-0.74185,B
23445,23445003,27,-8.0541,-2.1717,B
23445,23445003,34,-2.0814,-0.2347,B
23445,23445003,76,-0.86458,-0.10253,B
23445,23445003,116,-1.0139,-0.14267,B
23445,23445003,117,-2.8947,-0.38567,B
23445,23445003,118,-0.77063,-0.096427,B
23445,23445003,192,-6.6003,-0.87238,B
23445,23445003,193,-16.164,-9.1761,B
23445,23445003,194,-28.955,-9.2922,B
23445,23445003,195,-23.159,-8.4325,B
23445,23445003,196,-4.3403,-0.47928,B
23445,23445003,203,-0.79058,-0.081707,B
23445,23445003,205,-1.9223,-0.21233,B
23445,23445003,206,-1.2407,-0.12493,B
23445,23445003,207,-1.6348,-0.16775,B
23445,23445003,271,-0.76134,-0.075318,B
30623,30623003,2,,-0.00407,NO-DIM
30623,30623003,3,,-0.00347,NO-DIM
32868,32868004,322,-0.532,-0.21,B
32868,32868004,377,-0.499,-0.07,B
32868,32868004,405,-0.164,-0.094,B
32868,32868004,416,-0.407,-0.149,B
32868,32868004,441,-0.716,-0.494,B
32868,32868004,445,-0.057,-0.008,B
32868,32868004,453,-0.132,-0.042,B
32868,32868004,456,-1.223,-0.94,B
A1040,A1040005,9,-0.158,-0.036,NO-DIM
C0683,C0683003,71,-0.02,-0.021,NO-DIM
C0683,C0683003,72,-0.044,-0.038,NO-DIM
C0683,C0683003,73,-0.112,-0.025,NO-DIM
C0683,C0683003,74,-0.149,-0.03,NO-DIM
C0683,C0683003,75,-0.076,-0.035,NO-DIM
C0768,C0768002,1,0.001,-0.003,NO-DIM
C0768,C0768002,2,0,-0.003,NO-DIM
C0768,C0768002,3,0.003,-0.002,NO-DIM
C0768,C0768002,4,0.004,-0.002,NO-DIM
C0882,C08820072,2,0.021,-0.159,NO-DIM
D0659,D0659004,57,,-0.026,PER-CENT
D0659,D0659004,59,,-0.54,PER-CENT
D0659,D0659004,60,,-0.29,PER-CENT
D0659,D0659004,64,,-0.026,PER-CENT
D0659,D0659004,66,,-0.58,PER-CENT
D0659,D0659004,67,,-0.31,PER-CENT
D0659,D0659004,71,,-0.054,PER-CENT
D0659,D0659004,73,,-0.35,PER-CENT
D0659,D0659004,75,,-0.31,PER-CENT
D0659,D0659004,78,,-0.058,PER-CENT
D0659,D0659004,80,,-0.52,PER-CENT
D0659,D0659004,81,,-0.99,PER-CENT
D0659,D0659004,82,,-0.96,PER-CENT
D0659,D0659004,85,,-0.063,PER-CENT
D0659,D0659004,87,,-0.143,PER-CENT
D0659,D0659004,88,,-0.328,PER-CENT
D0659,D0659004,90,,-0.643,PER-CENT
D0659,D0659004,92,,-0.09,PER-CENT
D0659,D0659004,94,,-0.095,PER-CENT
D0659,D0659004,95,,-0.437,PER-CENT
D0659,D0659004,96,,-1.63,PER-CENT
D0659,D0659004,97,,-0.548,PER-CENT
D0659,D0659004,99,,-0.116,PER-CENT
D0659,D0659004,101,,-0.211,PER-CENT
D0659,D0659004,102,,-0.304,PER-CENT
D0659,D0659004,104,,-0.684,PER-CENT
D0659,D0659004,106,,-0.106,PER-CENT
D0659,D0659004,108,,-0.216,PER-CENT
D0659,D0659004,109,,-2.539,PER-CENT
D0659,D0659004,110,,-0.854,PER-CENT
D0659,D0659004,113,,-0.133,PER-CENT
D0659,D0659004,115,,-0.26,PER-CENT
D0659,D0659004,116,,-1.978,PER-CENT
D0659,D0659004,117,,-0.802,PER-CENT
D0659,D0659004,120,,-0.159,PER-CENT
D0659,D0659004,122,,-0.908,PER-CENT
D0659,D0659004,123,,-0.554,PER-CENT
D0659,D0659004,127,,-0.072,PER-CENT
D0659,D0659004,129,,-0.152,PER-CENT
D0659,D0659004,134,,-0.125,PER-CENT
D0659,D0659004,136,,-0.646,PER-CENT
D0659,D0659004,137,,-0.361,PER-CENT
D0659,D0659004,139,,-0.591,PER-CENT
D0659,D0659004,141,,-0.23,PER-CENT
D0659,D0659004,143,,-5.016,PER-CENT
D0659,D0659004,144,,-0.426,PER-CENT
D0659,D0659004,145,,-0.002,PER-CENT
D0659,D0659004,146,,-0.692,PER-CENT
D0659,D0659004,148,,-0.377,PER-CENT
D0659,D0659004,150,,-0.004,PER-CENT
D0659,D0659004,151,,-0.471,PER-CENT
D0659,D0659004,152,,-2.82,PER-CENT
D0659,D0659004,153,,-1.021,PER-CENT
D0659,D0659004,155,,-0.23,PER-CENT
D0659,D0659004,165,,-0.721,PER-CENT
D0659,D0659004,166,,-4.266,PER-CENT
D0659,D0659004,167,,-9.347,PER-CENT
D0659,D0659004,172,,-2.729,PER-CENT
D0659,D0659004,173,,-6.136,PER-CENT
D0659,D0659004,179,,-0.918,PER-CENT
D0659,D0659004,180,,-4.718,PER-CENT
D0659,D0659004,181,,-3.296,PER-CENT
D0659,D0659004,186,,-1.537,PER-CENT
D0659,D0659004,194,,-2.422,PER-CENT
D0659,D0659004,197,,-0.08,PER-CENT
D0659,D0659004,200,,-0.901,PER-CENT
D0659,D0659004,201,,-1.422,PER-CENT
D0659,D0659004,202,,-3.944,PER-CENT
D0659,D0659004,207,,-0.283,PER-CENT
D0659,D0659004,209,,-0.285,PER-CENT
D0659,D0659004,211,,-0.053,PER-CENT
D0659,D0659004,214,,-0.295,PER-CENT
D0659,D0659004,215,,-0.543,PER-CENT
D0659,D0659004,216,,-0.468,PER-CENT
D0659,D0659004,218,,-0.078,PER-CENT
D0659,D0659004,219,,-2.626,PER-CENT
D0659,D0659004,221,,-0.288,PER-CENT
D0659,D0659004,222,,-1.391,PER-CENT
D0659,D0659004,223,,-0.443,PER-CENT
D0659,D0659004,225,,-0.178,PER-CENT
D0659,D0659004,226,,-0.393,PER-CENT
D0659,D0659004,228,,-0.189,PER-CENT
D0659,D0659004,230,,-0.297,PER-CENT
D0659,D0659004,232,,-0.138,PER-CENT
D0659,D0659004,235,,-0.372,PER-CENT
D0659,D0659004,237,,-0.677,PER-CENT
D6058,D6058003,3,-0.11,-0.04,NO-DIM
E0078,E0078003,28,7.17,-2.09,MB/SR2/MEV
E1440,E1440003,6,0.5975,-0.06065,MB/SR
E1440,E1440003,7,0.5968,-0.04259,MB/SR
E1440,E1440003,8,0.9059,-0.06912,MB/SR
E2125,E2125027,0,-0.297,-0.041,NO-DIM
E2125,E2125027,1,-0.47,-0.028,NO-DIM
E2125,E2125027,3,0.014,-0.067,NO-DIM
E2125,E2125027,4,-0.261,-0.064,NO-DIM
E2125,E2125027,5,-0.395,-0.023,NO-DIM
E2237,E2237016,40,6.652,-0.577,MB/SR/MEV
E2237,E2237016,64,7.661,-0.82,MB/SR/MEV
E2551,E2551004,0,,-0.0065578,MB/SR
E2551,E2551004,1,,-0.0079667,MB/SR
E2551,E2551004,2,,-0.004068,MB/SR
E2551,E2551004,3,,-0.0024562,MB/SR
E2551,E2551004,4,,-0.0027436,MB/SR
E2551,E2551004,5,,-0.0016854,MB/SR
E2551,E2551004,6,,-0.0013947,MB/SR
E2551,E2551004,7,,-0.0012455,MB/SR
E2551,E2551004,8,,-0.0012191,MB/SR
E2551,E2551004,9,,-0.0017784,MB/SR
E2551,E2551004,10,,-0.0019748,MB/SR
E2551,E2551004,11,,-0.0016406,MB/SR
E2551,E2551004,12,,-0.0009385,MB/SR
E2551,E2551004,13,,-0.0007248,MB/SR
E2551,E2551005,0,,-0.004986,MB/SR
E2551,E2551005,1,,-0.0063742,MB/SR
E2551,E2551005,2,,-0.0035176,MB/SR
E2551,E2551005,3,,-0.0023116,MB/SR
E2551,E2551005,4,,-0.00316,MB/SR
E2551,E2551005,5,,-0.0022536,MB/SR
E2551,E2551005,6,,-0.0019081,MB/SR
E2551,E2551005,7,,-0.0012645,MB/SR
E2551,E2551005,8,,-0.0013002,MB/SR
E2551,E2551005,9,,-0.0014094,MB/SR
E2551,E2551005,10,,-0.0013125,MB/SR
E2551,E2551005,11,,-0.0012791,MB/SR
E2551,E2551005,12,,-0.0009385,MB/SR
E2551,E2551005,13,,-0.0009195,MB/SR
F1422,F1422003,8,0.04,-0.03,NO-DIM
O2170,O2170193,133,1.7146e-06,-5.4785e-06,B/SR/MEVA
O2170,O2170193,134,1.2247e-06,-3.9132e-06,B/SR/MEVA
O2170,O2170193,135,2.4494e-07,-7.8264e-07,B/SR/MEVA
O2170,O2170193,136,6.4286e-07,-2.0541e-06,B/SR/MEVA
O2170,O2170193,137,9.7977e-07,-3.1306e-06,B/SR/MEVA
O2170,O2170193,138,8.878e-07,-2.8367e-06,B/SR/MEVA
O2170,O2170193,139,1.1938e-06,-3.8143e-06,B/SR/MEVA
O2170,O2170193,140,2.2937e-06,-7.3289e-06,B/SR/MEVA
O2170,O2170195,630,6.0774e-05,-0.003433,B/SR/MEVA
O2170,O2170195,631,5.5088e-05,-0.0031118,B/SR/MEVA
O2170,O2170195,632,3.9882e-05,-0.0022528,B/SR/MEVA
O2170,O2170195,633,2.5047e-05,-0.0014148,B/SR/MEVA
O2170,O2170195,634,1.8073e-06,-0.00010209,B/SR/MEVA
O2170,O2170195,635,1.2894e-06,-7.2834e-05,B/SR/MEVA
O2170,O2170195,636,2.2142e-06,-0.00012507,B/SR/MEVA
O2170,O2170195,637,1.0353e-06,-5.8483e-05,B/SR/MEVA
O2170,O2170195,638,1.1195e-06,-6.3237e-05,B/SR/MEVA
O2170,O2170195,639,5.7728e-08,-3.2609e-06,B/SR/MEVA
O2170,O2170195,640,1.5313e-05,-4.8962e-05,B/SR/MEVA
O2170,O2170195,641,4.7775e-07,-1.5276e-06,B/SR/MEVA
O2170,O2170195,642,6.1353e-07,-1.9617e-06,B/SR/MEVA
O2170,O2170195,643,7.5252e-07,-2.4061e-06,B/SR/MEVA
O2170,O2170195,644,5.7752e-07,-1.8466e-06,B/SR/MEVA
O2170,O2170195,645,1.5568e-05,-7.2538e-05,B/SR/MEVA
O2170,O2170195,646,8.9273e-06,-4.1597e-05,B/SR/MEVA
O2170,O2170195,647,7.3943e-07,-3.4454e-06,B/SR/MEVA
O2170,O2170195,648,3.6717e-06,-1.7109e-05,B/SR/MEVA
O2170,O2170195,649,4.0146e-06,-1.8706e-05,B/SR/MEVA
O2170,O2170195,650,4.7098e-07,-2.1946e-06,B/SR/MEVA
O2170,O2170195,651,2.0873e-06,-9.7259e-06,B/SR/MEVA
O2170,O2170195,652,1.2471e-06,-5.811e-06,B/SR/MEVA
O2170,O2170195,653,5.1788e-07,-2.4131e-06,B/SR/MEVA
O2170,O2170196,299,9.2955e-06,-0.00028071,B/SR/MEVA
O2170,O2170196,300,1.4906e-06,-4.5014e-05,B/SR/MEVA
O2170,O2170196,301,1.5281e-05,-0.00046145,B/SR/MEVA
O2170,O2170196,302,2.6228e-05,-0.00079202,B/SR/MEVA
O2170,O2170196,303,1.8868e-05,-0.00056978,B/SR/MEVA
O2170,O2170196,304,1.167e-05,-0.0003524,B/SR/MEVA
O2170,O2170196,305,2.6767e-06,-8.083e-05,B/SR/MEVA
O2170,O2170196,306,9.9931e-06,-0.00030177,B/SR/MEVA
O2170,O2170196,307,7.4449e-06,-0.00022482,B/SR/MEVA
O2170,O2170196,308,1.0322e-05,-0.00031171,B/SR/MEVA
O2170,O2170196,309,2.0443e-06,-6.1735e-05,B/SR/MEVA
O2170,O2170196,310,6.968e-07,-2.1042e-05,B/SR/MEVA
O2170,O2170196,311,1.7891e-07,-5.4028e-06,B/SR/MEVA
O2170,O2170196,312,8.4326e-07,-2.5465e-05,B/SR/MEVA
O2170,O2170196,313,5.9638e-08,-1.8009e-06,B/SR/MEVA
O2170,O2170196,314,1.9251e-07,-5.8133e-06,B/SR/MEVA
O2170,O2170196,334,1.5074e-05,-0.0002577,B/SR/MEVA
O2170,O2170196,335,1.7302e-05,-0.00029579,B/SR/MEVA
O2170,O2170196,336,5.0258e-05,-0.00085919,B/SR/MEVA
O2170,O2170196,337,2.6389e-05,-0.00045114,B/SR/MEVA
O2170,O2170196,338,3.4185e-05,-0.00058441,B/SR/MEVA
O2170,O2170196,339,7.2515e-06,-0.00012397,B/SR/MEVA
O2170,O2170196,340,1.6384e-05,-0.0002801,B/SR/MEVA
O2170,O2170196,341,1.8562e-06,-3.1733e-05,B/SR/MEVA
O2170,O2170196,342,1.2299e-06,-2.1026e-05,B/SR/MEVA
O2170,O2170196,343,1.7664e-06,-3.0197e-05,B/SR/MEVA
O2170,O2170196,344,1.3918e-06,-2.3794e-05,B/SR/MEVA
O2170,O2170196,345,1.9005e-06,-3.249e-05,B/SR/MEVA
O2170,O2170196,346,2.0609e-05,-0.00012626,B/SR/MEVA
O2170,O2170196,347,4.0516e-06,-2.4822e-05,B/SR/MEVA
O2170,O2170196,348,1.4648e-05,-8.9745e-05,B/SR/MEVA
O2170,O2170196,349,8.6446e-06,-5.2962e-05,B/SR/MEVA
O2170,O2170196,350,1.4139e-05,-8.6621e-05,B/SR/MEVA
O2170,O2170196,351,1.549e-05,-9.49e-05,B/SR/MEVA
O2170,O2170196,352,1.8448e-06,-1.1302e-05,B/SR/MEVA
O2170,O2170196,353,2.9962e-06,-1.8357e-05,B/SR/MEVA
O2170,O2170196,354,1.0565e-06,-6.4729e-06,B/SR/MEVA
O2170,O2170196,355,4.4159e-07,-2.7055e-06,B/SR/MEVA
O2170,O2170196,356,1.2716e-05,-3.3899e-05,B/SR/MEVA
O2170,O2170196,357,2.2876e-05,-6.0986e-05,B/SR/MEVA
O2170,O2170196,358,1.8608e-05,-4.9608e-05,B/SR/MEVA
O2170,O2170196,359,3.403e-06,-9.0722e-06,B/SR/MEVA
O2170,O2170196,360,7.1544e-06,-1.9073e-05,B/SR/MEVA
O2170,O2170196,361,2.2476e-06,-5.9918e-06,B/SR/MEVA
O2170,O2170196,362,3.1671e-06,-8.4434e-06,B/SR/MEVA
O2170,O2170196,363,5.5608e-07,-1.4825e-06,B/SR/MEVA
O2170,O2170196,364,1.1401e-05,-4.8877e-05,B/SR/MEVA
O2170,O2170196,365,9.5904e-06,-4.1116e-05,B/SR/MEVA
O2170,O2170196,366,8.8753e-06,-3.805e-05,B/SR/MEVA
O2170,O2170196,367,2.9997e-06,-1.286e-05,B/SR/MEVA
O2170,O2170196,368,4.2291e-06,-1.8131e-05,B/SR/MEVA
O2170,O2170196,369,5.2727e-07,-2.2605e-06,B/SR/MEVA
O2170,O2170196,370,2.2184e-07,-9.5108e-07,B/SR/MEVA
O2170,O2170196,371,2.2184e-07,-9.5108e-07,B/SR/MEVA
O2170,O2170196,372,2.6393e-06,-1.0269e-05,B/SR/MEVA
O2170,O2170196,373,3.5626e-06,-1.3861e-05,B/SR/MEVA
O2170,O2170196,374,8.9301e-07,-3.4745e-06,B/SR/MEVA
O2170,O2170196,375,4.5066e-06,-1.7534e-05,B/SR/MEVA
O2170,O2170196,376,6.375e-07,-2.4804e-06,B/SR/MEVA
O2170,O2170196,377,4.175e-07,-1.6244e-06,B/SR/MEVA
O2170,O2170196,378,1.0469e-06,-4.0732e-06,B/SR/MEVA
O2170,O2170196,379,3.7707e-06,-1.4671e-05,B/SR/MEVA
O2170,O2170196,380,2.1709e-07,-8.4467e-07,B/SR/MEVA
O2170,O2170196,381,2.2184e-07,-8.6314e-07,B/SR/MEVA
O2170,O2170196,382,2.2184e-07,-8.6314e-07,B/SR/MEVA
O2170,O2170196,383,5.6324e-07,-1.5956e-06,B/SR/MEVA
O2170,O2170196,384,7.5425e-06,-2.1367e-05,B/SR/MEVA
O2170,O2170196,385,4.3862e-07,-1.2426e-06,B/SR/MEVA
O2170,O2170196,386,9.0854e-07,-2.5738e-06,B/SR/MEVA
O2170,O2170196,387,3.4529e-07,-9.7817e-07,B/SR/MEVA
O2170,O2170196,388,1.9314e-07,-5.4716e-07,B/SR/MEVA
O2170,O2170196,389,6.4904e-07,-1.8387e-06,B/SR/MEVA
O2170,O2170196,390,5.0823e-07,-1.4398e-06,B/SR/MEVA
O2170,O2170196,391,2.1257e-07,-6.0219e-07,B/SR/MEVA
O2170,O2170196,392,2.1257e-07,-6.0219e-07,B/SR/MEVA
O2170,O2170196,393,1.2661e-05,-4.8532e-05,B/SR/MEVA
O2170,O2170196,394,3.9492e-07,-1.5137e-06,B/SR/MEVA
O2170,O2170196,395,3.4788e-06,-1.3335e-05,B/SR/MEVA
O2170,O2170196,396,3.2943e-06,-1.2627e-05,B/SR/MEVA
O2170,O2170196,397,7.6071e-08,-2.9159e-07,B/SR/MEVA
O2170,O2170196,398,7.208e-07,-2.7629e-06,B/SR/MEVA
O2170,O2170196,399,1.1546e-07,-4.4255e-07,B/SR/MEVA
O2170,O2170196,400,2.1257e-07,-8.148e-07,B/SR/MEVA
O2170,O2170196,401,4.2803e-06,-1.2926e-05,B/SR/MEVA
O2170,O2170196,402,3.0499e-06,-9.21e-06,B/SR/MEVA
O2170,O2170196,403,3.4432e-06,-1.0398e-05,B/SR/MEVA
O2170,O2170196,404,3.2537e-07,-9.8258e-07,B/SR/MEVA
O2170,O2170196,405,2.9302e-06,-8.1304e-06,B/SR/MEVA
O2170,O2170196,406,3.7804e-07,-1.0489e-06,B/SR/MEVA
O2170,O2170196,407,2.8901e-07,-8.0191e-07,B/SR/MEVA
O2170,O2170196,408,5.1402e-06,-1.4262e-05,B/SR/MEVA
O2170,O2170196,409,6.8847e-07,-1.9103e-06,B/SR/MEVA
O2170,O2170196,410,1.9115e-06,-5.3037e-06,B/SR/MEVA
O2170,O2170196,411,7.8362e-07,-2.1743e-06,B/SR/MEVA
O2170,O2170197,356,6.6405e-06,-0.00023126,B/SR/MEVA
O2170,O2170197,357,3.2092e-06,-0.00011176,B/SR/MEVA
O2170,O2170197,358,1.911e-05,-0.00066552,B/SR/MEVA
O2170,O2170197,359,5.345e-05,-0.0018614,B/SR/MEVA
O2170,O2170197,360,3.1674e-05,-0.0011031,B/SR/MEVA
O2170,O2170197,361,2.4379e-05,-0.00084901,B/SR/MEVA
O2170,O2170197,362,3.7003e-05,-0.0012886,B/SR/MEVA
O2170,O2170197,363,4.3864e-05,-0.0015276,B/SR/MEVA
O2170,O2170197,364,2.5099e-05,-0.00087408,B/SR/MEVA
O2170,O2170197,365,1.4127e-05,-0.00049199,B/SR/MEVA
O2170,O2170197,366,3.2562e-06,-0.0001134,B/SR/MEVA
O2170,O2170197,367,9.8167e-06,-0.00034188,B/SR/MEVA
O2170,O2170197,368,1.1218e-05,-0.00039067,B/SR/MEVA
O2170,O2170197,369,1.9478e-07,-6.7835e-06,B/SR/MEVA
O2170,O2170197,370,4.5109e-09,-1.5709e-07,B/SR/MEVA
O2170,O2170197,371,6.7895e-07,-2.3645e-05,B/SR/MEVA
O2170,O2170197,372,3.3883e-07,-1.18e-05,B/SR/MEVA
O2170,O2170197,373,7.8803e-07,-2.7444e-05,B/SR/MEVA
O2170,O2170197,374,3.5193e-05,-0.00036089,B/SR/MEVA
O2170,O2170197,375,1.27e-05,-0.00013023,B/SR/MEVA
O2170,O2170197,376,3.219e-06,-3.3009e-05,B/SR/MEVA
O2170,O2170197,377,3.9288e-05,-0.00040288,B/SR/MEVA
O2170,O2170197,378,2.8382e-05,-0.00029104,B/SR/MEVA
O2170,O2170197,379,8.4485e-06,-8.6635e-05,B/SR/MEVA
O2170,O2170197,380,7.1439e-06,-7.3257e-05,B/SR/MEVA
O2170,O2170197,381,4.5893e-06,-4.7061e-05,B/SR/MEVA
O2170,O2170197,382,3.1582e-06,-3.2386e-05,B/SR/MEVA
O2170,O2170197,383,1.2577e-06,-1.2897e-05,B/SR/MEVA
O2170,O2170197,384,2.275e-06,-2.3329e-05,B/SR/MEVA
O2170,O2170197,385,8.8318e-07,-9.0566e-06,B/SR/MEVA
O2170,O2170197,386,9.5024e-07,-9.7443e-06,B/SR/MEVA
O2170,O2170197,387,7.211e-06,-4.5019e-05,B/SR/MEVA
O2170,O2170197,388,1.1142e-07,-6.9559e-07,B/SR/MEVA
O2170,O2170197,389,8.0081e-06,-4.9995e-05,B/SR/MEVA
O2170,O2170197,390,3.0204e-05,-0.00018856,B/SR/MEVA
O2170,O2170197,391,1.7565e-05,-0.00010966,B/SR/MEVA
O2170,O2170197,392,3.248e-06,-2.0278e-05,B/SR/MEVA
O2170,O2170197,393,4.7348e-06,-2.9559e-05,B/SR/MEVA
O2170,O2170197,394,5.914e-06,-3.6922e-05,B/SR/MEVA
O2170,O2170197,395,9.2241e-07,-5.7586e-06,B/SR/MEVA
O2170,O2170197,396,2.1409e-06,-1.3366e-05,B/SR/MEVA
O2170,O2170197,397,7.4906e-07,-4.6764e-06,B/SR/MEVA
O2170,O2170197,398,2.3421e-06,-1.4622e-05,B/SR/MEVA
O2170,O2170197,399,3.8635e-06,-1.1514e-05,B/SR/MEVA
O2170,O2170197,400,7.3573e-06,-2.1925e-05,B/SR/MEVA
O2170,O2170197,401,2.4102e-05,-7.1826e-05,B/SR/MEVA
O2170,O2170197,402,6.7402e-07,-2.0086e-06,B/SR/MEVA
O2170,O2170197,403,1.1628e-05,-3.4652e-05,B/SR/MEVA
O2170,O2170197,404,4.9068e-06,-1.4622e-05,B/SR/MEVA
O2170,O2170197,405,1.5952e-06,-4.7538e-06,B/SR/MEVA
O2170,O2170197,406,6.0422e-07,-1.8006e-06,B/SR/MEVA
O2170,O2170197,407,5.5608e-07,-1.6571e-06,B/SR/MEVA
O2170,O2170197,408,5.2925e-06,-1.8882e-05,B/SR/MEVA
O2170,O2170197,409,6.3721e-06,-2.2734e-05,B/SR/MEVA
O2170,O2170197,410,2.2504e-08,-8.0285e-08,B/SR/MEVA
O2170,O2170197,411,1.5855e-06,-5.6565e-06,B/SR/MEVA
O2170,O2170197,412,5.1426e-07,-1.8347e-06,B/SR/MEVA
O2170,O2170197,413,8.0071e-08,-2.8567e-07,B/SR/MEVA
O2170,O2170197,414,2.1709e-07,-7.7452e-07,B/SR/MEVA
O2170,O2170197,415,2.0122e-05,-6.6164e-05,B/SR/MEVA
O2170,O2170197,416,4.8733e-06,-1.6024e-05,B/SR/MEVA
O2170,O2170197,417,1.0273e-06,-3.3779e-06,B/SR/MEVA
O2170,O2170197,418,1.3203e-06,-4.3415e-06,B/SR/MEVA
O2170,O2170197,419,3.3927e-07,-1.1156e-06,B/SR/MEVA
O2170,O2170197,420,3.0191e-07,-9.9275e-07,B/SR/MEVA
O2170,O2170197,421,4.3419e-07,-1.4277e-06,B/SR/MEVA
O2170,O2170197,422,1.038e-07,-3.4132e-07,B/SR/MEVA
O2170,O2170197,423,3.3039e-07,-1.0864e-06,B/SR/MEVA
O2170,O2170197,424,5.4123e-06,-2.5726e-05,B/SR/MEVA
O2170,O2170197,425,1.8557e-05,-8.8208e-05,B/SR/MEVA
O2170,O2170197,426,4.0733e-06,-1.9362e-05,B/SR/MEVA
O2170,O2170197,427,1.7912e-06,-8.514e-06,B/SR/MEVA
O2170,O2170197,428,3.3934e-07,-1.613e-06,B/SR/MEVA
O2170,O2170197,429,3.6146e-07,-1.7182e-06,B/SR/MEVA
O2170,O2170197,430,5.7188e-07,-2.7183e-06,B/SR/MEVA
O2170,O2170197,431,8.4488e-07,-4.016e-06,B/SR/MEVA
O2170,O2170197,432,9.2635e-07,-4.4032e-06,B/SR/MEVA
O2170,O2170197,433,2.0556e-07,-9.7707e-07,B/SR/MEVA
O2170,O2170197,434,2.0556e-07,-9.7707e-07,B/SR/MEVA
O2170,O2170197,435,3.0267e-07,-1.4387e-06,B/SR/MEVA
O2170,O2170197,436,2.1041e-06,-5.7281e-06,B/SR/MEVA
O2170,O2170197,437,1.2792e-06,-3.4824e-06,B/SR/MEVA
O2170,O2170197,438,2.9672e-08,-8.0778e-08,B/SR/MEVA
O2170,O2170197,439,7.7852e-07,-2.1194e-06,B/SR/MEVA
O2170,O2170197,440,4.505e-07,-1.2264e-06,B/SR/MEVA
O2170,O2170197,441,1.802e-07,-4.9057e-07,B/SR/MEVA
O2170,O2170197,442,1.0628e-06,-2.8935e-06,B/SR/MEVA
O2170,O2170197,443,2.1257e-07,-5.787e-07,B/SR/MEVA
O2170,O2170197,444,2.3325e-06,-5.1145e-06,B/SR/MEVA
O2170,O2170197,445,3.0082e-06,-6.5962e-06,B/SR/MEVA
O2170,O2170197,446,1.1165e-06,-2.4481e-06,B/SR/MEVA
O2170,O2170197,447,3.7142e-06,-8.1443e-06,B/SR/MEVA
O2170,O2170197,448,4.6798e-06,-1.0261e-05,B/SR/MEVA
O2170,O2170197,449,1.6918e-06,-3.7096e-06,B/SR/MEVA
O2170,O2170197,450,1.0546e-06,-2.3125e-06,B/SR/MEVA
O2170,O2170197,451,5.5033e-07,-1.2067e-06,B/SR/MEVA
O2170,O2170197,452,4.4465e-07,-9.75e-07,B/SR/MEVA
O2170,O2170197,453,6.5075e-07,-1.4269e-06,B/SR/MEVA
O2170,O2170197,454,4.5824e-07,-1.0048e-06,B/SR/MEVA
O2170,O2170197,455,4.5532e-06,-1.1394e-05,B/SR/MEVA
O2170,O2170197,456,3.2845e-06,-8.2195e-06,B/SR/MEVA
O2170,O2170197,457,8.3102e-07,-2.0796e-06,B/SR/MEVA
O2170,O2170197,458,2.3395e-06,-5.8545e-06,B/SR/MEVA
O2170,O2170197,459,2.9392e-08,-7.3555e-08,B/SR/MEVA
O2170,O2170197,460,5.8279e-07,-1.4584e-06,B/SR/MEVA
O2170,O2170197,461,9.6253e-07,-2.4087e-06,B/SR/MEVA
O2170,O2170197,462,4.5824e-07,-1.1468e-06,B/SR/MEVA
O2170,O2170198,274,2.274e-05,-0.00032027,B/SR/MEVA
O2170,O2170198,275,5.3689e-05,-0.00075615,B/SR/MEVA
O2170,O2170198,276,5.3448e-05,-0.00075275,B/SR/MEVA
O2170,O2170198,277,5.0936e-05,-0.00071738,B/SR/MEVA
O2170,O2170198,278,6.5097e-05,-0.00091681,B/SR/MEVA
O2170,O2170198,279,4.5976e-05,-0.00064752,B/SR/MEVA
O2170,O2170198,280,4.4446e-05,-0.00062598,B/SR/MEVA
O2170,O2170198,281,2.1235e-05,-0.00029906,B/SR/MEVA
O2170,O2170198,282,2.5973e-05,-0.0003658,B/SR/MEVA
O2170,O2170198,283,1.3863e-05,-0.00019524,B/SR/MEVA
O2170,O2170198,284,5.9109e-06,-8.3248e-05,B/SR/MEVA
O2170,O2170198,285,2.5956e-06,-3.6555e-05,B/SR/MEVA
O2170,O2170198,286,2.2266e-06,-3.1359e-05,B/SR/MEVA
O2170,O2170198,287,8.2924e-07,-1.1679e-05,B/SR/MEVA
O2170,O2170198,288,2.1257e-07,-2.9938e-06,B/SR/MEVA
O2170,O2170198,289,9.01e-08,-1.2689e-06,B/SR/MEVA
O2170,O2170198,290,8.9788e-06,-0.00021643,B/SR/MEVA
O2170,O2170198,291,3.6613e-05,-0.00088254,B/SR/MEVA
O2170,O2170198,292,3.2925e-05,-0.00079365,B/SR/MEVA
O2170,O2170198,293,6.7938e-05,-0.0016376,B/SR/MEVA
O2170,O2170198,294,6.7841e-05,-0.0016353,B/SR/MEVA
O2170,O2170198,295,4.3019e-05,-0.001037,B/SR/MEVA
O2170,O2170198,296,4.87e-05,-0.0011739,B/SR/MEVA
O2170,O2170198,297,5.1369e-05,-0.0012382,B/SR/MEVA
O2170,O2170198,298,3.0262e-05,-0.00072945,B/SR/MEVA
O2170,O2170198,299,2.0748e-05,-0.00050012,B/SR/MEVA
O2170,O2170198,300,1.171e-05,-0.00028226,B/SR/MEVA
O2170,O2170198,301,5.4749e-06,-0.00013197,B/SR/MEVA
O2170,O2170198,302,2.246e-06,-5.4139e-05,B/SR/MEVA
O2170,O2170198,303,1.9369e-06,-4.6688e-05,B/SR/MEVA
O2170,O2170198,304,2.077e-07,-5.0067e-06,B/SR/MEVA
O2170,O2170198,305,5.3412e-06,-0.00012875,B/SR/MEVA
O2170,O2170198,306,4.3647e-07,-1.0521e-05,B/SR/MEVA
O2170,O2170198,307,2.703e-07,-6.5155e-06,B/SR/MEVA
O2170,O2170198,308,2.1257e-07,-5.124e-06,B/SR/MEVA
O2170,O2170198,309,3.5039e-06,-9.9363e-06,B/SR/MEVA
O2170,O2170198,310,7.7234e-06,-2.1902e-05,B/SR/MEVA
O2170,O2170198,311,2.998e-05,-8.5018e-05,B/SR/MEVA
O2170,O2170198,312,9.276e-06,-2.6305e-05,B/SR/MEVA
O2170,O2170198,313,3.9852e-06,-1.1301e-05,B/SR/MEVA
O2170,O2170198,314,9.4588e-07,-2.6823e-06,B/SR/MEVA
O2170,O2170198,315,3.2537e-07,-9.2271e-07,B/SR/MEVA
O2170,O2170198,316,5.1992e-06,-1.9777e-05,B/SR/MEVA
O2170,O2170198,317,5.4392e-06,-2.0689e-05,B/SR/MEVA
O2170,O2170198,318,1.3855e-05,-5.2699e-05,B/SR/MEVA
O2170,O2170198,319,1.3713e-05,-5.2161e-05,B/SR/MEVA
O2170,O2170198,320,5.2374e-06,-1.9922e-05,B/SR/MEVA
O2170,O2170198,321,4.6423e-07,-1.7658e-06,B/SR/MEVA
O2170,O2170198,322,1.1572e-05,-4.4018e-05,B/SR/MEVA
O2170,O2170198,323,1.2279e-05,-4.6708e-05,B/SR/MEVA
O2170,O2170198,324,8.7098e-07,-3.313e-06,B/SR/MEVA
O2170,O2170198,325,3.0501e-06,-1.1602e-05,B/SR/MEVA
O2170,O2170198,326,1.6909e-06,-6.4319e-06,B/SR/MEVA
O2170,O2170198,327,4.5325e-06,-1.4363e-05,B/SR/MEVA
O2170,O2170198,328,2.1265e-07,-6.7387e-07,B/SR/MEVA
O2170,O2170198,329,1.833e-05,-5.8088e-05,B/SR/MEVA
O2170,O2170198,330,2.8292e-06,-8.9656e-06,B/SR/MEVA
O2170,O2170198,331,3.1974e-06,-1.0132e-05,B/SR/MEVA
O2170,O2170198,332,8.8318e-07,-2.7987e-06,B/SR/MEVA
O2170,O2170198,333,4.4159e-07,-1.3994e-06,B/SR/MEVA
O2170,O2170198,334,4.0443e-05,-8.4584e-05,B/SR/MEVA
O2170,O2170198,335,5.4877e-06,-1.1477e-05,B/SR/MEVA
O2170,O2170198,336,2.3889e-06,-4.9963e-06,B/SR/MEVA
O2170,O2170198,337,2.2307e-06,-4.6654e-06,B/SR/MEVA
O2170,O2170198,338,3.1886e-07,-6.6687e-07,B/SR/MEVA
O2170,O2170198,339,1.6044e-06,-3.3555e-06,B/SR/MEVA
O2170,O2170198,340,7.1325e-06,-1.4917e-05,B/SR/MEVA
O2170,O2170198,341,8.8318e-07,-1.8471e-06,B/SR/MEVA
O2170,O2170198,342,4.4159e-07,-9.2356e-07,B/SR/MEVA
O2170,O2170198,343,4.052e-07,-6.9846e-07,B/SR/MEVA
O2170,O2170198,344,8.1951e-06,-1.4126e-05,B/SR/MEVA
O2170,O2170198,345,4.2312e-06,-7.2934e-06,B/SR/MEVA
O2170,O2170198,346,1.6682e-06,-2.8756e-06,B/SR/MEVA
O2170,O2170198,347,4.909e-06,-8.3822e-06,B/SR/MEVA
O2170,O2170198,348,4.0404e-06,-6.899e-06,B/SR/MEVA
O2170,O2170198,349,2.1739e-06,-3.7119e-06,B/SR/MEVA
O2170,O2170198,350,1.7925e-06,-3.0607e-06,B/SR/MEVA
O2170,O2170198,351,1.0855e-07,-1.8534e-07,B/SR/MEVA
O2170,O2170198,352,1.0855e-07,-1.8534e-07,B/SR/MEVA
O2170,O2170198,353,4.711e-06,-6.7298e-06,B/SR/MEVA
O2170,O2170198,354,4.4237e-06,-6.3194e-06,B/SR/MEVA
O2170,O2170198,355,6.0252e-06,-8.6073e-06,B/SR/MEVA
O2170,O2170198,356,6.9339e-07,-9.9053e-07,B/SR/MEVA
O2170,O2170198,357,1.8548e-06,-2.6497e-06,B/SR/MEVA
O2170,O2170198,358,8.5889e-07,-1.227e-06,B/SR/MEVA
O2170,O2170198,359,1.6044e-06,-2.4814e-06,B/SR/MEVA
O2170,O2170198,360,3.4793e-06,-5.381e-06,B/SR/MEVA
O2170,O2170198,361,6.6626e-07,-1.0304e-06,B/SR/MEVA
O2170,O2170198,362,1.2198e-06,-1.8866e-06,B/SR/MEVA
O2170,O2170198,363,2.0286e-07,-3.1374e-07,B/SR/MEVA
O2170,O2170198,364,4.505e-07,-6.9674e-07,B/SR/MEVA
O2170,O2170198,365,3.0267e-07,-4.6811e-07,B/SR/MEVA
O2170,O2170198,366,9.5246e-06,-1.8285e-05,B/SR/MEVA
O2170,O2170198,367,6.1926e-06,-1.1888e-05,B/SR/MEVA
O2170,O2170198,368,1.6461e-06,-3.16e-06,B/SR/MEVA
O2170,O2170198,369,1.0531e-06,-2.0218e-06,B/SR/MEVA
O2170,O2170198,370,4.4348e-07,-8.5138e-07,B/SR/MEVA
O2170,O2170198,371,9.01e-08,-1.7297e-07,B/SR/MEVA
O2170,O2170198,372,1.7595e-05,-2.0875e-05,B/SR/MEVA
O2170,O2170198,373,3.5608e-06,-4.2246e-06,B/SR/MEVA
O2170,O2170198,374,2.4158e-06,-2.8661e-06,B/SR/MEVA
O2170,O2170198,375,4.907e-07,-5.8217e-07,B/SR/MEVA
O2170,O2170198,376,1.8194e-06,-2.1586e-06,B/SR/MEVA
O2170,O2170198,377,6.968e-07,-8.267e-07,B/SR/MEVA
O2170,O2170198,378,7.8362e-07,-9.297e-07,B/SR/MEVA
O2170,O2170198,379,2.394e-06,-3.0658e-06,B/SR/MEVA
O2170,O2170198,380,1.0266e-06,-1.3147e-06,B/SR/MEVA
O2170,O2170198,381,9.1343e-07,-1.1698e-06,B/SR/MEVA
O2170,O2170198,382,2.489e-06,-3.1875e-06,B/SR/MEVA
O2170,O2170198,383,6.832e-07,-8.7493e-07,B/SR/MEVA
O2170,O2170198,384,6.968e-07,-8.9234e-07,B/SR/MEVA
O2170,O2170198,385,5.9638e-08,-7.6374e-08,B/SR/MEVA
O2170,O2170198,386,4.5824e-07,-5.8684e-07,B/SR/MEVA
O2170,O2170199,94,9.6139e-07,-7.1019e-06,B/SR/MEVA
O2170,O2170199,95,2.8126e-06,-2.0777e-05,B/SR/MEVA
O2170,O2170199,96,4.2332e-06,-3.1271e-05,B/SR/MEVA
O2170,O2170199,97,2.2487e-06,-1.6611e-05,B/SR/MEVA
O2170,O2170199,98,1.0431e-06,-7.7057e-06,B/SR/MEVA
O2170,O2170199,99,3.9718e-07,-2.934e-06,B/SR/MEVA
O2170,O2170199,100,5.543e-07,-4.0946e-06,B/SR/MEVA
O2170,O2170199,101,6.808e-07,-5.0292e-06,B/SR/MEVA
O2170,O2170199,116,9.95e-06,-0.00011028,B/SR/MEVA
O2170,O2170199,117,2.0621e-07,-2.2854e-06,B/SR/MEVA
O2170,O2170199,118,1.8466e-06,-2.0466e-05,B/SR/MEVA
O2170,O2170199,119,3.902e-07,-4.3247e-06,B/SR/MEVA
O2170,O2170199,120,8.4881e-07,-9.4076e-06,B/SR/MEVA
O2170,O2170199,121,1.4186e-06,-1.5723e-05,B/SR/MEVA
O2170,O2170199,122,9.283e-08,-1.0289e-06,B/SR/MEVA
O2170,O2170199,123,2.5509e-06,-1.4667e-05,B/SR/MEVA
O2170,O2170199,124,2.6404e-06,-1.5181e-05,B/SR/MEVA
O2170,O2170199,125,5.4975e-07,-3.1609e-06,B/SR/MEVA
O2170,O2170199,126,7.8933e-07,-6.0519e-06,B/SR/MEVA
O2170,O2170199,127,4.8293e-06,-3.7027e-05,B/SR/MEVA
O2170,O2170199,128,6.6735e-06,-5.1167e-05,B/SR/MEVA
O2170,O2170199,129,8.0421e-07,-6.166e-06,B/SR/MEVA
O2170,O2170199,130,7.5135e-07,-5.7606e-06,B/SR/MEVA
O2170,O2170199,131,3.9668e-07,-3.0414e-06,B/SR/MEVA
O2170,O2170199,132,4.7213e-07,-3.6199e-06,B/SR/MEVA
O2170,O2170199,133,6.2631e-07,-3.2462e-06,B/SR/MEVA
O2170,O2170199,134,3.7642e-06,-1.951e-05,B/SR/MEVA
O2170,O2170199,135,4.8538e-07,-2.5157e-06,B/SR/MEVA
O2170,O2170199,136,2.2462e-06,-8.8048e-06,B/SR/MEVA
O2170,O2170199,137,1.5435e-06,-6.0505e-06,B/SR/MEVA
O2170,O2170199,138,5.6669e-06,-2.2214e-05,B/SR/MEVA
O2170,O2170199,139,3.5707e-06,-1.3997e-05,B/SR/MEVA
O2170,O2170199,140,9.7904e-07,-3.8377e-06,B/SR/MEVA
O2170,O2170199,141,4.5497e-07,-1.7835e-06,B/SR/MEVA
O2170,O2170199,142,5.5979e-06,-1.0009e-05,B/SR/MEVA
O2170,O2170199,143,1.9924e-06,-2.3751e-06,B/SR/MEVA
O2170,O2170199,144,1.3203e-06,-1.5739e-06,B/SR/MEVA
O2170,O2170199,145,1.1459e-06,-1.366e-06,B/SR/MEVA
O2170,O2170199,146,2.274e-06,-5.8904e-05,B/SR/MEVA
O2170,O2170199,147,5.2432e-07,-1.3582e-05,B/SR/MEVA
O2170,O2170199,148,4.8583e-07,-1.2585e-05,B/SR/MEVA
O2170,O2170199,149,7.3885e-07,-1.9139e-05,B/SR/MEVA
O2170,O2170199,150,5.6407e-07,-1.4612e-05,B/SR/MEVA
O2170,O2170199,151,1.0114e-06,-2.62e-05,B/SR/MEVA
O2170,O2170199,152,4.5224e-07,-1.1715e-05,B/SR/MEVA
O2170,O2170199,153,1.1184e-07,-2.897e-06,B/SR/MEVA
O2170,O2170199,154,4.2716e-07,-5.9516e-07,B/SR/MEVA
O2170,O2170199,155,6.7102e-07,-9.3494e-07,B/SR/MEVA
O2170,O2170199,156,5.6896e-07,-7.9275e-07,B/SR/MEVA
O2170,O2170199,157,2.2367e-07,-3.1165e-07,B/SR/MEVA
O2170,O2170199,158,8.4487e-08,-3.132e-07,B/SR/MEVA
O2170,O2170199,159,2.3513e-07,-8.7163e-07,B/SR/MEVA
O2170,O2170199,160,5.8311e-07,-2.1616e-06,B/SR/MEVA
O2170,O2170199,166,1.0888e-07,-1.8423e-07,B/SR/MEVA
O2170,O2170200,108,1.4016e-06,-9.9488e-06,B/SR/MEVA
O2170,O2170200,109,3.9617e-06,-2.8121e-05,B/SR/MEVA
O2170,O2170200,110,1.767e-06,-1.2543e-05,B/SR/MEVA
O2170,O2170200,111,2.731e-07,-1.9385e-06,B/SR/MEVA
O2170,O2170200,125,1.5764e-06,-7.7319e-06,B/SR/MEVA
O2170,O2170200,126,1.5408e-06,-7.5573e-06,B/SR/MEVA
O2170,O2170200,127,2.4823e-06,-1.2175e-05,B/SR/MEVA
O2170,O2170200,128,5.4033e-06,-2.6501e-05,B/SR/MEVA
O2170,O2170200,129,1.3892e-06,-6.8138e-06,B/SR/MEVA
O2170,O2170200,130,9.1124e-07,-4.4693e-06,B/SR/MEVA
O2170,O2170200,131,5.0121e-07,-2.4583e-06,B/SR/MEVA
O2170,O2170200,132,5.7403e-07,-2.058e-06,B/SR/MEVA
O2170,O2170200,133,3.1622e-06,-1.1337e-05,B/SR/MEVA
O2170,O2170200,134,1.8252e-06,-6.5436e-06,B/SR/MEVA
O2170,O2170200,135,4.505e-07,-1.6151e-06,B/SR/MEVA
O2170,O2170200,136,9.01e-08,-3.2302e-07,B/SR/MEVA
O2170,O2170200,137,9.01e-08,-3.2302e-07,B/SR/MEVA
O2170,O2170200,138,2.9061e-06,-6.3877e-06,B/SR/MEVA
O2170,O2170200,139,3.5857e-06,-7.8816e-06,B/SR/MEVA
O2170,O2170200,140,1.8834e-06,-4.1398e-06,B/SR/MEVA
O2170,O2170200,141,1.1622e-07,-2.5544e-07,B/SR/MEVA
O2170,O2170200,142,2.9819e-07,-6.5543e-07,B/SR/MEVA
O2170,O2170200,143,4.6045e-08,-1.0121e-07,B/SR/MEVA
O2170,O2170200,144,2.8034e-06,-8.5554e-06,B/SR/MEVA
O2170,O2170200,145,8.312e-07,-2.5366e-06,B/SR/MEVA
O2170,O2170200,146,1.355e-07,-4.1351e-07,B/SR/MEVA
O2170,O2170200,147,1.611e-08,-4.9165e-08,B/SR/MEVA
O2170,O2170200,148,3.3844e-06,-1.0328e-05,B/SR/MEVA
O2170,O2170200,149,1.5818e-06,-4.8274e-06,B/SR/MEVA
O2170,O2170200,150,1.1745e-07,-3.5844e-07,B/SR/MEVA
O2170,O2170200,151,2.3206e-06,-1.1548e-05,B/SR/MEVA
O2170,O2170200,152,1.9613e-07,-9.7605e-07,B/SR/MEVA
O2170,O2170200,153,1.1722e-05,-5.8334e-05,B/SR/MEVA
O2170,O2170200,154,9.2241e-07,-4.5904e-06,B/SR/MEVA
O2170,O2170200,155,2.89e-06,-1.4382e-05,B/SR/MEVA
O2170,O2170200,156,1.7335e-07,-8.6268e-07,B/SR/MEVA
O2170,O2170200,157,3.7453e-07,-1.8639e-06,B/SR/MEVA
O2170,O2170200,158,9.5024e-07,-4.729e-06,B/SR/MEVA
O2170,O2170200,159,3.8908e-06,-5.9487e-06,B/SR/MEVA
O2170,O2170200,160,1.8334e-06,-2.8031e-06,B/SR/MEVA
O2170,O2170200,161,1.6993e-06,-2.5981e-06,B/SR/MEVA
O2170,O2170200,162,1.3918e-06,-2.128e-06,B/SR/MEVA
O2170,O2170200,163,9.5024e-07,-1.4528e-06,B/SR/MEVA
O2170,O2170200,164,1.8127e-06,-2.5412e-06,B/SR/MEVA
O2170,O2170200,165,2.8767e-06,-4.0329e-06,B/SR/MEVA
O2170,O2170200,166,1.2361e-06,-1.3723e-06,B/SR/MEVA
O2170,O2170200,167,8.6838e-07,-7.1135e-07,B/SR/MEVA
O2170,O2170200,168,3.2564e-07,-2.6676e-07,B/SR/MEVA
O2170,O2170200,169,4.3894e-07,-3.5957e-07,B/SR/MEVA
O2170,O2170200,170,1.9153e-07,-2.358e-07,B/SR/MEVA
O2170,O2170200,171,8.0388e-07,-1.3522e-06,B/SR/MEVA
O2170,O2170200,172,8.9398e-07,-1.5037e-06,B/SR/MEVA
O2170,O2170200,173,1.4783e-07,-2.4865e-07,B/SR/MEVA
O2170,O2170200,174,1.802e-07,-3.031e-07,B/SR/MEVA
O2170,O2170200,175,2.9819e-07,-2.4851e-07,B/SR/MEVA
O2170,O2170200,176,1.9251e-07,-1.6043e-07,B/SR/MEVA
O2170,O2170200,177,4.5824e-07,-3.819e-07,B/SR/MEVA
O2170,O2170200,178,2.3289e-06,-1.895e-06,B/SR/MEVA
O2170,O2170200,179,3.1178e-07,-2.5369e-07,B/SR/MEVA
O2170,O2170200,180,5.9638e-08,-4.8525e-08,B/SR/MEVA
O2170,O2170200,181,3.2537e-07,-2.6475e-07,B/SR/MEVA
O2170,O2170201,93,2.4522e-06,-1.615e-05,B/SR/MEVA
O2170,O2170201,94,2.7109e-06,-1.7854e-05,B/SR/MEVA
O2170,O2170201,95,3.3818e-06,-2.2272e-05,B/SR/MEVA
O2170,O2170201,96,1.9131e-06,-1.2599e-05,B/SR/MEVA
O2170,O2170201,97,5.9839e-06,-3.9409e-05,B/SR/MEVA
O2170,O2170201,98,2.9024e-06,-1.9115e-05,B/SR/MEVA
O2170,O2170201,99,1.9831e-06,-1.306e-05,B/SR/MEVA
O2170,O2170201,100,4.4757e-06,-2.9476e-05,B/SR/MEVA
O2170,O2170201,101,6.6627e-06,-4.3879e-05,B/SR/MEVA
O2170,O2170201,102,2.0805e-07,-1.3702e-06,B/SR/MEVA
O2170,O2170201,103,1.4054e-07,-9.2559e-07,B/SR/MEVA
O2170,O2170201,104,4.1521e-07,-2.7345e-06,B/SR/MEVA
O2170,O2170201,105,1.7049e-06,-1.7662e-05,B/SR/MEVA
O2170,O2170201,106,3.1398e-07,-3.2527e-06,B/SR/MEVA
O2170,O2170201,107,3.3943e-06,-3.5164e-05,B/SR/MEVA
O2170,O2170201,108,2.4174e-06,-2.5043e-05,B/SR/MEVA
O2170,O2170201,109,2.9371e-06,-3.0427e-05,B/SR/MEVA
O2170,O2170201,110,6.966e-06,-7.2165e-05,B/SR/MEVA
O2170,O2170201,111,4.6057e-06,-4.7713e-05,B/SR/MEVA
O2170,O2170201,112,3.8281e-06,-3.9657e-05,B/SR/MEVA
O2170,O2170201,113,1.0178e-06,-1.0544e-05,B/SR/MEVA
O2170,O2170201,114,5.5223e-07,-5.7209e-06,B/SR/MEVA
O2170,O2170201,115,2.2184e-07,-2.2982e-06,B/SR/MEVA
O2170,O2170201,116,2.2184e-07,-2.2982e-06,B/SR/MEVA
O2170,O2170201,117,2.3143e-07,-5.4048e-07,B/SR/MEVA
O2170,O2170201,118,2.2325e-06,-5.2139e-06,B/SR/MEVA
O2170,O2170201,119,4.397e-07,-1.0269e-06,B/SR/MEVA
O2170,O2170201,120,3.6369e-06,-8.2755e-06,B/SR/MEVA
O2170,O2170201,121,5.5516e-07,-1.2632e-06,B/SR/MEVA
O2170,O2170201,122,5.2657e-07,-1.1982e-06,B/SR/MEVA
O2170,O2170201,123,8.5028e-07,-1.9348e-06,B/SR/MEVA
O2170,O2170201,124,8.5735e-07,-1.4819e-06,B/SR/MEVA
O2170,O2170201,125,2.692e-06,-4.653e-06,B/SR/MEVA
O2170,O2170201,126,1.7054e-06,-2.9477e-06,B/SR/MEVA
O2170,O2170201,127,3.2537e-07,-5.6239e-07,B/SR/MEVA
O2170,O2170201,128,3.2537e-07,-5.6239e-07,B/SR/MEVA
O2170,O2170201,129,1.0513e-06,-3.4729e-06,B/SR/MEVA
O2170,O2170201,130,5.0824e-06,-1.679e-05,B/SR/MEVA
O2170,O2170201,131,5.7954e-07,-1.9145e-06,B/SR/MEVA
O2170,O2170201,132,1.8077e-06,-5.9719e-06,B/SR/MEVA
O2170,O2170201,133,1.1423e-07,-3.7737e-07,B/SR/MEVA
O2170,O2170201,144,3.0747e-07,-4.404e-07,B/SR/MEVA
O2170,O2170201,145,4.4159e-07,-6.3251e-07,B/SR/MEVA
O2170,O2170201,146,9.5024e-07,-1.3611e-06,B/SR/MEVA
O2170,O2170201,147,2.8767e-06,-1.1459e-05,B/SR/MEVA
O2170,O2170201,148,4.4486e-06,-1.7721e-05,B/SR/MEVA
O2170,O2170201,149,4.8144e-08,-1.9178e-07,B/SR/MEVA
O2170,O2170201,150,3.119e-06,-1.2425e-05,B/SR/MEVA
O2170,O2170201,151,5.5608e-07,-2.2151e-06,B/SR/MEVA
O2170,O2170201,152,1.9811e-07,-1.4815e-07,B/SR/MEVA
O2170,O2170201,153,3.2564e-07,-2.4352e-07,B/SR/MEVA
O2170,O2170201,154,2.3485e-07,-3.1136e-07,B/SR/MEVA
O2170,O2170201,155,1.0855e-07,-1.4391e-07,B/SR/MEVA
O2170,O2170201,156,2.2184e-07,-2.9411e-07,B/SR/MEVA
O2170,O2170201,157,3.6686e-08,-3.4111e-08,B/SR/MEVA
O2170,O2170201,158,9.01e-08,-8.3775e-08,B/SR/MEVA
O2170,O2170201,159,1.7556e-06,-3.5648e-06,B/SR/MEVA
O2170,O2170201,160,5.9131e-07,-1.2007e-06,B/SR/MEVA
O2170,O2170201,161,3.2803e-07,-6.6606e-07,B/SR/MEVA
O2170,O2170201,162,2.1257e-07,-4.3163e-07,B/SR/MEVA
O2170,O2170201,163,1.1844e-06,-2.1579e-06,B/SR/MEVA
O2170,O2170201,164,1.1875e-06,-2.1635e-06,B/SR/MEVA
O2170,O2170201,165,3.2537e-07,-5.9279e-07,B/SR/MEVA
O2170,O2170201,166,4.5824e-07,-8.3486e-07,B/SR/MEVA
O2170,O2170201,167,3.2537e-07,-2.2964e-07,B/SR/MEVA
O2170,O2170202,96,4.6396e-06,-1.3612e-05,B/SR/MEVA
O2170,O2170202,97,6.1618e-06,-1.8078e-05,B/SR/MEVA
O2170,O2170202,98,3.3084e-06,-9.7066e-06,B/SR/MEVA
O2170,O2170202,99,1.1988e-05,-3.5173e-05,B/SR/MEVA
O2170,O2170202,100,7.1961e-06,-2.1113e-05,B/SR/MEVA
O2170,O2170202,101,1.1958e-05,-3.5086e-05,B/SR/MEVA
O2170,O2170202,102,9.6627e-06,-2.835e-05,B/SR/MEVA
O2170,O2170202,103,9.7855e-06,-2.871e-05,B/SR/MEVA
O2170,O2170202,104,1.6682e-06,-4.8945e-06,B/SR/MEVA
O2170,O2170202,105,1.2815e-06,-3.7598e-06,B/SR/MEVA
O2170,O2170202,106,3.0937e-06,-9.4769e-06,B/SR/MEVA
O2170,O2170202,107,1.4506e-06,-4.4437e-06,B/SR/MEVA
O2170,O2170202,108,3.4121e-06,-1.0452e-05,B/SR/MEVA
O2170,O2170202,109,1.1744e-06,-3.5977e-06,B/SR/MEVA
O2170,O2170202,110,3.114e-07,-9.5393e-07,B/SR/MEVA
O2170,O2170202,111,1.0855e-07,-3.3252e-07,B/SR/MEVA
O2170,O2170202,112,4.0107e-06,-8.5298e-05,B/SR/MEVA
O2170,O2170202,113,2.9964e-06,-6.3727e-05,B/SR/MEVA
O2170,O2170202,114,7.6267e-06,-0.0001622,B/SR/MEVA
O2170,O2170202,115,2.6378e-07,-5.6099e-06,B/SR/MEVA
O2170,O2170202,116,7.6442e-07,-1.6257e-05,B/SR/MEVA
O2170,O2170202,117,3.5784e-06,-7.6103e-05,B/SR/MEVA
O2170,O2170202,118,5.1977e-06,-0.00011054,B/SR/MEVA
O2170,O2170202,119,1.621e-06,-3.4475e-05,B/SR/MEVA
O2170,O2170202,120,4.1016e-06,-8.7229e-05,B/SR/MEVA
O2170,O2170202,121,1.2473e-06,-2.6527e-05,B/SR/MEVA
O2170,O2170202,122,1.2788e-06,-2.7197e-05,B/SR/MEVA
O2170,O2170202,123,2.2184e-07,-4.718e-06,B/SR/MEVA
O2170,O2170202,124,1.1529e-06,-2.2226e-06,B/SR/MEVA
O2170,O2170202,125,1.4238e-06,-2.7448e-06,B/SR/MEVA
O2170,O2170202,126,1.35e-06,-2.6026e-06,B/SR/MEVA
O2170,O2170202,127,2.2681e-06,-4.3726e-06,B/SR/MEVA
O2170,O2170202,128,1.0812e-06,-2.0844e-06,B/SR/MEVA
O2170,O2170202,129,2.1257e-07,-4.098e-07,B/SR/MEVA
O2170,O2170202,130,3.7793e-06,-0.00047125,B/SR/MEVA
O2170,O2170202,131,1.2389e-06,-0.00015448,B/SR/MEVA
O2170,O2170202,132,2.5541e-06,-0.00031847,B/SR/MEVA
O2170,O2170202,133,7.6341e-07,-9.5192e-05,B/SR/MEVA
O2170,O2170202,134,1.7275e-06,-0.00021541,B/SR/MEVA
O2170,O2170202,135,9.7665e-07,-0.00012178,B/SR/MEVA
O2170,O2170202,136,3.1989e-06,-0.00039888,B/SR/MEVA
O2170,O2170202,137,1.2703e-06,-0.00015839,B/SR/MEVA
O2170,O2170202,138,7.208e-07,-8.9878e-05,B/SR/MEVA
O2170,O2170202,139,2.1257e-07,-2.6506e-05,B/SR/MEVA
O2170,O2170202,140,2.1257e-07,-2.6506e-05,B/SR/MEVA
O2170,O2170202,141,5.8454e-06,-6.4029e-06,B/SR/MEVA
O2170,O2170202,142,4.0914e-07,-4.4816e-07,B/SR/MEVA
O2170,O2170202,143,5.7752e-07,-6.326e-07,B/SR/MEVA
O2170,O2170202,144,6.5075e-07,-7.1281e-07,B/SR/MEVA
O2170,O2170202,145,3.2537e-07,-3.5641e-07,B/SR/MEVA
O2170,O2170202,146,4.9495e-07,-1.1165e-06,B/SR/MEVA
O2170,O2170202,147,1.6121e-06,-3.6367e-06,B/SR/MEVA
O2170,O2170202,148,1.2553e-06,-2.8316e-06,B/SR/MEVA
O2170,O2170202,149,1.1378e-06,-2.5667e-06,B/SR/MEVA
O2170,O2170202,150,9.0484e-07,-2.0411e-06,B/SR/MEVA
O2170,O2170202,151,4.5177e-07,-1.0191e-06,B/SR/MEVA
O2170,O2170202,152,1.0133e-06,-2.2857e-06,B/SR/MEVA
O2170,O2170202,153,3.9743e-06,-6.0398e-06,B/SR/MEVA
O2170,O2170202,154,2.4041e-07,-3.6535e-07,B/SR/MEVA
O2170,O2170202,155,4.4159e-07,-6.7109e-07,B/SR/MEVA
O2170,O2170202,156,9.5024e-07,-1.4441e-06,B/SR/MEVA
O2170,O2170202,157,4.4159e-07,-6.7109e-07,B/SR/MEVA
O2170,O2170202,158,9.5024e-07,-8.4764e-07,B/SR/MEVA
O2170,O2170202,159,4.4159e-07,-3.9391e-07,B/SR/MEVA
O2170,O2170202,160,9.1797e-07,-1.2665e-06,B/SR/MEVA
O2170,O2170202,161,2.9497e-06,-4.0697e-06,B/SR/MEVA
O2170,O2170202,162,2.5629e-06,-3.5361e-06,B/SR/MEVA
O2170,O2170202,163,4.4368e-07,-2.5672e-07,B/SR/MEVA
O2170,O2170202,164,3.3039e-07,-3.5645e-07,B/SR/MEVA
O2170,O2170202,165,1.2333e-06,-8.4589e-07,B/SR/MEVA
O2170,O2170202,166,9.01e-08,-6.1795e-08,B/SR/MEVA
O2170,O2170202,167,1.2841e-06,-6.3405e-06,B/SR/MEVA
O2170,O2170202,168,7.208e-07,-3.5592e-06,B/SR/MEVA
O2170,O2170202,169,8.3086e-08,-4.1027e-07,B/SR/MEVA
O2170,O2170202,170,7.0206e-07,-5.1406e-07,B/SR/MEVA
O2170,O2170202,171,5.9638e-08,-4.3667e-08,B/SR/MEVA
O2170,O2170202,172,4.5824e-07,-3.3553e-07,B/SR/MEVA
O2170,O2170203,75,7.3074e-07,-1.497e-06,B/SR/MEVA
O2170,O2170203,76,3.6713e-07,-7.521e-07,B/SR/MEVA
O2170,O2170203,77,1.0732e-07,-2.1986e-07,B/SR/MEVA
O2170,O2170203,78,1.4054e-07,-2.8792e-07,B/SR/MEVA
O2170,O2170203,79,3.6732e-07,-7.5249e-07,B/SR/MEVA
O2170,O2170203,80,5.634e-08,-1.1542e-07,B/SR/MEVA
O2170,O2170203,81,1.8097e-06,-3.7073e-06,B/SR/MEVA
O2170,O2170203,92,6.2043e-08,-3.8147e-08,B/SR/MEVA
O2170,O2170203,93,2.1257e-07,-1.307e-07,B/SR/MEVA
O2170,O2170203,94,2.1257e-07,-1.307e-07,B/SR/MEVA
O2170,O2170203,106,3.3064e-07,-3.9562e-07,B/SR/MEVA
O2170,O2170203,107,9.1649e-07,-1.0966e-06,B/SR/MEVA
O2170,O2170203,108,3.2537e-07,-3.8931e-07,B/SR/MEVA
O2170,O2170203,109,6.7959e-07,-2.2156e-06,B/SR/MEVA
O2170,O2170203,110,1.2385e-06,-4.0378e-06,B/SR/MEVA
O2170,O2170203,111,1.1256e-06,-3.6696e-06,B/SR/MEVA
O2170,O2170203,112,2.2524e-07,-7.3433e-07,B/SR/MEVA
O2170,O2170203,113,3.3754e-07,-1.1004e-06,B/SR/MEVA
O2170,O2170203,114,5.4788e-07,-7.7604e-07,B/SR/MEVA
O2170,O2170203,115,4.4159e-07,-6.2549e-07,B/SR/MEVA
O2170,O2170203,116,8.8318e-07,-1.251e-06,B/SR/MEVA
O2170,O2170203,117,9.5024e-07,-8.2496e-07,B/SR/MEVA
O2170,O2170203,121,2.2184e-07,-1.7167e-07,B/SR/MEVA
O2170,O2170203,126,9.01e-08,-8.8997e-08,B/SR/MEVA
O2170,O2170204,31,6.1823e-06,-4.3234e-05,B/SR/MEVA
O2170,O2170204,32,5.0701e-06,-3.5456e-05,B/SR/MEVA
O2170,O2170204,33,1.1666e-05,-8.1584e-05,B/SR/MEVA
O2170,O2170204,34,8.4801e-06,-5.9303e-05,B/SR/MEVA
O2170,O2170204,35,1.8223e-05,-0.00012744,B/SR/MEVA
O2170,O2170204,36,8.4133e-06,-5.8836e-05,B/SR/MEVA
O2170,O2170204,37,3.3956e-05,-0.00023746,B/SR/MEVA
O2170,O2170204,51,7.1809e-06,-0.00042553,B/SR/MEVA
O2170,O2170204,52,2.9978e-06,-0.00017765,B/SR/MEVA
O2170,O2170204,53,5.5608e-06,-0.00032952,B/SR/MEVA
O2170,O2170204,54,1.7164e-06,-0.00010171,B/SR/MEVA
O2170,O2170204,55,9.5745e-06,-0.00056737,B/SR/MEVA
O2170,O2170204,56,8.5105e-06,-0.00050432,B/SR/MEVA
O2170,O2170204,57,1.1323e-06,-1.6419e-06,B/SR/MEVA
O2170,O2170204,58,2.3072e-07,-3.3456e-07,B/SR/MEVA
O2170,O2170204,59,2.3547e-07,-3.4144e-07,B/SR/MEVA
O2170,O2170204,60,1.7178e-06,-2.4909e-06,B/SR/MEVA
O2170,O2170204,61,1.5149e-06,-2.1967e-06,B/SR/MEVA
O2170,O2170204,62,2.076e-07,-3.0104e-07,B/SR/MEVA
O2170,O2170204,63,2.2184e-07,-3.2168e-07,B/SR/MEVA
O2170,O2170204,78,2.1365e-06,-2.5979e-06,B/SR/MEVA
O2170,O2170204,79,5.6799e-07,-6.9069e-07,B/SR/MEVA
O2170,O2170204,80,7.1607e-07,-8.7074e-07,B/SR/MEVA
O2170,O2170204,81,1.9251e-07,-1.1923e-07,B/SR/MEVA
O2170,O2170204,82,4.5824e-07,-2.8382e-07,B/SR/MEVA
O2170,O2170204,83,3.4012e-07,-1.7201e-06,B/SR/MEVA
O2170,O2170204,84,7.8931e-07,-3.9918e-06,B/SR/MEVA
O2170,O2170204,85,1.9005e-06,-2.5971e-06,B/SR/MEVA
O2170,O2170204,90,1.0855e-07,-9.8993e-08,B/SR/MEVA
O2170,O2170204,91,2.2184e-07,-2.0231e-07,B/SR/MEVA
O2170,O2170204,96,8.3086e-08,-1.9492e-07,B/SR/MEVA
O2170,O2170205,90,1.2788e-06,-1.4339e-06,B/SR/MEVA
O2170,O2170205,91,2.8767e-07,-3.2256e-07,B/SR/MEVA
O2170,O2170205,92,7.0578e-08,-7.9137e-08,B/SR/MEVA
O2170,O2170205,93,1.5736e-06,-1.7644e-06,B/SR/MEVA
O2170,O2170205,94,2.4657e-06,-2.7647e-06,B/SR/MEVA
O2170,O2170205,95,1.9811e-07,-2.2213e-07,B/SR/MEVA
O2170,O2170205,96,3.3039e-07,-3.7045e-07,B/SR/MEVA
O2170,O2170205,97,9.4415e-08,-1.2663e-07,B/SR/MEVA
O2170,O2170205,98,2.9566e-07,-3.9653e-07,B/SR/MEVA
O2170,O2170205,99,1.0844e-07,-1.4544e-07,B/SR/MEVA
O2170,O2170205,100,2.703e-07,-3.6252e-07,B/SR/MEVA
O2170,O2170205,101,6.9544e-07,-9.3271e-07,B/SR/MEVA
O2170,O2170205,102,7.8554e-07,-1.0536e-06,B/SR/MEVA
O2170,O2170205,103,2.1257e-07,-2.851e-07,B/SR/MEVA
O2170,O2170205,104,2.1257e-07,-2.851e-07,B/SR/MEVA
O2170,O2170205,119,2.3855e-07,-2.435e-06,B/SR/MEVA
O2170,O2170205,120,1.0954e-06,-1.1181e-05,B/SR/MEVA
O2170,O2170205,121,1.1686e-06,-1.1929e-05,B/SR/MEVA
O2170,O2170205,132,4.247e-07,-6.7787e-07,B/SR/MEVA
O2170,O2170205,133,1.802e-07,-9.0185e-07,B/SR/MEVA
O2170,O2170206,69,2.4491e-06,-3.1123e-06,B/SR/MEVA
O2170,O2170206,70,4.2883e-07,-5.4496e-07,B/SR/MEVA
O2170,O2170206,71,1.6608e-06,-2.1106e-06,B/SR/MEVA
O2170,O2170206,72,2.8767e-07,-3.6557e-07,B/SR/MEVA
O2170,O2170206,83,4.7585e-07,-3.6185e-07,B/SR/MEVA
O2170,O2170206,84,3.4865e-07,-2.6512e-07,B/SR/MEVA
O2170,O2170206,85,6.0534e-07,-4.6031e-07,B/SR/MEVA
O2170,O2170206,86,6.0534e-07,-4.6031e-07,B/SR/MEVA
O2170,O2170206,87,4.2514e-07,-3.2329e-07,B/SR/MEVA
O2170,O2170206,88,2.1257e-07,-1.6164e-07,B/SR/MEVA
O2170,O2170206,89,2.2665e-06,-0.00010274,B/SR/MEVA
O2170,O2170206,90,6.4904e-07,-2.9422e-05,B/SR/MEVA
O2170,O2170206,91,1.7318e-07,-7.8507e-06,B/SR/MEVA
O2170,O2170206,92,5.7728e-08,-2.6169e-06,B/SR/MEVA
O2170,O2170206,93,5.9359e-07,-2.6908e-05,B/SR/MEVA
O2170,O2170206,94,5.0349e-07,-2.2824e-05,B/SR/MEVA
O2170,O2170206,95,3.8102e-07,-1.7272e-05,B/SR/MEVA
O2170,O2170206,96,2.2608e-06,-0.00010248,B/SR/MEVA
O2170,O2170206,97,8.8452e-07,-4.0096e-05,B/SR/MEVA
O2170,O2170206,98,2.5214e-07,-1.5913e-07,B/SR/MEVA
O2170,O2170206,99,3.8501e-07,-2.4298e-07,B/SR/MEVA
O2170,O2170206,100,3.2537e-07,-2.0534e-07,B/SR/MEVA
O2170,O2170206,101,1.1423e-07,-1.8156e-07,B/SR/MEVA
O2170,O2170206,102,1.2888e-09,-2.0485e-09,B/SR/MEVA
O2170,O2170206,103,4.5048e-07,-7.1602e-07,B/SR/MEVA
O2170,O2170206,104,6.4441e-10,-1.0243e-09,B/SR/MEVA
O2170,O2170206,105,6.4441e-10,-1.0243e-09,B/SR/MEVA
O2170,O2170206,107,4.4159e-07,-3.9621e-07,B/SR/MEVA
O2170,O2170206,108,4.4159e-07,-3.9621e-07,B/SR/MEVA
O2170,O2170206,109,4.3894e-07,-3.2633e-07,B/SR/MEVA
O2170,O2170206,112,1.4783e-07,-1.2147e-07,B/SR/MEVA
O2170,O2170206,113,2.703e-07,-2.9634e-07,B/SR/MEVA
O2170,O2170207,29,4.1375e-07,-1.8226e-06,B/SR/MEVA
O2170,O2170207,30,4.8082e-07,-2.118e-06,B/SR/MEVA
O2170,O2170207,31,1.3362e-06,-5.8858e-06,B/SR/MEVA
O2170,O2170207,32,2.5939e-06,-1.1426e-05,B/SR/MEVA
O2170,O2170207,33,2.0852e-06,-9.1854e-06,B/SR/MEVA
O2170,O2170207,34,3.5783e-06,-1.5762e-05,B/SR/MEVA
O2170,O2170207,35,3.59e-06,-1.5814e-05,B/SR/MEVA
O2170,O2170207,36,6.9453e-06,-3.0594e-05,B/SR/MEVA
O2170,O2170207,37,2.6762e-06,-1.1789e-05,B/SR/MEVA
O2170,O2170207,38,9.8572e-06,-4.3421e-05,B/SR/MEVA
O2170,O2170207,39,2.5825e-06,-2.5608e-05,B/SR/MEVA
O2170,O2170207,40,2.0068e-06,-1.9899e-05,B/SR/MEVA
O2170,O2170207,41,3.639e-06,-3.6085e-05,B/SR/MEVA
O2170,O2170207,42,5.2004e-07,-5.1568e-06,B/SR/MEVA
O2170,O2170207,43,1.4353e-05,-0.00014232,B/SR/MEVA
O2170,O2170207,44,1.5159e-06,-1.5031e-05,B/SR/MEVA
O2170,O2170207,45,8.5498e-06,-8.4781e-05,B/SR/MEVA
O2170,O2170207,46,2.4041e-07,-2.3839e-06,B/SR/MEVA
O2170,O2170207,47,2.1746e-07,-1.0525e-05,B/SR/MEVA
O2170,O2170207,48,7.8294e-07,-3.7897e-05,B/SR/MEVA
O2170,O2170207,49,6.4555e-06,-0.00031246,B/SR/MEVA
O2170,O2170207,50,4.1288e-06,-0.00019985,B/SR/MEVA
O2170,O2170207,51,2.6686e-06,-0.00012917,B/SR/MEVA
O2170,O2170207,52,3.046e-06,-0.00014743,B/SR/MEVA
O2170,O2170207,53,3.7714e-06,-0.00018254,B/SR/MEVA
O2170,O2170207,54,1.4016e-06,-7.8384e-06,B/SR/MEVA
O2170,O2170207,55,1.6963e-07,-9.4865e-07,B/SR/MEVA
O2170,O2170207,56,7.0288e-07,-3.9307e-06,B/SR/MEVA
O2170,O2170207,57,8.2566e-07,-4.6174e-06,B/SR/MEVA
O2170,O2170207,58,1.1062e-06,-6.1861e-06,B/SR/MEVA
O2170,O2170207,59,1.5641e-06,-8.747e-06,B/SR/MEVA
O2170,O2170207,60,1.5736e-06,-8.8001e-06,B/SR/MEVA
O2170,O2170207,61,1.2692e-07,-3.0339e-07,B/SR/MEVA
O2170,O2170207,62,5.9433e-07,-1.4207e-06,B/SR/MEVA
O2170,O2170207,63,2.7344e-07,-6.5362e-07,B/SR/MEVA
O2170,O2170207,64,1.767e-06,-4.2237e-06,B/SR/MEVA
O2170,O2170207,65,4.2944e-07,-1.0265e-06,B/SR/MEVA
O2170,O2170207,66,1.3328e-06,-3.1858e-06,B/SR/MEVA
O2170,O2170207,67,5.0714e-08,-2.8369e-07,B/SR/MEVA
O2170,O2170207,68,1.0235e-06,-5.7251e-06,B/SR/MEVA
O2170,O2170207,69,8.3086e-08,-4.6477e-07,B/SR/MEVA
O2170,O2170207,70,1.802e-07,-1.008e-06,B/SR/MEVA
O2170,O2170207,71,8.9626e-07,-5.0135e-06,B/SR/MEVA
O2170,O2170207,72,6.8369e-07,-3.8245e-06,B/SR/MEVA
O2170,O2170207,73,9.01e-08,-5.04e-07,B/SR/MEVA
O2170,O2170207,74,9.01e-08,-5.04e-07,B/SR/MEVA
O2170,O2170207,75,1.2754e-06,-7.1345e-06,B/SR/MEVA
O2170,O2170207,76,3.2101e-07,-6.1021e-07,B/SR/MEVA
O2170,O2170207,77,2.703e-07,-5.1381e-07,B/SR/MEVA
O2170,O2170207,78,4.8287e-07,-9.1789e-07,B/SR/MEVA
O2170,O2170207,79,9.01e-08,-1.7127e-07,B/SR/MEVA
O2170,O2170207,80,1.6845e-07,-3.2021e-07,B/SR/MEVA
O2170,O2170207,81,2.783e-06,-5.2903e-06,B/SR/MEVA
O2170,O2170207,82,6.8058e-07,-1.2937e-06,B/SR/MEVA
O2170,O2170207,83,4.5824e-07,-1.7848e-07,B/SR/MEVA
O2170,O2170207,84,7.8803e-07,-4.0391e-07,B/SR/MEVA
O2170,O2170207,85,3.3754e-07,-1.7301e-07,B/SR/MEVA
O2170,O2170207,92,1.038e-07,-1.9681e-07,B/SR/MEVA
O2170,O2170208,46,3.7453e-07,-4.728e-06,B/SR/MEVA
O2170,O2170208,47,4.4159e-07,-5.5746e-06,B/SR/MEVA
O2170,O2170208,48,5.6344e-06,-7.1128e-05,B/SR/MEVA
O2170,O2170208,49,3.6668e-06,-4.629e-05,B/SR/MEVA
O2170,O2170208,50,6.82e-07,-8.6094e-06,B/SR/MEVA
O2170,O2170208,51,1.7035e-05,-0.00021504,B/SR/MEVA
O2170,O2170208,52,1.9005e-06,-2.3991e-05,B/SR/MEVA
O2170,O2170208,53,1.2815e-06,-1.008e-06,B/SR/MEVA
O2170,O2170208,54,2.055e-06,-1.6164e-06,B/SR/MEVA
O2170,O2170208,55,1.8375e-06,-1.4454e-06,B/SR/MEVA
O2170,O2170208,56,3.2564e-07,-2.5532e-07,B/SR/MEVA
O2170,O2170208,57,5.3325e-07,-4.1809e-07,B/SR/MEVA
O2170,O2170208,58,9.4309e-08,-7.3943e-08,B/SR/MEVA
O2170,O2170208,59,4.3894e-07,-3.4415e-07,B/SR/MEVA
O2170,O2170208,60,4.3419e-07,-3.4043e-07,B/SR/MEVA
O2170,O2170208,61,6.5603e-07,-5.1436e-07,B/SR/MEVA
O2170,O2170208,62,3.114e-07,-2.4416e-07,B/SR/MEVA
O2170,O2170208,63,4.3419e-07,-3.4043e-07,B/SR/MEVA
O2170,O2170208,64,7.6933e-07,-0.00011893,B/SR/MEVA
O2170,O2170208,65,2.1235e-07,-3.2827e-05,B/SR/MEVA
O2170,O2170208,66,4.1716e-06,-0.00064488,B/SR/MEVA
O2170,O2170208,67,4.3419e-07,-6.7122e-05,B/SR/MEVA
O2170,O2170208,68,3.2564e-07,-5.0341e-05,B/SR/MEVA
O2170,O2170208,69,1.2384e-06,-0.00019145,B/SR/MEVA
O2170,O2170208,70,1.2479e-06,-0.00019292,B/SR/MEVA
O2170,O2170208,71,4.2754e-06,-0.00066093,B/SR/MEVA
O2170,O2170208,83,3.0267e-07,-6.5365e-07,B/SR/MEVA
O2170,O2170208,84,3.604e-07,-7.7832e-07,B/SR/MEVA
O2170,O2170208,85,1.802e-07,-3.8916e-07,B/SR/MEVA
O2170,O2170208,86,9.01e-08,-1.9458e-07,B/SR/MEVA
O2170,O2170208,87,2.1257e-07,-4.5907e-07,B/SR/MEVA
O2170,O2170208,88,2.1257e-07,-4.5907e-07,B/SR/MEVA
O2170,O2170208,89,5.3587e-07,-1.1573e-06,B/SR/MEVA
O2170,O2170208,90,2.5855e-07,-5.5837e-07,B/SR/MEVA
O2170,O2170208,91,4.0825e-07,-8.8165e-07,B/SR/MEVA
O2170,O2170208,92,3.2537e-07,-1.7999e-06,B/SR/MEVA
O2170,O2170209,52,1.1122e-06,-4.0049e-06,B/SR/MEVA
O2170,O2170209,53,3.6751e-06,-1.3234e-05,B/SR/MEVA
O2170,O2170209,54,6.3531e-06,-2.2878e-05,B/SR/MEVA
O2170,O2170209,55,2.3488e-06,-8.4582e-06,B/SR/MEVA
O2170,O2170209,56,4.6296e-06,-1.6671e-05,B/SR/MEVA
O2170,O2170209,57,4.7225e-06,-1.7006e-05,B/SR/MEVA
O2170,O2170209,58,1.2815e-06,-4.6146e-06,B/SR/MEVA
O2170,O2170209,59,9.4309e-08,-9.65e-08,B/SR/MEVA
O2170,O2170209,60,7.3136e-07,-7.4835e-07,B/SR/MEVA
O2170,O2170209,61,5.285e-07,-5.4078e-07,B/SR/MEVA
O2170,O2170209,62,8.6363e-07,-8.837e-07,B/SR/MEVA
O2170,O2170209,63,1.8862e-07,-1.93e-07,B/SR/MEVA
O2170,O2170209,64,1.9336e-07,-1.9786e-07,B/SR/MEVA
O2170,O2170209,65,5.2375e-07,-5.3592e-07,B/SR/MEVA
O2170,O2170209,66,4.1003e-07,-4.1956e-07,B/SR/MEVA
O2170,O2170209,67,1.5546e-06,-1.5907e-06,B/SR/MEVA
O2170,O2170209,68,2.7771e-06,-2.8416e-06,B/SR/MEVA
O2170,O2170209,69,3.114e-07,-3.1864e-07,B/SR/MEVA
O2170,O2170209,70,9.9055e-08,-2.3247e-07,B/SR/MEVA
O2170,O2170209,71,1.9811e-07,-4.6494e-07,B/SR/MEVA
O2170,O2170209,72,1.4603e-06,-3.4271e-06,B/SR/MEVA
O2170,O2170209,73,4.2801e-06,-1.0045e-05,B/SR/MEVA
O2170,O2170209,74,9.86e-07,-2.314e-06,B/SR/MEVA
O2170,O2170209,75,1.2333e-06,-2.8944e-06,B/SR/MEVA
O2170,O2170209,76,2.1257e-07,-1.6763e-07,B/SR/MEVA
O2170,O2170209,77,5.1524e-07,-4.063e-07,B/SR/MEVA
O2170,O2170209,78,1.0628e-06,-8.3813e-07,B/SR/MEVA
O2170,O2170209,79,4.2514e-07,-3.3525e-07,B/SR/MEVA
O2170,O2170209,80,4.2514e-07,-1.0589e-05,B/SR/MEVA
O2170,O2170209,81,3.0267e-07,-7.5386e-06,B/SR/MEVA
O2170,O2170209,82,9.01e-08,-2.2441e-06,B/SR/MEVA
O2170,O2170209,83,6.5834e-07,-1.6397e-05,B/SR/MEVA
O2170,O2170209,84,2.1257e-07,-5.2945e-06,B/SR/MEVA
O2170,O2170209,85,3.8102e-07,-9.4902e-06,B/SR/MEVA
O2170,O2170209,86,1.2313e-06,-3.0668e-05,B/SR/MEVA
O2170,O2170209,87,9.1689e-07,-2.2837e-05,B/SR/MEVA
O2170,O2170209,88,3.8501e-07,-1.8109e-07,B/SR/MEVA
O2170,O2170210,16,2.9497e-06,-2.7353e-05,B/SR/MEVA
O2170,O2170210,17,7.8294e-07,-7.2603e-06,B/SR/MEVA
O2170,O2170210,18,5.4396e-06,-5.0442e-05,B/SR/MEVA
O2170,O2170210,19,1.3733e-05,-0.00012734,B/SR/MEVA
O2170,O2170210,20,6.6962e-06,-6.2094e-05,B/SR/MEVA
O2170,O2170210,21,0.00012298,-0.0011404,B/SR/MEVA
O2170,O2170210,22,0.00021961,-0.0020365,B/SR/MEVA
O2170,O2170210,23,7.2053e-05,-0.00066815,B/SR/MEVA
O2170,O2170210,24,0.0001557,-0.0014439,B/SR/MEVA
O2170,O2170210,25,1.2815e-06,-1.1883e-05,B/SR/MEVA
O2170,O2170210,26,5.5608e-07,-5.1565e-06,B/SR/MEVA
O2170,O2170210,27,1.8375e-06,-1.704e-05,B/SR/MEVA
O2170,O2170210,50,3.8677e-07,-1.7915e-06,B/SR/MEVA
O2170,O2170210,51,1.1216e-06,-5.1951e-06,B/SR/MEVA
O2170,O2170210,52,6.6968e-08,-3.1019e-07,B/SR/MEVA
O2170,O2170210,53,1.131e-06,-5.2387e-06,B/SR/MEVA
O2170,O2170210,54,2.2687e-07,-1.0509e-06,B/SR/MEVA
O2170,O2170210,55,2.7992e-06,-1.2966e-05,B/SR/MEVA
O2170,O2170210,56,2.6969e-06,-1.2492e-05,B/SR/MEVA
O2170,O2170210,57,1.0215e-06,-4.7316e-06,B/SR/MEVA
O2170,O2170210,58,7.176e-06,-3.3239e-05,B/SR/MEVA
O2170,O2170210,59,2.5825e-06,-1.1962e-05,B/SR/MEVA
O2170,O2170210,60,1.1059e-05,-5.1226e-05,B/SR/MEVA
O2170,O2170210,61,6.5129e-07,-3.0168e-06,B/SR/MEVA
O2170,O2170210,62,2.076e-07,-9.6162e-07,B/SR/MEVA
O2170,O2170210,63,9.8167e-07,-4.5471e-06,B/SR/MEVA
O2170,O2170210,64,9.9055e-08,-4.5883e-07,B/SR/MEVA
O2170,O2170210,65,2.9206e-06,-1.3528e-05,B/SR/MEVA
O2170,O2170210,66,8.7313e-07,-4.0443e-06,B/SR/MEVA
O2170,O2170210,67,9.4309e-08,-4.3684e-07,B/SR/MEVA
O2170,O2170210,68,2.0718e-07,-9.5965e-07,B/SR/MEVA
O2170,O2170210,69,4.5829e-06,-2.1228e-05,B/SR/MEVA
O2170,O2170210,70,6.1938e-06,-2.869e-05,B/SR/MEVA
O2170,O2170210,71,9.9494e-07,-4.6086e-06,B/SR/MEVA
O2170,O2170210,72,2.4912e-05,-0.00011539,B/SR/MEVA
O2170,O2170210,73,1.1675e-05,-5.4078e-05,B/SR/MEVA
O2170,O2170210,74,1.4783e-07,-6.8474e-07,B/SR/MEVA
O2170,O2170210,75,3.0267e-07,-1.402e-06,B/SR/MEVA
O2170,O2170210,76,9.01e-08,-4.1734e-07,B/SR/MEVA
O2170,O2170210,77,2.1257e-07,-9.8463e-07,B/SR/MEVA
O2170,O2170210,78,1.0628e-06,-4.9231e-06,B/SR/MEVA
O2170,O2170210,79,5.1272e-07,-2.3749e-06,B/SR/MEVA
O2170,O2170210,80,3.0267e-07,-1.402e-06,B/SR/MEVA
O2170,O2170210,81,9.01e-08,-4.1734e-07,B/SR/MEVA
O2170,O2170210,82,5.0349e-07,-2.3322e-06,B/SR/MEVA
O2170,O2170210,83,1.9381e-07,-8.9774e-07,B/SR/MEVA
O2170,O2170210,84,1.3643e-06,-6.3194e-06,B/SR/MEVA
O2170,O2170210,85,3.2745e-06,-1.5168e-05,B/SR/MEVA
O2170,O2170210,86,8.9112e-07,-4.1277e-06,B/SR/MEVA
O2170,O2170210,87,1.075e-06,-4.9793e-06,B/SR/MEVA
O2170,O2170210,88,1.2507e-05,-5.7932e-05,B/SR/MEVA
O2170,O2170210,89,9.2513e-06,-4.2852e-05,B/SR/MEVA
O2170,O2170210,90,7.1884e-06,-3.3297e-05,B/SR/MEVA
O2170,O2170210,91,1.1858e-06,-5.4925e-06,B/SR/MEVA
O2170,O2170210,92,5.9638e-08,-2.7624e-07,B/SR/MEVA
O2170,O2170210,93,3.8501e-07,-1.7834e-06,B/SR/MEVA
O2170,O2170210,94,6.5075e-07,-3.0143e-06,B/SR/MEVA
O2170,O2170210,95,2.2524e-07,-1.0433e-06,B/SR/MEVA
O2170,O2170210,96,2.2647e-06,-1.049e-05,B/SR/MEVA
O2170,O2170210,97,8.6764e-07,-4.0189e-06,B/SR/MEVA
O2170,O2170210,98,9.5024e-07,-4.4015e-06,B/SR/MEVA
O2170,O2170210,99,4.4159e-07,-2.0455e-06,B/SR/MEVA
O2170,O2170227,93,3.4056e-05,-4.2115e-05,B/SR/MEVA
O2170,O2170227,94,3.0219e-05,-3.737e-05,B/SR/MEVA
O2170,O2170227,95,1.5349e-05,-1.8981e-05,B/SR/MEVA
O2170,O2170227,96,7.6293e-06,-9.4346e-06,B/SR/MEVA
O2170,O2170227,97,1.1512e-05,-1.4236e-05,B/SR/MEVA
O2170,O2170227,98,4.317e-06,-5.3385e-06,B/SR/MEVA
O2170,O2170227,99,2.878e-06,-3.559e-06,B/SR/MEVA
O2170,O2170227,100,2.075e-07,-2.5661e-07,B/SR/MEVA
O2170,O2170227,101,2.3983e-06,-2.9658e-06,B/SR/MEVA
O2170,O2170238,177,1.5379e-06,-1.918e-06,B/SR/MEVA
O2170,O2170238,178,6.6476e-07,-8.291e-07,B/SR/MEVA
O2170,O2170240,194,2.3164e-07,-1.5892e-06,B/SR/MEVA
O2170,O2170240,195,2.0848e-06,-1.4303e-05,B/SR/MEVA
O2170,O2170240,196,4.1294e-07,-2.8329e-06,B/SR/MEVA
O2170,O2170241,172,2.2082e-06,-0.00021157,B/SR/MEVA
O2170,O2170241,173,1.1784e-06,-0.0001129,B/SR/MEVA
O2170,O2170241,174,5.2625e-07,-5.042e-05,B/SR/MEVA
O2170,O2170241,177,9.3297e-08,-4.0085e-07,B/SR/MEVA
O2170,O2170241,178,3.1466e-07,-1.3519e-06,B/SR/MEVA
O2170,O2170242,172,1.7526e-06,-1.4798e-06,B/SR/MEVA
O2170,O2170242,173,9.9928e-07,-8.4373e-07,B/SR/MEVA
O2170,O2170242,177,2.9963e-07,-3.1233e-07,B/SR/MEVA
O2170,O2170242,184,1.1042e-06,-2.5535e-05,B/SR/MEVA
O2170,O2170243,170,4.243e-06,-4.7874e-05,B/SR/MEVA
O2170,O2170243,185,6.4076e-07,-1.5917e-06,B/SR/MEVA
O2170,O2170261,150,2.9002e-05,-1.076e-05,B/SR/MEVA
O2170,O2170261,151,2.6682e-05,-9.8992e-06,B/SR/MEVA
O2170,O2170261,152,8.1207e-06,-3.0128e-06,B/SR/MEVA
O2170,O2170261,153,1.1831e-06,-4.3892e-07,B/SR/MEVA
