Entry,DatasetID,idat,ERR-T
10593,10593003,351,0
10827,10827097,81,0
10867,10867003,65,0
12928,12928039,10,0
13500,13500007,1,0
14139,14139002,121,0
14139,14139002,126,0
14139,14139002,244,0
14139,14139002,367,0
14139,14139002,370,0
14139,14139002,484,0
14139,14139002,486,0
14139,14139002,488,0
14139,14139002,489,0
14139,14139002,490,0
14139,14139002,494,0
14139,14139002,505,0
14139,14139002,606,0
14139,14139002,608,0
14139,14139002,609,0
14139,14139002,610,0
14139,14139002,611,0
14139,14139002,612,0
14139,14139002,614,0
14139,14139002,615,0
14139,14139002,621,0
14139,14139002,623,0
14139,14139002,628,0
14139,14139002,633,0
14139,14139002,636,0
14139,14139002,637,0
14139,14139002,644,0
14139,14139002,674,0
14139,14139002,685,0
14211,14211005,0,0
14347,14347004,21,0
14347,14347005,4,0
14347,14347007,19,0
14347,14347007,37,0
14347,14347010,6,0
14347,14347010,22,0
14347,14347010,29,0
14497,14497002,0,0
14521,14521078,0,0
14521,14521093,0,0
20557,20557004,158,-0.0003
20557,20557004,176,-0.00295
20557,20557006,3,-0.00525
20572,20572003,0,-0.02141
20572,20572003,1,-0.00968
20572,20572003,3,-0.01272
20572,20572003,4,-0.00752
20572,20572003,5,-0.00732
20572,20572003,6,-0.01087
20572,20572003,9,-0.00513
20572,20572003,13,-0.0056
20572,20572003,22,-0.00445
20572,20572003,23,-0.00314
20572,20572003,33,-0.00289
20572,20572003,36,-0.00165
20572,20572003,119,-0.00144
20572,20572003,120,-0.00181
20572,20572003,121,-0.00169
20572,20572003,122,-0.00201
20572,20572003,124,-0.00088
20572,20572003,125,-0.00075
20572,20572003,148,-6e-05
20572,20572003,153,-0.00095
20572,20572003,157,-0.00139
20572,20572003,158,-0.00046
20572,20572003,159,-0.0001
20572,20572003,160,-0.00419
20572,20572003,178,-0.00286
20572,20572003,179,-0.0019
20572,20572003,180,-0.00707
20572,20572003,189,-0.00144
20572,20572003,190,-0.00263
20572,20572003,193,-0.01046
20572,20572003,199,-0.00454
20572,20572003,200,-0.02264
20572,20572005,2,-0.01195
20572,20572005,138,-0.002
20572,20572005,140,-0.00114
20572,20572005,141,-0.00104
20572,20572007,0,-0.00904
20572,20572007,3,-0.01144
20572,20572007,4,-0.00977
20572,20572007,6,-0.00878
20572,20572007,26,-0.00453
20572,20572007,36,-0.0036
20572,20572007,39,-0.00273
20572,20572007,51,-0.00163
20572,20572007,53,-0.00196
20572,20572007,56,-0.00459
20572,20572007,57,-0.00334
20572,20572007,110,-0.00109
20572,20572007,111,-0.00101
20572,20572007,112,-0.00192
20572,20572007,113,-0.00076
20572,20572007,114,-0.00137
20572,20572007,115,-0.00043
20572,20572007,123,-0.0017
20572,20572007,124,-0.00116
20572,20572007,125,-0.00179
20572,20572007,127,-0.00089
20572,20572007,138,-0.00076
20572,20572007,146,-0.00086
20572,20572007,147,-0.00054
20572,20572007,200,-0.00243
20572,20572007,213,-0.00106
20572,20572007,215,-0.0006
20572,20572007,218,-0.00101
20572,20572007,220,-0.00103
20572,20572007,240,-0.00162
20572,20572007,242,-0.0025
20572,20572007,244,-0.00319
20572,20572007,245,-0.00077
20572,20572007,247,-0.002
20572,20572007,251,-0.00139
20572,20572007,253,-0.00063
20572,20572007,254,-0.00115
20572,20572007,256,-0.00025
20572,20572007,257,-0.00145
20572,20572007,258,-0.00061
20572,20572007,259,-0.00047
20572,20572007,315,-0.00294
20572,20572007,320,-0.00146
20572,20572007,322,-0.00071
20572,20572007,346,-0.00289
20572,20572007,354,-0.00194
20572,20572007,369,-0.01818
20572,20572009,107,-0.00037
20572,20572009,123,-0.00038
20572,20572009,125,-0.0003
20955,20955007,96,-20.975
20955,20955007,1570,-1.2402
20955,20955007,1571,-5.1106
20955,20955007,1575,-84.983
20955,20955007,1577,-2.0308
20955,20955008,83,-4.397
20955,20955008,545,-3.3965
20955,20955008,1576,-1.7723
20955,20955008,1580,-54.045
20955,20955011,1579,-7.2111
20955,20955012,18,-1.2984
20955,20955012,1576,-1.4934
20955,20955012,1577,-1.3662
20955,20955012,1585,-1.812
20955,20955012,1586,-40.888
20955,20955012,1587,-12.541
20955,20955013,72,-7.1073
20955,20955013,1582,-5.4495
20955,20955013,1588,-1.168
21683,21683002,51,-4400
21683,21683002,73,-2900
21683,21683002,90,-96.3
21683,21683002,100,-2180
21683,21683002,104,-435
21773,21773022,2,0
21845,21845002,195,0
22030,22030003,0,0
22030,22030003,1,0
22030,22030003,2,0
22030,22030003,3,0
22030,22030003,4,0
22030,22030003,5,0
22030,22030003,6,0
22030,22030003,7,0
22030,22030003,8,0
22030,22030003,9,0
22030,22030003,10,0
22030,22030003,11,0
22030,22030003,12,0
22030,22030003,13,0
22030,22030003,14,0
22030,22030003,15,0
22030,22030003,16,0
22030,22030003,17,0
22030,22030003,18,0
22030,22030003,19,0
22030,22030003,20,0
22030,22030003,21,0
22030,22030003,22,0
22030,22030003,23,0
22030,22030003,24,0
22030,22030003,25,0
22030,22030003,26,0
22030,22030003,27,0
22037,22037002,8,-134.17
22037,22037002,28,-67.99
22037,22037002,71,-20.27
22037,22037012,9,-135.99
22037,22037012,53,-79.24
22360,223600291,80,-17
22360,223600291,81,-13
22360,223600291,138,-2.6
22360,223600291,141,-0.79
22360,223600291,263,-0.74
22360,223600291,267,-1.1
22360,223600291,336,-8.1
22360,223600291,338,-14
22360,223600291,339,-13
22360,223600291,340,-78
22360,223600291,345,-31
22360,223600291,346,-56
22360,223600291,349,-60
22360,223600291,351,-48
22360,223600291,354,-13
22360,223600291,357,-4.6
22360,223600291,387,-2
22360,223600291,445,-1.1
22360,223600291,520,-1.4
22360,223600291,711,-2.8
22360,223600291,723,-3.1
22360,223600291,728,-3.4
22360,223600291,734,-5.9
22360,223600291,736,-4
22360,223600291,752,-4.9
22360,223600291,762,-7.2
22360,223600291,766,-6.3
22360,223600291,771,-18
22360,223600291,772,-14
22360,223600291,780,-22
22360,223600291,781,-26
22360,223600291,784,-23
22360,223600291,785,-36
22360,223600291,786,-44
22360,223600291,788,-38
22360,223600291,791,-66
22360,223600291,793,-140
22360,223600291,794,-100
22360,223600291,798,-370
22360,223600291,799,-120
22360,223600291,803,-84
22360,223600291,805,-250
22360,223600291,807,-120
22360,223600291,808,-160
22360,223600291,810,-110
22360,223600291,811,-210
22360,223600291,814,-360
22360,223600291,817,-320
22360,223600291,822,-78
22360,223600291,826,-27
22360,223600291,827,-24
22360,223600291,833,-9.7
22360,223600291,834,-9.4
22360,223600291,835,-8.1
22360,223600291,849,-14
22360,223600291,854,-14
22360,223600291,856,-16
22360,223600291,858,-26
22360,223600291,859,-29
22360,223600291,860,-40
22360,223600291,864,-77
22360,223600291,866,-280
22360,223600291,867,-140
22360,223600291,870,-170
22360,223600291,871,-230
22360,223600291,872,-810
22360,223600291,877,-45
22360,223600291,923,-4.6
22360,223600291,924,-4.3
22360,223600291,925,-3.2
22360,223600291,974,-3.2
22360,223600291,1007,-4.3
22360,223600291,1026,-12
22360,223600291,1034,-5
22360,223600291,1035,-7
22360,223600291,1044,-5.5
22360,223600291,1045,-6.6
22360,223600291,1046,-15
22360,223600291,1048,-14
22360,223600291,1049,-6.7
22360,223600291,1050,-4.5
22360,223600291,1063,-3.6
22360,223600291,1072,-3.5
22360,223600291,1074,-3.4
22360,223600291,1079,-3.7
22360,223600291,1087,-4.1
22360,223600291,1102,-9.8
22360,223600291,1104,-4.7
22360,223600291,1108,-3.8
22360,223600291,1134,-4.2
22360,223600291,1146,-3.7
22360,223600291,1147,-4.2
22360,223600291,1151,-4.4
22360,223600291,1154,-3.9
22360,223600291,1168,-9.6
22360,223600291,1178,-4
22360,223600291,1179,-4.4
22360,223600291,1201,-4.5
22360,223600291,1211,-4.9
22360,223600291,1215,-4.8
22360,223600291,1221,-5.6
22360,223600291,1234,-21
22360,223600291,1241,-40
22360,223600291,1245,-30
22360,223600291,1246,-18
22360,223600291,1258,-4.7
22360,223600291,1262,-5
22360,223600291,1267,-4.7
22360,223600291,1276,-5.8
22360,223600291,1278,-6.1
22360,223600291,1296,-4.7
22360,223600291,1311,-4.6
22360,223600291,1323,-5
22360,223600291,1325,-5.3
22360,223600291,1327,-5
22360,223600291,1341,-5
22360,223600291,1359,-4.9
22360,223600291,1360,-5.4
22360,223600291,1361,-5.1
22360,223600291,1364,-5
22360,223600291,1367,-4.8
22360,223600291,1369,-4.9
22360,223600291,1383,-5.1
22360,223600291,1386,-5.4
22360,223600291,1412,-80
22360,223600291,1427,-5.6
22360,223600291,1430,-5.9
22360,223600291,1432,-5.3
22360,223600291,1439,-5.4
22360,223600291,1461,-5.9
22360,223600291,1474,-5.8
22360,223600291,1481,-5.8
22360,223600291,1501,-5.8
22360,223600291,1511,-6.3
22360,223600291,1512,-6.6
22360,223600291,1514,-5
22360,223600291,1515,-5.9
22360,223600291,1517,-5.6
22360,223600291,1530,-6.5
22360,223600291,1579,-6.4
22360,223600291,1596,-8.5
22360,223600291,1601,-17
22360,223600291,1602,-30
22360,223600291,1605,-61
22360,223600291,1608,-360
22360,223600291,1609,-110
22360,223600291,1610,-100
22360,223600291,1611,-39
22360,223600291,1613,-15
22360,223600291,1614,-12
22360,223600291,1617,-8.1
22360,223600291,1626,-7.8
22360,223600291,1638,-7.1
22360,223600291,1642,-7.5
22360,223600291,1643,-6.9
22360,223600291,1644,-8.3
22360,223600291,1646,-6.5
22360,223600291,1648,-6.5
22360,223600291,1652,-7.2
22360,223600291,1661,-6.6
22360,223600291,1663,-6.4
22360,223600291,1666,-7
22360,223600291,1694,-7.2
22360,223600291,1696,-7
22360,223600291,1706,-8.2
22360,223600291,1707,-7.3
22360,223600291,1712,-7.8
22360,223600291,1715,-8.3
22360,223600291,1728,-7.9
22360,223600291,1739,-7.6
22360,223600291,1740,-7.6
22360,223600291,1741,-7.2
22360,223600291,1745,-7
22360,223600291,1746,-7.4
22360,223600291,1748,-7.5
22360,223600291,1751,-8.1
22360,223600291,1752,-8.4
22360,223600291,1753,-7.6
22360,223600291,1754,-7.5
22360,223600291,1755,-8.2
22360,223600291,1757,-8.9
22360,223600291,1768,-7
22360,223600291,1769,-7.8
22360,223600291,1770,-8.8
22360,223600291,1771,-7.9
22360,223600291,1773,-8.1
22360,223600291,1774,-7.8
22360,223600291,1775,-7.6
22360,223600291,1782,-8.1
22360,223600291,1783,-7.3
22360,223600291,1784,-8.4
22360,223600291,1787,-7.5
22360,223600291,1788,-8.6
22360,223600291,1789,-8
22360,223600291,1799,-8.2
22360,223600291,1804,-7.8
22360,223600291,1809,-7.7
22360,223600291,1810,-8.8
22360,223600291,1814,-8
22360,223600291,1843,-8.7
22360,223600291,1868,-8.6
22360,223600291,1878,-8.1
22360,223600291,1879,-9.4
22360,223600291,1881,-8.6
22360,223600291,1884,-9.6
22360,223600291,1886,-9.6
22360,223600291,1898,-8.5
22360,223600291,1902,-9.3
22360,223600291,1903,-9.7
22360,223600291,1905,-9.1
22360,223600291,1907,-9.3
22360,223600291,1912,-8.7
22360,223600291,1913,-9.2
22360,223600291,1915,-8.6
22360,223600291,1916,-8.9
22360,223600291,1919,-9.9
22360,223600291,1920,-9.1
22360,223600291,1921,-8.3
22360,223600291,1923,-9.3
22360,223600291,1924,-8.8
22360,223600291,1953,-8.8
22360,223600291,1955,-8.2
22360,223600291,1957,-9.6
22360,223600291,1958,-9.7
22360,223600291,1959,-9.1
22360,223600291,1960,-9.7
22360,223600291,1962,-11
22360,223600291,1964,-10
22360,223600291,1965,-9.3
22360,223600291,1967,-9.5
22360,223600291,1970,-10
22360,223600291,1971,-9.9
22360,223600291,1974,-9.3
22360,223600291,1976,-10
22360,223600291,1988,-26
22360,223600291,1989,-37
22360,223600291,1993,-57
22360,223600291,1994,-52
22360,223600291,1995,-31
22360,223600291,1999,-12
22360,223600291,2000,-12
22360,223600291,2003,-11
22360,223600291,2005,-9.6
22360,223600291,2006,-10
22360,223600291,2012,-9.4
22360,223600291,2040,-11
22360,223600291,2041,-11
22360,223600291,2045,-11
22360,223600291,2062,-7.6
22360,223600291,2063,-7.7
22360,223600291,2070,-8
22360,223600291,2071,-7.8
22360,223600291,2072,-7.9
22360,223600291,2073,-7.8
22360,223600291,2076,-7.8
22360,223600291,2083,-8
22360,223600291,2085,-8.4
22360,223600291,2087,-7.8
22360,223600291,2108,-8.8
22360,223600291,2132,-190
22360,223600291,2134,-170
22360,223600291,2137,-17
22360,223600291,2155,-8.4
22360,223600291,2174,-8.8
22360,223600291,2178,-8.8
22360,223600291,2182,-9.4
22360,223600291,2186,-9.8
22360,223600291,2187,-9.3
22360,223600291,2215,-10
22360,223600291,2220,-9.6
22360,223600291,2223,-10
22360,223600291,2224,-10
22360,223600291,2225,-10
22360,223600291,2227,-11
22360,223600291,2228,-10
22360,223600291,2230,-10
22360,223600291,2232,-11
22360,223600291,2241,-11
22360,223600291,2245,-11
22360,223600291,2246,-12
22360,223600291,2248,-11
22360,223600291,2250,-11
22360,223600291,2253,-11
22360,223600291,2273,-240
22360,223600291,2275,-730
22360,223600291,2297,-12
22360,223600291,2299,-14
22360,223600291,2301,-12
22360,223600291,2302,-12
22360,223600291,2303,-14
22360,223600291,2309,-15
22360,223600291,2310,-15
22360,223600291,2313,-17
22360,223600291,2314,-18
22360,223600291,2315,-20
22360,223600291,2316,-26
22360,223600291,2318,-37
22360,223600291,2321,-260
22360,223600291,2323,-150
22360,223600291,2325,-360
22360,223600291,2328,-290
22360,223600291,2329,-350
22360,223600291,2330,-410
22360,223600291,2331,-260
22360,223600291,2332,-160
22360,223600291,2334,-40
22360,223600291,2336,-21
22360,223600291,2339,-15
22360,223600291,2340,-16
22360,223600291,2341,-14
22360,223600291,2342,-14
22360,223600291,2344,-14
22360,223600291,2384,-12
22360,223600291,2386,-11
22360,223600291,2391,-13
22360,223600291,2420,-51
22360,223600291,2423,-25
22360,223600291,2425,-17
22360,223600291,2428,-13
22360,223600291,2429,-15
22360,223600291,2435,-14
22360,223600291,2437,-14
22360,223600291,2455,-17
22360,223600291,2471,-170
22360,223600291,2472,-100
22360,223600291,2473,-450
22360,223600291,2474,-230
22360,223600291,2475,-480
22360,223600291,2479,-180
22360,223600291,2481,-51
22360,223600291,2483,-27
22360,223600291,2484,-26
22360,223600291,2487,-24
22360,223600291,2488,-27
22360,223600291,2490,-41
22360,223600291,2491,-49
22360,223600291,2492,-79
22360,223600291,2495,-600
22360,223600291,2496,-960
22360,223600291,2499,-460
22360,223600291,2513,-17
22360,223600291,2521,-16
22360,223600291,2522,-15
22360,223600291,2523,-14
22360,223600291,2524,-17
22360,223600291,2525,-16
22360,223600291,2528,-15
22360,223600291,2529,-17
22360,223600291,2530,-14
22360,223600291,2531,-16
22360,223600291,2532,-16
22360,223600291,2535,-14
22360,223600291,2536,-14
22360,223600291,2539,-16
22360,223600291,2540,-16
22360,223600291,2545,-17
22360,223600291,2546,-15
22360,223600291,2547,-16
22360,223600291,2548,-15
22360,223600291,2549,-16
22360,223600291,2550,-17
22360,223600291,2553,-16
22360,223600291,2597,-16
22360,223600291,2598,-18
22360,223600291,2601,-17
22360,223600291,2604,-16
22360,223600291,2606,-17
22360,223600291,2608,-16
22360,223600291,2610,-18
22360,223600291,2611,-18
22360,223600291,2613,-19
22360,223600291,2616,-20
22360,223600291,2617,-18
22360,223600291,2618,-17
22360,223600291,2622,-17
22360,223600291,2625,-19
22360,223600291,2626,-17
22360,223600291,2627,-17
22360,223600291,2629,-16
22360,223600291,2630,-16
22360,223600291,2635,-17
22360,223600291,2638,-17
22360,223600291,2640,-18
22360,223600291,2643,-18
22360,223600291,2644,-20
22360,223600291,2647,-19
22360,223600291,2648,-19
22360,223600291,2653,-19
22360,223600291,2663,-21
22360,223600291,2664,-20
22360,223600291,2666,-19
22360,223600291,2667,-18
22360,223600291,2668,-19
22360,223600291,2669,-19
22360,223600291,2671,-22
22360,223600291,2675,-20
22360,223600291,2680,-19
22360,223600291,2684,-22
22360,223600291,2687,-22
22360,223600291,2689,-24
22360,223600291,2690,-22
22360,223600291,2692,-22
22360,223600291,2710,-190
22360,223600291,2713,-340
22360,223600291,2715,-430
22360,223600291,2716,-1500
22360,223600291,2719,-360
22360,223600291,2721,-480
22360,223600291,2722,-560
22360,223600291,2724,-430
22360,223600291,2726,-610
22360,223600291,2727,-100
22360,223600291,2729,-49
22360,223600291,2730,-52
22360,223600291,2735,-31
22360,223600291,2742,-24
22360,223600291,2743,-22
22360,223600291,2746,-22
22360,223600291,2747,-22
22360,223600291,2748,-22
22360,223600291,2749,-24
22360,223600291,2751,-20
22360,223600291,2754,-22
22360,223600291,2758,-21
22360,223600291,2759,-21
22360,223600291,2760,-21
22360,223600291,2763,-18
22360,223600291,2767,-21
22360,223600291,2770,-19
22360,223600291,2772,-20
22360,223600291,2775,-21
22360,223600291,2777,-20
22360,223600291,2778,-21
22360,223600291,2779,-22
22360,223600291,2780,-20
22360,223600291,2786,-21
22360,223600291,2788,-20
22360,223600291,2789,-22
22360,223600291,2790,-21
22360,223600291,2792,-21
22360,223600291,2793,-20
22360,223600291,2798,-22
22360,223600291,2801,-23
22360,223600291,2802,-22
22360,223600291,2804,-21
22360,223600291,2805,-23
22360,223600291,2806,-22
22360,223600291,2846,-22
22360,223600291,2851,-22
22360,223600291,2853,-21
22360,223600291,2854,-25
22360,223600291,2857,-21
22360,223600291,2858,-23
22360,223600291,2859,-22
22360,223600291,2863,-22
22360,223600291,2865,-23
22360,223600291,2881,-25
22360,223600291,2884,-24
22360,223600291,2885,-23
22360,223600291,2886,-22
22360,223600291,2887,-22
22360,223600291,2890,-22
22360,223600291,2891,-25
22360,223600291,2892,-21
22360,223600291,2895,-26
22360,223600291,2896,-26
22360,223600291,2897,-23
22360,223600291,2898,-22
22360,223600291,2899,-21
22360,223600291,2900,-24
22360,223600291,2901,-24
22360,223600291,2902,-23
22360,223600291,2903,-23
22360,223600291,2906,-21
22360,223600291,2910,-24
22360,223600291,2911,-26
22360,223600291,2913,-23
22360,223600291,2916,-26
22360,223600291,2917,-23
22360,223600291,2919,-26
22360,223600291,2921,-24
22360,223600291,2922,-22
22360,223600291,2926,-25
22360,223600291,2927,-25
22360,223600291,2928,-22
22360,223600291,2932,-24
22360,223600291,2933,-25
22360,223600291,2934,-24
22360,223600291,2935,-26
22360,223600291,2972,-32
22360,223600291,2974,-26
22360,223600291,2975,-23
22360,223600291,2979,-29
22360,223600291,2980,-24
22360,223600291,2982,-25
22360,223600291,2986,-25
22360,223600291,2990,-27
22360,223600291,2991,-27
22360,223600291,2999,-29
22360,223600291,3000,-27
22360,223600291,3002,-29
22360,223600291,3032,-26
22360,223600291,3039,-29
22360,223600291,3040,-26
22360,223600291,3041,-24
22360,223600291,3043,-27
22360,223600291,3045,-23
22360,223600291,3051,-27
22360,223600291,3055,-27
22360,223600291,3057,-27
22360,223600291,3058,-28
22360,223600291,3059,-25
22360,223600291,3063,-29
22360,223600291,3064,-28
22360,223600291,3073,-23
22360,223600291,3076,-22
22360,223600291,3078,-20
22360,223600291,3080,-22
22360,223600291,3081,-22
22360,223600291,3083,-22
22360,223600291,3085,-23
22360,223600291,3091,-20
22360,223600291,3094,-21
22360,223600291,3099,-23
22360,223600291,3103,-20
22360,223600291,3107,-24
22360,223600291,3108,-23
22360,223600291,3109,-21
22360,223600291,3111,-21
22360,223600291,3114,-21
22360,223600291,3121,-24
22360,223600291,3122,-24
22360,223600291,3123,-24
22360,223600291,3124,-26
22360,223600291,3125,-23
22360,223600291,3126,-23
22360,223600291,3132,-23
22360,223600291,3135,-25
22360,223600291,3137,-27
22360,223600291,3138,-25
22360,223600291,3139,-22
22360,223600291,3140,-27
22360,223600291,3143,-26
22360,223600291,3144,-27
22360,223600291,3147,-24
22360,223600291,3148,-26
22360,223600291,3149,-26
22360,223600291,3152,-28
22360,223600291,3173,-32
22360,223600291,3175,-31
22360,223600291,3178,-31
22360,223600291,3182,-42
22360,223600291,3185,-45
22360,223600291,3189,-56
22360,223600291,3193,-100
22360,223600291,3194,-130
22360,223600291,3196,-380
22360,223600291,3200,-980
22360,223600291,3201,-230
22360,223600291,3204,-360
22360,223600291,3205,-790
22360,223600291,3206,-340
22360,223600291,3208,-590
22360,223600291,3209,-1700
22360,223600291,3215,-1100
22360,223600291,3216,-150
22360,223600291,3219,-200
22360,223600291,3221,-90
22360,223600291,3224,-55
22360,223600291,3226,-55
22360,223600291,3227,-55
22360,223600291,3228,-52
22360,223600291,3231,-47
22360,223600291,3232,-39
22360,223600291,3233,-39
22360,223600291,3234,-36
22360,223600291,3236,-38
22360,223600291,3239,-36
22360,223600291,3240,-40
22360,223600291,3242,-43
22360,223600291,3246,-32
22360,223600291,3250,-38
22360,223600291,3251,-34
22360,223600291,3254,-30
22360,223600291,3257,-35
22360,223600291,3258,-33
22360,223600291,3259,-32
22360,223600291,3264,-33
22360,223600291,3266,-35
22360,223600291,3268,-33
22360,223600291,3272,-30
22360,223600291,3275,-34
22360,223600291,3279,-37
22360,223600291,3280,-35
22360,223600291,3281,-37
22360,223600291,3284,-34
22360,223600291,3285,-35
22360,223600291,3288,-33
22360,223600291,3290,-36
22360,223600291,3325,-35
22360,223600291,3331,-37
22360,223600291,3336,-34
22360,223600291,3338,-35
22360,223600291,3344,-34
22360,223600291,3345,-38
22360,223600291,3346,-40
22360,223600291,3351,-39
22360,223600291,3354,-37
22360,223600291,3363,-43
22360,223600291,3366,-42
22360,223600291,3367,-38
22360,223600291,3368,-37
22360,223600291,3371,-39
22360,223600291,3374,-44
22360,223600291,3375,-43
22360,223600291,3377,-42
22360,223600291,3378,-39
22360,223600291,3381,-39
22360,223600291,3386,-42
22360,223600291,3387,-37
22360,223600291,3390,-47
22360,223600291,3391,-38
22360,223600291,3396,-32
22360,223600291,3399,-41
22360,223600291,3401,-40
22360,223600291,3406,-38
22360,223600291,3407,-40
22360,223600291,3408,-42
22360,223600291,3409,-44
22360,223600291,3410,-37
22360,223600291,3414,-41
22360,223600291,3415,-41
22360,223600291,3416,-40
22360,223600291,3419,-48
22360,223600291,3420,-43
22360,223600291,3421,-43
22360,223600291,3422,-41
22360,223600291,3423,-42
22360,223600291,3431,-43
22360,223600291,3435,-45
22360,223600291,3436,-44
22360,223600291,3437,-44
22360,223600291,3439,-46
22360,223600291,3443,-42
22360,223600291,3445,-50
22360,223600291,3446,-45
22360,223600291,3448,-47
22360,223600291,3454,-42
22360,223600291,3458,-44
22360,223600291,3472,-48
22360,223600291,3473,-46
22360,223600291,3478,-48
22360,223600291,3482,-44
22360,223600291,3483,-57
22360,223600291,3489,-55
22360,223600291,3490,-48
22360,223600291,3495,-40
22360,223600291,3498,-44
22360,223600291,3500,-45
22360,223600291,3502,-49
22360,223600291,3503,-50
22360,223600291,3505,-66
22360,223600291,3509,-47
22360,223600291,3511,-47
22360,223600291,3516,-50
22360,223600291,3518,-55
22360,223600291,3519,-49
22360,223600291,3525,-47
22360,223600291,3527,-48
22360,223600291,3530,-57
22360,223600291,3532,-57
22360,223600291,3533,-52
22360,223600291,3534,-55
22360,223600291,3535,-50
22360,223600291,3537,-64
22360,223600291,3543,-57
22360,223600291,3544,-56
22360,223600291,3552,-58
22360,223600291,3553,-65
22360,223600291,3556,-63
22360,223600291,3558,-69
22360,223600291,3563,-63
22360,223600291,3570,-72
22360,223600291,3575,-68
22360,223600291,3576,-61
22360,223600291,3579,-52
22360,223600291,3598,-54
22360,223600291,3600,-65
22360,223600291,3652,-78
22360,223600291,3662,-64
22360,223600291,3797,-87
22360,223600291,3822,-220
22360,223600291,3826,-140
22360,223600291,3827,-250
22360,223600291,3830,-190
22360,223600291,3833,-200
22360,223600291,3835,-170
22360,223600291,3839,-95
22360,223600291,3843,-99
22360,223600291,3902,-210
22360,223600291,3903,-960
22360,223600291,3907,-350
22360,223600291,3909,-350
22360,223600291,3910,-550
22360,223600291,3915,-260
22360,223600291,3917,-730
22360,223600291,3919,-320
22360,223600291,3929,-320
22360,223600291,3930,-300
22360,223600291,3932,-400
22360,223600291,3934,-710
22360,223600291,3935,-430
22360,223600291,3936,-840
22360,223600291,3937,-620
22360,223600291,3939,-820
22360,223600291,3941,-220
22360,223600291,3942,-1100
22360,223600291,3944,-300
22360,223600291,3945,-220
22360,223600291,3948,-1100
22360,223600291,3951,-2300
22360,223600291,3957,-1600
22360,223600291,3959,-700
22360,223600291,3961,-390
22360,223600291,3963,-380
22360,223600291,3964,-280
22360,223600291,3971,-560
22360,223600291,3972,-690
22360,223600291,3973,-680
22360,223600291,3976,-520
22360,223600291,3977,-3400
22360,223600291,3978,-1300
22360,223600291,3979,-490
22360,223600291,3980,-3600
22360,223600291,3981,-770
22360,223600291,3983,-830
22360,223600291,3986,-690
22360,223600291,3987,-450
22360,223600291,3990,-750
22360,223600291,3993,-340
22360,223600291,3994,-690
22360,223600291,3995,-1000
22360,223600291,3998,-550
22360,223600291,4003,-310
22360,223600291,4009,-1200
22360,223600291,4012,-300
22360,223600291,4013,-4800
22360,223600291,4014,-590
22360,223600291,4017,-650
22360,223600291,4019,-560
22360,223600291,4020,-990
22360,223600291,4022,-1100
22360,223600291,4024,-1600
22360,223600291,4026,-490
22360,223600291,4027,-330
22360,223600291,4028,-650
22360,223600291,4030,-480
22360,223600291,4031,-380
22360,223600291,4032,-580
22360,223600291,4033,-970
22360,223600291,4037,-930
22360,223600291,4040,-2600
22360,223600291,4042,-610
22360,223600291,4044,-700
22360,223600291,4045,-430
22360,223600291,4046,-840
22360,223600291,4047,-350
22360,223600291,4050,-790
22360,223600291,4051,-750
22360,223600291,4056,-790
22360,223600291,4060,-740
22360,223600291,4062,-400
22360,223600291,4064,-350
22360,223600291,4065,-1100
22360,223600291,4066,-170
22360,223600291,4067,-440
22360,223600291,4068,-360
22360,223600291,4069,-1300
22360,223600291,4070,-240
22360,223600291,4071,-430
22360,223600291,4073,-380
22360,223600291,4076,-810
22360,223600291,4077,-550
22360,223600291,4078,-330
22360,223600291,4079,-370
22360,223600291,4080,-1900
22360,223600291,4081,-560
22360,223600291,4082,-390
22360,223600291,4084,-460
22360,223600291,4085,-570
22360,223600291,4086,-540
22360,223600291,4092,-380
22360,223600292,755,-1.8
22360,223600292,854,-2
22360,223600292,928,-2.1
22360,223600292,930,-2.1
22360,223600292,1007,-3
22360,223600292,1036,-2.8
22360,223600292,1039,-3
22360,223600292,1073,-2.5
22360,223600292,1074,-2.9
22360,223600292,1086,-2.7
22360,223600292,1146,-2.6
22360,223600292,1153,-3.1
22360,223600292,1154,-3.1
22360,223600292,1179,-3.1
22360,223600292,1215,-3.2
22360,223600292,1217,-3.3
22360,223600292,1218,-3.3
22360,223600292,1219,-3.3
22360,223600292,1221,-3
22360,223600292,1224,-3.7
22360,223600292,1263,-3.4
22360,223600292,1326,-3.3
22360,223600292,1342,-3.6
22360,223600292,1357,-3.8
22360,223600292,1358,-4.2
22360,223600292,1359,-3.8
22360,223600292,1361,-4
22360,223600292,1362,-3.6
22360,223600292,1363,-3.4
22360,223600292,1364,-4.1
22360,223600292,1385,-4.1
22360,223600292,1388,-4.1
22360,223600292,1428,-3.9
22360,223600292,1430,-4.1
22360,223600292,1478,-4.1
22360,223600292,1482,-4.5
22360,223600292,1498,-4.4
22360,223600292,1500,-4.1
22360,223600292,1511,-3.9
22360,223600292,1512,-4.7
22360,223600292,1515,-4
22360,223600292,1517,-4.3
22360,223600292,1518,-4.7
22360,223600292,1560,-4.6
22360,223600292,1573,-4.7
22360,223600292,1574,-5.1
22360,223600292,1577,-4.6
22360,223600292,1596,-5
22360,223600292,1601,-5.3
22360,223600292,1602,-5.8
22360,223600292,1610,-5.1
22360,223600292,1638,-5.4
22360,223600292,1640,-5.3
22360,223600292,1641,-5.1
22360,223600292,1646,-5.4
22360,223600292,1648,-4.7
22360,223600292,1651,-4.9
22360,223600292,1653,-5.1
22360,223600292,1654,-5.4
22360,223600292,1657,-5
22360,223600292,1659,-4.8
22360,223600292,1661,-5.3
22360,223600292,1705,-5.3
22360,223600292,1709,-5.4
22360,223600292,1710,-5.1
22360,223600292,1712,-5.2
22360,223600292,1713,-6.1
22360,223600292,1727,-5.8
22360,223600292,1731,-6.1
22360,223600292,1741,-5.6
22360,223600292,1743,-5.7
22360,223600292,1747,-5.7
22360,223600292,1750,-6
22360,223600292,1754,-5.2
22360,223600292,1755,-5.4
22360,223600292,1769,-5.8
22360,223600292,1778,-5.8
22360,223600292,1781,-5
22360,223600292,1787,-6.6
22360,223600292,1788,-5.4
22360,223600292,1805,-5.7
22360,223600292,1807,-6.2
22360,223600292,1810,-6.1
22360,223600292,1812,-5.9
22360,223600292,1814,-6.6
22360,223600292,1874,-6.7
22360,223600292,1878,-4.6
22360,223600292,1883,-5.8
22360,223600292,1884,-6.3
22360,223600292,1903,-6
22360,223600292,1906,-6.1
22360,223600292,1915,-5.9
22360,223600292,1916,-6.7
22360,223600292,1922,-6.8
22360,223600292,1953,-6.2
22360,223600292,1954,-5.7
22360,223600292,1956,-6.6
22360,223600292,1957,-7.1
22360,223600292,1961,-7.7
22360,223600292,1966,-7.1
22360,223600292,1970,-7.2
22360,223600292,1971,-6.6
22360,223600292,1973,-6.7
22360,223600292,1976,-7.1
22360,223600292,1985,-6.6
22360,223600292,1990,-6.8
22360,223600292,1992,-6.3
22360,223600292,1995,-7.5
22360,223600292,2004,-7.2
22360,223600292,2010,-6.6
22360,223600292,2038,-8.1
22360,223600292,2041,-7.4
22360,223600292,2055,-5.4
22360,223600292,2062,-5.5
22360,223600292,2063,-5.6
22360,223600292,2066,-5.5
22360,223600292,2067,-5.8
22360,223600292,2071,-4.9
22360,223600292,2075,-5.3
22360,223600292,2076,-5.6
22360,223600292,2077,-5.8
22360,223600292,2078,-5.7
22360,223600292,2085,-5.7
22360,223600292,2086,-6
22360,223600292,2153,-6
22360,223600292,2178,-6.1
22360,223600292,2179,-6.9
22360,223600292,2183,-6.3
22360,223600292,2213,-7
22360,223600292,2220,-6.4
22360,223600292,2229,-7
22360,223600292,2231,-8.1
22360,223600292,2241,-7.4
22360,223600292,2242,-7.3
22360,223600292,2243,-6.5
22360,223600292,2246,-6.7
22360,223600292,2249,-7.2
22360,223600292,2251,-7.5
22360,223600292,2255,-7.6
22360,223600292,2279,-7.3
22360,223600292,2297,-7.7
22360,223600292,2300,-7
22360,223600292,2303,-8.6
22360,223600292,2309,-8.7
22360,223600292,2312,-8
22360,223600292,2318,-7.9
22360,223600292,2321,-8.2
22360,223600292,2327,-8.8
22360,223600292,2328,-7.9
22360,223600292,2341,-8
22360,223600292,2344,-7.6
22360,223600292,2346,-8.8
22360,223600292,2424,-9.3
22360,223600292,2428,-9.5
22360,223600292,2429,-9.4
22360,223600292,2436,-9.5
22360,223600292,2439,-9.6
22360,223600292,2441,-8.6
22360,223600292,2443,-9.5
22360,223600292,2478,-8.1
22360,223600292,2480,-11
22360,223600292,2484,-9.6
22360,223600292,2486,-9.8
22360,223600292,2487,-11
22360,223600292,2524,-11
22360,223600292,2532,-11
22360,223600292,2533,-10
22360,223600292,2538,-11
22360,223600292,2540,-12
22360,223600292,2541,-11
22360,223600292,2544,-10
22360,223600292,2545,-10
22360,223600292,2546,-11
22360,223600292,2547,-11
22360,223600292,2595,-11
22360,223600292,2601,-12
22360,223600292,2602,-12
22360,223600292,2607,-11
22360,223600292,2613,-12
22360,223600292,2624,-13
22360,223600292,2626,-12
22360,223600292,2627,-12
22360,223600292,2630,-13
22360,223600292,2631,-13
22360,223600292,2634,-11
22360,223600292,2638,-11
22360,223600292,2640,-12
22360,223600292,2643,-12
22360,223600292,2650,-13
22360,223600292,2665,-13
22360,223600292,2671,-12
22360,223600292,2675,-13
22360,223600292,2678,-13
22360,223600292,2679,-14
22360,223600292,2682,-14
22360,223600292,2683,-14
22360,223600292,2686,-14
22360,223600292,2694,-13
22360,223600292,2712,-13
22360,223600292,2715,-13
22360,223600292,2717,-13
22360,223600292,2720,-12
22360,223600292,2722,-13
22360,223600292,2724,-13
22360,223600292,2725,-13
22360,223600292,2727,-12
22360,223600292,2730,-14
22360,223600292,2744,-14
22360,223600292,2748,-15
22360,223600292,2750,-15
22360,223600292,2751,-14
22360,223600292,2754,-13
22360,223600292,2757,-15
22360,223600292,2758,-14
22360,223600292,2759,-14
22360,223600292,2760,-14
22360,223600292,2761,-14
22360,223600292,2764,-13
22360,223600292,2765,-13
22360,223600292,2769,-13
22360,223600292,2773,-14
22360,223600292,2776,-15
22360,223600292,2783,-14
22360,223600292,2784,-15
22360,223600292,2786,-13
22360,223600292,2788,-15
22360,223600292,2798,-13
22360,223600292,2799,-14
22360,223600292,2802,-16
22360,223600292,2806,-14
22360,223600292,2807,-15
22360,223600292,2811,-16
22360,223600292,2851,-17
22360,223600292,2855,-17
22360,223600292,2857,-19
22360,223600292,2861,-15
22360,223600292,2865,-19
22360,223600292,2867,-16
22360,223600292,2875,-15
22360,223600292,2883,-15
22360,223600292,2884,-15
22360,223600292,2887,-17
22360,223600292,2888,-14
22360,223600292,2890,-16
22360,223600292,2892,-17
22360,223600292,2893,-15
22360,223600292,2896,-18
22360,223600292,2897,-16
22360,223600292,2898,-17
22360,223600292,2899,-17
22360,223600292,2901,-20
22360,223600292,2904,-17
22360,223600292,2905,-18
22360,223600292,2906,-18
22360,223600292,2907,-16
22360,223600292,2912,-15
22360,223600292,2913,-18
22360,223600292,2915,-17
22360,223600292,2921,-15
22360,223600292,2923,-17
22360,223600292,2924,-15
22360,223600292,2929,-17
22360,223600292,2931,-17
22360,223600292,2933,-18
22360,223600292,2973,-19
22360,223600292,2975,-19
22360,223600292,2981,-17
22360,223600292,2983,-21
22360,223600292,2984,-21
22360,223600292,2986,-18
22360,223600292,2987,-20
22360,223600292,2989,-19
22360,223600292,2993,-18
22360,223600292,3039,-20
22360,223600292,3041,-21
22360,223600292,3044,-18
22360,223600292,3049,-19
22360,223600292,3051,-18
22360,223600292,3052,-22
22360,223600292,3062,-19
22360,223600292,3063,-18
22360,223600292,3066,-21
22360,223600292,3068,-20
22360,223600292,3077,-15
22360,223600292,3079,-16
22360,223600292,3082,-14
22360,223600292,3085,-14
22360,223600292,3089,-16
22360,223600292,3093,-14
22360,223600292,3094,-15
22360,223600292,3098,-14
22360,223600292,3100,-14
22360,223600292,3107,-14
22360,223600292,3112,-17
22360,223600292,3113,-15
22360,223600292,3114,-15
22360,223600292,3117,-17
22360,223600292,3121,-17
22360,223600292,3122,-17
22360,223600292,3125,-16
22360,223600292,3128,-16
22360,223600292,3129,-15
22360,223600292,3133,-17
22360,223600292,3134,-15
22360,223600292,3136,-15
22360,223600292,3138,-16
22360,223600292,3139,-17
22360,223600292,3144,-16
22360,223600292,3147,-18
22360,223600292,3148,-16
22360,223600292,3151,-17
22360,223600292,3180,-19
22360,223600292,3182,-18
22360,223600292,3189,-17
22360,223600292,3190,-17
22360,223600292,3191,-19
22360,223600292,3192,-21
22360,223600292,3198,-18
22360,223600292,3199,-18
22360,223600292,3201,-20
22360,223600292,3202,-18
22360,223600292,3209,-18
22360,223600292,3219,-19
22360,223600292,3221,-18
22360,223600292,3223,-20
22360,223600292,3224,-22
22360,223600292,3225,-21
22360,223600292,3227,-19
22360,223600292,3228,-20
22360,223600292,3231,-19
22360,223600292,3237,-20
22360,223600292,3240,-18
22360,223600292,3242,-18
22360,223600292,3244,-20
22360,223600292,3246,-19
22360,223600292,3248,-21
22360,223600292,3249,-19
22360,223600292,3254,-19
22360,223600292,3256,-21
22360,223600292,3258,-21
22360,223600292,3261,-22
22360,223600292,3270,-21
22360,223600292,3272,-22
22360,223600292,3273,-21
22360,223600292,3274,-20
22360,223600292,3280,-21
22360,223600292,3281,-25
22360,223600292,3284,-21
22360,223600292,3285,-22
22360,223600292,3288,-21
22360,223600292,3329,-25
22360,223600292,3341,-23
22360,223600292,3343,-27
22360,223600292,3344,-25
22360,223600292,3362,-25
22360,223600292,3369,-27
22360,223600292,3377,-25
22360,223600292,3379,-26
22360,223600292,3380,-31
22360,223600292,3403,-24
22360,223600292,3407,-27
22360,223600292,3420,-27
22360,223600292,3421,-32
22360,223600292,3423,-29
22360,223600292,3428,-33
22360,223600292,3432,-30
22360,223600292,3433,-28
22360,223600292,3434,-29
22360,223600292,3438,-32
22360,223600292,3441,-30
22360,223600292,3445,-34
22360,223600292,3447,-31
22360,223600292,3448,-29
22360,223600292,3451,-26
22360,223600292,3457,-35
22360,223600292,3491,-31
22360,223600292,3492,-31
22360,223600292,3493,-33
22360,223600292,3494,-32
22360,223600292,3499,-32
22360,223600292,3501,-33
22360,223600292,3503,-29
22360,223600292,3509,-42
22360,223600292,3511,-34
22360,223600292,3518,-42
22360,223600292,3521,-29
22360,223600292,3525,-35
22360,223600292,3532,-34
22360,223600292,3543,-34
22360,223600292,3550,-42
22360,223600292,3553,-36
22360,223600292,3561,-31
22360,223600292,3564,-35
22360,223600292,3569,-38
22360,223600292,3574,-31
22360,223600292,3583,-34
22360,223600292,3920,-74
22360,223600292,3924,-71
22360,223600292,4077,-79
22360,223600292,4081,-93
22360,223600331,2031,0
22724,22724007,140,0
22724,22724008,133,0
22741,22741002,358,0
22741,22741002,362,0
22741,22741006,1,0
22741,22741007,359,0
22741,22741007,366,0
22741,22741007,1672,0
22741,22741007,5065,0
22741,22741007,6228,0
22741,22741007,6231,0
22741,22741007,6237,0
22741,22741007,6241,0
22741,22741007,9902,0
22794,22794002,0,0
22794,22794002,1,0
22794,22794002,2,0
22794,22794002,3,0
22794,22794002,4,0
22794,22794002,5,0
22794,22794002,6,0
22794,22794002,7,0
22794,22794002,8,0
22794,22794002,9,0
22794,22794002,10,0
22794,22794002,11,0
22794,22794002,12,0
22794,22794002,13,0
22794,22794002,14,0
22794,22794002,15,0
22794,22794002,16,0
22794,22794002,17,0
22794,22794002,18,0
22794,22794002,19,0
22794,22794002,20,0
22794,22794002,21,0
22794,22794002,22,0
22794,22794002,23,0
22794,22794002,24,0
22794,22794002,25,0
22794,22794002,26,0
22794,22794003,0,0
22794,22794003,1,0
22794,22794003,2,0
22794,22794003,3,0
22794,22794003,4,0
22794,22794003,5,0
22794,22794003,6,0
22794,22794003,7,0
22794,22794003,8,0
22794,22794003,9,0
22794,22794003,10,0
22794,22794003,11,0
22794,22794003,12,0
22794,22794003,13,0
22794,22794003,14,0
22794,22794003,15,0
22794,22794003,16,0
22794,22794003,17,0
22794,22794003,18,0
22794,22794003,19,0
22794,22794003,20,0
22794,22794003,21,0
22794,22794003,22,0
22794,22794003,23,0
22794,22794003,24,0
22794,22794003,25,0
22794,22794003,26,0
22794,22794003,27,0
22794,22794003,28,0
22794,22794003,29,0
22794,22794003,30,0
22794,22794003,31,0
22794,22794003,32,0
22794,22794003,33,0
22794,22794003,34,0
22794,22794003,35,0
22794,22794003,36,0
22794,22794003,37,0
22794,22794003,38,0
22794,22794003,39,0
22794,22794004,0,0
22794,22794004,1,0
22794,22794004,2,0
22794,22794004,3,0
22794,22794004,4,0
22794,22794004,5,0
22794,22794004,6,0
22794,22794004,7,0
22794,22794004,8,0
22794,22794004,9,0
22794,22794004,10,0
22794,22794004,11,0
22794,22794004,12,0
22794,22794004,13,0
22794,22794004,14,0
22794,22794004,15,0
22794,22794004,16,0
22794,22794005,0,0
22794,22794005,1,0
22794,22794005,2,0
22794,22794005,3,0
22794,22794005,4,0
22794,22794006,0,0
22794,22794006,1,0
22794,22794006,2,0
22794,22794006,3,0
22794,22794006,4,0
22794,22794006,5,0
22794,22794006,6,0
22794,22794006,7,0
22794,22794006,8,0
22794,22794006,9,0
22794,22794006,10,0
22794,22794006,11,0
22794,22794006,12,0
22794,22794006,13,0
22794,22794006,14,0
22794,22794006,15,0
22794,22794006,16,0
22794,22794006,17,0
22794,22794006,18,0
22794,22794006,19,0
22794,22794006,20,0
22794,22794006,21,0
22794,22794006,22,0
22794,22794006,23,0
22794,22794006,24,0
22794,22794006,25,0
22794,22794007,0,0
22794,22794007,1,0
22794,22794007,2,0
22794,22794007,3,0
22794,22794008,0,0
22794,22794008,1,0
22794,22794008,2,0
22794,22794008,3,0
22794,22794008,4,0
22794,22794008,5,0
22794,22794008,6,0
22794,22794008,7,0
22794,22794008,8,0
22794,22794008,9,0
22794,22794008,10,0
22794,22794008,11,0
22794,22794008,12,0
22794,22794008,13,0
22794,22794008,14,0
22794,22794008,15,0
22794,22794008,16,0
22794,22794008,17,0
22794,22794008,18,0
22794,22794008,19,0
22794,22794008,20,0
22794,22794008,21,0
22794,22794008,22,0
22794,22794008,23,0
22794,22794008,24,0
22794,22794008,25,0
22794,22794008,26,0
22794,22794008,27,0
22794,22794008,28,0
22794,22794008,29,0
22794,22794008,30,0
22794,22794008,31,0
22794,22794009,0,0
22794,22794009,1,0
22794,22794009,2,0
22794,22794009,3,0
22794,22794009,4,0
22794,22794009,5,0
22794,22794009,6,0
22794,22794009,7,0
22794,22794009,8,0
22794,22794009,9,0
22794,22794009,10,0
22794,22794009,11,0
22794,22794009,12,0
22794,22794009,13,0
22794,22794009,14,0
22794,22794009,15,0
22794,22794009,16,0
22794,22794009,17,0
22794,22794009,18,0
22794,22794010,0,0
22794,22794010,1,0
22794,22794010,2,0
22794,22794010,3,0
22794,22794010,4,0
22794,22794010,5,0
22794,22794010,6,0
22794,22794010,7,0
22794,22794010,8,0
22794,22794010,9,0
22794,22794010,10,0
22794,22794010,11,0
22794,22794010,12,0
22794,22794010,13,0
22794,22794010,14,0
22794,22794010,15,0
22794,22794011,0,0
22794,22794011,1,0
22794,22794011,2,0
22794,22794011,3,0
22794,22794011,4,0
22794,22794011,5,0
22794,22794011,6,0
22794,22794011,7,0
22794,22794011,8,0
22794,22794011,9,0
22794,22794011,10,0
22794,22794011,11,0
22794,22794011,12,0
22794,22794011,13,0
22794,22794011,14,0
22794,22794011,15,0
22794,22794011,16,0
22794,22794011,17,0
22794,22794011,18,0
22794,22794011,19,0
22794,22794011,20,0
22794,22794011,21,0
22794,22794011,22,0
22794,22794011,23,0
22794,22794011,24,0
22794,22794011,25,0
22794,22794011,26,0
22794,22794011,27,0
22794,22794011,28,0
22794,22794011,29,0
22794,22794011,30,0
22794,22794011,31,0
22794,22794011,32,0
22794,22794011,33,0
22794,22794011,34,0
22794,22794011,35,0
22794,22794011,36,0
22794,22794011,37,0
22794,22794011,38,0
22794,22794011,39,0
22794,22794011,40,0
22794,22794011,41,0
22794,22794011,42,0
22794,22794011,43,0
22794,22794011,44,0
22794,22794011,45,0
22794,22794011,46,0
22794,22794011,47,0
22794,22794011,48,0
22794,22794011,49,0
22794,22794011,50,0
22794,22794011,51,0
22794,22794011,52,0
22794,22794011,53,0
22794,22794011,54,0
22794,22794011,55,0
22794,22794011,56,0
22794,22794011,57,0
22794,22794011,58,0
22794,22794011,59,0
22794,22794011,60,0
22794,22794011,61,0
22794,22794011,62,0
22794,22794011,63,0
22794,22794012,0,0
22794,22794012,1,0
22794,22794012,2,0
22794,22794012,3,0
22794,22794012,4,0
22794,22794012,5,0
22794,22794012,6,0
22794,22794012,7,0
22794,22794012,8,0
22794,22794012,9,0
22794,22794012,10,0
22794,22794012,11,0
22794,22794012,12,0
22794,22794012,13,0
22794,22794012,14,0
22794,22794012,15,0
22794,22794012,16,0
22794,22794012,17,0
22794,22794012,18,0
22794,22794012,19,0
22794,22794012,20,0
22794,22794012,21,0
22794,22794012,22,0
22794,22794012,23,0
22794,22794012,24,0
22794,22794012,25,0
22794,22794012,26,0
22794,22794012,27,0
22794,22794012,28,0
22794,22794012,29,0
22794,22794012,30,0
22794,22794012,31,0
22794,22794012,32,0
22794,22794012,33,0
22794,22794012,34,0
22794,22794012,35,0
22794,22794012,36,0
22794,22794012,37,0
22794,22794012,38,0
22794,22794012,39,0
22794,22794012,40,0
22794,22794012,41,0
22794,22794012,42,0
22794,22794012,43,0
22794,22794012,44,0
22794,22794012,45,0
22794,22794012,46,0
22794,22794012,47,0
22794,22794012,48,0
22794,22794012,49,0
22794,22794012,50,0
22794,22794012,51,0
22794,22794012,52,0
22794,22794012,53,0
22794,22794012,54,0
22794,22794013,0,0
22794,22794013,1,0
22794,22794013,2,0
22794,22794013,3,0
22794,22794013,4,0
22794,22794013,5,0
22794,22794013,6,0
22794,22794013,7,0
22794,22794013,8,0
22794,22794013,9,0
22794,22794013,10,0
22794,22794013,11,0
22794,22794013,12,0
22794,22794013,13,0
22794,22794013,14,0
22794,22794013,15,0
22794,22794013,16,0
22794,22794013,17,0
22794,22794013,18,0
22794,22794013,19,0
22794,22794013,20,0
22794,22794013,21,0
22794,22794013,22,0
22794,22794013,23,0
22794,22794013,24,0
22794,22794013,25,0
22794,22794013,26,0
22794,22794013,27,0
22794,22794013,28,0
22794,22794013,29,0
22794,22794013,30,0
22794,22794013,31,0
22794,22794013,32,0
22794,22794013,33,0
22794,22794013,34,0
22794,22794013,35,0
22794,22794013,36,0
22794,22794014,0,0
22794,22794014,1,0
22794,22794014,2,0
22794,22794014,3,0
22794,22794014,4,0
22794,22794014,5,0
22794,22794014,6,0
22794,22794014,7,0
22794,22794014,8,0
22794,22794014,9,0
22794,22794014,10,0
22794,22794014,11,0
22794,22794014,12,0
22794,22794014,13,0
22794,22794014,14,0
22794,22794014,15,0
22794,22794014,16,0
22794,22794014,17,0
22794,22794014,18,0
22794,22794014,19,0
22794,22794014,20,0
22794,22794014,21,0
22794,22794014,22,0
22794,22794014,23,0
22794,22794014,24,0
22794,22794014,25,0
22794,22794014,26,0
22794,22794014,27,0
22794,22794014,28,0
22794,22794014,29,0
22794,22794014,30,0
22794,22794014,31,0
22794,22794014,32,0
22794,22794014,33,0
22794,22794014,34,0
22794,22794014,35,0
22794,22794014,36,0
22794,22794014,37,0
22794,22794014,38,0
22794,22794014,39,0
22794,22794014,40,0
22794,22794014,41,0
22794,22794014,42,0
22794,22794014,43,0
22794,22794014,44,0
22794,22794014,45,0
22794,22794014,46,0
22794,22794014,47,0
22794,22794015,0,0
22794,22794015,1,0
22794,22794015,2,0
22794,22794015,3,0
22794,22794015,4,0
22794,22794015,5,0
22794,22794015,6,0
22794,22794015,7,0
22794,22794015,8,0
22794,22794015,9,0
22794,22794015,10,0
22794,22794015,11,0
22794,22794015,12,0
22794,22794015,13,0
22794,22794015,14,0
22794,22794015,15,0
22794,22794015,16,0
22794,22794015,17,0
22794,22794015,18,0
22794,22794015,19,0
22794,22794015,20,0
22794,22794015,21,0
22794,22794015,22,0
22794,22794015,23,0
22794,22794015,24,0
22794,22794015,25,0
22794,22794015,26,0
22794,22794015,27,0
22794,22794015,28,0
22794,22794015,29,0
22794,22794015,30,0
22794,22794015,31,0
22794,22794016,0,0
22794,22794016,1,0
22794,22794016,2,0
22794,22794016,3,0
22794,22794016,4,0
22794,22794016,5,0
22794,22794016,6,0
22794,22794016,7,0
22794,22794016,8,0
22794,22794016,9,0
22794,22794016,10,0
22794,22794016,11,0
22794,22794016,12,0
22794,22794016,13,0
22794,22794016,14,0
22794,22794016,15,0
22794,22794016,16,0
22794,22794016,17,0
22794,22794016,18,0
22794,22794016,19,0
22794,22794016,20,0
22794,22794016,21,0
22794,22794016,22,0
22794,22794016,23,0
22794,22794016,24,0
22794,22794016,25,0
22794,22794016,26,0
22794,22794016,27,0
22794,22794016,28,0
22794,22794016,29,0
22794,22794016,30,0
22794,22794016,31,0
22794,22794016,32,0
22794,22794016,33,0
22794,22794016,34,0
22794,22794016,35,0
22794,22794016,36,0
22794,22794016,37,0
22794,22794016,38,0
22794,22794016,39,0
22794,22794018,0,0
22794,22794018,1,0
22794,22794018,2,0
22794,22794018,3,0
22794,22794018,4,0
22794,22794018,5,0
22794,22794018,6,0
22794,22794018,7,0
22794,22794018,8,0
22794,22794018,9,0
22794,22794018,10,0
22794,22794018,11,0
22794,22794018,12,0
22794,22794018,13,0
22794,22794018,14,0
22794,22794020,0,0
22794,22794020,1,0
22794,22794020,2,0
22794,22794020,3,0
22794,22794020,4,0
22794,22794020,5,0
22794,22794020,6,0
22794,22794020,7,0
22794,22794020,8,0
22794,22794020,9,0
22794,22794020,10,0
22794,22794020,11,0
22794,22794020,12,0
22794,22794020,13,0
22794,22794020,14,0
22794,22794020,15,0
22794,22794020,16,0
22794,22794020,17,0
22794,22794020,18,0
22794,22794020,19,0
22794,22794020,20,0
22794,22794020,21,0
22794,22794020,22,0
22794,22794020,23,0
22794,22794022,0,0
22794,22794022,1,0
22794,22794022,2,0
22794,22794022,3,0
22794,22794022,4,0
22794,22794022,5,0
22794,22794022,6,0
22794,22794022,7,0
22794,22794022,8,0
22794,22794022,9,0
22794,22794022,10,0
22794,22794022,11,0
22794,22794022,12,0
22794,22794022,13,0
22794,22794022,14,0
22794,22794022,15,0
22794,22794022,16,0
22794,22794022,17,0
22794,22794022,18,0
22794,22794022,19,0
22794,22794022,20,0
22794,22794022,21,0
22794,22794022,22,0
22794,22794022,23,0
22794,22794022,24,0
22794,22794022,25,0
22794,22794022,26,0
22794,22794022,27,0
22794,22794022,28,0
22794,22794022,29,0
22794,22794022,30,0
22794,22794022,31,0
22794,22794022,32,0
22794,22794022,33,0
22794,22794022,34,0
22794,22794022,35,0
22794,22794022,36,0
22794,22794022,37,0
22794,22794022,38,0
22794,22794022,39,0
22794,22794022,40,0
22794,22794022,41,0
22794,22794022,42,0
22794,22794022,43,0
22794,22794022,44,0
22794,22794022,45,0
22794,22794022,46,0
22794,22794022,47,0
22794,22794022,48,0
22794,22794022,49,0
22794,22794022,50,0
22794,22794022,51,0
22794,22794022,52,0
22794,22794022,53,0
22794,22794022,54,0
22794,22794022,55,0
22794,22794022,56,0
22794,22794022,57,0
22794,22794022,58,0
22794,22794022,59,0
22794,22794022,60,0
22794,22794022,61,0
22794,22794022,62,0
22794,22794022,63,0
22794,22794022,64,0
22794,22794022,65,0
22794,22794022,66,0
22794,22794022,67,0
22794,22794022,68,0
22794,22794022,69,0
22794,22794022,70,0
22794,22794022,71,0
22794,22794022,72,0
22794,22794022,73,0
22794,22794022,74,0
22794,22794022,75,0
22794,22794022,76,0
22794,22794022,77,0
22794,22794022,78,0
22794,22794022,79,0
22794,22794022,80,0
22794,22794022,81,0
22794,22794022,82,0
22794,22794022,83,0
22794,22794022,84,0
22794,22794022,85,0
22794,22794022,86,0
22794,22794022,87,0
22794,22794022,88,0
22794,22794022,89,0
22794,22794022,90,0
22794,22794023,0,0
22794,22794023,1,0
22794,22794023,2,0
22794,22794023,3,0
22794,22794023,4,0
22794,22794023,5,0
22794,22794023,6,0
22794,22794023,7,0
22794,22794023,8,0
22794,22794023,9,0
22794,22794023,10,0
22794,22794023,11,0
22794,22794023,12,0
22794,22794023,13,0
22794,22794023,14,0
22794,22794023,15,0
22794,22794023,16,0
22794,22794023,17,0
22794,22794023,18,0
22794,22794023,19,0
22794,22794023,20,0
22794,22794023,21,0
22794,22794023,22,0
22794,22794023,23,0
22794,22794023,24,0
22794,22794023,25,0
22794,22794023,26,0
22794,22794023,27,0
22794,22794023,28,0
22794,22794023,29,0
22794,22794023,30,0
22794,22794023,31,0
22794,22794023,32,0
22794,22794023,33,0
22794,22794023,34,0
22794,22794023,35,0
22794,22794023,36,0
22794,22794023,37,0
22794,22794023,38,0
22794,22794023,39,0
22794,22794023,40,0
22794,22794023,41,0
22794,22794023,42,0
22794,22794023,43,0
22794,22794023,44,0
22794,22794023,45,0
22794,22794023,46,0
22794,22794023,47,0
22794,22794023,48,0
22794,22794023,49,0
22794,22794023,50,0
22794,22794023,51,0
22794,22794023,52,0
22794,22794023,53,0
22794,22794023,54,0
22794,22794023,55,0
22794,22794023,56,0
22794,22794023,57,0
22794,22794023,58,0
22794,22794023,59,0
22794,22794023,60,0
22794,22794023,61,0
22794,22794023,62,0
22794,22794023,63,0
22794,22794024,0,0
22794,22794024,1,0
22794,22794024,2,0
22794,22794024,3,0
22794,22794024,4,0
22794,22794024,5,0
22794,22794024,6,0
22794,22794024,7,0
22794,22794024,8,0
22794,22794024,9,0
22794,22794024,10,0
22794,22794024,11,0
22794,22794024,12,0
22794,22794024,13,0
22794,22794024,14,0
22794,22794024,15,0
22794,22794024,16,0
22794,22794024,17,0
22794,22794024,18,0
22794,22794024,19,0
22794,22794024,20,0
22794,22794024,21,0
22794,22794024,22,0
22794,22794024,23,0
22794,22794024,24,0
22794,22794024,25,0
22794,22794024,26,0
22794,22794024,27,0
22794,22794024,28,0
22794,22794024,29,0
22794,22794024,30,0
22794,22794024,31,0
22794,22794024,32,0
22794,22794024,33,0
22794,22794024,34,0
22794,22794024,35,0
22794,22794024,36,0
22794,22794024,37,0
22794,22794024,38,0
22794,22794024,39,0
22794,22794024,40,0
22794,22794024,41,0
22794,22794024,42,0
22794,22794024,43,0
22794,22794024,44,0
22794,22794024,45,0
22794,22794024,46,0
22794,22794024,47,0
22794,22794024,48,0
22794,22794024,49,0
22794,22794024,50,0
22794,22794024,51,0
22794,22794024,52,0
22794,22794024,53,0
22794,22794025,0,0
22794,22794025,1,0
22794,22794025,2,0
22794,22794025,3,0
22794,22794025,4,0
22794,22794025,5,0
22794,22794025,6,0
22794,22794025,7,0
22794,22794025,8,0
22794,22794025,9,0
22794,22794025,10,0
22794,22794025,11,0
22794,22794025,12,0
22794,22794025,13,0
22794,22794025,14,0
22794,22794025,15,0
22794,22794025,16,0
22794,22794025,17,0
22794,22794025,18,0
22794,22794025,19,0
22794,22794025,20,0
22794,22794025,21,0
22794,22794025,22,0
22794,22794025,23,0
22794,22794025,24,0
22794,22794025,25,0
22794,22794025,26,0
22794,22794025,27,0
22794,22794025,28,0
22794,22794025,29,0
22794,22794025,30,0
22794,22794025,31,0
22794,22794025,32,0
22794,22794025,33,0
22794,22794025,34,0
22794,22794025,35,0
22794,22794025,36,0
22794,22794025,37,0
22794,22794025,38,0
22794,22794025,39,0
22794,22794025,40,0
22794,22794025,41,0
22794,22794025,42,0
22794,22794025,43,0
22794,22794025,44,0
22794,22794025,45,0
22794,22794025,46,0
22794,22794025,47,0
22794,22794025,48,0
22794,22794025,49,0
22794,22794025,50,0
22794,22794025,51,0
22794,22794025,52,0
22794,22794025,53,0
22794,22794025,54,0
22794,22794025,55,0
22794,22794025,56,0
22794,22794025,57,0
22794,22794025,58,0
22794,22794025,59,0
22794,22794025,60,0
22794,22794025,61,0
22794,22794025,62,0
22794,22794025,63,0
22794,22794025,64,0
22794,22794025,65,0
22794,22794025,66,0
22794,22794026,0,0
22794,22794026,1,0
22794,22794026,2,0
22794,22794026,3,0
22794,22794026,4,0
22794,22794026,5,0
22794,22794026,6,0
22794,22794026,7,0
22794,22794026,8,0
22794,22794026,9,0
22794,22794026,10,0
22794,22794026,11,0
22794,22794026,12,0
22794,22794026,13,0
22794,22794026,14,0
22794,22794026,15,0
22794,22794026,16,0
22794,22794026,17,0
22794,22794026,18,0
22794,22794026,19,0
22794,22794026,20,0
22794,22794026,21,0
22794,22794026,22,0
22794,22794026,23,0
22794,22794026,24,0
22794,22794026,25,0
22794,22794026,26,0
22794,22794026,27,0
22794,22794026,28,0
22794,22794026,29,0
22794,22794026,30,0
22794,22794026,31,0
22794,22794026,32,0
22794,22794026,33,0
22794,22794026,34,0
22794,22794026,35,0
22794,22794026,36,0
22794,22794026,37,0
22794,22794026,38,0
22794,22794026,39,0
22794,22794026,40,0
22794,22794026,41,0
22794,22794026,42,0
22794,22794026,43,0
22794,22794026,44,0
22794,22794026,45,0
22794,22794026,46,0
22794,22794026,47,0
22794,22794026,48,0
22794,22794027,0,0
22794,22794027,1,0
22794,22794027,2,0
22794,22794027,3,0
22794,22794027,4,0
22794,22794027,5,0
22794,22794027,6,0
22794,22794027,7,0
22794,22794027,8,0
22794,22794027,9,0
22794,22794027,10,0
22794,22794027,11,0
22794,22794027,12,0
22794,22794027,13,0
22794,22794027,14,0
22794,22794027,15,0
22794,22794027,16,0
22794,22794027,17,0
22794,22794027,18,0
22794,22794027,19,0
22794,22794027,20,0
22794,22794027,21,0
22794,22794027,22,0
22794,22794027,23,0
22794,22794027,24,0
22794,22794027,25,0
22794,22794027,26,0
22794,22794027,27,0
22794,22794027,28,0
22794,22794027,29,0
22794,22794027,30,0
22794,22794027,31,0
22794,22794027,32,0
22794,22794027,33,0
22794,22794027,34,0
22794,22794027,35,0
22794,22794027,36,0
22794,22794027,37,0
22794,22794027,38,0
22794,22794027,39,0
22794,22794027,40,0
22794,22794027,41,0
22794,22794027,42,0
22794,22794027,43,0
22794,22794027,44,0
22794,22794027,45,0
22794,22794027,46,0
22794,22794028,0,0
22794,22794028,1,0
22794,22794028,2,0
22794,22794028,3,0
22794,22794028,4,0
22794,22794028,5,0
22794,22794028,6,0
22794,22794028,7,0
22794,22794028,8,0
22794,22794028,9,0
22794,22794028,10,0
22794,22794028,11,0
22794,22794028,12,0
22794,22794028,13,0
22794,22794028,14,0
22794,22794028,15,0
22794,22794028,16,0
22794,22794028,17,0
22794,22794028,18,0
22794,22794028,19,0
22794,22794028,20,0
22794,22794028,21,0
22794,22794029,0,0
22794,22794030,0,0
22794,22794030,1,0
22794,22794030,2,0
22794,22794030,3,0
22794,22794030,4,0
22794,22794030,5,0
22794,22794030,6,0
22794,22794030,7,0
22794,22794030,8,0
22794,22794030,9,0
22794,22794030,10,0
22794,22794030,11,0
22794,22794030,12,0
22794,22794030,13,0
22794,22794030,14,0
22794,22794030,15,0
22794,22794030,16,0
22794,22794030,17,0
22794,22794030,18,0
22794,22794030,19,0
22794,22794030,20,0
22794,22794030,21,0
22794,22794030,22,0
22794,22794030,23,0
22794,22794030,24,0
22794,22794030,25,0
22794,22794030,26,0
22794,22794030,27,0
22794,22794030,28,0
22794,22794030,29,0
22794,22794030,30,0
22794,22794030,31,0
22794,22794030,32,0
22794,22794030,33,0
22794,22794030,34,0
22794,22794030,35,0
22794,22794030,36,0
22794,22794030,37,0
22794,22794030,38,0
22794,22794030,39,0
22794,22794030,40,0
22794,22794030,41,0
22794,22794030,42,0
22794,22794030,43,0
22794,22794031,0,0
22794,22794031,1,0
22794,22794031,2,0
22794,22794031,3,0
22794,22794031,4,0
22794,22794031,5,0
22794,22794031,6,0
22794,22794031,7,0
22794,22794031,8,0
22794,22794031,9,0
22794,22794031,10,0
22794,22794031,11,0
22794,22794031,12,0
22794,22794031,13,0
22794,22794031,14,0
22794,22794031,15,0
22794,22794031,16,0
22794,22794031,17,0
22794,22794031,18,0
22794,22794031,19,0
22794,22794031,20,0
22794,22794031,21,0
22794,22794031,22,0
22794,22794031,23,0
22794,22794031,24,0
22794,22794031,25,0
22794,22794031,26,0
22794,22794031,27,0
22794,22794031,28,0
22794,22794031,29,0
22794,22794031,30,0
22794,22794032,0,0
22794,22794032,1,0
22794,22794032,2,0
22794,22794032,3,0
22794,22794032,4,0
22794,22794032,5,0
22794,22794032,6,0
22794,22794032,7,0
22794,22794032,8,0
22794,22794032,9,0
22794,22794032,10,0
22794,22794032,11,0
22794,22794032,12,0
22794,22794032,13,0
22794,22794032,14,0
22794,22794032,15,0
22794,22794032,16,0
22794,22794032,17,0
22794,22794032,18,0
22794,22794033,0,0
22794,22794033,1,0
22794,22794033,2,0
22794,22794033,3,0
22794,22794033,4,0
22794,22794033,5,0
22794,22794033,6,0
22794,22794033,7,0
22794,22794033,8,0
22794,22794033,9,0
22794,22794035,0,0
22794,22794035,1,0
22794,22794035,2,0
22794,22794035,3,0
22794,22794035,4,0
22794,22794035,5,0
22794,22794035,6,0
22794,22794035,7,0
22794,22794035,8,0
22794,22794035,9,0
22794,22794035,10,0
22794,22794035,11,0
22794,22794035,12,0
22794,22794035,13,0
22794,22794035,14,0
22794,22794035,15,0
22794,22794035,16,0
22794,22794035,17,0
22794,22794035,18,0
22794,22794035,19,0
22794,22794035,20,0
22794,22794035,21,0
22794,22794035,22,0
22794,22794035,23,0
22794,22794035,24,0
22794,22794035,25,0
22794,22794035,26,0
22794,22794035,27,0
22794,22794035,28,0
22794,22794035,29,0
22794,22794035,30,0
22794,22794035,31,0
22794,22794035,32,0
22794,22794035,33,0
22794,22794035,34,0
22794,22794035,35,0
22794,22794035,36,0
22794,22794035,37,0
22794,22794035,38,0
22794,22794035,39,0
22794,22794035,40,0
22794,22794035,41,0
22794,22794035,42,0
22794,22794035,43,0
22794,22794035,44,0
22794,22794035,45,0
22794,22794035,46,0
22794,22794035,47,0
22794,22794035,48,0
22794,22794035,49,0
22794,22794035,50,0
22794,22794035,51,0
22794,22794035,52,0
22794,22794035,53,0
22794,22794035,54,0
22794,22794035,55,0
22794,22794035,56,0
22794,22794035,57,0
22794,22794035,58,0
22794,22794035,59,0
22794,22794035,60,0
22794,22794035,61,0
22794,22794035,62,0
22794,22794035,63,0
22794,22794035,64,0
22794,22794035,65,0
22794,22794035,66,0
22794,22794035,67,0
22794,22794035,68,0
22794,22794035,69,0
22794,22794035,70,0
22794,22794035,71,0
22794,22794035,72,0
22794,22794035,73,0
22794,22794035,74,0
22794,22794035,75,0
22794,22794035,76,0
22794,22794035,77,0
22794,22794036,0,0
22794,22794036,1,0
22794,22794036,2,0
22794,22794036,3,0
22794,22794036,4,0
22794,22794036,5,0
22794,22794036,6,0
22794,22794036,7,0
22794,22794036,8,0
22794,22794036,9,0
22794,22794036,10,0
22794,22794036,11,0
22794,22794036,12,0
22794,22794036,13,0
22794,22794036,14,0
22794,22794036,15,0
22794,22794036,16,0
22794,22794036,17,0
22794,22794036,18,0
22794,22794036,19,0
22794,22794036,20,0
22794,22794036,21,0
22794,22794036,22,0
22794,22794036,23,0
22794,22794036,24,0
22794,22794036,25,0
22794,22794036,26,0
22794,22794036,27,0
22794,22794036,28,0
22794,22794036,29,0
22794,22794036,30,0
22794,22794036,31,0
22794,22794036,32,0
22794,22794036,33,0
22794,22794036,34,0
22794,22794036,35,0
22794,22794036,36,0
22794,22794036,37,0
22794,22794036,38,0
22794,22794036,39,0
22794,22794036,40,0
22794,22794036,41,0
22794,22794036,42,0
22794,22794036,43,0
22794,22794036,44,0
22794,22794036,45,0
22794,22794036,46,0
22794,22794036,47,0
22794,22794036,48,0
22794,22794036,49,0
22794,22794036,50,0
22794,22794036,51,0
22794,22794036,52,0
22794,22794036,53,0
22794,22794036,54,0
22794,22794036,55,0
22794,22794036,56,0
22794,22794036,57,0
22794,22794036,58,0
22794,22794036,59,0
22794,22794036,60,0
22794,22794036,61,0
22794,22794037,0,0
22794,22794037,1,0
22794,22794037,2,0
22794,22794037,3,0
22794,22794037,4,0
22794,22794037,5,0
22794,22794037,6,0
22794,22794037,7,0
22794,22794037,8,0
22794,22794037,9,0
22794,22794037,10,0
22794,22794037,11,0
22794,22794037,12,0
22794,22794037,13,0
22794,22794037,14,0
22794,22794037,15,0
22794,22794037,16,0
22794,22794037,17,0
22794,22794037,18,0
22794,22794037,19,0
22794,22794037,20,0
22794,22794037,21,0
22794,22794037,22,0
22794,22794037,23,0
22794,22794037,24,0
22794,22794037,25,0
22794,22794037,26,0
22794,22794037,27,0
22794,22794037,28,0
22794,22794037,29,0
22794,22794037,30,0
22794,22794037,31,0
22794,22794037,32,0
22794,22794037,33,0
22794,22794037,34,0
22794,22794037,35,0
22794,22794037,36,0
22794,22794037,37,0
22794,22794037,38,0
22794,22794037,39,0
22794,22794037,40,0
22794,22794037,41,0
22794,22794037,42,0
22794,22794037,43,0
22794,22794037,44,0
22794,22794037,45,0
22794,22794037,46,0
22794,22794037,47,0
22794,22794037,48,0
22794,22794037,49,0
22794,22794037,50,0
22794,22794037,51,0
22794,22794037,52,0
22794,22794038,0,0
22794,22794038,1,0
22794,22794038,2,0
22794,22794038,3,0
22794,22794038,4,0
22794,22794038,5,0
22794,22794038,6,0
22794,22794038,7,0
22794,22794038,8,0
22794,22794038,9,0
22794,22794038,10,0
22794,22794038,11,0
22794,22794038,12,0
22794,22794038,13,0
22794,22794038,14,0
22794,22794038,15,0
22794,22794038,16,0
22794,22794038,17,0
22794,22794038,18,0
22794,22794038,19,0
22794,22794038,20,0
22794,22794038,21,0
22794,22794038,22,0
22794,22794038,23,0
22794,22794038,24,0
22794,22794038,25,0
22794,22794038,26,0
22794,22794038,27,0
22794,22794038,28,0
22794,22794038,29,0
22794,22794038,30,0
22794,22794038,31,0
22794,22794038,32,0
22794,22794038,33,0
22794,22794038,34,0
22794,22794038,35,0
22794,22794038,36,0
22794,22794038,37,0
22794,22794038,38,0
22794,22794038,39,0
22794,22794038,40,0
22794,22794038,41,0
22794,22794038,42,0
22794,22794038,43,0
22794,22794038,44,0
22794,22794038,45,0
22794,22794038,46,0
22794,22794038,47,0
22794,22794038,48,0
22794,22794038,49,0
22794,22794038,50,0
22794,22794038,51,0
22794,22794038,52,0
22794,22794038,53,0
22794,22794038,54,0
22794,22794038,55,0
22794,22794038,56,0
22794,22794038,57,0
22794,22794038,58,0
22794,22794039,0,0
22794,22794039,1,0
22794,22794039,2,0
22794,22794039,3,0
22794,22794039,4,0
22794,22794039,5,0
22794,22794039,6,0
22794,22794039,7,0
22794,22794039,8,0
22794,22794039,9,0
22794,22794039,10,0
22794,22794039,11,0
22794,22794039,12,0
22794,22794039,13,0
22794,22794039,14,0
22794,22794039,15,0
22794,22794039,16,0
22794,22794039,17,0
22794,22794040,0,0
22794,22794040,1,0
22794,22794040,2,0
22794,22794040,3,0
22794,22794040,4,0
22794,22794040,5,0
22794,22794040,6,0
22794,22794040,7,0
22794,22794040,8,0
22794,22794040,9,0
22794,22794040,10,0
22794,22794040,11,0
22794,22794040,12,0
22794,22794040,13,0
22794,22794040,14,0
22794,22794040,15,0
22794,22794040,16,0
22794,22794040,17,0
22794,22794040,18,0
22794,22794040,19,0
22794,22794040,20,0
22794,22794040,21,0
22794,22794040,22,0
22794,22794040,23,0
22794,22794040,24,0
22794,22794040,25,0
22794,22794040,26,0
22794,22794040,27,0
22794,22794040,28,0
22794,22794040,29,0
22794,22794041,0,0
22794,22794041,1,0
22794,22794041,2,0
22794,22794041,3,0
22794,22794041,4,0
22794,22794041,5,0
22794,22794041,6,0
22794,22794041,7,0
22794,22794041,8,0
22794,22794041,9,0
22794,22794041,10,0
22794,22794041,11,0
22794,22794041,12,0
22794,22794042,0,0
22794,22794042,1,0
22794,22794042,2,0
22794,22794042,3,0
22794,22794043,0,0
22794,22794043,1,0
22794,22794043,2,0
22794,22794043,3,0
22794,22794043,4,0
22794,22794043,5,0
22794,22794043,6,0
22794,22794043,7,0
22794,22794043,8,0
22794,22794043,9,0
22794,22794043,10,0
22794,22794043,11,0
22794,22794043,12,0
22794,22794043,13,0
22794,22794043,14,0
22794,22794043,15,0
22794,22794043,16,0
22794,22794043,17,0
22794,22794043,18,0
22794,22794043,19,0
22794,22794043,20,0
22794,22794043,21,0
22794,22794043,22,0
22794,22794043,23,0
22794,22794044,0,0
22794,22794044,1,0
22794,22794044,2,0
22794,22794044,3,0
22794,22794044,4,0
22794,22794044,5,0
22794,22794044,6,0
22794,22794044,7,0
22794,22794044,8,0
22794,22794044,9,0
22794,22794044,10,0
22794,22794044,11,0
22794,22794044,12,0
22794,22794044,13,0
22794,22794045,0,0
22794,22794045,1,0
22794,22794045,2,0
22794,22794045,3,0
22794,22794045,4,0
22794,22794045,5,0
22794,22794045,6,0
22794,22794047,0,0
22794,22794047,1,0
22794,22794047,2,0
22794,22794048,0,0
22794,22794048,1,0
22794,22794048,2,0
22794,22794048,3,0
22794,22794048,4,0
22794,22794048,5,0
22794,22794048,6,0
22794,22794048,7,0
22794,22794048,8,0
22794,22794048,9,0
22794,22794048,10,0
22794,22794048,11,0
22794,22794048,12,0
22794,22794048,13,0
22794,22794048,14,0
22794,22794048,15,0
22794,22794048,16,0
22794,22794048,17,0
22794,22794048,18,0
22794,22794048,19,0
22794,22794048,20,0
22794,22794048,21,0
22794,22794048,22,0
22794,22794049,0,0
22794,22794049,1,0
22794,22794049,2,0
22794,22794049,3,0
22794,22794049,4,0
22794,22794049,5,0
22794,22794049,6,0
22794,22794049,7,0
22794,22794049,8,0
22794,22794049,9,0
22794,22794049,10,0
22794,22794049,11,0
22794,22794050,0,0
22794,22794050,1,0
22794,22794050,2,0
22794,22794050,3,0
22794,22794050,4,0
22794,22794050,5,0
22794,22794050,6,0
22794,22794050,7,0
22794,22794050,8,0
22794,22794050,9,0
22794,22794050,10,0
22794,22794050,11,0
22794,22794050,12,0
22794,22794050,13,0
22794,22794050,14,0
22794,22794050,15,0
22794,22794050,16,0
22794,22794050,17,0
22794,22794050,18,0
22794,22794050,19,0
22794,22794050,20,0
22794,22794050,21,0
22794,22794050,22,0
22794,22794050,23,0
22794,22794050,24,0
22794,22794050,25,0
22794,22794050,26,0
22794,22794050,27,0
22794,22794050,28,0
22794,22794050,29,0
22794,22794050,30,0
22794,22794050,31,0
22794,22794050,32,0
22794,22794050,33,0
22794,22794050,34,0
22794,22794050,35,0
22794,22794050,36,0
22794,22794050,37,0
22794,22794050,38,0
22794,22794050,39,0
22794,22794050,40,0
22794,22794050,41,0
22794,22794050,42,0
22794,22794050,43,0
22794,22794050,44,0
22794,22794050,45,0
22794,22794050,46,0
22794,22794050,47,0
22794,22794050,48,0
22794,22794050,49,0
22794,22794050,50,0
22794,22794050,51,0
22794,22794050,52,0
22794,22794050,53,0
22794,22794050,54,0
22794,22794050,55,0
22794,22794050,56,0
22794,22794050,57,0
22794,22794050,58,0
22794,22794050,59,0
22794,22794050,60,0
22794,22794050,61,0
22794,22794050,62,0
22794,22794050,63,0
22794,22794050,64,0
22794,22794050,65,0
22794,22794050,66,0
22794,22794050,67,0
22794,22794050,68,0
22794,22794050,69,0
22794,22794050,70,0
22794,22794050,71,0
22794,22794050,72,0
22794,22794050,73,0
22794,22794050,74,0
22794,22794050,75,0
22794,22794050,76,0
22794,22794050,77,0
22794,22794050,78,0
22794,22794050,79,0
22794,22794050,80,0
22794,22794050,81,0
22794,22794050,82,0
22794,22794050,83,0
22794,22794050,84,0
22794,22794050,85,0
22794,22794050,86,0
22794,22794050,87,0
22794,22794050,88,0
22794,22794051,0,0
22794,22794051,1,0
22794,22794051,2,0
22794,22794051,3,0
22794,22794051,4,0
22794,22794051,5,0
22794,22794051,6,0
22794,22794051,7,0
22794,22794051,8,0
22794,22794051,9,0
22794,22794051,10,0
22794,22794051,11,0
22794,22794051,12,0
22794,22794051,13,0
22794,22794051,14,0
22794,22794051,15,0
22794,22794051,16,0
22794,22794051,17,0
22794,22794051,18,0
22794,22794051,19,0
22794,22794051,20,0
22794,22794051,21,0
22794,22794051,22,0
22794,22794051,23,0
22794,22794051,24,0
22794,22794051,25,0
22794,22794051,26,0
22794,22794051,27,0
22794,22794051,28,0
22794,22794051,29,0
22794,22794051,30,0
22794,22794051,31,0
22794,22794051,32,0
22794,22794051,33,0
22794,22794051,34,0
22794,22794051,35,0
22794,22794051,36,0
22794,22794051,37,0
22794,22794051,38,0
22794,22794051,39,0
22794,22794051,40,0
22794,22794051,41,0
22794,22794051,42,0
22794,22794051,43,0
22794,22794051,44,0
22794,22794051,45,0
22794,22794051,46,0
22794,22794051,47,0
22794,22794051,48,0
22794,22794051,49,0
22794,22794051,50,0
22794,22794051,51,0
22794,22794051,52,0
22794,22794051,53,0
22794,22794051,54,0
22794,22794051,55,0
22794,22794051,56,0
22794,22794051,57,0
22794,22794051,58,0
22794,22794051,59,0
22794,22794051,60,0
22794,22794051,61,0
22794,22794051,62,0
22794,22794051,63,0
22794,22794051,64,0
22794,22794051,65,0
22794,22794051,66,0
22794,22794051,67,0
22794,22794051,68,0
22794,22794052,0,0
22794,22794052,1,0
22794,22794052,2,0
22794,22794052,3,0
22794,22794052,4,0
22794,22794052,5,0
22794,22794052,6,0
22794,22794052,7,0
22794,22794052,8,0
22794,22794052,9,0
22794,22794052,10,0
22794,22794052,11,0
22794,22794052,12,0
22794,22794052,13,0
22794,22794052,14,0
22794,22794052,15,0
22794,22794052,16,0
22794,22794052,17,0
22794,22794052,18,0
22794,22794052,19,0
22794,22794052,20,0
22794,22794052,21,0
22794,22794052,22,0
22794,22794052,23,0
22794,22794052,24,0
22794,22794052,25,0
22794,22794052,26,0
22794,22794052,27,0
22794,22794052,28,0
22794,22794052,29,0
22794,22794052,30,0
22794,22794052,31,0
22794,22794052,32,0
22794,22794052,33,0
22794,22794052,34,0
22794,22794052,35,0
22794,22794052,36,0
22794,22794052,37,0
22794,22794052,38,0
22794,22794052,39,0
22794,22794052,40,0
22794,22794052,41,0
22794,22794052,42,0
22794,22794052,43,0
22794,22794052,44,0
22794,22794052,45,0
22794,22794052,46,0
22794,22794052,47,0
22794,22794052,48,0
22794,22794052,49,0
22794,22794052,50,0
22794,22794052,51,0
22794,22794052,52,0
22794,22794052,53,0
22794,22794052,54,0
22794,22794052,55,0
22794,22794052,56,0
22794,22794052,57,0
22794,22794052,58,0
22794,22794052,59,0
22794,22794052,60,0
22794,22794052,61,0
22794,22794052,62,0
22794,22794052,63,0
22794,22794052,64,0
22794,22794053,0,0
22794,22794053,1,0
22794,22794053,2,0
22794,22794053,3,0
22794,22794053,4,0
22794,22794053,5,0
22794,22794053,6,0
22794,22794053,7,0
22794,22794053,8,0
22794,22794053,9,0
22794,22794053,10,0
22794,22794053,11,0
22794,22794053,12,0
22794,22794053,13,0
22794,22794053,14,0
22794,22794053,15,0
22794,22794053,16,0
22794,22794053,17,0
22794,22794053,18,0
22794,22794053,19,0
22794,22794053,20,0
22794,22794053,21,0
22794,22794053,22,0
22794,22794053,23,0
22794,22794053,24,0
22794,22794053,25,0
22794,22794053,26,0
22794,22794053,27,0
22794,22794053,28,0
22794,22794053,29,0
22794,22794053,30,0
22794,22794053,31,0
22794,22794053,32,0
22794,22794053,33,0
22794,22794053,34,0
22794,22794053,35,0
22794,22794053,36,0
22794,22794053,37,0
22794,22794054,0,0
22794,22794054,1,0
22794,22794054,2,0
22794,22794054,3,0
22794,22794054,4,0
22794,22794054,5,0
22794,22794054,6,0
22794,22794054,7,0
22794,22794054,8,0
22794,22794054,9,0
22794,22794054,10,0
22794,22794054,11,0
22794,22794054,12,0
22794,22794054,13,0
22794,22794054,14,0
22794,22794055,0,0
22794,22794055,1,0
22794,22794055,2,0
22794,22794055,3,0
22794,22794055,4,0
22794,22794055,5,0
22794,22794055,6,0
22794,22794055,7,0
22794,22794055,8,0
22794,22794055,9,0
22794,22794055,10,0
22794,22794055,11,0
22794,22794055,12,0
22794,22794055,13,0
22794,22794055,14,0
22794,22794055,15,0
22794,22794055,16,0
22794,22794055,17,0
22794,22794055,18,0
22794,22794055,19,0
22794,22794055,20,0
22794,22794055,21,0
22794,22794055,22,0
22794,22794055,23,0
22794,22794055,24,0
22794,22794055,25,0
22794,22794055,26,0
22794,22794055,27,0
22794,22794055,28,0
22794,22794055,29,0
22794,22794055,30,0
22794,22794055,31,0
22794,22794055,32,0
22794,22794055,33,0
22794,22794055,34,0
22794,22794055,35,0
22794,22794055,36,0
22794,22794055,37,0
22794,22794055,38,0
22794,22794055,39,0
22794,22794055,40,0
22794,22794055,41,0
22794,22794055,42,0
22794,22794055,43,0
22794,22794055,44,0
22794,22794055,45,0
22794,22794055,46,0
22794,22794055,47,0
22794,22794055,48,0
22794,22794055,49,0
22794,22794055,50,0
22794,22794055,51,0
22794,22794055,52,0
22794,22794055,53,0
22794,22794055,54,0
22794,22794055,55,0
22794,22794055,56,0
22794,22794055,57,0
22794,22794055,58,0
22794,22794055,59,0
22794,22794055,60,0
22794,22794055,61,0
22794,22794056,0,0
22794,22794056,1,0
22794,22794056,2,0
22794,22794056,3,0
22794,22794056,4,0
22794,22794056,5,0
22794,22794056,6,0
22794,22794056,7,0
22794,22794056,8,0
22794,22794056,9,0
22794,22794056,10,0
22794,22794056,11,0
22794,22794056,12,0
22794,22794056,13,0
22794,22794056,14,0
22794,22794056,15,0
22794,22794056,16,0
22794,22794056,17,0
22794,22794056,18,0
22794,22794056,19,0
22794,22794056,20,0
22794,22794056,21,0
22794,22794056,22,0
22794,22794056,23,0
22794,22794056,24,0
22794,22794056,25,0
22794,22794056,26,0
22794,22794056,27,0
22794,22794056,28,0
22794,22794056,29,0
22794,22794056,30,0
22794,22794056,31,0
22794,22794056,32,0
22794,22794056,33,0
22794,22794056,34,0
22794,22794056,35,0
22794,22794056,36,0
22794,22794056,37,0
22794,22794056,38,0
22794,22794056,39,0
22794,22794056,40,0
22794,22794056,41,0
22794,22794056,42,0
22794,22794056,43,0
22794,22794056,44,0
22794,22794056,45,0
22794,22794057,0,0
22794,22794057,1,0
22794,22794057,2,0
22794,22794057,3,0
22794,22794057,4,0
22794,22794057,5,0
22794,22794057,6,0
22794,22794057,7,0
22794,22794057,8,0
22794,22794057,9,0
22794,22794057,10,0
22794,22794057,11,0
22794,22794057,12,0
22794,22794057,13,0
22794,22794057,14,0
22794,22794057,15,0
22794,22794057,16,0
22794,22794057,17,0
22794,22794057,18,0
22794,22794057,19,0
22794,22794057,20,0
22794,22794057,21,0
22794,22794057,22,0
22794,22794057,23,0
22794,22794057,24,0
22794,22794057,25,0
22794,22794057,26,0
22794,22794057,27,0
22794,22794057,28,0
22794,22794057,29,0
22794,22794057,30,0
22794,22794058,0,0
22794,22794058,1,0
22794,22794058,2,0
22794,22794058,3,0
22794,22794058,4,0
22794,22794058,5,0
22794,22794058,6,0
22794,22794058,7,0
22794,22794058,8,0
22794,22794058,9,0
22794,22794058,10,0
22794,22794058,11,0
22794,22794058,12,0
22794,22794058,13,0
22794,22794058,14,0
22794,22794058,15,0
22794,22794058,16,0
22794,22794058,17,0
22794,22794058,18,0
22794,22794058,19,0
22794,22794058,20,0
22794,22794060,0,0
22794,22794060,1,0
22794,22794060,2,0
22794,22794060,3,0
22794,22794060,4,0
22794,22794060,5,0
22794,22794060,6,0
22794,22794060,7,0
22794,22794060,8,0
22794,22794060,9,0
22794,22794060,10,0
22794,22794060,11,0
22794,22794060,12,0
22794,22794060,13,0
22794,22794060,14,0
22794,22794060,15,0
22794,22794060,16,0
22794,22794060,17,0
22794,22794060,18,0
22794,22794060,19,0
22794,22794060,20,0
22794,22794060,21,0
22794,22794060,22,0
22794,22794060,23,0
22794,22794060,24,0
22794,22794060,25,0
22794,22794060,26,0
22794,22794060,27,0
22794,22794060,28,0
22794,22794060,29,0
22794,22794060,30,0
22794,22794060,31,0
22794,22794060,32,0
22794,22794060,33,0
22794,22794060,34,0
22794,22794060,35,0
22794,22794060,36,0
22794,22794060,37,0
22794,22794060,38,0
22794,22794060,39,0
22794,22794060,40,0
22794,22794060,41,0
22794,22794060,42,0
22794,22794060,43,0
22794,22794060,44,0
22794,22794060,45,0
22794,22794060,46,0
22794,22794060,47,0
22794,22794060,48,0
22794,22794060,49,0
22794,22794060,50,0
22794,22794060,51,0
22794,22794060,52,0
22794,22794060,53,0
22794,22794060,54,0
22794,22794060,55,0
22794,22794060,56,0
22794,22794060,57,0
22794,22794060,58,0
22794,22794061,0,0
22794,22794061,1,0
22794,22794061,2,0
22794,22794061,3,0
22794,22794061,4,0
22794,22794061,5,0
22794,22794061,6,0
22794,22794061,7,0
22794,22794061,8,0
22794,22794061,9,0
22794,22794061,10,0
22794,22794061,11,0
22794,22794061,12,0
22794,22794061,13,0
22794,22794061,14,0
22794,22794061,15,0
22794,22794061,16,0
22794,22794061,17,0
22794,22794061,18,0
22794,22794061,19,0
22794,22794062,0,0
22794,22794062,1,0
22794,22794062,2,0
22794,22794062,3,0
22794,22794062,4,0
22794,22794062,5,0
22794,22794062,6,0
22794,22794062,7,0
22794,22794062,8,0
22794,22794062,9,0
22794,22794062,10,0
22794,22794062,11,0
22794,22794062,12,0
22794,22794062,13,0
22794,22794062,14,0
22794,22794062,15,0
22794,22794062,16,0
22794,22794062,17,0
22794,22794062,18,0
22794,22794062,19,0
22794,22794062,20,0
22794,22794062,21,0
22794,22794062,22,0
22794,22794062,23,0
22794,22794062,24,0
22794,22794062,25,0
22794,22794062,26,0
22794,22794062,27,0
22794,22794062,28,0
22794,22794062,29,0
22794,22794062,30,0
22794,22794062,31,0
22794,22794062,32,0
22794,22794062,33,0
22794,22794062,34,0
22794,22794062,35,0
22794,22794062,36,0
22794,22794062,37,0
22794,22794062,38,0
22794,22794062,39,0
22794,22794062,40,0
22794,22794062,41,0
22794,22794062,42,0
22794,22794062,43,0
22794,22794062,44,0
22794,22794062,45,0
22794,22794062,46,0
22794,22794062,47,0
22794,22794062,48,0
22794,22794062,49,0
22794,22794062,50,0
22794,22794062,51,0
22794,22794062,52,0
22794,22794062,53,0
22794,22794062,54,0
22794,22794062,55,0
22794,22794062,56,0
22794,22794062,57,0
22794,22794062,58,0
22794,22794062,59,0
22794,22794062,60,0
22794,22794062,61,0
22794,22794062,62,0
22794,22794062,63,0
22794,22794062,64,0
22794,22794062,65,0
22794,22794062,66,0
22794,22794062,67,0
22794,22794062,68,0
22794,22794062,69,0
22794,22794062,70,0
22794,22794062,71,0
22794,22794062,72,0
22794,22794062,73,0
22794,22794062,74,0
22794,22794062,75,0
22794,22794062,76,0
22794,22794062,77,0
22794,22794062,78,0
22794,22794062,79,0
22794,22794062,80,0
22794,22794062,81,0
22794,22794062,82,0
22794,22794062,83,0
22794,22794062,84,0
22794,22794062,85,0
22794,22794062,86,0
22794,22794062,87,0
22794,22794062,88,0
22794,22794062,89,0
22794,22794062,90,0
22794,22794062,91,0
22794,22794062,92,0
22794,22794062,93,0
22794,22794062,94,0
22794,22794062,95,0
22794,22794062,96,0
22794,22794062,97,0
22794,22794062,98,0
22794,22794062,99,0
22794,22794062,100,0
22794,22794062,101,0
22794,22794062,102,0
22794,22794062,103,0
22794,22794062,104,0
22794,22794062,105,0
22794,22794062,106,0
22794,22794062,107,0
22794,22794062,108,0
22794,22794062,109,0
22794,22794062,110,0
22794,22794062,111,0
22794,22794062,112,0
22794,22794062,113,0
22794,22794062,114,0
22794,22794062,115,0
22794,22794062,116,0
22794,22794063,0,0
22794,22794063,1,0
22794,22794063,2,0
22794,22794063,3,0
22794,22794063,4,0
22794,22794063,5,0
22794,22794063,6,0
22794,22794063,7,0
22794,22794063,8,0
22794,22794063,9,0
22794,22794063,10,0
22794,22794063,11,0
22794,22794063,12,0
22794,22794063,13,0
22794,22794063,14,0
22794,22794063,15,0
22794,22794063,16,0
22794,22794063,17,0
22794,22794063,18,0
22794,22794063,19,0
22794,22794063,20,0
22794,22794063,21,0
22794,22794063,22,0
22794,22794063,23,0
22794,22794063,24,0
22794,22794063,25,0
22794,22794063,26,0
22794,22794063,27,0
22794,22794063,28,0
22794,22794063,29,0
22794,22794063,30,0
22794,22794063,31,0
22794,22794063,32,0
22794,22794063,33,0
22794,22794063,34,0
22794,22794063,35,0
22794,22794063,36,0
22794,22794063,37,0
22794,22794063,38,0
22794,22794063,39,0
22794,22794063,40,0
22794,22794063,41,0
22794,22794063,42,0
22794,22794063,43,0
22794,22794063,44,0
22794,22794063,45,0
22794,22794063,46,0
22794,22794063,47,0
22794,22794063,48,0
22794,22794063,49,0
22794,22794063,50,0
22794,22794063,51,0
22794,22794063,52,0
22794,22794063,53,0
22794,22794063,54,0
22794,22794063,55,0
22794,22794063,56,0
22794,22794063,57,0
22794,22794063,58,0
22794,22794063,59,0
22794,22794063,60,0
22794,22794063,61,0
22794,22794063,62,0
22794,22794063,63,0
22794,22794063,64,0
22794,22794063,65,0
22794,22794063,66,0
22794,22794063,67,0
22794,22794063,68,0
22794,22794063,69,0
22794,22794063,70,0
22794,22794063,71,0
22794,22794063,72,0
22794,22794063,73,0
22794,22794063,74,0
22794,22794063,75,0
22794,22794063,76,0
22794,22794063,77,0
22794,22794063,78,0
22794,22794063,79,0
22794,22794063,80,0
22794,22794063,81,0
22794,22794063,82,0
22794,22794063,83,0
22794,22794063,84,0
22794,22794064,0,0
22794,22794064,1,0
22794,22794064,2,0
22794,22794064,3,0
22794,22794064,4,0
22794,22794064,5,0
22794,22794064,6,0
22794,22794064,7,0
22794,22794064,8,0
22794,22794064,9,0
22794,22794064,10,0
22794,22794064,11,0
22794,22794064,12,0
22794,22794064,13,0
22794,22794064,14,0
22794,22794064,15,0
22794,22794064,16,0
22794,22794064,17,0
22794,22794064,18,0
22794,22794064,19,0
22794,22794064,20,0
22794,22794064,21,0
22794,22794064,22,0
22794,22794064,23,0
22794,22794064,24,0
22794,22794064,25,0
22794,22794064,26,0
22794,22794064,27,0
22794,22794064,28,0
22794,22794064,29,0
22794,22794064,30,0
22794,22794064,31,0
22794,22794064,32,0
22794,22794064,33,0
22794,22794064,34,0
22794,22794064,35,0
22794,22794064,36,0
22794,22794064,37,0
22794,22794064,38,0
22794,22794064,39,0
22794,22794064,40,0
22794,22794064,41,0
22794,22794064,42,0
22794,22794064,43,0
22794,22794064,44,0
22794,22794064,45,0
22794,22794064,46,0
22794,22794064,47,0
22794,22794064,48,0
22794,22794064,49,0
22794,22794064,50,0
22794,22794064,51,0
22794,22794064,52,0
22794,22794064,53,0
22794,22794064,54,0
22794,22794064,55,0
22794,22794064,56,0
22794,22794064,57,0
22794,22794064,58,0
22794,22794064,59,0
22794,22794064,60,0
22794,22794064,61,0
22794,22794064,62,0
22794,22794064,63,0
22794,22794064,64,0
22794,22794064,65,0
22794,22794064,66,0
22794,22794065,0,0
22794,22794065,1,0
22794,22794065,2,0
22794,22794065,3,0
22794,22794065,4,0
22794,22794065,5,0
22794,22794065,6,0
22794,22794065,7,0
22794,22794065,8,0
22794,22794065,9,0
22794,22794065,10,0
22794,22794065,11,0
22794,22794065,12,0
22794,22794065,13,0
22794,22794065,14,0
22794,22794065,15,0
22794,22794065,16,0
22794,22794065,17,0
22794,22794065,18,0
22794,22794065,19,0
22794,22794065,20,0
22794,22794065,21,0
22794,22794065,22,0
22794,22794065,23,0
22794,22794065,24,0
22794,22794065,25,0
22794,22794065,26,0
22794,22794065,27,0
22794,22794065,28,0
22794,22794065,29,0
22794,22794065,30,0
22794,22794065,31,0
22794,22794065,32,0
22794,22794065,33,0
22794,22794065,34,0
22794,22794065,35,0
22794,22794065,36,0
22794,22794065,37,0
22794,22794065,38,0
22794,22794065,39,0
22794,22794065,40,0
22794,22794065,41,0
22794,22794065,42,0
22794,22794065,43,0
22794,22794065,44,0
22794,22794065,45,0
22794,22794065,46,0
22794,22794065,47,0
22794,22794065,48,0
22794,22794065,49,0
22794,22794065,50,0
22794,22794065,51,0
22794,22794065,52,0
22794,22794065,53,0
22794,22794065,54,0
22794,22794065,55,0
22794,22794065,56,0
22794,22794066,0,0
22794,22794066,1,0
22794,22794066,2,0
22794,22794066,3,0
22794,22794066,4,0
22794,22794066,5,0
22794,22794066,6,0
22794,22794066,7,0
22794,22794066,8,0
22794,22794066,9,0
22794,22794066,10,0
22794,22794066,11,0
22794,22794066,12,0
22794,22794066,13,0
22794,22794066,14,0
22794,22794066,15,0
22794,22794066,16,0
22794,22794066,17,0
22794,22794066,18,0
22794,22794066,19,0
22794,22794066,20,0
22794,22794066,21,0
22794,22794066,22,0
22794,22794066,23,0
22794,22794066,24,0
22794,22794066,25,0
22794,22794066,26,0
22794,22794066,27,0
22794,22794066,28,0
22794,22794066,29,0
22794,22794066,30,0
22794,22794066,31,0
22794,22794066,32,0
22794,22794066,33,0
22794,22794066,34,0
22794,22794066,35,0
22794,22794066,36,0
22794,22794066,37,0
22794,22794066,38,0
22794,22794066,39,0
22794,22794066,40,0
22794,22794066,41,0
22794,22794066,42,0
22794,22794066,43,0
22794,22794066,44,0
22794,22794066,45,0
22794,22794066,46,0
22794,22794066,47,0
22794,22794066,48,0
22794,22794066,49,0
22794,22794066,50,0
22794,22794066,51,0
22794,22794066,52,0
22794,22794066,53,0
22794,22794066,54,0
22794,22794066,55,0
22794,22794066,56,0
22794,22794066,57,0
22794,22794066,58,0
22794,22794066,59,0
22794,22794066,60,0
22794,22794066,61,0
22794,22794066,62,0
22794,22794066,63,0
22794,22794067,0,0
22794,22794067,1,0
22794,22794067,2,0
22794,22794067,3,0
22794,22794067,4,0
22794,22794067,5,0
22794,22794067,6,0
22794,22794067,7,0
22794,22794067,8,0
22794,22794067,9,0
22794,22794067,10,0
22794,22794067,11,0
22794,22794067,12,0
22794,22794067,13,0
22794,22794067,14,0
22794,22794067,15,0
22794,22794067,16,0
22794,22794067,17,0
22794,22794068,0,0
22794,22794068,1,0
22794,22794068,2,0
22794,22794068,3,0
22794,22794068,4,0
22794,22794068,5,0
22794,22794068,6,0
22794,22794068,7,0
22794,22794068,8,0
22794,22794068,9,0
22794,22794068,10,0
22794,22794068,11,0
22794,22794068,12,0
22794,22794068,13,0
22794,22794068,14,0
22794,22794068,15,0
22794,22794068,16,0
22794,22794068,17,0
22794,22794068,18,0
22794,22794068,19,0
22794,22794068,20,0
22794,22794068,21,0
22794,22794068,22,0
22794,22794068,23,0
22794,22794068,24,0
22794,22794068,25,0
22794,22794068,26,0
22794,22794068,27,0
22794,22794068,28,0
22794,22794068,29,0
22794,22794068,30,0
22794,22794068,31,0
22794,22794068,32,0
22794,22794068,33,0
22794,22794068,34,0
22794,22794068,35,0
22794,22794068,36,0
22794,22794068,37,0
22794,22794068,38,0
22794,22794068,39,0
22794,22794068,40,0
22794,22794068,41,0
22794,22794068,42,0
22794,22794068,43,0
22794,22794068,44,0
22794,22794068,45,0
22794,22794068,46,0
22794,22794068,47,0
22794,22794068,48,0
22794,22794068,49,0
22794,22794068,50,0
22794,22794069,0,0
22794,22794069,1,0
22794,22794069,2,0
22794,22794069,3,0
22794,22794069,4,0
22794,22794069,5,0
22794,22794069,6,0
22794,22794069,7,0
22794,22794069,8,0
22794,22794069,9,0
22794,22794069,10,0
22794,22794069,11,0
22794,22794069,12,0
22794,22794069,13,0
22794,22794069,14,0
22794,22794069,15,0
22794,22794069,16,0
22794,22794069,17,0
22794,22794069,18,0
22794,22794069,19,0
22794,22794069,20,0
22794,22794069,21,0
22794,22794069,22,0
22794,22794069,23,0
22794,22794069,24,0
22794,22794069,25,0
22794,22794069,26,0
22794,22794069,27,0
22794,22794069,28,0
22794,22794069,29,0
22794,22794069,30,0
22794,22794069,31,0
22794,22794069,32,0
22794,22794069,33,0
22794,22794069,34,0
22794,22794069,35,0
22794,22794069,36,0
22794,22794069,37,0
22794,22794069,38,0
22794,22794069,39,0
22794,22794069,40,0
22794,22794069,41,0
22794,22794069,42,0
22794,22794069,43,0
22794,22794069,44,0
22794,22794069,45,0
22794,22794069,46,0
22794,22794069,47,0
22794,22794069,48,0
22794,22794069,49,0
22794,22794069,50,0
22794,22794070,0,0
22794,22794070,1,0
22794,22794070,2,0
22794,22794070,3,0
22794,22794070,4,0
22794,22794070,5,0
22794,22794070,6,0
22794,22794070,7,0
22794,22794070,8,0
22794,22794070,9,0
22794,22794070,10,0
22794,22794070,11,0
22794,22794070,12,0
22794,22794070,13,0
22794,22794070,14,0
22794,22794070,15,0
22794,22794070,16,0
22794,22794070,17,0
22794,22794070,18,0
22794,22794070,19,0
22794,22794070,20,0
22794,22794070,21,0
22794,22794070,22,0
22794,22794070,23,0
22794,22794070,24,0
22794,22794070,25,0
22794,22794070,26,0
22794,22794070,27,0
22794,22794070,28,0
22794,22794071,0,0
22794,22794071,1,0
22794,22794071,2,0
22794,22794071,3,0
22794,22794071,4,0
22794,22794071,5,0
22794,22794071,6,0
22794,22794071,7,0
22794,22794071,8,0
22794,22794071,9,0
22794,22794071,10,0
22794,22794071,11,0
22794,22794071,12,0
22794,22794071,13,0
22794,22794071,14,0
22794,22794071,15,0
22794,22794071,16,0
22794,22794071,17,0
22794,22794071,18,0
22794,22794071,19,0
22794,22794071,20,0
22794,22794071,21,0
22794,22794071,22,0
22794,22794071,23,0
22794,22794071,24,0
22794,22794071,25,0
22794,22794071,26,0
22794,22794071,27,0
22794,22794071,28,0
22794,22794072,0,0
22794,22794072,1,0
22794,22794072,2,0
22794,22794072,3,0
22794,22794072,4,0
22794,22794072,5,0
22794,22794072,6,0
22794,22794072,7,0
22794,22794072,8,0
22794,22794072,9,0
22794,22794072,10,0
22794,22794072,11,0
22794,22794072,12,0
22794,22794072,13,0
22794,22794072,14,0
22794,22794072,15,0
22794,22794072,16,0
22794,22794072,17,0
22794,22794072,18,0
22794,22794072,19,0
22794,22794073,0,0
22794,22794073,1,0
22794,22794073,2,0
22794,22794073,3,0
22794,22794073,4,0
22794,22794073,5,0
22794,22794073,6,0
22794,22794073,7,0
22794,22794073,8,0
22794,22794073,9,0
22794,22794073,10,0
22794,22794073,11,0
22794,22794073,12,0
22794,22794073,13,0
22794,22794073,14,0
22794,22794073,15,0
22794,22794073,16,0
22794,22794073,17,0
22794,22794073,18,0
22794,22794073,19,0
22794,22794074,0,0
22794,22794074,1,0
22794,22794074,2,0
22794,22794074,3,0
22794,22794074,4,0
22794,22794074,5,0
22794,22794074,6,0
22794,22794074,7,0
22794,22794074,8,0
22794,22794074,9,0
22794,22794074,10,0
22794,22794074,11,0
22794,22794074,12,0
22794,22794074,13,0
22794,22794074,14,0
22794,22794074,15,0
22794,22794074,16,0
22794,22794074,17,0
22794,22794074,18,0
22794,22794074,19,0
22794,22794074,20,0
22794,22794074,21,0
22794,22794074,22,0
22794,22794074,23,0
22794,22794074,24,0
22794,22794074,25,0
22794,22794074,26,0
22794,22794074,27,0
22794,22794074,28,0
22794,22794074,29,0
22794,22794074,30,0
22794,22794074,31,0
22794,22794074,32,0
22794,22794074,33,0
22794,22794074,34,0
22794,22794074,35,0
22794,22794074,36,0
22794,22794074,37,0
22794,22794074,38,0
22794,22794074,39,0
22794,22794074,40,0
22794,22794074,41,0
22794,22794074,42,0
22794,22794074,43,0
22794,22794074,44,0
22794,22794074,45,0
22794,22794074,46,0
22794,22794074,47,0
22794,22794074,48,0
22794,22794074,49,0
22794,22794074,50,0
22794,22794074,51,0
22794,22794074,52,0
22794,22794074,53,0
22794,22794074,54,0
22794,22794074,55,0
22794,22794074,56,0
22794,22794074,57,0
22794,22794074,58,0
22794,22794074,59,0
22794,22794074,60,0
22794,22794074,61,0
22794,22794075,0,0
22794,22794075,1,0
22794,22794075,2,0
22794,22794075,3,0
22794,22794075,4,0
22794,22794075,5,0
22794,22794075,6,0
22794,22794075,7,0
22794,22794075,8,0
22794,22794075,9,0
22794,22794075,10,0
22794,22794075,11,0
22794,22794075,12,0
22794,22794075,13,0
22794,22794075,14,0
22794,22794075,15,0
22794,22794075,16,0
22794,22794075,17,0
22794,22794075,18,0
22794,22794075,19,0
22794,22794075,20,0
22794,22794075,21,0
22794,22794075,22,0
22794,22794075,23,0
22794,22794075,24,0
22794,22794075,25,0
22794,22794075,26,0
22794,22794075,27,0
22794,22794075,28,0
22794,22794075,29,0
22794,22794075,30,0
22794,22794075,31,0
22794,22794075,32,0
22794,22794075,33,0
22794,22794075,34,0
22794,22794075,35,0
22794,22794075,36,0
22794,22794075,37,0
22794,22794075,38,0
22794,22794075,39,0
22794,22794075,40,0
22794,22794075,41,0
22794,22794075,42,0
22794,22794075,43,0
22794,22794075,44,0
22794,22794075,45,0
22794,22794075,46,0
22794,22794075,47,0
22794,22794075,48,0
22794,22794076,0,0
22794,22794076,1,0
22794,22794076,2,0
22794,22794076,3,0
22794,22794076,4,0
22794,22794076,5,0
22794,22794076,6,0
22794,22794076,7,0
22794,22794076,8,0
22794,22794076,9,0
22794,22794076,10,0
22794,22794076,11,0
22794,22794076,12,0
22794,22794076,13,0
22794,22794076,14,0
22794,22794076,15,0
22794,22794076,16,0
22794,22794077,0,0
22794,22794077,1,0
22794,22794077,2,0
22794,22794077,3,0
22794,22794077,4,0
22794,22794077,5,0
22794,22794077,6,0
22794,22794077,7,0
22794,22794077,8,0
22794,22794080,0,0
22794,22794080,1,0
22794,22794080,2,0
22794,22794081,0,0
22794,22794081,1,0
22794,22794082,0,0
22794,22794082,1,0
22794,22794082,2,0
22794,22794083,0,0
22794,22794083,1,0
22794,22794083,2,0
22794,22794083,3,0
22794,22794085,0,0
22794,22794085,1,0
22794,22794085,2,0
22794,22794085,3,0
22794,22794085,4,0
22794,22794086,0,0
22794,22794086,1,0
22794,22794087,0,0
22794,22794087,1,0
22794,22794087,2,0
22794,22794087,3,0
22794,22794087,4,0
22794,22794087,5,0
22794,22794087,6,0
22794,22794087,7,0
22794,22794087,8,0
22794,22794087,9,0
22794,22794090,0,0
22794,22794090,1,0
22794,22794090,2,0
22794,22794090,3,0
22794,22794090,4,0
22794,22794090,5,0
22794,22794090,6,0
22794,22794090,7,0
22794,22794090,8,0
22794,22794090,9,0
22794,22794090,10,0
22794,22794090,11,0
22794,22794090,12,0
22794,22794090,13,0
22794,22794090,14,0
22794,22794090,15,0
22794,22794090,16,0
22794,22794090,17,0
22794,22794090,18,0
22794,22794090,19,0
22794,22794090,20,0
22794,22794090,21,0
22794,22794091,0,0
22794,22794091,1,0
22794,22794091,2,0
22794,22794091,3,0
22794,22794091,4,0
22794,22794091,5,0
22794,22794091,6,0
22794,22794091,7,0
22794,22794091,8,0
22794,22794091,9,0
22794,22794091,10,0
22794,22794091,11,0
22794,22794091,12,0
22794,22794091,13,0
22794,22794091,14,0
22794,22794091,15,0
22794,22794091,16,0
22794,22794091,17,0
22794,22794091,18,0
22794,22794091,19,0
22794,22794091,20,0
22794,22794091,21,0
22794,22794092,0,0
22794,22794092,1,0
22794,22794092,2,0
22794,22794092,3,0
22794,22794092,4,0
22794,22794092,5,0
22794,22794092,6,0
22794,22794092,7,0
22794,22794092,8,0
22794,22794092,9,0
22794,22794092,10,0
22794,22794092,11,0
22794,22794092,12,0
22794,22794092,13,0
22794,22794092,14,0
22794,22794092,15,0
22794,22794092,16,0
22794,22794092,17,0
22794,22794092,18,0
22794,22794092,19,0
22794,22794092,20,0
22794,22794092,21,0
22794,22794093,0,0
22794,22794093,1,0
22794,22794093,2,0
22794,22794093,3,0
22794,22794093,4,0
22794,22794093,5,0
22794,22794093,6,0
22794,22794093,7,0
22794,22794093,8,0
22794,22794093,9,0
22794,22794093,10,0
22794,22794093,11,0
22794,22794093,12,0
22794,22794093,13,0
22794,22794093,14,0
22794,22794093,15,0
22794,22794093,16,0
22794,22794093,17,0
22794,22794093,18,0
22794,22794093,19,0
22794,22794093,20,0
22794,22794093,21,0
22794,22794094,0,0
22794,22794094,1,0
22794,22794094,2,0
22794,22794094,3,0
22794,22794094,4,0
22794,22794094,5,0
22794,22794094,6,0
22794,22794094,7,0
22794,22794094,8,0
22794,22794094,9,0
22794,22794094,10,0
22794,22794094,11,0
22794,22794094,12,0
22794,22794094,13,0
22794,22794094,14,0
22794,22794094,15,0
22794,22794094,16,0
22794,22794094,17,0
22794,22794094,18,0
22794,22794094,19,0
22794,22794094,20,0
22794,22794094,21,0
22794,22794094,22,0
22794,22794094,23,0
22794,22794094,24,0
22794,22794094,25,0
22794,22794094,26,0
22794,22794094,27,0
22794,22794094,28,0
22794,22794094,29,0
22794,22794094,30,0
22794,22794094,31,0
22794,22794094,32,0
22794,22794094,33,0
22794,22794094,34,0
22794,22794094,35,0
22794,22794094,36,0
22794,22794094,37,0
22794,22794094,38,0
22794,22794094,39,0
22794,22794094,40,0
22794,22794094,41,0
22794,22794094,42,0
22794,22794094,43,0
22794,22794094,44,0
22794,22794094,45,0
22794,22794094,46,0
22794,22794095,0,0
22794,22794095,1,0
22794,22794095,2,0
22794,22794095,3,0
22794,22794095,4,0
22794,22794095,5,0
22794,22794095,6,0
22794,22794095,7,0
22794,22794095,8,0
22794,22794095,9,0
22794,22794095,10,0
22794,22794095,11,0
22794,22794095,12,0
22794,22794095,13,0
22794,22794095,14,0
22794,22794095,15,0
22794,22794095,16,0
22794,22794095,17,0
22794,22794095,18,0
22794,22794095,19,0
22794,22794095,20,0
22794,22794095,21,0
22794,22794095,22,0
22794,22794095,23,0
22794,22794095,24,0
22794,22794095,25,0
22794,22794095,26,0
22794,22794095,27,0
22794,22794095,28,0
22794,22794095,29,0
22794,22794095,30,0
22794,22794095,31,0
22794,22794095,32,0
22794,22794095,33,0
22794,22794095,34,0
22794,22794095,35,0
22794,22794095,36,0
22794,22794095,37,0
22794,22794095,38,0
22794,22794095,39,0
22794,22794095,40,0
22794,22794095,41,0
22794,22794095,42,0
22794,22794095,43,0
22794,22794095,44,0
22794,22794095,45,0
22794,22794095,46,0
22794,22794095,47,0
22794,22794095,48,0
22794,22794095,49,0
22794,22794095,50,0
22794,22794095,51,0
22794,22794095,52,0
22794,22794095,53,0
22794,22794096,0,0
22794,22794096,1,0
22794,22794096,2,0
22794,22794096,3,0
22794,22794096,4,0
22794,22794096,5,0
22794,22794096,6,0
22794,22794096,7,0
22794,22794096,8,0
22794,22794096,9,0
22794,22794096,10,0
22794,22794096,11,0
22794,22794096,12,0
22794,22794096,13,0
22794,22794096,14,0
22794,22794096,15,0
22794,22794096,16,0
22794,22794096,17,0
22794,22794096,18,0
22794,22794096,19,0
22794,22794096,20,0
22794,22794096,21,0
22794,22794096,22,0
22794,22794096,23,0
22794,22794096,24,0
22794,22794096,25,0
22794,22794096,26,0
22794,22794096,27,0
22794,22794096,28,0
22794,22794096,29,0
22794,22794096,30,0
22794,22794096,31,0
22794,22794096,32,0
22794,22794096,33,0
22794,22794096,34,0
22794,22794098,0,0
22794,22794098,1,0
22794,22794098,2,0
22794,22794098,3,0
22794,22794098,4,0
22794,22794098,5,0
22794,22794098,6,0
22794,22794098,7,0
22794,22794098,8,0
22794,22794098,9,0
22794,22794098,10,0
22794,22794098,11,0
22794,22794098,12,0
22794,22794098,13,0
22794,22794098,14,0
22794,22794098,15,0
22794,22794098,16,0
22794,22794098,17,0
22794,22794098,18,0
22794,22794098,19,0
22794,22794098,20,0
22794,22794098,21,0
22794,22794098,22,0
22794,22794098,23,0
22794,22794098,24,0
22794,22794098,25,0
22794,22794098,26,0
22794,22794098,27,0
22794,22794098,28,0
22794,22794098,29,0
22794,22794098,30,0
22794,22794098,31,0
22794,22794098,32,0
22794,22794098,33,0
22794,22794098,34,0
22794,22794098,35,0
22794,22794098,36,0
22794,22794098,37,0
22794,22794099,0,0
22794,22794099,1,0
22794,22794099,2,0
22794,22794099,3,0
22794,22794099,4,0
22794,22794099,5,0
22794,22794099,6,0
22794,22794099,7,0
22794,22794099,8,0
22794,22794099,9,0
22794,22794099,10,0
22794,22794099,11,0
22794,22794099,12,0
22794,22794099,13,0
22794,22794099,14,0
22794,22794099,15,0
22794,22794099,16,0
22794,22794099,17,0
22794,22794099,18,0
22794,22794099,19,0
22794,22794099,20,0
22794,22794100,0,0
22794,22794100,1,0
22794,22794100,2,0
22794,22794100,3,0
22794,22794100,4,0
22794,22794100,5,0
22794,22794100,6,0
22794,22794100,7,0
22794,22794100,8,0
22794,22794100,9,0
22794,22794100,10,0
22794,22794100,11,0
22794,22794100,12,0
22794,22794100,13,0
22794,22794101,0,0
22794,22794101,1,0
22794,22794101,2,0
22794,22794101,3,0
22794,22794101,4,0
22794,22794101,5,0
22794,22794101,6,0
22794,22794101,7,0
22794,22794101,8,0
22794,22794101,9,0
22794,22794101,10,0
22794,22794101,11,0
22794,22794101,12,0
22794,22794101,13,0
22794,22794101,14,0
22794,22794101,15,0
22794,22794101,16,0
22794,22794101,17,0
22794,22794101,18,0
22794,22794101,19,0
22794,22794101,20,0
22794,22794101,21,0
22794,22794101,22,0
22794,22794101,23,0
22794,22794101,24,0
22794,22794101,25,0
22794,22794101,26,0
22794,22794101,27,0
22794,22794101,28,0
22794,22794101,29,0
22794,22794101,30,0
22794,22794101,31,0
22794,22794102,0,0
22794,22794102,1,0
22794,22794102,2,0
22794,22794102,3,0
22794,22794102,4,0
22794,22794102,5,0
22794,22794102,6,0
22794,22794102,7,0
22794,22794102,8,0
22794,22794102,9,0
22794,22794102,10,0
22794,22794102,11,0
22794,22794102,12,0
22794,22794102,13,0
22794,22794102,14,0
22794,22794102,15,0
22794,22794102,16,0
22794,22794102,17,0
22794,22794102,18,0
22794,22794102,19,0
22794,22794102,20,0
22794,22794102,21,0
22794,22794102,22,0
22794,22794102,23,0
22794,22794103,0,0
22794,22794103,1,0
22794,22794103,2,0
22794,22794103,3,0
22794,22794103,4,0
22794,22794103,5,0
22794,22794103,6,0
22794,22794103,7,0
22794,22794122,0,0
22794,22794122,1,0
22794,22794122,2,0
22794,22794122,3,0
22794,22794122,4,0
22794,22794122,5,0
22794,22794122,6,0
22794,22794122,7,0
22794,22794122,8,0
22794,22794122,9,0
22794,22794122,10,0
22794,22794122,11,0
22794,22794122,12,0
22794,22794122,13,0
22794,22794122,14,0
22794,22794122,15,0
22794,22794122,16,0
22794,22794122,17,0
22794,22794122,18,0
22794,22794122,19,0
22794,22794122,20,0
22794,22794122,21,0
22794,22794122,22,0
22794,22794122,23,0
22794,22794122,24,0
22794,22794122,25,0
22870,22870005,0,0
22870,22870005,506,0
22870,22870005,4516,0
22870,22870005,4617,0
22884,22884017,58,0
22961,22961022,3,0
23070,230700073,105,0
23073,23073004,0,0
23073,23073018,0,0
23129,23129002,233,0
23129,23129002,234,0
23137,23137002,1,0
23137,23137002,2,0
23137,23137002,4,0
23137,23137002,7,0
23137,23137002,8,0
23137,23137002,9,0
23137,23137002,13,0
23137,23137002,14,0
23137,23137002,18,0
23137,23137002,22,0
23137,23137002,24,0
23137,23137002,25,0
23137,23137002,26,0
23137,23137002,28,0
23137,23137002,29,0
23137,23137002,33,0
23137,23137002,35,0
23137,23137002,37,0
23137,23137002,39,0
23137,23137002,40,0
23137,23137002,43,0
23137,23137002,44,0
23137,23137002,46,0
23137,23137002,47,0
23137,23137002,54,0
23137,23137002,57,0
23137,23137002,58,0
23137,23137002,59,0
23137,23137002,61,0
23137,23137002,67,0
23137,23137002,99,0
23137,23137002,100,0
23137,23137002,110,0
23137,23137002,112,0
23137,23137002,116,0
23137,23137002,119,0
23137,23137002,120,0
23137,23137002,123,0
23137,23137002,125,0
23137,23137002,141,0
23137,23137002,151,0
23137,23137002,1472,0
23137,23137002,1473,0
23137,23137002,1475,0
23137,23137002,1483,0
23137,23137002,1484,0
23137,23137002,1487,0
23137,23137002,1492,0
23137,23137002,1495,0
23137,23137002,1500,0
23137,23137002,1501,0
23137,23137002,1502,0
23137,23137002,1505,0
23137,23137002,1506,0
23137,23137002,1507,0
23137,23137002,1508,0
23137,23137002,1509,0
23137,23137002,1510,0
23137,23137002,1516,0
23137,23137002,1522,0
23137,23137002,1529,0
23137,23137002,1531,0
23137,23137002,1532,0
23137,23137002,1536,0
23137,23137002,1537,0
23137,23137002,1564,0
23137,23137002,1574,0
23137,23137004,0,0
23137,23137004,1,0
23137,23137004,19,0
23137,23137004,20,0
23137,23137005,78,0
23137,23137005,80,0
23137,23137006,0,0
23137,23137006,2,0
23137,23137006,3,0
23137,23137006,4,0
23137,23137006,5,0
23137,23137006,6,0
23137,23137006,8,0
23137,23137006,17,0
23137,23137006,20,0
23137,23137006,21,0
23137,23137006,22,0
23137,23137006,24,0
23137,23137006,26,0
23137,23137006,27,0
23137,23137006,28,0
23137,23137006,31,0
23137,23137006,33,0
23137,23137006,47,0
23137,23137006,52,0
23137,23137006,53,0
23137,23137006,54,0
23137,23137006,57,0
23137,23137006,101,0
23137,23137006,142,0
23137,23137006,143,0
23137,23137006,144,0
23137,23137006,148,0
23137,23137006,152,0
23137,23137006,155,0
23137,23137006,161,0
23137,23137006,164,0
23137,23137006,167,0
23137,23137006,168,0
23137,23137006,169,0
23137,23137006,170,0
23137,23137006,172,0
23137,23137006,173,0
23137,23137006,175,0
23137,23137006,178,0
23137,23137006,179,0
23137,23137006,181,0
23137,23137006,194,0
23137,23137006,197,0
23137,23137007,4,0
23137,23137008,1,0
23137,23137008,2,0
23137,23137008,4,0
23137,23137008,8,0
23137,23137008,12,0
23137,23137008,13,0
23137,23137008,14,0
23137,23137008,16,0
23137,23137008,24,0
23137,23137008,26,0
23137,23137008,29,0
23137,23137008,31,0
23137,23137008,33,0
23137,23137008,35,0
23137,23137008,37,0
23137,23137008,38,0
23137,23137008,39,0
23137,23137008,44,0
23137,23137008,51,0
23137,23137008,54,0
23137,23137008,58,0
23137,23137008,60,0
23137,23137008,61,0
23137,23137008,65,0
23137,23137011,2,0
23137,23137012,0,0
23137,23137012,2,0
23137,23137012,5,0
23137,23137012,6,0
23137,23137012,13,0
23137,23137012,22,0
23137,23137012,25,0
23137,23137012,26,0
23137,23137012,27,0
23137,23137012,28,0
23137,23137012,31,0
23137,23137012,33,0
23137,23137012,52,0
23137,23137012,53,0
23137,23137014,0,0
23137,23137014,1,0
23137,23137014,3,0
23137,23137014,7,0
23137,23137014,11,0
23137,23137014,12,0
23137,23137014,13,0
23137,23137014,15,0
23137,23137014,23,0
23137,23137014,25,0
23137,23137014,28,0
23137,23137014,30,0
23137,23137014,32,0
23137,23137014,34,0
23137,23137014,36,0
23137,23137014,37,0
23137,23137014,38,0
23137,23137014,43,0
23137,23137014,50,0
23137,23137014,53,0
23137,23137014,57,0
23137,23137014,59,0
23137,23137014,60,0
23137,23137014,64,0
23137,23137018,1,0
23137,23137018,13,0
23137,23137018,14,0
23137,23137018,15,0
23137,23137020,0,0
23137,23137020,1,0
23137,23137020,3,0
23137,23137020,7,0
23137,23137020,11,0
23137,23137020,12,0
23137,23137020,13,0
23137,23137020,15,0
23137,23137020,23,0
23137,23137020,25,0
23137,23137020,28,0
23137,23137020,30,0
23137,23137020,32,0
23137,23137020,34,0
23137,23137020,36,0
23137,23137020,37,0
23137,23137020,38,0
23137,23137020,43,0
23137,23137020,50,0
23137,23137020,53,0
23137,23137020,57,0
23137,23137020,59,0
23137,23137020,60,0
23137,23137020,64,0
23173,23173002,0,0
23173,23173002,2,0
23173,23173002,4,0
23173,23173002,6,0
23173,23173002,9,0
23173,23173002,12,0
23173,23173002,15,0
23173,23173002,17,0
23173,23173002,19,0
23173,23173002,21,0
23173,23173002,23,0
23173,23173002,28,0
23173,23173002,30,0
23173,23173002,32,0
23173,23173002,34,0
23173,23173002,36,0
23173,23173002,38,0
23173,23173002,41,0
23173,23173002,45,0
23173,23173002,48,0
23173,23173002,50,0
23173,23173002,52,0
23173,23173002,54,0
23173,23173002,56,0
23173,23173002,59,0
23173,23173003,0,0
23173,23173004,0,0
23173,23173005,0,0
23173,23173006,0,0
23173,23173006,2,0
23173,23173006,4,0
23173,23173006,6,0
23173,23173006,8,0
23173,23173006,10,0
23173,23173006,12,0
23173,23173006,134,0
23173,23173006,269,0
23173,23173006,285,0
23173,23173006,343,0
23173,23173006,384,0
23173,23173006,502,0
23173,23173006,629,0
23173,23173006,676,0
23173,23173006,731,0
23173,23173006,748,0
23173,23173006,895,0
23173,23173006,960,0
23173,23173006,980,0
23173,23173006,989,0
23173,23173006,1097,0
23173,23173006,1143,0
23173,23173006,1147,0
23173,23173006,1170,0
23173,23173007,0,0
23173,23173007,2,0
23173,23173007,4,0
23173,23173007,6,0
23173,23173007,8,0
23173,23173007,10,0
23173,23173007,12,0
23173,23173007,59,0
23173,23173007,124,0
23173,23173007,134,0
23173,23173007,586,0
23173,23173007,607,0
23173,23173007,679,0
23173,23173007,882,0
23173,23173007,961,0
23173,23173007,965,0
23173,23173007,1054,0
23173,23173007,1110,0
23173,23173007,1123,0
23173,23173007,1175,0
23173,23173007,1205,0
23173,23173007,1211,0
23173,23173007,1233,0
23173,23173007,1244,0
23173,23173007,1276,0
23173,23173007,1299,0
23173,23173008,0,0
23173,23173008,2,0
23173,23173008,4,0
23173,23173008,6,0
23173,23173008,8,0
23173,23173008,10,0
23173,23173008,69,0
23173,23173009,0,0
23173,23173009,8,0
23173,23173010,0,0
23173,23173011,0,0
23173,23173012,0,0
23204,23204005,50,0
23204,23204017,51,0
23204,23204017,101,0
23204,23204017,102,0
23204,23204018,32,0
23204,23204018,34,0
23222,23222002,0,0
23222,23222002,1,0
23222,23222002,2,0
23222,23222002,3,0
23222,23222002,4,0
23222,23222002,5,0
23222,23222002,6,0
23222,23222002,7,0
23222,23222002,8,0
23222,23222002,9,0
23222,23222002,10,0
23222,23222002,11,0
23222,23222002,12,0
23222,23222002,13,0
23222,23222002,14,0
23222,23222002,15,0
23222,23222002,16,0
23222,23222002,17,0
23222,23222002,18,0
23222,23222002,19,0
23222,23222002,20,0
23222,23222002,21,0
23222,23222002,22,0
23222,23222002,23,0
23222,23222002,24,0
23222,23222002,25,0
23222,23222002,26,0
23222,23222002,27,0
23222,23222002,28,0
23222,23222002,29,0
23222,23222002,30,0
23222,23222002,31,0
23222,23222002,32,0
23222,23222002,33,0
23222,23222002,34,0
23222,23222002,35,0
23222,23222002,36,0
23222,23222002,37,0
23222,23222002,38,0
23222,23222002,39,0
23222,23222002,40,0
23222,23222002,41,0
23222,23222002,42,0
23222,23222002,43,0
23222,23222002,44,0
23222,23222002,45,0
23222,23222002,46,0
23222,23222002,47,0
23222,23222002,48,0
23222,23222002,49,0
23222,23222002,50,0
23222,23222002,51,0
23222,23222002,52,0
23222,23222002,53,0
23222,23222002,54,0
23222,23222002,55,0
23222,23222002,56,0
23222,23222002,57,0
23222,23222002,58,0
23222,23222002,59,0
23222,23222002,60,0
23222,23222002,61,0
23222,23222002,62,0
23222,23222002,63,0
23222,23222002,64,0
23222,23222002,65,0
23222,23222002,66,0
23222,23222002,67,0
23222,23222002,68,0
23222,23222002,69,0
23222,23222002,70,0
23222,23222002,71,0
23222,23222002,72,0
23222,23222002,73,0
23222,23222002,74,0
23222,23222002,75,0
23222,23222002,76,0
23222,23222002,77,0
23222,23222002,78,0
23222,23222002,79,0
23222,23222002,80,0
23222,23222002,81,0
23222,23222002,82,0
23222,23222002,83,0
23222,23222002,84,0
23222,23222002,85,0
23222,23222002,86,0
23222,23222002,87,0
23222,23222002,88,0
23222,23222002,89,0
23222,23222002,90,0
23222,23222002,91,0
23222,23222002,92,0
23222,23222002,93,0
23222,23222002,94,0
23222,23222002,95,0
23222,23222002,96,0
23222,23222002,97,0
23222,23222002,98,0
23222,23222002,99,0
23222,23222002,100,0
23222,23222002,101,0
23222,23222002,102,0
23222,23222002,103,0
23222,23222002,104,0
23222,23222002,105,0
23222,23222002,106,0
23222,23222002,107,0
23222,23222002,108,0
23222,23222002,109,0
23222,23222002,110,0
23222,23222002,111,0
23222,23222002,112,0
23222,23222002,113,0
23222,23222002,114,0
23222,23222002,115,0
23222,23222002,116,0
23222,23222002,117,0
23222,23222002,118,0
23222,23222002,119,0
23222,23222002,120,0
23222,23222002,121,0
23222,23222002,122,0
23222,23222002,123,0
23222,23222002,124,0
23222,23222002,125,0
23222,23222002,126,0
23222,23222002,127,0
23222,23222002,128,0
23222,23222002,129,0
23222,23222002,130,0
23222,23222002,131,0
23222,23222002,132,0
23222,23222002,133,0
23222,23222002,134,0
23222,23222002,135,0
23222,23222002,136,0
23222,23222002,137,0
23222,23222002,138,0
23222,23222002,139,0
23222,23222002,140,0
23222,23222002,141,0
23222,23222002,142,0
23222,23222002,143,0
23222,23222002,144,0
23222,23222002,145,0
23222,23222002,146,0
23222,23222002,147,0
23222,23222002,148,0
23222,23222002,149,0
23222,23222002,150,0
23222,23222002,151,0
23222,23222002,152,0
23222,23222002,153,0
23222,23222002,154,0
23222,23222002,155,0
23222,23222002,156,0
23222,23222002,157,0
23222,23222002,158,0
23222,23222002,159,0
23222,23222002,160,0
23222,23222002,161,0
23222,23222002,162,0
23222,23222002,163,0
23222,23222002,164,0
23222,23222002,165,0
23222,23222002,166,0
23222,23222002,167,0
23222,23222002,168,0
23222,23222002,169,0
23222,23222002,170,0
23222,23222002,171,0
23222,23222002,172,0
23222,23222002,173,0
23222,23222002,174,0
23222,23222002,175,0
23222,23222002,176,0
23222,23222002,177,0
23222,23222002,178,0
23222,23222002,179,0
23222,23222002,180,0
23222,23222002,181,0
23222,23222002,182,0
23222,23222002,183,0
23222,23222002,184,0
23222,23222002,185,0
23222,23222002,186,0
23222,23222002,187,0
23222,23222002,188,0
23222,23222002,189,0
23222,23222002,190,0
23222,23222002,191,0
23222,23222002,192,0
23222,23222002,193,0
23222,23222002,194,0
23222,23222002,195,0
23222,23222002,196,0
23222,23222002,197,0
23222,23222002,198,0
23222,23222002,199,0
23222,23222002,200,0
23222,23222002,201,0
23222,23222002,202,0
23222,23222002,203,0
23222,23222002,204,0
23222,23222002,205,0
23222,23222002,206,0
23222,23222002,207,0
23222,23222002,208,0
23222,23222002,209,0
23222,23222002,210,0
23222,23222002,211,0
23222,23222002,212,0
23222,23222002,213,0
23222,23222002,214,0
23222,23222002,215,0
23222,23222002,216,0
23222,23222002,217,0
23222,23222002,218,0
23222,23222002,219,0
23222,23222002,220,0
23222,23222002,221,0
23222,23222002,222,0
23222,23222002,223,0
23222,23222002,224,0
23222,23222002,225,0
23222,23222002,226,0
23222,23222002,227,0
23222,23222002,228,0
23222,23222002,229,0
23222,23222002,230,0
23222,23222002,231,0
23222,23222002,232,0
23222,23222002,233,0
23222,23222002,234,0
23222,23222002,235,0
23222,23222002,236,0
23222,23222002,237,0
23222,23222002,238,0
23222,23222002,239,0
23222,23222002,240,0
23222,23222002,241,0
23222,23222002,242,0
23222,23222002,243,0
23222,23222002,244,0
23222,23222002,245,0
23222,23222002,246,0
23222,23222002,247,0
23222,23222002,248,0
23222,23222002,249,0
23222,23222002,250,0
23222,23222002,251,0
23222,23222002,252,0
23222,23222002,253,0
23222,23222002,254,0
23222,23222002,255,0
23222,23222002,256,0
23222,23222002,257,0
23222,23222002,258,0
23222,23222002,259,0
23222,23222002,260,0
23222,23222002,261,0
23222,23222002,262,0
23222,23222002,263,0
23222,23222002,264,0
23222,23222002,265,0
23222,23222002,266,0
23222,23222002,267,0
23222,23222002,268,0
23222,23222002,269,0
23222,23222002,270,0
23222,23222002,271,0
23222,23222002,272,0
23222,23222002,273,0
23222,23222002,274,0
23222,23222002,275,0
23222,23222002,276,0
23222,23222002,277,0
23222,23222002,278,0
23222,23222002,279,0
23222,23222002,280,0
23222,23222002,281,0
23222,23222002,282,0
23222,23222002,283,0
23222,23222002,284,0
23222,23222002,285,0
23222,23222002,286,0
23222,23222002,287,0
23222,23222002,288,0
23222,23222002,289,0
23222,23222002,290,0
23222,23222002,291,0
23222,23222002,292,0
23222,23222002,293,0
23222,23222002,294,0
23222,23222002,295,0
23222,23222002,296,0
23222,23222002,297,0
23222,23222002,298,0
23222,23222002,299,0
23222,23222002,300,0
23222,23222002,301,0
23222,23222002,302,0
23222,23222002,303,0
23222,23222002,304,0
23222,23222002,305,0
23222,23222002,306,0
23222,23222002,307,0
23222,23222002,308,0
23222,23222002,309,0
23222,23222002,310,0
23222,23222002,311,0
23222,23222002,312,0
23222,23222002,313,0
23222,23222002,314,0
23222,23222002,315,0
23222,23222002,316,0
23222,23222002,317,0
23222,23222002,318,0
23222,23222002,319,0
23222,23222002,320,0
23222,23222002,321,0
23222,23222002,322,0
23222,23222002,323,0
23222,23222002,324,0
23222,23222002,325,0
23222,23222002,326,0
23222,23222002,327,0
23222,23222002,328,0
23222,23222002,329,0
23222,23222002,330,0
23222,23222002,331,0
23222,23222002,332,0
23222,23222002,333,0
23222,23222002,334,0
23222,23222002,335,0
23222,23222002,336,0
23222,23222002,337,0
23222,23222002,338,0
23222,23222002,339,0
23222,23222002,340,0
23222,23222002,341,0
23222,23222002,342,0
23222,23222002,343,0
23222,23222002,344,0
23222,23222002,345,0
23222,23222002,346,0
23222,23222002,347,0
23222,23222002,348,0
23222,23222002,349,0
23222,23222002,350,0
23222,23222002,351,0
23222,23222002,352,0
23222,23222002,353,0
23222,23222002,354,0
23222,23222002,355,0
23222,23222002,356,0
23222,23222002,357,0
23222,23222002,358,0
23222,23222002,359,0
23222,23222002,360,0
23222,23222002,361,0
23222,23222002,362,0
23222,23222002,363,0
23222,23222002,364,0
23222,23222002,365,0
23222,23222002,366,0
23222,23222002,367,0
23222,23222002,368,0
23222,23222002,369,0
23222,23222002,370,0
23222,23222002,371,0
23222,23222002,372,0
23222,23222002,373,0
23222,23222002,374,0
23222,23222002,375,0
23222,23222002,376,0
23222,23222002,377,0
23222,23222002,378,0
23222,23222002,379,0
23222,23222002,380,0
23222,23222002,381,0
23222,23222002,382,0
23222,23222002,383,0
23222,23222002,384,0
23222,23222002,385,0
23222,23222002,386,0
23222,23222002,387,0
23222,23222002,388,0
23222,23222002,389,0
23222,23222002,390,0
23222,23222002,391,0
23222,23222002,392,0
23222,23222002,393,0
23222,23222002,394,0
23222,23222002,395,0
23222,23222002,396,0
23222,23222002,397,0
23222,23222002,398,0
23222,23222002,399,0
23222,23222002,400,0
23222,23222002,401,0
23222,23222002,402,0
23222,23222002,403,0
23222,23222002,404,0
23222,23222002,405,0
23222,23222002,406,0
23222,23222002,407,0
23222,23222002,408,0
23222,23222002,409,0
23222,23222002,410,0
23222,23222002,411,0
23222,23222002,412,0
23222,23222002,413,0
23222,23222002,414,0
23222,23222002,415,0
23222,23222002,416,0
23222,23222002,417,0
23222,23222002,418,0
23222,23222002,419,0
23222,23222002,420,0
23222,23222002,421,0
23222,23222002,422,0
23222,23222002,423,0
23222,23222002,424,0
23222,23222002,425,0
23222,23222002,426,0
23222,23222002,427,0
23222,23222002,428,0
23222,23222002,429,0
23222,23222002,430,0
23222,23222002,431,0
23222,23222002,432,0
23222,23222002,433,0
23222,23222002,434,0
23222,23222002,435,0
23222,23222002,436,0
23222,23222002,437,0
23222,23222002,438,0
23222,23222002,439,0
23222,23222002,440,0
23222,23222002,441,0
23222,23222002,442,0
23222,23222002,443,0
23222,23222002,444,0
23222,23222002,445,0
23222,23222002,446,0
23222,23222002,447,0
23222,23222002,448,0
23222,23222002,449,0
23222,23222002,450,0
23222,23222002,451,0
23222,23222002,452,0
23222,23222002,453,0
23222,23222002,454,0
23222,23222002,455,0
23222,23222002,456,0
23222,23222002,457,0
23222,23222002,458,0
23222,23222002,459,0
23222,23222002,460,0
23222,23222002,461,0
23222,23222002,462,0
23222,23222002,463,0
23222,23222002,464,0
23222,23222002,465,0
23222,23222002,466,0
23222,23222002,467,0
23222,23222002,468,0
23222,23222002,469,0
23222,23222002,470,0
23222,23222002,471,0
23222,23222002,472,0
23222,23222002,473,0
23222,23222002,474,0
23222,23222002,475,0
23222,23222002,476,0
23222,23222002,477,0
23222,23222002,478,0
23222,23222002,479,0
23222,23222002,480,0
23222,23222002,481,0
23222,23222002,482,0
23222,23222002,483,0
23222,23222002,484,0
23222,23222002,485,0
23222,23222002,486,0
23222,23222002,487,0
23222,23222002,488,0
23222,23222002,489,0
23222,23222002,490,0
23222,23222002,491,0
23222,23222002,492,0
23222,23222002,493,0
23222,23222002,494,0
23222,23222002,495,0
23222,23222002,496,0
23222,23222002,497,0
23222,23222002,498,0
23222,23222002,499,0
23222,23222002,500,0
23222,23222002,501,0
23222,23222002,502,0
23222,23222002,503,0
23222,23222002,504,0
23222,23222002,505,0
23222,23222002,506,0
23222,23222002,507,0
23222,23222002,508,0
23222,23222002,509,0
23222,23222002,510,0
23222,23222002,511,0
23222,23222002,512,0
23222,23222002,513,0
23222,23222002,514,0
23222,23222002,515,0
23222,23222002,516,0
23222,23222002,517,0
23222,23222002,518,0
23222,23222002,519,0
23222,23222002,520,0
23222,23222002,521,0
23222,23222002,522,0
23222,23222002,523,0
23222,23222002,524,0
23222,23222002,525,0
23222,23222002,526,0
23222,23222002,527,0
23222,23222002,528,0
23222,23222002,529,0
23222,23222002,530,0
23222,23222002,531,0
23222,23222002,532,0
23222,23222002,533,0
23222,23222002,534,0
23222,23222002,535,0
23222,23222002,536,0
23222,23222002,537,0
23222,23222002,538,0
23222,23222002,539,0
23222,23222002,540,0
23222,23222002,541,0
23222,23222002,542,0
23222,23222002,543,0
23222,23222002,544,0
23222,23222002,545,0
23222,23222002,546,0
23222,23222002,547,0
23222,23222002,548,0
23222,23222002,549,0
23222,23222002,550,0
23222,23222002,551,0
23222,23222002,552,0
23222,23222002,553,0
23222,23222002,554,0
23222,23222002,555,0
23222,23222002,556,0
23222,23222002,557,0
23222,23222002,558,0
23222,23222002,559,0
23222,23222002,560,0
23222,23222002,561,0
23222,23222002,562,0
23222,23222002,563,0
23222,23222002,564,0
23222,23222002,565,0
23222,23222002,566,0
23222,23222002,567,0
23222,23222002,568,0
23222,23222002,569,0
23222,23222002,570,0
23222,23222002,571,0
23222,23222002,572,0
23222,23222002,573,0
23222,23222002,574,0
23222,23222002,575,0
23222,23222002,576,0
23222,23222002,577,0
23222,23222002,578,0
23222,23222002,579,0
23222,23222002,580,0
23222,23222002,581,0
23222,23222002,582,0
23222,23222002,583,0
23222,23222002,584,0
23222,23222002,585,0
23222,23222002,586,0
23222,23222002,587,0
23222,23222002,588,0
23222,23222002,589,0
23222,23222002,590,0
23222,23222002,591,0
23222,23222002,592,0
23222,23222002,593,0
23222,23222002,594,0
23222,23222002,595,0
23222,23222002,596,0
23222,23222002,597,0
23222,23222002,598,0
23222,23222002,599,0
23222,23222002,600,0
23222,23222002,601,0
23222,23222002,602,0
23222,23222002,603,0
23222,23222002,604,0
23222,23222002,605,0
23222,23222002,606,0
23222,23222002,607,0
23222,23222002,608,0
23222,23222002,609,0
23222,23222002,610,0
23222,23222002,611,0
23222,23222002,612,0
23222,23222002,613,0
23222,23222002,614,0
23222,23222002,615,0
23222,23222002,616,0
23222,23222002,617,0
23222,23222002,618,0
23222,23222002,619,0
23222,23222002,620,0
23222,23222002,621,0
23222,23222002,622,0
23222,23222002,623,0
23222,23222002,624,0
23222,23222002,625,0
23222,23222002,626,0
23222,23222002,627,0
23222,23222002,628,0
23222,23222002,629,0
23222,23222002,630,0
23222,23222002,631,0
23222,23222002,632,0
23222,23222002,633,0
23222,23222002,634,0
23222,23222002,635,0
23222,23222002,636,0
23222,23222002,637,0
23222,23222002,638,0
23222,23222002,639,0
23222,23222002,640,0
23222,23222002,641,0
23222,23222002,642,0
23222,23222002,643,0
23222,23222002,644,0
23222,23222002,645,0
23222,23222002,646,0
23222,23222002,647,0
23222,23222002,648,0
23222,23222002,649,0
23222,23222002,650,0
23222,23222002,651,0
23222,23222002,652,0
23222,23222002,653,0
23222,23222002,654,0
23222,23222002,655,0
23222,23222002,656,0
23222,23222002,657,0
23222,23222002,658,0
23222,23222002,659,0
23222,23222002,660,0
23222,23222002,661,0
23222,23222002,662,0
23222,23222002,663,0
23222,23222002,664,0
23222,23222002,665,0
23222,23222002,666,0
23222,23222002,667,0
23222,23222002,668,0
23222,23222002,669,0
23222,23222002,670,0
23222,23222002,671,0
23222,23222002,672,0
23222,23222002,673,0
23222,23222002,674,0
23222,23222002,675,0
23222,23222002,676,0
23222,23222002,677,0
23222,23222002,678,0
23222,23222002,679,0
23222,23222002,680,0
23222,23222002,681,0
23222,23222002,682,0
23222,23222002,683,0
23222,23222002,684,0
23222,23222002,685,0
23222,23222002,686,0
23222,23222002,687,0
23222,23222002,688,0
23222,23222002,689,0
23222,23222002,690,0
23222,23222002,691,0
23222,23222002,692,0
23222,23222002,693,0
23222,23222002,694,0
23222,23222002,695,0
23222,23222002,696,0
23222,23222002,697,0
23222,23222002,698,0
23222,23222002,699,0
23222,23222002,700,0
23222,23222002,701,0
23222,23222002,702,0
23222,23222002,703,0
23222,23222002,704,0
23222,23222002,705,0
23222,23222002,706,0
23222,23222002,707,0
23222,23222002,708,0
23222,23222002,709,0
23222,23222002,710,0
23222,23222002,711,0
23222,23222002,712,0
23222,23222002,713,0
23222,23222002,714,0
23222,23222002,715,0
23222,23222002,716,0
23222,23222002,717,0
23222,23222002,718,0
23222,23222002,719,0
23222,23222002,720,0
23222,23222002,721,0
23222,23222002,722,0
23222,23222002,723,0
23222,23222002,724,0
23222,23222002,725,0
23222,23222002,726,0
23222,23222002,727,0
23222,23222002,728,0
23222,23222002,729,0
23222,23222002,730,0
23222,23222002,731,0
23222,23222002,732,0
23222,23222002,733,0
23222,23222002,734,0
23222,23222002,735,0
23222,23222002,736,0
23222,23222002,737,0
23222,23222002,738,0
23222,23222002,739,0
23222,23222002,740,0
23222,23222002,741,0
23222,23222002,742,0
23222,23222002,743,0
23222,23222002,744,0
23222,23222002,745,0
23222,23222002,746,0
23222,23222002,747,0
23222,23222002,748,0
23222,23222002,749,0
23222,23222002,750,0
23222,23222002,751,0
23222,23222002,752,0
23222,23222002,753,0
23222,23222002,754,0
23222,23222002,755,0
23222,23222002,756,0
23222,23222002,757,0
23222,23222002,758,0
23222,23222002,759,0
23222,23222002,760,0
23222,23222002,761,0
23222,23222002,762,0
23222,23222002,763,0
23222,23222002,764,0
23222,23222002,765,0
23222,23222002,766,0
23222,23222002,767,0
23222,23222002,768,0
23222,23222002,769,0
23222,23222002,770,0
23222,23222002,771,0
23222,23222002,772,0
23222,23222002,773,0
23222,23222002,774,0
23222,23222002,775,0
23222,23222002,776,0
23222,23222002,777,0
23222,23222002,778,0
23222,23222002,779,0
23222,23222002,780,0
23222,23222002,781,0
23222,23222002,782,0
23222,23222002,783,0
23222,23222002,784,0
23222,23222002,785,0
23222,23222002,786,0
23222,23222002,787,0
23222,23222002,788,0
23222,23222002,789,0
23222,23222002,790,0
23222,23222002,791,0
23222,23222002,792,0
23222,23222002,793,0
23222,23222002,794,0
23222,23222002,795,0
23222,23222002,796,0
23222,23222002,797,0
23222,23222002,798,0
23222,23222002,799,0
23222,23222002,800,0
23222,23222002,801,0
23222,23222002,802,0
23222,23222002,803,0
23222,23222002,804,0
23222,23222002,805,0
23222,23222002,806,0
23222,23222002,807,0
23222,23222002,808,0
23222,23222002,809,0
23222,23222002,810,0
23222,23222002,811,0
23222,23222002,812,0
23222,23222002,813,0
23222,23222002,814,0
23222,23222002,815,0
23222,23222002,816,0
23222,23222002,817,0
23222,23222002,818,0
23222,23222002,819,0
23222,23222002,820,0
23222,23222002,821,0
23222,23222002,822,0
23222,23222002,823,0
23222,23222002,824,0
23222,23222002,825,0
23222,23222002,826,0
23222,23222002,827,0
23222,23222002,828,0
23222,23222002,829,0
23222,23222002,830,0
23222,23222002,831,0
23222,23222002,832,0
23222,23222002,833,0
23222,23222002,834,0
23222,23222002,835,0
23222,23222002,836,0
23222,23222002,837,0
23222,23222002,838,0
23222,23222002,839,0
23222,23222002,840,0
23222,23222002,841,0
23222,23222002,842,0
23222,23222002,843,0
23222,23222002,844,0
23222,23222002,845,0
23222,23222002,846,0
23222,23222002,847,0
23222,23222002,848,0
23222,23222002,849,0
23222,23222002,850,0
23222,23222002,851,0
23222,23222002,852,0
23222,23222002,853,0
23222,23222002,854,0
23222,23222002,855,0
23222,23222002,856,0
23222,23222002,857,0
23222,23222002,858,0
23222,23222002,859,0
23222,23222002,860,0
23222,23222002,861,0
23222,23222002,862,0
23222,23222002,863,0
23222,23222002,864,0
23222,23222002,865,0
23222,23222002,866,0
23222,23222002,867,0
23222,23222002,868,0
23222,23222002,869,0
23222,23222002,870,0
23222,23222002,871,0
23222,23222002,872,0
23222,23222002,873,0
23222,23222002,874,0
23222,23222002,875,0
23222,23222002,876,0
23222,23222002,877,0
23222,23222002,878,0
23222,23222002,879,0
23222,23222002,880,0
23222,23222002,881,0
23222,23222002,882,0
23222,23222002,883,0
23222,23222002,884,0
23222,23222002,885,0
23222,23222002,886,0
23222,23222002,887,0
23222,23222002,888,0
23222,23222002,889,0
23222,23222002,890,0
23222,23222002,891,0
23222,23222002,892,0
23222,23222002,893,0
23222,23222002,894,0
23222,23222002,895,0
23222,23222002,896,0
23222,23222002,897,0
23222,23222002,898,0
23222,23222002,899,0
23222,23222002,900,0
23222,23222002,901,0
23222,23222002,902,0
23222,23222002,903,0
23222,23222002,904,0
23222,23222002,905,0
23222,23222002,906,0
23222,23222002,907,0
23222,23222002,908,0
23222,23222002,909,0
23222,23222002,910,0
23222,23222002,911,0
23222,23222002,912,0
23222,23222002,913,0
23222,23222002,914,0
23222,23222002,915,0
23222,23222002,916,0
23222,23222002,917,0
23222,23222002,918,0
23222,23222002,919,0
23222,23222002,920,0
23222,23222002,921,0
23222,23222002,922,0
23222,23222002,923,0
23222,23222002,924,0
23222,23222002,925,0
23222,23222002,926,0
23222,23222002,927,0
23222,23222002,928,0
23222,23222002,929,0
23222,23222002,930,0
23222,23222002,931,0
23222,23222002,932,0
23222,23222002,933,0
23222,23222002,934,0
23222,23222002,935,0
23222,23222002,936,0
23222,23222002,937,0
23222,23222002,938,0
23222,23222002,939,0
23222,23222002,940,0
23222,23222002,941,0
23222,23222002,942,0
23222,23222002,943,0
23222,23222002,944,0
23222,23222002,945,0
23222,23222002,946,0
23222,23222002,947,0
23222,23222002,948,0
23222,23222002,949,0
23222,23222002,950,0
23222,23222002,951,0
23222,23222002,952,0
23222,23222002,953,0
23222,23222002,954,0
23222,23222002,955,0
23222,23222002,956,0
23222,23222002,957,0
23222,23222002,958,0
23222,23222002,959,0
23222,23222002,960,0
23222,23222002,961,0
23222,23222002,962,0
23222,23222002,963,0
23222,23222002,964,0
23222,23222002,965,0
23222,23222002,966,0
23222,23222002,967,0
23222,23222002,968,0
23222,23222002,969,0
23222,23222002,970,0
23222,23222002,971,0
23222,23222002,972,0
23222,23222002,973,0
23222,23222002,974,0
23222,23222002,975,0
23222,23222002,976,0
23222,23222002,977,0
23222,23222002,978,0
23222,23222002,979,0
23222,23222002,980,0
23222,23222002,981,0
23222,23222002,982,0
23222,23222002,983,0
23222,23222002,984,0
23222,23222002,985,0
23222,23222002,986,0
23222,23222002,987,0
23222,23222002,988,0
23222,23222002,989,0
23222,23222002,990,0
23222,23222002,991,0
23222,23222002,992,0
23222,23222002,993,0
23222,23222002,994,0
23222,23222002,995,0
23222,23222002,996,0
23222,23222002,997,0
23222,23222002,998,0
23222,23222002,999,0
23222,23222002,1000,0
23222,23222002,1001,0
23222,23222002,1002,0
23222,23222002,1003,0
23222,23222002,1004,0
23222,23222002,1005,0
23222,23222002,1006,0
23222,23222002,1007,0
23222,23222002,1008,0
23222,23222002,1009,0
23222,23222002,1010,0
23222,23222002,1011,0
23222,23222002,1012,0
23222,23222002,1013,0
23222,23222002,1014,0
23222,23222002,1015,0
23222,23222002,1016,0
23222,23222002,1017,0
23222,23222002,1018,0
23222,23222002,1019,0
23222,23222002,1020,0
23222,23222002,1021,0
23222,23222002,1022,0
23222,23222002,1023,0
23222,23222002,1024,0
23222,23222002,1025,0
23222,23222002,1026,0
23222,23222002,1027,0
23222,23222002,1028,0
23222,23222002,1029,0
23222,23222002,1030,0
23222,23222002,1031,0
23222,23222002,1032,0
23222,23222002,1033,0
23222,23222002,1034,0
23222,23222002,1035,0
23222,23222002,1036,0
23222,23222002,1037,0
23222,23222002,1038,0
23222,23222002,1039,0
23222,23222002,1040,0
23222,23222002,1041,0
23222,23222002,1042,0
23222,23222002,1043,0
23222,23222002,1044,0
23222,23222002,1045,0
23222,23222002,1046,0
23222,23222002,1047,0
23222,23222002,1048,0
23222,23222002,1049,0
23222,23222002,1050,0
23222,23222002,1051,0
23222,23222002,1052,0
23222,23222002,1053,0
23222,23222002,1054,0
23222,23222002,1055,0
23222,23222002,1056,0
23222,23222002,1057,0
23222,23222002,1058,0
23222,23222002,1059,0
23222,23222002,1060,0
23222,23222002,1061,0
23222,23222002,1062,0
23222,23222002,1063,0
23222,23222002,1064,0
23222,23222002,1065,0
23222,23222002,1066,0
23222,23222002,1067,0
23222,23222002,1068,0
23222,23222002,1069,0
23222,23222002,1070,0
23222,23222002,1071,0
23222,23222002,1072,0
23222,23222002,1073,0
23222,23222002,1074,0
23222,23222002,1075,0
23222,23222002,1076,0
23222,23222002,1077,0
23222,23222002,1078,0
23222,23222002,1079,0
23222,23222002,1080,0
23222,23222002,1081,0
23222,23222002,1082,0
23222,23222002,1083,0
23222,23222002,1084,0
23222,23222002,1085,0
23222,23222002,1086,0
23222,23222002,1087,0
23222,23222002,1088,0
23222,23222002,1089,0
23222,23222002,1090,0
23222,23222002,1091,0
23222,23222002,1092,0
23222,23222002,1093,0
23222,23222002,1094,0
23222,23222002,1095,0
23222,23222002,1096,0
23222,23222002,1097,0
23222,23222002,1098,0
23222,23222002,1099,0
23222,23222002,1100,0
23222,23222002,1101,0
23222,23222002,1102,0
23222,23222002,1103,0
23222,23222002,1104,0
23222,23222002,1105,0
23222,23222002,1106,0
23222,23222002,1107,0
23222,23222002,1108,0
23222,23222002,1109,0
23222,23222002,1110,0
23222,23222002,1111,0
23222,23222002,1112,0
23222,23222002,1113,0
23222,23222002,1114,0
23222,23222002,1115,0
23222,23222002,1116,0
23222,23222002,1117,0
23222,23222002,1118,0
23222,23222002,1119,0
23222,23222002,1120,0
23222,23222002,1121,0
23222,23222002,1122,0
23222,23222002,1123,0
23222,23222002,1124,0
23222,23222002,1125,0
23222,23222002,1126,0
23222,23222002,1127,0
23222,23222002,1128,0
23222,23222002,1129,0
23222,23222002,1130,0
23222,23222002,1131,0
23222,23222002,1132,0
23222,23222002,1133,0
23222,23222002,1134,0
23222,23222002,1135,0
23222,23222002,1136,0
23222,23222002,1137,0
23222,23222002,1138,0
23222,23222002,1139,0
23222,23222002,1140,0
23222,23222002,1141,0
23222,23222002,1142,0
23222,23222002,1143,0
23222,23222002,1144,0
23222,23222002,1145,0
23222,23222002,1146,0
23222,23222002,1147,0
23222,23222002,1148,0
23222,23222002,1149,0
23222,23222002,1150,0
23222,23222002,1151,0
23222,23222002,1152,0
23222,23222002,1153,0
23222,23222002,1154,0
23222,23222002,1155,0
23222,23222002,1156,0
23222,23222002,1157,0
23222,23222002,1158,0
23222,23222002,1159,0
23222,23222002,1160,0
23222,23222002,1161,0
23222,23222002,1162,0
23222,23222002,1163,0
23222,23222002,1164,0
23222,23222002,1165,0
23222,23222002,1166,0
23222,23222002,1167,0
23222,23222002,1168,0
23222,23222002,1169,0
23222,23222002,1170,0
23222,23222002,1171,0
23222,23222002,1172,0
23222,23222002,1173,0
23222,23222002,1174,0
23222,23222002,1175,0
23222,23222002,1176,0
23222,23222002,1177,0
23222,23222002,1178,0
23222,23222002,1179,0
23222,23222002,1180,0
23222,23222002,1181,0
23222,23222002,1182,0
23222,23222002,1183,0
23222,23222002,1184,0
23222,23222002,1185,0
23222,23222002,1186,0
23222,23222002,1187,0
23222,23222002,1188,0
23222,23222002,1189,0
23222,23222002,1190,0
23222,23222002,1191,0
23222,23222002,1192,0
23222,23222002,1193,0
23222,23222002,1194,0
23222,23222002,1195,0
23222,23222002,1196,0
23222,23222002,1197,0
23222,23222002,1198,0
23222,23222002,1199,0
23222,23222002,1200,0
23222,23222002,1201,0
23222,23222002,1202,0
23222,23222002,1203,0
23222,23222002,1204,0
23222,23222002,1205,0
23222,23222002,1206,0
23222,23222002,1207,0
23222,23222002,1208,0
23222,23222002,1209,0
23222,23222002,1210,0
23222,23222002,1211,0
23222,23222002,1212,0
23222,23222002,1213,0
23222,23222002,1214,0
23222,23222002,1215,0
23222,23222002,1216,0
23222,23222002,1217,0
23222,23222002,1218,0
23222,23222002,1219,0
23222,23222002,1220,0
23222,23222002,1221,0
23222,23222002,1222,0
23222,23222002,1223,0
23222,23222002,1224,0
23222,23222002,1225,0
23222,23222002,1226,0
23222,23222002,1227,0
23222,23222002,1228,0
23222,23222002,1229,0
23222,23222002,1230,0
23222,23222002,1231,0
23222,23222002,1232,0
23222,23222002,1233,0
23222,23222002,1234,0
23222,23222002,1235,0
23222,23222002,1236,0
23222,23222002,1237,0
23222,23222002,1238,0
23222,23222002,1239,0
23222,23222002,1240,0
23222,23222002,1241,0
23222,23222002,1242,0
23222,23222002,1243,0
23222,23222002,1244,0
23222,23222002,1245,0
23222,23222002,1246,0
23222,23222002,1247,0
23222,23222002,1248,0
23222,23222002,1249,0
23222,23222002,1250,0
23222,23222002,1251,0
23222,23222002,1252,0
23222,23222002,1253,0
23222,23222002,1254,0
23222,23222002,1255,0
23222,23222002,1256,0
23222,23222002,1257,0
23222,23222002,1258,0
23222,23222002,1259,0
23222,23222002,1260,0
23222,23222002,1261,0
23222,23222002,1262,0
23222,23222002,1263,0
23222,23222002,1264,0
23222,23222002,1265,0
23222,23222002,1266,0
23222,23222002,1267,0
23222,23222002,1268,0
23222,23222002,1269,0
23222,23222002,1270,0
23222,23222002,1271,0
23222,23222002,1272,0
23222,23222002,1273,0
23222,23222002,1274,0
23222,23222002,1275,0
23222,23222002,1276,0
23222,23222002,1277,0
23222,23222002,1278,0
23222,23222002,1279,0
23222,23222002,1280,0
23222,23222002,1281,0
23222,23222002,1282,0
23222,23222002,1283,0
23222,23222002,1284,0
23222,23222002,1285,0
23222,23222002,1286,0
23222,23222002,1287,0
23222,23222002,1288,0
23222,23222002,1289,0
23222,23222002,1290,0
23222,23222002,1291,0
23222,23222002,1292,0
23222,23222002,1293,0
23222,23222002,1294,0
23222,23222002,1295,0
23222,23222002,1296,0
23222,23222002,1297,0
23222,23222002,1298,0
23222,23222002,1299,0
23222,23222002,1300,0
23222,23222002,1301,0
23222,23222002,1302,0
23222,23222002,1303,0
23222,23222002,1304,0
23222,23222002,1305,0
23222,23222002,1306,0
23222,23222002,1307,0
23222,23222002,1308,0
23222,23222002,1309,0
23222,23222002,1310,0
23222,23222002,1311,0
23222,23222002,1312,0
23222,23222002,1313,0
23222,23222002,1314,0
23222,23222002,1315,0
23222,23222002,1316,0
23222,23222002,1317,0
23222,23222002,1318,0
23222,23222002,1319,0
23222,23222002,1320,0
23222,23222002,1321,0
23222,23222002,1322,0
23222,23222002,1323,0
23222,23222002,1324,0
23222,23222002,1325,0
23222,23222002,1326,0
23222,23222002,1327,0
23222,23222002,1328,0
23222,23222002,1329,0
23222,23222002,1330,0
23222,23222002,1331,0
23222,23222002,1332,0
23222,23222002,1333,0
23222,23222002,1334,0
23222,23222002,1335,0
23222,23222002,1336,0
23222,23222002,1337,0
23222,23222002,1338,0
23222,23222002,1339,0
23222,23222002,1340,0
23222,23222002,1341,0
23222,23222002,1342,0
23222,23222002,1343,0
23222,23222002,1344,0
23222,23222002,1345,0
23222,23222002,1346,0
23222,23222002,1347,0
23222,23222002,1348,0
23222,23222002,1349,0
23222,23222002,1350,0
23222,23222002,1351,0
23222,23222002,1352,0
23222,23222002,1353,0
23222,23222002,1354,0
23222,23222002,1355,0
23222,23222002,1356,0
23222,23222002,1357,0
23222,23222002,1358,0
23222,23222002,1359,0
23222,23222002,1360,0
23222,23222002,1361,0
23222,23222002,1362,0
23222,23222002,1363,0
23222,23222002,1364,0
23222,23222002,1365,0
23222,23222002,1366,0
23222,23222002,1367,0
23222,23222002,1368,0
23222,23222002,1369,0
23222,23222002,1370,0
23222,23222002,1371,0
23222,23222002,1372,0
23222,23222002,1373,0
23222,23222002,1374,0
23222,23222002,1375,0
23222,23222002,1376,0
23222,23222002,1377,0
23222,23222002,1378,0
23222,23222002,1379,0
23222,23222002,1380,0
23222,23222002,1381,0
23222,23222002,1382,0
23222,23222002,1383,0
23222,23222002,1384,0
23222,23222002,1385,0
23222,23222002,1386,0
23222,23222002,1387,0
23222,23222002,1388,0
23222,23222002,1389,0
23222,23222002,1390,0
23222,23222002,1391,0
23222,23222002,1392,0
23222,23222002,1393,0
23222,23222002,1394,0
23222,23222002,1395,0
23222,23222002,1396,0
23222,23222002,1397,0
23222,23222002,1398,0
23222,23222002,1399,0
23222,23222002,1400,0
23222,23222002,1401,0
23222,23222002,1402,0
23222,23222002,1403,0
23222,23222002,1404,0
23222,23222002,1405,0
23222,23222002,1406,0
23222,23222002,1407,0
23222,23222002,1408,0
23222,23222002,1409,0
23222,23222002,1410,0
23222,23222002,1411,0
23222,23222002,1412,0
23222,23222002,1413,0
23222,23222002,1414,0
23222,23222002,1415,0
23222,23222002,1416,0
23222,23222002,1417,0
23222,23222002,1418,0
23222,23222002,1419,0
23222,23222002,1420,0
23222,23222002,1421,0
23222,23222002,1422,0
23222,23222002,1423,0
23222,23222002,1424,0
23222,23222002,1425,0
23222,23222002,1426,0
23222,23222002,1427,0
23222,23222002,1428,0
23222,23222002,1429,0
23222,23222002,1430,0
23222,23222002,1431,0
23222,23222002,1432,0
23222,23222002,1433,0
23222,23222002,1434,0
23222,23222002,1435,0
23222,23222002,1436,0
23222,23222002,1437,0
23222,23222002,1438,0
23222,23222002,1439,0
23222,23222002,1440,0
23222,23222002,1441,0
23222,23222002,1442,0
23222,23222002,1443,0
23222,23222002,1444,0
23222,23222002,1445,0
23222,23222002,1446,0
23222,23222002,1447,0
23222,23222002,1448,0
23222,23222002,1449,0
23222,23222002,1450,0
23222,23222002,1451,0
23222,23222002,1452,0
23222,23222002,1453,0
23222,23222002,1454,0
23222,23222002,1455,0
23222,23222002,1456,0
23222,23222002,1457,0
23222,23222002,1458,0
23222,23222002,1459,0
23222,23222002,1460,0
23222,23222002,1461,0
23222,23222002,1462,0
23222,23222002,1463,0
23222,23222002,1464,0
23222,23222002,1465,0
23222,23222002,1466,0
23222,23222002,1467,0
23222,23222002,1468,0
23222,23222002,1469,0
23222,23222002,1470,0
23222,23222002,1471,0
23222,23222002,1472,0
23222,23222002,1473,0
23222,23222002,1474,0
23222,23222002,1475,0
23222,23222002,1476,0
23222,23222002,1477,0
23222,23222002,1478,0
23222,23222002,1479,0
23222,23222002,1480,0
23222,23222002,1481,0
23222,23222002,1482,0
23222,23222002,1483,0
23222,23222002,1484,0
23222,23222002,1485,0
23222,23222002,1486,0
23222,23222002,1487,0
23222,23222002,1488,0
23222,23222002,1489,0
23222,23222002,1490,0
23222,23222002,1491,0
23222,23222002,1492,0
23222,23222002,1493,0
23222,23222002,1494,0
23222,23222002,1495,0
23222,23222002,1496,0
23222,23222002,1497,0
23222,23222002,1498,0
23222,23222002,1499,0
23222,23222002,1500,0
23222,23222002,1501,0
23222,23222002,1502,0
23222,23222002,1503,0
23222,23222002,1504,0
23222,23222002,1505,0
23222,23222002,1506,0
23222,23222002,1507,0
23222,23222002,1508,0
23222,23222002,1509,0
23222,23222002,1510,0
23222,23222002,1511,0
23222,23222002,1512,0
23222,23222002,1513,0
23222,23222002,1514,0
23222,23222002,1515,0
23222,23222002,1516,0
23222,23222002,1517,0
23222,23222002,1518,0
23222,23222002,1519,0
23222,23222002,1520,0
23222,23222002,1521,0
23222,23222002,1522,0
23222,23222002,1523,0
23222,23222002,1524,0
23222,23222002,1525,0
23222,23222002,1526,0
23222,23222002,1527,0
23222,23222002,1528,0
23222,23222002,1529,0
23222,23222002,1530,0
23222,23222002,1531,0
23222,23222002,1532,0
23222,23222002,1533,0
23222,23222002,1534,0
23222,23222002,1535,0
23222,23222002,1536,0
23222,23222002,1537,0
23222,23222002,1538,0
23222,23222002,1539,0
23222,23222002,1540,0
23222,23222002,1541,0
23222,23222002,1542,0
23222,23222002,1543,0
23222,23222002,1544,0
23222,23222002,1545,0
23222,23222002,1546,0
23222,23222002,1547,0
23222,23222002,1548,0
23222,23222002,1549,0
23222,23222002,1550,0
23222,23222002,1551,0
23222,23222002,1552,0
23222,23222002,1553,0
23222,23222002,1554,0
23222,23222002,1555,0
23222,23222002,1556,0
23222,23222002,1557,0
23222,23222002,1558,0
23222,23222002,1559,0
23222,23222002,1560,0
23222,23222002,1561,0
23222,23222002,1562,0
23222,23222002,1563,0
23222,23222002,1564,0
23222,23222002,1565,0
23222,23222002,1566,0
23222,23222002,1567,0
23222,23222002,1568,0
23222,23222002,1569,0
23222,23222002,1570,0
23222,23222002,1571,0
23222,23222002,1572,0
23222,23222002,1573,0
23222,23222002,1574,0
23222,23222002,1575,0
23222,23222002,1576,0
23222,23222002,1577,0
23222,23222002,1578,0
23222,23222002,1579,0
23222,23222002,1580,0
23222,23222002,1581,0
23222,23222002,1582,0
23222,23222002,1583,0
23222,23222002,1584,0
23222,23222002,1585,0
23222,23222002,1586,0
23222,23222002,1587,0
23222,23222002,1588,0
23222,23222002,1589,0
23222,23222002,1590,0
23222,23222002,1591,0
23222,23222002,1592,0
23222,23222002,1593,0
23222,23222002,1594,0
23222,23222002,1595,0
23222,23222002,1596,0
23222,23222002,1597,0
23222,23222002,1598,0
23222,23222002,1599,0
23222,23222002,1600,0
23222,23222002,1601,0
23222,23222002,1602,0
23222,23222002,1603,0
23222,23222002,1604,0
23222,23222002,1605,0
23222,23222002,1606,0
23222,23222002,1607,0
23222,23222002,1608,0
23222,23222002,1609,0
23222,23222002,1610,0
23222,23222002,1611,0
23222,23222002,1612,0
23222,23222002,1613,0
23222,23222002,1614,0
23222,23222002,1615,0
23222,23222002,1616,0
23222,23222002,1617,0
23222,23222002,1618,0
23222,23222002,1619,0
23222,23222002,1620,0
23222,23222002,1621,0
23222,23222002,1622,0
23222,23222002,1623,0
23222,23222002,1624,0
23222,23222002,1625,0
23222,23222002,1626,0
23222,23222002,1627,0
23222,23222002,1628,0
23222,23222002,1629,0
23222,23222002,1630,0
23222,23222002,1631,0
23222,23222002,1632,0
23222,23222002,1633,0
23222,23222002,1634,0
23222,23222002,1635,0
23222,23222002,1636,0
23222,23222002,1637,0
23222,23222002,1638,0
23222,23222002,1639,0
23222,23222002,1640,0
23222,23222002,1641,0
23222,23222002,1642,0
23222,23222002,1643,0
23222,23222002,1644,0
23222,23222002,1645,0
23222,23222002,1646,0
23222,23222002,1647,0
23222,23222002,1648,0
23222,23222002,1649,0
23222,23222002,1650,0
23222,23222002,1651,0
23222,23222002,1652,0
23222,23222002,1653,0
23222,23222002,1654,0
23222,23222002,1655,0
23222,23222002,1656,0
23222,23222002,1657,0
23222,23222002,1658,0
23222,23222002,1659,0
23222,23222002,1660,0
23222,23222002,1661,0
23222,23222002,1662,0
23222,23222002,1663,0
23222,23222002,1664,0
23222,23222002,1665,0
23222,23222002,1666,0
23222,23222002,1667,0
23222,23222002,1668,0
23222,23222002,1669,0
23222,23222002,1670,0
23222,23222002,1671,0
23222,23222002,1672,0
23222,23222002,1673,0
23222,23222002,1674,0
23222,23222002,1675,0
23222,23222002,1676,0
23222,23222002,1677,0
23222,23222002,1678,0
23222,23222002,1679,0
23222,23222002,1680,0
23222,23222002,1681,0
23222,23222002,1682,0
23222,23222002,1683,0
23222,23222002,1684,0
23222,23222002,1685,0
23222,23222002,1686,0
23222,23222002,1687,0
23222,23222002,1688,0
23222,23222002,1689,0
23222,23222002,1690,0
23222,23222002,1691,0
23222,23222002,1692,0
23222,23222002,1693,0
23222,23222002,1694,0
23222,23222002,1695,0
23222,23222002,1696,0
23222,23222002,1697,0
23222,23222002,1698,0
23222,23222002,1699,0
23222,23222002,1700,0
23222,23222002,1701,0
23222,23222002,1702,0
23222,23222002,1703,0
23222,23222002,1704,0
23222,23222002,1705,0
23222,23222002,1706,0
23222,23222002,1707,0
23222,23222002,1708,0
23222,23222002,1709,0
23222,23222002,1710,0
23222,23222002,1711,0
23222,23222002,1712,0
23222,23222002,1713,0
23222,23222002,1714,0
23222,23222002,1715,0
23222,23222002,1716,0
23222,23222002,1717,0
23222,23222002,1718,0
23222,23222002,1719,0
23222,23222002,1720,0
23222,23222002,1721,0
23222,23222002,1722,0
23222,23222002,1723,0
23222,23222002,1724,0
23222,23222002,1725,0
23222,23222002,1726,0
23222,23222002,1727,0
23222,23222002,1728,0
23222,23222002,1729,0
23222,23222002,1730,0
23222,23222002,1731,0
23222,23222002,1732,0
23222,23222002,1733,0
23222,23222002,1734,0
23222,23222002,1735,0
23222,23222002,1736,0
23222,23222002,1737,0
23222,23222002,1738,0
23222,23222002,1739,0
23222,23222002,1740,0
23222,23222002,1741,0
23222,23222002,1742,0
23222,23222002,1743,0
23222,23222002,1744,0
23222,23222002,1745,0
23222,23222002,1746,0
23222,23222002,1747,0
23222,23222002,1748,0
23222,23222002,1749,0
23222,23222002,1750,0
23222,23222002,1751,0
23222,23222002,1752,0
23222,23222002,1753,0
23222,23222002,1754,0
23222,23222002,1755,0
23222,23222002,1756,0
23222,23222002,1757,0
23222,23222002,1758,0
23222,23222002,1759,0
23222,23222002,1760,0
23222,23222002,1761,0
23222,23222002,1762,0
23222,23222002,1763,0
23222,23222002,1764,0
23222,23222002,1765,0
23222,23222002,1766,0
23222,23222002,1767,0
23222,23222002,1768,0
23222,23222002,1769,0
23222,23222002,1770,0
23222,23222002,1771,0
23222,23222002,1772,0
23222,23222002,1773,0
23222,23222002,1774,0
23222,23222002,1775,0
23222,23222002,1776,0
23222,23222002,1777,0
23222,23222002,1778,0
23222,23222002,1779,0
23222,23222002,1780,0
23222,23222002,1781,0
23222,23222002,1782,0
23222,23222002,1783,0
23222,23222002,1784,0
23222,23222002,1785,0
23222,23222002,1786,0
23222,23222002,1787,0
23222,23222002,1788,0
23222,23222002,1789,0
23222,23222002,1790,0
23222,23222002,1791,0
23222,23222002,1792,0
23222,23222002,1793,0
23222,23222002,1794,0
23222,23222002,1795,0
23222,23222002,1796,0
23222,23222002,1797,0
23222,23222002,1798,0
23222,23222002,1799,0
23222,23222002,1800,0
23222,23222002,1801,0
23222,23222002,1802,0
23222,23222002,1803,0
23222,23222002,1804,0
23222,23222002,1805,0
23222,23222002,1806,0
23222,23222002,1807,0
23222,23222002,1808,0
23222,23222002,1809,0
23222,23222002,1810,0
23222,23222002,1811,0
23222,23222002,1812,0
23222,23222002,1813,0
23222,23222002,1814,0
23222,23222002,1815,0
23222,23222002,1816,0
23222,23222002,1817,0
23222,23222002,1818,0
23222,23222002,1819,0
23222,23222002,1820,0
23222,23222002,1821,0
23222,23222002,1822,0
23222,23222002,1823,0
23222,23222002,1824,0
23222,23222002,1825,0
23222,23222002,1826,0
23222,23222002,1827,0
23222,23222002,1828,0
23222,23222002,1829,0
23222,23222002,1830,0
23222,23222002,1831,0
23222,23222002,1832,0
23222,23222002,1833,0
23222,23222002,1834,0
23222,23222002,1835,0
23222,23222002,1836,0
23222,23222002,1837,0
23222,23222002,1838,0
23222,23222002,1839,0
23222,23222002,1840,0
23222,23222002,1841,0
23222,23222002,1842,0
23222,23222002,1843,0
23222,23222002,1844,0
23222,23222002,1845,0
23222,23222002,1846,0
23222,23222002,1847,0
23222,23222002,1848,0
23222,23222002,1849,0
23222,23222002,1850,0
23222,23222002,1851,0
23222,23222002,1852,0
23222,23222002,1853,0
23222,23222002,1854,0
23222,23222002,1855,0
23222,23222002,1856,0
23222,23222002,1857,0
23222,23222002,1858,0
23222,23222002,1859,0
23222,23222002,1860,0
23222,23222002,1861,0
23222,23222002,1862,0
23222,23222002,1863,0
23222,23222002,1864,0
23222,23222002,1865,0
23222,23222002,1866,0
23222,23222002,1867,0
23222,23222002,1868,0
23222,23222002,1869,0
23222,23222002,1870,0
23222,23222002,1871,0
23222,23222002,1872,0
23222,23222002,1873,0
23222,23222002,1874,0
23222,23222002,1875,0
23222,23222002,1876,0
23222,23222002,1877,0
23222,23222002,1878,0
23222,23222002,1879,0
23222,23222002,1880,0
23222,23222002,1881,0
23222,23222002,1882,0
23222,23222002,1883,0
23222,23222002,1884,0
23222,23222002,1885,0
23222,23222002,1886,0
23222,23222002,1887,0
23222,23222002,1888,0
23222,23222002,1889,0
23222,23222002,1890,0
23222,23222002,1891,0
23222,23222002,1892,0
23222,23222002,1893,0
23222,23222002,1894,0
23222,23222002,1895,0
23222,23222002,1896,0
23222,23222002,1897,0
23222,23222002,1898,0
23222,23222002,1899,0
23222,23222002,1900,0
23222,23222002,1901,0
23222,23222002,1902,0
23222,23222002,1903,0
23222,23222002,1904,0
23222,23222002,1905,0
23222,23222002,1906,0
23222,23222002,1907,0
23222,23222002,1908,0
23222,23222002,1909,0
23222,23222002,1910,0
23222,23222002,1911,0
23222,23222002,1912,0
23222,23222002,1913,0
23222,23222002,1914,0
23222,23222002,1915,0
23222,23222002,1916,0
23222,23222002,1917,0
23222,23222002,1918,0
23222,23222002,1919,0
23222,23222002,1920,0
23222,23222002,1921,0
23222,23222002,1922,0
23222,23222002,1923,0
23222,23222002,1924,0
23222,23222002,1925,0
23222,23222002,1926,0
23222,23222002,1927,0
23222,23222002,1928,0
23222,23222002,1929,0
23222,23222002,1930,0
23222,23222002,1931,0
23222,23222002,1932,0
23222,23222002,1933,0
23222,23222002,1934,0
23222,23222002,1935,0
23222,23222002,1936,0
23222,23222002,1937,0
23222,23222002,1938,0
23222,23222002,1939,0
23222,23222002,1940,0
23222,23222002,1941,0
23222,23222002,1942,0
23222,23222002,1943,0
23222,23222002,1944,0
23222,23222002,1945,0
23222,23222002,1946,0
23222,23222002,1947,0
23222,23222002,1948,0
23222,23222002,1949,0
23222,23222002,1950,0
23222,23222002,1951,0
23222,23222002,1952,0
23222,23222002,1953,0
23222,23222002,1954,0
23222,23222002,1955,0
23222,23222002,1956,0
23222,23222002,1957,0
23222,23222002,1958,0
23222,23222002,1959,0
23222,23222002,1960,0
23222,23222002,1961,0
23222,23222002,1962,0
23222,23222002,1963,0
23222,23222002,1964,0
23222,23222002,1965,0
23222,23222002,1966,0
23222,23222002,1967,0
23222,23222002,1968,0
23222,23222002,1969,0
23222,23222002,1970,0
23222,23222002,1971,0
23222,23222002,1972,0
23222,23222002,1973,0
23222,23222002,1974,0
23222,23222002,1975,0
23222,23222002,1976,0
23222,23222002,1977,0
23222,23222002,1978,0
23222,23222002,1979,0
23222,23222002,1980,0
23222,23222002,1981,0
23222,23222002,1982,0
23222,23222002,1983,0
23222,23222002,1984,0
23222,23222002,1985,0
23222,23222002,1986,0
23222,23222002,1987,0
23222,23222002,1988,0
23222,23222002,1989,0
23222,23222002,1990,0
23222,23222002,1991,0
23222,23222002,1992,0
23222,23222002,1993,0
23222,23222002,1994,0
23222,23222002,1995,0
23222,23222002,1996,0
23222,23222002,1997,0
23222,23222002,1998,0
23222,23222002,1999,0
23222,23222002,2000,0
23222,23222002,2001,0
23222,23222002,2002,0
23222,23222002,2003,0
23222,23222002,2004,0
23222,23222002,2005,0
23222,23222002,2006,0
23222,23222002,2007,0
23222,23222002,2008,0
23222,23222002,2009,0
23222,23222002,2010,0
23222,23222002,2011,0
23222,23222002,2012,0
23222,23222002,2013,0
23222,23222002,2014,0
23222,23222002,2015,0
23222,23222002,2016,0
23222,23222002,2017,0
23222,23222002,2018,0
23222,23222002,2019,0
23222,23222002,2020,0
23222,23222002,2021,0
23222,23222002,2022,0
23222,23222002,2023,0
23222,23222002,2024,0
23222,23222002,2025,0
23222,23222002,2026,0
23222,23222002,2027,0
23222,23222002,2028,0
23222,23222002,2029,0
23222,23222002,2030,0
23222,23222002,2031,0
23222,23222002,2032,0
23222,23222002,2033,0
23222,23222002,2034,0
23222,23222002,2035,0
23222,23222002,2036,0
23222,23222002,2037,0
23222,23222002,2038,0
23222,23222002,2039,0
23222,23222002,2040,0
23222,23222002,2041,0
23222,23222002,2042,0
23222,23222002,2043,0
23222,23222002,2044,0
23222,23222002,2045,0
23222,23222002,2046,0
23222,23222002,2047,0
23222,23222002,2048,0
23222,23222002,2049,0
23222,23222002,2050,0
23222,23222002,2051,0
23222,23222002,2052,0
23222,23222002,2053,0
23222,23222002,2054,0
23222,23222002,2055,0
23222,23222002,2056,0
23222,23222002,2057,0
23222,23222002,2058,0
23222,23222002,2059,0
23222,23222002,2060,0
23222,23222002,2061,0
23222,23222002,2062,0
23222,23222002,2063,0
23222,23222002,2064,0
23222,23222002,2065,0
23222,23222002,2066,0
23222,23222002,2067,0
23222,23222002,2068,0
23222,23222002,2069,0
23222,23222002,2070,0
23222,23222002,2071,0
23222,23222002,2072,0
23222,23222002,2073,0
23222,23222002,2074,0
23222,23222002,2075,0
23222,23222002,2076,0
23222,23222002,2077,0
23222,23222002,2078,0
23222,23222002,2079,0
23222,23222002,2080,0
23222,23222002,2081,0
23222,23222002,2082,0
23222,23222002,2083,0
23222,23222002,2084,0
23222,23222002,2085,0
23222,23222002,2086,0
23222,23222002,2087,0
23222,23222002,2088,0
23222,23222002,2089,0
23222,23222002,2090,0
23222,23222002,2091,0
23222,23222002,2092,0
23222,23222002,2093,0
23222,23222002,2094,0
23222,23222002,2095,0
23222,23222002,2096,0
23222,23222002,2097,0
23222,23222002,2098,0
23222,23222002,2099,0
23222,23222002,2100,0
23222,23222002,2101,0
23222,23222002,2102,0
23222,23222002,2103,0
23222,23222002,2104,0
23222,23222002,2105,0
23222,23222002,2106,0
23222,23222002,2107,0
23222,23222002,2108,0
23222,23222002,2109,0
23222,23222002,2110,0
23222,23222002,2111,0
23222,23222002,2112,0
23222,23222002,2113,0
23222,23222002,2114,0
23222,23222002,2115,0
23222,23222002,2116,0
23222,23222002,2117,0
23222,23222002,2118,0
23222,23222002,2119,0
23222,23222002,2120,0
23222,23222002,2121,0
23222,23222002,2122,0
23222,23222002,2123,0
23222,23222002,2124,0
23222,23222002,2125,0
23222,23222002,2126,0
23222,23222002,2127,0
23222,23222002,2128,0
23222,23222002,2129,0
23222,23222002,2130,0
23222,23222002,2131,0
23222,23222002,2132,0
23222,23222002,2133,0
23222,23222002,2134,0
23222,23222002,2135,0
23222,23222002,2136,0
23222,23222002,2137,0
23222,23222002,2138,0
23222,23222002,2139,0
23222,23222002,2140,0
23222,23222002,2141,0
23222,23222002,2142,0
23222,23222002,2143,0
23222,23222002,2144,0
23222,23222002,2145,0
23222,23222002,2146,0
23222,23222002,2147,0
23222,23222002,2148,0
23222,23222002,2149,0
23222,23222002,2150,0
23222,23222002,2151,0
23222,23222002,2152,0
23222,23222002,2153,0
23222,23222002,2154,0
23222,23222002,2155,0
23222,23222002,2156,0
23222,23222002,2157,0
23222,23222002,2158,0
23222,23222002,2159,0
23222,23222002,2160,0
23222,23222002,2161,0
23222,23222002,2162,0
23222,23222002,2163,0
23222,23222002,2164,0
23222,23222002,2165,0
23222,23222002,2166,0
23222,23222002,2167,0
23222,23222002,2168,0
23222,23222002,2169,0
23222,23222002,2170,0
23222,23222002,2171,0
23222,23222002,2172,0
23222,23222002,2173,0
23222,23222002,2174,0
23222,23222002,2175,0
23222,23222002,2176,0
23222,23222002,2177,0
23222,23222002,2178,0
23222,23222002,2179,0
23222,23222002,2180,0
23222,23222002,2181,0
23222,23222002,2182,0
23222,23222002,2183,0
23222,23222002,2184,0
23222,23222002,2185,0
23222,23222002,2186,0
23222,23222002,2187,0
23222,23222002,2188,0
23222,23222002,2189,0
23222,23222002,2190,0
23222,23222002,2191,0
23222,23222002,2192,0
23222,23222002,2193,0
23222,23222002,2194,0
23222,23222002,2195,0
23222,23222002,2196,0
23222,23222002,2197,0
23222,23222002,2198,0
23222,23222002,2199,0
23222,23222002,2200,0
23222,23222002,2201,0
23222,23222002,2202,0
23222,23222002,2203,0
23222,23222002,2204,0
23222,23222002,2205,0
23222,23222002,2206,0
23222,23222002,2207,0
23222,23222002,2208,0
23222,23222002,2209,0
23222,23222002,2210,0
23222,23222002,2211,0
23222,23222002,2212,0
23222,23222002,2213,0
23222,23222002,2214,0
23222,23222002,2215,0
23222,23222002,2216,0
23222,23222002,2217,0
23222,23222002,2218,0
23222,23222002,2219,0
23222,23222002,2220,0
23222,23222002,2221,0
23222,23222002,2222,0
23222,23222002,2223,0
23222,23222002,2224,0
23222,23222002,2225,0
23222,23222002,2226,0
23222,23222002,2227,0
23222,23222002,2228,0
23222,23222002,2229,0
23222,23222002,2230,0
23222,23222002,2231,0
23222,23222002,2232,0
23222,23222002,2233,0
23222,23222002,2234,0
23222,23222002,2235,0
23222,23222002,2236,0
23222,23222002,2237,0
23222,23222002,2238,0
23222,23222002,2239,0
23222,23222002,2240,0
23222,23222002,2241,0
23222,23222002,2242,0
23222,23222002,2243,0
23222,23222002,2244,0
23222,23222002,2245,0
23222,23222002,2246,0
23222,23222002,2247,0
23222,23222002,2248,0
23222,23222002,2249,0
23222,23222002,2250,0
23222,23222002,2251,0
23222,23222002,2252,0
23222,23222002,2253,0
23222,23222002,2254,0
23222,23222002,2255,0
23222,23222002,2256,0
23222,23222002,2257,0
23222,23222002,2258,0
23222,23222002,2259,0
23222,23222002,2260,0
23222,23222002,2261,0
23222,23222002,2262,0
23222,23222002,2263,0
23222,23222002,2264,0
23222,23222002,2265,0
23222,23222002,2266,0
23222,23222002,2267,0
23222,23222002,2268,0
23222,23222002,2269,0
23222,23222002,2270,0
23222,23222002,2271,0
23222,23222002,2272,0
23222,23222002,2273,0
23222,23222002,2274,0
23222,23222002,2275,0
23222,23222002,2276,0
23222,23222002,2277,0
23222,23222002,2278,0
23222,23222002,2279,0
23222,23222002,2280,0
23222,23222002,2281,0
23222,23222002,2282,0
23222,23222002,2283,0
23222,23222002,2284,0
23222,23222002,2285,0
23222,23222002,2286,0
23222,23222002,2287,0
23222,23222002,2288,0
23222,23222002,2289,0
23222,23222002,2290,0
23222,23222002,2291,0
23222,23222002,2292,0
23222,23222002,2293,0
23222,23222002,2294,0
23222,23222002,2295,0
23222,23222002,2296,0
23222,23222002,2297,0
23222,23222002,2298,0
23222,23222002,2299,0
23222,23222002,2300,0
23222,23222002,2301,0
23222,23222002,2302,0
23222,23222002,2303,0
23222,23222002,2304,0
23222,23222002,2305,0
23222,23222002,2306,0
23222,23222002,2307,0
23222,23222002,2308,0
23222,23222002,2309,0
23222,23222002,2310,0
23222,23222002,2311,0
23222,23222002,2312,0
23222,23222002,2313,0
23222,23222002,2314,0
23222,23222002,2315,0
23222,23222002,2316,0
23222,23222002,2317,0
23222,23222002,2318,0
23222,23222002,2319,0
23222,23222002,2320,0
23222,23222002,2321,0
23222,23222002,2322,0
23222,23222002,2323,0
23222,23222002,2324,0
23222,23222002,2325,0
23222,23222002,2326,0
23222,23222002,2327,0
23222,23222002,2328,0
23222,23222002,2329,0
23222,23222002,2330,0
23222,23222002,2331,0
23222,23222002,2332,0
23222,23222002,2333,0
23222,23222002,2334,0
23222,23222002,2335,0
23222,23222002,2336,0
23222,23222002,2337,0
23222,23222002,2338,0
23222,23222002,2339,0
23222,23222002,2340,0
23222,23222002,2341,0
23222,23222002,2342,0
23222,23222002,2343,0
23222,23222002,2344,0
23222,23222002,2345,0
23222,23222002,2346,0
23222,23222002,2347,0
23222,23222002,2348,0
23222,23222002,2349,0
23222,23222002,2350,0
23222,23222002,2351,0
23222,23222002,2352,0
23222,23222002,2353,0
23222,23222002,2354,0
23222,23222002,2355,0
23222,23222002,2356,0
23222,23222002,2357,0
23222,23222002,2358,0
23222,23222002,2359,0
23222,23222002,2360,0
23222,23222002,2361,0
23222,23222002,2362,0
23222,23222002,2363,0
23222,23222002,2364,0
23222,23222002,2365,0
23222,23222002,2366,0
23222,23222002,2367,0
23222,23222002,2368,0
23222,23222002,2369,0
23222,23222002,2370,0
23222,23222002,2371,0
23222,23222002,2372,0
23222,23222002,2373,0
23222,23222002,2374,0
23222,23222002,2375,0
23222,23222002,2376,0
23222,23222002,2377,0
23222,23222002,2378,0
23222,23222002,2379,0
23222,23222002,2380,0
23222,23222002,2381,0
23222,23222002,2382,0
23222,23222002,2383,0
23222,23222002,2384,0
23222,23222002,2385,0
23222,23222002,2386,0
23222,23222002,2387,0
23222,23222002,2388,0
23222,23222002,2389,0
23222,23222002,2390,0
23222,23222002,2391,0
23222,23222002,2392,0
23222,23222002,2393,0
23222,23222002,2394,0
23222,23222002,2395,0
23222,23222002,2396,0
23222,23222002,2397,0
23222,23222002,2398,0
23222,23222002,2399,0
23222,23222002,2400,0
23222,23222002,2401,0
23222,23222002,2402,0
23222,23222002,2403,0
23222,23222002,2404,0
23222,23222002,2405,0
23222,23222002,2406,0
23222,23222002,2407,0
23222,23222002,2408,0
23222,23222002,2409,0
23222,23222002,2410,0
23222,23222002,2411,0
23222,23222002,2412,0
23222,23222002,2413,0
23222,23222002,2414,0
23222,23222002,2415,0
23222,23222002,2416,0
23222,23222002,2417,0
23222,23222002,2418,0
23222,23222002,2419,0
23222,23222002,2420,0
23222,23222002,2421,0
23222,23222002,2422,0
23222,23222002,2423,0
23222,23222002,2424,0
23222,23222002,2425,0
23222,23222002,2426,0
23222,23222002,2427,0
23222,23222002,2428,0
23222,23222002,2429,0
23222,23222002,2430,0
23222,23222002,2431,0
23222,23222002,2432,0
23222,23222002,2433,0
23222,23222002,2434,0
23222,23222002,2435,0
23222,23222002,2436,0
23222,23222002,2437,0
23222,23222002,2438,0
23222,23222002,2439,0
23222,23222002,2440,0
23222,23222002,2441,0
23222,23222002,2442,0
23222,23222002,2443,0
23222,23222002,2444,0
23222,23222002,2445,0
23222,23222002,2446,0
23222,23222002,2447,0
23222,23222002,2448,0
23222,23222002,2449,0
23222,23222002,2450,0
23222,23222002,2451,0
23222,23222002,2452,0
23222,23222002,2453,0
23222,23222002,2454,0
23222,23222002,2455,0
23222,23222002,2456,0
23222,23222002,2457,0
23222,23222002,2458,0
23222,23222002,2459,0
23222,23222002,2460,0
23222,23222002,2461,0
23222,23222002,2462,0
23222,23222002,2463,0
23222,23222002,2464,0
23222,23222002,2465,0
23222,23222002,2466,0
23222,23222002,2467,0
23222,23222002,2468,0
23222,23222002,2469,0
23222,23222002,2470,0
23222,23222002,2471,0
23222,23222002,2472,0
23222,23222002,2473,0
23222,23222002,2474,0
23222,23222002,2475,0
23222,23222002,2476,0
23222,23222002,2477,0
23222,23222002,2478,0
23222,23222002,2479,0
23222,23222002,2480,0
23222,23222002,2481,0
23222,23222002,2482,0
23222,23222002,2483,0
23222,23222002,2484,0
23222,23222002,2485,0
23222,23222002,2486,0
23222,23222002,2487,0
23222,23222002,2488,0
23222,23222002,2489,0
23222,23222002,2490,0
23222,23222002,2491,0
23222,23222002,2492,0
23222,23222002,2493,0
23222,23222002,2494,0
23222,23222002,2495,0
23222,23222002,2496,0
23222,23222002,2497,0
23222,23222002,2498,0
23222,23222002,2499,0
23222,23222002,2500,0
23222,23222002,2501,0
23222,23222002,2502,0
23222,23222002,2503,0
23222,23222002,2504,0
23222,23222002,2505,0
23222,23222002,2506,0
23222,23222002,2507,0
23222,23222002,2508,0
23222,23222002,2509,0
23222,23222002,2510,0
23222,23222002,2511,0
23222,23222002,2512,0
23222,23222002,2513,0
23222,23222002,2514,0
23222,23222002,2515,0
23222,23222002,2516,0
23222,23222002,2517,0
23222,23222002,2518,0
23222,23222002,2519,0
23222,23222002,2520,0
23222,23222002,2521,0
23222,23222002,2522,0
23222,23222002,2523,0
23222,23222002,2524,0
23222,23222002,2525,0
23222,23222002,2526,0
23222,23222002,2527,0
23222,23222002,2528,0
23222,23222002,2529,0
23222,23222002,2530,0
23222,23222002,2531,0
23222,23222002,2532,0
23222,23222002,2533,0
23222,23222002,2534,0
23222,23222002,2535,0
23222,23222002,2536,0
23222,23222002,2537,0
23222,23222002,2538,0
23222,23222002,2539,0
23222,23222002,2540,0
23222,23222002,2541,0
23222,23222002,2542,0
23222,23222002,2543,0
23222,23222002,2544,0
23222,23222002,2545,0
23222,23222002,2546,0
23222,23222002,2547,0
23222,23222002,2548,0
23222,23222002,2549,0
23222,23222002,2550,0
23222,23222002,2551,0
23222,23222002,2552,0
23222,23222002,2553,0
23222,23222002,2554,0
23222,23222002,2555,0
23222,23222002,2556,0
23222,23222002,2557,0
23222,23222002,2558,0
23222,23222002,2559,0
23222,23222002,2560,0
23222,23222002,2561,0
23222,23222002,2562,0
23222,23222002,2563,0
23222,23222002,2564,0
23222,23222002,2565,0
23222,23222002,2566,0
23222,23222002,2567,0
23222,23222002,2568,0
23222,23222002,2569,0
23222,23222002,2570,0
23222,23222002,2571,0
23222,23222002,2572,0
23222,23222002,2573,0
23222,23222002,2574,0
23222,23222002,2575,0
23222,23222002,2576,0
23222,23222002,2577,0
23222,23222002,2578,0
23222,23222002,2579,0
23222,23222002,2580,0
23222,23222002,2581,0
23222,23222002,2582,0
23222,23222002,2583,0
23222,23222002,2584,0
23222,23222002,2585,0
23222,23222002,2586,0
23222,23222002,2587,0
23222,23222002,2588,0
23222,23222002,2589,0
23222,23222002,2590,0
23222,23222002,2591,0
23222,23222002,2592,0
23222,23222002,2593,0
23222,23222002,2594,0
23222,23222002,2595,0
23222,23222002,2596,0
23222,23222002,2597,0
23222,23222002,2598,0
23222,23222002,2599,0
23222,23222002,2600,0
23222,23222002,2601,0
23222,23222002,2602,0
23222,23222002,2603,0
23222,23222002,2604,0
23222,23222002,2605,0
23222,23222002,2606,0
23222,23222002,2607,0
23222,23222002,2608,0
23222,23222002,2609,0
23222,23222002,2610,0
23222,23222002,2611,0
23222,23222002,2612,0
23222,23222002,2613,0
23222,23222002,2614,0
23222,23222002,2615,0
23222,23222002,2616,0
23222,23222002,2617,0
23222,23222002,2618,0
23222,23222002,2619,0
23222,23222002,2620,0
23222,23222002,2621,0
23222,23222002,2622,0
23222,23222002,2623,0
23222,23222002,2624,0
23222,23222002,2625,0
23222,23222002,2626,0
23222,23222002,2627,0
23222,23222002,2628,0
23222,23222002,2629,0
23222,23222002,2630,0
23222,23222002,2631,0
23222,23222002,2632,0
23222,23222002,2633,0
23222,23222002,2634,0
23222,23222002,2635,0
23222,23222002,2636,0
23222,23222002,2637,0
23222,23222002,2638,0
23222,23222002,2639,0
23222,23222002,2640,0
23222,23222002,2641,0
23222,23222002,2642,0
23222,23222002,2643,0
23222,23222002,2644,0
23222,23222002,2645,0
23222,23222002,2646,0
23222,23222002,2647,0
23222,23222002,2648,0
23222,23222002,2649,0
23222,23222002,2650,0
23222,23222002,2651,0
23222,23222002,2652,0
23222,23222002,2653,0
23222,23222002,2654,0
23222,23222002,2655,0
23222,23222002,2656,0
23222,23222002,2657,0
23222,23222002,2658,0
23222,23222002,2659,0
23222,23222002,2660,0
23222,23222002,2661,0
23222,23222002,2662,0
23222,23222002,2663,0
23222,23222002,2664,0
23222,23222002,2665,0
23222,23222002,2666,0
23222,23222002,2667,0
23222,23222002,2668,0
23222,23222002,2669,0
23222,23222002,2670,0
23222,23222002,2671,0
23222,23222002,2672,0
23222,23222002,2673,0
23222,23222002,2674,0
23222,23222002,2675,0
23222,23222002,2676,0
23222,23222002,2677,0
23222,23222002,2678,0
23222,23222002,2679,0
23222,23222002,2680,0
23222,23222002,2681,0
23222,23222002,2682,0
23222,23222002,2683,0
23222,23222002,2684,0
23222,23222002,2685,0
23222,23222002,2686,0
23222,23222002,2687,0
23222,23222002,2688,0
23222,23222002,2689,0
23222,23222002,2690,0
23222,23222002,2691,0
23222,23222002,2692,0
23222,23222002,2693,0
23222,23222002,2694,0
23222,23222002,2695,0
23222,23222002,2696,0
23222,23222002,2697,0
23222,23222002,2698,0
23222,23222002,2699,0
23222,23222002,2700,0
23222,23222002,2701,0
23222,23222002,2702,0
23222,23222002,2703,0
23222,23222002,2704,0
23222,23222002,2705,0
23222,23222002,2706,0
23222,23222002,2707,0
23222,23222002,2708,0
23222,23222002,2709,0
23222,23222002,2710,0
23222,23222002,2711,0
23222,23222002,2712,0
23222,23222002,2713,0
23222,23222002,2714,0
23222,23222002,2715,0
23222,23222002,2716,0
23222,23222002,2717,0
23222,23222002,2718,0
23222,23222002,2719,0
23222,23222002,2720,0
23222,23222002,2721,0
23222,23222002,2722,0
23222,23222002,2723,0
23222,23222002,2724,0
23222,23222002,2725,0
23222,23222002,2726,0
23222,23222002,2727,0
23222,23222002,2728,0
23222,23222002,2729,0
23222,23222002,2730,0
23222,23222002,2731,0
23222,23222002,2732,0
23222,23222002,2733,0
23222,23222002,2734,0
23222,23222002,2735,0
23222,23222002,2736,0
23222,23222002,2737,0
23222,23222002,2738,0
23222,23222002,2739,0
23222,23222002,2740,0
23222,23222002,2741,0
23222,23222002,2742,0
23222,23222002,2743,0
23222,23222002,2744,0
23222,23222002,2745,0
23222,23222002,2746,0
23222,23222002,2747,0
23222,23222002,2748,0
23222,23222002,2749,0
23222,23222002,2750,0
23222,23222002,2751,0
23222,23222002,2752,0
23222,23222002,2753,0
23222,23222002,2754,0
23222,23222002,2755,0
23222,23222002,2756,0
23222,23222002,2757,0
23222,23222002,2758,0
23222,23222002,2759,0
23222,23222002,2760,0
23222,23222002,2761,0
23222,23222002,2762,0
23222,23222002,2763,0
23222,23222002,2764,0
23222,23222002,2765,0
23222,23222002,2766,0
23222,23222002,2767,0
23222,23222002,2768,0
23222,23222002,2769,0
23222,23222002,2770,0
23222,23222002,2771,0
23222,23222002,2772,0
23222,23222002,2773,0
23222,23222002,2774,0
23222,23222002,2775,0
23222,23222002,2776,0
23222,23222002,2777,0
23222,23222002,2778,0
23222,23222002,2779,0
23222,23222002,2780,0
23222,23222002,2781,0
23222,23222002,2782,0
23222,23222002,2783,0
23222,23222002,2784,0
23222,23222002,2785,0
23222,23222002,2786,0
23222,23222002,2787,0
23222,23222002,2788,0
23222,23222002,2789,0
23222,23222002,2790,0
23222,23222002,2791,0
23222,23222002,2792,0
23222,23222002,2793,0
23222,23222002,2794,0
23222,23222002,2795,0
23222,23222002,2796,0
23222,23222002,2797,0
23222,23222002,2798,0
23222,23222002,2799,0
23222,23222002,2800,0
23222,23222002,2801,0
23222,23222002,2802,0
23222,23222002,2803,0
23222,23222002,2804,0
23222,23222002,2805,0
23222,23222002,2806,0
23222,23222002,2807,0
23222,23222002,2808,0
23222,23222002,2809,0
23222,23222002,2810,0
23222,23222002,2811,0
23222,23222002,2812,0
23222,23222002,2813,0
23222,23222002,2814,0
23222,23222002,2815,0
23222,23222002,2816,0
23222,23222002,2817,0
23222,23222002,2818,0
23222,23222002,2819,0
23222,23222002,2820,0
23222,23222002,2821,0
23222,23222002,2822,0
23222,23222002,2823,0
23222,23222002,2824,0
23222,23222002,2825,0
23222,23222002,2826,0
23222,23222002,2827,0
23222,23222002,2828,0
23222,23222002,2829,0
23222,23222002,2830,0
23222,23222002,2831,0
23222,23222002,2832,0
23222,23222002,2833,0
23222,23222002,2834,0
23222,23222002,2835,0
23222,23222002,2836,0
23222,23222002,2837,0
23222,23222002,2838,0
23222,23222002,2839,0
23222,23222002,2840,0
23222,23222002,2841,0
23222,23222002,2842,0
23222,23222002,2843,0
23222,23222002,2844,0
23222,23222002,2845,0
23222,23222002,2846,0
23222,23222002,2847,0
23222,23222002,2848,0
23222,23222002,2849,0
23222,23222002,2850,0
23222,23222002,2851,0
23222,23222002,2852,0
23222,23222002,2853,0
23222,23222002,2854,0
23222,23222002,2855,0
23222,23222002,2856,0
23222,23222002,2857,0
23222,23222002,2858,0
23222,23222002,2859,0
23222,23222002,2860,0
23222,23222002,2861,0
23222,23222002,2862,0
23222,23222002,2863,0
23222,23222002,2864,0
23222,23222002,2865,0
23222,23222002,2866,0
23222,23222002,2867,0
23222,23222002,2868,0
23222,23222002,2869,0
23222,23222002,2870,0
23222,23222002,2871,0
23222,23222002,2872,0
23222,23222002,2873,0
23222,23222002,2874,0
23222,23222002,2875,0
23222,23222002,2876,0
23222,23222002,2877,0
23222,23222002,2878,0
23222,23222002,2879,0
23222,23222002,2880,0
23222,23222002,2881,0
23222,23222002,2882,0
23222,23222002,2883,0
23222,23222002,2884,0
23222,23222002,2885,0
23222,23222002,2886,0
23222,23222002,2887,0
23222,23222002,2888,0
23222,23222002,2889,0
23222,23222002,2890,0
23222,23222002,2891,0
23222,23222002,2892,0
23222,23222002,2893,0
23222,23222002,2894,0
23222,23222002,2895,0
23222,23222002,2896,0
23222,23222002,2897,0
23222,23222002,2898,0
23222,23222002,2899,0
23222,23222002,2900,0
23222,23222002,2901,0
23222,23222002,2902,0
23222,23222002,2903,0
23222,23222002,2904,0
23222,23222002,2905,0
23222,23222002,2906,0
23222,23222002,2907,0
23222,23222002,2908,0
23222,23222002,2909,0
23222,23222002,2910,0
23222,23222002,2911,0
23222,23222002,2912,0
23222,23222002,2913,0
23222,23222002,2914,0
23222,23222002,2915,0
23222,23222002,2916,0
23222,23222002,2917,0
23222,23222002,2918,0
23222,23222002,2919,0
23222,23222002,2920,0
23222,23222002,2921,0
23222,23222002,2922,0
23222,23222002,2923,0
23222,23222002,2924,0
23222,23222002,2925,0
23222,23222002,2926,0
23222,23222002,2927,0
23222,23222002,2928,0
23222,23222002,2929,0
23222,23222002,2930,0
23222,23222002,2931,0
23222,23222002,2932,0
23222,23222002,2933,0
23222,23222002,2934,0
23222,23222002,2935,0
23222,23222002,2936,0
23222,23222002,2937,0
23222,23222002,2938,0
23222,23222002,2939,0
23222,23222002,2940,0
23222,23222002,2941,0
23222,23222002,2942,0
23222,23222002,2943,0
23222,23222002,2944,0
23222,23222002,2945,0
23222,23222002,2946,0
23222,23222002,2947,0
23222,23222002,2948,0
23222,23222002,2949,0
23222,23222002,2950,0
23222,23222002,2951,0
23222,23222002,2952,0
23222,23222002,2953,0
23222,23222002,2954,0
23222,23222002,2955,0
23222,23222002,2956,0
23222,23222002,2957,0
23222,23222002,2958,0
23222,23222002,2959,0
23222,23222002,2960,0
23222,23222002,2961,0
23222,23222002,2962,0
23222,23222002,2963,0
23222,23222002,2964,0
23222,23222002,2965,0
23222,23222002,2966,0
23222,23222002,2967,0
23222,23222002,2968,0
23222,23222002,2969,0
23222,23222002,2970,0
23222,23222002,2971,0
23222,23222002,2972,0
23222,23222002,2973,0
23222,23222002,2974,0
23222,23222002,2975,0
23222,23222002,2976,0
23222,23222002,2977,0
23222,23222002,2978,0
23222,23222002,2979,0
23222,23222002,2980,0
23222,23222002,2981,0
23222,23222002,2982,0
23222,23222002,2983,0
23222,23222002,2984,0
23222,23222002,2985,0
23222,23222002,2986,0
23222,23222002,2987,0
23222,23222002,2988,0
23222,23222002,2989,0
23222,23222002,2990,0
23222,23222002,2991,0
23222,23222002,2992,0
23222,23222002,2993,0
23222,23222002,2994,0
23222,23222002,2995,0
23222,23222002,2996,0
23222,23222002,2997,0
23222,23222002,2998,0
23222,23222002,2999,0
23222,23222002,3000,0
23222,23222002,3001,0
23222,23222002,3002,0
23222,23222002,3003,0
23222,23222002,3004,0
23222,23222002,3005,0
23222,23222002,3006,0
23222,23222002,3007,0
23222,23222002,3008,0
23222,23222002,3009,0
23222,23222002,3010,0
23222,23222002,3011,0
23222,23222002,3012,0
23222,23222002,3013,0
23222,23222002,3014,0
23222,23222002,3015,0
23222,23222002,3016,0
23222,23222002,3017,0
23222,23222002,3018,0
23222,23222002,3019,0
23222,23222002,3020,0
23222,23222002,3021,0
23222,23222002,3022,0
23222,23222002,3023,0
23222,23222002,3024,0
23222,23222002,3025,0
23222,23222002,3026,0
23222,23222002,3027,0
23222,23222002,3028,0
23222,23222002,3029,0
23222,23222002,3030,0
23222,23222002,3031,0
23222,23222002,3032,0
23222,23222002,3033,0
23222,23222002,3034,0
23222,23222002,3035,0
23222,23222002,3036,0
23222,23222002,3037,0
23222,23222002,3038,0
23222,23222002,3039,0
23222,23222002,3040,0
23222,23222002,3041,0
23222,23222002,3042,0
23222,23222002,3043,0
23222,23222002,3044,0
23222,23222002,3045,0
23222,23222002,3046,0
23222,23222002,3047,0
23222,23222002,3048,0
23222,23222002,3049,0
23222,23222002,3050,0
23222,23222002,3051,0
23222,23222002,3052,0
23222,23222002,3053,0
23222,23222002,3054,0
23222,23222002,3055,0
23222,23222002,3056,0
23222,23222002,3057,0
23222,23222002,3058,0
23222,23222002,3059,0
23222,23222002,3060,0
23222,23222002,3061,0
23222,23222002,3062,0
23222,23222002,3063,0
23222,23222002,3064,0
23222,23222002,3065,0
23222,23222002,3066,0
23222,23222002,3067,0
23222,23222002,3068,0
23222,23222002,3069,0
23222,23222002,3070,0
23222,23222002,3071,0
23222,23222002,3072,0
23222,23222002,3073,0
23222,23222002,3074,0
23222,23222002,3075,0
23222,23222002,3076,0
23222,23222002,3077,0
23222,23222002,3078,0
23222,23222002,3079,0
23222,23222002,3080,0
23222,23222002,3081,0
23222,23222002,3082,0
23222,23222002,3083,0
23222,23222002,3084,0
23222,23222002,3085,0
23222,23222002,3086,0
23222,23222002,3087,0
23222,23222002,3088,0
23222,23222002,3089,0
23222,23222002,3090,0
23222,23222002,3091,0
23222,23222002,3092,0
23222,23222002,3093,0
23222,23222002,3094,0
23222,23222002,3095,0
23222,23222002,3096,0
23222,23222002,3097,0
23222,23222002,3098,0
23222,23222002,3099,0
23222,23222002,3100,0
23222,23222002,3101,0
23222,23222002,3102,0
23222,23222002,3103,0
23222,23222002,3104,0
23222,23222002,3105,0
23222,23222002,3106,0
23222,23222002,3107,0
23222,23222002,3108,0
23222,23222002,3109,0
23222,23222002,3110,0
23222,23222002,3111,0
23222,23222002,3112,0
23222,23222002,3113,0
23222,23222002,3114,0
23222,23222002,3115,0
23222,23222002,3116,0
23222,23222002,3117,0
23222,23222002,3118,0
23222,23222002,3119,0
23222,23222002,3120,0
23222,23222002,3121,0
23222,23222002,3122,0
23222,23222002,3123,0
23222,23222002,3124,0
23222,23222002,3125,0
23222,23222002,3126,0
23222,23222002,3127,0
23222,23222002,3128,0
23222,23222002,3129,0
23222,23222002,3130,0
23222,23222002,3131,0
23222,23222002,3132,0
23222,23222002,3133,0
23222,23222002,3134,0
23222,23222002,3135,0
23222,23222002,3136,0
23222,23222002,3137,0
23222,23222002,3138,0
23222,23222002,3139,0
23222,23222002,3140,0
23222,23222002,3141,0
23222,23222002,3142,0
23222,23222002,3143,0
23222,23222002,3144,0
23222,23222002,3145,0
23222,23222002,3146,0
23222,23222002,3147,0
23222,23222002,3148,0
23222,23222002,3149,0
23222,23222002,3150,0
23222,23222002,3151,0
23222,23222002,3152,0
23222,23222002,3153,0
23222,23222002,3154,0
23222,23222002,3155,0
23222,23222002,3156,0
23222,23222002,3157,0
23222,23222002,3158,0
23222,23222002,3159,0
23222,23222002,3160,0
23222,23222002,3161,0
23222,23222002,3162,0
23222,23222002,3163,0
23222,23222002,3164,0
23222,23222002,3165,0
23222,23222002,3166,0
23222,23222002,3167,0
23222,23222002,3168,0
23222,23222002,3169,0
23222,23222002,3170,0
23222,23222002,3171,0
23222,23222002,3172,0
23222,23222002,3173,0
23222,23222002,3174,0
23222,23222002,3175,0
23222,23222002,3176,0
23222,23222002,3177,0
23222,23222002,3178,0
23222,23222002,3179,0
23222,23222002,3180,0
23222,23222002,3181,0
23222,23222002,3182,0
23222,23222002,3183,0
23222,23222002,3184,0
23222,23222002,3185,0
23222,23222002,3186,0
23222,23222002,3187,0
23222,23222002,3188,0
23222,23222002,3189,0
23222,23222002,3190,0
23222,23222002,3191,0
23222,23222002,3192,0
23222,23222002,3193,0
23222,23222002,3194,0
23222,23222002,3195,0
23222,23222002,3196,0
23222,23222002,3197,0
23222,23222002,3198,0
23222,23222002,3199,0
23222,23222002,3200,0
23222,23222002,3201,0
23222,23222002,3202,0
23222,23222002,3203,0
23222,23222002,3204,0
23222,23222002,3205,0
23222,23222002,3206,0
23222,23222002,3207,0
23222,23222002,3208,0
23222,23222002,3209,0
23222,23222002,3210,0
23222,23222002,3211,0
23222,23222002,3212,0
23222,23222002,3213,0
23222,23222002,3214,0
23222,23222002,3215,0
23222,23222002,3216,0
23222,23222002,3217,0
23222,23222002,3218,0
23222,23222002,3219,0
23222,23222002,3220,0
23222,23222002,3221,0
23222,23222002,3222,0
23222,23222002,3223,0
23222,23222002,3224,0
23222,23222002,3225,0
23222,23222002,3226,0
23222,23222002,3227,0
23222,23222002,3228,0
23222,23222002,3229,0
23222,23222002,3230,0
23222,23222002,3231,0
23222,23222002,3232,0
23222,23222002,3233,0
23222,23222002,3234,0
23222,23222002,3235,0
23222,23222002,3236,0
23222,23222002,3237,0
23222,23222002,3238,0
23222,23222002,3239,0
23222,23222002,3240,0
23222,23222002,3241,0
23222,23222002,3242,0
23222,23222002,3243,0
23222,23222002,3244,0
23222,23222002,3245,0
23222,23222002,3246,0
23222,23222002,3247,0
23222,23222002,3248,0
23222,23222002,3249,0
23222,23222002,3250,0
23222,23222002,3251,0
23222,23222002,3252,0
23222,23222002,3253,0
23222,23222002,3254,0
23222,23222002,3255,0
23222,23222002,3256,0
23222,23222002,3257,0
23222,23222002,3258,0
23222,23222002,3259,0
23222,23222002,3260,0
23222,23222002,3261,0
23222,23222002,3262,0
23222,23222002,3263,0
23222,23222002,3264,0
23222,23222002,3265,0
23222,23222002,3266,0
23222,23222002,3267,0
23222,23222002,3268,0
23222,23222002,3269,0
23222,23222002,3270,0
23222,23222002,3271,0
23222,23222002,3272,0
23222,23222002,3273,0
23222,23222002,3274,0
23222,23222002,3275,0
23222,23222002,3276,0
23222,23222002,3277,0
23222,23222002,3278,0
23222,23222002,3279,0
23222,23222002,3280,0
23222,23222002,3281,0
23222,23222002,3282,0
23222,23222002,3283,0
23222,23222002,3284,0
23222,23222002,3285,0
23222,23222002,3286,0
23222,23222002,3287,0
23222,23222002,3288,0
23222,23222002,3289,0
23222,23222002,3290,0
23222,23222002,3291,0
23222,23222002,3292,0
23222,23222002,3293,0
23222,23222002,3294,0
23222,23222002,3295,0
23222,23222002,3296,0
23222,23222002,3297,0
23222,23222002,3298,0
23222,23222002,3299,0
23222,23222002,3300,0
23222,23222002,3301,0
23222,23222002,3302,0
23222,23222002,3303,0
23222,23222002,3304,0
23222,23222002,3305,0
23222,23222002,3306,0
23222,23222002,3307,0
23222,23222002,3308,0
23222,23222002,3309,0
23222,23222002,3310,0
23222,23222002,3311,0
23222,23222002,3312,0
23222,23222002,3313,0
23222,23222002,3314,0
23222,23222002,3315,0
23222,23222002,3316,0
23222,23222002,3317,0
23222,23222002,3318,0
23222,23222002,3319,0
23222,23222002,3320,0
23222,23222002,3321,0
23222,23222002,3322,0
23222,23222002,3323,0
23222,23222002,3324,0
23222,23222002,3325,0
23222,23222002,3326,0
23222,23222002,3327,0
23222,23222002,3328,0
23222,23222002,3329,0
23222,23222002,3330,0
23222,23222002,3331,0
23222,23222002,3332,0
23222,23222002,3333,0
23222,23222002,3334,0
23222,23222002,3335,0
23222,23222002,3336,0
23222,23222002,3337,0
23222,23222002,3338,0
23222,23222002,3339,0
23222,23222002,3340,0
23222,23222002,3341,0
23222,23222002,3342,0
23222,23222002,3343,0
23222,23222002,3344,0
23222,23222002,3345,0
23222,23222002,3346,0
23222,23222002,3347,0
23222,23222002,3348,0
23222,23222002,3349,0
23222,23222002,3350,0
23222,23222002,3351,0
23222,23222002,3352,0
23222,23222002,3353,0
23222,23222002,3354,0
23222,23222002,3355,0
23222,23222002,3356,0
23222,23222002,3357,0
23222,23222002,3358,0
23222,23222002,3359,0
23222,23222002,3360,0
23222,23222002,3361,0
23222,23222002,3362,0
23222,23222002,3363,0
23222,23222002,3364,0
23222,23222002,3365,0
23222,23222002,3366,0
23222,23222002,3367,0
23222,23222002,3368,0
23222,23222002,3369,0
23222,23222002,3370,0
23222,23222002,3371,0
23222,23222002,3372,0
23222,23222002,3373,0
23222,23222002,3374,0
23222,23222002,3375,0
23222,23222002,3376,0
23222,23222002,3377,0
23222,23222002,3378,0
23222,23222002,3379,0
23222,23222002,3380,0
23222,23222002,3381,0
23222,23222002,3382,0
23222,23222002,3383,0
23222,23222002,3384,0
23222,23222002,3385,0
23222,23222002,3386,0
23222,23222002,3387,0
23222,23222002,3388,0
23222,23222002,3389,0
23222,23222002,3390,0
23222,23222002,3391,0
23222,23222002,3392,0
23222,23222002,3393,0
23222,23222002,3394,0
23222,23222002,3395,0
23222,23222002,3396,0
23222,23222002,3397,0
23222,23222002,3398,0
23222,23222002,3399,0
23222,23222002,3400,0
23222,23222002,3401,0
23222,23222002,3402,0
23222,23222002,3403,0
23222,23222002,3404,0
23222,23222002,3405,0
23222,23222002,3406,0
23222,23222002,3407,0
23222,23222002,3408,0
23222,23222002,3409,0
23222,23222002,3410,0
23222,23222002,3411,0
23222,23222002,3412,0
23222,23222002,3413,0
23222,23222002,3414,0
23222,23222002,3415,0
23222,23222002,3416,0
23222,23222002,3417,0
23222,23222002,3418,0
23222,23222002,3419,0
23222,23222002,3420,0
23222,23222002,3421,0
23222,23222002,3422,0
23222,23222002,3423,0
23222,23222002,3424,0
23222,23222002,3425,0
23222,23222002,3426,0
23222,23222002,3427,0
23222,23222002,3428,0
23222,23222002,3429,0
23222,23222002,3430,0
23222,23222002,3431,0
23222,23222002,3432,0
23222,23222002,3433,0
23222,23222002,3434,0
23222,23222002,3435,0
23222,23222002,3436,0
23222,23222002,3437,0
23222,23222002,3438,0
23222,23222002,3439,0
23222,23222002,3440,0
23222,23222002,3441,0
23222,23222002,3442,0
23222,23222002,3443,0
23222,23222002,3444,0
23222,23222002,3445,0
23222,23222002,3446,0
23222,23222002,3447,0
23222,23222002,3448,0
23222,23222002,3449,0
23222,23222002,3450,0
23222,23222002,3451,0
23222,23222002,3452,0
23222,23222002,3453,0
23222,23222002,3454,0
23222,23222002,3455,0
23222,23222002,3456,0
23222,23222002,3457,0
23222,23222002,3458,0
23222,23222002,3459,0
23222,23222002,3460,0
23222,23222002,3461,0
23222,23222002,3462,0
23222,23222002,3463,0
23222,23222002,3464,0
23222,23222002,3465,0
23222,23222002,3466,0
23222,23222002,3467,0
23222,23222002,3468,0
23222,23222002,3469,0
23222,23222002,3470,0
23222,23222002,3471,0
23222,23222002,3472,0
23222,23222002,3473,0
23222,23222002,3474,0
23222,23222002,3475,0
23222,23222002,3476,0
23222,23222002,3477,0
23222,23222002,3478,0
23222,23222002,3479,0
23222,23222002,3480,0
23222,23222002,3481,0
23222,23222002,3482,0
23222,23222002,3483,0
23222,23222002,3484,0
23222,23222002,3485,0
23222,23222002,3486,0
23222,23222002,3487,0
23222,23222002,3488,0
23222,23222002,3489,0
23222,23222002,3490,0
23222,23222002,3491,0
23222,23222002,3492,0
23222,23222002,3493,0
23222,23222002,3494,0
23222,23222002,3495,0
23222,23222002,3496,0
23222,23222002,3497,0
23222,23222002,3498,0
23222,23222002,3499,0
23222,23222002,3500,0
23222,23222002,3501,0
23222,23222002,3502,0
23222,23222002,3503,0
23222,23222002,3504,0
23222,23222002,3505,0
23222,23222002,3506,0
23222,23222002,3507,0
23222,23222002,3508,0
23222,23222002,3509,0
23222,23222002,3510,0
23222,23222002,3511,0
23222,23222002,3512,0
23222,23222002,3513,0
23222,23222002,3514,0
23222,23222002,3515,0
23222,23222002,3516,0
23222,23222002,3517,0
23222,23222002,3518,0
23222,23222002,3519,0
23222,23222002,3520,0
23222,23222002,3521,0
23222,23222002,3522,0
23222,23222002,3523,0
23222,23222002,3524,0
23222,23222002,3525,0
23222,23222002,3526,0
23222,23222002,3527,0
23222,23222002,3528,0
23222,23222002,3529,0
23222,23222002,3530,0
23222,23222002,3531,0
23222,23222002,3532,0
23222,23222002,3533,0
23222,23222002,3534,0
23222,23222002,3535,0
23222,23222002,3536,0
23222,23222002,3537,0
23222,23222002,3538,0
23222,23222002,3539,0
23222,23222002,3540,0
23222,23222002,3541,0
23222,23222002,3542,0
23222,23222002,3543,0
23222,23222002,3544,0
23222,23222002,3545,0
23222,23222002,3546,0
23222,23222002,3547,0
23222,23222002,3548,0
23222,23222002,3549,0
23222,23222002,3550,0
23222,23222002,3551,0
23222,23222002,3552,0
23222,23222002,3553,0
23222,23222002,3554,0
23222,23222002,3555,0
23222,23222002,3556,0
23222,23222002,3557,0
23222,23222002,3558,0
23222,23222002,3559,0
23222,23222002,3560,0
23222,23222002,3561,0
23222,23222002,3562,0
23222,23222002,3563,0
23222,23222002,3564,0
23222,23222002,3565,0
23222,23222002,3566,0
23222,23222002,3567,0
23222,23222002,3568,0
23222,23222002,3569,0
23222,23222002,3570,0
23222,23222002,3571,0
23222,23222002,3572,0
23222,23222002,3573,0
23222,23222002,3574,0
23222,23222002,3575,0
23222,23222002,3576,0
23222,23222002,3577,0
23222,23222002,3578,0
23222,23222002,3579,0
23222,23222002,3580,0
23222,23222002,3581,0
23222,23222002,3582,0
23222,23222002,3583,0
23222,23222002,3584,0
23222,23222002,3585,0
23222,23222002,3586,0
23222,23222002,3587,0
23222,23222002,3588,0
23222,23222002,3589,0
23222,23222002,3590,0
23222,23222002,3591,0
23222,23222002,3592,0
23222,23222002,3593,0
23222,23222002,3594,0
23222,23222002,3595,0
23222,23222002,3596,0
23222,23222002,3597,0
23222,23222002,3598,0
23222,23222002,3599,0
23222,23222002,3600,0
23222,23222002,3601,0
23222,23222002,3602,0
23222,23222002,3603,0
23222,23222002,3604,0
23222,23222002,3605,0
23222,23222002,3606,0
23222,23222002,3607,0
23222,23222002,3608,0
23222,23222002,3609,0
23222,23222002,3610,0
23222,23222002,3611,0
23222,23222002,3612,0
23222,23222002,3613,0
23222,23222002,3614,0
23222,23222002,3615,0
23222,23222002,3616,0
23222,23222002,3617,0
23222,23222002,3618,0
23222,23222002,3619,0
23222,23222002,3620,0
23222,23222002,3621,0
23222,23222002,3622,0
23222,23222002,3623,0
23222,23222002,3624,0
23222,23222002,3625,0
23222,23222002,3626,0
23222,23222002,3627,0
23222,23222002,3628,0
23222,23222002,3629,0
23222,23222002,3630,0
23222,23222002,3631,0
23222,23222002,3632,0
23222,23222002,3633,0
23222,23222002,3634,0
23222,23222002,3635,0
23222,23222002,3636,0
23222,23222002,3637,0
23222,23222002,3638,0
23222,23222002,3639,0
23222,23222002,3640,0
23222,23222002,3641,0
23222,23222002,3642,0
23222,23222002,3643,0
23222,23222002,3644,0
23222,23222002,3645,0
23222,23222002,3646,0
23222,23222002,3647,0
23222,23222002,3648,0
23222,23222002,3649,0
23222,23222002,3650,0
23222,23222002,3651,0
23222,23222002,3652,0
23222,23222002,3653,0
23222,23222002,3654,0
23222,23222002,3655,0
23222,23222002,3656,0
23222,23222002,3657,0
23222,23222002,3658,0
23222,23222002,3659,0
23222,23222002,3660,0
23222,23222002,3661,0
23222,23222002,3662,0
23222,23222002,3663,0
23222,23222002,3664,0
23222,23222002,3665,0
23222,23222002,3666,0
23222,23222002,3667,0
23222,23222002,3668,0
23222,23222002,3669,0
23222,23222002,3670,0
23222,23222002,3671,0
23222,23222002,3672,0
23222,23222002,3673,0
23222,23222002,3674,0
23222,23222002,3675,0
23222,23222002,3676,0
23222,23222002,3677,0
23222,23222002,3678,0
23222,23222002,3679,0
23222,23222002,3680,0
23222,23222002,3681,0
23222,23222002,3682,0
23222,23222002,3683,0
23222,23222002,3684,0
23222,23222002,3685,0
23222,23222002,3686,0
23222,23222002,3687,0
23222,23222002,3688,0
23222,23222002,3689,0
23222,23222002,3690,0
23222,23222002,3691,0
23222,23222002,3692,0
23222,23222002,3693,0
23222,23222002,3694,0
23222,23222002,3695,0
23222,23222002,3696,0
23222,23222002,3697,0
23222,23222002,3698,0
23222,23222002,3699,0
23222,23222002,3700,0
23222,23222002,3701,0
23222,23222002,3702,0
23222,23222002,3703,0
23222,23222002,3704,0
23222,23222002,3705,0
23222,23222002,3706,0
23222,23222002,3707,0
23222,23222002,3708,0
23222,23222002,3709,0
23222,23222002,3710,0
23222,23222002,3711,0
23222,23222002,3712,0
23222,23222002,3713,0
23222,23222002,3714,0
23222,23222002,3715,0
23222,23222002,3716,0
23222,23222002,3717,0
23222,23222002,3718,0
23222,23222002,3719,0
23222,23222002,3720,0
23222,23222002,3721,0
23222,23222002,3722,0
23222,23222002,3723,0
23222,23222002,3724,0
23222,23222002,3725,0
23222,23222002,3726,0
23222,23222002,3727,0
23222,23222002,3728,0
23222,23222002,3729,0
23222,23222002,3730,0
23222,23222002,3731,0
23222,23222002,3732,0
23222,23222002,3733,0
23222,23222002,3734,0
23222,23222002,3735,0
23222,23222002,3736,0
23222,23222002,3737,0
23222,23222002,3738,0
23222,23222002,3739,0
23222,23222002,3740,0
23222,23222002,3741,0
23222,23222002,3742,0
23222,23222002,3743,0
23222,23222002,3744,0
23222,23222002,3745,0
23222,23222002,3746,0
23222,23222002,3747,0
23222,23222002,3748,0
23222,23222002,3749,0
23222,23222002,3750,0
23222,23222002,3751,0
23222,23222002,3752,0
23222,23222002,3753,0
23222,23222002,3754,0
23222,23222002,3755,0
23222,23222002,3756,0
23222,23222002,3757,0
23222,23222002,3758,0
23222,23222002,3759,0
23222,23222002,3760,0
23222,23222002,3761,0
23222,23222002,3762,0
23222,23222002,3763,0
23222,23222002,3764,0
23222,23222002,3765,0
23222,23222002,3766,0
23222,23222002,3767,0
23222,23222002,3768,0
23222,23222002,3769,0
23222,23222002,3770,0
23222,23222002,3771,0
23222,23222002,3772,0
23222,23222002,3773,0
23222,23222002,3774,0
23222,23222002,3775,0
23222,23222002,3776,0
23222,23222002,3777,0
23222,23222002,3778,0
23222,23222002,3779,0
23222,23222002,3780,0
23222,23222002,3781,0
23222,23222002,3782,0
23222,23222002,3783,0
23222,23222002,3784,0
23222,23222002,3785,0
23222,23222002,3786,0
23222,23222002,3787,0
23222,23222002,3788,0
23222,23222002,3789,0
23222,23222002,3790,0
23222,23222002,3791,0
23222,23222002,3792,0
23222,23222002,3793,0
23222,23222002,3794,0
23222,23222002,3795,0
23222,23222002,3796,0
23222,23222002,3797,0
23222,23222002,3798,0
23222,23222002,3799,0
23222,23222002,3800,0
23222,23222002,3801,0
23222,23222002,3802,0
23222,23222002,3803,0
23222,23222002,3804,0
23222,23222002,3805,0
23222,23222002,3806,0
23222,23222002,3807,0
23222,23222002,3808,0
23222,23222002,3809,0
23222,23222002,3810,0
23222,23222002,3811,0
23222,23222002,3812,0
23222,23222002,3813,0
23222,23222002,3814,0
23222,23222002,3815,0
23222,23222002,3816,0
23222,23222002,3817,0
23222,23222002,3818,0
23222,23222002,3819,0
23222,23222002,3820,0
23222,23222002,3821,0
23222,23222002,3822,0
23222,23222002,3823,0
23222,23222002,3824,0
23222,23222002,3825,0
23222,23222002,3826,0
23222,23222002,3827,0
23222,23222002,3828,0
23222,23222002,3829,0
23222,23222002,3830,0
23222,23222002,3831,0
23222,23222002,3832,0
23222,23222002,3833,0
23222,23222002,3834,0
23222,23222002,3835,0
23222,23222002,3836,0
23222,23222002,3837,0
23222,23222002,3838,0
23222,23222002,3839,0
23222,23222002,3840,0
23222,23222002,3841,0
23222,23222002,3842,0
23222,23222002,3843,0
23222,23222002,3844,0
23222,23222002,3845,0
23222,23222002,3846,0
23222,23222002,3847,0
23222,23222002,3848,0
23222,23222002,3849,0
23222,23222002,3850,0
23222,23222002,3851,0
23222,23222002,3852,0
23222,23222002,3853,0
23222,23222002,3854,0
23222,23222002,3855,0
23222,23222002,3856,0
23222,23222002,3857,0
23222,23222002,3858,0
23222,23222002,3859,0
23222,23222002,3860,0
23222,23222002,3861,0
23222,23222002,3862,0
23222,23222002,3863,0
23222,23222002,3864,0
23222,23222002,3865,0
23222,23222002,3866,0
23222,23222002,3867,0
23222,23222002,3868,0
23222,23222002,3869,0
23222,23222002,3870,0
23222,23222002,3871,0
23222,23222002,3872,0
23222,23222002,3873,0
23222,23222002,3874,0
23222,23222002,3875,0
23222,23222002,3876,0
23222,23222002,3877,0
23222,23222002,3878,0
23222,23222002,3879,0
23222,23222002,3880,0
23222,23222002,3881,0
23222,23222002,3882,0
23222,23222002,3883,0
23222,23222002,3884,0
23222,23222002,3885,0
23222,23222002,3886,0
23222,23222002,3887,0
23222,23222002,3888,0
23222,23222002,3889,0
23222,23222002,3890,0
23222,23222002,3891,0
23222,23222002,3892,0
23222,23222002,3893,0
23222,23222002,3894,0
23222,23222002,3895,0
23222,23222002,3896,0
23222,23222002,3897,0
23222,23222002,3898,0
23222,23222002,3899,0
23222,23222002,3900,0
23222,23222002,3901,0
23222,23222002,3902,0
23222,23222002,3903,0
23222,23222002,3904,0
23222,23222002,3905,0
23222,23222002,3906,0
23222,23222002,3907,0
23222,23222002,3908,0
23222,23222002,3909,0
23222,23222002,3910,0
23222,23222002,3911,0
23222,23222002,3912,0
23222,23222002,3913,0
23222,23222002,3914,0
23222,23222002,3915,0
23222,23222002,3916,0
23222,23222002,3917,0
23222,23222002,3918,0
23222,23222002,3919,0
23222,23222002,3920,0
23222,23222002,3921,0
23222,23222002,3922,0
23222,23222002,3923,0
23222,23222002,3924,0
23222,23222002,3925,0
23222,23222002,3926,0
23222,23222002,3927,0
23222,23222002,3928,0
23222,23222002,3929,0
23222,23222002,3930,0
23222,23222002,3931,0
23222,23222002,3932,0
23222,23222002,3933,0
23222,23222002,3934,0
23222,23222002,3935,0
23222,23222002,3936,0
23222,23222002,3937,0
23222,23222002,3938,0
23222,23222002,3939,0
23222,23222002,3940,0
23222,23222002,3941,0
23222,23222002,3942,0
23222,23222002,3943,0
23222,23222002,3944,0
23222,23222002,3945,0
23222,23222002,3946,0
23222,23222002,3947,0
23222,23222002,3948,0
23222,23222002,3949,0
23222,23222002,3950,0
23222,23222002,3951,0
23222,23222002,3952,0
23222,23222002,3953,0
23222,23222002,3954,0
23222,23222002,3955,0
23222,23222002,3956,0
23222,23222002,3957,0
23222,23222002,3958,0
23222,23222002,3959,0
23222,23222002,3960,0
23222,23222002,3961,0
23222,23222002,3962,0
23222,23222002,3963,0
23222,23222002,3964,0
23222,23222002,3965,0
23222,23222002,3966,0
23222,23222002,3967,0
23222,23222002,3968,0
23222,23222002,3969,0
23222,23222002,3970,0
23222,23222002,3971,0
23222,23222002,3972,0
23222,23222002,3973,0
23222,23222002,3974,0
23222,23222002,3975,0
23222,23222002,3976,0
23222,23222002,3977,0
23222,23222002,3978,0
23222,23222002,3979,0
23222,23222002,3980,0
23222,23222002,3981,0
23222,23222002,3982,0
23222,23222002,3983,0
23222,23222002,3984,0
23222,23222002,3985,0
23222,23222002,3986,0
23222,23222002,3987,0
23222,23222002,3988,0
23222,23222002,3989,0
23222,23222002,3990,0
23222,23222002,3991,0
23222,23222002,3992,0
23222,23222002,3993,0
23222,23222002,3994,0
23222,23222002,3995,0
23222,23222002,3996,0
23222,23222002,3997,0
23222,23222002,3998,0
23222,23222002,3999,0
23222,23222002,4000,0
23222,23222002,4001,0
23222,23222002,4002,0
23222,23222002,4003,0
23222,23222002,4004,0
23222,23222002,4005,0
23222,23222002,4006,0
23222,23222002,4007,0
23222,23222002,4008,0
23222,23222002,4009,0
23222,23222002,4010,0
23222,23222002,4011,0
23222,23222002,4012,0
23222,23222002,4013,0
23222,23222002,4014,0
23222,23222002,4015,0
23222,23222002,4016,0
23222,23222002,4017,0
23222,23222002,4018,0
23222,23222002,4019,0
23222,23222002,4020,0
23222,23222002,4021,0
23222,23222002,4022,0
23222,23222002,4023,0
23222,23222002,4024,0
23222,23222002,4025,0
23222,23222002,4026,0
23222,23222002,4027,0
23222,23222002,4028,0
23222,23222002,4029,0
23222,23222002,4030,0
23222,23222002,4031,0
23222,23222002,4032,0
23222,23222002,4033,0
23222,23222002,4034,0
23222,23222002,4035,0
23222,23222002,4036,0
23222,23222002,4037,0
23222,23222002,4038,0
23222,23222002,4039,0
23222,23222002,4040,0
23222,23222002,4041,0
23222,23222002,4042,0
23222,23222002,4043,0
23222,23222002,4044,0
23222,23222002,4045,0
23222,23222002,4046,0
23222,23222002,4047,0
23222,23222002,4048,0
23222,23222002,4049,0
23222,23222002,4050,0
23222,23222002,4051,0
23222,23222002,4052,0
23222,23222002,4053,0
23222,23222002,4054,0
23222,23222002,4055,0
23222,23222002,4056,0
23222,23222002,4057,0
23222,23222002,4058,0
23222,23222002,4059,0
23222,23222002,4060,0
23222,23222002,4061,0
23222,23222002,4062,0
23222,23222002,4063,0
23222,23222002,4064,0
23222,23222002,4065,0
23222,23222002,4066,0
23222,23222002,4067,0
23222,23222002,4068,0
23222,23222002,4069,0
23222,23222002,4070,0
23222,23222002,4071,0
23222,23222002,4072,0
23222,23222002,4073,0
23222,23222002,4074,0
23222,23222002,4075,0
23222,23222002,4076,0
23222,23222002,4077,0
23222,23222002,4078,0
23222,23222002,4079,0
23222,23222002,4080,0
23222,23222002,4081,0
23222,23222002,4082,0
23222,23222002,4083,0
23222,23222002,4084,0
23222,23222002,4085,0
23222,23222002,4086,0
23222,23222002,4087,0
23222,23222002,4088,0
23222,23222002,4089,0
23222,23222002,4090,0
23222,23222002,4091,0
23222,23222002,4092,0
23222,23222002,4093,0
23222,23222002,4094,0
23222,23222002,4095,0
23222,23222002,4096,0
23222,23222002,4097,0
23222,23222002,4098,0
23222,23222002,4099,0
23222,23222002,4100,0
23222,23222002,4101,0
23222,23222002,4102,0
23222,23222002,4103,0
23222,23222002,4104,0
23222,23222002,4105,0
23222,23222002,4106,0
23222,23222002,4107,0
23222,23222002,4108,0
23222,23222002,4109,0
23222,23222002,4110,0
23222,23222002,4111,0
23222,23222002,4112,0
23222,23222002,4113,0
23222,23222002,4114,0
23222,23222002,4115,0
23222,23222002,4116,0
23222,23222002,4117,0
23222,23222002,4118,0
23222,23222002,4119,0
23222,23222002,4120,0
23222,23222002,4121,0
23222,23222002,4122,0
23222,23222002,4123,0
23222,23222002,4124,0
23222,23222002,4125,0
23222,23222002,4126,0
23222,23222002,4127,0
23222,23222002,4128,0
23222,23222002,4129,0
23222,23222002,4130,0
23222,23222002,4131,0
23222,23222002,4132,0
23222,23222002,4133,0
23222,23222002,4134,0
23222,23222002,4135,0
23222,23222002,4136,0
23222,23222002,4137,0
23222,23222002,4138,0
23222,23222002,4139,0
23222,23222002,4140,0
23222,23222002,4141,0
23222,23222002,4142,0
23222,23222002,4143,0
23222,23222002,4144,0
23222,23222002,4145,0
23222,23222002,4146,0
23222,23222002,4147,0
23222,23222002,4148,0
23222,23222002,4149,0
23222,23222002,4150,0
23222,23222002,4151,0
23222,23222002,4152,0
23222,23222002,4153,0
23222,23222002,4154,0
23222,23222002,4155,0
23222,23222002,4156,0
23222,23222002,4157,0
23222,23222002,4158,0
23222,23222002,4159,0
23222,23222002,4160,0
23222,23222002,4161,0
23222,23222002,4162,0
23222,23222002,4163,0
23222,23222002,4164,0
23222,23222002,4165,0
23222,23222002,4166,0
23222,23222002,4167,0
23222,23222002,4168,0
23222,23222002,4169,0
23222,23222002,4170,0
23222,23222002,4171,0
23222,23222002,4172,0
23222,23222002,4173,0
23222,23222002,4174,0
23222,23222002,4175,0
23222,23222002,4176,0
23222,23222002,4177,0
23222,23222002,4178,0
23222,23222002,4179,0
23222,23222002,4180,0
23222,23222002,4181,0
23222,23222002,4182,0
23222,23222002,4183,0
23222,23222002,4184,0
23222,23222002,4185,0
23222,23222002,4186,0
23222,23222002,4187,0
23222,23222002,4188,0
23222,23222002,4189,0
23222,23222002,4190,0
23222,23222002,4191,0
23222,23222002,4192,0
23222,23222002,4193,0
23222,23222002,4194,0
23222,23222002,4195,0
23222,23222002,4196,0
23222,23222002,4197,0
23222,23222002,4198,0
23222,23222002,4199,0
23222,23222002,4200,0
23222,23222002,4201,0
23222,23222002,4202,0
23222,23222002,4203,0
23222,23222002,4204,0
23222,23222002,4205,0
23222,23222002,4206,0
23222,23222002,4207,0
23222,23222002,4208,0
23222,23222002,4209,0
23222,23222002,4210,0
23222,23222002,4211,0
23222,23222002,4212,0
23222,23222002,4213,0
23222,23222002,4214,0
23222,23222002,4215,0
23222,23222002,4216,0
23222,23222002,4217,0
23222,23222002,4218,0
23222,23222002,4219,0
23222,23222002,4220,0
23222,23222002,4221,0
23222,23222002,4222,0
23222,23222002,4223,0
23222,23222002,4224,0
23222,23222002,4225,0
23222,23222002,4226,0
23222,23222002,4227,0
23222,23222002,4228,0
23222,23222002,4229,0
23222,23222002,4230,0
23222,23222002,4231,0
23222,23222002,4232,0
23222,23222002,4233,0
23222,23222002,4234,0
23222,23222002,4235,0
23222,23222002,4236,0
23222,23222002,4237,0
23222,23222002,4238,0
23222,23222002,4239,0
23222,23222002,4240,0
23222,23222002,4241,0
23222,23222002,4242,0
23222,23222002,4243,0
23222,23222002,4244,0
23222,23222002,4245,0
23222,23222002,4246,0
23222,23222002,4247,0
23222,23222002,4248,0
23222,23222002,4249,0
23222,23222002,4250,0
23222,23222002,4251,0
23222,23222002,4252,0
23222,23222002,4253,0
23222,23222002,4254,0
23222,23222002,4255,0
23222,23222002,4256,0
23222,23222002,4257,0
23222,23222002,4258,0
23222,23222002,4259,0
23222,23222002,4260,0
23222,23222002,4261,0
23222,23222002,4262,0
23222,23222002,4263,0
23222,23222002,4264,0
23222,23222002,4265,0
23222,23222002,4266,0
23222,23222002,4267,0
23222,23222002,4268,0
23222,23222002,4269,0
23222,23222002,4270,0
23222,23222002,4271,0
23222,23222002,4272,0
23222,23222002,4273,0
23222,23222002,4274,0
23222,23222002,4275,0
23222,23222002,4276,0
23222,23222002,4277,0
23222,23222002,4278,0
23222,23222002,4279,0
23222,23222002,4280,0
23222,23222002,4281,0
23222,23222002,4282,0
23222,23222002,4283,0
23222,23222002,4284,0
23222,23222002,4285,0
23222,23222002,4286,0
23222,23222002,4287,0
23222,23222002,4288,0
23222,23222002,4289,0
23222,23222002,4290,0
23222,23222002,4291,0
23222,23222002,4292,0
23222,23222002,4293,0
23222,23222002,4294,0
23222,23222002,4295,0
23222,23222002,4296,0
23222,23222002,4297,0
23222,23222002,4298,0
23222,23222002,4299,0
23222,23222002,4300,0
23222,23222002,4301,0
23222,23222002,4302,0
23222,23222002,4303,0
23222,23222002,4304,0
23222,23222002,4305,0
23222,23222002,4306,0
23222,23222002,4307,0
23222,23222002,4308,0
23222,23222002,4309,0
23222,23222002,4310,0
23222,23222002,4311,0
23222,23222002,4312,0
23222,23222002,4313,0
23222,23222002,4314,0
23222,23222002,4315,0
23222,23222002,4316,0
23222,23222002,4317,0
23222,23222002,4318,0
23222,23222002,4319,0
23222,23222002,4320,0
23222,23222002,4321,0
23222,23222002,4322,0
23222,23222002,4323,0
23222,23222002,4324,0
23222,23222002,4325,0
23222,23222002,4326,0
23222,23222002,4327,0
23222,23222002,4328,0
23222,23222002,4329,0
23222,23222002,4330,0
23222,23222002,4331,0
23222,23222002,4332,0
23222,23222002,4333,0
23222,23222002,4334,0
23222,23222002,4335,0
23222,23222002,4336,0
23222,23222002,4337,0
23222,23222002,4338,0
23222,23222002,4339,0
23222,23222002,4340,0
23222,23222002,4341,0
23222,23222002,4342,0
23222,23222002,4343,0
23222,23222002,4344,0
23222,23222002,4345,0
23222,23222002,4346,0
23222,23222002,4347,0
23222,23222002,4348,0
23222,23222002,4349,0
23222,23222002,4350,0
23222,23222002,4351,0
23222,23222002,4352,0
23222,23222002,4353,0
23222,23222002,4354,0
23222,23222002,4355,0
23222,23222002,4356,0
23222,23222002,4357,0
23222,23222002,4358,0
23222,23222002,4359,0
23222,23222002,4360,0
23222,23222002,4361,0
23222,23222002,4362,0
23222,23222002,4363,0
23222,23222002,4364,0
23222,23222002,4365,0
23222,23222002,4366,0
23222,23222002,4367,0
23222,23222002,4368,0
23222,23222002,4369,0
23222,23222002,4370,0
23222,23222002,4371,0
23222,23222002,4372,0
23222,23222002,4373,0
23222,23222002,4374,0
23222,23222002,4375,0
23222,23222002,4376,0
23222,23222002,4377,0
23222,23222002,4378,0
23222,23222002,4379,0
23222,23222002,4380,0
23222,23222002,4381,0
23222,23222002,4382,0
23222,23222002,4383,0
23222,23222002,4384,0
23222,23222002,4385,0
23222,23222002,4386,0
23222,23222002,4387,0
23222,23222002,4388,0
23222,23222002,4389,0
23222,23222002,4390,0
23222,23222002,4391,0
23222,23222002,4392,0
23222,23222002,4393,0
23222,23222002,4394,0
23222,23222002,4395,0
23222,23222002,4396,0
23222,23222002,4397,0
23222,23222002,4398,0
23222,23222002,4399,0
23222,23222002,4400,0
23222,23222002,4401,0
23222,23222002,4402,0
23222,23222002,4403,0
23222,23222002,4404,0
23222,23222002,4405,0
23222,23222002,4406,0
23222,23222002,4407,0
23222,23222002,4408,0
23222,23222002,4409,0
23222,23222002,4410,0
23222,23222002,4411,0
23222,23222002,4412,0
23222,23222002,4413,0
23222,23222002,4414,0
23222,23222002,4415,0
23222,23222002,4416,0
23222,23222002,4417,0
23222,23222002,4418,0
23222,23222002,4419,0
23222,23222002,4420,0
23222,23222002,4421,0
23222,23222002,4422,0
23222,23222002,4423,0
23222,23222002,4424,0
23222,23222002,4425,0
23222,23222002,4426,0
23222,23222002,4427,0
23222,23222002,4428,0
23222,23222002,4429,0
23222,23222002,4430,0
23222,23222002,4431,0
23222,23222002,4432,0
23222,23222002,4433,0
23222,23222002,4434,0
23222,23222002,4435,0
23222,23222002,4436,0
23222,23222002,4437,0
23222,23222002,4438,0
23222,23222002,4439,0
23222,23222002,4440,0
23222,23222002,4441,0
23222,23222002,4442,0
23222,23222002,4443,0
23222,23222002,4444,0
23222,23222002,4445,0
23222,23222002,4446,0
23222,23222002,4447,0
23222,23222002,4448,0
23222,23222002,4449,0
23222,23222002,4450,0
23222,23222002,4451,0
23222,23222002,4452,0
23222,23222002,4453,0
23222,23222002,4454,0
23222,23222002,4455,0
23222,23222002,4456,0
23222,23222002,4457,0
23222,23222002,4458,0
23222,23222002,4459,0
23222,23222002,4460,0
23222,23222002,4461,0
23222,23222002,4462,0
23222,23222002,4463,0
23222,23222002,4464,0
23222,23222002,4465,0
23222,23222002,4466,0
23222,23222002,4467,0
23222,23222002,4468,0
23222,23222002,4469,0
23222,23222002,4470,0
23222,23222002,4471,0
23222,23222002,4472,0
23222,23222002,4473,0
23222,23222002,4474,0
23222,23222002,4475,0
23222,23222002,4476,0
23222,23222002,4477,0
23222,23222002,4478,0
23222,23222002,4479,0
23222,23222002,4480,0
23222,23222002,4481,0
23222,23222002,4482,0
23222,23222002,4483,0
23222,23222002,4484,0
23222,23222002,4485,0
23222,23222002,4486,0
23222,23222002,4487,0
23222,23222002,4488,0
23222,23222002,4489,0
23222,23222002,4490,0
23222,23222002,4491,0
23222,23222002,4492,0
23222,23222002,4493,0
23222,23222002,4494,0
23222,23222002,4495,0
23222,23222002,4496,0
23222,23222002,4497,0
23222,23222002,4498,0
23222,23222002,4499,0
23222,23222002,4500,0
23222,23222002,4501,0
23222,23222002,4502,0
23222,23222002,4503,0
23222,23222002,4504,0
23222,23222002,4505,0
23222,23222002,4506,0
23222,23222002,4507,0
23222,23222002,4508,0
23222,23222002,4509,0
23222,23222002,4510,0
23222,23222002,4511,0
23222,23222002,4512,0
23222,23222002,4513,0
23222,23222002,4514,0
23222,23222002,4515,0
23222,23222002,4516,0
23222,23222002,4517,0
23222,23222002,4518,0
23222,23222002,4519,0
23222,23222002,4520,0
23222,23222002,4521,0
23222,23222002,4522,0
23222,23222002,4523,0
23222,23222002,4524,0
23222,23222002,4525,0
23222,23222002,4526,0
23222,23222002,4527,0
23222,23222002,4528,0
23222,23222002,4529,0
23222,23222002,4530,0
23222,23222002,4531,0
23222,23222002,4532,0
23222,23222002,4533,0
23222,23222002,4534,0
23222,23222002,4535,0
23222,23222002,4536,0
23222,23222002,4537,0
23222,23222002,4538,0
23222,23222002,4539,0
23222,23222002,4540,0
23222,23222002,4541,0
23222,23222002,4542,0
23222,23222002,4543,0
23222,23222002,4544,0
23222,23222002,4545,0
23222,23222002,4546,0
23222,23222002,4547,0
23222,23222002,4548,0
23222,23222002,4549,0
23222,23222002,4550,0
23222,23222002,4551,0
23222,23222002,4552,0
23222,23222002,4553,0
23222,23222002,4554,0
23222,23222002,4555,0
23222,23222002,4556,0
23222,23222002,4557,0
23222,23222002,4558,0
23222,23222002,4559,0
23222,23222002,4560,0
23222,23222002,4561,0
23222,23222002,4562,0
23222,23222002,4563,0
23222,23222002,4564,0
23222,23222002,4565,0
23222,23222002,4566,0
23222,23222002,4567,0
23222,23222002,4568,0
23222,23222002,4569,0
23222,23222002,4570,0
23222,23222002,4571,0
23222,23222002,4572,0
23222,23222002,4573,0
23222,23222002,4574,0
23222,23222002,4575,0
23222,23222002,4576,0
23222,23222002,4577,0
23222,23222002,4578,0
23222,23222002,4579,0
23222,23222002,4580,0
23222,23222002,4581,0
23222,23222002,4582,0
23222,23222002,4583,0
23222,23222002,4584,0
23222,23222002,4585,0
23222,23222002,4586,0
23222,23222002,4587,0
23222,23222002,4588,0
23222,23222002,4589,0
23222,23222002,4590,0
23222,23222002,4591,0
23222,23222002,4592,0
23222,23222002,4593,0
23222,23222002,4594,0
23222,23222002,4595,0
23222,23222002,4596,0
23222,23222002,4597,0
23222,23222002,4598,0
23222,23222002,4599,0
23222,23222002,4600,0
23222,23222002,4601,0
23222,23222002,4602,0
23222,23222002,4603,0
23222,23222002,4604,0
23222,23222002,4605,0
23222,23222002,4606,0
23222,23222002,4607,0
23222,23222002,4608,0
23222,23222002,4609,0
23222,23222002,4610,0
23222,23222002,4611,0
23222,23222002,4612,0
23222,23222002,4613,0
23222,23222002,4614,0
23222,23222002,4615,0
23222,23222002,4616,0
23222,23222002,4617,0
23222,23222002,4618,0
23222,23222002,4619,0
23222,23222002,4620,0
23222,23222002,4621,0
23222,23222002,4622,0
23222,23222002,4623,0
23222,23222002,4624,0
23222,23222002,4625,0
23222,23222002,4626,0
23222,23222002,4627,0
23222,23222002,4628,0
23222,23222002,4629,0
23222,23222002,4630,0
23222,23222002,4631,0
23222,23222002,4632,0
23222,23222002,4633,0
23222,23222002,4634,0
23222,23222002,4635,0
23222,23222002,4636,0
23222,23222002,4637,0
23222,23222002,4638,0
23222,23222002,4639,0
23222,23222002,4640,0
23222,23222002,4641,0
23222,23222002,4642,0
23222,23222002,4643,0
23222,23222002,4644,0
23222,23222002,4645,0
23222,23222002,4646,0
23222,23222002,4647,0
23222,23222002,4648,0
23222,23222002,4649,0
23222,23222002,4650,0
23222,23222002,4651,0
23222,23222002,4652,0
23222,23222002,4653,0
23222,23222002,4654,0
23222,23222002,4655,0
23222,23222002,4656,0
23222,23222002,4657,0
23222,23222002,4658,0
23222,23222002,4659,0
23222,23222002,4660,0
23222,23222002,4661,0
23222,23222002,4662,0
23222,23222002,4663,0
23222,23222002,4664,0
23222,23222002,4665,0
23222,23222002,4666,0
23222,23222002,4667,0
23222,23222002,4668,0
23222,23222002,4669,0
23222,23222002,4670,0
23222,23222002,4671,0
23222,23222002,4672,0
23222,23222002,4673,0
23222,23222002,4674,0
23222,23222002,4675,0
23222,23222002,4676,0
23222,23222002,4677,0
23222,23222002,4678,0
23222,23222002,4679,0
23222,23222002,4680,0
23222,23222002,4681,0
23222,23222002,4682,0
23222,23222002,4683,0
23222,23222002,4684,0
23222,23222002,4685,0
23222,23222002,4686,0
23222,23222002,4687,0
23222,23222002,4688,0
23222,23222002,4689,0
23222,23222002,4690,0
23222,23222002,4691,0
23222,23222002,4692,0
23222,23222002,4693,0
23222,23222002,4694,0
23222,23222002,4695,0
23222,23222002,4696,0
23222,23222002,4697,0
23222,23222002,4698,0
23222,23222002,4699,0
23222,23222002,4700,0
23222,23222002,4701,0
23222,23222002,4702,0
23222,23222002,4703,0
23222,23222002,4704,0
23222,23222002,4705,0
23222,23222002,4706,0
23222,23222002,4707,0
23222,23222002,4708,0
23222,23222002,4709,0
23222,23222002,4710,0
23222,23222002,4711,0
23222,23222002,4712,0
23222,23222002,4713,0
23222,23222002,4714,0
23222,23222002,4715,0
23222,23222002,4716,0
23222,23222002,4717,0
23222,23222002,4718,0
23222,23222002,4719,0
23222,23222002,4720,0
23222,23222002,4721,0
23222,23222002,4722,0
23222,23222002,4723,0
23222,23222002,4724,0
23222,23222002,4725,0
23222,23222002,4726,0
23222,23222002,4727,0
23222,23222002,4728,0
23222,23222002,4729,0
23222,23222002,4730,0
23222,23222002,4731,0
23222,23222002,4732,0
23222,23222002,4733,0
23222,23222002,4734,0
23222,23222002,4735,0
23222,23222002,4736,0
23222,23222002,4737,0
23222,23222002,4738,0
23222,23222002,4739,0
23222,23222002,4740,0
23222,23222002,4741,0
23222,23222002,4742,0
23222,23222002,4743,0
23222,23222002,4744,0
23222,23222002,4745,0
23222,23222002,4746,0
23222,23222002,4747,0
23222,23222002,4748,0
23222,23222002,4749,0
23222,23222002,4750,0
23222,23222002,4751,0
23222,23222002,4752,0
23222,23222002,4753,0
23222,23222002,4754,0
23222,23222002,4755,0
23222,23222002,4756,0
23222,23222002,4757,0
23222,23222002,4758,0
23222,23222002,4759,0
23222,23222002,4760,0
23222,23222002,4761,0
23222,23222002,4762,0
23222,23222002,4763,0
23222,23222002,4764,0
23222,23222002,4765,0
23222,23222002,4766,0
23222,23222002,4767,0
23222,23222002,4768,0
23222,23222002,4769,0
23222,23222002,4770,0
23222,23222002,4771,0
23222,23222002,4772,0
23222,23222002,4773,0
23222,23222002,4774,0
23222,23222002,4775,0
23222,23222002,4776,0
23222,23222002,4777,0
23222,23222002,4778,0
23222,23222002,4779,0
23222,23222002,4780,0
23222,23222002,4781,0
23222,23222002,4782,0
23222,23222002,4783,0
23222,23222002,4784,0
23222,23222002,4785,0
23222,23222002,4786,0
23222,23222002,4787,0
23222,23222002,4788,0
23222,23222002,4789,0
23222,23222002,4790,0
23222,23222002,4791,0
23222,23222002,4792,0
23222,23222002,4793,0
23222,23222002,4794,0
23222,23222002,4795,0
23222,23222002,4796,0
23222,23222002,4797,0
23222,23222002,4798,0
23222,23222002,4799,0
23222,23222002,4800,0
23222,23222002,4801,0
23222,23222002,4802,0
23222,23222002,4803,0
23222,23222002,4804,0
23222,23222002,4805,0
23222,23222002,4806,0
23222,23222002,4807,0
23222,23222002,4808,0
23222,23222002,4809,0
23222,23222002,4810,0
23222,23222002,4811,0
23222,23222002,4812,0
23222,23222002,4813,0
23222,23222002,4814,0
23222,23222002,4815,0
23222,23222002,4816,0
23222,23222002,4817,0
23222,23222002,4818,0
23222,23222002,4819,0
23222,23222002,4820,0
23222,23222002,4821,0
23222,23222002,4822,0
23222,23222002,4823,0
23222,23222002,4824,0
23222,23222002,4825,0
23222,23222002,4826,0
23222,23222002,4827,0
23222,23222002,4828,0
23222,23222002,4829,0
23222,23222002,4830,0
23222,23222002,4831,0
23222,23222002,4832,0
23222,23222002,4833,0
23222,23222002,4834,0
23222,23222002,4835,0
23222,23222002,4836,0
23222,23222002,4837,0
23222,23222002,4838,0
23222,23222002,4839,0
23222,23222002,4840,0
23222,23222002,4841,0
23222,23222002,4842,0
23222,23222002,4843,0
23222,23222002,4844,0
23222,23222002,4845,0
23222,23222002,4846,0
23222,23222002,4847,0
23222,23222002,4848,0
23222,23222002,4849,0
23222,23222002,4850,0
23222,23222002,4851,0
23222,23222002,4852,0
23222,23222002,4853,0
23222,23222002,4854,0
23222,23222002,4855,0
23222,23222002,4856,0
23222,23222002,4857,0
23222,23222002,4858,0
23222,23222002,4859,0
23222,23222002,4860,0
23222,23222002,4861,0
23222,23222002,4862,0
23222,23222002,4863,0
23222,23222002,4864,0
23222,23222002,4865,0
23222,23222002,4866,0
23222,23222002,4867,0
23222,23222002,4868,0
23222,23222002,4869,0
23222,23222002,4870,0
23222,23222002,4871,0
23222,23222002,4872,0
23222,23222002,4873,0
23222,23222002,4874,0
23222,23222002,4875,0
23222,23222002,4876,0
23222,23222002,4877,0
23222,23222002,4878,0
23222,23222002,4879,0
23222,23222002,4880,0
23222,23222002,4881,0
23222,23222002,4882,0
23222,23222002,4883,0
23222,23222002,4884,0
23222,23222002,4885,0
23222,23222002,4886,0
23222,23222002,4887,0
23222,23222002,4888,0
23222,23222002,4889,0
23222,23222002,4890,0
23222,23222002,4891,0
23222,23222002,4892,0
23222,23222002,4893,0
23222,23222002,4894,0
23222,23222002,4895,0
23222,23222002,4896,0
23222,23222002,4897,0
23222,23222002,4898,0
23222,23222002,4899,0
23222,23222002,4900,0
23222,23222002,4901,0
23222,23222002,4902,0
23222,23222002,4903,0
23222,23222002,4904,0
23222,23222002,4905,0
23222,23222002,4906,0
23222,23222002,4907,0
23222,23222002,4908,0
23222,23222002,4909,0
23222,23222002,4910,0
23222,23222002,4911,0
23222,23222002,4912,0
23222,23222002,4913,0
23222,23222002,4914,0
23222,23222002,4915,0
23222,23222002,4916,0
23222,23222002,4917,0
23222,23222002,4918,0
23222,23222002,4919,0
23222,23222002,4920,0
23222,23222002,4921,0
23222,23222002,4922,0
23222,23222002,4923,0
23222,23222002,4924,0
23222,23222002,4925,0
23222,23222002,4926,0
23222,23222002,4927,0
23222,23222002,4928,0
23222,23222002,4929,0
23222,23222002,4930,0
23222,23222002,4931,0
23222,23222002,4932,0
23222,23222002,4933,0
23222,23222002,4934,0
23222,23222002,4935,0
23222,23222002,4936,0
23222,23222002,4937,0
23222,23222002,4938,0
23222,23222002,4939,0
23222,23222002,4940,0
23222,23222002,4941,0
23222,23222002,4942,0
23222,23222002,4943,0
23222,23222002,4944,0
23222,23222002,4945,0
23222,23222002,4946,0
23222,23222002,4947,0
23222,23222002,4948,0
23222,23222002,4949,0
23222,23222002,4950,0
23222,23222002,4951,0
23222,23222002,4952,0
23222,23222002,4953,0
23222,23222002,4954,0
23222,23222002,4955,0
23222,23222002,4956,0
23222,23222002,4957,0
23222,23222002,4958,0
23222,23222002,4959,0
23222,23222002,4960,0
23222,23222002,4961,0
23222,23222002,4962,0
23222,23222002,4963,0
23222,23222002,4964,0
23222,23222002,4965,0
23222,23222002,4966,0
23222,23222002,4967,0
23222,23222002,4968,0
23222,23222002,4969,0
23222,23222002,4970,0
23222,23222002,4971,0
23222,23222002,4972,0
23222,23222002,4973,0
23222,23222002,4974,0
23222,23222002,4975,0
23222,23222002,4976,0
23222,23222002,4977,0
23222,23222002,4978,0
23222,23222002,4979,0
23222,23222002,4980,0
23222,23222002,4981,0
23222,23222002,4982,0
23222,23222002,4983,0
23222,23222002,4984,0
23222,23222002,4985,0
23222,23222002,4986,0
23222,23222002,4987,0
23222,23222002,4988,0
23222,23222002,4989,0
23222,23222002,4990,0
23222,23222002,4991,0
23222,23222002,4992,0
23222,23222002,4993,0
23222,23222002,4994,0
23222,23222002,4995,0
23222,23222002,4996,0
23222,23222002,4997,0
23222,23222002,4998,0
23222,23222002,4999,0
23222,23222002,5000,0
23222,23222002,5001,0
23222,23222002,5002,0
23222,23222002,5003,0
23222,23222002,5004,0
23222,23222002,5005,0
23222,23222002,5006,0
23222,23222002,5007,0
23222,23222002,5008,0
23222,23222002,5009,0
23222,23222002,5010,0
23222,23222002,5011,0
23222,23222002,5012,0
23222,23222002,5013,0
23222,23222002,5014,0
23222,23222002,5015,0
23222,23222002,5016,0
23222,23222002,5017,0
23222,23222002,5018,0
23222,23222002,5019,0
23222,23222002,5020,0
23222,23222002,5021,0
23222,23222002,5022,0
23222,23222002,5023,0
23222,23222002,5024,0
23222,23222002,5025,0
23222,23222002,5026,0
23222,23222002,5027,0
23222,23222002,5028,0
23222,23222002,5029,0
23222,23222002,5030,0
23222,23222002,5031,0
23222,23222002,5032,0
23222,23222002,5033,0
23222,23222002,5034,0
23222,23222002,5035,0
23222,23222002,5036,0
23222,23222002,5037,0
23222,23222002,5038,0
23222,23222002,5039,0
23222,23222002,5040,0
23222,23222002,5041,0
23222,23222002,5042,0
23222,23222002,5043,0
23222,23222002,5044,0
23222,23222002,5045,0
23222,23222002,5046,0
23222,23222002,5047,0
23222,23222002,5048,0
23222,23222002,5049,0
23222,23222002,5050,0
23222,23222002,5051,0
23222,23222002,5052,0
23222,23222002,5053,0
23222,23222002,5054,0
23222,23222002,5055,0
23222,23222002,5056,0
23222,23222002,5057,0
23222,23222002,5058,0
23222,23222002,5059,0
23222,23222002,5060,0
23222,23222002,5061,0
23222,23222002,5062,0
23222,23222002,5063,0
23222,23222002,5064,0
23222,23222002,5065,0
23222,23222002,5066,0
23222,23222002,5067,0
23222,23222002,5068,0
23222,23222002,5069,0
23222,23222002,5070,0
23222,23222002,5071,0
23222,23222002,5072,0
23222,23222002,5073,0
23222,23222002,5074,0
23222,23222002,5075,0
23222,23222002,5076,0
23222,23222002,5077,0
23222,23222002,5078,0
23222,23222002,5079,0
23222,23222002,5080,0
23222,23222002,5081,0
23222,23222002,5082,0
23222,23222002,5083,0
23222,23222002,5084,0
23222,23222002,5085,0
23222,23222002,5086,0
23222,23222002,5087,0
23222,23222002,5088,0
23222,23222002,5089,0
23222,23222002,5090,0
23222,23222002,5091,0
23222,23222002,5092,0
23222,23222002,5093,0
23222,23222002,5094,0
23222,23222002,5095,0
23222,23222002,5096,0
23222,23222002,5097,0
23222,23222002,5098,0
23222,23222002,5099,0
23222,23222002,5100,0
23222,23222002,5101,0
23222,23222002,5102,0
23222,23222002,5103,0
23222,23222002,5104,0
23222,23222002,5105,0
23222,23222002,5106,0
23222,23222002,5107,0
23222,23222002,5108,0
23222,23222002,5109,0
23222,23222002,5110,0
23222,23222002,5111,0
23222,23222002,5112,0
23222,23222002,5113,0
23222,23222002,5114,0
23222,23222002,5115,0
23222,23222002,5116,0
23222,23222002,5117,0
23222,23222002,5118,0
23222,23222002,5119,0
23222,23222002,5120,0
23222,23222002,5121,0
23222,23222002,5122,0
23222,23222002,5123,0
23222,23222002,5124,0
23222,23222002,5125,0
23222,23222002,5126,0
23222,23222002,5127,0
23222,23222002,5128,0
23222,23222002,5129,0
23222,23222002,5130,0
23222,23222002,5131,0
23222,23222002,5132,0
23222,23222002,5133,0
23222,23222002,5134,0
23222,23222002,5135,0
23222,23222002,5136,0
23222,23222002,5137,0
23222,23222002,5138,0
23222,23222002,5139,0
23222,23222002,5140,0
23222,23222002,5141,0
23222,23222002,5142,0
23222,23222002,5143,0
23222,23222002,5144,0
23222,23222002,5145,0
23222,23222002,5146,0
23222,23222002,5147,0
23222,23222002,5148,0
23222,23222002,5149,0
23222,23222002,5150,0
23222,23222002,5151,0
23222,23222002,5152,0
23222,23222002,5153,0
23222,23222002,5154,0
23222,23222002,5155,0
23222,23222002,5156,0
23222,23222002,5157,0
23222,23222002,5158,0
23222,23222002,5159,0
23222,23222002,5160,0
23222,23222002,5161,0
23222,23222002,5162,0
23222,23222002,5163,0
23222,23222002,5164,0
23222,23222002,5165,0
23222,23222002,5166,0
23222,23222002,5167,0
23222,23222002,5168,0
23222,23222002,5169,0
23222,23222002,5170,0
23222,23222002,5171,0
23222,23222002,5172,0
23222,23222002,5173,0
23222,23222002,5174,0
23222,23222002,5175,0
23222,23222002,5176,0
23222,23222002,5177,0
23222,23222002,5178,0
23222,23222002,5179,0
23222,23222002,5180,0
23222,23222002,5181,0
23222,23222002,5182,0
23222,23222002,5183,0
23222,23222002,5184,0
23222,23222002,5185,0
23222,23222002,5186,0
23222,23222002,5187,0
23222,23222002,5188,0
23222,23222002,5189,0
23222,23222002,5190,0
23222,23222002,5191,0
23222,23222002,5192,0
23222,23222002,5193,0
23222,23222002,5194,0
23222,23222002,5195,0
23222,23222002,5196,0
23222,23222002,5197,0
23222,23222002,5198,0
23222,23222002,5199,0
23222,23222002,5200,0
23222,23222002,5201,0
23222,23222002,5202,0
23222,23222002,5203,0
23222,23222002,5204,0
23222,23222002,5205,0
23222,23222002,5206,0
23222,23222002,5207,0
23222,23222002,5208,0
23222,23222002,5209,0
23222,23222002,5210,0
23222,23222002,5211,0
23222,23222002,5212,0
23222,23222002,5213,0
23222,23222002,5214,0
23222,23222002,5215,0
23222,23222002,5216,0
23222,23222002,5217,0
23222,23222002,5218,0
23222,23222002,5219,0
23222,23222002,5220,0
23222,23222002,5221,0
23222,23222002,5222,0
23222,23222002,5223,0
23222,23222002,5224,0
23222,23222002,5225,0
23222,23222002,5226,0
23222,23222002,5227,0
23222,23222002,5228,0
23222,23222002,5229,0
23222,23222002,5230,0
23222,23222002,5231,0
23222,23222002,5232,0
23222,23222002,5233,0
23222,23222002,5234,0
23222,23222002,5235,0
23222,23222002,5236,0
23222,23222002,5237,0
23222,23222002,5238,0
23222,23222002,5239,0
23222,23222002,5240,0
23222,23222002,5241,0
23222,23222002,5242,0
23222,23222002,5243,0
23222,23222002,5244,0
23222,23222002,5245,0
23222,23222002,5246,0
23222,23222002,5247,0
23222,23222002,5248,0
23222,23222002,5249,0
23222,23222002,5250,0
23222,23222002,5251,0
23222,23222002,5252,0
23222,23222002,5253,0
23222,23222002,5254,0
23222,23222002,5255,0
23222,23222002,5256,0
23222,23222002,5257,0
23222,23222002,5258,0
23222,23222002,5259,0
23222,23222002,5260,0
23222,23222002,5261,0
23222,23222002,5262,0
23222,23222002,5263,0
23222,23222002,5264,0
23222,23222002,5265,0
23222,23222002,5266,0
23222,23222002,5267,0
23222,23222002,5268,0
23222,23222002,5269,0
23222,23222002,5270,0
23222,23222002,5271,0
23222,23222002,5272,0
23222,23222002,5273,0
23222,23222002,5274,0
23222,23222002,5275,0
23222,23222002,5276,0
23222,23222002,5277,0
23222,23222002,5278,0
23222,23222002,5279,0
23222,23222002,5280,0
23222,23222002,5281,0
23222,23222002,5282,0
23222,23222002,5283,0
23222,23222002,5284,0
23222,23222002,5285,0
23222,23222002,5286,0
23222,23222002,5287,0
23222,23222002,5288,0
23222,23222002,5289,0
23222,23222002,5290,0
23222,23222002,5291,0
23222,23222002,5292,0
23222,23222002,5293,0
23222,23222002,5294,0
23222,23222002,5295,0
23222,23222002,5296,0
23222,23222002,5297,0
23222,23222002,5298,0
23222,23222002,5299,0
23222,23222002,5300,0
23222,23222002,5301,0
23222,23222002,5302,0
23222,23222002,5303,0
23222,23222002,5304,0
23222,23222002,5305,0
23222,23222002,5306,0
23222,23222002,5307,0
23222,23222002,5308,0
23222,23222002,5309,0
23222,23222002,5310,0
23222,23222002,5311,0
23222,23222002,5312,0
23222,23222002,5313,0
23222,23222002,5314,0
23222,23222002,5315,0
23222,23222002,5316,0
23222,23222002,5317,0
23222,23222002,5318,0
23222,23222002,5319,0
23222,23222002,5320,0
23222,23222002,5321,0
23222,23222002,5322,0
23222,23222002,5323,0
23222,23222002,5324,0
23222,23222002,5325,0
23222,23222002,5326,0
23222,23222002,5327,0
23222,23222002,5328,0
23222,23222002,5329,0
23222,23222002,5330,0
23222,23222002,5331,0
23222,23222002,5332,0
23222,23222002,5333,0
23222,23222002,5334,0
23222,23222002,5335,0
23222,23222002,5336,0
23222,23222002,5337,0
23222,23222002,5338,0
23222,23222002,5339,0
23222,23222002,5340,0
23222,23222002,5341,0
23222,23222002,5342,0
23222,23222002,5343,0
23222,23222002,5344,0
23222,23222002,5345,0
23222,23222002,5346,0
23222,23222002,5347,0
23222,23222002,5348,0
23222,23222002,5349,0
23222,23222002,5350,0
23222,23222002,5351,0
23222,23222002,5352,0
23222,23222002,5353,0
23222,23222002,5354,0
23222,23222002,5355,0
23222,23222002,5356,0
23222,23222002,5357,0
23222,23222002,5358,0
23222,23222002,5359,0
23222,23222002,5360,0
23222,23222002,5361,0
23222,23222002,5362,0
23222,23222002,5363,0
23222,23222002,5364,0
23222,23222002,5365,0
23222,23222002,5366,0
23222,23222002,5367,0
23222,23222002,5368,0
23222,23222002,5369,0
23222,23222002,5370,0
23222,23222002,5371,0
23222,23222002,5372,0
23222,23222002,5373,0
23222,23222002,5374,0
23222,23222002,5375,0
23222,23222002,5376,0
23222,23222002,5377,0
23222,23222002,5378,0
23222,23222002,5379,0
23222,23222002,5380,0
23222,23222002,5381,0
23222,23222002,5382,0
23222,23222002,5383,0
23222,23222002,5384,0
23222,23222002,5385,0
23222,23222002,5386,0
23222,23222002,5387,0
23222,23222002,5388,0
23222,23222002,5389,0
23222,23222002,5390,0
23222,23222002,5391,0
23222,23222002,5392,0
23222,23222002,5393,0
23222,23222002,5394,0
23222,23222002,5395,0
23222,23222002,5396,0
23222,23222002,5397,0
23222,23222002,5398,0
23222,23222002,5399,0
23222,23222002,5400,0
23222,23222002,5401,0
23222,23222002,5402,0
23222,23222002,5403,0
23222,23222002,5404,0
23222,23222002,5405,0
23222,23222002,5406,0
23222,23222002,5407,0
23222,23222002,5408,0
23222,23222002,5409,0
23222,23222002,5410,0
23222,23222002,5411,0
23222,23222002,5412,0
23222,23222002,5413,0
23222,23222002,5414,0
23222,23222002,5415,0
23222,23222002,5416,0
23222,23222002,5417,0
23222,23222002,5418,0
23222,23222002,5419,0
23222,23222002,5420,0
23222,23222002,5421,0
23222,23222002,5422,0
23222,23222002,5423,0
23222,23222002,5424,0
23222,23222002,5425,0
23222,23222002,5426,0
23222,23222002,5427,0
23222,23222002,5428,0
23222,23222002,5429,0
23222,23222002,5430,0
23222,23222002,5431,0
23222,23222002,5432,0
23222,23222002,5433,0
23222,23222002,5434,0
23222,23222002,5435,0
23222,23222002,5436,0
23222,23222002,5437,0
23222,23222002,5438,0
23222,23222002,5439,0
23222,23222002,5440,0
23222,23222002,5441,0
23222,23222002,5442,0
23222,23222002,5443,0
23222,23222002,5444,0
23222,23222002,5445,0
23222,23222002,5446,0
23222,23222002,5447,0
23222,23222002,5448,0
23222,23222002,5449,0
23222,23222002,5450,0
23222,23222002,5451,0
23222,23222002,5452,0
23222,23222002,5453,0
23222,23222002,5454,0
23222,23222002,5455,0
23222,23222002,5456,0
23222,23222002,5457,0
23222,23222002,5458,0
23222,23222002,5459,0
23222,23222002,5460,0
23222,23222002,5461,0
23222,23222002,5462,0
23222,23222002,5463,0
23222,23222002,5464,0
23222,23222002,5465,0
23222,23222002,5466,0
23222,23222002,5467,0
23222,23222002,5468,0
23222,23222002,5469,0
23222,23222002,5470,0
23222,23222002,5471,0
23222,23222002,5472,0
23222,23222002,5473,0
23222,23222002,5474,0
23222,23222002,5475,0
23222,23222002,5476,0
23222,23222002,5477,0
23222,23222002,5478,0
23222,23222002,5479,0
23222,23222002,5480,0
23222,23222002,5481,0
23222,23222002,5482,0
23222,23222002,5483,0
23222,23222002,5484,0
23222,23222002,5485,0
23222,23222002,5486,0
23222,23222002,5487,0
23222,23222002,5488,0
23222,23222002,5489,0
23222,23222002,5490,0
23222,23222002,5491,0
23222,23222002,5492,0
23222,23222002,5493,0
23222,23222002,5494,0
23222,23222002,5495,0
23222,23222002,5496,0
23222,23222002,5497,0
23222,23222002,5498,0
23222,23222002,5499,0
23222,23222002,5500,0
23222,23222002,5501,0
23222,23222002,5502,0
23222,23222002,5503,0
23222,23222002,5504,0
23222,23222002,5505,0
23222,23222002,5506,0
23222,23222002,5507,0
23222,23222002,5508,0
23222,23222002,5509,0
23222,23222002,5510,0
23222,23222002,5511,0
23222,23222002,5512,0
23222,23222002,5513,0
23222,23222002,5514,0
23222,23222002,5515,0
23222,23222002,5516,0
23222,23222002,5517,0
23222,23222002,5518,0
23222,23222002,5519,0
23222,23222002,5520,0
23222,23222002,5521,0
23222,23222002,5522,0
23222,23222002,5523,0
23222,23222002,5524,0
23222,23222002,5525,0
23222,23222002,5526,0
23222,23222002,5527,0
23222,23222002,5528,0
23222,23222002,5529,0
23222,23222002,5530,0
23222,23222002,5531,0
23222,23222002,5532,0
23222,23222002,5533,0
23222,23222002,5534,0
23222,23222002,5535,0
23222,23222002,5536,0
23222,23222002,5537,0
23222,23222002,5538,0
23222,23222002,5539,0
23222,23222002,5540,0
23222,23222002,5541,0
23222,23222002,5542,0
23222,23222002,5543,0
23222,23222002,5544,0
23222,23222002,5545,0
23222,23222002,5546,0
23222,23222002,5547,0
23222,23222002,5548,0
23222,23222002,5549,0
23222,23222002,5550,0
23222,23222002,5551,0
23222,23222002,5552,0
23222,23222002,5553,0
23222,23222002,5554,0
23222,23222002,5555,0
23222,23222002,5556,0
23222,23222002,5557,0
23222,23222002,5558,0
23222,23222002,5559,0
23222,23222002,5560,0
23222,23222002,5561,0
23222,23222002,5562,0
23222,23222002,5563,0
23222,23222002,5564,0
23222,23222002,5565,0
23222,23222002,5566,0
23222,23222002,5567,0
23222,23222002,5568,0
23222,23222002,5569,0
23222,23222002,5570,0
23222,23222002,5571,0
23222,23222002,5572,0
23222,23222002,5573,0
23222,23222002,5574,0
23222,23222002,5575,0
23222,23222002,5576,0
23222,23222002,5577,0
23222,23222002,5578,0
23222,23222002,5579,0
23222,23222002,5580,0
23222,23222002,5581,0
23222,23222002,5582,0
23222,23222002,5583,0
23222,23222002,5584,0
23222,23222002,5585,0
23222,23222002,5586,0
23222,23222002,5587,0
23222,23222002,5588,0
23222,23222002,5589,0
23222,23222002,5590,0
23222,23222002,5591,0
23222,23222002,5592,0
23222,23222002,5593,0
23222,23222002,5594,0
23222,23222002,5595,0
23222,23222002,5596,0
23222,23222002,5597,0
23222,23222002,5598,0
23222,23222002,5599,0
23222,23222002,5600,0
23222,23222002,5601,0
23222,23222002,5602,0
23222,23222002,5603,0
23222,23222002,5604,0
23222,23222002,5605,0
23222,23222002,5606,0
23222,23222002,5607,0
23222,23222002,5608,0
23222,23222002,5609,0
23222,23222002,5610,0
23222,23222002,5611,0
23222,23222002,5612,0
23222,23222002,5613,0
23222,23222002,5614,0
23222,23222002,5615,0
23222,23222002,5616,0
23222,23222002,5617,0
23222,23222002,5618,0
23222,23222002,5619,0
23222,23222002,5620,0
23222,23222002,5621,0
23222,23222002,5622,0
23222,23222002,5623,0
23222,23222002,5624,0
23222,23222002,5625,0
23222,23222002,5626,0
23222,23222002,5627,0
23222,23222002,5628,0
23222,23222002,5629,0
23222,23222002,5630,0
23222,23222002,5631,0
23222,23222002,5632,0
23222,23222002,5633,0
23222,23222002,5634,0
23222,23222002,5635,0
23222,23222002,5636,0
23222,23222002,5637,0
23222,23222002,5638,0
23222,23222002,5639,0
23222,23222002,5640,0
23222,23222002,5641,0
23222,23222002,5642,0
23222,23222002,5643,0
23222,23222002,5644,0
23222,23222002,5645,0
23222,23222002,5646,0
23222,23222002,5647,0
23222,23222002,5648,0
23222,23222002,5649,0
23222,23222002,5650,0
23222,23222002,5651,0
23222,23222002,5652,0
23222,23222002,5653,0
23222,23222002,5654,0
23222,23222002,5655,0
23222,23222002,5656,0
23222,23222002,5657,0
23222,23222002,5658,0
23222,23222002,5659,0
23222,23222002,5660,0
23222,23222002,5661,0
23222,23222002,5662,0
23222,23222002,5663,0
23222,23222002,5664,0
23222,23222002,5665,0
23222,23222002,5666,0
23222,23222002,5667,0
23222,23222002,5668,0
23222,23222002,5669,0
23222,23222002,5670,0
23222,23222002,5671,0
23222,23222002,5672,0
23222,23222002,5673,0
23222,23222002,5674,0
23222,23222002,5675,0
23222,23222002,5676,0
23222,23222002,5677,0
23222,23222002,5678,0
23222,23222002,5679,0
23222,23222002,5680,0
23222,23222002,5681,0
23222,23222002,5682,0
23222,23222002,5683,0
23222,23222002,5684,0
23222,23222002,5685,0
23222,23222002,5686,0
23222,23222002,5687,0
23222,23222002,5688,0
23222,23222002,5689,0
23222,23222002,5690,0
23222,23222002,5691,0
23222,23222002,5692,0
23222,23222002,5693,0
23222,23222002,5694,0
23222,23222002,5695,0
23222,23222002,5696,0
23222,23222002,5697,0
23222,23222002,5698,0
23222,23222002,5699,0
23222,23222002,5700,0
23222,23222002,5701,0
23222,23222002,5702,0
23222,23222002,5703,0
23222,23222002,5704,0
23222,23222002,5705,0
23222,23222002,5706,0
23222,23222002,5707,0
23222,23222002,5708,0
23222,23222002,5709,0
23222,23222002,5710,0
23222,23222002,5711,0
23222,23222002,5712,0
23222,23222002,5713,0
23222,23222002,5714,0
23222,23222002,5715,0
23222,23222002,5716,0
23222,23222002,5717,0
23222,23222002,5718,0
23222,23222002,5719,0
23222,23222002,5720,0
23222,23222002,5721,0
23222,23222002,5722,0
23222,23222002,5723,0
23222,23222002,5724,0
23222,23222002,5725,0
23222,23222002,5726,0
23222,23222002,5727,0
23222,23222002,5728,0
23222,23222002,5729,0
23222,23222002,5730,0
23222,23222002,5731,0
23222,23222002,5732,0
23222,23222002,5733,0
23222,23222002,5734,0
23222,23222002,5735,0
23222,23222002,5736,0
23222,23222002,5737,0
23222,23222002,5738,0
23222,23222002,5739,0
23222,23222002,5740,0
23222,23222002,5741,0
23222,23222002,5742,0
23222,23222002,5743,0
23222,23222002,5744,0
23222,23222002,5745,0
23222,23222002,5746,0
23222,23222002,5747,0
23222,23222002,5748,0
23222,23222002,5749,0
23222,23222002,5750,0
23222,23222002,5751,0
23222,23222002,5752,0
23222,23222002,5753,0
23222,23222002,5754,0
23222,23222002,5755,0
23222,23222002,5756,0
23222,23222002,5757,0
23222,23222002,5758,0
23222,23222002,5759,0
23222,23222002,5760,0
23222,23222002,5761,0
23222,23222002,5762,0
23222,23222002,5763,0
23222,23222002,5764,0
23222,23222002,5765,0
23222,23222002,5766,0
23222,23222002,5767,0
23222,23222002,5768,0
23222,23222002,5769,0
23222,23222002,5770,0
23222,23222002,5771,0
23222,23222002,5772,0
23222,23222002,5773,0
23222,23222002,5774,0
23222,23222002,5775,0
23222,23222002,5776,0
23222,23222002,5777,0
23222,23222002,5778,0
23222,23222002,5779,0
23222,23222002,5780,0
23222,23222002,5781,0
23222,23222002,5782,0
23222,23222002,5783,0
23222,23222002,5784,0
23222,23222002,5785,0
23222,23222002,5786,0
23222,23222002,5787,0
23222,23222002,5788,0
23222,23222002,5789,0
23222,23222002,5790,0
23222,23222002,5791,0
23222,23222002,5792,0
23222,23222002,5793,0
23222,23222002,5794,0
23222,23222002,5795,0
23222,23222002,5796,0
23222,23222002,5797,0
23222,23222002,5798,0
23222,23222002,5799,0
23222,23222002,5800,0
23222,23222002,5801,0
23222,23222002,5802,0
23222,23222002,5803,0
23222,23222002,5804,0
23222,23222002,5805,0
23222,23222002,5806,0
23222,23222002,5807,0
23222,23222002,5808,0
23222,23222002,5809,0
23222,23222002,5810,0
23222,23222002,5811,0
23222,23222002,5812,0
23222,23222002,5813,0
23222,23222002,5814,0
23222,23222002,5815,0
23222,23222002,5816,0
23222,23222002,5817,0
23222,23222002,5818,0
23222,23222002,5819,0
23222,23222002,5820,0
23222,23222002,5821,0
23222,23222002,5822,0
23222,23222002,5823,0
23222,23222002,5824,0
23222,23222002,5825,0
23222,23222002,5826,0
23222,23222002,5827,0
23222,23222002,5828,0
23222,23222002,5829,0
23222,23222002,5830,0
23222,23222002,5831,0
23222,23222002,5832,0
23222,23222002,5833,0
23222,23222002,5834,0
23222,23222002,5835,0
23222,23222002,5836,0
23222,23222002,5837,0
23222,23222002,5838,0
23222,23222002,5839,0
23222,23222002,5840,0
23222,23222002,5841,0
23222,23222002,5842,0
23222,23222002,5843,0
23222,23222002,5844,0
23222,23222002,5845,0
23222,23222002,5846,0
23222,23222002,5847,0
23222,23222002,5848,0
23222,23222002,5849,0
23222,23222002,5850,0
23222,23222002,5851,0
23222,23222002,5852,0
23222,23222002,5853,0
23222,23222002,5854,0
23222,23222002,5855,0
23222,23222002,5856,0
23222,23222002,5857,0
23222,23222002,5858,0
23222,23222002,5859,0
23222,23222002,5860,0
23222,23222002,5861,0
23222,23222002,5862,0
23222,23222002,5863,0
23222,23222002,5864,0
23222,23222002,5865,0
23222,23222002,5866,0
23222,23222002,5867,0
23222,23222002,5868,0
23222,23222002,5869,0
23222,23222002,5870,0
23222,23222002,5871,0
23222,23222002,5872,0
23222,23222002,5873,0
23222,23222002,5874,0
23222,23222002,5875,0
23222,23222002,5876,0
23222,23222002,5877,0
23222,23222002,5878,0
23222,23222002,5879,0
23222,23222002,5880,0
23222,23222002,5881,0
23222,23222002,5882,0
23222,23222002,5883,0
23222,23222002,5884,0
23222,23222002,5885,0
23222,23222002,5886,0
23222,23222002,5887,0
23222,23222002,5888,0
23222,23222002,5889,0
23222,23222002,5890,0
23222,23222002,5891,0
23222,23222002,5892,0
23222,23222002,5893,0
23222,23222002,5894,0
23222,23222002,5895,0
23222,23222002,5896,0
23222,23222002,5897,0
23222,23222002,5898,0
23222,23222002,5899,0
23222,23222002,5900,0
23222,23222002,5901,0
23222,23222002,5902,0
23222,23222002,5903,0
23222,23222002,18899,0
23222,23222002,18900,0
23222,23222002,18901,0
23222,23222002,18902,0
23222,23222002,18903,0
23222,23222002,18904,0
23222,23222002,18905,0
23222,23222002,18906,0
23222,23222002,18907,0
23222,23222002,18908,0
23222,23222002,18909,0
23222,23222002,18910,0
23222,23222002,18911,0
23222,23222002,18912,0
23222,23222002,18913,0
23222,23222002,18914,0
23222,23222002,18915,0
23222,23222002,18916,0
23222,23222002,18917,0
23222,23222002,18918,0
23222,23222002,18919,0
23222,23222002,18920,0
23222,23222002,18921,0
23222,23222002,18922,0
23222,23222002,18923,0
23222,23222002,18924,0
23222,23222002,18925,0
23222,23222002,18926,0
23222,23222002,18927,0
23222,23222002,18928,0
23222,23222002,18929,0
23222,23222002,18930,0
23222,23222002,18931,0
23222,23222002,18932,0
23222,23222002,18933,0
23222,23222002,18934,0
23222,23222002,18935,0
23222,23222002,18936,0
23222,23222002,18937,0
23222,23222002,18938,0
23222,23222002,18939,0
23222,23222002,18940,0
23222,23222002,18941,0
23222,23222002,18942,0
23222,23222002,18943,0
23222,23222002,18944,0
23222,23222002,18945,0
23222,23222002,18946,0
23222,23222002,18947,0
23222,23222002,18948,0
23222,23222002,18949,0
23222,23222002,18950,0
23222,23222002,18951,0
23222,23222002,18952,0
23222,23222002,18953,0
23222,23222002,18954,0
23222,23222002,18955,0
23222,23222002,18956,0
23222,23222002,18957,0
23222,23222002,18958,0
23222,23222002,18959,0
23222,23222002,18960,0
23222,23222002,18961,0
23222,23222002,18962,0
23222,23222002,18963,0
23222,23222002,18964,0
23222,23222002,18965,0
23222,23222002,18966,0
23222,23222002,18967,0
23222,23222002,18968,0
23222,23222002,18969,0
23222,23222002,18970,0
23222,23222002,18971,0
23222,23222002,18972,0
23222,23222002,18973,0
23222,23222002,18974,0
23222,23222002,18975,0
23222,23222002,18976,0
23222,23222002,18977,0
23222,23222002,18978,0
23222,23222002,18979,0
23222,23222002,18980,0
23222,23222002,18981,0
23222,23222002,18982,0
23222,23222002,18983,0
23222,23222002,18984,0
23222,23222002,18985,0
23222,23222002,18986,0
23222,23222002,18987,0
23222,23222002,18988,0
23222,23222002,18989,0
23222,23222002,18990,0
23222,23222002,18991,0
23222,23222002,18992,0
23222,23222002,18993,0
23222,23222002,18994,0
23222,23222002,18995,0
23222,23222002,18996,0
23222,23222002,18997,0
23222,23222002,18998,0
23222,23222002,18999,0
23222,23222002,19000,0
23222,23222002,19001,0
23222,23222002,19002,0
23222,23222002,19003,0
23222,23222002,19004,0
23222,23222002,19005,0
23222,23222002,19006,0
23222,23222002,19007,0
23222,23222002,19008,0
23222,23222002,19009,0
23222,23222002,19010,0
23222,23222002,19011,0
23222,23222002,19012,0
23222,23222002,19013,0
23222,23222002,19014,0
23222,23222002,19015,0
23222,23222002,19016,0
23222,23222002,19017,0
23222,23222002,19018,0
23222,23222002,19019,0
23222,23222002,19020,0
23222,23222002,19021,0
23222,23222002,19022,0
23222,23222002,19023,0
23222,23222002,19024,0
23222,23222002,19025,0
23222,23222002,19026,0
23222,23222002,19027,0
23222,23222002,19028,0
23222,23222002,19029,0
23222,23222002,19030,0
23222,23222002,19031,0
23222,23222002,19032,0
23222,23222002,19033,0
23222,23222002,19034,0
23222,23222002,19035,0
23222,23222002,19036,0
23222,23222002,19037,0
23222,23222002,19038,0
23222,23222002,19039,0
23222,23222002,19040,0
23222,23222002,19041,0
23222,23222002,19042,0
23222,23222002,19043,0
23222,23222002,19044,0
23222,23222002,19045,0
23222,23222002,19046,0
23222,23222002,19047,0
23222,23222002,19048,0
23222,23222002,19049,0
23222,23222002,19050,0
23222,23222002,19051,0
23222,23222002,19052,0
23222,23222002,19053,0
23222,23222002,19054,0
23222,23222002,19055,0
23222,23222002,19056,0
23222,23222002,19057,0
23222,23222002,19058,0
23222,23222002,19059,0
23222,23222002,19060,0
23222,23222002,19061,0
23222,23222002,19062,0
23222,23222002,19063,0
23222,23222002,19064,0
23222,23222002,19065,0
23222,23222002,19066,0
23222,23222002,19067,0
23222,23222002,19068,0
23222,23222002,19069,0
23222,23222002,19070,0
23222,23222002,19071,0
23222,23222002,19072,0
23222,23222002,19073,0
23222,23222002,19074,0
23222,23222002,19075,0
23222,23222002,19076,0
23222,23222002,19077,0
23222,23222002,19078,0
23222,23222002,19079,0
23222,23222002,19080,0
23222,23222002,19081,0
23222,23222002,19082,0
23222,23222002,19083,0
23222,23222002,19084,0
23222,23222002,19085,0
23222,23222002,19086,0
23222,23222002,19087,0
23222,23222002,19088,0
23222,23222002,19089,0
23222,23222002,19090,0
23222,23222002,19091,0
23222,23222002,19092,0
23222,23222002,19093,0
23222,23222002,19094,0
23222,23222002,19095,0
23222,23222002,19096,0
23222,23222002,19097,0
23222,23222002,19098,0
23222,23222002,19099,0
23222,23222002,19100,0
23222,23222002,19101,0
23222,23222002,19102,0
23222,23222002,19103,0
23222,23222002,19104,0
23222,23222002,19105,0
23222,23222002,19106,0
23222,23222002,19107,0
23222,23222002,19108,0
23222,23222002,19109,0
23222,23222002,19110,0
23222,23222002,19111,0
23222,23222002,19112,0
23222,23222002,19113,0
23222,23222002,19114,0
23222,23222002,19115,0
23222,23222002,19116,0
23222,23222002,19117,0
23222,23222002,19118,0
23222,23222002,19119,0
23222,23222002,19120,0
23222,23222002,19121,0
23222,23222002,19122,0
23222,23222002,19123,0
23222,23222002,19124,0
23222,23222002,19125,0
23222,23222002,19126,0
23222,23222002,19127,0
23222,23222002,19128,0
23222,23222002,19129,0
23222,23222002,19130,0
23222,23222002,19131,0
23222,23222002,19132,0
23222,23222002,19133,0
23222,23222002,19134,0
23222,23222002,19135,0
23222,23222002,19136,0
23222,23222002,19137,0
23222,23222002,19138,0
23222,23222002,19139,0
23222,23222002,19140,0
23222,23222002,19141,0
23222,23222002,19142,0
23222,23222002,19143,0
23222,23222002,19144,0
23222,23222002,19145,0
23222,23222002,19146,0
23222,23222002,19147,0
23222,23222002,19148,0
23222,23222002,19149,0
23222,23222002,19150,0
23222,23222002,19151,0
23222,23222002,19152,0
23222,23222002,19153,0
23222,23222002,19154,0
23222,23222002,19155,0
23222,23222002,19156,0
23222,23222002,19157,0
23222,23222002,19158,0
23222,23222002,19159,0
23222,23222002,19160,0
23222,23222002,19161,0
23222,23222002,19162,0
23222,23222002,19163,0
23222,23222002,19164,0
23222,23222002,19165,0
23222,23222002,19166,0
23222,23222002,19167,0
23222,23222002,19168,0
23222,23222002,19169,0
23222,23222002,19170,0
23222,23222002,19171,0
23222,23222002,19172,0
23222,23222002,19173,0
23222,23222002,19174,0
23222,23222002,19175,0
23222,23222002,19176,0
23222,23222002,19177,0
23222,23222002,19178,0
23222,23222002,19179,0
23222,23222002,19180,0
23222,23222002,19181,0
23222,23222002,19182,0
23222,23222002,19183,0
23222,23222002,19184,0
23222,23222002,19185,0
23222,23222002,19186,0
23222,23222002,19187,0
23222,23222002,19188,0
23222,23222002,19189,0
23222,23222002,19190,0
23222,23222002,19191,0
23222,23222002,19192,0
23222,23222002,19193,0
23222,23222002,19194,0
23222,23222002,19195,0
23222,23222002,19196,0
23222,23222002,19197,0
23222,23222002,19198,0
23222,23222002,19199,0
23222,23222002,19200,0
23222,23222002,19201,0
23222,23222002,19202,0
23222,23222002,19203,0
23222,23222002,19204,0
23222,23222002,19205,0
23222,23222002,19206,0
23222,23222002,19207,0
23222,23222002,19208,0
23222,23222002,19209,0
23222,23222002,19210,0
23222,23222002,19211,0
23222,23222002,19212,0
23222,23222002,19213,0
23222,23222002,19214,0
23222,23222002,19215,0
23222,23222002,19216,0
23222,23222002,19217,0
23222,23222002,19218,0
23222,23222002,19219,0
23222,23222002,19220,0
23222,23222002,19221,0
23222,23222002,19222,0
23222,23222002,19223,0
23222,23222002,19224,0
23222,23222002,19225,0
23222,23222002,19226,0
23222,23222002,19227,0
23222,23222002,19228,0
23222,23222002,19229,0
23222,23222002,19230,0
23222,23222002,19231,0
23222,23222002,19232,0
23222,23222002,19233,0
23222,23222002,19234,0
23222,23222002,19235,0
23222,23222002,19236,0
23222,23222002,19237,0
23222,23222002,19238,0
23222,23222002,19239,0
23222,23222002,19240,0
23222,23222002,19241,0
23222,23222002,19242,0
23222,23222002,19243,0
23222,23222002,19244,0
23222,23222002,19245,0
23222,23222002,19246,0
23222,23222002,19247,0
23222,23222002,19248,0
23222,23222002,19249,0
23222,23222002,19250,0
23222,23222002,19251,0
23222,23222002,19252,0
23222,23222002,19253,0
23222,23222002,19254,0
23222,23222002,19255,0
23222,23222002,19256,0
23222,23222002,19257,0
23222,23222002,19258,0
23222,23222002,19259,0
23222,23222002,19260,0
23222,23222002,19261,0
23222,23222002,19262,0
23222,23222002,19263,0
23222,23222002,19264,0
23222,23222002,19265,0
23222,23222002,19266,0
23222,23222002,19267,0
23222,23222002,19268,0
23222,23222002,19269,0
23222,23222002,19270,0
23222,23222002,19271,0
23222,23222002,19272,0
23222,23222002,19273,0
23222,23222002,19274,0
23222,23222002,19275,0
23222,23222002,19276,0
23222,23222002,19277,0
23222,23222002,19278,0
23222,23222002,19279,0
23222,23222002,19280,0
23222,23222002,19281,0
23222,23222002,19282,0
23222,23222002,19283,0
23222,23222002,19284,0
23222,23222002,19285,0
23222,23222002,19286,0
23222,23222002,19287,0
23222,23222002,19288,0
23222,23222002,19289,0
23222,23222002,19290,0
23222,23222002,19291,0
23222,23222002,19292,0
23222,23222002,19293,0
23222,23222002,19294,0
23222,23222002,19295,0
23222,23222002,19296,0
23222,23222002,19297,0
23222,23222002,19298,0
23222,23222002,19299,0
23222,23222002,19300,0
23222,23222002,19301,0
23222,23222002,19302,0
23222,23222002,19303,0
23222,23222002,19304,0
23222,23222002,19305,0
23222,23222002,19306,0
23222,23222002,19307,0
23222,23222002,19308,0
23222,23222002,19309,0
23222,23222002,19310,0
23222,23222002,19311,0
23222,23222002,19312,0
23222,23222002,19313,0
23222,23222002,19314,0
23222,23222002,19315,0
23222,23222002,19316,0
23222,23222002,19317,0
23222,23222002,19318,0
23222,23222002,19319,0
23222,23222002,19320,0
23222,23222002,19321,0
23222,23222002,19322,0
23222,23222002,19323,0
23222,23222002,19324,0
23222,23222002,19325,0
23222,23222002,19326,0
23222,23222002,19327,0
23222,23222002,19328,0
23222,23222002,19329,0
23222,23222002,19330,0
23222,23222002,19331,0
23222,23222002,19332,0
23222,23222002,19333,0
23222,23222002,19334,0
23222,23222002,19335,0
23222,23222002,19336,0
23222,23222002,19337,0
23222,23222002,19338,0
23222,23222002,19339,0
23222,23222002,19340,0
23222,23222002,19341,0
23222,23222002,19342,0
23222,23222002,19343,0
23222,23222002,19344,0
23222,23222002,19345,0
23222,23222002,19346,0
23222,23222002,19347,0
23222,23222002,19348,0
23222,23222002,19349,0
23222,23222002,19350,0
23222,23222002,19351,0
23222,23222002,19352,0
23222,23222002,19353,0
23222,23222002,19354,0
23222,23222002,19355,0
23222,23222002,19356,0
23222,23222002,19357,0
23222,23222002,19358,0
23222,23222002,19359,0
23222,23222002,19360,0
23222,23222002,19361,0
23222,23222002,19362,0
23222,23222002,19363,0
23222,23222002,19364,0
23222,23222002,19365,0
23222,23222002,19366,0
23222,23222002,19367,0
23222,23222002,19368,0
23222,23222002,19369,0
23222,23222002,19370,0
23222,23222002,19371,0
23222,23222002,19372,0
23222,23222002,19373,0
23222,23222002,19374,0
23222,23222002,19375,0
23222,23222002,19376,0
23222,23222002,19377,0
23222,23222002,19378,0
23222,23222002,19379,0
23222,23222002,19380,0
23222,23222002,19381,0
23222,23222002,19382,0
23222,23222002,19383,0
23222,23222002,19384,0
23222,23222002,19385,0
23222,23222002,19386,0
23222,23222002,19387,0
23222,23222002,19388,0
23222,23222002,19389,0
23222,23222002,19390,0
23222,23222002,19391,0
23222,23222002,19392,0
23222,23222002,19393,0
23222,23222002,19394,0
23222,23222002,19395,0
23222,23222002,19396,0
23222,23222002,19397,0
23222,23222002,19398,0
23222,23222002,19399,0
23222,23222002,19400,0
23222,23222002,19401,0
23222,23222002,19402,0
23222,23222002,19403,0
23222,23222002,19404,0
23222,23222002,19405,0
23222,23222002,19406,0
23222,23222002,19407,0
23222,23222002,19408,0
23222,23222002,19409,0
23222,23222002,19410,0
23222,23222002,19411,0
23222,23222002,19412,0
23222,23222002,19413,0
23222,23222002,19414,0
23222,23222002,19415,0
23222,23222002,19416,0
23222,23222002,19417,0
23222,23222002,19418,0
23222,23222002,19419,0
23222,23222002,19420,0
23222,23222002,19421,0
23222,23222002,19422,0
23222,23222002,19423,0
23222,23222002,19424,0
23222,23222002,19425,0
23222,23222002,19426,0
23222,23222002,19427,0
23222,23222002,19428,0
23222,23222002,19429,0
23222,23222002,19430,0
23222,23222002,19431,0
23222,23222002,19432,0
23222,23222002,19433,0
23222,23222002,19434,0
23222,23222002,19435,0
23222,23222002,19436,0
23222,23222002,19437,0
23222,23222002,19438,0
23222,23222002,19439,0
23222,23222002,19440,0
23222,23222002,19441,0
23222,23222002,19442,0
23222,23222002,19443,0
23222,23222002,19444,0
23222,23222002,19445,0
23222,23222002,19446,0
23222,23222002,19447,0
23222,23222002,19448,0
23222,23222002,19449,0
23222,23222002,19450,0
23222,23222002,19451,0
23222,23222002,19452,0
23222,23222002,19453,0
23222,23222002,19454,0
23222,23222002,19455,0
23222,23222002,19456,0
23222,23222002,19457,0
23222,23222002,19458,0
23222,23222002,19459,0
23222,23222002,19460,0
23222,23222002,19461,0
23222,23222002,19462,0
23222,23222002,19463,0
23222,23222002,19464,0
23222,23222002,19465,0
23222,23222002,19466,0
23222,23222002,19467,0
23222,23222002,19468,0
23222,23222002,19469,0
23222,23222002,19470,0
23222,23222002,19471,0
23222,23222002,19472,0
23222,23222002,19473,0
23222,23222002,19474,0
23222,23222002,19475,0
23222,23222002,19476,0
23222,23222002,19477,0
23222,23222002,19478,0
23222,23222002,19479,0
23222,23222002,19480,0
23222,23222002,19481,0
23222,23222002,19482,0
23222,23222002,19483,0
23222,23222002,19484,0
23222,23222002,19485,0
23222,23222002,19486,0
23222,23222002,19487,0
23222,23222002,19488,0
23222,23222002,19489,0
23222,23222002,19490,0
23222,23222002,19491,0
23222,23222002,19492,0
23222,23222002,19493,0
23222,23222002,19494,0
23222,23222002,19495,0
23222,23222002,19496,0
23222,23222002,19497,0
23222,23222002,19498,0
23222,23222002,19499,0
23222,23222002,19500,0
23222,23222002,19501,0
23222,23222002,19502,0
23222,23222002,19503,0
23222,23222002,19504,0
23222,23222002,19505,0
23222,23222002,19506,0
23222,23222002,19507,0
23222,23222002,19508,0
23222,23222002,19509,0
23222,23222002,19510,0
23222,23222002,19511,0
23222,23222002,19512,0
23222,23222002,19513,0
23222,23222002,19514,0
23222,23222002,19515,0
23222,23222002,19516,0
23222,23222002,19517,0
23222,23222002,19518,0
23222,23222002,19519,0
23222,23222002,19520,0
23222,23222002,19521,0
23222,23222002,19522,0
23222,23222002,19523,0
23222,23222002,19524,0
23222,23222002,19525,0
23222,23222002,19526,0
23222,23222002,19527,0
23222,23222002,19528,0
23222,23222002,19529,0
23222,23222002,19530,0
23222,23222002,19531,0
23222,23222002,19532,0
23222,23222002,19533,0
23222,23222002,19534,0
23222,23222002,19535,0
23222,23222002,19536,0
23222,23222002,19537,0
23222,23222002,19538,0
23222,23222002,19539,0
23222,23222002,19540,0
23222,23222002,19541,0
23222,23222002,19542,0
23222,23222002,19543,0
23222,23222002,19544,0
23222,23222002,19545,0
23222,23222002,19546,0
23222,23222002,19547,0
23222,23222002,19548,0
23222,23222002,19549,0
23222,23222002,19550,0
23222,23222002,19551,0
23222,23222002,19552,0
23222,23222002,19553,0
23222,23222002,19554,0
23222,23222002,19555,0
23222,23222002,19556,0
23222,23222002,19557,0
23222,23222002,19558,0
23222,23222002,19559,0
23222,23222002,19560,0
23222,23222002,19561,0
23222,23222002,19562,0
23222,23222002,19563,0
23222,23222002,19564,0
23222,23222002,19565,0
23222,23222002,19566,0
23222,23222002,19567,0
23222,23222002,19568,0
23222,23222002,19569,0
23222,23222002,19570,0
23222,23222002,19571,0
23222,23222002,19572,0
23222,23222002,19573,0
23222,23222002,19574,0
23222,23222002,19575,0
23222,23222002,19576,0
23222,23222002,19577,0
23222,23222002,19578,0
23222,23222002,19579,0
23222,23222002,19580,0
23222,23222002,19581,0
23222,23222002,19582,0
23222,23222002,19583,0
23222,23222002,19584,0
23222,23222002,19585,0
23222,23222002,19586,0
23222,23222002,19587,0
23222,23222002,19588,0
23222,23222002,19589,0
23222,23222002,19590,0
23222,23222002,19591,0
23222,23222002,19592,0
23222,23222002,19593,0
23222,23222002,19594,0
23222,23222002,19595,0
23222,23222002,19596,0
23222,23222002,19597,0
23222,23222002,19598,0
23222,23222002,19599,0
23222,23222002,19600,0
23222,23222002,19601,0
23222,23222002,19602,0
23222,23222002,19603,0
23222,23222002,19604,0
23222,23222002,19605,0
23222,23222002,19606,0
23222,23222002,19607,0
23222,23222002,19608,0
23222,23222002,19609,0
23222,23222002,19610,0
23222,23222002,19611,0
23222,23222002,19612,0
23222,23222002,19613,0
23222,23222002,19614,0
23222,23222002,19615,0
23222,23222002,19616,0
23222,23222002,19617,0
23222,23222002,19618,0
23222,23222002,19619,0
23222,23222002,19620,0
23222,23222002,19621,0
23222,23222002,19622,0
23222,23222002,19623,0
23222,23222002,19624,0
23222,23222002,19625,0
23222,23222002,19626,0
23222,23222002,19627,0
23222,23222002,19628,0
23222,23222002,19629,0
23222,23222002,19630,0
23222,23222002,19631,0
23222,23222002,19632,0
23222,23222002,19633,0
23222,23222002,19634,0
23222,23222002,19635,0
23222,23222002,19636,0
23222,23222002,19637,0
23222,23222002,19638,0
23222,23222002,19639,0
23222,23222002,19640,0
23222,23222002,19641,0
23222,23222002,19642,0
23222,23222002,19643,0
23222,23222002,19644,0
23222,23222002,19645,0
23222,23222002,19646,0
23222,23222002,19647,0
23222,23222002,19648,0
23222,23222002,19649,0
23222,23222002,19650,0
23222,23222002,19651,0
23222,23222002,19652,0
23222,23222002,19653,0
23222,23222002,19654,0
23222,23222002,19655,0
23222,23222002,19656,0
23222,23222002,19657,0
23222,23222002,19658,0
23222,23222002,19659,0
23222,23222002,19660,0
23222,23222002,19661,0
23222,23222002,19662,0
23222,23222002,19663,0
23222,23222002,19664,0
23222,23222002,19665,0
23222,23222002,19666,0
23222,23222002,19667,0
23222,23222002,19668,0
23222,23222002,19669,0
23222,23222002,19670,0
23222,23222002,19671,0
23222,23222002,19672,0
23222,23222002,19673,0
23222,23222002,19674,0
23222,23222002,19675,0
23222,23222002,19676,0
23222,23222002,19677,0
23222,23222002,19678,0
23222,23222002,19679,0
23222,23222002,19680,0
23222,23222002,19681,0
23222,23222002,19682,0
23222,23222002,19683,0
23222,23222002,19684,0
23222,23222002,19685,0
23222,23222002,19686,0
23222,23222002,19687,0
23222,23222002,19688,0
23222,23222002,19689,0
23222,23222002,19690,0
23222,23222002,19691,0
23222,23222002,19692,0
23222,23222002,19693,0
23222,23222002,19694,0
23222,23222002,19695,0
23222,23222002,19696,0
23222,23222002,19697,0
23222,23222002,19698,0
23222,23222002,19699,0
23222,23222002,19700,0
23222,23222002,19701,0
23222,23222002,19702,0
23222,23222002,19703,0
23222,23222002,19704,0
23222,23222002,19705,0
23222,23222002,19706,0
23222,23222002,19707,0
23222,23222002,19708,0
23222,23222002,19709,0
23222,23222002,19710,0
23222,23222002,19711,0
23222,23222002,19712,0
23222,23222002,19713,0
23222,23222002,19714,0
23222,23222002,19715,0
23222,23222002,19716,0
23222,23222002,19717,0
23222,23222002,19718,0
23222,23222002,19719,0
23222,23222002,19720,0
23222,23222002,19721,0
23222,23222002,19722,0
23222,23222002,19723,0
23222,23222002,19724,0
23222,23222002,19725,0
23222,23222002,19726,0
23222,23222002,19727,0
23222,23222002,19728,0
23222,23222002,19729,0
23222,23222002,19730,0
23222,23222002,19731,0
23222,23222002,19732,0
23222,23222002,19733,0
23222,23222002,19734,0
23222,23222002,19735,0
23222,23222002,19736,0
23222,23222002,19737,0
23222,23222002,19738,0
23222,23222002,19739,0
23222,23222002,19740,0
23222,23222002,19741,0
23222,23222002,19742,0
23222,23222002,19743,0
23222,23222002,19744,0
23222,23222002,19745,0
23222,23222002,19746,0
23222,23222002,19747,0
23222,23222002,19748,0
23222,23222002,19749,0
23222,23222002,19750,0
23222,23222002,19751,0
23222,23222002,19752,0
23222,23222002,19753,0
23222,23222002,19754,0
23222,23222002,19755,0
23222,23222002,19756,0
23222,23222002,19757,0
23222,23222002,19758,0
23222,23222002,19759,0
23222,23222002,19760,0
23222,23222002,19761,0
23222,23222002,19762,0
23222,23222002,19763,0
23222,23222002,19764,0
23222,23222002,19765,0
23222,23222002,19766,0
23222,23222002,19767,0
23222,23222002,19768,0
23222,23222002,19769,0
23222,23222002,19770,0
23222,23222002,19771,0
23222,23222002,19772,0
23222,23222002,19773,0
23222,23222002,19774,0
23222,23222002,19775,0
23222,23222002,19776,0
23222,23222002,19777,0
23222,23222002,19778,0
23222,23222002,19779,0
23222,23222002,19780,0
23222,23222002,19781,0
23222,23222002,19782,0
23222,23222002,19783,0
23222,23222002,19784,0
23222,23222002,19785,0
23222,23222002,19786,0
23222,23222002,19787,0
23222,23222002,19788,0
23222,23222002,19789,0
23222,23222002,19790,0
23222,23222002,19791,0
23222,23222002,19792,0
23222,23222002,19793,0
23222,23222002,19794,0
23222,23222002,19795,0
23222,23222002,19796,0
23222,23222002,19797,0
23222,23222002,19798,0
23222,23222002,19799,0
23222,23222002,19800,0
23222,23222002,19801,0
23222,23222002,19802,0
23222,23222002,19803,0
23222,23222002,19804,0
23222,23222002,19805,0
23222,23222002,19806,0
23222,23222002,19807,0
23222,23222002,19808,0
23222,23222002,19809,0
23222,23222002,19810,0
23222,23222002,19811,0
23222,23222002,19812,0
23222,23222002,19813,0
23222,23222002,19814,0
23222,23222002,19815,0
23222,23222002,19816,0
23222,23222002,19817,0
23222,23222002,19818,0
23222,23222002,19819,0
23222,23222002,19820,0
23222,23222002,19821,0
23222,23222002,19822,0
23222,23222002,19823,0
23222,23222002,19824,0
23222,23222002,19825,0
23222,23222002,19826,0
23222,23222002,19827,0
23222,23222002,19828,0
23222,23222002,19829,0
23222,23222002,19830,0
23222,23222002,19831,0
23222,23222002,19832,0
23222,23222002,19833,0
23222,23222002,19834,0
23222,23222002,19835,0
23222,23222002,19836,0
23222,23222002,19837,0
23222,23222002,19838,0
23222,23222002,19839,0
23222,23222002,19840,0
23222,23222002,19841,0
23222,23222002,19842,0
23222,23222002,19843,0
23222,23222002,19844,0
23222,23222002,19845,0
23222,23222002,19846,0
23222,23222002,19847,0
23222,23222002,19848,0
23222,23222002,19849,0
23222,23222002,19850,0
23222,23222002,19851,0
23222,23222002,19852,0
23222,23222002,19853,0
23222,23222002,19854,0
23222,23222002,19855,0
23222,23222002,19856,0
23222,23222002,19857,0
23222,23222002,19858,0
23222,23222002,19859,0
23222,23222002,19860,0
23222,23222002,19861,0
23222,23222002,19862,0
23222,23222002,19863,0
23222,23222002,19864,0
23222,23222002,19865,0
23222,23222002,19866,0
23222,23222002,19867,0
23222,23222002,19868,0
23222,23222002,19869,0
23222,23222002,19870,0
23222,23222002,19871,0
23222,23222002,19872,0
23222,23222002,19873,0
23222,23222002,19874,0
23222,23222002,19875,0
23222,23222002,19876,0
23222,23222002,19877,0
23222,23222002,19878,0
23222,23222002,19879,0
23222,23222002,19880,0
23222,23222002,19881,0
23222,23222002,19882,0
23222,23222002,19883,0
23222,23222002,19884,0
23222,23222002,19885,0
23222,23222002,19886,0
23222,23222002,19887,0
23222,23222002,19888,0
23222,23222002,19889,0
23222,23222002,19890,0
23222,23222002,19891,0
23222,23222002,19892,0
23222,23222002,19893,0
23222,23222002,19894,0
23222,23222002,19895,0
23222,23222002,19896,0
23222,23222002,19897,0
23222,23222002,19898,0
23222,23222002,19899,0
23222,23222002,19900,0
23222,23222002,19901,0
23222,23222002,19902,0
23222,23222002,19903,0
23222,23222002,19904,0
23222,23222002,19905,0
23222,23222002,19906,0
23222,23222002,19907,0
23222,23222002,19908,0
23222,23222002,19909,0
23222,23222002,19910,0
23222,23222002,19911,0
23222,23222002,19912,0
23222,23222002,19913,0
23222,23222002,19914,0
23222,23222002,19915,0
23222,23222002,19916,0
23222,23222002,19917,0
23222,23222002,19918,0
23222,23222002,19919,0
23222,23222002,19920,0
23222,23222002,19921,0
23222,23222002,19922,0
23222,23222002,19923,0
23222,23222002,19924,0
23222,23222002,19925,0
23222,23222002,19926,0
23222,23222002,19927,0
23222,23222002,19928,0
23222,23222002,19929,0
23222,23222002,19930,0
23222,23222002,19931,0
23222,23222002,19932,0
23222,23222002,19933,0
23222,23222002,19934,0
23222,23222002,19935,0
23222,23222002,19936,0
23222,23222002,19937,0
23222,23222002,19938,0
23222,23222002,19939,0
23222,23222002,19940,0
23222,23222002,19941,0
23222,23222002,19942,0
23222,23222002,19943,0
23222,23222002,19944,0
23222,23222002,19945,0
23222,23222002,19946,0
23222,23222002,19947,0
23222,23222002,19948,0
23222,23222002,19949,0
23222,23222002,19950,0
23222,23222002,19951,0
23222,23222002,19952,0
23222,23222002,19953,0
23222,23222002,19954,0
23222,23222002,19955,0
23222,23222002,19956,0
23222,23222002,19957,0
23222,23222002,19958,0
23222,23222002,19959,0
23222,23222002,19960,0
23222,23222002,19961,0
23222,23222002,19962,0
23222,23222002,19963,0
23222,23222002,19964,0
23222,23222002,19965,0
23222,23222002,19966,0
23222,23222002,19967,0
23222,23222002,19968,0
23222,23222002,19969,0
23222,23222002,19970,0
23222,23222002,19971,0
23222,23222002,19972,0
23222,23222002,19973,0
23222,23222002,19974,0
23222,23222002,19975,0
23222,23222002,19976,0
23222,23222002,19977,0
23222,23222002,19978,0
23222,23222002,19979,0
23222,23222002,19980,0
23222,23222002,19981,0
23222,23222002,19982,0
23222,23222002,19983,0
23222,23222002,19984,0
23222,23222002,19985,0
23222,23222002,19986,0
23222,23222002,19987,0
23222,23222002,19988,0
23222,23222002,19989,0
23222,23222002,19990,0
23222,23222002,19991,0
23222,23222002,19992,0
23222,23222002,19993,0
23222,23222002,19994,0
23222,23222002,19995,0
23222,23222002,19996,0
23222,23222002,19997,0
23222,23222002,19998,0
23222,23222002,19999,0
23222,23222002,20000,0
23222,23222002,20001,0
23222,23222002,20002,0
23222,23222002,20003,0
23222,23222002,20004,0
23222,23222002,20005,0
23222,23222002,20006,0
23222,23222002,20007,0
23222,23222002,20008,0
23222,23222002,20009,0
23222,23222002,20010,0
23222,23222002,20011,0
23222,23222002,20012,0
23222,23222002,20013,0
23222,23222002,20014,0
23222,23222002,20015,0
23222,23222002,20016,0
23222,23222002,20017,0
23222,23222002,20018,0
23222,23222002,20019,0
23222,23222002,20020,0
23222,23222002,20021,0
23222,23222002,20022,0
23222,23222002,20023,0
23222,23222002,20024,0
23222,23222002,20025,0
23222,23222002,20026,0
23222,23222002,20027,0
23222,23222002,20028,0
23222,23222002,20029,0
23222,23222002,20030,0
23222,23222002,20031,0
23222,23222002,20032,0
23222,23222002,20033,0
23222,23222002,20034,0
23222,23222002,20035,0
23222,23222002,20036,0
23222,23222002,20037,0
23222,23222002,20038,0
23222,23222002,20039,0
23222,23222002,20040,0
23222,23222002,20041,0
23222,23222002,20042,0
23222,23222002,20043,0
23222,23222002,20044,0
23222,23222002,20045,0
23222,23222002,20046,0
23222,23222002,20047,0
23222,23222002,20048,0
23222,23222002,20049,0
23222,23222002,20050,0
23222,23222002,20051,0
23222,23222002,20052,0
23222,23222002,20053,0
23222,23222002,20054,0
23222,23222002,20055,0
23222,23222002,20056,0
23222,23222002,20057,0
23222,23222002,20058,0
23222,23222002,20059,0
23222,23222002,20060,0
23222,23222002,20061,0
23222,23222002,20062,0
23222,23222002,20063,0
23222,23222002,20064,0
23222,23222002,20065,0
23222,23222002,20066,0
23222,23222002,20067,0
23222,23222002,20068,0
23222,23222002,20069,0
23222,23222002,20070,0
23222,23222002,20071,0
23222,23222002,20072,0
23222,23222002,20073,0
23222,23222002,20074,0
23222,23222002,20075,0
23222,23222002,20076,0
23222,23222002,20077,0
23222,23222002,20078,0
23222,23222002,20079,0
23222,23222002,20080,0
23222,23222002,20081,0
23222,23222002,20082,0
23222,23222002,20083,0
23222,23222002,20084,0
23222,23222002,20085,0
23222,23222002,20086,0
23222,23222002,20087,0
23222,23222002,20088,0
23222,23222002,20089,0
23222,23222002,20090,0
23222,23222002,20091,0
23222,23222002,20092,0
23222,23222002,20093,0
23222,23222002,20094,0
23222,23222002,20095,0
23222,23222002,20096,0
23222,23222002,20097,0
23222,23222002,20098,0
23222,23222002,20099,0
23222,23222002,20100,0
23222,23222002,20101,0
23222,23222002,20102,0
23222,23222002,20103,0
23222,23222002,20104,0
23222,23222002,20105,0
23222,23222002,20106,0
23222,23222002,20107,0
23222,23222002,20108,0
23222,23222002,20109,0
23222,23222002,20110,0
23222,23222002,20111,0
23222,23222002,20112,0
23222,23222002,20113,0
23222,23222002,20114,0
23222,23222002,20115,0
23222,23222002,20116,0
23222,23222002,20117,0
23222,23222002,20118,0
23222,23222002,20119,0
23222,23222002,20120,0
23222,23222002,20121,0
23222,23222002,20122,0
23222,23222002,20123,0
23222,23222002,20124,0
23222,23222002,20125,0
23222,23222002,20126,0
23222,23222002,20127,0
23222,23222002,20128,0
23222,23222002,20129,0
23222,23222002,20130,0
23222,23222002,20131,0
23222,23222002,20132,0
23222,23222002,20133,0
23222,23222002,20134,0
23222,23222002,20135,0
23222,23222002,20136,0
23222,23222002,20137,0
23222,23222002,20138,0
23222,23222002,20139,0
23222,23222002,20140,0
23222,23222002,20141,0
23222,23222002,20142,0
23222,23222002,20143,0
23222,23222002,20144,0
23222,23222002,20145,0
23222,23222002,20146,0
23222,23222002,20147,0
23222,23222002,20148,0
23222,23222002,20149,0
23222,23222002,20150,0
23222,23222002,20151,0
23222,23222002,20152,0
23222,23222002,20153,0
23222,23222002,20154,0
23222,23222002,20155,0
23222,23222002,20156,0
23222,23222002,20157,0
23222,23222002,20158,0
23222,23222002,20159,0
23222,23222002,20160,0
23222,23222002,20161,0
23222,23222002,20162,0
23222,23222002,20163,0
23222,23222002,20164,0
23222,23222002,20165,0
23222,23222002,20166,0
23222,23222002,20167,0
23222,23222002,20168,0
23222,23222002,20169,0
23222,23222002,20170,0
23222,23222002,20171,0
23222,23222002,20172,0
23222,23222002,20173,0
23222,23222002,20174,0
23222,23222002,20175,0
23222,23222002,20176,0
23222,23222002,20177,0
23222,23222002,20178,0
23222,23222002,20179,0
23222,23222002,20180,0
23222,23222002,20181,0
23222,23222002,20182,0
23222,23222002,20183,0
23222,23222002,20184,0
23222,23222002,20185,0
23222,23222002,20186,0
23222,23222002,20187,0
23222,23222002,20188,0
23222,23222002,20189,0
23222,23222002,20190,0
23222,23222002,20191,0
23222,23222002,20192,0
23222,23222002,20193,0
23222,23222002,20194,0
23222,23222002,20195,0
23222,23222002,20196,0
23222,23222002,20197,0
23222,23222002,20198,0
23222,23222002,20199,0
23222,23222002,20200,0
23222,23222002,20201,0
23222,23222002,20202,0
23222,23222002,20203,0
23222,23222002,20204,0
23222,23222002,20205,0
23222,23222002,20206,0
23222,23222002,20207,0
23222,23222002,20208,0
23222,23222002,20209,0
23222,23222002,20210,0
23222,23222002,20211,0
23222,23222002,20212,0
23222,23222002,20213,0
23222,23222002,20214,0
23222,23222002,20215,0
23222,23222002,20216,0
23222,23222002,20217,0
23222,23222002,20218,0
23222,23222002,20219,0
23222,23222002,20220,0
23222,23222002,20221,0
23222,23222002,20222,0
23222,23222002,20223,0
23222,23222002,20224,0
23222,23222002,20225,0
23222,23222002,20226,0
23222,23222002,20227,0
23222,23222002,20228,0
23222,23222002,20229,0
23222,23222002,20230,0
23222,23222002,20231,0
23222,23222002,20232,0
23222,23222002,20233,0
23222,23222002,20234,0
23222,23222002,20235,0
23222,23222002,20236,0
23222,23222002,20237,0
23222,23222002,20238,0
23222,23222002,20239,0
23222,23222002,20240,0
23222,23222002,20241,0
23222,23222002,20242,0
23222,23222002,20243,0
23222,23222002,20244,0
23222,23222002,20245,0
23222,23222002,20246,0
23222,23222002,20247,0
23222,23222002,20248,0
23222,23222002,20249,0
23222,23222002,20250,0
23222,23222002,20251,0
23222,23222002,20252,0
23222,23222002,20253,0
23222,23222002,20254,0
23222,23222002,20255,0
23222,23222002,20256,0
23222,23222002,20257,0
23222,23222002,20258,0
23222,23222002,20259,0
23222,23222002,20260,0
23222,23222002,20261,0
23222,23222002,20262,0
23222,23222002,20263,0
23222,23222002,20264,0
23222,23222002,20265,0
23222,23222002,20266,0
23222,23222002,20267,0
23222,23222002,20268,0
23222,23222002,20269,0
23222,23222002,20270,0
23222,23222002,20271,0
23222,23222002,20272,0
23222,23222002,20273,0
23222,23222002,20274,0
23222,23222002,20275,0
23222,23222002,20276,0
23222,23222002,20277,0
23222,23222002,20278,0
23222,23222002,20279,0
23222,23222002,20280,0
23222,23222002,20281,0
23222,23222002,20282,0
23222,23222002,20283,0
23222,23222002,20284,0
23222,23222002,20285,0
23222,23222002,20286,0
23222,23222002,20287,0
23222,23222002,20288,0
23222,23222002,20289,0
23222,23222002,20290,0
23222,23222002,20291,0
23222,23222002,20292,0
23222,23222002,20293,0
23222,23222002,20294,0
23222,23222002,20295,0
23222,23222002,20296,0
23222,23222002,20297,0
23222,23222002,20298,0
23222,23222002,20299,0
23222,23222002,20300,0
23222,23222002,20301,0
23222,23222002,20302,0
23222,23222002,20303,0
23222,23222002,20304,0
23222,23222002,20305,0
23222,23222002,20306,0
23222,23222002,20307,0
23222,23222002,20308,0
23222,23222002,20309,0
23222,23222002,20310,0
23222,23222002,20311,0
23222,23222002,20312,0
23222,23222002,20313,0
23222,23222002,20314,0
23222,23222002,20315,0
23222,23222002,20316,0
23222,23222002,20317,0
23222,23222002,20318,0
23222,23222002,20319,0
23222,23222002,20320,0
23222,23222002,20321,0
23222,23222002,20322,0
23222,23222002,20323,0
23222,23222002,20324,0
23222,23222002,20325,0
23222,23222002,20326,0
23222,23222002,20327,0
23222,23222002,20328,0
23222,23222002,20329,0
23222,23222002,20330,0
23222,23222002,20331,0
23222,23222002,20332,0
23222,23222002,20333,0
23222,23222002,20334,0
23222,23222002,20335,0
23222,23222002,20336,0
23222,23222002,20337,0
23222,23222002,20338,0
23222,23222002,20339,0
23222,23222002,20340,0
23222,23222002,20341,0
23222,23222002,20342,0
23222,23222002,20343,0
23222,23222002,20344,0
23222,23222002,20345,0
23222,23222002,20346,0
23222,23222002,20347,0
23222,23222002,20348,0
23222,23222002,20349,0
23222,23222002,20350,0
23222,23222002,20351,0
23222,23222002,20352,0
23222,23222002,20353,0
23222,23222002,20354,0
23222,23222002,20355,0
23222,23222002,20356,0
23222,23222002,20357,0
23222,23222002,20358,0
23222,23222002,20359,0
23222,23222002,20360,0
23222,23222002,20361,0
23222,23222002,20362,0
23222,23222002,20363,0
23222,23222002,20364,0
23222,23222002,20365,0
23222,23222002,20366,0
23222,23222002,20367,0
23222,23222002,20368,0
23222,23222002,20369,0
23222,23222002,20370,0
23222,23222002,20371,0
23222,23222002,20372,0
23222,23222002,20373,0
23222,23222002,20374,0
23222,23222002,20375,0
23222,23222002,20376,0
23222,23222002,20377,0
23222,23222002,20378,0
23222,23222002,20379,0
23222,23222002,20380,0
23222,23222002,20381,0
23222,23222002,20382,0
23222,23222002,20383,0
23222,23222002,20384,0
23222,23222002,20385,0
23222,23222002,20386,0
23222,23222002,20387,0
23222,23222002,20388,0
23222,23222002,20389,0
23222,23222002,20390,0
23222,23222002,20391,0
23222,23222002,20392,0
23222,23222002,20393,0
23222,23222002,20394,0
23222,23222002,20395,0
23222,23222002,20396,0
23222,23222002,20397,0
23222,23222002,20398,0
23222,23222002,20399,0
23222,23222002,20400,0
23222,23222002,20401,0
23222,23222002,20402,0
23222,23222002,20403,0
23222,23222002,20404,0
23222,23222002,20405,0
23222,23222002,20406,0
23222,23222002,20407,0
23222,23222002,20408,0
23222,23222002,20409,0
23222,23222002,20410,0
23222,23222002,20411,0
23222,23222002,20412,0
23222,23222002,20413,0
23222,23222002,20414,0
23222,23222002,20415,0
23222,23222002,20416,0
23222,23222002,20417,0
23222,23222002,20418,0
23222,23222002,20419,0
23222,23222002,20420,0
23222,23222002,20421,0
23222,23222002,20422,0
23222,23222002,20423,0
23222,23222002,20424,0
23222,23222002,20425,0
23222,23222002,20426,0
23222,23222002,20427,0
23222,23222002,20428,0
23222,23222002,20429,0
23222,23222002,20430,0
23222,23222002,20431,0
23222,23222002,20432,0
23222,23222002,20433,0
23222,23222002,20434,0
23222,23222002,20435,0
23222,23222002,20436,0
23222,23222002,20437,0
23222,23222002,20438,0
23222,23222002,20439,0
23222,23222002,20440,0
23222,23222002,20441,0
23222,23222002,20442,0
23222,23222002,20443,0
23222,23222002,20444,0
23222,23222002,20445,0
23222,23222002,20446,0
23222,23222002,20447,0
23222,23222002,20448,0
23222,23222002,20449,0
23222,23222002,30909,0
23222,23222002,30910,0
23222,23222002,30911,0
23222,23222002,30912,0
23222,23222002,30913,0
23222,23222002,30914,0
23222,23222002,30915,0
23222,23222002,30916,0
23222,23222002,30917,0
23222,23222002,30918,0
23222,23222002,30919,0
23222,23222002,30920,0
23222,23222002,30921,0
23222,23222002,30922,0
23222,23222002,30923,0
23222,23222002,30924,0
23222,23222002,30925,0
23222,23222002,30926,0
23222,23222002,30927,0
23222,23222002,30928,0
23222,23222002,30929,0
23222,23222002,30930,0
23222,23222002,30931,0
23222,23222002,30932,0
23222,23222002,30933,0
23222,23222002,30934,0
23222,23222002,30935,0
23222,23222002,30936,0
23222,23222002,30937,0
23222,23222002,30938,0
23222,23222002,30939,0
23222,23222002,30940,0
23222,23222002,30941,0
23222,23222002,30942,0
23222,23222002,30943,0
23222,23222002,30944,0
23222,23222002,30945,0
23222,23222002,30946,0
23222,23222002,30947,0
23222,23222002,30948,0
23222,23222002,30949,0
23222,23222002,30950,0
23222,23222002,30951,0
23222,23222002,30952,0
23222,23222002,30953,0
23222,23222002,30954,0
23222,23222002,30955,0
23222,23222002,30956,0
23222,23222002,30957,0
23222,23222002,30958,0
23222,23222002,30959,0
23222,23222002,30960,0
23222,23222002,30961,0
23222,23222002,30962,0
23222,23222002,30963,0
23222,23222002,30964,0
23222,23222002,30965,0
23222,23222002,30966,0
23222,23222002,30967,0
23222,23222002,30968,0
23222,23222002,30969,0
23222,23222002,30970,0
23222,23222002,30971,0
23222,23222002,30972,0
23222,23222002,30973,0
23222,23222002,30974,0
23222,23222002,30975,0
23222,23222002,30976,0
23222,23222002,30977,0
23222,23222002,30978,0
23222,23222002,30979,0
23222,23222002,30980,0
23222,23222002,30981,0
23222,23222002,30982,0
23222,23222002,30983,0
23222,23222002,30984,0
23222,23222002,30985,0
23222,23222002,30986,0
23222,23222002,30987,0
23222,23222002,30988,0
23222,23222002,30989,0
23222,23222002,30990,0
23222,23222002,30991,0
23222,23222002,30992,0
23222,23222002,30993,0
23222,23222002,30994,0
23222,23222002,30995,0
23222,23222002,30996,0
23222,23222002,30997,0
23222,23222002,30998,0
23222,23222002,30999,0
23222,23222002,31000,0
23222,23222002,31001,0
23222,23222002,31002,0
23222,23222002,31003,0
23222,23222002,31004,0
23222,23222002,31005,0
23222,23222002,31006,0
23222,23222002,31007,0
23222,23222002,31008,0
23222,23222002,31009,0
23222,23222002,31010,0
23222,23222002,31011,0
23222,23222002,31012,0
23222,23222002,31013,0
23222,23222002,31014,0
23222,23222002,31015,0
23222,23222002,31016,0
23222,23222002,31017,0
23222,23222002,31018,0
23222,23222002,31019,0
23222,23222002,31020,0
23222,23222002,31021,0
23222,23222002,31022,0
23222,23222002,31023,0
23222,23222002,31024,0
23222,23222002,31025,0
23222,23222002,31026,0
23222,23222002,31027,0
23222,23222002,31028,0
23222,23222002,31029,0
23222,23222002,31030,0
23222,23222002,31031,0
23222,23222002,31032,0
23222,23222002,31033,0
23222,23222002,31034,0
23222,23222002,31035,0
23222,23222002,31036,0
23222,23222002,31037,0
23222,23222002,31038,0
23222,23222002,31039,0
23222,23222002,31040,0
23222,23222002,31041,0
23222,23222002,31042,0
23222,23222002,31043,0
23222,23222002,31044,0
23222,23222002,31045,0
23222,23222002,31046,0
23222,23222002,31047,0
23222,23222002,31048,0
23222,23222002,31049,0
23222,23222002,31050,0
23222,23222002,31051,0
23222,23222002,31052,0
23222,23222002,31053,0
23222,23222002,31054,0
23222,23222002,31055,0
23222,23222002,31056,0
23222,23222002,31057,0
23222,23222002,31058,0
23222,23222002,31059,0
23222,23222002,31060,0
23222,23222002,31061,0
23222,23222002,31062,0
23222,23222002,31063,0
23222,23222002,31064,0
23222,23222002,31065,0
23222,23222002,31066,0
23222,23222002,31067,0
23222,23222002,31068,0
23222,23222002,31069,0
23222,23222002,31070,0
23222,23222002,31071,0
23222,23222002,31072,0
23222,23222002,31073,0
23222,23222002,31074,0
23222,23222002,31075,0
23222,23222002,31076,0
23222,23222002,31077,0
23222,23222002,31078,0
23222,23222002,31079,0
23222,23222002,31080,0
23222,23222002,31081,0
23222,23222002,31082,0
23222,23222002,31083,0
23222,23222002,31084,0
23222,23222002,31085,0
23222,23222002,31086,0
23222,23222002,31087,0
23222,23222002,31088,0
23222,23222002,31089,0
23222,23222002,31090,0
23222,23222002,31091,0
23222,23222002,31092,0
23222,23222002,31093,0
23222,23222002,31094,0
23222,23222002,31095,0
23222,23222002,31096,0
23222,23222002,31097,0
23222,23222002,31098,0
23222,23222002,31099,0
23222,23222002,31100,0
23222,23222002,31101,0
23222,23222002,31102,0
23222,23222002,31103,0
23222,23222002,31104,0
23222,23222002,31105,0
23222,23222002,31106,0
23222,23222002,31107,0
23222,23222002,31108,0
23222,23222002,31109,0
23222,23222002,31110,0
23222,23222002,31111,0
23222,23222002,31112,0
23222,23222002,31113,0
23222,23222002,31114,0
23222,23222002,31115,0
23222,23222002,31116,0
23222,23222002,31117,0
23222,23222002,31118,0
23222,23222002,31119,0
23222,23222002,31120,0
23222,23222002,31121,0
23222,23222002,31122,0
23222,23222002,31123,0
23222,23222002,31124,0
23222,23222002,31125,0
23222,23222002,31126,0
23222,23222002,31127,0
23222,23222002,31128,0
23222,23222002,31129,0
23222,23222002,31130,0
23222,23222002,31131,0
23222,23222002,31132,0
23222,23222002,31133,0
23222,23222002,31134,0
23222,23222002,31135,0
23222,23222002,31136,0
23222,23222002,31137,0
23222,23222002,31138,0
23222,23222002,31139,0
23222,23222002,31140,0
23222,23222002,31141,0
23222,23222002,31142,0
23222,23222002,31143,0
23222,23222002,31144,0
23222,23222002,31145,0
23222,23222002,31146,0
23222,23222002,31147,0
23222,23222002,31148,0
23222,23222002,31149,0
23222,23222002,31150,0
23222,23222002,31151,0
23222,23222002,31152,0
23222,23222002,31153,0
23222,23222002,31154,0
23222,23222002,31155,0
23222,23222002,31156,0
23222,23222002,31157,0
23222,23222002,31158,0
23222,23222002,31159,0
23222,23222002,31160,0
23222,23222002,31161,0
23222,23222002,31162,0
23222,23222002,31163,0
23222,23222002,31164,0
23222,23222002,31165,0
23222,23222002,31166,0
23222,23222002,31167,0
23222,23222002,31168,0
23222,23222002,31169,0
23222,23222002,31170,0
23222,23222002,31171,0
23222,23222002,31172,0
23222,23222002,31173,0
23222,23222002,31174,0
23222,23222002,31175,0
23222,23222002,31176,0
23222,23222002,31177,0
23222,23222002,31178,0
23222,23222002,31179,0
23222,23222002,31180,0
23222,23222002,31181,0
23222,23222002,31182,0
23222,23222002,31183,0
23222,23222002,31184,0
23222,23222002,31185,0
23222,23222002,31186,0
23222,23222002,31187,0
23222,23222002,31188,0
23222,23222002,31189,0
23222,23222002,31190,0
23222,23222002,31191,0
23222,23222002,31192,0
23222,23222002,31193,0
23222,23222002,31194,0
23222,23222002,31195,0
23222,23222002,31196,0
23222,23222002,31197,0
23222,23222002,31198,0
23222,23222002,31199,0
23222,23222002,31200,0
23222,23222002,31201,0
23222,23222002,31202,0
23222,23222002,31203,0
23222,23222002,31204,0
23222,23222002,31205,0
23222,23222002,31206,0
23222,23222002,31207,0
23222,23222002,31208,0
23222,23222002,31209,0
23222,23222002,31210,0
23222,23222002,31211,0
23222,23222002,31212,0
23222,23222002,31213,0
23222,23222002,31214,0
23222,23222002,31215,0
23222,23222002,31216,0
23222,23222002,31217,0
23222,23222002,31218,0
23222,23222002,31219,0
23222,23222002,31220,0
23222,23222002,31221,0
23222,23222002,31222,0
23222,23222002,31223,0
23222,23222002,31224,0
23222,23222002,31225,0
23222,23222002,31226,0
23222,23222002,31227,0
23222,23222002,31228,0
23222,23222002,31229,0
23222,23222002,31230,0
23222,23222002,31231,0
23222,23222002,31232,0
23222,23222002,31233,0
23222,23222002,31234,0
23222,23222002,31235,0
23222,23222002,31236,0
23222,23222002,31237,0
23222,23222002,31238,0
23222,23222002,31239,0
23222,23222002,31240,0
23222,23222002,31241,0
23222,23222002,31242,0
23222,23222002,31243,0
23222,23222002,31244,0
23222,23222002,31245,0
23222,23222002,31246,0
23222,23222002,31247,0
23222,23222002,31248,0
23222,23222002,31249,0
23222,23222002,31250,0
23222,23222002,31251,0
23222,23222002,31252,0
23222,23222002,31253,0
23222,23222002,31254,0
23222,23222002,31255,0
23222,23222002,31256,0
23222,23222002,31257,0
23222,23222002,31258,0
23222,23222002,31259,0
23222,23222002,31260,0
23222,23222002,31261,0
23222,23222002,31262,0
23222,23222002,31263,0
23222,23222002,31264,0
23222,23222002,31265,0
23222,23222002,31266,0
23222,23222002,31267,0
23222,23222002,31268,0
23222,23222002,31269,0
23222,23222002,31270,0
23222,23222002,31271,0
23222,23222002,31272,0
23222,23222002,31273,0
23222,23222002,31274,0
23222,23222002,31275,0
23222,23222002,31276,0
23222,23222002,31277,0
23222,23222002,31278,0
23222,23222002,31279,0
23222,23222002,31280,0
23222,23222002,31281,0
23222,23222002,31282,0
23222,23222002,31283,0
23222,23222002,31284,0
23222,23222002,31285,0
23222,23222002,31286,0
23222,23222002,31287,0
23222,23222002,31288,0
23222,23222002,31289,0
23222,23222002,31290,0
23222,23222002,31291,0
23222,23222002,31292,0
23222,23222002,31293,0
23222,23222002,31294,0
23222,23222002,31295,0
23222,23222002,31296,0
23222,23222002,31297,0
23222,23222002,31298,0
23222,23222002,31299,0
23222,23222002,31300,0
23222,23222002,31301,0
23222,23222002,31302,0
23222,23222002,31303,0
23222,23222002,31304,0
23222,23222002,31305,0
23222,23222002,31306,0
23222,23222002,31307,0
23222,23222002,31308,0
23222,23222002,31309,0
23222,23222002,31310,0
23222,23222002,31311,0
23222,23222002,31312,0
23222,23222002,31313,0
23222,23222002,31314,0
23222,23222002,31315,0
23222,23222002,31316,0
23222,23222002,31317,0
23222,23222002,31318,0
23222,23222002,31319,0
23222,23222002,31320,0
23222,23222002,31321,0
23222,23222002,31322,0
23222,23222002,31323,0
23222,23222002,31324,0
23222,23222002,31325,0
23222,23222002,31326,0
23222,23222002,31327,0
23222,23222002,31328,0
23222,23222002,31329,0
23222,23222002,31330,0
23222,23222002,31331,0
23222,23222002,31332,0
23222,23222002,31333,0
23222,23222002,31334,0
23222,23222002,31335,0
23222,23222002,31336,0
23222,23222002,31337,0
23222,23222002,31338,0
23222,23222002,31339,0
23222,23222002,31340,0
23222,23222002,31341,0
23222,23222002,31342,0
23222,23222002,31343,0
23222,23222002,31344,0
23222,23222002,31345,0
23222,23222002,31346,0
23222,23222002,31347,0
23222,23222002,31348,0
23222,23222002,31349,0
23222,23222002,31350,0
23222,23222002,31351,0
23222,23222002,31352,0
23222,23222002,31353,0
23222,23222002,31354,0
23222,23222002,31355,0
23222,23222002,31356,0
23222,23222002,31357,0
23222,23222002,31358,0
23222,23222002,31359,0
23222,23222002,31360,0
23222,23222002,31361,0
23222,23222002,31362,0
23222,23222002,31363,0
23222,23222002,31364,0
23222,23222002,31365,0
23222,23222002,31366,0
23222,23222002,31367,0
23222,23222002,31368,0
23222,23222002,31369,0
23222,23222002,31370,0
23222,23222002,31371,0
23222,23222002,31372,0
23222,23222002,31373,0
23222,23222002,31374,0
23222,23222002,31375,0
23222,23222002,31376,0
23222,23222002,31377,0
23222,23222002,31378,0
23222,23222002,31379,0
23222,23222002,31380,0
23222,23222002,31381,0
23222,23222002,31382,0
23222,23222002,31383,0
23222,23222002,31384,0
23222,23222002,31385,0
23222,23222002,31386,0
23222,23222002,31387,0
23222,23222002,31388,0
23222,23222002,31389,0
23222,23222002,31390,0
23222,23222002,31391,0
23222,23222002,31392,0
23222,23222002,31393,0
23222,23222002,31394,0
23222,23222002,31395,0
23222,23222002,31396,0
23222,23222002,31397,0
23222,23222002,31398,0
23222,23222002,31399,0
23222,23222002,31400,0
23222,23222002,31401,0
23222,23222002,31402,0
23222,23222002,31403,0
23222,23222002,31404,0
23222,23222002,31405,0
23222,23222002,31406,0
23222,23222002,31407,0
23222,23222002,31408,0
23222,23222002,31409,0
23222,23222002,31410,0
23222,23222002,31411,0
23222,23222002,31412,0
23222,23222002,31413,0
23222,23222002,31414,0
23222,23222002,31415,0
23222,23222002,31416,0
23222,23222002,31417,0
23222,23222002,31418,0
23222,23222002,31419,0
23222,23222002,31420,0
23222,23222002,31421,0
23222,23222002,31422,0
23222,23222002,31423,0
23222,23222002,31424,0
23222,23222002,31425,0
23222,23222002,31426,0
23222,23222002,31427,0
23222,23222002,31428,0
23222,23222002,31429,0
23222,23222002,31430,0
23222,23222002,31431,0
23222,23222002,31432,0
23222,23222002,31433,0
23222,23222002,31434,0
23222,23222002,31435,0
23222,23222002,31436,0
23222,23222002,31437,0
23222,23222002,31438,0
23222,23222002,31439,0
23222,23222002,31440,0
23222,23222002,31441,0
23222,23222002,31442,0
23222,23222002,31443,0
23222,23222002,31444,0
23222,23222002,31445,0
23222,23222002,31446,0
23222,23222002,31447,0
23222,23222002,31448,0
23222,23222002,31449,0
23222,23222002,31450,0
23222,23222002,31451,0
23222,23222002,31452,0
23222,23222002,31453,0
23222,23222002,31454,0
23222,23222002,31455,0
23222,23222002,31456,0
23222,23222002,31457,0
23222,23222002,31458,0
23222,23222002,31459,0
23222,23222002,31460,0
23222,23222002,31461,0
23222,23222002,31462,0
23222,23222002,31463,0
23222,23222002,31464,0
23222,23222002,31465,0
23222,23222002,31466,0
23222,23222002,31467,0
23222,23222002,31468,0
23222,23222002,31469,0
23222,23222002,31470,0
23222,23222002,31471,0
23222,23222002,31472,0
23222,23222002,31473,0
23222,23222002,31474,0
23222,23222002,31475,0
23222,23222002,31476,0
23222,23222002,31477,0
23222,23222002,31478,0
23222,23222002,31479,0
23222,23222002,31480,0
23222,23222002,31481,0
23222,23222002,31482,0
23222,23222002,31483,0
23222,23222002,31484,0
23222,23222002,31485,0
23222,23222002,31486,0
23222,23222002,31487,0
23222,23222002,31488,0
23222,23222002,31489,0
23222,23222002,31490,0
23222,23222002,31491,0
23222,23222002,31492,0
23222,23222002,31493,0
23222,23222002,31494,0
23222,23222002,31495,0
23222,23222002,31496,0
23222,23222002,31497,0
23222,23222002,31498,0
23222,23222002,31499,0
23222,23222002,31500,0
23222,23222002,31501,0
23222,23222002,31502,0
23222,23222002,31503,0
23222,23222002,31504,0
23222,23222002,31505,0
23222,23222002,31506,0
23222,23222002,31507,0
23222,23222002,31508,0
23222,23222002,31509,0
23222,23222002,31510,0
23222,23222002,31511,0
23222,23222002,31512,0
23222,23222002,31513,0
23222,23222002,31514,0
23222,23222002,31515,0
23222,23222002,31516,0
23222,23222002,31517,0
23222,23222002,31518,0
23222,23222002,31519,0
23222,23222002,31520,0
23222,23222002,31521,0
23222,23222002,31522,0
23222,23222002,31523,0
23222,23222002,31524,0
23222,23222002,31525,0
23222,23222002,31526,0
23222,23222002,31527,0
23222,23222002,31528,0
23222,23222002,31529,0
23222,23222002,31530,0
23222,23222002,31531,0
23222,23222002,31532,0
23222,23222002,31533,0
23222,23222002,31534,0
23222,23222002,31535,0
23222,23222002,31536,0
23222,23222002,31537,0
23222,23222002,31538,0
23222,23222002,31539,0
23222,23222002,31540,0
23222,23222002,31541,0
23222,23222002,31542,0
23222,23222002,31543,0
23222,23222002,31544,0
23222,23222002,31545,0
23222,23222002,31546,0
23222,23222002,31547,0
23222,23222002,31548,0
23222,23222002,31549,0
23222,23222002,31550,0
23222,23222002,31551,0
23222,23222002,31552,0
23222,23222002,31553,0
23222,23222002,31554,0
23222,23222002,31555,0
23222,23222002,31556,0
23222,23222002,31557,0
23222,23222002,31558,0
23222,23222002,31559,0
23222,23222002,31560,0
23222,23222002,31561,0
23222,23222002,31562,0
23222,23222002,31563,0
23222,23222002,31564,0
23222,23222002,31565,0
23222,23222002,31566,0
23222,23222002,31567,0
23222,23222002,31568,0
23222,23222002,31569,0
23222,23222002,31570,0
23222,23222002,31571,0
23222,23222002,31572,0
23222,23222002,31573,0
23222,23222002,31574,0
23222,23222002,31575,0
23222,23222002,31576,0
23222,23222002,31577,0
23222,23222002,31578,0
23222,23222002,31579,0
23222,23222002,31580,0
23222,23222002,31581,0
23222,23222002,31582,0
23222,23222002,31583,0
23222,23222002,31584,0
23222,23222002,31585,0
23222,23222002,31586,0
23222,23222002,31587,0
23222,23222002,31588,0
23222,23222002,31589,0
23222,23222002,31590,0
23222,23222002,31591,0
23222,23222002,31592,0
23222,23222002,31593,0
23222,23222002,31594,0
23222,23222002,31595,0
23222,23222002,31596,0
23222,23222002,31597,0
23222,23222002,31598,0
23222,23222002,31599,0
23222,23222002,31600,0
23222,23222002,31601,0
23222,23222002,31602,0
23222,23222002,31603,0
23222,23222002,31604,0
23222,23222002,31605,0
23222,23222002,31606,0
23222,23222002,31607,0
23222,23222002,31608,0
23222,23222002,31609,0
23222,23222002,31610,0
23222,23222002,31611,0
23222,23222002,31612,0
23222,23222002,31613,0
23222,23222002,31614,0
23222,23222002,31615,0
23222,23222002,31616,0
23222,23222002,31617,0
23222,23222002,31618,0
23222,23222002,31619,0
23222,23222002,31620,0
23222,23222002,31621,0
23222,23222002,31622,0
23222,23222002,31623,0
23222,23222002,31624,0
23222,23222002,31625,0
23222,23222002,31626,0
23222,23222002,31627,0
23222,23222002,31628,0
23222,23222002,31629,0
23222,23222002,31630,0
23222,23222002,31631,0
23222,23222002,31632,0
23222,23222002,31633,0
23222,23222002,31634,0
23222,23222002,31635,0
23222,23222002,31636,0
23222,23222002,31637,0
23222,23222002,31638,0
23222,23222002,31639,0
23222,23222002,31640,0
23222,23222002,31641,0
23222,23222002,31642,0
23222,23222002,31643,0
23222,23222002,31644,0
23222,23222002,31645,0
23222,23222002,31646,0
23222,23222002,31647,0
23222,23222002,31648,0
23222,23222002,31649,0
23222,23222002,31650,0
23222,23222002,31651,0
23222,23222002,31652,0
23222,23222002,31653,0
23222,23222002,31654,0
23222,23222002,31655,0
23222,23222002,31656,0
23222,23222002,31657,0
23222,23222002,31658,0
23222,23222002,31659,0
23222,23222002,31660,0
23222,23222002,31661,0
23222,23222002,31662,0
23222,23222002,31663,0
23222,23222002,31664,0
23222,23222002,31665,0
23222,23222002,31666,0
23222,23222002,31667,0
23222,23222002,31668,0
23222,23222002,31669,0
23222,23222002,31670,0
23222,23222002,31671,0
23222,23222002,31672,0
23222,23222002,31673,0
23222,23222002,31674,0
23222,23222002,31675,0
23222,23222002,31676,0
23222,23222002,31677,0
23222,23222002,31678,0
23222,23222002,31679,0
23222,23222002,31680,0
23222,23222002,31681,0
23222,23222002,31682,0
23222,23222002,31683,0
23222,23222002,31684,0
23222,23222002,31685,0
23222,23222002,31686,0
23222,23222002,31687,0
23222,23222002,31688,0
23222,23222002,31689,0
23222,23222002,31690,0
23222,23222002,31691,0
23222,23222002,31692,0
23222,23222002,31693,0
23222,23222002,31694,0
23222,23222002,31695,0
23222,23222002,31696,0
23222,23222002,31697,0
23222,23222002,31698,0
23222,23222002,31699,0
23222,23222002,31700,0
23222,23222002,31701,0
23222,23222002,31702,0
23222,23222002,31703,0
23222,23222002,31704,0
23222,23222002,31705,0
23222,23222002,31706,0
23222,23222002,31707,0
23222,23222002,31708,0
23222,23222002,31709,0
23222,23222002,31710,0
23222,23222002,31711,0
23222,23222002,31712,0
23222,23222002,31713,0
23222,23222002,31714,0
23222,23222002,31715,0
23222,23222002,31716,0
23222,23222002,31717,0
23222,23222002,31718,0
23222,23222002,31719,0
23222,23222002,31720,0
23222,23222002,31721,0
23222,23222002,31722,0
23222,23222002,31723,0
23222,23222002,31724,0
23222,23222002,31725,0
23222,23222002,31726,0
23222,23222002,31727,0
23222,23222002,31728,0
23222,23222002,31729,0
23222,23222002,31730,0
23222,23222002,31731,0
23222,23222002,31732,0
23222,23222002,31733,0
23222,23222002,31734,0
23222,23222002,31735,0
23222,23222002,31736,0
23222,23222002,31737,0
23222,23222002,31738,0
23222,23222002,31739,0
23222,23222002,31740,0
23222,23222002,31741,0
23222,23222002,31742,0
23222,23222002,31743,0
23222,23222002,31744,0
23222,23222002,31745,0
23222,23222002,31746,0
23222,23222002,31747,0
23222,23222002,31748,0
23222,23222002,31749,0
23222,23222002,31750,0
23222,23222002,31751,0
23222,23222002,31752,0
23222,23222002,31753,0
23222,23222002,31754,0
23222,23222002,31755,0
23222,23222002,31756,0
23222,23222002,31757,0
23222,23222002,31758,0
23222,23222002,31759,0
23222,23222002,31760,0
23222,23222002,31761,0
23222,23222002,31762,0
23222,23222002,31763,0
23222,23222002,31764,0
23222,23222002,31765,0
23222,23222002,31766,0
23222,23222002,31767,0
23222,23222002,31768,0
23222,23222002,31769,0
23222,23222002,31770,0
23222,23222002,31771,0
23222,23222002,31772,0
23222,23222002,31773,0
23222,23222002,31774,0
23222,23222002,31775,0
23222,23222002,31776,0
23222,23222002,31777,0
23222,23222002,31778,0
23222,23222002,31779,0
23222,23222002,31780,0
23222,23222002,31781,0
23222,23222002,31782,0
23222,23222002,31783,0
23222,23222002,31784,0
23222,23222002,31785,0
23222,23222002,31786,0
23222,23222002,31787,0
23222,23222002,31788,0
23222,23222002,31789,0
23222,23222002,31790,0
23222,23222002,31791,0
23222,23222002,31792,0
23222,23222002,31793,0
23222,23222002,31794,0
23222,23222002,31795,0
23222,23222002,31796,0
23222,23222002,31797,0
23222,23222002,31798,0
23222,23222002,31799,0
23222,23222002,31800,0
23222,23222002,31801,0
23222,23222002,31802,0
23222,23222002,31803,0
23222,23222002,31804,0
23222,23222002,31805,0
23222,23222002,31806,0
23222,23222002,31807,0
23222,23222002,31808,0
23222,23222002,31809,0
23222,23222002,31810,0
23222,23222002,31811,0
23222,23222002,31812,0
23222,23222002,31813,0
23222,23222002,31814,0
23222,23222002,31815,0
23222,23222002,31816,0
23222,23222002,31817,0
23222,23222002,31818,0
23222,23222002,31819,0
23222,23222002,31820,0
23222,23222002,31821,0
23222,23222002,31822,0
23222,23222002,31823,0
23222,23222002,31824,0
23222,23222002,31825,0
23222,23222002,31826,0
23222,23222002,31827,0
23222,23222002,31828,0
23222,23222002,31829,0
23222,23222002,31830,0
23222,23222002,31831,0
23222,23222002,31832,0
23222,23222002,31833,0
23222,23222002,31834,0
23222,23222002,31835,0
23222,23222002,31836,0
23222,23222002,31837,0
23222,23222002,31838,0
23222,23222002,31839,0
23222,23222002,31840,0
23222,23222002,31841,0
23222,23222002,31842,0
23222,23222002,31843,0
23222,23222002,31844,0
23222,23222002,31845,0
23222,23222002,31846,0
23222,23222002,31847,0
23222,23222002,31848,0
23222,23222002,31849,0
23222,23222002,31850,0
23222,23222002,31851,0
23222,23222002,31852,0
23222,23222002,31853,0
23222,23222002,31854,0
23222,23222002,31855,0
23222,23222002,31856,0
23222,23222002,31857,0
23222,23222002,31858,0
23222,23222002,31859,0
23222,23222002,31860,0
23222,23222002,31861,0
23222,23222002,31862,0
23222,23222002,31863,0
23222,23222002,31864,0
23222,23222002,31865,0
23222,23222002,31866,0
23222,23222002,31867,0
23222,23222002,31868,0
23222,23222002,31869,0
23222,23222002,31870,0
23222,23222002,31871,0
23222,23222002,31872,0
23222,23222002,31873,0
23222,23222002,31874,0
23222,23222002,31875,0
23222,23222002,31876,0
23222,23222002,31877,0
23222,23222002,31878,0
23222,23222002,31879,0
23222,23222002,31880,0
23222,23222002,31881,0
23222,23222002,31882,0
23222,23222002,31883,0
23222,23222002,31884,0
23222,23222002,31885,0
23222,23222002,31886,0
23222,23222002,31887,0
23222,23222002,31888,0
23222,23222002,31889,0
23222,23222002,31890,0
23222,23222002,31891,0
23222,23222002,31892,0
23222,23222002,31893,0
23222,23222002,31894,0
23222,23222002,31895,0
23222,23222002,31896,0
23222,23222002,31897,0
23222,23222002,31898,0
23222,23222002,31899,0
23222,23222002,31900,0
23222,23222002,31901,0
23222,23222002,31902,0
23222,23222002,31903,0
23222,23222002,31904,0
23222,23222002,31905,0
23222,23222002,31906,0
23222,23222002,31907,0
23222,23222002,31908,0
23222,23222002,31909,0
23222,23222002,31910,0
23222,23222002,31911,0
23222,23222002,31912,0
23222,23222002,31913,0
23222,23222002,31914,0
23222,23222002,31915,0
23222,23222002,31916,0
23222,23222002,31917,0
23222,23222002,31918,0
23222,23222002,31919,0
23222,23222002,31920,0
23222,23222002,31921,0
23222,23222002,31922,0
23222,23222002,31923,0
23222,23222002,31924,0
23222,23222002,31925,0
23222,23222002,31926,0
23222,23222002,31927,0
23222,23222002,31928,0
23222,23222002,31929,0
23222,23222002,31930,0
23222,23222002,31931,0
23222,23222002,31932,0
23222,23222002,31933,0
23222,23222002,31934,0
23222,23222002,31935,0
23222,23222002,31936,0
23222,23222002,31937,0
23222,23222002,31938,0
23222,23222002,31939,0
23222,23222002,31940,0
23222,23222002,31941,0
23222,23222002,31942,0
23222,23222002,31943,0
23222,23222002,31944,0
23222,23222002,31945,0
23222,23222002,31946,0
23222,23222002,31947,0
23222,23222002,31948,0
23222,23222002,31949,0
23222,23222002,31950,0
23222,23222002,31951,0
23222,23222002,31952,0
23222,23222002,31953,0
23222,23222002,31954,0
23222,23222002,31955,0
23222,23222002,31956,0
23222,23222002,31957,0
23222,23222002,31958,0
23222,23222002,31959,0
23222,23222002,31960,0
23222,23222002,31961,0
23222,23222002,31962,0
23222,23222002,31963,0
23222,23222002,31964,0
23222,23222002,31965,0
23222,23222002,31966,0
23222,23222002,31967,0
23222,23222002,31968,0
23222,23222002,31969,0
23222,23222002,31970,0
23222,23222002,31971,0
23222,23222002,31972,0
23222,23222002,31973,0
23222,23222002,31974,0
23222,23222002,31975,0
23222,23222002,31976,0
23222,23222002,31977,0
23222,23222002,31978,0
23222,23222002,31979,0
23222,23222002,31980,0
23222,23222002,31981,0
23222,23222002,31982,0
23222,23222002,31983,0
23222,23222002,31984,0
23222,23222002,31985,0
23222,23222002,31986,0
23222,23222002,31987,0
23222,23222002,31988,0
23222,23222002,31989,0
23222,23222002,31990,0
23222,23222002,31991,0
23222,23222002,31992,0
23222,23222002,31993,0
23222,23222002,31994,0
23222,23222002,31995,0
23222,23222002,31996,0
23222,23222002,31997,0
23222,23222002,31998,0
23222,23222002,31999,0
23222,23222002,37000,0
23222,23222002,37001,0
23222,23222002,37002,0
23222,23222002,37003,0
23222,23222002,37004,0
23222,23222002,37005,0
23222,23222002,37006,0
23222,23222002,37007,0
23222,23222002,37008,0
23222,23222002,37009,0
23222,23222002,37010,0
23222,23222002,37011,0
23222,23222002,37012,0
23222,23222002,37013,0
23222,23222002,37014,0
23222,23222002,37015,0
23222,23222002,37016,0
23222,23222002,37017,0
23222,23222002,37018,0
23222,23222002,37019,0
23222,23222002,37020,0
23222,23222002,37021,0
23222,23222002,37022,0
23222,23222002,37023,0
23222,23222002,37024,0
23222,23222002,37025,0
23222,23222002,37026,0
23222,23222002,37027,0
23222,23222002,37028,0
23222,23222002,37029,0
23222,23222002,37030,0
23222,23222002,37031,0
23222,23222002,37032,0
23222,23222002,37033,0
23222,23222002,37034,0
23222,23222002,37035,0
23222,23222002,37036,0
23222,23222002,37037,0
23222,23222002,37038,0
23222,23222002,37039,0
23222,23222002,37040,0
23222,23222002,37041,0
23222,23222002,37042,0
23222,23222002,37043,0
23222,23222002,37044,0
23222,23222002,37045,0
23222,23222002,37046,0
23222,23222002,37047,0
23222,23222002,37048,0
23222,23222002,37049,0
23222,23222002,37050,0
23222,23222002,37051,0
23222,23222002,37052,0
23222,23222002,37053,0
23222,23222002,37054,0
23222,23222002,37055,0
23222,23222002,37056,0
23222,23222002,37057,0
23222,23222002,37058,0
23222,23222002,37059,0
23222,23222002,37060,0
23222,23222002,37061,0
23222,23222002,37062,0
23222,23222002,37063,0
23222,23222002,37064,0
23222,23222002,37065,0
23222,23222002,37066,0
23222,23222002,37067,0
23222,23222002,37068,0
23222,23222002,37069,0
23222,23222002,37070,0
23222,23222002,37071,0
23222,23222002,37072,0
23222,23222002,37073,0
23222,23222002,37074,0
23222,23222002,37075,0
23222,23222002,37076,0
23222,23222002,37077,0
23222,23222002,37078,0
23222,23222002,37079,0
23222,23222002,37080,0
23222,23222002,37081,0
23222,23222002,37082,0
23222,23222002,37083,0
23222,23222002,37084,0
23222,23222002,37085,0
23222,23222002,37086,0
23222,23222002,37087,0
23222,23222002,37088,0
23222,23222002,37089,0
23222,23222002,37090,0
23222,23222002,37091,0
23222,23222002,37092,0
23222,23222002,37093,0
23222,23222002,37094,0
23222,23222002,37095,0
23222,23222002,37096,0
23222,23222002,37097,0
23222,23222002,37098,0
23222,23222002,37099,0
23222,23222002,37100,0
23222,23222002,37101,0
23222,23222002,37102,0
23222,23222002,37103,0
23222,23222002,37104,0
23222,23222002,37105,0
23222,23222002,37106,0
23222,23222002,37107,0
23222,23222002,37108,0
23222,23222002,37109,0
23222,23222002,37110,0
23222,23222002,37111,0
23222,23222002,37112,0
23222,23222002,37113,0
23222,23222002,37114,0
23222,23222002,37115,0
23222,23222002,37116,0
23222,23222002,37117,0
23222,23222002,37118,0
23222,23222002,37119,0
23222,23222002,37120,0
23222,23222002,37121,0
23222,23222002,37122,0
23222,23222002,37123,0
23222,23222002,37124,0
23222,23222002,37125,0
23222,23222002,37126,0
23222,23222002,37127,0
23222,23222002,37128,0
23222,23222002,37129,0
23222,23222002,37130,0
23222,23222002,37131,0
23222,23222002,37132,0
23222,23222002,37133,0
23222,23222002,37134,0
23222,23222002,37135,0
23222,23222002,37136,0
23222,23222002,37137,0
23222,23222002,37138,0
23222,23222002,37139,0
23222,23222002,37140,0
23222,23222002,37141,0
23222,23222002,37142,0
23222,23222002,37143,0
23222,23222002,37144,0
23222,23222002,37145,0
23222,23222002,37146,0
23222,23222002,37147,0
23222,23222002,37148,0
23222,23222002,37149,0
23222,23222002,37150,0
23222,23222002,37151,0
23222,23222002,37152,0
23222,23222002,37153,0
23222,23222002,37154,0
23222,23222002,37155,0
23222,23222002,37156,0
23222,23222002,37157,0
23222,23222002,37158,0
23222,23222002,37159,0
23222,23222002,37160,0
23222,23222002,37161,0
23222,23222002,37162,0
23222,23222002,37163,0
23222,23222002,37164,0
23222,23222002,37165,0
23222,23222002,37166,0
23222,23222002,37167,0
23222,23222002,37168,0
23222,23222002,37169,0
23222,23222002,37170,0
23222,23222002,37171,0
23222,23222002,37172,0
23222,23222002,37173,0
23222,23222002,37174,0
23222,23222002,37175,0
23222,23222002,37176,0
23222,23222002,37177,0
23222,23222002,37178,0
23222,23222002,37179,0
23222,23222002,37180,0
23222,23222002,37181,0
23222,23222002,37182,0
23222,23222002,37183,0
23222,23222002,37184,0
23222,23222002,37185,0
23222,23222002,37186,0
23222,23222002,37187,0
23222,23222002,37188,0
23222,23222002,37189,0
23222,23222002,37190,0
23222,23222002,37191,0
23222,23222002,37192,0
23222,23222002,37193,0
23222,23222002,37194,0
23222,23222002,37195,0
23222,23222002,37196,0
23222,23222002,37197,0
23222,23222002,37198,0
23222,23222002,37199,0
23222,23222002,37200,0
23222,23222002,37201,0
23222,23222002,37202,0
23222,23222002,37203,0
23222,23222002,37204,0
23222,23222002,37205,0
23222,23222002,37206,0
23222,23222002,37207,0
23222,23222002,37208,0
23222,23222002,37209,0
23222,23222002,37210,0
23222,23222002,37211,0
23222,23222002,37212,0
23222,23222002,37213,0
23222,23222002,37214,0
23222,23222002,37215,0
23222,23222002,37216,0
23222,23222002,37217,0
23222,23222002,37218,0
23222,23222002,37219,0
23222,23222002,37220,0
23222,23222002,37221,0
23222,23222002,37222,0
23222,23222002,37223,0
23222,23222002,37224,0
23222,23222002,37225,0
23222,23222002,37226,0
23222,23222002,37227,0
23222,23222002,37228,0
23222,23222002,37229,0
23222,23222002,37230,0
23222,23222002,37231,0
23222,23222002,37232,0
23222,23222002,37233,0
23222,23222002,37234,0
23222,23222002,37235,0
23222,23222002,37236,0
23222,23222002,37237,0
23222,23222002,37238,0
23222,23222002,37239,0
23222,23222002,37240,0
23222,23222002,37241,0
23222,23222002,37242,0
23222,23222002,37243,0
23222,23222002,37244,0
23222,23222002,37245,0
23222,23222002,37246,0
23222,23222002,37247,0
23222,23222002,37248,0
23222,23222002,37249,0
23222,23222002,37250,0
23222,23222002,37251,0
23222,23222002,37252,0
23222,23222002,37253,0
23222,23222002,37254,0
23222,23222002,37255,0
23222,23222002,37256,0
23222,23222002,37257,0
23222,23222002,37258,0
23222,23222002,37259,0
23222,23222002,37260,0
23222,23222002,37261,0
23222,23222002,37262,0
23222,23222002,37263,0
23222,23222002,37264,0
23222,23222002,37265,0
23222,23222002,37266,0
23222,23222002,37267,0
23222,23222002,37268,0
23222,23222002,37269,0
23222,23222002,37270,0
23222,23222002,37271,0
23222,23222002,37272,0
23222,23222002,37273,0
23222,23222002,37274,0
23222,23222002,37275,0
23222,23222002,37276,0
23222,23222002,37277,0
23222,23222002,37278,0
23222,23222002,37279,0
23222,23222002,37280,0
23222,23222002,37281,0
23222,23222002,37282,0
23222,23222002,37283,0
23222,23222002,37284,0
23222,23222002,37285,0
23222,23222002,37286,0
23222,23222002,37287,0
23222,23222002,37288,0
23222,23222002,37289,0
23222,23222002,37290,0
23222,23222002,37291,0
23222,23222002,37292,0
23222,23222002,37293,0
23222,23222002,37294,0
23222,23222002,37295,0
23222,23222002,37296,0
23222,23222002,37297,0
23222,23222002,37298,0
23222,23222002,37299,0
23222,23222002,37300,0
23222,23222002,37301,0
23222,23222002,37302,0
23222,23222002,37303,0
23222,23222002,37304,0
23222,23222002,37305,0
23222,23222002,37306,0
23222,23222002,37307,0
23222,23222002,37308,0
23222,23222002,37309,0
23222,23222002,37310,0
23222,23222002,37311,0
23222,23222002,37312,0
23222,23222002,37313,0
23222,23222002,37314,0
23222,23222002,37315,0
23222,23222002,37316,0
23222,23222002,37317,0
23222,23222002,37318,0
23222,23222002,37319,0
23222,23222002,37320,0
23222,23222002,37321,0
23222,23222002,37322,0
23222,23222002,37323,0
23222,23222002,37324,0
23222,23222002,37325,0
23222,23222002,37326,0
23222,23222002,37327,0
23222,23222002,37328,0
23222,23222002,37329,0
23222,23222002,37330,0
23222,23222002,37331,0
23222,23222002,37332,0
23222,23222002,37333,0
23222,23222002,37334,0
23222,23222002,37335,0
23222,23222002,37336,0
23222,23222002,37337,0
23222,23222002,37338,0
23222,23222002,37339,0
23222,23222002,37340,0
23222,23222002,37341,0
23222,23222002,37342,0
23222,23222002,37343,0
23222,23222002,37344,0
23222,23222002,37345,0
23222,23222002,37346,0
23222,23222002,37347,0
23222,23222002,37348,0
23222,23222002,37349,0
23222,23222002,37350,0
23222,23222002,37351,0
23222,23222002,37352,0
23222,23222002,37353,0
23222,23222002,37354,0
23222,23222002,37355,0
23222,23222002,37356,0
23222,23222002,37357,0
23222,23222002,37358,0
23222,23222002,37359,0
23222,23222002,37360,0
23222,23222002,37361,0
23222,23222002,37362,0
23222,23222002,37363,0
23222,23222002,37364,0
23222,23222002,37365,0
23222,23222002,37366,0
23222,23222002,37367,0
23222,23222002,37368,0
23222,23222002,37369,0
23222,23222002,37370,0
23222,23222002,37371,0
23222,23222002,37372,0
23222,23222002,37373,0
23222,23222002,37374,0
23222,23222002,37375,0
23222,23222002,37376,0
23222,23222002,37377,0
23222,23222002,37378,0
23222,23222002,37379,0
23222,23222002,37380,0
23222,23222002,37381,0
23222,23222002,37382,0
23222,23222002,37383,0
23222,23222002,37384,0
23222,23222002,37385,0
23222,23222002,37386,0
23222,23222002,37387,0
23222,23222002,37388,0
23222,23222002,37389,0
23222,23222002,37390,0
23222,23222002,37391,0
23222,23222002,37392,0
23222,23222002,37393,0
23222,23222002,37394,0
23222,23222002,37395,0
23222,23222002,37396,0
23222,23222002,37397,0
23222,23222002,37398,0
23222,23222002,37399,0
23222,23222002,37400,0
23222,23222002,37401,0
23222,23222002,37402,0
23222,23222002,37403,0
23222,23222002,37404,0
23222,23222002,37405,0
23222,23222002,37406,0
23222,23222002,37407,0
23222,23222002,37408,0
23222,23222002,37409,0
23222,23222002,37410,0
23222,23222002,37411,0
23222,23222002,37412,0
23222,23222002,37413,0
23222,23222002,37414,0
23222,23222002,37415,0
23222,23222002,37416,0
23222,23222002,37417,0
23222,23222002,37418,0
23222,23222002,37419,0
23222,23222002,37420,0
23222,23222002,37421,0
23222,23222002,37422,0
23222,23222002,37423,0
23222,23222002,37424,0
23222,23222002,37425,0
23222,23222002,37426,0
23222,23222002,37427,0
23222,23222002,37428,0
23222,23222002,37429,0
23222,23222002,37430,0
23222,23222002,37431,0
23222,23222002,37432,0
23222,23222002,37433,0
23222,23222002,37434,0
23222,23222002,37435,0
23222,23222002,37436,0
23222,23222002,37437,0
23222,23222002,37438,0
23222,23222002,37439,0
23222,23222002,37440,0
23222,23222002,37441,0
23222,23222002,37442,0
23222,23222002,37443,0
23222,23222002,37444,0
23222,23222002,37445,0
23222,23222002,37446,0
23222,23222002,37447,0
23222,23222002,37448,0
23222,23222002,37449,0
23222,23222002,37450,0
23222,23222002,37451,0
23222,23222002,37452,0
23222,23222002,37453,0
23222,23222002,37454,0
23222,23222002,37455,0
23222,23222002,37456,0
23222,23222002,37457,0
23222,23222002,37458,0
23222,23222002,37459,0
23222,23222002,37460,0
23222,23222002,37461,0
23222,23222002,37462,0
23222,23222002,37463,0
23222,23222002,37464,0
23222,23222002,37465,0
23222,23222002,37466,0
23222,23222002,37467,0
23222,23222002,37468,0
23222,23222002,37469,0
23222,23222002,37470,0
23222,23222002,37471,0
23222,23222002,37472,0
23222,23222002,37473,0
23222,23222002,37474,0
23222,23222002,37475,0
23222,23222002,37476,0
23222,23222002,37477,0
23222,23222002,37478,0
23222,23222002,37479,0
23222,23222002,37480,0
23222,23222002,37481,0
23222,23222002,37482,0
23222,23222002,37483,0
23222,23222002,37484,0
23222,23222002,37485,0
23222,23222002,37486,0
23222,23222002,37487,0
23222,23222002,37488,0
23222,23222002,37489,0
23222,23222002,37490,0
23222,23222002,37491,0
23222,23222002,37492,0
23222,23222002,37493,0
23222,23222002,37494,0
23222,23222002,37495,0
23222,23222002,37496,0
23222,23222002,37497,0
23222,23222002,37498,0
23222,23222002,37499,0
23222,23222002,37500,0
23222,23222002,37501,0
23222,23222002,37502,0
23222,23222002,37503,0
23222,23222002,37504,0
23222,23222002,37505,0
23222,23222002,37506,0
23222,23222002,37507,0
23222,23222002,37508,0
23222,23222002,37509,0
23222,23222002,37510,0
23222,23222002,37511,0
23222,23222002,37512,0
23222,23222002,37513,0
23222,23222002,37514,0
23222,23222002,37515,0
23222,23222002,37516,0
23222,23222002,37517,0
23222,23222002,37518,0
23222,23222002,37519,0
23222,23222002,37520,0
23222,23222002,37521,0
23222,23222002,37522,0
23222,23222002,37523,0
23222,23222002,37524,0
23222,23222002,37525,0
23222,23222002,37526,0
23222,23222002,37527,0
23222,23222002,37528,0
23222,23222002,37529,0
23222,23222002,37530,0
23222,23222002,37531,0
23222,23222002,37532,0
23222,23222002,37533,0
23222,23222002,37534,0
23222,23222002,37535,0
23222,23222002,37536,0
23222,23222002,37537,0
23222,23222002,37538,0
23222,23222002,37539,0
23222,23222002,37540,0
23222,23222002,37541,0
23222,23222002,37542,0
23222,23222002,37543,0
23222,23222002,37544,0
23222,23222002,37545,0
23222,23222002,37546,0
23222,23222002,37547,0
23222,23222002,37548,0
23222,23222002,37549,0
23222,23222002,37550,0
23222,23222002,37551,0
23222,23222002,37552,0
23222,23222002,37553,0
23222,23222002,37554,0
23222,23222002,37555,0
23222,23222002,37556,0
23222,23222002,37557,0
23222,23222002,37558,0
23222,23222002,37559,0
23222,23222002,37560,0
23222,23222002,37561,0
23222,23222002,37562,0
23222,23222002,37563,0
23222,23222002,37564,0
23222,23222002,37565,0
23222,23222002,37566,0
23222,23222002,37567,0
23222,23222002,37568,0
23222,23222002,37569,0
23222,23222002,37570,0
23222,23222002,37571,0
23222,23222002,37572,0
23222,23222002,37573,0
23222,23222002,37574,0
23222,23222002,37575,0
23222,23222002,37576,0
23222,23222002,37577,0
23222,23222002,37578,0
23222,23222002,37579,0
23222,23222002,37580,0
23222,23222002,37581,0
23222,23222002,37582,0
23222,23222002,37583,0
23222,23222002,37584,0
23222,23222002,37585,0
23222,23222002,37586,0
23222,23222002,37587,0
23222,23222002,37588,0
23222,23222002,37589,0
23222,23222002,37590,0
23222,23222002,37591,0
23222,23222002,37592,0
23222,23222002,37593,0
23222,23222002,37594,0
23222,23222002,37595,0
23222,23222002,37596,0
23222,23222002,37597,0
23222,23222002,37598,0
23222,23222002,37599,0
23222,23222002,37600,0
23222,23222002,37601,0
23222,23222002,37602,0
23222,23222002,37603,0
23222,23222002,37604,0
23222,23222002,37605,0
23222,23222002,37606,0
23222,23222002,37607,0
23222,23222002,37608,0
23222,23222002,37609,0
23222,23222002,37610,0
23222,23222002,37611,0
23222,23222002,37612,0
23222,23222002,37613,0
23222,23222002,37614,0
23222,23222002,37615,0
23222,23222002,37616,0
23222,23222002,37617,0
23222,23222002,37618,0
23222,23222002,37619,0
23222,23222002,37620,0
23222,23222002,37621,0
23222,23222002,37622,0
23222,23222002,37623,0
23222,23222002,37624,0
23222,23222002,37625,0
23222,23222002,37626,0
23222,23222002,37627,0
23222,23222002,37628,0
23222,23222002,37629,0
23222,23222002,37630,0
23222,23222002,37631,0
23222,23222002,37632,0
23222,23222002,37633,0
23222,23222002,37634,0
23222,23222002,37635,0
23222,23222002,37636,0
23222,23222002,37637,0
23222,23222002,37638,0
23222,23222002,37639,0
23222,23222002,37640,0
23222,23222002,37641,0
23222,23222002,37642,0
23222,23222002,37643,0
23222,23222002,37644,0
23222,23222002,37645,0
23222,23222002,37646,0
23222,23222002,37647,0
23222,23222002,37648,0
23222,23222002,37649,0
23222,23222002,37650,0
23222,23222002,37651,0
23222,23222002,37652,0
23222,23222002,37653,0
23222,23222002,37654,0
23222,23222002,37655,0
23222,23222002,37656,0
23222,23222002,37657,0
23222,23222002,37658,0
23222,23222002,37659,0
23222,23222002,37660,0
23222,23222002,37661,0
23222,23222002,37662,0
23222,23222002,37663,0
23222,23222002,37664,0
23222,23222002,37665,0
23222,23222002,37666,0
23222,23222002,37667,0
23222,23222002,37668,0
23222,23222002,37669,0
23222,23222002,37670,0
23222,23222002,37671,0
23222,23222002,37672,0
23222,23222002,37673,0
23222,23222002,37674,0
23222,23222002,37675,0
23222,23222002,37676,0
23222,23222002,37677,0
23222,23222002,37678,0
23222,23222002,37679,0
23222,23222002,37680,0
23222,23222002,37681,0
23222,23222002,37682,0
23222,23222002,37683,0
23222,23222002,37684,0
23222,23222002,37685,0
23222,23222002,37686,0
23222,23222002,37687,0
23222,23222002,37688,0
23222,23222002,37689,0
23222,23222002,37690,0
23222,23222002,37691,0
23222,23222002,37692,0
23222,23222002,37693,0
23222,23222002,37694,0
23222,23222002,37695,0
23222,23222002,37696,0
23222,23222002,37697,0
23222,23222002,37698,0
23222,23222002,37699,0
23222,23222002,37700,0
23222,23222002,37701,0
23222,23222002,37702,0
23222,23222002,37703,0
23222,23222002,37704,0
23222,23222002,37705,0
23222,23222002,37706,0
23222,23222002,37707,0
23222,23222002,37708,0
23222,23222002,37709,0
23222,23222002,37710,0
23222,23222002,37711,0
23222,23222002,37712,0
23222,23222002,37713,0
23222,23222002,37714,0
23222,23222002,37715,0
23222,23222002,37716,0
23222,23222002,37717,0
23222,23222002,37718,0
23222,23222002,37719,0
23222,23222002,37720,0
23222,23222002,37721,0
23222,23222002,37722,0
23222,23222002,37723,0
23222,23222002,37724,0
23222,23222002,37725,0
23222,23222002,37726,0
23222,23222002,37727,0
23222,23222002,37728,0
23222,23222002,37729,0
23222,23222002,37730,0
23222,23222002,37731,0
23222,23222002,37732,0
23222,23222002,37733,0
23222,23222002,37734,0
23222,23222002,37735,0
23222,23222002,37736,0
23222,23222002,37737,0
23222,23222002,37738,0
23222,23222002,37739,0
23222,23222002,37740,0
23222,23222002,37741,0
23222,23222002,37742,0
23222,23222002,37743,0
23222,23222002,37744,0
23222,23222002,37745,0
23222,23222002,37746,0
23222,23222002,37747,0
23222,23222002,37748,0
23222,23222002,37749,0
23222,23222002,37750,0
23222,23222002,37751,0
23222,23222002,37752,0
23222,23222002,37753,0
23222,23222002,37754,0
23222,23222002,37755,0
23222,23222002,37756,0
23222,23222002,37757,0
23222,23222002,37758,0
23222,23222002,37759,0
23222,23222002,37760,0
23222,23222002,37761,0
23222,23222002,37762,0
23222,23222002,37763,0
23222,23222002,37764,0
23222,23222002,37765,0
23222,23222002,37766,0
23222,23222002,37767,0
23222,23222002,37768,0
23222,23222002,37769,0
23222,23222002,37770,0
23222,23222002,37771,0
23222,23222002,37772,0
23222,23222002,37773,0
23222,23222002,37774,0
23222,23222002,37775,0
23222,23222002,37776,0
23222,23222002,37777,0
23222,23222002,37778,0
23222,23222002,37779,0
23222,23222002,37780,0
23222,23222002,37781,0
23222,23222002,37782,0
23222,23222002,37783,0
23222,23222002,37784,0
23222,23222002,37785,0
23222,23222002,37786,0
23222,23222002,37787,0
23222,23222002,37788,0
23222,23222002,37789,0
23222,23222002,37790,0
23222,23222002,37791,0
23222,23222002,37792,0
23222,23222002,37793,0
23222,23222002,37794,0
23222,23222002,37795,0
23222,23222002,37796,0
23222,23222002,37797,0
23222,23222002,37798,0
23222,23222002,37799,0
23222,23222002,37800,0
23222,23222002,37801,0
23222,23222002,37802,0
23222,23222002,37803,0
23222,23222002,37804,0
23222,23222002,37805,0
23222,23222002,37806,0
23222,23222002,37807,0
23222,23222002,37808,0
23222,23222002,37809,0
23222,23222002,37810,0
23222,23222002,37811,0
23222,23222002,37812,0
23222,23222002,37813,0
23222,23222002,37814,0
23222,23222002,37815,0
23222,23222002,37816,0
23222,23222002,37817,0
23222,23222002,37818,0
23222,23222002,37819,0
23222,23222002,37820,0
23222,23222002,37821,0
23222,23222002,37822,0
23222,23222002,37823,0
23222,23222002,37824,0
23222,23222002,37825,0
23222,23222002,37826,0
23222,23222002,37827,0
23222,23222002,37828,0
23222,23222002,37829,0
23222,23222002,37830,0
23222,23222002,37831,0
23222,23222002,37832,0
23222,23222002,37833,0
23222,23222002,37834,0
23222,23222002,37835,0
23222,23222002,37836,0
23222,23222002,37837,0
23222,23222002,37838,0
23222,23222002,37839,0
23222,23222002,37840,0
23222,23222002,37841,0
23222,23222002,37842,0
23222,23222002,37843,0
23222,23222002,37844,0
23222,23222002,37845,0
23222,23222002,37846,0
23222,23222002,37847,0
23222,23222002,37848,0
23222,23222002,37849,0
23222,23222002,37850,0
23222,23222002,37851,0
23222,23222002,37852,0
23222,23222002,37853,0
23222,23222002,37854,0
23222,23222002,37855,0
23222,23222002,37856,0
23222,23222002,37857,0
23222,23222002,37858,0
23222,23222002,37859,0
23222,23222002,37860,0
23222,23222002,37861,0
23222,23222002,37862,0
23222,23222002,37863,0
23222,23222002,37864,0
23222,23222002,37865,0
23222,23222002,37866,0
23222,23222002,37867,0
23222,23222002,37868,0
23222,23222002,37869,0
23222,23222002,37870,0
23222,23222002,37871,0
23222,23222002,37872,0
23222,23222002,37873,0
23222,23222002,37874,0
23222,23222002,37875,0
23222,23222002,37876,0
23222,23222002,37877,0
23222,23222002,37878,0
23222,23222002,37879,0
23222,23222002,37880,0
23222,23222002,37881,0
23222,23222002,37882,0
23222,23222002,37883,0
23222,23222002,37884,0
23222,23222002,37885,0
23222,23222002,37886,0
23222,23222002,37887,0
23222,23222002,37888,0
23222,23222002,37889,0
23222,23222002,37890,0
23222,23222002,37891,0
23222,23222002,37892,0
23222,23222002,37893,0
23222,23222002,37894,0
23222,23222002,37895,0
23222,23222002,37896,0
23222,23222002,37897,0
23222,23222002,37898,0
23222,23222002,37899,0
23222,23222002,37900,0
23222,23222002,37901,0
23222,23222002,37902,0
23222,23222002,37903,0
23222,23222002,37904,0
23222,23222002,37905,0
23222,23222002,37906,0
23222,23222002,37907,0
23222,23222002,37908,0
23222,23222002,37909,0
23222,23222002,37910,0
23222,23222002,37911,0
23222,23222002,37912,0
23222,23222002,37913,0
23222,23222002,37914,0
23222,23222002,37915,0
23222,23222002,37916,0
23222,23222002,37917,0
23222,23222002,37918,0
23222,23222002,37919,0
23222,23222002,37920,0
23222,23222002,37921,0
23222,23222002,37922,0
23222,23222002,37923,0
23222,23222002,37924,0
23222,23222002,37925,0
23222,23222002,37926,0
23222,23222002,37927,0
23222,23222002,37928,0
23222,23222002,37929,0
23222,23222002,37930,0
23222,23222002,37931,0
23222,23222002,37932,0
23222,23222002,37933,0
23222,23222002,37934,0
23222,23222002,37935,0
23222,23222002,37936,0
23222,23222002,37937,0
23222,23222002,37938,0
23222,23222002,37939,0
23222,23222002,37940,0
23222,23222002,37941,0
23222,23222002,37942,0
23222,23222002,37943,0
23222,23222002,37944,0
23222,23222002,37945,0
23222,23222002,37946,0
23222,23222002,37947,0
23222,23222002,37948,0
23222,23222002,37949,0
23222,23222002,37950,0
23222,23222002,37951,0
23222,23222002,37952,0
23222,23222002,37953,0
23222,23222002,37954,0
23222,23222002,37955,0
23222,23222002,37956,0
23222,23222002,37957,0
23222,23222002,37958,0
23222,23222002,37959,0
23222,23222002,37960,0
23222,23222002,37961,0
23222,23222002,37962,0
23222,23222002,37963,0
23222,23222002,37964,0
23222,23222002,37965,0
23222,23222002,37966,0
23222,23222002,37967,0
23222,23222002,37968,0
23222,23222002,37969,0
23222,23222002,37970,0
23222,23222002,37971,0
23222,23222002,37972,0
23222,23222002,37973,0
23222,23222002,37974,0
23222,23222002,37975,0
23222,23222002,37976,0
23222,23222002,37977,0
23222,23222002,37978,0
23222,23222002,37979,0
23222,23222002,37980,0
23222,23222002,37981,0
23222,23222002,37982,0
23222,23222002,37983,0
23222,23222002,37984,0
23222,23222002,37985,0
23222,23222002,37986,0
23222,23222002,37987,0
23222,23222002,37988,0
23222,23222002,37989,0
23222,23222002,37990,0
23222,23222002,37991,0
23222,23222002,37992,0
23222,23222002,37993,0
23222,23222002,37994,0
23222,23222002,37995,0
23222,23222002,37996,0
23222,23222002,37997,0
23222,23222002,37998,0
23222,23222002,37999,0
23222,23222002,38000,0
23222,23222002,38001,0
23222,23222002,38002,0
23222,23222002,38003,0
23222,23222002,38004,0
23222,23222002,38005,0
23222,23222002,38006,0
23222,23222002,38007,0
23222,23222002,38008,0
23222,23222002,38009,0
23222,23222002,38010,0
23222,23222002,38011,0
23222,23222002,38012,0
23222,23222002,38013,0
23222,23222002,38014,0
23222,23222002,38015,0
23222,23222002,38016,0
23222,23222002,38017,0
23222,23222002,38018,0
23222,23222002,38019,0
23222,23222002,38020,0
23222,23222002,38021,0
23222,23222002,38022,0
23222,23222002,38023,0
23222,23222002,38024,0
23222,23222002,38025,0
23222,23222002,38026,0
23222,23222002,38027,0
23222,23222002,38028,0
23222,23222002,38029,0
23222,23222002,38030,0
23222,23222002,38031,0
23222,23222002,38032,0
23222,23222002,38033,0
23222,23222002,38034,0
23222,23222002,38035,0
23222,23222002,38036,0
23222,23222002,38037,0
23222,23222002,38038,0
23222,23222002,38039,0
23222,23222002,38040,0
23222,23222002,38041,0
23222,23222002,38042,0
23222,23222002,38043,0
23222,23222002,38044,0
23222,23222002,38045,0
23222,23222002,38046,0
23222,23222002,38047,0
23222,23222002,38048,0
23222,23222002,38049,0
23222,23222002,38050,0
23222,23222002,38051,0
23222,23222002,38052,0
23222,23222002,38053,0
23222,23222002,38054,0
23222,23222002,38055,0
23222,23222002,38056,0
23222,23222002,38057,0
23222,23222002,38058,0
23222,23222002,38059,0
23222,23222002,38060,0
23222,23222002,38061,0
23222,23222002,38062,0
23222,23222002,38063,0
23222,23222002,38064,0
23222,23222002,38065,0
23222,23222002,38066,0
23222,23222002,38067,0
23222,23222002,38068,0
23222,23222002,38069,0
23222,23222002,38070,0
23222,23222002,38071,0
23222,23222002,38072,0
23222,23222002,38073,0
23222,23222002,38074,0
23222,23222002,38075,0
23222,23222002,38076,0
23222,23222002,38077,0
23222,23222002,38078,0
23222,23222002,38079,0
23222,23222002,38080,0
23222,23222002,38081,0
23222,23222002,38082,0
23222,23222002,38083,0
23222,23222002,38084,0
23222,23222002,38085,0
23222,23222002,38086,0
23222,23222002,38087,0
23222,23222002,38088,0
23222,23222002,38089,0
23222,23222002,38090,0
23222,23222002,38091,0
23222,23222002,38092,0
23222,23222002,38093,0
23222,23222002,38094,0
23222,23222002,38095,0
23222,23222002,38096,0
23222,23222002,38097,0
23222,23222002,38098,0
23222,23222002,38099,0
23222,23222002,38100,0
23222,23222002,38101,0
23222,23222002,38102,0
23222,23222002,38103,0
23222,23222002,38104,0
23222,23222002,38105,0
23222,23222002,38106,0
23222,23222002,38107,0
23222,23222002,38108,0
23222,23222002,38109,0
23222,23222002,38110,0
23222,23222002,38111,0
23222,23222002,38112,0
23222,23222002,38113,0
23222,23222002,38114,0
23222,23222002,38115,0
23222,23222002,38116,0
23222,23222002,38117,0
23222,23222002,38118,0
23222,23222002,38119,0
23222,23222002,38120,0
23222,23222002,38121,0
23222,23222002,38122,0
23222,23222002,38123,0
23222,23222002,38124,0
23222,23222002,38125,0
23222,23222002,38126,0
23222,23222002,38127,0
23222,23222002,38128,0
23222,23222002,38129,0
23222,23222002,38130,0
23222,23222002,38131,0
23222,23222002,38132,0
23222,23222002,38133,0
23222,23222002,38134,0
23222,23222002,38135,0
23222,23222002,38136,0
23222,23222002,38137,0
23222,23222002,38138,0
23222,23222002,38139,0
23222,23222002,38140,0
23222,23222002,38141,0
23222,23222002,38142,0
23222,23222002,38143,0
23222,23222002,38144,0
23222,23222002,38145,0
23222,23222002,38146,0
23222,23222002,38147,0
23222,23222002,38148,0
23222,23222002,38149,0
23222,23222002,38150,0
23222,23222002,38151,0
23222,23222002,38152,0
23222,23222002,38153,0
23222,23222002,38154,0
23222,23222002,38155,0
23222,23222002,38156,0
23222,23222002,38157,0
23222,23222002,38158,0
23222,23222002,38159,0
23222,23222002,38160,0
23222,23222002,38161,0
23222,23222002,38162,0
23222,23222002,38163,0
23222,23222002,38164,0
23222,23222002,38165,0
23222,23222002,38166,0
23222,23222002,38167,0
23222,23222002,38168,0
23222,23222002,38169,0
23222,23222002,38170,0
23222,23222002,38171,0
23222,23222002,38172,0
23222,23222002,38173,0
23222,23222002,38174,0
23222,23222002,38175,0
23222,23222002,38176,0
23222,23222002,38177,0
23222,23222002,38178,0
23222,23222002,38179,0
23222,23222002,38180,0
23222,23222002,38181,0
23222,23222002,38182,0
23222,23222002,38183,0
23222,23222002,38184,0
23222,23222002,38185,0
23222,23222002,38186,0
23222,23222002,38187,0
23222,23222002,38188,0
23222,23222002,38189,0
23222,23222002,38190,0
23222,23222002,38191,0
23222,23222002,38192,0
23222,23222002,38193,0
23222,23222002,38194,0
23222,23222002,38195,0
23222,23222002,38196,0
23222,23222002,38197,0
23222,23222002,38198,0
23222,23222002,38199,0
23222,23222002,38200,0
23222,23222002,38201,0
23222,23222002,38202,0
23222,23222002,38203,0
23222,23222002,38204,0
23222,23222002,38205,0
23222,23222002,38206,0
23222,23222002,38207,0
23222,23222002,38208,0
23222,23222002,38209,0
23222,23222002,38210,0
23222,23222002,38211,0
23222,23222002,38212,0
23222,23222002,38213,0
23222,23222002,38214,0
23222,23222002,38215,0
23222,23222002,38216,0
23222,23222002,38217,0
23222,23222002,38218,0
23222,23222002,38219,0
23222,23222002,38220,0
23222,23222002,38221,0
23222,23222002,38222,0
23222,23222002,38223,0
23222,23222002,38224,0
23222,23222002,38225,0
23222,23222002,38226,0
23222,23222002,38227,0
23222,23222002,38228,0
23222,23222002,38229,0
23222,23222002,38230,0
23222,23222002,38231,0
23222,23222002,38232,0
23222,23222002,38233,0
23222,23222002,38234,0
23222,23222002,38235,0
23222,23222002,38236,0
23222,23222002,38237,0
23222,23222002,38238,0
23222,23222002,38239,0
23222,23222002,38240,0
23222,23222002,38241,0
23222,23222002,38242,0
23222,23222002,38243,0
23222,23222002,38244,0
23222,23222002,38245,0
23222,23222002,38246,0
23222,23222002,38247,0
23222,23222002,38248,0
23222,23222002,38249,0
23222,23222002,38250,0
23222,23222002,38251,0
23222,23222002,38252,0
23222,23222002,38253,0
23222,23222002,38254,0
23222,23222002,38255,0
23222,23222002,38256,0
23222,23222002,38257,0
23222,23222002,38258,0
23222,23222002,38259,0
23222,23222002,38260,0
23222,23222002,38261,0
23222,23222002,38262,0
23222,23222002,38263,0
23222,23222002,38264,0
23222,23222002,38265,0
23222,23222002,38266,0
23222,23222002,38267,0
23222,23222002,38268,0
23222,23222002,38269,0
23222,23222002,38270,0
23222,23222002,38271,0
23222,23222002,38272,0
23222,23222002,38273,0
23222,23222002,38274,0
23222,23222002,38275,0
23222,23222002,38276,0
23222,23222002,38277,0
23222,23222002,38278,0
23222,23222002,38279,0
23222,23222002,38280,0
23222,23222002,38281,0
23222,23222002,38282,0
23222,23222002,38283,0
23222,23222002,38284,0
23222,23222002,38285,0
23222,23222002,38286,0
23222,23222002,38287,0
23222,23222002,38288,0
23222,23222002,38289,0
23222,23222002,38290,0
23222,23222002,38291,0
23222,23222002,38292,0
23222,23222002,38293,0
23222,23222002,38294,0
23222,23222002,38295,0
23222,23222002,38296,0
23222,23222002,38297,0
23222,23222002,38298,0
23222,23222002,38299,0
23222,23222002,38300,0
23222,23222002,38301,0
23222,23222002,38302,0
23222,23222002,38303,0
23222,23222002,38304,0
23222,23222002,38305,0
23222,23222002,38306,0
23222,23222002,38307,0
23222,23222002,38308,0
23222,23222002,38309,0
23222,23222002,38310,0
23222,23222002,38311,0
23222,23222002,38312,0
23222,23222002,38313,0
23222,23222002,38314,0
23222,23222002,38315,0
23222,23222002,38316,0
23222,23222002,38317,0
23222,23222002,38318,0
23222,23222002,38319,0
23222,23222002,38320,0
23222,23222002,38321,0
23222,23222002,38322,0
23222,23222002,38323,0
23222,23222002,38324,0
23222,23222002,38325,0
23222,23222002,38326,0
23222,23222002,38327,0
23222,23222002,38328,0
23222,23222002,38329,0
23222,23222002,38330,0
23222,23222002,38331,0
23222,23222002,38332,0
23222,23222002,38333,0
23222,23222002,38334,0
23222,23222002,38335,0
23222,23222002,38336,0
23222,23222002,38337,0
23222,23222002,38338,0
23222,23222002,38339,0
23222,23222002,38340,0
23222,23222002,38341,0
23222,23222002,38342,0
23222,23222002,38343,0
23222,23222002,38344,0
23222,23222002,38345,0
23222,23222002,38346,0
23222,23222002,38347,0
23222,23222002,38348,0
23222,23222002,38349,0
23222,23222002,38350,0
23222,23222002,38351,0
23222,23222002,38352,0
23222,23222002,38353,0
23222,23222002,38354,0
23222,23222002,38355,0
23222,23222002,38356,0
23222,23222002,38357,0
23222,23222002,38358,0
23222,23222002,38359,0
23222,23222002,38360,0
23222,23222002,38361,0
23222,23222002,38362,0
23222,23222002,38363,0
23222,23222002,38364,0
23222,23222002,38365,0
23222,23222002,38366,0
23222,23222002,38367,0
23222,23222002,38368,0
23222,23222002,38369,0
23222,23222002,38370,0
23222,23222002,38371,0
23222,23222002,38372,0
23222,23222002,38373,0
23222,23222002,38374,0
23222,23222002,38375,0
23222,23222002,38376,0
23222,23222002,38377,0
23222,23222002,38378,0
23222,23222002,38379,0
23222,23222002,38380,0
23222,23222002,38381,0
23222,23222002,38382,0
23222,23222002,38383,0
23222,23222002,38384,0
23222,23222002,38385,0
23222,23222002,38386,0
23222,23222002,38387,0
23222,23222002,38388,0
23222,23222002,38389,0
23222,23222002,38390,0
23222,23222002,38391,0
23222,23222002,38392,0
23222,23222002,38393,0
23222,23222002,38394,0
23222,23222002,38395,0
23222,23222002,38396,0
23222,23222002,38397,0
23222,23222002,38398,0
23222,23222002,38399,0
23222,23222002,38400,0
23222,23222002,38401,0
23222,23222002,38402,0
23222,23222002,38403,0
23222,23222002,38404,0
23222,23222002,38405,0
23222,23222002,38406,0
23222,23222002,38407,0
23222,23222002,38408,0
23222,23222002,38409,0
23222,23222002,38410,0
23222,23222002,38411,0
23222,23222002,38412,0
23222,23222002,38413,0
23222,23222002,38414,0
23222,23222002,38415,0
23222,23222002,38416,0
23222,23222002,38417,0
23222,23222002,38418,0
23222,23222002,38419,0
23222,23222002,38420,0
23222,23222002,38421,0
23222,23222002,38422,0
23222,23222002,38423,0
23222,23222002,38424,0
23222,23222002,38425,0
23222,23222002,38426,0
23222,23222002,38427,0
23222,23222002,38428,0
23222,23222002,38429,0
23222,23222002,38430,0
23222,23222002,38431,0
23222,23222002,38432,0
23222,23222002,38433,0
23222,23222002,38434,0
23222,23222002,38435,0
23222,23222002,38436,0
23222,23222002,38437,0
23222,23222002,38438,0
23222,23222002,38439,0
23222,23222002,38440,0
23222,23222002,38441,0
23222,23222002,38442,0
23222,23222002,38443,0
23222,23222002,38444,0
23222,23222002,38445,0
23222,23222002,38446,0
23222,23222002,38447,0
23222,23222002,38448,0
23222,23222002,38449,0
23222,23222002,38450,0
23222,23222002,38451,0
23222,23222002,38452,0
23222,23222002,38453,0
23222,23222002,38454,0
23222,23222002,38455,0
23222,23222002,38456,0
23222,23222002,38457,0
23222,23222002,38458,0
23222,23222002,38459,0
23222,23222002,38460,0
23222,23222002,38461,0
23222,23222002,38462,0
23222,23222002,38463,0
23222,23222002,38464,0
23222,23222002,38465,0
23222,23222002,38466,0
23222,23222002,38467,0
23222,23222002,38468,0
23222,23222002,38469,0
23222,23222002,38470,0
23222,23222002,38471,0
23222,23222002,38472,0
23222,23222002,38473,0
23222,23222002,38474,0
23222,23222002,38475,0
23222,23222002,38476,0
23222,23222002,38477,0
23222,23222002,38478,0
23222,23222002,38479,0
23222,23222002,38480,0
23222,23222002,38481,0
23222,23222002,38482,0
23222,23222002,38483,0
23222,23222002,38484,0
23222,23222002,38485,0
23222,23222002,38486,0
23222,23222002,38487,0
23222,23222002,38488,0
23222,23222002,38489,0
23222,23222002,38490,0
23222,23222002,38491,0
23222,23222002,38492,0
23222,23222002,38493,0
23222,23222002,38494,0
23222,23222002,38495,0
23222,23222002,38496,0
23222,23222002,38497,0
23222,23222002,38498,0
23222,23222002,38499,0
23222,23222002,38500,0
23222,23222002,38501,0
23222,23222002,38502,0
23222,23222002,38503,0
23222,23222002,38504,0
23222,23222002,38505,0
23222,23222002,38506,0
23222,23222002,38507,0
23222,23222002,38508,0
23222,23222002,38509,0
23222,23222002,38510,0
23222,23222002,38511,0
23222,23222002,38512,0
23222,23222002,38513,0
23222,23222002,38514,0
23222,23222002,38515,0
23222,23222002,38516,0
23222,23222002,38517,0
23222,23222002,38518,0
23222,23222002,38519,0
23222,23222002,38520,0
23222,23222002,38521,0
23222,23222002,38522,0
23222,23222002,38523,0
23222,23222002,38524,0
23222,23222002,38525,0
23222,23222002,38526,0
23222,23222002,38527,0
23222,23222002,38528,0
23222,23222002,38529,0
23222,23222002,38530,0
23222,23222002,38531,0
23222,23222002,38532,0
23222,23222002,38533,0
23222,23222002,38534,0
23222,23222002,38535,0
23222,23222002,38536,0
23222,23222002,38537,0
23222,23222002,38538,0
23222,23222002,38539,0
23222,23222002,38540,0
23222,23222002,38541,0
23222,23222002,38542,0
23222,23222002,38543,0
23222,23222002,38544,0
23222,23222002,38545,0
23222,23222002,38546,0
23222,23222002,38547,0
23222,23222002,38548,0
23222,23222002,38549,0
23222,23222002,38550,0
23222,23222002,38551,0
23222,23222002,38552,0
23222,23222002,38553,0
23222,23222002,38554,0
23222,23222002,38555,0
23222,23222002,38556,0
23222,23222002,38557,0
23222,23222002,38558,0
23222,23222002,38559,0
23222,23222002,38560,0
23222,23222002,38561,0
23222,23222002,38562,0
23222,23222002,38563,0
23222,23222002,38564,0
23222,23222002,38565,0
23222,23222002,38566,0
23222,23222002,38567,0
23222,23222002,38568,0
23222,23222002,38569,0
23222,23222002,38570,0
23222,23222002,38571,0
23222,23222002,38572,0
23222,23222002,38573,0
23222,23222002,38574,0
23222,23222002,38575,0
23222,23222002,38576,0
23222,23222002,38577,0
23222,23222002,38578,0
23222,23222002,38579,0
23222,23222002,38580,0
23222,23222002,38581,0
23222,23222002,38582,0
23222,23222002,38583,0
23222,23222002,38584,0
23222,23222002,38585,0
23222,23222002,38586,0
23222,23222002,38587,0
23222,23222002,38588,0
23222,23222002,38589,0
23222,23222002,38590,0
23222,23222002,38591,0
23222,23222002,38592,0
23222,23222002,38593,0
23222,23222002,38594,0
23222,23222002,38595,0
23222,23222002,38596,0
23222,23222002,38597,0
23222,23222002,38598,0
23222,23222002,38599,0
23222,23222002,38600,0
23222,23222002,38601,0
23222,23222002,38602,0
23222,23222002,38603,0
23222,23222002,38604,0
23222,23222002,38605,0
23222,23222002,38606,0
23222,23222002,38607,0
23222,23222002,38608,0
23222,23222002,38609,0
23222,23222002,38610,0
23222,23222002,38611,0
23222,23222002,38612,0
23222,23222002,38613,0
23222,23222002,38614,0
23222,23222002,38615,0
23222,23222002,38616,0
23222,23222002,38617,0
23222,23222002,38618,0
23222,23222002,38619,0
23222,23222002,38620,0
23222,23222002,38621,0
23222,23222002,38622,0
23222,23222002,38623,0
23222,23222002,38624,0
23222,23222002,38625,0
23222,23222002,38626,0
23222,23222002,38627,0
23222,23222002,38628,0
23222,23222002,38629,0
23222,23222002,38630,0
23222,23222002,38631,0
23222,23222002,38632,0
23222,23222002,38633,0
23222,23222002,38634,0
23222,23222002,38635,0
23222,23222002,38636,0
23222,23222002,38637,0
23222,23222002,38638,0
23222,23222002,38639,0
23222,23222002,38640,0
23222,23222002,38641,0
23222,23222002,38642,0
23222,23222002,38643,0
23222,23222002,38644,0
23222,23222002,38645,0
23222,23222002,38646,0
23222,23222002,38647,0
23222,23222002,38648,0
23222,23222002,38649,0
23222,23222002,38650,0
23222,23222002,38651,0
23222,23222002,38652,0
23222,23222002,38653,0
23222,23222002,38654,0
23222,23222002,38655,0
23222,23222002,38656,0
23222,23222002,38657,0
23222,23222002,38658,0
23222,23222002,38659,0
23222,23222002,38660,0
23222,23222002,38661,0
23222,23222002,38662,0
23222,23222002,38663,0
23222,23222002,38664,0
23222,23222002,38665,0
23222,23222002,38666,0
23222,23222002,38667,0
23222,23222002,38668,0
23222,23222002,38669,0
23222,23222002,38670,0
23222,23222002,38671,0
23222,23222002,38672,0
23222,23222002,38673,0
23222,23222002,38674,0
23222,23222002,38675,0
23222,23222002,38676,0
23222,23222002,38677,0
23222,23222002,38678,0
23222,23222002,38679,0
23222,23222002,38680,0
23222,23222002,38681,0
23222,23222002,38682,0
23222,23222002,38683,0
23222,23222002,38684,0
23222,23222002,38685,0
23222,23222002,38686,0
23222,23222002,38687,0
23222,23222002,38688,0
23222,23222002,38689,0
23222,23222002,38690,0
23222,23222002,38691,0
23222,23222002,38692,0
23222,23222002,38693,0
23222,23222002,38694,0
23222,23222002,38695,0
23222,23222002,38696,0
23222,23222002,38697,0
23222,23222002,38698,0
23222,23222002,38699,0
23222,23222002,38700,0
23222,23222002,38701,0
23222,23222002,38702,0
23222,23222002,38703,0
23222,23222002,38704,0
23222,23222002,38705,0
23222,23222002,38706,0
23222,23222002,38707,0
23222,23222002,38708,0
23222,23222002,38709,0
23222,23222002,38710,0
23222,23222002,38711,0
23222,23222002,38712,0
23222,23222002,38713,0
23222,23222002,38714,0
23222,23222002,38715,0
23222,23222002,38716,0
23222,23222002,38717,0
23222,23222002,38718,0
23222,23222002,38719,0
23222,23222002,38720,0
23222,23222002,38721,0
23222,23222002,38722,0
23222,23222002,38723,0
23222,23222002,38724,0
23222,23222002,38725,0
23222,23222002,38726,0
23222,23222002,38727,0
23222,23222002,38728,0
23222,23222002,38729,0
23222,23222002,38730,0
23222,23222002,38731,0
23222,23222002,38732,0
23222,23222002,38733,0
23222,23222002,38734,0
23222,23222002,38735,0
23222,23222002,38736,0
23222,23222002,38737,0
23222,23222002,38738,0
23222,23222002,38739,0
23222,23222002,38740,0
23222,23222002,38741,0
23222,23222002,38742,0
23222,23222002,38743,0
23222,23222002,38744,0
23222,23222002,38745,0
23222,23222002,38746,0
23222,23222002,38747,0
23222,23222002,38748,0
23222,23222002,38749,0
23222,23222002,38750,0
23222,23222002,38751,0
23222,23222002,38752,0
23222,23222002,38753,0
23222,23222002,38754,0
23222,23222002,38755,0
23222,23222002,38756,0
23222,23222002,38757,0
23222,23222002,38758,0
23222,23222002,38759,0
23222,23222002,38760,0
23222,23222002,38761,0
23222,23222002,38762,0
23222,23222002,38763,0
23222,23222002,38764,0
23222,23222002,38765,0
23222,23222002,38766,0
23222,23222002,38767,0
23222,23222002,38768,0
23222,23222002,38769,0
23222,23222002,38770,0
23222,23222002,38771,0
23222,23222002,38772,0
23222,23222002,38773,0
23222,23222002,38774,0
23222,23222002,38775,0
23222,23222002,38776,0
23222,23222002,38777,0
23222,23222002,38778,0
23222,23222002,38779,0
23222,23222002,38780,0
23222,23222002,38781,0
23222,23222002,38782,0
23222,23222002,38783,0
23222,23222002,38784,0
23222,23222002,38785,0
23222,23222002,38786,0
23222,23222002,38787,0
23222,23222002,38788,0
23222,23222002,38789,0
23222,23222002,38790,0
23222,23222002,38791,0
23222,23222002,38792,0
23222,23222002,38793,0
23222,23222002,38794,0
23222,23222002,38795,0
23222,23222002,38796,0
23222,23222002,38797,0
23222,23222002,38798,0
23222,23222002,38799,0
23222,23222002,38800,0
23222,23222002,38801,0
23222,23222002,38802,0
23222,23222002,38803,0
23222,23222002,38804,0
23222,23222002,38805,0
23222,23222002,38806,0
23222,23222002,38807,0
23222,23222002,38808,0
23222,23222002,38809,0
23222,23222002,38810,0
23222,23222002,38811,0
23222,23222002,38812,0
23222,23222002,38813,0
23222,23222002,38814,0
23222,23222002,38815,0
23222,23222002,38816,0
23222,23222002,38817,0
23222,23222002,38818,0
23222,23222002,38819,0
23222,23222002,38820,0
23222,23222002,38821,0
23222,23222002,38822,0
23222,23222002,38823,0
23222,23222002,38824,0
23222,23222002,38825,0
23222,23222002,38826,0
23222,23222002,38827,0
23222,23222002,38828,0
23222,23222002,38829,0
23222,23222002,38830,0
23222,23222002,38831,0
23222,23222002,38832,0
23222,23222002,38833,0
23222,23222002,38834,0
23222,23222002,38835,0
23222,23222002,38836,0
23222,23222002,38837,0
23222,23222002,38838,0
23222,23222002,38839,0
23222,23222002,38840,0
23222,23222002,38841,0
23222,23222002,38842,0
23222,23222002,38843,0
23222,23222002,38844,0
23222,23222002,38845,0
23222,23222002,38846,0
23222,23222002,38847,0
23222,23222002,38848,0
23222,23222002,38849,0
23222,23222002,38850,0
23222,23222002,38851,0
23222,23222002,38852,0
23222,23222002,38853,0
23222,23222002,38854,0
23222,23222002,38855,0
23222,23222002,38856,0
23222,23222002,38857,0
23222,23222002,38858,0
23222,23222002,38859,0
23222,23222002,38860,0
23222,23222002,38861,0
23222,23222002,38862,0
23222,23222002,38863,0
23222,23222002,38864,0
23222,23222002,38865,0
23222,23222002,38866,0
23222,23222002,38867,0
23222,23222002,38868,0
23222,23222002,38869,0
23222,23222002,38870,0
23222,23222002,38871,0
23222,23222002,38872,0
23222,23222002,38873,0
23222,23222002,38874,0
23222,23222002,38875,0
23222,23222002,38876,0
23222,23222002,38877,0
23222,23222002,38878,0
23222,23222002,38879,0
23222,23222002,38880,0
23222,23222002,38881,0
23222,23222002,38882,0
23222,23222002,38883,0
23222,23222002,38884,0
23222,23222002,38885,0
23222,23222002,38886,0
23222,23222002,38887,0
23222,23222002,38888,0
23222,23222002,38889,0
23222,23222002,38890,0
23222,23222002,38891,0
23222,23222002,38892,0
23222,23222002,38893,0
23222,23222002,38894,0
23222,23222002,38895,0
23222,23222002,38896,0
23222,23222002,38897,0
23222,23222002,38898,0
23222,23222002,38899,0
23222,23222002,38900,0
23222,23222002,38901,0
23222,23222002,38902,0
23222,23222002,38903,0
23222,23222002,38904,0
23222,23222002,38905,0
23222,23222002,38906,0
23222,23222002,38907,0
23222,23222002,38908,0
23222,23222002,38909,0
23222,23222002,38910,0
23222,23222002,38911,0
23222,23222002,38912,0
23222,23222002,38913,0
23222,23222002,38914,0
23222,23222002,38915,0
23222,23222002,38916,0
23222,23222002,38917,0
23222,23222002,38918,0
23222,23222002,38919,0
23222,23222002,38920,0
23222,23222002,38921,0
23222,23222002,38922,0
23222,23222002,38923,0
23222,23222002,38924,0
23222,23222002,38925,0
23222,23222002,38926,0
23222,23222002,38927,0
23222,23222002,38928,0
23222,23222002,38929,0
23222,23222002,38930,0
23222,23222002,38931,0
23222,23222002,38932,0
23222,23222002,38933,0
23222,23222002,38934,0
23222,23222002,38935,0
23222,23222002,38936,0
23222,23222002,38937,0
23222,23222002,38938,0
23222,23222002,38939,0
23222,23222002,38940,0
23222,23222002,38941,0
23222,23222002,38942,0
23222,23222002,38943,0
23222,23222002,38944,0
23222,23222002,38945,0
23222,23222002,38946,0
23222,23222002,38947,0
23222,23222002,38948,0
23222,23222002,38949,0
23222,23222002,38950,0
23222,23222002,38951,0
23222,23222002,38952,0
23222,23222002,38953,0
23222,23222002,38954,0
23222,23222002,38955,0
23222,23222002,38956,0
23222,23222002,38957,0
23222,23222002,38958,0
23222,23222002,38959,0
23222,23222002,38960,0
23222,23222002,38961,0
23222,23222002,38962,0
23222,23222002,38963,0
23222,23222002,38964,0
23222,23222002,38965,0
23222,23222002,38966,0
23222,23222002,38967,0
23222,23222002,38968,0
23222,23222002,38969,0
23222,23222002,38970,0
23222,23222002,38971,0
23222,23222002,38972,0
23222,23222002,38973,0
23222,23222002,38974,0
23222,23222002,38975,0
23222,23222002,38976,0
23222,23222002,38977,0
23222,23222002,38978,0
23222,23222002,38979,0
23222,23222002,38980,0
23222,23222002,38981,0
23222,23222002,38982,0
23222,23222002,38983,0
23222,23222002,38984,0
23222,23222002,38985,0
23222,23222002,38986,0
23222,23222002,38987,0
23222,23222002,38988,0
23222,23222002,38989,0
23222,23222002,38990,0
23222,23222002,38991,0
23222,23222002,38992,0
23222,23222002,38993,0
23222,23222002,38994,0
23222,23222002,38995,0
23222,23222002,38996,0
23222,23222002,38997,0
23222,23222002,38998,0
23222,23222002,38999,0
23222,23222002,39000,0
23222,23222002,39001,0
23222,23222002,39002,0
23222,23222002,39003,0
23222,23222002,39004,0
23222,23222002,39005,0
23222,23222002,39006,0
23222,23222002,39007,0
23222,23222002,39008,0
23222,23222002,39009,0
23222,23222002,39010,0
23222,23222002,39011,0
23222,23222002,39012,0
23222,23222002,39013,0
23222,23222002,39014,0
23222,23222002,39015,0
23222,23222002,39016,0
23222,23222002,39017,0
23222,23222002,39018,0
23222,23222002,39019,0
23222,23222002,39020,0
23222,23222002,39021,0
23222,23222002,39022,0
23222,23222002,39023,0
23222,23222002,39024,0
23222,23222002,39025,0
23222,23222002,39026,0
23222,23222002,39027,0
23222,23222002,39028,0
23222,23222002,39029,0
23222,23222002,39030,0
23222,23222002,39031,0
23222,23222002,39032,0
23222,23222002,39033,0
23222,23222002,39034,0
23222,23222002,39035,0
23222,23222002,39036,0
23222,23222002,39037,0
23222,23222002,39038,0
23222,23222002,39039,0
23222,23222002,39040,0
23222,23222002,39041,0
23222,23222002,39042,0
23222,23222002,39043,0
23222,23222002,39044,0
23222,23222002,39045,0
23222,23222002,39046,0
23222,23222002,39047,0
23222,23222002,39048,0
23222,23222002,39049,0
23222,23222002,39050,0
23222,23222002,39051,0
23222,23222002,39052,0
23222,23222002,39053,0
23222,23222002,39054,0
23222,23222002,39055,0
23222,23222002,39056,0
23222,23222002,39057,0
23222,23222002,39058,0
23222,23222002,39059,0
23222,23222002,39060,0
23222,23222002,39061,0
23222,23222002,39062,0
23222,23222002,39063,0
23222,23222002,39064,0
23222,23222002,39065,0
23222,23222002,39066,0
23222,23222002,39067,0
23222,23222002,39068,0
23222,23222002,39069,0
23222,23222002,39070,0
23222,23222002,39071,0
23222,23222002,39072,0
23222,23222002,39073,0
23222,23222002,39074,0
23222,23222002,39075,0
23222,23222002,39076,0
23222,23222002,39077,0
23222,23222002,39078,0
23222,23222002,39079,0
23222,23222002,39080,0
23222,23222002,39081,0
23222,23222002,39082,0
23222,23222002,39083,0
23222,23222002,39084,0
23222,23222002,39085,0
23222,23222002,39086,0
23222,23222002,39087,0
23222,23222002,39088,0
23222,23222002,39089,0
23222,23222002,39090,0
23222,23222002,39091,0
23222,23222002,39092,0
23222,23222002,39093,0
23222,23222002,39094,0
23222,23222002,39095,0
23222,23222002,39096,0
23222,23222002,39097,0
23222,23222002,39098,0
23222,23222002,39099,0
23222,23222002,39100,0
23222,23222002,39101,0
23222,23222002,39102,0
23222,23222002,39103,0
23222,23222002,39104,0
23222,23222002,39105,0
23222,23222002,39106,0
23222,23222002,39107,0
23222,23222002,39108,0
23222,23222002,39109,0
23222,23222002,39110,0
23222,23222002,39111,0
23222,23222002,39112,0
23222,23222002,39113,0
23222,23222002,39114,0
23222,23222002,39115,0
23222,23222002,39116,0
23222,23222002,39117,0
23222,23222002,39118,0
23222,23222002,39119,0
23222,23222002,39120,0
23222,23222002,39121,0
23222,23222002,39122,0
23222,23222002,39123,0
23222,23222002,39124,0
23222,23222002,39125,0
23222,23222002,39126,0
23222,23222002,39127,0
23222,23222002,39128,0
23222,23222002,39129,0
23222,23222002,39130,0
23222,23222002,39131,0
23222,23222002,39132,0
23222,23222002,39133,0
23222,23222002,39134,0
23222,23222002,39135,0
23222,23222002,39136,0
23222,23222002,39137,0
23222,23222002,39138,0
23222,23222002,39139,0
23222,23222002,39140,0
23222,23222002,39141,0
23222,23222002,39142,0
23222,23222002,39143,0
23222,23222002,39144,0
23222,23222002,39145,0
23222,23222002,39146,0
23222,23222002,39147,0
23222,23222002,39148,0
23222,23222002,39149,0
23222,23222002,39150,0
23222,23222002,39151,0
23222,23222002,39152,0
23222,23222002,39153,0
23222,23222002,39154,0
23222,23222002,39155,0
23222,23222002,39156,0
23222,23222002,39157,0
23222,23222002,39158,0
23222,23222002,39159,0
23222,23222002,39160,0
23222,23222002,39161,0
23222,23222002,39162,0
23222,23222002,39163,0
23222,23222002,39164,0
23222,23222002,39165,0
23222,23222002,39166,0
23222,23222002,39167,0
23222,23222002,39168,0
23222,23222002,39169,0
23222,23222002,39170,0
23222,23222002,39171,0
23222,23222002,39172,0
23222,23222002,39173,0
23222,23222002,39174,0
23222,23222002,39175,0
23222,23222002,39176,0
23222,23222002,39177,0
23222,23222002,39178,0
23222,23222002,39179,0
23222,23222002,39180,0
23222,23222002,39181,0
23222,23222002,39182,0
23222,23222002,39183,0
23222,23222002,39184,0
23222,23222002,39185,0
23222,23222002,39186,0
23222,23222002,39187,0
23222,23222002,39188,0
23222,23222002,39189,0
23222,23222002,39190,0
23222,23222002,39191,0
23222,23222002,39192,0
23222,23222002,39193,0
23222,23222002,39194,0
23222,23222002,39195,0
23222,23222002,39196,0
23222,23222002,39197,0
23222,23222002,39198,0
23222,23222002,39199,0
23222,23222002,39200,0
23222,23222002,39201,0
23222,23222002,39202,0
23222,23222002,39203,0
23222,23222002,39204,0
23222,23222002,39205,0
23222,23222002,39206,0
23222,23222002,39207,0
23222,23222002,39208,0
23222,23222002,39209,0
23222,23222002,39210,0
23222,23222002,39211,0
23222,23222002,39212,0
23222,23222002,39213,0
23222,23222002,39214,0
23222,23222002,39215,0
23222,23222002,39216,0
23222,23222002,39217,0
23222,23222002,39218,0
23222,23222002,39219,0
23222,23222002,39220,0
23222,23222002,39221,0
23222,23222002,39222,0
23222,23222002,39223,0
23222,23222002,39224,0
23222,23222002,39225,0
23222,23222002,39226,0
23222,23222002,39227,0
23222,23222002,39228,0
23222,23222002,39229,0
23222,23222002,39230,0
23222,23222002,39231,0
23222,23222002,39232,0
23222,23222002,39233,0
23222,23222002,39234,0
23222,23222002,39235,0
23222,23222002,39236,0
23222,23222002,39237,0
23222,23222002,39238,0
23222,23222002,39239,0
23222,23222002,39240,0
23222,23222002,39241,0
23222,23222002,39242,0
23222,23222002,39243,0
23222,23222002,39244,0
23222,23222002,39245,0
23222,23222002,39246,0
23222,23222002,39247,0
23222,23222002,39248,0
23222,23222002,39249,0
23222,23222002,39250,0
23222,23222002,39251,0
23222,23222002,39252,0
23222,23222002,39253,0
23222,23222002,39254,0
23222,23222002,39255,0
23222,23222002,39256,0
23222,23222002,39257,0
23222,23222002,39258,0
23222,23222002,39259,0
23222,23222002,39260,0
23222,23222002,39261,0
23222,23222002,39262,0
23222,23222002,39263,0
23222,23222002,39264,0
23222,23222002,39265,0
23222,23222002,39266,0
23222,23222002,39267,0
23222,23222002,39268,0
23222,23222002,39269,0
23222,23222002,39270,0
23222,23222002,39271,0
23222,23222002,39272,0
23222,23222002,39273,0
23222,23222002,39274,0
23222,23222002,39275,0
23222,23222002,39276,0
23222,23222002,39277,0
23222,23222002,39278,0
23222,23222002,39279,0
23222,23222002,39280,0
23222,23222002,39281,0
23222,23222002,39282,0
23222,23222002,39283,0
23222,23222002,39284,0
23222,23222002,39285,0
23222,23222002,39286,0
23222,23222002,39287,0
23222,23222002,39288,0
23222,23222002,39289,0
23222,23222002,39290,0
23222,23222002,39291,0
23222,23222002,39292,0
23222,23222002,39293,0
23222,23222002,39294,0
23222,23222002,39295,0
23222,23222002,39296,0
23222,23222002,39297,0
23222,23222002,39298,0
23222,23222002,39299,0
23222,23222002,39300,0
23222,23222002,39301,0
23222,23222002,39302,0
23222,23222002,39303,0
23222,23222002,39304,0
23222,23222002,39305,0
23222,23222002,39306,0
23222,23222002,39307,0
23222,23222002,39308,0
23222,23222002,39309,0
23222,23222002,39310,0
23222,23222002,39311,0
23222,23222002,39312,0
23222,23222002,39313,0
23222,23222002,39314,0
23222,23222002,39315,0
23222,23222002,39316,0
23222,23222002,39317,0
23222,23222002,39318,0
23222,23222002,39319,0
23222,23222002,39320,0
23222,23222002,39321,0
23222,23222002,39322,0
23222,23222002,39323,0
23222,23222002,39324,0
23222,23222002,39325,0
23222,23222002,39326,0
23222,23222002,39327,0
23222,23222002,39328,0
23222,23222002,39329,0
23222,23222002,39330,0
23222,23222002,39331,0
23222,23222002,39332,0
23222,23222002,39333,0
23222,23222002,39334,0
23222,23222002,39335,0
23222,23222002,39336,0
23222,23222002,39337,0
23222,23222002,39338,0
23222,23222002,39339,0
23222,23222002,39340,0
23222,23222002,39341,0
23222,23222002,39342,0
23222,23222002,39343,0
23222,23222002,39344,0
23222,23222002,39345,0
23222,23222002,39346,0
23222,23222002,39347,0
23222,23222002,39348,0
23222,23222002,39349,0
23222,23222002,39350,0
23222,23222002,39351,0
23222,23222002,39352,0
23222,23222002,39353,0
23222,23222002,39354,0
23222,23222002,39355,0
23222,23222002,39356,0
23222,23222002,39357,0
23222,23222002,39358,0
23222,23222002,39359,0
23222,23222002,39360,0
23222,23222002,39361,0
23222,23222002,39362,0
23222,23222002,39363,0
23222,23222002,39364,0
23222,23222002,39365,0
23222,23222002,39366,0
23222,23222002,39367,0
23222,23222002,39368,0
23222,23222002,39369,0
23222,23222002,39370,0
23222,23222002,39371,0
23222,23222002,39372,0
23222,23222002,39373,0
23222,23222002,39374,0
23222,23222002,39375,0
23222,23222002,39376,0
23222,23222002,39377,0
23222,23222002,39378,0
23222,23222002,39379,0
23222,23222002,39380,0
23222,23222002,39381,0
23222,23222002,39382,0
23222,23222002,39383,0
23222,23222002,39384,0
23222,23222002,39385,0
23222,23222002,39386,0
23222,23222002,39387,0
23222,23222002,39388,0
23222,23222002,39389,0
23222,23222002,39390,0
23222,23222002,39391,0
23222,23222002,39392,0
23222,23222002,39393,0
23222,23222002,39394,0
23222,23222002,39395,0
23222,23222002,39396,0
23222,23222002,39397,0
23222,23222002,39398,0
23222,23222002,39399,0
23222,23222002,39400,0
23222,23222002,39401,0
23222,23222002,39402,0
23222,23222002,39403,0
23222,23222002,39404,0
23222,23222002,39405,0
23222,23222002,39406,0
23222,23222002,39407,0
23222,23222002,39408,0
23222,23222002,39409,0
23222,23222002,39410,0
23222,23222002,39411,0
23222,23222002,39412,0
23222,23222002,39413,0
23222,23222002,39414,0
23222,23222002,39415,0
23222,23222002,39416,0
23222,23222002,39417,0
23222,23222002,39418,0
23222,23222002,39419,0
23222,23222002,39420,0
23222,23222002,39421,0
23222,23222002,39422,0
23222,23222002,39423,0
23222,23222002,39424,0
23222,23222002,39425,0
23222,23222002,39426,0
23222,23222002,39427,0
23222,23222002,39428,0
23222,23222002,39429,0
23222,23222002,39430,0
23222,23222002,39431,0
23222,23222002,39432,0
23222,23222002,39433,0
23222,23222002,39434,0
23222,23222002,39435,0
23222,23222002,39436,0
23222,23222002,39437,0
23222,23222002,39438,0
23222,23222002,39439,0
23222,23222002,39440,0
23222,23222002,39441,0
23222,23222002,39442,0
23222,23222002,39443,0
23222,23222002,39444,0
23222,23222002,39445,0
23222,23222002,39446,0
23222,23222002,39447,0
23222,23222002,39448,0
23222,23222002,39449,0
23222,23222002,39450,0
23222,23222002,39451,0
23222,23222002,39452,0
23222,23222002,39453,0
23222,23222002,39454,0
23222,23222002,39455,0
23222,23222002,39456,0
23222,23222002,39457,0
23222,23222002,39458,0
23222,23222002,39459,0
23222,23222002,39460,0
23222,23222002,39461,0
23222,23222002,39462,0
23222,23222002,39463,0
23222,23222002,39464,0
23222,23222002,39465,0
23222,23222002,39466,0
23222,23222002,39467,0
23222,23222002,39468,0
23222,23222002,39469,0
23222,23222002,39470,0
23222,23222002,39471,0
23222,23222002,39472,0
23222,23222002,39473,0
23222,23222002,39474,0
23222,23222002,39475,0
23222,23222002,39476,0
23222,23222002,39477,0
23222,23222002,39478,0
23222,23222002,39479,0
23222,23222002,39480,0
23222,23222002,39481,0
23222,23222002,39482,0
23222,23222002,39483,0
23222,23222002,39484,0
23222,23222002,39485,0
23222,23222002,39486,0
23222,23222002,39487,0
23222,23222002,39488,0
23222,23222002,39489,0
23222,23222002,39490,0
23222,23222002,39491,0
23222,23222002,39492,0
23222,23222002,39493,0
23222,23222002,39494,0
23222,23222002,39495,0
23222,23222002,39496,0
23222,23222002,39497,0
23222,23222002,39498,0
23222,23222002,39499,0
23222,23222002,39500,0
23222,23222002,39501,0
23222,23222002,39502,0
23222,23222002,39503,0
23222,23222002,39504,0
23222,23222002,39505,0
23222,23222002,39506,0
23222,23222002,39507,0
23222,23222002,39508,0
23222,23222002,39509,0
23222,23222002,39510,0
23222,23222002,39511,0
23222,23222002,39512,0
23222,23222002,39513,0
23222,23222002,39514,0
23222,23222002,39515,0
23222,23222002,39516,0
23222,23222002,39517,0
23222,23222002,39518,0
23222,23222002,39519,0
23222,23222002,39520,0
23222,23222002,39521,0
23222,23222002,39522,0
23222,23222002,39523,0
23222,23222002,39524,0
23222,23222002,39525,0
23222,23222002,39526,0
23222,23222002,39527,0
23222,23222002,39528,0
23222,23222002,39529,0
23222,23222002,39530,0
23222,23222002,39531,0
23222,23222002,39532,0
23222,23222002,39533,0
23222,23222002,39534,0
23222,23222002,39535,0
23222,23222002,39536,0
23222,23222002,39537,0
23222,23222002,39538,0
23222,23222002,39539,0
23222,23222002,39540,0
23222,23222002,39541,0
23222,23222002,39542,0
23222,23222002,39543,0
23222,23222002,39544,0
23222,23222002,39545,0
23222,23222002,39546,0
23222,23222002,39547,0
23222,23222002,39548,0
23222,23222002,39549,0
23222,23222002,39550,0
23222,23222002,39551,0
23222,23222002,39552,0
23222,23222002,39553,0
23222,23222002,39554,0
23222,23222002,39555,0
23222,23222002,39556,0
23222,23222002,39557,0
23222,23222002,39558,0
23222,23222002,39559,0
23222,23222002,39560,0
23222,23222002,39561,0
23222,23222002,39562,0
23222,23222002,39563,0
23222,23222002,39564,0
23222,23222002,39565,0
23222,23222002,39566,0
23222,23222002,39567,0
23222,23222002,39568,0
23222,23222002,39569,0
23222,23222002,39570,0
23222,23222002,39571,0
23222,23222002,39572,0
23222,23222002,39573,0
23222,23222002,39574,0
23222,23222002,39575,0
23222,23222002,39576,0
23222,23222002,39577,0
23222,23222002,39578,0
23222,23222002,39579,0
23222,23222002,39580,0
23222,23222002,39581,0
23222,23222002,39582,0
23222,23222002,39583,0
23222,23222002,39584,0
23222,23222002,39585,0
23222,23222002,39586,0
23222,23222002,39587,0
23222,23222002,39588,0
23222,23222002,39589,0
23222,23222002,39590,0
23222,23222002,39591,0
23222,23222002,39592,0
23222,23222002,39593,0
23222,23222002,39594,0
23222,23222002,39595,0
23222,23222002,39596,0
23222,23222002,39597,0
23222,23222002,39598,0
23222,23222002,39599,0
23222,23222002,39600,0
23222,23222002,39601,0
23222,23222002,39602,0
23222,23222002,39603,0
23222,23222002,39604,0
23222,23222002,39605,0
23222,23222002,39606,0
23222,23222002,39607,0
23222,23222002,39608,0
23222,23222002,39609,0
23222,23222002,39610,0
23222,23222002,39611,0
23222,23222002,39612,0
23222,23222002,39613,0
23222,23222002,39614,0
23222,23222002,39615,0
23222,23222002,39616,0
23222,23222002,39617,0
23222,23222002,39618,0
23222,23222002,39619,0
23222,23222002,39620,0
23222,23222002,39621,0
23222,23222002,39622,0
23222,23222002,39623,0
23222,23222002,39624,0
23222,23222002,39625,0
23222,23222002,39626,0
23222,23222002,39627,0
23222,23222002,39628,0
23222,23222002,39629,0
23222,23222002,39630,0
23222,23222002,39631,0
23222,23222002,39632,0
23222,23222002,39633,0
23222,23222002,39634,0
23222,23222002,39635,0
23222,23222002,39636,0
23222,23222002,39637,0
23222,23222002,39638,0
23222,23222002,39639,0
23222,23222002,39640,0
23222,23222002,39641,0
23222,23222002,39642,0
23222,23222002,39643,0
23222,23222002,39644,0
23222,23222002,39645,0
23222,23222002,39646,0
23222,23222002,39647,0
23222,23222002,39648,0
23222,23222002,39649,0
23222,23222002,39650,0
23222,23222002,39651,0
23222,23222002,39652,0
23222,23222002,39653,0
23222,23222002,39654,0
23222,23222002,39655,0
23222,23222002,39656,0
23222,23222002,39657,0
23222,23222002,39658,0
23222,23222002,39659,0
23222,23222002,39660,0
23222,23222002,39661,0
23222,23222002,39662,0
23222,23222002,39663,0
23222,23222002,39664,0
23222,23222002,39665,0
23222,23222002,39666,0
23222,23222002,39667,0
23222,23222002,39668,0
23222,23222002,39669,0
23222,23222002,39670,0
23222,23222002,39671,0
23222,23222002,39672,0
23222,23222002,39673,0
23222,23222002,39674,0
23222,23222002,39675,0
23222,23222002,39676,0
23222,23222002,39677,0
23222,23222002,39678,0
23222,23222002,39679,0
23222,23222002,39680,0
23222,23222002,39681,0
23222,23222002,39682,0
23222,23222002,39683,0
23222,23222002,39684,0
23222,23222002,39685,0
23222,23222002,39686,0
23222,23222002,39687,0
23222,23222002,39688,0
23222,23222002,39689,0
23222,23222002,39690,0
23222,23222002,39691,0
23222,23222002,39692,0
23222,23222002,39693,0
23222,23222002,39694,0
23222,23222002,39695,0
23222,23222002,39696,0
23222,23222002,39697,0
23222,23222002,39698,0
23222,23222002,39699,0
23222,23222002,39700,0
23222,23222002,39701,0
23222,23222002,39702,0
23222,23222002,39703,0
23222,23222002,39704,0
23222,23222002,39705,0
23222,23222002,39706,0
23222,23222002,39707,0
23222,23222002,39708,0
23222,23222002,39709,0
23222,23222002,39710,0
23222,23222002,39711,0
23222,23222002,39712,0
23222,23222002,39713,0
23222,23222002,39714,0
23222,23222002,39715,0
23222,23222002,39716,0
23222,23222002,39717,0
23222,23222002,39718,0
23222,23222002,39719,0
23222,23222002,39720,0
23222,23222002,39721,0
23222,23222002,39722,0
23222,23222002,39723,0
23222,23222002,39724,0
23222,23222002,39725,0
23222,23222002,39726,0
23222,23222002,39727,0
23222,23222002,39728,0
23222,23222002,39729,0
23222,23222002,39730,0
23222,23222002,39731,0
23222,23222002,39732,0
23222,23222002,39733,0
23222,23222002,39734,0
23222,23222002,39735,0
23222,23222002,39736,0
23222,23222002,39737,0
23222,23222002,39738,0
23222,23222002,39739,0
23222,23222002,39740,0
23222,23222002,39741,0
23222,23222002,39742,0
23222,23222002,39743,0
23222,23222002,39744,0
23222,23222002,39745,0
23222,23222002,39746,0
23222,23222002,39747,0
23222,23222002,39748,0
23222,23222002,39749,0
23222,23222002,39750,0
23222,23222002,39751,0
23222,23222002,39752,0
23222,23222002,39753,0
23222,23222002,39754,0
23222,23222002,39755,0
23222,23222002,39756,0
23222,23222002,39757,0
23222,23222002,39758,0
23222,23222002,39759,0
23222,23222002,39760,0
23222,23222002,39761,0
23222,23222002,39762,0
23222,23222002,39763,0
23222,23222002,39764,0
23222,23222002,39765,0
23222,23222002,39766,0
23222,23222002,39767,0
23222,23222002,39768,0
23222,23222002,39769,0
23222,23222002,39770,0
23222,23222002,39771,0
23222,23222002,39772,0
23222,23222002,39773,0
23222,23222002,39774,0
23222,23222002,39775,0
23222,23222002,39776,0
23222,23222002,39777,0
23222,23222002,39778,0
23222,23222002,39779,0
23222,23222002,39780,0
23222,23222002,39781,0
23222,23222002,39782,0
23222,23222002,39783,0
23222,23222002,39784,0
23222,23222002,39785,0
23222,23222002,39786,0
23222,23222002,39787,0
23222,23222002,39788,0
23222,23222002,39789,0
23222,23222002,39790,0
23222,23222002,39791,0
23222,23222002,39792,0
23222,23222002,39793,0
23222,23222002,39794,0
23222,23222002,39795,0
23222,23222002,39796,0
23222,23222002,39797,0
23222,23222002,39798,0
23222,23222002,39799,0
23222,23222002,39800,0
23222,23222002,39801,0
23222,23222002,39802,0
23222,23222002,39803,0
23222,23222002,39804,0
23222,23222002,39805,0
23222,23222002,39806,0
23222,23222002,39807,0
23222,23222002,39808,0
23222,23222002,39809,0
23222,23222002,39810,0
23222,23222002,39811,0
23222,23222002,39812,0
23222,23222002,39813,0
23222,23222002,39814,0
23222,23222002,39815,0
23222,23222002,39816,0
23222,23222002,39817,0
23222,23222002,39818,0
23222,23222002,39819,0
23222,23222002,39820,0
23222,23222002,39821,0
23222,23222002,39822,0
23222,23222002,39823,0
23222,23222002,39824,0
23222,23222002,39825,0
23222,23222002,39826,0
23222,23222002,39827,0
23222,23222002,39828,0
23222,23222002,39829,0
23222,23222002,39830,0
23222,23222002,39831,0
23222,23222002,39832,0
23222,23222002,39833,0
23222,23222002,39834,0
23222,23222002,39835,0
23222,23222002,39836,0
23222,23222002,39837,0
23222,23222002,39838,0
23222,23222002,39839,0
23222,23222002,39840,0
23222,23222002,39841,0
23222,23222002,39842,0
23222,23222002,39843,0
23222,23222002,39844,0
23222,23222002,39845,0
23222,23222002,39846,0
23222,23222002,39847,0
23222,23222002,39848,0
23222,23222002,39849,0
23222,23222002,39850,0
23222,23222002,39851,0
23222,23222002,39852,0
23222,23222002,39853,0
23222,23222002,39854,0
23222,23222002,39855,0
23222,23222002,39856,0
23222,23222002,39857,0
23222,23222002,39858,0
23222,23222002,39859,0
23222,23222002,39860,0
23222,23222002,39861,0
23222,23222002,39862,0
23222,23222002,39863,0
23222,23222002,39864,0
23222,23222002,39865,0
23222,23222002,39866,0
23222,23222002,39867,0
23222,23222002,39868,0
23222,23222002,39869,0
23222,23222002,39870,0
23222,23222002,39871,0
23222,23222002,39872,0
23222,23222002,39873,0
23222,23222002,39874,0
23222,23222002,39875,0
23222,23222002,39876,0
23222,23222002,39877,0
23222,23222002,39878,0
23222,23222002,39879,0
23222,23222002,39880,0
23222,23222002,39881,0
23222,23222002,39882,0
23222,23222002,39883,0
23222,23222002,39884,0
23222,23222002,39885,0
23222,23222002,39886,0
23222,23222002,39887,0
23222,23222002,39888,0
23222,23222002,39889,0
23222,23222002,39890,0
23222,23222002,39891,0
23222,23222002,39892,0
23222,23222002,39893,0
23222,23222002,39894,0
23222,23222002,39895,0
23222,23222002,39896,0
23222,23222002,39897,0
23222,23222002,39898,0
23222,23222002,39899,0
23222,23222002,39900,0
23222,23222002,39901,0
23222,23222002,39902,0
23222,23222002,39903,0
23222,23222002,39904,0
23222,23222002,39905,0
23222,23222002,39906,0
23222,23222002,39907,0
23222,23222002,39908,0
23222,23222002,39909,0
23222,23222002,39910,0
23222,23222002,39911,0
23222,23222002,39912,0
23222,23222002,39913,0
23222,23222002,39914,0
23222,23222002,39915,0
23222,23222002,39916,0
23222,23222002,39917,0
23222,23222002,39918,0
23222,23222002,39919,0
23222,23222002,39920,0
23222,23222002,39921,0
23222,23222002,39922,0
23222,23222002,39923,0
23222,23222002,39924,0
23222,23222002,39925,0
23222,23222002,39926,0
23222,23222002,39927,0
23222,23222002,39928,0
23222,23222002,39929,0
23222,23222002,39930,0
23222,23222002,39931,0
23222,23222002,39932,0
23222,23222002,39933,0
23222,23222002,39934,0
23222,23222002,39935,0
23222,23222002,39936,0
23222,23222002,39937,0
23222,23222002,39938,0
23222,23222002,39939,0
23222,23222002,39940,0
23222,23222002,39941,0
23222,23222002,39942,0
23222,23222002,39943,0
23222,23222002,39944,0
23222,23222002,39945,0
23222,23222002,39946,0
23222,23222002,39947,0
23222,23222002,39948,0
23222,23222002,39949,0
23222,23222002,39950,0
23222,23222002,39951,0
23222,23222002,39952,0
23222,23222002,39953,0
23222,23222002,39954,0
23222,23222002,39955,0
23222,23222002,39956,0
23222,23222002,39957,0
23222,23222002,39958,0
23222,23222002,39959,0
23222,23222002,39960,0
23222,23222002,39961,0
23222,23222002,39962,0
23222,23222002,39963,0
23222,23222002,39964,0
23222,23222002,39965,0
23222,23222002,39966,0
23222,23222002,39967,0
23222,23222002,39968,0
23222,23222002,39969,0
23222,23222002,39970,0
23222,23222002,39971,0
23222,23222002,39972,0
23222,23222002,39973,0
23222,23222002,39974,0
23222,23222002,39975,0
23222,23222002,39976,0
23222,23222002,39977,0
23222,23222002,39978,0
23222,23222002,39979,0
23222,23222002,39980,0
23222,23222002,39981,0
23222,23222002,39982,0
23222,23222002,39983,0
23222,23222002,39984,0
23222,23222002,39985,0
23222,23222002,39986,0
23222,23222002,39987,0
23222,23222002,39988,0
23222,23222002,39989,0
23222,23222002,39990,0
23222,23222002,39991,0
23222,23222002,39992,0
23222,23222002,39993,0
23222,23222002,39994,0
23222,23222002,39995,0
23222,23222002,39996,0
23222,23222002,39997,0
23222,23222002,39998,0
23222,23222002,39999,0
23222,23222002,40000,0
23222,23222002,40001,0
23222,23222002,40002,0
23222,23222002,40003,0
23222,23222002,40004,0
23222,23222002,40005,0
23222,23222002,40006,0
23222,23222002,40007,0
23222,23222002,40008,0
23222,23222002,40009,0
23222,23222002,40010,0
23222,23222002,40011,0
23222,23222002,40012,0
23222,23222002,40013,0
23222,23222002,40014,0
23222,23222002,40015,0
23222,23222002,40016,0
23222,23222002,40017,0
23222,23222002,40018,0
23222,23222002,40019,0
23222,23222002,40020,0
23222,23222002,40021,0
23222,23222002,40022,0
23222,23222002,40023,0
23222,23222002,40024,0
23222,23222002,40025,0
23222,23222002,40026,0
23222,23222002,40027,0
23222,23222002,40028,0
23222,23222002,40029,0
23222,23222002,40030,0
23222,23222002,40031,0
23222,23222002,40032,0
23222,23222002,40033,0
23222,23222002,40034,0
23222,23222002,40035,0
23222,23222002,40036,0
23222,23222002,40037,0
23222,23222002,40038,0
23222,23222002,40039,0
23222,23222002,40040,0
23222,23222002,40041,0
23222,23222002,40042,0
23222,23222002,40043,0
23222,23222002,40044,0
23222,23222002,40045,0
23222,23222002,40046,0
23222,23222002,40047,0
23222,23222002,40048,0
23222,23222002,40049,0
23222,23222002,40050,0
23222,23222002,40051,0
23222,23222002,40052,0
23222,23222002,40053,0
23222,23222002,40054,0
23222,23222002,40055,0
23222,23222002,40056,0
23222,23222002,40057,0
23222,23222002,40058,0
23222,23222002,40059,0
23222,23222002,40060,0
23222,23222002,40061,0
23222,23222002,40062,0
23222,23222002,40063,0
23222,23222002,40064,0
23222,23222002,40065,0
23222,23222002,40066,0
23222,23222002,40067,0
23222,23222002,40068,0
23222,23222002,40069,0
23222,23222002,40070,0
23222,23222002,40071,0
23222,23222002,40072,0
23222,23222002,40073,0
23222,23222002,40074,0
23222,23222002,40075,0
23222,23222002,40076,0
23222,23222002,40077,0
23222,23222002,40078,0
23222,23222002,40079,0
23222,23222002,40080,0
23222,23222002,40081,0
23222,23222002,40082,0
23222,23222002,40083,0
23222,23222002,40084,0
23222,23222002,40085,0
23222,23222002,40086,0
23222,23222002,40087,0
23222,23222002,40088,0
23222,23222002,40089,0
23222,23222002,40090,0
23222,23222002,40091,0
23222,23222002,40092,0
23222,23222002,40093,0
23222,23222002,40094,0
23222,23222002,40095,0
23222,23222002,40096,0
23222,23222002,40097,0
23222,23222002,40098,0
23222,23222002,40099,0
23222,23222002,40100,0
23222,23222002,40101,0
23222,23222002,40102,0
23222,23222002,40103,0
23222,23222002,40104,0
23222,23222002,40105,0
23222,23222002,40106,0
23222,23222002,40107,0
23222,23222002,40108,0
23222,23222002,40109,0
23222,23222002,40110,0
23222,23222002,40111,0
23222,23222002,40112,0
23222,23222002,40113,0
23222,23222002,40114,0
23222,23222002,40115,0
23222,23222002,40116,0
23222,23222002,40117,0
23222,23222002,40118,0
23222,23222002,40119,0
23222,23222002,40120,0
23222,23222002,40121,0
23222,23222002,40122,0
23222,23222002,40123,0
23222,23222002,40124,0
23222,23222002,40125,0
23222,23222002,40126,0
23222,23222002,40127,0
23222,23222002,40128,0
23222,23222002,40129,0
23222,23222002,40130,0
23222,23222002,40131,0
23222,23222002,40132,0
23222,23222002,40133,0
23222,23222002,40134,0
23222,23222002,40135,0
23222,23222002,40136,0
23222,23222002,40137,0
23222,23222002,40138,0
23222,23222002,40139,0
23222,23222002,40140,0
23222,23222002,40141,0
23222,23222002,40142,0
23222,23222002,40143,0
23222,23222002,40144,0
23222,23222002,40145,0
23222,23222002,40146,0
23222,23222002,40147,0
23222,23222002,40148,0
23222,23222002,40149,0
23222,23222002,40150,0
23222,23222002,40151,0
23222,23222002,40152,0
23222,23222002,40153,0
23222,23222002,40154,0
23222,23222002,40155,0
23222,23222002,40156,0
23222,23222002,40157,0
23222,23222002,40158,0
23222,23222002,40159,0
23222,23222002,40160,0
23222,23222002,40161,0
23222,23222002,40162,0
23222,23222002,40163,0
23222,23222002,40164,0
23222,23222002,40165,0
23222,23222002,40166,0
23222,23222002,40167,0
23222,23222002,40168,0
23222,23222002,40169,0
23222,23222002,40170,0
23222,23222002,40171,0
23222,23222002,40172,0
23222,23222002,40173,0
23222,23222002,40174,0
23222,23222002,40175,0
23222,23222002,40176,0
23222,23222002,40177,0
23222,23222002,40178,0
23222,23222002,40179,0
23222,23222002,40180,0
23222,23222002,40181,0
23222,23222002,40182,0
23222,23222002,40183,0
23222,23222002,40184,0
23222,23222002,40185,0
23222,23222002,40186,0
23222,23222002,40187,0
23222,23222002,40188,0
23222,23222002,40189,0
23222,23222002,40190,0
23222,23222002,40191,0
23222,23222002,40192,0
23222,23222002,40193,0
23222,23222002,40194,0
23222,23222002,40195,0
23222,23222002,40196,0
23222,23222002,40197,0
23222,23222002,40198,0
23222,23222002,40199,0
23222,23222002,40200,0
23222,23222002,40201,0
23222,23222002,40202,0
23222,23222002,40203,0
23222,23222002,40204,0
23222,23222002,40205,0
23222,23222002,40206,0
23222,23222002,40207,0
23222,23222002,40208,0
23222,23222002,40209,0
23222,23222002,40210,0
23222,23222002,40211,0
23222,23222002,40212,0
23222,23222002,40213,0
23222,23222002,40214,0
23222,23222002,40215,0
23222,23222002,40216,0
23222,23222002,40217,0
23222,23222002,40218,0
23222,23222002,40219,0
23222,23222002,40220,0
23222,23222002,40221,0
23222,23222002,40222,0
23222,23222002,40223,0
23222,23222002,40224,0
23222,23222002,40225,0
23222,23222002,40226,0
23222,23222002,40227,0
23222,23222002,40228,0
23222,23222002,40229,0
23222,23222002,40230,0
23222,23222002,40231,0
23222,23222002,40232,0
23222,23222002,40233,0
23222,23222002,40234,0
23222,23222002,40235,0
23222,23222002,40236,0
23222,23222002,40237,0
23222,23222002,40238,0
23222,23222002,40239,0
23222,23222002,40240,0
23222,23222002,40241,0
23222,23222002,40242,0
23222,23222002,40243,0
23222,23222002,40244,0
23222,23222002,40245,0
23222,23222002,40246,0
23222,23222002,40247,0
23222,23222002,40248,0
23222,23222002,40249,0
23222,23222002,40250,0
23222,23222002,40251,0
23222,23222002,40252,0
23222,23222002,40253,0
23222,23222002,40254,0
23222,23222002,40255,0
23222,23222002,40256,0
23222,23222002,40257,0
23222,23222002,40258,0
23222,23222002,40259,0
23222,23222002,40260,0
23222,23222002,40261,0
23222,23222002,40262,0
23222,23222002,40263,0
23222,23222002,40264,0
23222,23222002,40265,0
23222,23222002,40266,0
23222,23222002,40267,0
23222,23222002,40268,0
23222,23222002,40269,0
23222,23222002,40270,0
23222,23222002,40271,0
23222,23222002,40272,0
23222,23222002,40273,0
23222,23222002,40274,0
23222,23222002,40275,0
23222,23222002,40276,0
23222,23222002,40277,0
23222,23222002,40278,0
23222,23222002,40279,0
23222,23222002,40280,0
23222,23222002,40281,0
23222,23222002,40282,0
23222,23222002,40283,0
23222,23222002,40284,0
23222,23222002,40285,0
23222,23222002,40286,0
23222,23222002,40287,0
23222,23222002,40288,0
23222,23222002,40289,0
23222,23222002,40290,0
23222,23222002,40291,0
23222,23222002,40292,0
23222,23222002,40293,0
23222,23222002,40294,0
23222,23222002,40295,0
23222,23222002,40296,0
23222,23222002,40297,0
23222,23222002,40298,0
23222,23222002,40299,0
23222,23222002,40300,0
23222,23222002,40301,0
23222,23222002,40302,0
23222,23222002,40303,0
23222,23222002,40304,0
23222,23222002,40305,0
23222,23222002,40306,0
23222,23222002,40307,0
23222,23222002,40308,0
23222,23222002,40309,0
23222,23222002,40310,0
23222,23222002,40311,0
23222,23222002,40312,0
23222,23222002,40313,0
23222,23222002,40314,0
23222,23222002,40315,0
23222,23222002,40316,0
23222,23222002,40317,0
23222,23222002,40318,0
23222,23222002,40319,0
23222,23222002,40320,0
23222,23222002,40321,0
23222,23222002,40322,0
23222,23222002,40323,0
23222,23222002,40324,0
23222,23222002,40325,0
23222,23222002,40326,0
23222,23222002,40327,0
23222,23222002,40328,0
23222,23222002,40329,0
23222,23222002,40330,0
23222,23222002,40331,0
23222,23222002,40332,0
23222,23222002,40333,0
23222,23222002,40334,0
23222,23222002,40335,0
23222,23222002,40336,0
23222,23222002,40337,0
23222,23222002,40338,0
23222,23222002,40339,0
23222,23222002,40340,0
23222,23222002,40341,0
23222,23222002,40342,0
23222,23222002,40343,0
23222,23222002,40344,0
23222,23222002,40345,0
23222,23222002,40346,0
23222,23222002,40347,0
23222,23222002,40348,0
23222,23222002,40349,0
23222,23222002,40350,0
23222,23222002,40351,0
23222,23222002,40352,0
23222,23222002,40353,0
23222,23222002,40354,0
23222,23222002,40355,0
23222,23222002,40356,0
23222,23222002,40357,0
23222,23222002,40358,0
23222,23222002,40359,0
23222,23222002,40360,0
23222,23222002,40361,0
23222,23222002,40362,0
23222,23222002,40363,0
23222,23222002,40364,0
23222,23222002,40365,0
23222,23222002,40366,0
23222,23222002,40367,0
23222,23222002,40368,0
23222,23222002,40369,0
23222,23222002,40370,0
23222,23222002,40371,0
23222,23222002,40372,0
23222,23222002,40373,0
23222,23222002,40374,0
23222,23222002,40375,0
23222,23222002,40376,0
23222,23222002,40377,0
23222,23222002,40378,0
23222,23222002,40379,0
23222,23222002,40380,0
23222,23222002,40381,0
23222,23222002,40382,0
23222,23222002,40383,0
23222,23222002,40384,0
23222,23222002,40385,0
23222,23222002,40386,0
23222,23222002,40387,0
23222,23222002,40388,0
23222,23222002,40389,0
23222,23222002,40390,0
23222,23222002,40391,0
23222,23222002,40392,0
23222,23222002,40393,0
23222,23222002,40394,0
23222,23222002,40395,0
23222,23222002,40396,0
23222,23222002,40397,0
23222,23222002,40398,0
23222,23222002,40399,0
23222,23222002,40400,0
23222,23222002,40401,0
23222,23222002,40402,0
23222,23222002,40403,0
23222,23222002,40404,0
23222,23222002,40405,0
23222,23222002,40406,0
23222,23222002,40407,0
23222,23222002,40408,0
23222,23222002,40409,0
23222,23222002,40410,0
23222,23222002,40411,0
23222,23222002,40412,0
23222,23222002,40413,0
23222,23222002,40414,0
23222,23222002,40415,0
23222,23222002,40416,0
23222,23222002,40417,0
23222,23222002,40418,0
23222,23222002,40419,0
23222,23222002,40420,0
23222,23222002,40421,0
23222,23222002,40422,0
23222,23222002,40423,0
23222,23222002,40424,0
23222,23222002,40425,0
23222,23222002,40426,0
23222,23222002,40427,0
23222,23222002,40428,0
23222,23222002,40429,0
23222,23222002,40430,0
23222,23222002,40431,0
23222,23222002,40432,0
23222,23222002,40433,0
23222,23222002,40434,0
23222,23222002,40435,0
23222,23222002,40436,0
23222,23222002,40437,0
23222,23222002,40438,0
23222,23222002,40439,0
23222,23222002,40440,0
23222,23222002,40441,0
23222,23222002,40442,0
23222,23222002,40443,0
23222,23222002,40444,0
23222,23222002,40445,0
23222,23222002,40446,0
23222,23222002,40447,0
23222,23222002,40448,0
23222,23222002,40449,0
23222,23222002,40450,0
23222,23222002,40451,0
23222,23222002,40452,0
23222,23222002,40453,0
23222,23222002,40454,0
23222,23222002,40455,0
23222,23222002,40456,0
23222,23222002,40457,0
23222,23222002,40458,0
23222,23222002,40459,0
23222,23222002,40460,0
23222,23222002,40461,0
23222,23222002,40462,0
23222,23222002,40463,0
23222,23222002,40464,0
23222,23222002,40465,0
23222,23222002,40466,0
23222,23222002,40467,0
23222,23222002,40468,0
23222,23222002,40469,0
23222,23222002,40470,0
23222,23222002,40471,0
23222,23222002,40472,0
23222,23222002,40473,0
23222,23222002,40474,0
23222,23222002,40475,0
23222,23222002,40476,0
23222,23222002,40477,0
23222,23222002,40478,0
23222,23222002,40479,0
23222,23222002,40480,0
23222,23222002,40481,0
23222,23222002,40482,0
23222,23222002,40483,0
23222,23222002,40484,0
23222,23222002,40485,0
23222,23222002,40486,0
23222,23222002,40487,0
23222,23222002,40488,0
23222,23222002,40489,0
23222,23222002,40490,0
23222,23222002,40491,0
23222,23222002,40492,0
23222,23222002,40493,0
23222,23222002,40494,0
23222,23222002,40495,0
23222,23222002,40496,0
23222,23222002,40497,0
23222,23222002,40498,0
23222,23222002,40499,0
23222,23222002,40500,0
23222,23222002,40501,0
23222,23222002,40502,0
23222,23222002,40503,0
23222,23222002,40504,0
23222,23222002,40505,0
23222,23222002,40506,0
23222,23222002,40507,0
23222,23222002,40508,0
23222,23222002,40509,0
23222,23222002,40510,0
23222,23222002,40511,0
23222,23222002,40512,0
23222,23222002,40513,0
23222,23222002,40514,0
23222,23222002,40515,0
23222,23222002,40516,0
23222,23222002,40517,0
23222,23222002,40518,0
23222,23222002,40519,0
23222,23222002,40520,0
23222,23222002,40521,0
23222,23222002,40522,0
23222,23222002,40523,0
23222,23222002,40524,0
23222,23222002,40525,0
23222,23222002,40526,0
23222,23222002,40527,0
23222,23222002,40528,0
23222,23222002,40529,0
23222,23222002,40530,0
23222,23222002,40531,0
23222,23222002,40532,0
23222,23222002,40533,0
23222,23222002,40534,0
23222,23222002,40535,0
23222,23222002,40536,0
23222,23222002,40537,0
23222,23222002,40538,0
23222,23222002,40539,0
23222,23222002,40540,0
23222,23222002,40541,0
23222,23222002,40542,0
23222,23222002,40543,0
23222,23222002,40544,0
23222,23222002,40545,0
23222,23222002,40546,0
23222,23222002,40547,0
23222,23222002,40548,0
23222,23222002,40549,0
23222,23222002,40550,0
23222,23222002,40551,0
23222,23222002,40552,0
23222,23222002,40553,0
23222,23222002,40554,0
23222,23222002,40555,0
23222,23222002,40556,0
23222,23222002,40557,0
23222,23222002,40558,0
23222,23222002,40559,0
23222,23222002,40560,0
23222,23222002,40561,0
23222,23222002,40562,0
23222,23222002,40563,0
23222,23222002,40564,0
23222,23222002,40565,0
23222,23222002,40566,0
23222,23222002,40567,0
23222,23222002,40568,0
23222,23222002,40569,0
23222,23222002,40570,0
23222,23222002,40571,0
23222,23222002,40572,0
23222,23222002,40573,0
23222,23222002,40574,0
23222,23222002,40575,0
23222,23222002,40576,0
23222,23222002,40577,0
23222,23222002,40578,0
23222,23222002,40579,0
23222,23222002,40580,0
23222,23222002,40581,0
23222,23222002,40582,0
23222,23222002,40583,0
23222,23222002,40584,0
23222,23222002,40585,0
23222,23222002,40586,0
23222,23222002,40587,0
23222,23222002,40588,0
23222,23222002,40589,0
23222,23222002,40590,0
23222,23222002,40591,0
23222,23222002,40592,0
23222,23222002,40593,0
23222,23222002,40594,0
23222,23222002,40595,0
23222,23222002,40596,0
23222,23222002,40597,0
23222,23222002,40598,0
23222,23222002,40599,0
23222,23222002,40600,0
23222,23222002,40601,0
23222,23222002,40602,0
23222,23222002,40603,0
23222,23222002,40604,0
23222,23222002,40605,0
23222,23222002,40606,0
23222,23222002,40607,0
23222,23222002,40608,0
23222,23222002,40609,0
23222,23222002,40610,0
23222,23222002,40611,0
23222,23222002,40612,0
23222,23222002,40613,0
23222,23222002,40614,0
23222,23222002,40615,0
23222,23222002,40616,0
23222,23222002,40617,0
23222,23222002,40618,0
23222,23222002,40619,0
23222,23222002,40620,0
23222,23222002,40621,0
23222,23222002,40622,0
23222,23222002,40623,0
23222,23222002,40624,0
23222,23222002,40625,0
23222,23222002,40626,0
23222,23222002,40627,0
23222,23222002,40628,0
23222,23222002,40629,0
23222,23222002,40630,0
23222,23222002,40631,0
23222,23222002,40632,0
23222,23222002,40633,0
23222,23222002,40634,0
23222,23222002,40635,0
23222,23222002,40636,0
23222,23222002,40637,0
23222,23222002,40638,0
23222,23222002,40639,0
23222,23222002,40640,0
23222,23222002,40641,0
23222,23222002,40642,0
23222,23222002,40643,0
23222,23222002,40644,0
23222,23222002,40645,0
23222,23222002,40646,0
23222,23222002,40647,0
23222,23222002,40648,0
23222,23222002,40649,0
23222,23222002,40650,0
23222,23222002,40651,0
23222,23222002,40652,0
23222,23222002,40653,0
23222,23222002,40654,0
23222,23222002,40655,0
23222,23222002,40656,0
23222,23222002,40657,0
23222,23222002,40658,0
23222,23222002,40659,0
23222,23222002,40660,0
23222,23222002,40661,0
23222,23222002,40662,0
23222,23222002,40663,0
23222,23222002,40664,0
23222,23222002,40665,0
23222,23222002,40666,0
23222,23222002,40667,0
23222,23222002,40668,0
23222,23222002,40669,0
23222,23222002,40670,0
23222,23222002,40671,0
23222,23222002,40672,0
23222,23222002,40673,0
23222,23222002,40674,0
23222,23222002,40675,0
23222,23222002,40676,0
23222,23222002,40677,0
23222,23222002,40678,0
23222,23222002,40679,0
23222,23222002,40680,0
23222,23222002,40681,0
23222,23222002,40682,0
23222,23222002,40683,0
23222,23222002,40684,0
23222,23222002,40685,0
23222,23222002,40686,0
23222,23222002,40687,0
23222,23222002,40688,0
23222,23222002,40689,0
23222,23222002,40690,0
23222,23222002,40691,0
23222,23222002,40692,0
23222,23222002,40693,0
23222,23222002,40694,0
23222,23222002,40695,0
23222,23222002,40696,0
23222,23222002,40697,0
23222,23222002,40698,0
23222,23222002,40699,0
23222,23222002,40700,0
23222,23222002,40701,0
23222,23222002,40702,0
23222,23222002,40703,0
23222,23222002,40704,0
23222,23222002,40705,0
23222,23222002,40706,0
23222,23222002,40707,0
23222,23222002,40708,0
23222,23222002,40709,0
23222,23222002,40710,0
23222,23222002,40711,0
23222,23222002,40712,0
23222,23222002,40713,0
23222,23222002,40714,0
23222,23222002,40715,0
23222,23222002,40716,0
23222,23222002,40717,0
23222,23222002,40718,0
23222,23222002,40719,0
23222,23222002,40720,0
23222,23222002,40721,0
23222,23222002,40722,0
23222,23222002,40723,0
23222,23222002,40724,0
23222,23222002,40725,0
23222,23222002,40726,0
23222,23222002,40727,0
23222,23222002,40728,0
23222,23222002,40729,0
23222,23222002,40730,0
23222,23222002,40731,0
23222,23222002,40732,0
23222,23222002,40733,0
23222,23222002,40734,0
23222,23222002,40735,0
23222,23222002,40736,0
23222,23222002,40737,0
23222,23222002,40738,0
23222,23222002,40739,0
23222,23222002,40740,0
23222,23222002,40741,0
23222,23222002,40742,0
23222,23222002,40743,0
23222,23222002,40744,0
23222,23222002,40745,0
23222,23222002,40746,0
23222,23222002,40747,0
23222,23222002,40748,0
23222,23222002,40749,0
23222,23222002,40750,0
23222,23222002,40751,0
23222,23222002,40752,0
23222,23222002,40753,0
23222,23222002,40754,0
23222,23222002,40755,0
23222,23222002,40756,0
23222,23222002,40757,0
23222,23222002,40758,0
23222,23222002,40759,0
23222,23222002,40760,0
23222,23222002,40761,0
23222,23222002,40762,0
23222,23222002,40763,0
23222,23222002,40764,0
23222,23222002,40765,0
23222,23222002,40766,0
23222,23222002,40767,0
23222,23222002,40768,0
23222,23222002,40769,0
23222,23222002,40770,0
23222,23222002,40771,0
23222,23222002,40772,0
23222,23222002,40773,0
23222,23222002,40774,0
23222,23222002,40775,0
23222,23222002,40776,0
23222,23222002,40777,0
23222,23222002,40778,0
23222,23222002,40779,0
23222,23222002,40780,0
23222,23222002,40781,0
23222,23222002,40782,0
23222,23222002,40783,0
23222,23222002,40784,0
23222,23222002,40785,0
23222,23222002,40786,0
23222,23222002,40787,0
23222,23222002,40788,0
23222,23222002,40789,0
23222,23222002,40790,0
23222,23222002,40791,0
23222,23222002,40792,0
23222,23222002,40793,0
23222,23222002,40794,0
23222,23222002,40795,0
23222,23222002,40796,0
23222,23222002,40797,0
23222,23222002,40798,0
23222,23222002,40799,0
23222,23222002,40800,0
23222,23222002,40801,0
23222,23222002,40802,0
23222,23222002,40803,0
23222,23222002,40804,0
23222,23222002,40805,0
23222,23222002,40806,0
23222,23222002,40807,0
23222,23222002,40808,0
23222,23222002,40809,0
23222,23222002,40810,0
23222,23222002,40811,0
23222,23222002,40812,0
23222,23222002,40813,0
23222,23222002,40814,0
23222,23222002,40815,0
23222,23222002,40816,0
23222,23222002,40817,0
23222,23222002,40818,0
23222,23222002,40819,0
23222,23222002,40820,0
23222,23222002,40821,0
23222,23222002,40822,0
23222,23222002,40823,0
23222,23222002,40824,0
23222,23222002,40825,0
23222,23222002,40826,0
23222,23222002,40827,0
23222,23222002,40828,0
23222,23222002,40829,0
23222,23222002,40830,0
23222,23222002,40831,0
23222,23222002,40832,0
23222,23222002,40833,0
23222,23222002,40834,0
23222,23222002,40835,0
23222,23222002,40836,0
23222,23222002,40837,0
23222,23222002,40838,0
23222,23222002,40839,0
23222,23222002,40840,0
23222,23222002,40841,0
23222,23222002,40842,0
23222,23222002,40843,0
23222,23222002,40844,0
23222,23222002,40845,0
23222,23222002,40846,0
23222,23222002,40847,0
23222,23222002,40848,0
23222,23222002,40849,0
23222,23222002,40850,0
23222,23222002,40851,0
23222,23222002,40852,0
23222,23222002,40853,0
23222,23222002,40854,0
23222,23222002,40855,0
23222,23222002,40856,0
23222,23222002,40857,0
23222,23222002,40858,0
23222,23222002,40859,0
23222,23222002,40860,0
23222,23222002,40861,0
23222,23222002,40862,0
23222,23222002,40863,0
23222,23222002,40864,0
23222,23222002,40865,0
23222,23222002,40866,0
23222,23222002,40867,0
23222,23222002,40868,0
23222,23222002,40869,0
23222,23222002,40870,0
23222,23222002,40871,0
23222,23222002,40872,0
23222,23222002,40873,0
23222,23222002,40874,0
23222,23222002,40875,0
23222,23222002,40876,0
23222,23222002,40877,0
23222,23222002,40878,0
23222,23222002,40879,0
23222,23222002,40880,0
23222,23222002,40881,0
23222,23222002,40882,0
23222,23222002,40883,0
23222,23222002,40884,0
23222,23222002,40885,0
23222,23222002,40886,0
23222,23222002,40887,0
23222,23222002,40888,0
23222,23222002,40889,0
23222,23222002,40890,0
23222,23222002,40891,0
23222,23222002,40892,0
23222,23222002,40893,0
23222,23222002,40894,0
23222,23222002,40895,0
23222,23222002,40896,0
23222,23222002,40897,0
23222,23222002,40898,0
23222,23222002,40899,0
23222,23222002,40900,0
23222,23222002,40901,0
23222,23222002,40902,0
23222,23222002,40903,0
23222,23222002,40904,0
23222,23222002,40905,0
23222,23222002,40906,0
23222,23222002,40907,0
23222,23222002,40908,0
23222,23222002,40909,0
23222,23222002,40910,0
23222,23222002,40911,0
23222,23222002,40912,0
23222,23222002,40913,0
23222,23222002,40914,0
23222,23222002,40915,0
23222,23222002,40916,0
23222,23222002,40917,0
23222,23222002,40918,0
23222,23222002,40919,0
23222,23222002,40920,0
23222,23222002,40921,0
23222,23222002,40922,0
23222,23222002,40923,0
23222,23222002,40924,0
23222,23222002,40925,0
23222,23222002,40926,0
23222,23222002,40927,0
23222,23222002,40928,0
23222,23222002,40929,0
23222,23222002,40930,0
23222,23222002,40931,0
23222,23222002,40932,0
23222,23222002,40933,0
23222,23222002,40934,0
23222,23222002,40935,0
23222,23222002,40936,0
23222,23222002,40937,0
23222,23222002,40938,0
23222,23222002,40939,0
23222,23222002,40940,0
23222,23222002,40941,0
23222,23222002,40942,0
23222,23222002,40943,0
23222,23222002,40944,0
23222,23222002,40945,0
23222,23222002,40946,0
23222,23222002,40947,0
23222,23222002,40948,0
23222,23222002,40949,0
23222,23222002,40950,0
23222,23222002,40951,0
23222,23222002,40952,0
23222,23222002,40953,0
23222,23222002,40954,0
23222,23222002,40955,0
23222,23222002,40956,0
23222,23222002,40957,0
23222,23222002,40958,0
23222,23222002,40959,0
23222,23222002,40960,0
23222,23222002,40961,0
23222,23222002,40962,0
23222,23222002,40963,0
23222,23222002,40964,0
23222,23222002,40965,0
23222,23222002,40966,0
23222,23222002,40967,0
23222,23222002,40968,0
23222,23222002,40969,0
23222,23222002,40970,0
23222,23222002,40971,0
23222,23222002,40972,0
23222,23222002,40973,0
23222,23222002,40974,0
23222,23222002,40975,0
23222,23222002,40976,0
23222,23222002,40977,0
23222,23222002,40978,0
23222,23222002,40979,0
23222,23222002,40980,0
23222,23222002,40981,0
23222,23222002,40982,0
23222,23222002,40983,0
23222,23222002,40984,0
23222,23222002,40985,0
23222,23222002,40986,0
23222,23222002,40987,0
23222,23222002,40988,0
23222,23222002,40989,0
23222,23222002,40990,0
23222,23222002,40991,0
23222,23222002,40992,0
23222,23222002,40993,0
23222,23222002,40994,0
23222,23222002,40995,0
23222,23222002,40996,0
23222,23222002,40997,0
23222,23222002,40998,0
23222,23222002,40999,0
23222,23222002,41000,0
23222,23222002,41001,0
23222,23222002,41002,0
23222,23222002,41003,0
23222,23222002,41004,0
23222,23222002,41005,0
23222,23222002,41006,0
23222,23222002,41007,0
23222,23222002,41008,0
23222,23222002,41009,0
23222,23222002,41010,0
23222,23222002,41011,0
23222,23222002,41012,0
23222,23222002,41013,0
23222,23222002,41014,0
23222,23222002,41015,0
23222,23222002,41016,0
23222,23222002,41017,0
23222,23222002,41018,0
23222,23222002,41019,0
23222,23222002,41020,0
23222,23222002,41021,0
23222,23222002,41022,0
23222,23222002,41023,0
23222,23222002,41024,0
23222,23222002,41025,0
23222,23222002,41026,0
23222,23222002,41027,0
23222,23222002,41028,0
23222,23222002,41029,0
23222,23222002,41030,0
23222,23222002,41031,0
23222,23222002,41032,0
23222,23222002,41033,0
23222,23222002,41034,0
23222,23222002,41035,0
23222,23222002,41036,0
23222,23222002,41037,0
23222,23222002,41038,0
23222,23222002,41039,0
23222,23222002,41040,0
23222,23222002,41041,0
23222,23222002,41042,0
23222,23222002,41043,0
23222,23222002,41044,0
23222,23222002,41045,0
23222,23222002,41046,0
23222,23222002,41047,0
23222,23222002,41048,0
23222,23222002,41049,0
23222,23222002,41050,0
23222,23222002,41051,0
23222,23222002,41052,0
23222,23222002,41053,0
23222,23222002,41054,0
23222,23222002,41055,0
23222,23222002,41056,0
23222,23222002,41057,0
23222,23222002,41058,0
23222,23222002,41059,0
23222,23222002,41060,0
23222,23222002,41061,0
23222,23222002,41062,0
23222,23222002,41063,0
23222,23222002,41064,0
23222,23222002,41065,0
23222,23222002,41066,0
23222,23222002,41067,0
23222,23222002,41068,0
23222,23222002,41069,0
23222,23222002,41070,0
23222,23222002,41071,0
23222,23222002,41072,0
23222,23222002,41073,0
23222,23222002,41074,0
23222,23222002,41075,0
23222,23222002,41076,0
23222,23222002,41077,0
23222,23222002,41078,0
23222,23222002,41079,0
23222,23222002,41080,0
23222,23222002,41081,0
23222,23222002,41082,0
23222,23222002,41083,0
23222,23222002,41084,0
23222,23222002,41085,0
23222,23222002,41086,0
23222,23222002,41087,0
23222,23222002,41088,0
23222,23222002,41089,0
23222,23222002,41090,0
23222,23222002,41091,0
23222,23222002,41092,0
23222,23222002,41093,0
23222,23222002,41094,0
23222,23222002,41095,0
23222,23222002,41096,0
23222,23222002,41097,0
23222,23222002,41098,0
23222,23222002,41099,0
23222,23222002,41100,0
23222,23222002,41101,0
23222,23222002,41102,0
23222,23222002,41103,0
23222,23222002,41104,0
23222,23222002,41105,0
23222,23222002,41106,0
23222,23222002,41107,0
23222,23222002,41108,0
23222,23222002,41109,0
23222,23222002,41110,0
23222,23222002,41111,0
23222,23222002,41112,0
23222,23222002,41113,0
23222,23222002,41114,0
23222,23222002,41115,0
23222,23222002,41116,0
23222,23222002,41117,0
23222,23222002,41118,0
23222,23222002,41119,0
23222,23222002,41120,0
23222,23222002,41121,0
23222,23222002,41122,0
23222,23222002,41123,0
23222,23222002,41124,0
23222,23222002,41125,0
23222,23222002,41126,0
23222,23222002,41127,0
23222,23222002,41128,0
23222,23222002,41129,0
23222,23222002,41130,0
23222,23222002,41131,0
23222,23222002,41132,0
23222,23222002,41133,0
23222,23222002,41134,0
23222,23222002,41135,0
23222,23222002,41136,0
23222,23222002,41137,0
23222,23222002,41138,0
23222,23222002,41139,0
23222,23222002,41140,0
23222,23222002,41141,0
23222,23222002,41142,0
23222,23222002,41143,0
23222,23222002,41144,0
23222,23222002,41145,0
23222,23222002,41146,0
23222,23222002,41147,0
23222,23222002,41148,0
23222,23222002,41149,0
23222,23222002,41150,0
23222,23222002,41151,0
23222,23222002,41152,0
23222,23222002,41153,0
23222,23222002,41154,0
23222,23222002,41155,0
23222,23222002,41156,0
23222,23222002,41157,0
23222,23222002,41158,0
23222,23222002,41159,0
23222,23222002,41160,0
23222,23222002,41161,0
23222,23222002,41162,0
23222,23222002,41163,0
23222,23222002,41164,0
23222,23222002,41165,0
23222,23222002,41166,0
23222,23222002,41167,0
23222,23222002,41168,0
23222,23222002,41169,0
23222,23222002,41170,0
23222,23222002,41171,0
23222,23222002,41172,0
23222,23222002,41173,0
23222,23222002,41174,0
23222,23222002,41175,0
23222,23222002,41176,0
23222,23222002,41177,0
23222,23222002,41178,0
23222,23222002,41179,0
23222,23222002,41180,0
23222,23222002,41181,0
23222,23222002,41182,0
23222,23222002,41183,0
23222,23222002,41184,0
23222,23222002,41185,0
23222,23222002,41186,0
23222,23222002,41187,0
23222,23222002,41188,0
23222,23222002,41189,0
23222,23222002,41190,0
23222,23222002,41191,0
23222,23222002,41192,0
23222,23222002,41193,0
23222,23222002,41194,0
23222,23222002,41195,0
23222,23222002,41196,0
23222,23222002,41197,0
23222,23222002,41198,0
23222,23222002,41199,0
23222,23222002,41200,0
23222,23222002,41201,0
23222,23222002,41202,0
23222,23222002,41203,0
23222,23222002,41204,0
23222,23222002,41205,0
23222,23222002,41206,0
23222,23222002,41207,0
23222,23222002,41208,0
23222,23222002,41209,0
23222,23222002,41210,0
23222,23222002,41211,0
23222,23222002,41212,0
23222,23222002,41213,0
23222,23222002,41214,0
23222,23222002,41215,0
23222,23222002,41216,0
23222,23222002,41217,0
23222,23222002,41218,0
23222,23222002,41219,0
23222,23222002,41220,0
23222,23222002,41221,0
23222,23222002,41222,0
23222,23222002,41223,0
23222,23222002,41224,0
23222,23222002,41225,0
23222,23222002,41226,0
23222,23222002,41227,0
23222,23222002,41228,0
23222,23222002,41229,0
23222,23222002,41230,0
23222,23222002,41231,0
23222,23222002,41232,0
23222,23222002,41233,0
23222,23222002,41234,0
23222,23222002,41235,0
23222,23222002,41236,0
23222,23222002,41237,0
23222,23222002,41238,0
23222,23222002,41239,0
23222,23222002,41240,0
23222,23222002,41241,0
23222,23222002,41242,0
23222,23222002,41243,0
23222,23222002,41244,0
23222,23222002,41245,0
23222,23222002,41246,0
23222,23222002,41247,0
23222,23222002,41248,0
23222,23222002,41249,0
23222,23222002,41250,0
23222,23222002,41251,0
23222,23222002,41252,0
23222,23222002,41253,0
23222,23222002,41254,0
23222,23222002,41255,0
23222,23222002,41256,0
23222,23222002,41257,0
23222,23222002,41258,0
23222,23222002,41259,0
23222,23222002,41260,0
23222,23222002,41261,0
23222,23222002,41262,0
23222,23222002,41263,0
23222,23222002,41264,0
23222,23222002,41265,0
23222,23222002,41266,0
23222,23222002,41267,0
23222,23222002,41268,0
23222,23222002,41269,0
23222,23222002,41270,0
23222,23222002,41271,0
23222,23222002,41272,0
23222,23222002,41273,0
23222,23222002,41274,0
23222,23222002,41275,0
23222,23222002,41276,0
23222,23222002,41277,0
23222,23222002,41278,0
23222,23222002,41279,0
23222,23222002,41280,0
23222,23222002,41281,0
23222,23222002,41282,0
23222,23222002,41283,0
23222,23222002,41284,0
23222,23222002,41285,0
23222,23222002,41286,0
23222,23222002,41287,0
23222,23222002,41288,0
23222,23222002,41289,0
23222,23222002,41290,0
23222,23222002,41291,0
23222,23222002,41292,0
23222,23222002,41293,0
23222,23222002,41294,0
23222,23222002,41295,0
23222,23222002,41296,0
23222,23222002,41297,0
23222,23222002,41298,0
23222,23222002,41299,0
23222,23222002,41300,0
23222,23222002,41301,0
23222,23222002,41302,0
23222,23222002,41303,0
23222,23222002,41304,0
23222,23222002,41305,0
23222,23222002,41306,0
23222,23222002,41307,0
23222,23222002,41308,0
23222,23222002,41309,0
23222,23222002,41310,0
23222,23222002,41311,0
23222,23222002,41312,0
23222,23222002,41313,0
23222,23222002,41314,0
23222,23222002,41315,0
23222,23222002,41316,0
23222,23222002,41317,0
23222,23222002,41318,0
23222,23222002,41319,0
23222,23222002,41320,0
23222,23222002,41321,0
23222,23222002,41322,0
23222,23222002,41323,0
23222,23222002,41324,0
23222,23222002,41325,0
23222,23222002,41326,0
23222,23222002,41327,0
23222,23222002,41328,0
23222,23222002,41329,0
23222,23222002,41330,0
23222,23222002,41331,0
23222,23222002,41332,0
23222,23222002,41333,0
23222,23222002,41334,0
23222,23222002,41335,0
23222,23222002,41336,0
23222,23222002,41337,0
23222,23222002,41338,0
23222,23222002,41339,0
23222,23222002,41340,0
23222,23222002,41341,0
23222,23222002,41342,0
23222,23222002,41343,0
23222,23222002,41344,0
23222,23222002,41345,0
23222,23222002,41346,0
23222,23222002,41347,0
23222,23222002,41348,0
23222,23222002,41349,0
23222,23222002,41350,0
23222,23222002,41351,0
23222,23222002,41352,0
23222,23222002,41353,0
23222,23222002,41354,0
23222,23222002,41355,0
23222,23222002,41356,0
23222,23222002,41357,0
23222,23222002,41358,0
23222,23222002,41359,0
23222,23222002,41360,0
23222,23222002,41361,0
23222,23222002,41362,0
23222,23222002,41363,0
23222,23222002,41364,0
23222,23222002,41365,0
23222,23222002,41366,0
23222,23222002,41367,0
23222,23222002,41368,0
23222,23222002,41369,0
23222,23222002,41370,0
23222,23222002,41371,0
23222,23222002,41372,0
23222,23222002,41373,0
23222,23222002,41374,0
23222,23222002,41375,0
23222,23222002,41376,0
23222,23222002,41377,0
23222,23222002,41378,0
23222,23222002,41379,0
23222,23222002,41380,0
23222,23222002,41381,0
23222,23222002,41382,0
23222,23222002,41383,0
23222,23222002,41384,0
23222,23222002,41385,0
23222,23222002,41386,0
23222,23222002,41387,0
23222,23222002,41388,0
23222,23222002,41389,0
23222,23222002,41390,0
23222,23222002,41391,0
23222,23222002,41392,0
23222,23222002,41393,0
23222,23222002,41394,0
23222,23222002,41395,0
23222,23222002,41396,0
23222,23222002,41397,0
23222,23222002,41398,0
23222,23222002,41399,0
23222,23222002,41400,0
23222,23222002,41401,0
23222,23222002,41402,0
23222,23222002,41403,0
23222,23222002,41404,0
23222,23222002,41405,0
23222,23222002,41406,0
23222,23222002,41407,0
23222,23222002,41408,0
23222,23222002,41409,0
23222,23222002,41410,0
23222,23222002,41411,0
23222,23222002,41412,0
23222,23222002,41413,0
23222,23222002,41414,0
23222,23222002,41415,0
23222,23222002,41416,0
23222,23222002,41417,0
23222,23222002,41418,0
23222,23222002,41419,0
23222,23222002,41420,0
23222,23222002,41421,0
23222,23222002,41422,0
23222,23222002,41423,0
23222,23222002,41424,0
23222,23222002,41425,0
23222,23222002,41426,0
23222,23222002,41427,0
23222,23222002,41428,0
23222,23222002,41429,0
23222,23222002,41430,0
23222,23222002,41431,0
23222,23222002,41432,0
23222,23222002,41433,0
23222,23222002,41434,0
23222,23222002,41435,0
23222,23222002,41436,0
23222,23222002,41437,0
23222,23222002,41438,0
23222,23222002,41439,0
23222,23222002,41440,0
23222,23222002,41441,0
23222,23222002,41442,0
23222,23222002,41443,0
23222,23222002,41444,0
23222,23222002,41445,0
23222,23222002,41446,0
23222,23222002,41447,0
23222,23222002,41448,0
23222,23222002,41449,0
23222,23222002,41450,0
23222,23222002,41451,0
23222,23222002,41452,0
23222,23222002,41453,0
23222,23222002,41454,0
23222,23222002,41455,0
23222,23222002,41456,0
23222,23222002,41457,0
23222,23222002,41458,0
23222,23222002,41459,0
23222,23222002,41460,0
23222,23222002,41461,0
23222,23222002,41462,0
23222,23222002,41463,0
23222,23222002,41464,0
23222,23222002,41465,0
23222,23222002,41466,0
23222,23222002,41467,0
23222,23222002,41468,0
23222,23222002,41469,0
23222,23222002,41470,0
23222,23222002,41471,0
23222,23222002,41472,0
23222,23222002,41473,0
23222,23222002,41474,0
23222,23222002,41475,0
23222,23222002,41476,0
23222,23222002,41477,0
23222,23222002,41478,0
23222,23222002,41479,0
23222,23222002,41480,0
23222,23222002,41481,0
23222,23222002,41482,0
23222,23222002,41483,0
23222,23222002,41484,0
23222,23222002,41485,0
23222,23222002,41486,0
23222,23222002,41487,0
23222,23222002,41488,0
23222,23222002,41489,0
23222,23222002,41490,0
23222,23222002,41491,0
23222,23222002,41492,0
23222,23222002,41493,0
23222,23222002,41494,0
23222,23222002,41495,0
23222,23222002,41496,0
23222,23222002,41497,0
23222,23222002,41498,0
23222,23222002,41499,0
23222,23222002,41500,0
23222,23222002,41501,0
23222,23222002,41502,0
23222,23222002,41503,0
23222,23222002,41504,0
23222,23222002,41505,0
23222,23222002,41506,0
23222,23222002,41507,0
23222,23222002,41508,0
23222,23222002,41509,0
23222,23222002,41510,0
23222,23222002,41511,0
23222,23222002,41512,0
23222,23222002,41513,0
23222,23222002,41514,0
23222,23222002,41515,0
23222,23222002,41516,0
23222,23222002,41517,0
23222,23222002,41518,0
23222,23222002,41519,0
23222,23222002,41520,0
23222,23222002,41521,0
23222,23222002,41522,0
23222,23222002,41523,0
23222,23222002,41524,0
23222,23222002,41525,0
23222,23222002,41526,0
23222,23222002,41527,0
23222,23222002,41528,0
23222,23222002,41529,0
23222,23222002,41530,0
23222,23222002,41531,0
23222,23222002,41532,0
23222,23222002,41533,0
23222,23222002,41534,0
23222,23222002,41535,0
23222,23222002,41536,0
23222,23222002,41537,0
23222,23222002,41538,0
23222,23222002,41539,0
23222,23222002,41540,0
23222,23222002,41541,0
23222,23222002,41542,0
23222,23222002,41543,0
23222,23222002,41544,0
23222,23222002,41545,0
23222,23222002,41546,0
23222,23222002,41547,0
23222,23222002,41548,0
23222,23222002,41549,0
23222,23222002,41550,0
23222,23222002,41551,0
23222,23222002,41552,0
23222,23222002,41553,0
23222,23222002,41554,0
23222,23222002,41555,0
23222,23222002,41556,0
23222,23222002,41557,0
23222,23222002,41558,0
23222,23222002,41559,0
23222,23222002,41560,0
23222,23222002,41561,0
23222,23222002,41562,0
23222,23222002,41563,0
23222,23222002,41564,0
23222,23222002,41565,0
23222,23222002,41566,0
23222,23222002,41567,0
23222,23222002,41568,0
23222,23222002,41569,0
23222,23222002,41570,0
23222,23222002,41571,0
23222,23222002,41572,0
23222,23222002,41573,0
23222,23222002,41574,0
23222,23222002,41575,0
23222,23222002,41576,0
23222,23222002,41577,0
23222,23222002,41578,0
23222,23222002,41579,0
23222,23222002,41580,0
23222,23222002,41581,0
23222,23222002,41582,0
23222,23222002,41583,0
23222,23222002,41584,0
23222,23222002,41585,0
23222,23222002,41586,0
23222,23222002,41587,0
23222,23222002,41588,0
23222,23222002,41589,0
23222,23222002,41590,0
23222,23222002,41591,0
23222,23222002,41592,0
23222,23222002,41593,0
23222,23222002,41594,0
23222,23222002,41595,0
23222,23222002,41596,0
23222,23222002,41597,0
23222,23222002,41598,0
23222,23222002,41599,0
23222,23222002,41600,0
23222,23222002,41601,0
23222,23222002,41602,0
23222,23222002,41603,0
23222,23222002,41604,0
23222,23222002,41605,0
23222,23222002,41606,0
23222,23222002,41607,0
23222,23222002,41608,0
23222,23222002,41609,0
23222,23222002,41610,0
23222,23222002,41611,0
23222,23222002,41612,0
23222,23222002,41613,0
23222,23222002,41614,0
23222,23222002,41615,0
23222,23222002,41616,0
23222,23222002,41617,0
23222,23222002,41618,0
23222,23222002,41619,0
23222,23222002,41620,0
23222,23222002,41621,0
23222,23222002,41622,0
23222,23222002,41623,0
23222,23222002,41624,0
23222,23222002,41625,0
23222,23222002,41626,0
23222,23222002,41627,0
23222,23222002,41628,0
23222,23222002,41629,0
23222,23222002,41630,0
23222,23222002,41631,0
23222,23222002,41632,0
23222,23222002,41633,0
23222,23222002,41634,0
23222,23222002,41635,0
23222,23222002,41636,0
23222,23222002,41637,0
23222,23222002,41638,0
23222,23222002,41639,0
23222,23222002,41640,0
23222,23222002,41641,0
23222,23222002,41642,0
23222,23222002,41643,0
23222,23222002,41644,0
23222,23222002,41645,0
23222,23222002,41646,0
23222,23222002,41647,0
23222,23222002,41648,0
23222,23222002,41649,0
23222,23222002,41650,0
23222,23222002,41651,0
23222,23222002,41652,0
23222,23222002,41653,0
23222,23222002,41654,0
23222,23222002,41655,0
23222,23222002,41656,0
23222,23222002,41657,0
23222,23222002,41658,0
23222,23222002,41659,0
23222,23222002,41660,0
23222,23222002,41661,0
23222,23222002,41662,0
23222,23222002,41663,0
23222,23222002,41664,0
23222,23222002,41665,0
23222,23222002,41666,0
23222,23222002,41667,0
23222,23222002,41668,0
23222,23222002,41669,0
23222,23222002,41670,0
23222,23222002,41671,0
23222,23222002,41672,0
23222,23222002,41673,0
23222,23222002,41674,0
23222,23222002,41675,0
23222,23222002,41676,0
23222,23222002,41677,0
23222,23222002,41678,0
23222,23222002,41679,0
23222,23222002,41680,0
23222,23222002,41681,0
23222,23222002,41682,0
23222,23222002,41683,0
23222,23222002,41684,0
23222,23222002,41685,0
23222,23222002,41686,0
23222,23222002,41687,0
23222,23222002,41688,0
23222,23222002,41689,0
23222,23222002,41690,0
23222,23222002,41691,0
23222,23222002,41692,0
23222,23222002,41693,0
23222,23222002,41694,0
23222,23222002,41695,0
23222,23222002,41696,0
23222,23222002,41697,0
23222,23222002,41698,0
23222,23222002,41699,0
23222,23222002,41700,0
23222,23222002,41701,0
23222,23222002,41702,0
23222,23222002,41703,0
23222,23222002,41704,0
23222,23222002,41705,0
23222,23222002,41706,0
23222,23222002,41707,0
23222,23222002,41708,0
23222,23222002,41709,0
23222,23222002,41710,0
23222,23222002,41711,0
23222,23222002,41712,0
23222,23222002,41713,0
23222,23222002,41714,0
23222,23222002,41715,0
23222,23222002,41716,0
23222,23222002,41717,0
23222,23222002,41718,0
23222,23222002,41719,0
23222,23222002,41720,0
23222,23222002,41721,0
23222,23222002,41722,0
23222,23222002,41723,0
23222,23222002,41724,0
23222,23222002,41725,0
23222,23222002,41726,0
23222,23222002,41727,0
23222,23222002,41728,0
23222,23222002,41729,0
23222,23222002,41730,0
23222,23222002,41731,0
23222,23222002,41732,0
23222,23222002,41733,0
23222,23222002,41734,0
23222,23222002,41735,0
23222,23222002,41736,0
23222,23222002,41737,0
23222,23222002,41738,0
23222,23222002,41739,0
23222,23222002,41740,0
23222,23222002,41741,0
23222,23222002,41742,0
23222,23222002,41743,0
23222,23222002,41744,0
23222,23222002,41745,0
23222,23222002,41746,0
23222,23222002,41747,0
23222,23222002,41748,0
23222,23222002,41749,0
23222,23222002,41750,0
23222,23222002,41751,0
23222,23222002,41752,0
23222,23222002,41753,0
23222,23222002,41754,0
23222,23222002,41755,0
23222,23222002,41756,0
23222,23222002,41757,0
23222,23222002,41758,0
23222,23222002,41759,0
23222,23222002,41760,0
23222,23222002,41761,0
23222,23222002,41762,0
23222,23222002,41763,0
23222,23222002,41764,0
23222,23222002,41765,0
23222,23222002,41766,0
23222,23222002,41767,0
23222,23222002,41768,0
23222,23222002,41769,0
23222,23222002,41770,0
23222,23222002,41771,0
23222,23222002,41772,0
23222,23222002,41773,0
23222,23222002,41774,0
23222,23222002,41775,0
23222,23222002,41776,0
23222,23222002,41777,0
23222,23222002,41778,0
23222,23222002,41779,0
23222,23222002,41780,0
23222,23222002,41781,0
23222,23222002,41782,0
23222,23222002,41783,0
23222,23222002,41784,0
23222,23222002,41785,0
23222,23222002,41786,0
23222,23222002,41787,0
23222,23222002,41788,0
23222,23222002,41789,0
23222,23222002,41790,0
23222,23222002,41791,0
23222,23222002,41792,0
23222,23222002,41793,0
23222,23222002,41794,0
23222,23222002,41795,0
23222,23222002,41796,0
23222,23222002,41797,0
23222,23222002,41798,0
23222,23222002,41799,0
23222,23222002,41800,0
23222,23222002,41801,0
23222,23222002,41802,0
23222,23222002,41803,0
23222,23222002,41804,0
23222,23222002,41805,0
23222,23222002,41806,0
23222,23222002,41807,0
23222,23222002,41808,0
23222,23222002,41809,0
23222,23222002,41810,0
23222,23222002,41811,0
23222,23222002,41812,0
23222,23222002,41813,0
23222,23222002,41814,0
23222,23222002,41815,0
23222,23222002,41816,0
23222,23222002,41817,0
23222,23222002,41818,0
23222,23222002,41819,0
23222,23222002,41820,0
23222,23222002,41821,0
23222,23222002,41822,0
23222,23222002,41823,0
23222,23222002,41824,0
23222,23222002,41825,0
23222,23222002,41826,0
23222,23222002,41827,0
23222,23222002,41828,0
23222,23222002,41829,0
23222,23222002,41830,0
23222,23222002,41831,0
23222,23222002,41832,0
23222,23222002,41833,0
23222,23222002,41834,0
23222,23222002,41835,0
23222,23222002,41836,0
23222,23222002,41837,0
23222,23222002,41838,0
23222,23222002,41839,0
23222,23222002,41840,0
23222,23222002,41841,0
23222,23222002,41842,0
23222,23222002,41843,0
23222,23222002,41844,0
23222,23222002,41845,0
23222,23222002,41846,0
23222,23222002,41847,0
23222,23222002,41848,0
23222,23222002,41849,0
23222,23222002,41850,0
23222,23222002,41851,0
23222,23222002,41852,0
23222,23222002,41853,0
23222,23222002,41854,0
23222,23222002,41855,0
23222,23222002,41856,0
23222,23222002,41857,0
23222,23222002,41858,0
23222,23222002,41859,0
23222,23222002,41860,0
23222,23222002,41861,0
23222,23222002,41862,0
23222,23222002,41863,0
23222,23222002,41864,0
23222,23222002,41865,0
23222,23222002,41866,0
23222,23222002,41867,0
23222,23222002,41868,0
23222,23222002,41869,0
23222,23222002,41870,0
23222,23222002,41871,0
23222,23222002,41872,0
23222,23222002,41873,0
23222,23222002,41874,0
23222,23222002,41875,0
23222,23222002,41876,0
23222,23222002,41877,0
23222,23222002,41878,0
23222,23222002,41879,0
23222,23222002,41880,0
23222,23222002,41881,0
23222,23222002,41882,0
23222,23222002,41883,0
23222,23222002,41884,0
23222,23222002,41885,0
23222,23222002,41886,0
23222,23222002,41887,0
23222,23222002,41888,0
23222,23222002,41889,0
23222,23222002,41890,0
23222,23222002,41891,0
23222,23222002,41892,0
23222,23222002,41893,0
23222,23222002,41894,0
23222,23222002,41895,0
23222,23222002,41896,0
23222,23222002,41897,0
23222,23222002,41898,0
23222,23222002,41899,0
23222,23222002,41900,0
23222,23222002,41901,0
23222,23222002,41902,0
23222,23222002,41903,0
23222,23222002,41904,0
23222,23222002,41905,0
23222,23222002,41906,0
23222,23222002,41907,0
23222,23222002,41908,0
23222,23222002,41909,0
23222,23222002,41910,0
23222,23222002,41911,0
23222,23222002,41912,0
23222,23222002,41913,0
23222,23222002,41914,0
23222,23222002,41915,0
23222,23222002,41916,0
23222,23222002,41917,0
23222,23222002,41918,0
23222,23222002,41919,0
23222,23222002,41920,0
23222,23222002,41921,0
23222,23222002,41922,0
23222,23222002,41923,0
23222,23222002,41924,0
23222,23222002,41925,0
23222,23222002,41926,0
23222,23222002,41927,0
23222,23222002,41928,0
23222,23222002,41929,0
23222,23222002,41930,0
23222,23222002,41931,0
23222,23222002,41932,0
23222,23222002,41933,0
23222,23222002,41934,0
23222,23222002,41935,0
23222,23222002,41936,0
23222,23222002,41937,0
23222,23222002,41938,0
23222,23222002,41939,0
23222,23222002,41940,0
23222,23222002,41941,0
23222,23222002,41942,0
23222,23222002,41943,0
23222,23222002,41944,0
23222,23222002,41945,0
23222,23222002,41946,0
23222,23222002,41947,0
23222,23222002,41948,0
23222,23222002,41949,0
23222,23222002,41950,0
23222,23222002,41951,0
23222,23222002,41952,0
23222,23222002,41953,0
23222,23222002,41954,0
23222,23222002,41955,0
23222,23222002,41956,0
23222,23222002,41957,0
23222,23222002,41958,0
23222,23222002,41959,0
23222,23222002,41960,0
23222,23222002,41961,0
23222,23222002,41962,0
23222,23222002,41963,0
23222,23222002,41964,0
23222,23222002,41965,0
23222,23222002,41966,0
23222,23222002,41967,0
23222,23222002,41968,0
23222,23222002,41969,0
23222,23222002,41970,0
23222,23222002,41971,0
23222,23222002,41972,0
23222,23222002,41973,0
23222,23222002,41974,0
23222,23222002,41975,0
23222,23222002,41976,0
23222,23222002,41977,0
23222,23222002,41978,0
23222,23222002,41979,0
23222,23222002,41980,0
23222,23222002,41981,0
23222,23222002,41982,0
23222,23222002,41983,0
23250,23250002,19821,0
23250,23250002,19838,0
23250,23250002,19844,0
23250,23250002,19845,0
23250,23250002,19846,0
23250,23250002,19849,0
23250,23250002,19852,0
23250,23250002,19855,0
23250,23250002,19857,0
23250,23250002,19858,0
23250,23250002,19881,0
23250,23250002,19887,0
23250,23250002,19889,0
23250,23250002,19892,0
23250,23250002,19906,0
23250,23250002,19910,0
23250,23250002,19916,0
23250,23250002,19921,0
23250,23250002,19922,0
23250,23250002,19931,0
23250,23250002,19939,0
23250,23250002,19943,0
23250,23250002,19948,0
23250,23250002,19949,0
23250,23250002,19955,0
23250,23250002,19957,0
23250,23250002,19961,0
23250,23250002,19967,0
23250,23250002,19976,0
23250,23250002,19977,0
23250,23250002,19978,0
23250,23250002,19981,0
23250,23250002,19983,0
23250,23250002,19984,0
23250,23250002,19992,0
23250,23250002,20002,0
23250,23250002,20003,0
23250,23250002,20005,0
23250,23250002,20015,0
23250,23250002,20020,0
23250,23250002,20021,0
23250,23250002,20022,0
23250,23250002,20024,0
23250,23250002,20033,0
23250,23250002,20035,0
23250,23250002,20038,0
23250,23250002,20049,0
23250,23250002,20053,0
23250,23250002,20058,0
23250,23250002,20060,0
23250,23250002,20062,0
23250,23250002,20064,0
23250,23250002,20065,0
23250,23250002,20072,0
23250,23250002,20076,0
23250,23250002,20077,0
23250,23250002,20078,0
23250,23250002,20079,0
23250,23250002,20083,0
23250,23250002,20085,0
23250,23250002,20090,0
23250,23250002,20097,0
23250,23250002,20099,0
23250,23250002,20111,0
23250,23250002,20118,0
23250,23250002,20128,0
23250,23250002,25390,0
23250,23250002,25393,0
23250,23250002,25417,0
23250,23250002,25418,0
23250,23250002,25421,0
23250,23250002,25451,0
23250,23250003,19821,0
23250,23250003,19826,0
23250,23250003,19838,0
23250,23250003,19852,0
23250,23250003,19883,0
23250,23250003,19887,0
23250,23250003,19889,0
23250,23250003,19892,0
23250,23250003,19908,0
23250,23250003,19919,0
23250,23250003,19929,0
23250,23250003,19931,0
23250,23250003,19939,0
23250,23250003,19940,0
23250,23250003,19943,0
23250,23250003,19949,0
23250,23250003,19955,0
23250,23250003,19960,0
23250,23250003,19961,0
23250,23250003,19966,0
23250,23250003,19972,0
23250,23250003,19978,0
23250,23250003,19983,0
23250,23250003,20008,0
23250,23250003,20020,0
23250,23250003,20021,0
23250,23250003,20022,0
23250,23250003,20023,0
23250,23250003,20049,0
23250,23250003,20053,0
23250,23250003,20062,0
23250,23250003,20064,0
23250,23250003,20071,0
23250,23250003,20076,0
23250,23250003,20078,0
23250,23250003,20083,0
23250,23250003,20090,0
23250,23250003,20099,0
23250,23250003,20106,0
23250,23250003,20111,0
23250,23250003,25376,0
23250,23250003,25418,0
23250,23250003,25457,0
23250,23250004,19826,0
23250,23250004,19838,0
23250,23250004,19852,0
23250,23250004,19881,0
23250,23250004,19887,0
23250,23250004,19889,0
23250,23250004,19892,0
23250,23250004,19921,0
23250,23250004,19922,0
23250,23250004,19926,0
23250,23250004,19942,0
23250,23250004,19943,0
23250,23250004,19948,0
23250,23250004,19949,0
23250,23250004,19962,0
23250,23250004,19966,0
23250,23250004,19967,0
23250,23250004,19970,0
23250,23250004,19978,0
23250,23250004,19979,0
23250,23250004,19983,0
23250,23250004,20002,0
23250,23250004,20003,0
23250,23250004,20005,0
23250,23250004,20020,0
23250,23250004,20021,0
23250,23250004,20022,0
23250,23250004,20033,0
23250,23250004,20053,0
23250,23250004,20056,0
23250,23250004,20062,0
23250,23250004,20072,0
23250,23250004,20076,0
23250,23250004,20078,0
23250,23250004,20083,0
23250,23250004,20085,0
23250,23250004,20104,0
23250,23250004,20106,0
23250,23250004,20111,0
23250,23250004,20115,0
23250,23250004,20118,0
23250,23250004,20127,0
23250,23250004,25376,0
23250,23250004,25390,0
23250,23250004,25418,0
23250,23250004,25421,0
23250,23250004,25451,0
23250,23250004,25457,0
23250,23250006,0,0
23250,23250006,1,0
23250,23250006,2,0
23250,23250006,3,0
23250,23250006,4,0
23250,23250006,5,0
23250,23250006,6,0
23250,23250006,7,0
23250,23250006,8,0
23250,23250006,9,0
23250,23250006,10,0
23250,23250006,11,0
23250,23250006,12,0
23250,23250006,13,0
23250,23250006,14,0
23250,23250006,15,0
23250,23250006,16,0
23250,23250006,17,0
23250,23250006,18,0
23250,23250006,19,0
23250,23250006,20,0
23250,23250006,21,0
23250,23250006,22,0
23250,23250006,23,0
23250,23250006,24,0
23250,23250006,25,0
23250,23250006,26,0
23250,23250006,27,0
23250,23250006,28,0
23250,23250006,29,0
23250,23250006,30,0
23250,23250006,31,0
23250,23250006,32,0
23250,23250006,33,0
23250,23250006,34,0
23250,23250006,35,0
23250,23250006,36,0
23250,23250006,37,0
23250,23250006,38,0
23250,23250006,39,0
23250,23250006,40,0
23250,23250006,41,0
23250,23250006,42,0
23250,23250006,43,0
23250,23250006,44,0
23250,23250006,45,0
23250,23250006,46,0
23250,23250006,47,0
23250,23250006,48,0
23250,23250006,49,0
23250,23250006,50,0
23250,23250006,51,0
23250,23250006,52,0
23250,23250006,53,0
23250,23250006,54,0
23250,23250006,55,0
23250,23250006,56,0
23250,23250006,57,0
23250,23250006,58,0
23250,23250006,59,0
23250,23250006,60,0
23250,23250006,61,0
23250,23250006,62,0
23250,23250006,63,0
23250,23250006,64,0
23250,23250006,65,0
23250,23250006,66,0
23250,23250006,67,0
23250,23250006,68,0
23250,23250006,69,0
23250,23250006,70,0
23250,23250006,71,0
23250,23250006,72,0
23250,23250006,73,0
23250,23250006,74,0
23250,23250006,75,0
23250,23250006,76,0
23250,23250006,77,0
23250,23250006,78,0
23250,23250006,79,0
23250,23250006,80,0
23250,23250006,81,0
23250,23250006,82,0
23250,23250006,83,0
23250,23250006,84,0
23250,23250006,85,0
23250,23250006,86,0
23250,23250006,87,0
23250,23250006,88,0
23250,23250006,89,0
23250,23250006,90,0
23250,23250006,91,0
23250,23250006,92,0
23250,23250006,93,0
23250,23250006,94,0
23250,23250006,95,0
23250,23250006,96,0
23250,23250006,97,0
23250,23250006,98,0
23250,23250006,99,0
23250,23250006,100,0
23250,23250006,101,0
23250,23250006,102,0
23250,23250006,103,0
23250,23250006,104,0
23250,23250006,105,0
23250,23250006,106,0
23250,23250006,107,0
23250,23250006,108,0
23250,23250006,109,0
23250,23250006,110,0
23250,23250006,111,0
23250,23250006,112,0
23250,23250006,113,0
23250,23250006,114,0
23250,23250006,115,0
23250,23250006,116,0
23250,23250006,117,0
23250,23250006,118,0
23250,23250006,119,0
23250,23250006,120,0
23250,23250006,121,0
23250,23250006,122,0
23250,23250006,123,0
23250,23250006,124,0
23250,23250006,125,0
23250,23250006,126,0
23250,23250006,127,0
23250,23250006,128,0
23250,23250006,129,0
23250,23250006,130,0
23250,23250006,131,0
23250,23250006,132,0
23250,23250006,133,0
23250,23250006,134,0
23250,23250006,135,0
23250,23250006,136,0
23250,23250006,137,0
23250,23250006,138,0
23250,23250006,139,0
23250,23250006,140,0
23250,23250006,141,0
23250,23250006,142,0
23250,23250006,143,0
23250,23250006,144,0
23250,23250006,145,0
23250,23250006,146,0
23250,23250006,147,0
23250,23250006,148,0
23250,23250006,149,0
23250,23250006,150,0
23250,23250006,151,0
23250,23250006,152,0
23250,23250006,153,0
23250,23250006,154,0
23250,23250006,155,0
23250,23250006,156,0
23250,23250006,157,0
23250,23250006,158,0
23250,23250006,159,0
23250,23250006,160,0
23250,23250006,161,0
23250,23250006,162,0
23250,23250006,163,0
23250,23250006,164,0
23250,23250006,165,0
23250,23250006,166,0
23250,23250006,167,0
23250,23250006,168,0
23250,23250006,169,0
23250,23250006,170,0
23250,23250006,171,0
23250,23250006,172,0
23250,23250006,173,0
23250,23250006,174,0
23250,23250006,175,0
23250,23250006,176,0
23250,23250006,177,0
23250,23250006,178,0
23250,23250006,179,0
23250,23250006,180,0
23250,23250006,181,0
23250,23250006,182,0
23250,23250006,183,0
23250,23250006,184,0
23250,23250006,185,0
23250,23250006,186,0
23250,23250006,187,0
23250,23250006,188,0
23250,23250006,189,0
23250,23250006,190,0
23250,23250006,191,0
23250,23250006,192,0
23250,23250006,193,0
23250,23250006,194,0
23250,23250006,195,0
23250,23250006,196,0
23250,23250006,197,0
23250,23250006,198,0
23250,23250006,199,0
23250,23250006,200,0
23250,23250006,201,0
23250,23250006,202,0
23250,23250006,203,0
23250,23250006,204,0
23250,23250006,205,0
23250,23250006,206,0
23250,23250006,207,0
23250,23250006,208,0
23250,23250006,209,0
23250,23250006,210,0
23250,23250006,211,0
23250,23250006,212,0
23250,23250006,213,0
23250,23250006,214,0
23250,23250006,215,0
23250,23250006,216,0
23250,23250006,217,0
23250,23250006,218,0
23250,23250006,219,0
23250,23250006,220,0
23250,23250006,221,0
23250,23250006,222,0
23250,23250006,223,0
23250,23250006,224,0
23250,23250006,225,0
23250,23250006,226,0
23250,23250006,227,0
23250,23250006,228,0
23250,23250006,229,0
23250,23250006,230,0
23250,23250006,231,0
23250,23250006,232,0
23250,23250006,233,0
23250,23250006,234,0
23250,23250006,235,0
23250,23250006,236,0
23250,23250006,237,0
23250,23250006,238,0
23250,23250006,239,0
23250,23250006,240,0
23250,23250006,241,0
23250,23250006,242,0
23250,23250006,243,0
23250,23250006,244,0
23250,23250006,245,0
23250,23250006,246,0
23250,23250006,247,0
23250,23250006,248,0
23250,23250006,249,0
23250,23250006,250,0
23250,23250006,251,0
23250,23250006,252,0
23250,23250006,253,0
23250,23250006,254,0
23250,23250006,255,0
23250,23250006,256,0
23250,23250006,257,0
23250,23250006,258,0
23250,23250006,259,0
23250,23250006,260,0
23250,23250006,261,0
23250,23250006,262,0
23250,23250006,1443,0
23250,23250006,1517,0
23250,23250006,18301,0
23250,23250006,18320,0
23250,23250006,18330,0
23250,23250006,18342,0
23250,23250006,18347,0
23250,23250006,18355,0
23250,23250006,18356,0
23250,23250006,18374,0
23250,23250006,18390,0
23250,23250006,18411,0
23250,23250006,18425,0
23250,23250006,18428,0
23250,23250006,18436,0
23250,23250006,18461,0
23250,23250006,18462,0
23250,23250006,18466,0
23250,23250006,18479,0
23250,23250006,18508,0
23250,23250007,0,0
23250,23250007,1,0
23250,23250007,2,0
23250,23250007,3,0
23250,23250007,4,0
23250,23250007,5,0
23250,23250007,6,0
23250,23250007,7,0
23250,23250007,8,0
23250,23250007,9,0
23250,23250007,10,0
23250,23250007,11,0
23250,23250007,12,0
23250,23250007,13,0
23250,23250007,14,0
23250,23250007,15,0
23250,23250007,16,0
23250,23250007,17,0
23250,23250007,18,0
23250,23250007,19,0
23250,23250007,20,0
23250,23250007,21,0
23250,23250007,22,0
23250,23250007,23,0
23250,23250007,24,0
23250,23250007,25,0
23250,23250007,26,0
23250,23250007,27,0
23250,23250007,28,0
23250,23250007,29,0
23250,23250007,30,0
23250,23250007,31,0
23250,23250007,32,0
23250,23250007,33,0
23250,23250007,34,0
23250,23250007,35,0
23250,23250007,36,0
23250,23250007,37,0
23250,23250007,38,0
23250,23250007,39,0
23250,23250007,40,0
23250,23250007,41,0
23250,23250007,42,0
23250,23250007,43,0
23250,23250007,44,0
23250,23250007,45,0
23250,23250007,46,0
23250,23250007,47,0
23250,23250007,48,0
23250,23250007,49,0
23250,23250007,50,0
23250,23250007,51,0
23250,23250007,52,0
23250,23250007,53,0
23250,23250007,54,0
23250,23250007,55,0
23250,23250007,56,0
23250,23250007,57,0
23250,23250007,58,0
23250,23250007,59,0
23250,23250007,60,0
23250,23250007,61,0
23250,23250007,62,0
23250,23250007,63,0
23250,23250007,64,0
23250,23250007,65,0
23250,23250007,66,0
23250,23250007,67,0
23250,23250007,68,0
23250,23250007,69,0
23250,23250007,70,0
23250,23250007,71,0
23250,23250007,72,0
23250,23250007,73,0
23250,23250007,74,0
23250,23250007,75,0
23250,23250007,76,0
23250,23250007,77,0
23250,23250007,78,0
23250,23250007,79,0
23250,23250007,80,0
23250,23250007,81,0
23250,23250007,82,0
23250,23250007,83,0
23250,23250007,84,0
23250,23250007,85,0
23250,23250007,86,0
23250,23250007,87,0
23250,23250007,88,0
23250,23250007,89,0
23250,23250007,90,0
23250,23250007,91,0
23250,23250007,92,0
23250,23250007,93,0
23250,23250007,94,0
23250,23250007,95,0
23250,23250007,96,0
23250,23250007,97,0
23250,23250007,98,0
23250,23250007,99,0
23250,23250007,100,0
23250,23250007,101,0
23250,23250007,102,0
23250,23250007,103,0
23250,23250007,104,0
23250,23250007,105,0
23250,23250007,106,0
23250,23250007,107,0
23250,23250007,108,0
23250,23250007,109,0
23250,23250007,110,0
23250,23250007,111,0
23250,23250007,112,0
23250,23250007,113,0
23250,23250007,114,0
23250,23250007,115,0
23250,23250007,116,0
23250,23250007,117,0
23250,23250007,118,0
23250,23250007,119,0
23250,23250007,120,0
23250,23250007,121,0
23250,23250007,122,0
23250,23250007,123,0
23250,23250007,124,0
23250,23250007,125,0
23250,23250007,126,0
23250,23250007,127,0
23250,23250007,128,0
23250,23250007,129,0
23250,23250007,130,0
23250,23250007,131,0
23250,23250007,132,0
23250,23250007,133,0
23250,23250007,134,0
23250,23250007,135,0
23250,23250007,136,0
23250,23250007,137,0
23250,23250007,138,0
23250,23250007,139,0
23250,23250007,140,0
23250,23250007,141,0
23250,23250007,142,0
23250,23250007,143,0
23250,23250007,144,0
23250,23250007,145,0
23250,23250007,146,0
23250,23250007,147,0
23250,23250007,148,0
23250,23250007,149,0
23250,23250007,150,0
23250,23250007,151,0
23250,23250007,152,0
23250,23250007,153,0
23250,23250007,154,0
23250,23250007,155,0
23250,23250007,156,0
23250,23250007,157,0
23250,23250007,158,0
23250,23250007,159,0
23250,23250007,160,0
23250,23250007,161,0
23250,23250007,162,0
23250,23250007,163,0
23250,23250007,164,0
23250,23250007,165,0
23250,23250007,166,0
23250,23250007,167,0
23250,23250007,168,0
23250,23250007,169,0
23250,23250007,170,0
23250,23250007,171,0
23250,23250007,172,0
23250,23250007,173,0
23250,23250007,174,0
23250,23250007,175,0
23250,23250007,176,0
23250,23250007,177,0
23250,23250007,178,0
23250,23250007,179,0
23250,23250007,180,0
23250,23250007,181,0
23250,23250007,182,0
23250,23250007,183,0
23250,23250007,184,0
23250,23250007,185,0
23250,23250007,186,0
23250,23250007,187,0
23250,23250007,188,0
23250,23250007,189,0
23250,23250007,190,0
23250,23250007,191,0
23250,23250007,192,0
23250,23250007,193,0
23250,23250007,194,0
23250,23250007,195,0
23250,23250007,196,0
23250,23250007,197,0
23250,23250007,198,0
23250,23250007,199,0
23250,23250007,200,0
23250,23250007,201,0
23250,23250007,202,0
23250,23250007,203,0
23250,23250007,204,0
23250,23250007,205,0
23250,23250007,206,0
23250,23250007,207,0
23250,23250007,208,0
23250,23250007,209,0
23250,23250007,210,0
23250,23250007,211,0
23250,23250007,212,0
23250,23250007,213,0
23250,23250007,214,0
23250,23250007,215,0
23250,23250007,216,0
23250,23250007,217,0
23250,23250007,218,0
23250,23250007,219,0
23250,23250007,220,0
23250,23250007,221,0
23250,23250007,222,0
23250,23250007,223,0
23250,23250007,224,0
23250,23250007,225,0
23250,23250007,226,0
23250,23250007,227,0
23250,23250007,228,0
23250,23250007,229,0
23250,23250007,230,0
23250,23250007,231,0
23250,23250007,232,0
23250,23250007,233,0
23250,23250007,234,0
23250,23250007,235,0
23250,23250007,236,0
23250,23250007,237,0
23250,23250007,238,0
23250,23250007,239,0
23250,23250007,240,0
23250,23250007,241,0
23250,23250007,242,0
23250,23250007,243,0
23250,23250007,244,0
23250,23250007,245,0
23250,23250007,246,0
23250,23250007,247,0
23250,23250007,248,0
23250,23250007,249,0
23250,23250007,250,0
23250,23250007,251,0
23250,23250007,252,0
23250,23250007,253,0
23250,23250007,254,0
23250,23250007,255,0
23250,23250007,256,0
23250,23250007,257,0
23250,23250007,258,0
23250,23250007,259,0
23250,23250007,260,0
23250,23250007,261,0
23250,23250007,262,0
23250,23250007,18301,0
23250,23250007,18315,0
23250,23250007,18320,0
23250,23250007,18329,0
23250,23250007,18330,0
23250,23250007,18331,0
23250,23250007,18334,0
23250,23250007,18340,0
23250,23250007,18347,0
23250,23250007,18355,0
23250,23250007,18363,0
23250,23250007,18374,0
23250,23250007,18399,0
23250,23250007,18411,0
23250,23250007,18419,0
23250,23250007,18428,0
23250,23250007,18436,0
23250,23250007,18461,0
23250,23250007,18466,0
23250,23250007,18467,0
23250,23250007,18498,0
23250,23250007,18508,0
23250,23250008,0,0
23250,23250008,1,0
23250,23250008,2,0
23250,23250008,3,0
23250,23250008,4,0
23250,23250008,5,0
23250,23250008,6,0
23250,23250008,7,0
23250,23250008,8,0
23250,23250008,9,0
23250,23250008,10,0
23250,23250008,11,0
23250,23250008,12,0
23250,23250008,13,0
23250,23250008,14,0
23250,23250008,15,0
23250,23250008,16,0
23250,23250008,17,0
23250,23250008,18,0
23250,23250008,19,0
23250,23250008,20,0
23250,23250008,21,0
23250,23250008,22,0
23250,23250008,23,0
23250,23250008,24,0
23250,23250008,25,0
23250,23250008,26,0
23250,23250008,27,0
23250,23250008,28,0
23250,23250008,29,0
23250,23250008,30,0
23250,23250008,31,0
23250,23250008,32,0
23250,23250008,33,0
23250,23250008,34,0
23250,23250008,35,0
23250,23250008,36,0
23250,23250008,37,0
23250,23250008,38,0
23250,23250008,39,0
23250,23250008,40,0
23250,23250008,41,0
23250,23250008,42,0
23250,23250008,43,0
23250,23250008,44,0
23250,23250008,45,0
23250,23250008,46,0
23250,23250008,47,0
23250,23250008,48,0
23250,23250008,49,0
23250,23250008,50,0
23250,23250008,51,0
23250,23250008,52,0
23250,23250008,53,0
23250,23250008,54,0
23250,23250008,55,0
23250,23250008,56,0
23250,23250008,57,0
23250,23250008,58,0
23250,23250008,59,0
23250,23250008,60,0
23250,23250008,61,0
23250,23250008,62,0
23250,23250008,63,0
23250,23250008,64,0
23250,23250008,65,0
23250,23250008,66,0
23250,23250008,67,0
23250,23250008,68,0
23250,23250008,69,0
23250,23250008,70,0
23250,23250008,71,0
23250,23250008,72,0
23250,23250008,73,0
23250,23250008,74,0
23250,23250008,75,0
23250,23250008,76,0
23250,23250008,77,0
23250,23250008,78,0
23250,23250008,79,0
23250,23250008,80,0
23250,23250008,81,0
23250,23250008,82,0
23250,23250008,83,0
23250,23250008,84,0
23250,23250008,85,0
23250,23250008,86,0
23250,23250008,87,0
23250,23250008,88,0
23250,23250008,89,0
23250,23250008,90,0
23250,23250008,91,0
23250,23250008,92,0
23250,23250008,93,0
23250,23250008,94,0
23250,23250008,95,0
23250,23250008,96,0
23250,23250008,97,0
23250,23250008,98,0
23250,23250008,99,0
23250,23250008,100,0
23250,23250008,101,0
23250,23250008,102,0
23250,23250008,103,0
23250,23250008,104,0
23250,23250008,105,0
23250,23250008,106,0
23250,23250008,107,0
23250,23250008,108,0
23250,23250008,109,0
23250,23250008,110,0
23250,23250008,111,0
23250,23250008,112,0
23250,23250008,113,0
23250,23250008,114,0
23250,23250008,115,0
23250,23250008,116,0
23250,23250008,117,0
23250,23250008,118,0
23250,23250008,119,0
23250,23250008,120,0
23250,23250008,121,0
23250,23250008,122,0
23250,23250008,123,0
23250,23250008,124,0
23250,23250008,125,0
23250,23250008,126,0
23250,23250008,127,0
23250,23250008,128,0
23250,23250008,129,0
23250,23250008,130,0
23250,23250008,131,0
23250,23250008,132,0
23250,23250008,133,0
23250,23250008,134,0
23250,23250008,135,0
23250,23250008,136,0
23250,23250008,137,0
23250,23250008,138,0
23250,23250008,139,0
23250,23250008,140,0
23250,23250008,141,0
23250,23250008,142,0
23250,23250008,143,0
23250,23250008,144,0
23250,23250008,145,0
23250,23250008,146,0
23250,23250008,147,0
23250,23250008,148,0
23250,23250008,149,0
23250,23250008,150,0
23250,23250008,151,0
23250,23250008,152,0
23250,23250008,153,0
23250,23250008,154,0
23250,23250008,155,0
23250,23250008,156,0
23250,23250008,157,0
23250,23250008,158,0
23250,23250008,159,0
23250,23250008,160,0
23250,23250008,161,0
23250,23250008,162,0
23250,23250008,163,0
23250,23250008,164,0
23250,23250008,165,0
23250,23250008,166,0
23250,23250008,167,0
23250,23250008,168,0
23250,23250008,169,0
23250,23250008,170,0
23250,23250008,171,0
23250,23250008,172,0
23250,23250008,173,0
23250,23250008,174,0
23250,23250008,175,0
23250,23250008,176,0
23250,23250008,177,0
23250,23250008,178,0
23250,23250008,179,0
23250,23250008,180,0
23250,23250008,181,0
23250,23250008,182,0
23250,23250008,183,0
23250,23250008,184,0
23250,23250008,185,0
23250,23250008,186,0
23250,23250008,187,0
23250,23250008,188,0
23250,23250008,189,0
23250,23250008,190,0
23250,23250008,191,0
23250,23250008,192,0
23250,23250008,193,0
23250,23250008,194,0
23250,23250008,195,0
23250,23250008,196,0
23250,23250008,197,0
23250,23250008,198,0
23250,23250008,199,0
23250,23250008,200,0
23250,23250008,201,0
23250,23250008,202,0
23250,23250008,203,0
23250,23250008,204,0
23250,23250008,205,0
23250,23250008,206,0
23250,23250008,207,0
23250,23250008,208,0
23250,23250008,209,0
23250,23250008,210,0
23250,23250008,211,0
23250,23250008,212,0
23250,23250008,213,0
23250,23250008,214,0
23250,23250008,215,0
23250,23250008,216,0
23250,23250008,217,0
23250,23250008,218,0
23250,23250008,219,0
23250,23250008,220,0
23250,23250008,221,0
23250,23250008,222,0
23250,23250008,223,0
23250,23250008,224,0
23250,23250008,225,0
23250,23250008,226,0
23250,23250008,227,0
23250,23250008,228,0
23250,23250008,229,0
23250,23250008,230,0
23250,23250008,231,0
23250,23250008,232,0
23250,23250008,233,0
23250,23250008,234,0
23250,23250008,235,0
23250,23250008,236,0
23250,23250008,237,0
23250,23250008,238,0
23250,23250008,239,0
23250,23250008,240,0
23250,23250008,241,0
23250,23250008,242,0
23250,23250008,243,0
23250,23250008,244,0
23250,23250008,245,0
23250,23250008,246,0
23250,23250008,247,0
23250,23250008,248,0
23250,23250008,249,0
23250,23250008,250,0
23250,23250008,251,0
23250,23250008,252,0
23250,23250008,253,0
23250,23250008,254,0
23250,23250008,255,0
23250,23250008,256,0
23250,23250008,257,0
23250,23250008,258,0
23250,23250008,259,0
23250,23250008,260,0
23250,23250008,261,0
23250,23250008,262,0
23250,23250008,269,0
23250,23250008,278,0
23250,23250008,299,0
23250,23250008,304,0
23250,23250008,305,0
23250,23250008,400,0
23250,23250008,509,0
23250,23250008,18301,0
23250,23250008,18308,0
23250,23250008,18309,0
23250,23250008,18310,0
23250,23250008,18313,0
23250,23250008,18314,0
23250,23250008,18315,0
23250,23250008,18318,0
23250,23250008,18319,0
23250,23250008,18330,0
23250,23250008,18331,0
23250,23250008,18334,0
23250,23250008,18337,0
23250,23250008,18338,0
23250,23250008,18340,0
23250,23250008,18342,0
23250,23250008,18345,0
23250,23250008,18346,0
23250,23250008,18347,0
23250,23250008,18348,0
23250,23250008,18349,0
23250,23250008,18354,0
23250,23250008,18355,0
23250,23250008,18356,0
23250,23250008,18359,0
23250,23250008,18361,0
23250,23250008,18363,0
23250,23250008,18366,0
23250,23250008,18372,0
23250,23250008,18374,0
23250,23250008,18378,0
23250,23250008,18380,0
23250,23250008,18381,0
23250,23250008,18382,0
23250,23250008,18388,0
23250,23250008,18389,0
23250,23250008,18390,0
23250,23250008,18392,0
23250,23250008,18393,0
23250,23250008,18395,0
23250,23250008,18396,0
23250,23250008,18398,0
23250,23250008,18399,0
23250,23250008,18401,0
23250,23250008,18403,0
23250,23250008,18406,0
23250,23250008,18407,0
23250,23250008,18408,0
23250,23250008,18411,0
23250,23250008,18413,0
23250,23250008,18414,0
23250,23250008,18417,0
23250,23250008,18419,0
23250,23250008,18420,0
23250,23250008,18421,0
23250,23250008,18423,0
23250,23250008,18424,0
23250,23250008,18425,0
23250,23250008,18428,0
23250,23250008,18430,0
23250,23250008,18434,0
23250,23250008,18436,0
23250,23250008,18438,0
23250,23250008,18440,0
23250,23250008,18441,0
23250,23250008,18446,0
23250,23250008,18447,0
23250,23250008,18449,0
23250,23250008,18450,0
23250,23250008,18453,0
23250,23250008,18454,0
23250,23250008,18455,0
23250,23250008,18456,0
23250,23250008,18457,0
23250,23250008,18460,0
23250,23250008,18461,0
23250,23250008,18462,0
23250,23250008,18464,0
23250,23250008,18466,0
23250,23250008,18467,0
23250,23250008,18470,0
23250,23250008,18473,0
23250,23250008,18474,0
23250,23250008,18477,0
23250,23250008,18479,0
23250,23250008,18480,0
23250,23250008,18484,0
23250,23250008,18489,0
23250,23250008,18496,0
23250,23250008,18497,0
23250,23250008,18498,0
23250,23250008,18499,0
23250,23250008,18506,0
23250,23250008,18508,0
23250,23250008,18511,0
23250,23250009,0,0
23250,23250009,1,0
23250,23250009,2,0
23250,23250009,3,0
23250,23250009,4,0
23250,23250009,5,0
23250,23250009,6,0
23250,23250009,7,0
23250,23250009,8,0
23250,23250009,9,0
23250,23250009,10,0
23250,23250009,11,0
23250,23250009,12,0
23250,23250009,13,0
23250,23250009,14,0
23250,23250009,15,0
23250,23250009,16,0
23250,23250009,17,0
23250,23250009,18,0
23250,23250009,19,0
23250,23250009,20,0
23250,23250009,21,0
23250,23250009,22,0
23250,23250009,23,0
23250,23250009,24,0
23250,23250009,25,0
23250,23250009,26,0
23250,23250009,27,0
23250,23250009,28,0
23250,23250009,29,0
23250,23250009,30,0
23250,23250009,31,0
23250,23250009,32,0
23250,23250009,33,0
23250,23250009,34,0
23250,23250009,35,0
23250,23250009,36,0
23250,23250009,37,0
23250,23250009,38,0
23250,23250009,39,0
23250,23250009,40,0
23250,23250009,41,0
23250,23250009,42,0
23250,23250009,43,0
23250,23250009,44,0
23250,23250009,45,0
23250,23250009,46,0
23250,23250009,47,0
23250,23250009,48,0
23250,23250009,49,0
23250,23250009,50,0
23250,23250009,51,0
23250,23250009,52,0
23250,23250009,53,0
23250,23250009,54,0
23250,23250009,55,0
23250,23250009,56,0
23250,23250009,57,0
23250,23250009,58,0
23250,23250009,59,0
23250,23250009,60,0
23250,23250009,61,0
23250,23250009,62,0
23250,23250009,63,0
23250,23250009,64,0
23250,23250009,65,0
23250,23250009,66,0
23250,23250009,67,0
23250,23250009,68,0
23250,23250009,69,0
23250,23250009,70,0
23250,23250009,71,0
23250,23250009,72,0
23250,23250009,73,0
23250,23250009,74,0
23250,23250009,75,0
23250,23250009,76,0
23250,23250009,77,0
23250,23250009,78,0
23250,23250009,79,0
23250,23250009,80,0
23250,23250009,81,0
23250,23250009,82,0
23250,23250009,83,0
23250,23250009,84,0
23250,23250009,85,0
23250,23250009,86,0
23250,23250009,87,0
23250,23250009,88,0
23250,23250009,89,0
23250,23250009,90,0
23250,23250009,91,0
23250,23250009,92,0
23250,23250009,93,0
23250,23250009,94,0
23250,23250009,95,0
23250,23250009,96,0
23250,23250009,97,0
23250,23250009,98,0
23250,23250009,99,0
23250,23250009,100,0
23250,23250009,101,0
23250,23250009,102,0
23250,23250009,103,0
23250,23250009,104,0
23250,23250009,105,0
23250,23250009,106,0
23250,23250009,107,0
23250,23250009,108,0
23250,23250009,109,0
23250,23250009,110,0
23250,23250009,111,0
23250,23250009,112,0
23250,23250009,113,0
23250,23250009,114,0
23250,23250009,115,0
23250,23250009,116,0
23250,23250009,117,0
23250,23250009,118,0
23250,23250009,119,0
23250,23250009,120,0
23250,23250009,121,0
23250,23250009,122,0
23250,23250009,123,0
23250,23250009,124,0
23250,23250009,125,0
23250,23250009,126,0
23250,23250009,127,0
23250,23250009,128,0
23250,23250009,129,0
23250,23250009,130,0
23250,23250009,131,0
23250,23250009,132,0
23250,23250009,133,0
23250,23250009,134,0
23250,23250009,135,0
23250,23250009,136,0
23250,23250009,137,0
23250,23250009,138,0
23250,23250009,139,0
23250,23250009,140,0
23250,23250009,141,0
23250,23250009,142,0
23250,23250009,143,0
23250,23250009,144,0
23250,23250009,145,0
23250,23250009,146,0
23250,23250009,147,0
23250,23250009,148,0
23250,23250009,149,0
23250,23250009,150,0
23250,23250009,151,0
23250,23250009,152,0
23250,23250009,153,0
23250,23250009,154,0
23250,23250009,155,0
23250,23250009,156,0
23250,23250009,157,0
23250,23250009,158,0
23250,23250009,159,0
23250,23250009,160,0
23250,23250009,161,0
23250,23250009,162,0
23250,23250009,163,0
23250,23250009,164,0
23250,23250009,165,0
23250,23250009,166,0
23250,23250009,167,0
23250,23250009,168,0
23250,23250009,169,0
23250,23250009,170,0
23250,23250009,171,0
23250,23250009,172,0
23250,23250009,173,0
23250,23250009,174,0
23250,23250009,175,0
23250,23250009,176,0
23250,23250009,177,0
23250,23250009,178,0
23250,23250009,179,0
23250,23250009,180,0
23250,23250009,181,0
23250,23250009,182,0
23250,23250009,183,0
23250,23250009,184,0
23250,23250009,185,0
23250,23250009,186,0
23250,23250009,187,0
23250,23250009,188,0
23250,23250009,189,0
23250,23250009,190,0
23250,23250009,191,0
23250,23250009,192,0
23250,23250009,193,0
23250,23250009,194,0
23250,23250009,195,0
23250,23250009,196,0
23250,23250009,197,0
23250,23250009,198,0
23250,23250009,199,0
23250,23250009,200,0
23250,23250009,201,0
23250,23250009,202,0
23250,23250009,203,0
23250,23250009,204,0
23250,23250009,205,0
23250,23250009,206,0
23250,23250009,207,0
23250,23250009,208,0
23250,23250009,209,0
23250,23250009,210,0
23250,23250009,211,0
23250,23250009,212,0
23250,23250009,213,0
23250,23250009,214,0
23250,23250009,215,0
23250,23250009,216,0
23250,23250009,217,0
23250,23250009,218,0
23250,23250009,219,0
23250,23250009,220,0
23250,23250009,221,0
23250,23250009,222,0
23250,23250009,223,0
23250,23250009,224,0
23250,23250009,225,0
23250,23250009,226,0
23250,23250009,227,0
23250,23250009,228,0
23250,23250009,229,0
23250,23250009,230,0
23250,23250009,231,0
23250,23250009,232,0
23250,23250009,233,0
23250,23250009,234,0
23250,23250009,235,0
23250,23250009,236,0
23250,23250009,237,0
23250,23250009,238,0
23250,23250009,239,0
23250,23250009,240,0
23250,23250009,241,0
23250,23250009,242,0
23250,23250009,243,0
23250,23250009,244,0
23250,23250009,245,0
23250,23250009,246,0
23250,23250009,247,0
23250,23250009,248,0
23250,23250009,249,0
23250,23250009,250,0
23250,23250009,251,0
23250,23250009,252,0
23250,23250009,253,0
23250,23250009,254,0
23250,23250009,255,0
23250,23250009,256,0
23250,23250009,257,0
23250,23250009,258,0
23250,23250009,259,0
23250,23250009,260,0
23250,23250009,261,0
23250,23250009,262,0
23250,23250009,18301,0
23250,23250009,18309,0
23250,23250009,18313,0
23250,23250009,18315,0
23250,23250009,18320,0
23250,23250009,18329,0
23250,23250009,18330,0
23250,23250009,18340,0
23250,23250009,18346,0
23250,23250009,18347,0
23250,23250009,18355,0
23250,23250009,18374,0
23250,23250009,18389,0
23250,23250009,18395,0
23250,23250009,18399,0
23250,23250009,18411,0
23250,23250009,18418,0
23250,23250009,18419,0
23250,23250009,18425,0
23250,23250009,18428,0
23250,23250009,18430,0
23250,23250009,18436,0
23250,23250009,18437,0
23250,23250009,18449,0
23250,23250009,18453,0
23250,23250009,18454,0
23250,23250009,18455,0
23250,23250009,18458,0
23250,23250009,18461,0
23250,23250009,18462,0
23250,23250009,18466,0
23250,23250009,18467,0
23250,23250009,18474,0
23250,23250009,18498,0
23250,23250009,18511,0
23250,23250010,0,0
23250,23250010,1,0
23250,23250010,2,0
23250,23250010,3,0
23250,23250010,4,0
23250,23250010,5,0
23250,23250010,6,0
23250,23250010,7,0
23250,23250010,8,0
23250,23250010,9,0
23250,23250010,10,0
23250,23250010,11,0
23250,23250010,12,0
23250,23250010,13,0
23250,23250010,14,0
23250,23250010,15,0
23250,23250010,16,0
23250,23250010,17,0
23250,23250010,18,0
23250,23250010,19,0
23250,23250010,20,0
23250,23250010,21,0
23250,23250010,22,0
23250,23250010,23,0
23250,23250010,24,0
23250,23250010,25,0
23250,23250010,26,0
23250,23250010,27,0
23250,23250010,28,0
23250,23250010,29,0
23250,23250010,30,0
23250,23250010,31,0
23250,23250010,32,0
23250,23250010,33,0
23250,23250010,34,0
23250,23250010,35,0
23250,23250010,36,0
23250,23250010,37,0
23250,23250010,38,0
23250,23250010,39,0
23250,23250010,40,0
23250,23250010,41,0
23250,23250010,42,0
23250,23250010,43,0
23250,23250010,44,0
23250,23250010,45,0
23250,23250010,46,0
23250,23250010,47,0
23250,23250010,48,0
23250,23250010,49,0
23250,23250010,50,0
23250,23250010,51,0
23250,23250010,52,0
23250,23250010,53,0
23250,23250010,54,0
23250,23250010,55,0
23250,23250010,56,0
23250,23250010,57,0
23250,23250010,58,0
23250,23250010,59,0
23250,23250010,60,0
23250,23250010,61,0
23250,23250010,62,0
23250,23250010,63,0
23250,23250010,64,0
23250,23250010,65,0
23250,23250010,66,0
23250,23250010,67,0
23250,23250010,68,0
23250,23250010,69,0
23250,23250010,70,0
23250,23250010,71,0
23250,23250010,72,0
23250,23250010,73,0
23250,23250010,74,0
23250,23250010,75,0
23250,23250010,76,0
23250,23250010,77,0
23250,23250010,78,0
23250,23250010,79,0
23250,23250010,80,0
23250,23250010,81,0
23250,23250010,82,0
23250,23250010,83,0
23250,23250010,84,0
23250,23250010,85,0
23250,23250010,86,0
23250,23250010,87,0
23250,23250010,88,0
23250,23250010,89,0
23250,23250010,90,0
23250,23250010,91,0
23250,23250010,92,0
23250,23250010,93,0
23250,23250010,94,0
23250,23250010,95,0
23250,23250010,96,0
23250,23250010,97,0
23250,23250010,98,0
23250,23250010,99,0
23250,23250010,100,0
23250,23250010,101,0
23250,23250010,102,0
23250,23250010,103,0
23250,23250010,104,0
23250,23250010,105,0
23250,23250010,106,0
23250,23250010,107,0
23250,23250010,108,0
23250,23250010,109,0
23250,23250010,110,0
23250,23250010,111,0
23250,23250010,112,0
23250,23250010,113,0
23250,23250010,114,0
23250,23250010,115,0
23250,23250010,116,0
23250,23250010,117,0
23250,23250010,118,0
23250,23250010,119,0
23250,23250010,120,0
23250,23250010,121,0
23250,23250010,122,0
23250,23250010,123,0
23250,23250010,124,0
23250,23250010,125,0
23250,23250010,126,0
23250,23250010,127,0
23250,23250010,128,0
23250,23250010,129,0
23250,23250010,130,0
23250,23250010,131,0
23250,23250010,132,0
23250,23250010,133,0
23250,23250010,134,0
23250,23250010,135,0
23250,23250010,136,0
23250,23250010,137,0
23250,23250010,138,0
23250,23250010,139,0
23250,23250010,140,0
23250,23250010,141,0
23250,23250010,142,0
23250,23250010,143,0
23250,23250010,144,0
23250,23250010,145,0
23250,23250010,146,0
23250,23250010,147,0
23250,23250010,148,0
23250,23250010,149,0
23250,23250010,150,0
23250,23250010,151,0
23250,23250010,152,0
23250,23250010,153,0
23250,23250010,154,0
23250,23250010,155,0
23250,23250010,156,0
23250,23250010,157,0
23250,23250010,158,0
23250,23250010,159,0
23250,23250010,160,0
23250,23250010,161,0
23250,23250010,162,0
23250,23250010,163,0
23250,23250010,164,0
23250,23250010,165,0
23250,23250010,166,0
23250,23250010,167,0
23250,23250010,168,0
23250,23250010,169,0
23250,23250010,170,0
23250,23250010,171,0
23250,23250010,172,0
23250,23250010,173,0
23250,23250010,174,0
23250,23250010,175,0
23250,23250010,176,0
23250,23250010,177,0
23250,23250010,178,0
23250,23250010,179,0
23250,23250010,180,0
23250,23250010,181,0
23250,23250010,182,0
23250,23250010,183,0
23250,23250010,184,0
23250,23250010,185,0
23250,23250010,186,0
23250,23250010,187,0
23250,23250010,188,0
23250,23250010,189,0
23250,23250010,190,0
23250,23250010,191,0
23250,23250010,192,0
23250,23250010,193,0
23250,23250010,194,0
23250,23250010,195,0
23250,23250010,196,0
23250,23250010,197,0
23250,23250010,198,0
23250,23250010,199,0
23250,23250010,200,0
23250,23250010,201,0
23250,23250010,202,0
23250,23250010,203,0
23250,23250010,204,0
23250,23250010,205,0
23250,23250010,206,0
23250,23250010,207,0
23250,23250010,208,0
23250,23250010,209,0
23250,23250010,210,0
23250,23250010,211,0
23250,23250010,212,0
23250,23250010,213,0
23250,23250010,214,0
23250,23250010,215,0
23250,23250010,216,0
23250,23250010,217,0
23250,23250010,218,0
23250,23250010,219,0
23250,23250010,220,0
23250,23250010,221,0
23250,23250010,222,0
23250,23250010,223,0
23250,23250010,224,0
23250,23250010,225,0
23250,23250010,226,0
23250,23250010,227,0
23250,23250010,228,0
23250,23250010,229,0
23250,23250010,230,0
23250,23250010,231,0
23250,23250010,232,0
23250,23250010,233,0
23250,23250010,234,0
23250,23250010,235,0
23250,23250010,236,0
23250,23250010,237,0
23250,23250010,238,0
23250,23250010,239,0
23250,23250010,240,0
23250,23250010,241,0
23250,23250010,242,0
23250,23250010,243,0
23250,23250010,244,0
23250,23250010,245,0
23250,23250010,246,0
23250,23250010,247,0
23250,23250010,248,0
23250,23250010,249,0
23250,23250010,250,0
23250,23250010,251,0
23250,23250010,252,0
23250,23250010,253,0
23250,23250010,254,0
23250,23250010,255,0
23250,23250010,256,0
23250,23250010,257,0
23250,23250010,258,0
23250,23250010,259,0
23250,23250010,260,0
23250,23250010,261,0
23250,23250010,18301,0
23250,23250010,18309,0
23250,23250010,18330,0
23250,23250010,18347,0
23250,23250010,18355,0
23250,23250010,18389,0
23250,23250010,18419,0
23250,23250010,18428,0
23250,23250010,18436,0
23250,23250010,18449,0
23250,23250010,18461,0
23250,23250010,18466,0
23250,23250010,18467,0
23250,23250010,18496,0
23250,23250010,18498,0
23250,23250012,0,0
23250,23250012,1,0
23250,23250012,2,0
23250,23250012,3,0
23250,23250012,4,0
23250,23250012,5,0
23250,23250012,6,0
23250,23250012,7,0
23250,23250012,8,0
23250,23250012,9,0
23250,23250012,10,0
23250,23250012,11,0
23250,23250012,12,0
23250,23250012,13,0
23250,23250012,14,0
23250,23250012,15,0
23250,23250012,16,0
23250,23250012,17,0
23250,23250012,18,0
23250,23250012,19,0
23250,23250012,20,0
23250,23250012,21,0
23250,23250012,22,0
23250,23250012,23,0
23250,23250012,24,0
23250,23250012,25,0
23250,23250012,26,0
23250,23250012,27,0
23250,23250012,28,0
23250,23250012,29,0
23250,23250012,30,0
23250,23250012,31,0
23250,23250012,32,0
23250,23250012,33,0
23250,23250012,34,0
23250,23250012,35,0
23250,23250012,36,0
23250,23250012,37,0
23250,23250012,38,0
23250,23250012,39,0
23250,23250012,40,0
23250,23250012,41,0
23250,23250012,42,0
23250,23250012,43,0
23250,23250012,44,0
23250,23250012,45,0
23250,23250012,46,0
23250,23250012,47,0
23250,23250012,48,0
23250,23250012,49,0
23250,23250012,50,0
23250,23250012,51,0
23250,23250012,52,0
23250,23250012,53,0
23250,23250012,54,0
23250,23250012,55,0
23250,23250012,56,0
23250,23250012,57,0
23250,23250012,58,0
23250,23250012,59,0
23250,23250012,60,0
23250,23250012,61,0
23250,23250012,62,0
23250,23250012,63,0
23250,23250012,64,0
23250,23250012,65,0
23250,23250012,66,0
23250,23250012,67,0
23250,23250012,68,0
23250,23250012,69,0
23250,23250012,70,0
23250,23250012,71,0
23250,23250012,72,0
23250,23250012,73,0
23250,23250012,74,0
23250,23250012,75,0
23250,23250012,76,0
23250,23250012,77,0
23250,23250012,78,0
23250,23250012,79,0
23250,23250012,80,0
23250,23250012,81,0
23250,23250012,82,0
23250,23250012,83,0
23250,23250012,84,0
23250,23250012,85,0
23250,23250012,86,0
23250,23250012,87,0
23250,23250012,88,0
23250,23250012,89,0
23250,23250012,90,0
23250,23250012,91,0
23250,23250012,92,0
23250,23250012,93,0
23250,23250012,94,0
23250,23250012,95,0
23250,23250012,96,0
23250,23250012,97,0
23250,23250012,98,0
23250,23250012,99,0
23250,23250012,100,0
23250,23250012,101,0
23250,23250012,102,0
23250,23250012,103,0
23250,23250012,104,0
23250,23250012,105,0
23250,23250012,106,0
23250,23250012,107,0
23250,23250012,108,0
23250,23250012,109,0
23250,23250012,110,0
23250,23250012,111,0
23250,23250012,112,0
23250,23250012,113,0
23250,23250012,114,0
23250,23250012,115,0
23250,23250012,116,0
23250,23250012,117,0
23250,23250012,118,0
23250,23250012,119,0
23250,23250012,120,0
23250,23250012,121,0
23250,23250012,122,0
23250,23250012,123,0
23250,23250012,124,0
23250,23250012,125,0
23250,23250012,126,0
23250,23250012,127,0
23250,23250012,128,0
23250,23250012,129,0
23250,23250012,130,0
23250,23250012,131,0
23250,23250012,132,0
23250,23250012,133,0
23250,23250012,134,0
23250,23250012,135,0
23250,23250012,136,0
23250,23250012,137,0
23250,23250012,138,0
23250,23250012,139,0
23250,23250012,140,0
23250,23250012,141,0
23250,23250012,142,0
23250,23250012,143,0
23250,23250012,144,0
23250,23250012,145,0
23250,23250012,146,0
23250,23250012,147,0
23250,23250012,148,0
23250,23250012,149,0
23250,23250012,150,0
23250,23250012,151,0
23250,23250012,152,0
23250,23250012,153,0
23250,23250012,154,0
23250,23250012,155,0
23250,23250012,156,0
23250,23250012,157,0
23250,23250012,158,0
23250,23250012,159,0
23250,23250012,160,0
23250,23250012,161,0
23250,23250012,162,0
23250,23250012,163,0
23250,23250012,164,0
23250,23250012,165,0
23250,23250012,166,0
23250,23250012,167,0
23250,23250012,168,0
23250,23250012,169,0
23250,23250012,170,0
23250,23250012,171,0
23250,23250012,172,0
23250,23250012,173,0
23250,23250012,174,0
23250,23250012,175,0
23250,23250012,176,0
23250,23250012,177,0
23250,23250012,178,0
23250,23250012,179,0
23250,23250012,180,0
23250,23250012,181,0
23250,23250012,182,0
23250,23250012,183,0
23250,23250012,184,0
23250,23250012,185,0
23250,23250012,186,0
23250,23250012,187,0
23250,23250012,188,0
23250,23250012,189,0
23250,23250012,190,0
23250,23250012,191,0
23250,23250012,192,0
23250,23250012,193,0
23250,23250012,194,0
23250,23250012,195,0
23250,23250012,196,0
23250,23250012,197,0
23250,23250012,198,0
23250,23250012,199,0
23250,23250012,200,0
23250,23250012,201,0
23250,23250012,202,0
23250,23250012,203,0
23250,23250012,204,0
23250,23250012,205,0
23250,23250012,206,0
23250,23250012,207,0
23250,23250012,208,0
23250,23250012,209,0
23250,23250012,210,0
23250,23250012,211,0
23250,23250012,212,0
23250,23250012,213,0
23250,23250012,214,0
23250,23250012,215,0
23250,23250012,216,0
23250,23250012,217,0
23250,23250012,218,0
23250,23250012,219,0
23250,23250012,220,0
23250,23250012,221,0
23250,23250012,222,0
23250,23250012,223,0
23250,23250012,224,0
23250,23250012,225,0
23250,23250012,226,0
23250,23250012,227,0
23250,23250012,228,0
23250,23250012,229,0
23250,23250012,230,0
23250,23250012,231,0
23250,23250012,232,0
23250,23250012,233,0
23250,23250012,234,0
23250,23250012,235,0
23250,23250012,236,0
23250,23250012,237,0
23250,23250012,238,0
23250,23250012,239,0
23250,23250012,240,0
23250,23250012,241,0
23250,23250012,242,0
23250,23250012,243,0
23250,23250012,244,0
23250,23250012,245,0
23250,23250012,246,0
23250,23250012,247,0
23250,23250012,248,0
23250,23250012,249,0
23250,23250012,250,0
23250,23250012,251,0
23250,23250012,252,0
23250,23250012,253,0
23250,23250012,254,0
23250,23250012,255,0
23250,23250012,256,0
23250,23250012,257,0
23250,23250012,258,0
23250,23250012,259,0
23250,23250012,260,0
23250,23250012,261,0
23250,23250012,262,0
23250,23250012,263,0
23250,23250012,264,0
23250,23250012,265,0
23250,23250012,266,0
23250,23250012,267,0
23250,23250012,268,0
23250,23250012,269,0
23250,23250012,270,0
23250,23250012,271,0
23250,23250012,272,0
23250,23250012,273,0
23250,23250012,274,0
23250,23250012,275,0
23250,23250012,276,0
23250,23250012,277,0
23250,23250012,278,0
23250,23250012,279,0
23250,23250012,280,0
23250,23250012,281,0
23250,23250012,282,0
23250,23250012,283,0
23250,23250012,284,0
23250,23250012,285,0
23250,23250012,286,0
23250,23250012,287,0
23250,23250012,288,0
23250,23250012,289,0
23250,23250012,290,0
23250,23250012,291,0
23250,23250012,292,0
23250,23250012,293,0
23250,23250012,294,0
23250,23250012,295,0
23250,23250012,296,0
23250,23250012,297,0
23250,23250012,298,0
23250,23250012,299,0
23250,23250012,300,0
23250,23250012,301,0
23250,23250012,302,0
23250,23250012,303,0
23250,23250012,304,0
23250,23250012,305,0
23250,23250012,306,0
23250,23250012,307,0
23250,23250012,308,0
23250,23250012,309,0
23250,23250012,310,0
23250,23250012,311,0
23250,23250012,312,0
23250,23250012,313,0
23250,23250012,314,0
23250,23250012,315,0
23250,23250012,316,0
23250,23250012,317,0
23250,23250012,318,0
23250,23250012,319,0
23250,23250012,320,0
23250,23250012,321,0
23250,23250012,322,0
23250,23250012,323,0
23250,23250012,324,0
23250,23250012,325,0
23250,23250012,326,0
23250,23250012,327,0
23250,23250012,328,0
23250,23250012,329,0
23250,23250012,330,0
23250,23250012,331,0
23250,23250012,332,0
23250,23250012,333,0
23250,23250012,334,0
23250,23250012,335,0
23250,23250012,336,0
23250,23250012,337,0
23250,23250012,338,0
23250,23250012,339,0
23250,23250012,340,0
23250,23250012,341,0
23250,23250012,342,0
23250,23250012,343,0
23250,23250012,344,0
23250,23250012,345,0
23250,23250012,346,0
23250,23250012,347,0
23250,23250012,348,0
23250,23250012,349,0
23250,23250012,350,0
23250,23250012,351,0
23250,23250012,352,0
23250,23250012,353,0
23250,23250012,354,0
23250,23250012,355,0
23250,23250012,356,0
23250,23250012,357,0
23250,23250012,358,0
23250,23250012,359,0
23250,23250012,360,0
23250,23250012,361,0
23250,23250012,362,0
23250,23250012,363,0
23250,23250012,364,0
23250,23250012,365,0
23250,23250012,366,0
23250,23250012,367,0
23250,23250012,368,0
23250,23250012,369,0
23250,23250012,370,0
23250,23250012,371,0
23250,23250012,372,0
23250,23250012,373,0
23250,23250012,374,0
23250,23250012,375,0
23250,23250012,376,0
23250,23250012,377,0
23250,23250012,378,0
23250,23250012,379,0
23250,23250012,380,0
23250,23250012,381,0
23250,23250012,382,0
23250,23250012,383,0
23250,23250012,384,0
23250,23250012,385,0
23250,23250012,386,0
23250,23250012,387,0
23250,23250013,0,0
23250,23250013,1,0
23250,23250013,2,0
23250,23250013,3,0
23250,23250013,4,0
23250,23250013,5,0
23250,23250013,6,0
23250,23250013,7,0
23250,23250013,8,0
23250,23250013,9,0
23250,23250013,10,0
23250,23250013,11,0
23250,23250013,12,0
23250,23250013,13,0
23250,23250013,14,0
23250,23250013,15,0
23250,23250013,16,0
23250,23250013,17,0
23250,23250013,18,0
23250,23250013,19,0
23250,23250013,20,0
23250,23250013,21,0
23250,23250013,22,0
23250,23250013,23,0
23250,23250013,24,0
23250,23250013,25,0
23250,23250013,26,0
23250,23250013,27,0
23250,23250013,28,0
23250,23250013,29,0
23250,23250013,30,0
23250,23250013,31,0
23250,23250013,32,0
23250,23250013,33,0
23250,23250013,34,0
23250,23250013,35,0
23250,23250013,36,0
23250,23250013,37,0
23250,23250013,38,0
23250,23250013,39,0
23250,23250013,40,0
23250,23250013,41,0
23250,23250013,42,0
23250,23250013,43,0
23250,23250013,44,0
23250,23250013,45,0
23250,23250013,46,0
23250,23250013,47,0
23250,23250013,48,0
23250,23250013,49,0
23250,23250013,50,0
23250,23250013,51,0
23250,23250013,52,0
23250,23250013,53,0
23250,23250013,54,0
23250,23250013,55,0
23250,23250013,56,0
23250,23250013,57,0
23250,23250013,58,0
23250,23250013,59,0
23250,23250013,60,0
23250,23250013,61,0
23250,23250013,62,0
23250,23250013,63,0
23250,23250013,64,0
23250,23250013,65,0
23250,23250013,66,0
23250,23250013,67,0
23250,23250013,68,0
23250,23250013,69,0
23250,23250013,70,0
23250,23250013,71,0
23250,23250013,72,0
23250,23250013,73,0
23250,23250013,74,0
23250,23250013,75,0
23250,23250013,76,0
23250,23250013,77,0
23250,23250013,78,0
23250,23250013,79,0
23250,23250013,80,0
23250,23250013,81,0
23250,23250013,82,0
23250,23250013,83,0
23250,23250013,84,0
23250,23250013,85,0
23250,23250013,86,0
23250,23250013,87,0
23250,23250013,88,0
23250,23250013,89,0
23250,23250013,90,0
23250,23250013,91,0
23250,23250013,92,0
23250,23250013,93,0
23250,23250013,94,0
23250,23250013,95,0
23250,23250013,96,0
23250,23250013,97,0
23250,23250013,98,0
23250,23250013,99,0
23250,23250013,100,0
23250,23250013,101,0
23250,23250013,102,0
23250,23250013,103,0
23250,23250013,104,0
23250,23250013,105,0
23250,23250013,106,0
23250,23250013,107,0
23250,23250013,108,0
23250,23250013,109,0
23250,23250013,110,0
23250,23250013,111,0
23250,23250013,112,0
23250,23250013,113,0
23250,23250013,114,0
23250,23250013,115,0
23250,23250013,116,0
23250,23250013,117,0
23250,23250013,118,0
23250,23250013,119,0
23250,23250013,120,0
23250,23250013,121,0
23250,23250013,122,0
23250,23250013,123,0
23250,23250013,124,0
23250,23250013,125,0
23250,23250013,126,0
23250,23250013,127,0
23250,23250013,128,0
23250,23250013,129,0
23250,23250013,130,0
23250,23250013,131,0
23250,23250013,132,0
23250,23250013,133,0
23250,23250013,134,0
23250,23250013,135,0
23250,23250013,136,0
23250,23250013,137,0
23250,23250013,138,0
23250,23250013,139,0
23250,23250013,140,0
23250,23250013,141,0
23250,23250013,142,0
23250,23250013,143,0
23250,23250013,144,0
23250,23250013,145,0
23250,23250013,146,0
23250,23250013,147,0
23250,23250013,148,0
23250,23250013,149,0
23250,23250013,150,0
23250,23250013,151,0
23250,23250013,152,0
23250,23250013,153,0
23250,23250013,154,0
23250,23250013,155,0
23250,23250013,156,0
23250,23250013,157,0
23250,23250013,158,0
23250,23250013,159,0
23250,23250013,160,0
23250,23250013,161,0
23250,23250013,162,0
23250,23250013,163,0
23250,23250013,164,0
23250,23250013,165,0
23250,23250013,166,0
23250,23250013,167,0
23250,23250013,168,0
23250,23250013,169,0
23250,23250013,170,0
23250,23250013,171,0
23250,23250013,172,0
23250,23250013,173,0
23250,23250013,174,0
23250,23250013,175,0
23250,23250013,176,0
23250,23250013,177,0
23250,23250013,178,0
23250,23250013,179,0
23250,23250013,180,0
23250,23250013,181,0
23250,23250013,182,0
23250,23250013,183,0
23250,23250013,184,0
23250,23250013,185,0
23250,23250013,186,0
23250,23250013,187,0
23250,23250013,188,0
23250,23250013,189,0
23250,23250013,190,0
23250,23250013,191,0
23250,23250013,192,0
23250,23250013,193,0
23250,23250013,194,0
23250,23250013,195,0
23250,23250013,196,0
23250,23250013,197,0
23250,23250013,198,0
23250,23250013,199,0
23250,23250013,200,0
23250,23250013,201,0
23250,23250013,202,0
23250,23250013,203,0
23250,23250013,204,0
23250,23250013,205,0
23250,23250013,206,0
23250,23250013,207,0
23250,23250013,208,0
23250,23250013,209,0
23250,23250013,210,0
23250,23250013,211,0
23250,23250013,212,0
23250,23250013,213,0
23250,23250013,214,0
23250,23250013,215,0
23250,23250013,216,0
23250,23250013,217,0
23250,23250013,218,0
23250,23250013,219,0
23250,23250013,220,0
23250,23250013,221,0
23250,23250013,222,0
23250,23250013,223,0
23250,23250013,224,0
23250,23250013,225,0
23250,23250013,226,0
23250,23250013,227,0
23250,23250013,228,0
23250,23250013,229,0
23250,23250013,230,0
23250,23250013,231,0
23250,23250013,232,0
23250,23250013,233,0
23250,23250013,234,0
23250,23250013,235,0
23250,23250013,236,0
23250,23250013,237,0
23250,23250013,238,0
23250,23250013,239,0
23250,23250013,240,0
23250,23250013,241,0
23250,23250013,242,0
23250,23250013,243,0
23250,23250013,244,0
23250,23250013,245,0
23250,23250013,246,0
23250,23250013,247,0
23250,23250013,248,0
23250,23250013,249,0
23250,23250013,250,0
23250,23250013,251,0
23250,23250013,252,0
23250,23250013,253,0
23250,23250013,254,0
23250,23250013,255,0
23250,23250013,256,0
23250,23250013,257,0
23250,23250013,258,0
23250,23250013,259,0
23250,23250013,260,0
23250,23250013,261,0
23250,23250013,262,0
23250,23250013,263,0
23250,23250013,264,0
23250,23250013,265,0
23250,23250013,266,0
23250,23250013,267,0
23250,23250013,268,0
23250,23250013,269,0
23250,23250013,270,0
23250,23250013,271,0
23250,23250013,272,0
23250,23250013,273,0
23250,23250013,274,0
23250,23250013,275,0
23250,23250013,276,0
23250,23250013,277,0
23250,23250013,278,0
23250,23250013,279,0
23250,23250013,280,0
23250,23250013,281,0
23250,23250013,282,0
23250,23250013,283,0
23250,23250013,284,0
23250,23250013,285,0
23250,23250013,286,0
23250,23250013,287,0
23250,23250013,288,0
23250,23250013,289,0
23250,23250013,290,0
23250,23250013,291,0
23250,23250013,292,0
23250,23250013,293,0
23250,23250013,294,0
23250,23250013,295,0
23250,23250013,296,0
23250,23250013,297,0
23250,23250013,298,0
23250,23250013,299,0
23250,23250013,300,0
23250,23250013,301,0
23250,23250013,302,0
23250,23250013,303,0
23250,23250013,304,0
23250,23250013,305,0
23250,23250013,306,0
23250,23250013,307,0
23250,23250013,308,0
23250,23250013,309,0
23250,23250013,310,0
23250,23250013,311,0
23250,23250013,312,0
23250,23250013,313,0
23250,23250013,314,0
23250,23250013,315,0
23250,23250013,316,0
23250,23250013,317,0
23250,23250013,318,0
23250,23250013,319,0
23250,23250013,320,0
23250,23250013,321,0
23250,23250013,322,0
23250,23250013,323,0
23250,23250013,324,0
23250,23250013,325,0
23250,23250013,326,0
23250,23250013,327,0
23250,23250013,328,0
23250,23250013,329,0
23250,23250013,330,0
23250,23250013,331,0
23250,23250013,332,0
23250,23250013,333,0
23250,23250013,334,0
23250,23250013,335,0
23250,23250013,336,0
23250,23250013,337,0
23250,23250013,338,0
23250,23250013,339,0
23250,23250013,340,0
23250,23250013,341,0
23250,23250013,342,0
23250,23250013,343,0
23250,23250013,344,0
23250,23250013,345,0
23250,23250013,346,0
23250,23250013,347,0
23250,23250013,348,0
23250,23250013,349,0
23250,23250013,350,0
23250,23250013,351,0
23250,23250013,352,0
23250,23250013,353,0
23250,23250013,354,0
23250,23250013,355,0
23250,23250013,356,0
23250,23250013,357,0
23250,23250013,358,0
23250,23250013,359,0
23250,23250013,360,0
23250,23250013,361,0
23250,23250013,362,0
23250,23250013,363,0
23250,23250013,364,0
23250,23250013,365,0
23250,23250013,366,0
23250,23250013,367,0
23250,23250013,368,0
23250,23250013,369,0
23250,23250013,370,0
23250,23250013,371,0
23250,23250013,372,0
23250,23250013,373,0
23250,23250013,374,0
23250,23250013,375,0
23250,23250013,376,0
23250,23250013,377,0
23250,23250013,378,0
23250,23250013,379,0
23250,23250013,380,0
23250,23250013,381,0
23250,23250013,382,0
23250,23250013,383,0
23250,23250013,384,0
23250,23250013,385,0
23250,23250013,386,0
23250,23250013,387,0
23250,23250014,0,0
23250,23250014,1,0
23250,23250014,2,0
23250,23250014,3,0
23250,23250014,4,0
23250,23250014,5,0
23250,23250014,6,0
23250,23250014,7,0
23250,23250014,8,0
23250,23250014,9,0
23250,23250014,10,0
23250,23250014,11,0
23250,23250014,12,0
23250,23250014,13,0
23250,23250014,14,0
23250,23250014,15,0
23250,23250014,16,0
23250,23250014,17,0
23250,23250014,18,0
23250,23250014,19,0
23250,23250014,20,0
23250,23250014,21,0
23250,23250014,22,0
23250,23250014,23,0
23250,23250014,24,0
23250,23250014,25,0
23250,23250014,26,0
23250,23250014,27,0
23250,23250014,28,0
23250,23250014,29,0
23250,23250014,30,0
23250,23250014,31,0
23250,23250014,32,0
23250,23250014,33,0
23250,23250014,34,0
23250,23250014,35,0
23250,23250014,36,0
23250,23250014,37,0
23250,23250014,38,0
23250,23250014,39,0
23250,23250014,40,0
23250,23250014,41,0
23250,23250014,42,0
23250,23250014,43,0
23250,23250014,44,0
23250,23250014,45,0
23250,23250014,46,0
23250,23250014,47,0
23250,23250014,48,0
23250,23250014,49,0
23250,23250014,50,0
23250,23250014,51,0
23250,23250014,52,0
23250,23250014,53,0
23250,23250014,54,0
23250,23250014,55,0
23250,23250014,56,0
23250,23250014,57,0
23250,23250014,58,0
23250,23250014,59,0
23250,23250014,60,0
23250,23250014,61,0
23250,23250014,62,0
23250,23250014,63,0
23250,23250014,64,0
23250,23250014,65,0
23250,23250014,66,0
23250,23250014,67,0
23250,23250014,68,0
23250,23250014,69,0
23250,23250014,70,0
23250,23250014,71,0
23250,23250014,72,0
23250,23250014,73,0
23250,23250014,74,0
23250,23250014,75,0
23250,23250014,76,0
23250,23250014,77,0
23250,23250014,78,0
23250,23250014,79,0
23250,23250014,80,0
23250,23250014,81,0
23250,23250014,82,0
23250,23250014,83,0
23250,23250014,84,0
23250,23250014,85,0
23250,23250014,86,0
23250,23250014,87,0
23250,23250014,88,0
23250,23250014,89,0
23250,23250014,90,0
23250,23250014,91,0
23250,23250014,92,0
23250,23250014,93,0
23250,23250014,94,0
23250,23250014,95,0
23250,23250014,96,0
23250,23250014,97,0
23250,23250014,98,0
23250,23250014,99,0
23250,23250014,100,0
23250,23250014,101,0
23250,23250014,102,0
23250,23250014,103,0
23250,23250014,104,0
23250,23250014,105,0
23250,23250014,106,0
23250,23250014,107,0
23250,23250014,108,0
23250,23250014,109,0
23250,23250014,110,0
23250,23250014,111,0
23250,23250014,112,0
23250,23250014,113,0
23250,23250014,114,0
23250,23250014,115,0
23250,23250014,116,0
23250,23250014,117,0
23250,23250014,118,0
23250,23250014,119,0
23250,23250014,120,0
23250,23250014,121,0
23250,23250014,122,0
23250,23250014,123,0
23250,23250014,124,0
23250,23250014,125,0
23250,23250014,126,0
23250,23250014,127,0
23250,23250014,128,0
23250,23250014,129,0
23250,23250014,130,0
23250,23250014,131,0
23250,23250014,132,0
23250,23250014,133,0
23250,23250014,134,0
23250,23250014,135,0
23250,23250014,136,0
23250,23250014,137,0
23250,23250014,138,0
23250,23250014,139,0
23250,23250014,140,0
23250,23250014,141,0
23250,23250014,142,0
23250,23250014,143,0
23250,23250014,144,0
23250,23250014,145,0
23250,23250014,146,0
23250,23250014,147,0
23250,23250014,148,0
23250,23250014,149,0
23250,23250014,150,0
23250,23250014,151,0
23250,23250014,152,0
23250,23250014,153,0
23250,23250014,154,0
23250,23250014,155,0
23250,23250014,156,0
23250,23250014,157,0
23250,23250014,158,0
23250,23250014,159,0
23250,23250014,160,0
23250,23250014,161,0
23250,23250014,162,0
23250,23250014,163,0
23250,23250014,164,0
23250,23250014,165,0
23250,23250014,166,0
23250,23250014,167,0
23250,23250014,168,0
23250,23250014,169,0
23250,23250014,170,0
23250,23250014,171,0
23250,23250014,172,0
23250,23250014,173,0
23250,23250014,174,0
23250,23250014,175,0
23250,23250014,176,0
23250,23250014,177,0
23250,23250014,178,0
23250,23250014,179,0
23250,23250014,180,0
23250,23250014,181,0
23250,23250014,182,0
23250,23250014,183,0
23250,23250014,184,0
23250,23250014,185,0
23250,23250014,186,0
23250,23250014,187,0
23250,23250014,188,0
23250,23250014,189,0
23250,23250014,190,0
23250,23250014,191,0
23250,23250014,192,0
23250,23250014,193,0
23250,23250014,194,0
23250,23250014,195,0
23250,23250014,196,0
23250,23250014,197,0
23250,23250014,198,0
23250,23250014,199,0
23250,23250014,200,0
23250,23250014,201,0
23250,23250014,202,0
23250,23250014,203,0
23250,23250014,204,0
23250,23250014,205,0
23250,23250014,206,0
23250,23250014,207,0
23250,23250014,208,0
23250,23250014,209,0
23250,23250014,210,0
23250,23250014,211,0
23250,23250014,212,0
23250,23250014,213,0
23250,23250014,214,0
23250,23250014,215,0
23250,23250014,216,0
23250,23250014,217,0
23250,23250014,218,0
23250,23250014,219,0
23250,23250014,220,0
23250,23250014,221,0
23250,23250014,222,0
23250,23250014,223,0
23250,23250014,224,0
23250,23250014,225,0
23250,23250014,226,0
23250,23250014,227,0
23250,23250014,228,0
23250,23250014,229,0
23250,23250014,230,0
23250,23250014,231,0
23250,23250014,232,0
23250,23250014,233,0
23250,23250014,234,0
23250,23250014,235,0
23250,23250014,236,0
23250,23250014,237,0
23250,23250014,238,0
23250,23250014,239,0
23250,23250014,240,0
23250,23250014,241,0
23250,23250014,242,0
23250,23250014,243,0
23250,23250014,244,0
23250,23250014,245,0
23250,23250014,246,0
23250,23250014,247,0
23250,23250014,248,0
23250,23250014,249,0
23250,23250014,250,0
23250,23250014,251,0
23250,23250014,252,0
23250,23250014,253,0
23250,23250014,254,0
23250,23250014,255,0
23250,23250014,256,0
23250,23250014,257,0
23250,23250014,258,0
23250,23250014,259,0
23250,23250014,260,0
23250,23250014,261,0
23250,23250014,262,0
23250,23250014,263,0
23250,23250014,264,0
23250,23250014,265,0
23250,23250014,266,0
23250,23250014,267,0
23250,23250014,268,0
23250,23250014,269,0
23250,23250014,270,0
23250,23250014,271,0
23250,23250014,272,0
23250,23250014,273,0
23250,23250014,274,0
23250,23250014,275,0
23250,23250014,276,0
23250,23250014,277,0
23250,23250014,278,0
23250,23250014,279,0
23250,23250014,280,0
23250,23250014,281,0
23250,23250014,282,0
23250,23250014,283,0
23250,23250014,284,0
23250,23250014,285,0
23250,23250014,286,0
23250,23250014,287,0
23250,23250014,288,0
23250,23250014,289,0
23250,23250014,290,0
23250,23250014,291,0
23250,23250014,292,0
23250,23250014,293,0
23250,23250014,294,0
23250,23250014,295,0
23250,23250014,296,0
23250,23250014,297,0
23250,23250014,298,0
23250,23250014,299,0
23250,23250014,300,0
23250,23250014,301,0
23250,23250014,302,0
23250,23250014,303,0
23250,23250014,304,0
23250,23250014,305,0
23250,23250014,306,0
23250,23250014,307,0
23250,23250014,308,0
23250,23250014,309,0
23250,23250014,310,0
23250,23250014,311,0
23250,23250014,312,0
23250,23250014,313,0
23250,23250014,314,0
23250,23250014,315,0
23250,23250014,316,0
23250,23250014,317,0
23250,23250014,318,0
23250,23250014,319,0
23250,23250014,320,0
23250,23250014,321,0
23250,23250014,322,0
23250,23250014,323,0
23250,23250014,324,0
23250,23250014,325,0
23250,23250014,326,0
23250,23250014,327,0
23250,23250014,328,0
23250,23250014,329,0
23250,23250014,330,0
23250,23250014,331,0
23250,23250014,332,0
23250,23250014,333,0
23250,23250014,334,0
23250,23250014,335,0
23250,23250014,336,0
23250,23250014,337,0
23250,23250014,338,0
23250,23250014,339,0
23250,23250014,340,0
23250,23250014,341,0
23250,23250014,342,0
23250,23250014,343,0
23250,23250014,344,0
23250,23250014,345,0
23250,23250014,346,0
23250,23250014,347,0
23250,23250014,348,0
23250,23250014,349,0
23250,23250014,350,0
23250,23250014,351,0
23250,23250014,352,0
23250,23250014,353,0
23250,23250014,354,0
23250,23250014,355,0
23250,23250014,356,0
23250,23250014,357,0
23250,23250014,358,0
23250,23250014,359,0
23250,23250014,360,0
23250,23250014,361,0
23250,23250014,362,0
23250,23250014,363,0
23250,23250014,364,0
23250,23250014,365,0
23250,23250014,366,0
23250,23250014,367,0
23250,23250014,368,0
23250,23250014,369,0
23250,23250014,370,0
23250,23250014,371,0
23250,23250014,372,0
23250,23250014,373,0
23250,23250014,374,0
23250,23250014,375,0
23250,23250014,376,0
23250,23250014,377,0
23250,23250014,378,0
23250,23250014,379,0
23250,23250014,380,0
23250,23250014,381,0
23250,23250014,382,0
23250,23250014,383,0
23250,23250014,384,0
23250,23250014,385,0
23250,23250014,386,0
23250,23250014,387,0
23250,23250015,0,0
23250,23250015,1,0
23250,23250015,2,0
23250,23250015,3,0
23250,23250015,4,0
23250,23250015,5,0
23250,23250015,6,0
23250,23250015,7,0
23250,23250015,8,0
23250,23250015,9,0
23250,23250015,10,0
23250,23250015,11,0
23250,23250015,12,0
23250,23250015,13,0
23250,23250015,14,0
23250,23250015,15,0
23250,23250015,16,0
23250,23250015,17,0
23250,23250015,18,0
23250,23250015,19,0
23250,23250015,20,0
23250,23250015,21,0
23250,23250015,22,0
23250,23250015,23,0
23250,23250015,24,0
23250,23250015,25,0
23250,23250015,26,0
23250,23250015,27,0
23250,23250015,28,0
23250,23250015,29,0
23250,23250015,30,0
23250,23250015,31,0
23250,23250015,32,0
23250,23250015,33,0
23250,23250015,34,0
23250,23250015,35,0
23250,23250015,36,0
23250,23250015,37,0
23250,23250015,38,0
23250,23250015,39,0
23250,23250015,40,0
23250,23250015,41,0
23250,23250015,42,0
23250,23250015,43,0
23250,23250015,44,0
23250,23250015,45,0
23250,23250015,46,0
23250,23250015,47,0
23250,23250015,48,0
23250,23250015,49,0
23250,23250015,50,0
23250,23250015,51,0
23250,23250015,52,0
23250,23250015,53,0
23250,23250015,54,0
23250,23250015,55,0
23250,23250015,56,0
23250,23250015,57,0
23250,23250015,58,0
23250,23250015,59,0
23250,23250015,60,0
23250,23250015,61,0
23250,23250015,62,0
23250,23250015,63,0
23250,23250015,64,0
23250,23250015,65,0
23250,23250015,66,0
23250,23250015,67,0
23250,23250015,68,0
23250,23250015,69,0
23250,23250015,70,0
23250,23250015,71,0
23250,23250015,72,0
23250,23250015,73,0
23250,23250015,74,0
23250,23250015,75,0
23250,23250015,76,0
23250,23250015,77,0
23250,23250015,78,0
23250,23250015,79,0
23250,23250015,80,0
23250,23250015,81,0
23250,23250015,82,0
23250,23250015,83,0
23250,23250015,84,0
23250,23250015,85,0
23250,23250015,86,0
23250,23250015,87,0
23250,23250015,88,0
23250,23250015,89,0
23250,23250015,90,0
23250,23250015,91,0
23250,23250015,92,0
23250,23250015,93,0
23250,23250015,94,0
23250,23250015,95,0
23250,23250015,96,0
23250,23250015,97,0
23250,23250015,98,0
23250,23250015,99,0
23250,23250015,100,0
23250,23250015,101,0
23250,23250015,102,0
23250,23250015,103,0
23250,23250015,104,0
23250,23250015,105,0
23250,23250015,106,0
23250,23250015,107,0
23250,23250015,108,0
23250,23250015,109,0
23250,23250015,110,0
23250,23250015,111,0
23250,23250015,112,0
23250,23250015,113,0
23250,23250015,114,0
23250,23250015,115,0
23250,23250015,116,0
23250,23250015,117,0
23250,23250015,118,0
23250,23250015,119,0
23250,23250015,120,0
23250,23250015,121,0
23250,23250015,122,0
23250,23250015,123,0
23250,23250015,124,0
23250,23250015,125,0
23250,23250015,126,0
23250,23250015,127,0
23250,23250015,128,0
23250,23250015,129,0
23250,23250015,130,0
23250,23250015,131,0
23250,23250015,132,0
23250,23250015,133,0
23250,23250015,134,0
23250,23250015,135,0
23250,23250015,136,0
23250,23250015,137,0
23250,23250015,138,0
23250,23250015,139,0
23250,23250015,140,0
23250,23250015,141,0
23250,23250015,142,0
23250,23250015,143,0
23250,23250015,144,0
23250,23250015,145,0
23250,23250015,146,0
23250,23250015,147,0
23250,23250015,148,0
23250,23250015,149,0
23250,23250015,150,0
23250,23250015,151,0
23250,23250015,152,0
23250,23250015,153,0
23250,23250015,154,0
23250,23250015,155,0
23250,23250015,156,0
23250,23250015,157,0
23250,23250015,158,0
23250,23250015,159,0
23250,23250015,160,0
23250,23250015,161,0
23250,23250015,162,0
23250,23250015,163,0
23250,23250015,164,0
23250,23250015,165,0
23250,23250015,166,0
23250,23250015,167,0
23250,23250015,168,0
23250,23250015,169,0
23250,23250015,170,0
23250,23250015,171,0
23250,23250015,172,0
23250,23250015,173,0
23250,23250015,174,0
23250,23250015,175,0
23250,23250015,176,0
23250,23250015,177,0
23250,23250015,178,0
23250,23250015,179,0
23250,23250015,180,0
23250,23250015,181,0
23250,23250015,182,0
23250,23250015,183,0
23250,23250015,184,0
23250,23250015,185,0
23250,23250015,186,0
23250,23250015,187,0
23250,23250015,188,0
23250,23250015,189,0
23250,23250015,190,0
23250,23250015,191,0
23250,23250015,192,0
23250,23250015,193,0
23250,23250015,194,0
23250,23250015,195,0
23250,23250015,196,0
23250,23250015,197,0
23250,23250015,198,0
23250,23250015,199,0
23250,23250015,200,0
23250,23250015,201,0
23250,23250015,202,0
23250,23250015,203,0
23250,23250015,204,0
23250,23250015,205,0
23250,23250015,206,0
23250,23250015,207,0
23250,23250015,208,0
23250,23250015,209,0
23250,23250015,210,0
23250,23250015,211,0
23250,23250015,212,0
23250,23250015,213,0
23250,23250015,214,0
23250,23250015,215,0
23250,23250015,216,0
23250,23250015,217,0
23250,23250015,218,0
23250,23250015,219,0
23250,23250015,220,0
23250,23250015,221,0
23250,23250015,222,0
23250,23250015,223,0
23250,23250015,224,0
23250,23250015,225,0
23250,23250015,226,0
23250,23250015,227,0
23250,23250015,228,0
23250,23250015,229,0
23250,23250015,230,0
23250,23250015,231,0
23250,23250015,232,0
23250,23250015,233,0
23250,23250015,234,0
23250,23250015,235,0
23250,23250015,236,0
23250,23250015,237,0
23250,23250015,238,0
23250,23250015,239,0
23250,23250015,240,0
23250,23250015,241,0
23250,23250015,242,0
23250,23250015,243,0
23250,23250015,244,0
23250,23250015,245,0
23250,23250015,246,0
23250,23250015,247,0
23250,23250015,248,0
23250,23250015,249,0
23250,23250015,250,0
23250,23250015,251,0
23250,23250015,252,0
23250,23250015,253,0
23250,23250015,254,0
23250,23250015,255,0
23250,23250015,256,0
23250,23250015,257,0
23250,23250015,258,0
23250,23250015,259,0
23250,23250015,260,0
23250,23250015,261,0
23250,23250015,262,0
23250,23250015,263,0
23250,23250015,264,0
23250,23250015,265,0
23250,23250015,266,0
23250,23250015,267,0
23250,23250015,268,0
23250,23250015,269,0
23250,23250015,270,0
23250,23250015,271,0
23250,23250015,272,0
23250,23250015,273,0
23250,23250015,274,0
23250,23250015,275,0
23250,23250015,276,0
23250,23250015,277,0
23250,23250015,278,0
23250,23250015,279,0
23250,23250015,280,0
23250,23250015,281,0
23250,23250015,282,0
23250,23250015,283,0
23250,23250015,284,0
23250,23250015,285,0
23250,23250015,286,0
23250,23250015,287,0
23250,23250015,288,0
23250,23250015,289,0
23250,23250015,290,0
23250,23250015,291,0
23250,23250015,292,0
23250,23250015,293,0
23250,23250015,294,0
23250,23250015,295,0
23250,23250015,296,0
23250,23250015,297,0
23250,23250015,298,0
23250,23250015,299,0
23250,23250015,300,0
23250,23250015,301,0
23250,23250015,302,0
23250,23250015,303,0
23250,23250015,304,0
23250,23250015,305,0
23250,23250015,306,0
23250,23250015,307,0
23250,23250015,308,0
23250,23250015,309,0
23250,23250015,310,0
23250,23250015,311,0
23250,23250015,312,0
23250,23250015,313,0
23250,23250015,314,0
23250,23250015,315,0
23250,23250015,316,0
23250,23250015,317,0
23250,23250015,318,0
23250,23250015,319,0
23250,23250015,320,0
23250,23250015,321,0
23250,23250015,322,0
23250,23250015,323,0
23250,23250015,324,0
23250,23250015,325,0
23250,23250015,326,0
23250,23250015,327,0
23250,23250015,328,0
23250,23250015,329,0
23250,23250015,330,0
23250,23250015,331,0
23250,23250015,332,0
23250,23250015,333,0
23250,23250015,334,0
23250,23250015,335,0
23250,23250015,336,0
23250,23250015,337,0
23250,23250015,338,0
23250,23250015,339,0
23250,23250015,340,0
23250,23250015,341,0
23250,23250015,342,0
23250,23250015,343,0
23250,23250015,344,0
23250,23250015,345,0
23250,23250015,346,0
23250,23250015,347,0
23250,23250015,348,0
23250,23250015,349,0
23250,23250015,350,0
23250,23250015,351,0
23250,23250015,352,0
23250,23250015,353,0
23250,23250015,354,0
23250,23250015,355,0
23250,23250015,356,0
23250,23250015,357,0
23250,23250015,358,0
23250,23250015,359,0
23250,23250015,360,0
23250,23250015,361,0
23250,23250015,362,0
23250,23250015,363,0
23250,23250015,364,0
23250,23250015,365,0
23250,23250015,366,0
23250,23250015,367,0
23250,23250015,368,0
23250,23250015,369,0
23250,23250015,370,0
23250,23250015,371,0
23250,23250015,372,0
23250,23250015,373,0
23250,23250015,374,0
23250,23250015,375,0
23250,23250015,376,0
23250,23250015,377,0
23250,23250015,378,0
23250,23250015,379,0
23250,23250015,380,0
23250,23250015,381,0
23250,23250015,382,0
23250,23250015,383,0
23250,23250015,384,0
23250,23250015,385,0
23250,23250015,386,0
23250,23250015,1126,0
23250,23250015,1128,0
23250,23250015,1133,0
23250,23250015,1137,0
23250,23250015,1139,0
23250,23250015,1142,0
23250,23250015,1216,0
23250,23250015,1221,0
23250,23250016,18229,0
23250,23250016,18233,0
23250,23250016,18235,0
23250,23250016,18237,0
23250,23250016,18242,0
23250,23250016,18243,0
23250,23250016,18244,0
23250,23250016,18252,0
23250,23250016,18271,0
23250,23250016,18272,0
23250,23250016,18275,0
23250,23250016,18276,0
23250,23250016,18277,0
23250,23250016,18278,0
23250,23250016,18283,0
23250,23250016,18290,0
23250,23250016,18293,0
23250,23250016,18302,0
23250,23250016,18303,0
23250,23250016,18316,0
23250,23250016,18325,0
23250,23250016,18326,0
23250,23250017,12193,0
23250,23250017,12194,0
23250,23250017,12227,0
23250,23250017,12233,0
23250,23250017,12235,0
23250,23250017,12241,0
23250,23250017,12242,0
23250,23250017,12243,0
23250,23250017,12244,0
23250,23250017,12247,0
23250,23250017,12250,0
23250,23250017,12251,0
23250,23250017,12252,0
23250,23250017,12254,0
23250,23250017,12256,0
23250,23250017,12257,0
23250,23250017,12259,0
23250,23250017,12261,0
23250,23250017,12264,0
23250,23250017,12265,0
23250,23250017,12267,0
23250,23250017,12269,0
23250,23250017,12271,0
23250,23250017,12272,0
23250,23250017,12274,0
23250,23250017,12275,0
23250,23250017,12276,0
23250,23250017,12279,0
23250,23250017,12281,0
23250,23250017,12282,0
23250,23250017,12283,0
23250,23250017,12285,0
23250,23250017,12286,0
23250,23250017,12287,0
23250,23250017,12288,0
23250,23250017,12289,0
23250,23250017,12290,0
23250,23250017,12292,0
23250,23250017,12295,0
23250,23250017,12296,0
23250,23250017,12298,0
23250,23250017,12299,0
23250,23250017,12302,0
23250,23250017,12306,0
23250,23250017,12307,0
23250,23250017,12308,0
23250,23250017,12309,0
23250,23250017,12310,0
23250,23250017,12312,0
23250,23250017,12313,0
23250,23250017,12314,0
23250,23250017,12315,0
23250,23250017,12316,0
23250,23250017,12317,0
23250,23250017,12318,0
23250,23250017,12319,0
23250,23250017,12320,0
23250,23250017,12321,0
23250,23250017,12324,0
23250,23250017,12326,0
23250,23250017,12328,0
23250,23250017,12329,0
23250,23250017,12330,0
23250,23250017,12331,0
23250,23250017,12332,0
23250,23250017,12334,0
23250,23250017,12338,0
23250,23250017,12340,0
23250,23250017,12341,0
23250,23250017,12342,0
23250,23250017,12343,0
23250,23250017,12344,0
23250,23250017,12347,0
23250,23250017,12351,0
23250,23250017,12353,0
23250,23250017,12358,0
23250,23250017,12359,0
23250,23250017,12360,0
23250,23250017,12361,0
23250,23250017,12363,0
23250,23250017,12364,0
23250,23250017,12365,0
23250,23250017,12367,0
23250,23250017,12368,0
23250,23250017,12369,0
23250,23250017,12370,0
23250,23250017,12371,0
23250,23250017,12372,0
23250,23250017,12375,0
23250,23250017,12376,0
23250,23250017,12379,0
23250,23250017,12381,0
23250,23250017,12387,0
23250,23250017,12388,0
23250,23250017,12389,0
23250,23250017,12393,0
23250,23250017,12394,0
23250,23250017,12398,0
23250,23250017,12399,0
23250,23250017,12400,0
23250,23250017,12401,0
23250,23250017,12402,0
23250,23250017,12403,0
23250,23250017,12405,0
23250,23250017,12406,0
23250,23250017,12407,0
23250,23250017,12408,0
23250,23250017,12409,0
23250,23250017,12410,0
23250,23250017,12413,0
23250,23250017,12415,0
23250,23250017,12416,0
23250,23250017,12418,0
23250,23250017,12419,0
23250,23250017,12420,0
23250,23250017,12422,0
23250,23250017,12423,0
23250,23250017,12424,0
23250,23250017,12425,0
23250,23250017,12426,0
23250,23250017,12427,0
23250,23250017,12428,0
23250,23250017,12429,0
23250,23250017,12430,0
23250,23250017,12431,0
23250,23250017,12432,0
23250,23250017,12434,0
23250,23250017,12435,0
23250,23250017,12438,0
23250,23250017,12439,0
23250,23250017,12440,0
23250,23250017,12443,0
23250,23250017,12446,0
23250,23250017,12447,0
23250,23250017,12448,0
23250,23250017,12449,0
23250,23250017,12452,0
23250,23250017,12455,0
23250,23250017,12456,0
23250,23250017,12460,0
23250,23250017,12461,0
23250,23250017,12465,0
23250,23250017,12466,0
23250,23250017,12467,0
23250,23250017,12468,0
23250,23250017,12469,0
23250,23250017,12478,0
23250,23250017,12480,0
23250,23250017,12483,0
23250,23250017,12484,0
23250,23250017,12487,0
23250,23250017,12488,0
23250,23250017,12490,0
23250,23250017,12491,0
23250,23250017,12492,0
23250,23250017,12493,0
23250,23250017,12494,0
23250,23250017,12502,0
23250,23250017,12506,0
23250,23250017,12509,0
23250,23250017,12510,0
23250,23250017,12511,0
23250,23250017,12514,0
23250,23250017,12519,0
23250,23250017,12520,0
23250,23250017,12524,0
23250,23250017,12525,0
23250,23250017,12539,0
23250,23250017,12554,0
23250,23250017,18223,0
23250,23250017,18234,0
23250,23250017,18236,0
23250,23250017,18237,0
23250,23250017,18238,0
23250,23250017,18241,0
23250,23250017,18250,0
23250,23250017,18251,0
23250,23250017,18252,0
23250,23250017,18254,0
23250,23250017,18255,0
23250,23250017,18256,0
23250,23250017,18264,0
23250,23250017,18265,0
23250,23250017,18268,0
23250,23250017,18269,0
23250,23250017,18273,0
23250,23250017,18274,0
23250,23250017,18278,0
23250,23250017,18279,0
23250,23250017,18282,0
23250,23250017,18284,0
23250,23250017,18285,0
23250,23250017,18288,0
23250,23250017,18291,0
23250,23250017,18294,0
23250,23250017,18296,0
23250,23250017,18299,0
23250,23250017,18300,0
23250,23250017,18303,0
23250,23250017,18304,0
23250,23250017,18306,0
23250,23250017,18307,0
23250,23250017,18312,0
23250,23250017,18318,0
23250,23250017,18327,0
23250,23250017,18328,0
23258,23258011,0,0
23292,23292002,0,0
23292,23292002,1,0
23292,23292002,5,0
23292,23292002,6,0
23292,23292002,10,0
23292,23292002,16,0
23292,23292002,18,0
23292,23292002,19,0
23292,23292002,22,0
23292,23292002,23,0
23292,23292002,25,0
23292,23292002,29,0
23292,23292002,30,0
23292,23292002,34,0
23292,23292002,36,0
23292,23292002,40,0
23292,23292002,41,0
23292,23292002,42,0
23292,23292002,44,0
23292,23292002,49,0
23292,23292002,61,0
23292,23292002,63,0
23292,23292002,65,0
23292,23292002,67,0
23292,23292002,75,0
23292,23292002,76,0
23292,23292002,78,0
23292,23292002,80,0
23292,23292002,85,0
23292,23292002,86,0
23292,23292002,94,0
23292,23292002,100,0
23292,23292002,103,0
23292,23292002,106,0
23292,23292002,111,0
23292,23292002,116,0
23292,23292002,120,0
23292,23292002,122,0
23292,23292002,126,0
23292,23292003,0,0
23292,23292003,1,0
23292,23292003,3,0
23292,23292003,4,0
23292,23292003,6,0
23292,23292003,9,0
23292,23292003,10,0
23292,23292003,14,0
23292,23292003,16,0
23292,23292003,18,0
23292,23292003,19,0
23292,23292003,25,0
23292,23292003,28,0
23292,23292003,30,0
23292,23292003,32,0
23292,23292003,47,0
23292,23292003,49,0
23292,23292003,53,0
23292,23292003,61,0
23292,23292003,79,0
23292,23292003,85,0
23292,23292003,90,0
23292,23292003,96,0
23292,23292003,99,0
23292,23292003,106,0
23292,23292003,109,0
23292,23292004,0,0
23292,23292004,1,0
23292,23292004,3,0
23292,23292004,4,0
23292,23292004,7,0
23292,23292004,11,0
23292,23292004,15,0
23292,23292004,18,0
23292,23292004,19,0
23292,23292004,24,0
23292,23292004,25,0
23292,23292004,27,0
23292,23292004,30,0
23292,23292004,31,0
23292,23292004,33,0
23292,23292004,36,0
23292,23292004,39,0
23292,23292004,42,0
23292,23292004,44,0
23292,23292004,47,0
23292,23292004,48,0
23292,23292004,52,0
23292,23292004,54,0
23292,23292004,56,0
23292,23292004,58,0
23292,23292004,61,0
23292,23292004,62,0
23292,23292004,64,0
23292,23292004,66,0
23292,23292004,72,0
23292,23292004,73,0
23292,23292004,76,0
23292,23292004,78,0
23292,23292004,82,0
23292,23292004,84,0
23292,23292004,87,0
23292,23292004,90,0
23292,23292004,91,0
23292,23292004,93,0
23292,23292004,96,0
23292,23292004,99,0
23292,23292004,100,0
23292,23292004,102,0
23292,23292005,0,0
23292,23292005,1,0
23292,23292005,3,0
23292,23292005,4,0
23292,23292005,6,0
23292,23292005,8,0
23292,23292005,9,0
23292,23292005,11,0
23292,23292005,12,0
23292,23292005,14,0
23292,23292005,16,0
23292,23292005,19,0
23292,23292005,20,0
23292,23292005,22,0
23292,23292005,24,0
23292,23292005,25,0
23292,23292005,27,0
23292,23292005,29,0
23292,23292005,33,0
23292,23292005,36,0
23292,23292005,37,0
23292,23292005,39,0
23292,23292005,41,0
23292,23292005,42,0
23292,23292005,43,0
23292,23292005,45,0
23292,23292005,46,0
23292,23292005,48,0
23292,23292005,50,0
23292,23292005,53,0
23292,23292005,55,0
23292,23292005,57,0
23292,23292005,59,0
23292,23292005,62,0
23292,23292005,63,0
23292,23292005,65,0
23292,23292005,66,0
23292,23292005,69,0
23292,23292005,71,0
23292,23292005,72,0
23292,23292005,74,0
23292,23292005,75,0
23292,23292005,76,0
23292,23292005,78,0
23292,23292005,79,0
23292,23292005,81,0
23292,23292005,82,0
23292,23292005,84,0
23292,23292005,86,0
23292,23292005,90,0
23292,23292005,91,0
23292,23292005,95,0
23292,23292005,103,0
23292,23292005,346,0
23292,23292005,491,0
23292,23292006,0,0
23292,23292006,1,0
23292,23292006,3,0
23292,23292006,4,0
23292,23292006,8,0
23292,23292006,9,0
23292,23292006,19,0
23292,23292006,21,0
23292,23292006,33,0
23292,23292006,37,0
23292,23292006,52,0
23292,23292006,66,0
23292,23292006,114,0
23292,23292007,0,0
23292,23292007,1,0
23292,23292007,3,0
23292,23292007,4,0
23292,23292007,8,0
23292,23292007,12,0
23292,23292007,19,0
23292,23292007,20,0
23292,23292007,26,0
23292,23292007,27,0
23292,23292007,29,0
23292,23292007,34,0
23292,23292007,35,0
23292,23292007,37,0
23292,23292007,40,0
23292,23292007,48,0
23292,23292007,51,0
23292,23292007,52,0
23292,23292007,56,0
23292,23292007,58,0
23292,23292007,60,0
23292,23292007,65,0
23292,23292007,77,0
23292,23292007,78,0
23292,23292007,80,0
23292,23292007,81,0
23292,23292007,84,0
23292,23292007,90,0
23292,23292007,95,0
23292,23292007,98,0
23292,23292007,99,0
23292,23292007,104,0
23292,23292007,108,0
23292,23292007,113,0
23292,23292008,0,0
23292,23292008,1,0
23292,23292009,0,0
23292,23292009,1,0
23292,23292010,0,0
23292,23292010,1,0
23292,23292011,0,0
23292,23292011,1,0
23292,23292012,0,0
23292,23292012,1,0
23292,23292013,0,0
23292,23292013,1,0
23292,23292014,0,0
23292,23292014,1,0
23292,23292015,0,0
23292,23292015,1,0
23292,23292016,0,0
23292,23292016,1,0
23292,23292016,5,0
23292,23292016,29,0
23292,23292017,0,0
23292,23292017,1,0
23292,23292017,9,0
23292,23292017,10,0
23292,23292017,14,0
23292,23292017,17,0
23292,23292017,18,0
23292,23292018,0,0
23292,23292018,1,0
23292,23292018,13,0
23292,23292018,15,0
23292,23292019,0,0
23292,23292019,1,0
23292,23292019,7,0
23292,23292019,8,0
23292,23292019,12,0
23292,23292020,0,0
23292,23292020,1,0
23292,23292021,0,0
23292,23292021,1,0
23292,23292022,0,0
23292,23292022,1,0
23292,23292022,3,0
23292,23292022,11,0
23292,23292023,0,0
23292,23292023,1,0
23292,23292024,0,0
23292,23292024,1,0
23292,23292024,3,0
23292,23292024,13,0
23292,23292025,0,0
23292,23292025,1,0
23292,23292026,0,0
23292,23292026,1,0
23292,23292026,3,0
23292,23292026,4,0
23292,23292026,6,0
23292,23292026,8,0
23292,23292027,0,0
23292,23292027,1,0
23292,23292028,0,0
23292,23292028,1,0
23292,23292028,6,0
23292,23292029,0,0
23292,23292029,1,0
23292,23292029,3,0
23292,23292029,4,0
23292,23292029,6,0
23292,23292029,7,0
23292,23292029,11,0
23292,23292029,13,0
23292,23292029,14,0
23292,23292030,0,0
23292,23292030,1,0
23292,23292030,3,0
23292,23292030,5,0
23292,23292031,0,0
23292,23292031,1,0
23292,23292032,0,0
23292,23292032,1,0
23292,23292032,5,0
23292,23292032,8,0
23292,23292032,12,0
23292,23292033,0,0
23292,23292033,1,0
23292,23292034,0,0
23292,23292034,1,0
23292,23292034,6,0
23292,23292035,0,0
23292,23292035,1,0
23292,23292035,4,0
23292,23292036,0,0
23292,23292036,1,0
23292,23292036,3,0
23292,23292036,4,0
23292,23292036,6,0
23292,23292036,7,0
23292,23292036,9,0
23292,23292036,12,0
23292,23292036,36,0
23292,23292037,0,0
23292,23292037,1,0
23292,23292037,4,0
23292,23292037,6,0
23292,23292038,0,0
23292,23292038,1,0
23292,23292038,22,0
23292,23292039,0,0
23292,23292039,1,0
23292,23292039,3,0
23292,23292039,4,0
23292,23292039,8,0
23292,23292039,10,0
23292,23292039,13,0
23292,23292039,14,0
23292,23292039,17,0
23292,23292039,18,0
23292,23292039,20,0
23292,23292039,21,0
23292,23292039,25,0
23292,23292039,187,0
23292,23292040,0,0
23292,23292040,1,0
23292,23292041,0,0
23292,23292041,1,0
23292,23292042,0,0
23292,23292042,1,0
23292,23292043,0,0
23292,23292043,1,0
23292,23292044,0,0
23292,23292044,1,0
23292,23292045,0,0
23292,23292045,1,0
23292,23292046,0,0
23292,23292046,1,0
23292,23292047,0,0
23292,23292047,1,0
23292,23292048,0,0
23292,23292048,1,0
23292,23292049,0,0
23292,23292049,1,0
23292,23292050,0,0
23292,23292050,1,0
23292,23292051,0,0
23292,23292051,1,0
23324,23324002,10384,0
23324,23324002,10385,0
23324,23324002,10386,0
23324,23324002,10387,0
23324,23324002,10388,0
23324,23324002,10389,0
23324,23324002,10390,0
23324,23324002,10391,0
23324,23324002,10392,0
23324,23324002,10393,0
23324,23324002,10394,0
23324,23324002,10395,0
23324,23324002,10396,0
23324,23324002,10397,0
23324,23324002,10398,0
23324,23324002,10399,0
23324,23324002,10400,0
23324,23324002,10401,0
23324,23324002,10402,0
23324,23324002,10403,0
23324,23324002,10404,0
23324,23324002,10405,0
23324,23324002,10406,0
23324,23324002,10407,0
23324,23324002,10408,0
23324,23324002,10409,0
23324,23324002,10410,0
23324,23324002,10411,0
23324,23324002,10412,0
23324,23324002,10413,0
23324,23324002,10414,0
23324,23324002,10415,0
23324,23324002,10416,0
23324,23324002,10417,0
23324,23324002,10418,0
23324,23324002,10419,0
23324,23324002,10420,0
23324,23324002,10421,0
23324,23324002,10422,0
23324,23324002,10423,0
23324,23324002,10424,0
23324,23324002,10425,0
23324,23324002,10426,0
23324,23324002,10427,0
23324,23324002,10428,0
23324,23324002,10429,0
23324,23324002,10430,0
23324,23324002,10431,0
23324,23324002,10432,0
23324,23324002,10433,0
23324,23324002,10434,0
23324,23324002,10435,0
23324,23324002,10436,0
23324,23324002,10437,0
23324,23324002,10438,0
23324,23324002,10439,0
23324,23324002,10440,0
23324,23324002,10441,0
23324,23324002,10442,0
23324,23324002,10443,0
23324,23324002,10444,0
23324,23324002,10445,0
23324,23324002,10446,0
23324,23324002,10447,0
23324,23324002,10448,0
23324,23324002,10449,0
23324,23324002,10450,0
23324,23324002,10451,0
23324,23324002,10452,0
23324,23324002,10453,0
23324,23324002,10454,0
23324,23324002,10455,0
23324,23324002,10456,0
23324,23324002,10457,0
23324,23324002,10458,0
23324,23324002,10459,0
23324,23324002,10460,0
23324,23324002,10461,0
23324,23324002,10462,0
23324,23324002,10463,0
23324,23324002,10464,0
23324,23324002,10465,0
23324,23324002,10466,0
23324,23324002,10467,0
23324,23324002,10468,0
23324,23324002,10469,0
23324,23324002,10470,0
23324,23324002,10471,0
23324,23324002,10472,0
23324,23324002,10473,0
23324,23324002,10474,0
23324,23324002,10475,0
23324,23324002,10476,0
23324,23324002,10477,0
23324,23324002,10478,0
23324,23324002,10479,0
23324,23324002,10480,0
23324,23324002,10481,0
23324,23324002,10482,0
23324,23324002,10483,0
23324,23324002,10484,0
23324,23324002,10485,0
23324,23324002,10486,0
23324,23324002,10487,0
23324,23324002,10488,0
23324,23324002,10489,0
23324,23324002,10490,0
23324,23324002,10491,0
23324,23324002,10492,0
23324,23324002,10493,0
23324,23324002,10494,0
23324,23324002,10495,0
23324,23324002,10496,0
23324,23324002,10497,0
23324,23324002,10498,0
23324,23324002,10499,0
23324,23324002,10500,0
23324,23324002,10501,0
23324,23324002,10502,0
23324,23324002,10503,0
23324,23324002,10504,0
23324,23324002,10505,0
23324,23324002,10506,0
23324,23324002,10507,0
23324,23324002,10508,0
23324,23324002,10509,0
23324,23324002,10510,0
23324,23324002,10511,0
23324,23324002,10512,0
23324,23324002,10513,0
23324,23324002,10514,0
23324,23324002,10515,0
23324,23324002,10516,0
23324,23324002,10517,0
23324,23324002,10518,0
23324,23324002,10519,0
23324,23324002,10520,0
23324,23324002,10521,0
23324,23324002,10522,0
23324,23324002,10523,0
23324,23324002,10524,0
23324,23324002,10525,0
23324,23324002,10526,0
23324,23324002,10527,0
23324,23324002,10528,0
23324,23324002,10529,0
23324,23324002,10530,0
23324,23324002,10531,0
23324,23324002,10532,0
23324,23324002,10533,0
23324,23324002,10534,0
23324,23324002,10535,0
23324,23324002,10536,0
23324,23324002,10537,0
23324,23324002,10538,0
23324,23324002,10539,0
23324,23324002,10540,0
23324,23324002,10541,0
23324,23324002,10542,0
23324,23324002,10543,0
23324,23324002,10544,0
23324,23324002,10545,0
23324,23324002,10546,0
23324,23324002,10547,0
23324,23324002,10548,0
23324,23324002,10549,0
23324,23324002,10550,0
23324,23324002,10551,0
23324,23324002,10552,0
23324,23324002,10553,0
23324,23324002,10554,0
23324,23324002,10555,0
23324,23324002,10556,0
23324,23324002,10557,0
23324,23324002,10558,0
23324,23324002,10559,0
23324,23324002,10560,0
23324,23324002,10561,0
23324,23324002,10562,0
23324,23324002,10563,0
23324,23324002,10564,0
23324,23324002,10565,0
23324,23324002,10566,0
23324,23324002,10567,0
23324,23324002,10568,0
23324,23324002,10569,0
23324,23324002,10570,0
23324,23324002,10571,0
23324,23324002,10572,0
23324,23324002,10573,0
23324,23324002,10574,0
23324,23324002,10575,0
23324,23324002,10576,0
23324,23324002,10577,0
23324,23324002,10578,0
23324,23324002,10579,0
23324,23324002,10580,0
23324,23324002,10581,0
23324,23324002,10582,0
23324,23324002,10583,0
23324,23324002,10584,0
23324,23324002,10585,0
23324,23324002,10586,0
23324,23324002,10587,0
23324,23324002,10588,0
23324,23324002,10589,0
23324,23324002,10590,0
23324,23324002,10591,0
23324,23324002,10592,0
23324,23324002,10593,0
23324,23324002,10594,0
23324,23324002,10595,0
23324,23324002,10596,0
23324,23324002,10597,0
23324,23324002,10598,0
23324,23324002,10599,0
23324,23324002,10600,0
23324,23324002,10601,0
23324,23324002,10602,0
23324,23324002,10603,0
23324,23324002,10604,0
23324,23324002,10605,0
23324,23324002,10606,0
23324,23324002,10607,0
23324,23324002,10608,0
23324,23324002,10609,0
23324,23324002,10610,0
23324,23324002,10611,0
23324,23324002,10612,0
23324,23324002,10613,0
23324,23324002,10614,0
23324,23324002,10615,0
23324,23324002,10616,0
23324,23324002,10617,0
23324,23324002,10618,0
23324,23324002,10619,0
23324,23324002,10620,0
23324,23324002,10621,0
23324,23324002,10622,0
23324,23324002,10623,0
23324,23324002,10624,0
23324,23324002,10625,0
23324,23324002,10626,0
23324,23324002,10627,0
23324,23324002,10628,0
23324,23324002,10629,0
23324,23324002,10630,0
23324,23324002,10631,0
23324,23324002,10632,0
23324,23324002,10633,0
23324,23324002,10634,0
23324,23324002,10635,0
23324,23324002,10636,0
23324,23324002,10637,0
23324,23324002,10638,0
23324,23324002,10639,0
23324,23324002,10640,0
23324,23324002,10641,0
23324,23324002,10642,0
23324,23324002,10643,0
23324,23324002,10644,0
23324,23324002,10645,0
23324,23324002,10646,0
23324,23324002,10647,0
23324,23324002,10648,0
23324,23324002,10649,0
23324,23324002,10650,0
23324,23324002,10651,0
23324,23324002,10652,0
23324,23324002,10653,0
23324,23324002,10654,0
23324,23324002,10655,0
23324,23324002,10656,0
23324,23324002,10657,0
23324,23324002,10658,0
23324,23324002,10659,0
23324,23324002,10660,0
23324,23324002,10661,0
23324,23324002,10662,0
23324,23324002,10663,0
23324,23324002,10664,0
23324,23324002,10665,0
23324,23324002,10666,0
23324,23324002,10667,0
23324,23324002,10668,0
23324,23324002,10669,0
23324,23324002,10670,0
23324,23324002,10671,0
23324,23324002,10672,0
23324,23324002,10673,0
23324,23324002,10674,0
23324,23324002,10675,0
23324,23324002,10676,0
23324,23324002,10677,0
23324,23324002,10678,0
23324,23324002,10679,0
23324,23324002,10680,0
23324,23324002,10681,0
23324,23324002,10682,0
23324,23324002,10683,0
23324,23324002,10684,0
23324,23324002,10685,0
23324,23324002,10686,0
23324,23324002,10687,0
23324,23324002,10688,0
23324,23324002,10689,0
23324,23324002,10690,0
23324,23324002,10691,0
23324,23324002,10692,0
23324,23324002,10693,0
23324,23324002,10694,0
23324,23324002,10695,0
23324,23324002,10696,0
23324,23324002,10697,0
23324,23324002,10698,0
23324,23324002,10699,0
23324,23324002,10700,0
23324,23324002,10701,0
23324,23324002,10702,0
23324,23324002,10703,0
23324,23324002,10704,0
23324,23324002,10705,0
23324,23324002,10706,0
23324,23324002,10707,0
23324,23324002,10708,0
23324,23324002,10709,0
23324,23324002,10710,0
23324,23324002,10711,0
23324,23324002,10712,0
23324,23324002,10713,0
23324,23324002,10714,0
23324,23324002,10715,0
23324,23324002,10716,0
23324,23324002,10717,0
23324,23324002,10718,0
23324,23324002,10719,0
23324,23324002,10720,0
23324,23324002,10721,0
23324,23324002,10722,0
23324,23324002,10723,0
23324,23324002,10724,0
23324,23324002,10725,0
23324,23324002,10726,0
23324,23324002,10727,0
23324,23324002,10728,0
23324,23324002,10729,0
23324,23324002,10730,0
23324,23324002,10731,0
23324,23324002,10732,0
23324,23324002,10733,0
23324,23324002,10734,0
23324,23324002,10735,0
23324,23324002,10736,0
23324,23324002,10737,0
23324,23324002,10738,0
23324,23324002,10739,0
23324,23324002,10740,0
23324,23324002,10741,0
23324,23324002,10742,0
23324,23324002,10743,0
23324,23324002,10744,0
23324,23324002,10745,0
23324,23324002,10746,0
23324,23324002,10747,0
23324,23324002,10748,0
23324,23324002,10749,0
23324,23324002,10750,0
23324,23324002,10751,0
23324,23324002,10752,0
23324,23324002,10753,0
23324,23324002,10754,0
23324,23324002,10755,0
23324,23324002,10756,0
23324,23324002,10757,0
23324,23324002,10758,0
23324,23324002,10759,0
23324,23324002,10760,0
23324,23324002,10761,0
23324,23324002,10762,0
23324,23324002,10763,0
23324,23324002,10764,0
23324,23324002,10765,0
23324,23324002,10766,0
23324,23324002,10767,0
23324,23324002,10768,0
23324,23324002,10769,0
23324,23324002,10770,0
23324,23324002,10771,0
23324,23324002,10772,0
23324,23324002,10773,0
23324,23324002,10774,0
23324,23324002,10775,0
23324,23324002,10776,0
23324,23324002,10777,0
23324,23324002,10778,0
23324,23324002,10779,0
23324,23324002,10780,0
23324,23324002,10781,0
23324,23324002,10782,0
23324,23324002,10783,0
23324,23324002,10784,0
23324,23324002,10785,0
23324,23324002,10786,0
23324,23324002,10787,0
23324,23324002,10788,0
23324,23324002,10789,0
23324,23324002,10790,0
23324,23324002,10791,0
23324,23324002,10792,0
23324,23324002,10793,0
23324,23324002,10794,0
23324,23324002,10795,0
23324,23324002,10796,0
23324,23324002,10797,0
23324,23324002,10798,0
23324,23324002,10799,0
23324,23324002,10800,0
23324,23324002,10801,0
23324,23324002,10802,0
23324,23324002,10803,0
23324,23324002,10804,0
23324,23324002,10805,0
23324,23324002,10806,0
23324,23324002,10807,0
23324,23324002,10808,0
23324,23324002,10809,0
23324,23324002,10810,0
23324,23324002,10811,0
23324,23324002,10812,0
23324,23324002,10813,0
23324,23324002,10814,0
23324,23324002,10815,0
23324,23324002,10816,0
23324,23324002,10817,0
23324,23324002,10818,0
23324,23324002,10819,0
23324,23324002,10820,0
23324,23324002,10821,0
23324,23324002,10822,0
23324,23324002,10823,0
23324,23324002,10824,0
23324,23324002,10825,0
23324,23324002,10826,0
23324,23324002,10827,0
23324,23324002,10828,0
23324,23324002,10829,0
23324,23324002,10830,0
23324,23324002,10831,0
23324,23324002,10832,0
23324,23324002,10833,0
23324,23324002,10834,0
23324,23324002,10835,0
23324,23324002,10836,0
23324,23324002,10837,0
23324,23324002,10838,0
23324,23324002,10839,0
23324,23324002,10840,0
23324,23324002,10841,0
23324,23324002,10842,0
23324,23324002,10843,0
23324,23324002,10844,0
23324,23324002,10845,0
23324,23324002,10846,0
23324,23324002,10847,0
23324,23324002,10848,0
23324,23324002,10849,0
23324,23324002,10850,0
23324,23324002,10851,0
23324,23324002,10852,0
23324,23324002,10853,0
23324,23324002,10854,0
23324,23324002,10855,0
23324,23324002,10856,0
23324,23324002,10857,0
23324,23324002,10858,0
23324,23324002,10859,0
23324,23324002,10860,0
23324,23324002,10861,0
23324,23324002,10862,0
23324,23324002,10863,0
23324,23324002,10864,0
23324,23324002,10865,0
23324,23324002,10866,0
23324,23324002,10867,0
23324,23324002,10868,0
23324,23324002,10869,0
23324,23324002,10870,0
23324,23324002,10871,0
23324,23324002,10872,0
23324,23324002,10873,0
23324,23324002,10874,0
23324,23324002,10875,0
23324,23324002,10876,0
23324,23324002,10877,0
23324,23324002,10878,0
23324,23324002,10879,0
23324,23324002,10880,0
23324,23324002,10881,0
23324,23324002,10882,0
23324,23324002,10883,0
23324,23324002,10884,0
23324,23324002,10885,0
23324,23324002,10886,0
23324,23324002,10887,0
23324,23324002,10888,0
23324,23324002,10889,0
23324,23324002,10890,0
23324,23324002,10891,0
23324,23324002,10892,0
23324,23324002,10893,0
23324,23324002,10894,0
23324,23324002,10895,0
23324,23324002,10896,0
23324,23324002,10897,0
23324,23324002,10898,0
23324,23324002,10899,0
23324,23324002,10900,0
23324,23324002,10901,0
23324,23324002,10902,0
23324,23324002,10903,0
23324,23324002,10904,0
23324,23324002,10905,0
23324,23324002,10906,0
23324,23324002,10907,0
23324,23324002,10908,0
23324,23324002,10909,0
23324,23324002,10910,0
23324,23324002,10911,0
23324,23324002,10912,0
23324,23324002,10913,0
23324,23324002,10914,0
23324,23324002,10915,0
23324,23324002,10916,0
23324,23324002,10917,0
23324,23324002,10918,0
23324,23324002,10919,0
23324,23324002,10920,0
23324,23324002,10921,0
23324,23324002,10922,0
23324,23324002,10923,0
23324,23324002,10924,0
23324,23324002,10925,0
23324,23324002,10926,0
23324,23324002,10927,0
23324,23324002,10928,0
23324,23324002,10929,0
23324,23324002,10930,0
23324,23324002,10931,0
23324,23324002,10932,0
23324,23324002,10933,0
23324,23324002,10934,0
23324,23324002,10935,0
23324,23324002,10936,0
23324,23324002,10937,0
23324,23324002,10938,0
23324,23324002,10939,0
23324,23324002,10940,0
23324,23324002,10941,0
23324,23324002,10942,0
23324,23324002,10943,0
23324,23324002,10944,0
23324,23324002,10945,0
23324,23324002,10946,0
23324,23324002,10947,0
23324,23324002,10948,0
23324,23324002,10949,0
23324,23324002,10950,0
23324,23324002,10951,0
23324,23324002,10952,0
23324,23324002,10953,0
23324,23324002,10954,0
23324,23324002,10955,0
23324,23324002,10956,0
23324,23324002,10957,0
23324,23324002,10958,0
23324,23324002,10959,0
23324,23324002,10960,0
23324,23324002,10961,0
23324,23324002,10962,0
23324,23324002,10963,0
23324,23324002,10964,0
23324,23324002,10965,0
23324,23324002,10966,0
23324,23324002,10967,0
23324,23324002,10968,0
23324,23324002,10969,0
23324,23324002,10970,0
23324,23324002,10971,0
23324,23324002,10972,0
23324,23324002,10973,0
23324,23324002,10974,0
23324,23324002,10975,0
23324,23324002,10976,0
23324,23324002,10977,0
23324,23324002,10978,0
23324,23324002,10979,0
23324,23324002,10980,0
23324,23324002,10981,0
23324,23324002,10982,0
23324,23324002,10983,0
23324,23324002,10984,0
23324,23324002,10985,0
23324,23324002,10986,0
23324,23324002,10987,0
23324,23324002,10988,0
23324,23324002,10989,0
23324,23324002,10990,0
23324,23324002,10991,0
23324,23324002,10992,0
23324,23324002,10993,0
23324,23324002,10994,0
23324,23324002,10995,0
23324,23324002,10996,0
23324,23324002,10997,0
23324,23324002,10998,0
23324,23324002,10999,0
23324,23324002,11000,0
23324,23324002,11001,0
23324,23324002,11002,0
23324,23324002,11003,0
23324,23324002,11004,0
23324,23324002,11005,0
23324,23324002,11006,0
23324,23324002,11007,0
23324,23324002,11008,0
23324,23324002,11009,0
23324,23324002,11010,0
23324,23324002,11011,0
23324,23324002,11012,0
23324,23324002,11013,0
23324,23324002,11014,0
23324,23324002,11015,0
23324,23324002,11016,0
23324,23324002,11017,0
23324,23324002,11018,0
23324,23324002,11019,0
23324,23324002,11020,0
23324,23324002,11021,0
23324,23324002,11022,0
23324,23324002,11023,0
23324,23324002,11024,0
23324,23324002,11025,0
23324,23324002,11026,0
23324,23324002,11027,0
23324,23324002,11028,0
23324,23324002,11029,0
23324,23324002,11030,0
23324,23324002,11031,0
23324,23324002,11032,0
23324,23324002,11033,0
23324,23324002,11034,0
23324,23324002,11035,0
23324,23324002,11036,0
23324,23324002,11037,0
23324,23324002,11038,0
23324,23324002,11039,0
23324,23324002,11040,0
23324,23324002,11041,0
23324,23324002,11042,0
23324,23324002,11043,0
23324,23324002,11044,0
23324,23324002,11045,0
23324,23324002,16878,0
23324,23324002,16879,0
23324,23324002,16880,0
23324,23324002,16881,0
23324,23324002,16882,0
23324,23324002,16883,0
23324,23324002,16884,0
23324,23324002,16885,0
23324,23324002,16886,0
23324,23324002,16887,0
23324,23324002,16888,0
23324,23324002,16889,0
23324,23324002,16890,0
23324,23324002,16891,0
23324,23324002,16892,0
23324,23324002,16893,0
23324,23324002,16894,0
23324,23324002,16895,0
23324,23324002,16896,0
23324,23324002,16897,0
23324,23324002,16898,0
23324,23324002,16899,0
23324,23324002,16900,0
23324,23324002,16901,0
23324,23324002,16902,0
23324,23324002,16903,0
23324,23324002,16904,0
23324,23324002,16905,0
23324,23324002,16906,0
23324,23324002,16907,0
23324,23324002,16908,0
23324,23324002,16909,0
23324,23324002,16910,0
23324,23324002,16911,0
23324,23324002,16912,0
23324,23324002,16913,0
23324,23324002,16914,0
23324,23324002,16915,0
23324,23324002,16916,0
23324,23324002,16917,0
23324,23324002,16918,0
23324,23324002,16919,0
23324,23324002,16920,0
23324,23324002,16921,0
23324,23324002,16922,0
23324,23324002,16923,0
23324,23324002,16924,0
23324,23324002,16925,0
23324,23324002,16926,0
23324,23324002,16927,0
23324,23324002,16928,0
23324,23324002,16929,0
23324,23324002,16930,0
23324,23324002,16931,0
23324,23324002,16932,0
23324,23324002,16933,0
23324,23324002,16934,0
23324,23324002,16935,0
23324,23324002,16936,0
23324,23324002,16937,0
23324,23324002,16938,0
23324,23324002,16939,0
23324,23324002,16940,0
23324,23324002,16941,0
23324,23324002,16942,0
23324,23324002,16943,0
23324,23324002,16944,0
23324,23324002,16945,0
23324,23324002,16946,0
23324,23324002,16947,0
23324,23324002,16948,0
23324,23324002,16949,0
23324,23324002,16950,0
23324,23324002,16951,0
23324,23324002,16952,0
23324,23324002,16953,0
23324,23324002,16954,0
23324,23324002,16955,0
23324,23324002,16956,0
23324,23324002,16957,0
23324,23324002,16958,0
23324,23324002,16959,0
23324,23324002,16960,0
23324,23324002,16961,0
23324,23324002,16962,0
23324,23324002,16963,0
23324,23324002,16964,0
23324,23324002,16965,0
23324,23324002,16966,0
23324,23324002,16967,0
23324,23324002,16968,0
23324,23324002,16969,0
23324,23324002,16970,0
23324,23324002,16971,0
23324,23324002,16972,0
23324,23324002,16973,0
23324,23324002,16974,0
23324,23324002,16975,0
23324,23324002,16976,0
23324,23324002,16977,0
23324,23324002,16978,0
23324,23324002,16979,0
23324,23324002,16980,0
23324,23324002,16981,0
23324,23324002,16982,0
23324,23324002,16983,0
23324,23324002,16984,0
23324,23324002,16985,0
23324,23324002,16986,0
23324,23324002,16987,0
23324,23324002,16988,0
23324,23324002,16989,0
23324,23324002,16990,0
23324,23324002,16991,0
23324,23324002,16992,0
23324,23324002,16993,0
23324,23324002,16994,0
23324,23324002,16995,0
23324,23324002,16996,0
23324,23324002,16997,0
23324,23324002,16998,0
23324,23324002,16999,0
23324,23324002,17000,0
23324,23324002,17001,0
23324,23324002,17002,0
23324,23324002,17003,0
23324,23324002,17004,0
23324,23324002,17005,0
23324,23324002,17006,0
23324,23324002,17007,0
23324,23324002,17008,0
23324,23324002,17009,0
23324,23324002,17010,0
23324,23324002,17011,0
23324,23324002,17012,0
23324,23324002,17013,0
23324,23324002,17014,0
23324,23324002,17015,0
23324,23324002,17016,0
23324,23324002,17017,0
23324,23324002,17018,0
23324,23324002,17019,0
23324,23324002,17020,0
23324,23324002,17021,0
23324,23324002,17022,0
23324,23324002,17023,0
23324,23324002,17024,0
23324,23324002,17025,0
23324,23324002,17026,0
23324,23324002,17027,0
23324,23324002,17028,0
23324,23324002,17029,0
23324,23324002,17030,0
23324,23324002,17031,0
23324,23324002,17032,0
23324,23324002,17033,0
23324,23324002,17034,0
23324,23324002,17035,0
23324,23324002,17036,0
23324,23324002,17037,0
23324,23324002,17038,0
23324,23324002,17039,0
23324,23324002,17040,0
23324,23324002,17041,0
23324,23324002,17042,0
23324,23324002,17043,0
23324,23324002,17044,0
23324,23324002,17045,0
23324,23324002,17046,0
23324,23324002,17047,0
23324,23324002,17048,0
23324,23324002,17049,0
23324,23324002,17050,0
23324,23324002,17051,0
23324,23324002,17052,0
23324,23324002,17053,0
23324,23324002,17054,0
23324,23324002,17055,0
23324,23324002,17056,0
23324,23324002,17057,0
23324,23324002,17058,0
23324,23324002,17059,0
23324,23324002,17060,0
23324,23324002,17061,0
23324,23324002,17062,0
23324,23324002,17063,0
23324,23324002,17064,0
23324,23324002,17065,0
23324,23324002,17066,0
23324,23324002,17067,0
23324,23324002,17068,0
23324,23324002,17069,0
23324,23324002,17070,0
23324,23324002,17071,0
23324,23324002,17072,0
23324,23324002,17073,0
23324,23324002,17074,0
23324,23324002,17075,0
23324,23324002,17076,0
23324,23324002,17077,0
23324,23324002,17078,0
23324,23324002,17079,0
23324,23324002,17080,0
23324,23324002,17081,0
23324,23324002,17082,0
23324,23324002,17083,0
23324,23324002,17084,0
23324,23324002,17085,0
23324,23324002,17086,0
23324,23324002,17087,0
23324,23324002,17088,0
23324,23324002,17089,0
23324,23324002,17090,0
23324,23324002,17091,0
23324,23324002,17092,0
23324,23324002,17093,0
23324,23324002,17094,0
23324,23324002,17095,0
23324,23324002,17096,0
23324,23324002,17097,0
23324,23324002,17098,0
23324,23324002,17099,0
23324,23324002,17100,0
23324,23324002,17101,0
23324,23324002,17102,0
23324,23324002,17103,0
23324,23324002,17104,0
23324,23324002,17105,0
23324,23324002,17106,0
23324,23324002,17107,0
23324,23324002,17108,0
23324,23324002,17109,0
23324,23324002,17110,0
23324,23324002,17111,0
23324,23324002,17112,0
23324,23324002,17113,0
23324,23324002,17114,0
23324,23324002,17115,0
23324,23324002,17116,0
23324,23324002,17117,0
23324,23324002,17118,0
23324,23324002,17119,0
23324,23324002,17120,0
23324,23324002,17121,0
23324,23324002,17122,0
23324,23324002,17123,0
23324,23324002,17124,0
23324,23324002,17125,0
23324,23324002,17126,0
23324,23324002,17127,0
23324,23324002,17128,0
23324,23324002,17129,0
23324,23324002,17130,0
23324,23324002,17131,0
23324,23324002,17132,0
23324,23324002,17133,0
23324,23324002,17134,0
23324,23324002,17135,0
23324,23324002,17136,0
23324,23324002,17137,0
23324,23324002,17138,0
23324,23324002,17139,0
23324,23324002,17140,0
23324,23324002,17141,0
23324,23324002,17142,0
23324,23324002,17143,0
23324,23324002,17144,0
23324,23324002,17145,0
23324,23324002,17146,0
23324,23324002,17147,0
23324,23324002,17148,0
23324,23324002,17149,0
23324,23324002,17150,0
23324,23324002,17151,0
23324,23324002,17152,0
23324,23324002,17153,0
23324,23324002,17154,0
23324,23324002,17155,0
23324,23324002,17156,0
23324,23324002,17157,0
23324,23324002,17158,0
23324,23324002,17159,0
23324,23324002,17160,0
23324,23324002,17161,0
23324,23324002,17162,0
23324,23324002,17163,0
23324,23324002,17164,0
23324,23324002,17165,0
23324,23324002,17166,0
23324,23324002,17167,0
23324,23324002,17168,0
23324,23324002,17169,0
23324,23324002,17170,0
23324,23324002,17171,0
23324,23324002,17172,0
23324,23324002,17173,0
23324,23324002,17174,0
23324,23324002,17175,0
23324,23324002,17176,0
23324,23324002,17177,0
23324,23324002,17178,0
23324,23324002,17179,0
23324,23324002,17180,0
23324,23324002,17181,0
23324,23324002,17182,0
23324,23324002,17183,0
23324,23324002,17184,0
23324,23324002,17185,0
23324,23324002,17186,0
23324,23324002,17187,0
23324,23324002,17188,0
23324,23324002,17189,0
23324,23324002,17190,0
23324,23324002,17191,0
23324,23324002,17192,0
23324,23324002,17193,0
23324,23324002,17194,0
23324,23324002,17195,0
23324,23324002,17196,0
23324,23324002,17197,0
23324,23324002,17198,0
23324,23324002,17199,0
23324,23324002,17200,0
23324,23324002,17201,0
23324,23324002,17202,0
23324,23324002,17203,0
23324,23324002,17204,0
23324,23324002,17205,0
23324,23324002,17206,0
23324,23324002,17207,0
23324,23324002,17208,0
23324,23324002,17209,0
23324,23324002,17210,0
23324,23324002,17211,0
23324,23324002,17212,0
23324,23324002,17213,0
23324,23324002,17214,0
23324,23324002,17215,0
23324,23324002,17216,0
23324,23324002,17217,0
23324,23324002,17218,0
23324,23324002,17219,0
23324,23324002,17220,0
23324,23324002,17221,0
23324,23324002,17222,0
23324,23324002,17223,0
23324,23324002,17224,0
23324,23324002,17225,0
23324,23324002,17226,0
23324,23324002,17227,0
23324,23324002,17228,0
23324,23324002,17229,0
23324,23324002,17230,0
23324,23324002,17231,0
23324,23324002,17232,0
23324,23324002,17233,0
23324,23324002,17234,0
23324,23324002,17235,0
23324,23324002,17236,0
23324,23324002,17237,0
23324,23324002,17238,0
23324,23324002,17239,0
23324,23324002,17240,0
23324,23324002,17241,0
23324,23324002,17242,0
23324,23324002,17243,0
23324,23324002,17244,0
23324,23324002,17245,0
23324,23324002,17246,0
23324,23324002,17247,0
23324,23324002,17248,0
23324,23324002,17249,0
23324,23324002,17250,0
23324,23324002,17251,0
23324,23324002,17252,0
23324,23324002,17253,0
23324,23324002,17254,0
23324,23324002,17255,0
23324,23324002,17256,0
23324,23324002,17257,0
23324,23324002,17258,0
23324,23324002,17259,0
23324,23324002,17260,0
23324,23324002,17261,0
23324,23324002,17262,0
23324,23324002,17263,0
23324,23324002,17264,0
23324,23324002,17265,0
23324,23324002,17266,0
23324,23324002,17267,0
23324,23324002,17268,0
23324,23324002,17269,0
23324,23324002,17270,0
23324,23324002,17271,0
23324,23324002,17272,0
23324,23324002,17273,0
23324,23324002,17274,0
23324,23324002,17275,0
23324,23324002,17276,0
23324,23324002,17277,0
23324,23324002,17278,0
23324,23324002,17279,0
23324,23324002,17280,0
23324,23324002,17281,0
23324,23324002,17282,0
23324,23324002,17283,0
23324,23324002,17284,0
23324,23324002,17285,0
23324,23324002,17286,0
23324,23324002,17287,0
23324,23324002,17288,0
23324,23324002,17289,0
23324,23324002,17290,0
23324,23324002,17291,0
23324,23324002,17292,0
23324,23324002,17293,0
23324,23324002,17294,0
23324,23324002,17295,0
23324,23324002,17296,0
23324,23324002,17297,0
23324,23324002,17298,0
23324,23324002,17299,0
23324,23324002,17300,0
23324,23324002,17301,0
23324,23324002,17302,0
23324,23324002,17303,0
23324,23324002,17304,0
23324,23324002,17305,0
23324,23324002,17306,0
23324,23324002,17307,0
23324,23324002,17308,0
23324,23324002,17309,0
23324,23324002,17310,0
23324,23324002,17311,0
23324,23324002,17312,0
23324,23324002,17313,0
23324,23324002,17314,0
23324,23324002,17315,0
23324,23324002,17316,0
23324,23324002,17317,0
23324,23324002,17318,0
23324,23324002,17319,0
23324,23324002,17320,0
23324,23324002,17321,0
23324,23324002,17322,0
23324,23324002,17323,0
23324,23324002,17324,0
23324,23324002,17325,0
23324,23324002,17326,0
23324,23324002,17327,0
23324,23324002,17328,0
23324,23324002,17329,0
23324,23324002,17330,0
23324,23324002,17331,0
23324,23324002,17332,0
23324,23324002,17333,0
23324,23324002,17334,0
23324,23324002,17335,0
23324,23324002,17336,0
23324,23324002,17337,0
23324,23324002,17338,0
23324,23324002,17339,0
23324,23324002,17340,0
23324,23324002,17341,0
23324,23324002,17342,0
23324,23324002,17343,0
23324,23324002,17344,0
23324,23324002,17345,0
23324,23324002,17346,0
23324,23324002,17347,0
23324,23324002,17348,0
23324,23324002,17349,0
23324,23324002,17350,0
23324,23324002,17351,0
23324,23324002,17352,0
23324,23324002,17353,0
23324,23324002,17354,0
23324,23324002,17355,0
23324,23324002,17356,0
23324,23324002,17357,0
23324,23324002,17358,0
23324,23324002,17359,0
23324,23324002,17360,0
23324,23324002,17361,0
23324,23324002,17362,0
23324,23324002,17363,0
23324,23324002,17364,0
23324,23324002,17365,0
23324,23324002,17366,0
23324,23324002,17367,0
23324,23324002,17368,0
23324,23324002,17369,0
23324,23324002,17370,0
23324,23324002,17371,0
23324,23324002,17372,0
23324,23324002,17373,0
23324,23324002,17374,0
23324,23324002,17375,0
23324,23324002,17376,0
23324,23324002,17377,0
23324,23324002,17378,0
23324,23324002,17379,0
23324,23324002,17380,0
23324,23324002,17381,0
23324,23324002,17382,0
23324,23324002,17383,0
23324,23324002,17384,0
23324,23324002,17385,0
23324,23324002,17386,0
23324,23324002,17387,0
23324,23324002,17388,0
23324,23324002,17389,0
23324,23324002,17390,0
23324,23324002,17391,0
23324,23324002,17392,0
23324,23324002,17393,0
23324,23324002,17394,0
23324,23324002,17395,0
23324,23324002,17396,0
23324,23324002,17397,0
23324,23324002,17398,0
23324,23324002,17399,0
23324,23324002,17400,0
23324,23324002,17401,0
23324,23324002,17402,0
23324,23324002,17403,0
23324,23324002,17404,0
23324,23324002,17405,0
23324,23324002,17406,0
23324,23324002,17407,0
23324,23324002,17408,0
23324,23324002,17409,0
23324,23324002,17410,0
23324,23324002,17411,0
23324,23324002,17412,0
23324,23324002,17413,0
23324,23324002,17414,0
23324,23324002,17415,0
23324,23324002,17416,0
23324,23324002,17417,0
23324,23324002,17418,0
23324,23324002,17419,0
23324,23324002,17420,0
23324,23324002,17421,0
23324,23324002,17422,0
23324,23324002,17423,0
23324,23324002,17424,0
23324,23324002,17425,0
23324,23324002,17426,0
23324,23324002,17427,0
23324,23324002,17428,0
23324,23324002,17429,0
23324,23324002,23029,0
23324,23324002,23030,0
23324,23324002,23031,0
23324,23324002,23032,0
23324,23324002,23033,0
23324,23324002,23034,0
23324,23324002,23035,0
23324,23324002,23036,0
23324,23324002,23037,0
23324,23324002,23038,0
23324,23324002,23039,0
23324,23324002,23040,0
23324,23324002,23041,0
23324,23324002,23042,0
23324,23324002,23043,0
23324,23324002,23044,0
23324,23324002,23045,0
23324,23324002,23046,0
23324,23324002,23047,0
23324,23324002,23048,0
23324,23324002,23049,0
23324,23324002,23050,0
23324,23324002,23051,0
23324,23324002,23052,0
23324,23324002,23053,0
23324,23324002,23054,0
23324,23324002,23055,0
23324,23324002,23056,0
23324,23324002,23057,0
23324,23324002,23058,0
23324,23324002,23059,0
23324,23324002,23060,0
23324,23324002,23061,0
23324,23324002,23062,0
23324,23324002,23063,0
23324,23324002,23064,0
23324,23324002,23065,0
23324,23324002,23066,0
23324,23324002,23067,0
23324,23324002,23068,0
23324,23324002,23069,0
23324,23324002,23070,0
23324,23324002,23071,0
23324,23324002,23072,0
23324,23324002,23073,0
23324,23324002,23074,0
23324,23324002,23075,0
23324,23324002,23076,0
23324,23324002,23077,0
23324,23324002,23078,0
23324,23324002,23079,0
23324,23324002,23080,0
23324,23324002,23081,0
23324,23324002,23082,0
23324,23324002,23083,0
23324,23324002,23084,0
23324,23324002,23085,0
23324,23324002,23086,0
23324,23324002,23087,0
23324,23324002,23088,0
23324,23324002,23089,0
23324,23324002,27412,0
23324,23324002,27413,0
23324,23324002,27414,0
23324,23324002,27415,0
23324,23324002,27416,0
23324,23324002,27417,0
23324,23324002,27418,0
23324,23324002,27419,0
23324,23324002,27420,0
23324,23324002,27421,0
23324,23324002,27422,0
23324,23324002,27423,0
23324,23324002,27424,0
23324,23324002,27425,0
23324,23324002,27426,0
23324,23324002,27427,0
23324,23324002,27428,0
23324,23324002,27429,0
23324,23324002,27430,0
23324,23324002,27431,0
23324,23324002,27432,0
23324,23324002,27433,0
23324,23324002,27434,0
23324,23324002,27435,0
23324,23324002,27436,0
23324,23324002,27437,0
23324,23324002,27438,0
23324,23324002,27439,0
23324,23324002,27440,0
23324,23324002,27441,0
23324,23324002,27442,0
23324,23324002,27443,0
23324,23324002,27444,0
23324,23324002,27445,0
23324,23324002,27446,0
23324,23324002,27447,0
23324,23324002,27448,0
23324,23324002,27449,0
23324,23324002,27450,0
23324,23324002,27451,0
23324,23324002,27452,0
23324,23324002,27453,0
23324,23324002,27454,0
23324,23324002,27455,0
23324,23324002,27456,0
23324,23324002,27457,0
23324,23324002,27458,0
23324,23324002,27459,0
23324,23324002,27460,0
23324,23324002,27461,0
23324,23324002,27462,0
23324,23324002,27463,0
23324,23324002,27464,0
23324,23324002,27465,0
23324,23324002,27466,0
23324,23324002,27467,0
23324,23324002,27468,0
23324,23324002,27469,0
23324,23324002,27470,0
23324,23324002,27471,0
23324,23324002,27472,0
23324,23324002,27473,0
23324,23324002,27474,0
23324,23324002,27475,0
23324,23324002,27476,0
23324,23324002,27477,0
23324,23324002,27478,0
23324,23324002,27479,0
23324,23324002,27480,0
23324,23324002,27481,0
23324,23324002,27482,0
23324,23324002,27483,0
23324,23324002,27484,0
23324,23324002,27485,0
23324,23324002,27486,0
23324,23324002,27487,0
23324,23324002,27488,0
23324,23324002,27489,0
23324,23324002,27490,0
23324,23324002,27491,0
23324,23324002,27492,0
23324,23324002,27493,0
23324,23324002,27494,0
23324,23324002,27495,0
23324,23324002,27496,0
23324,23324002,27497,0
23324,23324002,27498,0
23324,23324002,27499,0
23324,23324002,27500,0
23324,23324002,27501,0
23324,23324002,27502,0
23324,23324002,27503,0
23324,23324002,27504,0
23324,23324002,27505,0
23324,23324002,27506,0
23324,23324002,27507,0
23324,23324002,27508,0
23324,23324002,27509,0
23324,23324002,27510,0
23324,23324002,27511,0
23324,23324002,27512,0
23324,23324002,27513,0
23324,23324002,27514,0
23324,23324002,27515,0
23324,23324002,27516,0
23324,23324002,27517,0
23324,23324002,27518,0
23324,23324002,27519,0
23324,23324002,27520,0
23324,23324002,27521,0
23324,23324002,27522,0
23324,23324002,27523,0
23324,23324002,27524,0
23324,23324002,27525,0
23324,23324002,27526,0
23324,23324002,27527,0
23324,23324002,27528,0
23324,23324002,27529,0
23324,23324002,27530,0
23324,23324002,27531,0
23324,23324002,27532,0
23324,23324002,27533,0
23324,23324002,27534,0
23324,23324002,27535,0
23324,23324002,27536,0
23324,23324002,27537,0
23324,23324002,27538,0
23324,23324002,27539,0
23324,23324002,27540,0
23324,23324002,27541,0
23324,23324002,27542,0
23324,23324002,27543,0
23324,23324002,27544,0
23324,23324002,27545,0
23324,23324002,27546,0
23324,23324002,27547,0
23324,23324002,27548,0
23324,23324002,27549,0
23324,23324002,27550,0
23324,23324002,27551,0
23324,23324002,27552,0
23324,23324002,27553,0
23324,23324002,27554,0
23324,23324002,27555,0
23324,23324002,27556,0
23324,23324002,27557,0
23324,23324002,27558,0
23324,23324002,27559,0
23324,23324002,27560,0
23324,23324002,27561,0
23324,23324002,27562,0
23324,23324002,27563,0
23324,23324002,27564,0
23324,23324002,27565,0
23324,23324002,27566,0
23324,23324002,27567,0
23324,23324002,27568,0
23324,23324002,27569,0
23324,23324002,27570,0
23324,23324002,27571,0
23324,23324002,27572,0
23324,23324002,27573,0
23324,23324002,27574,0
23324,23324002,27575,0
23324,23324002,27576,0
23324,23324002,27577,0
23324,23324002,27578,0
23324,23324002,27579,0
23324,23324002,27580,0
23324,23324002,27581,0
23324,23324002,27582,0
23324,23324002,27583,0
23324,23324002,27584,0
23324,23324002,27585,0
23324,23324002,27586,0
23324,23324002,27587,0
23324,23324002,27588,0
23324,23324002,27589,0
23324,23324002,27590,0
23324,23324002,27591,0
23324,23324002,27592,0
23324,23324002,27593,0
23324,23324002,27594,0
23324,23324002,27595,0
23324,23324002,27596,0
23324,23324002,27597,0
23324,23324002,27598,0
23324,23324002,27599,0
23324,23324002,27600,0
23324,23324002,27601,0
23324,23324002,27602,0
23324,23324002,27603,0
23324,23324002,27604,0
23324,23324002,27605,0
23324,23324002,27606,0
23324,23324002,27607,0
23324,23324002,27608,0
23324,23324002,27609,0
23324,23324002,27610,0
23324,23324002,27611,0
23324,23324002,27612,0
23324,23324002,27613,0
23324,23324002,27614,0
23324,23324002,27615,0
23324,23324002,27616,0
23324,23324002,27617,0
23324,23324002,27618,0
23324,23324002,27619,0
23324,23324002,27620,0
23324,23324002,27621,0
23324,23324002,27622,0
23324,23324002,27623,0
23324,23324002,27624,0
23324,23324002,27625,0
23324,23324002,27626,0
23324,23324002,27627,0
23324,23324002,27628,0
23324,23324002,27629,0
23324,23324002,27630,0
23324,23324002,27631,0
23324,23324002,27632,0
23324,23324002,27633,0
23324,23324002,27634,0
23324,23324002,27635,0
23324,23324002,27636,0
23324,23324002,27637,0
23324,23324002,27638,0
23324,23324002,27639,0
23324,23324002,27640,0
23324,23324002,27641,0
23324,23324002,27642,0
23324,23324002,27643,0
23324,23324002,27644,0
23324,23324002,27645,0
23324,23324002,27646,0
23324,23324002,27647,0
23324,23324002,27648,0
23324,23324002,27649,0
23324,23324002,27650,0
23324,23324002,27651,0
23324,23324002,27652,0
23324,23324002,27653,0
23324,23324002,27654,0
23324,23324002,27655,0
23324,23324002,27656,0
23324,23324002,27657,0
23324,23324002,27658,0
23324,23324002,27659,0
23324,23324002,27660,0
23324,23324002,27661,0
23324,23324002,27662,0
23324,23324002,27663,0
23324,23324002,27664,0
23324,23324002,27665,0
23324,23324002,27666,0
23324,23324002,27667,0
23324,23324002,27668,0
23324,23324002,27669,0
23324,23324002,27670,0
23324,23324002,27671,0
23324,23324002,27672,0
23324,23324002,27673,0
23324,23324002,27674,0
23324,23324002,27675,0
23324,23324002,27676,0
23324,23324002,27677,0
23324,23324002,27678,0
23324,23324002,27679,0
23324,23324002,27680,0
23324,23324002,27681,0
23324,23324002,27682,0
23324,23324002,27683,0
23324,23324002,27684,0
23324,23324002,27685,0
23324,23324002,27686,0
23324,23324002,27687,0
23324,23324002,27688,0
23324,23324002,27689,0
23324,23324002,27690,0
23324,23324002,27691,0
23324,23324002,27692,0
23324,23324002,27693,0
23324,23324002,27694,0
23324,23324002,27695,0
23324,23324002,27696,0
23324,23324002,27697,0
23324,23324002,27698,0
23324,23324002,27699,0
23324,23324002,27700,0
23324,23324002,27701,0
23324,23324002,27702,0
23324,23324002,27703,0
23324,23324002,27704,0
23324,23324002,27705,0
23324,23324002,27706,0
23324,23324002,27707,0
23324,23324002,27708,0
23324,23324002,27709,0
23324,23324002,27710,0
23324,23324002,27711,0
23324,23324002,27712,0
23324,23324002,27713,0
23324,23324002,27714,0
23324,23324002,27715,0
23324,23324002,27716,0
23324,23324002,27717,0
23324,23324002,27718,0
23324,23324002,27719,0
23324,23324002,27720,0
23324,23324002,27721,0
23324,23324002,27722,0
23324,23324002,27723,0
23324,23324002,27724,0
23324,23324002,27725,0
23324,23324002,27726,0
23324,23324002,27727,0
23324,23324002,27728,0
23324,23324002,27729,0
23324,23324002,27730,0
23324,23324002,27731,0
23324,23324002,27732,0
23324,23324002,27733,0
23324,23324002,27734,0
23324,23324002,27735,0
23324,23324002,27736,0
23324,23324002,27737,0
23324,23324002,27738,0
23324,23324002,27739,0
23324,23324002,27740,0
23324,23324002,27741,0
23324,23324002,27742,0
23324,23324002,27743,0
23324,23324002,27744,0
23324,23324002,27745,0
23324,23324002,27746,0
23324,23324002,27747,0
23324,23324002,27748,0
23324,23324002,27749,0
23324,23324002,27750,0
23324,23324002,27751,0
23324,23324002,27752,0
23324,23324002,27753,0
23324,23324002,27754,0
23324,23324002,27755,0
23324,23324002,27756,0
23324,23324002,27757,0
23324,23324002,27758,0
23324,23324002,27759,0
23324,23324002,27760,0
23324,23324002,27761,0
23324,23324002,27762,0
23324,23324002,27763,0
23324,23324002,27764,0
23324,23324002,27765,0
23324,23324002,27766,0
23324,23324002,27767,0
23324,23324002,27768,0
23324,23324002,27769,0
23324,23324002,27770,0
23324,23324002,27771,0
23324,23324002,27772,0
23324,23324002,27773,0
23324,23324002,27774,0
23324,23324002,27775,0
23324,23324002,27776,0
23324,23324002,27777,0
23324,23324002,27778,0
23324,23324002,27779,0
23324,23324002,27780,0
23324,23324002,27781,0
23324,23324002,27782,0
23324,23324002,27783,0
23324,23324002,27784,0
23324,23324002,27785,0
23324,23324002,27786,0
23324,23324002,27787,0
23324,23324002,27788,0
23324,23324002,27789,0
23324,23324002,27790,0
23324,23324002,27791,0
23324,23324002,27792,0
23324,23324002,27793,0
23324,23324002,27794,0
23324,23324002,27795,0
23324,23324002,27796,0
23324,23324002,27797,0
23324,23324002,27798,0
23324,23324002,27799,0
23324,23324002,27800,0
23324,23324002,27801,0
23324,23324002,27802,0
23324,23324002,27803,0
23324,23324002,27804,0
23324,23324002,27805,0
23324,23324002,27806,0
23324,23324002,27807,0
23324,23324002,27808,0
23324,23324002,27809,0
23324,23324002,27810,0
23324,23324002,27811,0
23324,23324002,27812,0
23324,23324002,27813,0
23324,23324002,27814,0
23324,23324002,27815,0
23324,23324002,27816,0
23324,23324002,27817,0
23324,23324002,27818,0
23324,23324002,27819,0
23324,23324002,27820,0
23324,23324002,27821,0
23324,23324002,27822,0
23324,23324002,27823,0
23324,23324002,27824,0
23324,23324002,27825,0
23324,23324002,27826,0
23324,23324002,27827,0
23324,23324002,27828,0
23324,23324002,27829,0
23324,23324002,27830,0
23324,23324002,27831,0
23324,23324002,27832,0
23324,23324002,27833,0
23324,23324002,27834,0
23324,23324002,27835,0
23324,23324002,27836,0
23324,23324002,27837,0
23324,23324002,27838,0
23324,23324002,27839,0
23324,23324002,27840,0
23324,23324002,27841,0
23324,23324002,27842,0
23324,23324002,27843,0
23324,23324002,27844,0
23324,23324002,27845,0
23324,23324002,27846,0
23324,23324002,27847,0
23324,23324002,27848,0
23324,23324002,27849,0
23324,23324002,27850,0
23324,23324002,27851,0
23324,23324002,27852,0
23324,23324002,27853,0
23324,23324002,27854,0
23324,23324002,27855,0
23324,23324002,27856,0
23324,23324002,27857,0
23324,23324002,27858,0
23324,23324002,27859,0
23324,23324002,27860,0
23324,23324002,27861,0
23324,23324002,27862,0
23324,23324002,27863,0
23324,23324002,27864,0
23324,23324002,27865,0
23324,23324002,27866,0
23324,23324002,27867,0
23324,23324002,27868,0
23324,23324002,27869,0
23324,23324002,27870,0
23324,23324002,27871,0
23324,23324002,27872,0
23324,23324002,27873,0
23324,23324002,27874,0
23324,23324002,27875,0
23324,23324002,27876,0
23324,23324002,27877,0
23324,23324002,27878,0
23324,23324002,27879,0
23324,23324002,27880,0
23324,23324002,27881,0
23324,23324002,27882,0
23324,23324002,27883,0
23324,23324002,27884,0
23324,23324002,27885,0
23324,23324002,27886,0
23324,23324002,27887,0
23324,23324002,27888,0
23324,23324002,27889,0
23324,23324002,27890,0
23324,23324002,27891,0
23324,23324002,27892,0
23324,23324002,27893,0
23324,23324002,27894,0
23324,23324002,27895,0
23324,23324002,27896,0
23324,23324002,27897,0
23324,23324002,27898,0
23324,23324002,27899,0
23324,23324002,27900,0
23324,23324002,27901,0
23324,23324002,27902,0
23324,23324002,27903,0
23324,23324002,27904,0
23324,23324002,27905,0
23324,23324002,27906,0
23324,23324002,27907,0
23324,23324002,27908,0
23324,23324002,27909,0
23324,23324002,27910,0
23324,23324002,27911,0
23324,23324002,27912,0
23324,23324002,27913,0
23324,23324002,27914,0
23324,23324002,27915,0
23324,23324002,27916,0
23324,23324002,27917,0
23324,23324002,27918,0
23324,23324002,27919,0
23324,23324002,27920,0
23324,23324002,27921,0
23324,23324002,27922,0
23324,23324002,27923,0
23324,23324002,27924,0
23324,23324002,27925,0
23324,23324002,27926,0
23324,23324002,27927,0
23324,23324002,27928,0
23324,23324002,27929,0
23324,23324002,27930,0
23324,23324002,27931,0
23324,23324002,27932,0
23324,23324002,27933,0
23324,23324002,27934,0
23324,23324002,27935,0
23324,23324002,27936,0
23324,23324002,27937,0
23324,23324002,27938,0
23324,23324002,27939,0
23324,23324002,27940,0
23324,23324002,27941,0
23324,23324002,27942,0
23324,23324002,27943,0
23324,23324002,27944,0
23324,23324002,27945,0
23324,23324002,27946,0
23324,23324002,27947,0
23324,23324002,27948,0
23324,23324002,27949,0
23324,23324002,27950,0
23324,23324002,27951,0
23324,23324002,27952,0
23324,23324002,27953,0
23324,23324002,27954,0
23324,23324002,27955,0
23324,23324002,27956,0
23324,23324002,27957,0
23324,23324002,27958,0
23324,23324002,29390,0
23324,23324002,29391,0
23324,23324002,29392,0
23324,23324002,29393,0
23324,23324002,29394,0
23324,23324002,29395,0
23324,23324002,29396,0
23324,23324002,29397,0
23324,23324002,29398,0
23324,23324002,29399,0
23324,23324002,29400,0
23324,23324002,29401,0
23324,23324002,29402,0
23324,23324002,29403,0
23324,23324002,29404,0
23324,23324002,29405,0
23324,23324002,29406,0
23324,23324002,29407,0
23324,23324002,29408,0
23324,23324002,29409,0
23324,23324002,29410,0
23324,23324002,29411,0
23324,23324002,29412,0
23324,23324002,29413,0
23324,23324002,29414,0
23324,23324002,29415,0
23324,23324002,29416,0
23324,23324002,29417,0
23324,23324002,29418,0
23324,23324002,29419,0
23324,23324002,29420,0
23324,23324002,29421,0
23324,23324002,29422,0
23324,23324002,29423,0
23324,23324002,29424,0
23324,23324002,29425,0
23324,23324002,29426,0
23324,23324002,29427,0
23324,23324002,29428,0
23324,23324002,29429,0
23324,23324002,29430,0
23324,23324002,29431,0
23324,23324002,29432,0
23324,23324002,29433,0
23324,23324002,29434,0
23324,23324002,29435,0
23324,23324002,29436,0
23324,23324002,29437,0
23324,23324002,29438,0
23324,23324002,29439,0
23324,23324002,29440,0
23324,23324002,29441,0
23324,23324002,29442,0
23324,23324002,29443,0
23324,23324002,29444,0
23324,23324002,29445,0
23324,23324002,29446,0
23324,23324002,29447,0
23324,23324002,29448,0
23324,23324002,29449,0
23324,23324002,29450,0
23324,23324002,29451,0
23324,23324002,29452,0
23324,23324002,29453,0
23324,23324002,29454,0
23324,23324002,29455,0
23324,23324002,29456,0
23324,23324002,29457,0
23324,23324002,29458,0
23324,23324002,29459,0
23324,23324002,29460,0
23324,23324002,29461,0
23324,23324002,29462,0
23324,23324002,29463,0
23324,23324002,29464,0
23324,23324002,29465,0
23324,23324002,29466,0
23324,23324002,29467,0
23324,23324002,29468,0
23324,23324002,29469,0
23324,23324002,29470,0
23324,23324002,29471,0
23324,23324002,29472,0
23324,23324002,29473,0
23324,23324002,29474,0
23324,23324002,29475,0
23324,23324002,29476,0
23324,23324002,29477,0
23324,23324002,29478,0
23324,23324002,29479,0
23324,23324002,29480,0
23324,23324002,29481,0
23324,23324002,29482,0
23324,23324002,29483,0
23324,23324002,29484,0
23324,23324002,29485,0
23324,23324002,29486,0
23324,23324002,29487,0
23324,23324002,29488,0
23324,23324002,29489,0
23324,23324002,29490,0
23324,23324002,29491,0
23324,23324002,29492,0
23324,23324002,29493,0
23324,23324002,29494,0
23324,23324002,29495,0
23324,23324002,29496,0
23324,23324002,29497,0
23324,23324002,33398,0
23324,23324002,33399,0
23324,23324002,33400,0
23324,23324002,33401,0
23324,23324002,33402,0
23324,23324002,33403,0
23324,23324002,33404,0
23324,23324002,33405,0
23324,23324002,33406,0
23324,23324002,33407,0
23324,23324002,33408,0
23324,23324002,33409,0
23324,23324002,33410,0
23324,23324002,33411,0
23324,23324002,33412,0
23324,23324002,33413,0
23324,23324002,33414,0
23324,23324002,33415,0
23324,23324002,33416,0
23324,23324002,33417,0
23324,23324002,33418,0
23324,23324002,33419,0
23324,23324002,33420,0
23324,23324002,33421,0
23324,23324002,33422,0
23324,23324002,33423,0
23324,23324002,33424,0
23324,23324002,33425,0
23324,23324002,33426,0
23324,23324002,33427,0
23324,23324002,33428,0
23324,23324002,33429,0
23324,23324002,33430,0
23324,23324002,33431,0
23324,23324002,33432,0
23324,23324002,33433,0
23324,23324002,33434,0
23324,23324002,33435,0
23324,23324002,33436,0
23324,23324002,33437,0
23324,23324002,33438,0
23324,23324002,33439,0
23324,23324002,33440,0
23324,23324002,33441,0
23324,23324002,33442,0
23324,23324002,33443,0
23324,23324002,33444,0
23324,23324002,33445,0
23324,23324002,33446,0
23324,23324002,33447,0
23324,23324002,33448,0
23324,23324002,33449,0
23324,23324002,33450,0
23324,23324002,33451,0
23324,23324002,33452,0
23324,23324002,33453,0
23324,23324002,33454,0
23324,23324002,33455,0
23324,23324002,33456,0
23324,23324002,33457,0
23324,23324002,33458,0
23324,23324002,33459,0
23324,23324002,33460,0
23324,23324002,33461,0
23324,23324002,33462,0
23324,23324003,10384,0
23324,23324003,10385,0
23324,23324003,10386,0
23324,23324003,10387,0
23324,23324003,10388,0
23324,23324003,10389,0
23324,23324003,10390,0
23324,23324003,10391,0
23324,23324003,10392,0
23324,23324003,10393,0
23324,23324003,10394,0
23324,23324003,10395,0
23324,23324003,10396,0
23324,23324003,10397,0
23324,23324003,10398,0
23324,23324003,10399,0
23324,23324003,10400,0
23324,23324003,10401,0
23324,23324003,10402,0
23324,23324003,10403,0
23324,23324003,10404,0
23324,23324003,10405,0
23324,23324003,10406,0
23324,23324003,10407,0
23324,23324003,10408,0
23324,23324003,10409,0
23324,23324003,10410,0
23324,23324003,10411,0
23324,23324003,10412,0
23324,23324003,10413,0
23324,23324003,10414,0
23324,23324003,10415,0
23324,23324003,10416,0
23324,23324003,10417,0
23324,23324003,10418,0
23324,23324003,10419,0
23324,23324003,10420,0
23324,23324003,10421,0
23324,23324003,10422,0
23324,23324003,10423,0
23324,23324003,10424,0
23324,23324003,10425,0
23324,23324003,10426,0
23324,23324003,10427,0
23324,23324003,10428,0
23324,23324003,10429,0
23324,23324003,10430,0
23324,23324003,10431,0
23324,23324003,10432,0
23324,23324003,10433,0
23324,23324003,10434,0
23324,23324003,10435,0
23324,23324003,10436,0
23324,23324003,10437,0
23324,23324003,10438,0
23324,23324003,10439,0
23324,23324003,10440,0
23324,23324003,10441,0
23324,23324003,10442,0
23324,23324003,10443,0
23324,23324003,10444,0
23324,23324003,10445,0
23324,23324003,10446,0
23324,23324003,10447,0
23324,23324003,10448,0
23324,23324003,10449,0
23324,23324003,10450,0
23324,23324003,10451,0
23324,23324003,10452,0
23324,23324003,10453,0
23324,23324003,10454,0
23324,23324003,10455,0
23324,23324003,10456,0
23324,23324003,10457,0
23324,23324003,10458,0
23324,23324003,10459,0
23324,23324003,10460,0
23324,23324003,10461,0
23324,23324003,10462,0
23324,23324003,10463,0
23324,23324003,10464,0
23324,23324003,10465,0
23324,23324003,10466,0
23324,23324003,10467,0
23324,23324003,10468,0
23324,23324003,10469,0
23324,23324003,10470,0
23324,23324003,10471,0
23324,23324003,10472,0
23324,23324003,10473,0
23324,23324003,10474,0
23324,23324003,10475,0
23324,23324003,10476,0
23324,23324003,10477,0
23324,23324003,10478,0
23324,23324003,10479,0
23324,23324003,10480,0
23324,23324003,10481,0
23324,23324003,10482,0
23324,23324003,10483,0
23324,23324003,10484,0
23324,23324003,10485,0
23324,23324003,10486,0
23324,23324003,10487,0
23324,23324003,10488,0
23324,23324003,10489,0
23324,23324003,10490,0
23324,23324003,10491,0
23324,23324003,10492,0
23324,23324003,10493,0
23324,23324003,10494,0
23324,23324003,10495,0
23324,23324003,10496,0
23324,23324003,10497,0
23324,23324003,10498,0
23324,23324003,10499,0
23324,23324003,10500,0
23324,23324003,10501,0
23324,23324003,10502,0
23324,23324003,10503,0
23324,23324003,10504,0
23324,23324003,10505,0
23324,23324003,10506,0
23324,23324003,10507,0
23324,23324003,10508,0
23324,23324003,10509,0
23324,23324003,10510,0
23324,23324003,10511,0
23324,23324003,10512,0
23324,23324003,10513,0
23324,23324003,10514,0
23324,23324003,10515,0
23324,23324003,10516,0
23324,23324003,10517,0
23324,23324003,10518,0
23324,23324003,10519,0
23324,23324003,10520,0
23324,23324003,10521,0
23324,23324003,10522,0
23324,23324003,10523,0
23324,23324003,10524,0
23324,23324003,10525,0
23324,23324003,10526,0
23324,23324003,10527,0
23324,23324003,10528,0
23324,23324003,10529,0
23324,23324003,10530,0
23324,23324003,10531,0
23324,23324003,10532,0
23324,23324003,10533,0
23324,23324003,10534,0
23324,23324003,10535,0
23324,23324003,10536,0
23324,23324003,10537,0
23324,23324003,10538,0
23324,23324003,10539,0
23324,23324003,10540,0
23324,23324003,10541,0
23324,23324003,10542,0
23324,23324003,10543,0
23324,23324003,10544,0
23324,23324003,10545,0
23324,23324003,10546,0
23324,23324003,10547,0
23324,23324003,10548,0
23324,23324003,10549,0
23324,23324003,10550,0
23324,23324003,10551,0
23324,23324003,10552,0
23324,23324003,10553,0
23324,23324003,10554,0
23324,23324003,10555,0
23324,23324003,10556,0
23324,23324003,10557,0
23324,23324003,10558,0
23324,23324003,10559,0
23324,23324003,10560,0
23324,23324003,10561,0
23324,23324003,10562,0
23324,23324003,10563,0
23324,23324003,10564,0
23324,23324003,10565,0
23324,23324003,10566,0
23324,23324003,10567,0
23324,23324003,10568,0
23324,23324003,10569,0
23324,23324003,10570,0
23324,23324003,10571,0
23324,23324003,10572,0
23324,23324003,10573,0
23324,23324003,10574,0
23324,23324003,10575,0
23324,23324003,10576,0
23324,23324003,10577,0
23324,23324003,10578,0
23324,23324003,10579,0
23324,23324003,10580,0
23324,23324003,10581,0
23324,23324003,10582,0
23324,23324003,10583,0
23324,23324003,10584,0
23324,23324003,10585,0
23324,23324003,10586,0
23324,23324003,10587,0
23324,23324003,10588,0
23324,23324003,10589,0
23324,23324003,10590,0
23324,23324003,10591,0
23324,23324003,10592,0
23324,23324003,10593,0
23324,23324003,10594,0
23324,23324003,10595,0
23324,23324003,10596,0
23324,23324003,10597,0
23324,23324003,10598,0
23324,23324003,10599,0
23324,23324003,10600,0
23324,23324003,10601,0
23324,23324003,10602,0
23324,23324003,10603,0
23324,23324003,10604,0
23324,23324003,10605,0
23324,23324003,10606,0
23324,23324003,10607,0
23324,23324003,10608,0
23324,23324003,10609,0
23324,23324003,10610,0
23324,23324003,10611,0
23324,23324003,10612,0
23324,23324003,10613,0
23324,23324003,10614,0
23324,23324003,10615,0
23324,23324003,10616,0
23324,23324003,10617,0
23324,23324003,10618,0
23324,23324003,10619,0
23324,23324003,10620,0
23324,23324003,10621,0
23324,23324003,10622,0
23324,23324003,10623,0
23324,23324003,10624,0
23324,23324003,10625,0
23324,23324003,10626,0
23324,23324003,10627,0
23324,23324003,10628,0
23324,23324003,10629,0
23324,23324003,10630,0
23324,23324003,10631,0
23324,23324003,10632,0
23324,23324003,10633,0
23324,23324003,10634,0
23324,23324003,10635,0
23324,23324003,10636,0
23324,23324003,10637,0
23324,23324003,10638,0
23324,23324003,10639,0
23324,23324003,10640,0
23324,23324003,10641,0
23324,23324003,10642,0
23324,23324003,10643,0
23324,23324003,10644,0
23324,23324003,10645,0
23324,23324003,10646,0
23324,23324003,10647,0
23324,23324003,10648,0
23324,23324003,10649,0
23324,23324003,10650,0
23324,23324003,10651,0
23324,23324003,10652,0
23324,23324003,10653,0
23324,23324003,10654,0
23324,23324003,10655,0
23324,23324003,10656,0
23324,23324003,10657,0
23324,23324003,10658,0
23324,23324003,10659,0
23324,23324003,10660,0
23324,23324003,10661,0
23324,23324003,10662,0
23324,23324003,10663,0
23324,23324003,10664,0
23324,23324003,10665,0
23324,23324003,10666,0
23324,23324003,10667,0
23324,23324003,10668,0
23324,23324003,10669,0
23324,23324003,10670,0
23324,23324003,10671,0
23324,23324003,10672,0
23324,23324003,10673,0
23324,23324003,10674,0
23324,23324003,10675,0
23324,23324003,10676,0
23324,23324003,10677,0
23324,23324003,10678,0
23324,23324003,10679,0
23324,23324003,10680,0
23324,23324003,10681,0
23324,23324003,10682,0
23324,23324003,10683,0
23324,23324003,10684,0
23324,23324003,10685,0
23324,23324003,10686,0
23324,23324003,10687,0
23324,23324003,10688,0
23324,23324003,10689,0
23324,23324003,10690,0
23324,23324003,10691,0
23324,23324003,10692,0
23324,23324003,10693,0
23324,23324003,10694,0
23324,23324003,10695,0
23324,23324003,10696,0
23324,23324003,10697,0
23324,23324003,10698,0
23324,23324003,10699,0
23324,23324003,10700,0
23324,23324003,10701,0
23324,23324003,10702,0
23324,23324003,10703,0
23324,23324003,10704,0
23324,23324003,10705,0
23324,23324003,10706,0
23324,23324003,10707,0
23324,23324003,10708,0
23324,23324003,10709,0
23324,23324003,10710,0
23324,23324003,10711,0
23324,23324003,10712,0
23324,23324003,10713,0
23324,23324003,10714,0
23324,23324003,10715,0
23324,23324003,10716,0
23324,23324003,10717,0
23324,23324003,10718,0
23324,23324003,10719,0
23324,23324003,10720,0
23324,23324003,10721,0
23324,23324003,10722,0
23324,23324003,10723,0
23324,23324003,10724,0
23324,23324003,10725,0
23324,23324003,10726,0
23324,23324003,10727,0
23324,23324003,10728,0
23324,23324003,10729,0
23324,23324003,10730,0
23324,23324003,10731,0
23324,23324003,10732,0
23324,23324003,10733,0
23324,23324003,10734,0
23324,23324003,10735,0
23324,23324003,10736,0
23324,23324003,10737,0
23324,23324003,10738,0
23324,23324003,10739,0
23324,23324003,10740,0
23324,23324003,10741,0
23324,23324003,10742,0
23324,23324003,10743,0
23324,23324003,10744,0
23324,23324003,10745,0
23324,23324003,10746,0
23324,23324003,10747,0
23324,23324003,10748,0
23324,23324003,10749,0
23324,23324003,10750,0
23324,23324003,10751,0
23324,23324003,10752,0
23324,23324003,10753,0
23324,23324003,10754,0
23324,23324003,10755,0
23324,23324003,10756,0
23324,23324003,10757,0
23324,23324003,10758,0
23324,23324003,10759,0
23324,23324003,10760,0
23324,23324003,10761,0
23324,23324003,10762,0
23324,23324003,10763,0
23324,23324003,10764,0
23324,23324003,10765,0
23324,23324003,10766,0
23324,23324003,10767,0
23324,23324003,10768,0
23324,23324003,10769,0
23324,23324003,10770,0
23324,23324003,10771,0
23324,23324003,10772,0
23324,23324003,10773,0
23324,23324003,10774,0
23324,23324003,10775,0
23324,23324003,10776,0
23324,23324003,10777,0
23324,23324003,10778,0
23324,23324003,10779,0
23324,23324003,10780,0
23324,23324003,10781,0
23324,23324003,10782,0
23324,23324003,10783,0
23324,23324003,10784,0
23324,23324003,10785,0
23324,23324003,10786,0
23324,23324003,10787,0
23324,23324003,10788,0
23324,23324003,10789,0
23324,23324003,10790,0
23324,23324003,10791,0
23324,23324003,10792,0
23324,23324003,10793,0
23324,23324003,10794,0
23324,23324003,10795,0
23324,23324003,10796,0
23324,23324003,10797,0
23324,23324003,10798,0
23324,23324003,10799,0
23324,23324003,10800,0
23324,23324003,10801,0
23324,23324003,10802,0
23324,23324003,10803,0
23324,23324003,10804,0
23324,23324003,10805,0
23324,23324003,10806,0
23324,23324003,10807,0
23324,23324003,10808,0
23324,23324003,10809,0
23324,23324003,10810,0
23324,23324003,10811,0
23324,23324003,10812,0
23324,23324003,10813,0
23324,23324003,10814,0
23324,23324003,10815,0
23324,23324003,10816,0
23324,23324003,10817,0
23324,23324003,10818,0
23324,23324003,10819,0
23324,23324003,10820,0
23324,23324003,10821,0
23324,23324003,10822,0
23324,23324003,10823,0
23324,23324003,10824,0
23324,23324003,10825,0
23324,23324003,10826,0
23324,23324003,10827,0
23324,23324003,10828,0
23324,23324003,10829,0
23324,23324003,10830,0
23324,23324003,10831,0
23324,23324003,10832,0
23324,23324003,10833,0
23324,23324003,10834,0
23324,23324003,10835,0
23324,23324003,10836,0
23324,23324003,10837,0
23324,23324003,10838,0
23324,23324003,10839,0
23324,23324003,10840,0
23324,23324003,10841,0
23324,23324003,10842,0
23324,23324003,10843,0
23324,23324003,10844,0
23324,23324003,10845,0
23324,23324003,10846,0
23324,23324003,10847,0
23324,23324003,10848,0
23324,23324003,10849,0
23324,23324003,10850,0
23324,23324003,10851,0
23324,23324003,10852,0
23324,23324003,10853,0
23324,23324003,10854,0
23324,23324003,10855,0
23324,23324003,10856,0
23324,23324003,10857,0
23324,23324003,10858,0
23324,23324003,10859,0
23324,23324003,10860,0
23324,23324003,10861,0
23324,23324003,10862,0
23324,23324003,10863,0
23324,23324003,10864,0
23324,23324003,10865,0
23324,23324003,10866,0
23324,23324003,10867,0
23324,23324003,10868,0
23324,23324003,10869,0
23324,23324003,10870,0
23324,23324003,10871,0
23324,23324003,10872,0
23324,23324003,10873,0
23324,23324003,10874,0
23324,23324003,10875,0
23324,23324003,10876,0
23324,23324003,10877,0
23324,23324003,10878,0
23324,23324003,10879,0
23324,23324003,10880,0
23324,23324003,10881,0
23324,23324003,10882,0
23324,23324003,10883,0
23324,23324003,10884,0
23324,23324003,10885,0
23324,23324003,10886,0
23324,23324003,10887,0
23324,23324003,10888,0
23324,23324003,10889,0
23324,23324003,10890,0
23324,23324003,10891,0
23324,23324003,10892,0
23324,23324003,10893,0
23324,23324003,10894,0
23324,23324003,10895,0
23324,23324003,10896,0
23324,23324003,10897,0
23324,23324003,10898,0
23324,23324003,10899,0
23324,23324003,10900,0
23324,23324003,10901,0
23324,23324003,10902,0
23324,23324003,10903,0
23324,23324003,10904,0
23324,23324003,10905,0
23324,23324003,10906,0
23324,23324003,10907,0
23324,23324003,10908,0
23324,23324003,10909,0
23324,23324003,10910,0
23324,23324003,10911,0
23324,23324003,10912,0
23324,23324003,10913,0
23324,23324003,10914,0
23324,23324003,10915,0
23324,23324003,10916,0
23324,23324003,10917,0
23324,23324003,10918,0
23324,23324003,10919,0
23324,23324003,10920,0
23324,23324003,10921,0
23324,23324003,10922,0
23324,23324003,10923,0
23324,23324003,10924,0
23324,23324003,10925,0
23324,23324003,10926,0
23324,23324003,10927,0
23324,23324003,10928,0
23324,23324003,10929,0
23324,23324003,10930,0
23324,23324003,10931,0
23324,23324003,10932,0
23324,23324003,10933,0
23324,23324003,10934,0
23324,23324003,10935,0
23324,23324003,10936,0
23324,23324003,10937,0
23324,23324003,10938,0
23324,23324003,10939,0
23324,23324003,10940,0
23324,23324003,10941,0
23324,23324003,10942,0
23324,23324003,10943,0
23324,23324003,10944,0
23324,23324003,10945,0
23324,23324003,10946,0
23324,23324003,10947,0
23324,23324003,10948,0
23324,23324003,10949,0
23324,23324003,10950,0
23324,23324003,10951,0
23324,23324003,10952,0
23324,23324003,10953,0
23324,23324003,10954,0
23324,23324003,10955,0
23324,23324003,10956,0
23324,23324003,10957,0
23324,23324003,10958,0
23324,23324003,10959,0
23324,23324003,10960,0
23324,23324003,10961,0
23324,23324003,10962,0
23324,23324003,10963,0
23324,23324003,10964,0
23324,23324003,10965,0
23324,23324003,10966,0
23324,23324003,10967,0
23324,23324003,10968,0
23324,23324003,10969,0
23324,23324003,10970,0
23324,23324003,10971,0
23324,23324003,10972,0
23324,23324003,10973,0
23324,23324003,10974,0
23324,23324003,10975,0
23324,23324003,10976,0
23324,23324003,10977,0
23324,23324003,10978,0
23324,23324003,10979,0
23324,23324003,10980,0
23324,23324003,10981,0
23324,23324003,10982,0
23324,23324003,10983,0
23324,23324003,10984,0
23324,23324003,10985,0
23324,23324003,10986,0
23324,23324003,10987,0
23324,23324003,10988,0
23324,23324003,10989,0
23324,23324003,10990,0
23324,23324003,10991,0
23324,23324003,10992,0
23324,23324003,10993,0
23324,23324003,10994,0
23324,23324003,10995,0
23324,23324003,10996,0
23324,23324003,10997,0
23324,23324003,10998,0
23324,23324003,10999,0
23324,23324003,11000,0
23324,23324003,11001,0
23324,23324003,11002,0
23324,23324003,11003,0
23324,23324003,11004,0
23324,23324003,11005,0
23324,23324003,11006,0
23324,23324003,11007,0
23324,23324003,11008,0
23324,23324003,11009,0
23324,23324003,11010,0
23324,23324003,11011,0
23324,23324003,11012,0
23324,23324003,11013,0
23324,23324003,11014,0
23324,23324003,11015,0
23324,23324003,11016,0
23324,23324003,11017,0
23324,23324003,11018,0
23324,23324003,11019,0
23324,23324003,11020,0
23324,23324003,11021,0
23324,23324003,11022,0
23324,23324003,11023,0
23324,23324003,11024,0
23324,23324003,11025,0
23324,23324003,11026,0
23324,23324003,11027,0
23324,23324003,11028,0
23324,23324003,11029,0
23324,23324003,11030,0
23324,23324003,11031,0
23324,23324003,11032,0
23324,23324003,11033,0
23324,23324003,11034,0
23324,23324003,11035,0
23324,23324003,11036,0
23324,23324003,11037,0
23324,23324003,11038,0
23324,23324003,11039,0
23324,23324003,11040,0
23324,23324003,11041,0
23324,23324003,11042,0
23324,23324003,11043,0
23324,23324003,11044,0
23324,23324003,11045,0
23324,23324003,16878,0
23324,23324003,16879,0
23324,23324003,16880,0
23324,23324003,16881,0
23324,23324003,16882,0
23324,23324003,16883,0
23324,23324003,16884,0
23324,23324003,16885,0
23324,23324003,16886,0
23324,23324003,16887,0
23324,23324003,16888,0
23324,23324003,16889,0
23324,23324003,16890,0
23324,23324003,16891,0
23324,23324003,16892,0
23324,23324003,16893,0
23324,23324003,16894,0
23324,23324003,16895,0
23324,23324003,16896,0
23324,23324003,16897,0
23324,23324003,16898,0
23324,23324003,16899,0
23324,23324003,16900,0
23324,23324003,16901,0
23324,23324003,16902,0
23324,23324003,16903,0
23324,23324003,16904,0
23324,23324003,16905,0
23324,23324003,16906,0
23324,23324003,16907,0
23324,23324003,16908,0
23324,23324003,16909,0
23324,23324003,16910,0
23324,23324003,16911,0
23324,23324003,16912,0
23324,23324003,16913,0
23324,23324003,16914,0
23324,23324003,16915,0
23324,23324003,16916,0
23324,23324003,16917,0
23324,23324003,16918,0
23324,23324003,16919,0
23324,23324003,16920,0
23324,23324003,16921,0
23324,23324003,16922,0
23324,23324003,16923,0
23324,23324003,16924,0
23324,23324003,16925,0
23324,23324003,16926,0
23324,23324003,16927,0
23324,23324003,16928,0
23324,23324003,16929,0
23324,23324003,16930,0
23324,23324003,16931,0
23324,23324003,16932,0
23324,23324003,16933,0
23324,23324003,16934,0
23324,23324003,16935,0
23324,23324003,16936,0
23324,23324003,16937,0
23324,23324003,16938,0
23324,23324003,16939,0
23324,23324003,16940,0
23324,23324003,16941,0
23324,23324003,16942,0
23324,23324003,16943,0
23324,23324003,16944,0
23324,23324003,16945,0
23324,23324003,16946,0
23324,23324003,16947,0
23324,23324003,16948,0
23324,23324003,16949,0
23324,23324003,16950,0
23324,23324003,16951,0
23324,23324003,16952,0
23324,23324003,16953,0
23324,23324003,16954,0
23324,23324003,16955,0
23324,23324003,16956,0
23324,23324003,16957,0
23324,23324003,16958,0
23324,23324003,16959,0
23324,23324003,16960,0
23324,23324003,16961,0
23324,23324003,16962,0
23324,23324003,16963,0
23324,23324003,16964,0
23324,23324003,16965,0
23324,23324003,16966,0
23324,23324003,16967,0
23324,23324003,16968,0
23324,23324003,16969,0
23324,23324003,16970,0
23324,23324003,16971,0
23324,23324003,16972,0
23324,23324003,16973,0
23324,23324003,16974,0
23324,23324003,16975,0
23324,23324003,16976,0
23324,23324003,16977,0
23324,23324003,16978,0
23324,23324003,16979,0
23324,23324003,16980,0
23324,23324003,16981,0
23324,23324003,16982,0
23324,23324003,16983,0
23324,23324003,16984,0
23324,23324003,16985,0
23324,23324003,16986,0
23324,23324003,16987,0
23324,23324003,16988,0
23324,23324003,16989,0
23324,23324003,16990,0
23324,23324003,16991,0
23324,23324003,16992,0
23324,23324003,16993,0
23324,23324003,16994,0
23324,23324003,16995,0
23324,23324003,16996,0
23324,23324003,16997,0
23324,23324003,16998,0
23324,23324003,16999,0
23324,23324003,17000,0
23324,23324003,17001,0
23324,23324003,17002,0
23324,23324003,17003,0
23324,23324003,17004,0
23324,23324003,17005,0
23324,23324003,17006,0
23324,23324003,17007,0
23324,23324003,17008,0
23324,23324003,17009,0
23324,23324003,17010,0
23324,23324003,17011,0
23324,23324003,17012,0
23324,23324003,17013,0
23324,23324003,17014,0
23324,23324003,17015,0
23324,23324003,17016,0
23324,23324003,17017,0
23324,23324003,17018,0
23324,23324003,17019,0
23324,23324003,17020,0
23324,23324003,17021,0
23324,23324003,17022,0
23324,23324003,17023,0
23324,23324003,17024,0
23324,23324003,17025,0
23324,23324003,17026,0
23324,23324003,17027,0
23324,23324003,17028,0
23324,23324003,17029,0
23324,23324003,17030,0
23324,23324003,17031,0
23324,23324003,17032,0
23324,23324003,17033,0
23324,23324003,17034,0
23324,23324003,17035,0
23324,23324003,17036,0
23324,23324003,17037,0
23324,23324003,17038,0
23324,23324003,17039,0
23324,23324003,17040,0
23324,23324003,17041,0
23324,23324003,17042,0
23324,23324003,17043,0
23324,23324003,17044,0
23324,23324003,17045,0
23324,23324003,17046,0
23324,23324003,17047,0
23324,23324003,17048,0
23324,23324003,17049,0
23324,23324003,17050,0
23324,23324003,17051,0
23324,23324003,17052,0
23324,23324003,17053,0
23324,23324003,17054,0
23324,23324003,17055,0
23324,23324003,17056,0
23324,23324003,17057,0
23324,23324003,17058,0
23324,23324003,17059,0
23324,23324003,17060,0
23324,23324003,17061,0
23324,23324003,17062,0
23324,23324003,17063,0
23324,23324003,17064,0
23324,23324003,17065,0
23324,23324003,17066,0
23324,23324003,17067,0
23324,23324003,17068,0
23324,23324003,17069,0
23324,23324003,17070,0
23324,23324003,17071,0
23324,23324003,17072,0
23324,23324003,17073,0
23324,23324003,17074,0
23324,23324003,17075,0
23324,23324003,17076,0
23324,23324003,17077,0
23324,23324003,17078,0
23324,23324003,17079,0
23324,23324003,17080,0
23324,23324003,17081,0
23324,23324003,17082,0
23324,23324003,17083,0
23324,23324003,17084,0
23324,23324003,17085,0
23324,23324003,17086,0
23324,23324003,17087,0
23324,23324003,17088,0
23324,23324003,17089,0
23324,23324003,17090,0
23324,23324003,17091,0
23324,23324003,17092,0
23324,23324003,17093,0
23324,23324003,17094,0
23324,23324003,17095,0
23324,23324003,17096,0
23324,23324003,17097,0
23324,23324003,17098,0
23324,23324003,17099,0
23324,23324003,17100,0
23324,23324003,17101,0
23324,23324003,17102,0
23324,23324003,17103,0
23324,23324003,17104,0
23324,23324003,17105,0
23324,23324003,17106,0
23324,23324003,17107,0
23324,23324003,17108,0
23324,23324003,17109,0
23324,23324003,17110,0
23324,23324003,17111,0
23324,23324003,17112,0
23324,23324003,17113,0
23324,23324003,17114,0
23324,23324003,17115,0
23324,23324003,17116,0
23324,23324003,17117,0
23324,23324003,17118,0
23324,23324003,17119,0
23324,23324003,17120,0
23324,23324003,17121,0
23324,23324003,17122,0
23324,23324003,17123,0
23324,23324003,17124,0
23324,23324003,17125,0
23324,23324003,17126,0
23324,23324003,17127,0
23324,23324003,17128,0
23324,23324003,17129,0
23324,23324003,17130,0
23324,23324003,17131,0
23324,23324003,17132,0
23324,23324003,17133,0
23324,23324003,17134,0
23324,23324003,17135,0
23324,23324003,17136,0
23324,23324003,17137,0
23324,23324003,17138,0
23324,23324003,17139,0
23324,23324003,17140,0
23324,23324003,17141,0
23324,23324003,17142,0
23324,23324003,17143,0
23324,23324003,17144,0
23324,23324003,17145,0
23324,23324003,17146,0
23324,23324003,17147,0
23324,23324003,17148,0
23324,23324003,17149,0
23324,23324003,17150,0
23324,23324003,17151,0
23324,23324003,17152,0
23324,23324003,17153,0
23324,23324003,17154,0
23324,23324003,17155,0
23324,23324003,17156,0
23324,23324003,17157,0
23324,23324003,17158,0
23324,23324003,17159,0
23324,23324003,17160,0
23324,23324003,17161,0
23324,23324003,17162,0
23324,23324003,17163,0
23324,23324003,17164,0
23324,23324003,17165,0
23324,23324003,17166,0
23324,23324003,17167,0
23324,23324003,17168,0
23324,23324003,17169,0
23324,23324003,17170,0
23324,23324003,17171,0
23324,23324003,17172,0
23324,23324003,17173,0
23324,23324003,17174,0
23324,23324003,17175,0
23324,23324003,17176,0
23324,23324003,17177,0
23324,23324003,17178,0
23324,23324003,17179,0
23324,23324003,17180,0
23324,23324003,17181,0
23324,23324003,17182,0
23324,23324003,17183,0
23324,23324003,17184,0
23324,23324003,17185,0
23324,23324003,17186,0
23324,23324003,17187,0
23324,23324003,17188,0
23324,23324003,17189,0
23324,23324003,17190,0
23324,23324003,17191,0
23324,23324003,17192,0
23324,23324003,17193,0
23324,23324003,17194,0
23324,23324003,17195,0
23324,23324003,17196,0
23324,23324003,17197,0
23324,23324003,17198,0
23324,23324003,17199,0
23324,23324003,17200,0
23324,23324003,17201,0
23324,23324003,17202,0
23324,23324003,17203,0
23324,23324003,17204,0
23324,23324003,17205,0
23324,23324003,17206,0
23324,23324003,17207,0
23324,23324003,17208,0
23324,23324003,17209,0
23324,23324003,17210,0
23324,23324003,17211,0
23324,23324003,17212,0
23324,23324003,17213,0
23324,23324003,17214,0
23324,23324003,17215,0
23324,23324003,17216,0
23324,23324003,17217,0
23324,23324003,17218,0
23324,23324003,17219,0
23324,23324003,17220,0
23324,23324003,17221,0
23324,23324003,17222,0
23324,23324003,17223,0
23324,23324003,17224,0
23324,23324003,17225,0
23324,23324003,17226,0
23324,23324003,17227,0
23324,23324003,17228,0
23324,23324003,17229,0
23324,23324003,17230,0
23324,23324003,17231,0
23324,23324003,17232,0
23324,23324003,17233,0
23324,23324003,17234,0
23324,23324003,17235,0
23324,23324003,17236,0
23324,23324003,17237,0
23324,23324003,17238,0
23324,23324003,17239,0
23324,23324003,17240,0
23324,23324003,17241,0
23324,23324003,17242,0
23324,23324003,17243,0
23324,23324003,17244,0
23324,23324003,17245,0
23324,23324003,17246,0
23324,23324003,17247,0
23324,23324003,17248,0
23324,23324003,17249,0
23324,23324003,17250,0
23324,23324003,17251,0
23324,23324003,17252,0
23324,23324003,17253,0
23324,23324003,17254,0
23324,23324003,17255,0
23324,23324003,17256,0
23324,23324003,17257,0
23324,23324003,17258,0
23324,23324003,17259,0
23324,23324003,17260,0
23324,23324003,17261,0
23324,23324003,17262,0
23324,23324003,17263,0
23324,23324003,17264,0
23324,23324003,17265,0
23324,23324003,17266,0
23324,23324003,17267,0
23324,23324003,17268,0
23324,23324003,17269,0
23324,23324003,17270,0
23324,23324003,17271,0
23324,23324003,17272,0
23324,23324003,17273,0
23324,23324003,17274,0
23324,23324003,17275,0
23324,23324003,17276,0
23324,23324003,17277,0
23324,23324003,17278,0
23324,23324003,17279,0
23324,23324003,17280,0
23324,23324003,17281,0
23324,23324003,17282,0
23324,23324003,17283,0
23324,23324003,17284,0
23324,23324003,17285,0
23324,23324003,17286,0
23324,23324003,17287,0
23324,23324003,17288,0
23324,23324003,17289,0
23324,23324003,17290,0
23324,23324003,17291,0
23324,23324003,17292,0
23324,23324003,17293,0
23324,23324003,17294,0
23324,23324003,17295,0
23324,23324003,17296,0
23324,23324003,17297,0
23324,23324003,17298,0
23324,23324003,17299,0
23324,23324003,17300,0
23324,23324003,17301,0
23324,23324003,17302,0
23324,23324003,17303,0
23324,23324003,17304,0
23324,23324003,17305,0
23324,23324003,17306,0
23324,23324003,17307,0
23324,23324003,17308,0
23324,23324003,17309,0
23324,23324003,17310,0
23324,23324003,17311,0
23324,23324003,17312,0
23324,23324003,17313,0
23324,23324003,17314,0
23324,23324003,17315,0
23324,23324003,17316,0
23324,23324003,17317,0
23324,23324003,17318,0
23324,23324003,17319,0
23324,23324003,17320,0
23324,23324003,17321,0
23324,23324003,17322,0
23324,23324003,17323,0
23324,23324003,17324,0
23324,23324003,17325,0
23324,23324003,17326,0
23324,23324003,17327,0
23324,23324003,17328,0
23324,23324003,17329,0
23324,23324003,17330,0
23324,23324003,17331,0
23324,23324003,17332,0
23324,23324003,17333,0
23324,23324003,17334,0
23324,23324003,17335,0
23324,23324003,17336,0
23324,23324003,17337,0
23324,23324003,17338,0
23324,23324003,17339,0
23324,23324003,17340,0
23324,23324003,17341,0
23324,23324003,17342,0
23324,23324003,17343,0
23324,23324003,17344,0
23324,23324003,17345,0
23324,23324003,17346,0
23324,23324003,17347,0
23324,23324003,17348,0
23324,23324003,17349,0
23324,23324003,17350,0
23324,23324003,17351,0
23324,23324003,17352,0
23324,23324003,17353,0
23324,23324003,17354,0
23324,23324003,17355,0
23324,23324003,17356,0
23324,23324003,17357,0
23324,23324003,17358,0
23324,23324003,17359,0
23324,23324003,17360,0
23324,23324003,17361,0
23324,23324003,17362,0
23324,23324003,17363,0
23324,23324003,17364,0
23324,23324003,17365,0
23324,23324003,17366,0
23324,23324003,17367,0
23324,23324003,17368,0
23324,23324003,17369,0
23324,23324003,17370,0
23324,23324003,17371,0
23324,23324003,17372,0
23324,23324003,17373,0
23324,23324003,17374,0
23324,23324003,17375,0
23324,23324003,17376,0
23324,23324003,17377,0
23324,23324003,17378,0
23324,23324003,17379,0
23324,23324003,17380,0
23324,23324003,17381,0
23324,23324003,17382,0
23324,23324003,17383,0
23324,23324003,17384,0
23324,23324003,17385,0
23324,23324003,17386,0
23324,23324003,17387,0
23324,23324003,17388,0
23324,23324003,17389,0
23324,23324003,17390,0
23324,23324003,17391,0
23324,23324003,17392,0
23324,23324003,17393,0
23324,23324003,17394,0
23324,23324003,17395,0
23324,23324003,17396,0
23324,23324003,17397,0
23324,23324003,17398,0
23324,23324003,17399,0
23324,23324003,17400,0
23324,23324003,17401,0
23324,23324003,17402,0
23324,23324003,17403,0
23324,23324003,17404,0
23324,23324003,17405,0
23324,23324003,17406,0
23324,23324003,17407,0
23324,23324003,17408,0
23324,23324003,17409,0
23324,23324003,17410,0
23324,23324003,17411,0
23324,23324003,17412,0
23324,23324003,17413,0
23324,23324003,17414,0
23324,23324003,17415,0
23324,23324003,17416,0
23324,23324003,17417,0
23324,23324003,17418,0
23324,23324003,17419,0
23324,23324003,17420,0
23324,23324003,17421,0
23324,23324003,17422,0
23324,23324003,17423,0
23324,23324003,17424,0
23324,23324003,17425,0
23324,23324003,17426,0
23324,23324003,17427,0
23324,23324003,17428,0
23324,23324003,17429,0
23324,23324003,23029,0
23324,23324003,23030,0
23324,23324003,23031,0
23324,23324003,23032,0
23324,23324003,23033,0
23324,23324003,23034,0
23324,23324003,23035,0
23324,23324003,23036,0
23324,23324003,23037,0
23324,23324003,23038,0
23324,23324003,23039,0
23324,23324003,23040,0
23324,23324003,23041,0
23324,23324003,23042,0
23324,23324003,23043,0
23324,23324003,23044,0
23324,23324003,23045,0
23324,23324003,23046,0
23324,23324003,23047,0
23324,23324003,23048,0
23324,23324003,23049,0
23324,23324003,23050,0
23324,23324003,23051,0
23324,23324003,23052,0
23324,23324003,23053,0
23324,23324003,23054,0
23324,23324003,23055,0
23324,23324003,23056,0
23324,23324003,23057,0
23324,23324003,23058,0
23324,23324003,23059,0
23324,23324003,23060,0
23324,23324003,23061,0
23324,23324003,23062,0
23324,23324003,23063,0
23324,23324003,23064,0
23324,23324003,23065,0
23324,23324003,23066,0
23324,23324003,23067,0
23324,23324003,23068,0
23324,23324003,23069,0
23324,23324003,23070,0
23324,23324003,23071,0
23324,23324003,23072,0
23324,23324003,23073,0
23324,23324003,23074,0
23324,23324003,23075,0
23324,23324003,23076,0
23324,23324003,23077,0
23324,23324003,23078,0
23324,23324003,23079,0
23324,23324003,23080,0
23324,23324003,23081,0
23324,23324003,23082,0
23324,23324003,23083,0
23324,23324003,23084,0
23324,23324003,23085,0
23324,23324003,23086,0
23324,23324003,23087,0
23324,23324003,23088,0
23324,23324003,23089,0
23324,23324003,27412,0
23324,23324003,27413,0
23324,23324003,27414,0
23324,23324003,27415,0
23324,23324003,27416,0
23324,23324003,27417,0
23324,23324003,27418,0
23324,23324003,27419,0
23324,23324003,27420,0
23324,23324003,27421,0
23324,23324003,27422,0
23324,23324003,27423,0
23324,23324003,27424,0
23324,23324003,27425,0
23324,23324003,27426,0
23324,23324003,27427,0
23324,23324003,27428,0
23324,23324003,27429,0
23324,23324003,27430,0
23324,23324003,27431,0
23324,23324003,27432,0
23324,23324003,27433,0
23324,23324003,27434,0
23324,23324003,27435,0
23324,23324003,27436,0
23324,23324003,27437,0
23324,23324003,27438,0
23324,23324003,27439,0
23324,23324003,27440,0
23324,23324003,27441,0
23324,23324003,27442,0
23324,23324003,27443,0
23324,23324003,27444,0
23324,23324003,27445,0
23324,23324003,27446,0
23324,23324003,27447,0
23324,23324003,27448,0
23324,23324003,27449,0
23324,23324003,27450,0
23324,23324003,27451,0
23324,23324003,27452,0
23324,23324003,27453,0
23324,23324003,27454,0
23324,23324003,27455,0
23324,23324003,27456,0
23324,23324003,27457,0
23324,23324003,27458,0
23324,23324003,27459,0
23324,23324003,27460,0
23324,23324003,27461,0
23324,23324003,27462,0
23324,23324003,27463,0
23324,23324003,27464,0
23324,23324003,27465,0
23324,23324003,27466,0
23324,23324003,27467,0
23324,23324003,27468,0
23324,23324003,27469,0
23324,23324003,27470,0
23324,23324003,27471,0
23324,23324003,27472,0
23324,23324003,27473,0
23324,23324003,27474,0
23324,23324003,27475,0
23324,23324003,27476,0
23324,23324003,27477,0
23324,23324003,27478,0
23324,23324003,27479,0
23324,23324003,27480,0
23324,23324003,27481,0
23324,23324003,27482,0
23324,23324003,27483,0
23324,23324003,27484,0
23324,23324003,27485,0
23324,23324003,27486,0
23324,23324003,27487,0
23324,23324003,27488,0
23324,23324003,27489,0
23324,23324003,27490,0
23324,23324003,27491,0
23324,23324003,27492,0
23324,23324003,27493,0
23324,23324003,27494,0
23324,23324003,27495,0
23324,23324003,27496,0
23324,23324003,27497,0
23324,23324003,27498,0
23324,23324003,27499,0
23324,23324003,27500,0
23324,23324003,27501,0
23324,23324003,27502,0
23324,23324003,27503,0
23324,23324003,27504,0
23324,23324003,27505,0
23324,23324003,27506,0
23324,23324003,27507,0
23324,23324003,27508,0
23324,23324003,27509,0
23324,23324003,27510,0
23324,23324003,27511,0
23324,23324003,27512,0
23324,23324003,27513,0
23324,23324003,27514,0
23324,23324003,27515,0
23324,23324003,27516,0
23324,23324003,27517,0
23324,23324003,27518,0
23324,23324003,27519,0
23324,23324003,27520,0
23324,23324003,27521,0
23324,23324003,27522,0
23324,23324003,27523,0
23324,23324003,27524,0
23324,23324003,27525,0
23324,23324003,27526,0
23324,23324003,27527,0
23324,23324003,27528,0
23324,23324003,27529,0
23324,23324003,27530,0
23324,23324003,27531,0
23324,23324003,27532,0
23324,23324003,27533,0
23324,23324003,27534,0
23324,23324003,27535,0
23324,23324003,27536,0
23324,23324003,27537,0
23324,23324003,27538,0
23324,23324003,27539,0
23324,23324003,27540,0
23324,23324003,27541,0
23324,23324003,27542,0
23324,23324003,27543,0
23324,23324003,27544,0
23324,23324003,27545,0
23324,23324003,27546,0
23324,23324003,27547,0
23324,23324003,27548,0
23324,23324003,27549,0
23324,23324003,27550,0
23324,23324003,27551,0
23324,23324003,27552,0
23324,23324003,27553,0
23324,23324003,27554,0
23324,23324003,27555,0
23324,23324003,27556,0
23324,23324003,27557,0
23324,23324003,27558,0
23324,23324003,27559,0
23324,23324003,27560,0
23324,23324003,27561,0
23324,23324003,27562,0
23324,23324003,27563,0
23324,23324003,27564,0
23324,23324003,27565,0
23324,23324003,27566,0
23324,23324003,27567,0
23324,23324003,27568,0
23324,23324003,27569,0
23324,23324003,27570,0
23324,23324003,27571,0
23324,23324003,27572,0
23324,23324003,27573,0
23324,23324003,27574,0
23324,23324003,27575,0
23324,23324003,27576,0
23324,23324003,27577,0
23324,23324003,27578,0
23324,23324003,27579,0
23324,23324003,27580,0
23324,23324003,27581,0
23324,23324003,27582,0
23324,23324003,27583,0
23324,23324003,27584,0
23324,23324003,27585,0
23324,23324003,27586,0
23324,23324003,27587,0
23324,23324003,27588,0
23324,23324003,27589,0
23324,23324003,27590,0
23324,23324003,27591,0
23324,23324003,27592,0
23324,23324003,27593,0
23324,23324003,27594,0
23324,23324003,27595,0
23324,23324003,27596,0
23324,23324003,27597,0
23324,23324003,27598,0
23324,23324003,27599,0
23324,23324003,27600,0
23324,23324003,27601,0
23324,23324003,27602,0
23324,23324003,27603,0
23324,23324003,27604,0
23324,23324003,27605,0
23324,23324003,27606,0
23324,23324003,27607,0
23324,23324003,27608,0
23324,23324003,27609,0
23324,23324003,27610,0
23324,23324003,27611,0
23324,23324003,27612,0
23324,23324003,27613,0
23324,23324003,27614,0
23324,23324003,27615,0
23324,23324003,27616,0
23324,23324003,27617,0
23324,23324003,27618,0
23324,23324003,27619,0
23324,23324003,27620,0
23324,23324003,27621,0
23324,23324003,27622,0
23324,23324003,27623,0
23324,23324003,27624,0
23324,23324003,27625,0
23324,23324003,27626,0
23324,23324003,27627,0
23324,23324003,27628,0
23324,23324003,27629,0
23324,23324003,27630,0
23324,23324003,27631,0
23324,23324003,27632,0
23324,23324003,27633,0
23324,23324003,27634,0
23324,23324003,27635,0
23324,23324003,27636,0
23324,23324003,27637,0
23324,23324003,27638,0
23324,23324003,27639,0
23324,23324003,27640,0
23324,23324003,27641,0
23324,23324003,27642,0
23324,23324003,27643,0
23324,23324003,27644,0
23324,23324003,27645,0
23324,23324003,27646,0
23324,23324003,27647,0
23324,23324003,27648,0
23324,23324003,27649,0
23324,23324003,27650,0
23324,23324003,27651,0
23324,23324003,27652,0
23324,23324003,27653,0
23324,23324003,27654,0
23324,23324003,27655,0
23324,23324003,27656,0
23324,23324003,27657,0
23324,23324003,27658,0
23324,23324003,27659,0
23324,23324003,27660,0
23324,23324003,27661,0
23324,23324003,27662,0
23324,23324003,27663,0
23324,23324003,27664,0
23324,23324003,27665,0
23324,23324003,27666,0
23324,23324003,27667,0
23324,23324003,27668,0
23324,23324003,27669,0
23324,23324003,27670,0
23324,23324003,27671,0
23324,23324003,27672,0
23324,23324003,27673,0
23324,23324003,27674,0
23324,23324003,27675,0
23324,23324003,27676,0
23324,23324003,27677,0
23324,23324003,27678,0
23324,23324003,27679,0
23324,23324003,27680,0
23324,23324003,27681,0
23324,23324003,27682,0
23324,23324003,27683,0
23324,23324003,27684,0
23324,23324003,27685,0
23324,23324003,27686,0
23324,23324003,27687,0
23324,23324003,27688,0
23324,23324003,27689,0
23324,23324003,27690,0
23324,23324003,27691,0
23324,23324003,27692,0
23324,23324003,27693,0
23324,23324003,27694,0
23324,23324003,27695,0
23324,23324003,27696,0
23324,23324003,27697,0
23324,23324003,27698,0
23324,23324003,27699,0
23324,23324003,27700,0
23324,23324003,27701,0
23324,23324003,27702,0
23324,23324003,27703,0
23324,23324003,27704,0
23324,23324003,27705,0
23324,23324003,27706,0
23324,23324003,27707,0
23324,23324003,27708,0
23324,23324003,27709,0
23324,23324003,27710,0
23324,23324003,27711,0
23324,23324003,27712,0
23324,23324003,27713,0
23324,23324003,27714,0
23324,23324003,27715,0
23324,23324003,27716,0
23324,23324003,27717,0
23324,23324003,27718,0
23324,23324003,27719,0
23324,23324003,27720,0
23324,23324003,27721,0
23324,23324003,27722,0
23324,23324003,27723,0
23324,23324003,27724,0
23324,23324003,27725,0
23324,23324003,27726,0
23324,23324003,27727,0
23324,23324003,27728,0
23324,23324003,27729,0
23324,23324003,27730,0
23324,23324003,27731,0
23324,23324003,27732,0
23324,23324003,27733,0
23324,23324003,27734,0
23324,23324003,27735,0
23324,23324003,27736,0
23324,23324003,27737,0
23324,23324003,27738,0
23324,23324003,27739,0
23324,23324003,27740,0
23324,23324003,27741,0
23324,23324003,27742,0
23324,23324003,27743,0
23324,23324003,27744,0
23324,23324003,27745,0
23324,23324003,27746,0
23324,23324003,27747,0
23324,23324003,27748,0
23324,23324003,27749,0
23324,23324003,27750,0
23324,23324003,27751,0
23324,23324003,27752,0
23324,23324003,27753,0
23324,23324003,27754,0
23324,23324003,27755,0
23324,23324003,27756,0
23324,23324003,27757,0
23324,23324003,27758,0
23324,23324003,27759,0
23324,23324003,27760,0
23324,23324003,27761,0
23324,23324003,27762,0
23324,23324003,27763,0
23324,23324003,27764,0
23324,23324003,27765,0
23324,23324003,27766,0
23324,23324003,27767,0
23324,23324003,27768,0
23324,23324003,27769,0
23324,23324003,27770,0
23324,23324003,27771,0
23324,23324003,27772,0
23324,23324003,27773,0
23324,23324003,27774,0
23324,23324003,27775,0
23324,23324003,27776,0
23324,23324003,27777,0
23324,23324003,27778,0
23324,23324003,27779,0
23324,23324003,27780,0
23324,23324003,27781,0
23324,23324003,27782,0
23324,23324003,27783,0
23324,23324003,27784,0
23324,23324003,27785,0
23324,23324003,27786,0
23324,23324003,27787,0
23324,23324003,27788,0
23324,23324003,27789,0
23324,23324003,27790,0
23324,23324003,27791,0
23324,23324003,27792,0
23324,23324003,27793,0
23324,23324003,27794,0
23324,23324003,27795,0
23324,23324003,27796,0
23324,23324003,27797,0
23324,23324003,27798,0
23324,23324003,27799,0
23324,23324003,27800,0
23324,23324003,27801,0
23324,23324003,27802,0
23324,23324003,27803,0
23324,23324003,27804,0
23324,23324003,27805,0
23324,23324003,27806,0
23324,23324003,27807,0
23324,23324003,27808,0
23324,23324003,27809,0
23324,23324003,27810,0
23324,23324003,27811,0
23324,23324003,27812,0
23324,23324003,27813,0
23324,23324003,27814,0
23324,23324003,27815,0
23324,23324003,27816,0
23324,23324003,27817,0
23324,23324003,27818,0
23324,23324003,27819,0
23324,23324003,27820,0
23324,23324003,27821,0
23324,23324003,27822,0
23324,23324003,27823,0
23324,23324003,27824,0
23324,23324003,27825,0
23324,23324003,27826,0
23324,23324003,27827,0
23324,23324003,27828,0
23324,23324003,27829,0
23324,23324003,27830,0
23324,23324003,27831,0
23324,23324003,27832,0
23324,23324003,27833,0
23324,23324003,27834,0
23324,23324003,27835,0
23324,23324003,27836,0
23324,23324003,27837,0
23324,23324003,27838,0
23324,23324003,27839,0
23324,23324003,27840,0
23324,23324003,27841,0
23324,23324003,27842,0
23324,23324003,27843,0
23324,23324003,27844,0
23324,23324003,27845,0
23324,23324003,27846,0
23324,23324003,27847,0
23324,23324003,27848,0
23324,23324003,27849,0
23324,23324003,27850,0
23324,23324003,27851,0
23324,23324003,27852,0
23324,23324003,27853,0
23324,23324003,27854,0
23324,23324003,27855,0
23324,23324003,27856,0
23324,23324003,27857,0
23324,23324003,27858,0
23324,23324003,27859,0
23324,23324003,27860,0
23324,23324003,27861,0
23324,23324003,27862,0
23324,23324003,27863,0
23324,23324003,27864,0
23324,23324003,27865,0
23324,23324003,27866,0
23324,23324003,27867,0
23324,23324003,27868,0
23324,23324003,27869,0
23324,23324003,27870,0
23324,23324003,27871,0
23324,23324003,27872,0
23324,23324003,27873,0
23324,23324003,27874,0
23324,23324003,27875,0
23324,23324003,27876,0
23324,23324003,27877,0
23324,23324003,27878,0
23324,23324003,27879,0
23324,23324003,27880,0
23324,23324003,27881,0
23324,23324003,27882,0
23324,23324003,27883,0
23324,23324003,27884,0
23324,23324003,27885,0
23324,23324003,27886,0
23324,23324003,27887,0
23324,23324003,27888,0
23324,23324003,27889,0
23324,23324003,27890,0
23324,23324003,27891,0
23324,23324003,27892,0
23324,23324003,27893,0
23324,23324003,27894,0
23324,23324003,27895,0
23324,23324003,27896,0
23324,23324003,27897,0
23324,23324003,27898,0
23324,23324003,27899,0
23324,23324003,27900,0
23324,23324003,27901,0
23324,23324003,27902,0
23324,23324003,27903,0
23324,23324003,27904,0
23324,23324003,27905,0
23324,23324003,27906,0
23324,23324003,27907,0
23324,23324003,27908,0
23324,23324003,27909,0
23324,23324003,27910,0
23324,23324003,27911,0
23324,23324003,27912,0
23324,23324003,27913,0
23324,23324003,27914,0
23324,23324003,27915,0
23324,23324003,27916,0
23324,23324003,27917,0
23324,23324003,27918,0
23324,23324003,27919,0
23324,23324003,27920,0
23324,23324003,27921,0
23324,23324003,27922,0
23324,23324003,27923,0
23324,23324003,27924,0
23324,23324003,27925,0
23324,23324003,27926,0
23324,23324003,27927,0
23324,23324003,27928,0
23324,23324003,27929,0
23324,23324003,27930,0
23324,23324003,27931,0
23324,23324003,27932,0
23324,23324003,27933,0
23324,23324003,27934,0
23324,23324003,27935,0
23324,23324003,27936,0
23324,23324003,27937,0
23324,23324003,27938,0
23324,23324003,27939,0
23324,23324003,27940,0
23324,23324003,27941,0
23324,23324003,27942,0
23324,23324003,27943,0
23324,23324003,27944,0
23324,23324003,27945,0
23324,23324003,27946,0
23324,23324003,27947,0
23324,23324003,27948,0
23324,23324003,27949,0
23324,23324003,27950,0
23324,23324003,27951,0
23324,23324003,27952,0
23324,23324003,27953,0
23324,23324003,27954,0
23324,23324003,27955,0
23324,23324003,27956,0
23324,23324003,27957,0
23324,23324003,27958,0
23324,23324003,29390,0
23324,23324003,29391,0
23324,23324003,29392,0
23324,23324003,29393,0
23324,23324003,29394,0
23324,23324003,29395,0
23324,23324003,29396,0
23324,23324003,29397,0
23324,23324003,29398,0
23324,23324003,29399,0
23324,23324003,29400,0
23324,23324003,29401,0
23324,23324003,29402,0
23324,23324003,29403,0
23324,23324003,29404,0
23324,23324003,29405,0
23324,23324003,29406,0
23324,23324003,29407,0
23324,23324003,29408,0
23324,23324003,29409,0
23324,23324003,29410,0
23324,23324003,29411,0
23324,23324003,29412,0
23324,23324003,29413,0
23324,23324003,29414,0
23324,23324003,29415,0
23324,23324003,29416,0
23324,23324003,29417,0
23324,23324003,29418,0
23324,23324003,29419,0
23324,23324003,29420,0
23324,23324003,29421,0
23324,23324003,29422,0
23324,23324003,29423,0
23324,23324003,29424,0
23324,23324003,29425,0
23324,23324003,29426,0
23324,23324003,29427,0
23324,23324003,29428,0
23324,23324003,29429,0
23324,23324003,29430,0
23324,23324003,29431,0
23324,23324003,29432,0
23324,23324003,29433,0
23324,23324003,29434,0
23324,23324003,29435,0
23324,23324003,29436,0
23324,23324003,29437,0
23324,23324003,29438,0
23324,23324003,29439,0
23324,23324003,29440,0
23324,23324003,29441,0
23324,23324003,29442,0
23324,23324003,29443,0
23324,23324003,29444,0
23324,23324003,29445,0
23324,23324003,29446,0
23324,23324003,29447,0
23324,23324003,29448,0
23324,23324003,29449,0
23324,23324003,29450,0
23324,23324003,29451,0
23324,23324003,29452,0
23324,23324003,29453,0
23324,23324003,29454,0
23324,23324003,29455,0
23324,23324003,29456,0
23324,23324003,29457,0
23324,23324003,29458,0
23324,23324003,29459,0
23324,23324003,29460,0
23324,23324003,29461,0
23324,23324003,29462,0
23324,23324003,29463,0
23324,23324003,29464,0
23324,23324003,29465,0
23324,23324003,29466,0
23324,23324003,29467,0
23324,23324003,29468,0
23324,23324003,29469,0
23324,23324003,29470,0
23324,23324003,29471,0
23324,23324003,29472,0
23324,23324003,29473,0
23324,23324003,29474,0
23324,23324003,29475,0
23324,23324003,29476,0
23324,23324003,29477,0
23324,23324003,29478,0
23324,23324003,29479,0
23324,23324003,29480,0
23324,23324003,29481,0
23324,23324003,29482,0
23324,23324003,29483,0
23324,23324003,29484,0
23324,23324003,29485,0
23324,23324003,29486,0
23324,23324003,29487,0
23324,23324003,29488,0
23324,23324003,29489,0
23324,23324003,29490,0
23324,23324003,29491,0
23324,23324003,29492,0
23324,23324003,29493,0
23324,23324003,29494,0
23324,23324003,29495,0
23324,23324003,29496,0
23324,23324003,29497,0
23324,23324003,33398,0
23324,23324003,33399,0
23324,23324003,33400,0
23324,23324003,33401,0
23324,23324003,33402,0
23324,23324003,33403,0
23324,23324003,33404,0
23324,23324003,33405,0
23324,23324003,33406,0
23324,23324003,33407,0
23324,23324003,33408,0
23324,23324003,33409,0
23324,23324003,33410,0
23324,23324003,33411,0
23324,23324003,33412,0
23324,23324003,33413,0
23324,23324003,33414,0
23324,23324003,33415,0
23324,23324003,33416,0
23324,23324003,33417,0
23324,23324003,33418,0
23324,23324003,33419,0
23324,23324003,33420,0
23324,23324003,33421,0
23324,23324003,33422,0
23324,23324003,33423,0
23324,23324003,33424,0
23324,23324003,33425,0
23324,23324003,33426,0
23324,23324003,33427,0
23324,23324003,33428,0
23324,23324003,33429,0
23324,23324003,33430,0
23324,23324003,33431,0
23324,23324003,33432,0
23324,23324003,33433,0
23324,23324003,33434,0
23324,23324003,33435,0
23324,23324003,33436,0
23324,23324003,33437,0
23324,23324003,33438,0
23324,23324003,33439,0
23324,23324003,33440,0
23324,23324003,33441,0
23324,23324003,33442,0
23324,23324003,33443,0
23324,23324003,33444,0
23324,23324003,33445,0
23324,23324003,33446,0
23324,23324003,33447,0
23324,23324003,33448,0
23324,23324003,33449,0
23324,23324003,33450,0
23324,23324003,33451,0
23324,23324003,33452,0
23324,23324003,33453,0
23324,23324003,33454,0
23324,23324003,33455,0
23324,23324003,33456,0
23324,23324003,33457,0
23324,23324003,33458,0
23324,23324003,33459,0
23324,23324003,33460,0
23324,23324003,33461,0
23324,23324003,33462,0
23324,23324004,10384,0
23324,23324004,10385,0
23324,23324004,10386,0
23324,23324004,10387,0
23324,23324004,10388,0
23324,23324004,10389,0
23324,23324004,10390,0
23324,23324004,10391,0
23324,23324004,10392,0
23324,23324004,10393,0
23324,23324004,10394,0
23324,23324004,10395,0
23324,23324004,10396,0
23324,23324004,10397,0
23324,23324004,10398,0
23324,23324004,10399,0
23324,23324004,10400,0
23324,23324004,10401,0
23324,23324004,10402,0
23324,23324004,10403,0
23324,23324004,10404,0
23324,23324004,10405,0
23324,23324004,10406,0
23324,23324004,10407,0
23324,23324004,10408,0
23324,23324004,10409,0
23324,23324004,10410,0
23324,23324004,10411,0
23324,23324004,10412,0
23324,23324004,10413,0
23324,23324004,10414,0
23324,23324004,10415,0
23324,23324004,10416,0
23324,23324004,10417,0
23324,23324004,10418,0
23324,23324004,10419,0
23324,23324004,10420,0
23324,23324004,10421,0
23324,23324004,10422,0
23324,23324004,10423,0
23324,23324004,10424,0
23324,23324004,10425,0
23324,23324004,10426,0
23324,23324004,10427,0
23324,23324004,10428,0
23324,23324004,10429,0
23324,23324004,10430,0
23324,23324004,10431,0
23324,23324004,10432,0
23324,23324004,10433,0
23324,23324004,10434,0
23324,23324004,10435,0
23324,23324004,10436,0
23324,23324004,10437,0
23324,23324004,10438,0
23324,23324004,10439,0
23324,23324004,10440,0
23324,23324004,10441,0
23324,23324004,10442,0
23324,23324004,10443,0
23324,23324004,10444,0
23324,23324004,10445,0
23324,23324004,10446,0
23324,23324004,10447,0
23324,23324004,10448,0
23324,23324004,10449,0
23324,23324004,10450,0
23324,23324004,10451,0
23324,23324004,10452,0
23324,23324004,10453,0
23324,23324004,10454,0
23324,23324004,10455,0
23324,23324004,10456,0
23324,23324004,10457,0
23324,23324004,10458,0
23324,23324004,10459,0
23324,23324004,10460,0
23324,23324004,10461,0
23324,23324004,10462,0
23324,23324004,10463,0
23324,23324004,10464,0
23324,23324004,10465,0
23324,23324004,10466,0
23324,23324004,10467,0
23324,23324004,10468,0
23324,23324004,10469,0
23324,23324004,10470,0
23324,23324004,10471,0
23324,23324004,10472,0
23324,23324004,10473,0
23324,23324004,10474,0
23324,23324004,10475,0
23324,23324004,10476,0
23324,23324004,10477,0
23324,23324004,10478,0
23324,23324004,10479,0
23324,23324004,10480,0
23324,23324004,10481,0
23324,23324004,10482,0
23324,23324004,10483,0
23324,23324004,10484,0
23324,23324004,10485,0
23324,23324004,10486,0
23324,23324004,10487,0
23324,23324004,10488,0
23324,23324004,10489,0
23324,23324004,10490,0
23324,23324004,10491,0
23324,23324004,10492,0
23324,23324004,10493,0
23324,23324004,10494,0
23324,23324004,10495,0
23324,23324004,10496,0
23324,23324004,10497,0
23324,23324004,10498,0
23324,23324004,10499,0
23324,23324004,10500,0
23324,23324004,10501,0
23324,23324004,10502,0
23324,23324004,10503,0
23324,23324004,10504,0
23324,23324004,10505,0
23324,23324004,10506,0
23324,23324004,10507,0
23324,23324004,10508,0
23324,23324004,10509,0
23324,23324004,10510,0
23324,23324004,10511,0
23324,23324004,10512,0
23324,23324004,10513,0
23324,23324004,10514,0
23324,23324004,10515,0
23324,23324004,10516,0
23324,23324004,10517,0
23324,23324004,10518,0
23324,23324004,10519,0
23324,23324004,10520,0
23324,23324004,10521,0
23324,23324004,10522,0
23324,23324004,10523,0
23324,23324004,10524,0
23324,23324004,10525,0
23324,23324004,10526,0
23324,23324004,10527,0
23324,23324004,10528,0
23324,23324004,10529,0
23324,23324004,10530,0
23324,23324004,10531,0
23324,23324004,10532,0
23324,23324004,10533,0
23324,23324004,10534,0
23324,23324004,10535,0
23324,23324004,10536,0
23324,23324004,10537,0
23324,23324004,10538,0
23324,23324004,10539,0
23324,23324004,10540,0
23324,23324004,10541,0
23324,23324004,10542,0
23324,23324004,10543,0
23324,23324004,10544,0
23324,23324004,10545,0
23324,23324004,10546,0
23324,23324004,10547,0
23324,23324004,10548,0
23324,23324004,10549,0
23324,23324004,10550,0
23324,23324004,10551,0
23324,23324004,10552,0
23324,23324004,10553,0
23324,23324004,10554,0
23324,23324004,10555,0
23324,23324004,10556,0
23324,23324004,10557,0
23324,23324004,10558,0
23324,23324004,10559,0
23324,23324004,10560,0
23324,23324004,10561,0
23324,23324004,10562,0
23324,23324004,10563,0
23324,23324004,10564,0
23324,23324004,10565,0
23324,23324004,10566,0
23324,23324004,10567,0
23324,23324004,10568,0
23324,23324004,10569,0
23324,23324004,10570,0
23324,23324004,10571,0
23324,23324004,10572,0
23324,23324004,10573,0
23324,23324004,10574,0
23324,23324004,10575,0
23324,23324004,10576,0
23324,23324004,10577,0
23324,23324004,10578,0
23324,23324004,10579,0
23324,23324004,10580,0
23324,23324004,10581,0
23324,23324004,10582,0
23324,23324004,10583,0
23324,23324004,10584,0
23324,23324004,10585,0
23324,23324004,10586,0
23324,23324004,10587,0
23324,23324004,10588,0
23324,23324004,10589,0
23324,23324004,10590,0
23324,23324004,10591,0
23324,23324004,10592,0
23324,23324004,10593,0
23324,23324004,10594,0
23324,23324004,10595,0
23324,23324004,10596,0
23324,23324004,10597,0
23324,23324004,10598,0
23324,23324004,10599,0
23324,23324004,10600,0
23324,23324004,10601,0
23324,23324004,10602,0
23324,23324004,10603,0
23324,23324004,10604,0
23324,23324004,10605,0
23324,23324004,10606,0
23324,23324004,10607,0
23324,23324004,10608,0
23324,23324004,10609,0
23324,23324004,10610,0
23324,23324004,10611,0
23324,23324004,10612,0
23324,23324004,10613,0
23324,23324004,10614,0
23324,23324004,10615,0
23324,23324004,10616,0
23324,23324004,10617,0
23324,23324004,10618,0
23324,23324004,10619,0
23324,23324004,10620,0
23324,23324004,10621,0
23324,23324004,10622,0
23324,23324004,10623,0
23324,23324004,10624,0
23324,23324004,10625,0
23324,23324004,10626,0
23324,23324004,10627,0
23324,23324004,10628,0
23324,23324004,10629,0
23324,23324004,10630,0
23324,23324004,10631,0
23324,23324004,10632,0
23324,23324004,10633,0
23324,23324004,10634,0
23324,23324004,10635,0
23324,23324004,10636,0
23324,23324004,10637,0
23324,23324004,10638,0
23324,23324004,10639,0
23324,23324004,10640,0
23324,23324004,10641,0
23324,23324004,10642,0
23324,23324004,10643,0
23324,23324004,10644,0
23324,23324004,10645,0
23324,23324004,10646,0
23324,23324004,10647,0
23324,23324004,10648,0
23324,23324004,10649,0
23324,23324004,10650,0
23324,23324004,10651,0
23324,23324004,10652,0
23324,23324004,10653,0
23324,23324004,10654,0
23324,23324004,10655,0
23324,23324004,10656,0
23324,23324004,10657,0
23324,23324004,10658,0
23324,23324004,10659,0
23324,23324004,10660,0
23324,23324004,10661,0
23324,23324004,10662,0
23324,23324004,10663,0
23324,23324004,10664,0
23324,23324004,10665,0
23324,23324004,10666,0
23324,23324004,10667,0
23324,23324004,10668,0
23324,23324004,10669,0
23324,23324004,10670,0
23324,23324004,10671,0
23324,23324004,10672,0
23324,23324004,10673,0
23324,23324004,10674,0
23324,23324004,10675,0
23324,23324004,10676,0
23324,23324004,10677,0
23324,23324004,10678,0
23324,23324004,10679,0
23324,23324004,10680,0
23324,23324004,10681,0
23324,23324004,10682,0
23324,23324004,10683,0
23324,23324004,10684,0
23324,23324004,10685,0
23324,23324004,10686,0
23324,23324004,10687,0
23324,23324004,10688,0
23324,23324004,10689,0
23324,23324004,10690,0
23324,23324004,10691,0
23324,23324004,10692,0
23324,23324004,10693,0
23324,23324004,10694,0
23324,23324004,10695,0
23324,23324004,10696,0
23324,23324004,10697,0
23324,23324004,10698,0
23324,23324004,10699,0
23324,23324004,10700,0
23324,23324004,10701,0
23324,23324004,10702,0
23324,23324004,10703,0
23324,23324004,10704,0
23324,23324004,10705,0
23324,23324004,10706,0
23324,23324004,10707,0
23324,23324004,10708,0
23324,23324004,10709,0
23324,23324004,10710,0
23324,23324004,10711,0
23324,23324004,10712,0
23324,23324004,10713,0
23324,23324004,10714,0
23324,23324004,10715,0
23324,23324004,10716,0
23324,23324004,10717,0
23324,23324004,10718,0
23324,23324004,10719,0
23324,23324004,10720,0
23324,23324004,10721,0
23324,23324004,10722,0
23324,23324004,10723,0
23324,23324004,10724,0
23324,23324004,10725,0
23324,23324004,10726,0
23324,23324004,10727,0
23324,23324004,10728,0
23324,23324004,10729,0
23324,23324004,10730,0
23324,23324004,10731,0
23324,23324004,10732,0
23324,23324004,10733,0
23324,23324004,10734,0
23324,23324004,10735,0
23324,23324004,10736,0
23324,23324004,10737,0
23324,23324004,10738,0
23324,23324004,10739,0
23324,23324004,10740,0
23324,23324004,10741,0
23324,23324004,10742,0
23324,23324004,10743,0
23324,23324004,10744,0
23324,23324004,10745,0
23324,23324004,10746,0
23324,23324004,10747,0
23324,23324004,10748,0
23324,23324004,10749,0
23324,23324004,10750,0
23324,23324004,10751,0
23324,23324004,10752,0
23324,23324004,10753,0
23324,23324004,10754,0
23324,23324004,10755,0
23324,23324004,10756,0
23324,23324004,10757,0
23324,23324004,10758,0
23324,23324004,10759,0
23324,23324004,10760,0
23324,23324004,10761,0
23324,23324004,10762,0
23324,23324004,10763,0
23324,23324004,10764,0
23324,23324004,10765,0
23324,23324004,10766,0
23324,23324004,10767,0
23324,23324004,10768,0
23324,23324004,10769,0
23324,23324004,10770,0
23324,23324004,10771,0
23324,23324004,10772,0
23324,23324004,10773,0
23324,23324004,10774,0
23324,23324004,10775,0
23324,23324004,10776,0
23324,23324004,10777,0
23324,23324004,10778,0
23324,23324004,10779,0
23324,23324004,10780,0
23324,23324004,10781,0
23324,23324004,10782,0
23324,23324004,10783,0
23324,23324004,10784,0
23324,23324004,10785,0
23324,23324004,10786,0
23324,23324004,10787,0
23324,23324004,10788,0
23324,23324004,10789,0
23324,23324004,10790,0
23324,23324004,10791,0
23324,23324004,10792,0
23324,23324004,10793,0
23324,23324004,10794,0
23324,23324004,10795,0
23324,23324004,10796,0
23324,23324004,10797,0
23324,23324004,10798,0
23324,23324004,10799,0
23324,23324004,10800,0
23324,23324004,10801,0
23324,23324004,10802,0
23324,23324004,10803,0
23324,23324004,10804,0
23324,23324004,10805,0
23324,23324004,10806,0
23324,23324004,10807,0
23324,23324004,10808,0
23324,23324004,10809,0
23324,23324004,10810,0
23324,23324004,10811,0
23324,23324004,10812,0
23324,23324004,10813,0
23324,23324004,10814,0
23324,23324004,10815,0
23324,23324004,10816,0
23324,23324004,10817,0
23324,23324004,10818,0
23324,23324004,10819,0
23324,23324004,10820,0
23324,23324004,10821,0
23324,23324004,10822,0
23324,23324004,10823,0
23324,23324004,10824,0
23324,23324004,10825,0
23324,23324004,10826,0
23324,23324004,10827,0
23324,23324004,10828,0
23324,23324004,10829,0
23324,23324004,10830,0
23324,23324004,10831,0
23324,23324004,10832,0
23324,23324004,10833,0
23324,23324004,10834,0
23324,23324004,10835,0
23324,23324004,10836,0
23324,23324004,10837,0
23324,23324004,10838,0
23324,23324004,10839,0
23324,23324004,10840,0
23324,23324004,10841,0
23324,23324004,10842,0
23324,23324004,10843,0
23324,23324004,10844,0
23324,23324004,10845,0
23324,23324004,10846,0
23324,23324004,10847,0
23324,23324004,10848,0
23324,23324004,10849,0
23324,23324004,10850,0
23324,23324004,10851,0
23324,23324004,10852,0
23324,23324004,10853,0
23324,23324004,10854,0
23324,23324004,10855,0
23324,23324004,10856,0
23324,23324004,10857,0
23324,23324004,10858,0
23324,23324004,10859,0
23324,23324004,10860,0
23324,23324004,10861,0
23324,23324004,10862,0
23324,23324004,10863,0
23324,23324004,10864,0
23324,23324004,10865,0
23324,23324004,10866,0
23324,23324004,10867,0
23324,23324004,10868,0
23324,23324004,10869,0
23324,23324004,10870,0
23324,23324004,10871,0
23324,23324004,10872,0
23324,23324004,10873,0
23324,23324004,10874,0
23324,23324004,10875,0
23324,23324004,10876,0
23324,23324004,10877,0
23324,23324004,10878,0
23324,23324004,10879,0
23324,23324004,10880,0
23324,23324004,10881,0
23324,23324004,10882,0
23324,23324004,10883,0
23324,23324004,10884,0
23324,23324004,10885,0
23324,23324004,10886,0
23324,23324004,10887,0
23324,23324004,10888,0
23324,23324004,10889,0
23324,23324004,10890,0
23324,23324004,10891,0
23324,23324004,10892,0
23324,23324004,10893,0
23324,23324004,10894,0
23324,23324004,10895,0
23324,23324004,10896,0
23324,23324004,10897,0
23324,23324004,10898,0
23324,23324004,10899,0
23324,23324004,10900,0
23324,23324004,10901,0
23324,23324004,10902,0
23324,23324004,10903,0
23324,23324004,10904,0
23324,23324004,10905,0
23324,23324004,10906,0
23324,23324004,10907,0
23324,23324004,10908,0
23324,23324004,10909,0
23324,23324004,10910,0
23324,23324004,10911,0
23324,23324004,10912,0
23324,23324004,10913,0
23324,23324004,10914,0
23324,23324004,10915,0
23324,23324004,10916,0
23324,23324004,10917,0
23324,23324004,10918,0
23324,23324004,10919,0
23324,23324004,10920,0
23324,23324004,10921,0
23324,23324004,10922,0
23324,23324004,10923,0
23324,23324004,10924,0
23324,23324004,10925,0
23324,23324004,10926,0
23324,23324004,10927,0
23324,23324004,10928,0
23324,23324004,10929,0
23324,23324004,10930,0
23324,23324004,10931,0
23324,23324004,10932,0
23324,23324004,10933,0
23324,23324004,10934,0
23324,23324004,10935,0
23324,23324004,10936,0
23324,23324004,10937,0
23324,23324004,10938,0
23324,23324004,10939,0
23324,23324004,10940,0
23324,23324004,10941,0
23324,23324004,10942,0
23324,23324004,10943,0
23324,23324004,10944,0
23324,23324004,10945,0
23324,23324004,10946,0
23324,23324004,10947,0
23324,23324004,10948,0
23324,23324004,10949,0
23324,23324004,10950,0
23324,23324004,10951,0
23324,23324004,10952,0
23324,23324004,10953,0
23324,23324004,10954,0
23324,23324004,10955,0
23324,23324004,10956,0
23324,23324004,10957,0
23324,23324004,10958,0
23324,23324004,10959,0
23324,23324004,10960,0
23324,23324004,10961,0
23324,23324004,10962,0
23324,23324004,10963,0
23324,23324004,10964,0
23324,23324004,10965,0
23324,23324004,10966,0
23324,23324004,10967,0
23324,23324004,10968,0
23324,23324004,10969,0
23324,23324004,10970,0
23324,23324004,10971,0
23324,23324004,10972,0
23324,23324004,10973,0
23324,23324004,10974,0
23324,23324004,10975,0
23324,23324004,10976,0
23324,23324004,10977,0
23324,23324004,10978,0
23324,23324004,10979,0
23324,23324004,10980,0
23324,23324004,10981,0
23324,23324004,10982,0
23324,23324004,10983,0
23324,23324004,10984,0
23324,23324004,10985,0
23324,23324004,10986,0
23324,23324004,10987,0
23324,23324004,10988,0
23324,23324004,10989,0
23324,23324004,10990,0
23324,23324004,10991,0
23324,23324004,10992,0
23324,23324004,10993,0
23324,23324004,10994,0
23324,23324004,10995,0
23324,23324004,10996,0
23324,23324004,10997,0
23324,23324004,10998,0
23324,23324004,10999,0
23324,23324004,11000,0
23324,23324004,11001,0
23324,23324004,11002,0
23324,23324004,11003,0
23324,23324004,11004,0
23324,23324004,11005,0
23324,23324004,11006,0
23324,23324004,11007,0
23324,23324004,11008,0
23324,23324004,11009,0
23324,23324004,11010,0
23324,23324004,11011,0
23324,23324004,11012,0
23324,23324004,11013,0
23324,23324004,11014,0
23324,23324004,11015,0
23324,23324004,11016,0
23324,23324004,11017,0
23324,23324004,11018,0
23324,23324004,11019,0
23324,23324004,11020,0
23324,23324004,11021,0
23324,23324004,11022,0
23324,23324004,11023,0
23324,23324004,11024,0
23324,23324004,11025,0
23324,23324004,11026,0
23324,23324004,11027,0
23324,23324004,11028,0
23324,23324004,11029,0
23324,23324004,11030,0
23324,23324004,11031,0
23324,23324004,11032,0
23324,23324004,11033,0
23324,23324004,11034,0
23324,23324004,11035,0
23324,23324004,11036,0
23324,23324004,11037,0
23324,23324004,11038,0
23324,23324004,11039,0
23324,23324004,11040,0
23324,23324004,11041,0
23324,23324004,11042,0
23324,23324004,11043,0
23324,23324004,11044,0
23324,23324004,11045,0
23324,23324004,16878,0
23324,23324004,16879,0
23324,23324004,16880,0
23324,23324004,16881,0
23324,23324004,16882,0
23324,23324004,16883,0
23324,23324004,16884,0
23324,23324004,16885,0
23324,23324004,16886,0
23324,23324004,16887,0
23324,23324004,16888,0
23324,23324004,16889,0
23324,23324004,16890,0
23324,23324004,16891,0
23324,23324004,16892,0
23324,23324004,16893,0
23324,23324004,16894,0
23324,23324004,16895,0
23324,23324004,16896,0
23324,23324004,16897,0
23324,23324004,16898,0
23324,23324004,16899,0
23324,23324004,16900,0
23324,23324004,16901,0
23324,23324004,16902,0
23324,23324004,16903,0
23324,23324004,16904,0
23324,23324004,16905,0
23324,23324004,16906,0
23324,23324004,16907,0
23324,23324004,16908,0
23324,23324004,16909,0
23324,23324004,16910,0
23324,23324004,16911,0
23324,23324004,16912,0
23324,23324004,16913,0
23324,23324004,16914,0
23324,23324004,16915,0
23324,23324004,16916,0
23324,23324004,16917,0
23324,23324004,16918,0
23324,23324004,16919,0
23324,23324004,16920,0
23324,23324004,16921,0
23324,23324004,16922,0
23324,23324004,16923,0
23324,23324004,16924,0
23324,23324004,16925,0
23324,23324004,16926,0
23324,23324004,16927,0
23324,23324004,16928,0
23324,23324004,16929,0
23324,23324004,16930,0
23324,23324004,16931,0
23324,23324004,16932,0
23324,23324004,16933,0
23324,23324004,16934,0
23324,23324004,16935,0
23324,23324004,16936,0
23324,23324004,16937,0
23324,23324004,16938,0
23324,23324004,16939,0
23324,23324004,16940,0
23324,23324004,16941,0
23324,23324004,16942,0
23324,23324004,16943,0
23324,23324004,16944,0
23324,23324004,16945,0
23324,23324004,16946,0
23324,23324004,16947,0
23324,23324004,16948,0
23324,23324004,16949,0
23324,23324004,16950,0
23324,23324004,16951,0
23324,23324004,16952,0
23324,23324004,16953,0
23324,23324004,16954,0
23324,23324004,16955,0
23324,23324004,16956,0
23324,23324004,16957,0
23324,23324004,16958,0
23324,23324004,16959,0
23324,23324004,16960,0
23324,23324004,16961,0
23324,23324004,16962,0
23324,23324004,16963,0
23324,23324004,16964,0
23324,23324004,16965,0
23324,23324004,16966,0
23324,23324004,16967,0
23324,23324004,16968,0
23324,23324004,16969,0
23324,23324004,16970,0
23324,23324004,16971,0
23324,23324004,16972,0
23324,23324004,16973,0
23324,23324004,16974,0
23324,23324004,16975,0
23324,23324004,16976,0
23324,23324004,16977,0
23324,23324004,16978,0
23324,23324004,16979,0
23324,23324004,16980,0
23324,23324004,16981,0
23324,23324004,16982,0
23324,23324004,16983,0
23324,23324004,16984,0
23324,23324004,16985,0
23324,23324004,16986,0
23324,23324004,16987,0
23324,23324004,16988,0
23324,23324004,16989,0
23324,23324004,16990,0
23324,23324004,16991,0
23324,23324004,16992,0
23324,23324004,16993,0
23324,23324004,16994,0
23324,23324004,16995,0
23324,23324004,16996,0
23324,23324004,16997,0
23324,23324004,16998,0
23324,23324004,16999,0
23324,23324004,17000,0
23324,23324004,17001,0
23324,23324004,17002,0
23324,23324004,17003,0
23324,23324004,17004,0
23324,23324004,17005,0
23324,23324004,17006,0
23324,23324004,17007,0
23324,23324004,17008,0
23324,23324004,17009,0
23324,23324004,17010,0
23324,23324004,17011,0
23324,23324004,17012,0
23324,23324004,17013,0
23324,23324004,17014,0
23324,23324004,17015,0
23324,23324004,17016,0
23324,23324004,17017,0
23324,23324004,17018,0
23324,23324004,17019,0
23324,23324004,17020,0
23324,23324004,17021,0
23324,23324004,17022,0
23324,23324004,17023,0
23324,23324004,17024,0
23324,23324004,17025,0
23324,23324004,17026,0
23324,23324004,17027,0
23324,23324004,17028,0
23324,23324004,17029,0
23324,23324004,17030,0
23324,23324004,17031,0
23324,23324004,17032,0
23324,23324004,17033,0
23324,23324004,17034,0
23324,23324004,17035,0
23324,23324004,17036,0
23324,23324004,17037,0
23324,23324004,17038,0
23324,23324004,17039,0
23324,23324004,17040,0
23324,23324004,17041,0
23324,23324004,17042,0
23324,23324004,17043,0
23324,23324004,17044,0
23324,23324004,17045,0
23324,23324004,17046,0
23324,23324004,17047,0
23324,23324004,17048,0
23324,23324004,17049,0
23324,23324004,17050,0
23324,23324004,17051,0
23324,23324004,17052,0
23324,23324004,17053,0
23324,23324004,17054,0
23324,23324004,17055,0
23324,23324004,17056,0
23324,23324004,17057,0
23324,23324004,17058,0
23324,23324004,17059,0
23324,23324004,17060,0
23324,23324004,17061,0
23324,23324004,17062,0
23324,23324004,17063,0
23324,23324004,17064,0
23324,23324004,17065,0
23324,23324004,17066,0
23324,23324004,17067,0
23324,23324004,17068,0
23324,23324004,17069,0
23324,23324004,17070,0
23324,23324004,17071,0
23324,23324004,17072,0
23324,23324004,17073,0
23324,23324004,17074,0
23324,23324004,17075,0
23324,23324004,17076,0
23324,23324004,17077,0
23324,23324004,17078,0
23324,23324004,17079,0
23324,23324004,17080,0
23324,23324004,17081,0
23324,23324004,17082,0
23324,23324004,17083,0
23324,23324004,17084,0
23324,23324004,17085,0
23324,23324004,17086,0
23324,23324004,17087,0
23324,23324004,17088,0
23324,23324004,17089,0
23324,23324004,17090,0
23324,23324004,17091,0
23324,23324004,17092,0
23324,23324004,17093,0
23324,23324004,17094,0
23324,23324004,17095,0
23324,23324004,17096,0
23324,23324004,17097,0
23324,23324004,17098,0
23324,23324004,17099,0
23324,23324004,17100,0
23324,23324004,17101,0
23324,23324004,17102,0
23324,23324004,17103,0
23324,23324004,17104,0
23324,23324004,17105,0
23324,23324004,17106,0
23324,23324004,17107,0
23324,23324004,17108,0
23324,23324004,17109,0
23324,23324004,17110,0
23324,23324004,17111,0
23324,23324004,17112,0
23324,23324004,17113,0
23324,23324004,17114,0
23324,23324004,17115,0
23324,23324004,17116,0
23324,23324004,17117,0
23324,23324004,17118,0
23324,23324004,17119,0
23324,23324004,17120,0
23324,23324004,17121,0
23324,23324004,17122,0
23324,23324004,17123,0
23324,23324004,17124,0
23324,23324004,17125,0
23324,23324004,17126,0
23324,23324004,17127,0
23324,23324004,17128,0
23324,23324004,17129,0
23324,23324004,17130,0
23324,23324004,17131,0
23324,23324004,17132,0
23324,23324004,17133,0
23324,23324004,17134,0
23324,23324004,17135,0
23324,23324004,17136,0
23324,23324004,17137,0
23324,23324004,17138,0
23324,23324004,17139,0
23324,23324004,17140,0
23324,23324004,17141,0
23324,23324004,17142,0
23324,23324004,17143,0
23324,23324004,17144,0
23324,23324004,17145,0
23324,23324004,17146,0
23324,23324004,17147,0
23324,23324004,17148,0
23324,23324004,17149,0
23324,23324004,17150,0
23324,23324004,17151,0
23324,23324004,17152,0
23324,23324004,17153,0
23324,23324004,17154,0
23324,23324004,17155,0
23324,23324004,17156,0
23324,23324004,17157,0
23324,23324004,17158,0
23324,23324004,17159,0
23324,23324004,17160,0
23324,23324004,17161,0
23324,23324004,17162,0
23324,23324004,17163,0
23324,23324004,17164,0
23324,23324004,17165,0
23324,23324004,17166,0
23324,23324004,17167,0
23324,23324004,17168,0
23324,23324004,17169,0
23324,23324004,17170,0
23324,23324004,17171,0
23324,23324004,17172,0
23324,23324004,17173,0
23324,23324004,17174,0
23324,23324004,17175,0
23324,23324004,17176,0
23324,23324004,17177,0
23324,23324004,17178,0
23324,23324004,17179,0
23324,23324004,17180,0
23324,23324004,17181,0
23324,23324004,17182,0
23324,23324004,17183,0
23324,23324004,17184,0
23324,23324004,17185,0
23324,23324004,17186,0
23324,23324004,17187,0
23324,23324004,17188,0
23324,23324004,17189,0
23324,23324004,17190,0
23324,23324004,17191,0
23324,23324004,17192,0
23324,23324004,17193,0
23324,23324004,17194,0
23324,23324004,17195,0
23324,23324004,17196,0
23324,23324004,17197,0
23324,23324004,17198,0
23324,23324004,17199,0
23324,23324004,17200,0
23324,23324004,17201,0
23324,23324004,17202,0
23324,23324004,17203,0
23324,23324004,17204,0
23324,23324004,17205,0
23324,23324004,17206,0
23324,23324004,17207,0
23324,23324004,17208,0
23324,23324004,17209,0
23324,23324004,17210,0
23324,23324004,17211,0
23324,23324004,17212,0
23324,23324004,17213,0
23324,23324004,17214,0
23324,23324004,17215,0
23324,23324004,17216,0
23324,23324004,17217,0
23324,23324004,17218,0
23324,23324004,17219,0
23324,23324004,17220,0
23324,23324004,17221,0
23324,23324004,17222,0
23324,23324004,17223,0
23324,23324004,17224,0
23324,23324004,17225,0
23324,23324004,17226,0
23324,23324004,17227,0
23324,23324004,17228,0
23324,23324004,17229,0
23324,23324004,17230,0
23324,23324004,17231,0
23324,23324004,17232,0
23324,23324004,17233,0
23324,23324004,17234,0
23324,23324004,17235,0
23324,23324004,17236,0
23324,23324004,17237,0
23324,23324004,17238,0
23324,23324004,17239,0
23324,23324004,17240,0
23324,23324004,17241,0
23324,23324004,17242,0
23324,23324004,17243,0
23324,23324004,17244,0
23324,23324004,17245,0
23324,23324004,17246,0
23324,23324004,17247,0
23324,23324004,17248,0
23324,23324004,17249,0
23324,23324004,17250,0
23324,23324004,17251,0
23324,23324004,17252,0
23324,23324004,17253,0
23324,23324004,17254,0
23324,23324004,17255,0
23324,23324004,17256,0
23324,23324004,17257,0
23324,23324004,17258,0
23324,23324004,17259,0
23324,23324004,17260,0
23324,23324004,17261,0
23324,23324004,17262,0
23324,23324004,17263,0
23324,23324004,17264,0
23324,23324004,17265,0
23324,23324004,17266,0
23324,23324004,17267,0
23324,23324004,17268,0
23324,23324004,17269,0
23324,23324004,17270,0
23324,23324004,17271,0
23324,23324004,17272,0
23324,23324004,17273,0
23324,23324004,17274,0
23324,23324004,17275,0
23324,23324004,17276,0
23324,23324004,17277,0
23324,23324004,17278,0
23324,23324004,17279,0
23324,23324004,17280,0
23324,23324004,17281,0
23324,23324004,17282,0
23324,23324004,17283,0
23324,23324004,17284,0
23324,23324004,17285,0
23324,23324004,17286,0
23324,23324004,17287,0
23324,23324004,17288,0
23324,23324004,17289,0
23324,23324004,17290,0
23324,23324004,17291,0
23324,23324004,17292,0
23324,23324004,17293,0
23324,23324004,17294,0
23324,23324004,17295,0
23324,23324004,17296,0
23324,23324004,17297,0
23324,23324004,17298,0
23324,23324004,17299,0
23324,23324004,17300,0
23324,23324004,17301,0
23324,23324004,17302,0
23324,23324004,17303,0
23324,23324004,17304,0
23324,23324004,17305,0
23324,23324004,17306,0
23324,23324004,17307,0
23324,23324004,17308,0
23324,23324004,17309,0
23324,23324004,17310,0
23324,23324004,17311,0
23324,23324004,17312,0
23324,23324004,17313,0
23324,23324004,17314,0
23324,23324004,17315,0
23324,23324004,17316,0
23324,23324004,17317,0
23324,23324004,17318,0
23324,23324004,17319,0
23324,23324004,17320,0
23324,23324004,17321,0
23324,23324004,17322,0
23324,23324004,17323,0
23324,23324004,17324,0
23324,23324004,17325,0
23324,23324004,17326,0
23324,23324004,17327,0
23324,23324004,17328,0
23324,23324004,17329,0
23324,23324004,17330,0
23324,23324004,17331,0
23324,23324004,17332,0
23324,23324004,17333,0
23324,23324004,17334,0
23324,23324004,17335,0
23324,23324004,17336,0
23324,23324004,17337,0
23324,23324004,17338,0
23324,23324004,17339,0
23324,23324004,17340,0
23324,23324004,17341,0
23324,23324004,17342,0
23324,23324004,17343,0
23324,23324004,17344,0
23324,23324004,17345,0
23324,23324004,17346,0
23324,23324004,17347,0
23324,23324004,17348,0
23324,23324004,17349,0
23324,23324004,17350,0
23324,23324004,17351,0
23324,23324004,17352,0
23324,23324004,17353,0
23324,23324004,17354,0
23324,23324004,17355,0
23324,23324004,17356,0
23324,23324004,17357,0
23324,23324004,17358,0
23324,23324004,17359,0
23324,23324004,17360,0
23324,23324004,17361,0
23324,23324004,17362,0
23324,23324004,17363,0
23324,23324004,17364,0
23324,23324004,17365,0
23324,23324004,17366,0
23324,23324004,17367,0
23324,23324004,17368,0
23324,23324004,17369,0
23324,23324004,17370,0
23324,23324004,17371,0
23324,23324004,17372,0
23324,23324004,17373,0
23324,23324004,17374,0
23324,23324004,17375,0
23324,23324004,17376,0
23324,23324004,17377,0
23324,23324004,17378,0
23324,23324004,17379,0
23324,23324004,17380,0
23324,23324004,17381,0
23324,23324004,17382,0
23324,23324004,17383,0
23324,23324004,17384,0
23324,23324004,17385,0
23324,23324004,17386,0
23324,23324004,17387,0
23324,23324004,17388,0
23324,23324004,17389,0
23324,23324004,17390,0
23324,23324004,17391,0
23324,23324004,17392,0
23324,23324004,17393,0
23324,23324004,17394,0
23324,23324004,17395,0
23324,23324004,17396,0
23324,23324004,17397,0
23324,23324004,17398,0
23324,23324004,17399,0
23324,23324004,17400,0
23324,23324004,17401,0
23324,23324004,17402,0
23324,23324004,17403,0
23324,23324004,17404,0
23324,23324004,17405,0
23324,23324004,17406,0
23324,23324004,17407,0
23324,23324004,17408,0
23324,23324004,17409,0
23324,23324004,17410,0
23324,23324004,17411,0
23324,23324004,17412,0
23324,23324004,17413,0
23324,23324004,17414,0
23324,23324004,17415,0
23324,23324004,17416,0
23324,23324004,17417,0
23324,23324004,17418,0
23324,23324004,17419,0
23324,23324004,17420,0
23324,23324004,17421,0
23324,23324004,17422,0
23324,23324004,17423,0
23324,23324004,17424,0
23324,23324004,17425,0
23324,23324004,17426,0
23324,23324004,17427,0
23324,23324004,17428,0
23324,23324004,17429,0
23324,23324004,23029,0
23324,23324004,23030,0
23324,23324004,23031,0
23324,23324004,23032,0
23324,23324004,23033,0
23324,23324004,23034,0
23324,23324004,23035,0
23324,23324004,23036,0
23324,23324004,23037,0
23324,23324004,23038,0
23324,23324004,23039,0
23324,23324004,23040,0
23324,23324004,23041,0
23324,23324004,23042,0
23324,23324004,23043,0
23324,23324004,23044,0
23324,23324004,23045,0
23324,23324004,23046,0
23324,23324004,23047,0
23324,23324004,23048,0
23324,23324004,23049,0
23324,23324004,23050,0
23324,23324004,23051,0
23324,23324004,23052,0
23324,23324004,23053,0
23324,23324004,23054,0
23324,23324004,23055,0
23324,23324004,23056,0
23324,23324004,23057,0
23324,23324004,23058,0
23324,23324004,23059,0
23324,23324004,23060,0
23324,23324004,23061,0
23324,23324004,23062,0
23324,23324004,23063,0
23324,23324004,23064,0
23324,23324004,23065,0
23324,23324004,23066,0
23324,23324004,23067,0
23324,23324004,23068,0
23324,23324004,23069,0
23324,23324004,23070,0
23324,23324004,23071,0
23324,23324004,23072,0
23324,23324004,23073,0
23324,23324004,23074,0
23324,23324004,23075,0
23324,23324004,23076,0
23324,23324004,23077,0
23324,23324004,23078,0
23324,23324004,23079,0
23324,23324004,23080,0
23324,23324004,23081,0
23324,23324004,23082,0
23324,23324004,23083,0
23324,23324004,23084,0
23324,23324004,23085,0
23324,23324004,23086,0
23324,23324004,23087,0
23324,23324004,23088,0
23324,23324004,23089,0
23324,23324004,27412,0
23324,23324004,27413,0
23324,23324004,27414,0
23324,23324004,27415,0
23324,23324004,27416,0
23324,23324004,27417,0
23324,23324004,27418,0
23324,23324004,27419,0
23324,23324004,27420,0
23324,23324004,27421,0
23324,23324004,27422,0
23324,23324004,27423,0
23324,23324004,27424,0
23324,23324004,27425,0
23324,23324004,27426,0
23324,23324004,27427,0
23324,23324004,27428,0
23324,23324004,27429,0
23324,23324004,27430,0
23324,23324004,27431,0
23324,23324004,27432,0
23324,23324004,27433,0
23324,23324004,27434,0
23324,23324004,27435,0
23324,23324004,27436,0
23324,23324004,27437,0
23324,23324004,27438,0
23324,23324004,27439,0
23324,23324004,27440,0
23324,23324004,27441,0
23324,23324004,27442,0
23324,23324004,27443,0
23324,23324004,27444,0
23324,23324004,27445,0
23324,23324004,27446,0
23324,23324004,27447,0
23324,23324004,27448,0
23324,23324004,27449,0
23324,23324004,27450,0
23324,23324004,27451,0
23324,23324004,27452,0
23324,23324004,27453,0
23324,23324004,27454,0
23324,23324004,27455,0
23324,23324004,27456,0
23324,23324004,27457,0
23324,23324004,27458,0
23324,23324004,27459,0
23324,23324004,27460,0
23324,23324004,27461,0
23324,23324004,27462,0
23324,23324004,27463,0
23324,23324004,27464,0
23324,23324004,27465,0
23324,23324004,27466,0
23324,23324004,27467,0
23324,23324004,27468,0
23324,23324004,27469,0
23324,23324004,27470,0
23324,23324004,27471,0
23324,23324004,27472,0
23324,23324004,27473,0
23324,23324004,27474,0
23324,23324004,27475,0
23324,23324004,27476,0
23324,23324004,27477,0
23324,23324004,27478,0
23324,23324004,27479,0
23324,23324004,27480,0
23324,23324004,27481,0
23324,23324004,27482,0
23324,23324004,27483,0
23324,23324004,27484,0
23324,23324004,27485,0
23324,23324004,27486,0
23324,23324004,27487,0
23324,23324004,27488,0
23324,23324004,27489,0
23324,23324004,27490,0
23324,23324004,27491,0
23324,23324004,27492,0
23324,23324004,27493,0
23324,23324004,27494,0
23324,23324004,27495,0
23324,23324004,27496,0
23324,23324004,27497,0
23324,23324004,27498,0
23324,23324004,27499,0
23324,23324004,27500,0
23324,23324004,27501,0
23324,23324004,27502,0
23324,23324004,27503,0
23324,23324004,27504,0
23324,23324004,27505,0
23324,23324004,27506,0
23324,23324004,27507,0
23324,23324004,27508,0
23324,23324004,27509,0
23324,23324004,27510,0
23324,23324004,27511,0
23324,23324004,27512,0
23324,23324004,27513,0
23324,23324004,27514,0
23324,23324004,27515,0
23324,23324004,27516,0
23324,23324004,27517,0
23324,23324004,27518,0
23324,23324004,27519,0
23324,23324004,27520,0
23324,23324004,27521,0
23324,23324004,27522,0
23324,23324004,27523,0
23324,23324004,27524,0
23324,23324004,27525,0
23324,23324004,27526,0
23324,23324004,27527,0
23324,23324004,27528,0
23324,23324004,27529,0
23324,23324004,27530,0
23324,23324004,27531,0
23324,23324004,27532,0
23324,23324004,27533,0
23324,23324004,27534,0
23324,23324004,27535,0
23324,23324004,27536,0
23324,23324004,27537,0
23324,23324004,27538,0
23324,23324004,27539,0
23324,23324004,27540,0
23324,23324004,27541,0
23324,23324004,27542,0
23324,23324004,27543,0
23324,23324004,27544,0
23324,23324004,27545,0
23324,23324004,27546,0
23324,23324004,27547,0
23324,23324004,27548,0
23324,23324004,27549,0
23324,23324004,27550,0
23324,23324004,27551,0
23324,23324004,27552,0
23324,23324004,27553,0
23324,23324004,27554,0
23324,23324004,27555,0
23324,23324004,27556,0
23324,23324004,27557,0
23324,23324004,27558,0
23324,23324004,27559,0
23324,23324004,27560,0
23324,23324004,27561,0
23324,23324004,27562,0
23324,23324004,27563,0
23324,23324004,27564,0
23324,23324004,27565,0
23324,23324004,27566,0
23324,23324004,27567,0
23324,23324004,27568,0
23324,23324004,27569,0
23324,23324004,27570,0
23324,23324004,27571,0
23324,23324004,27572,0
23324,23324004,27573,0
23324,23324004,27574,0
23324,23324004,27575,0
23324,23324004,27576,0
23324,23324004,27577,0
23324,23324004,27578,0
23324,23324004,27579,0
23324,23324004,27580,0
23324,23324004,27581,0
23324,23324004,27582,0
23324,23324004,27583,0
23324,23324004,27584,0
23324,23324004,27585,0
23324,23324004,27586,0
23324,23324004,27587,0
23324,23324004,27588,0
23324,23324004,27589,0
23324,23324004,27590,0
23324,23324004,27591,0
23324,23324004,27592,0
23324,23324004,27593,0
23324,23324004,27594,0
23324,23324004,27595,0
23324,23324004,27596,0
23324,23324004,27597,0
23324,23324004,27598,0
23324,23324004,27599,0
23324,23324004,27600,0
23324,23324004,27601,0
23324,23324004,27602,0
23324,23324004,27603,0
23324,23324004,27604,0
23324,23324004,27605,0
23324,23324004,27606,0
23324,23324004,27607,0
23324,23324004,27608,0
23324,23324004,27609,0
23324,23324004,27610,0
23324,23324004,27611,0
23324,23324004,27612,0
23324,23324004,27613,0
23324,23324004,27614,0
23324,23324004,27615,0
23324,23324004,27616,0
23324,23324004,27617,0
23324,23324004,27618,0
23324,23324004,27619,0
23324,23324004,27620,0
23324,23324004,27621,0
23324,23324004,27622,0
23324,23324004,27623,0
23324,23324004,27624,0
23324,23324004,27625,0
23324,23324004,27626,0
23324,23324004,27627,0
23324,23324004,27628,0
23324,23324004,27629,0
23324,23324004,27630,0
23324,23324004,27631,0
23324,23324004,27632,0
23324,23324004,27633,0
23324,23324004,27634,0
23324,23324004,27635,0
23324,23324004,27636,0
23324,23324004,27637,0
23324,23324004,27638,0
23324,23324004,27639,0
23324,23324004,27640,0
23324,23324004,27641,0
23324,23324004,27642,0
23324,23324004,27643,0
23324,23324004,27644,0
23324,23324004,27645,0
23324,23324004,27646,0
23324,23324004,27647,0
23324,23324004,27648,0
23324,23324004,27649,0
23324,23324004,27650,0
23324,23324004,27651,0
23324,23324004,27652,0
23324,23324004,27653,0
23324,23324004,27654,0
23324,23324004,27655,0
23324,23324004,27656,0
23324,23324004,27657,0
23324,23324004,27658,0
23324,23324004,27659,0
23324,23324004,27660,0
23324,23324004,27661,0
23324,23324004,27662,0
23324,23324004,27663,0
23324,23324004,27664,0
23324,23324004,27665,0
23324,23324004,27666,0
23324,23324004,27667,0
23324,23324004,27668,0
23324,23324004,27669,0
23324,23324004,27670,0
23324,23324004,27671,0
23324,23324004,27672,0
23324,23324004,27673,0
23324,23324004,27674,0
23324,23324004,27675,0
23324,23324004,27676,0
23324,23324004,27677,0
23324,23324004,27678,0
23324,23324004,27679,0
23324,23324004,27680,0
23324,23324004,27681,0
23324,23324004,27682,0
23324,23324004,27683,0
23324,23324004,27684,0
23324,23324004,27685,0
23324,23324004,27686,0
23324,23324004,27687,0
23324,23324004,27688,0
23324,23324004,27689,0
23324,23324004,27690,0
23324,23324004,27691,0
23324,23324004,27692,0
23324,23324004,27693,0
23324,23324004,27694,0
23324,23324004,27695,0
23324,23324004,27696,0
23324,23324004,27697,0
23324,23324004,27698,0
23324,23324004,27699,0
23324,23324004,27700,0
23324,23324004,27701,0
23324,23324004,27702,0
23324,23324004,27703,0
23324,23324004,27704,0
23324,23324004,27705,0
23324,23324004,27706,0
23324,23324004,27707,0
23324,23324004,27708,0
23324,23324004,27709,0
23324,23324004,27710,0
23324,23324004,27711,0
23324,23324004,27712,0
23324,23324004,27713,0
23324,23324004,27714,0
23324,23324004,27715,0
23324,23324004,27716,0
23324,23324004,27717,0
23324,23324004,27718,0
23324,23324004,27719,0
23324,23324004,27720,0
23324,23324004,27721,0
23324,23324004,27722,0
23324,23324004,27723,0
23324,23324004,27724,0
23324,23324004,27725,0
23324,23324004,27726,0
23324,23324004,27727,0
23324,23324004,27728,0
23324,23324004,27729,0
23324,23324004,27730,0
23324,23324004,27731,0
23324,23324004,27732,0
23324,23324004,27733,0
23324,23324004,27734,0
23324,23324004,27735,0
23324,23324004,27736,0
23324,23324004,27737,0
23324,23324004,27738,0
23324,23324004,27739,0
23324,23324004,27740,0
23324,23324004,27741,0
23324,23324004,27742,0
23324,23324004,27743,0
23324,23324004,27744,0
23324,23324004,27745,0
23324,23324004,27746,0
23324,23324004,27747,0
23324,23324004,27748,0
23324,23324004,27749,0
23324,23324004,27750,0
23324,23324004,27751,0
23324,23324004,27752,0
23324,23324004,27753,0
23324,23324004,27754,0
23324,23324004,27755,0
23324,23324004,27756,0
23324,23324004,27757,0
23324,23324004,27758,0
23324,23324004,27759,0
23324,23324004,27760,0
23324,23324004,27761,0
23324,23324004,27762,0
23324,23324004,27763,0
23324,23324004,27764,0
23324,23324004,27765,0
23324,23324004,27766,0
23324,23324004,27767,0
23324,23324004,27768,0
23324,23324004,27769,0
23324,23324004,27770,0
23324,23324004,27771,0
23324,23324004,27772,0
23324,23324004,27773,0
23324,23324004,27774,0
23324,23324004,27775,0
23324,23324004,27776,0
23324,23324004,27777,0
23324,23324004,27778,0
23324,23324004,27779,0
23324,23324004,27780,0
23324,23324004,27781,0
23324,23324004,27782,0
23324,23324004,27783,0
23324,23324004,27784,0
23324,23324004,27785,0
23324,23324004,27786,0
23324,23324004,27787,0
23324,23324004,27788,0
23324,23324004,27789,0
23324,23324004,27790,0
23324,23324004,27791,0
23324,23324004,27792,0
23324,23324004,27793,0
23324,23324004,27794,0
23324,23324004,27795,0
23324,23324004,27796,0
23324,23324004,27797,0
23324,23324004,27798,0
23324,23324004,27799,0
23324,23324004,27800,0
23324,23324004,27801,0
23324,23324004,27802,0
23324,23324004,27803,0
23324,23324004,27804,0
23324,23324004,27805,0
23324,23324004,27806,0
23324,23324004,27807,0
23324,23324004,27808,0
23324,23324004,27809,0
23324,23324004,27810,0
23324,23324004,27811,0
23324,23324004,27812,0
23324,23324004,27813,0
23324,23324004,27814,0
23324,23324004,27815,0
23324,23324004,27816,0
23324,23324004,27817,0
23324,23324004,27818,0
23324,23324004,27819,0
23324,23324004,27820,0
23324,23324004,27821,0
23324,23324004,27822,0
23324,23324004,27823,0
23324,23324004,27824,0
23324,23324004,27825,0
23324,23324004,27826,0
23324,23324004,27827,0
23324,23324004,27828,0
23324,23324004,27829,0
23324,23324004,27830,0
23324,23324004,27831,0
23324,23324004,27832,0
23324,23324004,27833,0
23324,23324004,27834,0
23324,23324004,27835,0
23324,23324004,27836,0
23324,23324004,27837,0
23324,23324004,27838,0
23324,23324004,27839,0
23324,23324004,27840,0
23324,23324004,27841,0
23324,23324004,27842,0
23324,23324004,27843,0
23324,23324004,27844,0
23324,23324004,27845,0
23324,23324004,27846,0
23324,23324004,27847,0
23324,23324004,27848,0
23324,23324004,27849,0
23324,23324004,27850,0
23324,23324004,27851,0
23324,23324004,27852,0
23324,23324004,27853,0
23324,23324004,27854,0
23324,23324004,27855,0
23324,23324004,27856,0
23324,23324004,27857,0
23324,23324004,27858,0
23324,23324004,27859,0
23324,23324004,27860,0
23324,23324004,27861,0
23324,23324004,27862,0
23324,23324004,27863,0
23324,23324004,27864,0
23324,23324004,27865,0
23324,23324004,27866,0
23324,23324004,27867,0
23324,23324004,27868,0
23324,23324004,27869,0
23324,23324004,27870,0
23324,23324004,27871,0
23324,23324004,27872,0
23324,23324004,27873,0
23324,23324004,27874,0
23324,23324004,27875,0
23324,23324004,27876,0
23324,23324004,27877,0
23324,23324004,27878,0
23324,23324004,27879,0
23324,23324004,27880,0
23324,23324004,27881,0
23324,23324004,27882,0
23324,23324004,27883,0
23324,23324004,27884,0
23324,23324004,27885,0
23324,23324004,27886,0
23324,23324004,27887,0
23324,23324004,27888,0
23324,23324004,27889,0
23324,23324004,27890,0
23324,23324004,27891,0
23324,23324004,27892,0
23324,23324004,27893,0
23324,23324004,27894,0
23324,23324004,27895,0
23324,23324004,27896,0
23324,23324004,27897,0
23324,23324004,27898,0
23324,23324004,27899,0
23324,23324004,27900,0
23324,23324004,27901,0
23324,23324004,27902,0
23324,23324004,27903,0
23324,23324004,27904,0
23324,23324004,27905,0
23324,23324004,27906,0
23324,23324004,27907,0
23324,23324004,27908,0
23324,23324004,27909,0
23324,23324004,27910,0
23324,23324004,27911,0
23324,23324004,27912,0
23324,23324004,27913,0
23324,23324004,27914,0
23324,23324004,27915,0
23324,23324004,27916,0
23324,23324004,27917,0
23324,23324004,27918,0
23324,23324004,27919,0
23324,23324004,27920,0
23324,23324004,27921,0
23324,23324004,27922,0
23324,23324004,27923,0
23324,23324004,27924,0
23324,23324004,27925,0
23324,23324004,27926,0
23324,23324004,27927,0
23324,23324004,27928,0
23324,23324004,27929,0
23324,23324004,27930,0
23324,23324004,27931,0
23324,23324004,27932,0
23324,23324004,27933,0
23324,23324004,27934,0
23324,23324004,27935,0
23324,23324004,27936,0
23324,23324004,27937,0
23324,23324004,27938,0
23324,23324004,27939,0
23324,23324004,27940,0
23324,23324004,27941,0
23324,23324004,27942,0
23324,23324004,27943,0
23324,23324004,27944,0
23324,23324004,27945,0
23324,23324004,27946,0
23324,23324004,27947,0
23324,23324004,27948,0
23324,23324004,27949,0
23324,23324004,27950,0
23324,23324004,27951,0
23324,23324004,27952,0
23324,23324004,27953,0
23324,23324004,27954,0
23324,23324004,27955,0
23324,23324004,27956,0
23324,23324004,27957,0
23324,23324004,27958,0
23324,23324004,29390,0
23324,23324004,29391,0
23324,23324004,29392,0
23324,23324004,29393,0
23324,23324004,29394,0
23324,23324004,29395,0
23324,23324004,29396,0
23324,23324004,29397,0
23324,23324004,29398,0
23324,23324004,29399,0
23324,23324004,29400,0
23324,23324004,29401,0
23324,23324004,29402,0
23324,23324004,29403,0
23324,23324004,29404,0
23324,23324004,29405,0
23324,23324004,29406,0
23324,23324004,29407,0
23324,23324004,29408,0
23324,23324004,29409,0
23324,23324004,29410,0
23324,23324004,29411,0
23324,23324004,29412,0
23324,23324004,29413,0
23324,23324004,29414,0
23324,23324004,29415,0
23324,23324004,29416,0
23324,23324004,29417,0
23324,23324004,29418,0
23324,23324004,29419,0
23324,23324004,29420,0
23324,23324004,29421,0
23324,23324004,29422,0
23324,23324004,29423,0
23324,23324004,29424,0
23324,23324004,29425,0
23324,23324004,29426,0
23324,23324004,29427,0
23324,23324004,29428,0
23324,23324004,29429,0
23324,23324004,29430,0
23324,23324004,29431,0
23324,23324004,29432,0
23324,23324004,29433,0
23324,23324004,29434,0
23324,23324004,29435,0
23324,23324004,29436,0
23324,23324004,29437,0
23324,23324004,29438,0
23324,23324004,29439,0
23324,23324004,29440,0
23324,23324004,29441,0
23324,23324004,29442,0
23324,23324004,29443,0
23324,23324004,29444,0
23324,23324004,29445,0
23324,23324004,29446,0
23324,23324004,29447,0
23324,23324004,29448,0
23324,23324004,29449,0
23324,23324004,29450,0
23324,23324004,29451,0
23324,23324004,29452,0
23324,23324004,29453,0
23324,23324004,29454,0
23324,23324004,29455,0
23324,23324004,29456,0
23324,23324004,29457,0
23324,23324004,29458,0
23324,23324004,29459,0
23324,23324004,29460,0
23324,23324004,29461,0
23324,23324004,29462,0
23324,23324004,29463,0
23324,23324004,29464,0
23324,23324004,29465,0
23324,23324004,29466,0
23324,23324004,29467,0
23324,23324004,29468,0
23324,23324004,29469,0
23324,23324004,29470,0
23324,23324004,29471,0
23324,23324004,29472,0
23324,23324004,29473,0
23324,23324004,29474,0
23324,23324004,29475,0
23324,23324004,29476,0
23324,23324004,29477,0
23324,23324004,29478,0
23324,23324004,29479,0
23324,23324004,29480,0
23324,23324004,29481,0
23324,23324004,29482,0
23324,23324004,29483,0
23324,23324004,29484,0
23324,23324004,29485,0
23324,23324004,29486,0
23324,23324004,29487,0
23324,23324004,29488,0
23324,23324004,29489,0
23324,23324004,29490,0
23324,23324004,29491,0
23324,23324004,29492,0
23324,23324004,29493,0
23324,23324004,29494,0
23324,23324004,29495,0
23324,23324004,29496,0
23324,23324004,29497,0
23324,23324004,33398,0
23324,23324004,33399,0
23324,23324004,33400,0
23324,23324004,33401,0
23324,23324004,33402,0
23324,23324004,33403,0
23324,23324004,33404,0
23324,23324004,33405,0
23324,23324004,33406,0
23324,23324004,33407,0
23324,23324004,33408,0
23324,23324004,33409,0
23324,23324004,33410,0
23324,23324004,33411,0
23324,23324004,33412,0
23324,23324004,33413,0
23324,23324004,33414,0
23324,23324004,33415,0
23324,23324004,33416,0
23324,23324004,33417,0
23324,23324004,33418,0
23324,23324004,33419,0
23324,23324004,33420,0
23324,23324004,33421,0
23324,23324004,33422,0
23324,23324004,33423,0
23324,23324004,33424,0
23324,23324004,33425,0
23324,23324004,33426,0
23324,23324004,33427,0
23324,23324004,33428,0
23324,23324004,33429,0
23324,23324004,33430,0
23324,23324004,33431,0
23324,23324004,33432,0
23324,23324004,33433,0
23324,23324004,33434,0
23324,23324004,33435,0
23324,23324004,33436,0
23324,23324004,33437,0
23324,23324004,33438,0
23324,23324004,33439,0
23324,23324004,33440,0
23324,23324004,33441,0
23324,23324004,33442,0
23324,23324004,33443,0
23324,23324004,33444,0
23324,23324004,33445,0
23324,23324004,33446,0
23324,23324004,33447,0
23324,23324004,33448,0
23324,23324004,33449,0
23324,23324004,33450,0
23324,23324004,33451,0
23324,23324004,33452,0
23324,23324004,33453,0
23324,23324004,33454,0
23324,23324004,33455,0
23324,23324004,33456,0
23324,23324004,33457,0
23324,23324004,33458,0
23324,23324004,33459,0
23324,23324004,33460,0
23324,23324004,33461,0
23324,23324004,33462,0
23324,23324005,10384,0
23324,23324005,10385,0
23324,23324005,10386,0
23324,23324005,10387,0
23324,23324005,10388,0
23324,23324005,10389,0
23324,23324005,10390,0
23324,23324005,10391,0
23324,23324005,10392,0
23324,23324005,10393,0
23324,23324005,10394,0
23324,23324005,10395,0
23324,23324005,10396,0
23324,23324005,10397,0
23324,23324005,10398,0
23324,23324005,10399,0
23324,23324005,10400,0
23324,23324005,10401,0
23324,23324005,10402,0
23324,23324005,10403,0
23324,23324005,10404,0
23324,23324005,10405,0
23324,23324005,10406,0
23324,23324005,10407,0
23324,23324005,10408,0
23324,23324005,10409,0
23324,23324005,10410,0
23324,23324005,10411,0
23324,23324005,10412,0
23324,23324005,10413,0
23324,23324005,10414,0
23324,23324005,10415,0
23324,23324005,10416,0
23324,23324005,10417,0
23324,23324005,10418,0
23324,23324005,10419,0
23324,23324005,10420,0
23324,23324005,10421,0
23324,23324005,10422,0
23324,23324005,10423,0
23324,23324005,10424,0
23324,23324005,10425,0
23324,23324005,10426,0
23324,23324005,10427,0
23324,23324005,10428,0
23324,23324005,10429,0
23324,23324005,10430,0
23324,23324005,10431,0
23324,23324005,10432,0
23324,23324005,10433,0
23324,23324005,10434,0
23324,23324005,10435,0
23324,23324005,10436,0
23324,23324005,10437,0
23324,23324005,10438,0
23324,23324005,10439,0
23324,23324005,10440,0
23324,23324005,10441,0
23324,23324005,10442,0
23324,23324005,10443,0
23324,23324005,10444,0
23324,23324005,10445,0
23324,23324005,10446,0
23324,23324005,10447,0
23324,23324005,10448,0
23324,23324005,10449,0
23324,23324005,10450,0
23324,23324005,10451,0
23324,23324005,10452,0
23324,23324005,10453,0
23324,23324005,10454,0
23324,23324005,10455,0
23324,23324005,10456,0
23324,23324005,10457,0
23324,23324005,10458,0
23324,23324005,10459,0
23324,23324005,10460,0
23324,23324005,10461,0
23324,23324005,10462,0
23324,23324005,10463,0
23324,23324005,10464,0
23324,23324005,10465,0
23324,23324005,10466,0
23324,23324005,10467,0
23324,23324005,10468,0
23324,23324005,10469,0
23324,23324005,10470,0
23324,23324005,10471,0
23324,23324005,10472,0
23324,23324005,10473,0
23324,23324005,10474,0
23324,23324005,10475,0
23324,23324005,10476,0
23324,23324005,10477,0
23324,23324005,10478,0
23324,23324005,10479,0
23324,23324005,10480,0
23324,23324005,10481,0
23324,23324005,10482,0
23324,23324005,10483,0
23324,23324005,10484,0
23324,23324005,10485,0
23324,23324005,10486,0
23324,23324005,10487,0
23324,23324005,10488,0
23324,23324005,10489,0
23324,23324005,10490,0
23324,23324005,10491,0
23324,23324005,10492,0
23324,23324005,10493,0
23324,23324005,10494,0
23324,23324005,10495,0
23324,23324005,10496,0
23324,23324005,10497,0
23324,23324005,10498,0
23324,23324005,10499,0
23324,23324005,10500,0
23324,23324005,10501,0
23324,23324005,10502,0
23324,23324005,10503,0
23324,23324005,10504,0
23324,23324005,10505,0
23324,23324005,10506,0
23324,23324005,10507,0
23324,23324005,10508,0
23324,23324005,10509,0
23324,23324005,10510,0
23324,23324005,10511,0
23324,23324005,10512,0
23324,23324005,10513,0
23324,23324005,10514,0
23324,23324005,10515,0
23324,23324005,10516,0
23324,23324005,10517,0
23324,23324005,10518,0
23324,23324005,10519,0
23324,23324005,10520,0
23324,23324005,10521,0
23324,23324005,10522,0
23324,23324005,10523,0
23324,23324005,10524,0
23324,23324005,10525,0
23324,23324005,10526,0
23324,23324005,10527,0
23324,23324005,10528,0
23324,23324005,10529,0
23324,23324005,10530,0
23324,23324005,10531,0
23324,23324005,10532,0
23324,23324005,10533,0
23324,23324005,10534,0
23324,23324005,10535,0
23324,23324005,10536,0
23324,23324005,10537,0
23324,23324005,10538,0
23324,23324005,10539,0
23324,23324005,10540,0
23324,23324005,10541,0
23324,23324005,10542,0
23324,23324005,10543,0
23324,23324005,10544,0
23324,23324005,10545,0
23324,23324005,10546,0
23324,23324005,10547,0
23324,23324005,10548,0
23324,23324005,10549,0
23324,23324005,10550,0
23324,23324005,10551,0
23324,23324005,10552,0
23324,23324005,10553,0
23324,23324005,10554,0
23324,23324005,10555,0
23324,23324005,10556,0
23324,23324005,10557,0
23324,23324005,10558,0
23324,23324005,10559,0
23324,23324005,10560,0
23324,23324005,10561,0
23324,23324005,10562,0
23324,23324005,10563,0
23324,23324005,10564,0
23324,23324005,10565,0
23324,23324005,10566,0
23324,23324005,10567,0
23324,23324005,10568,0
23324,23324005,10569,0
23324,23324005,10570,0
23324,23324005,10571,0
23324,23324005,10572,0
23324,23324005,10573,0
23324,23324005,10574,0
23324,23324005,10575,0
23324,23324005,10576,0
23324,23324005,10577,0
23324,23324005,10578,0
23324,23324005,10579,0
23324,23324005,10580,0
23324,23324005,10581,0
23324,23324005,10582,0
23324,23324005,10583,0
23324,23324005,10584,0
23324,23324005,10585,0
23324,23324005,10586,0
23324,23324005,10587,0
23324,23324005,10588,0
23324,23324005,10589,0
23324,23324005,10590,0
23324,23324005,10591,0
23324,23324005,10592,0
23324,23324005,10593,0
23324,23324005,10594,0
23324,23324005,10595,0
23324,23324005,10596,0
23324,23324005,10597,0
23324,23324005,10598,0
23324,23324005,10599,0
23324,23324005,10600,0
23324,23324005,10601,0
23324,23324005,10602,0
23324,23324005,10603,0
23324,23324005,10604,0
23324,23324005,10605,0
23324,23324005,10606,0
23324,23324005,10607,0
23324,23324005,10608,0
23324,23324005,10609,0
23324,23324005,10610,0
23324,23324005,10611,0
23324,23324005,10612,0
23324,23324005,10613,0
23324,23324005,10614,0
23324,23324005,10615,0
23324,23324005,10616,0
23324,23324005,10617,0
23324,23324005,10618,0
23324,23324005,10619,0
23324,23324005,10620,0
23324,23324005,10621,0
23324,23324005,10622,0
23324,23324005,10623,0
23324,23324005,10624,0
23324,23324005,10625,0
23324,23324005,10626,0
23324,23324005,10627,0
23324,23324005,10628,0
23324,23324005,10629,0
23324,23324005,10630,0
23324,23324005,10631,0
23324,23324005,10632,0
23324,23324005,10633,0
23324,23324005,10634,0
23324,23324005,10635,0
23324,23324005,10636,0
23324,23324005,10637,0
23324,23324005,10638,0
23324,23324005,10639,0
23324,23324005,10640,0
23324,23324005,10641,0
23324,23324005,10642,0
23324,23324005,10643,0
23324,23324005,10644,0
23324,23324005,10645,0
23324,23324005,10646,0
23324,23324005,10647,0
23324,23324005,10648,0
23324,23324005,10649,0
23324,23324005,10650,0
23324,23324005,10651,0
23324,23324005,10652,0
23324,23324005,10653,0
23324,23324005,10654,0
23324,23324005,10655,0
23324,23324005,10656,0
23324,23324005,10657,0
23324,23324005,10658,0
23324,23324005,10659,0
23324,23324005,10660,0
23324,23324005,10661,0
23324,23324005,10662,0
23324,23324005,10663,0
23324,23324005,10664,0
23324,23324005,10665,0
23324,23324005,10666,0
23324,23324005,10667,0
23324,23324005,10668,0
23324,23324005,10669,0
23324,23324005,10670,0
23324,23324005,10671,0
23324,23324005,10672,0
23324,23324005,10673,0
23324,23324005,10674,0
23324,23324005,10675,0
23324,23324005,10676,0
23324,23324005,10677,0
23324,23324005,10678,0
23324,23324005,10679,0
23324,23324005,10680,0
23324,23324005,10681,0
23324,23324005,10682,0
23324,23324005,10683,0
23324,23324005,10684,0
23324,23324005,10685,0
23324,23324005,10686,0
23324,23324005,10687,0
23324,23324005,10688,0
23324,23324005,10689,0
23324,23324005,10690,0
23324,23324005,10691,0
23324,23324005,10692,0
23324,23324005,10693,0
23324,23324005,10694,0
23324,23324005,10695,0
23324,23324005,10696,0
23324,23324005,10697,0
23324,23324005,10698,0
23324,23324005,10699,0
23324,23324005,10700,0
23324,23324005,10701,0
23324,23324005,10702,0
23324,23324005,10703,0
23324,23324005,10704,0
23324,23324005,10705,0
23324,23324005,10706,0
23324,23324005,10707,0
23324,23324005,10708,0
23324,23324005,10709,0
23324,23324005,10710,0
23324,23324005,10711,0
23324,23324005,10712,0
23324,23324005,10713,0
23324,23324005,10714,0
23324,23324005,10715,0
23324,23324005,10716,0
23324,23324005,10717,0
23324,23324005,10718,0
23324,23324005,10719,0
23324,23324005,10720,0
23324,23324005,10721,0
23324,23324005,10722,0
23324,23324005,10723,0
23324,23324005,10724,0
23324,23324005,10725,0
23324,23324005,10726,0
23324,23324005,10727,0
23324,23324005,10728,0
23324,23324005,10729,0
23324,23324005,10730,0
23324,23324005,10731,0
23324,23324005,10732,0
23324,23324005,10733,0
23324,23324005,10734,0
23324,23324005,10735,0
23324,23324005,10736,0
23324,23324005,10737,0
23324,23324005,10738,0
23324,23324005,10739,0
23324,23324005,10740,0
23324,23324005,10741,0
23324,23324005,10742,0
23324,23324005,10743,0
23324,23324005,10744,0
23324,23324005,10745,0
23324,23324005,10746,0
23324,23324005,10747,0
23324,23324005,10748,0
23324,23324005,10749,0
23324,23324005,10750,0
23324,23324005,10751,0
23324,23324005,10752,0
23324,23324005,10753,0
23324,23324005,10754,0
23324,23324005,10755,0
23324,23324005,10756,0
23324,23324005,10757,0
23324,23324005,10758,0
23324,23324005,10759,0
23324,23324005,10760,0
23324,23324005,10761,0
23324,23324005,10762,0
23324,23324005,10763,0
23324,23324005,10764,0
23324,23324005,10765,0
23324,23324005,10766,0
23324,23324005,10767,0
23324,23324005,10768,0
23324,23324005,10769,0
23324,23324005,10770,0
23324,23324005,10771,0
23324,23324005,10772,0
23324,23324005,10773,0
23324,23324005,10774,0
23324,23324005,10775,0
23324,23324005,10776,0
23324,23324005,10777,0
23324,23324005,10778,0
23324,23324005,10779,0
23324,23324005,10780,0
23324,23324005,10781,0
23324,23324005,10782,0
23324,23324005,10783,0
23324,23324005,10784,0
23324,23324005,10785,0
23324,23324005,10786,0
23324,23324005,10787,0
23324,23324005,10788,0
23324,23324005,10789,0
23324,23324005,10790,0
23324,23324005,10791,0
23324,23324005,10792,0
23324,23324005,10793,0
23324,23324005,10794,0
23324,23324005,10795,0
23324,23324005,10796,0
23324,23324005,10797,0
23324,23324005,10798,0
23324,23324005,10799,0
23324,23324005,10800,0
23324,23324005,10801,0
23324,23324005,10802,0
23324,23324005,10803,0
23324,23324005,10804,0
23324,23324005,10805,0
23324,23324005,10806,0
23324,23324005,10807,0
23324,23324005,10808,0
23324,23324005,10809,0
23324,23324005,10810,0
23324,23324005,10811,0
23324,23324005,10812,0
23324,23324005,10813,0
23324,23324005,10814,0
23324,23324005,10815,0
23324,23324005,10816,0
23324,23324005,10817,0
23324,23324005,10818,0
23324,23324005,10819,0
23324,23324005,10820,0
23324,23324005,10821,0
23324,23324005,10822,0
23324,23324005,10823,0
23324,23324005,10824,0
23324,23324005,10825,0
23324,23324005,10826,0
23324,23324005,10827,0
23324,23324005,10828,0
23324,23324005,10829,0
23324,23324005,10830,0
23324,23324005,10831,0
23324,23324005,10832,0
23324,23324005,10833,0
23324,23324005,10834,0
23324,23324005,10835,0
23324,23324005,10836,0
23324,23324005,10837,0
23324,23324005,10838,0
23324,23324005,10839,0
23324,23324005,10840,0
23324,23324005,10841,0
23324,23324005,10842,0
23324,23324005,10843,0
23324,23324005,10844,0
23324,23324005,10845,0
23324,23324005,10846,0
23324,23324005,10847,0
23324,23324005,10848,0
23324,23324005,10849,0
23324,23324005,10850,0
23324,23324005,10851,0
23324,23324005,10852,0
23324,23324005,10853,0
23324,23324005,10854,0
23324,23324005,10855,0
23324,23324005,10856,0
23324,23324005,10857,0
23324,23324005,10858,0
23324,23324005,10859,0
23324,23324005,10860,0
23324,23324005,10861,0
23324,23324005,10862,0
23324,23324005,10863,0
23324,23324005,10864,0
23324,23324005,10865,0
23324,23324005,10866,0
23324,23324005,10867,0
23324,23324005,10868,0
23324,23324005,10869,0
23324,23324005,10870,0
23324,23324005,10871,0
23324,23324005,10872,0
23324,23324005,10873,0
23324,23324005,10874,0
23324,23324005,10875,0
23324,23324005,10876,0
23324,23324005,10877,0
23324,23324005,10878,0
23324,23324005,10879,0
23324,23324005,10880,0
23324,23324005,10881,0
23324,23324005,10882,0
23324,23324005,10883,0
23324,23324005,10884,0
23324,23324005,10885,0
23324,23324005,10886,0
23324,23324005,10887,0
23324,23324005,10888,0
23324,23324005,10889,0
23324,23324005,10890,0
23324,23324005,10891,0
23324,23324005,10892,0
23324,23324005,10893,0
23324,23324005,10894,0
23324,23324005,10895,0
23324,23324005,10896,0
23324,23324005,10897,0
23324,23324005,10898,0
23324,23324005,10899,0
23324,23324005,10900,0
23324,23324005,10901,0
23324,23324005,10902,0
23324,23324005,10903,0
23324,23324005,10904,0
23324,23324005,10905,0
23324,23324005,10906,0
23324,23324005,10907,0
23324,23324005,10908,0
23324,23324005,10909,0
23324,23324005,10910,0
23324,23324005,10911,0
23324,23324005,10912,0
23324,23324005,10913,0
23324,23324005,10914,0
23324,23324005,10915,0
23324,23324005,10916,0
23324,23324005,10917,0
23324,23324005,10918,0
23324,23324005,10919,0
23324,23324005,10920,0
23324,23324005,10921,0
23324,23324005,10922,0
23324,23324005,10923,0
23324,23324005,10924,0
23324,23324005,10925,0
23324,23324005,10926,0
23324,23324005,10927,0
23324,23324005,10928,0
23324,23324005,10929,0
23324,23324005,10930,0
23324,23324005,10931,0
23324,23324005,10932,0
23324,23324005,10933,0
23324,23324005,10934,0
23324,23324005,10935,0
23324,23324005,10936,0
23324,23324005,10937,0
23324,23324005,10938,0
23324,23324005,10939,0
23324,23324005,10940,0
23324,23324005,10941,0
23324,23324005,10942,0
23324,23324005,10943,0
23324,23324005,10944,0
23324,23324005,10945,0
23324,23324005,10946,0
23324,23324005,10947,0
23324,23324005,10948,0
23324,23324005,10949,0
23324,23324005,10950,0
23324,23324005,10951,0
23324,23324005,10952,0
23324,23324005,10953,0
23324,23324005,10954,0
23324,23324005,10955,0
23324,23324005,10956,0
23324,23324005,10957,0
23324,23324005,10958,0
23324,23324005,10959,0
23324,23324005,10960,0
23324,23324005,10961,0
23324,23324005,10962,0
23324,23324005,10963,0
23324,23324005,10964,0
23324,23324005,10965,0
23324,23324005,10966,0
23324,23324005,10967,0
23324,23324005,10968,0
23324,23324005,10969,0
23324,23324005,10970,0
23324,23324005,10971,0
23324,23324005,10972,0
23324,23324005,10973,0
23324,23324005,10974,0
23324,23324005,10975,0
23324,23324005,10976,0
23324,23324005,10977,0
23324,23324005,10978,0
23324,23324005,10979,0
23324,23324005,10980,0
23324,23324005,10981,0
23324,23324005,10982,0
23324,23324005,10983,0
23324,23324005,10984,0
23324,23324005,10985,0
23324,23324005,10986,0
23324,23324005,10987,0
23324,23324005,10988,0
23324,23324005,10989,0
23324,23324005,10990,0
23324,23324005,10991,0
23324,23324005,10992,0
23324,23324005,10993,0
23324,23324005,10994,0
23324,23324005,10995,0
23324,23324005,10996,0
23324,23324005,10997,0
23324,23324005,10998,0
23324,23324005,10999,0
23324,23324005,11000,0
23324,23324005,11001,0
23324,23324005,11002,0
23324,23324005,11003,0
23324,23324005,11004,0
23324,23324005,11005,0
23324,23324005,11006,0
23324,23324005,11007,0
23324,23324005,11008,0
23324,23324005,11009,0
23324,23324005,11010,0
23324,23324005,11011,0
23324,23324005,11012,0
23324,23324005,11013,0
23324,23324005,11014,0
23324,23324005,11015,0
23324,23324005,11016,0
23324,23324005,11017,0
23324,23324005,11018,0
23324,23324005,11019,0
23324,23324005,11020,0
23324,23324005,11021,0
23324,23324005,11022,0
23324,23324005,11023,0
23324,23324005,11024,0
23324,23324005,11025,0
23324,23324005,11026,0
23324,23324005,11027,0
23324,23324005,11028,0
23324,23324005,11029,0
23324,23324005,11030,0
23324,23324005,11031,0
23324,23324005,11032,0
23324,23324005,11033,0
23324,23324005,11034,0
23324,23324005,11035,0
23324,23324005,11036,0
23324,23324005,11037,0
23324,23324005,11038,0
23324,23324005,11039,0
23324,23324005,11040,0
23324,23324005,11041,0
23324,23324005,11042,0
23324,23324005,11043,0
23324,23324005,11044,0
23324,23324005,11045,0
23324,23324005,16878,0
23324,23324005,16879,0
23324,23324005,16880,0
23324,23324005,16881,0
23324,23324005,16882,0
23324,23324005,16883,0
23324,23324005,16884,0
23324,23324005,16885,0
23324,23324005,16886,0
23324,23324005,16887,0
23324,23324005,16888,0
23324,23324005,16889,0
23324,23324005,16890,0
23324,23324005,16891,0
23324,23324005,16892,0
23324,23324005,16893,0
23324,23324005,16894,0
23324,23324005,16895,0
23324,23324005,16896,0
23324,23324005,16897,0
23324,23324005,16898,0
23324,23324005,16899,0
23324,23324005,16900,0
23324,23324005,16901,0
23324,23324005,16902,0
23324,23324005,16903,0
23324,23324005,16904,0
23324,23324005,16905,0
23324,23324005,16906,0
23324,23324005,16907,0
23324,23324005,16908,0
23324,23324005,16909,0
23324,23324005,16910,0
23324,23324005,16911,0
23324,23324005,16912,0
23324,23324005,16913,0
23324,23324005,16914,0
23324,23324005,16915,0
23324,23324005,16916,0
23324,23324005,16917,0
23324,23324005,16918,0
23324,23324005,16919,0
23324,23324005,16920,0
23324,23324005,16921,0
23324,23324005,16922,0
23324,23324005,16923,0
23324,23324005,16924,0
23324,23324005,16925,0
23324,23324005,16926,0
23324,23324005,16927,0
23324,23324005,16928,0
23324,23324005,16929,0
23324,23324005,16930,0
23324,23324005,16931,0
23324,23324005,16932,0
23324,23324005,16933,0
23324,23324005,16934,0
23324,23324005,16935,0
23324,23324005,16936,0
23324,23324005,16937,0
23324,23324005,16938,0
23324,23324005,16939,0
23324,23324005,16940,0
23324,23324005,16941,0
23324,23324005,16942,0
23324,23324005,16943,0
23324,23324005,16944,0
23324,23324005,16945,0
23324,23324005,16946,0
23324,23324005,16947,0
23324,23324005,16948,0
23324,23324005,16949,0
23324,23324005,16950,0
23324,23324005,16951,0
23324,23324005,16952,0
23324,23324005,16953,0
23324,23324005,16954,0
23324,23324005,16955,0
23324,23324005,16956,0
23324,23324005,16957,0
23324,23324005,16958,0
23324,23324005,16959,0
23324,23324005,16960,0
23324,23324005,16961,0
23324,23324005,16962,0
23324,23324005,16963,0
23324,23324005,16964,0
23324,23324005,16965,0
23324,23324005,16966,0
23324,23324005,16967,0
23324,23324005,16968,0
23324,23324005,16969,0
23324,23324005,16970,0
23324,23324005,16971,0
23324,23324005,16972,0
23324,23324005,16973,0
23324,23324005,16974,0
23324,23324005,16975,0
23324,23324005,16976,0
23324,23324005,16977,0
23324,23324005,16978,0
23324,23324005,16979,0
23324,23324005,16980,0
23324,23324005,16981,0
23324,23324005,16982,0
23324,23324005,16983,0
23324,23324005,16984,0
23324,23324005,16985,0
23324,23324005,16986,0
23324,23324005,16987,0
23324,23324005,16988,0
23324,23324005,16989,0
23324,23324005,16990,0
23324,23324005,16991,0
23324,23324005,16992,0
23324,23324005,16993,0
23324,23324005,16994,0
23324,23324005,16995,0
23324,23324005,16996,0
23324,23324005,16997,0
23324,23324005,16998,0
23324,23324005,16999,0
23324,23324005,17000,0
23324,23324005,17001,0
23324,23324005,17002,0
23324,23324005,17003,0
23324,23324005,17004,0
23324,23324005,17005,0
23324,23324005,17006,0
23324,23324005,17007,0
23324,23324005,17008,0
23324,23324005,17009,0
23324,23324005,17010,0
23324,23324005,17011,0
23324,23324005,17012,0
23324,23324005,17013,0
23324,23324005,17014,0
23324,23324005,17015,0
23324,23324005,17016,0
23324,23324005,17017,0
23324,23324005,17018,0
23324,23324005,17019,0
23324,23324005,17020,0
23324,23324005,17021,0
23324,23324005,17022,0
23324,23324005,17023,0
23324,23324005,17024,0
23324,23324005,17025,0
23324,23324005,17026,0
23324,23324005,17027,0
23324,23324005,17028,0
23324,23324005,17029,0
23324,23324005,17030,0
23324,23324005,17031,0
23324,23324005,17032,0
23324,23324005,17033,0
23324,23324005,17034,0
23324,23324005,17035,0
23324,23324005,17036,0
23324,23324005,17037,0
23324,23324005,17038,0
23324,23324005,17039,0
23324,23324005,17040,0
23324,23324005,17041,0
23324,23324005,17042,0
23324,23324005,17043,0
23324,23324005,17044,0
23324,23324005,17045,0
23324,23324005,17046,0
23324,23324005,17047,0
23324,23324005,17048,0
23324,23324005,17049,0
23324,23324005,17050,0
23324,23324005,17051,0
23324,23324005,17052,0
23324,23324005,17053,0
23324,23324005,17054,0
23324,23324005,17055,0
23324,23324005,17056,0
23324,23324005,17057,0
23324,23324005,17058,0
23324,23324005,17059,0
23324,23324005,17060,0
23324,23324005,17061,0
23324,23324005,17062,0
23324,23324005,17063,0
23324,23324005,17064,0
23324,23324005,17065,0
23324,23324005,17066,0
23324,23324005,17067,0
23324,23324005,17068,0
23324,23324005,17069,0
23324,23324005,17070,0
23324,23324005,17071,0
23324,23324005,17072,0
23324,23324005,17073,0
23324,23324005,17074,0
23324,23324005,17075,0
23324,23324005,17076,0
23324,23324005,17077,0
23324,23324005,17078,0
23324,23324005,17079,0
23324,23324005,17080,0
23324,23324005,17081,0
23324,23324005,17082,0
23324,23324005,17083,0
23324,23324005,17084,0
23324,23324005,17085,0
23324,23324005,17086,0
23324,23324005,17087,0
23324,23324005,17088,0
23324,23324005,17089,0
23324,23324005,17090,0
23324,23324005,17091,0
23324,23324005,17092,0
23324,23324005,17093,0
23324,23324005,17094,0
23324,23324005,17095,0
23324,23324005,17096,0
23324,23324005,17097,0
23324,23324005,17098,0
23324,23324005,17099,0
23324,23324005,17100,0
23324,23324005,17101,0
23324,23324005,17102,0
23324,23324005,17103,0
23324,23324005,17104,0
23324,23324005,17105,0
23324,23324005,17106,0
23324,23324005,17107,0
23324,23324005,17108,0
23324,23324005,17109,0
23324,23324005,17110,0
23324,23324005,17111,0
23324,23324005,17112,0
23324,23324005,17113,0
23324,23324005,17114,0
23324,23324005,17115,0
23324,23324005,17116,0
23324,23324005,17117,0
23324,23324005,17118,0
23324,23324005,17119,0
23324,23324005,17120,0
23324,23324005,17121,0
23324,23324005,17122,0
23324,23324005,17123,0
23324,23324005,17124,0
23324,23324005,17125,0
23324,23324005,17126,0
23324,23324005,17127,0
23324,23324005,17128,0
23324,23324005,17129,0
23324,23324005,17130,0
23324,23324005,17131,0
23324,23324005,17132,0
23324,23324005,17133,0
23324,23324005,17134,0
23324,23324005,17135,0
23324,23324005,17136,0
23324,23324005,17137,0
23324,23324005,17138,0
23324,23324005,17139,0
23324,23324005,17140,0
23324,23324005,17141,0
23324,23324005,17142,0
23324,23324005,17143,0
23324,23324005,17144,0
23324,23324005,17145,0
23324,23324005,17146,0
23324,23324005,17147,0
23324,23324005,17148,0
23324,23324005,17149,0
23324,23324005,17150,0
23324,23324005,17151,0
23324,23324005,17152,0
23324,23324005,17153,0
23324,23324005,17154,0
23324,23324005,17155,0
23324,23324005,17156,0
23324,23324005,17157,0
23324,23324005,17158,0
23324,23324005,17159,0
23324,23324005,17160,0
23324,23324005,17161,0
23324,23324005,17162,0
23324,23324005,17163,0
23324,23324005,17164,0
23324,23324005,17165,0
23324,23324005,17166,0
23324,23324005,17167,0
23324,23324005,17168,0
23324,23324005,17169,0
23324,23324005,17170,0
23324,23324005,17171,0
23324,23324005,17172,0
23324,23324005,17173,0
23324,23324005,17174,0
23324,23324005,17175,0
23324,23324005,17176,0
23324,23324005,17177,0
23324,23324005,17178,0
23324,23324005,17179,0
23324,23324005,17180,0
23324,23324005,17181,0
23324,23324005,17182,0
23324,23324005,17183,0
23324,23324005,17184,0
23324,23324005,17185,0
23324,23324005,17186,0
23324,23324005,17187,0
23324,23324005,17188,0
23324,23324005,17189,0
23324,23324005,17190,0
23324,23324005,17191,0
23324,23324005,17192,0
23324,23324005,17193,0
23324,23324005,17194,0
23324,23324005,17195,0
23324,23324005,17196,0
23324,23324005,17197,0
23324,23324005,17198,0
23324,23324005,17199,0
23324,23324005,17200,0
23324,23324005,17201,0
23324,23324005,17202,0
23324,23324005,17203,0
23324,23324005,17204,0
23324,23324005,17205,0
23324,23324005,17206,0
23324,23324005,17207,0
23324,23324005,17208,0
23324,23324005,17209,0
23324,23324005,17210,0
23324,23324005,17211,0
23324,23324005,17212,0
23324,23324005,17213,0
23324,23324005,17214,0
23324,23324005,17215,0
23324,23324005,17216,0
23324,23324005,17217,0
23324,23324005,17218,0
23324,23324005,17219,0
23324,23324005,17220,0
23324,23324005,17221,0
23324,23324005,17222,0
23324,23324005,17223,0
23324,23324005,17224,0
23324,23324005,17225,0
23324,23324005,17226,0
23324,23324005,17227,0
23324,23324005,17228,0
23324,23324005,17229,0
23324,23324005,17230,0
23324,23324005,17231,0
23324,23324005,17232,0
23324,23324005,17233,0
23324,23324005,17234,0
23324,23324005,17235,0
23324,23324005,17236,0
23324,23324005,17237,0
23324,23324005,17238,0
23324,23324005,17239,0
23324,23324005,17240,0
23324,23324005,17241,0
23324,23324005,17242,0
23324,23324005,17243,0
23324,23324005,17244,0
23324,23324005,17245,0
23324,23324005,17246,0
23324,23324005,17247,0
23324,23324005,17248,0
23324,23324005,17249,0
23324,23324005,17250,0
23324,23324005,17251,0
23324,23324005,17252,0
23324,23324005,17253,0
23324,23324005,17254,0
23324,23324005,17255,0
23324,23324005,17256,0
23324,23324005,17257,0
23324,23324005,17258,0
23324,23324005,17259,0
23324,23324005,17260,0
23324,23324005,17261,0
23324,23324005,17262,0
23324,23324005,17263,0
23324,23324005,17264,0
23324,23324005,17265,0
23324,23324005,17266,0
23324,23324005,17267,0
23324,23324005,17268,0
23324,23324005,17269,0
23324,23324005,17270,0
23324,23324005,17271,0
23324,23324005,17272,0
23324,23324005,17273,0
23324,23324005,17274,0
23324,23324005,17275,0
23324,23324005,17276,0
23324,23324005,17277,0
23324,23324005,17278,0
23324,23324005,17279,0
23324,23324005,17280,0
23324,23324005,17281,0
23324,23324005,17282,0
23324,23324005,17283,0
23324,23324005,17284,0
23324,23324005,17285,0
23324,23324005,17286,0
23324,23324005,17287,0
23324,23324005,17288,0
23324,23324005,17289,0
23324,23324005,17290,0
23324,23324005,17291,0
23324,23324005,17292,0
23324,23324005,17293,0
23324,23324005,17294,0
23324,23324005,17295,0
23324,23324005,17296,0
23324,23324005,17297,0
23324,23324005,17298,0
23324,23324005,17299,0
23324,23324005,17300,0
23324,23324005,17301,0
23324,23324005,17302,0
23324,23324005,17303,0
23324,23324005,17304,0
23324,23324005,17305,0
23324,23324005,17306,0
23324,23324005,17307,0
23324,23324005,17308,0
23324,23324005,17309,0
23324,23324005,17310,0
23324,23324005,17311,0
23324,23324005,17312,0
23324,23324005,17313,0
23324,23324005,17314,0
23324,23324005,17315,0
23324,23324005,17316,0
23324,23324005,17317,0
23324,23324005,17318,0
23324,23324005,17319,0
23324,23324005,17320,0
23324,23324005,17321,0
23324,23324005,17322,0
23324,23324005,17323,0
23324,23324005,17324,0
23324,23324005,17325,0
23324,23324005,17326,0
23324,23324005,17327,0
23324,23324005,17328,0
23324,23324005,17329,0
23324,23324005,17330,0
23324,23324005,17331,0
23324,23324005,17332,0
23324,23324005,17333,0
23324,23324005,17334,0
23324,23324005,17335,0
23324,23324005,17336,0
23324,23324005,17337,0
23324,23324005,17338,0
23324,23324005,17339,0
23324,23324005,17340,0
23324,23324005,17341,0
23324,23324005,17342,0
23324,23324005,17343,0
23324,23324005,17344,0
23324,23324005,17345,0
23324,23324005,17346,0
23324,23324005,17347,0
23324,23324005,17348,0
23324,23324005,17349,0
23324,23324005,17350,0
23324,23324005,17351,0
23324,23324005,17352,0
23324,23324005,17353,0
23324,23324005,17354,0
23324,23324005,17355,0
23324,23324005,17356,0
23324,23324005,17357,0
23324,23324005,17358,0
23324,23324005,17359,0
23324,23324005,17360,0
23324,23324005,17361,0
23324,23324005,17362,0
23324,23324005,17363,0
23324,23324005,17364,0
23324,23324005,17365,0
23324,23324005,17366,0
23324,23324005,17367,0
23324,23324005,17368,0
23324,23324005,17369,0
23324,23324005,17370,0
23324,23324005,17371,0
23324,23324005,17372,0
23324,23324005,17373,0
23324,23324005,17374,0
23324,23324005,17375,0
23324,23324005,17376,0
23324,23324005,17377,0
23324,23324005,17378,0
23324,23324005,17379,0
23324,23324005,17380,0
23324,23324005,17381,0
23324,23324005,17382,0
23324,23324005,17383,0
23324,23324005,17384,0
23324,23324005,17385,0
23324,23324005,17386,0
23324,23324005,17387,0
23324,23324005,17388,0
23324,23324005,17389,0
23324,23324005,17390,0
23324,23324005,17391,0
23324,23324005,17392,0
23324,23324005,17393,0
23324,23324005,17394,0
23324,23324005,17395,0
23324,23324005,17396,0
23324,23324005,17397,0
23324,23324005,17398,0
23324,23324005,17399,0
23324,23324005,17400,0
23324,23324005,17401,0
23324,23324005,17402,0
23324,23324005,17403,0
23324,23324005,17404,0
23324,23324005,17405,0
23324,23324005,17406,0
23324,23324005,17407,0
23324,23324005,17408,0
23324,23324005,17409,0
23324,23324005,17410,0
23324,23324005,17411,0
23324,23324005,17412,0
23324,23324005,17413,0
23324,23324005,17414,0
23324,23324005,17415,0
23324,23324005,17416,0
23324,23324005,17417,0
23324,23324005,17418,0
23324,23324005,17419,0
23324,23324005,17420,0
23324,23324005,17421,0
23324,23324005,17422,0
23324,23324005,17423,0
23324,23324005,17424,0
23324,23324005,17425,0
23324,23324005,17426,0
23324,23324005,17427,0
23324,23324005,17428,0
23324,23324005,17429,0
23324,23324005,23029,0
23324,23324005,23030,0
23324,23324005,23031,0
23324,23324005,23032,0
23324,23324005,23033,0
23324,23324005,23034,0
23324,23324005,23035,0
23324,23324005,23036,0
23324,23324005,23037,0
23324,23324005,23038,0
23324,23324005,23039,0
23324,23324005,23040,0
23324,23324005,23041,0
23324,23324005,23042,0
23324,23324005,23043,0
23324,23324005,23044,0
23324,23324005,23045,0
23324,23324005,23046,0
23324,23324005,23047,0
23324,23324005,23048,0
23324,23324005,23049,0
23324,23324005,23050,0
23324,23324005,23051,0
23324,23324005,23052,0
23324,23324005,23053,0
23324,23324005,23054,0
23324,23324005,23055,0
23324,23324005,23056,0
23324,23324005,23057,0
23324,23324005,23058,0
23324,23324005,23059,0
23324,23324005,23060,0
23324,23324005,23061,0
23324,23324005,23062,0
23324,23324005,23063,0
23324,23324005,23064,0
23324,23324005,23065,0
23324,23324005,23066,0
23324,23324005,23067,0
23324,23324005,23068,0
23324,23324005,23069,0
23324,23324005,23070,0
23324,23324005,23071,0
23324,23324005,23072,0
23324,23324005,23073,0
23324,23324005,23074,0
23324,23324005,23075,0
23324,23324005,23076,0
23324,23324005,23077,0
23324,23324005,23078,0
23324,23324005,23079,0
23324,23324005,23080,0
23324,23324005,23081,0
23324,23324005,23082,0
23324,23324005,23083,0
23324,23324005,23084,0
23324,23324005,23085,0
23324,23324005,23086,0
23324,23324005,23087,0
23324,23324005,23088,0
23324,23324005,23089,0
23324,23324005,27412,0
23324,23324005,27413,0
23324,23324005,27414,0
23324,23324005,27415,0
23324,23324005,27416,0
23324,23324005,27417,0
23324,23324005,27418,0
23324,23324005,27419,0
23324,23324005,27420,0
23324,23324005,27421,0
23324,23324005,27422,0
23324,23324005,27423,0
23324,23324005,27424,0
23324,23324005,27425,0
23324,23324005,27426,0
23324,23324005,27427,0
23324,23324005,27428,0
23324,23324005,27429,0
23324,23324005,27430,0
23324,23324005,27431,0
23324,23324005,27432,0
23324,23324005,27433,0
23324,23324005,27434,0
23324,23324005,27435,0
23324,23324005,27436,0
23324,23324005,27437,0
23324,23324005,27438,0
23324,23324005,27439,0
23324,23324005,27440,0
23324,23324005,27441,0
23324,23324005,27442,0
23324,23324005,27443,0
23324,23324005,27444,0
23324,23324005,27445,0
23324,23324005,27446,0
23324,23324005,27447,0
23324,23324005,27448,0
23324,23324005,27449,0
23324,23324005,27450,0
23324,23324005,27451,0
23324,23324005,27452,0
23324,23324005,27453,0
23324,23324005,27454,0
23324,23324005,27455,0
23324,23324005,27456,0
23324,23324005,27457,0
23324,23324005,27458,0
23324,23324005,27459,0
23324,23324005,27460,0
23324,23324005,27461,0
23324,23324005,27462,0
23324,23324005,27463,0
23324,23324005,27464,0
23324,23324005,27465,0
23324,23324005,27466,0
23324,23324005,27467,0
23324,23324005,27468,0
23324,23324005,27469,0
23324,23324005,27470,0
23324,23324005,27471,0
23324,23324005,27472,0
23324,23324005,27473,0
23324,23324005,27474,0
23324,23324005,27475,0
23324,23324005,27476,0
23324,23324005,27477,0
23324,23324005,27478,0
23324,23324005,27479,0
23324,23324005,27480,0
23324,23324005,27481,0
23324,23324005,27482,0
23324,23324005,27483,0
23324,23324005,27484,0
23324,23324005,27485,0
23324,23324005,27486,0
23324,23324005,27487,0
23324,23324005,27488,0
23324,23324005,27489,0
23324,23324005,27490,0
23324,23324005,27491,0
23324,23324005,27492,0
23324,23324005,27493,0
23324,23324005,27494,0
23324,23324005,27495,0
23324,23324005,27496,0
23324,23324005,27497,0
23324,23324005,27498,0
23324,23324005,27499,0
23324,23324005,27500,0
23324,23324005,27501,0
23324,23324005,27502,0
23324,23324005,27503,0
23324,23324005,27504,0
23324,23324005,27505,0
23324,23324005,27506,0
23324,23324005,27507,0
23324,23324005,27508,0
23324,23324005,27509,0
23324,23324005,27510,0
23324,23324005,27511,0
23324,23324005,27512,0
23324,23324005,27513,0
23324,23324005,27514,0
23324,23324005,27515,0
23324,23324005,27516,0
23324,23324005,27517,0
23324,23324005,27518,0
23324,23324005,27519,0
23324,23324005,27520,0
23324,23324005,27521,0
23324,23324005,27522,0
23324,23324005,27523,0
23324,23324005,27524,0
23324,23324005,27525,0
23324,23324005,27526,0
23324,23324005,27527,0
23324,23324005,27528,0
23324,23324005,27529,0
23324,23324005,27530,0
23324,23324005,27531,0
23324,23324005,27532,0
23324,23324005,27533,0
23324,23324005,27534,0
23324,23324005,27535,0
23324,23324005,27536,0
23324,23324005,27537,0
23324,23324005,27538,0
23324,23324005,27539,0
23324,23324005,27540,0
23324,23324005,27541,0
23324,23324005,27542,0
23324,23324005,27543,0
23324,23324005,27544,0
23324,23324005,27545,0
23324,23324005,27546,0
23324,23324005,27547,0
23324,23324005,27548,0
23324,23324005,27549,0
23324,23324005,27550,0
23324,23324005,27551,0
23324,23324005,27552,0
23324,23324005,27553,0
23324,23324005,27554,0
23324,23324005,27555,0
23324,23324005,27556,0
23324,23324005,27557,0
23324,23324005,27558,0
23324,23324005,27559,0
23324,23324005,27560,0
23324,23324005,27561,0
23324,23324005,27562,0
23324,23324005,27563,0
23324,23324005,27564,0
23324,23324005,27565,0
23324,23324005,27566,0
23324,23324005,27567,0
23324,23324005,27568,0
23324,23324005,27569,0
23324,23324005,27570,0
23324,23324005,27571,0
23324,23324005,27572,0
23324,23324005,27573,0
23324,23324005,27574,0
23324,23324005,27575,0
23324,23324005,27576,0
23324,23324005,27577,0
23324,23324005,27578,0
23324,23324005,27579,0
23324,23324005,27580,0
23324,23324005,27581,0
23324,23324005,27582,0
23324,23324005,27583,0
23324,23324005,27584,0
23324,23324005,27585,0
23324,23324005,27586,0
23324,23324005,27587,0
23324,23324005,27588,0
23324,23324005,27589,0
23324,23324005,27590,0
23324,23324005,27591,0
23324,23324005,27592,0
23324,23324005,27593,0
23324,23324005,27594,0
23324,23324005,27595,0
23324,23324005,27596,0
23324,23324005,27597,0
23324,23324005,27598,0
23324,23324005,27599,0
23324,23324005,27600,0
23324,23324005,27601,0
23324,23324005,27602,0
23324,23324005,27603,0
23324,23324005,27604,0
23324,23324005,27605,0
23324,23324005,27606,0
23324,23324005,27607,0
23324,23324005,27608,0
23324,23324005,27609,0
23324,23324005,27610,0
23324,23324005,27611,0
23324,23324005,27612,0
23324,23324005,27613,0
23324,23324005,27614,0
23324,23324005,27615,0
23324,23324005,27616,0
23324,23324005,27617,0
23324,23324005,27618,0
23324,23324005,27619,0
23324,23324005,27620,0
23324,23324005,27621,0
23324,23324005,27622,0
23324,23324005,27623,0
23324,23324005,27624,0
23324,23324005,27625,0
23324,23324005,27626,0
23324,23324005,27627,0
23324,23324005,27628,0
23324,23324005,27629,0
23324,23324005,27630,0
23324,23324005,27631,0
23324,23324005,27632,0
23324,23324005,27633,0
23324,23324005,27634,0
23324,23324005,27635,0
23324,23324005,27636,0
23324,23324005,27637,0
23324,23324005,27638,0
23324,23324005,27639,0
23324,23324005,27640,0
23324,23324005,27641,0
23324,23324005,27642,0
23324,23324005,27643,0
23324,23324005,27644,0
23324,23324005,27645,0
23324,23324005,27646,0
23324,23324005,27647,0
23324,23324005,27648,0
23324,23324005,27649,0
23324,23324005,27650,0
23324,23324005,27651,0
23324,23324005,27652,0
23324,23324005,27653,0
23324,23324005,27654,0
23324,23324005,27655,0
23324,23324005,27656,0
23324,23324005,27657,0
23324,23324005,27658,0
23324,23324005,27659,0
23324,23324005,27660,0
23324,23324005,27661,0
23324,23324005,27662,0
23324,23324005,27663,0
23324,23324005,27664,0
23324,23324005,27665,0
23324,23324005,27666,0
23324,23324005,27667,0
23324,23324005,27668,0
23324,23324005,27669,0
23324,23324005,27670,0
23324,23324005,27671,0
23324,23324005,27672,0
23324,23324005,27673,0
23324,23324005,27674,0
23324,23324005,27675,0
23324,23324005,27676,0
23324,23324005,27677,0
23324,23324005,27678,0
23324,23324005,27679,0
23324,23324005,27680,0
23324,23324005,27681,0
23324,23324005,27682,0
23324,23324005,27683,0
23324,23324005,27684,0
23324,23324005,27685,0
23324,23324005,27686,0
23324,23324005,27687,0
23324,23324005,27688,0
23324,23324005,27689,0
23324,23324005,27690,0
23324,23324005,27691,0
23324,23324005,27692,0
23324,23324005,27693,0
23324,23324005,27694,0
23324,23324005,27695,0
23324,23324005,27696,0
23324,23324005,27697,0
23324,23324005,27698,0
23324,23324005,27699,0
23324,23324005,27700,0
23324,23324005,27701,0
23324,23324005,27702,0
23324,23324005,27703,0
23324,23324005,27704,0
23324,23324005,27705,0
23324,23324005,27706,0
23324,23324005,27707,0
23324,23324005,27708,0
23324,23324005,27709,0
23324,23324005,27710,0
23324,23324005,27711,0
23324,23324005,27712,0
23324,23324005,27713,0
23324,23324005,27714,0
23324,23324005,27715,0
23324,23324005,27716,0
23324,23324005,27717,0
23324,23324005,27718,0
23324,23324005,27719,0
23324,23324005,27720,0
23324,23324005,27721,0
23324,23324005,27722,0
23324,23324005,27723,0
23324,23324005,27724,0
23324,23324005,27725,0
23324,23324005,27726,0
23324,23324005,27727,0
23324,23324005,27728,0
23324,23324005,27729,0
23324,23324005,27730,0
23324,23324005,27731,0
23324,23324005,27732,0
23324,23324005,27733,0
23324,23324005,27734,0
23324,23324005,27735,0
23324,23324005,27736,0
23324,23324005,27737,0
23324,23324005,27738,0
23324,23324005,27739,0
23324,23324005,27740,0
23324,23324005,27741,0
23324,23324005,27742,0
23324,23324005,27743,0
23324,23324005,27744,0
23324,23324005,27745,0
23324,23324005,27746,0
23324,23324005,27747,0
23324,23324005,27748,0
23324,23324005,27749,0
23324,23324005,27750,0
23324,23324005,27751,0
23324,23324005,27752,0
23324,23324005,27753,0
23324,23324005,27754,0
23324,23324005,27755,0
23324,23324005,27756,0
23324,23324005,27757,0
23324,23324005,27758,0
23324,23324005,27759,0
23324,23324005,27760,0
23324,23324005,27761,0
23324,23324005,27762,0
23324,23324005,27763,0
23324,23324005,27764,0
23324,23324005,27765,0
23324,23324005,27766,0
23324,23324005,27767,0
23324,23324005,27768,0
23324,23324005,27769,0
23324,23324005,27770,0
23324,23324005,27771,0
23324,23324005,27772,0
23324,23324005,27773,0
23324,23324005,27774,0
23324,23324005,27775,0
23324,23324005,27776,0
23324,23324005,27777,0
23324,23324005,27778,0
23324,23324005,27779,0
23324,23324005,27780,0
23324,23324005,27781,0
23324,23324005,27782,0
23324,23324005,27783,0
23324,23324005,27784,0
23324,23324005,27785,0
23324,23324005,27786,0
23324,23324005,27787,0
23324,23324005,27788,0
23324,23324005,27789,0
23324,23324005,27790,0
23324,23324005,27791,0
23324,23324005,27792,0
23324,23324005,27793,0
23324,23324005,27794,0
23324,23324005,27795,0
23324,23324005,27796,0
23324,23324005,27797,0
23324,23324005,27798,0
23324,23324005,27799,0
23324,23324005,27800,0
23324,23324005,27801,0
23324,23324005,27802,0
23324,23324005,27803,0
23324,23324005,27804,0
23324,23324005,27805,0
23324,23324005,27806,0
23324,23324005,27807,0
23324,23324005,27808,0
23324,23324005,27809,0
23324,23324005,27810,0
23324,23324005,27811,0
23324,23324005,27812,0
23324,23324005,27813,0
23324,23324005,27814,0
23324,23324005,27815,0
23324,23324005,27816,0
23324,23324005,27817,0
23324,23324005,27818,0
23324,23324005,27819,0
23324,23324005,27820,0
23324,23324005,27821,0
23324,23324005,27822,0
23324,23324005,27823,0
23324,23324005,27824,0
23324,23324005,27825,0
23324,23324005,27826,0
23324,23324005,27827,0
23324,23324005,27828,0
23324,23324005,27829,0
23324,23324005,27830,0
23324,23324005,27831,0
23324,23324005,27832,0
23324,23324005,27833,0
23324,23324005,27834,0
23324,23324005,27835,0
23324,23324005,27836,0
23324,23324005,27837,0
23324,23324005,27838,0
23324,23324005,27839,0
23324,23324005,27840,0
23324,23324005,27841,0
23324,23324005,27842,0
23324,23324005,27843,0
23324,23324005,27844,0
23324,23324005,27845,0
23324,23324005,27846,0
23324,23324005,27847,0
23324,23324005,27848,0
23324,23324005,27849,0
23324,23324005,27850,0
23324,23324005,27851,0
23324,23324005,27852,0
23324,23324005,27853,0
23324,23324005,27854,0
23324,23324005,27855,0
23324,23324005,27856,0
23324,23324005,27857,0
23324,23324005,27858,0
23324,23324005,27859,0
23324,23324005,27860,0
23324,23324005,27861,0
23324,23324005,27862,0
23324,23324005,27863,0
23324,23324005,27864,0
23324,23324005,27865,0
23324,23324005,27866,0
23324,23324005,27867,0
23324,23324005,27868,0
23324,23324005,27869,0
23324,23324005,27870,0
23324,23324005,27871,0
23324,23324005,27872,0
23324,23324005,27873,0
23324,23324005,27874,0
23324,23324005,27875,0
23324,23324005,27876,0
23324,23324005,27877,0
23324,23324005,27878,0
23324,23324005,27879,0
23324,23324005,27880,0
23324,23324005,27881,0
23324,23324005,27882,0
23324,23324005,27883,0
23324,23324005,27884,0
23324,23324005,27885,0
23324,23324005,27886,0
23324,23324005,27887,0
23324,23324005,27888,0
23324,23324005,27889,0
23324,23324005,27890,0
23324,23324005,27891,0
23324,23324005,27892,0
23324,23324005,27893,0
23324,23324005,27894,0
23324,23324005,27895,0
23324,23324005,27896,0
23324,23324005,27897,0
23324,23324005,27898,0
23324,23324005,27899,0
23324,23324005,27900,0
23324,23324005,27901,0
23324,23324005,27902,0
23324,23324005,27903,0
23324,23324005,27904,0
23324,23324005,27905,0
23324,23324005,27906,0
23324,23324005,27907,0
23324,23324005,27908,0
23324,23324005,27909,0
23324,23324005,27910,0
23324,23324005,27911,0
23324,23324005,27912,0
23324,23324005,27913,0
23324,23324005,27914,0
23324,23324005,27915,0
23324,23324005,27916,0
23324,23324005,27917,0
23324,23324005,27918,0
23324,23324005,27919,0
23324,23324005,27920,0
23324,23324005,27921,0
23324,23324005,27922,0
23324,23324005,27923,0
23324,23324005,27924,0
23324,23324005,27925,0
23324,23324005,27926,0
23324,23324005,27927,0
23324,23324005,27928,0
23324,23324005,27929,0
23324,23324005,27930,0
23324,23324005,27931,0
23324,23324005,27932,0
23324,23324005,27933,0
23324,23324005,27934,0
23324,23324005,27935,0
23324,23324005,27936,0
23324,23324005,27937,0
23324,23324005,27938,0
23324,23324005,27939,0
23324,23324005,27940,0
23324,23324005,27941,0
23324,23324005,27942,0
23324,23324005,27943,0
23324,23324005,27944,0
23324,23324005,27945,0
23324,23324005,27946,0
23324,23324005,27947,0
23324,23324005,27948,0
23324,23324005,27949,0
23324,23324005,27950,0
23324,23324005,27951,0
23324,23324005,27952,0
23324,23324005,27953,0
23324,23324005,27954,0
23324,23324005,27955,0
23324,23324005,27956,0
23324,23324005,27957,0
23324,23324005,27958,0
23324,23324005,29390,0
23324,23324005,29391,0
23324,23324005,29392,0
23324,23324005,29393,0
23324,23324005,29394,0
23324,23324005,29395,0
23324,23324005,29396,0
23324,23324005,29397,0
23324,23324005,29398,0
23324,23324005,29399,0
23324,23324005,29400,0
23324,23324005,29401,0
23324,23324005,29402,0
23324,23324005,29403,0
23324,23324005,29404,0
23324,23324005,29405,0
23324,23324005,29406,0
23324,23324005,29407,0
23324,23324005,29408,0
23324,23324005,29409,0
23324,23324005,29410,0
23324,23324005,29411,0
23324,23324005,29412,0
23324,23324005,29413,0
23324,23324005,29414,0
23324,23324005,29415,0
23324,23324005,29416,0
23324,23324005,29417,0
23324,23324005,29418,0
23324,23324005,29419,0
23324,23324005,29420,0
23324,23324005,29421,0
23324,23324005,29422,0
23324,23324005,29423,0
23324,23324005,29424,0
23324,23324005,29425,0
23324,23324005,29426,0
23324,23324005,29427,0
23324,23324005,29428,0
23324,23324005,29429,0
23324,23324005,29430,0
23324,23324005,29431,0
23324,23324005,29432,0
23324,23324005,29433,0
23324,23324005,29434,0
23324,23324005,29435,0
23324,23324005,29436,0
23324,23324005,29437,0
23324,23324005,29438,0
23324,23324005,29439,0
23324,23324005,29440,0
23324,23324005,29441,0
23324,23324005,29442,0
23324,23324005,29443,0
23324,23324005,29444,0
23324,23324005,29445,0
23324,23324005,29446,0
23324,23324005,29447,0
23324,23324005,29448,0
23324,23324005,29449,0
23324,23324005,29450,0
23324,23324005,29451,0
23324,23324005,29452,0
23324,23324005,29453,0
23324,23324005,29454,0
23324,23324005,29455,0
23324,23324005,29456,0
23324,23324005,29457,0
23324,23324005,29458,0
23324,23324005,29459,0
23324,23324005,29460,0
23324,23324005,29461,0
23324,23324005,29462,0
23324,23324005,29463,0
23324,23324005,29464,0
23324,23324005,29465,0
23324,23324005,29466,0
23324,23324005,29467,0
23324,23324005,29468,0
23324,23324005,29469,0
23324,23324005,29470,0
23324,23324005,29471,0
23324,23324005,29472,0
23324,23324005,29473,0
23324,23324005,29474,0
23324,23324005,29475,0
23324,23324005,29476,0
23324,23324005,29477,0
23324,23324005,29478,0
23324,23324005,29479,0
23324,23324005,29480,0
23324,23324005,29481,0
23324,23324005,29482,0
23324,23324005,29483,0
23324,23324005,29484,0
23324,23324005,29485,0
23324,23324005,29486,0
23324,23324005,29487,0
23324,23324005,29488,0
23324,23324005,29489,0
23324,23324005,29490,0
23324,23324005,29491,0
23324,23324005,29492,0
23324,23324005,29493,0
23324,23324005,29494,0
23324,23324005,29495,0
23324,23324005,29496,0
23324,23324005,29497,0
23324,23324005,33398,0
23324,23324005,33399,0
23324,23324005,33400,0
23324,23324005,33401,0
23324,23324005,33402,0
23324,23324005,33403,0
23324,23324005,33404,0
23324,23324005,33405,0
23324,23324005,33406,0
23324,23324005,33407,0
23324,23324005,33408,0
23324,23324005,33409,0
23324,23324005,33410,0
23324,23324005,33411,0
23324,23324005,33412,0
23324,23324005,33413,0
23324,23324005,33414,0
23324,23324005,33415,0
23324,23324005,33416,0
23324,23324005,33417,0
23324,23324005,33418,0
23324,23324005,33419,0
23324,23324005,33420,0
23324,23324005,33421,0
23324,23324005,33422,0
23324,23324005,33423,0
23324,23324005,33424,0
23324,23324005,33425,0
23324,23324005,33426,0
23324,23324005,33427,0
23324,23324005,33428,0
23324,23324005,33429,0
23324,23324005,33430,0
23324,23324005,33431,0
23324,23324005,33432,0
23324,23324005,33433,0
23324,23324005,33434,0
23324,23324005,33435,0
23324,23324005,33436,0
23324,23324005,33437,0
23324,23324005,33438,0
23324,23324005,33439,0
23324,23324005,33440,0
23324,23324005,33441,0
23324,23324005,33442,0
23324,23324005,33443,0
23324,23324005,33444,0
23324,23324005,33445,0
23324,23324005,33446,0
23324,23324005,33447,0
23324,23324005,33448,0
23324,23324005,33449,0
23324,23324005,33450,0
23324,23324005,33451,0
23324,23324005,33452,0
23324,23324005,33453,0
23324,23324005,33454,0
23324,23324005,33455,0
23324,23324005,33456,0
23324,23324005,33457,0
23324,23324005,33458,0
23324,23324005,33459,0
23324,23324005,33460,0
23324,23324005,33461,0
23324,23324005,33462,0
23325,23325003,8384,0
23325,23325003,8385,0
23325,23325003,8386,0
23325,23325003,8387,0
23325,23325003,8388,0
23325,23325003,8389,0
23325,23325003,8390,0
23325,23325003,8391,0
23325,23325003,8392,0
23325,23325003,8393,0
23325,23325003,8394,0
23325,23325003,8395,0
23325,23325003,8396,0
23325,23325003,8397,0
23325,23325003,8398,0
23325,23325003,8399,0
23325,23325003,8400,0
23325,23325003,8401,0
23325,23325003,8402,0
23325,23325003,8403,0
23325,23325003,8404,0
23325,23325003,8405,0
23325,23325003,8406,0
23325,23325003,8407,0
23325,23325003,8408,0
23325,23325003,8409,0
23325,23325003,8410,0
23325,23325003,8411,0
23325,23325003,8412,0
23325,23325003,8413,0
23325,23325003,8414,0
23325,23325003,8415,0
23325,23325003,8416,0
23325,23325003,8417,0
23325,23325003,8418,0
23325,23325003,8419,0
23325,23325003,8420,0
23325,23325003,8421,0
23325,23325003,8422,0
23325,23325003,8423,0
23325,23325003,8424,0
23325,23325003,8425,0
23325,23325003,8426,0
23325,23325003,8427,0
23325,23325003,8428,0
23325,23325003,8429,0
23325,23325003,8430,0
23325,23325003,8431,0
23325,23325003,8432,0
23325,23325003,8433,0
23325,23325003,8434,0
23325,23325003,8435,0
23325,23325003,8436,0
23325,23325003,8437,0
23325,23325003,8438,0
23325,23325003,8439,0
23325,23325003,8440,0
23325,23325003,8441,0
23325,23325003,8442,0
23325,23325003,8443,0
23325,23325003,8444,0
23325,23325003,8445,0
23325,23325003,8446,0
23325,23325003,8447,0
23325,23325003,8448,0
23325,23325003,8449,0
23325,23325003,8450,0
23325,23325003,8451,0
23325,23325003,8452,0
23325,23325003,8453,0
23325,23325003,8454,0
23325,23325003,8455,0
23325,23325003,8456,0
23325,23325003,8457,0
23325,23325003,8458,0
23325,23325003,8459,0
23325,23325003,8460,0
23325,23325003,8461,0
23325,23325003,8462,0
23325,23325003,8463,0
23325,23325003,8464,0
23325,23325003,8465,0
23325,23325003,8466,0
23325,23325003,8467,0
23325,23325003,8468,0
23325,23325003,8469,0
23325,23325003,8470,0
23325,23325003,8471,0
23325,23325003,8472,0
23325,23325003,8473,0
23325,23325003,8474,0
23325,23325003,8475,0
23325,23325003,8476,0
23325,23325003,8477,0
23325,23325003,8478,0
23325,23325003,8479,0
23325,23325003,8480,0
23325,23325003,8481,0
23325,23325003,8482,0
23325,23325003,8483,0
23325,23325003,8484,0
23325,23325003,8485,0
23325,23325003,8486,0
23325,23325003,8487,0
23325,23325003,8488,0
23325,23325003,8489,0
23325,23325003,8490,0
23325,23325003,8491,0
23325,23325003,8492,0
23325,23325003,8493,0
23325,23325003,8494,0
23325,23325003,8495,0
23325,23325003,8496,0
23325,23325003,8497,0
23325,23325003,8498,0
23325,23325003,8499,0
23325,23325003,8500,0
23325,23325003,8501,0
23325,23325003,8502,0
23325,23325003,8503,0
23325,23325003,8504,0
23325,23325003,8505,0
23325,23325003,8506,0
23325,23325003,8507,0
23325,23325003,8508,0
23325,23325003,8509,0
23325,23325003,8510,0
23325,23325003,8511,0
23325,23325003,8512,0
23325,23325003,8513,0
23325,23325003,8514,0
23325,23325003,8515,0
23325,23325003,8516,0
23325,23325003,8517,0
23325,23325003,8518,0
23325,23325003,8519,0
23325,23325003,8520,0
23325,23325003,8521,0
23325,23325003,8522,0
23325,23325003,8523,0
23325,23325003,8524,0
23325,23325003,8525,0
23325,23325003,8526,0
23325,23325003,8527,0
23325,23325003,8528,0
23325,23325003,8529,0
23325,23325003,8530,0
23325,23325003,8531,0
23325,23325003,8532,0
23325,23325003,8533,0
23325,23325003,8534,0
23325,23325003,8535,0
23325,23325003,8536,0
23325,23325003,8537,0
23325,23325003,8538,0
23325,23325003,8539,0
23325,23325003,8540,0
23325,23325003,8541,0
23325,23325003,8542,0
23325,23325003,8543,0
23325,23325003,8544,0
23325,23325003,8545,0
23325,23325003,8546,0
23325,23325003,8547,0
23325,23325003,8548,0
23325,23325003,8549,0
23325,23325003,8550,0
23325,23325003,8551,0
23325,23325003,8552,0
23325,23325003,8553,0
23325,23325003,8554,0
23325,23325003,8555,0
23325,23325003,8556,0
23325,23325003,8557,0
23325,23325003,8558,0
23325,23325003,8559,0
23325,23325003,8560,0
23325,23325003,8561,0
23325,23325003,8562,0
23325,23325003,8563,0
23325,23325003,8564,0
23325,23325003,8565,0
23325,23325003,8566,0
23325,23325003,8567,0
23325,23325003,8568,0
23325,23325003,8569,0
23325,23325003,8570,0
23325,23325003,8571,0
23325,23325003,8572,0
23325,23325003,8573,0
23325,23325003,8574,0
23325,23325003,8575,0
23325,23325003,8576,0
23325,23325003,8577,0
23325,23325003,8578,0
23325,23325003,8579,0
23325,23325003,8580,0
23325,23325003,8581,0
23325,23325003,8582,0
23325,23325003,8583,0
23325,23325003,8584,0
23325,23325003,8585,0
23325,23325003,8586,0
23325,23325003,8587,0
23325,23325003,8588,0
23325,23325003,8589,0
23325,23325003,8590,0
23325,23325003,8591,0
23325,23325003,8592,0
23325,23325003,8593,0
23325,23325003,8594,0
23325,23325003,8595,0
23325,23325003,8596,0
23325,23325003,8597,0
23325,23325003,8598,0
23325,23325003,8599,0
23325,23325003,8600,0
23325,23325003,8601,0
23325,23325003,8602,0
23325,23325003,8603,0
23325,23325003,8604,0
23325,23325003,8605,0
23325,23325003,8606,0
23325,23325003,8607,0
23325,23325003,8608,0
23325,23325003,8609,0
23325,23325003,8610,0
23325,23325003,8611,0
23325,23325003,8612,0
23325,23325003,8613,0
23325,23325003,8614,0
23325,23325003,8615,0
23325,23325003,8616,0
23325,23325003,8617,0
23325,23325003,8618,0
23325,23325003,8619,0
23325,23325003,8620,0
23325,23325003,8621,0
23325,23325003,8622,0
23325,23325003,8623,0
23325,23325003,8624,0
23325,23325003,8625,0
23325,23325003,8626,0
23325,23325003,8627,0
23325,23325003,8628,0
23325,23325003,8629,0
23325,23325003,8630,0
23325,23325003,8631,0
23325,23325003,8632,0
23325,23325003,8633,0
23325,23325003,8634,0
23325,23325003,8635,0
23325,23325003,8636,0
23325,23325003,8637,0
23325,23325003,8638,0
23325,23325003,8639,0
23325,23325003,8640,0
23325,23325003,8641,0
23325,23325003,8642,0
23325,23325003,8643,0
23325,23325003,8644,0
23325,23325003,8645,0
23325,23325003,8646,0
23325,23325003,8647,0
23325,23325003,8648,0
23325,23325003,8649,0
23325,23325003,8650,0
23325,23325003,8651,0
23325,23325003,8652,0
23325,23325003,8653,0
23325,23325003,8654,0
23325,23325003,8655,0
23325,23325003,8656,0
23325,23325003,8657,0
23325,23325003,8658,0
23325,23325003,8659,0
23325,23325003,8660,0
23325,23325003,8661,0
23325,23325003,8662,0
23325,23325003,8663,0
23325,23325003,8664,0
23325,23325003,8665,0
23325,23325003,8666,0
23325,23325003,8667,0
23325,23325003,8668,0
23325,23325003,8669,0
23325,23325003,8670,0
23325,23325003,8671,0
23325,23325003,8672,0
23325,23325003,8673,0
23325,23325003,8674,0
23325,23325003,8675,0
23325,23325003,8676,0
23325,23325003,8677,0
23325,23325003,8678,0
23325,23325003,8679,0
23325,23325003,8680,0
23325,23325003,8681,0
23325,23325003,8682,0
23325,23325003,8683,0
23325,23325003,8684,0
23325,23325003,8685,0
23325,23325003,8686,0
23325,23325003,8687,0
23325,23325003,8688,0
23325,23325003,8689,0
23325,23325003,8690,0
23325,23325003,8691,0
23325,23325003,8692,0
23325,23325003,8693,0
23325,23325003,8694,0
23325,23325003,8695,0
23325,23325003,8696,0
23325,23325003,8697,0
23325,23325003,8698,0
23325,23325003,8699,0
23325,23325003,8700,0
23325,23325003,8701,0
23325,23325003,8702,0
23325,23325003,8703,0
23325,23325003,8704,0
23325,23325003,8705,0
23325,23325003,8706,0
23325,23325003,8707,0
23325,23325003,8708,0
23325,23325003,8709,0
23325,23325003,8710,0
23325,23325003,8711,0
23325,23325003,8712,0
23325,23325003,8713,0
23325,23325003,8714,0
23325,23325003,8715,0
23325,23325003,8716,0
23325,23325003,8717,0
23325,23325003,8718,0
23325,23325003,8719,0
23325,23325003,8720,0
23325,23325003,8721,0
23325,23325003,8722,0
23325,23325003,8723,0
23325,23325003,8724,0
23325,23325003,8725,0
23325,23325003,8726,0
23325,23325003,8727,0
23325,23325003,8728,0
23325,23325003,8729,0
23325,23325003,8730,0
23325,23325003,8731,0
23325,23325003,8732,0
23325,23325003,8733,0
23325,23325003,8734,0
23325,23325003,8735,0
23325,23325003,8736,0
23325,23325003,8737,0
23325,23325003,8738,0
23325,23325003,8739,0
23325,23325003,8740,0
23325,23325003,8741,0
23325,23325003,8742,0
23325,23325003,8743,0
23325,23325003,8744,0
23325,23325003,8745,0
23325,23325003,8746,0
23325,23325003,8747,0
23325,23325003,8748,0
23325,23325003,8749,0
23325,23325003,8750,0
23325,23325003,8751,0
23325,23325003,8752,0
23325,23325003,8753,0
23325,23325003,8754,0
23325,23325003,8755,0
23325,23325003,8756,0
23325,23325003,8757,0
23325,23325003,8758,0
23325,23325003,8759,0
23325,23325003,8760,0
23325,23325003,8761,0
23325,23325003,8762,0
23325,23325003,8763,0
23325,23325003,8764,0
23325,23325003,8765,0
23325,23325003,8766,0
23325,23325003,8767,0
23325,23325003,8768,0
23325,23325003,8769,0
23325,23325003,8770,0
23325,23325003,8771,0
23325,23325003,8772,0
23325,23325003,8773,0
23325,23325003,8774,0
23325,23325003,8775,0
23325,23325003,8776,0
23325,23325003,8777,0
23325,23325003,8778,0
23325,23325003,8779,0
23325,23325003,8780,0
23325,23325003,8781,0
23325,23325003,8782,0
23325,23325003,8783,0
23325,23325003,8784,0
23325,23325003,8785,0
23325,23325003,8786,0
23325,23325003,8787,0
23325,23325003,8788,0
23325,23325003,8789,0
23325,23325003,8790,0
23325,23325003,8791,0
23325,23325003,8792,0
23325,23325003,8793,0
23325,23325003,8794,0
23325,23325003,8795,0
23325,23325003,8796,0
23325,23325003,8797,0
23325,23325003,8798,0
23325,23325003,8799,0
23325,23325003,8800,0
23325,23325003,8801,0
23325,23325003,8802,0
23325,23325003,8803,0
23325,23325003,8804,0
23325,23325003,8805,0
23325,23325003,8806,0
23325,23325003,8807,0
23325,23325003,8808,0
23325,23325003,8809,0
23325,23325003,8810,0
23325,23325003,8811,0
23325,23325003,8812,0
23325,23325003,8813,0
23325,23325003,8814,0
23325,23325003,8815,0
23325,23325003,8816,0
23325,23325003,8817,0
23325,23325003,8818,0
23325,23325003,8819,0
23325,23325003,8820,0
23325,23325003,8821,0
23325,23325003,8822,0
23325,23325003,8823,0
23325,23325003,8824,0
23325,23325003,8825,0
23325,23325003,8826,0
23325,23325003,8827,0
23325,23325003,8828,0
23325,23325003,8829,0
23325,23325003,8830,0
23325,23325003,8831,0
23325,23325003,8832,0
23325,23325003,8833,0
23325,23325003,8834,0
23325,23325003,8835,0
23325,23325003,8836,0
23325,23325003,8837,0
23325,23325003,8838,0
23325,23325003,8839,0
23325,23325003,8840,0
23325,23325003,8841,0
23325,23325003,8842,0
23325,23325003,8843,0
23325,23325003,8844,0
23325,23325003,8845,0
23325,23325003,8846,0
23325,23325003,8847,0
23325,23325003,8848,0
23325,23325003,8849,0
23325,23325003,8850,0
23325,23325003,8851,0
23325,23325003,8852,0
23325,23325003,8853,0
23325,23325003,8854,0
23325,23325003,8855,0
23325,23325003,8856,0
23325,23325003,8857,0
23325,23325003,8858,0
23325,23325003,8859,0
23325,23325003,8860,0
23325,23325003,8861,0
23325,23325003,8862,0
23325,23325003,8863,0
23325,23325003,8864,0
23325,23325003,8865,0
23325,23325003,8866,0
23325,23325003,8867,0
23325,23325003,8868,0
23325,23325003,8869,0
23325,23325003,8870,0
23325,23325003,8871,0
23325,23325003,8872,0
23325,23325003,8873,0
23325,23325003,8874,0
23325,23325003,8875,0
23325,23325003,8876,0
23325,23325003,8877,0
23325,23325003,8878,0
23325,23325003,8879,0
23325,23325003,8880,0
23325,23325003,8881,0
23325,23325003,8882,0
23325,23325003,8883,0
23325,23325003,8884,0
23325,23325003,8885,0
23325,23325003,8886,0
23325,23325003,8887,0
23325,23325003,8888,0
23325,23325003,8889,0
23325,23325003,8890,0
23325,23325003,8891,0
23325,23325003,8892,0
23325,23325003,8893,0
23325,23325003,8894,0
23325,23325003,8895,0
23325,23325003,8896,0
23325,23325003,8897,0
23325,23325003,8898,0
23325,23325003,8899,0
23325,23325003,8900,0
23325,23325003,8901,0
23325,23325003,8902,0
23325,23325003,8903,0
23325,23325003,8904,0
23325,23325003,8905,0
23325,23325003,8906,0
23325,23325003,8907,0
23325,23325003,8908,0
23325,23325003,8909,0
23325,23325003,8910,0
23325,23325003,8911,0
23325,23325003,8912,0
23325,23325003,8913,0
23325,23325003,8914,0
23325,23325003,8915,0
23325,23325003,8916,0
23325,23325003,8917,0
23325,23325003,8918,0
23325,23325003,8919,0
23325,23325003,8920,0
23325,23325003,8921,0
23325,23325003,8922,0
23325,23325003,8923,0
23325,23325003,8924,0
23325,23325003,8925,0
23325,23325003,8926,0
23325,23325003,8927,0
23325,23325003,8928,0
23325,23325003,8929,0
23325,23325003,8930,0
23325,23325003,8931,0
23325,23325003,8932,0
23325,23325003,8933,0
23325,23325003,8934,0
23325,23325003,8935,0
23325,23325003,8936,0
23325,23325003,8937,0
23325,23325003,8938,0
23325,23325003,8939,0
23325,23325003,8940,0
23325,23325003,8941,0
23325,23325003,8942,0
23325,23325003,8943,0
23325,23325003,8944,0
23325,23325003,8945,0
23325,23325003,8946,0
23325,23325003,8947,0
23325,23325003,8948,0
23325,23325003,8949,0
23325,23325003,8950,0
23325,23325003,8951,0
23325,23325003,8952,0
23325,23325003,8953,0
23325,23325003,8954,0
23325,23325003,8955,0
23325,23325003,8956,0
23325,23325003,8957,0
23325,23325003,8958,0
23325,23325003,8959,0
23325,23325003,8960,0
23325,23325003,8961,0
23325,23325003,8962,0
23325,23325003,8963,0
23325,23325003,8964,0
23325,23325003,8965,0
23325,23325003,8966,0
23325,23325003,8967,0
23325,23325003,8968,0
23325,23325003,8969,0
23325,23325003,8970,0
23325,23325003,8971,0
23325,23325003,8972,0
23325,23325003,8973,0
23325,23325003,8974,0
23325,23325003,8975,0
23325,23325003,8976,0
23325,23325003,8977,0
23325,23325003,8978,0
23325,23325003,8979,0
23325,23325003,8980,0
23325,23325003,8981,0
23325,23325003,8982,0
23325,23325003,8983,0
23325,23325003,8984,0
23325,23325003,8985,0
23325,23325003,8986,0
23325,23325003,8987,0
23325,23325003,8988,0
23325,23325003,8989,0
23325,23325003,8990,0
23325,23325003,8991,0
23325,23325003,8992,0
23325,23325003,8993,0
23325,23325003,8994,0
23325,23325003,8995,0
23325,23325003,8996,0
23325,23325003,8997,0
23325,23325003,8998,0
23325,23325003,8999,0
23325,23325003,9000,0
23325,23325003,9001,0
23325,23325003,9002,0
23325,23325003,9003,0
23325,23325003,9004,0
23325,23325003,9005,0
23325,23325003,9006,0
23325,23325003,9007,0
23325,23325003,9008,0
23325,23325003,9009,0
23325,23325003,9010,0
23325,23325003,9011,0
23325,23325003,9012,0
23325,23325003,9013,0
23325,23325003,9014,0
23325,23325003,9015,0
23325,23325003,9016,0
23325,23325003,9017,0
23325,23325003,9018,0
23325,23325003,9019,0
23325,23325003,9020,0
23325,23325003,9021,0
23325,23325003,9022,0
23325,23325003,9023,0
23325,23325003,9024,0
23325,23325003,9025,0
23325,23325003,9026,0
23325,23325003,9027,0
23325,23325003,9028,0
23325,23325003,9029,0
23325,23325003,9030,0
23325,23325003,9031,0
23325,23325003,9032,0
23325,23325003,9033,0
23325,23325003,9034,0
23325,23325003,9035,0
23325,23325003,9036,0
23325,23325003,9037,0
23325,23325003,9038,0
23325,23325003,9039,0
23325,23325003,9040,0
23325,23325003,9041,0
23325,23325003,9042,0
23325,23325003,9043,0
23325,23325003,9044,0
23325,23325003,9045,0
23325,23325003,9046,0
23325,23325003,9047,0
23325,23325003,9048,0
23325,23325003,9049,0
23325,23325003,9050,0
23325,23325003,9051,0
23325,23325003,9052,0
23325,23325003,9053,0
23325,23325003,9054,0
23325,23325003,9055,0
23325,23325003,9056,0
23325,23325003,9057,0
23325,23325003,9058,0
23325,23325003,9059,0
23325,23325003,9060,0
23325,23325003,9061,0
23325,23325003,9062,0
23325,23325003,9063,0
23325,23325003,9064,0
23325,23325003,9065,0
23325,23325003,9066,0
23325,23325003,9067,0
23325,23325003,9068,0
23325,23325003,9069,0
23325,23325003,9070,0
23325,23325003,9071,0
23325,23325003,9072,0
23325,23325003,9073,0
23325,23325003,9074,0
23325,23325003,9075,0
23325,23325003,9076,0
23325,23325003,9077,0
23325,23325003,9078,0
23325,23325003,9079,0
23325,23325003,9080,0
23325,23325003,9081,0
23325,23325003,9082,0
23325,23325003,9083,0
23325,23325003,9084,0
23325,23325003,9085,0
23325,23325003,9086,0
23325,23325003,9087,0
23325,23325003,9088,0
23325,23325003,9089,0
23325,23325003,9090,0
23325,23325003,9091,0
23325,23325003,9092,0
23325,23325003,9093,0
23325,23325003,9094,0
23325,23325003,9095,0
23325,23325003,9096,0
23325,23325003,9097,0
23325,23325003,9098,0
23325,23325003,9099,0
23325,23325003,9100,0
23325,23325003,9101,0
23325,23325003,9102,0
23325,23325003,9103,0
23325,23325003,9104,0
23325,23325003,9105,0
23325,23325003,9106,0
23325,23325003,9107,0
23325,23325003,9108,0
23325,23325003,9109,0
23325,23325003,9110,0
23325,23325003,9111,0
23325,23325003,9112,0
23325,23325003,9113,0
23325,23325003,9114,0
23325,23325003,9115,0
23325,23325003,9116,0
23325,23325003,9117,0
23325,23325003,9118,0
23325,23325003,9119,0
23325,23325003,9120,0
23325,23325003,9121,0
23325,23325003,9122,0
23325,23325003,9123,0
23325,23325003,9124,0
23325,23325003,9125,0
23325,23325003,9126,0
23325,23325003,9127,0
23325,23325003,9128,0
23325,23325003,9129,0
23325,23325003,9130,0
23325,23325003,9131,0
23325,23325003,9132,0
23325,23325003,9133,0
23325,23325003,9134,0
23325,23325003,9135,0
23325,23325003,9136,0
23325,23325003,9137,0
23325,23325003,9138,0
23325,23325003,9139,0
23325,23325003,9140,0
23325,23325003,9141,0
23325,23325003,9142,0
23325,23325003,9143,0
23325,23325003,9144,0
23325,23325003,9145,0
23325,23325003,9146,0
23325,23325003,9147,0
23325,23325003,9148,0
23325,23325003,9149,0
23325,23325003,9150,0
23325,23325003,9151,0
23325,23325003,9152,0
23325,23325003,9153,0
23325,23325003,9154,0
23325,23325003,9155,0
23325,23325003,9156,0
23325,23325003,9157,0
23325,23325003,9158,0
23325,23325003,9159,0
23325,23325003,9160,0
23325,23325003,9161,0
23325,23325003,9162,0
23325,23325003,9163,0
23325,23325003,9164,0
23325,23325003,9165,0
23325,23325003,9166,0
23325,23325003,9167,0
23325,23325003,9168,0
23325,23325003,9169,0
23325,23325003,9170,0
23325,23325003,9171,0
23325,23325003,9172,0
23325,23325003,9173,0
23325,23325003,9174,0
23325,23325003,9175,0
23325,23325003,9176,0
23325,23325003,9177,0
23325,23325003,9178,0
23325,23325003,9179,0
23325,23325003,9180,0
23325,23325003,9181,0
23325,23325003,9182,0
23325,23325003,9183,0
23325,23325003,9184,0
23325,23325003,9185,0
23325,23325003,9186,0
23325,23325003,9187,0
23325,23325003,9188,0
23325,23325003,9189,0
23325,23325003,9190,0
23325,23325003,9191,0
23325,23325003,9192,0
23325,23325003,9193,0
23325,23325003,9194,0
23325,23325003,9195,0
23325,23325003,9196,0
23325,23325003,9197,0
23325,23325003,9198,0
23325,23325003,9199,0
23325,23325003,9200,0
23325,23325003,9201,0
23325,23325003,9202,0
23325,23325003,9203,0
23325,23325003,9204,0
23325,23325003,9205,0
23325,23325003,9206,0
23325,23325003,9207,0
23325,23325003,9208,0
23325,23325003,9209,0
23325,23325003,9210,0
23325,23325003,9211,0
23325,23325003,9212,0
23325,23325003,9213,0
23325,23325003,9214,0
23325,23325003,9215,0
23325,23325003,9216,0
23325,23325003,9217,0
23325,23325003,9218,0
23325,23325003,9219,0
23325,23325003,9220,0
23325,23325003,9221,0
23325,23325003,9222,0
23325,23325003,9223,0
23325,23325003,9224,0
23325,23325003,9225,0
23325,23325003,9226,0
23325,23325003,9227,0
23325,23325003,9228,0
23325,23325003,9229,0
23325,23325003,9230,0
23325,23325003,9231,0
23325,23325003,9232,0
23325,23325003,9233,0
23325,23325003,9234,0
23325,23325003,9235,0
23325,23325003,9236,0
23325,23325003,9237,0
23325,23325003,9238,0
23325,23325003,9239,0
23325,23325003,9240,0
23325,23325003,9241,0
23325,23325003,9242,0
23325,23325003,9243,0
23325,23325003,9244,0
23325,23325003,9245,0
23325,23325003,9246,0
23325,23325003,9247,0
23325,23325003,9248,0
23325,23325003,9249,0
23325,23325003,9250,0
23325,23325003,9251,0
23325,23325003,9252,0
23325,23325003,9253,0
23325,23325003,9254,0
23325,23325003,9255,0
23325,23325003,9256,0
23325,23325003,9257,0
23325,23325003,9258,0
23325,23325003,9259,0
23325,23325003,9260,0
23325,23325003,9261,0
23325,23325003,9262,0
23325,23325003,9263,0
23325,23325003,9264,0
23325,23325003,9265,0
23325,23325003,9266,0
23325,23325003,9267,0
23325,23325003,9268,0
23325,23325003,9269,0
23325,23325003,9270,0
23325,23325003,9271,0
23325,23325003,9272,0
23325,23325003,9273,0
23325,23325003,9274,0
23325,23325003,9275,0
23325,23325003,9276,0
23325,23325003,9277,0
23325,23325003,9278,0
23325,23325003,9279,0
23325,23325003,9280,0
23325,23325003,9281,0
23325,23325003,9282,0
23325,23325003,9283,0
23325,23325003,9284,0
23325,23325003,9285,0
23325,23325003,9286,0
23325,23325003,9287,0
23325,23325003,9288,0
23325,23325003,9289,0
23325,23325003,9290,0
23325,23325003,9291,0
23325,23325003,9292,0
23325,23325003,9293,0
23325,23325003,9294,0
23325,23325003,9295,0
23325,23325003,9296,0
23325,23325003,9297,0
23325,23325003,9298,0
23325,23325003,9299,0
23325,23325003,9300,0
23325,23325003,9301,0
23325,23325003,9302,0
23325,23325003,9303,0
23325,23325003,9304,0
23325,23325003,9305,0
23325,23325003,9306,0
23325,23325003,9307,0
23325,23325003,9308,0
23325,23325003,9309,0
23325,23325003,9310,0
23325,23325003,9311,0
23325,23325003,9312,0
23325,23325003,9313,0
23325,23325003,9314,0
23325,23325003,9315,0
23325,23325003,9316,0
23325,23325003,9317,0
23325,23325003,9318,0
23325,23325003,9319,0
23325,23325003,9320,0
23325,23325003,9321,0
23325,23325003,9322,0
23325,23325003,9323,0
23325,23325003,9324,0
23325,23325003,9325,0
23325,23325003,9326,0
23325,23325003,9327,0
23325,23325003,9328,0
23325,23325003,9329,0
23325,23325003,9330,0
23325,23325003,9331,0
23325,23325003,9332,0
23325,23325003,9333,0
23325,23325003,9334,0
23325,23325003,9335,0
23325,23325003,9336,0
23325,23325003,9337,0
23325,23325003,9338,0
23325,23325003,9339,0
23325,23325003,9340,0
23325,23325003,9341,0
23325,23325003,9342,0
23325,23325003,9343,0
23325,23325003,9344,0
23325,23325003,9345,0
23325,23325003,9346,0
23325,23325003,9347,0
23325,23325003,9348,0
23325,23325003,9349,0
23325,23325003,9350,0
23325,23325003,9351,0
23325,23325003,9352,0
23325,23325003,9353,0
23325,23325003,9354,0
23325,23325003,9355,0
23325,23325003,9356,0
23325,23325003,9357,0
23325,23325003,9358,0
23325,23325003,9359,0
23325,23325003,9360,0
23325,23325003,9361,0
23325,23325003,9362,0
23325,23325003,9363,0
23325,23325003,9364,0
23325,23325003,9365,0
23325,23325003,9366,0
23325,23325003,9367,0
23325,23325003,9368,0
23325,23325003,9369,0
23325,23325003,9370,0
23325,23325003,9371,0
23325,23325003,9372,0
23325,23325003,9373,0
23325,23325003,9374,0
23325,23325003,9375,0
23325,23325003,9376,0
23325,23325003,9377,0
23325,23325003,9378,0
23325,23325003,9379,0
23325,23325003,9380,0
23325,23325003,9381,0
23325,23325003,9382,0
23325,23325003,9383,0
23325,23325003,9384,0
23325,23325003,9385,0
23325,23325003,9386,0
23325,23325003,9387,0
23325,23325003,9388,0
23325,23325003,9389,0
23325,23325003,9390,0
23325,23325003,9391,0
23325,23325003,9392,0
23325,23325003,9393,0
23325,23325003,9394,0
23325,23325003,9395,0
23325,23325003,9396,0
23325,23325003,9397,0
23325,23325003,9398,0
23325,23325003,9399,0
23325,23325003,9400,0
23325,23325003,9401,0
23325,23325003,9402,0
23325,23325003,9403,0
23325,23325003,9404,0
23325,23325003,9405,0
23325,23325003,9406,0
23325,23325003,9407,0
23325,23325003,9408,0
23325,23325003,9409,0
23325,23325003,9410,0
23325,23325003,9411,0
23325,23325003,9412,0
23325,23325003,9413,0
23325,23325003,9414,0
23325,23325003,9415,0
23325,23325003,9416,0
23325,23325003,9417,0
23325,23325003,9418,0
23325,23325003,9419,0
23325,23325003,9420,0
23325,23325003,9421,0
23325,23325003,9422,0
23325,23325003,9423,0
23325,23325003,9424,0
23325,23325003,9425,0
23325,23325003,9426,0
23325,23325003,9427,0
23325,23325003,9428,0
23325,23325003,9429,0
23325,23325003,9430,0
23325,23325003,9431,0
23325,23325003,9432,0
23325,23325003,9433,0
23325,23325003,9434,0
23325,23325003,9435,0
23325,23325003,9436,0
23325,23325003,9437,0
23325,23325003,9438,0
23325,23325003,9439,0
23325,23325003,9440,0
23325,23325003,9441,0
23325,23325003,9442,0
23325,23325003,9443,0
23325,23325003,9444,0
23325,23325003,9445,0
23325,23325003,9446,0
23325,23325003,9447,0
23325,23325003,9448,0
23325,23325003,9449,0
23325,23325003,9450,0
23325,23325003,9451,0
23325,23325003,9452,0
23325,23325003,9453,0
23325,23325003,9454,0
23325,23325003,9455,0
23325,23325003,9456,0
23325,23325003,9457,0
23325,23325003,9458,0
23325,23325003,9459,0
23325,23325003,9460,0
23325,23325003,9461,0
23325,23325003,9462,0
23325,23325003,9463,0
23325,23325003,9464,0
23325,23325003,9465,0
23325,23325003,9466,0
23325,23325003,9467,0
23325,23325003,9468,0
23325,23325003,9469,0
23325,23325003,9470,0
23325,23325003,9471,0
23325,23325003,9472,0
23325,23325003,9473,0
23325,23325003,9474,0
23325,23325003,9475,0
23325,23325003,9476,0
23325,23325003,9477,0
23325,23325003,9478,0
23325,23325003,9479,0
23325,23325003,9480,0
23325,23325003,9481,0
23325,23325003,9482,0
23325,23325003,9483,0
23325,23325003,9484,0
23325,23325003,9485,0
23325,23325003,9486,0
23325,23325003,9487,0
23325,23325003,9488,0
23325,23325003,9489,0
23325,23325003,9490,0
23325,23325003,9491,0
23325,23325003,9492,0
23325,23325003,9493,0
23325,23325003,9494,0
23325,23325003,9495,0
23325,23325003,9496,0
23325,23325003,9497,0
23325,23325003,9498,0
23325,23325003,9499,0
23325,23325003,9500,0
23325,23325003,9501,0
23325,23325003,9502,0
23325,23325003,9503,0
23325,23325003,9504,0
23325,23325003,9505,0
23325,23325003,9506,0
23325,23325003,9507,0
23325,23325003,9508,0
23325,23325003,9509,0
23325,23325003,9510,0
23325,23325003,9511,0
23325,23325003,9512,0
23325,23325003,9513,0
23325,23325003,9514,0
23325,23325003,9515,0
23325,23325003,9516,0
23325,23325003,9517,0
23325,23325003,9518,0
23325,23325003,9519,0
23325,23325003,9520,0
23325,23325003,9521,0
23325,23325003,9522,0
23325,23325003,9523,0
23325,23325003,9524,0
23325,23325003,9525,0
23325,23325003,9526,0
23325,23325003,9527,0
23325,23325003,9528,0
23325,23325003,9529,0
23325,23325003,9530,0
23325,23325003,9531,0
23325,23325003,9532,0
23325,23325003,9533,0
23325,23325003,9534,0
23325,23325003,9535,0
23325,23325003,9536,0
23325,23325003,9537,0
23325,23325003,9538,0
23325,23325003,9539,0
23325,23325003,9540,0
23325,23325003,9541,0
23325,23325003,9542,0
23325,23325003,9543,0
23325,23325003,9544,0
23325,23325003,9545,0
23325,23325003,9546,0
23325,23325003,9547,0
23325,23325003,9548,0
23325,23325003,9549,0
23325,23325003,9550,0
23325,23325003,9551,0
23325,23325003,9552,0
23325,23325003,9553,0
23325,23325003,9554,0
23325,23325003,9555,0
23325,23325003,9556,0
23325,23325003,9557,0
23325,23325003,9558,0
23325,23325003,9559,0
23325,23325003,9560,0
23325,23325003,9561,0
23325,23325003,9562,0
23325,23325003,9563,0
23325,23325003,9564,0
23325,23325003,9565,0
23325,23325003,9566,0
23325,23325003,9567,0
23325,23325003,9568,0
23325,23325003,9569,0
23325,23325003,9570,0
23325,23325003,9571,0
23325,23325003,9572,0
23325,23325003,9573,0
23325,23325003,9574,0
23325,23325003,9575,0
23325,23325003,9576,0
23325,23325003,9577,0
23325,23325003,9578,0
23325,23325003,9579,0
23325,23325003,9580,0
23325,23325003,9581,0
23325,23325003,9582,0
23325,23325003,9583,0
23325,23325003,9584,0
23325,23325003,9585,0
23325,23325003,9586,0
23325,23325003,9587,0
23325,23325003,9588,0
23325,23325003,9589,0
23325,23325003,9590,0
23325,23325003,9591,0
23325,23325003,9592,0
23325,23325003,9593,0
23325,23325003,9594,0
23325,23325003,9595,0
23325,23325003,9596,0
23325,23325003,9597,0
23325,23325003,9598,0
23325,23325003,9599,0
23325,23325003,9600,0
23325,23325003,9601,0
23325,23325003,9602,0
23325,23325003,9603,0
23325,23325003,9604,0
23325,23325003,9605,0
23325,23325003,9606,0
23325,23325003,9607,0
23325,23325003,9608,0
23325,23325003,9609,0
23325,23325003,9610,0
23325,23325003,9611,0
23325,23325003,9612,0
23325,23325003,9613,0
23325,23325003,9614,0
23325,23325003,9615,0
23325,23325003,9616,0
23325,23325003,9617,0
23325,23325003,9618,0
23325,23325003,9619,0
23325,23325003,9620,0
23325,23325003,9621,0
23325,23325003,9622,0
23325,23325003,9623,0
23325,23325003,9624,0
23325,23325003,9625,0
23325,23325003,9626,0
23325,23325003,9627,0
23325,23325003,9628,0
23325,23325003,9629,0
23325,23325003,9630,0
23325,23325003,9631,0
23325,23325003,9632,0
23325,23325003,9633,0
23325,23325003,9634,0
23325,23325003,9635,0
23325,23325003,9636,0
23325,23325003,9637,0
23325,23325003,9638,0
23325,23325003,9639,0
23325,23325003,9640,0
23325,23325003,9641,0
23325,23325003,9642,0
23325,23325003,9643,0
23325,23325003,9644,0
23325,23325003,9645,0
23325,23325003,9646,0
23325,23325003,9647,0
23325,23325003,9648,0
23325,23325003,9649,0
23325,23325003,9650,0
23325,23325003,9651,0
23325,23325003,9652,0
23325,23325003,9653,0
23325,23325003,9654,0
23325,23325003,9655,0
23325,23325003,9656,0
23325,23325003,9657,0
23325,23325003,9658,0
23325,23325003,9659,0
23325,23325003,9660,0
23325,23325003,9661,0
23325,23325003,9662,0
23325,23325003,9663,0
23325,23325003,9664,0
23325,23325003,9665,0
23325,23325003,9666,0
23325,23325003,9667,0
23325,23325003,9668,0
23325,23325003,9669,0
23325,23325003,9670,0
23325,23325003,9671,0
23325,23325003,9672,0
23325,23325003,9673,0
23325,23325003,9674,0
23325,23325003,9675,0
23325,23325003,9676,0
23325,23325003,9677,0
23325,23325003,9678,0
23325,23325003,9679,0
23325,23325003,9680,0
23325,23325003,9681,0
23325,23325003,9682,0
23325,23325003,9683,0
23325,23325003,9684,0
23325,23325003,9685,0
23325,23325003,9686,0
23325,23325003,9687,0
23325,23325003,9688,0
23325,23325003,9689,0
23325,23325003,9690,0
23325,23325003,9691,0
23325,23325003,9692,0
23325,23325003,9693,0
23325,23325003,9694,0
23325,23325003,9695,0
23325,23325003,9696,0
23325,23325003,9697,0
23325,23325003,9698,0
23325,23325003,9699,0
23325,23325003,9700,0
23325,23325003,9701,0
23325,23325003,9702,0
23325,23325003,9703,0
23325,23325003,9704,0
23325,23325003,9705,0
23325,23325003,9706,0
23325,23325003,9707,0
23325,23325003,9708,0
23325,23325003,9709,0
23325,23325003,9710,0
23325,23325003,9711,0
23325,23325003,9712,0
23325,23325003,9713,0
23325,23325003,9714,0
23325,23325003,9715,0
23325,23325003,9716,0
23325,23325003,9717,0
23325,23325003,9718,0
23325,23325003,9719,0
23325,23325003,9720,0
23325,23325003,9721,0
23325,23325003,9722,0
23325,23325003,9723,0
23325,23325003,9724,0
23325,23325003,9725,0
23325,23325003,9726,0
23325,23325003,9727,0
23325,23325003,9728,0
23325,23325003,9729,0
23325,23325003,9730,0
23325,23325003,9731,0
23325,23325003,9732,0
23325,23325003,9733,0
23325,23325003,9734,0
23325,23325003,9735,0
23325,23325003,9736,0
23325,23325003,9737,0
23325,23325003,9738,0
23325,23325003,9739,0
23325,23325003,9740,0
23325,23325003,9741,0
23325,23325003,9742,0
23325,23325003,9743,0
23325,23325003,9744,0
23325,23325003,9745,0
23325,23325003,9746,0
23325,23325003,9747,0
23325,23325003,9748,0
23325,23325003,9749,0
23325,23325004,8384,0
23325,23325004,8385,0
23325,23325004,8386,0
23325,23325004,8387,0
23325,23325004,8388,0
23325,23325004,8389,0
23325,23325004,8390,0
23325,23325004,8391,0
23325,23325004,8392,0
23325,23325004,8393,0
23325,23325004,8394,0
23325,23325004,8395,0
23325,23325004,8396,0
23325,23325004,8397,0
23325,23325004,8398,0
23325,23325004,8399,0
23325,23325004,8400,0
23325,23325004,8401,0
23325,23325004,8402,0
23325,23325004,8403,0
23325,23325004,8404,0
23325,23325004,8405,0
23325,23325004,8406,0
23325,23325004,8407,0
23325,23325004,8408,0
23325,23325004,8409,0
23325,23325004,8410,0
23325,23325004,8411,0
23325,23325004,8412,0
23325,23325004,8413,0
23325,23325004,8414,0
23325,23325004,8415,0
23325,23325004,8416,0
23325,23325004,8417,0
23325,23325004,8418,0
23325,23325004,8419,0
23325,23325004,8420,0
23325,23325004,8421,0
23325,23325004,8422,0
23325,23325004,8423,0
23325,23325004,8424,0
23325,23325004,8425,0
23325,23325004,8426,0
23325,23325004,8427,0
23325,23325004,8428,0
23325,23325004,8429,0
23325,23325004,8430,0
23325,23325004,8431,0
23325,23325004,8432,0
23325,23325004,8433,0
23325,23325004,8434,0
23325,23325004,8435,0
23325,23325004,8436,0
23325,23325004,8437,0
23325,23325004,8438,0
23325,23325004,8439,0
23325,23325004,8440,0
23325,23325004,8441,0
23325,23325004,8442,0
23325,23325004,8443,0
23325,23325004,8444,0
23325,23325004,8445,0
23325,23325004,8446,0
23325,23325004,8447,0
23325,23325004,8448,0
23325,23325004,8449,0
23325,23325004,8450,0
23325,23325004,8451,0
23325,23325004,8452,0
23325,23325004,8453,0
23325,23325004,8454,0
23325,23325004,8455,0
23325,23325004,8456,0
23325,23325004,8457,0
23325,23325004,8458,0
23325,23325004,8459,0
23325,23325004,8460,0
23325,23325004,8461,0
23325,23325004,8462,0
23325,23325004,8463,0
23325,23325004,8464,0
23325,23325004,8465,0
23325,23325004,8466,0
23325,23325004,8467,0
23325,23325004,8468,0
23325,23325004,8469,0
23325,23325004,8470,0
23325,23325004,8471,0
23325,23325004,8472,0
23325,23325004,8473,0
23325,23325004,8474,0
23325,23325004,8475,0
23325,23325004,8476,0
23325,23325004,8477,0
23325,23325004,8478,0
23325,23325004,8479,0
23325,23325004,8480,0
23325,23325004,8481,0
23325,23325004,8482,0
23325,23325004,8483,0
23325,23325004,8484,0
23325,23325004,8485,0
23325,23325004,8486,0
23325,23325004,8487,0
23325,23325004,8488,0
23325,23325004,8489,0
23325,23325004,8490,0
23325,23325004,8491,0
23325,23325004,8492,0
23325,23325004,8493,0
23325,23325004,8494,0
23325,23325004,8495,0
23325,23325004,8496,0
23325,23325004,8497,0
23325,23325004,8498,0
23325,23325004,8499,0
23325,23325004,8500,0
23325,23325004,8501,0
23325,23325004,8502,0
23325,23325004,8503,0
23325,23325004,8504,0
23325,23325004,8505,0
23325,23325004,8506,0
23325,23325004,8507,0
23325,23325004,8508,0
23325,23325004,8509,0
23325,23325004,8510,0
23325,23325004,8511,0
23325,23325004,8512,0
23325,23325004,8513,0
23325,23325004,8514,0
23325,23325004,8515,0
23325,23325004,8516,0
23325,23325004,8517,0
23325,23325004,8518,0
23325,23325004,8519,0
23325,23325004,8520,0
23325,23325004,8521,0
23325,23325004,8522,0
23325,23325004,8523,0
23325,23325004,8524,0
23325,23325004,8525,0
23325,23325004,8526,0
23325,23325004,8527,0
23325,23325004,8528,0
23325,23325004,8529,0
23325,23325004,8530,0
23325,23325004,8531,0
23325,23325004,8532,0
23325,23325004,8533,0
23325,23325004,8534,0
23325,23325004,8535,0
23325,23325004,8536,0
23325,23325004,8537,0
23325,23325004,8538,0
23325,23325004,8539,0
23325,23325004,8540,0
23325,23325004,8541,0
23325,23325004,8542,0
23325,23325004,8543,0
23325,23325004,8544,0
23325,23325004,8545,0
23325,23325004,8546,0
23325,23325004,8547,0
23325,23325004,8548,0
23325,23325004,8549,0
23325,23325004,8550,0
23325,23325004,8551,0
23325,23325004,8552,0
23325,23325004,8553,0
23325,23325004,8554,0
23325,23325004,8555,0
23325,23325004,8556,0
23325,23325004,8557,0
23325,23325004,8558,0
23325,23325004,8559,0
23325,23325004,8560,0
23325,23325004,8561,0
23325,23325004,8562,0
23325,23325004,8563,0
23325,23325004,8564,0
23325,23325004,8565,0
23325,23325004,8566,0
23325,23325004,8567,0
23325,23325004,8568,0
23325,23325004,8569,0
23325,23325004,8570,0
23325,23325004,8571,0
23325,23325004,8572,0
23325,23325004,8573,0
23325,23325004,8574,0
23325,23325004,8575,0
23325,23325004,8576,0
23325,23325004,8577,0
23325,23325004,8578,0
23325,23325004,8579,0
23325,23325004,8580,0
23325,23325004,8581,0
23325,23325004,8582,0
23325,23325004,8583,0
23325,23325004,8584,0
23325,23325004,8585,0
23325,23325004,8586,0
23325,23325004,8587,0
23325,23325004,8588,0
23325,23325004,8589,0
23325,23325004,8590,0
23325,23325004,8591,0
23325,23325004,8592,0
23325,23325004,8593,0
23325,23325004,8594,0
23325,23325004,8595,0
23325,23325004,8596,0
23325,23325004,8597,0
23325,23325004,8598,0
23325,23325004,8599,0
23325,23325004,8600,0
23325,23325004,8601,0
23325,23325004,8602,0
23325,23325004,8603,0
23325,23325004,8604,0
23325,23325004,8605,0
23325,23325004,8606,0
23325,23325004,8607,0
23325,23325004,8608,0
23325,23325004,8609,0
23325,23325004,8610,0
23325,23325004,8611,0
23325,23325004,8612,0
23325,23325004,8613,0
23325,23325004,8614,0
23325,23325004,8615,0
23325,23325004,8616,0
23325,23325004,8617,0
23325,23325004,8618,0
23325,23325004,8619,0
23325,23325004,8620,0
23325,23325004,8621,0
23325,23325004,8622,0
23325,23325004,8623,0
23325,23325004,8624,0
23325,23325004,8625,0
23325,23325004,8626,0
23325,23325004,8627,0
23325,23325004,8628,0
23325,23325004,8629,0
23325,23325004,8630,0
23325,23325004,8631,0
23325,23325004,8632,0
23325,23325004,8633,0
23325,23325004,8634,0
23325,23325004,8635,0
23325,23325004,8636,0
23325,23325004,8637,0
23325,23325004,8638,0
23325,23325004,8639,0
23325,23325004,8640,0
23325,23325004,8641,0
23325,23325004,8642,0
23325,23325004,8643,0
23325,23325004,8644,0
23325,23325004,8645,0
23325,23325004,8646,0
23325,23325004,8647,0
23325,23325004,8648,0
23325,23325004,8649,0
23325,23325004,8650,0
23325,23325004,8651,0
23325,23325004,8652,0
23325,23325004,8653,0
23325,23325004,8654,0
23325,23325004,8655,0
23325,23325004,8656,0
23325,23325004,8657,0
23325,23325004,8658,0
23325,23325004,8659,0
23325,23325004,8660,0
23325,23325004,8661,0
23325,23325004,8662,0
23325,23325004,8663,0
23325,23325004,8664,0
23325,23325004,8665,0
23325,23325004,8666,0
23325,23325004,8667,0
23325,23325004,8668,0
23325,23325004,8669,0
23325,23325004,8670,0
23325,23325004,8671,0
23325,23325004,8672,0
23325,23325004,8673,0
23325,23325004,8674,0
23325,23325004,8675,0
23325,23325004,8676,0
23325,23325004,8677,0
23325,23325004,8678,0
23325,23325004,8679,0
23325,23325004,8680,0
23325,23325004,8681,0
23325,23325004,8682,0
23325,23325004,8683,0
23325,23325004,8684,0
23325,23325004,8685,0
23325,23325004,8686,0
23325,23325004,8687,0
23325,23325004,8688,0
23325,23325004,8689,0
23325,23325004,8690,0
23325,23325004,8691,0
23325,23325004,8692,0
23325,23325004,8693,0
23325,23325004,8694,0
23325,23325004,8695,0
23325,23325004,8696,0
23325,23325004,8697,0
23325,23325004,8698,0
23325,23325004,8699,0
23325,23325004,8700,0
23325,23325004,8701,0
23325,23325004,8702,0
23325,23325004,8703,0
23325,23325004,8704,0
23325,23325004,8705,0
23325,23325004,8706,0
23325,23325004,8707,0
23325,23325004,8708,0
23325,23325004,8709,0
23325,23325004,8710,0
23325,23325004,8711,0
23325,23325004,8712,0
23325,23325004,8713,0
23325,23325004,8714,0
23325,23325004,8715,0
23325,23325004,8716,0
23325,23325004,8717,0
23325,23325004,8718,0
23325,23325004,8719,0
23325,23325004,8720,0
23325,23325004,8721,0
23325,23325004,8722,0
23325,23325004,8723,0
23325,23325004,8724,0
23325,23325004,8725,0
23325,23325004,8726,0
23325,23325004,8727,0
23325,23325004,8728,0
23325,23325004,8729,0
23325,23325004,8730,0
23325,23325004,8731,0
23325,23325004,8732,0
23325,23325004,8733,0
23325,23325004,8734,0
23325,23325004,8735,0
23325,23325004,8736,0
23325,23325004,8737,0
23325,23325004,8738,0
23325,23325004,8739,0
23325,23325004,8740,0
23325,23325004,8741,0
23325,23325004,8742,0
23325,23325004,8743,0
23325,23325004,8744,0
23325,23325004,8745,0
23325,23325004,8746,0
23325,23325004,8747,0
23325,23325004,8748,0
23325,23325004,8749,0
23325,23325004,8750,0
23325,23325004,8751,0
23325,23325004,8752,0
23325,23325004,8753,0
23325,23325004,8754,0
23325,23325004,8755,0
23325,23325004,8756,0
23325,23325004,8757,0
23325,23325004,8758,0
23325,23325004,8759,0
23325,23325004,8760,0
23325,23325004,8761,0
23325,23325004,8762,0
23325,23325004,8763,0
23325,23325004,8764,0
23325,23325004,8765,0
23325,23325004,8766,0
23325,23325004,8767,0
23325,23325004,8768,0
23325,23325004,8769,0
23325,23325004,8770,0
23325,23325004,8771,0
23325,23325004,8772,0
23325,23325004,8773,0
23325,23325004,8774,0
23325,23325004,8775,0
23325,23325004,8776,0
23325,23325004,8777,0
23325,23325004,8778,0
23325,23325004,8779,0
23325,23325004,8780,0
23325,23325004,8781,0
23325,23325004,8782,0
23325,23325004,8783,0
23325,23325004,8784,0
23325,23325004,8785,0
23325,23325004,8786,0
23325,23325004,8787,0
23325,23325004,8788,0
23325,23325004,8789,0
23325,23325004,8790,0
23325,23325004,8791,0
23325,23325004,8792,0
23325,23325004,8793,0
23325,23325004,8794,0
23325,23325004,8795,0
23325,23325004,8796,0
23325,23325004,8797,0
23325,23325004,8798,0
23325,23325004,8799,0
23325,23325004,8800,0
23325,23325004,8801,0
23325,23325004,8802,0
23325,23325004,8803,0
23325,23325004,8804,0
23325,23325004,8805,0
23325,23325004,8806,0
23325,23325004,8807,0
23325,23325004,8808,0
23325,23325004,8809,0
23325,23325004,8810,0
23325,23325004,8811,0
23325,23325004,8812,0
23325,23325004,8813,0
23325,23325004,8814,0
23325,23325004,8815,0
23325,23325004,8816,0
23325,23325004,8817,0
23325,23325004,8818,0
23325,23325004,8819,0
23325,23325004,8820,0
23325,23325004,8821,0
23325,23325004,8822,0
23325,23325004,8823,0
23325,23325004,8824,0
23325,23325004,8825,0
23325,23325004,8826,0
23325,23325004,8827,0
23325,23325004,8828,0
23325,23325004,8829,0
23325,23325004,8830,0
23325,23325004,8831,0
23325,23325004,8832,0
23325,23325004,8833,0
23325,23325004,8834,0
23325,23325004,8835,0
23325,23325004,8836,0
23325,23325004,8837,0
23325,23325004,8838,0
23325,23325004,8839,0
23325,23325004,8840,0
23325,23325004,8841,0
23325,23325004,8842,0
23325,23325004,8843,0
23325,23325004,8844,0
23325,23325004,8845,0
23325,23325004,8846,0
23325,23325004,8847,0
23325,23325004,8848,0
23325,23325004,8849,0
23325,23325004,8850,0
23325,23325004,8851,0
23325,23325004,8852,0
23325,23325004,8853,0
23325,23325004,8854,0
23325,23325004,8855,0
23325,23325004,8856,0
23325,23325004,8857,0
23325,23325004,8858,0
23325,23325004,8859,0
23325,23325004,8860,0
23325,23325004,8861,0
23325,23325004,8862,0
23325,23325004,8863,0
23325,23325004,8864,0
23325,23325004,8865,0
23325,23325004,8866,0
23325,23325004,8867,0
23325,23325004,8868,0
23325,23325004,8869,0
23325,23325004,8870,0
23325,23325004,8871,0
23325,23325004,8872,0
23325,23325004,8873,0
23325,23325004,8874,0
23325,23325004,8875,0
23325,23325004,8876,0
23325,23325004,8877,0
23325,23325004,8878,0
23325,23325004,8879,0
23325,23325004,8880,0
23325,23325004,8881,0
23325,23325004,8882,0
23325,23325004,8883,0
23325,23325004,8884,0
23325,23325004,8885,0
23325,23325004,8886,0
23325,23325004,8887,0
23325,23325004,8888,0
23325,23325004,8889,0
23325,23325004,8890,0
23325,23325004,8891,0
23325,23325004,8892,0
23325,23325004,8893,0
23325,23325004,8894,0
23325,23325004,8895,0
23325,23325004,8896,0
23325,23325004,8897,0
23325,23325004,8898,0
23325,23325004,8899,0
23325,23325004,8900,0
23325,23325004,8901,0
23325,23325004,8902,0
23325,23325004,8903,0
23325,23325004,8904,0
23325,23325004,8905,0
23325,23325004,8906,0
23325,23325004,8907,0
23325,23325004,8908,0
23325,23325004,8909,0
23325,23325004,8910,0
23325,23325004,8911,0
23325,23325004,8912,0
23325,23325004,8913,0
23325,23325004,8914,0
23325,23325004,8915,0
23325,23325004,8916,0
23325,23325004,8917,0
23325,23325004,8918,0
23325,23325004,8919,0
23325,23325004,8920,0
23325,23325004,8921,0
23325,23325004,8922,0
23325,23325004,8923,0
23325,23325004,8924,0
23325,23325004,8925,0
23325,23325004,8926,0
23325,23325004,8927,0
23325,23325004,8928,0
23325,23325004,8929,0
23325,23325004,8930,0
23325,23325004,8931,0
23325,23325004,8932,0
23325,23325004,8933,0
23325,23325004,8934,0
23325,23325004,8935,0
23325,23325004,8936,0
23325,23325004,8937,0
23325,23325004,8938,0
23325,23325004,8939,0
23325,23325004,8940,0
23325,23325004,8941,0
23325,23325004,8942,0
23325,23325004,8943,0
23325,23325004,8944,0
23325,23325004,8945,0
23325,23325004,8946,0
23325,23325004,8947,0
23325,23325004,8948,0
23325,23325004,8949,0
23325,23325004,8950,0
23325,23325004,8951,0
23325,23325004,8952,0
23325,23325004,8953,0
23325,23325004,8954,0
23325,23325004,8955,0
23325,23325004,8956,0
23325,23325004,8957,0
23325,23325004,8958,0
23325,23325004,8959,0
23325,23325004,8960,0
23325,23325004,8961,0
23325,23325004,8962,0
23325,23325004,8963,0
23325,23325004,8964,0
23325,23325004,8965,0
23325,23325004,8966,0
23325,23325004,8967,0
23325,23325004,8968,0
23325,23325004,8969,0
23325,23325004,8970,0
23325,23325004,8971,0
23325,23325004,8972,0
23325,23325004,8973,0
23325,23325004,8974,0
23325,23325004,8975,0
23325,23325004,8976,0
23325,23325004,8977,0
23325,23325004,8978,0
23325,23325004,8979,0
23325,23325004,8980,0
23325,23325004,8981,0
23325,23325004,8982,0
23325,23325004,8983,0
23325,23325004,8984,0
23325,23325004,8985,0
23325,23325004,8986,0
23325,23325004,8987,0
23325,23325004,8988,0
23325,23325004,8989,0
23325,23325004,8990,0
23325,23325004,8991,0
23325,23325004,8992,0
23325,23325004,8993,0
23325,23325004,8994,0
23325,23325004,8995,0
23325,23325004,8996,0
23325,23325004,8997,0
23325,23325004,8998,0
23325,23325004,8999,0
23325,23325004,9000,0
23325,23325004,9001,0
23325,23325004,9002,0
23325,23325004,9003,0
23325,23325004,9004,0
23325,23325004,9005,0
23325,23325004,9006,0
23325,23325004,9007,0
23325,23325004,9008,0
23325,23325004,9009,0
23325,23325004,9010,0
23325,23325004,9011,0
23325,23325004,9012,0
23325,23325004,9013,0
23325,23325004,9014,0
23325,23325004,9015,0
23325,23325004,9016,0
23325,23325004,9017,0
23325,23325004,9018,0
23325,23325004,9019,0
23325,23325004,9020,0
23325,23325004,9021,0
23325,23325004,9022,0
23325,23325004,9023,0
23325,23325004,9024,0
23325,23325004,9025,0
23325,23325004,9026,0
23325,23325004,9027,0
23325,23325004,9028,0
23325,23325004,9029,0
23325,23325004,9030,0
23325,23325004,9031,0
23325,23325004,9032,0
23325,23325004,9033,0
23325,23325004,9034,0
23325,23325004,9035,0
23325,23325004,9036,0
23325,23325004,9037,0
23325,23325004,9038,0
23325,23325004,9039,0
23325,23325004,9040,0
23325,23325004,9041,0
23325,23325004,9042,0
23325,23325004,9043,0
23325,23325004,9044,0
23325,23325004,9045,0
23325,23325004,9046,0
23325,23325004,9047,0
23325,23325004,9048,0
23325,23325004,9049,0
23325,23325004,9050,0
23325,23325004,9051,0
23325,23325004,9052,0
23325,23325004,9053,0
23325,23325004,9054,0
23325,23325004,9055,0
23325,23325004,9056,0
23325,23325004,9057,0
23325,23325004,9058,0
23325,23325004,9059,0
23325,23325004,9060,0
23325,23325004,9061,0
23325,23325004,9062,0
23325,23325004,9063,0
23325,23325004,9064,0
23325,23325004,9065,0
23325,23325004,9066,0
23325,23325004,9067,0
23325,23325004,9068,0
23325,23325004,9069,0
23325,23325004,9070,0
23325,23325004,9071,0
23325,23325004,9072,0
23325,23325004,9073,0
23325,23325004,9074,0
23325,23325004,9075,0
23325,23325004,9076,0
23325,23325004,9077,0
23325,23325004,9078,0
23325,23325004,9079,0
23325,23325004,9080,0
23325,23325004,9081,0
23325,23325004,9082,0
23325,23325004,9083,0
23325,23325004,9084,0
23325,23325004,9085,0
23325,23325004,9086,0
23325,23325004,9087,0
23325,23325004,9088,0
23325,23325004,9089,0
23325,23325004,9090,0
23325,23325004,9091,0
23325,23325004,9092,0
23325,23325004,9093,0
23325,23325004,9094,0
23325,23325004,9095,0
23325,23325004,9096,0
23325,23325004,9097,0
23325,23325004,9098,0
23325,23325004,9099,0
23325,23325004,9100,0
23325,23325004,9101,0
23325,23325004,9102,0
23325,23325004,9103,0
23325,23325004,9104,0
23325,23325004,9105,0
23325,23325004,9106,0
23325,23325004,9107,0
23325,23325004,9108,0
23325,23325004,9109,0
23325,23325004,9110,0
23325,23325004,9111,0
23325,23325004,9112,0
23325,23325004,9113,0
23325,23325004,9114,0
23325,23325004,9115,0
23325,23325004,9116,0
23325,23325004,9117,0
23325,23325004,9118,0
23325,23325004,9119,0
23325,23325004,9120,0
23325,23325004,9121,0
23325,23325004,9122,0
23325,23325004,9123,0
23325,23325004,9124,0
23325,23325004,9125,0
23325,23325004,9126,0
23325,23325004,9127,0
23325,23325004,9128,0
23325,23325004,9129,0
23325,23325004,9130,0
23325,23325004,9131,0
23325,23325004,9132,0
23325,23325004,9133,0
23325,23325004,9134,0
23325,23325004,9135,0
23325,23325004,9136,0
23325,23325004,9137,0
23325,23325004,9138,0
23325,23325004,9139,0
23325,23325004,9140,0
23325,23325004,9141,0
23325,23325004,9142,0
23325,23325004,9143,0
23325,23325004,9144,0
23325,23325004,9145,0
23325,23325004,9146,0
23325,23325004,9147,0
23325,23325004,9148,0
23325,23325004,9149,0
23325,23325004,9150,0
23325,23325004,9151,0
23325,23325004,9152,0
23325,23325004,9153,0
23325,23325004,9154,0
23325,23325004,9155,0
23325,23325004,9156,0
23325,23325004,9157,0
23325,23325004,9158,0
23325,23325004,9159,0
23325,23325004,9160,0
23325,23325004,9161,0
23325,23325004,9162,0
23325,23325004,9163,0
23325,23325004,9164,0
23325,23325004,9165,0
23325,23325004,9166,0
23325,23325004,9167,0
23325,23325004,9168,0
23325,23325004,9169,0
23325,23325004,9170,0
23325,23325004,9171,0
23325,23325004,9172,0
23325,23325004,9173,0
23325,23325004,9174,0
23325,23325004,9175,0
23325,23325004,9176,0
23325,23325004,9177,0
23325,23325004,9178,0
23325,23325004,9179,0
23325,23325004,9180,0
23325,23325004,9181,0
23325,23325004,9182,0
23325,23325004,9183,0
23325,23325004,9184,0
23325,23325004,9185,0
23325,23325004,9186,0
23325,23325004,9187,0
23325,23325004,9188,0
23325,23325004,9189,0
23325,23325004,9190,0
23325,23325004,9191,0
23325,23325004,9192,0
23325,23325004,9193,0
23325,23325004,9194,0
23325,23325004,9195,0
23325,23325004,9196,0
23325,23325004,9197,0
23325,23325004,9198,0
23325,23325004,9199,0
23325,23325004,9200,0
23325,23325004,9201,0
23325,23325004,9202,0
23325,23325004,9203,0
23325,23325004,9204,0
23325,23325004,9205,0
23325,23325004,9206,0
23325,23325004,9207,0
23325,23325004,9208,0
23325,23325004,9209,0
23325,23325004,9210,0
23325,23325004,9211,0
23325,23325004,9212,0
23325,23325004,9213,0
23325,23325004,9214,0
23325,23325004,9215,0
23325,23325004,9216,0
23325,23325004,9217,0
23325,23325004,9218,0
23325,23325004,9219,0
23325,23325004,9220,0
23325,23325004,9221,0
23325,23325004,9222,0
23325,23325004,9223,0
23325,23325004,9224,0
23325,23325004,9225,0
23325,23325004,9226,0
23325,23325004,9227,0
23325,23325004,9228,0
23325,23325004,9229,0
23325,23325004,9230,0
23325,23325004,9231,0
23325,23325004,9232,0
23325,23325004,9233,0
23325,23325004,9234,0
23325,23325004,9235,0
23325,23325004,9236,0
23325,23325004,9237,0
23325,23325004,9238,0
23325,23325004,9239,0
23325,23325004,9240,0
23325,23325004,9241,0
23325,23325004,9242,0
23325,23325004,9243,0
23325,23325004,9244,0
23325,23325004,9245,0
23325,23325004,9246,0
23325,23325004,9247,0
23325,23325004,9248,0
23325,23325004,9249,0
23325,23325004,9250,0
23325,23325004,9251,0
23325,23325004,9252,0
23325,23325004,9253,0
23325,23325004,9254,0
23325,23325004,9255,0
23325,23325004,9256,0
23325,23325004,9257,0
23325,23325004,9258,0
23325,23325004,9259,0
23325,23325004,9260,0
23325,23325004,9261,0
23325,23325004,9262,0
23325,23325004,9263,0
23325,23325004,9264,0
23325,23325004,9265,0
23325,23325004,9266,0
23325,23325004,9267,0
23325,23325004,9268,0
23325,23325004,9269,0
23325,23325004,9270,0
23325,23325004,9271,0
23325,23325004,9272,0
23325,23325004,9273,0
23325,23325004,9274,0
23325,23325004,9275,0
23325,23325004,9276,0
23325,23325004,9277,0
23325,23325004,9278,0
23325,23325004,9279,0
23325,23325004,9280,0
23325,23325004,9281,0
23325,23325004,9282,0
23325,23325004,9283,0
23325,23325004,9284,0
23325,23325004,9285,0
23325,23325004,9286,0
23325,23325004,9287,0
23325,23325004,9288,0
23325,23325004,9289,0
23325,23325004,9290,0
23325,23325004,9291,0
23325,23325004,9292,0
23325,23325004,9293,0
23325,23325004,9294,0
23325,23325004,9295,0
23325,23325004,9296,0
23325,23325004,9297,0
23325,23325004,9298,0
23325,23325004,9299,0
23325,23325004,9300,0
23325,23325004,9301,0
23325,23325004,9302,0
23325,23325004,9303,0
23325,23325004,9304,0
23325,23325004,9305,0
23325,23325004,9306,0
23325,23325004,9307,0
23325,23325004,9308,0
23325,23325004,9309,0
23325,23325004,9310,0
23325,23325004,9311,0
23325,23325004,9312,0
23325,23325004,9313,0
23325,23325004,9314,0
23325,23325004,9315,0
23325,23325004,9316,0
23325,23325004,9317,0
23325,23325004,9318,0
23325,23325004,9319,0
23325,23325004,9320,0
23325,23325004,9321,0
23325,23325004,9322,0
23325,23325004,9323,0
23325,23325004,9324,0
23325,23325004,9325,0
23325,23325004,9326,0
23325,23325004,9327,0
23325,23325004,9328,0
23325,23325004,9329,0
23325,23325004,9330,0
23325,23325004,9331,0
23325,23325004,9332,0
23325,23325004,9333,0
23325,23325004,9334,0
23325,23325004,9335,0
23325,23325004,9336,0
23325,23325004,9337,0
23325,23325004,9338,0
23325,23325004,9339,0
23325,23325004,9340,0
23325,23325004,9341,0
23325,23325004,9342,0
23325,23325004,9343,0
23325,23325004,9344,0
23325,23325004,9345,0
23325,23325004,9346,0
23325,23325004,9347,0
23325,23325004,9348,0
23325,23325004,9349,0
23325,23325004,9350,0
23325,23325004,9351,0
23325,23325004,9352,0
23325,23325004,9353,0
23325,23325004,9354,0
23325,23325004,9355,0
23325,23325004,9356,0
23325,23325004,9357,0
23325,23325004,9358,0
23325,23325004,9359,0
23325,23325004,9360,0
23325,23325004,9361,0
23325,23325004,9362,0
23325,23325004,9363,0
23325,23325004,9364,0
23325,23325004,9365,0
23325,23325004,9366,0
23325,23325004,9367,0
23325,23325004,9368,0
23325,23325004,9369,0
23325,23325004,9370,0
23325,23325004,9371,0
23325,23325004,9372,0
23325,23325004,9373,0
23325,23325004,9374,0
23325,23325004,9375,0
23325,23325004,9376,0
23325,23325004,9377,0
23325,23325004,9378,0
23325,23325004,9379,0
23325,23325004,9380,0
23325,23325004,9381,0
23325,23325004,9382,0
23325,23325004,9383,0
23325,23325004,9384,0
23325,23325004,9385,0
23325,23325004,9386,0
23325,23325004,9387,0
23325,23325004,9388,0
23325,23325004,9389,0
23325,23325004,9390,0
23325,23325004,9391,0
23325,23325004,9392,0
23325,23325004,9393,0
23325,23325004,9394,0
23325,23325004,9395,0
23325,23325004,9396,0
23325,23325004,9397,0
23325,23325004,9398,0
23325,23325004,9399,0
23325,23325004,9400,0
23325,23325004,9401,0
23325,23325004,9402,0
23325,23325004,9403,0
23325,23325004,9404,0
23325,23325004,9405,0
23325,23325004,9406,0
23325,23325004,9407,0
23325,23325004,9408,0
23325,23325004,9409,0
23325,23325004,9410,0
23325,23325004,9411,0
23325,23325004,9412,0
23325,23325004,9413,0
23325,23325004,9414,0
23325,23325004,9415,0
23325,23325004,9416,0
23325,23325004,9417,0
23325,23325004,9418,0
23325,23325004,9419,0
23325,23325004,9420,0
23325,23325004,9421,0
23325,23325004,9422,0
23325,23325004,9423,0
23325,23325004,9424,0
23325,23325004,9425,0
23325,23325004,9426,0
23325,23325004,9427,0
23325,23325004,9428,0
23325,23325004,9429,0
23325,23325004,9430,0
23325,23325004,9431,0
23325,23325004,9432,0
23325,23325004,9433,0
23325,23325004,9434,0
23325,23325004,9435,0
23325,23325004,9436,0
23325,23325004,9437,0
23325,23325004,9438,0
23325,23325004,9439,0
23325,23325004,9440,0
23325,23325004,9441,0
23325,23325004,9442,0
23325,23325004,9443,0
23325,23325004,9444,0
23325,23325004,9445,0
23325,23325004,9446,0
23325,23325004,9447,0
23325,23325004,9448,0
23325,23325004,9449,0
23325,23325004,9450,0
23325,23325004,9451,0
23325,23325004,9452,0
23325,23325004,9453,0
23325,23325004,9454,0
23325,23325004,9455,0
23325,23325004,9456,0
23325,23325004,9457,0
23325,23325004,9458,0
23325,23325004,9459,0
23325,23325004,9460,0
23325,23325004,9461,0
23325,23325004,9462,0
23325,23325004,9463,0
23325,23325004,9464,0
23325,23325004,9465,0
23325,23325004,9466,0
23325,23325004,9467,0
23325,23325004,9468,0
23325,23325004,9469,0
23325,23325004,9470,0
23325,23325004,9471,0
23325,23325004,9472,0
23325,23325004,9473,0
23325,23325004,9474,0
23325,23325004,9475,0
23325,23325004,9476,0
23325,23325004,9477,0
23325,23325004,9478,0
23325,23325004,9479,0
23325,23325004,9480,0
23325,23325004,9481,0
23325,23325004,9482,0
23325,23325004,9483,0
23325,23325004,9484,0
23325,23325004,9485,0
23325,23325004,9486,0
23325,23325004,9487,0
23325,23325004,9488,0
23325,23325004,9489,0
23325,23325004,9490,0
23325,23325004,9491,0
23325,23325004,9492,0
23325,23325004,9493,0
23325,23325004,9494,0
23325,23325004,9495,0
23325,23325004,9496,0
23325,23325004,9497,0
23325,23325004,9498,0
23325,23325004,9499,0
23325,23325004,9500,0
23325,23325004,9501,0
23325,23325004,9502,0
23325,23325004,9503,0
23325,23325004,9504,0
23325,23325004,9505,0
23325,23325004,9506,0
23325,23325004,9507,0
23325,23325004,9508,0
23325,23325004,9509,0
23325,23325004,9510,0
23325,23325004,9511,0
23325,23325004,9512,0
23325,23325004,9513,0
23325,23325004,9514,0
23325,23325004,9515,0
23325,23325004,9516,0
23325,23325004,9517,0
23325,23325004,9518,0
23325,23325004,9519,0
23325,23325004,9520,0
23325,23325004,9521,0
23325,23325004,9522,0
23325,23325004,9523,0
23325,23325004,9524,0
23325,23325004,9525,0
23325,23325004,9526,0
23325,23325004,9527,0
23325,23325004,9528,0
23325,23325004,9529,0
23325,23325004,9530,0
23325,23325004,9531,0
23325,23325004,9532,0
23325,23325004,9533,0
23325,23325004,9534,0
23325,23325004,9535,0
23325,23325004,9536,0
23325,23325004,9537,0
23325,23325004,9538,0
23325,23325004,9539,0
23325,23325004,9540,0
23325,23325004,9541,0
23325,23325004,9542,0
23325,23325004,9543,0
23325,23325004,9544,0
23325,23325004,9545,0
23325,23325004,9546,0
23325,23325004,9547,0
23325,23325004,9548,0
23325,23325004,9549,0
23325,23325004,9550,0
23325,23325004,9551,0
23325,23325004,9552,0
23325,23325004,9553,0
23325,23325004,9554,0
23325,23325004,9555,0
23325,23325004,9556,0
23325,23325004,9557,0
23325,23325004,9558,0
23325,23325004,9559,0
23325,23325004,9560,0
23325,23325004,9561,0
23325,23325004,9562,0
23325,23325004,9563,0
23325,23325004,9564,0
23325,23325004,9565,0
23325,23325004,9566,0
23325,23325004,9567,0
23325,23325004,9568,0
23325,23325004,9569,0
23325,23325004,9570,0
23325,23325004,9571,0
23325,23325004,9572,0
23325,23325004,9573,0
23325,23325004,9574,0
23325,23325004,9575,0
23325,23325004,9576,0
23325,23325004,9577,0
23325,23325004,9578,0
23325,23325004,9579,0
23325,23325004,9580,0
23325,23325004,9581,0
23325,23325004,9582,0
23325,23325004,9583,0
23325,23325004,9584,0
23325,23325004,9585,0
23325,23325004,9586,0
23325,23325004,9587,0
23325,23325004,9588,0
23325,23325004,9589,0
23325,23325004,9590,0
23325,23325004,9591,0
23325,23325004,9592,0
23325,23325004,9593,0
23325,23325004,9594,0
23325,23325004,9595,0
23325,23325004,9596,0
23325,23325004,9597,0
23325,23325004,9598,0
23325,23325004,9599,0
23325,23325004,9600,0
23325,23325004,9601,0
23325,23325004,9602,0
23325,23325004,9603,0
23325,23325004,9604,0
23325,23325004,9605,0
23325,23325004,9606,0
23325,23325004,9607,0
23325,23325004,9608,0
23325,23325004,9609,0
23325,23325004,9610,0
23325,23325004,9611,0
23325,23325004,9612,0
23325,23325004,9613,0
23325,23325004,9614,0
23325,23325004,9615,0
23325,23325004,9616,0
23325,23325004,9617,0
23325,23325004,9618,0
23325,23325004,9619,0
23325,23325004,9620,0
23325,23325004,9621,0
23325,23325004,9622,0
23325,23325004,9623,0
23325,23325004,9624,0
23325,23325004,9625,0
23325,23325004,9626,0
23325,23325004,9627,0
23325,23325004,9628,0
23325,23325004,9629,0
23325,23325004,9630,0
23325,23325004,9631,0
23325,23325004,9632,0
23325,23325004,9633,0
23325,23325004,9634,0
23325,23325004,9635,0
23325,23325004,9636,0
23325,23325004,9637,0
23325,23325004,9638,0
23325,23325004,9639,0
23325,23325004,9640,0
23325,23325004,9641,0
23325,23325004,9642,0
23325,23325004,9643,0
23325,23325004,9644,0
23325,23325004,9645,0
23325,23325004,9646,0
23325,23325004,9647,0
23325,23325004,9648,0
23325,23325004,9649,0
23325,23325004,9650,0
23325,23325004,9651,0
23325,23325004,9652,0
23325,23325004,9653,0
23325,23325004,9654,0
23325,23325004,9655,0
23325,23325004,9656,0
23325,23325004,9657,0
23325,23325004,9658,0
23325,23325004,9659,0
23325,23325004,9660,0
23325,23325004,9661,0
23325,23325004,9662,0
23325,23325004,9663,0
23325,23325004,9664,0
23325,23325004,9665,0
23325,23325004,9666,0
23325,23325004,9667,0
23325,23325004,9668,0
23325,23325004,9669,0
23325,23325004,9670,0
23325,23325004,9671,0
23325,23325004,9672,0
23325,23325004,9673,0
23325,23325004,9674,0
23325,23325004,9675,0
23325,23325004,9676,0
23325,23325004,9677,0
23325,23325004,9678,0
23325,23325004,9679,0
23325,23325004,9680,0
23325,23325004,9681,0
23325,23325004,9682,0
23325,23325004,9683,0
23325,23325004,9684,0
23325,23325004,9685,0
23325,23325004,9686,0
23325,23325004,9687,0
23325,23325004,9688,0
23325,23325004,9689,0
23325,23325004,9690,0
23325,23325004,9691,0
23325,23325004,9692,0
23325,23325004,9693,0
23325,23325004,9694,0
23325,23325004,9695,0
23325,23325004,9696,0
23325,23325004,9697,0
23325,23325004,9698,0
23325,23325004,9699,0
23325,23325004,9700,0
23325,23325004,9701,0
23325,23325004,9702,0
23325,23325004,9703,0
23325,23325004,9704,0
23325,23325004,9705,0
23325,23325004,9706,0
23325,23325004,9707,0
23325,23325004,9708,0
23325,23325004,9709,0
23325,23325004,9710,0
23325,23325004,9711,0
23325,23325004,9712,0
23325,23325004,9713,0
23325,23325004,9714,0
23325,23325004,9715,0
23325,23325004,9716,0
23325,23325004,9717,0
23325,23325004,9718,0
23325,23325004,9719,0
23325,23325004,9720,0
23325,23325004,9721,0
23325,23325004,9722,0
23325,23325004,9723,0
23325,23325004,9724,0
23325,23325004,9725,0
23325,23325004,9726,0
23325,23325004,9727,0
23325,23325004,9728,0
23325,23325004,9729,0
23325,23325004,9730,0
23325,23325004,9731,0
23325,23325004,9732,0
23325,23325004,9733,0
23325,23325004,9734,0
23325,23325004,9735,0
23325,23325004,9736,0
23325,23325004,9737,0
23325,23325004,9738,0
23325,23325004,9739,0
23325,23325004,9740,0
23325,23325004,9741,0
23325,23325004,9742,0
23325,23325004,9743,0
23325,23325004,9744,0
23325,23325004,9745,0
23325,23325004,9746,0
23325,23325004,9747,0
23325,23325004,9748,0
23325,23325004,9749,0
23325,23325006,8384,0
23325,23325006,8385,0
23325,23325006,8386,0
23325,23325006,8387,0
23325,23325006,8388,0
23325,23325006,8389,0
23325,23325006,8390,0
23325,23325006,8391,0
23325,23325006,8392,0
23325,23325006,8393,0
23325,23325006,8394,0
23325,23325006,8395,0
23325,23325006,8396,0
23325,23325006,8397,0
23325,23325006,8398,0
23325,23325006,8399,0
23325,23325006,8400,0
23325,23325006,8401,0
23325,23325006,8402,0
23325,23325006,8403,0
23325,23325006,8404,0
23325,23325006,8405,0
23325,23325006,8406,0
23325,23325006,8407,0
23325,23325006,8408,0
23325,23325006,8409,0
23325,23325006,8410,0
23325,23325006,8411,0
23325,23325006,8412,0
23325,23325006,8413,0
23325,23325006,8414,0
23325,23325006,8415,0
23325,23325006,8416,0
23325,23325006,8417,0
23325,23325006,8418,0
23325,23325006,8419,0
23325,23325006,8420,0
23325,23325006,8421,0
23325,23325006,8422,0
23325,23325006,8423,0
23325,23325006,8424,0
23325,23325006,8425,0
23325,23325006,8426,0
23325,23325006,8427,0
23325,23325006,8428,0
23325,23325006,8429,0
23325,23325006,8430,0
23325,23325006,8431,0
23325,23325006,8432,0
23325,23325006,8433,0
23325,23325006,8434,0
23325,23325006,8435,0
23325,23325006,8436,0
23325,23325006,8437,0
23325,23325006,8438,0
23325,23325006,8439,0
23325,23325006,8440,0
23325,23325006,8441,0
23325,23325006,8442,0
23325,23325006,8443,0
23325,23325006,8444,0
23325,23325006,8445,0
23325,23325006,8446,0
23325,23325006,8447,0
23325,23325006,8448,0
23325,23325006,8449,0
23325,23325006,8450,0
23325,23325006,8451,0
23325,23325006,8452,0
23325,23325006,8453,0
23325,23325006,8454,0
23325,23325006,8455,0
23325,23325006,8456,0
23325,23325006,8457,0
23325,23325006,8458,0
23325,23325006,8459,0
23325,23325006,8460,0
23325,23325006,8461,0
23325,23325006,8462,0
23325,23325006,8463,0
23325,23325006,8464,0
23325,23325006,8465,0
23325,23325006,8466,0
23325,23325006,8467,0
23325,23325006,8468,0
23325,23325006,8469,0
23325,23325006,8470,0
23325,23325006,8471,0
23325,23325006,8472,0
23325,23325006,8473,0
23325,23325006,8474,0
23325,23325006,8475,0
23325,23325006,8476,0
23325,23325006,8477,0
23325,23325006,8478,0
23325,23325006,8479,0
23325,23325006,8480,0
23325,23325006,8481,0
23325,23325006,8482,0
23325,23325006,8483,0
23325,23325006,8484,0
23325,23325006,8485,0
23325,23325006,8486,0
23325,23325006,8487,0
23325,23325006,8488,0
23325,23325006,8489,0
23325,23325006,8490,0
23325,23325006,8491,0
23325,23325006,8492,0
23325,23325006,8493,0
23325,23325006,8494,0
23325,23325006,8495,0
23325,23325006,8496,0
23325,23325006,8497,0
23325,23325006,8498,0
23325,23325006,8499,0
23325,23325006,8500,0
23325,23325006,8501,0
23325,23325006,8502,0
23325,23325006,8503,0
23325,23325006,8504,0
23325,23325006,8505,0
23325,23325006,8506,0
23325,23325006,8507,0
23325,23325006,8508,0
23325,23325006,8509,0
23325,23325006,8510,0
23325,23325006,8511,0
23325,23325006,8512,0
23325,23325006,8513,0
23325,23325006,8514,0
23325,23325006,8515,0
23325,23325006,8516,0
23325,23325006,8517,0
23325,23325006,8518,0
23325,23325006,8519,0
23325,23325006,8520,0
23325,23325006,8521,0
23325,23325006,8522,0
23325,23325006,8523,0
23325,23325006,8524,0
23325,23325006,8525,0
23325,23325006,8526,0
23325,23325006,8527,0
23325,23325006,8528,0
23325,23325006,8529,0
23325,23325006,8530,0
23325,23325006,8531,0
23325,23325006,8532,0
23325,23325006,8533,0
23325,23325006,8534,0
23325,23325006,8535,0
23325,23325006,8536,0
23325,23325006,8537,0
23325,23325006,8538,0
23325,23325006,8539,0
23325,23325006,8540,0
23325,23325006,8541,0
23325,23325006,8542,0
23325,23325006,8543,0
23325,23325006,8544,0
23325,23325006,8545,0
23325,23325006,8546,0
23325,23325006,8547,0
23325,23325006,8548,0
23325,23325006,8549,0
23325,23325006,8550,0
23325,23325006,8551,0
23325,23325006,8552,0
23325,23325006,8553,0
23325,23325006,8554,0
23325,23325006,8555,0
23325,23325006,8556,0
23325,23325006,8557,0
23325,23325006,8558,0
23325,23325006,8559,0
23325,23325006,8560,0
23325,23325006,8561,0
23325,23325006,8562,0
23325,23325006,8563,0
23325,23325006,8564,0
23325,23325006,8565,0
23325,23325006,8566,0
23325,23325006,8567,0
23325,23325006,8568,0
23325,23325006,8569,0
23325,23325006,8570,0
23325,23325006,8571,0
23325,23325006,8572,0
23325,23325006,8573,0
23325,23325006,8574,0
23325,23325006,8575,0
23325,23325006,8576,0
23325,23325006,8577,0
23325,23325006,8578,0
23325,23325006,8579,0
23325,23325006,8580,0
23325,23325006,8581,0
23325,23325006,8582,0
23325,23325006,8583,0
23325,23325006,8584,0
23325,23325006,8585,0
23325,23325006,8586,0
23325,23325006,8587,0
23325,23325006,8588,0
23325,23325006,8589,0
23325,23325006,8590,0
23325,23325006,8591,0
23325,23325006,8592,0
23325,23325006,8593,0
23325,23325006,8594,0
23325,23325006,8595,0
23325,23325006,8596,0
23325,23325006,8597,0
23325,23325006,8598,0
23325,23325006,8599,0
23325,23325006,8600,0
23325,23325006,8601,0
23325,23325006,8602,0
23325,23325006,8603,0
23325,23325006,8604,0
23325,23325006,8605,0
23325,23325006,8606,0
23325,23325006,8607,0
23325,23325006,8608,0
23325,23325006,8609,0
23325,23325006,8610,0
23325,23325006,8611,0
23325,23325006,8612,0
23325,23325006,8613,0
23325,23325006,8614,0
23325,23325006,8615,0
23325,23325006,8616,0
23325,23325006,8617,0
23325,23325006,8618,0
23325,23325006,8619,0
23325,23325006,8620,0
23325,23325006,8621,0
23325,23325006,8622,0
23325,23325006,8623,0
23325,23325006,8624,0
23325,23325006,8625,0
23325,23325006,8626,0
23325,23325006,8627,0
23325,23325006,8628,0
23325,23325006,8629,0
23325,23325006,8630,0
23325,23325006,8631,0
23325,23325006,8632,0
23325,23325006,8633,0
23325,23325006,8634,0
23325,23325006,8635,0
23325,23325006,8636,0
23325,23325006,8637,0
23325,23325006,8638,0
23325,23325006,8639,0
23325,23325006,8640,0
23325,23325006,8641,0
23325,23325006,8642,0
23325,23325006,8643,0
23325,23325006,8644,0
23325,23325006,8645,0
23325,23325006,8646,0
23325,23325006,8647,0
23325,23325006,8648,0
23325,23325006,8649,0
23325,23325006,8650,0
23325,23325006,8651,0
23325,23325006,8652,0
23325,23325006,8653,0
23325,23325006,8654,0
23325,23325006,8655,0
23325,23325006,8656,0
23325,23325006,8657,0
23325,23325006,8658,0
23325,23325006,8659,0
23325,23325006,8660,0
23325,23325006,8661,0
23325,23325006,8662,0
23325,23325006,8663,0
23325,23325006,8664,0
23325,23325006,8665,0
23325,23325006,8666,0
23325,23325006,8667,0
23325,23325006,8668,0
23325,23325006,8669,0
23325,23325006,8670,0
23325,23325006,8671,0
23325,23325006,8672,0
23325,23325006,8673,0
23325,23325006,8674,0
23325,23325006,8675,0
23325,23325006,8676,0
23325,23325006,8677,0
23325,23325006,8678,0
23325,23325006,8679,0
23325,23325006,8680,0
23325,23325006,8681,0
23325,23325006,8682,0
23325,23325006,8683,0
23325,23325006,8684,0
23325,23325006,8685,0
23325,23325006,8686,0
23325,23325006,8687,0
23325,23325006,8688,0
23325,23325006,8689,0
23325,23325006,8690,0
23325,23325006,8691,0
23325,23325006,8692,0
23325,23325006,8693,0
23325,23325006,8694,0
23325,23325006,8695,0
23325,23325006,8696,0
23325,23325006,8697,0
23325,23325006,8698,0
23325,23325006,8699,0
23325,23325006,8700,0
23325,23325006,8701,0
23325,23325006,8702,0
23325,23325006,8703,0
23325,23325006,8704,0
23325,23325006,8705,0
23325,23325006,8706,0
23325,23325006,8707,0
23325,23325006,8708,0
23325,23325006,8709,0
23325,23325006,8710,0
23325,23325006,8711,0
23325,23325006,8712,0
23325,23325006,8713,0
23325,23325006,8714,0
23325,23325006,8715,0
23325,23325006,8716,0
23325,23325006,8717,0
23325,23325006,8718,0
23325,23325006,8719,0
23325,23325006,8720,0
23325,23325006,8721,0
23325,23325006,8722,0
23325,23325006,8723,0
23325,23325006,8724,0
23325,23325006,8725,0
23325,23325006,8726,0
23325,23325006,8727,0
23325,23325006,8728,0
23325,23325006,8729,0
23325,23325006,8730,0
23325,23325006,8731,0
23325,23325006,8732,0
23325,23325006,8733,0
23325,23325006,8734,0
23325,23325006,8735,0
23325,23325006,8736,0
23325,23325006,8737,0
23325,23325006,8738,0
23325,23325006,8739,0
23325,23325006,8740,0
23325,23325006,8741,0
23325,23325006,8742,0
23325,23325006,8743,0
23325,23325006,8744,0
23325,23325006,8745,0
23325,23325006,8746,0
23325,23325006,8747,0
23325,23325006,8748,0
23325,23325006,8749,0
23325,23325006,8750,0
23325,23325006,8751,0
23325,23325006,8752,0
23325,23325006,8753,0
23325,23325006,8754,0
23325,23325006,8755,0
23325,23325006,8756,0
23325,23325006,8757,0
23325,23325006,8758,0
23325,23325006,8759,0
23325,23325006,8760,0
23325,23325006,8761,0
23325,23325006,8762,0
23325,23325006,8763,0
23325,23325006,8764,0
23325,23325006,8765,0
23325,23325006,8766,0
23325,23325006,8767,0
23325,23325006,8768,0
23325,23325006,8769,0
23325,23325006,8770,0
23325,23325006,8771,0
23325,23325006,8772,0
23325,23325006,8773,0
23325,23325006,8774,0
23325,23325006,8775,0
23325,23325006,8776,0
23325,23325006,8777,0
23325,23325006,8778,0
23325,23325006,8779,0
23325,23325006,8780,0
23325,23325006,8781,0
23325,23325006,8782,0
23325,23325006,8783,0
23325,23325006,8784,0
23325,23325006,8785,0
23325,23325006,8786,0
23325,23325006,8787,0
23325,23325006,8788,0
23325,23325006,8789,0
23325,23325006,8790,0
23325,23325006,8791,0
23325,23325006,8792,0
23325,23325006,8793,0
23325,23325006,8794,0
23325,23325006,8795,0
23325,23325006,8796,0
23325,23325006,8797,0
23325,23325006,8798,0
23325,23325006,8799,0
23325,23325006,8800,0
23325,23325006,8801,0
23325,23325006,8802,0
23325,23325006,8803,0
23325,23325006,8804,0
23325,23325006,8805,0
23325,23325006,8806,0
23325,23325006,8807,0
23325,23325006,8808,0
23325,23325006,8809,0
23325,23325006,8810,0
23325,23325006,8811,0
23325,23325006,8812,0
23325,23325006,8813,0
23325,23325006,8814,0
23325,23325006,8815,0
23325,23325006,8816,0
23325,23325006,8817,0
23325,23325006,8818,0
23325,23325006,8819,0
23325,23325006,8820,0
23325,23325006,8821,0
23325,23325006,8822,0
23325,23325006,8823,0
23325,23325006,8824,0
23325,23325006,8825,0
23325,23325006,8826,0
23325,23325006,8827,0
23325,23325006,8828,0
23325,23325006,8829,0
23325,23325006,8830,0
23325,23325006,8831,0
23325,23325006,8832,0
23325,23325006,8833,0
23325,23325006,8834,0
23325,23325006,8835,0
23325,23325006,8836,0
23325,23325006,8837,0
23325,23325006,8838,0
23325,23325006,8839,0
23325,23325006,8840,0
23325,23325006,8841,0
23325,23325006,8842,0
23325,23325006,8843,0
23325,23325006,8844,0
23325,23325006,8845,0
23325,23325006,8846,0
23325,23325006,8847,0
23325,23325006,8848,0
23325,23325006,8849,0
23325,23325006,8850,0
23325,23325006,8851,0
23325,23325006,8852,0
23325,23325006,8853,0
23325,23325006,8854,0
23325,23325006,8855,0
23325,23325006,8856,0
23325,23325006,8857,0
23325,23325006,8858,0
23325,23325006,8859,0
23325,23325006,8860,0
23325,23325006,8861,0
23325,23325006,8862,0
23325,23325006,8863,0
23325,23325006,8864,0
23325,23325006,8865,0
23325,23325006,8866,0
23325,23325006,8867,0
23325,23325006,8868,0
23325,23325006,8869,0
23325,23325006,8870,0
23325,23325006,8871,0
23325,23325006,8872,0
23325,23325006,8873,0
23325,23325006,8874,0
23325,23325006,8875,0
23325,23325006,8876,0
23325,23325006,8877,0
23325,23325006,8878,0
23325,23325006,8879,0
23325,23325006,8880,0
23325,23325006,8881,0
23325,23325006,8882,0
23325,23325006,8883,0
23325,23325006,8884,0
23325,23325006,8885,0
23325,23325006,8886,0
23325,23325006,8887,0
23325,23325006,8888,0
23325,23325006,8889,0
23325,23325006,8890,0
23325,23325006,8891,0
23325,23325006,8892,0
23325,23325006,8893,0
23325,23325006,8894,0
23325,23325006,8895,0
23325,23325006,8896,0
23325,23325006,8897,0
23325,23325006,8898,0
23325,23325006,8899,0
23325,23325006,8900,0
23325,23325006,8901,0
23325,23325006,8902,0
23325,23325006,8903,0
23325,23325006,8904,0
23325,23325006,8905,0
23325,23325006,8906,0
23325,23325006,8907,0
23325,23325006,8908,0
23325,23325006,8909,0
23325,23325006,8910,0
23325,23325006,8911,0
23325,23325006,8912,0
23325,23325006,8913,0
23325,23325006,8914,0
23325,23325006,8915,0
23325,23325006,8916,0
23325,23325006,8917,0
23325,23325006,8918,0
23325,23325006,8919,0
23325,23325006,8920,0
23325,23325006,8921,0
23325,23325006,8922,0
23325,23325006,8923,0
23325,23325006,8924,0
23325,23325006,8925,0
23325,23325006,8926,0
23325,23325006,8927,0
23325,23325006,8928,0
23325,23325006,8929,0
23325,23325006,8930,0
23325,23325006,8931,0
23325,23325006,8932,0
23325,23325006,8933,0
23325,23325006,8934,0
23325,23325006,8935,0
23325,23325006,8936,0
23325,23325006,8937,0
23325,23325006,8938,0
23325,23325006,8939,0
23325,23325006,8940,0
23325,23325006,8941,0
23325,23325006,8942,0
23325,23325006,8943,0
23325,23325006,8944,0
23325,23325006,8945,0
23325,23325006,8946,0
23325,23325006,8947,0
23325,23325006,8948,0
23325,23325006,8949,0
23325,23325006,8950,0
23325,23325006,8951,0
23325,23325006,8952,0
23325,23325006,8953,0
23325,23325006,8954,0
23325,23325006,8955,0
23325,23325006,8956,0
23325,23325006,8957,0
23325,23325006,8958,0
23325,23325006,8959,0
23325,23325006,8960,0
23325,23325006,8961,0
23325,23325006,8962,0
23325,23325006,8963,0
23325,23325006,8964,0
23325,23325006,8965,0
23325,23325006,8966,0
23325,23325006,8967,0
23325,23325006,8968,0
23325,23325006,8969,0
23325,23325006,8970,0
23325,23325006,8971,0
23325,23325006,8972,0
23325,23325006,8973,0
23325,23325006,8974,0
23325,23325006,8975,0
23325,23325006,8976,0
23325,23325006,8977,0
23325,23325006,8978,0
23325,23325006,8979,0
23325,23325006,8980,0
23325,23325006,8981,0
23325,23325006,8982,0
23325,23325006,8983,0
23325,23325006,8984,0
23325,23325006,8985,0
23325,23325006,8986,0
23325,23325006,8987,0
23325,23325006,8988,0
23325,23325006,8989,0
23325,23325006,8990,0
23325,23325006,8991,0
23325,23325006,8992,0
23325,23325006,8993,0
23325,23325006,8994,0
23325,23325006,8995,0
23325,23325006,8996,0
23325,23325006,8997,0
23325,23325006,8998,0
23325,23325006,8999,0
23325,23325006,9000,0
23325,23325006,9001,0
23325,23325006,9002,0
23325,23325006,9003,0
23325,23325006,9004,0
23325,23325006,9005,0
23325,23325006,9006,0
23325,23325006,9007,0
23325,23325006,9008,0
23325,23325006,9009,0
23325,23325006,9010,0
23325,23325006,9011,0
23325,23325006,9012,0
23325,23325006,9013,0
23325,23325006,9014,0
23325,23325006,9015,0
23325,23325006,9016,0
23325,23325006,9017,0
23325,23325006,9018,0
23325,23325006,9019,0
23325,23325006,9020,0
23325,23325006,9021,0
23325,23325006,9022,0
23325,23325006,9023,0
23325,23325006,9024,0
23325,23325006,9025,0
23325,23325006,9026,0
23325,23325006,9027,0
23325,23325006,9028,0
23325,23325006,9029,0
23325,23325006,9030,0
23325,23325006,9031,0
23325,23325006,9032,0
23325,23325006,9033,0
23325,23325006,9034,0
23325,23325006,9035,0
23325,23325006,9036,0
23325,23325006,9037,0
23325,23325006,9038,0
23325,23325006,9039,0
23325,23325006,9040,0
23325,23325006,9041,0
23325,23325006,9042,0
23325,23325006,9043,0
23325,23325006,9044,0
23325,23325006,9045,0
23325,23325006,9046,0
23325,23325006,9047,0
23325,23325006,9048,0
23325,23325006,9049,0
23325,23325006,9050,0
23325,23325006,9051,0
23325,23325006,9052,0
23325,23325006,9053,0
23325,23325006,9054,0
23325,23325006,9055,0
23325,23325006,9056,0
23325,23325006,9057,0
23325,23325006,9058,0
23325,23325006,9059,0
23325,23325006,9060,0
23325,23325006,9061,0
23325,23325006,9062,0
23325,23325006,9063,0
23325,23325006,9064,0
23325,23325006,9065,0
23325,23325006,9066,0
23325,23325006,9067,0
23325,23325006,9068,0
23325,23325006,9069,0
23325,23325006,9070,0
23325,23325006,9071,0
23325,23325006,9072,0
23325,23325006,9073,0
23325,23325006,9074,0
23325,23325006,9075,0
23325,23325006,9076,0
23325,23325006,9077,0
23325,23325006,9078,0
23325,23325006,9079,0
23325,23325006,9080,0
23325,23325006,9081,0
23325,23325006,9082,0
23325,23325006,9083,0
23325,23325006,9084,0
23325,23325006,9085,0
23325,23325006,9086,0
23325,23325006,9087,0
23325,23325006,9088,0
23325,23325006,9089,0
23325,23325006,9090,0
23325,23325006,9091,0
23325,23325006,9092,0
23325,23325006,9093,0
23325,23325006,9094,0
23325,23325006,9095,0
23325,23325006,9096,0
23325,23325006,9097,0
23325,23325006,9098,0
23325,23325006,9099,0
23325,23325006,9100,0
23325,23325006,9101,0
23325,23325006,9102,0
23325,23325006,9103,0
23325,23325006,9104,0
23325,23325006,9105,0
23325,23325006,9106,0
23325,23325006,9107,0
23325,23325006,9108,0
23325,23325006,9109,0
23325,23325006,9110,0
23325,23325006,9111,0
23325,23325006,9112,0
23325,23325006,9113,0
23325,23325006,9114,0
23325,23325006,9115,0
23325,23325006,9116,0
23325,23325006,9117,0
23325,23325006,9118,0
23325,23325006,9119,0
23325,23325006,9120,0
23325,23325006,9121,0
23325,23325006,9122,0
23325,23325006,9123,0
23325,23325006,9124,0
23325,23325006,9125,0
23325,23325006,9126,0
23325,23325006,9127,0
23325,23325006,9128,0
23325,23325006,9129,0
23325,23325006,9130,0
23325,23325006,9131,0
23325,23325006,9132,0
23325,23325006,9133,0
23325,23325006,9134,0
23325,23325006,9135,0
23325,23325006,9136,0
23325,23325006,9137,0
23325,23325006,9138,0
23325,23325006,9139,0
23325,23325006,9140,0
23325,23325006,9141,0
23325,23325006,9142,0
23325,23325006,9143,0
23325,23325006,9144,0
23325,23325006,9145,0
23325,23325006,9146,0
23325,23325006,9147,0
23325,23325006,9148,0
23325,23325006,9149,0
23325,23325006,9150,0
23325,23325006,9151,0
23325,23325006,9152,0
23325,23325006,9153,0
23325,23325006,9154,0
23325,23325006,9155,0
23325,23325006,9156,0
23325,23325006,9157,0
23325,23325006,9158,0
23325,23325006,9159,0
23325,23325006,9160,0
23325,23325006,9161,0
23325,23325006,9162,0
23325,23325006,9163,0
23325,23325006,9164,0
23325,23325006,9165,0
23325,23325006,9166,0
23325,23325006,9167,0
23325,23325006,9168,0
23325,23325006,9169,0
23325,23325006,9170,0
23325,23325006,9171,0
23325,23325006,9172,0
23325,23325006,9173,0
23325,23325006,9174,0
23325,23325006,9175,0
23325,23325006,9176,0
23325,23325006,9177,0
23325,23325006,9178,0
23325,23325006,9179,0
23325,23325006,9180,0
23325,23325006,9181,0
23325,23325006,9182,0
23325,23325006,9183,0
23325,23325006,9184,0
23325,23325006,9185,0
23325,23325006,9186,0
23325,23325006,9187,0
23325,23325006,9188,0
23325,23325006,9189,0
23325,23325006,9190,0
23325,23325006,9191,0
23325,23325006,9192,0
23325,23325006,9193,0
23325,23325006,9194,0
23325,23325006,9195,0
23325,23325006,9196,0
23325,23325006,9197,0
23325,23325006,9198,0
23325,23325006,9199,0
23325,23325006,9200,0
23325,23325006,9201,0
23325,23325006,9202,0
23325,23325006,9203,0
23325,23325006,9204,0
23325,23325006,9205,0
23325,23325006,9206,0
23325,23325006,9207,0
23325,23325006,9208,0
23325,23325006,9209,0
23325,23325006,9210,0
23325,23325006,9211,0
23325,23325006,9212,0
23325,23325006,9213,0
23325,23325006,9214,0
23325,23325006,9215,0
23325,23325006,9216,0
23325,23325006,9217,0
23325,23325006,9218,0
23325,23325006,9219,0
23325,23325006,9220,0
23325,23325006,9221,0
23325,23325006,9222,0
23325,23325006,9223,0
23325,23325006,9224,0
23325,23325006,9225,0
23325,23325006,9226,0
23325,23325006,9227,0
23325,23325006,9228,0
23325,23325006,9229,0
23325,23325006,9230,0
23325,23325006,9231,0
23325,23325006,9232,0
23325,23325006,9233,0
23325,23325006,9234,0
23325,23325006,9235,0
23325,23325006,9236,0
23325,23325006,9237,0
23325,23325006,9238,0
23325,23325006,9239,0
23325,23325006,9240,0
23325,23325006,9241,0
23325,23325006,9242,0
23325,23325006,9243,0
23325,23325006,9244,0
23325,23325006,9245,0
23325,23325006,9246,0
23325,23325006,9247,0
23325,23325006,9248,0
23325,23325006,9249,0
23325,23325006,9250,0
23325,23325006,9251,0
23325,23325006,9252,0
23325,23325006,9253,0
23325,23325006,9254,0
23325,23325006,9255,0
23325,23325006,9256,0
23325,23325006,9257,0
23325,23325006,9258,0
23325,23325006,9259,0
23325,23325006,9260,0
23325,23325006,9261,0
23325,23325006,9262,0
23325,23325006,9263,0
23325,23325006,9264,0
23325,23325006,9265,0
23325,23325006,9266,0
23325,23325006,9267,0
23325,23325006,9268,0
23325,23325006,9269,0
23325,23325006,9270,0
23325,23325006,9271,0
23325,23325006,9272,0
23325,23325006,9273,0
23325,23325006,9274,0
23325,23325006,9275,0
23325,23325006,9276,0
23325,23325006,9277,0
23325,23325006,9278,0
23325,23325006,9279,0
23325,23325006,9280,0
23325,23325006,9281,0
23325,23325006,9282,0
23325,23325006,9283,0
23325,23325006,9284,0
23325,23325006,9285,0
23325,23325006,9286,0
23325,23325006,9287,0
23325,23325006,9288,0
23325,23325006,9289,0
23325,23325006,9290,0
23325,23325006,9291,0
23325,23325006,9292,0
23325,23325006,9293,0
23325,23325006,9294,0
23325,23325006,9295,0
23325,23325006,9296,0
23325,23325006,9297,0
23325,23325006,9298,0
23325,23325006,9299,0
23325,23325006,9300,0
23325,23325006,9301,0
23325,23325006,9302,0
23325,23325006,9303,0
23325,23325006,9304,0
23325,23325006,9305,0
23325,23325006,9306,0
23325,23325006,9307,0
23325,23325006,9308,0
23325,23325006,9309,0
23325,23325006,9310,0
23325,23325006,9311,0
23325,23325006,9312,0
23325,23325006,9313,0
23325,23325006,9314,0
23325,23325006,9315,0
23325,23325006,9316,0
23325,23325006,9317,0
23325,23325006,9318,0
23325,23325006,9319,0
23325,23325006,9320,0
23325,23325006,9321,0
23325,23325006,9322,0
23325,23325006,9323,0
23325,23325006,9324,0
23325,23325006,9325,0
23325,23325006,9326,0
23325,23325006,9327,0
23325,23325006,9328,0
23325,23325006,9329,0
23325,23325006,9330,0
23325,23325006,9331,0
23325,23325006,9332,0
23325,23325006,9333,0
23325,23325006,9334,0
23325,23325006,9335,0
23325,23325006,9336,0
23325,23325006,9337,0
23325,23325006,9338,0
23325,23325006,9339,0
23325,23325006,9340,0
23325,23325006,9341,0
23325,23325006,9342,0
23325,23325006,9343,0
23325,23325006,9344,0
23325,23325006,9345,0
23325,23325006,9346,0
23325,23325006,9347,0
23325,23325006,9348,0
23325,23325006,9349,0
23325,23325006,9350,0
23325,23325006,9351,0
23325,23325006,9352,0
23325,23325006,9353,0
23325,23325006,9354,0
23325,23325006,9355,0
23325,23325006,9356,0
23325,23325006,9357,0
23325,23325006,9358,0
23325,23325006,9359,0
23325,23325006,9360,0
23325,23325006,9361,0
23325,23325006,9362,0
23325,23325006,9363,0
23325,23325006,9364,0
23325,23325006,9365,0
23325,23325006,9366,0
23325,23325006,9367,0
23325,23325006,9368,0
23325,23325006,9369,0
23325,23325006,9370,0
23325,23325006,9371,0
23325,23325006,9372,0
23325,23325006,9373,0
23325,23325006,9374,0
23325,23325006,9375,0
23325,23325006,9376,0
23325,23325006,9377,0
23325,23325006,9378,0
23325,23325006,9379,0
23325,23325006,9380,0
23325,23325006,9381,0
23325,23325006,9382,0
23325,23325006,9383,0
23325,23325006,9384,0
23325,23325006,9385,0
23325,23325006,9386,0
23325,23325006,9387,0
23325,23325006,9388,0
23325,23325006,9389,0
23325,23325006,9390,0
23325,23325006,9391,0
23325,23325006,9392,0
23325,23325006,9393,0
23325,23325006,9394,0
23325,23325006,9395,0
23325,23325006,9396,0
23325,23325006,9397,0
23325,23325006,9398,0
23325,23325006,9399,0
23325,23325006,9400,0
23325,23325006,9401,0
23325,23325006,9402,0
23325,23325006,9403,0
23325,23325006,9404,0
23325,23325006,9405,0
23325,23325006,9406,0
23325,23325006,9407,0
23325,23325006,9408,0
23325,23325006,9409,0
23325,23325006,9410,0
23325,23325006,9411,0
23325,23325006,9412,0
23325,23325006,9413,0
23325,23325006,9414,0
23325,23325006,9415,0
23325,23325006,9416,0
23325,23325006,9417,0
23325,23325006,9418,0
23325,23325006,9419,0
23325,23325006,9420,0
23325,23325006,9421,0
23325,23325006,9422,0
23325,23325006,9423,0
23325,23325006,9424,0
23325,23325006,9425,0
23325,23325006,9426,0
23325,23325006,9427,0
23325,23325006,9428,0
23325,23325006,9429,0
23325,23325006,9430,0
23325,23325006,9431,0
23325,23325006,9432,0
23325,23325006,9433,0
23325,23325006,9434,0
23325,23325006,9435,0
23325,23325006,9436,0
23325,23325006,9437,0
23325,23325006,9438,0
23325,23325006,9439,0
23325,23325006,9440,0
23325,23325006,9441,0
23325,23325006,9442,0
23325,23325006,9443,0
23325,23325006,9444,0
23325,23325006,9445,0
23325,23325006,9446,0
23325,23325006,9447,0
23325,23325006,9448,0
23325,23325006,9449,0
23325,23325006,9450,0
23325,23325006,9451,0
23325,23325006,9452,0
23325,23325006,9453,0
23325,23325006,9454,0
23325,23325006,9455,0
23325,23325006,9456,0
23325,23325006,9457,0
23325,23325006,9458,0
23325,23325006,9459,0
23325,23325006,9460,0
23325,23325006,9461,0
23325,23325006,9462,0
23325,23325006,9463,0
23325,23325006,9464,0
23325,23325006,9465,0
23325,23325006,9466,0
23325,23325006,9467,0
23325,23325006,9468,0
23325,23325006,9469,0
23325,23325006,9470,0
23325,23325006,9471,0
23325,23325006,9472,0
23325,23325006,9473,0
23325,23325006,9474,0
23325,23325006,9475,0
23325,23325006,9476,0
23325,23325006,9477,0
23325,23325006,9478,0
23325,23325006,9479,0
23325,23325006,9480,0
23325,23325006,9481,0
23325,23325006,9482,0
23325,23325006,9483,0
23325,23325006,9484,0
23325,23325006,9485,0
23325,23325006,9486,0
23325,23325006,9487,0
23325,23325006,9488,0
23325,23325006,9489,0
23325,23325006,9490,0
23325,23325006,9491,0
23325,23325006,9492,0
23325,23325006,9493,0
23325,23325006,9494,0
23325,23325006,9495,0
23325,23325006,9496,0
23325,23325006,9497,0
23325,23325006,9498,0
23325,23325006,9499,0
23325,23325006,9500,0
23325,23325006,9501,0
23325,23325006,9502,0
23325,23325006,9503,0
23325,23325006,9504,0
23325,23325006,9505,0
23325,23325006,9506,0
23325,23325006,9507,0
23325,23325006,9508,0
23325,23325006,9509,0
23325,23325006,9510,0
23325,23325006,9511,0
23325,23325006,9512,0
23325,23325006,9513,0
23325,23325006,9514,0
23325,23325006,9515,0
23325,23325006,9516,0
23325,23325006,9517,0
23325,23325006,9518,0
23325,23325006,9519,0
23325,23325006,9520,0
23325,23325006,9521,0
23325,23325006,9522,0
23325,23325006,9523,0
23325,23325006,9524,0
23325,23325006,9525,0
23325,23325006,9526,0
23325,23325006,9527,0
23325,23325006,9528,0
23325,23325006,9529,0
23325,23325006,9530,0
23325,23325006,9531,0
23325,23325006,9532,0
23325,23325006,9533,0
23325,23325006,9534,0
23325,23325006,9535,0
23325,23325006,9536,0
23325,23325006,9537,0
23325,23325006,9538,0
23325,23325006,9539,0
23325,23325006,9540,0
23325,23325006,9541,0
23325,23325006,9542,0
23325,23325006,9543,0
23325,23325006,9544,0
23325,23325006,9545,0
23325,23325006,9546,0
23325,23325006,9547,0
23325,23325006,9548,0
23325,23325006,9549,0
23325,23325006,9550,0
23325,23325006,9551,0
23325,23325006,9552,0
23325,23325006,9553,0
23325,23325006,9554,0
23325,23325006,9555,0
23325,23325006,9556,0
23325,23325006,9557,0
23325,23325006,9558,0
23325,23325006,9559,0
23325,23325006,9560,0
23325,23325006,9561,0
23325,23325006,9562,0
23325,23325006,9563,0
23325,23325006,9564,0
23325,23325006,9565,0
23325,23325006,9566,0
23325,23325006,9567,0
23325,23325006,9568,0
23325,23325006,9569,0
23325,23325006,9570,0
23325,23325006,9571,0
23325,23325006,9572,0
23325,23325006,9573,0
23325,23325006,9574,0
23325,23325006,9575,0
23325,23325006,9576,0
23325,23325006,9577,0
23325,23325006,9578,0
23325,23325006,9579,0
23325,23325006,9580,0
23325,23325006,9581,0
23325,23325006,9582,0
23325,23325006,9583,0
23325,23325006,9584,0
23325,23325006,9585,0
23325,23325006,9586,0
23325,23325006,9587,0
23325,23325006,9588,0
23325,23325006,9589,0
23325,23325006,9590,0
23325,23325006,9591,0
23325,23325006,9592,0
23325,23325006,9593,0
23325,23325006,9594,0
23325,23325006,9595,0
23325,23325006,9596,0
23325,23325006,9597,0
23325,23325006,9598,0
23325,23325006,9599,0
23325,23325006,9600,0
23325,23325006,9601,0
23325,23325006,9602,0
23325,23325006,9603,0
23325,23325006,9604,0
23325,23325006,9605,0
23325,23325006,9606,0
23325,23325006,9607,0
23325,23325006,9608,0
23325,23325006,9609,0
23325,23325006,9610,0
23325,23325006,9611,0
23325,23325006,9612,0
23325,23325006,9613,0
23325,23325006,9614,0
23325,23325006,9615,0
23325,23325006,9616,0
23325,23325006,9617,0
23325,23325006,9618,0
23325,23325006,9619,0
23325,23325006,9620,0
23325,23325006,9621,0
23325,23325006,9622,0
23325,23325006,9623,0
23325,23325006,9624,0
23325,23325006,9625,0
23325,23325006,9626,0
23325,23325006,9627,0
23325,23325006,9628,0
23325,23325006,9629,0
23325,23325006,9630,0
23325,23325006,9631,0
23325,23325006,9632,0
23325,23325006,9633,0
23325,23325006,9634,0
23325,23325006,9635,0
23325,23325006,9636,0
23325,23325006,9637,0
23325,23325006,9638,0
23325,23325006,9639,0
23325,23325006,9640,0
23325,23325006,9641,0
23325,23325006,9642,0
23325,23325006,9643,0
23325,23325006,9644,0
23325,23325006,9645,0
23325,23325006,9646,0
23325,23325006,9647,0
23325,23325006,9648,0
23325,23325006,9649,0
23325,23325006,9650,0
23325,23325006,9651,0
23325,23325006,9652,0
23325,23325006,9653,0
23325,23325006,9654,0
23325,23325006,9655,0
23325,23325006,9656,0
23325,23325006,9657,0
23325,23325006,9658,0
23325,23325006,9659,0
23325,23325006,9660,0
23325,23325006,9661,0
23325,23325006,9662,0
23325,23325006,9663,0
23325,23325006,9664,0
23325,23325006,9665,0
23325,23325006,9666,0
23325,23325006,9667,0
23325,23325006,9668,0
23325,23325006,9669,0
23325,23325006,9670,0
23325,23325006,9671,0
23325,23325006,9672,0
23325,23325006,9673,0
23325,23325006,9674,0
23325,23325006,9675,0
23325,23325006,9676,0
23325,23325006,9677,0
23325,23325006,9678,0
23325,23325006,9679,0
23325,23325006,9680,0
23325,23325006,9681,0
23325,23325006,9682,0
23325,23325006,9683,0
23325,23325006,9684,0
23325,23325006,9685,0
23325,23325006,9686,0
23325,23325006,9687,0
23325,23325006,9688,0
23325,23325006,9689,0
23325,23325006,9690,0
23325,23325006,9691,0
23325,23325006,9692,0
23325,23325006,9693,0
23325,23325006,9694,0
23325,23325006,9695,0
23325,23325006,9696,0
23325,23325006,9697,0
23325,23325006,9698,0
23325,23325006,9699,0
23325,23325006,9700,0
23325,23325006,9701,0
23325,23325006,9702,0
23325,23325006,9703,0
23325,23325006,9704,0
23325,23325006,9705,0
23325,23325006,9706,0
23325,23325006,9707,0
23325,23325006,9708,0
23325,23325006,9709,0
23325,23325006,9710,0
23325,23325006,9711,0
23325,23325006,9712,0
23325,23325006,9713,0
23325,23325006,9714,0
23325,23325006,9715,0
23325,23325006,9716,0
23325,23325006,9717,0
23325,23325006,9718,0
23325,23325006,9719,0
23325,23325006,9720,0
23325,23325006,9721,0
23325,23325006,9722,0
23325,23325006,9723,0
23325,23325006,9724,0
23325,23325006,9725,0
23325,23325006,9726,0
23325,23325006,9727,0
23325,23325006,9728,0
23325,23325006,9729,0
23325,23325006,9730,0
23325,23325006,9731,0
23325,23325006,9732,0
23325,23325006,9733,0
23325,23325006,9734,0
23325,23325006,9735,0
23325,23325006,9736,0
23325,23325006,9737,0
23325,23325006,9738,0
23325,23325006,9739,0
23325,23325006,9740,0
23325,23325006,9741,0
23325,23325006,9742,0
23325,23325006,9743,0
23325,23325006,9744,0
23325,23325006,9745,0
23325,23325006,9746,0
23325,23325006,9747,0
23325,23325006,9748,0
23325,23325006,9749,0
23325,23325007,8384,0
23325,23325007,8385,0
23325,23325007,8386,0
23325,23325007,8387,0
23325,23325007,8388,0
23325,23325007,8389,0
23325,23325007,8390,0
23325,23325007,8391,0
23325,23325007,8392,0
23325,23325007,8393,0
23325,23325007,8394,0
23325,23325007,8395,0
23325,23325007,8396,0
23325,23325007,8397,0
23325,23325007,8398,0
23325,23325007,8399,0
23325,23325007,8400,0
23325,23325007,8401,0
23325,23325007,8402,0
23325,23325007,8403,0
23325,23325007,8404,0
23325,23325007,8405,0
23325,23325007,8406,0
23325,23325007,8407,0
23325,23325007,8408,0
23325,23325007,8409,0
23325,23325007,8410,0
23325,23325007,8411,0
23325,23325007,8412,0
23325,23325007,8413,0
23325,23325007,8414,0
23325,23325007,8415,0
23325,23325007,8416,0
23325,23325007,8417,0
23325,23325007,8418,0
23325,23325007,8419,0
23325,23325007,8420,0
23325,23325007,8421,0
23325,23325007,8422,0
23325,23325007,8423,0
23325,23325007,8424,0
23325,23325007,8425,0
23325,23325007,8426,0
23325,23325007,8427,0
23325,23325007,8428,0
23325,23325007,8429,0
23325,23325007,8430,0
23325,23325007,8431,0
23325,23325007,8432,0
23325,23325007,8433,0
23325,23325007,8434,0
23325,23325007,8435,0
23325,23325007,8436,0
23325,23325007,8437,0
23325,23325007,8438,0
23325,23325007,8439,0
23325,23325007,8440,0
23325,23325007,8441,0
23325,23325007,8442,0
23325,23325007,8443,0
23325,23325007,8444,0
23325,23325007,8445,0
23325,23325007,8446,0
23325,23325007,8447,0
23325,23325007,8448,0
23325,23325007,8449,0
23325,23325007,8450,0
23325,23325007,8451,0
23325,23325007,8452,0
23325,23325007,8453,0
23325,23325007,8454,0
23325,23325007,8455,0
23325,23325007,8456,0
23325,23325007,8457,0
23325,23325007,8458,0
23325,23325007,8459,0
23325,23325007,8460,0
23325,23325007,8461,0
23325,23325007,8462,0
23325,23325007,8463,0
23325,23325007,8464,0
23325,23325007,8465,0
23325,23325007,8466,0
23325,23325007,8467,0
23325,23325007,8468,0
23325,23325007,8469,0
23325,23325007,8470,0
23325,23325007,8471,0
23325,23325007,8472,0
23325,23325007,8473,0
23325,23325007,8474,0
23325,23325007,8475,0
23325,23325007,8476,0
23325,23325007,8477,0
23325,23325007,8478,0
23325,23325007,8479,0
23325,23325007,8480,0
23325,23325007,8481,0
23325,23325007,8482,0
23325,23325007,8483,0
23325,23325007,8484,0
23325,23325007,8485,0
23325,23325007,8486,0
23325,23325007,8487,0
23325,23325007,8488,0
23325,23325007,8489,0
23325,23325007,8490,0
23325,23325007,8491,0
23325,23325007,8492,0
23325,23325007,8493,0
23325,23325007,8494,0
23325,23325007,8495,0
23325,23325007,8496,0
23325,23325007,8497,0
23325,23325007,8498,0
23325,23325007,8499,0
23325,23325007,8500,0
23325,23325007,8501,0
23325,23325007,8502,0
23325,23325007,8503,0
23325,23325007,8504,0
23325,23325007,8505,0
23325,23325007,8506,0
23325,23325007,8507,0
23325,23325007,8508,0
23325,23325007,8509,0
23325,23325007,8510,0
23325,23325007,8511,0
23325,23325007,8512,0
23325,23325007,8513,0
23325,23325007,8514,0
23325,23325007,8515,0
23325,23325007,8516,0
23325,23325007,8517,0
23325,23325007,8518,0
23325,23325007,8519,0
23325,23325007,8520,0
23325,23325007,8521,0
23325,23325007,8522,0
23325,23325007,8523,0
23325,23325007,8524,0
23325,23325007,8525,0
23325,23325007,8526,0
23325,23325007,8527,0
23325,23325007,8528,0
23325,23325007,8529,0
23325,23325007,8530,0
23325,23325007,8531,0
23325,23325007,8532,0
23325,23325007,8533,0
23325,23325007,8534,0
23325,23325007,8535,0
23325,23325007,8536,0
23325,23325007,8537,0
23325,23325007,8538,0
23325,23325007,8539,0
23325,23325007,8540,0
23325,23325007,8541,0
23325,23325007,8542,0
23325,23325007,8543,0
23325,23325007,8544,0
23325,23325007,8545,0
23325,23325007,8546,0
23325,23325007,8547,0
23325,23325007,8548,0
23325,23325007,8549,0
23325,23325007,8550,0
23325,23325007,8551,0
23325,23325007,8552,0
23325,23325007,8553,0
23325,23325007,8554,0
23325,23325007,8555,0
23325,23325007,8556,0
23325,23325007,8557,0
23325,23325007,8558,0
23325,23325007,8559,0
23325,23325007,8560,0
23325,23325007,8561,0
23325,23325007,8562,0
23325,23325007,8563,0
23325,23325007,8564,0
23325,23325007,8565,0
23325,23325007,8566,0
23325,23325007,8567,0
23325,23325007,8568,0
23325,23325007,8569,0
23325,23325007,8570,0
23325,23325007,8571,0
23325,23325007,8572,0
23325,23325007,8573,0
23325,23325007,8574,0
23325,23325007,8575,0
23325,23325007,8576,0
23325,23325007,8577,0
23325,23325007,8578,0
23325,23325007,8579,0
23325,23325007,8580,0
23325,23325007,8581,0
23325,23325007,8582,0
23325,23325007,8583,0
23325,23325007,8584,0
23325,23325007,8585,0
23325,23325007,8586,0
23325,23325007,8587,0
23325,23325007,8588,0
23325,23325007,8589,0
23325,23325007,8590,0
23325,23325007,8591,0
23325,23325007,8592,0
23325,23325007,8593,0
23325,23325007,8594,0
23325,23325007,8595,0
23325,23325007,8596,0
23325,23325007,8597,0
23325,23325007,8598,0
23325,23325007,8599,0
23325,23325007,8600,0
23325,23325007,8601,0
23325,23325007,8602,0
23325,23325007,8603,0
23325,23325007,8604,0
23325,23325007,8605,0
23325,23325007,8606,0
23325,23325007,8607,0
23325,23325007,8608,0
23325,23325007,8609,0
23325,23325007,8610,0
23325,23325007,8611,0
23325,23325007,8612,0
23325,23325007,8613,0
23325,23325007,8614,0
23325,23325007,8615,0
23325,23325007,8616,0
23325,23325007,8617,0
23325,23325007,8618,0
23325,23325007,8619,0
23325,23325007,8620,0
23325,23325007,8621,0
23325,23325007,8622,0
23325,23325007,8623,0
23325,23325007,8624,0
23325,23325007,8625,0
23325,23325007,8626,0
23325,23325007,8627,0
23325,23325007,8628,0
23325,23325007,8629,0
23325,23325007,8630,0
23325,23325007,8631,0
23325,23325007,8632,0
23325,23325007,8633,0
23325,23325007,8634,0
23325,23325007,8635,0
23325,23325007,8636,0
23325,23325007,8637,0
23325,23325007,8638,0
23325,23325007,8639,0
23325,23325007,8640,0
23325,23325007,8641,0
23325,23325007,8642,0
23325,23325007,8643,0
23325,23325007,8644,0
23325,23325007,8645,0
23325,23325007,8646,0
23325,23325007,8647,0
23325,23325007,8648,0
23325,23325007,8649,0
23325,23325007,8650,0
23325,23325007,8651,0
23325,23325007,8652,0
23325,23325007,8653,0
23325,23325007,8654,0
23325,23325007,8655,0
23325,23325007,8656,0
23325,23325007,8657,0
23325,23325007,8658,0
23325,23325007,8659,0
23325,23325007,8660,0
23325,23325007,8661,0
23325,23325007,8662,0
23325,23325007,8663,0
23325,23325007,8664,0
23325,23325007,8665,0
23325,23325007,8666,0
23325,23325007,8667,0
23325,23325007,8668,0
23325,23325007,8669,0
23325,23325007,8670,0
23325,23325007,8671,0
23325,23325007,8672,0
23325,23325007,8673,0
23325,23325007,8674,0
23325,23325007,8675,0
23325,23325007,8676,0
23325,23325007,8677,0
23325,23325007,8678,0
23325,23325007,8679,0
23325,23325007,8680,0
23325,23325007,8681,0
23325,23325007,8682,0
23325,23325007,8683,0
23325,23325007,8684,0
23325,23325007,8685,0
23325,23325007,8686,0
23325,23325007,8687,0
23325,23325007,8688,0
23325,23325007,8689,0
23325,23325007,8690,0
23325,23325007,8691,0
23325,23325007,8692,0
23325,23325007,8693,0
23325,23325007,8694,0
23325,23325007,8695,0
23325,23325007,8696,0
23325,23325007,8697,0
23325,23325007,8698,0
23325,23325007,8699,0
23325,23325007,8700,0
23325,23325007,8701,0
23325,23325007,8702,0
23325,23325007,8703,0
23325,23325007,8704,0
23325,23325007,8705,0
23325,23325007,8706,0
23325,23325007,8707,0
23325,23325007,8708,0
23325,23325007,8709,0
23325,23325007,8710,0
23325,23325007,8711,0
23325,23325007,8712,0
23325,23325007,8713,0
23325,23325007,8714,0
23325,23325007,8715,0
23325,23325007,8716,0
23325,23325007,8717,0
23325,23325007,8718,0
23325,23325007,8719,0
23325,23325007,8720,0
23325,23325007,8721,0
23325,23325007,8722,0
23325,23325007,8723,0
23325,23325007,8724,0
23325,23325007,8725,0
23325,23325007,8726,0
23325,23325007,8727,0
23325,23325007,8728,0
23325,23325007,8729,0
23325,23325007,8730,0
23325,23325007,8731,0
23325,23325007,8732,0
23325,23325007,8733,0
23325,23325007,8734,0
23325,23325007,8735,0
23325,23325007,8736,0
23325,23325007,8737,0
23325,23325007,8738,0
23325,23325007,8739,0
23325,23325007,8740,0
23325,23325007,8741,0
23325,23325007,8742,0
23325,23325007,8743,0
23325,23325007,8744,0
23325,23325007,8745,0
23325,23325007,8746,0
23325,23325007,8747,0
23325,23325007,8748,0
23325,23325007,8749,0
23325,23325007,8750,0
23325,23325007,8751,0
23325,23325007,8752,0
23325,23325007,8753,0
23325,23325007,8754,0
23325,23325007,8755,0
23325,23325007,8756,0
23325,23325007,8757,0
23325,23325007,8758,0
23325,23325007,8759,0
23325,23325007,8760,0
23325,23325007,8761,0
23325,23325007,8762,0
23325,23325007,8763,0
23325,23325007,8764,0
23325,23325007,8765,0
23325,23325007,8766,0
23325,23325007,8767,0
23325,23325007,8768,0
23325,23325007,8769,0
23325,23325007,8770,0
23325,23325007,8771,0
23325,23325007,8772,0
23325,23325007,8773,0
23325,23325007,8774,0
23325,23325007,8775,0
23325,23325007,8776,0
23325,23325007,8777,0
23325,23325007,8778,0
23325,23325007,8779,0
23325,23325007,8780,0
23325,23325007,8781,0
23325,23325007,8782,0
23325,23325007,8783,0
23325,23325007,8784,0
23325,23325007,8785,0
23325,23325007,8786,0
23325,23325007,8787,0
23325,23325007,8788,0
23325,23325007,8789,0
23325,23325007,8790,0
23325,23325007,8791,0
23325,23325007,8792,0
23325,23325007,8793,0
23325,23325007,8794,0
23325,23325007,8795,0
23325,23325007,8796,0
23325,23325007,8797,0
23325,23325007,8798,0
23325,23325007,8799,0
23325,23325007,8800,0
23325,23325007,8801,0
23325,23325007,8802,0
23325,23325007,8803,0
23325,23325007,8804,0
23325,23325007,8805,0
23325,23325007,8806,0
23325,23325007,8807,0
23325,23325007,8808,0
23325,23325007,8809,0
23325,23325007,8810,0
23325,23325007,8811,0
23325,23325007,8812,0
23325,23325007,8813,0
23325,23325007,8814,0
23325,23325007,8815,0
23325,23325007,8816,0
23325,23325007,8817,0
23325,23325007,8818,0
23325,23325007,8819,0
23325,23325007,8820,0
23325,23325007,8821,0
23325,23325007,8822,0
23325,23325007,8823,0
23325,23325007,8824,0
23325,23325007,8825,0
23325,23325007,8826,0
23325,23325007,8827,0
23325,23325007,8828,0
23325,23325007,8829,0
23325,23325007,8830,0
23325,23325007,8831,0
23325,23325007,8832,0
23325,23325007,8833,0
23325,23325007,8834,0
23325,23325007,8835,0
23325,23325007,8836,0
23325,23325007,8837,0
23325,23325007,8838,0
23325,23325007,8839,0
23325,23325007,8840,0
23325,23325007,8841,0
23325,23325007,8842,0
23325,23325007,8843,0
23325,23325007,8844,0
23325,23325007,8845,0
23325,23325007,8846,0
23325,23325007,8847,0
23325,23325007,8848,0
23325,23325007,8849,0
23325,23325007,8850,0
23325,23325007,8851,0
23325,23325007,8852,0
23325,23325007,8853,0
23325,23325007,8854,0
23325,23325007,8855,0
23325,23325007,8856,0
23325,23325007,8857,0
23325,23325007,8858,0
23325,23325007,8859,0
23325,23325007,8860,0
23325,23325007,8861,0
23325,23325007,8862,0
23325,23325007,8863,0
23325,23325007,8864,0
23325,23325007,8865,0
23325,23325007,8866,0
23325,23325007,8867,0
23325,23325007,8868,0
23325,23325007,8869,0
23325,23325007,8870,0
23325,23325007,8871,0
23325,23325007,8872,0
23325,23325007,8873,0
23325,23325007,8874,0
23325,23325007,8875,0
23325,23325007,8876,0
23325,23325007,8877,0
23325,23325007,8878,0
23325,23325007,8879,0
23325,23325007,8880,0
23325,23325007,8881,0
23325,23325007,8882,0
23325,23325007,8883,0
23325,23325007,8884,0
23325,23325007,8885,0
23325,23325007,8886,0
23325,23325007,8887,0
23325,23325007,8888,0
23325,23325007,8889,0
23325,23325007,8890,0
23325,23325007,8891,0
23325,23325007,8892,0
23325,23325007,8893,0
23325,23325007,8894,0
23325,23325007,8895,0
23325,23325007,8896,0
23325,23325007,8897,0
23325,23325007,8898,0
23325,23325007,8899,0
23325,23325007,8900,0
23325,23325007,8901,0
23325,23325007,8902,0
23325,23325007,8903,0
23325,23325007,8904,0
23325,23325007,8905,0
23325,23325007,8906,0
23325,23325007,8907,0
23325,23325007,8908,0
23325,23325007,8909,0
23325,23325007,8910,0
23325,23325007,8911,0
23325,23325007,8912,0
23325,23325007,8913,0
23325,23325007,8914,0
23325,23325007,8915,0
23325,23325007,8916,0
23325,23325007,8917,0
23325,23325007,8918,0
23325,23325007,8919,0
23325,23325007,8920,0
23325,23325007,8921,0
23325,23325007,8922,0
23325,23325007,8923,0
23325,23325007,8924,0
23325,23325007,8925,0
23325,23325007,8926,0
23325,23325007,8927,0
23325,23325007,8928,0
23325,23325007,8929,0
23325,23325007,8930,0
23325,23325007,8931,0
23325,23325007,8932,0
23325,23325007,8933,0
23325,23325007,8934,0
23325,23325007,8935,0
23325,23325007,8936,0
23325,23325007,8937,0
23325,23325007,8938,0
23325,23325007,8939,0
23325,23325007,8940,0
23325,23325007,8941,0
23325,23325007,8942,0
23325,23325007,8943,0
23325,23325007,8944,0
23325,23325007,8945,0
23325,23325007,8946,0
23325,23325007,8947,0
23325,23325007,8948,0
23325,23325007,8949,0
23325,23325007,8950,0
23325,23325007,8951,0
23325,23325007,8952,0
23325,23325007,8953,0
23325,23325007,8954,0
23325,23325007,8955,0
23325,23325007,8956,0
23325,23325007,8957,0
23325,23325007,8958,0
23325,23325007,8959,0
23325,23325007,8960,0
23325,23325007,8961,0
23325,23325007,8962,0
23325,23325007,8963,0
23325,23325007,8964,0
23325,23325007,8965,0
23325,23325007,8966,0
23325,23325007,8967,0
23325,23325007,8968,0
23325,23325007,8969,0
23325,23325007,8970,0
23325,23325007,8971,0
23325,23325007,8972,0
23325,23325007,8973,0
23325,23325007,8974,0
23325,23325007,8975,0
23325,23325007,8976,0
23325,23325007,8977,0
23325,23325007,8978,0
23325,23325007,8979,0
23325,23325007,8980,0
23325,23325007,8981,0
23325,23325007,8982,0
23325,23325007,8983,0
23325,23325007,8984,0
23325,23325007,8985,0
23325,23325007,8986,0
23325,23325007,8987,0
23325,23325007,8988,0
23325,23325007,8989,0
23325,23325007,8990,0
23325,23325007,8991,0
23325,23325007,8992,0
23325,23325007,8993,0
23325,23325007,8994,0
23325,23325007,8995,0
23325,23325007,8996,0
23325,23325007,8997,0
23325,23325007,8998,0
23325,23325007,8999,0
23325,23325007,9000,0
23325,23325007,9001,0
23325,23325007,9002,0
23325,23325007,9003,0
23325,23325007,9004,0
23325,23325007,9005,0
23325,23325007,9006,0
23325,23325007,9007,0
23325,23325007,9008,0
23325,23325007,9009,0
23325,23325007,9010,0
23325,23325007,9011,0
23325,23325007,9012,0
23325,23325007,9013,0
23325,23325007,9014,0
23325,23325007,9015,0
23325,23325007,9016,0
23325,23325007,9017,0
23325,23325007,9018,0
23325,23325007,9019,0
23325,23325007,9020,0
23325,23325007,9021,0
23325,23325007,9022,0
23325,23325007,9023,0
23325,23325007,9024,0
23325,23325007,9025,0
23325,23325007,9026,0
23325,23325007,9027,0
23325,23325007,9028,0
23325,23325007,9029,0
23325,23325007,9030,0
23325,23325007,9031,0
23325,23325007,9032,0
23325,23325007,9033,0
23325,23325007,9034,0
23325,23325007,9035,0
23325,23325007,9036,0
23325,23325007,9037,0
23325,23325007,9038,0
23325,23325007,9039,0
23325,23325007,9040,0
23325,23325007,9041,0
23325,23325007,9042,0
23325,23325007,9043,0
23325,23325007,9044,0
23325,23325007,9045,0
23325,23325007,9046,0
23325,23325007,9047,0
23325,23325007,9048,0
23325,23325007,9049,0
23325,23325007,9050,0
23325,23325007,9051,0
23325,23325007,9052,0
23325,23325007,9053,0
23325,23325007,9054,0
23325,23325007,9055,0
23325,23325007,9056,0
23325,23325007,9057,0
23325,23325007,9058,0
23325,23325007,9059,0
23325,23325007,9060,0
23325,23325007,9061,0
23325,23325007,9062,0
23325,23325007,9063,0
23325,23325007,9064,0
23325,23325007,9065,0
23325,23325007,9066,0
23325,23325007,9067,0
23325,23325007,9068,0
23325,23325007,9069,0
23325,23325007,9070,0
23325,23325007,9071,0
23325,23325007,9072,0
23325,23325007,9073,0
23325,23325007,9074,0
23325,23325007,9075,0
23325,23325007,9076,0
23325,23325007,9077,0
23325,23325007,9078,0
23325,23325007,9079,0
23325,23325007,9080,0
23325,23325007,9081,0
23325,23325007,9082,0
23325,23325007,9083,0
23325,23325007,9084,0
23325,23325007,9085,0
23325,23325007,9086,0
23325,23325007,9087,0
23325,23325007,9088,0
23325,23325007,9089,0
23325,23325007,9090,0
23325,23325007,9091,0
23325,23325007,9092,0
23325,23325007,9093,0
23325,23325007,9094,0
23325,23325007,9095,0
23325,23325007,9096,0
23325,23325007,9097,0
23325,23325007,9098,0
23325,23325007,9099,0
23325,23325007,9100,0
23325,23325007,9101,0
23325,23325007,9102,0
23325,23325007,9103,0
23325,23325007,9104,0
23325,23325007,9105,0
23325,23325007,9106,0
23325,23325007,9107,0
23325,23325007,9108,0
23325,23325007,9109,0
23325,23325007,9110,0
23325,23325007,9111,0
23325,23325007,9112,0
23325,23325007,9113,0
23325,23325007,9114,0
23325,23325007,9115,0
23325,23325007,9116,0
23325,23325007,9117,0
23325,23325007,9118,0
23325,23325007,9119,0
23325,23325007,9120,0
23325,23325007,9121,0
23325,23325007,9122,0
23325,23325007,9123,0
23325,23325007,9124,0
23325,23325007,9125,0
23325,23325007,9126,0
23325,23325007,9127,0
23325,23325007,9128,0
23325,23325007,9129,0
23325,23325007,9130,0
23325,23325007,9131,0
23325,23325007,9132,0
23325,23325007,9133,0
23325,23325007,9134,0
23325,23325007,9135,0
23325,23325007,9136,0
23325,23325007,9137,0
23325,23325007,9138,0
23325,23325007,9139,0
23325,23325007,9140,0
23325,23325007,9141,0
23325,23325007,9142,0
23325,23325007,9143,0
23325,23325007,9144,0
23325,23325007,9145,0
23325,23325007,9146,0
23325,23325007,9147,0
23325,23325007,9148,0
23325,23325007,9149,0
23325,23325007,9150,0
23325,23325007,9151,0
23325,23325007,9152,0
23325,23325007,9153,0
23325,23325007,9154,0
23325,23325007,9155,0
23325,23325007,9156,0
23325,23325007,9157,0
23325,23325007,9158,0
23325,23325007,9159,0
23325,23325007,9160,0
23325,23325007,9161,0
23325,23325007,9162,0
23325,23325007,9163,0
23325,23325007,9164,0
23325,23325007,9165,0
23325,23325007,9166,0
23325,23325007,9167,0
23325,23325007,9168,0
23325,23325007,9169,0
23325,23325007,9170,0
23325,23325007,9171,0
23325,23325007,9172,0
23325,23325007,9173,0
23325,23325007,9174,0
23325,23325007,9175,0
23325,23325007,9176,0
23325,23325007,9177,0
23325,23325007,9178,0
23325,23325007,9179,0
23325,23325007,9180,0
23325,23325007,9181,0
23325,23325007,9182,0
23325,23325007,9183,0
23325,23325007,9184,0
23325,23325007,9185,0
23325,23325007,9186,0
23325,23325007,9187,0
23325,23325007,9188,0
23325,23325007,9189,0
23325,23325007,9190,0
23325,23325007,9191,0
23325,23325007,9192,0
23325,23325007,9193,0
23325,23325007,9194,0
23325,23325007,9195,0
23325,23325007,9196,0
23325,23325007,9197,0
23325,23325007,9198,0
23325,23325007,9199,0
23325,23325007,9200,0
23325,23325007,9201,0
23325,23325007,9202,0
23325,23325007,9203,0
23325,23325007,9204,0
23325,23325007,9205,0
23325,23325007,9206,0
23325,23325007,9207,0
23325,23325007,9208,0
23325,23325007,9209,0
23325,23325007,9210,0
23325,23325007,9211,0
23325,23325007,9212,0
23325,23325007,9213,0
23325,23325007,9214,0
23325,23325007,9215,0
23325,23325007,9216,0
23325,23325007,9217,0
23325,23325007,9218,0
23325,23325007,9219,0
23325,23325007,9220,0
23325,23325007,9221,0
23325,23325007,9222,0
23325,23325007,9223,0
23325,23325007,9224,0
23325,23325007,9225,0
23325,23325007,9226,0
23325,23325007,9227,0
23325,23325007,9228,0
23325,23325007,9229,0
23325,23325007,9230,0
23325,23325007,9231,0
23325,23325007,9232,0
23325,23325007,9233,0
23325,23325007,9234,0
23325,23325007,9235,0
23325,23325007,9236,0
23325,23325007,9237,0
23325,23325007,9238,0
23325,23325007,9239,0
23325,23325007,9240,0
23325,23325007,9241,0
23325,23325007,9242,0
23325,23325007,9243,0
23325,23325007,9244,0
23325,23325007,9245,0
23325,23325007,9246,0
23325,23325007,9247,0
23325,23325007,9248,0
23325,23325007,9249,0
23325,23325007,9250,0
23325,23325007,9251,0
23325,23325007,9252,0
23325,23325007,9253,0
23325,23325007,9254,0
23325,23325007,9255,0
23325,23325007,9256,0
23325,23325007,9257,0
23325,23325007,9258,0
23325,23325007,9259,0
23325,23325007,9260,0
23325,23325007,9261,0
23325,23325007,9262,0
23325,23325007,9263,0
23325,23325007,9264,0
23325,23325007,9265,0
23325,23325007,9266,0
23325,23325007,9267,0
23325,23325007,9268,0
23325,23325007,9269,0
23325,23325007,9270,0
23325,23325007,9271,0
23325,23325007,9272,0
23325,23325007,9273,0
23325,23325007,9274,0
23325,23325007,9275,0
23325,23325007,9276,0
23325,23325007,9277,0
23325,23325007,9278,0
23325,23325007,9279,0
23325,23325007,9280,0
23325,23325007,9281,0
23325,23325007,9282,0
23325,23325007,9283,0
23325,23325007,9284,0
23325,23325007,9285,0
23325,23325007,9286,0
23325,23325007,9287,0
23325,23325007,9288,0
23325,23325007,9289,0
23325,23325007,9290,0
23325,23325007,9291,0
23325,23325007,9292,0
23325,23325007,9293,0
23325,23325007,9294,0
23325,23325007,9295,0
23325,23325007,9296,0
23325,23325007,9297,0
23325,23325007,9298,0
23325,23325007,9299,0
23325,23325007,9300,0
23325,23325007,9301,0
23325,23325007,9302,0
23325,23325007,9303,0
23325,23325007,9304,0
23325,23325007,9305,0
23325,23325007,9306,0
23325,23325007,9307,0
23325,23325007,9308,0
23325,23325007,9309,0
23325,23325007,9310,0
23325,23325007,9311,0
23325,23325007,9312,0
23325,23325007,9313,0
23325,23325007,9314,0
23325,23325007,9315,0
23325,23325007,9316,0
23325,23325007,9317,0
23325,23325007,9318,0
23325,23325007,9319,0
23325,23325007,9320,0
23325,23325007,9321,0
23325,23325007,9322,0
23325,23325007,9323,0
23325,23325007,9324,0
23325,23325007,9325,0
23325,23325007,9326,0
23325,23325007,9327,0
23325,23325007,9328,0
23325,23325007,9329,0
23325,23325007,9330,0
23325,23325007,9331,0
23325,23325007,9332,0
23325,23325007,9333,0
23325,23325007,9334,0
23325,23325007,9335,0
23325,23325007,9336,0
23325,23325007,9337,0
23325,23325007,9338,0
23325,23325007,9339,0
23325,23325007,9340,0
23325,23325007,9341,0
23325,23325007,9342,0
23325,23325007,9343,0
23325,23325007,9344,0
23325,23325007,9345,0
23325,23325007,9346,0
23325,23325007,9347,0
23325,23325007,9348,0
23325,23325007,9349,0
23325,23325007,9350,0
23325,23325007,9351,0
23325,23325007,9352,0
23325,23325007,9353,0
23325,23325007,9354,0
23325,23325007,9355,0
23325,23325007,9356,0
23325,23325007,9357,0
23325,23325007,9358,0
23325,23325007,9359,0
23325,23325007,9360,0
23325,23325007,9361,0
23325,23325007,9362,0
23325,23325007,9363,0
23325,23325007,9364,0
23325,23325007,9365,0
23325,23325007,9366,0
23325,23325007,9367,0
23325,23325007,9368,0
23325,23325007,9369,0
23325,23325007,9370,0
23325,23325007,9371,0
23325,23325007,9372,0
23325,23325007,9373,0
23325,23325007,9374,0
23325,23325007,9375,0
23325,23325007,9376,0
23325,23325007,9377,0
23325,23325007,9378,0
23325,23325007,9379,0
23325,23325007,9380,0
23325,23325007,9381,0
23325,23325007,9382,0
23325,23325007,9383,0
23325,23325007,9384,0
23325,23325007,9385,0
23325,23325007,9386,0
23325,23325007,9387,0
23325,23325007,9388,0
23325,23325007,9389,0
23325,23325007,9390,0
23325,23325007,9391,0
23325,23325007,9392,0
23325,23325007,9393,0
23325,23325007,9394,0
23325,23325007,9395,0
23325,23325007,9396,0
23325,23325007,9397,0
23325,23325007,9398,0
23325,23325007,9399,0
23325,23325007,9400,0
23325,23325007,9401,0
23325,23325007,9402,0
23325,23325007,9403,0
23325,23325007,9404,0
23325,23325007,9405,0
23325,23325007,9406,0
23325,23325007,9407,0
23325,23325007,9408,0
23325,23325007,9409,0
23325,23325007,9410,0
23325,23325007,9411,0
23325,23325007,9412,0
23325,23325007,9413,0
23325,23325007,9414,0
23325,23325007,9415,0
23325,23325007,9416,0
23325,23325007,9417,0
23325,23325007,9418,0
23325,23325007,9419,0
23325,23325007,9420,0
23325,23325007,9421,0
23325,23325007,9422,0
23325,23325007,9423,0
23325,23325007,9424,0
23325,23325007,9425,0
23325,23325007,9426,0
23325,23325007,9427,0
23325,23325007,9428,0
23325,23325007,9429,0
23325,23325007,9430,0
23325,23325007,9431,0
23325,23325007,9432,0
23325,23325007,9433,0
23325,23325007,9434,0
23325,23325007,9435,0
23325,23325007,9436,0
23325,23325007,9437,0
23325,23325007,9438,0
23325,23325007,9439,0
23325,23325007,9440,0
23325,23325007,9441,0
23325,23325007,9442,0
23325,23325007,9443,0
23325,23325007,9444,0
23325,23325007,9445,0
23325,23325007,9446,0
23325,23325007,9447,0
23325,23325007,9448,0
23325,23325007,9449,0
23325,23325007,9450,0
23325,23325007,9451,0
23325,23325007,9452,0
23325,23325007,9453,0
23325,23325007,9454,0
23325,23325007,9455,0
23325,23325007,9456,0
23325,23325007,9457,0
23325,23325007,9458,0
23325,23325007,9459,0
23325,23325007,9460,0
23325,23325007,9461,0
23325,23325007,9462,0
23325,23325007,9463,0
23325,23325007,9464,0
23325,23325007,9465,0
23325,23325007,9466,0
23325,23325007,9467,0
23325,23325007,9468,0
23325,23325007,9469,0
23325,23325007,9470,0
23325,23325007,9471,0
23325,23325007,9472,0
23325,23325007,9473,0
23325,23325007,9474,0
23325,23325007,9475,0
23325,23325007,9476,0
23325,23325007,9477,0
23325,23325007,9478,0
23325,23325007,9479,0
23325,23325007,9480,0
23325,23325007,9481,0
23325,23325007,9482,0
23325,23325007,9483,0
23325,23325007,9484,0
23325,23325007,9485,0
23325,23325007,9486,0
23325,23325007,9487,0
23325,23325007,9488,0
23325,23325007,9489,0
23325,23325007,9490,0
23325,23325007,9491,0
23325,23325007,9492,0
23325,23325007,9493,0
23325,23325007,9494,0
23325,23325007,9495,0
23325,23325007,9496,0
23325,23325007,9497,0
23325,23325007,9498,0
23325,23325007,9499,0
23325,23325007,9500,0
23325,23325007,9501,0
23325,23325007,9502,0
23325,23325007,9503,0
23325,23325007,9504,0
23325,23325007,9505,0
23325,23325007,9506,0
23325,23325007,9507,0
23325,23325007,9508,0
23325,23325007,9509,0
23325,23325007,9510,0
23325,23325007,9511,0
23325,23325007,9512,0
23325,23325007,9513,0
23325,23325007,9514,0
23325,23325007,9515,0
23325,23325007,9516,0
23325,23325007,9517,0
23325,23325007,9518,0
23325,23325007,9519,0
23325,23325007,9520,0
23325,23325007,9521,0
23325,23325007,9522,0
23325,23325007,9523,0
23325,23325007,9524,0
23325,23325007,9525,0
23325,23325007,9526,0
23325,23325007,9527,0
23325,23325007,9528,0
23325,23325007,9529,0
23325,23325007,9530,0
23325,23325007,9531,0
23325,23325007,9532,0
23325,23325007,9533,0
23325,23325007,9534,0
23325,23325007,9535,0
23325,23325007,9536,0
23325,23325007,9537,0
23325,23325007,9538,0
23325,23325007,9539,0
23325,23325007,9540,0
23325,23325007,9541,0
23325,23325007,9542,0
23325,23325007,9543,0
23325,23325007,9544,0
23325,23325007,9545,0
23325,23325007,9546,0
23325,23325007,9547,0
23325,23325007,9548,0
23325,23325007,9549,0
23325,23325007,9550,0
23325,23325007,9551,0
23325,23325007,9552,0
23325,23325007,9553,0
23325,23325007,9554,0
23325,23325007,9555,0
23325,23325007,9556,0
23325,23325007,9557,0
23325,23325007,9558,0
23325,23325007,9559,0
23325,23325007,9560,0
23325,23325007,9561,0
23325,23325007,9562,0
23325,23325007,9563,0
23325,23325007,9564,0
23325,23325007,9565,0
23325,23325007,9566,0
23325,23325007,9567,0
23325,23325007,9568,0
23325,23325007,9569,0
23325,23325007,9570,0
23325,23325007,9571,0
23325,23325007,9572,0
23325,23325007,9573,0
23325,23325007,9574,0
23325,23325007,9575,0
23325,23325007,9576,0
23325,23325007,9577,0
23325,23325007,9578,0
23325,23325007,9579,0
23325,23325007,9580,0
23325,23325007,9581,0
23325,23325007,9582,0
23325,23325007,9583,0
23325,23325007,9584,0
23325,23325007,9585,0
23325,23325007,9586,0
23325,23325007,9587,0
23325,23325007,9588,0
23325,23325007,9589,0
23325,23325007,9590,0
23325,23325007,9591,0
23325,23325007,9592,0
23325,23325007,9593,0
23325,23325007,9594,0
23325,23325007,9595,0
23325,23325007,9596,0
23325,23325007,9597,0
23325,23325007,9598,0
23325,23325007,9599,0
23325,23325007,9600,0
23325,23325007,9601,0
23325,23325007,9602,0
23325,23325007,9603,0
23325,23325007,9604,0
23325,23325007,9605,0
23325,23325007,9606,0
23325,23325007,9607,0
23325,23325007,9608,0
23325,23325007,9609,0
23325,23325007,9610,0
23325,23325007,9611,0
23325,23325007,9612,0
23325,23325007,9613,0
23325,23325007,9614,0
23325,23325007,9615,0
23325,23325007,9616,0
23325,23325007,9617,0
23325,23325007,9618,0
23325,23325007,9619,0
23325,23325007,9620,0
23325,23325007,9621,0
23325,23325007,9622,0
23325,23325007,9623,0
23325,23325007,9624,0
23325,23325007,9625,0
23325,23325007,9626,0
23325,23325007,9627,0
23325,23325007,9628,0
23325,23325007,9629,0
23325,23325007,9630,0
23325,23325007,9631,0
23325,23325007,9632,0
23325,23325007,9633,0
23325,23325007,9634,0
23325,23325007,9635,0
23325,23325007,9636,0
23325,23325007,9637,0
23325,23325007,9638,0
23325,23325007,9639,0
23325,23325007,9640,0
23325,23325007,9641,0
23325,23325007,9642,0
23325,23325007,9643,0
23325,23325007,9644,0
23325,23325007,9645,0
23325,23325007,9646,0
23325,23325007,9647,0
23325,23325007,9648,0
23325,23325007,9649,0
23325,23325007,9650,0
23325,23325007,9651,0
23325,23325007,9652,0
23325,23325007,9653,0
23325,23325007,9654,0
23325,23325007,9655,0
23325,23325007,9656,0
23325,23325007,9657,0
23325,23325007,9658,0
23325,23325007,9659,0
23325,23325007,9660,0
23325,23325007,9661,0
23325,23325007,9662,0
23325,23325007,9663,0
23325,23325007,9664,0
23325,23325007,9665,0
23325,23325007,9666,0
23325,23325007,9667,0
23325,23325007,9668,0
23325,23325007,9669,0
23325,23325007,9670,0
23325,23325007,9671,0
23325,23325007,9672,0
23325,23325007,9673,0
23325,23325007,9674,0
23325,23325007,9675,0
23325,23325007,9676,0
23325,23325007,9677,0
23325,23325007,9678,0
23325,23325007,9679,0
23325,23325007,9680,0
23325,23325007,9681,0
23325,23325007,9682,0
23325,23325007,9683,0
23325,23325007,9684,0
23325,23325007,9685,0
23325,23325007,9686,0
23325,23325007,9687,0
23325,23325007,9688,0
23325,23325007,9689,0
23325,23325007,9690,0
23325,23325007,9691,0
23325,23325007,9692,0
23325,23325007,9693,0
23325,23325007,9694,0
23325,23325007,9695,0
23325,23325007,9696,0
23325,23325007,9697,0
23325,23325007,9698,0
23325,23325007,9699,0
23325,23325007,9700,0
23325,23325007,9701,0
23325,23325007,9702,0
23325,23325007,9703,0
23325,23325007,9704,0
23325,23325007,9705,0
23325,23325007,9706,0
23325,23325007,9707,0
23325,23325007,9708,0
23325,23325007,9709,0
23325,23325007,9710,0
23325,23325007,9711,0
23325,23325007,9712,0
23325,23325007,9713,0
23325,23325007,9714,0
23325,23325007,9715,0
23325,23325007,9716,0
23325,23325007,9717,0
23325,23325007,9718,0
23325,23325007,9719,0
23325,23325007,9720,0
23325,23325007,9721,0
23325,23325007,9722,0
23325,23325007,9723,0
23325,23325007,9724,0
23325,23325007,9725,0
23325,23325007,9726,0
23325,23325007,9727,0
23325,23325007,9728,0
23325,23325007,9729,0
23325,23325007,9730,0
23325,23325007,9731,0
23325,23325007,9732,0
23325,23325007,9733,0
23325,23325007,9734,0
23325,23325007,9735,0
23325,23325007,9736,0
23325,23325007,9737,0
23325,23325007,9738,0
23325,23325007,9739,0
23325,23325007,9740,0
23325,23325007,9741,0
23325,23325007,9742,0
23325,23325007,9743,0
23325,23325007,9744,0
23325,23325007,9745,0
23325,23325007,9746,0
23325,23325007,9747,0
23325,23325007,9748,0
23325,23325007,9749,0
23346,23346004,0,0
23346,23346018,0,0
23346,23346019,0,0
23346,23346020,0,0
23346,23346021,0,0
23346,23346023,0,0
23346,23346024,0,0
23346,23346025,0,0
23346,23346026,0,0
23346,23346027,0,0
23392,23392012,2,0
23392,23392013,0,0
23392,23392014,0,0
23456,23456005,0,0
23456,23456005,1,0
23456,23456005,2,0
23456,23456005,3,0
23456,23456005,4,0
23456,23456005,5,0
23456,23456005,6,0
23456,23456005,7,0
23456,23456005,8,0
23456,23456005,9,0
23456,23456005,10,0
23456,23456005,11,0
23456,23456005,12,0
23456,23456005,13,0
23456,23456005,14,0
23456,23456005,15,0
23456,23456005,16,0
23456,23456005,17,0
23456,23456005,18,0
23456,23456005,19,0
23456,23456005,20,0
23456,23456005,21,0
23456,23456005,22,0
23456,23456005,23,0
23456,23456005,24,0
23456,23456005,25,0
23456,23456005,26,0
23456,23456005,27,0
23456,23456005,28,0
23456,23456005,29,0
23456,23456005,30,0
23456,23456005,31,0
23456,23456005,32,0
23456,23456005,33,0
23456,23456005,34,0
23456,23456005,35,0
23456,23456005,36,0
23456,23456005,37,0
23456,23456005,38,0
23456,23456005,39,0
23456,23456005,40,0
23456,23456005,41,0
23456,23456005,42,0
23456,23456005,43,0
23456,23456005,44,0
23456,23456005,45,0
23456,23456005,46,0
23456,23456005,47,0
23456,23456005,48,0
23456,23456005,49,0
23456,23456005,50,0
23456,23456005,51,0
23456,23456005,52,0
23456,23456005,53,0
23456,23456005,54,0
23456,23456005,55,0
23456,23456005,56,0
23456,23456005,405,0
23456,23456005,406,0
23456,23456005,407,0
23456,23456005,408,0
23456,23456005,409,0
23456,23456005,410,0
23456,23456005,411,0
23456,23456007,0,0
23456,23456007,1,0
23456,23456007,2,0
23456,23456007,3,0
23456,23456007,4,0
23456,23456007,5,0
23456,23456007,6,0
23456,23456007,7,0
23456,23456007,8,0
23456,23456007,9,0
23456,23456007,10,0
23456,23456007,11,0
23456,23456007,12,0
23456,23456007,13,0
23456,23456007,14,0
23456,23456007,15,0
23456,23456007,16,0
23456,23456007,17,0
23456,23456007,18,0
23456,23456007,19,0
23456,23456007,20,0
23456,23456007,21,0
23456,23456007,22,0
23456,23456007,23,0
23456,23456007,24,0
23456,23456007,25,0
23456,23456007,26,0
23456,23456007,27,0
23456,23456007,28,0
23456,23456007,29,0
23456,23456007,30,0
23456,23456007,31,0
23456,23456007,32,0
23456,23456007,33,0
23456,23456007,34,0
23456,23456007,35,0
23456,23456007,36,0
23456,23456007,37,0
23456,23456007,38,0
23456,23456007,39,0
23456,23456007,40,0
23456,23456007,41,0
23456,23456007,42,0
23456,23456007,43,0
23456,23456007,44,0
23456,23456007,45,0
23456,23456007,46,0
23456,23456007,47,0
23456,23456007,48,0
23456,23456007,49,0
23456,23456007,50,0
23456,23456007,51,0
23456,23456007,52,0
23456,23456007,53,0
23456,23456007,54,0
23456,23456007,55,0
23456,23456007,56,0
23456,23456007,57,0
23456,23456007,58,0
23456,23456007,59,0
23456,23456007,60,0
23456,23456007,61,0
23456,23456007,62,0
23456,23456007,63,0
23456,23456007,64,0
23456,23456007,65,0
23456,23456007,66,0
23456,23456007,67,0
23456,23456007,68,0
23456,23456007,69,0
23456,23456007,70,0
23456,23456007,71,0
23456,23456007,72,0
23456,23456007,73,0
23456,23456007,74,0
23456,23456007,75,0
23456,23456007,76,0
23456,23456007,77,0
23456,23456007,78,0
23456,23456007,79,0
23456,23456007,80,0
23456,23456007,81,0
23456,23456007,82,0
23456,23456007,83,0
23456,23456007,84,0
23456,23456007,85,0
23456,23456007,86,0
23456,23456007,87,0
23456,23456007,88,0
23456,23456007,89,0
23456,23456007,90,0
23456,23456007,91,0
23456,23456007,92,0
23456,23456007,93,0
23456,23456007,94,0
23456,23456007,95,0
23456,23456007,96,0
23456,23456007,97,0
23456,23456007,98,0
23456,23456007,99,0
23456,23456007,100,0
23456,23456007,101,0
23456,23456007,102,0
23456,23456007,103,0
23456,23456007,104,0
23456,23456007,105,0
23456,23456007,106,0
23456,23456007,107,0
23456,23456007,108,0
23456,23456007,109,0
23456,23456007,110,0
23456,23456007,111,0
23458,234580061,66,-1360.64
23458,234580062,66,-1360.64
23461,23461014,0,0
23461,23461015,0,0
23461,23461015,1,0
23461,23461015,2,0
23461,23461015,3,0
23461,23461015,4,0
23461,23461015,5,0
23461,23461016,0,0
23461,23461016,1,0
23461,23461016,2,0
23461,23461016,3,0
23461,23461016,4,0
23461,23461016,5,0
23780,23780002,30,0
30470,30470002,11,0
30470,30470002,12,0
30470,30470002,13,0
30470,30470002,14,0
30470,30470002,21,0
30470,30470002,22,0
30470,30470002,23,0
30470,30470002,24,0
30470,30470002,32,0
30470,30470002,40,0
30470,30470002,41,0
30470,30470002,42,0
30470,30470002,43,0
30470,30470002,50,0
30470,30470002,51,0
30470,30470002,52,0
30470,30470002,53,0
30470,30470002,54,0
30532,30532039,23,0
30985,30985006,0,0
31461,31461002,19,0
31461,31461002,30,0
31461,31461002,50,0
31461,31461002,71,0
31461,31461002,91,0
31461,31461002,101,0
31461,31461002,111,0
31461,31461002,122,0
31461,31461002,132,0
31605,31605004,352,0
31605,31605004,385,0
31605,31605004,416,0
31605,31605004,446,0
32001,32001019,8,0
32103,32103003,0,0
32625,32625004,7,0
32625,32625004,8,0
32625,32625004,10,0
32625,32625004,12,0
32625,32625004,13,0
32625,32625004,15,0
32625,32625004,17,0
32625,32625004,18,0
32625,32625004,20,0
32625,32625004,21,0
32625,32625004,23,0
32625,32625004,24,0
32625,32625004,25,0
32625,32625004,26,0
32625,32625004,27,0
32625,32625004,28,0
32625,32625004,30,0
32625,32625004,31,0
32625,32625004,34,0
32625,32625004,36,0
32625,32625004,37,0
32625,32625004,38,0
32625,32625004,39,0
32625,32625004,40,0
32625,32625004,45,0
32625,32625004,49,0
32625,32625004,52,0
32625,32625004,53,0
32682,32682003,378,0
32742,32742002,5,0
32742,32742002,7,0
32742,32742002,9,0
32742,32742002,15,0
32742,32742002,18,0
32742,32742002,19,0
32742,32742002,20,0
32742,32742002,23,0
32742,32742002,24,0
32742,32742002,29,0
32742,32742002,30,0
32742,32742002,31,0
32742,32742002,34,0
32742,32742002,35,0
32742,32742002,37,0
32742,32742002,38,0
32742,32742002,45,0
32742,32742002,47,0
32742,32742002,48,0
32742,32742002,49,0
32742,32742002,50,0
32742,32742002,53,0
32742,32742002,56,0
32742,32742002,57,0
32742,32742002,59,0
32742,32742002,64,0
32742,32742002,67,0
32742,32742002,73,0
32742,32742002,78,0
32742,32742002,79,0
32742,32742002,90,0
32742,32742002,314,0
32742,32742002,320,0
32742,32742002,321,0
32742,32742002,323,0
32742,32742002,324,0
32742,32742002,325,0
32742,32742002,328,0
32742,32742002,329,0
32742,32742002,330,0
32742,32742002,333,0
32742,32742002,335,0
32742,32742002,339,0
32742,32742002,347,0
32742,32742002,352,0
32742,32742002,353,0
32742,32742002,354,0
32742,32742002,356,0
32742,32742002,358,0
32742,32742002,360,0
32742,32742002,362,0
32742,32742002,363,0
32742,32742002,366,0
32742,32742002,367,0
32742,32742002,368,0
32742,32742002,369,0
32742,32742002,372,0
32742,32742002,373,0
32742,32742002,375,0
32742,32742002,377,0
32742,32742002,378,0
32742,32742002,379,0
32742,32742002,380,0
32742,32742002,381,0
32742,32742002,384,0
32742,32742002,385,0
32742,32742002,388,0
32742,32742002,389,0
32742,32742002,392,0
32742,32742002,395,0
32774,32774002,104,0
32774,32774002,248,0
32774,32774002,249,0
32774,32774002,250,0
32774,32774002,385,0
32774,32774002,430,0
32774,32774002,474,0
32774,32774002,517,0
32774,32774002,559,0
32774,32774002,600,0
32774,32774002,640,0
32774,32774002,680,0
32774,32774002,718,0
32774,32774002,756,0
32774,32774002,793,0
32774,32774002,830,0
32774,32774002,866,0
32774,32774002,901,0
32774,32774002,936,0
32774,32774002,1004,0
40012,40012002,1,0
40012,40012002,3,0
40012,40012002,5,0
40012,40012002,11,0
40012,40012002,15,0
40012,40012002,19,0
40012,40012002,21,0
40012,40012002,25,0
40012,40012004,1,0
40012,40012004,5,0
40012,40012004,7,0
40012,40012004,11,0
40012,40012004,13,0
40012,40012004,15,0
40012,40012004,17,0
40012,40012004,21,0
40012,40012004,23,0
40012,40012004,27,0
40012,40012006,1,0
40012,40012006,11,0
40012,40012006,13,0
40012,40012006,19,0
40012,40012006,21,0
40012,40012006,25,0
40012,40012006,27,0
40518,40518002,182,0
40518,40518002,183,0
40518,40518002,192,0
40518,40518002,193,0
40518,40518002,194,0
40825,40825004,8,0
40825,40825004,9,0
40825,40825004,10,0
40825,40825004,11,0
40825,40825004,12,0
40863,40863002,0,0
41300,41300002,52,0
A0058,A0058002,355,0
A0058,A0058002,362,0
A0058,A0058002,364,0
A0058,A0058002,367,0
A0058,A0058008,366,0
A0058,A0058008,367,0
A0058,A0058008,371,0
A0058,A0058008,372,0
A0058,A0058008,373,0
A0058,A0058008,375,0
A0058,A0058008,376,0
A0058,A0058008,377,0
A0058,A0058008,379,0
A0068,A0068004,93,0
A0068,A0068004,187,0
A0068,A0068004,280,0
A0068,A0068004,281,0
A0068,A0068004,370,0
A0068,A0068004,371,0
A0068,A0068004,372,0
A0068,A0068004,373,0
A0068,A0068004,375,0
A0068,A0068004,465,0
A0068,A0068004,466,0
A0068,A0068004,467,0
A0068,A0068004,468,0
A0068,A0068004,469,0
A0068,A0068009,185,0
A0068,A0068009,278,0
A0068,A0068009,368,0
A0068,A0068009,370,0
A0068,A0068009,371,0
A0068,A0068009,459,0
A0068,A0068009,460,0
A0068,A0068009,462,0
A0068,A0068009,463,0
A0068,A0068009,464,0
A0068,A0068019,84,0
A0068,A0068019,168,0
A0068,A0068019,250,0
A0068,A0068019,251,0
A0068,A0068019,252,0
A0068,A0068019,253,0
A0068,A0068019,254,0
A0068,A0068019,334,0
A0068,A0068019,335,0
A0068,A0068019,336,0
A0068,A0068019,337,0
A0068,A0068019,338,0
A0068,A0068019,339,0
A0068,A0068019,419,0
A0068,A0068019,420,0
A0068,A0068019,421,0
A0068,A0068019,422,0
A0068,A0068019,423,0
A0068,A0068019,424,0
A0068,A0068024,263,0
A0068,A0068029,367,0
A0068,A0068029,459,0
A0068,A0068034,191,0
A0068,A0068034,195,0
A0068,A0068034,290,0
A0068,A0068034,294,0
A0068,A0068034,295,0
A0068,A0068034,481,0
A0068,A0068034,484,0
A0068,A0068034,486,0
A0068,A0068039,287,0
A0068,A0068044,197,0
A0068,A0068044,388,0
A0068,A0068044,491,0
A0068,A0068044,492,0
A0068,A0068044,493,0
A0068,A0068044,494,0
A0068,A0068049,287,0
A0068,A0068049,380,0
A0068,A0068049,382,0
A0068,A0068049,383,0
A0068,A0068049,479,0
A0101,A0101077,50,0
A0101,A0101078,49,0
A0276,A0276020,146,0
A0276,A0276020,195,0
A0276,A0276020,244,0
A1030,A1030004,11,0
C1667,C1667002,0,0
C1667,C1667002,1,0
C1667,C1667003,0,0
C1667,C1667004,0,0
C1667,C1667004,1,0
C1667,C1667005,0,0
C1667,C1667005,1,0
C2200,C2200027,0,0
C2221,C2221005,103,0
C2221,C2221005,104,0
C2221,C2221005,105,0
C2279,C2279011,9,0
D0568,D0568003,4,0
D0754,D0754006,0,0
D0754,D0754006,1,0
D0754,D0754006,2,0
D0754,D0754006,3,0
D0754,D0754006,4,0
D0754,D0754006,6,0
D0754,D0754006,7,0
D0754,D0754006,8,0
D0754,D0754006,9,0
D0754,D0754006,10,0
D0754,D0754006,11,0
D0754,D0754006,12,0
D0754,D0754006,13,0
D0754,D0754006,14,0
D0754,D0754006,15,0
D0754,D0754006,16,0
D0754,D0754006,17,0
D0754,D0754006,20,0
D0754,D0754006,24,0
D0783,D0783002,5,0
D0796,D0796002,0,0
D0796,D0796002,1,0
D0796,D0796002,2,0
D0796,D0796002,3,0
D0796,D0796002,4,0
D0796,D0796002,5,0
D0796,D0796002,6,0
D0796,D0796002,7,0
D0796,D0796002,8,0
D0796,D0796002,9,0
D0796,D0796002,10,0
D0796,D0796002,11,0
D0796,D0796002,12,0
D0796,D0796002,13,0
D0796,D0796003,3,0
D0796,D0796003,5,0
D0796,D0796003,6,0
D0796,D0796003,7,0
D0796,D0796003,9,0
D0796,D0796006,1,0
D0796,D0796006,3,0
D0796,D0796006,7,0
D0796,D0796006,11,0
D0796,D0796006,12,0
D0984,D0984007,4,0
D4046,D40460032,0,0
D4055,D40550042,9,0
D4078,D40780023,17,0
D4141,D4141008,0,0
D4167,D41670051,0,0
D4173,D41730041,32,0
D4173,D41730041,33,0
D4173,D41730051,20,0
D4189,D41890021,0,0
D4189,D41890021,1,0
D4209,D4209006,10,0
D4228,D4228009,2,0
D4231,D4231003,16,0
D4333,D4333011,0,0
D4333,D4333011,1,0
D4368,D4368007,8,0
D4369,D4369017,5,0
D4376,D4376010,0,0
D4397,D4397014,11,0
D4401,D4401015,3,0
D4401,D4401015,8,0
D4401,D4401015,12,0
D4407,D4407008,4,0
D4407,D4407008,5,0
D4409,D4409002,6,0
D4409,D4409005,6,0
D4409,D4409005,7,0
D4409,D4409005,8,0
D4409,D4409005,9,0
D4409,D4409005,10,0
D4411,D4411009,2,0
D7038,D7038006,25,0
D8096,D8096002,96,0
E1411,E1411260,0,0
E1779,E1779003,14,0
E1910,E1910003,0,-1.1
E1910,E1910003,1,-0.9
E1910,E1910003,2,-1.8
E1910,E1910003,3,-1.6
E1910,E1910003,4,-1
E1910,E1910003,5,-0.1
E1910,E1910003,6,-1.1
E1910,E1910003,7,-0.4
E1910,E1910003,8,-1.3
E1910,E1910003,9,-0.6
E1910,E1910003,10,-0.5
E1910,E1910003,11,-0.7
E1910,E1910003,12,-0.3
E1910,E1910003,13,-1
E1910,E1910003,14,-1
E1910,E1910003,15,-0.2
E1910,E1910003,16,-0.5
E1910,E1910003,17,-0.1
E1910,E1910003,18,-0.3
E1910,E1910003,19,-0.6
E1910,E1910003,20,-0.4
E1910,E1910003,21,-0.5
E1910,E1910003,22,-1.2
E1910,E1910003,23,-0.3
E1910,E1910003,24,-0.1
E1910,E1910003,25,-0.6
E1910,E1910003,26,-0.4
E1910,E1910003,27,-0.5
E1910,E1910003,28,-0.7
E1910,E1910003,29,-2.4
E1910,E1910003,30,-1
E1910,E1910003,31,-1.1
E1910,E1910003,32,-0.7
E1910,E1910003,33,-0.7
E1910,E1910003,34,-1.5
E1910,E1910003,35,-0.6
E1910,E1910003,36,-1.6
E1973,E1973002,27,-143000.0
E1973,E1973002,28,-143000.0
E1973,E1973002,29,-140000.0
E1989,E1989002,66,0
E1989,E1989002,67,0
E1989,E1989004,67,0
E1989,E1989005,66,0
E2110,E2110108,27,0
E2110,E2110108,28,0
E2110,E2110108,29,0
E2110,E2110108,30,0
E2117,E2117008,45,0
E2117,E2117012,66,0
E2117,E2117012,67,0
E2117,E2117013,65,0
E2147,E2147003,41,0
E2147,E2147003,61,0
E2341,E2341002,87,0
E2341,E2341002,126,0
E2341,E2341002,195,0
E2341,E2341002,199,0
E2341,E2341003,216,0
E2536,E2536013,5,0
E2594,E2594002,14,0
E2594,E2594002,15,0
E2594,E2594002,16,0
E2594,E2594002,84,0
E2594,E2594002,106,0
E2594,E2594003,12,0
E2594,E2594003,14,0
E2594,E2594003,16,0
E2594,E2594003,84,0
E2594,E2594003,85,0
E2594,E2594003,106,0
E2594,E2594004,14,0
E2594,E2594004,15,0
E2594,E2594004,16,0
E2594,E2594004,84,0
E2594,E2594004,106,0
E2594,E2594005,14,0
E2594,E2594005,16,0
E2594,E2594005,85,0
E2594,E2594005,106,0
E2594,E2594005,136,0
E2594,E2594005,137,0
F1459,F1459003,0,0
G0038,G0038003,0,0
G0038,G0038003,1,0
G0038,G0038003,2,0
G0038,G0038003,3,0
G0038,G0038003,5,0
G0038,G0038003,8,0
G0038,G0038003,10,0
G0038,G0038003,12,0
G0038,G0038003,14,0
O2476,O2476011,0,0
O2476,O2476011,4,0
O2476,O2476011,5,0
O2476,O2476011,11,0
O2476,O2476011,18,0
O2476,O2476011,19,0
O2476,O2476011,24,0
O2476,O2476011,40,0
O2476,O2476011,41,0
O2476,O2476011,45,0
O2476,O2476011,46,0
O2476,O2476011,47,0
O2480,O2480002,122,0
O2526,O2526002,516,0
O2544,O2544013,0,0
